:020000040800F2
:10000000004002207DA800081D4B00081F4B00087F
:1000100000000000000000000000000000000000E0
:10002000000000000000000000000000214B00085C
:100030000000000000000000234B0008254B0008D2
:10004000CDA80008CDA80008CDA80008CDA80008BC
:10005000CDA80008CDA80008CDA80008CDA80008AC
:10006000CDA80008314B0008CDA80008CDA8000895
:10007000CDA80008CDA80008CDA80008CDA800088C
:10008000CDA80008CDA80008CDA80008CDA800087C
:10009000CDA80008CDA80008CDA80008CDA800086C
:1000A000CDA80008CDA80008CDA80008CDA800085C
:0C00B000CDA80008CDA80008CDA80008CD
:1000C00002780B78002A03D0013001319A42F7D030
:1000D000D01A70470023C25C0133002AFBD1581E9E
:1000E0007047000002B4714649084900095C4900A4
:1000F0008E4402BC7047C04603B4714649084000B4
:100100004900095E49008E4403BC7047002934D081
:100110000123002210B488422CD301242407A142D9
:1001200004D2814202D209011B01F8E7E400A14296
:1001300004D2814202D249005B00F8E7884201D331
:10014000401A1A434C08A04202D3001B5C08224309
:100150008C08A04202D3001B9C082243CC08A0427A
:1001600002D3001BDC082243002803D01B0901D066
:100170000909E3E7100010BC704701B5002000F04A
:100180005FF802BD0029F8D003B5FFF7C1FF0EBC30
:100190004243891A1847C046002941D010B40400D0
:1001A0004C40A44601230022002900D549420028E2
:1001B00000D5404288422CD301242407A14204D216
:1001C000814202D209011B01F8E7E400A14204D2F6
:1001D000814202D249005B00F8E7884201D3401A0D
:1001E0001A434C08A04202D3001B5C0822438C082F
:1001F000A04202D3001B9C082243CC08A04202D399
:10020000001BDC082243002803D01B0901D0090988
:10021000E3E710006446002C00D5404210BC704754
:1002200001B5002000F00CF802BDC0460029F7D04F
:1002300003B5FFF7B3FF0EBC4243891A1847C04607
:100240007047C0468446100062468C4619006346DB
:1002500000E0C0461FB510F075FB002801D4002156
:10026000C8421FBD10B510F0C7FA4042013010BDA2
:1002700010B510F067FB002801DB002010BD012045
:1002800010BDC04610B510F05DFB002801DD002058
:1002900010BD012010BDC04610B510F0EFFA0028C7
:1002A00001DC002010BD012010BDC04610B510F0CB
:1002B000E5FA002801DA002010BD012010BDC0467B
:1002C000844608006146FFE71FB50FF0EEF90028ED
:1002D00001D40021C8421FBD10B50FF083F9404280
:1002E000013010BD10B50FF0E0F9002801DB00204F
:1002F00010BD012010BDC04610B50FF0D6F9002882
:1003000001DD002010BD012010BDC04610B50FF06A
:100310008EF9002801DC002010BD012010BDC04670
:1003200010B50FF084F9002801DA002010BD01207B
:1003300010BDC046002B11D1002A0FD1002900D1D9
:10034000002802D00021C943080007B4024802A1D6
:100350004018029003BDC046E9FEFFFF03B46846A3
:1003600001B502980EF06AFE019B9E4602B00CBCDD
:100370007047C04603B47146490840004900095A15
:1003800049008E4403BC7047D0400B00D1409C46CE
:10039000203AD34018435242634693401843704773
:1003A0009140030090409C46203A934019435242AA
:1003B0006346D340194370471C2101231B04984214
:1003C00001D3000C10391B0A984201D3000A0839E6
:1003D0001B09984201D30009043902A2105C40189D
:1003E0007047C04604030202010101010000000041
:1003F0000000000010B5002903D1FFF7DDFF203019
:1004000002E00800FFF7D8FF10BDC04610B5064C4B
:100410002378002B07D1054B002B02D0044800E0C5
:1004200000BF0123237010BD5C020020000000000B
:1004300090160108044B10B5002B03D00349044863
:1004400000E000BF10BDC0460000000060020020B8
:1004500090160108BFF34F8F034B044ADA60BFF3D5
:100460004F8FC046FDE7C04600ED00E00400FA05EE
:1004700082B00023019302E0019B01330193019BB1
:10048000312BF9DD02B07047F0B5CE46474680B556
:1004900089B003AC1422002120000CF035F92A4B5E
:1004A0005A6B012632435A635A6B32400092009ACB
:1004B0005A6B022188460A435A635A6B0A400192DA
:1004C000019A596B0822114359635B6B1A400292DF
:1004D000029B1E4F00220321380006F0D0F90122B2
:1004E0000421380006F0CBF9194B994600220D2162
:1004F000180006F0C4F903960496002505950695A4
:100500002100380006F0F4F80623039304960596BC
:1005100006952100380006F0EBF80D2303930496AE
:10052000059506952100484606F0E2F843460393F8
:10053000049505952100484606F0DAF809B0C0BCDC
:10054000B946B046F0BDC04600100240000400505D
:10055000000C005000B583B0094A916B0123194388
:100560009163926B13400193019B002200210920AB
:1005700006F0D2FB092006F0D3FB03B000BDC04655
:100580000010024000B583B00190012304485B4293
:10059000012201A907F0E5FD019803B000BDC046A6
:1005A000301C002010B582B06B46DC1D0023237088
:1005B000013304485B420122210007F04FFE2078FE
:1005C00002B010BD301C0020F0B5CE46474680B5C5
:1005D00089B00600884617000023079380231B017B
:1005E0009A4207D901239946484609B0C0BCB9468A
:1005F000B046F0BD05F07EFF03A802230393F82365
:100600001B06F318DB0A83600123C36007A906F009
:100610002DF88146002801D100240FE005F0ECFF01
:10062000E2E768460CF03EF9009A019B3100012098
:1006300005F0B0FF051E0FD108360834BC420FD2BA
:1006400001225242D31700920193434619193A1BD3
:10065000082AE6D90822E4E705F0CEFFA946C3E759
:1006600005F0CAFFC0E710B50300080019000CF040
:1006700019F910BD10B50268074B9A4200D010BDA1
:10068000064B1B8806485843064B198889B2FFF76A
:100690003DFD054B1880F2E700240140AA75FF1FBD
:1006A000B80B000030000020081C002010B504002A
:1006B00081898068002206F0E2F8FE239B05236111
:1006C0000023636110BD70B50400A188206806F0A6
:1006D000CFF80128F9D00026002500E00136172EBA
:1006E00016DCA189A068012206F0C9F8FFF7C0FE58
:1006F0006D00A189A068002206F0C1F8FFF7B8FEDE
:10070000A188206806F0B4F80028E7D00135E5E7B5
:10071000A189A068012206F0B2F8FFF7A9FEA1891D
:10072000A068002206F0ABF8FFF7A2FE2B0202D56C
:10073000FF231B061D43280070BD10B50400FFF702
:10074000C2FF6369C01A24690FF086FA211C0EF0FB
:1007500067FE10BD70B504000D1C101C0FF05EFA92
:100760006061256170BD000010B50400074B1B6877
:10077000002B00D010BDFFF7ADFC012382B204486E
:100780005B42210007F0EDFCF4E7C046F01B0020BF
:10079000301C002084B010B590B0129013911492C8
:1007A00015931A4C6378A0780002184300040014D3
:1007B0000FF052FAFA2189050EF0B6FF6378FF2B8D
:1007C00014D0134B1B68002B1ED0124C10F0AEFE41
:1007D00002000B00210068460BF08AFE6846FFF716
:1007E000C3FF10B010BC08BC04B01847A378FF2B9F
:1007F000E7D1074B1B68002B04D0074968460BF074
:1008000077FEEBE70549F9E7054CDFE7241C0020FC
:100810000C1C0020CC160108B8160108C0160108EF
:10082000D416010884B010B5029003910492059388
:100830000D4B5B78002B0CD00C4B1B68002B06D0AB
:100840000B48FFF791FF10BC08BC04B018470948DB
:10085000F7E7064B1B68002B03D00748FFF784FF20
:10086000F1E70648FAE7C046241C00200C1C0020D3
:10087000E4160108EC160108F81601080017010833
:1008800084B070B590B014901591169217932E4BBA
:100890005C780220185E0FF0DFF9F62189050EF072
:1008A00043FF2A4B1B68002B19D0294E10F03EFE47
:1008B00002000B00310068460BF01AFE6846FFF795
:1008C00053FF002C0FD1214B1B68002B09D021486E
:1008D000FFF74AFF10B070BC08BC04B018471E4EAA
:1008E000E4E71E48F4E7E30706D5184B1B68002B26
:1008F00021D01B48FFF738FFA30706D5134B1B6811
:10090000002B1AD01748FFF72FFF630706D50F4BB0
:100910001B68002B13D01448FFF726FF240706D5C9
:100920000A4B1B68002B0CD01048FFF71DFF104826
:10093000FFF71AFFCEE70F48DCE70F48E3E70F4861
:10094000EAE70F48F1E7C046241C00200C1C0020F9
:100950000C170108241701081417010828170108AB
:10096000EC3001083C1701084C1701085C1701081E
:1009700070170108341701084017010850170108C3
:100980006017010870B590B006F026FA0400194807
:10099000402106F0A1FC002806D106F01DFA001B3C
:1009A000FA235B009842F2D31248402106F094FCEF
:1009B000002817D0104B06AD0E482A00402106F043
:1009C000DDFB0E4C0AAB6A4643CB43C243CB43C26A
:1009D00006980799089A099B2568A847084B236041
:1009E00010B070BD0748FFF7BFFE074B00221A602A
:1009F000F6E7C046C01E0020241C00202C0000206A
:100A0000B90A000868170108041C002070B58AB0F4
:100A100005000E0001AC2422002120000BF074FE22
:100A2000064B1B680193049605482A00210006F036
:100A30007BFBFFF7A7FF0AB070BDC0462C1C00204F
:100A4000C01E002010B582B0074B1B68002B01D0E0
:100A500002B010BD0549020068460BF049FD68462A
:100A6000FFF782FEF4E7C046F01B00207417010870
:100A700010B50C48FFF778FE002403E00A48FFF7A2
:100A800073FE0134112C07DC084B185DFFF7DAFF09
:100A9000112CF3D00648F2E7044912220548FFF76B
:100AA00093FD10BD7C17010870170108101C002071
:100AB0007817010800F8010884B010B5029003917E
:100AC000049205930E4B1B68002B09D10D48FFF7CC
:100AD0004BFE0B4B00221A6010BC08BC04B0184738
:100AE000094B1A68693A53009B18084A12689B1808
:100AF000013B074A07490968D154FFF7B9FFE5E709
:100B0000041C002094170108001C0020F81B002082
:100B1000101C0020FC1B002070B58CB0060003AC3C
:100B20002422002120000BF0EFFD01AD082200215E
:100B300028000BF0E9FD2E70064B1B680393012380
:100B4000069305482A00210006F0EEFAFFF71AFF87
:100B50000CB070BD2C1C0020C01E002070B52049B8
:100B600012222048FFF77FFD1F4B1B68002B35D05A
:100B70001B4B00225A7100252EE003212800FFF7AD
:100B80000BFB6930194C20601948FFF7EDFD206818
:100B9000FFF758FF1748FFF7E7FD03212800FFF78D
:100BA00045FB0C00481CFFF74DFF1348FFF7DCFD29
:100BB000640001340A4B5B5D5A1E9341E418200027
:100BC000FFF740FF0D48FFF7CFFDE0B2FFF7A4FFAE
:100BD000FA2006F007F90135112DCEDD70BDC046B3
:100BE000101C002000F80108340000202C1C0020FC
:100BF0009C170108A8170108AC1701087017010815
:100C0000F0B5C64600B582B00500884601920023C3
:100C100000E00133274A17689F4208DD264A9421E5
:100C200059438A58AA42F4D1234C0C1900E00024FD
:100C3000202F34D0002C0DD000276668BE4211DD75
:100C40003801083020184146FFF73AFA002828D02A
:100C50000137F2E794207843174C0419154B0137FC
:100C60001F60E9E7082E21D04046FFF733FA0E282F
:100C70001ED830010830201841460BF000FE636892
:100C800001331A01A2180199D17163602560200017
:100C900088300C2200210BF037FD002002E00120FB
:100CA00000E0022002B080BCB846F0BD0320F9E7A6
:100CB0000420F7E7EC1B00206C09002070B506004B
:100CC000184B012252421A600025174B1B68AB4299
:100CD00023DD002400E00134144B94226A439B1866
:100CE0005B68A34217DD230194226A4398180830F9
:100CF0000E4BC0183100FFF7E3F90028EBD10B4A87
:100D000001342301942169435B18D318D879054B2A
:100D10001860885870BD0135D7E7300009F0DCFD58
:100D2000F8E7C04668090020EC1B00206C09002091
:100D3000F0B5DE4657464E464546E0B5664CA544FE
:100D4000DBAC2422002120000BF0DEFC0822002175
:100D500002A80BF0D9FC0123DE93604B1B68002B2B
:100D60002AD05F4802AADBA906F0DEF906F034F8C3
:100D7000040000239A4606F02FF8001BFA235B00BC
:100D800098421DD25648402106F0A6FA0028F2D01B
:100D900053469B005344DB0013AAD21850486B46BD
:100DA000402106F0EBF96B465A780EAB51465A5487
:100DB00001239C46E244DEE74A48FFF7D5FCD0E732
:100DC0000023984655E04848FFF7CEFC474B6A1C85
:100DD000120192199B18D879FFF734FE18E00135FB
:100DE000424B942262439B185B68AB421CDD280196
:100DF00094266643801908303C4B9B465844FFF7C5
:100E0000B3FC6B1C1B019B195B44DB79FF2BDAD114
:100E1000364B942262439B185B68013BAB42DED0A9
:100E20003348FFF7A1FCDAE73248FFF79DFC0134B5
:100E3000314B1B68A3420ADD2C4B94226243D358EA
:100E40009F42F4D12D48FFF78FFC0025C8E72C48BE
:100E5000FFF78AFC0EAB4A469B5C042B24D9294839
:100E6000FFF782FC2848FFF77FFC43460133DBB2E3
:100E70009846C146D0451DDA04A943469A0042442B
:100E8000D20013AB9B180A0031CB31C213CB13C273
:100E900013CB13C21B681360049F3F043F0C380040
:100EA000FFF7D0FD0024C3E7184A9B009858FFF7CE
:100EB0005BFCD7E7094B1B68002B08D0E5239B00A0
:100EC0009D44F0BCBB46B246A946A046F0BD1048C2
:100ED000FFF74AFCF2E7C0466CFCFFFF0C1C002049
:100EE000C01E0020B0170108C41701086C090020BB
:100EF000C8170108CC170108EC1B00204C2501087D
:100F0000D0170108D417010870170108000000204D
:100F1000DC170108F8B505000E000F680A49380013
:100F20000BF0FAFB04000200390028000BF0BAFCB9
:100F30002D1900232B7033681A5D002A00D001346C
:100F40001B193360F8BDC046B025010870B5050017
:100F50000378002B0ED000242800FFF7BBF8A04236
:100F600006D92B5D303BDBB2092B05D80134F3E702
:100F7000012000E0002070BD0020FCE710B5034B0D
:100F800001221A600248FFF7EFFB10BD6409002040
:100F9000EC17010810B5CAB0019042AC01A92000BD
:100FA000FFF7B8FF2A492000FFF78AF800281BD076
:100FB000284942A8FFF784F800281AD0264942A8F9
:100FC000FFF77EF8002819D1244B1B68002B13D0A3
:100FD0002349244B1A8802AC20000BF089FA200028
:100FE000FFF7C2FB4AB010BD1F48FFF7BDFBFFF77C
:100FF00031FAFFF79DFEF5E71C49EAE742AB1B78A3
:10100000002B0CD11A4B01221A60144B1B68002BC9
:1010100003D01848FFF7A8FBE4E71748FAE7144B9A
:1010200001221A600D4B1B68002B0AD01348FFF7F2
:101030009BFB0A4B1B68002B05D01148FFF794FB64
:10104000D0E71048F3E742A8FFF78EFBF5E7C0466C
:10105000D0210108EC210108F42101080C1C00201A
:101060006C210108081C0020D82101087421010806
:10107000640900208421010890210108AC210108A5
:1010800070170108B4210108F0B5C64600B58AB052
:10109000019002AC01A92000FFF73CFF804920002D
:1010A000FFF70EF8002810D07E4902A8FFF708F8D5
:1010B0000090002800D075E00198FFF7FFFD804602
:1010C000002809D000990D0052E07748FFF74CFB4B
:1010D0000AB080BCB846F0BD744B01221A60744B54
:1010E0001B68002B03D07348FFF73EFBF0E7724804
:1010F000FAE77248FFF738FB4046FFF7A3FC704859
:10110000FFF732FB42E06F48FFF72EFB6E4B721C7D
:101110001201D2199B18D879FFF794FC17E0013619
:10112000694B94226A439B185B68B3421BDD330111
:1011300094276F43D8190830634C0019FFF714FB4C
:10114000731C1B01DB19E318DB79FF2BDBD15E4B32
:1011500094226A439B185B68013BB342DFD05B4833
:10116000FFF702FBDBE75A48FFF7FEFA01210135E2
:10117000584B1B68AB420BDD534B94226A43D35848
:101180004345F4D14A4B1B68002BB2D0009EC7E701
:1011900000299DD1464B1B68002B99D14E48FFF783
:1011A000E3FA95E702A8FFF789FD041E25D0019B0D
:1011B0001B78002B09D13D4B01221A603C4B1B6868
:1011C000002B24D03B48FFF7CFFA01A902A8FFF774
:1011D000A1FE019D2B78002B21D02800FFF7B6FE41
:1011E000002816D1314B01221A60314B1B68002BAD
:1011F00013D03048FFF7B8FA6AE72D4B1B68002B75
:1012000003D02C48FFF7B0FA62E73448FAE73448D5
:10121000D9E7280009F060FB03E03148EAE7012044
:101220004042C2B202A92000FFF7EAFC01280DD01B
:10123000022815D003281DD0042825D01C4B1B687C
:10124000002B2BD02748FFF78FFA41E7184B1B687C
:10125000002B03D02448FFF787FA39E72348FAE741
:10126000134B1B68002B03D01F48FFF77DFA2FE7B5
:101270001F48FAE70E4B1B68002B03D01A48FFF7F4
:1012800073FA25E71B48FAE7094B1B68002B03D0CC
:101290001548FFF769FA1BE71748FAE71748D2E73E
:1012A000F0220108EC210108F8220108640900205D
:1012B0000C1C002084210108F821010800230108EA
:1012C000202A0108C41701086C090020C81701086A
:1012D00070170108EC1B00201423010818220108D4
:1012E00040220108941701086C22010874220108A9
:1012F00090220108AC220108C8220108DC22010862
:1013000010B58AB0019002AC01A92000FFF702FEDF
:10131000AF492000FEF7D4FE002825D0AD4902A831
:10132000FEF7CEFE002800D185E0AB4902A8FEF70B
:10133000C7FE002800D1DBE0A84902A8FEF7C0FEE6
:10134000002800D109E102AB1B78002B00D026E178
:10135000A34B01221A60A34B1B68002B00D11CE198
:10136000A148FFF701FA33E00198FFF7A7FC002836
:1013700027D09E4B18609B4B1B68002B2CD09C4B9E
:1013800001221A609B4B994A12681A609A4B0022FC
:101390001A609A4B1B689A4A1360012B23D0022BC8
:1013A0002DD0032B37D08F4B1B68002B3FD0022052
:1013B000FFF7B2FB0420FFF7AFFB0620FFF7ACFB03
:1013C00006E0884B1B68002B04D08748FFF7CCF958
:1013D0000AB010BD8B48F9E70198FFF7C5F98A48B4
:1013E000FFF7C2F9CBE77F4B1B68002B03D002202D
:1013F000FFF792FBECE78548FFF7B6F9F7E7794B83
:101400001B68002B03D00420FFF786FBE0E77F4832
:10141000FFF7AAF9F7E7734B1B68002B03D00620F0
:10142000FFF77AFBD4E77948FFF79EF9F7E77848AA
:10143000FFF79AF9BBE70198FFF740FC002820D09E
:101440006A4B1860674B1B68002B24D0684B012245
:101450001A60684B654909681960674B1A60674BE9
:101460001B68674A1360012B1CD0022B26D0032B6C
:1014700030D05C4B1B68002B38D05B48FFF774F909
:10148000A6E7584B1B68002B03D05748FFF76CF9B1
:101490009EE75C48FAE70198FFF766F95A48FFF7BC
:1014A00063F9D3E74F4B1B68002B03D00120FFF7F4
:1014B00033FB8DE75748FFF757F9F7E7494B1B68B0
:1014C000002B03D00320FFF727FB81E75148FFF7EC
:1014D0004BF9F7E7434B1B68002B03D00520FFF7C0
:1014E0001BFB75E74B48FFF73FF9F7E74A48C5E7AD
:1014F0000198FFF7E3FB002814D0404B1B68013B29
:10150000022B19D8394B1860364B1B68002B1DD0A5
:10151000424B434A1A60394B18681030C0B2FFF78B
:10152000FBFA55E72F4B1B68002B03D02E48FFF723
:101530001BF94DE73348FAE72A4B1B68002B03D011
:101540002948FFF711F943E73348FAE70198FFF715
:101550000BF92D48FFF708F9DAE70198FFF7AEFB22
:10156000002809D0214B18601E4B1B68002B0DD0A2
:10157000FF20FFF7D1FA2BE71A4B1B68002B03D093
:101580001948FFF7F1F823E71E48FAE70198FFF73B
:10159000EBF82448FFF7E8F8EAE72348E1E6104BC8
:1015A00001221A600F4B1B68002B0AD01F48FFF75F
:1015B000DBF80C4B1B68002B05D01D48FFF7D4F857
:1015C00006E71C48F3E702A8FFF7CEF8F5E7C046A8
:1015D000B4230108E823010800240108D0210108F0
:1015E000640900200C1C0020842101082C1C002010
:1015F000041C0020001C0020FC1B002068090020A7
:10160000F81B002030230108202A0108B823010814
:10161000D0230108EC230108502301082C000020EE
:10162000250800080424010874230108AC210108DE
:101630007017010894230108F0B5C64600B584B0C0
:10164000060088460C22002101A80BF05DF8002559
:1016500000272EE094276F4388372B4BFF183B68F9
:10166000002B0AD101333B60F433FF333B81274B1E
:101670007B810023BB80B433FB80BA8842453FD8CE
:10168000F98841453ED343469B1A9BB23C897889F1
:10169000001B5843891AFEF739FD201880B204B0A8
:1016A00080BCB846F0BD94276F438837164BFF18AF
:1016B0000135174B1B68AB421EDD134B94226A4366
:1016C000D458300009F008F98442C3D000240E4BEE
:1016D00094226A439B185B68A342E9DD23019422AC
:1016E0006A4398180830084BC0183100FEF7E8FC30
:1016F0000028D8D00134EAE7002FB0D101AFAEE71F
:101700000020CCE70020CAE76C090020C4090000D3
:10171000EC1B0020F0B585B006000C22002101A8CA
:101720000AF0F2FF002500271CE094276F4388375A
:101730001F4BFF183B68002B0AD101333B60F43389
:10174000FF333B811B4B7B810023BB80B433FB8089
:101750000437380005B0F0BD94276F438837144B29
:10176000FF180135144B1B68AB421EDD104B942251
:101770006A43D458300009F0AFF88442D5D0002431
:101780000B4B94226A439B185B68A342E9DD23015B
:1017900094226A4398180830054BC0183100FEF7B0
:1017A0008FFC0028D8D00134EAE7002FC2D1D0E75F
:1017B0006C090020C4090000EC1B002070B584B047
:1017C00005000E000C22002101A80AF09DFF002355
:1017D00000E00133194A12689A420ADD184A94243B
:1017E0005C43A258AA42F4D123008833144A9B18C0
:1017F00000E001AB1A68002A0AD101321A60F43203
:10180000FF321A810F4A5A8100229A80B432DA805C
:101810009A88B24200D91600D988B14200D20E008F
:10182000B61AB6B21C895889001B7043891AFEF794
:101830006DFC201880B204B070BDC046EC1B0020C7
:101840006C090020C409000070B58CB0019004AC94
:1018500001A92000FFF75EFBB4492000FEF730FC31
:1018600000282CD0B24904A8FEF72AFC002800D199
:1018700086E0B04904A8FEF723FC002800D1DFE091
:10188000AD4904A8FEF71CFC002800D191E1AB494A
:1018900004A8FEF715FC002800D1FAE104AB1B7880
:1018A000002B00D01AE2A64B01221A60A54B1B6840
:1018B000002B00D110E2A448FEF756FF23E0019868
:1018C000FFF7FCF9002817D0A04B18609D4B1B6850
:1018D000002B1CD09E4B1B68012B1FD0022B29D044
:1018E000032B33D0042B3DD0964B1B68002B45D0E7
:1018F0009548FEF739FF06E0924B1B68002B04D099
:101900009148FEF731FF0CB070BD9248F9E701989D
:10191000FEF72AFF9048FEF727FFDBE7894B1B689D
:10192000002B03D00120FFF7F7F8ECE78B48FEF718
:101930001BFFF7E7834B1B68002B03D00220FFF748
:10194000EBF8E0E78548FEF70FFFF7E77D4B1B68F4
:10195000002B03D00320FFF7DFF8D4E77F48FEF722
:1019600003FFF7E7774B1B68002B03D00420FFF73A
:10197000D3F8C8E77948FEF7F7FEF7E77848B8E705
:101980000198FFF79BF9002817D0704B18606D4B3A
:101990001B68002B1BD06E4B1B68012B1ED0022B2B
:1019A00028D0032B32D0042B3CD0664B1B68002B75
:1019B00044D06C48FEF7D8FEA5E7624B1B68002BAD
:1019C00003D06148FEF7D0FE9DE76248FAE7019830
:1019D000FEF7CAFE6048FEF7C7FEDCE7594B1B68FE
:1019E000002B03D00520FFF797F88CE75E48FEF741
:1019F000BBFEF7E7534B1B68002B03D00620FFF715
:101A00008BF880E75848FEF7AFFEF7E74D4B1B68B1
:101A1000002B03D00720FFF77FF874E75248FEF74A
:101A2000A3FEF7E7474B1B68002B03D00820FFF706
:101A300073F868E74C48FEF797FEF7E74848B9E7C0
:101A400004AC01A92000FFF765FA2000FFF736F982
:101A5000002809D13B4B1B68002B03D03A48FEF706
:101A600083FE50E73B48FAE704AD2800FFF752FE3B
:101A7000040001A92800FFF74DFA3C492800FEF7B1
:101A80001FFB00280FD1043401980378002B3FD1AD
:101A90002C4B1B68002B31D02088FEF7D3FF344835
:101AA000FEF762FE2FE7334904A8FEF709FB002882
:101AB00001D10634E8E7304904A8FEF701FB00280D
:101AC000E2D02E4904A8FEF7FBFA002801D1023427
:101AD000DAE71C4B1B68002B0AD02248FEF744FEB5
:101AE000184B1B68002B05D02148FEF73DFECBE7C5
:101AF0002348F3E704A8FEF737FEF5E72148FEF791
:101B000033FE04A8FEF730FE1F48FEF72DFEC3E7A4
:101B100008F0E2FE050086B20A4B1B68002B37D0A6
:101B20001A48FEF721FE2680EDE6C046E8230108AC
:101B3000B4230108E824010830250108D021010858
:101B4000640900200C1C0020842101082C1C0020AA
:101B50006809002030230108202A0108BC2401085C
:101B600018240108AC210108D0240108EC24010844
:101B700070170108F4240108FC2401080825010855
:101B80003C240108142501081C25010894170108AC
:101B90005E48FEF7E9FD04A8FEF7E6FD5C48FEF7A7
:101BA000E3FD2804000CFEF74DFF5A48FEF7DCFD6C
:101BB000B9E704AC01A92000FFF7ACF92000FFF75A
:101BC0007DF8002809D1544B1B68002B03D05348E3
:101BD000FEF7CAFD97E65248FAE7019808F07CFE46
:101BE000040081B200290DD1019B1B78302B09D054
:101BF000494B1B68002B03D04A48FEF7B5FD82E62F
:101C00004948FAE704A8FFF717FD051E29D0474BFE
:101C10001B68013B032B2ED83F4B1B68002B34D194
:101C20000198FEF7A1FD4248FEF79EFD2004000C3E
:101C3000FEF708FF3F48FEF797FD2800FEF702FF7A
:101C40003D48FEF791FD394B1B68103303A8037024
:101C50000D236B441D702D0A5D700321FEF7D6FE27
:101C600051E62D4B1B68002B03D02E48FEF77CFD60
:101C700049E63248FAE7284B1B68002B03D0274877
:101C8000FEF772FD3FE62E48FAE72E48FEF76CFDA0
:101C9000D9E70198FFF712F800280FD02A4B1860F7
:101CA0001D4B1B68002B13D10198FEF75DFD2748E3
:101CB000FEF75AFDFF20FEF72FFF24E6164B1B68A8
:101CC000002B03D01548FEF74FFD1CE61448FAE739
:101CD0001C48FEF749FDEDE71D48EDE51D4B0122CF
:101CE0001A600D4B1B68002B0AD01B48FEF73CFD09
:101CF000094B1B68002B05D00648FEF735FD02E6B0
:101D00001648F3E704A8FEF72FFDF5E720250108A4
:101D100028250108701701080C1C002084210108E7
:101D2000302301086C2201085024010868090020B2
:101D300034250108482501085025010864240108BC
:101D400018240108941701082C1C00200424010801
:101D50007C24010864090020AC2101089C240108AE
:101D600010B58AB0019002AC01A92000FFF7D2F8AB
:101D700064492000FEF7A4F900281CD0624902A89B
:101D8000FEF79EF9002849D0604902A8FEF798F9AD
:101D9000002878D002AB1B78002B00D098E05C4B79
:101DA00001221A605B4B1B68002B00D18EE05A4861
:101DB000FEF7DAFC9DE00198FEF780FF00280CD0CA
:101DC000564B1B68013B022B13D9524B1B68002B4F
:101DD0000DD05148FEF7C8FC8BE04E4B1B68002B22
:101DE00003D04D48FEF7C0FC83E04D48FAE74D486C
:101DF000F0E74D4B18600198FEF7B6FC454B1B68A9
:101E0000002B07D0494B4A4A1A60444B1878FEF71A
:101E100083FE6EE04748FEF7A7FCF3E70198FEF764
:101E20004DFF00280CD03D4B1B68013B022B13D902
:101E3000384B1B68002B0DD03748FEF795FC58E057
:101E4000344B1B68002B03D03348FEF78DFC50E069
:101E50003348FAE73348F0E7334B18600198FEF750
:101E600083FC2C4B1B68002B09D0304B324A1A6084
:101E70002A4B18680330C0B2FEF74EFE39E02D48F9
:101E8000FEF772FCF1E70198FEF718FF00280FD06B
:101E9000254B18601F4B1B68002B13D10198FEF7D0
:101EA00063FC2648FEF760FCFF20FEF735FE20E0CD
:101EB000184B1B68002B03D01748FEF755FC18E0A1
:101EC0001748FAE71E48FEF74FFCEDE71D486FE79D
:101ED0000F4B01221A600F4B1B68002B0BD01A48C6
:101EE000FEF742FC0B4B1B68002B06D01748FEF791
:101EF0003BFC0AB010BD1648F2E702A8FEF734FC1E
:101F0000F4E7C04600240108B4250108D0210108E7
:101F1000640900200C1C00208421010868090020AD
:101F200030230108582501082C1C00202C0000201B
:101F300095070008202A01088108000804240108E8
:101F4000941701087C250108AC21010870170108CD
:101F50009825010830B58DB0019004AC01A920008E
:101F6000FEF7D8FF80492000FEF7AAF800281ED00F
:101F70007E4904A8FEF7A4F8041E46D07C4904A8B4
:101F8000FEF79EF8002800D1B1E004AB1B78002BCF
:101F900000D0D1E0774B01221A60774B1B68002BF1
:101FA00000D1C7E07548FEF7DFFB0DB030BD0198EA
:101FB000FEF784FE00280CD0714B1B68013B022BFE
:101FC00013D96D4B1B68002B0DD06C48FEF7CCFB72
:101FD000EBE7694B1B68002B03D06848FEF7C4FB96
:101FE000E3E76848FAE76848F0E7684B186001984B
:101FF000FEF7BAFB6648FEF7B7FB664B664A1A6007
:102000005F4B1878FEF788FDCFE704AD01A92800E3
:10201000FEF780FF2800FEF751FE051E10D00822B3
:10202000002102A80AF070FB5C4B1B68A34216DD7E
:102030005B4B94226243D358AB420BD00134F3E79D
:102040004D4B1B68002B03D04C48FEF78DFBACE7D3
:102050004C48FAE714008834514BE41800E002AC15
:102060002368002B03D1013323604E4BA38004ADC2
:1020700001A92800FEF74EFF4B492800FEF720F883
:10208000002800D091E701980378002B14D13A4B37
:102090001B68002B06D0A088FEF7D4FC4348FEF74F
:1020A00063FB82E74248FEF75FFB2800FEF75CFB1C
:1020B0004048FEF759FBEEE708F00EFCA0802E4BDF
:1020C0001B68002B03D03C48FEF74EFB6DE73B48F6
:1020D000FEF74AFB04A8FEF747FB3948FEF744FB2E
:1020E000A088FEF7AFFC3148FEF73EFB5DE70198A4
:1020F000FEF7E4FD00280FD0244B18601E4B1B6830
:10210000002B13D10198FEF72FFB2E48FEF72CFB76
:10211000FF20FEF701FD48E7174B1B68002B03D09B
:102120001648FEF721FB40E71648FAE72248FEF77B
:102130001BFBEDE7244836E70E4B01221A600E4BDD
:102140001B68002B0AD02148FEF70EFB0A4B1B68C8
:10215000002B05D01548FEF707FB26E71C48F3E7E0
:1021600004A8FEF701FBF5E700240108E8240108B4
:10217000D0210108640900200C1C002084210108E2
:102180006809002030230108BC2501082C1C002010
:10219000202A01082C00002049240008EC1B002004
:1021A0006C090020B80B0000182601087017010800
:1021B000142501081C250108941701082025010891
:1021C0002825010804240108E0250108AC210108A4
:1021D000FC25010810B5D4B01F4948A807F028FF16
:1021E000002803D11D48FEF7BFFA15E01C48FEF792
:1021F000BBFA2FE0A022120493421FD91B0D194AEB
:10220000194902AC00921222FF326A4420000AF0FF
:102210006FF92000FEF7A8FA42A948A807F064FF6A
:10222000002814D142AB5B7A002B10D0429B802255
:1022300012069342DED99B0F0C4AE1E7A0229201DD
:10224000934202D99B0A0A4ADAE70A4AD8E748A821
:1022500007F035FF54B010BDC41701084826010827
:102260002C260108202601085C2601081C260108EE
:10227000242601082826010810B58AB0019002AC76
:1022800001A92000FEF746FE2E492000FDF718FFA9
:1022900000280CD02C4902A8FDF712FF00280DD110
:1022A0002A4A136802210B4313600AB010BD01983B
:1022B000FEF75AFA2648FEF757FAF6E7254902A82C
:1022C000FDF7FEFE002805D1204A136802218B434A
:1022D0001360EAE7204902A8FDF7F2FE002803D1C7
:1022E0001E4B01221A60E0E71D4902A8FDF7E8FE37
:1022F000002803D1194B00221A60D6E702AB1B78E5
:10230000002B0CD1174B01221A60144B1B68002BB9
:1023100003D01548FEF728FAC7E71448FAE7114B2F
:1023200001221A600D4B1B68002B09D01048FEF7E4
:102330001BFA02A8FEF718FA0548FEF715FAB4E7EB
:102340000C48F4E7A4260108AC260108F01B002085
:1023500070170108B4260108BC2601080C1C0020D7
:10236000C426010864090020842101086C260108A4
:10237000AC21010888260108F8B507000E001500F9
:10238000104C236803E024684D34FF342368002B8D
:10239000F9D1A820400008F0A5FA206039000AF021
:1023A0006EFA2268A0235B00D65022680433D55011
:1023B00021680023A62252008B502168043A8B50DA
:1023C000F8BDC046F804002070B582B005000E00CC
:1023D0000822002168460AF097F9002300E0013343
:1023E000144A12689A420ADD134A94245C43A258A4
:1023F000AA42F4D1230088330F4A9B1800E06B46B1
:102400001A68002A03D101321A600C4A9A8098880F
:102410000DF066FC041C30000DF01EFC08490DF0A8
:102420007BFA011C201C0DF07FF906490CF0F8FF27
:1024300002B070BDEC1B00206C090020B80B00003E
:102440000000FA4300007A4584B030B591B0149092
:10245000159116921793104B5A78997809021143E7
:1024600009040914FFF7B0FF0C4B1B68002B10D0B8
:102470000B4D0FF05BF802000B00290068460AF0D4
:1024800037F86846FEF770F911B030BC08BC04B0EC
:102490001847044DEDE7C046241C00200C1C00200A
:1024A000CC160108CC26010884B010B50290039127
:1024B00004920593074B5A7899780902114309044D
:1024C0000914FFF781FF044B186010BC08BC04B06E
:1024D0001847C046241C0020F41B0020064B1B6834
:1024E00007E0A22149005A58013A5A50A622520048
:1024F0009B58002BF5D17047F804002030B59BB0F5
:10250000019012AC01A92000FEF704FDBE49200095
:10251000FDF7D6FD00282FD1BC4B1B68002B23D024
:10252000BB4D04F059FC020002AC2900200009F068
:10253000DFFF2000FEF718F9B64B1B68002B17D001
:10254000B24B1B68002B11D0B34D04F045FCB14BCE
:102550001A68821A02AC2900200009F0C9FF200085
:10256000FEF702F91BB030BDAC4DDAE7AC4DECE73D
:10257000AC48FEF7F9F8F5E7AB4912A8FDF7A0FD66
:10258000002826D0A94912A8FDF79AFD002837D0C7
:10259000A74912A8FDF794FD002843D0A54912A829
:1025A000FDF78EFD00286BD0A34912A8FDF788FD2A
:1025B000051E00D0C5E0A14B1C68002C00D18DE0A9
:1025C000924B1B68002B00D0A6E09D48FEF7CCF88C
:1025D000A2E004F001FC8F4B18608C4B1B68002BB1
:1025E0000CD0984D04F0F8FB020002AC290020004A
:1025F00009F07EFF2000FEF7B7F8B3E7924DF1E750
:10260000019808F069F9002809D1804B1B68002B5C
:1026100003D08E48FEF7A8F8A4E78D48FAE704F047
:10262000E1FB9FE712AC01A92000FEF773FC20003C
:1026300008F052F9041E03D001980378002B09D149
:10264000724B1B68002B03D08048FEF78DF889E79A
:102650008048FAE722000021FFF78EFE6B4B1B68D3
:10266000002B03D07C48FEF77FF87BE77B48FEF722
:102670007BF82000FEF7E6F97948FEF775F871E778
:1026800012AC01A92000FEF745FC200008F024F957
:10269000041E03D001980378002B09D15B4B1B6803
:1026A000002B03D06948FEF75FF85BE76D48FAE757
:1026B00022002100FFF760FE544B1B68002B03D063
:1026C0006548FEF751F84DE76748FEF74DF82000E2
:1026D000FEF7B8F96248FEF747F843E74B4B1B6833
:1026E000002B03D06148FEF73FF83BE76048FAE76C
:1026F0006048FEF739F8A2235B00E058FEF7A2F924
:102700005D48FEF731F82000FEF72EF84548FEF749
:102710002BF8A6235B00E458002C00D122E70135FA
:102720002800FEF78FF9A0235B00E358002BDFD0D1
:102730005248FEF719F8A0235B00E058FEF782F933
:10274000DEE74F4912A8FDF7BBFC041E17D04D4928
:1027500012A8FDF7B5FC041E00D1A5E012AB1B7852
:10276000002B00D0EAE0484B01221A60274B1B687F
:10277000002B00D1E0E03548FDF7F6FFF2E60198C6
:1027800008F0AAF8002803D1019B1B78002B05D183
:102790002A4B1B68002B0BD0284919E01B4B1B68E8
:1027A000002B03D02948FDF7DFFFDBE63748FAE7C7
:1027B000164B1B68002B03D02C48FDF7D5FFD1E644
:1027C0002B48FAE719004D31FF31A62252009B58E1
:1027D000002B5DD00134A04206D00028F2D1A62201
:1027E00052009A58002AEDD1A62252009A580A6047
:1027F000180008F081F8054B1B68002B52D01648D2
:10280000FDF7B2FFAEE6C046842801080C1C00208C
:10281000DC260108F4040020F0260108E026010867
:10282000F8260108701701088C280108942801086F
:102830009C280108C0280108EC210108F8040020A8
:10284000E02801080C27010810270108842101084D
:10285000242701084027010894170108A42801082B
:10286000B828010868270108C8280108902701082E
:1028700098270108FC28010804290108F428010808
:102880000C290108AC26010864090020AC270108C6
:10289000364B1B68002B03D03548FDF765FF61E61A
:1028A0003448FAE73448ABE7019808F015F80028F7
:1028B00003D1019B1B78002B0BD1304B1B68002BE5
:1028C00016D12A4B1B68002B0DD02D48FDF74CFF6D
:1028D00048E6264B1B68002B03D02548FDF744FF34
:1028E00040E62848FAE72848F0E7A62252009B581D
:1028F000002B15D00134A04206D00028F5D1A62225
:1029000052009A58002AF0D1A42040001958012200
:102910004A401A5001290DD01C48FDF725FF21E639
:10292000124B1B68002B03D01148FDF71DFF19E661
:102930001048FAE71648F0E716481DE7164B012243
:102940001A600A4B1B68002B0AD01448FDF70CFFD5
:10295000064B1B68002B05D01148FDF705FF01E66B
:102960001048F3E712A8FDF7FFFEF5E70C1C002066
:1029700084210108CC270108E8270108F804002079
:102980001C280108FC2701089827010824280108B1
:10299000382801084C28010864090020AC210108EE
:1029A000701701086828010830B5BE4CA544019095
:1029B000FFAC0C3401A92000FEF7ACFABA492000A4
:1029C000FDF77EFB002831D1B84B1B68002B0BD1E3
:1029D00001990B78002B15D1B54B1B68002B0FD03C
:1029E000B448FDF7C1FE06E0B14B1B68002B05D0D3
:1029F000B148FDF7B9FEB14B9D4430BDB048F8E792
:102A0000B048EEE7B048322206F076FF002803D146
:102A1000A64B01221A60EEE7A54B1B68002B03D0E2
:102A2000A548FDF7A1FEE6E7A848FAE7A849FFA8F0
:102A30000C30FDF745FB002831D19C4B1B68002B67
:102A400009D19B4B1B68002B03D09B48FDF78CFEE4
:102A5000D1E7A048FAE7954B00221A609A4807F0A0
:102A600082FA00280CD0924B1B68002B06D09248AB
:102A7000FDF77AFE944807F0C4FABCE79648F7E7FA
:102A8000914807F0BEFA0028B5D0894B1B68002B8F
:102A900003D08948FDF768FEADE79048FAE7904912
:102AA000FFA80C30FDF70CFB00281DD17F4B1B68E5
:102AB000002B09D17E4B1B68002B03D07E48FDF70D
:102AC00053FE98E78348FAE77F4807F04CFA00285E
:102AD00000D190E7764B1B68002B03D07648FDF7BA
:102AE00043FE88E77C48FAE77E49FFA80C30FDF7F3
:102AF000E7FA002807D07C49FFA80C30FDF7E0FA80
:102B0000002800D04DE1694B1B68002B01D002ACBE
:102B100023E0674B1B68002B03D06748FDF724FEBA
:102B200069E76C48FAE76D2B34D0742B00D00BE1C9
:102B300004F052F902006D49200009F0D9FC200090
:102B4000FDF7C8FA019B1B78002B00D10FE12C2365
:102B500023540130241800232370019B1B78002B81
:102B600000D106E1FFAD0C3501A92800FEF7D2F92E
:102B70002B78632B58D0D6D84C2B00D1D8E0502BD3
:102B800012D0272B00D0DFE0FFA90D31200009F083
:102B900076FED4E704F020F9554B1A68821A53499F
:102BA000200009F0A5FCCAE7FFA80D30FEF786F863
:102BB000002819D04F4B1B685A1E022A2AD84E4AA9
:102BC00010604E4D00222A604D4A4E491160D8B225
:102BD000FDF7A2FF28680EF0A9FC02000B004A498D
:102BE000200009F085FCAAE7314B1B68002B0AD0B6
:102BF0004648FDF7B9FD2E4B1B68002B05D0444815
:102C0000FDF7B2FDF7E64348F3E7FFA80D30FDF707
:102C1000ABFDF4E7264B1B68002B03D02548FDF7DE
:102C2000A3FDE8E63C48FAE7FFAB0C335B78732B77
:102C300016D0FFAB0C335B78652B1CD0FFAB0C338D
:102C40005B78612B22D0FFAB0C335B78742B00D008
:102C500075E7324B1A682549200009F049FC6EE7F8
:102C60002F4B18680EF062FC02000B002D4920006B
:102C700009F03EFCDDE72C4B18680EF057FC020013
:102C80000B002849200009F033FCD7E7274B1868D0
:102C90000EF04CFC02000B002249200009F028FC39
:102CA000D1E7C046D4FBFFFF242A0108B002002070
:102CB0000C1C0020842101086C2201082C04000057
:102CC0001429010830290108B40200205029010804
:102CD0002C2A01086C29010884290108A02901086F
:102CE000342A01083C2A0108442A01087417010803
:102CF000F4040020680900202C1C0020F41B002094
:102D00002C000020A92400080C170108AC210108A0
:102D100070170108BC290108BC250108E404002043
:102D2000F00400204C2A0108EC040020E8040020F4
:102D30003148FDF702FD0EF0F9FB02000B002F49B0
:102D4000200009F0D5FBFAE62D4B1B68002B0CD0B8
:102D50002C48FDF709FD2A4B1B68002B00D04AE6E2
:102D6000FFA80C30FDF700FD45E62748F1E70A23F0
:102D7000EEE62649FFA80C30FDF7A2F9002807D09F
:102D80001F4B1B68002B08D002A8FDF7EDFC32E6B4
:102D90001F4902A807F062FBF2E71E48FDF7E4FCBA
:102DA000F2E7FFAB0C331B78002B0CD11A4B01223E
:102DB0001A60134B1B68002B03D01248FDF7D4FC9C
:102DC00019E61648FAE7144B01221A600C4B1B68EF
:102DD000002B0AD01248FDF7C7FC094B1B68002BDB
:102DE00005D01048FDF7C0FC05E60F48F3E7FFA843
:102DF0000C30FDF7B9FCF4E7140000200C170108B3
:102E00000C1C002084210108D02901083C2A01085B
:102E1000B4020020542A010864090020EC290108AA
:102E2000AC21010870170108082A0108F0B5C64650
:102E300000B51A4B1B68002B05D0012B13D00020C6
:102E400080BCB846F0BD164B164A12681A60164C84
:102E500000232360154B164A1A60164B1878FDF7AD
:102E60005BFE2068ECE70E4B0E4A12681A600E4CAF
:102E7000002323600D4D0E4F2F600E4E3078FDF76E
:102E80004BFE236898462F6030680130C0B2FDF7D2
:102E900043FE216840460CF03FFDD1E7A002002030
:102EA0002C1C00209C020020F41B00202C00002081
:102EB000A92400089802002010B582B00E4B1B68B0
:102EC000002B01D002B010BD0CF034F881B20B4CD5
:102ED0002068FEF773FC0300094A1268103201A84B
:102EE00002706A4653711B0A9371064B22681A607E
:102EF0000321FDF78BFDE5E79402002090020020FE
:102F00008C0200202C1C0020F0B5D1B0079008AC3A
:102F100007A92000FDF7FEFFC0492000FDF7D0F80B
:102F2000002831D107980378002B13D1BC4B1B68C4
:102F3000002B27D0BB4CBC4B18680EF0F7FA0200F0
:102F40000B00210010A809F0D3FA10A8FDF70CFC23
:102F500051B0F0BD07F0BBFC0EF02AFB041CB04BD7
:102F60001B68002B0CD0B14D201C0EF0DFFA0200C4
:102F70000B00290010A809F0BBFAAB4B1C60E4E77A
:102F8000AB4DF1E7AB4CD6E7AB4908A8FDF798F895
:102F9000002830D107980378002B12D1A04B1B6872
:102FA000002B26D09F4CA54B18680EF0BFFA0200EC
:102FB0000B00210010A809F09BFA10A8FDF7D4FB24
:102FC000C6E707F084FC0EF0F3FA041C944B1B6870
:102FD000002B0CD0954D201C0EF0A8FA02000B001F
:102FE000290010A809F084FA944B1C60E5E7944D81
:102FF000F1E7944CD7E7944908A8FDF761F8002859
:1030000030D107980378002B12D1854B1B68002B19
:1030100026D0844C8D4B18680EF088FA02000B0005
:10302000210010A809F064FA10A8FDF79DFB8FE7B6
:1030300007F04DFC0EF0BCFA041C794B1B68002B0A
:103040000CD07A4D201C0EF071FA02000B00290002
:1030500010A809F04DFA7D4B1C60E5E77C4DF1E7C7
:103060007C4CD7E77C4908A8FDF72AF8002830D126
:1030700007980378002B12D1694B1B68002B26D0D0
:10308000684C764B18680EF051FA02000B002100D4
:1030900010A809F02DFA10A8FDF766FB58E707F015
:1030A00016FC0EF085FA041C5D4B1B68002B0CD03F
:1030B0005E4D201C0EF03AFA02000B00290010A809
:1030C00009F016FA654B1C60E5E7654DF1E7654CC4
:1030D000D7E7654908A8FCF7F3FF002830D1079827
:1030E0000378002B12D14E4B1B68002B26D04D4C81
:1030F0005E4B18680EF01AFA02000B00210010A8AF
:1031000009F0F6F910A8FDF72FFB21E707F0DFFB28
:103110000EF04EFA041C424B1B68002B0CD0434DA2
:10312000201C0EF003FA02000B00290010A809F081
:10313000DFF94E4B1C60E5E74D4DF1E74D4CD7E70D
:103140004D4908A8FCF7BCFF002826D04B4908A829
:10315000FCF7B6FF002800D1C7E0494908A8FCF7F2
:10316000AFFF002800D02FE107980378002B00D094
:1031700010E12B4B1B68002B00D123E1294C414B64
:1031800018680EF0D3F902000B00210010A809F016
:10319000AFF910A8FDF7E8FADAE608AC07A92000B5
:1031A000FDF7B8FE38492000FCF78AFF002816D149
:1031B000364B00221A600798FDF780FD002875D075
:1031C000334B1860334B344A12681A60144B1B6837
:1031D000002B00D17FE01548FDF7C6FAB8E62F496D
:1031E00008A8FCF76DFF002803D1284B01221A60C4
:1031F000E1E70B4B1B68002B0AD02948FDF7B4FA16
:10320000074B1B68002B05D02648FDF7ADFA9FE65B
:103210002548F3E708A8FDF7A7FAF5E7942E01087B
:103220000C1C0020C42A0108AC02002094170108DD
:10323000602A0108702A0108702C0108A8020020E9
:10324000842A0108942A0108742C0108A402002091
:10325000A82A0108B82A0108782C01088002002059
:10326000CC2A0108DC2A0108182601087C0200206B
:10327000F02A0108002B01087C2C0108A02C010871
:10328000BC2C010888020020842C0108A002002028
:103290009C0200209802002068090020882C010868
:1032A000AC21010870170108142B0108B14B1B68F1
:1032B000002B0AD0B048FDF757FAAE4B1B68002B25
:1032C00005D0AE48FDF750FA42E6AD48F3E707985F
:1032D000FDF74AFAF5E7AB48FDF746FA0798FDF720
:1032E00043FAA648FDF740FA32E608AC07A92000E9
:1032F000FDF710FEA4492000FCF7E2FE00280ED0E6
:103300009C4B1B68002B20D09B48FDF72DFA994B56
:103310001B68002B1BD09948FDF726FA18E69B4B3B
:1033200000221A600798FDF7C9FC002813D0984BBB
:103330001860984B984A12681A608E4B1B68002BD5
:103340001ED09648FDF710FA02E69548DDE708A87A
:10335000FDF70AFADFE7874B1B68002B0AD0864887
:10336000FDF702FA834B1B68002B05D08348FDF75D
:10337000FBF9EDE58B48F3E70798FDF7F5F9F5E77D
:103380008948FDF7F1F90798FDF7EEF97B48FDF75D
:10339000EBF9DDE507F09BFA0EF00AF9041C754B1A
:1033A0001B68002B0CD07D4D201C0EF0BFF80200D6
:1033B0000B00290010A809F09BF87C4B1C60E8E684
:1033C0007B4DF1E77B4CDAE67B4908A8FCF778FEF9
:1033D00000286ED1794B1B68002B0BD06C4B1B68FF
:1033E000002B13D1634B1B68002B0DD07448FDF7E5
:1033F000BBF9ADE55F4B1B68002B03D07048FDF7B0
:10340000B3F9A5E56F48FAE76F48F0E703F0E4FC8D
:103410006E4B1860FFF70AFD6D4B18606D4D2F68FD
:10342000624B19680CF078FA041C28606A490CF0A9
:103430007BF96A4E31680BF077FE051C3060684BF3
:103440001968201C0CF070F9061C664B1968281CC2
:103450000CF06AF9011C301C0BF066FE051C391CCF
:10346000201C0CF059FA604B19680CF05DF95A49B0
:103470000BF0D6FF011C281C0BF056FE5B4B1860AE
:103480005B4B1C68211CFCF72DFF002801D0574B1B
:103490001C60564B1868574B1C68211CFCF736FF04
:1034A000002801D0514B1C60504B1868FFF704FDF9
:1034B0004EE5514908A8FCF703FE002830D1434BE4
:1034C0001E68002E20D02B4B1B68002B26D04B4DA6
:1034D00010AC464B18680EF029F8049005913D4B4E
:1034E00018680EF023F802900391394B18680EF01B
:1034F0001DF80090019132002900200008F0F8FF2B
:103500002000FDF731F923E51A4B1B68002B03D08F
:103510002B48FDF729F91BE53948FAE7394DD7E77C
:1035200008AB1B78002B0CD1374B01221A60114BD2
:103530001B68002B03D02248FDF716F908E5334835
:10354000FAE7314B01221A600A4B1B68002B0AD0A4
:103550000948FDF709F9074B1B68002B05D0074800
:10356000FDF702F9F4E42A48F3E708A8FDF7FCF8B0
:10357000F5E7C0460C1C0020AC21010870170108BB
:103580002C2B01088C2C0108A42C0108940200208B
:10359000900200208C020020680900209417010886
:1035A000442B01085C2B0108AC2C01088802002088
:1035B000742B0108882B0108C42C01089C020020F0
:1035C00084210108A02B0108C42B0108E404002079
:1035D000F0040020EC0400206F12833A84020020E3
:1035E000AC020020A8020020A4020020E804002071
:1035F000800200207C020020C82C0108002C010859
:10360000E82B0108102C010864090020382C01085F
:10361000542C010810B5CAB0019042AC01A9200099
:10362000FDF778FC1E492000FCF74AFD00281BD05E
:103630001C4942A8FCF744FD00281AD01A4942A8A8
:10364000FCF73EFD002812D11848FDF776F80DF082
:103650006DFF02000B00164902AC200008F048FF85
:103660002000FDF781F802E01048FDF71FF84AB08E
:1036700010BD42AC01A92000FDF74CFC200007F072
:1036800026F90DF095FF041C019807F020F90DF0C4
:103690008FFF021C054B211C1800FDF75BF8E6E7C5
:1036A000D02C0108D82C0108E02C010814000020BF
:1036B000E82C010810B50C48FDF756F80B490C48EA
:1036C000012206F0E7F8002806D10A48FDF74CF879
:1036D000094B01221A6010BD0848FDF745F8064B5A
:1036E00000221A60F7E7C046F82C0108502F0108A5
:1036F00030070020202D010860090020102D01084E
:1037000010B506490022002006F0C4F80448FDF771
:103710002BF8044B00221A6010BDC046502F010840
:10372000342D01086009002010B5C2B00E4841AA2E
:1037300040A906F002FD002811D1419B5A69023AC6
:1037400059894A43409B4B43DB0AD20A07496846E2
:1037500008F0CEFE6846FDF707F842B010BD0448F9
:10376000FDF702F8F9E7C046502F01085C2D01086B
:10377000482D010810B58AB0019002AC01A92000C3
:10378000FDF7C8FB2E492000FCF79AFC00280BD15E
:103790002C4B1B68002B04D02B48FCF7E5FF0AB02C
:1037A00010BDFFF787FFFAE7284902A8FCF788FC5D
:1037B00000280AD1234B1B68002B02D0FFF7B4FF6F
:1037C000EDE72348FCF7D0FFE9E7224902A8FCF720
:1037D00077FC00280AD11B4B1B68002B02D0FFF797
:1037E0008FFFDCE71A48FCF7BFFFD8E702AB1B7876
:1037F000002B0CD1184B01221A60184B1B68002BB0
:1038000003D01748FCF7B0FFC9E71648FAE7124B98
:1038100001221A60114B1B68002B0AD01248FCF7DA
:10382000A3FF0E4B1B68002B05D01048FCF79CFF34
:10383000B5E70F48F3E702A8FCF796FFF5E7C046A7
:10384000D02C010860090020DC2D0108FC2D0108A6
:10385000042E0108202E0108640900200C1C002001
:1038600084210108A42D0108AC210108701701086A
:10387000C02D010830B59BB00190854B1B68002B13
:1038800042D004008349FCF71BFC002818D1824B6E
:103890001B68002B12D08149814C226802AD2800A0
:1038A00008F026FE2800FCF75FFF00232360784A1B
:1038B00013607C4806F0A5FB1BB030BD7A49EBE7EE
:1038C0002000FCF707FC02000A2323540132019B6D
:1038D0009B18002119700199724802AB06F003FA97
:1038E00000280CD06C4B1B68002B06D06F48FCF7EF
:1038F0003BFF6C4806F037FBDEE76D48F7E7684AA8
:10390000136801331360F4E712AC01A92000FDF73E
:1039100001FB684B00221A6067492000FCF7D0FBCE
:10392000002863D0654912A8FCF7CAFB002861D0C3
:10393000634912A8FCF7C4FB00285FD0614912A8B4
:10394000FCF7BEFB00285DD05F4912A8FCF7B8FB6E
:1039500000285BD05D4912A8FCF7B2FB002859D0C3
:103960005B4912A8FCF7ACFB002857D0594912A8B4
:10397000FCF7A6FB002855D0574912A8FCF7A0FB7E
:10398000002853D0554912A8FCF79AFB002851D0C3
:10399000534912A8FCF794FB00284FD0514912A8B4
:1039A000FCF78EFB00284DD04F4912A8FCF788FB8E
:1039B00000284BD04D4912A8FCF782FB002849D0C3
:1039C0004B4912A8FCF77CFB002800D174E712AB2E
:1039D0001B78002B44D1374B01221A602E4B1B68F9
:1039E000002B3BD04348FCF7BFFE65E70198FDF78D
:1039F000C5FA61E70198FDF7CDFA5DE70198FDF79B
:103A000043FB59E70198FDF77BFC55E70198FFF769
:103A1000B1FE51E7019800F077F84DE70198FDF706
:103A200013FF49E70198FEF79BF945E70198FEF778
:103A300065FD41E70198FEF71FFC3DE70198FEF7A1
:103A400089FA39E70198FEF7AFFF35E70198FFF7EC
:103A50005BFA31E70198FFF7DDFD2DE72648C2E765
:103A6000144B01221A600C4B1B68002B0AD0234810
:103A7000FCF77AFE084B1B68002B05D02048FCF7AA
:103A800073FE19E71F48F3E712A8FCF76DFEF5E790
:103A9000FC0400208C2E01080C1C0020282E01089C
:103AA0007802002000050020302E01086C22010859
:103AB000482E010864090020982E0108A02E010854
:103AC000A42E0108AC2E0108B42E0108B82E01085E
:103AD000A42C0108C02E0108C42E0108CC2E010818
:103AE000842C0108D02E0108D42E0108DC2E0108F8
:103AF000E02E010884210108642E0108AC21010890
:103B000070170108782E010870B5C34CA5440190C8
:103B1000C24B1B68002B47D0C14B1B68002B05D044
:103B2000C049DEA8FCF7CCFA002841D1DEAC01A9DF
:103B30002000FDF7EFF9BC492000FCF7C1FA00288E
:103B40003AD0BA49DEA8FCF7BBFA00283AD0B84907
:103B5000DEA8FCF7B5FA041E41D0B649DEA8FCF792
:103B6000AFFA061E00D171E0B349DEA8FCF7A8FA4F
:103B7000002800D1A4E0B149DEA8FCF7A1FA002892
:103B800000D00AE1019B1B78002B01D1AC4B0193C3
:103B900001990122E6A805F0AFFE002800D1E6E079
:103BA000A848FCF7E1FD09E0A748FCF7DDFD05E0CA
:103BB000A648FCF7D9FDB9E7FEF70CFBB923DB00FB
:103BC0009D4470BD019806F034FB002803D1A04845
:103BD000FCF7CAFDF2E79B48FCF7C6FDEEE701994A
:103BE0000122E6A805F088FE002803D19948FCF7D9
:103BF000BBFD15E09348FCF7B7FDDFE7002D21D0B2
:103C00000134954902AD2200280008F071FC28001B
:103C1000FCF7AAFD52A8FCF7A7FD9048FCF7A4FD0D
:103C2000A02152AEE6AA4900300006F0EEFB0500E6
:103C30003000FCF74FFA0138335C0A2BDED100224A
:103C40003254DBE7E6A806F0DCF9B7E70199012278
:103C5000E6A805F051FE002803D17E48FCF784FD5C
:103C600018E07848FCF780FDA8E7002C24D0013646
:103C7000794902AC3200200008F03AFC2000FCF741
:103C800073FD52A8FCF770FD7448FCF76DFD14201D
:103C900003F0A8F8A02152ADE6AA4900280006F0DA
:103CA000B4FB04002800FCF715FA01382B5C0A2B42
:103CB000DBD100222A54D8E7E6A806F0A2F97DE776
:103CC00001A9DEA8FDF726F9019806F005FE051EFC
:103CD0000FD00122DEA9E6A805F00EFE00280CD1C7
:103CE0005F490A2252A805F007FE002809D10124E5
:103CF0000CE05C48FCF738FD60E75248FCF734FD07
:103D00005CE75948FCF730FD58E70134A021E6AAEA
:103D1000490002A806F079FB002806D0AC42F4D096
:103D200052A902A806F09AFBEFE7E6A806F069F9A7
:103D300052A806F066F9DEA806F07BFA002809D141
:103D40004748DEA906F0CEFA002807D14748FCF71D
:103D50000BFD33E74648FCF707FD2FE74548FCF726
:103D600003FD2BE7002C14D052A8FFF783FDA02100
:103D700052ADE6AA4900280006F047FB04002800DF
:103D8000FCF7A8F901382B5C0A2BEBD100222A544E
:103D9000E8E7E6A806F035F910E73749DEA8FCF7B2
:103DA0008FF9002814D1019B1B78002B01D1244BE3
:103DB000019301993148322205F09EFD002803D17C
:103DC000174B01221A60F9E61E48FCF7CDFCF5E618
:103DD000DEAB1B78002B0CD1294B01221A60294B3A
:103DE0001B68002B03D02848FCF7BEFCE6E62748FA
:103DF000FAE7234B01221A60224B1B68002B49D0A3
:103E00002348FCF7B1FC1F4B1B68002B44D0134820
:103E1000FCF7AAFCD2E6C04638FAFFFF6009002092
:103E2000FC040020542F0108EC2101080C29010892
:103E3000E02C0108D02F0108DC2F0108C42C010858
:103E40009C3001088C2F0108242F01085C2F0108E9
:103E5000A42F0108B42F0108C82F0108701701080A
:103E60000C300108E42F0108103001088C300108E3
:103E70003430010854300108A83001080005002042
:103E8000640900200C1C002084210108EC2E01088C
:103E9000AC2101080248B4E7DEA8FCF765FCB6E7F0
:103EA000082F010872B6FEE700B585B00C2200218C
:103EB00001A808F029FC1B481B4B03608022120656
:103EC000426000238360C36002610822426103767E
:103ED00043768376073AC261202143549021C9007A
:103EE0004162803981622C21425480225201026356
:103EF0000722426335328354C36401F00DF8002871
:103F00000BD101A9094B019301234B60054801F036
:103F1000DDF9002803D105B000BDFFF7C3FFFFF7AF
:103F2000C1FFC046841F002000240140002000B4CF
:103F300010B51048104B0360002343608360C360DA
:103F400003744374837404224261033A82610D2135
:103F5000C1610B39016242628262C26202634363E1
:103F60008363C36302F0D8FF002800D110BDFFF7C0
:103F700099FFC046C01E00200064004010B51248E2
:103F8000124B0360124B4360002383600122C26026
:103F9000036143618361C361036203F0ABF90028ED
:103FA0000CD10948002103F013FA002808D1064873
:103FB000002103F039FA002804D110BDFFF772FF89
:103FC000FFF770FFFFF76EFF6C1E002000540040EB
:103FD000583D500010B51048104B036082235B0021
:103FE000436000238360C0229200C260036143618A
:103FF000013AFF3A8261C361036243628362FA3A23
:10400000FF3AC26203630833436303F061FB002895
:1040100000D110BDFFF746FF081E00200030014010
:1040200010B51148114B036082235B0043600023ED
:104030008360E022D200C26003614361802292006B
:104040008261D13AFF3AC261036243628362293AD4
:10405000C26203630833436303F03AFB002800D1D4
:1040600010BDFFF71FFFC046A41D00200038004010
:1040700010B51748174B0360E1235B024360002330
:104080008360C36003610C2242618361C361036288
:104090004362836204F0F2F9002811D10C48002138
:1040A00004F08EFA00280DD10948002104F0AEFA80
:1040B000002809D1064804F063FA002806D110BD93
:1040C000FFF7F0FEFFF7EEFEFFF7ECFEFFF7EAFE6C
:1040D000C41C00200038014010B51948194B03607A
:1040E000E1235B02436000238360C36003610C2211
:1040F00042618361C3610362436210338362802340
:104100005B01C36304F0BAF9002811D10C48002107
:1041100004F056FA00280DD10948002104F076FA7F
:10412000002809D1064804F009FA002806D110BD7C
:10413000FFF7B8FEFFF7B6FEFFF7B4FEFFF7B2FEDB
:10414000301C00200044004000B589B0142200213A
:1041500003A808F0D9FA0C220021684608F0D4FA26
:1041600015488023DB050360192343600023836027
:10417000124AC26003618033836106F06DFA002841
:1041800014D103A9002303934B600B4806F002FBF4
:1041900000280DD16946202300930023029306488E
:1041A00006F026FB002805D109B000BDFFF77AFE16
:1041B000FFF778FEFFF776FE581D00204FC3000082
:1041C00010B594B005AC3C220021200008F09CFA08
:1041D0001022002101A808F097FA8020800002F048
:1041E00025FD0223059380225200089200220992A5
:1041F00040210A910D930E930F9206331093802362
:104200009B02119380239B04129380239B0513939D
:10421000200001F01BFC002810D101A80723019306
:10422000053B436000238360A023DB01C3600221C0
:1042300001F0F4FE002803D114B010BDFFF732FEE8
:10424000FFF730FE70B5D2B002F0A6FDFFF7B8FF61
:10425000FCF71AF9FCF77EF9FFF726FEFFF768FE78
:10426000FFF78CFEFFF7B6FEFFF7DAFEFFF700FF61
:10427000FFF732FF04F050FA002801D0FFF712FEDA
:10428000FFF762FFFA20400002F0ACFD50490A68D7
:10429000504B1A408023DB0313430B604E4C20002D
:1042A00001F018FB4D490122200001F029FA4C4889
:1042B00006F036F94B4802F021FF200001F0C8FA61
:1042C00000266662A662200000F026FE200001F0B3
:1042D000E3F96421200000F041FF200000F09EFF80
:1042E00080B2A3235B006B441880C820400002F01A
:1042F00079FDFCF733FCFFF7DDF93B4B1B68586891
:1043000033000222310008F03DF83848FCF72CFA5F
:10431000374C236801252B4323603648FFF7AAFA60
:104320002368AB4323603448FCF7C0F933480123CA
:1043300001224621FF31694403F090FF041E0BD196
:104340004623FF336B441B780D2B15D00A2B13D05B
:10435000721C01A98B55D6B2294D2C68002CE5D0D2
:10436000A2235B00E358002B0EDD25004D35FF3501
:10437000A6235B00E458F1E701AB00229A55180030
:10438000FFF778FA2600E7E7A4235B00E358002B49
:1043900004D0174A136801210B4313602000FFF774
:1043A00069FA134A136801218B431360A0235B0051
:1043B000E358002B03D0A2225200A350CEE7A6233D
:1043C0005B00E3582B60200006F096FA2C68C5E7E6
:1043D00008270140FFFF3FFE841F0020300000201F
:1043E000581D0020C01E0020D0010020B030010860
:1043F000F01B0020C030010814000020301C0020F9
:10440000F804002010B586B00F2169440870172405
:104410006C44054832230093313B220003F0B4FA88
:10442000207806B010BDC046A41D002070B506005F
:1044300002F0D2FC0500FF20FFF7E4FF0400FF2894
:1044400004D002F0C9FC401BB042F4D32000FF3876
:104450004342584170BDF8B507000E00002405E046
:104460003D19FF20FFF7CEFF28700134B442F7D387
:10447000F8BD000010B501220221034802F0FFF947
:10448000FF20FFF7BFFF10BD0004005010B5002251
:104490000221094802F0F3F9FF20FFF7B3FFFA20E9
:1044A0004000FFF7C3FF041E02D00124200010BD0E
:1044B000FFF7E0FFFAE7C0460004005070B50400C3
:1044C0000D0043B2002B20DB0C2C05D0FFF7D2FFF0
:1044D000FFF7DCFF00283AD040202043C0B2FFF7AE
:1044E00091FF280EFFF78EFF280CC0B2FFF78AFF5E
:1044F000280AC0B2FFF786FFE8B2FFF783FF002C5F
:104500000DD0082C1DD001200AE07F231C40002183
:104510003720FFF7D3FF02000128D5D90FE09520FF
:10452000FFF770FF0C2C0ED00A24FF20FFF76AFF64
:104530000200000603D5013CE4B2002CF5D11000C6
:1045400070BD8720ECE7FF20FFF75CFFECE7FF2260
:10455000F5E7000010B501238AB2034C5B4201006D
:10456000200003F037F910BDA41D002070B5040031
:104570000D00FA204000FFF759FF002800D170BD60
:104580002800FFF73FFFFD2D01D10120F7E7802133
:1045900089002000FFF7DEFFFF20FFF733FFFF2039
:1045A000FFF730FFFF20FFF72DFF1F230340052BF0
:1045B00001D10120E3E70020E1E7000010B504008D
:1045C00002F00AFC024B1860024B1C6010BDC04692
:1045D000EC1F0020E81F002010B502F0FDFB044B8B
:1045E0001B68C01A034B1B6898428041404210BDB3
:1045F000EC1F0020E81F002070B505000E00C82049
:10460000FFF7DCFFFF20FFF7FDFE0400FF2803D1CA
:10461000FFF7E2FF0028F5D1FE2C01D0002070BD8D
:1046200031002800FFF717FFFF20FFF7EBFEFF2008
:10463000FFF7E8FE0120F2E770B582B0002800D055
:10464000A7E0554B1B789B0710D4544B1A6813688E
:1046500038218B4308390B4313600A24002C09D0FE
:10466000FF20FFF7CFFE013CE4B2F7E74A4B187892
:10467000C0B21EE000210020FFF720FF0500060069
:10468000012818D0464B1C70FFF7F4FE002C00D117
:104690007BE0424B1A68136838218B4328390B435F
:1046A00013603D4A13780F398B4313703A4B1878D7
:1046B000C0B202B070BDFA208000FFF77FFFD521A5
:1046C00049000820FFF7FAFE012839D1250006E04D
:1046D000FF20FFF797FE01AB58550135EDB2032DD2
:1046E000F6D901AB9B78012BCCD101ABDB78AA2B9F
:1046F000C8D1FFF771FF002806D08021C905A92085
:10470000FFF7DCFE0028F4D1FFF766FF002801D197
:104710000400B7E700213A20FFF7D0FE051E07D0BE
:10472000B0E7FF20FFF76EFE01AB58550135EDB243
:10473000032DF6D901AB1B785B0624D50C24A1E729
:104740000021A920FFF7BAFE01280FD9FFF744FF87
:10475000002805D000213000FFF7B0FE0028F5D179
:10476000FFF73AFF002804D104008BE70225A926B1
:10477000ECE7802189001020FFF7A0FE002800D080
:1047800080E72C007EE704247CE7034B01221A70AB
:104790008CE701208DE7C04638000020A41D0020D2
:1047A000F01F0020002803D1024B1878C0B27047D8
:1047B0000120FCE73800002070B50D0011001C003E
:1047C000002837D1002B37D01D4B1B78DB0735D4A1
:1047D0001C4B1B781B0700D45102012C1CD012204B
:1047E000FFF76CFE002811D1802189002800FFF717
:1047F00003FF002806D080239B009C466544013CB3
:10480000002CF1D100210C20FFF758FEFFF732FEFB
:10481000631E9C41E0B270BD1120FFF74FFE0028DF
:10482000F4D1802189002800FFF7E6FE0028EDD0B2
:104830000024EBE70420EEE70420ECE70320EAE79E
:1048400038000020F01F002070B50D0016001C007D
:10485000002847D1002B47D0264B1B78DB0745D4D7
:10486000244B1B785B0743D4234B1B781A0700D4D7
:104870007602012C21D006221A422CD131001920B7
:10488000FFF71CFE002812D1FC212800FFF76EFE66
:10489000002806D080239B009C466544013C002CE8
:1048A000F2D1FD210020FFF761FE002818D0FFF7AC
:1048B000E1FD631E9C41E0B270BD31001820FFF79E
:1048C000FDFD0028F3D1FE212800FFF74FFE002850
:1048D000EDD00024EBE721009720FFF7EFFDCDE7B7
:1048E0000124E4E70420E7E70420E5E70320E3E709
:1048F0000220E1E738000020F01F002070B584B0EE
:104900000C001600002800D0FEE0814B1B78DB076E
:1049100000D5FBE003295CD011D800291BD0012968
:104920000BD100210920FFF7C9FD051E1AD0250073
:10493000FFF7A0FD280004B070BD0425F8E70429A6
:1049400007D1744B1B7806221A4200D09DE0012546
:10495000EEE70425ECE7FFF799FD002800D0C9E059
:104960000125E5E710216846FFF746FE002800D143
:10497000C2E06B461B789B09012B1BD06A4651791C
:104980000F230B40917AC9095B18507A4000062129
:1049900001405918137A9B09D07980001B1892792D
:1049A0009202C020000102409B18013307398B405E
:1049B0003360BDE76A46537A117A09025B18D279EF
:1049C0001204FC2189030A409B1801339B023360C7
:1049D000AEE7504B1B785B0722D500218D20FFF7F7
:1049E0006DFD002801D00125A2E7FF30FFF70AFD89
:1049F00010216846FFF700FE00280FD1012597E738
:104A0000FF20FFF7FFFC013DEDB2002DF8D16B4612
:104A10009A7A120910239340336089E73025F4E72E
:104A200000210920FFF74AFD041E01D001257FE780
:104A300010216846FFF7E0FD00285FD0354B1B785A
:104A4000022215001D401A420FD06A46917A490091
:104A50007E230B40D17AC9095B180133527B92093E
:104A6000013A93403360250062E769468B7A9B10D8
:104A70001F221A400132C97AC8001823034049098D
:104A80005B1801335343336052E76A460B21FFF74B
:104A900035FF002834D16B461B789B0903D16B4648
:104AA0009B7A5B062ED5316874681A4B1B781B07FE
:104AB00001D4490264022020FFF700FD002801D044
:104AC000012535E721002130FFF7F8FC002801D04F
:104AD00001252DE700212630FFF7F0FC051E01D04F
:104AE000012525E70C48FFF7A1FC002800D01FE7AF
:104AF00001351DE725001BE7250019E7012517E70C
:104B0000012515E7012513E7042513E7032511E720
:104B100038000020F01F002030750000FEE7FEE79F
:104B20007047704710B502F04BF9FDF7D7FC10BD88
:104B300010B5024802F00AF810BDC046241F00203C
:104B400000B583B00B4B196C012211431964196C29
:104B50000A400092009ADA6B802149050A43DA6321
:104B6000DB6B0B400193019BC020C00002F04CF9AD
:104B700003B000BD0010024010B588B0040014223C
:104B8000002103A807F0C0FD22681E4B9A4201D005
:104B900008B010BD1C4B1A6C802149030A431A64EB
:104BA0001A6C0A400192019A596B01221143596310
:104BB0005B6B13400293029B03A9039203234B6098
:104BC000A020C00501F094FD1048114B036005239F
:104BD000436000238360C3608022026180324261AF
:104BE0008022D20082612022C261036201F0B6FEFF
:104BF000002803D1054B23659C62C9E7FFF752F9F2
:104C0000F8E7C0460024014000100240241F0020A5
:104C10000800024010B59AB004001422002115A823
:104C200007F072FD4C22002102A807F06DFD2268FA
:104C3000184B9A4201D01AB010BD80239B040293F6
:104C400002A801F0CBFA002821D1134BDA6B8021A6
:104C500049010A43DA63DA6B0A400092009A596B01
:104C60000122114359635B6B1A400192019B15A904
:104C7000C0235B01159302234B6000238B60CB6044
:104C800003330B61A020C00501F032FDD3E7FFF72D
:104C900009F9DAE7006400400010024010B59AB04C
:104CA00004001422002115A807F02EFD4C2200213B
:104CB00002A807F029FD2268174B9A4201D01AB0CA
:104CC00010BD2023029302A801F088FA00281FD10A
:104CD000124C626B02231A436263626B13400093AF
:104CE000009B15A9C0231593AE3B4B6000238B603E
:104CF000CB6006330B610A4801F0FAFCE36B8022BB
:104D000092031343E363E36B13400193019BD6E7E4
:104D1000FFF7C8F8DCE7C04600540040001002402E
:104D200000040050F0B58BB004001422002105A847
:104D300007F0EAFC2368304A934204D02F4A93429A
:104D40001DD00BB0F0BD2E4B1A6C802149010A43D7
:104D50001A641A6C0A400092009A596B012211439E
:104D600059635B6B1A400192019B05A9C22305930D
:104D7000C03B4B60A020C00501F0BAFCE1E7204B2E
:104D8000DA6B8021C9010A43DA63DA6B0A400292C6
:104D9000029A5A6B012632435A635A6B324003928D
:104DA000039A5A6B02252A435A635B6B2B40049388
:104DB000049B05AC08230593069507960895A02744
:104DC000FF052100380001F093FC102305930695A0
:104DD0000796089509962100380001F089FC802388
:104DE000DB00059306950796089505230993210096
:104DF000044801F07DFCA4E7003001400038004089
:104E0000001002400004005082B002688023DB05DD
:104E10009A4201D002B07047044AD16B0123194372
:104E2000D163D26B13400193019BF3E70010024062
:104E300010B59CB004001422002117A807F064FCF0
:104E40004C22002104A807F05FFC23682E4A9342FD
:104E500004D02E4A93422CD01CB010BD01230493E1
:104E600004A801F0BBF9002820D1294B1A6C80213D
:104E7000C9010A431A641A6C0A400092009A596BDD
:104E80000122114359635B6B13400193019B17A9E6
:104E9000C023DB00179302234B6000238B60CB60A1
:104EA0000A61A020C00501F023FCD5E7FEF7FAFF58
:104EB000DBE70223049304A801F090F900281FD136
:104EC000134BDA6B802189020A43DA63DA6B0A40FA
:104ED0000292029A596B0122114359635B6B134092
:104EE0000393039B17A90B4B179302234B600023DB
:104EF0008B60CB600A61A020C00501F0F9FBABE735
:104F0000FEF7D0FFDCE7C046003801400044004017
:104F1000001002400480000030B583B0040000237C
:104F20000193002800D106E1836D002B13D0236884
:104F30009A68D2001CD49968804A11408022520598
:104F40000A439A607E4B18687E49FBF7DFF8013010
:104F50004000019009E0FFF70FFE0023E3655422B3
:104F6000A354E4E7019B013B0193019B002BF9D182
:104F700023689A68D20000D59DE0A26D10210A43F3
:104F8000A265E26D0F390A43E26501209A680421A7
:104F90000D001540114200D00125A26DD20600D5AA
:104FA000C2E0002D00D0BFE0A26D67490A40063183
:104FB000FF310A43A2659A68D20752D4A268217EC3
:104FC00089030A43617EC9030A43A57E69030A4334
:104FD000216B002901D0802149010A43E1680A437D
:104FE0002169002969DB802189030A432C21615C46
:104FF00049000A432021615C012961D0616A0029CE
:1050000005D0E0256D002940A56A29430A43D968E7
:105010004E4D29400A43DA6063689B0F9B07E26CA0
:105020001A433C21615C012959D021680B69484D24
:105030002B4013430B616368C0221206934210D0C9
:105040008022D20593420CD080221206934208D0CF
:1050500040490A68404D2A40F025AD032B401343D8
:105060000B602168636B4A690725AA4313434B61B0
:105070002168A26B4B696935AB43120113434B6145
:105080002369002B35D12268916A103B0B43936250
:1050900023685A6907231340626B9A423BD0A36D81
:1050A00012229343023A1343A365E36D0F3A13436D
:1050B000E36501203DE0002068E74900490894E7E6
:1050C000002D03D1802149020A4397E7A16D2025D5
:1050D0002943A165E16D1F3D2943E1658EE7216C00
:1050E0000B43616C0B43A16C0B43134301221A4326
:1050F0009BE7802292039342CAD121688B6AE369BD
:10510000013B9B001C221A4010235B429340226EFD
:1051100013438B62BCE70023E365A36D0322934333
:10512000023A1343A36504E0A36D10221343A36561
:10513000012003B030BD0120FBE7C046E8FFFF6F50
:1051400040000020400D0300FDFEFFFF0102DEFFD6
:1051500002FCFF1F08270140FFFFC3FFF8B5040052
:105160000D004669082E04D00368DB68DB071DD4F8
:10517000042601F031FE070023681A6816421BD18D
:105180006B1CF9D001F028FEC01BA84201D8002DED
:10519000F2D123681B681E42EED1A36D0422134393
:1051A000A36554230022E254032029E0836D2022CA
:1051B00013438365012023E0A16D802292000A43FE
:1051C000A265D968C0221201114213D1A27E002A21
:1051D00010D11A6812070DD59A68520711D45A686F
:1051E0000C218A435A60A36D0B4A13400432FF32EC
:1051F0001343A365207E00280CD123680C221A607B
:10520000F8BDA36D20221343A365E36D1F3A13433A
:10521000E365EFE70020F3E7FEFEFFFF0368186C8D
:105220007047704710B5806AFFF7FBFF10BD7047ED
:1052300010B5806A836D402213438365C36D3C3A89
:105240001343C365FFF7F3FF10BD000010B5030063
:10525000806A826D502111422AD1826D80239B0089
:10526000134383650368D968C0221201114213D128
:10527000827E002A10D11A6812070DD59A6852074B
:105280000DD45A680C218A435A60836D0E4A13402C
:105290000432FF3213438365FBF7ECF910BD836DD5
:1052A000202213438365C36D1F3A1343C365F3E79D
:1052B000826DD20604D4026D526B18009047EDE760
:1052C000FFF7B5FFEAE7C046FEFEFFFFF0B583B08B
:1052D00004000023019305695433C35C012B00D102
:1052E0002FE154230122C254006883680332160060
:1052F0001E401A4209D0A36D1C321343A36501203E
:1053000054230022E25403B0F0BD4B68022B00D1BD
:10531000D5E080221206954225D08B4A954222D0B4
:10532000226E1F271F400F25BD40AA430B685D0357
:105330002FD19B0E1F261E40BE40324322664D6871
:10534000AB080133E269934213D80E68826A1F23C7
:105350001D40103B1F00AF40BA43B60E3340AB4078
:105360001343836205E00B68826A5B035B0B1343A4
:10537000836220680B688D6842691B029A432B4048
:10538000724D2B40134343610B68002B4FDB002011
:10539000B6E7DD07D0D49D0727D45D0727D41D07C6
:1053A00027D4DD0627D49D0627D45D0627D41D0605
:1053B00027D4DD0527D49D0527D45D0527D41D05F9
:1053C00027D4DD0427D49D0427D45D0427D41D04ED
:1053D00027D4DD0327D49D0327D48025ED021E00AA
:1053E0002E402B42A8D01226A6E70126A4E70226CB
:1053F000A2E70326A0E704269EE705269CE70626EB
:105400009AE7072698E7082696E7092694E70A26EA
:1054100092E70B2690E70C268EE70D268CE70E26EA
:105420008AE70F2688E7102686E7112684E7484A90
:105430001168E02252040A404648834207D0464899
:10544000834222D0454883422CD0002058E70802EE
:10545000F5D480231B0413433D490A6840480240A9
:1054600013430B603F4B18683F49FAF74FFE01307A
:1054700043001B189B00019302E0019B013B019339
:10548000019B002BF9D100203AE7C801DAD4802330
:105490005B0413432E490A683148024013430B60F2
:1054A00000202DE749024AD48023DB031343284917
:1054B0000A682B48024013430B60002020E780233A
:1054C0001B069D4202D0204B9D4205D10B68826A8B
:1054D0005B035B0B9A4382620B68002B01DB0020AD
:1054E0000EE71B4A12681B498B4207D01A498B42B0
:1054F0000FD01A498B4217D0002001E7A0235B048C
:105500001A4013490B68164803401A430A600020EA
:10551000F6E6C0231B041A400D490B6810480340EF
:105520001A430A600020EBE6C0235B041A400849D6
:105530000B680B4803401A430A600020E0E6002095
:10554000DEE60220DFE6C0460400008000FFFF0721
:1055500008270140001000B0004000B8002000B44F
:10556000FFFF3FFE40000020400D030070B5040027
:10557000026893685B0724D593689B0705D49368FA
:1055800011490B4010210B43936001F025FC0500ED
:1055900023689B685B0712D501F01EFC401B0228A4
:1055A000F6D923689B685B07F2D5A36D10221343DD
:1055B000A365E36D0F3A1343E365012002E0002089
:1055C00000E0002070BDC046E8FFFF7F30B583B02B
:1055D00004000023019303689A68D2074FD49968A6
:1055E000284A114211D19A6827490A4001210A43E9
:1055F0009A60264B1B681B0217D5254B1868254956
:10560000FAF784FD013001900CE0836D1022134302
:105610008365C36D0F3A1343C365012030E0019BDE
:10562000013B0193019B002BF9D1637E012B01D13A
:10563000002025E001F0D0FB050023681A68D2079E
:105640001BD49A68D20705D49A680F490A400121F1
:105650000A439A6001F0C0FB401B0228EDD9236881
:105660001B68DB07E9D4A36D10221343A365E36D28
:105670000F3A1343E365012002E0002000E0002020
:1056800003B030BD17000080E8FFFF7F082701400E
:1056900040000020400D030010B5040003689B6823
:1056A0005B0724D45423C35C012B22D05423012252
:1056B000C254FFF78BFF002815D1A26D0E4B1A4084
:1056C00080235B001343A3650023E36522681C214C
:1056D00011605422A3542268936808490B400421A6
:1056E0000B43936004E054230022E25400E00220C4
:1056F00010BD0220FCE7C046FEF0FFFFE8FFFF7F81
:1057000070B504000D001600026893685B0747D46B
:105710005423C35C012B45D0012354214354D16849
:105720000B420DD19368DB0705D593681E490B40EA
:1057300002210B4393602268D36801210B43D3609D
:105740002000FFF743FF00282BD1A26D174B1A4012
:1057500080235B001343A3650023E365226D144996
:10576000D162226D13491163226D1349516322687E
:105770001C2111605422A354226853680C390B4336
:10578000536021684031206D33002A0001F054F944
:105790002268936804490B4004210B43936000E0A6
:1057A000022070BD0220FCE7E8FFFF7FFEF0FFFF54
:1057B0004D520008255200083152000870B504000F
:1057C00003689A68022108001040114200D00120AD
:1057D0009A68D20735D5002835D1996805220A4044
:1057E000012A09D0A36D10221343A365E36D0F3A7C
:1057F0001343E365012025E09A6814490A40022119
:105800000A439A60236803221A6001F0E5FA050052
:1058100023689B68DB0712D501F0DEFA401B0228E3
:10582000F6D923689B68DB07F2D5A36D10221343DA
:10583000A365E36D0F3A1343E365012002E0002006
:1058400000E0002070BD0020FCE7C046E8FFFF7FBD
:1058500070B504005423C35C012B36D054230122BD
:10586000C254FFF783FE051E1DD1206D2523C35CA6
:10587000022B1DD02268536810218B435360002DEA
:105880001FD12000FFF79AFF0500002D06D1A36D60
:105890000F4A13400432FF321343A3652268D368D2
:1058A00001218B43D36054230022E254280070BDB1
:1058B00001F010F9051EDDD0A36D40221343A3654E
:1058C000D8E72000FFF77AFFDFE70225EEE7C046C2
:1058D000FEFEFFFFF0B583B00400002301935433B4
:1058E000C35C012B00D1A2E001265423C654FFF76C
:1058F00065FF050023689A6831001140164209D0FF
:10590000A36D10221343A36554230022E254280000
:1059100003B0F0BDA26D474802400630FF3002439D
:10592000A265DE68444A1640DA6844480240DA60FC
:10593000080005E0B4229A587F231340C0180131B3
:1059400007291CD82768BA683D4B1A4018331343FF
:10595000BB6023689A68002AECDA019B013301934B
:10596000019A384B9A42F4D9A36D12229343023A1A
:105970001343A36554230022E2540125C7E7FAF735
:10598000C5FB226893682E490B4001210B439360AD
:10599000226811698023DB05994217D22A4B1B68C4
:1059A000F02189030B40E02149038B420ED39B0C6D
:1059B000033B012199400091009B5B08009302E0AA
:1059C000009B013B0093009B002BF9D1B42153585D
:1059D0007F27BB43184350502268936818490B40F7
:1059E00002210B43936001F0F7F9070023689A68DE
:1059F000D20709D4DA683243DA60A36D03229343F5
:105A0000023A1343A3657FE701F0E6F9C01B0228C1
:105A1000ECD923689B68DB07E8D5A36D10221343FC
:105A2000A365E36D0F3A1343E36501256FE7022594
:105A30006DE7C046FDFEFFFF03800000FC7FFFFF17
:105A4000E8FFFF7FFFF102000827014070B582B038
:105A5000041E00D15EE20368DB0739D5C14A9168B4
:105A600038230B40D16803220A40102B26D0082B84
:105A700026D063688022520293427FD0A022D202B5
:105A8000934200D181E0B74B1A68B7490A401A60C7
:105A90001A68B6490A401A606368002B00D180E09A
:105AA00001F09AF90500AF4B1B689B0310D401F07D
:105AB00093F9401B6428F6D903202CE2032AD6D19F
:105AC000A84B1B689B0303D56368002B00D124E21D
:105AD00023689B0731D5A34A916838230B40D168CE
:105AE00003220A40102B6AD0002B6BD19D4A12680A
:105AF000520503D5E268002A00D110E299484268B5
:105B00009B490A40616909020A434260002B0DD19A
:105B1000036898490B4021690B4303600368DB0A63
:105B200007221A40944BD340944A1360944B186850
:105B300001F006F9002800D0F3E123681B0700D428
:105B400081E0884B9A6838231340182B73D0A369DF
:105B5000002B00D1B4E0834A136E01210B4313667E
:105B600001F03AF905007F4B1B6E9B076BD401F0E7
:105B700033F9401B0228F6D90320CCE1794A116899
:105B800080235B020B43136086E7764B1968802203
:105B9000D2020A431A601968802252020A431A602C
:105BA0007AE701F019F905006E4B1B689B038FD54E
:105BB00001F012F9401B6428F6D90320ABE1022A58
:105BC00092D193E7E368002B22D0664A13686949B3
:105BD0000B4021690B431360116880235B000B436A
:105BE000136001F0F9F805005E4B1B685B0506D4F5
:105BF00001F0F2F8401B0228F6D903208BE1594945
:105C00004B685B4A13406269120213434B6094E78E
:105C1000544A13685B490B40136001F0DDF805003E
:105C2000504B1B685B0588D501F0D6F8401B022855
:105C3000F6D903206FE14B4B1B6E9B0703D5A3697D
:105C4000002B00D16FE123685B0700D4A2E0454B35
:105C50009A6838231340202B45D0424BDB6BDB0086
:105C60004AD4404BDA6B802149050A43DA63DB6B87
:105C70000B400193019B0125434B1B68DB053DD580
:105C8000A368012B4ED0052B52D0364BDA6D012183
:105C90008A43DA65DA6D03318A43DA65A368002B3B
:105CA00050D001F099F806002E4BDB6D9B076FD4A6
:105CB00001F092F8801B354B9842F5D903202AE178
:105CC000284A136E01218B43136601F085F8050005
:105CD000244B1B6E9B07B6D501F07EF8401B0228B3
:105CE000F6D9032017E11F4BDB6D9B0752D5A36844
:105CF000002B4FD101200EE10025BDE7224A11689B
:105D000080235B000B43136001F066F806001E4B16
:105D10001B68DB05B4D401F05FF8801B0228F6D9BC
:105D20000320F8E00F4AD36D01210B43D365B5E79B
:105D30000C4BDA6D04210A43DA65DA6D03390A4344
:105D4000DA65ABE701F048F80600064BDB6D9B0710
:105D50001ED501F041F8801B0C4B9842F5D9032069
:105D6000D9E0C04600100240FFFFFEFFFFFFFBFF2F
:105D7000FF80FFFFFFC7FFFF0024F400400000206A
:105D80003C000020FFFEFFFF007000408813000071
:105D9000012D19D023689B062FD5E369002B19D05C
:105DA0006A4A11688023DB030B43136001F014F887
:105DB0000500664B1B681B021FD401F00DF8401B49
:105DC0000228F6D90320A6E0604AD36B60490B4055
:105DD000D363DFE75D4A13685E490B40136000F050
:105DE000FBFF0500594B1B681B0206D500F0F4FFB2
:105DF000401B0228F6D903208DE0236A002B00D136
:105E000093E0524A916838220A40102A5AD0022B55
:105E100012D04E4A136850490B40136000F0DCFF6B
:105E200004004A4B1B689B0145D500F0D5FF001BC1
:105E30000228F6D903206EE0444A136846490B4015
:105E4000136000F0C9FF0500404B1B689B0106D59D
:105E500000F0C2FF401B0228F6D903205BE03B4A5A
:105E6000D3683E491940636AA06A0343E06A0002AE
:105E70000343206B0343606B0343A06B03430B435B
:105E8000D360116880235B040B431360D1688023C7
:105E90005B050B43D36000F09FFF04002B4B1B6896
:105EA0009B0106D400F098FF001B0228F6D90320BE
:105EB00031E000202FE0254AD36829490B40D36008
:105EC000002028E0012B32D0204BDA680323134056
:105ED000616A8B422DD170231340A16A8B422AD173
:105EE000FE21C9011140E36A1B02994225D1F82322
:105EF0009B031340216B8B4221D1E0231B051340F0
:105F0000616B8B421DD1520F5207A36B9A421AD17B
:105F1000002000E0012002B070BD0120FBE701205D
:105F2000F9E70120F7E70120F5E70020F3E701207A
:105F3000F1E70120EFE70120EDE70120EBE7012089
:105F4000E9E70120E7E70120E5E7C046001002404D
:105F5000FFFFFFEFFFFFBFFFFFFFFFFE8C80C111C0
:105F6000FCFFFEEE10B52A4B9B6838221A4207D17F
:105F7000274B1A68D20A072313402648D84010BD81
:105F8000234B9A6838231340082B3BD0204B9A6848
:105F900038231340102B0DD01D4B9A683823134023
:105FA000202B31D01A4B9A6838231340182B26D057
:105FB0000020E4E7164AD1680D3B0B40D268120975
:105FC000072111400131032B0FD01248FAF79EF838
:105FD0000F4BDA68120A7F23134058430C4BD968E1
:105FE000490F0131FAF792F8C9E70B48FAF78EF832
:105FF000074BDA68120A7F2313405843EEE7FA2072
:10600000C001BCE70448BAE780200002B7E7C046F9
:10601000001002400024F40000127A0070B5040061
:106020000D00002800D1AAE0574B1A68072313403F
:106030008B4221D323689A070ED55B0705D5534AB7
:106040009168E023DB010B439360504A9368504909
:106050000B40A1680B4393602368DB0754D563684A
:10606000012B20D0022B3BD0002B3FD1474A126896
:1060700052051CD401206AE0434A136807218B4370
:106080002B43136000F0A8FE06003F4B1A6807235D
:106090001340AB42CED000F09FFE801B3D4A9042A1
:1060A000F3D9032053E0394A1268920369D537497E
:1060B0008A680720824313438B6000F08DFE060040
:1060C000324B9B6838221A406368DB009A421BD02F
:1060D00000F082FE801B2F4B9842F1D9032036E05E
:1060E0002A4A12689201E2D4012030E0032B05D045
:1060F000264AD26D9207DAD4012028E0234A126E94
:106100009207D4D4012022E01F4B1A6807231340C2
:10611000AB421DD823685B0706D51C4A93681E490D
:106120000B40E1680B439360FFF71CFF174B9A6825
:10613000120A0F231340194A9B009A581F23134039
:10614000D840174B1860174B186800F0F9FD70BD68
:106150000D4A136807218B432B43136000F03CFE6C
:106160000600094B1A6807231340AB42D2D000F057
:1061700033FE801B074B9842F3D90320E7E7012049
:10618000E5E70120E3E7C04600200240001002409E
:10619000FFF0FFFF88130000FF8FFFFF6C31010845
:1061A000400000203C000020014B18687047C046AA
:1061B0004000002010B5FFF7F7FF064B9A68120B5E
:1061C00007231340044A9B009A581F231340D840CA
:1061D00010BDC046001002404C310108F0B583B03C
:1061E000040003689B0362D5AE4BDB6BDB001ED45F
:1061F000AC4BDA6B802149050A43DA63DB6B0B4059
:106200000193019B0126A84A116880235B000B4380
:10621000136000F0E1FD0500A34B1B68DB0508D40B
:1062200000F0DAFD401B0228F6D9032502E0002623
:10623000E9E70025002D23D19A4BD96DC0229200A9
:106240000B001340114212D0226C9A420DD0954A95
:10625000D36D96490B40D06D802149020143D16531
:10626000D16D93480140D165D365DB0710D4002D73
:1062700006D18C4AD36D8D490B40216C0B43D365FD
:10628000012E15D1874AD36B8A490B40D3630FE0A7
:1062900000F0A2FD0700834BDB6D9B07E7D400F005
:1062A0009BFDC01B844B9842F5D90325DFE70025F1
:1062B0002368DB0706D57B4A536D03218B43616856
:1062C0000B43536523689B0706D5764A536D0C2113
:1062D0008B43A1680B43536523685B0706D5714A5E
:1062E000536D30218B43E1680B4353652368DB0614
:1062F00006D56C4A536D71490B4021690B435365B8
:106300002368DB0406D5674A536D68490B40616911
:106310000B43536523689B0506D5624A536D684954
:106320000B40A16A0B43536523685B0506D55D4AA4
:10633000536D64490B40E16A0B43536523689B0628
:1063400006D5584A536D60490B40A1690B4353650C
:1063500023685B0606D5534A536D5C490B40E169DF
:106360000B43536523685B040BD54E4A536D9B006A
:106370009B08216B0B435365226B8023DB059A42FC
:1063800062D023681B0306D5464A536D40218B43D8
:10639000616B0B43536523689B020BD5414A536DD8
:1063A0004B490B40A16B0B435365A26B8023DB036E
:1063B0009A4250D023685B020BD53A4A536D454947
:1063C0000B40E16B0B435365E26B80235B049A4205
:1063D00048D023681B0509D5324A936D03218B43AE
:1063E000216A0B439365236A012B40D023689B04E9
:1063F00009D52C4A936D0C218B43616A0B4393653D
:10640000636A042B39D02368DB010BD5254A936DD1
:106410002D490B40616C0B439365626C80239B019B
:106420009A4230D023689B010BD51E4A936D1F49B9
:106430000B40A16C0B439365A26C80235B009A42D6
:1064400028D0280003B0F0BD164AD16880235B0233
:106450000B43D36095E7134AD16880235B040B4359
:10646000D360A7E70F4AD1680B43D360B1E7D16887
:1064700080235B020B43D360B8E7D16880235B02C3
:106480000B43D360BFE7074AD16880235B040B430B
:10649000D360C7E7034AD16880235B040B43D36012
:1064A000CFE7C0460010024000700040FFFCFFFF35
:1064B000FFFFFEFFFFFFFFEF88130000FFF3FFFF6A
:1064C000FFFFF3FFFFFFCFFFFFCFFFFFFF3FFFFF08
:1064D000FFFFBFFFFFFFFFFE30B5054C61690125DF
:1064E000294361610260BFF36F8F436030BDC046D6
:1064F00000200240084B5B69002B01DB0020704745
:10650000054B064A9A60064A9A605B69002B01DBDC
:106510000020F4E70120F2E7002002402301674554
:10652000AB89EFCD70B5040000F056FC0500154BAB
:106530001A69C0239B021A4208D0631CF7D000F0EE
:106540004BFC401BA042F2D303201AE00D490A691C
:106550000D4B16001E400D4808611A420CD1094B24
:106560001B695B030CD5631CF9D000F035FC401BA4
:10657000A042F4D3032004E0054B5E60012000E05C
:10658000002070BD00200240FAC30000FBC30800D9
:10659000F41F0020F8B507000C0015001E00144B76
:1065A0001B78012B22D0124B01221A7000225A6054
:1065B000FA208000FFF7B6FF00280DD1012F0FD081
:1065C000290020000BF070F8FA208000FFF7AAFFE6
:1065D000084A5369BB435361054B00221A70F8BD4A
:1065E0002A0033002000FFF777FFEDE70220F6E7EF
:1065F000F41F00200020024010B5FA208000FFF7B1
:1066000091FF064B5969802212060A435A615B6961
:10661000002B01DB012010BD0020FCE70020024020
:10662000034A536903438020400218435061704776
:1066300000200240094B5B69094A1A40042809D02E
:1066400080239B011343C9001943064B0B43034AA4
:1066500053617047044A1340F5E7C04600200240EA
:1066600007E0FFFF0200010007C0FFFF70B5040054
:106670000E001D4B1B78012B34D01B4B01221A70CE
:1066800000225A60FA208000FFF74CFF002825D135
:106690002368042B14D001235B423360A568A368F0
:1066A000E2689B18AB4214D960682900FFF7C2FF6B
:1066B000FA208000FFF736FF002809D10135EEE708
:1066C0006068FFF7ADFFFA208000FFF72BFF05E0C1
:1066D0003560064A536902218B435361024B002205
:1066E0001A7070BD0220FCE7F41F00200020024059
:1066F000F0B5002359E086685F000324BC40A64340
:10670000CC68BC4034438460446894434E68360986
:10671000012232409A402243426056E0DE080836A9
:10672000B600375805321A4092000F249440A74310
:106730000C69944022003A43325059E0042600E0AC
:106740000026A64034003C43444E18329200945137
:106750003768EA433E00AE434C68E40201D53E0090
:106760002E433E4C266067683E0016404C68A402EB
:1067700001D53E002E43394C66608426A7593E0061
:1067800016404C68A40301D53E002E43334C8427A9
:10679000E6518026A65932404C68E40301D52A0010
:1067A00032432E4D80242A5101330C682200DA40F6
:1067B00053D001229A40250015401442F4D04E686F
:1067C00003243440013C012C95D94C68032222401B
:1067D000032A08D0C4685E000322B24094438A684A
:1067E000B2402243C2604C6803222240022A95D064
:1067F00004685E0003221700B740BC434F683A406C
:10680000B240224302604C68C02292021442CBD0B4
:106810009A0814001834A400104EA75903241C40F1
:10682000E4000F26A640B743A026F605B04287D065
:106830000B4EB0420BD00B4EB0420AD00A4EB042C3
:1068400009D00A4EB04200D178E7052679E7012643
:1068500077E7022675E7032673E7F0BD00180240CC
:106860000004005000080050000C005000100050C0
:1068700003690B4201D0012070470020FCE7002A89
:1068800001D0816170478162FCE770B5C46C056D11
:106890006560446D002C02D0846DC56D6560446CEC
:1068A0001C252540066C0124AC40746004686360BC
:1068B0008368102B04D0036899600368DA6070BDA8
:1068C00003689A600368D960F9E7000010B5040016
:1068D0000268144B9A4215D8436C9B089B001249DE
:1068E0008C4663448364FF20104008381421F9F774
:1068F0000DFC03000D4AE2641F2018400123834071
:10690000236510BD436C9B089B0009498C4663447A
:106910008364FF20104008381421F9F7F7FBC31DEA
:10692000E8E7C04607040240000802408008024031
:106930001C08024042687F231340064A9A189200BE
:106940004265054A8265013B03221A4001239340B8
:10695000C36570473F8200104009024070B5041EB5
:106960005CD005682E4B9D4241D814212D4BE81870
:10697000F9F7CCFB800060642B4B236425230222B3
:10698000E2542B68294A13402B6021680A68A368E7
:10699000E06803432069034360690343A06903433C
:1069A000E0690343206A034313430B602000FFF7B1
:1069B0008DFFA2688023DB019A4222D06168A26C1D
:1069C0007F230B401360E36C226D5A606368013BC8
:1069D000032B19D900236365A365E3650023E363F3
:1069E00025220121A154013AA354002070BD142195
:1069F0000F4BE818F9F78AFB800060640D4B2364A5
:106A0000BCE700236360D9E72000FFF793FF636DC5
:106A100000221A60A36DE26D5A60DFE70120E5E70E
:106A200007040240F8FFFDBF000002400F80FFFF97
:106A3000F8FBFDBF0004024070B504002420205C78
:106A4000012845D02420012525540130205C01284F
:106A500006D08023E3635C3B0022E254012070BD3A
:106A60002430013525540020E0632568286801267C
:106A7000B04328602000FFF708FF236B002B1CD0D9
:106A8000226813680E210B431360A26C1368DB03AA
:106A900004D5116880235B000B431360636D002BEA
:106AA00004D01968802252000A431A6022681368D1
:106AB00001210B4313600020D1E7226813680421F1
:106AC0008B4313602268136806310B431360DCE7C5
:106AD0000220C4E7002834D02523C35C022B06D053
:106AE0000423C36320330022C2540120704702688C
:106AF00013680E218B431360826C136812490B409C
:106B0000136001680A6801239A430A60416C1C22E1
:106B10000A40016C93404B60C36C026D5A60436D38
:106B2000002B06D01A6808490A401A60836DC26DAE
:106B30005A6025230122C254013B0022C254002086
:106B4000D4E70120D2E7C046FFFEFFFF70B5036C1B
:106B5000196804682568426C1C23134004229A407B
:106B6000114214D06A0712D523689B0603D4236808
:106B7000042293432360436C1C221A40016C0423BB
:106B800093404B60036B002B00D0984770BD0222EE
:106B90009A40114226D0AA0724D523689B0606D422
:106BA00023680A22934323602523093AC2540268CA
:106BB0001B4B9A420ED9436C1C221A40022393406D
:106BC000184A536024230022C254C36A002BDDD02C
:106BD0009847DBE7436C1C221A4002239340124A79
:106BE0005360EFE708229A401142CFD02D07CDD550
:106BF00023680E2293432360436C0E321A40016CCB
:106C000001231C0094404C60C3632522835423332A
:106C10000022C254436B002BB8D09847B6E7C04659
:106C200080000240000402400000024010B5104AFB
:106C3000136810490B400343136080239B00984264
:106C400001D0002010BD0C4B1B685800C01840003C
:106C50000A49F9F75BFA0130054B5B695B0503D51F
:106C6000002803D00138F7E70020EBE70320E9E72D
:106C700000700040FFF9FFFF4000002040420F007D
:106C800070B5002811DB8308134DC0339B005C599D
:106C900003221040C000FC3216008640B443890134
:106CA0000A40824022435A5170BD0F230340083BE3
:106CB0009B0806339B00094A944663445C680322A0
:106CC0001040C000FC3215008540AC4389010A40E9
:106CD000824022435A60E7E700E100E000ED00E077
:106CE000013880235B0498420FD2094A506009485A
:106CF000036A1B021B0AC02109060B43036200231F
:106D0000936007331360002070470120FCE7C04602
:106D100010E000E000ED00E010B5FFF7B1FF10BD9E
:106D2000002805DB1F22024001239340014A136023
:106D30007047C04600E100E010B5FFF7D1FF10BD7D
:106D400010B50400114B1978002901D1012010BDA4
:106D5000FA208000F9F7DAF901000D4B1868F9F70D
:106D6000D5F9FFF7E9FF00280DD1032C01D9012047
:106D7000EDE70130002221004042FFF7CDFF054B37
:106D80001C600020E3E70120E1E7C0463900002055
:106D9000400000203C00002010B5084A1168802304
:106DA0005B000B4313600320FFF7CAFF041E02D0F1
:106DB0000124200010BDFDF7C3FEFAE700200240C9
:106DC000034B1B78034A11685B1813607047C04679
:106DD0003900002010200020014B18687047C04681
:106DE0001020002070B50400FFF7F6FF0500631CBB
:106DF00002D0044B1B78E418FFF7EEFF401BA042C3
:106E0000FAD370BD39000020034A136803490B40D0
:106E1000034313607047C04600000140FFF9FFFFC5
:106E200030B50468184B9C4223D018490164802275
:106E3000A358174D2B40456B2D042B43A3500B003B
:106E4000703343640568AB58124C2340846B2406AE
:106E50002343AB500B00B0338364D833C36498230F
:106E60009B00CB1803659E239B00CB1843650B004A
:106E700003E00949DAE7002204C3D42292008A1809
:106E80009A42F8D830BDC0460068004000B40040C7
:106E9000FFFFE0FFFFFFFFF050B70040F0B51F001D
:106EA0004B68002B1AD10D698B681D430B689B043E
:106EB0001D430C6A2406CB691C438B691C434B6938
:106EC0001C43CB681B041C43466DFB00DB19DB0035
:106ED000F618356074600836002015E00B698C6880
:106EE00023430C6823438025ED051D43E1E7141877
:106EF000E3781B06A5782D042B43647824022343F2
:106F0000145C234308C60430CB68024CE35C834224
:106F1000EDD8F0BD1431010870B5041E00D1E1E0D8
:106F20005C23C35C002B19D02268936910218B432A
:106F30009361FFF751FF0500226893691B0713D582
:106F4000FFF74AFF401B0A28F6D9236E012213439C
:106F500023665C230232E254012070BD5D330022BF
:106F6000C254FDF757FEDFE7936901210B4393619C
:106F7000FFF732FF050022689369DB070DD4FFF7A6
:106F80002BFF401B0A28F6D9236E012213432366E8
:106F90005C230232E2540120DFE7936902210B43B4
:106FA00093612268504B9A4243D0237C012B44D0FA
:106FB0002268936940210B439361637C012B42D08B
:106FC0002268936949490B409361A37C012B41D00E
:106FD0002268916980235B010B4393612268936966
:106FE00043490B40A1680B43936122689369A42134
:106FF0008B4393612268136994398B431361E3686F
:10700000012B2DD0002B30D0022B54D02268936955
:1070100080210B4393612268136970390B4313611C
:10702000E368032B21D12268936910310B439361EC
:107030001BE062682F4B1A60B7E722689369402112
:107040008B439361B9E7226891698023DB010B438D
:107050009361BAE72268936927490B409361BDE7C2
:10706000226893690C390B439361A369013B5B066A
:10707000E269013A12021343226A013A1343626938
:10708000013A120421681343CB61A268C0239B001C
:107090009A4216D02168C0228B58E06B03438B5074
:1070A0002000FFF7BDFE0023A36523665C330122A9
:1070B000E254002051E72268936920210B43936139
:1070C000D3E7A36A013BE26A013A12021343226B3F
:1070D000013A12011343626A013A12042168134310
:1070E000CB60D7E7012038E700640040FFBFFFFF17
:1070F000FFFCFFFF00650040FFEFFFFF5C23C35C68
:10710000012B05D0036E0422134303660120704750
:107110005B330222C2540268936901218B4393615D
:10712000002303660020F2E770B504005C23C35C13
:10713000022B1CD10068C233C3589B0206D5226EB5
:1071400080239B0013432366012015E0C423C3580A
:107150001B0C03251D402B002000FFF79FFE21681C
:107160000123AB40CC228B50A365002004E0036ECA
:10717000082213430366012070BD0000F0B55C24B3
:10718000045D022C00D09FE040290BD004689825B4
:1071900065592D0731D1026E80235B0013430366CE
:1071A000012096E00468902565592D0706D1026EEE
:1071B00080235B001343036601208AE09025665913
:1071C00080256D0437002F402E4208D08025665957
:1071D0008135FF3537002F402E4200D00127902502
:1071E00065592D0A03242C40BC46A444856C644692
:1071F000E4006444E4002D191CE0982566598025BC
:107200006D0437002F402E4207D080256659803507
:1072100037002F402E4200D00127982565592D0AAE
:1072200003242C40BC46A444C56C6446E40064447A
:10723000E4002D192C688026F6053440546028D1CE
:107240002C68A40C6405640D14602C688026B605B7
:10725000344094602C68E40FE40714616C682404E3
:10726000240CD461EE880F243440D4606C688026EE
:107270007603344054616C688026B60334409461D0
:10728000EE797F24344014626C68E40F5462002469
:1072900008E02C68E400E4081460D6E72E19367A7A
:1072A0001E550134D6680B4FBE5DA642F6D8402964
:1072B00005D002689C236146D150002009E0026895
:1072C00094236146D150F8E7036E08221343036606
:1072D0000120F0BD14310108402905D0026898232F
:1072E000D3580F201840704702689023D3580F20BE
:1072F0001840F8E710B5041E60D04123C35C002B92
:1073000048D041232422E2542268136801218B4390
:107310001360636822682A490B40136122689368EE
:1073200028490B409360E368012B39D0A16822689B
:1073300084231B020B439360E368022B37D022683F
:10734000536821490B405360226851681F4B0B431F
:1073500053602268D3681B490B40D360236962697C
:107360001343A269120221681343CB60E369216AC7
:1073700022680B4313602268136801210B431360DA
:107380000023636441221F31A15423630132A354BB
:10739000002010BD40330022C254FDF77FFCB0E74F
:1073A000A168226880231B020B439360C4E7226814
:1073B000516880231B010B435360C5E70120E8E7B8
:1073C000FFFFFFF0FF7FFFFFFFF7FFFF00800002DE
:1073D000F0B54123C35C202B20D12033C35C012BAB
:1073E0001ED040240122025541252423435506681E
:1073F000336893433360066833680A4F3B40336019
:10740000066833680B43336001680B6813430B60F5
:1074100020234355002303550020F0BD0220FCE744
:107420000220FAE7FFEFFFFFF0B54123C35C202BFA
:107430001ED12033C35C012B1CD0402401220255F5
:107440004125242343550668336893433360066817
:107450003368094F3B4009021943316001680B68EA
:1074600013430B6020234355002303550020F0BD38
:107470000220FCE70220FAE7FFF0FFFFF0B5D64656
:107480004F464646C0B582B006000D0090461F002C
:10749000FFF7A2FC0A9B181A8146B944FFF79CFC2F
:1074A00082462C4B1B685B011B0D4A4653430193DC
:1074B00033689C682C40641B63425C41444542D065
:1074C0007B1CF5D0FFF788FC5346C01A484508D20C
:1074D000019A002A00D04A46019B013B0193914644
:1074E000E6E732685368E0218B4353607268822379
:1074F0005B009A420CD0B26A80239B019A4216D05C
:107500005D230122F254013B0022F25403201BE0D0
:10751000B36880221202934203D08022D2009342A9
:10752000E9D13268136840218B431360E3E7326886
:10753000136809490B4013603268116880239B016E
:107540000B431360DCE7002002B0E0BCBA46B14652
:10755000A846F0BD40000020FFDFFFFFF0B5DE468B
:1075600057464E464546E0B583B007000D0016006D
:1075700098466B460022DA70FFF72EFC0C9B181A17
:1075800040448146FFF728FC82463B689B46344BCB
:107590001B689A00D218D3009B1A1B0D4A4653430E
:1075A000019302E04346013311D13B689C682C40B3
:1075B000B4424DD0C023DB009D42F3D1002EF1D167
:1075C0005B461B7BDBB26A46D370D378EAE7FFF7F2
:1075D00003FC5346C01A484508D2019A002A00D03D
:1075E0004A46019B013B01939146DEE73A685368A6
:1075F000E0218B4353607A6882235B009A420CD06F
:10760000BA6A80239B019A4216D05D230122FA5464
:10761000013B0022FA5403201BE0BB6880221202C7
:10762000934203D08022D2009342E9D13A68136892
:1076300040218B431360E3E73A68136809490B4024
:1076400013603A68116880239B010B431360DCE7E9
:10765000002003B0F0BCBB46B246A946A046F0BD30
:1076600040000020FFDFFFFF70B582B004000D0076
:107670001600C02100922B0000224901FFF76EFF87
:10768000002818D100962B00002280212000FFF74F
:10769000F5FE002816D1C02100962B000022C9005B
:1076A0002000FFF75BFF00280AD0236E202213433F
:1076B0002366032004E0236E202213432366032065
:1076C00002B070BD236E2022134323660320F7E728
:1076D00070B5041E00D178E0436A002B07D14268E0
:1076E0000533FF339A4205D00023C36102E0002333
:1076F000036143610023A3625D33E35C002B5AD036
:107700005D230222E2542268136840218B431360F8
:10771000E368E022D200934254D90022F02109010B
:107720008B4205D0E021C9008B4201D00023A36227
:107730006368822149000B40A16884200002014057
:107740000B432069022101400B436069012108407D
:107750000343A0698025AD0028400343E569382034
:1077600028400343256A802028400343A06A8025DF
:10777000AD012840256803432B60608B0423034040
:10778000656A102028400343656B082028400343A6
:10779000E068F0252D01284003432068134343602F
:1077A0002268D3690A480340D361002323665D330E
:1077B000E154002070BD5C330022E2542000FDF74C
:1077C000B1FA9DE780225201A8E70120F2E7C04606
:1077D000FFF7FFFFF0B5CE4600B584B0040001917D
:1077E00091461D005C23C35C012B00D1C9E05C23E2
:1077F0000122C254FFF7F0FA06005D23E35CDFB21A
:10780000012B00D0B4E00199002900D1B1E04B4632
:10781000002B00D1ADE05D230322E2540023236658
:10782000A1634A46A287E28723644422A35202321C
:10783000A3522365E364A26880231B029A421ED0F0
:10784000226813685B0603D4136840210B4313605E
:10785000E268E023DB009A423DD96368002B02D046
:107860004B46012B20D1A26B23681288DA60A36BF0
:107870000233A363E38F013B9BB2E38714E02268EA
:10788000136840218B431360226811688023DB0159
:107890000B431360D4E7FFF79FFA801BA84201D384
:1078A0006B1C13D1002D11D0E38F002B45D0226823
:1078B00093689B07EFD5A36B1B88D360A36B023340
:1078C000A363E38F013B9BB2E387EDE75D230122D6
:1078D000E25403274DE06368002B02D04B46012B96
:1078E00014D1A26B236812781A73A36B0133A363BC
:1078F000E38F013B9BB2E38708E0FFF76DFA801B43
:10790000A84201D36B1C13D1002D11D0E38F002BA3
:1079100013D0226893689B07EFD5A36B1B78137372
:10792000A36B0133A363E18F013989B2E187EDE7EE
:107930005D230122E25403271BE0320029002000CE
:10794000FFF792FE002801D020232366A368002BB6
:1079500006D103932368DA6803929B680393039B21
:10796000236E002B05D15D330122E254002700E095
:1079700002275C230022E254380004B080BCB946E0
:10798000F0BD0227F8E70000F0B583B004000091D5
:1079900001921E00089D5C23C35C012B00D116E1FF
:1079A0005C230122C254FFF717FA07005D23E35C52
:1079B000D9B26268012B0BD082235B009A4200D0BF
:1079C000F3E0A368002B00D0F5E0042900D0F4E038
:1079D000009B002B00D1F2E0019B002B00D1F0E0D6
:1079E000002E00D1EFE05D23E35C042B02D05D2389
:1079F0000522E25400232366019A22644622A652FD
:107A0000023AA652009AA263E687A687E36423653A
:107A1000E268E023DB009A4223D9226853686D496B
:107A20000B40536023681A68520603D41A68402139
:107A30000A431A60E268E023DB009A4254D9636883
:107A4000002B01D0012E0AD1A26B23681288DA60C4
:107A5000A36B0233A363E38F013B9BB2E387012651
:107A60002CE02268516880235B010B435360D9E707
:107A7000A36B1B88D360A36B0233A363E38F013B2B
:107A80009BB2E387002622689368DB070FD5462365
:107A9000E35A002B0BD0D268236C1A80236C02337C
:107AA00023644622A35A013B9BB2A3520126FFF74F
:107AB00093F9C01BA84201D36B1C10D1E38F002B9C
:107AC00003D14633E35A002B5ED0226893689B07AC
:107AD000D9D5E38F002BD6D0012ED4D1C8E75D23B2
:107AE0000122E254032061E06368002B01D0012EE3
:107AF0000AD1A26B236812781A73A36B0133A363B4
:107B0000E38F013B9BB2E38701261CE02268936868
:107B1000DB070FD54623E35A002B0BD0236C127BD7
:107B20001A70236C013323644622A35A013B9BB293
:107B3000A3520126FFF750F9C01BA84201D36B1CCA
:107B40001DD1002D1BD0E38F002B03D14633E35A08
:107B5000002B19D0226893689B07D7D5E38F002BA1
:107B6000D4D0012ED2D1A36B1B781373A36B013336
:107B7000A363E38F013B9BB2E3870026C6E75D2347
:107B80000122E254032011E03A0029002000FFF70F
:107B90006BFD002802D0202323660120236E002BDA
:107BA00013D15D330122E25400E002205C23002265
:107BB000E25403B0F0BD0220F8E70220F6E701200E
:107BC000F4E70120F2E70120F0E70120EEE70220D0
:107BD000EFE7C046FFEFFFFF30B5EFF3108401225F
:107BE00082F3108801680B68124D2B400B6084F300
:107BF0001088EFF3108182F31088026893680E4CAE
:107C00002340936081F31088C36E012B06D08C2330
:107C10002022C2500023C366436730BDEFF31081BA
:107C200083F31088026813681024A343136081F360
:107C30001088ECE7DFFEFFFFFEFFFFEFF8B5040062
:107C4000016883680269134342691343C26913439D
:107C50000A68B048024013430B6022685368AE497B
:107C60000B40E1680B435360A1692268AB4B9A4219
:107C700004D0AB4B9A4201D0236A19439368A948B8
:107C800003400B4393602268D36A0F218B43616AE0
:107C90000B43D3622368A44A934219D0A34A934268
:107CA00027D0A34A934235D0A24A934200D188E01C
:107CB000A14A934200D19DE0A04A934200D19BE0AB
:107CC000964A934237D0964A93424CD0102279E09C
:107CD0009B4A516D03220A40022A5CD005D8002A33
:107CE0005BD0012A5BD103326CE0032A59D1053203
:107CF00068E0934A516D0C220A40082A53D005D8F7
:107D0000002A52D0042A5DD010225BE00C2A4ED10A
:107D1000043A57E08A4A516D30220A40202A48D05E
:107D200005D8002A47D0102A47D10C3A4AE0302A19
:107D300045D1283A46E0824A526DC02109010A40E5
:107D4000802109018A4259D007D8002A58D08021C1
:107D5000C9008A4256D1042234E0C02109018A4276
:107D600052D108222EE0764A526DC02189000A4085
:107D70000139FF398A4249D007D8002A48D0013951
:107D8000FF398A4246D104221CE0C02189008A4280
:107D900042D1082216E0022214E0002212E0102252
:107DA00010E010220EE002220CE000220AE0102275
:107DB00008E0022206E0002204E0102202E0102285
:107DC00000E0002255498B4228D055498B4225D0EE
:107DD000E06980231B0298426AD0042A00D1E1E0C6
:107DE00000D9BEE0002A00D1C2E0022A00D0B6E0ED
:107DF0005448C1E00022E5E70022E3E70222E1E780
:107E00000022DFE71022DDE71022DBE70222D9E7BC
:107E10000022D7E71022D5E71022D3E7042A43D067
:107E200007D8002A0CD0022A01D1464D0EE00120CD
:107E3000BEE0082A02D180252D0207E00120B7E02C
:107E4000FEF7B8F90500002D00D1AEE0626A3E4BA6
:107E50005200D75A39002800F8F758F966687300BD
:107E60009B19834200D9A2E03303834200D2A8E0E9
:107E70003A00002328000021F8F75CFA050E0B02F7
:107E80002B43020270080021801859413200002360
:107E9000F8F750FA2D4BC2182D4B9A4200D992E0B8
:107EA0002368D860002083E0FEF75CF80500CAE78D
:107EB000042A51D007D8002A09D0022A01D121482A
:107EC0000AE0012074E0082A06D0012070E0FEF7E5
:107ED00071F9002800D178E0626A1B4B5200D15A38
:107EE000F8F714F9400061684B08C018F8F70EF96C
:107EF0000200103A174B9A4200D968E082B20F2371
:107F00009A434008083B034013432268D360002093
:107F10004EE0C046F369FFCFFFCFFFFF0080004077
:107F200000840040FFF4FF1100380140004400408D
:107F300000480040004C004000500040003C014020
:107F4000001002400024F4002431010800FDFFFF6E
:107F5000FFFC0F00EFFF0000FEF704F8B9E7012077
:107F600026E0082A02D18020000205E001201FE05F
:107F7000FEF720F900282CD0626A184B5200D15A23
:107F8000F8F7C4F861684B08C018F8F7BFF80200AA
:107F9000103A134B9A421ED823680004000CD86094
:107FA000002005E0FDF7DEFFE4E7002000E001200F
:107FB00001236A22A352023AA35200236367A367F4
:107FC000F8BD0120F4E70120F2E70020F0E70120EE
:107FD000EEE70020ECE70120EAE7C0462431010883
:107FE000EFFF0000836A1B0706D5026853682C491F
:107FF0000B40816B0B435360836ADB0706D5026835
:10800000536828490B40C16A0B435360836A9B073E
:1080100006D50268536824490B40016B0B4353603B
:10802000836A5B0706D50268536820490B40416BA1
:108030000B435360836ADB0606D5026893681C49CC
:108040000B40C16B0B439360836A9B0606D50268A5
:10805000936818490B40016C0B439360836A5B067D
:108060000BD50268536814490B40416C0B435360B5
:10807000426C80235B039A420AD0836A1B0606D5B2
:10808000026853680D490B40C16C0B435360704745
:10809000026853680A490B40816C0B435360ECE75C
:1080A000FF7FFFFFFFFFFDFFFFFFFEFFFFFFFBFF67
:1080B000FFEFFFFFFFDFFFFFFFFFEFFFFFFFF7FF18
:1080C000FFFF9FFFF8B5CE46474680B506000D007E
:1080D00017009946089B98463368DC692C40641B5E
:1080E00063425C41BC4233D143460133F4D0FEF7D6
:1080F00073FE4B46C01A40452FD84346002B2ED066
:10810000326813685B07E7D5802DE5D0402DE3D0BA
:10811000D3691B0710D4D3691B05DDD580231B0150
:1081200013623000FFF758FD90232022F2500C3BE1
:108130000022F25403200CE0082414623000FFF700
:108140004BFD9023F4500C3B0022F254012000E040
:108150000020C0BCB946B046F8BD0320F9E70320B3
:10816000F7E7F0B5C64600B582B004000D009046B2
:108170001E008823C358202B65D1002968D0002A0F
:1081800068D0826880235B019A4204D10369002B86
:1081900001D1CB0760D490230022E250083B21326A
:1081A000E250FEF719FE070054234246E252023322
:1081B000E252A26880235B019A4202D000239846D3
:1081C00018E02369002B29D00023984612E0882369
:1081D0002022E250032037E043461B882268DB055B
:1081E000DB0D936202239C46E0445623E25A013A97
:1081F00092B2E2525623E35A002B12D000963B0073
:10820000002280212000FFF75DFF0028DFD1002D34
:10821000E2D02A7823689A620135E6E7A84600256D
:10822000E8E700963B00002240212000FFF74AFFCC
:10823000002803D188232022E25005E08823202251
:10824000E250032000E0022002B080BCB846F0BD3E
:108250000120F9E70120F7E70120F5E7F0B5C64670
:1082600000B584B004000E0015001F008C23C35815
:10827000202B00D08AE0002900D18CE0002A00D118
:108280008BE0826880235B019A4205D10369002B51
:1082900002D1CB0700D582E000239022A350043AFC
:1082A0002221A150E366FEF797FD80465C23E5524C
:1082B0000233E552A36880225201934208D0002B7A
:1082C00015D12269002A0ED16032FF21A15215E09A
:1082D0002269002A03D160323249A1520EE06022A5
:1082E000FF21A1520AE060227F21A15206E08022F4
:1082F000520593420BD060220021A1526022A25A63
:1083000003928022520193420CD000251FE0226983
:10831000002A03D160327F21A152EFE760223F2182
:10832000A152EBE72369002B28D000250FE08C2316
:108330002022E25003202AE023685B6A039A13405C
:108340002B8002355E23E25A013A92B2E2525E235A
:10835000E35A002B15D0009743460022202120002D
:10836000FFF7B0FE0028E2D1002EE5D023685B6A5B
:108370006A46127B134033700136E3E7350000266E
:10838000E5E78C332022E250002000E0022004B018
:1083900080BCB846F0BD0120F9E70120F7E70120D5
:1083A000F5E7C046FF01000030B583B0040090231C
:1083B0000022C250FEF710FD050023681B681B0752
:1083C00010D423681B685B072BD420238822A3507A
:1083D0000432A3500023E3662367083AA354002025
:1083E00003B030BD8021234B00930300002289039A
:1083F0002000FFF767FE0028E3D0EFF31081012390
:1084000083F310882268136880208343136081F30C
:10841000108888232022E250043B0022E2547D3859
:10842000DEE78021134B00932B000022C9032000BC
:10843000FFF748FE0028C8D0EFF31080012282F336
:10844000108821680B680C4D2B400B6080F310885E
:10845000EFF3108082F3108821688B6893438B6060
:1084600080F310888C231F32E250083B0022E25434
:108470000320B5E7FFFFFF01DFFEFFFF10B5041E7D
:1084800030D08823C358002B22D088232422E250E6
:108490002268136801218B431360A36A002B1DD14E
:1084A0002000FFF7CBFB012811D0226853680E494A
:1084B0000B405360226893682A218B4393602268A3
:1084C000136829390B4313602000FFF76DFF10BDBF
:1084D00084330022C254FCF7ABFCD6E72000FFF740
:1084E00081FDDDE70120F2E7FFB7FFFFF8B50400EB
:1084F000436E002B05D101336A228352023A835224
:10850000F8BD026895686D0E07231D409268520FF2
:108510001340084FF85CC000074EF15CF7F73CFED3
:108520006A23E052785DC000715DF7F735FE68237D
:10853000E052E5E7443101083C31010870B5040020
:108540008423C35C012B19D0842501206055882623
:108550002423A3512268136811688143116080228B
:10856000920513436266226813602000FFF7BEFF86
:108570002023A35100236355002070BD0220FCE797
:1085800070B58423C35C012B15D0842401260655C5
:10859000882524234351026813681168B143116090
:1085A000064A13400022426601680B6020234351B3
:1085B0000255002070BD0220FCE7C046FFFFFFDF30
:1085C000F8B504000A008423C35C012B1BD084256A
:1085D0000120605588262423A35123681F68196849
:1085E0008143196020688368DB00D90811438160EA
:1085F0002000FFF77BFF23681F602023A351002387
:1086000063550020F8BD0220FCE70000F8B5040027
:108610000B008422825C012A1BD084250120605536
:1086200088262422A25122681768116881431160AC
:108630002268916808480140194391602000FFF7C3
:1086400055FF23681F602023A3510023635500209A
:10865000F8BD0220FCE7C046FFFFFFF170470000B5
:1086600010B503000C4A0D49521A0D49096800293A
:1086700007D00B490868C318934206D8084A13600C
:1086800010BD074907480860F3E704F0CBF80C2356
:10869000036001204042F3E7004002200004000094
:1086A00014200020A02100200120704710B504F004
:1086B000B9F8162303600120404210BD10B5012116
:1086C0004942FFF7F3FFFEE770B50C0016000025E6
:1086D00004E0F7F767FF207001350134B542F8DB9D
:1086E000300070BD70B51600002405E04D1C087800
:1086F000F7F748FF01342900B442F7DB300070BDC2
:1087000001204042704780239B014B60002070474E
:10871000012070470020704710B50649064801F057
:10872000D5FE002803D1054B01221A7010BD01208F
:108730004042FBE71C2000204400002018200020BD
:108740000020704710B5FBF777FF10BD10B5FCF7A0
:1087500029F810BD10B5FCF72FF810BD10B5FCF7C7
:1087600073F810BD10B5FCF7C9F810BD10B5044B77
:1087700082009A18526852681B18187A904710BDE8
:108780004820002010B5084B1B5C002B0AD1064B7B
:1087900001221A5482009A18526812681B18187A1B
:1087A000904710BD0020FCE74820002070B5044C25
:1087B000850065196D68AD682418207AA84770BDDA
:1087C0004820002070B5044C850065196D68ED687F
:1087D0002418207AA84770BD4820002010B5044B0B
:1087E00084001C19646824691B18187AA04710BDFE
:1087F00048200020437800781B021843704702008D
:10880000C3781B0281780B43180253781843000287
:108810001378184370470170090A4170704701705E
:108820000B0A43700B0C8370090EC170704710B5B2
:10883000002A06D00C78013104700130013A002A78
:10884000F8D110BD01700130013A002AFAD1704709
:1088500010B50400207801340B780131C01A013AB8
:10886000002A01D00028F5D010BD030000E001333C
:108870001878002801D08842F9D1704730B500251A
:10888000002301E001250133012B15D8184A1C01F2
:10889000A258002AF6D00468A242F4D1144A1C015E
:1088A0001219546882689442EDD1114A1C011219C0
:1088B000946842699442E6D1022B0BD0002915D16D
:1088C0000B4A1B01D218928980235B009A420BD07D
:1088D000002030BD002D05D1022901D01220F8E77B
:1088E0000020F6E70020F4E71020F2E71020F0E780
:1088F00020200020002000E00130012804D8044B93
:108900000201D358002BF7D10238431E984170471B
:108910002020002030B50200002000E001300128B6
:1089200013D8244B0401E45813689C42F6D1214B20
:1089300004011B195C6893689C42EFD11D4B040134
:108940001B199C6853699C42E8D102280AD000296F
:1089500020D0184B02019B189B89002B28D1802224
:1089600052001DE00020012806D8124B0401E358F4
:10897000002B01D00130F6E7022817D015680D4B07
:108980000401E55095681B195D6052699A600022E8
:108990009A81DCE7074B02019B189A89013292B257
:1089A000044B01015B189A81013030BD0020FCE7C7
:1089B0000020FAE7202000200138012819D80F4BA9
:1089C00002019B189B8980225200934204D0002B05
:1089D00009D0013B9BB200E00023084A0101521874
:1089E0009381002B07D1054B00010022C2500020CB
:1089F00000E0022070470020FCE7C0462020002055
:108A000010B5002303E0064A00248C500133012BEB
:108A100005D8034A19018A588242F7D1F3E710BDFD
:108A20002020002002394369023B8B4204D943894C
:108A30005943806A081870470020FCE710B50368A6
:108A4000C46A0434480A5989F7F760FB020001E060
:108A5000121A08342068002803D08242F8D26068D5
:108A6000801810BD70B506000C0008001A30FFF722
:108A7000C1FE05003378032B00D070BD20001430F8
:108A8000FFF7B8FE00042843F7E770B506000C00B6
:108A9000150091B220001A30FFF7BDFE3378032B8A
:108AA00000D070BD290C20001430FFF7B4FEF8E7A9
:108AB000F8B507000E0000234B72C369002B2AD0C3
:108AC0000022002305E0092C0ED0B1184B720132B0
:108AD00023000A2B0DD83D6A5C1CEB5C202BF7D0E1
:108AE000052BF0D1E033EEE7B1182E2048720132A9
:108AF000EBE7B218002353723B6ADB7A3372386AB1
:108B00001C30FFF77CFE3060386A1630FFF777FEC6
:108B1000F080000CB080F8BDF8B5DE4657464E46F2
:108B20004546E0B581468A460F6824234B449B4660
:108B30000B2220211800FFF785FE002600230822C3
:108B400090462FE001357B5D2F2BFBD05C2BF9D0BD
:108B50007F1953461F60002E4BD024234A46D35C16
:108B6000E52B3BD0202C3ED804222F234946CA5463
:108B7000002029E008260B23984612E063B2002B60
:108B800028DB1D482100FFF770FE00282FD12300AD
:108B9000613BDBB2192B01D8203CE4B25B469C550B
:108BA00001362B005D1CFC5C202CD1D92F2CCAD0A7
:108BB0005C2CC8D02E2C01D0B045DFD843460B2BFF
:108BC00013D02E2CD6D00620F0BCBB46B246A94608
:108BD000A046F8BD803C094B1C5DD2E7C13B052295
:108BE0004946CA54BEE70022BFE70620ECE706204C
:108BF000EAE70620E8E7C04604310108AC31010885
:108C000010B501000068002807D002001378202B5F
:108C100005D93A2B03D00132F8E7013802E03A2BAC
:108C200001D0002010BD431C00783038092809D835
:108C30009A4202D001204042F4E7002805D10132D7
:108C40000A60EFE701204042ECE701204042E9E7FB
:108C50000160002343608360704770B504000D001D
:108C6000002818D00368002B17D01A78002A17D0D4
:108C70008188DA88914203D0092000242C6070BDDD
:108C80005878FFF773FD03000122100018401A42C4
:108C900009D12468F2E70920F0E71C000920EDE77C
:108CA00009200024EAE709200024E7E7F0B5C646DA
:108CB00000B50400C578002D03D1280080BCB8465B
:108CC000F0BDC76A30239846804440782F3B3A0075
:108CD0004146FFF777FD051E14D10023E370236A98
:108CE000FB1AA2699342E8D2A67808E0A369FF18AC
:108CF000607801233A004146FFF764FD013E012EF2
:108D0000F4D8DAE70125D8E770B504000D00C36A8E
:108D10008B4202D10026300070BDFFF7C7FF061E50
:108D2000F9D121003031607801232A00FFF73EFDA0
:108D3000002802D0013601256D42E562EBE7000014
:108D400070B504000023C370013BC362FFF7DCFF72
:108D5000051E24D1144BE018FFF74CFD134B98422D
:108D60001FD13023E35CE92B07D0236B104A13405B
:108D7000104A934201D0022514E020006630FFF72C
:108D80003EFD0002000A0C4B98420BD020008230BE
:108D9000FFF735FD094B984204D0022502E0042577
:108DA00000E00325280070BD2E02000055AA000037
:108DB000FF00FF00EB009000464154004641543351
:108DC000F0B5DE4657464E464546E0B587B00F0043
:108DD000150000230B60FFF713FF061E00DA51E1B8
:108DE000BE4B8200D458002C00D154E13C600123DA
:108DF0009D432F002378002B0FD06078FFF7B6FC3F
:108E000001231D000540034207D1002F00D13AE1A4
:108E1000400700D437E10A2535E100232370F0B282
:108E20006070FFF7AFFC01231D000540034200D036
:108E300033E1002F02D0400700D530E100212000AF
:108E4000FFF77EFF022800D182E00026042800D12F
:108E500027E1012800D926E120003B30FFF7CAFCBA
:108E600080239B00984200D01FE120004630FFF78E
:108E7000C1FC071E04D120005430FFF7C0FC0700DE
:108E8000A7614023E25CA270531EDBB2012B00D924
:108E90000DE17A4390463D23E35C9A466381002BC3
:108EA00000D106E1013B5246134200D003E120000D
:108EB0004130FFF79FFC81460300009020811B0793
:108EC00000D0FAE020004330FFF794FC83460028EE
:108ED00004D120005030FFF792FC834620003E3042
:108EE000FFF788FC0190002800D1E8E0020042442E
:108EF0004B461B099BB291469944CB4500D2E0E01A
:108F00005B464A469B1A9B4651461800F7F7FEF807
:108F1000D34500D2D7E0724B98422FD8714B98427C
:108F200068D902239B462BE00020B20002ABD05050
:108F30000136032E0ED8200030303301BF33FF330B
:108F4000C0180379002BEFD00830FFF758FCECE78E
:108F50000026EEE700270AE031002000FFF7F0FED0
:108F6000012800D872E70137032F00D96EE7BB0054
:108F700002AA9E58002EEFD10320F4E703239B465C
:108F8000831C9A466361E661019B9B1923624A46F2
:108F9000B218A2625A46032A2FD0009A002A00D1A2
:108FA00097E0434463625B46022B37D053465B0035
:108FB00053445B08012251460A409B184A4A944692
:108FC00063445B0ABB4200D985E001235B42236115
:108FD000E360813323715B46032B22D05B46237011
:108FE000424A138801339BB21380E3802000FFF7CD
:108FF00007FD48E001239B46C2E720005A30FFF7F7
:10900000F9FB002861D1009B002B60D120005C306F
:10901000FFF7F5FB606253469B00CFE753465B00CA
:10902000CCE720006030FFF7E5FB0128D6D1711CAA
:109030002000FFF769FE0028D0D1002323712C4BBC
:10904000E018FFF7D7FB2B4B9842C7D120003030F8
:10905000FFF7D5FB284B9842C0D185239B00E01831
:10906000FFF7CDFB254B9842B8D186239B00E01833
:10907000FFF7C5FB206187239B00E018FFF7BFFBCC
:10908000E060ABE70B25280007B0F0BCBB46B2465A
:10909000A946A046F0BD0C25F5E70325F3E70A2510
:1090A000F1E70125EFE70D25EDE70D25EBE70D25B0
:1090B000E9E70D25E7E70D25E5E70D25E3E70D25B4
:1090C000E1E70D25DFE70D25DDE70D25DBE70D25C4
:1090D000D9E70D25D7E70D25D5E7C0464420002068
:1090E000F5FF0000F50F0000FF0100004020002008
:1090F0002E02000055AA0000525261417272416175
:10910000F0B5D6464F464646C0B506000C001700DF
:10911000012900D880E043698B4200D883E00378BE
:10912000022B49D0032B5BD0012B00D07DE04B08F4
:1091300098468844016A43465B0AC918FFF7E4FD74
:10914000051E6AD130239A46B2442F3B43449946C8
:109150004346DB05DB0D53440122110021408846C4
:1091600022421ED018783A010F2101400A43D2B2A0
:109170001A700123F370316A4B465B0AC91830003C
:10918000FFF7C2FD051E48D14B46DB05DB0D5344FE
:109190004246002A07D03A09D2B21A700123F3706E
:1091A0003BE0FAB2E4E71A783F0A7FB20F21394078
:1091B0000F2082430A43F0E7016A230AC918FFF728
:1091C000A3FD051E29D1300030306400FF235B0071
:1091D0001C40B9B20019FFF71EFB0123F3701CE01D
:1091E000016AE309C918FFF78FFD051E15D13F017C
:1091F0003F0933003033A400FE22520014401C19F2
:109200002000FFF7FCFA010F090739432000FFF7A0
:1092100006FB0123F37000E002252800E0BCBA46FB
:10922000B146A846F0BD0225F7E70225F5E7F8B5F7
:109230000C000568012956D96B698B4255D92B78EA
:10924000022B2CD0032B3BD0012B50D14E0876188B
:10925000296A730AC9182800FFF756FD002802D0B2
:109260000120404240E0771CF605F60DAE1930367D
:109270003678296A7B0AC9182800FFF745FD0028BF
:1092800037D1FB05DB0DEB18303318780002304383
:10929000E40701D5000927E00005000D24E0296A54
:1092A000230AC9182800FFF72FFD002824D13035E4
:1092B0006400FF235B001C402819FFF79BFA13E0B2
:1092C000296AE309C9182800FFF71EFD002816D1F6
:1092D0003035A400FE235B001C402819FFF78FFAED
:1092E0000001000900E00120F8BD0120FCE7012099
:1092F000FAE701204042F7E701204042F4E701206D
:109300004042F1E7F0B5C64600B507000E0003681D
:10931000984680239B0399423ED2CB0640D14161BF
:109320008468002C1ED143461B78022B01D943468A
:109330005C6A002C16D1730942461289934231D2DD
:1093400043465B6AFB61BC61FB69002B32D0720A49
:109350009B18FB6143463033F105C90D5B183B6236
:1093600000201AE043465D896D02AE420ED3210013
:109370003800FFF75CFF0400431C15D0012815D905
:1093800043465B69834213D9761BEEE721004046D2
:10939000FFF748FBF861D6E7022080BCB846F0BD75
:1093A0000220FAE70220F8E70120F6E70220F4E7BE
:1093B0000220F2E70220F0E7F0B5C64600B505004E
:1093C00088460668002907D1F768002F0FD0736917
:1093D000BB420DD801270BE0FFF729FF012844D934
:1093E000431C47D07369834244D8474600E00127B5
:1093F0003C000BE021002800FFF719FF00280DD0EA
:10940000012837D0431C35D0BC4232D001347369B7
:10941000A342EFD8012F2AD90224EBE701225242BE
:1094200021003000FFF76CFE002818D14346002BC6
:109430000FD1002813D1F46032697369023B9A425C
:1094400001D8013A3261337901221343337120008C
:1094500010E0220041463000FFF752FEE9E7012804
:1094600001D0012006E0023804E0012002E00020E3
:1094700000E0002080BCB846F0BDF8B506000C0046
:1094800011000568012C2CD96B69A3422BD9002A45
:1094900009D0012252422800FFF732FE002802D0F4
:1094A00022E0A24220D9270021003000FFF7BFFEB2
:1094B000041E1AD001281AD0431C1AD000223900E9
:1094C0002800FFF71DFE00280ED12B696A69911E46
:1094D0008B42E6D201332B612B7901210B432B7197
:1094E000DFE7022000E00220F8BD0020FCE70220B8
:1094F000FAE70120F8E770B504000568C1692800A3
:10950000FFF702FC002804D1236AE5221A70012328
:10951000EB7070BDF0B5D6464F4680B583B0040001
:109520000191076845692035C369002B00D174E0BB
:1095300080229203954200D371E0EA05D60D002AFD
:1095400008D10133C3618169002911D16B093A89BE
:10955000934209D265613037B8192062002003B008
:10956000C0BCBA46B146F0BD0023C3610420F6E793
:109570006B0A7A89013A1000184081461A42E9D1F3
:109580002000FFF754FE82460300012849D9013329
:1095900049D07B69834238D8019B002B11D0A16947
:1095A0002000FFF709FF8246031E3ED001283ED06F
:1095B00001333ED03800FFF779FB002804D00120AA
:1095C000CDE7E3610420CAE7380030308022920002
:1095D0000021FFF737F951463800FFF723FAF86208
:1095E0007B8999450DD20123FB703800FFF75EFBA4
:1095F000002820D101239C46E144FB6A0133FB6231
:10960000EEE7FB6A4A469B1AFB625346A36151464A
:109610003800FFF707FAE0619CE704209FE7042089
:109620009DE702209BE7012099E7072097E70220AA
:1096300095E7012093E7012091E770B505000668E2
:109640000021FFF75FFE041E07D0200070BD00213F
:109650002800FFF75FFF041EF7D1E9693000FFF72C
:1096600053FB041EF1D1286A0378002B0ED0C27A76
:109670003F231340AB71C37A1B07E8D42900243180
:109680000B22FFF7E5F80028E1D1DEE70424DCE750
:1096900030B583B004000191056801E00133019306
:1096A000019B1A782F2AF9D05C2AF7D00022A260F9
:1096B0001B781F2B1CD901A92000FFF72DFA0028C9
:1096C0001DD12000FFF7B9FF2F23E35C002818D13C
:1096D0005B0714D4A379DB0619D5290030316369FF
:1096E000DB05DB0DC9182800FFF7BCF9A060E2E735
:1096F0002F238032E25400212000FFF703FE03B045
:1097000030BD0428FBD15B07F9D40520F7E705201D
:10971000F5E7F8B504000D0006680021FFF7F2FD3B
:10972000002818D1002708E00137AF4213D00121EB
:109730002000FFF7EFFE00280DD1E1693000FFF7B0
:10974000E3FA002807D1236A1B78E52BECD0002B25
:10975000EAD00027EBE7042800D0F8BD0330FCE78F
:1097600070B5050006680121FFF7D3FF041E01D084
:10977000200070BDE9693000FFF7C6FA041EF7D17A
:10978000286A20220021FFF75DF8286A2900243189
:109790000B22FFF74CF80123F370E9E770B50400E2
:1097A0000E000568042005E000212000FFF7B2FE4E
:1097B00000281ED1E16900291BD02800FFF7A4FA78
:1097C000002816D1236A1A78002A11D0D97A3F23AB
:1097D0000B40A371E52AE7D02E2AE5D00F2BE3D06A
:1097E00020229343083B5A425341B342DCD100E06C
:1097F0000420002801D00023E36170BD70B504008F
:10980000FFF754FA051E0AD12378032B09D060789C
:1098100000220021FEF7E2FF002800D001252800E9
:1098200070BD2379012BF2D12600303680229200C0
:1098300000213000FFF706F81249134BE018FEF73D
:10984000EAFF12493000FEF7EAFF85239B00E0188B
:109850000F49FEF7E4FF216986239B00E018FEF71D
:10986000DEFFE16887239B00E018FEF7D8FFE2697E
:109870000132E262607801233100FEF7A3FF00238A
:109880002371C4E755AA00002E0200005252614124
:109890007272416170B584B001900091150003911E
:1098A00003A8FFF7ADF9041E1FDB124B8200D65848
:1098B000002E04D03000FFF7A3F800233370019B83
:1098C000002B01D000221A70019A0A4BA400E2502A
:1098D000002A0CD0012D02D0002004B070BD00225F
:1098E00001A96846FFF76CFAF7E70B20F5E70020BF
:1098F000F3E7C04644200020F0B5D6464F46464622
:10990000C0B590B0050001911600002800D10DE10E
:109910003F2717403A0003A901A8FFF751FA041E98
:1099200008D000232B60200010B0E0BCBA46B1463E
:10993000A846F0BD039B0493019904A8FFF7A8FE75
:10994000041E0CD104AA2F23D356002B2DDB3E215D
:1099500031404B1E99411000FEF790FF04001C237C
:10996000334279D0002C30D0042C20D008231F4360
:10997000FFB2002CD5D13B0731D4002CD1D13B070D
:1099800002D540231F43FFB2039BDB6A6B6204A82E
:10999000036AAB620121B94289414942FEF7BAFF2D
:1099A0002861002865D10224BBE70624D7E7FEF72B
:1099B000A1FF002804D108231F43FFB20E34DCE7C7
:1099C00004A8FFF7CDFE0400D0E704AB9B79112279
:1099D0001A4200D0A4E07607CBD50824A1E7FEF711
:1099E000AFFE80460C980E304146FEF718FF0C98EB
:1099F00016304146FEF713FF0C9B2022DA72039BC0
:109A000099460C9B9A4619004846FFF72BF880466A
:109A1000002251464846FFF738F80C981C300021C8
:109A2000FEF7FDFE039B0122DA704346002BA4D013
:109A3000039BDE6A0022414604A8FFF71EFD041EB8
:109A400000D06EE703983100FFF75EF90400039A37
:109A50004346013BD36090E7002C00D061E704ABA4
:109A60009B79DA065ED4B60787D5DB0785D5072450
:109A700057E7039B98460C9E31001800FEF7F2FF53
:109A8000A86030001C30FEF7BAFEE8600023EB62ED
:109A900042462A60D288AA802F756B752B62AB6113
:109AA00030339846A8448022920000214046FEF7B9
:109AB000C9FEBF0630D5EE68002E2DD0AE61039BE7
:109AC0005F897F02A96801E00224F61B002C0BD1FC
:109AD000BE4209D92800FFF7AAFB01000128F3D9EB
:109AE000431CF2D10124F0E7E961002C00D018E713
:109AF000F30511D0039F3800FEF794FF002801D131
:109B000002240EE7720A12182A627878012341466D
:109B1000FEF74CFE002807D1002C00D103E700E738
:109B20000724FEE60424FCE60124FAE60924FAE60A
:109B3000F0B5DE4657464E464546E0B585B00400D2
:109B40000E001700984600234246136003A9FFF752
:109B500084F88146002800D0A4E0637D9946002B5C
:109B600000D09FE0237DDB0700D4B9E0E568A3695E
:109B7000ED1ABD425BD33D0059E0E36A002B03D0F0
:109B80002000FEF75BFF63E0E1692000FFF74FFB79
:109B90005EE002236375994684E00123637599466C
:109BA00080E00223637599467CE01423E356002B82
:109BB00002DB019B5F0230E0236ADB1B019A9342C8
:109BC000F7D25B02F0182100303180229200FEF7BC
:109BD0002EFEEEE7226A82420ED01423E356002BBB
:109BE00068DB039B21003031587801233A00FEF7EF
:109BF000DDFD002800D06FE02762A369DB05DB0DE7
:109C00008027BF00FF1ABD4200D22F002100303153
:109C1000C9183A003000FEF70AFEF619A369DB19ED
:109C2000A36143461B68DB1942461360ED1B002D00
:109C300038D0A169CB05E0D14B0A039A5289013A89
:109C40001000184083461A4207D1002995D1A06818
:109C500001289ED9431CA0D0E061039B9A46E1698C
:109C60001800FEF7DFFE00289BD0584407006A0A60
:109C7000019280239B009D42ACD313005B4452466B
:109C80005289934202D95B46D31A019353465878BE
:109C9000019B3A003100FEF789FD002885D00123A1
:109CA00063759946484605B0F0BCBB46B246A94626
:109CB000A046F0BD21003031534658780123FEF70D
:109CC00081FD002804D1227D7F231340237588E77E
:109CD000012363759946E5E7012363759946E1E73A
:109CE00007239946DEE7F0B5DE4657464E46454621
:109CF000E0B585B004000E001500984600234246EA
:109D0000136003A9FEF7A9FF8146002849D1637DAE
:109D10009946002B45D1237D9B0700D4DBE0A36946
:109D20005A19934200D8A9E0DD43A7E0E36A002B6B
:109D30003FD02000FEF782FE002800D1C6E00128B7
:109D40003CD0431C3ED0E061A368002B00D1A06052
:109D50001423E356002B39DB039B9A46E169180074
:109D6000FEF760FE002844D0584407006A0A0192BA
:109D700080239B009D4255D313005B445246528979
:109D8000934202D95B46D31A019353465878019BFC
:109D90003A003100FEF716FD00282ED0012363752E
:109DA0009946484605B0F0BCBB46B246A946A04617
:109DB000F0BDE1692000FFF7FFFABDE702236375FC
:109DC0009946EEE7012363759946EAE7039B210074
:109DD0003031226A58780123FEF7F4FC002804D1C0
:109DE000227D7F2313402375B6E7012363759946CF
:109DF000D7E7022363759946D3E7216AC91B019B04
:109E0000994202D3019B5F0229E0200030304902D1
:109E1000711880229200FEF70AFD227D7F231340F5
:109E20002375EFE7236A834203D0A269E3689A426D
:109E30003ED32762A369DB05DB0D8027BF00FF1A35
:109E4000BD4200D22F0020003030C0183A0031004F
:109E5000FEF7EDFC227D80235B4213432375F61948
:109E6000A369DB19A361E268934200D21300E360A7
:109E700043461B68DB1942461360ED1B002D25D0BD
:109E8000A169CB05D6D14B0A039A5289013A100039
:109E9000184083461A4200D05AE7002900D045E70F
:109EA000A068002800D04AE72000FFF785FA43E7C2
:109EB000210030315346587801233A00FEF776FCF2
:109EC0000028B6D00123637599466AE7237D4022B6
:109ED0001343237565E70723994662E770B582B09F
:109EE00004000D000A290DD06368002B08DB5E1CFE
:109EF000E3181D733C2E09DC6660A3680133A36080
:109F000002B070BD0D21FFF7E9FFEDE721000C3134
:109F1000206801AB3200FFF7E6FE019B9E4202D0B3
:109F200001267642E8E70026E6E710B582B0040095
:109F30004268002A0EDB01000C31006801ABFFF71C
:109F4000D2FE002809D16268019B9A4208D1A0681C
:109F500002B010BD01204042FAE701204042F7E77D
:109F600001204042F4E770B582B0040001A9FEF779
:109F700074FE00280ED1237D5A060BD55BB2002B50
:109F80000ADBFEF7DDFB0500616A0198FEF7BCFE07
:109F9000002810D002B070BD019B21003031226A30
:109FA00058780123FEF70EFC002828D1227D7F235C
:109FB00013402375E5E7A66AF37A20221343F37270
:109FC000A26820683100FEF760FDE16830001C30B7
:109FD000FEF725FC300016302900FEF720FC30008B
:109FE00012300021FEF717FC019B0122DA70019864
:109FF000FFF704FC237D402293432375CAE7012029
:10A00000C8E710B582B00400FFF7ADFF002801D00B
:10A0100002B010BD01A92000FEF71FFE0028F7D1F5
:10A020002069FEF7C9FC0028F2D100232360EFE786
:10A0300030B585B0051E01913FD0002203A901A8CB
:10A04000FEF7BEFE041E04D000232B60200005B0E6
:10A0500030BD039B2B6001992800FFF719FB041EFC
:10A0600024D12F23EB56002B07DBAB79DB061CD565
:10A07000296A0398FEF7F6FCA860039BDB88AB8097
:10A0800000212800FFF73EF9041E0FD1AB68002B1A
:10A0900002D100232B6109E000212800FEF73AFCE1
:10A0A0002861002802D1122402E00524042C02D0E9
:10A0B000002CCBD0C8E70524C6E70924C6E710B5B5
:10A0C00082B0040001A9FEF7C8FD002806D123696B
:10A0D000002B05D1002801D10023236002B010BD60
:10A0E0001800FEF769FCF5E770B582B005000E00B8
:10A0F00001A9FEF7B2FD041E1AD1002E13D00021D3
:10A100002800FFF74BFB042801D0002813D13100B1
:10A110002800FEF7CDFC00212800FFF7FBF90428FA
:10A1200006D0040004E000212800FFF7EBF804004B
:10A13000200002B070BD0400FAE7F0B5D6464F46E5
:10A140004646C0B588B0019089461400002207A990
:10A1500001A8FEF735FE051E62D1079B23601A6930
:10A160005E69B11E8A4202D84B461A6058E01F78D9
:10A17000012F06D01B6A9A46002400270023984628
:10A1800035E0029302240023984604E00134079B43
:10A190005B69A3423BD9210002A8FFF748F8431CA2
:10A1A00034D0012843D00028F0D101239C46E0445C
:10A1B000ECE753465F1C07985146FEF7A5FD051EC8
:10A1C00025D1079C3034BA468027BF0011E020001B
:10A1D000FEF710FB002802D101239C46E044023424
:10A1E000023F01E00434043F013E002E0FD0002F57
:10A1F000DFD0079B1B78022BE9D02000FEF7FFFA87
:10A200000001EFD101239C46E044EBE73D004B46C3
:10A2100042461A60079B1A611A7901210A431A7192
:10A22000280008B0E0BCBA46B146A846F0BD0225F9
:10A23000EDE7F0B59DB00190022203A901A8FEF759
:10A24000BFFD041E039B109302D020001DB0F0BD83
:10A25000019910A8FFF71CFA041EF6D1022110A8DC
:10A26000FEF70CFB041EF0D110AA2F23D356002BAF
:10A2700034DB9579EB0733D4039F18993800FEF748
:10A28000F1FB0600ED060FD4002CDED110A8FFF77D
:10A2900032F9041ED9D1002E19D1002CD5D1039842
:10A2A000FFF7ACFA0400D0E704A804978660002109
:10A2B000FFF728F8041EC8D1002104A8FFF76EFAA2
:10A2C000041E02D00428DFD1E0E70724DCE70022E7
:10A2D000310010A8FFF7D1F80400DEE70624B4E748
:10A2E0000724B2E730B5A3B0019000916846FEF7AD
:10A2F00087FC022209A901A8FEF762FD041E02D014
:10A30000200023B030BD099B1693019916A8FFF7D2
:10A31000BFF9041E0AD116AA2F23D35C5F229343F0
:10A3200071D1022116A8FEF7A9FA0400002CE7D18A
:10A3300016AD1E990B31152203A8FEF778FA0AAC68
:10A34000302229002000FEF772FA00992000FFF762
:10A350009FF9041E0BD10C9A189B9A4201D0082435
:10A3600007E00F9A1B9B9A420FD0083401E00428A3
:10A370000BD0002CC4D116A8FFF7BDF8041EBFD126
:10A380000998FFF73BFA0400BAE70AA8FFF7E8F9D3
:10A39000041EB5D1129D28000D3013220E216944F0
:10A3A000FEF745FA03AB1B7820221343EB72099B9F
:10A3B0000122DA70EB7ADB06DBD5189A0C9B9A4205
:10A3C000D7D0099C29002000FEF74CFB010020009B
:10A3D000FEF728FB011E01D1022491E72000FEF7C1
:10A3E00093FC0400099801005031002C00D087E74D
:10A3F0005123C35C2E2BBCD10C9AFEF746FB099B64
:10A400000122DA70B5E706247AE7F0B585B001904D
:10A410000F0016000400002501E0220014007B1E3E
:10A42000AB4212DD02AB012203A93000FFF780FB33
:10A43000029B012B09D103AB1B780D2BEDD0621CC5
:10A44000237001350A2BE9D1140000232370002D5D
:10A4500002D0019805B0F0BD0020FBE710B594B024
:10A46000040001A8FEF7F4FB03E0013401A8FFF7A4
:10A4700035FD21780029F8D101A8FFF756FD14B069
:10A4800010BD000070B504000F4B5B7AD8B2002BF2
:10A4900017D10D4B5D7AEDB200265E555D7AAD00A9
:10A4A0005D196C605C7A1C1922725A7A541CE4B2F1
:10A4B0005C7230320A703A234B700B3B8B70CE705B
:10A4C00070BD0120FCE7C0464820002010B50022E6
:10A4D000FFF7D8FF10BD30B5036A046A0125AC430D
:10A4E00004628469EF35AC43120122430A24A3437A
:10A4F0000B438261036230BD30B5036A046A1025E4
:10A50000AC4304628469054D2C4012032243A0240D
:10A51000A343090119438261016230BDFF0FFFFFB0
:10A520003D23C35C012B27D13C330222C254036874
:10A53000144A934212D08022D20593420ED0124A7E
:10A5400093420BD0114A934208D0114A934205D04E
:10A550001A6801210A431A6000200EE09A680D492A
:10A560000A40062A0AD007398A4209D01A6801210E
:10A570000A431A60002000E0012070470020FCE739
:10A580000020FAE7002C01400004004000080040D1
:10A5900000400140070001000368274A904209D0AB
:10A5A0008022D205904205D0244A904202D0244A0B
:10A5B000904203D1702293434A6813431E4A90424B
:10A5C00015D08022D205904211D01C4A90420ED064
:10A5D0001B4A90420BD01B4A904208D01A4A904224
:10A5E00005D01A4A904202D0194A904203D1194A22
:10A5F0001A40CB681343802293434A691343036094
:10A600008B68C3620B6883620B4B984208D00E4B79
:10A61000984205D00D4B984202D00D4B984201D183
:10A620000B690363012343610269134203D0036989
:10A630000122934303617047002C01400004004055
:10A64000000800400020004000400140004401405C
:10A6500000480140FFFCFFFF70B5041E2AD03D23D7
:10A66000C35C002B20D03D2502236355210001C986
:10A67000FFF792FF01234822A3540A3AA354013260
:10A68000A3540132A3540132A3540132A354013222
:10A69000A3540132A3540132A3540132A354013212
:10A6A000A3546355002070BD3C330022C254FAF716
:10A6B000ABFBD8E70120F6E730B58468034D2C40AA
:10A6C0001B0213430B432343836030BDFF00FFFF96
:10A6D00070B50B000468A1682C4A11405A680A43FF
:10A6E0002B490A4019680A43A2605A68502A31D09F
:10A6F0000BD9602A35D0702A44D1D9689A681B6971
:10A700000068FFF7D9FF002070BD402A0DD02FD878
:10A71000202A2FD005D8002A2ED0102A2ED1002092
:10A72000F2E7302A2CD10020EEE71A68052A2BD058
:10A730000268146A116A0125A943116201688A69D5
:10A74000EF35AA431B691B0113438B6103681C622D
:10A750000020D9E799681A690068FFF7BCFE00205D
:10A76000D2E799681A690068FFF7C6FE0020CBE7B8
:10A770000120C9E70020C7E70020C5E70120C3E7A3
:10A780000120C1E70120BFE70120BDE78FFFCFFF18
:10A79000F8FFFEFF10B504003C23C35C012B22D060
:10A7A0003C230122C25401330132C254FFF790FF0F
:10A7B000002810D12268D36840218B43D3602268DF
:10A7C000D3680A490B40D3603D230122E254013B88
:10A7D0000022E25410BD3D230122E254013B00223D
:10A7E000E2540120F6E70220F4E7C046FFBFFFFF76
:10A7F00030B53C23C35C012B33D03C230122C2542F
:10A8000001330132C254026853689568164CA24263
:10A8100022D07024A3430C68234353600368124A78
:10A8200093420CD08022D205934208D00F4A934223
:10A8300005D00F4A934202D00E4A934204D180229F
:10A8400095438A682A439A603D230122C254013B02
:10A850000022C254002030BD074C23404C682343E3
:10A86000D7E70220F7E7C046002C01400004004073
:10A870000008004000400140FFFF0FFF0D488546E3
:10A88000FDF7ECFE0C480D490D4A002302E0D458B8
:10A89000C4500433C4188C42F9D30A4A0A4C00232A
:10A8A00001E013600432A242FBD301F0C1FFF9F7CB
:10A8B000C9FCFEE700400220000000205C020020EE
:10A8C000203601085C020020A0210020FEE710B520
:10A8D000002100F0E7FE10BD10B50A22002100F0B3
:10A8E00079FF10BD10B5034B0100186800F030F877
:10A8F00010BDC046D001002010B5034B0100186800
:10A9000002F070FE10BDC046D001002070B50F4EA1
:10A910000D0031680400002902D101F05DFF3060B4
:10A920002900200001F058FF431C03D101256D428E
:10A93000280070BD0323C51C9D43A842F8D0291AE6
:10A94000200001F049FF0130F2D1EFE75420002050
:10A95000F7B50322CB1C9343083305001F000C2BD3
:10A9600034D20C27B94233D8280000F071F8374EA2
:10A9700033681C00002C2FD139002800FFF7C6FFD8
:10A980000400431C5FD134680094009B002B4AD123
:10A99000002C52D023682800E3180099019301F09D
:10A9A0001BFF019B834248D123682800FF1A39000E
:10A9B000FFF7ACFF013040D02368DB192360336818
:10A9C0005A68002A33D1009B336019E0002BC9DAA2
:10A9D0000C232B600020FEBD2168C91B20D40B294D
:10A9E0000AD9E2192760A34204D13260636811607A
:10A9F000536005E05A60F9E76268A3420ED1326005
:10AA0000280000F02DF8200007220B30231D904372
:10AA1000C21A9842DFD01B1AA350DCE75A60EFE756
:10AA200023006468A6E7009C63680093ADE71A0002
:10AA30005B68A342FBD10023DAE70C2328002B60DC
:10AA400000F00EF8C6E70760DAE7C046582000209D
:10AA500010B5024801F011FF10BDC0469C21002036
:10AA600010B5024801F00AFF10BDC0469C2100202D
:10AA700070B516000D0003F005FD002E0DD06B2300
:10AA80006A00520D9B1A002B07DD0024034A1B05A8
:10AA90009D182B00220005F0B9FF70BD0000F03FAB
:10AAA000F0B5A1B019920022002600270490089169
:10AAB0001C921B910A7807912B2A20D00CD80D2AC2
:10AAC00006D8082A06D8002A0FD000230D938DE05F
:10AAD000202AFAD10131ECE72D2A12D12C3A481C58
:10AAE0001B900D924A78002A40D1089B1B930023AB
:10AAF0000D93199B002B2DD13000390034E000223A
:10AB0000EDE700210D9100210991302A00D06EE07F
:10AB1000079A203152788A4307994D1C582A5BD1F5
:10AB200002930D9BB94A01931CAB009304981DAB93
:10AB30001BA902F009FE0F2302001A40040005922F
:10AB4000184204D0062A13D100231B950D93199B9C
:10AB5000002B02D01B9B199A13600D9B002BCBD0AE
:10AB6000802330001B06F91821B0F0BD0790CAE71A
:10AB70001C9A002A07D035211EA803F079FD1C99E4
:10AB8000049803F029F905980138042806D8F5F748
:10AB9000A9FA12031D1F12001E9E1F9FE40502D575
:10ABA00080231B061F439A4B3B42D0D101F03AFE53
:10ABB00022230360CBE797491F9A1D9B0A409649C1
:10ABC0001E9E5B181B051A431700E7E7904FE5E749
:10ABD0000126924F7642E1E72B001B951B780795E3
:10ABE0000135302BF8D0002BB1D00123099300257B
:10ABF0000A2210950695079B06995C5C2300303B62
:10AC0000092B31D9069A079B85499818012201F032
:10AC100094FD00283DD0002023008446069A0E9023
:10AC200005922022190091430A0000210C91452A27
:10AC300000D0B8E0059B099A034313438B4200D12F
:10AC400053E71B9B089301331B93089B5B782B2BCB
:10AC500075D02D2B7BD011911A00303A092A7CD95E
:10AC6000089A1B9200229DE0069B082B0CDC109B8F
:10AC70005343303BE3181093069B01330693069928
:10AC8000079B5B181B93B6E72B005343303BE5183B
:10AC9000F2E71B9B5A1C1B92069A5B78002A35D060
:10ACA0000E9005921A00303A092A12D901229446D0
:10ACB000B7E71B9B01305A1C1B925B78302BF8D0F6
:10ACC0001A00313A082A35D80E9000201B9A0590B8
:10ACD00007921900421C3039302B11D00A240E9BE8
:10ACE0009B180E93059BC0185A1C834210D10592E5
:10ACF000082B18DC0A23109A53430022CB18109318
:10AD00001B9B1000591C1B915B78CBE70698D5E77D
:10AD1000082B04DC109B634310931300E4E7102A14
:10AD2000FBDC6543F9E700220F2BE9DC0A235D43D6
:10AD30004D19E5E700220E9205920132B7E7002394
:10AD40001193089B02331B93089B9B7884E7012394
:10AD5000F6E71B9B5A1C1B925B78302BF9D0002224
:10AD60000C921A00313A082A1DD8303B1C001B9B5C
:10AD70000C93591C1B910B7812911A00303A013137
:10AD8000092A3CD90C99129A521A26490C91082A80
:10AD900003DC0C948C4200DD0C91119A002A02D045
:10ADA0000C9A52420C92059A002A60D1099A1043DB
:10ADB00000D0CCE66246002A00D096E6692B3AD055
:10ADC00036DC492B37D04E2B00D08EE616491BA817
:10ADD00002F0F0FE002800D187E61B9B1B78282B91
:10ADE0003FD11EAC220011491BA802F0F7FE052836
:10ADF00037D11F9B064A1E9E1A431700A7E60A2258
:10AE00006243D218303A1400B4E7C046D033010888
:10AE10000000F07FFFFFEFFF33040000FFFFFF7F24
:10AE20002C3201081F4E00003B320108BC330108E0
:10AE30006E2BCBD059E694491BA802F0BBFE00282C
:10AE400000D152E61B9B9149013B1BA81B9302F0CA
:10AE5000B1FE002802D11B9B01331B9300268C4FAF
:10AE600075E68C4801F028FD06000F006FE60C9B8C
:10AE70000E9A9B1A0993069B002B01D1059B069302
:10AE8000059C102C00DD1024109806F02FFB059B6C
:10AE900006000F00092B12DC099B002B00D156E69F
:10AEA000099B002B74DD162B59DC7B49DB00C9188C
:10AEB0003200086849683B0005F0A8FDD4E722008D
:10AEC000754B093AD2009B181A685B6805F09EFD25
:10AED000060028000F0006F009FB0B0002003900F5
:10AEE000300004F03BFF059B06000F000F2BD3DD65
:10AEF000059B099A1B1B9918002900DC9DE00F2275
:10AF00000B000C0013409443114251D19A235B0073
:10AF10009C425DDC002330003900604D2411089311
:10AF2000012C78D1002B01D006000F005C4B089A51
:10AF3000FF185A4BD5005D193200286869683B003C
:10AF400005F064FD524B574A06000B4093423FD830
:10AF5000554A93426DD90126544F764235E0252358
:10AF6000059A9B1A099A9342C2DB0F24059B4A4D0E
:10AF7000E41AE10069183200086849683B0005F0EE
:10AF800045FD099B1C1BE4002D192A686B6893E79B
:10AF9000099B1633ACDB0C990E9A3F4B521AD20028
:10AFA0009B1830001A685B68390005F09FF95BE771
:10AFB0003949DB00C9183200086849683B0005F0D0
:10AFC00025FD06000F00002CA0D100230893A4E06B
:10AFD0000023059306931093079322230026049AD7
:10AFE0002B4F1360109BB34200D1B0E51C9904981D
:10AFF00002F0F2FE0799049802F0EEFE069904981A
:10B0000002F0EAFE1099049802F0E6FE0599049811
:10B0100002F0E2FE9BE50122144204D02A686B682C
:10B0200005F0F4FC0123089A6410013208920835F7
:10B0300076E7D4239B04CF18C7E70029C5D049423F
:10B040000F230A000C111A4019420FD11F2C2FDDBB
:10B05000002305930693109307932223049A002656
:10B060001360109B0027002BC0D170E50A4BD20063
:10B070009B1830001A685B68390005F037F9060044
:10B080000F00002CA1D0E1E733320108A9320108FA
:10B090000000F07FA532010848350108203501087D
:10B0A0000000B0FC0000A07C0000907CFFFFEF7F60
:10B0B000102322001A4008921C4201D05A330893F0
:10B0C000300039000023C14D0122144204D02A6807
:10B0D0006B6805F09BFC012364100835002CF3D14C
:10B0E000002B01D006000F00089B002B0DD06B2316
:10B0F0007A00520D39009B1A002B06DD1F2B5CDDF8
:10B100000026342B52DDDC27BF0400220023300050
:10B110003900F5F7A7F800289AD1109B069A0093FA
:10B120000799059B049802F0BFFE1090002800D1FB
:10B130004EE7099B0C99DB430E9ADB17521A1292C9
:10B14000099A1299D2171140099A12911A400023B4
:10B15000189205930693109B0498596802F0FAFD23
:10B160000790002800D138E7109B0C3019001A69AD
:10B170000C310232920001F095FB1EAB01931DAB26
:10B18000009332003B0004980E960F9703F0E6F907
:10B190001C90002800D120E70121049802F020FF34
:10B1A000069000280ED10023069316E74B239A1A27
:10B1B0004C3B934019400F00A7E7012252429A40AE
:10B1C0001640A2E71D9B189A129DD41A002B01DB92
:10B1D000189C5D1908991E9A5B1A36219B188A1AC9
:10B1E0007B4901208C460021013B1391149063455B
:10B1F00006DA6146C91A521A1F293FDC88401490AA
:10B20000AB180C93A418089B0C9A1C192B009542A0
:10B2100000DD1300A34200DD2300002B04DD0C9AA7
:10B22000E41AD21A0C92ED1A129B002B16DD1A00AA
:10B230000699049802F098FF06900028B3D0010008
:10B240001C9A049802F0E4FE1190002800D1C4E694
:10B250001C99049802F0C0FD119B1C930C9B002BC1
:10B2600012DC099B002B18DD189A0799049802F04C
:10B270007BFF0790002810D10023ADE65549CB1A7B
:10B28000010099401391BAE70C9A1C99049802F0B6
:10B29000CDFF1C900028E4D19FE6002C07DD2200A2
:10B2A0000799049802F0C2FF07900028E4D0002D0F
:10B2B00008DD2A000699049802F0B8FF06900028DD
:10B2C00000D18AE6079A1C99049803F037F8059094
:10B2D000002800D181E6C368069911930023C3605A
:10B2E00003F010F800283EDA119B33436AD10C9723
:10B2F0003B0367D1D622384BD2043B40934261D9FD
:10B30000059B5B69002B03D1059B1B69012B59DD54
:10B3100005990122049802F089FF0699059002F030
:10B32000F1FF00284EDD2C4B0C9A1A401300089AAE
:10B33000002A73D0D622D20493426FD8DC22920422
:10B34000934200D889E630003900244B002205F0F2
:10B350005DFB214B06000F000B4200D046E6222386
:10B36000049A136042E60C97002874D1119A3B03AB
:10B370001B0B002A38D01A4A934237D10121089B6F
:10B38000494232000800002B0BD0D424124B080095
:10B390003B40E404A34204D86C301B0DC31A99400F
:10B3A0000800824222D10F4B0C99994202D10132FE
:10B3B00000D112E6084B0C9A00261A401300802296
:10B3C00052039F18089B002BBDD10FE6E8330108FC
:10B3D00002FCFFFFE2FBFFFF0000F07F000050399E
:10B3E000FFFF0F00FFFFEF7F33439CD0139B002B29
:10B3F0001CD00C9B139A1342E4D0119B30003900EF
:10B40000089A002B16D0FFF733FB02000B000E98B2
:10B410000F9904F0A3FC06000F00D3E70126914A20
:10B4200076429B18904A1A431700CBE7149B33428D
:10B43000C8D0E2E7FFF71CFB02000B000E980F9943
:10B4400005F00AFD0022002306000F00F4F70AFFB2
:10B450000028B7D001E60699059803F0DFF88023AD
:10B460000022DB0504000D00F4F70CFF00286CD06F
:10B47000119B002B77D1002E57D10C9B1B035AD167
:10B48000002220002900794BF4F7F2FE002859D160
:10B49000200029000022764B05F0B8FA04000D00C8
:10B4A00080231B06EB180A940B930A9A0B9B1492A9
:10B4B0001593704A0C9B13401393139A6E4B9A4248
:10B4C00000D087E06D4A0C9B944663441F00300017
:10B4D000190002F0D7FF0A9A0B9B05F097FA320089
:10B4E0003B0004F03BFC634A654B06000A409A426D
:10B4F00040D90F9B634A934203D10E9B013300D185
:10B500006BE501265F4F76421C99049802F064FCBB
:10B510000799049802F060FC0699049802F05CFC1C
:10B520000599049802F058FC15E6012E03D10C9BF6
:10B53000002B00D191E50023534C4C4D0A930B9402
:10B540000024B2E700244A4DAAE720002900484B16
:10B55000002205F05BFA119B04000D00002B9FD028
:10B560000A940B95A1E70023404C25000A930B9405
:10B570001C009AE7D4239B04CF18089B002BC3D14F
:10B580003C4B139A3B409A42BED12000290003F065
:10B5900005FD03F03DFD02000B002000290005F031
:10B5A0005BFC3B03119A1B0B3343134304000D0058
:10B5B000364A002B52D0364BF4F75AFE002800D002
:10B5C00014E520002900334A294BF4F765FE0028D2
:10B5D0009AD00BE5089B002B2AD0D423139ADB04C6
:10B5E0009A4225D8200029002B4A2C4BF4F74AFE1A
:10B5F000002816D02000290003F0B4FC002800D158
:10B60000013005F073FF119B04000D00002B22D1C7
:10B6100080231B06CB1816901793169A179B14922B
:10B620001593D622159BD2049B18139A9B1A159337
:10B630000E980F99149E159F02F024FF02000B0034
:10B640003000390005F0E2F90E9A0F9B04F086FBFA
:10B6500006000F0091E716941795DEE7104BF4F7FC
:10B6600007FEB4E70000F0FFFFFF0F000000F03F0F
:10B670000000E03F0000F07F0000E07F0000B0FC31
:10B68000FFFF9F7CFFFFEF7F0000F0BF9535A09488
:10B69000FFFFDF3F35E5AF350000C0FFFFFFDF41B3
:10B6A000FFFFCF3F10B5044C0A000100034B206898
:10B6B000FFF7F6F910BDC046D0010020640000205D
:10B6C000F0B585B017001E0003900191242B23D8FC
:10B6D0000C00012B20D03D4B08229C4623006146E4
:10B6E0001D780134485D010011401042F6D12D2D26
:10B6F00019D125789C1C0123009310223300934319
:10B700001DD1302D15D1202123788B43582B10D1FA
:10B7100065780234102612E001F084F816230360E5
:10B72000002005B0F0BD00912B2DE6D125789C1CA2
:10B73000E3E7002EEED10A36302D00D1023E244A36
:10B74000009B94466344310018000293F4F71AFDFD
:10B750000022844610002B00303B092B11D81D001D
:10B76000AE421DDD531C09D001225242844505D34F
:10B7700001D1A94211DB0122704328182578013438
:10B78000E9E72B00413B192B01D8373DE8E72B00B7
:10B79000613B192B04D8573DE2E701225242EDE705
:10B7A000531C08D12223039A02981360002FB8D0AB
:10B7B000631E019307E0009B002B00D04042002F46
:10B7C000AFD0002AF4D1019B3B60AAE711340108F5
:10B7D000FFFFFF7F10B5044C13000A000100206832
:10B7E000FFF76EFF10BDC046D0010020F0B51F006E
:10B7F000002316008BB09F4204DA802109067B18D3
:10B800001F002D23129A149D1370202303229D43A1
:10B81000462D07D02B00453B59424B411099013A28
:10B82000CB18109309AB049308AB0393139B0092BE
:10B830000293109B320001933B0001F0E7F80400F3
:10B84000472D1BD1119BDB0711D5109BC318079304
:10B850000022002330003900F4F704FD002801D055
:10B86000079B09933022099B07998B4220D3200024
:10B87000099B159A1B1B13600BB0F0BD109BC318DE
:10B880000793462DE4D10378302B0CD100220023FE
:10B8900030003900F4F7E6FC002804D10123109AA7
:10B8A0009B1A139A1360139B079A1B68D318CEE751
:10B8B000591C09911A70D6E7F0B52B2385B0050005
:10B8C0000C1E027001DA4C4202336B70092C2EDD23
:10B8D00002ABDE1D20000A21F4F7A8FC370030314E
:10B8E000013E200031700A210194F4F755FC019BC0
:10B8F0000400632BEEDCBA1E30341470AC1C130051
:10B90000210002A8073098420CD802AB0733002070
:10B91000934203D3093002ABC018C01B0019401B6F
:10B9200005B0F0BD1878013308700131E9E7302324
:10B93000E418AB70281DEC70F1E70000F0B597B08B
:10B940000C001C9D0A920B93099000F007FF0368FE
:10B9500018000F93F4F7BEFB0023072210901493F6
:10B96000237E0E93236811932B68073393430122A0
:10B97000C0CB2B607B005B080D930C96A664E7643C
:10B980000C980D99A44B524205F038FD002831D196
:10B990000C980D990122A04B5242F4F773FC002839
:10B9A00028D10022002330003900F4F761FC002880
:10B9B00003D023002D2243331A70984B0C930E9B17
:10B9C000472B01D8964B0C9303230025119A236132
:10B9D00001339A4322600B9B2100009309980A9B34
:10B9E00015AA00F0D9F9013000D099E001204042B9
:10B9F00017B0F0BD32003B003000390005F0FEFC0E
:10BA000000280CD0002F03DA23002D2243331A70B4
:10BA1000844B0C930E9B472BD6D8834BD3E7202225
:10BA20000E9D636895435A1C44D10733636080239D
:10BA3000119ADB00134300222360069214AA059298
:10BA40000E9A0AA9049213AA039223225218029270
:10BA5000019363683200009309983B00FFF7C6FE2C
:10BA600013990C90472D2BD1CB1C02DB63688B42C2
:10BA700044DA0E9E023EF3B20E9320000E9A013974
:10BA800050301391FFF718FF149A05001318236123
:10BA9000012A02DC2268D20701D501332361232366
:10BAA0000AAA9B181B78002B95D023002D22433324
:10BAB0001A7090E7472DBAD1002BB8D10133B5E702
:10BAC0000E9B652BD9D90E9B662B19D16368002973
:10BAD00009DD2161002B02D12268D2070BD5013389
:10BAE0005B18236107E0002B03D10122206810427C
:10BAF00000D09A1C22610025A165D0E767230E9330
:10BB0000149B8B4205DC23682161DB07F3D54B1CBA
:10BB1000E7E70122002901DC9218521A9B18E0E79E
:10BB20002268530508D423690C9A0A9909980B9D39
:10BB3000A847013029D159E70E9B652B00D8D6E0E4
:10BB4000A06CE16C00220023F4F78CFB002833D0BA
:10BB50000123364A0A9909980B9DA847013000D164
:10BB600044E7149E139BB34202DB2368DB070CD52A
:10BB70000B9D109B0F9A0A990998A8470025013040
:10BB800000D133E7731EAB420ADC23689B0700D564
:10BB900000E1159BE068984200DB29E7180027E7E1
:10BBA000220001230A9909980B9F1A32B8470130E5
:10BBB00000D11BE70135E5E7139B002B38DC01239F
:10BBC0001A4A0A9909980B9DA847013000D10DE740
:10BBD000149E139B334302D12368DB07D5D50B9DFD
:10BBE000109B0F9A0A990998A8470025013000D1A7
:10BBF000FCE6139B5B42AB4201DC330094E722007E
:10BC000001230A9909980B9F1A32B847013000D1D5
:10BC1000ECE60135EDE7C046FFFFEF7F3232010869
:10BC20002E3201083A320108363201083E3201084C
:10BC3000149EA76DB74200DD3700002F2FDCFB43B9
:10BC40000025DB173B400E93A76D0E9BFB1AAB4202
:10BC50002EDC139B9E4237DC2368DB0734D4139D14
:10BC6000F31B751B9D4200DD1D00002D35DCEB43F1
:10BC70000027DB171D400C95139B0C9AF31A9B1A97
:10BC8000BB4200DC81E7220001230A9909980B9D41
:10BC90001A32A847013000D1A8E60137ECE73B0093
:10BCA0000C9A0A9909980B9DA8470130C7D19DE6C7
:10BCB000220001230A9909980B9F1A32B8470130D4
:10BCC00000D193E60135BFE7109B0F9A0A990998B6
:10BCD0000B9DA8470130C2D188E60C9B0A99DA195E
:10BCE00009982B000B9FB8470130C0D17EE6149E07
:10BCF000012E02DC01231A4239D001230C9A0A9941
:10BD000009980B9FB847013000D16FE6109B0F9A3E
:10BD10000A9909980B9FB847013000D166E6A06CDC
:10BD2000E16C731E0E9300220023F4F79BFA0028A7
:10BD30001BD10C9A0E9B01320A9909980B9EB047B1
:10BD400001300ED152E6220001230A9909980B9E78
:10BD50001A32B047013000D148E601370E9B9F42AE
:10BD6000F1DB22002B005032DFE60027F6E70C9AC9
:10BD7000E2E7220001230A9909980B9E1932B04785
:10BD8000013000D132E60135E368159A9B1AAB42C7
:10BD9000EFDCFEE60025F7E7F7B5160001938A68A9
:10BDA0000B690C000090934200DA1300220033600C
:10BDB00043321278002A01D00133336023689B0696
:10BDC00002D53368023333602268062315001D4014
:10BDD0001A4227D0230043331B785A1E934122680E
:10BDE000920630D4220001990098089D4332A8475A
:10BDF000013025D00622236800251340042B05D1ED
:10BE00003368E568ED1AEB43DB171D40A368226930
:10BE1000934201DD9B1AED180026B54220D1002087
:10BE200010E00135E36832689B1AAB42D2DD220094
:10BE3000012301990098089F1932B8470130F0D1C9
:10BE400001204042FEBD3020E1184331087021003E
:10BE50005A1C45310978A218433202331170C1E7E8
:10BE60002200012301990098089F1A32B847013037
:10BE7000E6D00136D1E70000F0B58BB006920A009B
:10BE800043320793059003920A7E0C00109B782A98
:10BE900009D8622A0BD8002A00D1BAE07A49049165
:10BEA000582A00D18EE0250042352A7022E0100089
:10BEB00063381528F7D8F4F71FF916001F00F6FFAE
:10BEC000F6FFF6FFF6FF1F00F6FFF6FFF6FFF6FFA0
:10BED0009F0036007E00F6FFF6FFB000F6FF36004A
:10BEE000F6FFF6FF820025001A684235111D196021
:10BEF00013682B7001239EE018680968021D0D0667
:10BF00000BD506681A60002E03DA2D23039A7642B9
:10BF100013705D4B0A27049318E006681A604906FF
:10BF2000F1D536B2EFE70868196840C9050602D4B2
:10BF3000400600D5B6B21960534B0A2704936F2A06
:10BF400000D1023F2300002243331A706368A360CC
:10BF5000002B06DB04212268039D8A4322603343C1
:10BF60000CD0039D30003900F4F70CF9049B013D1F
:10BF70005B5C2B70330006009F42F3D9082F09D178
:10BF80002368DB0706D5626823699A4202DC302306
:10BF9000013D2B70039B5B1B2361079B21000093DA
:10BFA0000598069B09AAFFF7F7FE013048D101204A
:10BFB00040420BB0F0BD202209680A43226078227B
:10BFC00032490491210045310A701968226840C93C
:10BFD000100602D4500600D5B6B21960D30702D5B8
:10BFE000202313432360002E01D01027AAE720222C
:10BFF000236893432360F8E71A680D68101D4969A8
:10C00000186013682E0601D5196002E06D06FBD595
:10C0100019800023039D2361BFE71A68111D196071
:10C02000156800212800626800F031FC002801D06A
:10C03000401B6060636823610023039A1370ACE7C0
:10C040002A00236906990598079DA8470130AED0BC
:10C0500023689B0715D4099BE0689842A9DA180069
:10C06000A7E72200012306990598079E1932B047D9
:10C0700001309CD00135E368099A9B1AAB42F0DC91
:10C08000E9E70025F7E7C0464032010851320108D0
:10C09000F7B50C228B5E05000C001A075AD44A68CB
:10C0A000002A02DC0A6C002A4FDDE76A002F4CD020
:10C0B000002280212E682A601A0049010A400B42A2
:10C0C00034D0626DA3895B0706D56368D21A636BAF
:10C0D000002B01D0236CD21A00232800E76A216AC2
:10C0E000B8470C23E25E431C06D129681D292ED8CF
:10C0F0002B4BCB40DB072AD50023636023692360E9
:10C10000D20405D5431C02D12B68002B00D16065F9
:10C11000616B2E60002918D023004433994202D06D
:10C12000280001F05FFA002363630EE0012328007A
:10C13000216AB8470200431CC4D12B68002BC1D030
:10C140001D2B01D0162B1DD12E60002021E0402395
:10C1500013431BE00E69002EF7D00F680E60BA1B68
:10C16000019200229B0700D14A69A260019B002B2B
:10C17000EBDDA36A32001F002800019B216AB8474B
:10C18000002807DC4023A28913431BB20120A381AE
:10C190004042FEBD019B36181B1A0193E6E7C046DC
:10C1A000010040200B6970B505000C00002B02D186
:10C1B0000025280070BD002804D0036A002B01D19F
:10C1C00000F0ACF80C22A35E002BF1D0626ED20717
:10C1D00004D49B0502D4A06D00F04FFB2800210081
:10C1E000FFF756FF636E0500DB07E2D4A3899B05CA
:10C1F000DFD4A06D00F042FBDBE70000002310B5A8
:10C20000040003604360836081814366C2810361EF
:10C2100043618361190008225C3000F075FA0B4B12
:10C22000246263620A4BA3620A4BE3620A4B2363F4
:10C230000A4B9C4205D00A4B9C4202D0094B9C42BF
:10C2400003D12000583000F017FB10BD35C50008A1
:10C250005DC5000895C50008C1C500085C20002028
:10C26000C42000202C21002010B5034A03490448B3
:10C2700000F06CF810BDC04658000020A5C10008B1
:10C28000D401002041680B4B10B50400994201D045
:10C29000FFF788FFA168084B994202D02000FFF702
:10C2A00081FFE168054B994202D02000FFF77AFF39
:10C2B00010BDC0465C200020C42000202C2100209E
:10C2C00010B5094B094A04211A6009480022FFF7FA
:10C2D00095FF012209210748FFF790FF0222122152
:10C2E0000548FFF78BFF10BD9421002069C20008AC
:10C2F0005C200020C42000202C21002010B5024822
:10C3000000F0BBFA10BDC0469D21002010B50248C8
:10C3100000F0B4FA10BDC0469D21002010B5040005
:10C32000FFF7ECFF236A002B02D0FFF7EFFF10BDF1
:10C33000044B2362044B1B68002BF6D1FFF7C0FFB0
:10C34000F3E7C04685C2000894210020F7B5140029
:10C35000002600900191A5686768013F04D5246814
:10C36000002CF8D13000FEBDAB89012B08D90E227C
:10C37000AB5E013304D029000098019B9847064327
:10C380006835EAE7F0B51D00574B85B01E6804001C
:10C390000F000092002E05D0336A002B02D130002E
:10C3A000FFF7BCFF009B022B05D0012B00D997E0C3
:10C3B000002D00DA94E0636EDB0705D4A3899B05AA
:10C3C00002D4A06D00F059FA21003000FFF7EAFE18
:10C3D000616B002908D023004433994202D0300019
:10C3E00001F000F9002363630023A3616360A38964
:10C3F0001B0603D53000216901F0F4F8A3893B4AFC
:10C400001340A381009B022B60D003AB21003000BE
:10C4100002AA02F03FFCA3890343A381002D24D18B
:10C42000029D2800FEF75EFA0195071E48D1029B87
:10C430000193AB423FD101256D420C22A35E022243
:10C440001A43A2810022A2602200473222602261A8
:10C450000122616E6261114204D19B0502D4A06D7C
:10C4600000F00CFA280005B0F0BD002FD9D0336AD7
:10C47000002B02D13000FFF751FF009B012B03D1AD
:10C48000A389009A1A43A2810C22A35E08221900F4
:10C49000276027616561114013421BD0DA0717D569
:10C4A00000226D42A260A561626ED20701D49B0595
:10C4B00012D50025D6E70198FEF714FA071EBAD068
:10C4C0008023A289019D1343A381D0E70025B4E70F
:10C4D000A560E9E7A160E7E7A06D00F0CFF9E8E724
:10C4E00001256D42BEE7C046D00100205CF3FFFF8E
:10C4F0000EB410B500249DB0029006900A481FAB00
:10C5000007900490094804CB0590094802A90068E7
:10C5100001934C6602F062F9029B1C701DB010BCC6
:10C5200008BC03B01847C046FFFFFF7F0802FFFFAB
:10C53000D001002070B50C000E25495F00F038F9DD
:10C54000002803DB636D1B18636570BDA389024A75
:10C550001340A381F9E7C046FFEFFFFFF8B51F00C6
:10C560008B8905000C001600DB0505D50E23C95E7E
:10C570000022022300F008F9A389054A280013408D
:10C58000A38132000E23E15E3B0000F037F9F8BDD5
:10C59000FFEFFFFF70B50C000E25495F00F0F4F8C7
:10C5A0000C22A35E421C03D1044A1340A38170BD38
:10C5B000802252011343A3816065F8E7FFEFFFFF7C
:10C5C00010B50E23C95E00F0CDF810BDF8B5060019
:10C5D0000D001400002804D0036A002B01D1FFF7DE
:10C5E0009DFEA369A360A3891B0702D52369002BC5
:10C5F00009D12100300000F02BF8002803D00125DC
:10C600006D422800F8BD23692068EFB2C01A636943
:10C61000EDB2834205DC21003000FFF7C3FD0028A6
:10C62000EDD1A3680130013BA36023685A1C22604E
:10C630001F706369834204D0A389DB07E1D50A2D0B
:10C64000DFD121003000FFF7ADFD0028D9D0D6E7BB
:10C650002C4B70B5050018680C00002804D0036A44
:10C66000002B01D1FFF75AFE0C22A35E1A0722D439
:10C67000DA0607D409222A60373201201343A38146
:10C68000404270BD5A0713D5616B002908D02300C2
:10C690004433994202D0280000F0A4FF00236363D2
:10C6A0002422A38993430022626022691BB2226084
:10C6B00008221343A3812269002A0AD1A0218022E3
:10C6C000890092000B40934203D02100280002F021
:10C6D0000BFB0C23E25E012113000B400A420CD03D
:10C6E0000023A36063695B42A36100202369834246
:10C6F000C7D11306C5D54023BFE7910700D46369AE
:10C70000A360F2E7D001002003008218934200D119
:10C71000704719700133F9E7030030B51C78002C1D
:10C7200009D1181A30BDA542FBD001321578002D71
:10C73000F9D10133F2E70A00F8E730B50500101E21
:10C740000BD00024013A2B5D085D834204D1944252
:10C7500002D00134002BF6D1181A30BD00487047C2
:10C7600054010020002370B5064D040008002B6022
:10C77000FBF7C6FF431C03D12B68002B00D02360BE
:10C7800070BDC0469821002070B50400080011005B
:10C790001A000023054D2B60FBF7BCFF431C03D19F
:10C7A0002B68002B00D0236070BDC046982100206C
:10C7B00070B50400080011001A000023054D2B601D
:10C7C000FBF782FF431C03D12B68002B00D02360B2
:10C7D00070BDC04698210020002370B5064D0400AE
:10C7E00008002B60FBF73CFF431C03D12B68002B98
:10C7F00000D0236070BDC0469821002070B50400B1
:10C80000080011001A000023054D2B60FBF76AFF9A
:10C81000431C03D12B68002B00D0236070BDC046A1
:10C8200098210020014B18687047C046D0010020B5
:10C8300070B500260C4C0D4D641BA410A64209D106
:10C84000002604F025FF0A4C0A4D641BA410A642E2
:10C8500005D170BDB300EB5898470136EEE7B30041
:10C86000EB5898470136F2E71836010818360108E8
:10C870001C360108183601087047704770470300DE
:10C880000A7801311A700133002AF9D17047C9B210
:10C890008218904201D10020704703788B42FBD070
:10C8A0000130F6E7002310B59A4200D110BDCC5CF0
:10C8B000C4540133F8E70000002001497047C04626
:10C8C0000000F87F7FB514001A00094B05001B68B3
:10C8D0000E00D868074B002C01D1074B1C000749FC
:10C8E000019302942B00009602F0C4F902F06CFA56
:10C8F000D00100206A320108A53201087732010810
:10C90000F0B503690C6989B0039006910020A34239
:10C9100063DB0B00013C1433A50004935B19059302
:10C92000039B143301935D19059B2F681E68380023
:10C9300001363100F3F7EAFB0290B74227D3049B9C
:10C9400000279C46019E0797624608CA30689446B5
:10C95000029A99B251431B0C5343C9190A0C9B18F4
:10C9600089B282B2521A07991F0C5218000C9BB25E
:10C970001114C31A5B18191492B21B04134308C68E
:10C98000059B07916345DFD22B68002B2BD00699BE
:10C99000039801F0B7FC00281EDB0026019D0499D6
:10C9A00001C92B6887B29AB2D21B9219000C1B0CDA
:10C9B0001B1A10141B181E1492B21B04134308C533
:10C9C000059B8B42ECD2019AA300D3181A68002A67
:10C9D00014D0029B01330293029809B0F0BD2B687A
:10C9E000002B04D1013C019B043DAB42F7D3039BD8
:10C9F0001C61CCE71A68002A04D1013C019A043B6F
:10CA00009A42F7D3039B1C61E3E70000F0B51400E2
:10CA10001D00C2699DB010941195259F0290002AB7
:10CA200010D11020FDF75EFF029B021ED86104D1D9
:10CA3000EF21C04BC048FFF745FF002343608360F0
:10CA40000360C360116800290BD00123526802986B
:10CA500093404A608B6001F0BFF90022029BDB69C2
:10CA60001A602E1E1DDA01236E00DE403B60119617
:10CA7000B24BB24A3340934216D1B14B249A36039B
:10CA8000360B1360264301D100F07DFDAD4B269A95
:10CA90000593002A02D0AC4B269A136005981DB06E
:10CAA000F0BD00233B60E3E7109A119B0C920D93BD
:10CAB0000C980D9900220023F3F7D4FB071E0BD02E
:10CAC0000123249A1360269B002B02D09F4B269AA9
:10CAD00013609F4B0593E1E71AAB01931BAB0093E7
:10CAE00002980C9A0D9B01F039FD1A9B0490310DB0
:10CAF000059300D17BE00D9B19971A03954B120B00
:10CB00001343954A8E180C980D9919000022934BE7
:10CB100004F0A2F9924A934B03F078FF924A934BA8
:10CB200003F01CF9040030000D0004F0B7FC904A3B
:10CB3000904B03F06BFF02000B002000290003F074
:10CB40000DF904000D0004F077FC0022039000238F
:10CB500020002900F3F78CFB00280BD0039804F089
:10CB60009DFC2B002200F3F77DFB43425841039BC1
:10CB70001B1A039301231393039B162B10D80C98B5
:10CB80000D99039A7C4BD2009B181A685B68F3F7E7
:10CB90006FFB002847D0039B013B039300231393B3
:10CBA000059B9E1B00230693731E03D50122931B36
:10CBB000069300230A93039B002B36DB039A0A9B00
:10CBC000944663440A93002312920E93229B0124FD
:10CBD000092B61D8052B02DD0024043B2293229B04
:10CBE000981E032862D8F3F77DFA53553629059B22
:10CBF0001B9FDF19614BFA18202A0FDD40239B1A77
:10CC00009E405F4B3000FB18DC40204304F06EFC7C
:10CC100001225C4B7E1ECB18199276E72023200060
:10CC20009B1A9840F2E71390BAE7069B039A9B1A67
:10CC3000069353420E9300231293C7E70123239ACE
:10CC40000F939446039B63440B9301330893002B8B
:10CC500008DC012306E001230F93239B002B29DD31
:10CC60000B930893029A0021D06904221500143511
:10CC70004E1C9D4223D94160029801F06BF805904B
:10CC800000281FD1B021404B2B48059AFF31D2E636
:10CC90000023E1E70023D2E700230F942293013B16
:10CCA00000220B93089313332392DBE701230F93A6
:10CCB000023BF5E701231A000B930893F4E73100D8
:10CCC0005200D3E7029B059ADB691A60089B0E2B82
:10CCD00000D9DEE0002C00D1DBE0039B002B68DDF7
:10CCE0000F21039A244B0A40D2009B181E685F68EC
:10CCF000039B02251C110C9A0D9B14921593039B08
:10CD0000DB050AD5214B0C401A6A5B6A0C980D9919
:10CD100003F0ECFA1490159101351C4B0993002C8B
:10CD200036D11498159932003B0003F0DFFA060063
:10CD30000F005BE0B3320108CA3201080000F07F47
:10CD40000F270000AF320108B23201083F3201085C
:10CD50003E3201080000F03F01FCFFFF0000F83FF9
:10CD600061436F63A787D23FB3C8608B288AC63FF1
:10CD7000FB799F501344D33F48350108320400002B
:10CD800012040000000010FE0C33010820350108D9
:10CD900001231C4209D0ED18099B30001A685B681A
:10CDA000390003F033FE06000F00099B64100833BE
:10CDB000B4E7039B02250C9E0D9F002B16D00F227B
:10CDC0005C422240D24BD2009B1830001A685B684C
:10CDD000390003F01BFECF4B060009930F00002320
:10CDE0002411002C00D098E0002BA0D1139B002B25
:10CDF00000D1A1E0002230003900C74BF3F738FA28
:10CE0000002800D198E0089B002B00D194E00B9BF8
:10CE1000002B3EDD039B3000013B390009930022CB
:10CE2000BE4B03F0F3FD06000F000B9C01352800FC
:10CE300004F034FB32003B0003F0E8FD0022B84B65
:10CE400002F08CFFB74B14901591CB181593149AE0
:10CE5000159B16921793002C72D1002230003900D6
:10CE6000B14B03F0F9FF169A179B06000F00F3F77A
:10CE700013FA002800D0AAE2802000068446159903
:10CE8000300061440B00149A3900F3F7F1F90028DF
:10CE900026D11B9B002B00DA69E1039A0E2A00DDE4
:10CEA00065E19B4BD2009B185C681B680693079456
:10CEB000239B002B00DBE4E0089B002B00DDE0E07F
:10CEC0000ED1069807990022974B03F09FFD0200B0
:10CED0000B000C980D99F3F7D5F9002800D179E2F1
:10CEE00000263700239B059CDB430993039700270B
:10CEF0003100029800F070FF039B002B00D1B6E0D8
:10CF0000002F05D09F4203D03900029800F064FF43
:10CF10000399029800F060FFA9E00122144206D0B4
:10CF2000099BAD181A685B6803F070FD0123099A2C
:10CF300064100832099254E7039B089C099376E732
:10CF4000734B621ED2009B1818685968059BE31842
:10CF500018930F9B002B49D002000B00002073494F
:10CF600003F0C4F9169A179B03F076FF059B149003
:10CF7000159116933900300004F05EFA050004F0B4
:10CF80008DFA02000B003000390003F065FF169B9C
:10CF900030355C1C1D70149A159B06000F00F3F7CA
:10CFA00067F9002863D132003B0000205A4903F0A2
:10CFB00053FF149A159BF3F75BF9002800D0B9E0F2
:10CFC000189B9C4200D164E7149815990022534B9A
:10CFD00003F01CFD002214901591504B30003900D5
:10CFE00003F014FD169406000F00C3E7169A179B72
:10CFF00003F00CFD14901591059D3900300004F0EC
:10D000001BFA040004F04AFA0B0002003900300059
:10D0100003F022FF3034189B2C70013506000F00FE
:10D02000AB4227D11498159900221C003F4B02F007
:10D0300095FE02000B0030003900F3F72DF90028AF
:10D0400000D077E0149A159B0020384903F004FFC4
:10D0500002000B0030003900F3F70AF9002800D174
:10D0600017E72300013C2278302AFAD01C00099BE4
:10D0700003933DE00022294B03F0C8FC06000F009B
:10D08000BBE7089F059E013FBF19069A079B0C98B6
:10D090000D9903F02BF904F0CFF9050004F0FEF927
:10D0A000069A079B03F0B2FC02000B000C980D9946
:10D0B00003F0D2FE2A0033003032013634001A70F9
:10D0C0009F4247D102000B0002F048FE069A079BE0
:10D0D00006000F00F3F7E0F8002829D1069A079B15
:10D0E00030003900F3F7BEF8002801D0ED071FD457
:10D0F0000499029800F070FE00232370039B249A89
:10D1000001331360269B002B00D1C7E41C60C5E4EB
:10D1100048350108203501080000F03F0000244098
:10D1200000001C400000C0FC000014400000E03F74
:10D13000039B099323001C00013B1A78392A06D16E
:10D14000059A9A42F7D1099A0132099230220132A6
:10D150001A708CE70022C64B03F058FC0022002313
:10D160000C900D91F3F77EF800288ED0C0E70F9F4A
:10D170000E9D069C002F14D0229A012A00DDE4E0C7
:10D18000199A002A00D1DAE0BA4A9B18069A0121BE
:10D19000D21806920A9A0298D3180A9300F020FF38
:10D1A0000700002C0ED00A9B002B0BDD0A9A2300EF
:10D1B000944200DD1300069AE41AD21A06920A9AE3
:10D1C000D31A0A930E9B002B21D00F9B002B00D16A
:10D1D000D3E0049E002D14D039002A00029800F0FC
:10D1E000C3FF049A01000700029800F011FF060037
:10D1F0000499029800F0F0FD0E9B04965B1B0E93C1
:10D2000005D031000E9A029800F0AEFF0490012183
:10D21000029800F0E5FE129B0600002B00D1BCE155
:10D220001A000100029800F09FFF229B06000025D3
:10D23000012B16DC0025109BAB420ED1119B1B036A
:10D24000AB420AD18C4B119A134206D0069B013592
:10D25000013306930A9B01330A93129B0120002B92
:10D2600008D0336903339B00F318586800F068FE58
:10D270002023181A0A9B181802001F231A4018426C
:10D2800000D181E001339B1A042B79DD1C239B1A0A
:10D29000069AE418D21806920A9AD3180A93069BA3
:10D2A000002B05DD1A000499029800F0BFFF0490DE
:10D2B0000A9B002B05DD31001A00029800F0B6FF32
:10D2C0000600139B002B61D03100049801F01AF87E
:10D2D00000285BDA039B0A22013B0993049900238F
:10D2E000029800F09DFD0F9B0490002B00D15BE1A4
:10D2F000002339000A22029800F092FD0B9B0700E0
:10D30000002B4DDC229B022B46DD0B9B002B00D01B
:10D31000E8E531000522029800F082FD06000100D8
:10D32000049800F0EFFF002800DCDBE5059B059A80
:10D330005C1C31231370099B01330993D6E5362316
:10D340001A9A0E9D9B1A069C20E7089B5D1E0E9B59
:10D35000AB4208DB5D1B089B002BF4DA069B089AA6
:10D360009C1A002312E70E9B129AEB1AD318129301
:10D370000E95069C0025089B08E70E9A049942E743
:10D38000042B8CD01C3383E71300FBE7039B09932A
:10D39000089B0B93002BB5DD0F9B002B00D107E101
:10D3A000002C05DD39002200029800F03FFF070045
:10D3B0000397002D20D07968029800F0CBFC041E62
:10D3C0000CD122002D4B2E482E49FFF734FB2600AE
:10D3D0003700ABE7039B089E0993F9E739003A69E8
:10D3E0000C31023292000C30FFF75CFA012221006E
:10D3F000029800F01BFF0390059B0B9A0693013BDC
:10D400009B1801220E93109B13400C93310004983B
:10D41000FFF776FA390005000A90049800F072FFD1
:10D42000039A0B903100029800F088FF0122C36834
:10D43000040030350892002B04D10100049800F05C
:10D4400061FF08902100029800F0C6FC069B229A1A
:10D450005C1C089B13430C9A134315D1392D2ED015
:10D460000B9B002B01DD0A9D3135069B1D703FE5AE
:10D4700000002440330400000000F07F0C3301085A
:10D48000CA320108EF0200000B9B002B04DB229A3A
:10D4900013430C9A13431ED1089B002BE5DD04991E
:10D4A0000122029800F0C2FE3100049000F02AFF31
:10D4B000002802DCD9D1EB07D7D5392DD3D13923B8
:10D4C000069A137023001C00013B1A78392A51D0A8
:10D4D00001321A700CE5089B002B03DD392DEED0CC
:10D4E0000135C2E7069B0E9A1D7093422DD0002392
:10D4F0000A220499029800F093FC039B04909F4237
:10D5000009D1390000230A22029800F089FC0700A3
:10D51000039006947AE7390000230A22029800F06B
:10D520007FFC002307000A220399029800F078FC90
:10D530000390EEE700240B9BA34201DD1C00013C9D
:10D5400003970027059B0133E418049901220298F0
:10D5500000F06CFE3100049000F0D4FE0028B1DC35
:10D5600001D1ED07AED423001C00013B1A78302A0C
:10D57000FAD0BDE4059A9A42A5D1099B01330993DB
:10D5800031231370B4E4154B269A0593144B002AEB
:10D5900001D0FFF781FAFFF781FA229B012B00DC13
:10D5A00048E60120129D65E60B9B002B00DCA9E6F6
:10D5B000002431000498FFF7A3F9059B303018557B
:10D5C0000B9B01340500A342B4DD00230A22049919
:10D5D000029800F025FC0490EBE7C046A632010853
:10D5E000AE32010870B505000C1E10D0043C236853
:10D5F000002B00DAE4182800FDF72AFA1D4A136808
:10D60000002B05D1636014602800FDF729FA70BD76
:10D61000A34208D9206821188B42F3D119685B68AE
:10D6200009182160EEE71A005B68002B01D0A342C5
:10D63000F9D911685018A0420BD120680918501868
:10D6400011608342E0D118685B6841181160536033
:10D65000DAE7A04202D90C232B60D5E72068211815
:10D660008B4203D119685B680918216063605460BC
:10D67000CAE7C046582000200200F0B5046985B012
:10D6800014324B11160002939C4231DD1F260F000D
:10D690009B00A500D31837405519009301973142DC
:10D6A0000DD1160019008D4236D8009B0026033B91
:10D6B0009D4202D3029BE41AA600961918E020218D
:10D6C000019E019F891B009E039102CE9446F94062
:10D6D000B54216D8009B002601339D4203D3029B1E
:10D6E000E41AA600043E96193160002900D00436E1
:10D6F000B11A89100161964201D10023436105B03E
:10D70000F0BD3768039B9F400F43614680C18C4644
:10D71000019B02CED940DBE780C980C6C3E7020087
:10D72000303A0300092A02D8203BD8B270470200E1
:10D73000613A052A01D8473BF7E71A00413A002031
:10D74000052AF3D8273BF0E7F0B589B007930B68BB
:10D750000192039006919A1C11000132501E00782C
:10D760003028F9D0CB1A023B05930091FFF7D7FF81
:10D7700000231D00029398421ED10122A649009861
:10D78000FEF7DBFF0700A84200D06AE0009B587854
:10D790005C1CFFF7C4FF01230293A8422FD0009422
:10D7A000009B1878302809D0FFF7B9FF4342434166
:10D7B0000293012325000593009C04E0009B0133A4
:10D7C0000093EDE701342078FFF7A9FF071EF9D198
:10D7D000012220009049FEF7B0FF00280DD1002D56
:10D7E00006D1013425002078FFF799FF002802D1E7
:10D7F0002D1BAF0003E00134F5E7002DF8D1202206
:10D80000237826009343502B1DD163782B2B2DD0EA
:10D810002D2B2FD00023661C04933078FFF77FFF59
:10D82000431EDBB20500182B2AD87078FFF777FF6C
:10D83000431EDBB20136103D182B1DD9049B002B73
:10D8400000D06D427F19069B1E60029B002B19D0F1
:10D85000059B06265A4253415B421E40300009B0E8
:10D86000F0BD01230027009C0293C8E70023049326
:10D87000A61CD2E70123FAE70A235D432D18D4E75B
:10D880002600E0E7009B0299E31A013B072B0ADC24
:10D89000039800F05FFA051E08D12A00E4215F4BCF
:10D8A0005F48FFF70FF801315B10EFE70300143317
:10D8B0000293059300231E000493009BA34238D3D8
:10D8C000059C029B40C4E41AA41030002C6100F0B7
:10D8D00037FB019B64011B68261A00939E4252DDB0
:10D8E000F61A3100280000F0E4FE041E0FD00124D7
:10D8F0001F212000731E1940884001005A11029810
:10D90000920012580A4202D0A34234DC02243100B1
:10D910002800FFF7B1FEBF19019B9B68BB4242DAAA
:10D920002900039800F058FA00230E9AA3261360EA
:10D9300094E7013C23782E2B12D0049B202B04D19A
:10D94000059B40C30026059304962078FFF7E7FE69
:10D950000F231840049B9840043306430493ACE71C
:10D96000009BA342E9D8012220002B49FEF7E5FEE7
:10D970000028E2D1A1E72800B11E00F09AFE00289D
:10D98000C4D00324C3E7009B00249E42C4DA9E1B3C
:10D9900029003200039800F049FC0300143305000D
:10D9A000BF1B0293B8E7019B5E68BE426FDD009B20
:10D9B000F61BB34236DC019BDB68022B24D0032B21
:10D9C00026D0012B17D1009BB34214D1012B0BD1D0
:10D9D000019B079A5B68622613600123029A2B6100
:10D9E00013600E9B1D6039E700992800013900F093
:10D9F00060FE0028ECD12900039800F0EDF9002327
:10DA00000E9A5026136029E70F9B002BF3D1DFE716
:10DA10000F9B002BDCD1EEE72C3201080C33010800
:10DA20001D330108771E002C2FD1002F04D03900A0
:10DA3000280000F03EFE04001F237A111F401E3B09
:10DA4000BB400299920052581A4201D002231C4353
:10DA5000009B31009B1B022628000093FFF70CFE61
:10DA6000019B5F68002C3FD0019BDB68022B10D02C
:10DA7000032B12D0012B06D1A20704D5029A1268FB
:10DA800014431C420CD110232DE00124D4E70126BD
:10DA9000E8E701230F9A9B1A0F930F9B002BF2D0FC
:10DAA0002B69002002939B0004932B00049A1433EB
:10DAB00099181A68541C1CD001321A602B001433B8
:10DAC000022E3FD1019A00991268013A8A4209D187
:10DAD0000A001F2010400122824049118900CB58C2
:10DAE00013423DD120231E430E9B1D60079B1F60E8
:10DAF000B4E601C39942DCD8AB68029A9A4218DBBB
:10DB000069680398013100F025F9041E04D1220050
:10DB100084211D4B1D48C4E629002A690C310232BC
:10DB200092000C30FEF7BEFE2900039800F054F975
:10DB300025002B695A1C2A61012204339B00EB1833
:10DB40005A60BBE72A6902998A420BDD012128004D
:10DB5000FFF792FD019B01379B68BB4200DADFE6CD
:10DB60000126BFE71F22009C009914401142F7D004
:10DB7000049A9B18043B186800F0E2F920231B1B51
:10DB80009842E3DBECE7C0460C3301081D33010883
:10DB9000082370B520259A1A9200AD1A43680468CC
:10DBA0001E00AE40D34034430460436004308842DA
:10DBB000F4D370BD30B503680C780133002C02D16A
:10DBC0000360012030BD1A781500413D192D00D8A1
:10DBD00020320131A242EFD00020F3E7F0B50B680C
:10DBE0008BB0019201995A1192008A180292190081
:10DBF0001F22114008900691134202D0029B043369
:10DC00000293029B00251F1F3E003C00089B3D60C5
:10DC10001B68079505930395059B01330993059BA5
:10DC20005B780493002B28D00498FFF778FD002838
:10DC300057D1049B202B19D8039B079A934212DDDE
:10DC4000B44206D2072D04DC2A0031002000FFF781
:10DC50009FFF019B08259C4205D9261F0025340003
:10DC6000039B35600793099B0593D5E7049B292BFC
:10DC70005CD1059B089A02331360039B002B55D09F
:10DC8000B44206D2072D04DC2A0031002000FFF741
:10DC90007FFF019B9C4238D91A00230002CB02C2AD
:10DCA0009F42FBD2029B621CD91E0023914204D3E7
:10DCB000029B043B1B1B9B089B000021019A043222
:10DCC0009B181A00043311609F42FAD23B68002B64
:10DCD00004D1019B9F4227D101233B6005200BB05B
:10DCE000F0BD039B013501330393082D06DD019B35
:10DCF0009C42B8D900230125043C23600F222368ED
:10DD000010401B0103432360ADE7069B002BDDD0D1
:10DD10002023069A02999B1A01225242DA400439C2
:10DD20000B6813400B60D1E7043FCFE70420D6E730
:10DD300082B0002900D101A9101E06D0002B06D008
:10DD400013780B601078431E984102B07047022090
:10DD50004042FAE770B5C46905000E00002C10D1EE
:10DD60001020FCF7BFFD041EE86105D122006B21E5
:10DD7000174B1848FEF7A6FD00234360836003603D
:10DD8000C360E368002B0BD121220421280001F09D
:10DD900022F8EB69E060DB68002B01D1002070BD48
:10DDA000B2009B181868002805D002681A6000238A
:10DDB0000361C360F3E701210C00B440621D280039
:10DDC000920001F008F80028E8D046608460EEE791
:10DDD000B33201086733010870B5C66905000C004D
:10DDE000002E0ED11020FCF77DFD021EE86104D14B
:10DDF0008F21094B0948FEF765FD46608660066085
:10DE0000C660002C07D0EB696268DB6892009B1843
:10DE10001A6822601C6070BDB332010867330108C4
:10DE2000F7B50F0001900C001E0000200D6914379B
:10DE30003B68013099B251431B0C534389190E0CB6
:10DE40009B191E0C89B21B045B1808C78542EFDCC6
:10DE5000002E22D0A368AB4219DC61680198013121
:10DE6000FFF778FF071E05D13A00BA210C4B0D4889
:10DE7000FEF728FD210022690C31023292000C309D
:10DE8000FEF710FD21000198FFF7A6FF3C002B1DB7
:10DE90009B00E31801355E6025612000FEBDC04691
:10DEA0000C33010867330108F7B5060018000F00AE
:10DEB0000830092100931400F2F76EF901230021C4
:10DEC00083420ADB3000FFF745FF011E08D10A003C
:10DED000194B1A48D331FEF7F5FC5B000131EFE72F
:10DEE000089B3D00436101230361092C16DD0935C0
:10DEF0003B192F0001933B780A22303B3000FFF79B
:10DF00008FFF019B013701009F42F4D12D19083D7D
:10DF10002700009B9F4204DB0800FEBD09240A3550
:10DF2000F6E72B1BDB5D0A223000303BFFF778FF62
:10DF300001370100EDE7C0460C33010867330108E3
:10DF40008022030052020020934201D21B041030B1
:10DF500080225204934201D208301B0280225205D3
:10DF6000934201D204301B018022D205934201D298
:10DF700002309B00002B03DB0130134200D1202034
:10DF800070470368010007221800104013420DD0AB
:10DF9000063A0020134205D10230034203D0D34099
:10DFA00010000B6070479B080B60FBE79AB2002AD9
:10DFB00001D110201B0CDAB2002A01D108301B0A53
:10DFC0001A0701D104301B099A0701D102309B08BE
:10DFD000DA07E9D401305B08E6D12020E2E700004F
:10DFE00010B50C000121FFF7B5FE002807D146212E
:10DFF000054C0200054B2000FF31FEF763FC0123B6
:10E000004461036110BDC046673301080C33010849
:10E01000F0B50D6916690F00140089B0B54204DB34
:10E0200033000C002E0017001D0073190193A36824
:10E0300072196168934200DA0131FFF78BFE00909C
:10E04000002806D1B121464B4648009A4900FEF708
:10E0500039FC009A731914329B00D31802930021E3
:10E0600013000298834229D32300B600143304938B
:10E0700014379B19AD000393BC462B0063440793F0
:10E0800000230593230003991533994204D30C1BF5
:10E09000153CA408A3000593079B9C4510D3019B46
:10E0A000002B05DD029B043B02931B68002B52D022
:10E0B000009B019A18001A6109B0F0BD02C3D0E7B5
:10E0C00063461C68A4B2002C1ED017000025049ED5
:10E0D00001CE3B68069383B2634319006B46000C84
:10E0E0001B8B6043CB1806995B19090C4018190C5F
:10E0F00041189BB20D0C09041943039B02C7B3429C
:10E10000E6D8059BD3185D6063461C68240C1ED0BE
:10E110001168160008000027049D2B68000C9BB2B4
:10E120006343DB191B18180489B20843306080CDA3
:10E1300070683F0C674381B279181B0CC918039BA8
:10E140000F0C0436AB42E8D8059BD3185960042362
:10E150009C44D218A0E7019B013B01939FE7C04676
:10E160000C33010867330108F7B5032315000700D6
:10E170000C001A401D4208D02849013A920052581A
:10E1800000232100FFF74CFE0400AB10019342D0A6
:10E19000FD69002D11D11020FCF7A4FB051EF861CC
:10E1A00006D1B4212A001E4B1E48FF31FEF78AFB20
:10E1B0000023436083600360C360AE68002E07D114
:10E1C00038001949FFF70CFF00230600A860036020
:10E1D0000122019B25001340019A52100192002B4D
:10E1E0000CD0210032003800FFF712FF2900040094
:10E1F0003800FFF7F1FD019B002B0CD030680028A0
:10E2000007D1320031003800FFF702FF00233060F1
:10E2100003600600DCE72000FEBDC046143501089F
:10E22000B33201086733010871020000F0B50C0039
:10E2300016002369571187B0FB180293013301932D
:10E240004968A3680390019A934210DB0398FFF793
:10E2500081FD0023010005001A00143198420CD101
:10E26000EF212A00254B26484900FEF72BFB013100
:10E270005B00E8E798000A500133BB42FADBFB433E
:10E28000DB171F40BF002300C9191F203700226978
:10E290001433920005919A180740064228D00130A5
:10E2A000C01B049000201E688C46BE40064360469A
:10E2B000066001CB049E0431F0409A42F3D821005D
:10E2C000153100238A4203D3131B153B9B089B0087
:10E2D000059AD3185860002801D1029B0193019B35
:10E2E000039821002B61FFF777FD280007B0F0BDF0
:10E2F00040CB0E6004319A42FAD8EEE70C330108A5
:10E300006733010830B50B6904690200E01A9C42CA
:10E310000FD114329B0014311400C918D218043ADA
:10E32000043915680B689D4204D001209D4200D23B
:10E33000023830BD9442F2D3FBE70000F0B50C0088
:10E3400087B00090110020001700FFF7DBFF051ECB
:10E3500010D101000098FFF7FDFC021E04D1454BCF
:10E3600045484649FEF7AEFA0123456103611000B6
:10E3700007B0F0BD0026B04203DA23003C001F00C6
:10E38000013661680098FFF7E5FC021E03D1394BA6
:10E3900039483B49E6E72369143400939B00E318AE
:10E3A000019314239C463B69BC449B006344029345
:10E3B0000300C66000201433039305930494614660
:10E3C000049B20CB049308C98C46A9B20E0099B2D5
:10E3D000711A09182D0C1B0C0814EB1A1B181814B1
:10E3E00089B21B041943059B02C30593029B634535
:10E3F000E5D83B00029D153300219D4203D3EB1B62
:10E40000153B9B089900039B5B1861180E1D350096
:10E4100004330293039B1B1B0393039B9C46019BAA
:10E42000AC449D4212D3019801310023884204D3A9
:10E43000030003339B1B9B089B0002995B18043B62
:10E440001968002911D0009B136190E7070008CDDF
:10E4500098B2C01900141C0C0419DB1920149BB2CB
:10E460002404234364462360D7E7009901390091CF
:10E47000E5E7C0460C3301086733010837020000A6
:10E480004502000010B500240C4B0D4A0B409B18B0
:10E49000A34206DC5B421A15132A05DC80231B030A
:10E4A00013411900200010BD143A01241E2A02DC79
:10E4B00080242406D4400023F3E7C0460000F07F08
:10E4C0000000C0FCF7B50600036914369B00F31882
:10E4D0001D1F2C680F0020000193FFF731FD202243
:10E4E000121A3A6003001C4A0A2815DC0B21270087
:10E4F000091ACF403A438C4611000022AE4202D2A4
:10E50000019A083A126815339C4063462700DA40A6
:10E510001743380003B0F0BD0027AE4202D2019D80
:10E52000083D2F680B2149428C469C440B2B10D090
:10E53000614620238C405B1A3900D9400C432243AA
:10E5400011000022B54201D9043D2A686446A74063
:10E55000DDE722431100DCE70000F03FF7B50121C1
:10E5600016001F00FFF7F6FB041E05D12200254B05
:10E5700025482649FEF7A6F93B037D001B0B6D0DD0
:10E5800002D08022520313430193002E25D0684607
:10E590000096FFF7F6FC009900281CD0019B202272
:10E5A0001E00121A96403200C3400A436261019372
:10E5B000019EA661731E9E4101362661002D14D076
:10E5C0003526134BED18089B2D181D60099B361A34
:10E5D0001E602000FEBD6161EAE701A8FFF7D1FCE3
:10E5E000019B012663612030E7E70A4BC018089BB6
:10E5F0001860094BF3189B00E3185869FFF7A0FC5B
:10E600007601E3E70C330108673301080F030000CC
:10E61000CDFBFFFFCEFBFFFFFFFFFF3FF0B587B055
:10E620000F0004A90600FFF74DFF00900191009B29
:10E63000019C380005A902930394FFF743FF0D00E6
:10E6400002000B0030693969049E401A05994001A7
:10E65000711A41180805002908DD01994118039134
:10E660000298039901F042FE07B0F0BD2B1AF7E7BC
:10E6700070B5140005000139136949110131890091
:10E6800014349B004118E318A3420DD81400113430
:10E690000025A34203D39B1A113B9B089D00002336
:10E6A0004019884203D370BD40CC40C5ECE708C098
:10E6B000F7E70200006910B514324B11984213DBE2
:10E6C0000CDD1F2408002040214207D099008C58FF
:10E6D0002100C140814001208C4204D19B00D3180D
:10E6E000934203D8002010BD0300F7E7043B1968EC
:10E6F0000029F5D00120F6E70300081E05D0FF2A07
:10E7000004D98A2201201A604042704701200A7011
:10E71000FBE70000F0B58E6885B01F000C003300E9
:10E7200002900392BE4254D80C22885E9022D200FE
:10E7300010422CD00322096923685B1A0193636994
:10E740005343019ADD0FED187B1C6D109B182A00B6
:10E75000AB4201D91D001A00400527D511000298CF
:10E76000FCF7F6F8061E2AD0019A2169FEF79AF8FE
:10E77000A289194B1A4080231343A381019B266170
:10E78000F618266065613E00ED1A3B00A5601F008B
:10E790003A000399206800F0E0FA0020A3689B1B70
:10E7A000A3602368DB19236005B0F0BD029800F078
:10E7B0003FFB061EE2D121690298FEF713FF0C23EE
:10E7C0000120029A40421360A28934331343A3818B
:10E7D000EAE73E00DCE7C0467FFBFFFFF0B59FB0F5
:10E7E00002901C008B890E0015001B0611D50B69C9
:10E7F000002B0ED14021FCF7ABF8306030610028CF
:10E8000005D10C23029A136001204042D4E040233A
:10E8100073610023292102AA52180B93203313702D
:10E82000013102AA10335218137005942C0023787A
:10E83000002B01D0252B48D1671BAC420BD03B00ED
:10E840002A0031000298FFF765FF013000D1AEE0E9
:10E850000B9BDB190B932378002B00D1A7E001223F
:10E86000532100235242079202AA5218651C0693B4
:10E870000993089313701C93554F2978052238008B
:10E88000FEF705F86C1C069906AB00281FD1CA06D6
:10E8900004D55327202202A8C01902700A0704D504
:10E8A00053272B2202A8C01902702A782A2A15D0D1
:10E8B0002C0000200A27DA682178651C30390929E4
:10E8C00050D9002811D009920FE00134AFE701239D
:10E8D000C01B83400B4325000693CDE7059A101D0E
:10E8E00012680590002A37DBDA6022782E2A0CD1D4
:10E8F00062782A2A3BD1059A0234111D12680591CB
:10E90000002A01DA012252425A60324D03222800C5
:10E910002178FDF7BCFF06AF002806D04023401B3E
:10E920008340069A013413430693217806222A482D
:10E93000651C3976FDF7ABFF00283FD0274B002B35
:10E9400029D10722059B07339343083305930B9B7B
:10E9500003995B180B9369E75242DA6002220A437B
:10E960000692C2E77A432C0001205218A4E7002245
:10E970000A205A601100130001342278651C303AD5
:10E98000092A03D9002BC0D00791BEE741432C00D0
:10E9900001238918F1E705AA009239003200104BD3
:10E9A0000298FCF7CBFF0390039B0133CFD1B389CF
:10E9B0000B985B0600D527E71FB0F0BD05AA0092B3
:10E9C00039003200064B0298FDF756FAEBE7C046D5
:10E9D000AA330108B0330108B43301083DB9000877
:10E9E00015E70008936810B5013B9360002B04DA2B
:10E9F0009469A34207DB0A2905D01368581C1060EC
:10EA00001970080010BDFDF7E1FD0100F9E7F8B548
:10EA100006000F001400D518AC4201D1002007E019
:10EA200021783A003000FFF7DDFF0134431CF3D1B9
:10EA3000F8BD0000F0B59FB00D0016001C0002905C
:10EA4000002804D0036A002B01D1FDF767FC6B6E30
:10EA5000DB0705D4AB899B0502D4A86DFDF70DFF3C
:10EA6000AB891B0702D52B69002B13D12900029813
:10EA7000FDF7EEFD00280DD06B6EDB0703D50120FE
:10EA800040421FB0F0BDAB899B05F8D4A86DFDF7DF
:10EA9000F5FEF4E70023292102AA52180B93203334
:10EAA0001370013102AA1033521813700594340008
:10EAB0002378002B01D0252B48D1A71BB4420BD0C3
:10EAC0003B00320029000298FFF7A1FF013000D17E
:10EAD000AEE00B9BDB190B932378002B00D1A7E052
:10EAE0000122532100235242079202AA5218661CA7
:10EAF00006930993089313701C93594F317805229C
:10EB00003800FDF7C4FE741C069906AB00281FD11F
:10EB1000CA0604D55327202202A8C01902700A078A
:10EB200004D553272B2202A8C019027032782A2A52
:10EB300015D0340000200A27DA682178661C3039A5
:10EB4000092950D9002811D009920FE00134AFE70C
:10EB50000123C01B83400B4326000693CDE7059A93
:10EB6000101D12680590002A37DBDA6022782E2A01
:10EB70000CD162782A2A3BD1059A0234111D126801
:10EB80000591002A01DA012252425A60354E0322D1
:10EB900030002178FDF77BFE06AF002806D0402329
:10EBA000801B8340069A0134134306932178062282
:10EBB0002D48661C3976FDF76AFE002847D02B4B9E
:10EBC000002B29D10722059B073393430833059374
:10EBD0000B9B03995B180B9369E75242DA600222A0
:10EBE0000A430692C2E77A43340001205218A4E790
:10EBF00000220A205A601100130001342278661C9A
:10EC0000303A092A03D9002BC0D00791BEE741430F
:10EC1000340001238918F1E705AA009239002A007F
:10EC2000134B0298FCF78AFE0390039B0133CFD16C
:10EC30006B6EDB0705D4AB899B0502D4A86DFDF78D
:10EC40001DFEAB895B0600D519E70B9819E705AAED
:10EC5000009239002A00064B0298FDF70DF9E3E710
:10EC6000AA330108B0330108B43301083DB90008E4
:10EC70000FEA00080EB417B5054C05AB04CB010034
:10EC800020680193FFF7D6FE1EBC08BC03B01847EE
:10EC9000D0010020F0B50E001D000E23C95E140047
:10ECA00097B000290CDAB2898023110019401A426A
:10ECB00014D18023DB0000202960236017B0F0BD51
:10ECC0006A4600F05DF80028EDDBF02301991B0295
:10ECD0001940044BC9184B425941EAE7002140232F
:10ECE000E9E7C04600E0FFFFF7B502268B89050083
:10ECF0000C00334206D023004733236023610123F5
:10ED00006361F7BD6A4601ABFFF7C4FF009F2800AF
:10ED10003900FBF71DFE0C22A35E002806D19A05E0
:10ED2000EFD4032293431E43A681E4E780221343DA
:10ED3000A381019B206020616761002BE1D0280046
:10ED40000E23E15E00F02EF80028DAD00323A2891A
:10ED50009A43023B1343A381D3E710B5884202D9FB
:10ED60008B18984208D300239A4207D0CC5CC45435
:10ED70000133F9E78B5C8354013AFBD210BD0000EC
:10ED8000002370B5064D0400080011002B60F9F750
:10ED9000BAFC431C03D12B68002B00D0236070BD4C
:10EDA00098210020002370B5064D040008002B6058
:10EDB000F9F7AEFC431C03D12B68002B00D0236075
:10EDC00070BDC04698210020062010B500F08AF8DA
:10EDD0000120F9F773FC70B50B0C150C002B1ED13C
:10EDE000002D0CD189B294B24C432100FBF7B0FD49
:10EDF000051E1BD022000021FDF786FC16E02B1C0F
:10EE00000C1C89B292B24A439BB2A1B25943140C72
:10EE10000C19230C07D1240492B21443E5E7002D0A
:10EE200001D1141CEDE70C2300250360280070BD00
:10EE3000F7B506000C001500002905D11100FBF7FD
:10EE400087FD04002000FEBD002A03D1FEF7CAFBA7
:10EE50002C00F7E700F066F80700854202D8430867
:10EE6000AB42EFD329003000FBF772FD0190002880
:10EE700001D1019CE6E72A00BD4200D93A002100F9
:10EE80000198FDF70FFD21003000FEF7ABFBF0E726
:10EE900070B504000D001F2904D91623036001205A
:10EEA000404270BDC36B002B04D08A009B181A68C7
:10EEB000002A08D1200000F031F82A0001002000CB
:10EEC00000F01AF8EDE7012A09D0511C03D11623EE
:10EED00003600120E5E70021280019609047002029
:10EEE000DFE7000010B5034B01001868FFF7D0FF03
:10EEF00010BDC046D0010020002370B5064D0400AF
:10EF0000080011002B60F9F7D1FB431C03D12B68DB
:10EF1000002B00D0236070BD9821002010B5F9F7B8
:10EF2000C3FB10BD0B1F1B68181F002B01DA0B5809
:10EF3000C01870479E2110B5C905041CF1F7F0F9FF
:10EF400000280AD09E21201CC90500F0E5FC00F035
:10EF500065FE80231B06C01810BD201C00F05EFE5D
:10EF6000FAE7000070B500220B4B04000D00F1F72A
:10EF70009DF900280BD0084B00222000290001F049
:10EF80006BFF02F059FA80231B06C01870BD2000E9
:10EF9000290002F051FAF9E70000E041F8B500223B
:10EFA000002304000D00F1F763F900280BD0802343
:10EFB0001B062000E91800F00DF8002746428F419B
:10EFC00030003900F8BD2000290000F003F80600E9
:10EFD0000F00F5E7D0B500220B4B06000F0001F043
:10EFE00015FDFFF7BFFF040002F080FA0022074B77
:10EFF00001F00CFD02000B003000390001F02CFF85
:10F00000FFF7B0FF2100D0BD0000F03D0000F0414F
:10F0100070B50600080002F041FA0022064B01F02C
:10F02000F5FC0D000400300002F060FA2B00220015
:10F0300000F094FE70BDC0460000F041F0B587B00E
:10F0400006000F00059204938B4200D966E001D1BF
:10F05000824263D804990598F1F7CCF93900019000
:10F060003000F1F7C7F9019B04991B1A1A000598A3
:10F070000193F1F795F904000D00B94246D801D18A
:10F08000B04243D801200021019AF1F789F9361BDB
:10F09000AF4102900391019B002B2ED0E90762083B
:10F0A0000A4301996B088C4601240025BB4232D8E3
:10F0B00001D1B2422FD830003900801A994100188E
:10F0C00049410019694106000F00012149428C4461
:10F0D00061460029EAD1029C039D30003900019A63
:10F0E000F1F752F9019AA4197D4106000F00F1F7DA
:10F0F00057F9241A8D41029403950C9B002B01D0E3
:10F100001E605F600298039907B0F0BD00220023E3
:10F1100002920393BFE7B6197F41D6E7002300248C
:10F1200002930394E9E70000F0B543025A0A85B060
:10F1300044004F0003924A02240EC50F3F0E500AAE
:10F1400001909B09C90F9209E01B8D4200D096E007
:10F15000002836DD002F13D1002A07D0461E0128D3
:10F1600002D101249B181EE0FF2810D1DB08FF28E4
:10F1700061D1002B5FD08022D203FF2013435AE0DD
:10F18000FF2C00D13FE180210600C9040A43012180
:10F190001B2E07DC2020801B11008240F140501EF6
:10F1A000824111435B185A0100D413E1601CFE2C0C
:10F1B00000D1D8E0012297491A405B080B40134365
:10F1C0005BE0002820D0381B002C08D1002B04D095
:10F1D000441E0128C5D0FF2808D11300C6E7FF2F21
:10F1E00000D109E180210400C9040B4301211B2C3B
:10F1F00007DC2020001B19008340E140581E83419A
:10F2000019433C008B18CEE7FE21601C084230D128
:10F21000002C1BD1002B00D1ECE0002A00D1E0E053
:10F220009A1880211000C9040840D3080A4202D06D
:10F230000120794A1340FF22C005D2055B0210402D
:10F240005B0A1843ED07284305B0F0BD002B00D141
:10F25000D4E0002A00D1D2E080210398C90388427B
:10F2600003D30198884200D21300DB080193029572
:10F2700080E0FF2877D09B185B080400AAE00028F4
:10F2800027DD002F1DD1002A00D16FE7461E01287F
:10F2900002D19B1A01240EE0FF2800D166E701216C
:10F2A0001B2E07DC2020801B11008240F140501EE5
:10F2B000824111435B1A5A0100D48BE09B019E09E5
:10F2C0006FE0FF2C00D19EE08021C90406000A43B4
:10F2D000E5E7002824D0381B002C0BD1002B07D0E9
:10F2E000441E012802D10D00D31AD3E7FF2808D10C
:10F2F0000D0072E7FF2F00D183E08024E404234354
:10F30000040001201B2C07DC18002025E0402C1BEA
:10F31000A3405C1EA34118433C000D00131ACAE72A
:10F32000671CFE26BC46374002976746374233D1FA
:10F33000002C1AD1002B06D11D00002A00D17AE73B
:10F340000D00019B77E7002A4BD09C1A660106D579
:10F350000D00D31A0020834200D16CE78DE7231EF5
:10F3600000D003E70500002365E7002B05D1002A44
:10F370004BD00291019B029DFDE6002A3FD08020E8
:10F38000039CC003844200D26FE7019C844200D3F7
:10F390006BE713000D0068E79E1A770114D50D0086
:10F3A000D61A3000F1F708F833000538834084425C
:10F3B0000DDC2022001B0130121A19009340C140BD
:10F3C0005A1E93410B43C5E7002ECBD0E9E7134A01
:10F3D000241A13405A0704D00F221A40042A00D0DE
:10F3E00004335A010FD5601CFE2CBCD00A4ADB083E
:10F3F000134020E71300ADE73800EEE61300FF20CE
:10F40000B4E6380074E72000B0E68023DB03019304
:10F41000B0E7C046FFFFFF7DFFFF7F1FFFFFFFFB41
:10F42000F0B5C30F85B0440245000391640A2D0E68
:10F4300001932ED0FF2D39D08023E400DB047F3DE3
:10F440001C4302950027039B5D025E00DB0F6D0AE3
:10F45000360E039330D0FF2E3BD08023ED00DB042B
:10F460001D4333007F3B00210398019A42400298DC
:10F47000D2B2C31AB800084301380E2842D8F0F7B8
:10F4800031FE6CA87EA89DA87E6C6C9D7E2E2E2ED3
:10F49000720001270294002CD5D02000F0F78CFFD9
:10F4A000773F431F9C403B1A0293CBE7032702950B
:10F4B000002CC8D1013FC6E72B000121002DD3D07D
:10F4C0002800F0F779FF431F9D4076235B421B1A0B
:10F4D000C9E733000321002DC6D10139C4E7390043
:10F4E000019A022939D0032900D170E000252800B3
:10F4F00001291ED16D026D0AC0052843D2071043B1
:10F5000005B0F0BD64016D01AC4228D31A20012181
:10F51000641B0126270049006400002F01DBA5427F
:10F5200001D8641B314301380028F3D1601E8441A7
:10F530000C4318007F30002824DD610704D00F2120
:10F540002140042900D00434210103D58033180060
:10F5500023490C40E508FE28CCDD00250DE01B20EA
:10F560000021013BD5E78023DB031C4201D01D4273
:10F5700029D08025019AED032543FF20BAE72C000E
:10F58000039AAEE701210025091A28001B29B1DCE6
:10F590009E3325009C40CD40631E9C4125436B0754
:10F5A00004D00F232B40042B00D0043580232800E7
:10F5B000DB0418401D420FD1ED089BE70023802497
:10F5C0000193E403D5E7039B2C000193D1E701925B
:10F5D000CFE7002528008DE7002501208AE7C046F7
:10F5E000FFFFFFF770B54B00440245004E02C20F0B
:10F5F000640A01202D0E760A1B0EC90FFF2D06D1BD
:10F60000002C13D1FF2B11D1002E06D00EE0FF2BC2
:10F610000CD09D420AD1B44208D100208A4205D0C4
:10F620000130002D02D12000431E984170BD30B53D
:10F63000420245004C02C30F4800520A2D0E640AD4
:10F64000000EC90FFF2D01D1002A19D1FF2801D1C9
:10F65000002C15D1002D20D1002813D1002A1ED155
:10F66000002C21D0012000291ED102381CE0854247
:10F67000F8DBA2420CD80020A24215D20130F2E7FA
:10F68000022008E0002AEDD099420AD18542EEDD41
:10F690000120002908D0404206E00028F4D1002CC7
:10F6A000F2D10120002BF6D130BD30B54202450029
:10F6B0004C02C30F4800520A2D0E640A000EC90FF7
:10F6C000FF2D01D1002A19D1FF2801D1002C15D11D
:10F6D000002D20D1002813D1002A1ED1002C21D0CA
:10F6E000012000291ED102381CE08542F8DBA2422D
:10F6F0000CD80020A24215D20130F2E7022011E01E
:10F70000002AEDD099420AD18542EEDD0120002980
:10F7100008D0404206E00028F4D1002CF2D10120AC
:10F72000002BF6D130BD0000F0B5C30F85B0470205
:10F73000440003917F0A240E02930AD0FF2C71D05B
:10F7400080227F3C26000023FF00D2041743019350
:10F750000CE001233E1E019308D03800F0F72CFE88
:10F760007626431F9F407642361A0194039B5C0223
:10F770005D00DB0F640A2D0E03935AD0FF2D64D079
:10F7800080232800E400DB041C437F380023019918
:10F7900086198800721C18430A2800DD7EE0029951
:10F7A000039D69400291022855DC0138012864D983
:10F7B000B9B20D003B0C200CA4B2654341435C433D
:10F7C000434309191F002B0C5B189C4202D980216E
:10F7D00049027F181904ADB24D19AC01611E8C416C
:10F7E0001B0CAD0EDB192C439B011C431B0167D581
:10F7F000012361081C400C4310007F30002861DDAC
:10F80000630704D00F232340042B00D004342301CA
:10F8100003D5803210003F4B1C40E108FE2834DD48
:10F8200000214BE0032326000193002F9ED1013BD2
:10F830008DE720000123002CA9D0F0F7BDFD431F68
:10F840009C4076235B42181AA0E728000323002C73
:10F850009DD1013B9BE701218140A6200D00C00006
:10F86000054001421ED190208000014246D1B938A6
:10F87000FF3801429CD003990291022BD0D0032B78
:10F8800042D000210800012BB6D1029B4902490A4F
:10F89000C0050843DB07184305B0F0BD0F2804D0AE
:10F8A0000B28E8D03C00019BE7E78023DB031F42E5
:10F8B00001D01C4226D08021C9033943FF20E4E750
:10F8C000320099E7012300211B1A08001B2BDCDC06
:10F8D0009E3221009440D940631E9C4121434B0736
:10F8E00004D00F230B40042B00D0043180230800E8
:10F8F000DB041840194209D1C908C6E780270295E0
:10F90000FF03D8E7039B02932700D4E700210120DF
:10F91000BBE7C046FFFFFFF7F0B543025A0A85B0C8
:10F920004F02440002924E007A0A9446C50F00929C
:10F93000240E9B09360EC80FD200FF2E02D1010003
:10F94000002A01D101214140A01BA94200D093E02F
:10F95000002836DD002E13D1002A07D0461E0128CC
:10F9600002D101249B181EE0FF2810D1DB08FF28DC
:10F970005ED1002B5CD08022D203FF20134357E0DE
:10F98000FF2C00D13DE180210600C9040A4301217A
:10F990001B2E07DC2020801B11008240F140501EEE
:10F9A000824111435B185A0100D411E1601CFE2C06
:10F9B00000D1D5E0012296491A405B080B40134361
:10F9C00058E0002820D0301B002C08D1002B04D098
:10F9D000441E0128C5D0FF2808D11300C6E7FF2E1A
:10F9E00000D107E180210400C9040B4301211B2C35
:10F9F00007DC2020001B19008340E140581E834192
:10FA0000194334008B18CEE7FE21601C08422DD12B
:10FA1000002C18D1002B00D1EAE0002A00D1DEE052
:10FA20009A182000D308520102D50120794A1340C8
:10FA3000FF22C005D2055B0210405B0A1843ED07A8
:10FA4000284305B0F0BD002B00D1D5E0002A00D13D
:10FA5000D3E080210298C903884203D300988842EA
:10FA600000D21300DB089C46019580E0FF2877D088
:10FA70009B185B080400ABE0002827DD002E1DD199
:10FA8000002A00D172E7461E012802D19B1A0124E8
:10FA90000EE0FF2800D169E701211B2E07DC2020A2
:10FAA000801B11008240F140501E824111435B1ABD
:10FAB0005A0100D48CE09B019E096FE0FF2C00D11D
:10FAC0009FE08021C90406000A43E5E7002824D00E
:10FAD000301B002C0BD1002B07D0441E012802D173
:10FAE0000D00D31AD3E7FF2808D10D0075E7FF2ECC
:10FAF00000D184E08024E4042343040001201B2C73
:10FB000007DC18002025E0402C1BA3405C1EA3410D
:10FB1000184334000D00131ACAE7FE27661C03962B
:10FB20003E400196039E3E4233D1002C1AD1002B59
:10FB300006D11D00002A00D17AE70D00009B77E76F
:10FB4000002A4CD09E1A770106D50D00D31A00204A
:10FB5000834200D16CE78DE7331E00D006E7250015
:10FB6000002365E7002B05D1002A4CD001916346A4
:10FB7000019D00E7002A40D08020029CC0038442FF
:10FB800000D26FE7009C844200D36BE713000D00A6
:10FB900068E79E1A770114D50D00D61A3000F0F7E9
:10FBA0000BFC33000538834084420EDC2022001B0E
:10FBB0000130121A19009340C1405A1E93410B4361
:10FBC000C5E7002EEAD10500CAE7134A241A1340FC
:10FBD0005A0704D00F221A40042A00D004335A01D5
:10FBE0000FD5601CFE2CBBD00A4ADB0813401FE770
:10FBF0001300ACE73000F0E61300FF20B6E630005B
:10FC000073E72000B2E68023DB039C46AFE7C046E3
:10FC1000FFFFFF7DFFFF7F1FFFFFFFFB4102430050
:10FC2000C20F490A00201B0E7E2B03DD9D2B02DD37
:10FC3000084BD0187047802000040843952B05DD41
:10FC4000963B9840002AF5D04042F3E79621CB1A24
:10FC5000D840F7E7FFFFFF7F70B503000400051EE3
:10FC60000ED0C21785185540C40F2800F0F7A4FB2A
:10FC70009E231B1A962B0ADC08282BD008388540B7
:10FC80006D026D0AD8052843E407204370BD992B07
:10FC90001BDD020029001B3291400A00511E8A41DF
:10FCA0000521091ACD4015430B4A2A4069070FD098
:10FCB0000F210D40042D0BD00432D508510107D57A
:10FCC0009F23064A1B1A1540DAE7421F9540EBE7CF
:10FCD000D508D5E79623D3E7FFFFFFFBFFFF7F1F84
:10FCE000002310B50400984209D0F0F765FB9E236D
:10FCF0001B1A962B08DC082829D008388440640297
:10FD0000D805640A204310BD992B1BDD0200210099
:10FD10001B3291400A00511E8A410521091ACC402C
:10FD200014430C4A224061070FD00F210C40042CD1
:10FD30000BD00432D408510107D59F23064A1B1A61
:10FD40001440DCE7421F9440EBE7D408D7E7962342
:10FD5000D5E7C046FFFFFFFBFFFF7F1FF7B5DF0FB3
:10FD6000BC460D034C001E03C90F00916D0A410FE4
:10FD7000760A570F294337435D00009E640D6D0DD1
:10FD8000C000D200631B664500D02EE1002B00DCD2
:10FD90007AE0002D3CD13D0015431ED05D1E012BA5
:10FDA00018D1821882428041C919404209181000B6
:10FDB0000A0200D402E1BA4A0133934200D18AE236
:10FDC000B84C42080C40012101400A43E0071043AF
:10FDD0006108F3E0B24EB34222D14C07CA08B049E1
:10FDE000C00804438B4206D12100114300D175E2C3
:10FDF000802109030A432000AB4C1B05120323405A
:10FE0000120B1343009AD2071343190003B0F0BD3D
:10FE1000A34DAC4200D1DDE180252D042F431D0010
:10FE2000382D2CDC1F2D19DC20233E005B1B9E404F
:10FE3000B44616000193EE4063461E43019BEF401B
:10FE40009A4013005A1E934133431B18834280414A
:10FE500079184042091818002300A9E72B003E003A
:10FE6000203BDE400023202D03D040335B1B9F400E
:10FE70003B0013435A1E934133430027E5E73B0001
:10FE800013435A1E9341F8E7002B50D02B1B002C34
:10FE900012D10C0004430CD05C1E012B06D180183B
:10FEA00090429241C9195242891881E77C4EB3426F
:10FEB0000AD13900100090E7794CA54200D104E244
:10FEC0008024240421431C00382C2BDC1F2C18DC3C
:10FED00020230E001B1B9E40B44606000193E64003
:10FEE00063461E43019BE14098400300581E834136
:10FEF0003343981890429241C91952422B008918F5
:10FF000056E723000E00203BDE400023202C03D0C8
:10FF100040331B1B99400B000343591E8B41334355
:10FF20000021E6E70B000343591E8B41F8E75F4DC4
:10FF3000631C2B4234D10B000343002C14D1002B43
:10FF400000D1BDE13B00134300D11EE18218824283
:10FF50008041C919404209180B0200D4B1E1514B4C
:10FF600010001940012338E7002B00D1ADE13C001F
:10FF70004B4B144300D130E74B07C0081843CB0864
:10FF8000802109030B4206D0FC080C4203D1230058
:10FF9000D0087F073843410FDB001943C00019E147
:10FFA0003F4CA34200D196E1821882428041CF1992
:10FFB00040423F18F807520810437908420709D019
:10FFC0000F220240042A05D0021D82428041404295
:10FFD000091810000A0200D4FFE6314A01339342A7
:10FFE00000D178E12F4A1140F7E6002B60DD002DAB
:10FFF00036D13D00154300D1EFE65D1E012B0DD13A
:020000040801F1
:10000000821A90428041C91B4042091A10000A021C
:10001000D4D549021C004D0A019008E1204EB3429C
:1000200000D1DAE6382D35DC1F2D22DC20233E00FE
:100030005B1B9E40B44616000193EE4063461E4390
:10004000019BEF409A4013005A1E93413343C31A59
:1000500098428041C91B4042091A18002300D6E784
:100060000F4DAC4200D1B5E080252D042F431D007B
:10007000D8E72B003E00203BDE400023202D03D09C
:1000800040335B1B9F403B0013435A1E9341334355
:100090000027DCE73B0013435A1E9341F8E7C046B4
:1000A000FF070000FFFF7FFF0000F07FFE0700005A
:1000B000002B54D02B1B002C15D10C0004430FD067
:1000C0005C1E012B09D1101A824292416346791AB3
:1000D00052420093891A012399E7814EB3420AD113
:1000E00061460091E5E67E4CA54200D1EBE080241C
:1000F000240421431C00382C2CDC1F2C19DC202369
:100100000E001B1B9E40009333000600E6401E437A
:10011000009BE14098400300581E83413343D01AAE
:1001200082429241791A5242891A62462B00009209
:100130006DE723000E00203BDE400023202C03D07F
:1001400040331B1B99400B000343591E8B41334323
:100150000021E4E70B000343591E8B41F8E7614E91
:10016000651C354250D10E003D0006431543002C5E
:1001700028D1002E0FD1190018000093002D00D1B6
:100180002BE6390010006346009303000B4300D1B7
:100190009EE0002312E7002DF7D0851AA842B64151
:1001A000CC1B7642A41B260206D5101A824292412D
:1001B000791A5242891AE6E7280020435CD02100D0
:1001C0002800E2E7002E07D1002D7CD18021180005
:1001D0000093C903424B00E6414B002D00D1FCE5E2
:1001E0004B07C0081843CB08802109030B4200D1FC
:1001F000D1E6FC080C4200D0CDE6D00862467F076D
:10020000230038430092C6E6851A0195A842AD4105
:100210006D422E00CD1BAD1B2E022AD5131A9A4219
:100220009241019363467F1A5242BD1A0093002DFA
:1002300025D02800F0F7C0F80300083B20220199E0
:100240000198D21A9D40D140984029439C4233DC0A
:100250001B1B5A1C1F2A1EDC20230D009B1A0400A6
:1002600098409D40D440431E98412543D1402843A7
:100270008BE701982843DAD101000090ADE50198A1
:10028000F0F79AF8030018331F2BD7DD01990838CF
:1002900081402800DAE70C001F3BDC400023202AC5
:1002A00003D040339B1A99400B0003435A1E9341DD
:1002B00020000021184368E70B4AE31A11407DE64D
:1002C0003900100061E7634600933900100081E7B0
:1002D0001900180081E5002108007EE50A008AE582
:1002E000FF070000FE070000FFFF7FFFF0B589B0A9
:1002F000009201930D034B00CA0F060004002D0B62
:100300005B0D039245D0644A93426BD0420FED00DF
:100310001543802212042A430292604AC4009F18A7
:100320000026019B019A1D03D20F5B0000982D0B44
:100330005B0D069266D0584A934200D189E0ED00E9
:100340005649420F2A4380255B189C462D041543CD
:10035000C2000021069B03985840C3B20593634630
:10036000B0000843FB1A013804930E2800D999E025
:10037000F0F700F88E002D02D3012D021E022D028F
:10038000D3018E008E001E02D3017E007E007E000F
:10039000C5012B00034302932CD0002D15D028005B
:1003A000F0F70AF8010003000B391D22521A310040
:1003B0001800D140083885400A002A43350085409E
:1003C0000292374F2C00FF1AAAE7EFF7F5FF010062
:1003D0000300153120331C29E7DD32000838824044
:1003E0000292EEE702002A43029207D114001F0096
:1003F000022696E7029C0126270092E71F000326AB
:1004000002958EE7009A2A432AD0002D15D02800A5
:10041000EFF7D2FF010002000B391D2310005B1A19
:10042000009908388540D9402943009D85401C4BE0
:100430009B1A9C462A000D008BE7EFF7BDFF0100D9
:100440000200153120321C29E7DD0099083881406F
:10045000EDE7009A2A4307D115009C46022179E76F
:1004600015009446012175E702009C46032171E7BF
:100470003100039B0593022900D1ACE1032900D18F
:10048000A2E1012900D001E100242300220026E19D
:1004900000231C00004A22E1FF07000001FCFFFFCF
:1004A0000DFCFFFF029B9D4204D300D022E1A2423B
:1004B00000D91FE1029BE607D907630819430C0026
:1004C000029B5B08029313022D02170E00932B0C64
:1004D0002F4306930699BBB202980393EFF752FE9F
:1004E000BBB243430A04210C050011438B4207D9D8
:1004F000C919013D8F4203D88B4201D9851EC91904
:10050000C81A0699EFF73EFEBAB242430904A4B2F4
:1005100003000C43A24207D9E419013BA74203D8C8
:10052000A24201D9831EE4192D041D43A41A009B85
:10053000009A1B0C12040393120CABB207925A439D
:1005400007980292039A290C484353435143029A55
:100550001B18120C94466344984202D9802252021E
:100560008918029A180C12041B04120C40189A18CD
:10057000844203D302951ED196421CD26B1E029375
:10058000009BF6189E429B415B42DB19E418A74290
:1005900003D310D1009BB3420DD8A04202D80AD198
:1005A000B24208D9AB1E0293009BF6189E429B41B3
:1005B0005B42DB19E418B51AAE42B641201A764206
:1005C000801B874200D1ADE00699EFF7DBFDBBB29F
:1005D00043430A04290C040011438B4207D9C9196B
:1005E000013C8F4203D88B4201D9841EC919C81A15
:1005F0000699EFF7C7FDBBB243430904ADB2020051
:100600000D43AB4207D9ED19013AAF4203D8AB42D3
:1006100001D9821EED19ED1A2304039E1343079995
:1006200007981C0C9AB251436043724374431218EA
:100630000E0CB218904202D9802040022418100CEF
:1006400009041204090C00195118854204D31C0036
:10065000854219D1002919D07D195C1EBD420ED3E7
:10066000854203D310D1009A8A420AD29C1E009B75
:100670005A009A429B415B42DB19ED180092854279
:1006800002D1009B994201D001231C43049B554A8F
:100690009A18002A49DD63070BD00F232340042B4F
:1006A00007D0231DA342A4410299644209191C00EA
:1006B0000291029BDB0108D54B4B029A1A40802322
:1006C000DB009C460292049A6244484B9A4200DD49
:1006D00081E0029BE4085B071C43029BDB081B03D1
:1006E00012051B0B1343059A2000D2071343190070
:1006F00009B0F0BD049B0026013B0493E3E6802390
:1007000002991B03194201D01D4258D08023029A3E
:100710001B031343039A0592BCE6069B1400059342
:100720000295A8E601246442B0E70121891A38291C
:1007300000DDA9E61F2926DC2D4A049B944663446C
:1007400020009C40029AC8409A4023000243581E51
:1007500083411A43029B1400CB40620709D00F2249
:100760002240042A05D0221DA242A44164421B1942
:10077000140080211A0009040A400B422ED1E1081E
:100780005C070C43AAE71F235B429B1A029ADA40DC
:100790000023202906D01749049B8C460299634404
:1007A00099400B001C43631E9C4100231443D4E773
:1007B00000231C00039380231B030293A6E7069BE0
:1007C000140003930295A1E7059B03939EE7002382
:1007D0001C001A0083E7002423005BE600230122AB
:1007E0001C007CE7FF030000FFFFFFFEFE07000088
:1007F0001E0400003E040000F0B50F0087B00600A4
:100800000490F80F03901803000B5C000290600D39
:100810000190D80F844618480D0349002D0B490D4F
:100820000592814207D12C00012034431FD1019C45
:100830008C421CD102E0019C844204D10298024304
:100840000120002A13D1019B012099420FD1029B64
:100850009D420CD1049B059A934208D1039B6345AA
:1008600007D0002903D128003043431E984107B028
:10087000F0BD0020FBE7C046FF070000F0B587B0E1
:100880000090019100990198049101992C4F09035E
:10089000090B8C460199C50F4900490D1C035800EE
:1008A00003910592240B400DDE0FB94203D1674638
:1008B00000990F4335D12249884202D127001743BE
:1008C0002FD100270399B94205D16146009F0F43FC
:1008D00039004F424F41002825D12243002F06D036
:1008E000002A2AD00120002E27D1023825E0002A34
:1008F0001BD10120002D20D040421EE0039B8342EB
:10090000F0DBA445F5D808D1049B059A9342F0D8B2
:10091000049B059A002093420FD20120002D0CD198
:10092000E3E70220E8E7002FDCD1AE42E1D1039BF0
:100930008342E3DD0120002EDED107B0F0BDC046CA
:10094000FF070000F0B587B0009001910099019871
:10095000049101992C4F0903090B8C460199C50F8D
:100960004900490D1C03580003910592240B400DCA
:10097000DE0FB94203D1674600990F4335D12249B2
:10098000884202D1270017432FD100270399B9428B
:1009900005D16146009F0F4339004F424F41002867
:1009A00025D12243002F06D0002A2AD00120002E74
:1009B00027D1023825E0002A1BD10120002D20D0AC
:1009C00040421EE0039B8342F0DBA445F5D808D1EA
:1009D000049B059A9342F0D8049B059A0020934209
:1009E0000FD20120002D0CD1E3E7022009E0002FF7
:1009F000DCD1AE42E1D1039B8342E3DD0120002E36
:100A0000DED107B0F0BDC046FF070000F0B58BB0E7
:100A1000009201930D034B00CA0F06002D0B5B0DD6
:100A2000039200D111E1CE4A934200D135E1ED00AD
:100A3000420F2A4380252D041543CA4AC4009B183F
:100A40001F0000230293019B00981E035A00DB0F36
:100A5000360B520D049300D12EE1C14B9A4200D1C6
:100A600050E1430FF60033438026BE4936041E434F
:100A7000C30050180022C11906910131009102995A
:100A8000880010430A2800DD76E10399049F79402D
:100A90000391022800DD44E10138012800D853E128
:100AA000190C9BB202911900220CA4B251432000F0
:100AB0008C46029F0299584351436743059167440E
:100AC000010CC91904908C4505D980204002844648
:100AD000059F67440597080C84466846008A090408
:100AE00009180991310CB6B2049130003100049F0D
:100AF000614350437C437A4324180F0C3C19A042B5
:100B000002D9802040021218200C8218240489B2D5
:100B1000079262180892089962468C46290CADB279
:100B20002800029F58436F434B4362449446029C03
:100B3000FF18020CD2194C43934202D980235B0266
:100B4000E418130C1B1902932B0080B21204121824
:100B50000498734345434E434143A8191D0C2D1877
:100B6000AE4202D9802040020918059F08986744C8
:100B70008742B641BF189742924128049BB2C018E1
:100B8000079B7642C01853420493029B84199C46EB
:100B9000A4446346049AB442A4419B18079A644251
:100BA00090428041029A4042044394458041049A15
:100BB0002D0C934292414042524210436419099ACB
:100BC00024186418790211434A1E9141FF0DDE0D6D
:100BD000640239435B0226430B43E40100D4DEE0A8
:100BE00001215A080B401A43F307CE401343009AE1
:100BF0005D495218002A00DCD4E0590709D00F21C2
:100C00001940042905D0191D99429B415B42F618F1
:100C10000B00F10106D58021C9008C46534A1640CD
:100C2000009A624452498A4200DD07E17407DB08FA
:100C30001C43F60813053603039A360B3343D207D9
:100C40001343200019000BB0F0BD2C0004432BD03F
:100C5000002D16D02800EFF7AFFB040002000B3C7C
:100C60001D2330001B1B1100D84008398D400300A4
:100C70002B4335008D403F492C008A1A17001D0078
:100C8000DFE6EFF799FB04000200153420321C2C3C
:100C9000E6DD330008388340EDE704002C4307D13C
:100CA0001F0025000223CDE6250027000123C9E609
:100CB0001F0004000323C5E6009B334329D0002E08
:100CC00014D03000EFF778FB010003000B391D2230
:100CD0001800521A009908388640D1403143009ECE
:100CE00086402448C01A33000E00C3E6EFF764FBC9
:100CF00001000300153120331C29E8DD0099083874
:100D00008140EEE7009B334307D110001E00022212
:100D1000B1E61E0018000122ADE603001000032218
:100D2000A9E601218140A6200F00C0000740014232
:100D300026D190208000014276D1B938FF38014297
:100D400000D1ADE604990391022A77D0032A72D02C
:100D5000012A00D04BE70026340032006AE7C04683
:100D6000FF07000001FCFFFFFF030000FFFFFFFE85
:100D7000FE0700000DFCFFFF0F2805D00B28E1D077
:100D80002E002300029ADFE780221203154201D0D1
:100D900016424ED0802636032E432C4A4AE7069A46
:100DA000009224E70120801A3828D4DC1F2827DC91
:100DB0002749009A8C461C006244310093409140C0
:100DC000C4401A002143531E9A410B00C6401343EE
:100DD0005A0709D00F221A40042A05D01A1D9A4238
:100DE0009B415B42F6181300802130000904084043
:100DF0000E4226D17407DB0802001C43F60819E7EF
:100E00001F2149428A1A3100D1400022202805D0F2
:100E10001048009A844662449640320013435A1E9A
:100E2000934100260B43D3E780253C0003972D0315
:100E3000B0E7049A039235001C00ABE700263400AB
:100E4000ABE7002601223400F4E6C046FF070000AD
:100E50001E0400003E040000F0B585B0029203932A
:100E6000CB0F0D030193039B4C006D0A410F1F0331
:100E70002943DE0F5D00029B7F0A5B0F029A3B4312
:100E8000BD4F640DC0006D0DD200BD4203D11F00E7
:100E9000B446174302D101277740BC46019E671B29
:100EA000B44500D02DE1002F00DC7AE0002D3CD1CC
:100EB0001D0015431ED07D1E012F18D182188242BD
:100EC0008041C9184042091810000B0200D401E10A
:100ED000A94B01379F4200D185E20122A74B024076
:100EE000194043081343C80718434908F2E0A24ECB
:100EF000B74222D14A07CB089F49C00802438F421C
:100F000006D11100194300D170E2802109030B437F
:100F100010009B4A3F051B0317401B0B1F43019BFF
:100F2000DB071F43390005B0F0BD934DAC4200D143
:100F3000D8E180252D042B433D00382D2CDC1F2DBE
:100F400019DC20261F00761BB740BC46170002960E
:100F5000EF4066463743029EEB40B2401600721ED9
:100F600096413E433618864280415918404209183E
:100F700027003000A9E72E001F00203EF740002682
:100F8000202D03D04036761BB3401E001643731E3F
:100F90009E413E430023E5E713431E00731E9E411E
:100FA000F8E7002F50D02F1B002C12D10C00044367
:100FB0000CD07C1E012F06D1801890429241C91896
:100FC0005242891881E76C4EB7420AD119001000CD
:100FD00090E7694CA54200D1FEE18024240421431E
:100FE0003C00382C2BDC1F2C18DC20260F00361B75
:100FF000B740BC4607000296E74066463743029E6C
:10100000E140B0400600701E86413E43B018904259
:101010009241C91852422F00891856E726000F0046
:10102000203EF7400026202C03D04036361BB1402E
:101030000E000643711E8E413E430021E6E7014348
:101040000E00711E8E41F8E74E4D671C2F4233D1C2
:101050000D000543002C14D1002D00D1B7E11C0078
:10106000144300D119E1821882428041C9184042DC
:1010700009180B0200D4ABE1404B100001271940C6
:1010800038E7002D00D1A7E11C00144300D129E16D
:101090004C07C00820438024C9082403214206D0FD
:1010A000DD08254203D12900D0085B071843CA0098
:1010B000410F1143C00015E12F4CA74200D192E12E
:1010C000821882428041CB1840421B18D807520830
:1010D00010435908430709D00F230340042B05D0C0
:1010E000031D834280414042091818000B0200D4BE
:1010F00000E7214B01379F4200D174E11F4B19409B
:10110000F8E6002F5FDD002D3ED11D00154300D114
:10111000F0E67D1E012F0DD1821A90428041C91A3E
:101120004042091A10000B02D4D549023C004D0A76
:10113000029003E1104EB74200D1DBE6382D3DDCD2
:101140001F2D2ADC20261F00761BB740BC46170047
:101150000296EF4066463743029EEB40B2401600CF
:10116000721E96413E43861BB0428041C91A4042DE
:10117000091A27003000D6E7FF070000FFFF7FFFB6
:101180000000F07FFE070000994DAC4200D1A9E0BD
:1011900080252D042B433D00D0E72E001F00203E6C
:1011A000F7400026202D03D04036761BB3401E00AA
:1011B0001643731E9E413E430023D4E713431E0093
:1011C000731E9E41F8E7002F51D02F1B002C14D125
:1011D0000C0004430ED07C1E012F08D1101A82424D
:1011E0009241591A5242891A634601939BE7804EF5
:1011F000B7420AD161460191E8E67D4CA54200D193
:10120000E8E08024240421433C00382C2ADC1F2CF5
:1012100017DC20260F00361BB74001963E00070062
:10122000E7403743019EE140B0400600701E864112
:101230003E43901B82429241591A52422F00891A12
:10124000D2E726000F00203EF7400026202C03D0D6
:101250004036361BB1400E000643711E8E413E43A0
:101260000021E6E701430E00711E8E41F8E7614E52
:10127000651C35424FD11D000E0015430643002C5E
:1012800028D1002E0FD1210020000194002D00D183
:1012900030E6190010006346019303000B4300D1B0
:1012A0009DE0002716E7002DF7D0851AA842B64129
:1012B000CC1A7642A41B260206D5101A824292410D
:1012C000591A5242891AE6E7280020435BD02100D0
:1012D0002800E2E7002E07D1002D7BD180213800C5
:1012E0000197C903424F05E6002DFBD04C07C0080B
:1012F00020438024C9082403214208D0DD08254268
:1013000005D15B07D0081843634629000193CB0041
:10131000410F1943CEE6851A0295A842AD416D42B0
:101320002E00CD1AAD1B2E022AD5101A82429241F0
:101330005B1A52429D1A634602900193002D25D0FC
:101340002800EFF739F8083807002023029902989F
:10135000DB1BBD40D940B8402943BC4233DC3F1BB6
:101360007A1C1F2A1EDC20230D009B1A04009840C3
:101370009D40D440431E98412543D14028438CE7EB
:1013800002982843DAD101000190B3E50298EFF703
:1013900013F8070018371F2FD7DD0299083881404E
:1013A0002800DAE70C001F3FFC400023202A03D06E
:1013B00040339B1A99400B0003435A1E934120006F
:1013C0000021184369E70C4BE71B194082E619001E
:1013D000100062E7614601911900100082E71900D0
:1013E00018001F0086E50021080083E50B008FE54B
:1013F000FF070000FE070000FFFF7FFFF0B51D00A4
:101400004B005B0D9C460B4F14002B030A036E0030
:10141000120B1B0B760DBC4503D102430120002AA1
:1014200006D10020BE4203D123431800431E984139
:10143000F0BDC046FF0700000B0070B5114E0C0355
:1014400049000200240B0020490DDD0FB14204DDEC
:101450000D48814202DD0D4BE81870BD802040032D
:1014600020430B4C641A1F2C08DC0A4EE2408919F9
:1014700088401043002DF0D04042EEE7064B5B1A47
:10148000D840F7E7FE0300001D040000FFFFFF7FC8
:1014900033040000EDFBFFFF1304000070B50300F0
:1014A00004000200051E11D0C21785185540C40F54
:1014B0002800EEF781FF0C4B1B1A0A280FDC0B22C9
:1014C0002900121AD14015300A0085401203120B70
:1014D0001B051343E40723432800190070BD2A00AD
:1014E0000B3882400025F1E71E04000010B5030010
:1014F0000400021E0CD0EEF75FFF0B4A121A0A28F6
:101500000DDC0B2321001B1AD94015300B00844041
:101510001B031B0B12051A432000110010BD2300F2
:101520000B3883400024F3E71E040000FE2270B550
:101530004400240E4302611C5D0AC60F11420DD007
:10154000E0229200A4181B0B6D071B031B0B240544
:10155000F6071C4334432800210070BD002C18D12D
:101560002300002DF1D02800EEF726FF0A280ADC20
:101570000B232A001B1ADA40130002001532954093
:10158000094C241AE1E703000B3B9D402B0025008A
:10159000F6E7002D06D01A0B80231B036D071343BB
:1015A000024CD2E72B00FBE789030000FF07000095
:1015B0000A03F0B5520A4B00460F5B0D1643304A42
:1015C0005D1CCC0FC700154241D02E4A9D18FE2D40
:1015D00054DC002D32DC2A0017324BDB8021090459
:1015E00031431E26761B1F2E16DC274A9B183A0015
:1015F0009F409940781E8741F2400F433A430023B1
:10160000510739D00F211140042935D0043251013E
:1016100032D50133002228E0022208005242521B38
:10162000D04002000020202E03D018481B189940FB
:1016300008003843431E98410243E0E78201531EED
:101640009A41F6007F0F32432B003A43D8E73A0025
:101650003243002B03D1002A07D00122D6E7FF2313
:10166000002A02D08022D2033243D8051043E40777
:101670002043F0BD0023F0E7D208F6E7FF23C9E7D7
:10168000FE07000080FCFFFF82FCFFFFA2FCFFFFC3
:10169000F8B5C046F8BC08BC9E467047F8B5C046D1
:1016A000F8BC08BC9E46704701B40248844601BCA1
:0816B000604700BF2102002089
:1016B8000D0A4572720000005443204661756C742F
:1016C8000D0A0000252E32660D0A000054203D2028
:1016D800252E326620430D0A000000004F4E0D6E85
:1016E8000000000052203D204F4E0D0A000000006F
:1016F8004F46460D6E00000052203D204F46460DD5
:101708000A000000252E326600000000434A4320EC
:101718003D20252E326620433B2000006F6B0000E1
:101728006E6F206661756C740D0A00006F70656ECF
:101738002000000067000000474E442D73686F7258
:1017480074200000760000005643432D73686F72C2
:1017580074200000660000006661756C742000004B
:10176800284E4F2041434B290D0A000025640000F4
:101778002C0000005570646174696E6720666C61A6
:101788007368207265636F72643A20004F4B0D0ACC
:1017980000000000526573746F72696E6720000064
:1017A8003A0000003D0000004465766963657320D7
:1017B8006F6E206275733A0D0A0000002F0000005A
:1017C8002C20000029000000202D2000556E6B6E93
:1017D8006F776E0028656E64206F66206C6973747D
:1017E800290D0A004C697374206F6620636F6D6D54
:1017F800616E64733A0D0A2172657365743A2072DA
:10180800657365742053544D33322072656D6F745F
:10181800656C790D0A6E616D65202D206E616D65B0
:101828002043414E20646576696365730D0A202064
:101838006E616D65203C63616E2069643E203C6E7C
:10184800616D653E205B3C696E6465783E5D3A205B
:101858006E616D652061206465766963650D0A2097
:10186800206E616D6520636C656172203C63616EFA
:101878002069643E3A20636C656172206E616D6513
:10188800730D0A20206E616D65206C697374203CAD
:1018980063616E2069643E3A206C697374206E61DE
:1018A8006D65730D0A627573202D2043414E2062C9
:1018B8007573206F7065726174696F6E730D0A209D
:1018C800206275732072657365743A20726573655A
:1018D800742077686F6C652043414E206275730DE4
:1018E8000A2020627573206C6973743A206C6973DE
:1018F8007420616C6C2064657669636573206F6E13
:10190800206275730D0A7364202D2053442063618F
:1019180072642073657475700D0A202073642069E1
:101928006E69743A20696E697469616C697A6520B8
:101938006D6963726F53440D0A20207364206672C8
:1019480065653A207072696E74206D6963726F53B1
:101958004420667265652073706163650D0A2020F6
:101968007364206465696E69743A206465696E6998
:1019780074616C697A65206D6963726F53440D0AEE
:1019880066696C65202D2066696C65206F706572CC
:101998006174696F6E730D0A202066696C65207228
:1019A800756E203C66696C653E3A2072756E7320D0
:1019B800612066696C6520617320636F6D6D616E6F
:1019C80064730D0A202066696C652070726F6772F7
:1019D800616D203C66696C653E3A2070726F677273
:1019E800616D7320612066696C652E20547970657D
:1019F8006420636F6D6D616E64732061726520771A
:101A080072697474656E20746F2074686520656EE1
:101A180064206F66207468652066696C650D0A200D
:101A28002066696C6520656E64703A2073746F7007
:101A38002070726F6772616D6D696E6720616E6488
:101A480020777269746520636F6D6D616E647320B1
:101A5800746F2066696C650D0A202066696C6520C4
:101A680072656164203C66696C653E3A2072656106
:101A7800647320616C6C206C696E657320696E20DC
:101A8800612066696C650D0A202066696C652064B2
:101A9800656C657465203C66696C653E3A206465D2
:101AA8006C6574657320612066696C650D0A202079
:101AB80066696C652064656C6C696E65203C666956
:101AC8006C653E203C6C696E653E3A2064656C65C9
:101AD80074657320612073696E676C65206C696E2C
:101AE80065206F6620612066696C650D0A20206696
:101AF800696C65206C6973743A206C69737473201F
:101B080066696C657320696E20726F6F74206469F2
:101B1800726563746F72790D0A72656C6179202D34
:101B280020636F6E74726F6C2072656C6179730DCF
:101B38000A202072656C6179206F6666203C6465B6
:101B4800766963653E3A207475726E73206F6666B7
:101B580020612072656C61792C20737570706F72CA
:101B6800747320656E7469726520626F6172647344
:101B78000D0A202072656C6179206F6E203C6465C7
:101B8800766963653E3A207475726E73206F6E20B5
:101B9800612072656C61790D0A202072656C61792B
:101BA800207265736574203C6465766963653E3AA6
:101BB8002072657365742072656C617920626F614B
:101BC8007264730D0A736572766F202D20636F6ED1
:101BD80074726F6C20736572766F730D0A202073B0
:101BE8006572766F206F6666203C6465766963650A
:101BF8003E3A20646973656E676167652073657234
:101C0800766F0D0A2020736572766F206F6E203C08
:101C18006465766963653E3A20656E67616765202D
:101C2800736572766F0D0A2020736572766F207364
:101C38006574203C6465766963653E203C616E6727
:101C48006C653E3A2073657420736572766F2074F4
:101C58006F20616E676C650D0A2020736572766F60
:101C6800207265736574203C6465766963653E3AE5
:101C780020726573657420736572766F20626F6178
:101C88007264730D0A7463202D20636F6E74726F13
:101C98006C20746865726D6F636F75706C65730D19
:101CA8000A2020746320676574203C646576696344
:101CB800653E3A2072656164732054432074656DF3
:101CC80070657261747572650D0A202074632073E3
:101CD8007461747573203C6465766963653E3A2067
:101CE8007265616473205443207374617475732042
:101CF800666C6167730D0A202074632072657365D2
:101D080074203C6465766963653E3A207265736544
:101D1800747320544320626F617264730D0A707487
:101D2800202D20636F6E74726F6C207072657373F0
:101D3800757265207472616E736475636572730D74
:101D48000A2020707420676574203C646576696396
:101D5800653E3A2072656164732050542070726544
:101D680073737572650D0A2020707420726573652F
:101D780074203C6465766963653E3A2072657365D4
:101D8800747320505420626F617264730D0A746911
:101D98006D65202D2074696D65722066756E63749B
:101DA800696F6E730D0A202074696D652073746104
:101DB8006D703A206765742063757272656E742061
:101DC80074696D657374616D700D0A202074696D96
:101DD80065206D61726B3A20736574206D61726B5A
:101DE8002C2074696D65207374616D702073686F41
:101DF80077732074696D652073696E6365206D6102
:101E0800726B0D0A202074696D6520736C656570AE
:101E1800203C6D733E3A20736C65657020666F7266
:101E280020612074696D6520696E206D730D0A202C
:101E38002074696D652064656C6179203C6D733E22
:101E4800203C636F6D6D616E642E2E2E3E3A2072BB
:101E5800756E2074686520636F6D6D616E642061B6
:101E68006674657220612074696D6520696E206DE5
:101E7800730D0A202074696D652065766572792076
:101E88003C6D733E203C636F6D6D616E642E2E2E2B
:101E98003E3A2072756E2074686520636F6D6D61BF
:101EA8006E6420657665727920696E7465727661F4
:101EB8006C20696E206D730D0A202074696D652091
:101EC8006C6973743A206C6973742074696D6572F7
:101ED800732072756E6E696E670D0A202074696DC5
:101EE800652064656C657465205B3C69643E5D3A99
:101EF8002064656C65746520746861742074696D0C
:101F080065722C2064656661756C74206973206C39
:101F18006173742061646465640D0A202074696DBE
:101F280065207175696574205B3C69643E5D3A2083
:101F380073696C656E63652F756E73696C656E6326
:101F480065206D657373616765732066726F6D20B8
:101F5800746861742074696D65720D0A6D73672009
:101F68002D206D6573736167652066756E6374698E
:101F78006F6E730D0A20206D7367206563686F208C
:101F88003C6D6573736167652E2E2E3E3A20707224
:101F9800696E747320746865206D65737361676515
:101FA800206F75740D0A6C6F67202D206461746151
:101FB800206C6F6767696E672066756E6374696FFA
:101FC8006E730D0A20206C6F67206F70656E203C61
:101FD80066696C653E3A206F70656E732066696C41
:101FE8006520666F722064617461206C6F67676931
:101FF8006E672C20617070656E6420746F20656E4A
:10200800640D0A20206C6F6720636C6F73653A203B
:10201800636C6F7365206F70656E206C6F672066E8
:10202800696C650D0A20206C6F672073796E633ABE
:10203800207772697465206E6577206368616E67C2
:102048006573206261636B20746F206C6F67206614
:10205800696C650D0A20206C6F67206C696E6520BD
:102068003C666F726D61742E2E2E3E3A207772692F
:1020780074652061206C696E65206F6620646174E8
:102088006120746F20746865206C6F672066696CC6
:10209800653B207370656369666965727320736553
:1020A8007061726174656420627920737061636520
:1020B800733A0D0A20202074202D3E2074696D6526
:1020C800207374616D7020696E206D730D0A202075
:1020D800206D202D3E2074696D652073696E6365DF
:1020E800206D61726B20696E206D730D0A202020AF
:1020F800273C544558543E202D3E20746861742076
:10210800746578740D0A202020503C5054206E616C
:102118006D653E202D3E2070726573737572652063
:10212800696E207073690D0A4F6E20737461727442
:102138007570206F722072657365742C20737461DA
:10214800727475702E7363722069732072756E20B5
:102158006175746F6D61746963616C6C792E0D0AB9
:102168000000000025646D0D0A000000564444205C
:102178003D202564206D560D0A000000496E7661E9
:102188006C69640D0A0000004F7074696F6E206EF0
:10219800656564656420666F722022627573222EFD
:1021A8000D0A0000496E76616C696400556E6B6EAD
:1021B8006F776E206F7074696F6E20666F72202261
:1021C800627573223A20000072657365740000001E
:1021D80046756C6C206275732072657365742E2E5B
:1021E8002E0D0A006C6973740000000076646400A8
:1021F800466F726D61743A206E616D65206C69730B
:1022080074203C6465766963653E0D0A0000000031
:102218004F7074696F6E206F7220646576696365AC
:10222800206E656564656420666F7220226E616D3C
:1022380065222E0D0A000000466F726D61743A2007
:102248006E616D65203C6465766963653E203C6E11
:10225800616D653E205B3C696E6465783E5D0D0A84
:10226800000000004572720D0A000000546F6F20D4
:102278006D616E79206465766963657320696E2087
:102288006D61702E0D0A00004E616D6520616C72E3
:102298006561647920726567697374657265642E17
:1022A8000D0A0000546F6F206D616E79206E616DAC
:1022B8006573206F6E206465766963652E0D0A006C
:1022C8004E616D6520746F6F206C6F6E672E0D0AFE
:1022D800000000004E616D65207265676973746562
:1022E8007265642E0D0A0000636C6561720000005F
:1022F800546F646F0D0A00004E616D657320666F40
:102308007220646576696365200000004E6F206E58
:10231800616D657320666F722074686174206465EE
:10232800766963652E0D0A00496E76616C696420D2
:102338004944206F7220646576696365206E616D1B
:10234800652E0D0A000000004E65656420746F203C
:102358007370656369667920696E64697669647506
:10236800616C2072656C61792E0D0A004F7074697A
:102378006F6E206E656564656420666F72202272D8
:10238800656C6179222E0D0A00000000556E6B6E97
:102398006F776E206F7074696F6E20666F7220227F
:1023A80072656C6179223A20000000006F66660051
:1023B8005475726E696E672072656C6179204F463C
:1023C800462E0D0A000000005475726E696E672073
:1023D80072656C617973204F46462E0D0A00000025
:1023E8006F6E00005475726E696E672072656C615D
:1023F80079204F4E2E0D0A00676574003A20526509
:1024080073657420626F6172642E0D0A000000000B
:102418004E65656420746F20737065636966792002
:10242800696E646976696475616C20736572766F2C
:102438002E0D0A00496E76616C69642073657474A8
:10244800696E673A20000000496E76616C69642005
:10245800616E676C652E0D0A00000000416E676CA6
:1024680065206F7574206F662072616E67652E0D2A
:102478000A0000004F7074696F6E206E65656465B0
:102488006420666F722022736572766F222E0D0AA1
:1024980000000000556E6B6E6F776E206F70746968
:1024A8006F6E20666F722022736572766F223A20F3
:1024B800000000005475726E696E6720736572764D
:1024C8006F204F4E2E0D0A005475726E696E67208C
:1024D800736572766F204F46462E0D0A0000000085
:1024E800636667006D696E75730000006D617875CD
:1024F800730000006D696E616E676C650000000016
:102508006D6178616E676C6500000000437572202C
:1025180000000000203D20004E65772000000000EC
:10252800202D3E2000000000736574003A2053659A
:102538007474696E6720736572766F202D3E200073
:102548002064656720280000207573292E0D0A0075
:102558004E65656420746F207370656369667920C1
:10256800696E646976696475616C2054432E0D0A3E
:10257800000000004F7074696F6E206E65656465B9
:102588006420666F7220227463222E0D0A000000F8
:10259800556E6B6E6F776E206F7074696F6E206604
:1025A8006F7220227463223A2000000073746174F1
:1025B800757300004E65656420746F2073706563E1
:1025C80069667920696E646976696475616C205002
:1025D800542E0D0A000000004F7074696F6E206E53
:1025E800656564656420666F7220227074222E0D02
:1025F8000A000000556E6B6E6F776E206F707469FD
:102608006F6E20666F7220227074223A20000000DC
:102618006D617800476942004D6942004B6942008C
:1026280042000000556E61626C6520746F206F7007
:10263800656E206469726563746F72792E0D0A0085
:1026480046696C6573206F6E205344206361726421
:102658003A0D0A00252D31387320256C7520257315
:102668000D0A00004F7074696F6E206E65656465B1
:102678006420666F7220226D7367222E0D0A000097
:10268800556E6B6E6F776E206F7074696F6E206613
:102698006F7220226D7367223A2000006563686FAD
:1026A800000000007175696574000000756E717531
:1026B800696574007465727365000000756E7465F1
:1026C8007273650050203D20252E32662070736994
:1026D8000D0A000025646D0054696D657374616DA1
:1026E800702025646D7300002C25646D00000000C7
:1026F8002C2025646D732073696E6365206D61728B
:102708006B0D0A004F4B00004D61726B20736574AE
:102718002061742025646D730D0A0000466F726D88
:1027280061743A2074696D6520736C656570203C2E
:102738006D733E0D0A000000466F726D61743A2099
:1027480074696D652064656C6179203C6D733E2009
:102758003C636F6D6D616E642E2E2E3E0D0A000077
:10276800466F726D61743A2074696D65206576658F
:102778007279203C6D733E203C636F6D6D616E64B1
:102788002E2E2E3E0D0A00004E6F6E650D0A0000BB
:102798004E6F2074696D6572732061637469766524
:1027A8002E0D0A00466F726D61743A2074696D656A
:1027B8002064656C657465203C696E6465783E0DBF
:1027C8000A0000004E6F2074696D65722077697485
:1027D80068207468617420696E6465782E0D0A003B
:1027E80054696D65722064656C657465642E0D0AA4
:1027F80000000000466F726D61743A2074696D655F
:10280800207175696574203C696E6465783E0D0AAF
:10281800000000004E6F6E650000000054696D6591
:10282800722073696C656E6365642E0D0A00000082
:1028380054696D657220756E73696C656E63656445
:102848002E0D0A004F7074696F6E206E65656465A1
:102858006420666F72202274696D65222E0D0A004D
:10286800556E6B6E6F776E206F7074696F6E206631
:102878006F72202274696D65223A20007374616D4D
:10288800700000006D61726B00000000736C65657C
:102898007000000064656C617900000052756E6E0E
:1028A800696E6720636F6D6D616E6420696E2000CC
:1028B8006D732E0D0A0000006576657279000000C0
:1028C80052756E6E696E6720636F6D6D616E642000
:1028D800657665727920000054696D6572732061B0
:1028E80063746976653A0D0A000000002045766534
:1028F8007279200020496E20000000006D733A2094
:102908000000000064656C65746500004C6F67200A
:1029180066696C6520616C7265616479206F7065A9
:102928006E2E0D0A00000000466F726D61743A2029
:102938006C6F67206F70656E203C66696C656E61B0
:102948006D653E2E0D0A0000556E61626C6520743F
:102958006F206F70656E206C6F672066696C652EDE
:102968000D0A00004C6F672066696C65206973204A
:102978006E6F74206F70656E2E0D0A00556E616261
:102988006C6520746F2073796E63206C6F672066A6
:10299800696C652E0D0A0000556E61626C652074C5
:1029A8006F20636C6F7365206C6F672066696C6558
:1029B8002E0D0A00496E76616C6964205054206EB1
:1029C800616D653A20000000496E76616C6964208B
:1029D8006C696E65207370656369666965723A2013
:1029E800000000004F7074696F6E206E6565646545
:1029F8006420666F7220226C6F67222E0D0A000019
:102A0800556E6B6E6F776E206F7074696F6E20668F
:102A18006F7220226C6F67223A2000006F70656E1B
:102A280000000000636C6F736500000073796E63CB
:102A3800000000006C696E65000000007072696E2D
:102A480074000000252E3366000000004C6F6720DC
:102A58006C696E653A2000004E65772050203D2055
:102A680025660D0A0000000043757272656E7420B9
:102A780050203D2025660D0A000000004E65772095
:102A880049203D2025660D0A00000000437572723A
:102A9800656E742049203D2025660D0A000000005F
:102AA8004E65772044203D2025660D0A0000000071
:102AB80043757272656E742044203D2025660D0AA8
:102AC800000000004E6577206D696E203D20256668
:102AD8000D0A000043757272656E74206D696E2070
:102AE8003D2025660D0A00004E6577206D6178202F
:102AF8003D2025660D0A000043757272656E7420CC
:102B08006D6178203D2025660D0A0000496E7661CA
:102B18006C69642073656E736F7220747970653A9E
:102B280020000000496E76616C69642073656E73DD
:102B38006F72206E616D653A20000000496E766103
:102B48006C6964206163747561746F722074797044
:102B5800653A2000496E76616C696420616374751A
:102B680061746F72206E616D653A20004E65772042
:102B7800736574706F696E74203D2025660D0A00B8
:102B880043757272656E7420736574706F696E74C4
:102B9800203D2025660D0A00436F6E74726F6C200D
:102BA800736F75726365206E6F7420636F6E6669EC
:102BB80067757265642E0D0A00000000436F6E741D
:102BC800726F6C206163747561746F72206E6F74BC
:102BD80020636F6E666967757265642E0D0A000062
:102BE8004C6F6F70206861736E2774206265656E24
:102BF8002072756E2E0D0A0025646D2C25662C2515
:102C0800662C25660D0A00004C6173742072756E7F
:102C18002061742025646D732C20533D2566204562
:102C280072723D256620413D25660D0A00000000B0
:102C38004F7074696F6E206E656564656420666F99
:102C48007220226C6F6F70222E0D0A00556E6B6E0B
:102C58006F776E206F7074696F6E20666F722022B6
:102C68006C6F6F70223A2000690000006400000059
:102C78006D696E0073656E736F720000707400008A
:102C8800647074004E6F772072656164696E6720A6
:102C980066726F6D20000000616374007365727660
:102CA8006F0000004E6F772077726974696E672035
:102CB800746F2000736574700000000072756E00F8
:102CC8007374617400000000696E6974000000008C
:102CD800736574757000000072656164000000001F
:102CE8004C43203D20252E3266206C620D0A0000E0
:102CF8004D6F756E74696E6720534420636172640A
:102D08002E2E2E0D0A000000665F6D6F756E742002
:102D18006572726F720D0A005344206361726420F9
:102D280073657475702E0D0A00000000534420630B
:102D38006172642072656D6F7665642E0D0A0000FD
:102D4800665F67657466726565206572726F720D7D
:102D58000A00000053442063617264207370616349
:102D6800653A0D0A2531306C75204D694220746F23
:102D780074616C2064726976652073706163652E76
:102D88000D0A2531306C75204D69422061766169E4
:102D98006C61626C652E0D0A000000004F7074694A
:102DA8006F6E206E656564656420666F722022739D
:102DB80064222E0D0A000000556E6B6E6F776E2030
:102DC8006F7074696F6E20666F7220227364223A86
:102DD800200000005344206361726420616C7265B6
:102DE80061647920696E697469616C697A65642EB9
:102DF8000D0A0000667265650000000053442063F8
:102E0800617264206E6F7420696E697469616C699F
:102E18007A65642E0D0A00006465696E69740000A5
:102E28004F4B2025640D0A0050726F6772616D6DFB
:102E38006564202564206C696E65732E0D0A000098
:102E48005761726E696E672C2077726974652066A7
:102E580061696C65642E0D0A00000000456E74659A
:102E680072206120636F6D6D616E642E0D0A000023
:102E7800556E6B6E6F776E20636F6D6D616E643A21
:102E88002000000066696C6520656E6470000000B3
:102E980068656C7000000000627573006E616D6596
:102EA8000000000072656C61790000007364000026
:102EB80066696C65000000007463000074696D65E4
:102EC800000000006D7367006C6F67006C6F6F70B7
:102ED800000000006C630000616476656E747572B2
:102EE800650000004F7074696F6E206E65656465DB
:102EF8006420666F72202266696C65222E0D0A00B6
:102F0800556E6B6E6F776E206F7074696F6E20668A
:102F18006F72202266696C65223A20005344206350
:102F2800617264206D75737420626520696E6974BE
:102F380069616C697A656420746F207573652022F5
:102F480066696C65222E0D0A00000000656E6470CB
:102F58000000000043616E277420757365202266A7
:102F6800696C652220636F6D6D616E64732077688C
:102F7800696C652070726F6772616D6D696E672E1E
:102F88000D0A0000556E61626C6520746F206F70C9
:102F9800656E2066696C652E0D0A000046696C65D1
:102FA8002064656C657465642E0D0A0046696C655D
:102FB80020636F6E74656E74733A0D0A000000002A
:102FC800253034647C00000072656164736C6F772F
:102FD8000000000064656C6C696E6500466F726D78
:102FE80061743A2066696C652064656C6C696E650D
:102FF800203C66696C653E203C6C696E656E756D3B
:103008003E0D0A00746D7000556E61626C65207427
:103018006F206F70656E2074656D706F7261727964
:103028002066696C652E0D0A00000000556E61620D
:103038006C6520746F2064656C657465206F6C64C2
:103048002066696C652E0D0A00000000556E6162ED
:103058006C6520746F2072656E616D652066696CA1
:10306800653B2074656D706F7261727920636F7053
:103078007920736176656420696E2022746D7022F0
:103088002E0D0A004C696E652064656C6574656474
:103098002E0D0A00737461727475702E736372005A
:1030A80070726F6772616D0050617079727573200C
:1030B80072657365740D0A0066696C652072756EB9
:1030C80020737461727475702E736372000000004F
:1030D80053797374656D000052656C617900000066
:1030E800536572766F000000546865726D6F636F88
:1030F80075706C650000000050540000222A2B2CCB
:103108003A3B3C3D3E3F5B5D7C7F00000001020393
:1031180004050607080C10141820304001000200AE
:103128000400060008000A000C00100020004000FF
:1031380080000001080402040801010101010103E3
:10314800070100000000000000000000000000006F
:103158000000000001000000020000000300000061
:103168000400000000000000000000000000000053
:103178000000000000000000000000000000000047
:103188000000000001000000020000000300000031
:10319800040000000600000007000000080000000E
:1031A80009000000435545414141414345454549D2
:1031B800494941414592924F4F4F5555594F554FA7
:1031C8009C4F9E9F41494F55A5A5A6A7A8A9AAAB64
:1031D800ACADAEAFB0B1B2B3B4414141B8B9BABB0E
:1031E800BCBDBEBFC0C1C2C3C4C54141C8C9CACBAA
:1031F800CCCDCECFD1D145454549494949D9DADB6E
:10320800DCDD49DF4FE14F4F4F4FE6E8E8555555B4
:103218005959EEEFF0F1F2F3F4F5F6F7F8F9FAFB95
:10322800FCFDFEFF2E00494E4600696E66004E41C9
:103238004E006E616E00300030313233343536372F
:10324800383941424344454600303132333435360B
:10325800373839616263646566004300504F5349EB
:1032680058002C2066756E6374696F6E3A20006191
:103278007373657274696F6E2022257322206661EC
:10328800696C65643A2066696C6520222573222C76
:10329800206C696E65202564257325730A00496EC4
:1032A80066696E697479004E614E005245454E5408
:1032B800206D616C6C6F632073756363656564650D
:1032C80064002E2E2F2E2E2F2E2E2F2E2E2F2E2E0A
:1032D8002F2E2E2F6E65776C69622D342E352E3089
:1032E8002E32303234313233312F6E65776C696269
:1032F8002F6C6962632F7374646C69622F64746FD6
:10330800612E630042616C6C6F6320737563636543
:1033180065646564002E2E2F2E2E2F2E2E2F2E2E16
:103328002F2E2E2F2E2E2F6E65776C69622D342E40
:10333800352E302E32303234313233312F6E6577BC
:103348006C69622F6C6962632F7374646C69622F95
:103358006764746F612D6765746865782E63002EE5
:103368002E2F2E2E2F2E2E2F2E2E2F2E2E2F2E2E70
:103378002F6E65776C69622D342E352E302E3230E3
:103388003234313233312F6E65776C69622F6C6954
:1033980062632F7374646C69622F6D707265632E3B
:1033A8006300232D302B2000686C4C006566674550
:1033B8004647000034000000CEFBFFFFCB030000AF
:1033C800010000000000000035000000CEFBFFFFF8
:1033D800CB03000001000000000000000000000016
:1033E800BC89D897B2D29C3C33A7A8D523F64939D3
:1033F8003DA7F444FD0FA5329D978CCF08BA5B25F5
:10340800436FAC642806681100202020202020206B
:10341800202028282828282020202020202020207C
:10342800202020202020202020881010101010108C
:1034380010101010101010101004040404040404D8
:103448000404041010101010101041414141414172
:103458000101010101010101010101010101010154
:103468000101010110101010101042424242424264
:103478000202020202020202020202020202020224
:1034880002020202101010102000000000000000CC
:103498000000000000000000000000000000000024
:1034A8000000000000000000000000000000000014
:1034B8000000000000000000000000000000000004
:1034C80000000000000000000000000000000000F4
:1034D80000000000000000000000000000000000E4
:1034E80000000000000000000000000000000000D4
:1034F80000000000000000000000000000000000C4
:1035080000000000000000000000000005000000AE
:10351800190000007D0000000080E03779C34143B6
:10352800176E05B5B5B89346F5F93FE9034F384D21
:10353800321D30F94877825A3CBF737FDD4F1575CD
:10354800000000000000F03F0000000000002440E0
:1035580000000000000059400000000000408F40BB
:10356800000000000088C34000000000006AF84026
:103578000000000080842E4100000000D01263414A
:103588000000000084D797410000000065CDCD41C0
:10359800000000205FA00242000000E876483742A1
:1035A800000000A2941A6D42000040E59C30A2423F
:1035B8000000901EC4BCD64200003426F56B0C43B4
:1035C8000080E03779C3414300A0D885573476435B
:1035D80000C84E676DC1AB43003D9160E458E143BC
:1035E800408CB5781DAF154450EFE2D6E41A4B4431
:1035F80092D54D06CFF08044F64AE1C7022DB54476
:08360800B49DD9794378EA442E
:083610002CBAFF7F010000004D
:04361800350400086D
:04361C000D04000891
:10362000D8300108E0300108E8300108F030010826
:1036300000310108000C005002000000000C005096
:10364000010000000000000000000000B90A0008AE
:103650000100000001000000010100000400000062
:103660000024F400458700084D87000855870008AE
:103670005D87000865870008000000000300000067
:103680005C2000204300000000000000000000005B
:10369000000000000000000000000000000000002A
:1036A00000000000430000000000000000000000D7
:1036B000000000000000000000000000000000000A
:1036C00000000000430000000000000000000000B7
:1036D00000000000000000000000000000000000EA
:1036E0000000000043000000000000000000000097
:1036F00000000000000000000000000000000000CA
:103700000000000043000000000000000000000076
:1037100000000000000000000000000000000000A9
:103720000000000043000000000000000000000056
:103730000000000000000000000000000000000089
:103740000000000043000000000000000000000036
:103750000000000000000000000000000000000069
:1037600000000000F9E6000831DD0008000000005C
:10377000103401082C320108A5320108A5320108D5
:10378000A5320108A5320108A5320108A5320108B9
:10379000A5320108A5320108A5320108FFFFFFFF8D
:1037A000FFFFFFFFFFFFFFFFFFFF0000010041538E
:1037B0004349490000000000000000000000000034
:1037C0000000000000000000000000000000415365
:1037D0004349490000000000000000000000000014
:1037E00000000000000000000000000000000000D9
:1037F000D4010020000000005C200020C420002034
:103800002C2100200000000000000000000000004B
:1038100000000000000000000000000000000000A8
:103820000000000000000000000000000000000098
:103830000000000000000000000000000000000088
:1038400010B50D4A54698023DB0223435361EFF323
:10385000108472B6002303E004C904C00133DBB254
:103860003F2BF9D9044B1A69C0239B021A42F9D1A4
:0C38700084F3108810BDC0460020024008
:040000050800A87DCA
:00000001FF
