:020000040800F2
:1000000000400220FDA60008DD9E0008DF9E0008DB
:1000100000000000000000000000000000000000E0
:10002000000000000000000000000000E19E000849
:100030000000000000000000E39E0008E59E0008AC
:100040004DA700084DA700084DA700084DA70008C0
:100050004DA700084DA700084DA700084DA70008B0
:100060004DA70008F19E00084DA700084DA7000805
:100070004DA700084DA700084DA700084DA7000890
:100080004DA700084DA700084DA700084DA7000880
:100090004DA700084DA700084DA700084DA7000870
:1000A0004DA700084DA700084DA700084DA7000860
:0C00B0004DA700084DA700084DA7000850
:1000BC0002780B78002A03D0013001319A42F7D034
:1000CC00D01A70470023C25C0133002AFBD1581EA2
:1000DC007047000002B4714649084900095C4900A8
:1000EC008E4402BC7047C04603B4714649084000B8
:1000FC004900095E49008E4403BC70470022430846
:10010C008B4274D303098B425FD3030A8B4244D3D3
:10011C00030B8B4228D3030C8B420DD3FF22090215
:10012C0012BA030C8B4202D31212090265D0030BD4
:10013C008B4219D300E0090AC30B8B4201D3CB03CA
:10014C00C01A5241830B8B4201D38B03C01A52410C
:10015C00430B8B4201D34B03C01A5241030B8B420E
:10016C0001D30B03C01A5241C30A8B4201D3CB02F9
:10017C00C01A5241830A8B4201D38B02C01A5241DE
:10018C00430A8B4201D34B02C01A5241030A8B42E1
:10019C0001D30B02C01A5241CDD2C3098B4201D3F9
:1001AC00CB01C01A524183098B4201D38B01C01A77
:1001BC00524143098B4201D34B01C01A52410309EE
:1001CC008B4201D30B01C01A5241C3088B4201D39D
:1001DC00CB00C01A524183088B4201D38B00C01A4A
:1001EC00524143088B4201D34B00C01A5241411A71
:1001FC0000D20146524110467047FFE701B500207E
:10020C0000F0F0F802BDC0460029F7D076E7704741
:10021C0003460B437FD4002243088B4274D303095B
:10022C008B425FD3030A8B4244D3030B8B4228D3FC
:10023C00030C8B420DD3FF22090212BA030C8B4222
:10024C0002D31212090265D0030B8B4219D300E0C2
:10025C00090AC30B8B4201D3CB03C01A5241830B47
:10026C008B4201D38B03C01A5241430B8B4201D3F7
:10027C004B03C01A5241030B8B4201D30B03C01A20
:10028C005241C30A8B4201D3CB02C01A5241830A9A
:10029C008B4201D38B02C01A5241430A8B4201D3C9
:1002AC004B02C01A5241030A8B4201D30B02C01AF3
:1002BC005241CDD2C3098B4201D3CB01C01A52415A
:1002CC0083098B4201D38B01C01A524143098B42E3
:1002DC0001D34B01C01A524103098B4201D30B01CC
:1002EC00C01A5241C3088B4201D3CB00C01A5241F1
:1002FC0083088B4201D38B00C01A524143088B42B6
:10030C0001D34B00C01A5241411A00D2014652414E
:10031C00104670475DE0CA0F00D04942031000D36D
:10032C004042534000229C4603098B422DD3030AC2
:10033C008B4212D3FC22890112BA030A8B420CD3D2
:10034C00890192118B4208D3890192118B4204D3FB
:10035C0089013AD0921100E08909C3098B4201D37B
:10036C00CB01C01A524183098B4201D38B01C01AB5
:10037C00524143098B4201D34B01C01A524103092C
:10038C008B4201D30B01C01A5241C3088B4201D3DB
:10039C00CB00C01A524183088B4201D38B00C01A88
:1003AC005241D9D243088B4201D34B00C01A52415F
:1003BC00411A00D20146634652415B10104601D3EC
:1003CC004042002B00D54942704763465B1000D376
:1003DC00404201B5002000F005F802BD0029F8D01C
:1003EC0016E770477047C0468446100062468C463C
:1003FC001900634600E0C0461FB50FF0EDFC002865
:10040C0001D40021C8421FBD10B50FF02FFC404293
:10041C00013010BD10B50FF0DFFC002801DB00200F
:10042C0010BD012010BDC04610B50FF0D5FC002842
:10043C0001DD002010BD012010BDC04610B50FF02D
:10044C005BFC002801DC002010BD012010BDC04663
:10045C0010B50FF051FC002801DA002010BD01206E
:10046C0010BDC046844608006146FFE71FB50EF07C
:10047C0033F8002801D40021C8421FBD10B50DF07F
:10048C00BBFF4042013010BD10B50EF025F800281E
:10049C0001DB002010BD012010BDC04610B50EF0D0
:1004AC001BF8002801DD002010BD012010BDC04646
:1004BC0010B50DF0C9FF002801DC002010BD012093
:1004CC0010BDC04610B50DF0BFFF002801DA0020AA
:1004DC0010BD012010BDC046002B11D1002A0FD138
:1004EC00002900D1002802D00021C943080007B41C
:1004FC00024802A14018029003BDC046E9FEFFFF6E
:10050C0003B4684601B502980DF086FB019B9E462C
:10051C0002B00CBC7047C0461C2101231B0498423E
:10052C0001D3000C10391B0A984201D3000A083978
:10053C001B09984201D30009043902A2105C40182F
:10054C007047C046040302020101010100000000D3
:10055C000000000010B5002903D1FFF7DDFF2030AB
:10056C0002E00800FFF7D8FF10BDC04610B5064CDE
:10057C002378002B07D1054B002B02D0044800E058
:10058C0000BF0123237010BD1C02002000000000DE
:10059C007C0F0108044B10B5002B03D00349044811
:1005AC0000E000BF10BDC04600000000200200208B
:1005BC007C0F010810B50649064801F0C1FE002861
:1005CC0003D1054B01221A7010BD01204042FBE7FC
:1005DC003C0200203C000020380200200020704724
:1005EC0010B5044B82009A18526852681B18187A7E
:1005FC00904710BD8803002010B5084B1B5C002BE6
:10060C000AD1064B01221A5482009A1852681268B9
:10061C001B18187A904710BD0020FCE788030020B7
:10062C0070B5044C850065196D68AD682418207A86
:10063C00A84770BD8803002070B5044C850065196F
:10064C006D68ED682418207AA84770BD88030020D7
:10065C0010B5044B84001C19646824691B18187AA3
:10066C00A04710BD88030020437800781B02184374
:10067C0070470200C3781B0281780B431802537831
:10068C00184300021378184370470170090A41702F
:10069C00704701700B0A43700B0C8370090EC1700C
:1006AC00704710B5002A06D00C7801310470013067
:1006BC00013A002AF8D110BD01700130013A002A2C
:1006CC00FAD1704710B50400207801340B78013151
:1006DC00C01A013A002A01D00028F5D010BD030041
:1006EC0000E001331878002801D08842F9D1704716
:1006FC0030B50025002301E001250133132B15D85B
:10070C00184A1C01A258002AF6D00468A242F4D15F
:10071C00144A1C011219546882689442EDD1114A92
:10072C001C011219946842699442E6D1142B0BD027
:10073C00002915D10B4A1B01D218928980235B002A
:10074C009A420BD0002030BD002D05D1022901D0DA
:10075C001220F8E70020F6E70020F4E71020F2E77B
:10076C001020F0E740020020002000E001301328A8
:10077C0004D8044B0201D358002BF7D11438431E74
:10078C00984170474002002030B50400002000E082
:10079C000130132813D8244B0201D25823689A42F3
:1007AC00F6D1214B02019B185A68A3689A42EFD1EB
:1007BC001D4B02019B189A6863699A42E8D1142870
:1007CC0020D0002920D0184B02019B189B89002BAC
:1007DC0028D1802252001DE00130132804D8124B7E
:1007EC000201D358002BF7D1142819D025680E4BD1
:1007FC000201D550A5689B185D6062699A60002261
:10080C009A81DEE70020E8E7074B02019B189A89E2
:10081C00013292B2044B01015B189A81013030BD58
:10082C000020FCE70020FAE74002002001381328E2
:10083C0019D80F4B02019B189B89802252009342BE
:10084C0004D0002B09D0013B9BB200E00023084AE6
:10085C00010152189381002B07D1054B0001002296
:10086C00C250002070470220FCE70020FAE7C04687
:10087C004002002010B5002300E00133132B08D8F0
:10088C00044A19018A588242F7D1024A00248C503A
:10089C00F3E710BD4002002002394369023B8B4252
:1008AC0004D943895943806A081870470020FCE733
:1008BC0010B50368C46A0434480A5989FFF71EFC52
:1008CC00020001E0121A08342068002803D082428A
:1008DC00F8D26068801810BD70B506000C000800D6
:1008EC001A30FFF7C1FE05003378032B00D070BD22
:1008FC0020001430FFF7B8FE00042843F7E770B56A
:10090C0006000C00150091B220001A30FFF7BDFE56
:10091C003378032B00D070BD290C20001430FFF766
:10092C00B4FEF8E7F8B507000E0000234B72C3695C
:10093C00002B2AD00022002305E0092C0ED0B11880
:10094C004B72013223000A2B0DD83D6A5C1CEB5C08
:10095C00202BF7D0052BF0D1E033EEE7B1182E2089
:10096C0048720132EBE7B218002353723B6ADB7A10
:10097C003372386A1C30FFF77CFE3060386A1630F0
:10098C00FFF777FEF080000CB080F8BDF8B5DE46BE
:10099C0057464E464546E0B581468A460F682423A5
:1009AC004B449B460B2220211800FFF785FE0026A6
:1009BC000023082290462FE001357B5D2F2BFBD0C6
:1009CC005C2BF9D07F1953461F60002E4BD024238B
:1009DC004A46D35CE52B3BD0202C3ED804222F2357
:1009EC004946CA54002029E008260B23984612E0F9
:1009FC0063B2002B28DB1D482100FFF770FE002896
:100A0C002FD12300613BDBB2192B01D8203CE4B27F
:100A1C005B469C5501362B005D1CFC5C202CD1D90F
:100A2C002F2CCAD05C2CC8D02E2C01D0B045DFD8CE
:100A3C0043460B2B13D02E2CD6D00620F0BCBB4635
:100A4C00B246A946A046F8BD803C094B1C5DD2E7D6
:100A5C00C13B05224946CA54BEE70022BFE7062027
:100A6C00ECE70620EAE70620E8E7C046980F010805
:100A7C00EC29010810B501000068002807D002001D
:100A8C001378202B05D93A2B03D00132F8E7013823
:100A9C0002E03A2B01D0002010BD431C0078303806
:100AAC00092809D89A4202D001204042F4E70028D4
:100ABC0005D101320A60EFE701204042ECE701204A
:100ACC004042E9E70160002343608360704770B5E2
:100ADC0004000D00002818D00368002B17D01A78DA
:100AEC00002A17D08188DA88914203D0092000248B
:100AFC002C6070BD5878FFF773FD030001221000C5
:100B0C0018401A4209D12468F2E70920F0E71C00CA
:100B1C000920EDE709200024EAE709200024E7E793
:100B2C00F0B5C64600B50400C578002D03D12800E9
:100B3C0080BCB846F0BDC76A3023984680444078E4
:100B4C002F3B3A004146FFF777FD051E14D10023D9
:100B5C00E370236AFB1AA2699342E8D2A67808E0F4
:100B6C00A369FF18607801233A004146FFF764FD42
:100B7C00013E012EF4D8DAE70125D8E770B5040060
:100B8C000D00C36A8B4202D10026300070BDFFF706
:100B9C00C7FF061EF9D121003031607801232A00ED
:100BAC00FFF73EFD002802D0013601256D42E562BB
:100BBC00EBE7000070B504000023C370013BC36277
:100BCC00FFF7DCFF051E24D1144BE018FFF74CFD9A
:100BDC00134B98421FD13023E35CE92B07D0236BD6
:100BEC00104A1340104A934201D0022514E0200011
:100BFC006630FFF73EFD0002000A0C4B98420BD00A
:100C0C0020008230FFF735FD094B984204D00225B5
:100C1C0002E0042500E00325280070BD2E02000030
:100C2C0055AA0000FF00FF00EB0090004641540065
:100C3C0046415433F0B5DE4657464E464546E0B580
:100C4C0087B00F00150000230B60FFF713FF061E83
:100C5C0000DA51E1BE4B8200D458002C00D154E193
:100C6C003C6001239D432F002378002B0FD060782C
:100C7C00FFF7B6FC01231D000540034207D1002FEE
:100C8C0000D13AE1400700D437E10A2535E10023D1
:100C9C002370F0B26070FFF7AFFC01231D0005401C
:100CAC00034200D033E1002F02D0400700D530E1E1
:100CBC0000212000FFF77EFF022800D182E00026F1
:100CCC00042800D127E1012800D926E120003B307F
:100CDC00FFF7CAFC80239B00984200D01FE1200044
:100CEC004630FFF7C1FC071E04D120005430FFF73B
:100CFC00C0FC0700A7614023E25CA270531EDBB26C
:100D0C00012B00D90DE17A4390463D23E35C9A46D2
:100D1C006381002B00D106E1013B5246134200D007
:100D2C0003E120004130FFF79FFC81460300009057
:100D3C0020811B0700D0FAE020004330FFF794FC21
:100D4C008346002804D120005030FFF792FC8346E4
:100D5C0020003E30FFF788FC0190002800D1E8E02D
:100D6C00020042444B461B099BB291469944CB4529
:100D7C0000D2E0E05B464A469B1A9B46514618005F
:100D8C00FFF7BCF9D34500D2D7E0724B98422FD86D
:100D9C00714B984268D902239B462BE00020B2008D
:100DAC0002ABD0500136032E0ED820003030330168
:100DBC00BF33FF33C0180379002BEFD00830FFF797
:100DCC0058FCECE70026EEE700270AE03100200093
:100DDC00FFF7F0FE012800D872E70137032F00D986
:100DEC006EE7BB0002AA9E58002EEFD10320F4E759
:100DFC0003239B46831C9A466361E661019B9B1906
:100E0C0023624A46B218A2625A46032A2FD0009A8D
:100E1C00002A00D197E0434463625B46022B37D033
:100E2C0053465B0053445B08012251460A409B1811
:100E3C004A4A944663445B0ABB4200D985E00123CD
:100E4C005B422361E360813323715B46032B22D029
:100E5C005B462370424A138801339BB21380E380B4
:100E6C002000FFF707FD48E001239B46C2E7200066
:100E7C005A30FFF7F9FB002861D1009B002B60D1A1
:100E8C0020005C30FFF7F5FB606253469B00CFE718
:100E9C0053465B00CCE720006030FFF7E5FB0128F0
:100EAC00D6D1711C2000FFF769FE0028D0D1002399
:100EBC0023712C4BE018FFF7D7FB2B4B9842C7D173
:100ECC0020003030FFF7D5FB284B9842C0D185234A
:100EDC009B00E018FFF7CDFB254B9842B8D1862339
:100EEC009B00E018FFF7C5FB206187239B00E018EF
:100EFC00FFF7BFFBE060ABE70B25280007B0F0BCA9
:100F0C00BB46B246A946A046F0BD0C25F5E7032525
:100F1C00F3E70A25F1E70125EFE70D25EDE70D25B0
:100F2C00EBE70D25E9E70D25E7E70D25E5E70D25B1
:100F3C00E3E70D25E1E70D25DFE70D25DDE70D25C1
:100F4C00DBE70D25D9E70D25D7E70D25D5E7C046FD
:100F5C0084030020F5FF0000F50F0000FF010000E6
:100F6C00800300202E02000055AA0000525261415D
:100F7C0072724161F0B5D6464F464646C0B5060082
:100F8C000C001700012900D880E043698B4200D87F
:100F9C0083E00378022B49D0032B5BD0012B00D0CC
:100FAC007DE04B0898468844016A43465B0AC918A1
:100FBC00FFF7E4FD051E6AD130239A46B2442F3B5D
:100FCC00434499464346DB05DB0D53440122110093
:100FDC002140884622421ED018783A010F21014048
:100FEC000A43D2B21A700123F370316A4B465B0A82
:100FFC00C9183000FFF7C2FD051E48D14B46DB0572
:10100C00DB0D53444246002A07D03A09D2B21A707B
:10101C000123F3703BE0FAB2E4E71A783F0A7FB29F
:10102C000F2139400F2082430A43F0E7016A230A5B
:10103C00C918FFF7A3FD051E29D13000303064001C
:10104C00FF235B001C40B9B20019FFF71EFB012304
:10105C00F3701CE0016AE309C918FFF78FFD051E48
:10106C0015D13F013F0933003033A400FE2252005A
:10107C0014401C192000FFF7FCFA010F0907394333
:10108C002000FFF706FB0123F37000E00225280087
:10109C00E0BCBA46B146A846F0BD0225F7E70225EA
:1010AC00F5E7F8B50C000568012956D96B698B4238
:1010BC0055D92B78022B2CD0032B3BD0012B50D1A4
:1010CC004E087618296A730AC9182800FFF756FDCE
:1010DC00002802D00120404240E0771CF605F60DB6
:1010EC00AE1930363678296A7B0AC9182800FFF702
:1010FC0045FD002837D1FB05DB0DEB183033187894
:10110C0000023043E40701D5000927E00005000D7B
:10111C0024E0296A230AC9182800FFF72FFD0028AC
:10112C0024D130356400FF235B001C402819FFF7E5
:10113C009BFA13E0296AE309C9182800FFF71EFD82
:10114C00002816D13035A400FE235B001C40281962
:10115C00FFF78FFA0001000900E00120F8BD012023
:10116C00FCE70120FAE701204042F7E7012040426A
:10117C00F4E701204042F1E7F0B5C64600B50700A0
:10118C000E000368984680239B0399423ED2CB06FF
:10119C0040D141618468002C1ED143461B78022B40
:1011AC0001D943465C6A002C16D173094246128958
:1011BC00934231D243465B6AFB61BC61FB69002BF5
:1011CC0032D0720A9B18FB6143463033F105C90DCE
:1011DC005B183B6200201AE043465D896D02AE420B
:1011EC000ED321003800FFF75CFF0400431C15D020
:1011FC00012815D943465B69834213D9761BEEE768
:10120C0021004046FFF748FBF861D6E7022080BC7E
:10121C00B846F0BD0220FAE70220F8E70120F6E715
:10122C000220F4E70220F2E70220F0E7F0B5C64610
:10123C0000B5050088460668002907D1F768002F1D
:10124C000FD07369BB420DD801270BE0FFF729FFC4
:10125C00012844D9431C47D07369834244D847467C
:10126C0000E001273C000BE021002800FFF719FFEC
:10127C0000280DD0012837D0431C35D0BC4232D0C9
:10128C0001347369A342EFD8012F2AD90224EBE76A
:10129C000122524221003000FFF76CFE002818D1C9
:1012AC004346002B0FD1002813D1F46032697369C7
:1012BC00023B9A4201D8013A32613379012213433D
:1012CC003371200010E0220041463000FFF752FE3F
:1012DC00E9E7012801D0012006E0023804E00120F2
:1012EC0002E0002000E0002080BCB846F0BDF8B55C
:1012FC0006000C0011000568012C2CD96B69A34267
:10130C002BD9002A09D0012252422800FFF732FEC5
:10131C00002802D022E0A24220D927002100300070
:10132C00FFF7BFFE041E1AD001281AD0431C1AD096
:10133C00002239002800FFF71DFE00280ED12B6972
:10134C006A69911E8B42E6D201332B612B79012104
:10135C000B432B71DFE7022000E00220F8BD0020D8
:10136C00FCE70220FAE70120F8E770B504000568F5
:10137C00C1692800FFF702FC002804D1236AE5228A
:10138C001A700123EB7070BDF0B5D6464F4680B590
:10139C0083B004000191076845692035C369002BAF
:1013AC0000D174E080229203954200D371E0EA05EB
:1013BC00D60D002A08D10133C3618169002911D1EE
:1013CC006B093A89934209D265613037B8192062AA
:1013DC00002003B0C0BCBA46B146F0BD0023C361C7
:1013EC000420F6E76B0A7A89013A1000184081460E
:1013FC001A42E9D12000FFF754FE8246030001286F
:10140C0049D9013349D07B69834238D8019B002BE1
:10141C0011D0A1692000FFF709FF8246031E3ED0C0
:10142C0001283ED001333ED03800FFF779FB00286D
:10143C0004D00120CDE7E3610420CAE73800303046
:10144C00802292000021FFF737F951463800FFF750
:10145C0023FAF8627B8999450DD20123FB70380081
:10146C00FFF75EFB002820D101239C46E144FB6A78
:10147C000133FB62EEE7FB6A4A469B1AFB6253465A
:10148C00A36151463800FFF707FAE0619CE704209E
:10149C009FE704209DE702209BE7012099E70720A6
:1014AC0097E7022095E7012093E7012091E770B5BB
:1014BC00050006680021FFF75FFE041E07D0200020
:1014CC0070BD00212800FFF75FFF041EF7D1E9690A
:1014DC003000FFF753FB041EF1D1286A0378002B70
:1014EC000ED0C27A3F231340AB71C37A1B07E8D4EA
:1014FC00290024310B22FFF7E5F80028E1D1DEE7C3
:10150C000424DCE730B583B004000191056801E0E8
:10151C0001330193019B1A782F2AF9D05C2AF7D05A
:10152C000022A2601B781F2B1CD901A92000FFF7F9
:10153C002DFA00281DD12000FFF7B9FF2F23E35C03
:10154C00002818D15B0714D4A379DB0619D5290020
:10155C0030316369DB05DB0DC9182800FFF7BCF9D6
:10156C00A060E2E72F238032E25400212000FFF735
:10157C0003FE03B030BD0428FBD15B07F9D4052072
:10158C00F7E70520F5E7F8B504000D000668002123
:10159C00FFF7F2FD002818D1002708E00137AF4211
:1015AC0013D001212000FFF7EFFE00280DD1E169D7
:1015BC003000FFF7E3FA002807D1236A1B78E52BEC
:1015CC00ECD0002BEAD00027EBE7042800D0F8BDC4
:1015DC000330FCE770B5050006680121FFF7D3FF67
:1015EC00041E01D0200070BDE9693000FFF7C6FA77
:1015FC00041EF7D1286A20220021FFF75DF8286A23
:10160C00290024310B22FFF74CF80123F370E9E792
:10161C0070B504000E000568042005E000212000D0
:10162C00FFF7B2FE00281ED1E16900291BD028006B
:10163C00FFF7A4FA002816D1236A1A78002A11D0D1
:10164C00D97A3F230B40A371E52AE7D02E2AE5D0A7
:10165C000F2BE3D020229343083B5A425341B34211
:10166C00DCD100E00420002801D00023E36170BD30
:10167C0070B50400FFF754FA051E0AD12378032B2A
:10168C0009D0607800220021FEF7E2FF002800D08C
:10169C000125280070BD2379012BF2D126003036AC
:1016AC008022920000213000FFF706F81249134BFC
:1016BC00E018FEF7EAFF12493000FEF7EAFF852337
:1016CC009B00E0180F49FEF7E4FF216986239B007D
:1016DC00E018FEF7DEFFE16887239B00E018FEF7B9
:1016EC00D8FFE2690132E262607801233100FEF733
:1016FC00A3FF00232371C4E755AA00002E020000AB
:10170C00525261417272416170B584B00190009186
:10171C001500039103A8FFF7ADF9041E1FDB124B54
:10172C008200D658002E04D03000FFF7A3F8002317
:10173C003370019B002B01D000221A70019A0A4BC6
:10174C00A400E250002A0CD0012D02D0002004B0DD
:10175C0070BD002201A96846FFF76CFAF7E70B2071
:10176C00F5E70020F3E7C04684030020F0B5D64629
:10177C004F464646C0B590B00500019116000028B2
:10178C0000D10DE13F2717403A0003A901A8FFF74C
:10179C0051FA041E08D000232B60200010B0E0BCCE
:1017AC00BA46B146A846F0BD039B0493019904A820
:1017BC00FFF7A8FE041E0CD104AA2F23D356002B2E
:1017CC002DDB3E2131404B1E99411000FEF790FF5E
:1017DC0004001C23334279D0002C30D0042C20D0B0
:1017EC0008231F43FFB2002CD5D13B0731D4002C6A
:1017FC00D1D13B0702D540231F43FFB2039BDB6AC9
:10180C006B6204A8036AAB620121B9428941494267
:10181C00FEF7BAFF2861002865D10224BBE7062435
:10182C00D7E7FEF7A1FF002804D108231F43FFB21E
:10183C000E34DCE704A8FFF7CDFE0400D0E704ABC0
:10184C009B7911221A4200D0A4E07607CBD508244C
:10185C00A1E7FEF7C3FE80460C980E304146FEF71A
:10186C0018FF0C9816304146FEF713FF0C9B2022F4
:10187C00DA72039B99460C9B9A4619004846FFF76F
:10188C002BF88046002251464846FFF738F80C9852
:10189C001C300021FEF7FDFE039B0122DA7043464B
:1018AC00002BA4D0039BDE6A0022414604A8FFF75C
:1018BC001EFD041E00D06EE703983100FFF75EF9A1
:1018CC000400039A4346013BD36090E7002C00D000
:1018DC0061E704AB9B79DA065ED4B60787D5DB07E4
:1018EC0085D5072457E7039B98460C9E31001800BA
:1018FC00FEF7F2FFA86030001C30FEF7BAFEE8607D
:10190C000023EB6242462A60D288AA802F756B7541
:10191C002B62AB6130339846A844802292000021A0
:10192C004046FEF7C9FEBF0630D5EE68002E2DD01E
:10193C00AE61039B5F897F02A96801E00224F61B5C
:10194C00002C0BD1BE4209D92800FFF7AAFB0100DD
:10195C000128F3D9431CF2D10124F0E7E961002CF2
:10196C0000D018E7F30511D0039F3800FEF794FF61
:10197C00002801D102240EE7720A12182A62787824
:10198C0001234146FEF74CFE002807D1002C00D164
:10199C0003E700E70724FEE60424FCE60124FAE64C
:1019AC000924FAE6F0B5DE4657464E464546E0B504
:1019BC0085B004000E0017009846002342461360C1
:1019CC0003A9FFF784F88146002800D0A4E0637DCA
:1019DC009946002B00D09FE0237DDB0700D4B9E0B3
:1019EC00E568A369ED1ABD425BD33D0059E0E36A9B
:1019FC00002B03D02000FEF75BFF63E0E1692000C1
:101A0C00FFF74FFB5EE002236375994684E00123E8
:101A1C006375994680E00223637599467CE0142334
:101A2C00E356002B02DB019B5F0230E0236ADB1BD9
:101A3C00019A9342F7D25B02F018210030318022D8
:101A4C009200FEF72EFEEEE7226A82420ED014239D
:101A5C00E356002B68DB039B2100303158780123BF
:101A6C003A00FEF7DDFD002800D06FE02762A36985
:101A7C00DB05DB0D8027BF00FF1ABD4200D22F0013
:101A8C0021003031C9183A003000FEF70AFEF61971
:101A9C00A369DB19A36143461B68DB19424613603B
:101AAC00ED1B002D38D0A169CB05E0D14B0A039A70
:101ABC005289013A1000184083461A4207D1002976
:101ACC0095D1A06801289ED9431CA0D0E061039B4E
:101ADC009A46E1691800FEF7DFFE00289BD05844B7
:101AEC0007006A0A019280239B009D42ACD313002D
:101AFC005B4452465289934202D95B46D31A0193F6
:101B0C0053465878019B3A003100FEF789FD0028B6
:101B1C0085D0012363759946484605B0F0BCBB4699
:101B2C00B246A946A046F0BD210030315346587844
:101B3C000123FEF781FD002804D1227D7F23134071
:101B4C00237588E7012363759946E5E701236375DF
:101B5C009946E1E707239946DEE7F0B5DE4657469E
:101B6C004E464546E0B585B004000E00150098467B
:101B7C0000234246136003A9FEF7A9FF8146002803
:101B8C0049D1637D9946002B45D1237D9B0700D419
:101B9C00DBE0A3695A19934200D8A9E0DD43A7E022
:101BAC00E36A002B3FD02000FEF782FE002800D114
:101BBC00C6E001283CD0431C3ED0E061A368002B5A
:101BCC0000D1A0601423E356002B39DB039B9A460B
:101BDC00E1691800FEF760FE002844D05844070065
:101BEC006A0A019280239B009D4255D313005B44EB
:101BFC0052465289934202D95B46D31A01935346FB
:101C0C005878019B3A003100FEF716FD00282ED0C3
:101C1C00012363759946484605B0F0BCBB46B246F5
:101C2C00A946A046F0BDE1692000FFF7FFFABDE729
:101C3C00022363759946EEE7012363759946EAE73B
:101C4C00039B21003031226A58780123FEF7F4FC03
:101C5C00002804D1227D7F2313402375B6E701238E
:101C6C0063759946D7E7022363759946D3E7216AD2
:101C7C00C91B019B994202D3019B5F0229E0200002
:101C8C0030304902711880229200FEF70AFD227D45
:101C9C007F2313402375EFE7236A834203D0A269A5
:101CAC00E3689A423ED32762A369DB05DB0D8027EC
:101CBC00BF00FF1ABD4200D22F0020003030C018E8
:101CCC003A003100FEF7EDFC227D80235B4213438A
:101CDC002375F619A369DB19A361E268934200D25C
:101CEC001300E36043461B68DB1942461360ED1B8F
:101CFC00002D25D0A169CB05D6D14B0A039A528968
:101D0C00013A1000184083461A4200D05AE70029C5
:101D1C0000D045E7A068002800D04AE72000FFF774
:101D2C0085FA43E7210030315346587801233A00B5
:101D3C00FEF776FC0028B6D00123637599466AE756
:101D4C00237D40221343237565E70723994662E7F9
:101D5C0070B582B004000D000A290DD06368002B09
:101D6C0008DB5E1CE3181D733C2E09DC6660A3685F
:101D7C000133A36002B070BD0D21FFF7E9FFEDE761
:101D8C0021000C31206801AB3200FFF7E6FE019B0D
:101D9C009E4202D001267642E8E70026E6E710B51F
:101DAC0082B004004268002A0EDB01000C3100688E
:101DBC0001ABFFF7D2FE002809D16268019B9A4261
:101DCC0008D1A06802B010BD01204042FAE7012002
:101DDC004042F7E701204042F4E770B582B00400BE
:101DEC0001A9FEF774FE00280ED1237D5A060BD5EF
:101DFC005BB2002B0ADBFEF7F1FB0500616A019870
:101E0C00FEF7BCFE002810D002B070BD019B210073
:101E1C003031226A58780123FEF70EFC002828D1B5
:101E2C00227D7F2313402375E5E7A66AF37A2022EF
:101E3C001343F372A26820683100FEF760FDE1687D
:101E4C0030001C30FEF725FC300016302900FEF760
:101E5C0020FC300012300021FEF717FC019B012200
:101E6C00DA700198FFF704FC237D4022934323751D
:101E7C00CAE70120C8E710B582B00400FFF7ADFF38
:101E8C00002801D002B010BD01A92000FEF71FFEF2
:101E9C000028F7D12069FEF7C9FC0028F2D10023F5
:101EAC002360EFE730B585B0051E01913FD00022CD
:101EBC0003A901A8FEF7BEFE041E04D000232B606C
:101ECC00200005B030BD039B2B6001992800FFF763
:101EDC0019FB041E24D12F23EB56002B07DBAB7907
:101EEC00DB061CD5296A0398FEF7F6FCA860039B59
:101EFC00DB88AB8000212800FFF73EF9041E0FD1D0
:101F0C00AB68002B02D100232B6109E000212800D3
:101F1C00FEF73AFC2861002802D1122402E00524C5
:101F2C00042C02D0002CCBD0C8E70524C6E709242A
:101F3C00C6E710B582B0040001A9FEF7C8FD002861
:101F4C0006D12369002B05D1002801D10023236081
:101F5C0002B010BD1800FEF769FCF5E770B582B051
:101F6C0005000E0001A9FEF7B2FD041E1AD1002EC9
:101F7C0013D000212800FFF74BFB042801D00028C8
:101F8C0013D131002800FEF7CDFC00212800FFF70B
:101F9C00FBF9042806D0040004E000212800FFF718
:101FAC00EBF80400200002B070BD0400FAE7F0B5B5
:101FBC00D6464F464646C0B588B0019089461400B7
:101FCC00002207A901A8FEF735FE051E62D1079B6A
:101FDC0023601A695E69B11E8A4202D84B461A60A8
:101FEC0058E01F78012F06D01B6A9A460024002760
:101FFC000023984635E0029302240023984604E01F
:10200C000134079B5B69A3423BD9210002A8FFF76F
:10201C0048F8431C34D0012843D00028F0D10123C8
:10202C009C46E044ECE753465F1C07985146FEF78C
:10203C00A5FD051E25D1079C3034BA468027BF006C
:10204C0011E02000FEF710FB002802D101239C4672
:10205C00E0440234023F01E00434043F013E002E10
:10206C000FD0002FDFD0079B1B78022BE9D020006C
:10207C00FEF7FFFA0001EFD101239C46E044EBE7A9
:10208C003D004B4642461A60079B1A611A790121A2
:10209C000A431A71280008B0E0BCBA46B146A846FB
:1020AC00F0BD0225EDE7F0B59DB00190022203A929
:1020BC0001A8FEF7BFFD041E039B109302D0200065
:1020CC001DB0F0BD019910A8FFF71CFA041EF6D143
:1020DC00022110A8FEF70CFB041EF0D110AA2F232E
:1020EC00D356002B34DB9579EB0733D4039F189927
:1020FC003800FEF7F1FB0600ED060FD4002CDED104
:10210C0010A8FFF732F9041ED9D1002E19D1002CDA
:10211C00D5D10398FFF7ACFA0400D0E704A80497D4
:10212C0086600021FFF728F8041EC8D1002104A8FE
:10213C00FFF76EFA041E02D00428DFD1E0E7072473
:10214C00DCE70022310010A8FFF7D1F80400DEE72D
:10215C000624B4E70724B2E730B5A3B00190009190
:10216C006846FEF787FC022209A901A8FEF762FD6A
:10217C00041E02D0200023B030BD099B1693019998
:10218C0016A8FFF7BFF9041E0AD116AA2F23D35C99
:10219C005F22934371D1022116A8FEF7A9FA04001D
:1021AC00002CE7D116AD1E990B31152203A8FEF7B2
:1021BC0078FA0AAC302229002000FEF772FA009956
:1021CC002000FFF79FF9041E0BD10C9A189B9A4222
:1021DC0001D0082407E00F9A1B9B9A420FD00834B9
:1021EC0001E004280BD0002CC4D116A8FFF7BDF8D1
:1021FC00041EBFD10998FFF73BFA0400BAE70AA8FE
:10220C00FFF7E8F9041EB5D1129D28000D301322FA
:10221C000E216944FEF745FA03AB1B7820221343C9
:10222C00EB72099B0122DA70EB7ADB06DBD5189A8C
:10223C000C9B9A42D7D0099C29002000FEF74CFB3E
:10224C0001002000FEF728FB011E01D1022491E7BA
:10225C002000FEF793FC0400099801005031002C7B
:10226C0000D087E75123C35C2E2BBCD10C9AFEF710
:10227C0046FB099B0122DA70B5E706247AE7F0B534
:10228C0085B001900F0016000400002501E022002B
:10229C0014007B1EAB4212DD02AB012203A93000FD
:1022AC00FFF780FB029B012B09D103AB1B780D2B95
:1022BC00EDD0621C237001350A2BE9D114000023E8
:1022CC002370002D02D0019805B0F0BD0020FBE773
:1022DC0010B594B0040001A8FEF7F4FB03E0013440
:1022EC0001A8FFF735FD21780029F8D101A8FFF7E7
:1022FC0056FD14B010BD000070B504000F4B5B7A96
:10230C00D8B2002B17D10D4B5D7AEDB200265E557D
:10231C005D7AAD005D196C605C7A1C1922725A7A78
:10232C00541CE4B25C7230320A703A234B700B3B93
:10233C008B70CE7070BD0120FCE7C0468803002076
:10234C0010B50022FFF7D8FF10BD0000BFF34F8F70
:10235C00034B044ADA60BFF34F8FC046FDE7C0461B
:10236C0000ED00E00400FA0582B00023019302E0C6
:10237C00019B01330193019B312BF9DD02B07047B6
:10238C00F0B5CE46474680B589B003AC1422002187
:10239C00200009F04DFB2A4B5A6B012632435A633D
:1023AC005A6B32400092009A5A6B022188460A43BB
:1023BC005A635A6B0A400192019A596B08221143D5
:1023CC0059635B6B1A400292029B1E4F0022032141
:1023DC00380005F092FA01220421380005F08DFA3C
:1023EC00194B994600220D21180005F086FA039628
:1023FC0004960025059506952100380005F0B6F9E0
:10240C00062303930496059606952100380005F0E3
:10241C00ADF90D23039304960595069521004846C6
:10242C0005F0A4F94346039304950595210048460D
:10243C0005F09CF909B0C0BCB946B046F0BDC04629
:10244C000010024000040050000C005000B583B096
:10245C00094A916B012319439163926B13400193C9
:10246C00019B00220021092004F032FD092004F018
:10247C0033FD03B000BDC0460010024000B583B070
:10248C000190012304485B42012201A907F0A3FA41
:10249C00019803B000BDC046601D002010B582B08D
:1024AC006B46DC1D00232370013304485B42012280
:1024BC00210007F00DFB207802B010BD601D00203C
:1024CC0010B50268074B9A4200D010BD064B1B8812
:1024DC0006485843064B198889B2FDF70FFE054B89
:1024EC001880F2E700240140AA75FF1FB80B00000A
:1024FC0030000020381D002010B504008189806850
:10250C00002205F0FAF9FE239B0523610023636189
:10251C0010BD70B50400A188206805F0E7F901280A
:10252C00F9D00026002500E00136172E16DCA18913
:10253C00A068012205F0E1F9FFF716FF6D00A189F3
:10254C00A068002205F0D9F9FFF70EFFA1882068DA
:10255C0005F0CCF90028E7D00135E5E7A189A068A2
:10256C00012205F0CAF9FFF7FFFEA189A06800223D
:10257C0005F0C3F9FFF7F8FE2B0202D5FF231B066B
:10258C001D43280070BD10B50400FFF7C2FF63693E
:10259C00C01A24690CF09CFB211C0BF017FE10BD1B
:1025AC0070B504000D1C101C0CF072FB60612561F1
:1025BC0070BD000010B50400074B1B68002B00D049
:1025CC0010BDFDF77FFD012382B204485B42210060
:1025DC0007F001FAF4E7C046081D0020601D00203A
:1025EC0084B010B502900391049205930D4B1B68B7
:1025FC00002B0CD00C4B1A68693A53009B180B4AF1
:10260C0012689B18013B0A4A0A490968D1540A48C6
:10261C00FFF7D0FF034B00221A6010BC08BC04B0BB
:10262C001847C046341D0020301D0020281D0020F6
:10263C00401D00202C1D0020A80F010884B010B5EF
:10264C0090B012901391149215931A4C6378A07851
:10265C0000021843000400140CF03AFBFA2189051F
:10266C000BF082FF6378FF2B14D0134B1B68002BED
:10267C001ED0124C0EF0ACFB02000B002100684681
:10268C0009F068F96846FFF795FF10B010BC08BC5C
:10269C0004B01847A378FF2BE7D1074B1B68002B1E
:1026AC0004D00749684609F055F9EBE70549F9E705
:1026BC00054CDFE7541D00203C1D0020C40F010811
:1026CC00B00F0108B80F0108CC0F010884B010B589
:1026DC0002900391049205930D4B5B78002B0CD068
:1026EC000C4B1B68002B06D00B48FFF763FF10BC8C
:1026FC0008BC04B018470948F7E7064B1B68002BC9
:10270C0003D00748FFF756FFF1E70648FAE7C04643
:10271C00541D00203C1D0020DC0F0108E40F0108B3
:10272C00F00F0108F80F010884B010B590B01290AA
:10273C001391149215930A4B59789A7812020A4302
:10274C00D9781B791B020B430649684609F002F93C
:10275C006846FFF72FFF10B010BC08BC04B0184738
:10276C00541D00200410010884B070B590B0149072
:10277C001591169217932E4B5C780220185E0CF074
:10278C00A7FAF62189050BF0EFFE2A4B1B68002BEC
:10279C0019D0294E0EF01CFB02000B0031006846CC
:1027AC0009F0D8F86846FFF705FF002C0FD1214B34
:1027BC001B68002B09D02148FFF7FCFE10B070BC41
:1027CC0008BC04B018471E4EE4E71E48F4E7E307C4
:1027DC0006D5184B1B68002B21D01B48FFF7EAFECF
:1027EC00A30706D5134B1B68002B1AD01748FFF70D
:1027FC00E1FE630706D50F4B1B68002B13D0144862
:10280C00FFF7D8FE240706D50A4B1B68002B0CD00B
:10281C001048FFF7CFFE1048FFF7CCFECEE70F486D
:10282C00DCE70F48E3E70F48EAE70F48F1E7C0465B
:10283C00541D00203C1D00201C1001083410010800
:10284C002410010838100108D42901084C10010883
:10285C005C1001086C10010880100108441001087C
:10286C0050100108601001087010010870B590B08C
:10287C0003F024FD04001948402104F069FF0028EE
:10288C0006D103F01BFD001BFA235B009842F2D328
:10289C001248402104F05CFF002817D0104B06AD05
:1028AC000E482A00402104F0A5FE0E4C0AAB6A46E5
:1028BC0043CB43C243CB43C206980799089A099B62
:1028CC002568A847084B236010B070BD0748FFF778
:1028DC0071FE074B00221A60F6E7C046F01F00207D
:1028EC00541D00202C000020ED2500087810010854
:1028FC00341D002070B58AB005000E0001AC2422F6
:10290C000021200009F094F8064B1B6801930496F3
:10291C0005482A00210004F043FEFFF7A7FF0AB088
:10292C0070BDC0465C1D0020F01F002010B582B0A9
:10293C00074B1B68002B01D002B010BD05490200EB
:10294C00684609F007F86846FFF734FEF4E7C0461E
:10295C00081D00208410010870B58CB0060003AC73
:10296C0024220021200009F063F801AD0822002187
:10297C00280009F05DF82E70064B1B6803930123A9
:10298C00069305482A00210004F00AFEFFF76EFFAB
:10299C000CB070BD5C1D0020F01F0020F0B5C646C9
:1029AC0000B582B0050088460192002300E0013397
:1029BC00274A17689F4208DD264A942159438A58B2
:1029CC00AA42F4D1234C0C1900E00024202F34D05F
:1029DC00002C0DD000276668BE4211DD380108308E
:1029EC0020184146FDF764FB002828D00137F2E798
:1029FC0094207843174C0419154B01371F60E9E7F5
:102A0C00082E21D04046FDF75DFB0E281ED8300164
:102A1C0008302018414609F0C2F8636801331A01E6
:102A2C00A2180199D17163602560200088300C22B6
:102A3C00002108F0FDFF002002E0012000E0022050
:102A4C0002B080BCB846F0BD0320F9E70420F7E7DC
:102A5C00041D0020840A002070B50600184B0122CA
:102A6C0052421A600025174B1B68AB4223DD002431
:102A7C0000E00134144B94226A439B185B68A34218
:102A8C0017DD230194226A43981808300E4BC018A6
:102A9C003100FDF70DFB0028EBD10B4A013423016B
:102AAC00942169435B18D318D879054B1860885862
:102ABC0070BD0135D7E7300007F048FEF8E7C04697
:102ACC00241D0020041D0020840A0020F0B5DE46E1
:102ADC0057464E464546E0B5664CA544DBAC242231
:102AEC000021200008F0A4FF0822002102A808F011
:102AFC009FFF0123DE93604B1B68002B2AD05F489D
:102B0C0002AADBA904F04CFD03F0D8FB040000235F
:102B1C009A4603F0D3FB001BFA235B0098421DD2AC
:102B2C005648402104F014FE0028F2D053469B0076
:102B3C005344DB0013AAD21850486B46402104F0D2
:102B4C0059FD6B465A780EAB51465A5401239C469C
:102B5C00E244DEE74A48FFF72DFDD0E70023984614
:102B6C0055E04848FFF726FD474B6A1C12019219A5
:102B7C009B18D879FFF7DAFE18E00135424B942206
:102B8C0062439B185B68AB421CDD280194266643AC
:102B9C00801908303C4B9B465844FFF70BFD6B1CCF
:102BAC001B019B195B44DB79FF2BDAD1364B94224A
:102BBC0062439B185B68013BAB42DED03348FFF7A6
:102BCC00F9FCDAE73248FFF7F5FC0134314B1B68AE
:102BDC00A3420ADD2C4B94226243D3589F42F4D17A
:102BEC002D48FFF7E7FC0025C8E72C48FFF7E2FC6F
:102BFC000EAB4A469B5C042B24D92948FFF7DAFC20
:102C0C002848FFF7D7FC43460133DBB29846C14650
:102C1C00D0451DDA04A943469A004244D20013ABB6
:102C2C009B180A0031CB31C213CB13C213CB13C286
:102C3C001B681360049F3F043F0C3800FFF776FEBF
:102C4C000024C3E7184A9B009858FFF7B3FCD7E75A
:102C5C00094B1B68002B08D0E5239B009D44F0BC5E
:102C6C00BB46B246A946A046F0BD1048FFF7A2FCF1
:102C7C00F2E7C0466CFCFFFF3C1D0020F01F00205B
:102C8C00881001089C100108840A0020A01001087B
:102C9C00A4100108041D00202C1E0108A810010816
:102CAC00AC1001088010010800000020B4100108CD
:102CBC00F8B505000E000F680A49380008F0C0FE90
:102CCC00040002003900280008F071FF2D190023C0
:102CDC002B7033681A5D002A00D001341B19336045
:102CEC00F8BDC046901E010870B505000378002B96
:102CFC000ED000242800FDF7E5F9A04206D92B5D83
:102D0C00303BDBB2092B05D80134F3E7012000E09E
:102D1C00002070BD0020FCE710B5034B01221A60A7
:102D2C000248FFF747FC10BD800A0020C4100108C0
:102D3C0010B5CAB0019042AC01A92000FFF7B8FF52
:102D4C002A492000FDF7B4F900281BD0284942A8D5
:102D5C00FDF7AEF900281AD0264942A8FDF7A8F9CC
:102D6C00002819D1244B1B68002B13D02349244B6A
:102D7C001A8802AC200008F0EDFD2000FFF71AFCC9
:102D8C004AB010BD1F48FFF715FCFFF7DFFAFFF73D
:102D9C009DFEF5E71C49EAE742AB1B78002B0CD1F2
:102DAC001A4B01221A60144B1B68002B03D01848D5
:102DBC00FFF700FCE4E71748FAE7144B01221A600E
:102DCC000D4B1B68002B0AD01348FFF7F3FB0A4B83
:102DDC001B68002B05D01148FFF7ECFBD0E710481F
:102DEC00F3E742A8FFF7E6FBF5E7C046A81A01088F
:102DFC00C41A0108CC1A01083C1D0020441A010811
:102E0C00381D0020B01A01084C1A0108800A002055
:102E1C005C1A0108681A0108841A0108801001085C
:102E2C008C1A0108F0B5C64600B58AB0019002AC08
:102E3C0001A92000FFF73CFF80492000FDF738F97D
:102E4C00002810D07E4902A8FDF732F90090002826
:102E5C0000D075E00198FFF7FFFD8046002809D0EF
:102E6C0000990D0052E07748FFF7A4FB0AB080BC34
:102E7C00B846F0BD744B01221A60744B1B68002BD2
:102E8C0003D07348FFF796FBF0E77248FAE77248F5
:102E9C00FFF790FB4046FFF749FD7048FFF78AFBB0
:102EAC0042E06F48FFF786FB6E4B721C1201D21981
:102EBC009B18D879FFF73AFD17E00136694B94223D
:102ECC006A439B185B68B3421BDD330194276F4345
:102EDC00D8190830634C0019FFF76CFB731C1B01ED
:102EEC00DB19E318DB79FF2BDBD15E4B94226A43B1
:102EFC009B185B68013BB342DFD05B48FFF75AFB82
:102F0C00DBE75A48FFF756FB01210135584B1B688C
:102F1C00AB420BDD534B94226A43D3584345F4D157
:102F2C004A4B1B68002BB2D0009EC7E700299DD1ED
:102F3C00464B1B68002B99D14E48FFF73BFB95E79E
:102F4C0002A8FFF789FD041E25D0019B1B78002BDE
:102F5C0009D13D4B01221A603C4B1B68002B24D03D
:102F6C003B48FFF727FB01A902A8FFF7A1FE019D33
:102F7C002B78002B21D02800FFF7B6FE002816D1A5
:102F8C00314B01221A60314B1B68002B13D0304897
:102F9C00FFF710FB6AE72D4B1B68002B03D02C4866
:102FAC00FFF708FB62E73448FAE73448D9E7280012
:102FBC0007F0CCFB03E03148EAE701204042C2B203
:102FCC0002A92000FFF7EAFC01280DD0022815D039
:102FDC0003281DD0042825D01C4B1B68002B2BD09C
:102FEC002748FFF7E7FA41E7184B1B68002B03D083
:102FFC002448FFF7DFFA39E72348FAE7134B1B683D
:10300C00002B03D01F48FFF7D5FA2FE71F48FAE72C
:10301C000E4B1B68002B03D01A48FFF7CBFA25E7A1
:10302C001B48FAE7094B1B68002B03D01548FFF728
:10303C00C1FA1BE71748FAE71748D2E7C81B010883
:10304C00C41A0108D01B0108800A00203C1D002076
:10305C005C1A0108D01A0108D81B010800230108CA
:10306C009C100108840A0020A0100108801001089F
:10307C00041D0020EC1B0108F01A0108181B0108A4
:10308C00A80F0108441B01084C1B0108681B010810
:10309C00841B0108A01B0108B41B010810B58AB0E1
:1030AC00019002AC01A92000FFF702FEB8492000F4
:1030BC00FCF7FEFF00282CD0B64902A8FCF7F8FF5D
:1030CC00002800D18CE0B44902A8FCF7F1FF0028DD
:1030DC0000D1E2E0B14902A8FCF7EAFF002800D1D8
:1030EC00FEE0AF4902A8FCF7E3FF002800D12CE179
:1030FC0002AB1B78002B00D07CE1AA4B01221A609A
:10310C00A94B1B68002B00D13FE1A848FFF752FAEE
:10311C0033E00198FFF7A0FC002827D0A44B1860DF
:10312C00A14B1B68002B2CD0A24B01221A60A24B86
:10313C009F4A12681A60A14B00221A60A04B1B68B0
:10314C00A04A1360012B23D0022B2DD0032B37D098
:10315C00954B1B68002B3FD00220FFF7FDFB042092
:10316C00FFF7FAFB0620FFF7F7FB06E08E4B1B6818
:10317C00002B04D08D48FFF71DFA0AB010BD924801
:10318C00F9E70198FFF716FA9048FFF713FACBE727
:10319C00854B1B68002B03D00220FFF7DDFBECE70F
:1031AC008B48FFF707FAF7E77F4B1B68002B03D020
:1031BC000420FFF7D1FBE0E78548FFF7FBF9F7E7C1
:1031CC00794B1B68002B03D00620FFF7C5FBD4E717
:1031DC007F48FFF7EFF9F7E77E48FFF7EBF9BBE71E
:1031EC000198FFF739FC002820D0714B18606E4B0A
:1031FC001B68002B24D06F4B01221A606E4B6C495C
:10320C00096819606D4B1A606D4B1B686D4A136031
:10321C00012B1CD0022B26D0032B30D0624B1B6809
:10322C00002B38D06148FFF7C5F9A6E75E4B1B6849
:10323C00002B03D05D48FFF7BDF99EE76248FAE723
:10324C000198FFF7B7F96148FFF7B4F9D3E7564B8C
:10325C001B68002B03D00120FFF77EFB8DE75E4837
:10326C00FFF7A8F9F7E7504B1B68002B03D003209E
:10327C00FFF772FB81E75848FFF79CF9F7E74A4BD9
:10328C001B68002B03D00520FFF766FB75E752483F
:10329C00FFF790F9F7E75148C5E70198FFF7DCFB1A
:1032AC0000280CD0424B18603F4B1B68002B10D0F1
:1032BC004B4B4C4A1A602020FFF74EFB5DE73A4B14
:1032CC001B68002B03D03948FFF774F955E73E48CB
:1032DC00FAE70198FFF76EF93C48FFF76BF9E7E75F
:1032EC000198FFF7B9FB002814D0354B1B68013B44
:1032FC00022B19D82E4B18602B4B1B68002B1DD0A2
:10330C00374B394A1A602E4B18680F30C0B2FFF792
:10331C0023FB32E7244B1B68002B03D02348FFF719
:10332C0049F92AE72848FAE71F4B1B68002B03D002
:10333C001E48FFF73FF920E72848FAE70198FFF706
:10334C0039F92248FFF736F9DAE70198FFF784FBE1
:10335C00002809D0164B1860134B1B68002B0DD09E
:10336C00FF20FFF7F9FA08E70F4B1B68002B03D07F
:10337C000E48FFF71FF900E71348FAE70198FFF72B
:10338C0019F91A48FFF716F9EAE71948BEE6C046DC
:10339C008C1C0108C01C0108D81C0108E01C010889
:1033AC00A81A0108800A00203C1D00205C1A0108A4
:1033BC005C1D0020341D0020301D00202C1D002021
:1033CC00241D0020281D0020081C010800230108D2
:1033DC00901C0108A81C0108C41C0108281C010829
:1033EC002C00002035270008D9260008E41C010811
:1033FC004C1C01080B4B01221A600B4B1B68002B59
:10340C000AD00A48FFF7D6F8074B1B68002B05D0EB
:10341C000748FFF7CFF8B0E60648F3E702A8FFF736
:10342C00C9F8F5E7800A00203C1D0020841A010829
:10343C00801001086C1C0108F0B5C64600B584B0BC
:10344C00060088460C22002101A808F0F1FA00259C
:10345C0000272EE094276F4388372B4BFF183B68CF
:10346C00002B0AD101333B60F433FF333B81274BF4
:10347C007B810023BB80B433FB80BA8842453FD8A4
:10348C00F98841453ED343469B1A9BB23C897889C7
:10349C00001B5843891AFCF731FE201880B204B087
:1034AC0080BCB846F0BD94276F438837164BFF1885
:1034BC000135174B1B68AB421EDD134B94226A433C
:1034CC00D458300007F042F98442C3D000240E4B8C
:1034DC0094226A439B185B68A342E9DD2301942282
:1034EC006A4398180830084BC0183100FCF7E0FD0F
:1034FC000028D8D00134EAE7002FB0D101AFAEE7F5
:10350C000020CCE70020CAE7840A0020C409000090
:10351C00041D0020F0B585B006000C22002101A886
:10352C0008F086FA002500271CE094276F438837A3
:10353C001F4BFF183B68002B0AD101333B60F4335F
:10354C00FF333B811B4B7B810023BB80B433FB805F
:10355C000437380005B0F0BD94276F438837144BFF
:10356C00FF180135144B1B68AB421EDD104B942227
:10357C006A43D458300007F0E9F88442D5D00024CF
:10358C000B4B94226A439B185B68A342E9DD230131
:10359C0094226A4398180830054BC0183100FCF788
:1035AC0087FD0028D8D00134EAE7002FC2D1D0E73C
:1035BC00840A0020C4090000041D002070B584B0EA
:1035CC0005000E000C22002101A808F031FA00239E
:1035DC0000E00133194A12689A420ADD184A942411
:1035EC005C43A258AA42F4D123008833144A9B1896
:1035FC0000E001AB1A68002A0AD101321A60F432D9
:10360C00FF321A810F4A5A8100229A80B432DA8032
:10361C009A88B24200D91600D988B14200D20E0065
:10362C00B61AB6B21C895889001B7043891AFCF76C
:10363C0065FD201880B204B070BDC046041D00208A
:10364C00840A0020C409000070B58CB0019004AC51
:10365C0001A92000FFF72CFBB4492000FCF728FD42
:10366C0000282CD0B24904A8FCF722FD002800D178
:10367C0086E0B04904A8FCF71BFD002800D1DFE070
:10368C00AD4904A8FCF714FD002800D191E1AB4929
:10369C0004A8FCF70DFD002800D1FCE104AB1B785D
:1036AC00002B00D01CE2A64B01221A60A54B1B6814
:1036BC00002B00D112E2A448FEF77CFF23E0019816
:1036CC00FFF7CAF9002817D0A04B18609D4B1B6858
:1036DC00002B1CD09E4B1B68012B1FD0022B29D01A
:1036EC00032B33D0042B3DD0964B1B68002B45D0BD
:1036FC009548FEF75FFF06E0924B1B68002B04D049
:10370C009148FEF757FF0CB070BD9248F9E701984D
:10371C00FEF750FF9048FEF74DFFDBE7894B1B6827
:10372C00002B03D00120FFF717F9ECE78B48FEF7CD
:10373C0041FFF7E7834B1B68002B03D00220FFF7F8
:10374C000BF9E0E78548FEF735FFF7E77D4B1B6883
:10375C00002B03D00320FFF7FFF8D4E77F48FEF7D8
:10376C0029FFF7E7774B1B68002B03D00420FFF7EA
:10377C00F3F8C8E77948FEF71DFFF7E77848B8E794
:10378C000198FFF769F9002817D0704B18606D4B42
:10379C001B68002B1BD06E4B1B68012B1ED0022B01
:1037AC0028D0032B32D0042B3CD0664B1B68002B4B
:1037BC0044D06C48FEF7FEFEA5E7624B1B68002B5D
:1037CC0003D06148FEF7F6FE9DE76248FAE70198E0
:1037DC00FEF7F0FE6048FEF7EDFEDCE7594B1B6888
:1037EC00002B03D00520FFF7B7F88CE75E48FEF7F7
:1037FC00E1FEF7E7534B1B68002B03D00620FFF7C5
:10380C00ABF880E75848FEF7D5FEF7E74D4B1B6841
:10381C00002B03D00720FFF79FF874E75248FEF700
:10382C00C9FEF7E7474B1B68002B03D00820FFF7B6
:10383C0093F868E74C48FEF7BDFEF7E74848B9E750
:10384C0004AC01A92000FFF733FA2000FFF704F9BC
:10385C00002809D13B4B1B68002B03D03A48FEF7DC
:10386C00A9FE50E73B48FAE704AD2800FFF752FEEB
:10387C00040001A92800FFF71BFA3C492800FCF7BB
:10388C0017FC00280FD1043401980378002B3FD18A
:10389C002C4B1B68002B31D02088FFF747F834489D
:1038AC00FEF788FE2FE7334904A8FCF701FC00283B
:1038BC0001D10634E8E7304904A8FCF7F9FB0028ED
:1038CC00E2D02E4904A8FCF7F3FB002801D1023406
:1038DC00DAE71C4B1B68002B0AD02248FEF76AFE65
:1038EC00184B1B68002B05D02148FEF763FECBE775
:1038FC002348F3E704A8FEF75DFEF5E72148FEF741
:10390C0059FE04A8FEF756FE1F48FEF753FEC3E708
:10391C0006F01CFF050086B20A4B1B68002B37D043
:10392C001A48FEF747FE2680EDE6C046C01C01088B
:10393C008C1C0108C81D0108101E0108A81A0108DA
:10394C00800A00203C1D00205C1A01085C1D002030
:10395C00241D0020081C0108002301089C1D0108DF
:10396C00F81C0108841A0108B01D0108CC1D0108BF
:10397C0080100108D41D0108DC1D0108E81D010898
:10398C001C1D0108F41D0108FC1D0108A80F0108ED
:10399C005F48FEF70FFE04A8FEF70CFE5D48FEF72D
:1039AC0009FE2804000CFEF7C1FF5B48FEF702FE7F
:1039BC00B9E704AC01A92000FFF77AF92000FFF762
:1039CC004BF8564B1860002809D1554B1B68002B3F
:1039DC0003D05448FEF7EEFD95E65348FAE70198FC
:1039EC0006F0B4FE040081B200290DD1019B1B78B6
:1039FC00302B09D04A4B1B68002B03D04B48FEF7E9
:103A0C00D9FD80E64A48FAE704A8FFF715FD051E24
:103A1C0029D0484B1B68013B032B2ED8404B1B680D
:103A2C00002B34D10198FEF7C5FD4348FEF7C2FDCB
:103A3C002004000CFEF77AFF4048FEF7BBFD28007F
:103A4C00FEF774FF3E48FEF7B5FD3A4B1B6810338A
:103A5C0003A803700D236B441D702D0A5D700321A8
:103A6C00FEF748FF4FE62E4B1B68002B03D02F4868
:103A7C00FEF7A0FD47E63348FAE7294B1B68002BFD
:103A8C0003D02848FEF796FD3DE62F48FAE72F486D
:103A9C00FEF790FDD9E70198FEF7DEFF00280FD066
:103AAC001E4B18601E4B1B68002B13D10198FEF7A0
:103ABC0081FD2748FEF77EFDFF20FEF74DFF22E635
:103ACC00174B1B68002B03D01648FEF773FD1AE644
:103ADC001548FAE71D48FEF76DFDEDE71D48EBE5CF
:103AEC001D4B01221A600E4B1B68002B0AD01B4881
:103AFC00FEF760FD0A4B1B68002B05D00648FEF74D
:103B0C0059FD00E61648F3E704A8FEF753FDF5E768
:103B1C00001E0108081E0108801001085C1D002011
:103B2C003C1D00205C1A0108081C0108441B0108FC
:103B3C00301D0108241D0020141E0108281E010838
:103B4C00301E0108441D0108F81C0108A80F0108CB
:103B5C00E41C01085C1D0108800A0020841A01087D
:103B6C007C1D010810B58AB0019002AC01A920009F
:103B7C00FFF79EF864492000FCF79AFA00281CD045
:103B8C00624902A8FCF794FA002849D0604902A8BF
:103B9C00FCF78EFA002878D002AB1B78002B00D0F3
:103BAC0098E05C4B01221A605B4B1B68002B00D128
:103BBC008EE05A48FEF7FEFC9DE00198FEF74CFFA4
:103BCC0000280CD0564B1B68013B022B13D9524BCF
:103BDC001B68002B0DD05148FEF7ECFC8BE04E4BD4
:103BEC001B68002B03D04D48FEF7E4FC83E04D48E6
:103BFC00FAE74D48F0E74D4B18600198FEF7DAFCF8
:103C0C00454B1B68002B07D0494B4A4A1A60444B62
:103C1C001878FEF7A1FE6EE04748FEF7CBFCF3E701
:103C2C000198FEF719FF00280CD03D4B1B68013B97
:103C3C00022B13D9384B1B68002B0DD03748FEF7DD
:103C4C00B9FC58E0344B1B68002B03D03348FEF70B
:103C5C00B1FC50E03348FAE73348F0E7334B1860D7
:103C6C000198FEF7A7FC2C4B1B68002B09D0304B9E
:103C7C00324A1A602A4B18680330C0B2FEF76CFE49
:103C8C0039E02D48FEF796FCF1E70198FEF7E4FECB
:103C9C0000280FD0254B18601F4B1B68002B13D12D
:103CAC000198FEF787FC2648FEF784FCFF20FEF700
:103CBC0053FE20E0184B1B68002B03D01748FEF76F
:103CCC0079FC18E01748FAE71E48FEF773FCEDE79D
:103CDC001D486FE70F4B01221A600F4B1B68002B1E
:103CEC000BD01A48FEF766FC0B4B1B68002B06D05A
:103CFC001748FEF75FFC0AB010BD1648F2E702A8A1
:103D0C00FEF758FCF4E7C046E01C0108941E0108BD
:103D1C00A81A0108800A00203C1D00205C1A01082A
:103D2C00241D0020081C0108381E01085C1D002001
:103D3C002C000020492600080023010875270008E4
:103D4C00E41C0108A80F01085C1E0108841A010874
:103D5C0080100108781E010830B58BB0019002ACC0
:103D6C0001A92000FEF7A4FF7D492000FCF7A0F973
:103D7C0000281DD07B4902A8FCF79AF9002845D0F1
:103D8C00794902A8FCF794F9002800D1A9E002AB0C
:103D9C001B78002B00D0C9E0744B01221A60744BC5
:103DAC001B68002B00D1BFE07248FEF703FCCEE08D
:103DBC000198FEF751FE00280CD06F4B1B68013B9D
:103DCC00022B13D96A4B1B68002B0DD06948FEF7E8
:103DDC00F1FBBCE0664B1B68002B03D06548FEF77B
:103DEC00E9FBB4E06548FAE76548F0E7654B186015
:103DFC000198FEF7DFFB6448FEF7DCFB634B644A7B
:103E0C001A605D4B1878FEF7A7FDA0E002AC01A983
:103E1C002000FEF74DFF2000FEF71EFE041E09D108
:103E2C00534B1B68002B03D05248FEF7C3FB8EE0AC
:103E3C005248FAE702AD01A92800FEF739FF5549AF
:103E4C002800FCF735F9002800D080E001980378B1
:103E5C00002B1DD1464B1B68002B0FD0913CFF3C17
:103E6C0063001B19444A12689B184B4A5B00985A12
:103E7C00FEF75CFD4948FEF79DFB68E04848FEF7FD
:103E8C0099FB2800FEF796FB4648FEF793FBE5E707
:103E9C0006F05CFC913CFF3C63001C19364B1B6824
:103EAC00E3183D4A5B00D052314B1B68002B03D00A
:103EBC003D48FEF77FFB4AE03C48FEF77BFB02A83F
:103ECC00FEF778FB3A48FEF775FB2B4B1B68E418A2
:103EDC00314B6400E05AFEF729FD3048FEF76AFBCF
:103EEC0035E00198FEF7B8FD00280FD0254B18607F
:103EFC001F4B1B68002B13D10198FEF75BFB2D4861
:103F0C00FEF758FBFF20FEF727FD20E0184B1B683F
:103F1C00002B03D01748FEF74DFB18E01748FAE7C3
:103F2C002148FEF747FBEDE723483EE70F4B012204
:103F3C001A600F4B1B68002B0BD02048FEF73AFB86
:103F4C000B4B1B68002B06D01448FEF733FB0BB051
:103F5C0030BD1B48F2E702A8FEF72CFBF4E7C04685
:103F6C00E01C0108C81D0108A81A0108800A0020DD
:103F7C003C1D00205C1A0108241D0020081C0108AF
:103F8C009C1E01085C1D0020002301082C00002051
:103F9C0009420008F81E0108101D002080100108BD
:103FAC00F41D0108FC1D0108A80F0108001E0108E2
:103FBC00081E0108E41C0108C01E0108841A01082F
:103FCC00DC1E010810B5D4B01F4948A8FDF76AFFE4
:103FDC00002803D11D48FEF7EDFA15E01C48FEF74A
:103FEC00E9FA2FE0A022120493421FD91B0D194AA3
:103FFC00194902AC00921222FF326A44200007F0E9
:10400C00A9FC2000FEF7D6FA42A948A8FDF7A6FFA6
:10401C00002814D142AB5B7A002B10D0429B80223B
:10402C0012069342DED99B0F0C4AE1E7A0229201C3
:10403C00934202D99B0A0A4ADAE70A4AD8E748A807
:10404C00FDF777FF54B010BD9C100108281F010824
:10405C000C1F0108001F01083C1F0108FC1E010871
:10406C00041F0108081F010810B58AB0019002ACAA
:10407C0001A92000FEF71CFE2E492000FCF718F8C1
:10408C0000280CD02C4902A8FCF712F800280DD1FE
:10409C002A4A136802210B4313600AB010BD019821
:1040AC00FEF788FA2648FEF785FAF6E7254902A8B6
:1040BC00FBF7FEFF002805D1204A136802218B4331
:1040CC001360EAE7204902A8FBF7F2FF002803D1AE
:1040DC001E4B01221A60E0E71D4902A8FBF7E8FF1E
:1040EC00002803D1194B00221A60D6E702AB1B78CB
:1040FC00002B0CD1174B01221A60144B1B68002BA0
:10410C0003D01548FEF756FAC7E71448FAE7114BE7
:10411C0001221A600D4B1B68002B09D01048FEF7CA
:10412C0049FA02A8FEF746FA0548FEF743FAB4E747
:10413C000C48F4E7841F01088C1F0108081D00209F
:10414C0080100108941F01089C1F01083C1D0020D1
:10415C00A41F0108800A00205C1A01084C1F0108EA
:10416C00841A0108681F0108F8B507000E00150035
:10417C00104C236803E024684D34FF342368002B73
:10418C00F9D1A820400006F0E7FA2060390007F0CA
:10419C0006FD2268A0235B00D65022680433D5505C
:1041AC0021680023A62252008B502168043A8B50C0
:1041BC00F8BDC0461406002070B515009138FF38C4
:1041CC004300181841180A4B4900C85A0AF0D0FD90
:1041DC00041C28000AF07CFD06490AF017FB011CA0
:1041EC00201C0AF0C1F9044909F0F0FF70BDC0466B
:1041FC00101D00200000FA4300007A4584B030B551
:10420C0091B01490159116921793114B59789A7886
:10421C0012020A43120412140E4B1968FFF7CCFF5A
:10422C000D4B1B68002B10D00C4D0CF0D1FD020077
:10423C000B002900684607F08DFB6846FEF7BAF9BB
:10424C0011B030BC08BC04B01847054DEDE7C046B2
:10425C00541D0020241D00203C1D0020C40F01080B
:10426C00AC1F010884B010B5029003910492059321
:10427C00084B59789A7812020A4312041214064B0E
:10428C001968FFF799FF054B186010BC08BC04B007
:10429C001847C046541D0020241D00200C1D002072
:1042AC00064B1B6807E0A22149005A58013A5A50A4
:1042BC00A62252009B58002BF5D170471406002003
:1042CC0030B59BB0019012AC01A92000FEF7F0FCB8
:1042DC00BE492000FBF7ECFE00282FD1BC4B1B681D
:1042EC00002B23D0BB4D01F0E9FF020002AC2900EA
:1042FC00200007F02FFB2000FEF75CF9B64B1B6883
:10430C00002B17D0B24B1B68002B11D0B34D01F012
:10431C00D5FFB14B1A68821A02AC2900200007F0B5
:10432C0019FB2000FEF746F91BB030BDAC4DDAE7A7
:10433C00AC4DECE7AC48FEF73DF9F5E7AB4912A8FC
:10434C00FBF7B6FE002826D0A94912A8FBF7B0FE51
:10435C00002837D0A74912A8FBF7AAFE002843D0A3
:10436C00A54912A8FBF7A4FE00286BD0A34912A8FC
:10437C00FBF79EFE051E00D0C5E0A14B1C68002C6F
:10438C0000D18DE0924B1B68002B00D0A6E09D481D
:10439C00FEF710F9A2E001F091FF8F4B18608C4BE7
:1043AC001B68002B0CD0984D01F088FF020002AC6A
:1043BC002900200007F0CEFA2000FEF7FBF8B3E747
:1043CC00924DF1E7019806F0C1F9002809D1804B14
:1043DC001B68002B03D08E48FEF7ECF8A4E78D4841
:1043EC00FAE701F071FF9FE712AC01A92000FEF77C
:1043FC005FFC200006F0AAF9041E03D00198037894
:10440C00002B09D1724B1B68002B03D08048FEF7A0
:10441C00D1F889E78048FAE722000021FFF7A4FED3
:10442C006B4B1B68002B03D07C48FEF7C3F87BE773
:10443C007B48FEF7BFF82000FEF778FA7948FEF7C4
:10444C00B9F871E712AC01A92000FEF731FC20008D
:10445C0006F07CF9041E03D001980378002B09D1D7
:10446C005B4B1B68002B03D06948FEF7A3F85BE796
:10447C006D48FAE722002100FFF776FE544B1B68CB
:10448C00002B03D06548FEF795F84DE76748FEF71B
:10449C0091F82000FEF74AFA6248FEF78BF843E7E2
:1044AC004B4B1B68002B03D06148FEF783F83BE7AE
:1044BC006048FAE76048FEF77DF8A2235B00E058FD
:1044CC00FEF734FA5D48FEF775F82000FEF772F837
:1044DC004548FEF76FF8A6235B00E458002C00D18A
:1044EC0022E701352800FEF721FAA0235B00E358F0
:1044FC00002BDFD05248FEF75DF8A0235B00E0589C
:10450C00FEF714FADEE74F4912A8FBF7D1FD041EA3
:10451C0017D04D4912A8FBF7CBFD041E00D1A5E026
:10452C0012AB1B78002B00D0EAE0484B01221A603A
:10453C00274B1B68002B00D1E0E03548FEF73AF81A
:10454C00F2E6019806F002F9002803D1019B1B78D2
:10455C00002B05D12A4B1B68002B0BD0284919E0E6
:10456C001B4B1B68002B03D02948FEF723F8DBE616
:10457C003748FAE7164B1B68002B03D02C48FEF784
:10458C0019F8D1E62B48FAE719004D31FF31A62274
:10459C0052009B58002B5DD00134A04206D000285D
:1045AC00F2D1A62252009A58002AEDD1A62252002E
:1045BC009A580A60180006F0D9F8054B1B68002BB6
:1045CC0052D01648FDF7F6FFAEE6C046642101084E
:1045DC003C1D0020BC1F010810060020D01F010844
:1045EC00C01F0108D81F0108801001086C210108A8
:1045FC00742101087C210108A0210108C41A0108BA
:10460C0014060020C0210108EC1F0108F01F01084E
:10461C005C1A01080420010820200108A80F0108D9
:10462C00842101089821010848200108A8210108CB
:10463C007020010878200108DC210108E421010820
:10464C00D4210108EC2101088C1F0108800A0020EC
:10465C008C200108364B1B68002B03D03548FDF726
:10466C00A9FF61E63448FAE73448ABE7019806F055
:10467C006DF8002803D1019B1B78002B0BD1304B1C
:10468C001B68002B16D12A4B1B68002B0DD02D4814
:10469C00FDF790FF48E6264B1B68002B03D02548FE
:1046AC00FDF788FF40E62848FAE72848F0E7A622FD
:1046BC0052009B58002B15D00134A04206D0002884
:1046CC00F5D1A62252009A58002AF0D1A42040001D
:1046DC00195801224A401A5001290DD01C48FDF7E7
:1046EC0069FF21E6124B1B68002B03D01148FDF724
:1046FC0061FF19E61048FAE71648F0E716481DE77F
:10470C00164B01221A600A4B1B68002B0AD0144866
:10471C00FDF750FF064B1B68002B05D01148FDF729
:10472C0049FF01E61048F3E712A8FDF743FFF5E750
:10473C003C1D00205C1A0108AC200108C8200108AF
:10474C0014060020FC200108DC2001087820010858
:10475C0004210108182101082C210108800A0020DD
:10476C00841A0108801001084821010870B5B94C61
:10477C00A5440190FFAC0C3401A92000FEF798FA77
:10478C00B5492000FBF794FC002832D1B34B1B68D1
:10479C00002B0BD101990B78002B16D1B04B1B6859
:1047AC00002B10D0AF48FDF705FF06E0AC4B1B68A3
:1047BC00002B06D0AC48FDF7FDFE8523DB009D44A5
:1047CC0070BDAA48F7E7AA48EDE7AA483222FCF7E1
:1047DC00CDFF002803D1A14B01221A60EDE7A04BBD
:1047EC001B68002B03D0A048FDF7E4FEE5E7A248C8
:1047FC00FAE7A249FFA80C30FBF75AFC002831D18C
:10480C00964B1B68002B09D1954B1B68002B03D0D2
:10481C009548FDF7CFFED0E79948FAE78F4B002279
:10482C001A609448FDF7D9FA00280CD08C4B1B6801
:10483C00002B06D08C48FDF7BDFE8E48FDF71BFB08
:10484C00BBE79048F7E78B48FDF715FB0028B4D081
:10485C00834B1B68002B03D08348FDF7ABFEACE702
:10486C008948FAE78949FFA80C30FBF721FC00289E
:10487C001DD17A4B1B68002B09D1794B1B68002B7F
:10488C0003D07948FDF796FE97E77D48FAE779481B
:10489C00FDF7A3FA002800D18FE7714B1B68002BA2
:1048AC0003D07148FDF786FE87E77648FAE778492A
:1048BC00FFA80C30FBF7FCFB061E07D07549FFA8C0
:1048CC000C30FBF7F5FB002800D044E1634B1B6870
:1048DC00002B01D002AC23E0614B1B68002B03D0F2
:1048EC006148FDF767FE68E76548FAE76D2B34D041
:1048FC00742B00D007E101F0E1FC020066492000B6
:10490C0007F028F82000FBF7DDFB019B1B78002B40
:10491C0000D10BE12C2323540130241800232370E5
:10492C00019B1B78002B00D102E1FFAD0C3501A9D6
:10493C002800FEF7BDF92B78632B58D0D6D84C2B1A
:10494C0000D1D4E0502B12D0272B00D0DBE0FFA9F4
:10495C000D31200007F023F9D4E701F0AFFC4F4BE9
:10496C001A68821A4C49200006F0F4FFCAE7FFA827
:10497C000D30FEF771F8002819D0494B1B685A1EF0
:10498C00022A2AD8474A1060474D00222A60474A1B
:10499C0047491160D8B2FDF7DFFF28680CF018FA10
:1049AC0002000B004349200006F0D4FFAAE72C4B71
:1049BC001B68002B0AD04048FDF7FCFD284B1B68F8
:1049CC00002B05D03D48FDF7F5FDF6E63C48F3E736
:1049DC00FFA80D30FDF7EEFDF4E7214B1B68002B13
:1049EC0003D02048FDF7E6FDE7E63648FAE7FFABD3
:1049FC000C335B78732B16D0FFAB0C335B78652BC9
:104A0C001CD0FFAB0C335B78612B65D0FFAB0C3348
:104A1C005B78742B00D075E72B4B1A681E4920006D
:104A2C0006F098FF6EE7294B18680CF0D1F90200DC
:104A3C000B002749200006F08DFFDDE7254B186899
:104A4C000CF0C6F902000B002149200006F082FF91
:104A5C00D7E7C046D8FBFFFF04230108CC03002096
:104A6C003C1D00205C1A0108441B0108F4210108BC
:104A7C0010220108D0030020302201080C23010869
:104A8C004C22010864220108802201081423010829
:104A9C001C2301082423010884100108100600209F
:104AAC00241D00205C1D00200C1D00202C0000206B
:104ABC00714200081C100108841A010880100108BA
:104ACC009C2201089C1E0108000600200C060020F8
:104ADC002C23010808060020344B18680CF078F9D8
:104AEC0002000B003249200006F034FF8EE73148FB
:104AFC00FDF749FD0CF06CF902000B002E4920006B
:104B0C0006F028FFFEE62D4B1B68002B0CD02C4822
:104B1C00FDF750FD294B1B68002B00D04DE6FFA87C
:104B2C000C30FDF747FD48E62648F1E70A23F2E68C
:104B3C00002E07D0214B1B68002B08D002A8FDF7D4
:104B4C0039FD3AE6204902A8FDF7C2FBF2E71F48FF
:104B5C00FDF730FDF2E7FFAB0C331B78002B0CD1CB
:104B6C001B4B01221A60154B1B68002B03D01448F9
:104B7C00FDF720FD21E61748FAE7154B01221A60D4
:104B8C000E4B1B68002B0AD01348FDF713FD0B4B83
:104B9C001B68002B05D01148FDF70CFD0DE61048E5
:104BAC00F3E7FFA80C30FDF705FDF4E70406002041
:104BBC002C230108140000201C1001083C1D0020AF
:104BCC005C1A0108B0220108D0030020342301082C
:104BDC00800A0020CC220108841A010880100108E8
:104BEC00E8220108F0B5C64600B51A4B1B68002B2D
:104BFC0005D0012B13D0002080BCB846F0BD164B5D
:104C0C00164A12681A60164C00232360154B164A7C
:104C1C001A60164B1878FDF79FFE2068ECE70E4BD8
:104C2C000E4A12681A600E4C002323600D4D0E4F75
:104C3C002F600E4E3078FDF78FFE236898462F605C
:104C4C0030680130C0B2FDF787FE2168404609F09C
:104C5C00DDFDD1E7BC0300205C1D0020B803002063
:104C6C000C1D00202C00002071420008B403002011
:104C7C0010B582B00E4B1B68002B01D002B010BDDA
:104C8C0008F044FF81B20B4C2068FEF797FC030040
:104C9C00094A1268103201A802706A4653711B0A45
:104CAC009371064B22681A600321FDF723FEE5E79A
:104CBC00B0030020AC030020A80300205C1D0020E2
:104CCC00F0B5D1B0079008AC07A92000FDF7F0FFB4
:104CDC00C0492000FBF7ECF9002831D10798037884
:104CEC00002B13D1BC4B1B68002B27D0BB4CBC4BEF
:104CFC0018680CF06DF802000B00210010A806F0EB
:104D0C0029FE10A8FDF756FC51B0F0BD05F019FDB9
:104D1C000CF0A6F8041CB04B1B68002B0CD0B14D4A
:104D2C00201C0CF055F802000B00290010A806F00E
:104D3C0011FEAB4B1C60E4E7AB4DF1E7AB4CD6E797
:104D4C00AB4908A8FBF7B4F9002830D107980378D1
:104D5C00002B12D1A04B1B68002B26D09F4CA54BCF
:104D6C0018680CF035F802000B00210010A806F0B2
:104D7C00F1FD10A8FDF71EFCC6E705F0E2FC0CF0F7
:104D8C006FF8041C944B1B68002B0CD0954D201C09
:104D9C000CF01EF802000B00290010A806F0DAFD3A
:104DAC00944B1C60E5E7944DF1E7944CD7E794499C
:104DBC0008A8FBF77DF9002830D107980378002B61
:104DCC0012D1854B1B68002B26D0844C8D4B186858
:104DDC000BF0FEFF02000B00210010A806F0BAFD3C
:104DEC0010A8FDF7E7FB8FE705F0ABFC0CF038F8EB
:104DFC00041C794B1B68002B0CD07A4D201C0BF03B
:104E0C00E7FF02000B00290010A806F0A3FD7D4B64
:104E1C001C60E5E77C4DF1E77C4CD7E77C4908A8A2
:104E2C00FBF746F9002830D107980378002B12D1F4
:104E3C00694B1B68002B26D0684C764B18680BF01E
:104E4C00C7FF02000B00210010A806F083FD10A87C
:104E5C00FDF7B0FB58E705F074FC0CF001F8041CEE
:104E6C005D4B1B68002B0CD05E4D201C0BF0B0FF73
:104E7C0002000B00290010A806F06CFD654B1C60AD
:104E8C00E5E7654DF1E7654CD7E7654908A8FBF701
:104E9C000FF9002830D107980378002B12D14E4B14
:104EAC001B68002B26D04D4C5E4B18680BF090FF06
:104EBC0002000B00210010A806F04CFD10A8FDF715
:104ECC0079FB21E705F03DFC0BF0CAFF041C424BBB
:104EDC001B68002B0CD0434D201C0BF079FF0200FB
:104EEC000B00290010A806F035FD4E4B1C60E5E7C1
:104EFC004D4DF1E74D4CD7E74D4908A8FBF7D8F8D5
:104F0C00002826D04B4908A8FBF7D2F8002800D17E
:104F1C00C7E0494908A8FBF7CBF8002800D02FE1DF
:104F2C0007980378002B00D010E12B4B1B68002B4B
:104F3C0000D123E1294C414B18680BF049FF0200CA
:104F4C000B00210010A806F005FD10A8FDF732FBA0
:104F5C00DAE608AC07A92000FDF7AAFE38492000C4
:104F6C00FBF7A6F8002816D1364B00221A600798DA
:104F7C00FDF772FD002875D0334B1860334B344A63
:104F8C0012681A60144B1B68002B00D17FE0154887
:104F9C00FDF710FBB8E62F4908A8FBF789F80028A5
:104FAC0003D1284B01221A60E1E70B4B1B68002B45
:104FBC000AD02948FDF7FEFA074B1B68002B05D0D9
:104FCC002648FDF7F7FA9FE62548F3E708A8FDF712
:104FDC00F1FAF5E7742701083C1D0020A423010811
:104FEC00C8030020A80F0108402301085023010822
:104FFC0050250108C4030020642301087423010810
:10500C0054250108C00300208823010898230108B7
:10501C00582501089C030020AC230108BC2301087F
:10502C00F81E010898030020D0230108E023010892
:10503C005C250108802501089C250108A40300209B
:10504C0064250108BC030020B8030020B403002031
:10505C00241D002068250108841A0108801001080D
:10506C00F4230108B14B1B68002B0AD0B048FDF7A4
:10507C00A1FAAE4B1B68002B05D0AE48FDF79AFA8F
:10508C0042E6AD48F3E70798FDF794FAF5E7AB482D
:10509C00FDF790FA0798FDF78DFAA648FDF78AFA06
:1050AC0032E608AC07A92000FDF702FEA449200057
:1050BC00FAF7FEFF00280ED09C4B1B68002B20D06B
:1050CC009B48FDF777FA994B1B68002B1BD099482E
:1050DC00FDF770FA18E69B4B00221A600798FDF753
:1050EC00BBFC002813D0984B1860984B984A126858
:1050FC001A608E4B1B68002B1ED09648FDF75AFA8F
:10510C0002E69548DDE708A8FDF754FADFE7874B80
:10511C001B68002B0AD08648FDF74CFA834B1B68A2
:10512C00002B05D08348FDF745FAEDE58B48F3E7F6
:10513C000798FDF73FFAF5E78948FDF73BFA079822
:10514C00FDF738FA7B48FDF735FADDE505F0F9FA9D
:10515C000BF086FE041C754B1B68002B0CD07D4D90
:10516C00201C0BF035FE02000B00290010A806F0E5
:10517C00F1FB7C4B1C60E8E67B4DF1E77B4CDAE6FF
:10518C007B4908A8FAF794FF00286ED1794B1B686D
:10519C00002B0BD06C4B1B68002B13D1634B1B6883
:1051AC00002B0DD07448FDF705FAADE55F4B1B687D
:1051BC00002B03D07048FDF7FDF9A5E56F48FAE721
:1051CC006F48F0E701F07AF86E4B1860FFF70AFDB4
:1051DC006D4B18606D4D2F68624B196809F016FB0A
:1051EC00041C28606A4909F0BFF96A4E316808F05E
:1051FC00DFFD051C3060684B1968201C09F0B4F900
:10520C00061C664B1968281C09F0AEF9011C301CF1
:10521C0008F0CEFD051C391C201C09F0F7FA604B78
:10522C00196809F0A1F95A4908F0D0FF011C281C93
:10523C0008F0BEFD5B4B18605B4B1C68211CFBF738
:10524C0023F9002801D0574B1C60564B1868574B5C
:10525C001C68211CFBF72CF9002801D0514B1C6059
:10526C00504B1868FFF704FD4EE5514908A8FAF7B2
:10527C001FFF002830D1434B1E68002E20D02B4B33
:10528C001B68002B26D04B4D10AC464B18680BF00E
:10529C009FFD049005913D4B18680BF099FD029011
:1052AC000391394B18680BF093FD0090019132007B
:1052BC002900200006F04EFB2000FDF77BF923E5CA
:1052CC001A4B1B68002B03D02B48FDF773F91BE519
:1052DC003948FAE7394DD7E708AB1B78002B0CD1CE
:1052EC00374B01221A60114B1B68002B03D022484C
:1052FC00FDF760F908E53348FAE7314B01221A60F3
:10530C000A4B1B68002B0AD00948FDF753F9074BD1
:10531C001B68002B05D00748FDF74CF9F4E42A482C
:10532C00F3E708A8FDF746F9F5E7C0463C1D002059
:10533C00841A0108801001080C2401086C2501084E
:10534C0084250108B0030020AC030020A803002032
:10535C00241D0020A80F0108242401083C24010866
:10536C008C250108A403002054240108682401089A
:10537C00A4250108B80300205C1A01088024010848
:10538C00A4240108000600200C06002008060020BA
:10539C006F12833AA0030020C8030020C40300202E
:1053AC00C0030020040600209C030020980300206A
:1053BC00A8250108E0240108C8240108F0240108EC
:1053CC00800A0020182501083425010810B5CAB040
:1053DC00019042AC01A92000FDF76AFC1E49200097
:1053EC00FAF766FE00281BD01C4942A8FAF760FEAB
:1053FC0000281AD01A4942A8FAF75AFE002812D1EE
:10540C001848FDF7C0F80BF0E3FC02000B0016493E
:10541C0002AC200006F09EFA2000FDF7CBF802E06B
:10542C001048FDF769F84AB010BD42AC01A9200044
:10543C00FDF73EFC200005F084F90BF011FD041C77
:10544C00019805F07EF90BF00BFD021C054B211C9D
:10545C001800FDF7A5F8E6E7B0250108B825010806
:10546C00C025010814000020C825010810B58AB019
:10547C00019002AC01A92000FDF71AFC094920009B
:10548C00FAF716FE002801D00AB010BD01A92000C1
:10549C00FDF70EFC200005F059F9019805F056F9BE
:1054AC00F2E7C046101E010810B50C48FDF782F853
:1054BC000B490C480122FCF727F9002806D10A48B1
:1054CC00FDF778F8094B01221A6010BD0848FDF76A
:1054DC0071F8064B00221A60F7E7C046D825010880
:1054EC00382801084C080020002601087C0A0020FE
:1054FC00F025010810B5064900220020FCF704F93C
:10550C000448FDF757F8044B00221A6010BDC04642
:10551C0038280108142601087C0A002010B5C2B0F6
:10552C000E4841AA40A9FCF742FD002811D1419B2D
:10553C005A69023A59894A43409B4B43DB0AD20AC7
:10554C000749684606F006FA6846FDF733F842B09C
:10555C0010BD0448FDF72EF8F9E7C04638280108BD
:10556C003C2601082826010810B58AB0019002AC2F
:10557C0001A92000FDF79CFB2E492000FAF798FDAD
:10558C0000280BD12C4B1B68002B04D02B48FDF7AB
:10559C0011F80AB010BDFFF787FFFAE7284902A8F7
:1055AC00FAF786FD00280AD1234B1B68002B02D08A
:1055BC00FFF7B4FFEDE72348FCF7FCFFE9E72249CE
:1055CC0002A8FAF775FD00280AD11B4B1B68002BAB
:1055DC0002D0FFF78FFFDCE71A48FCF7EBFFD8E7A8
:1055EC0002AB1B78002B0CD1184B01221A60184B04
:1055FC001B68002B03D01748FCF7DCFFC9E71648E3
:10560C00FAE7124B01221A60114B1B68002B0AD0CF
:10561C001248FCF7CFFF0E4B1B68002B05D010482F
:10562C00FCF7C8FFB5E70F48F3E702A8FCF7C2FF89
:10563C00F5E7C046B02501087C0A0020BC2601080D
:10564C00DC260108E426010800270108800A002056
:10565C003C1D00205C1A010884260108841A0108EC
:10566C0080100108A026010830B59BB001908A4B30
:10567C001B68002B42D004008849FAF719FD00285A
:10568C0018D1874B1B68002B12D08649864C226898
:10569C0002AD280006F05EF92800FCF78BFF002312
:1056AC0023607D4A13608148FCF7E5FB1BB030BDDD
:1056BC007F49EBE72000FAF705FD02000A2323548B
:1056CC000132019B9B18002119700199774802AB9C
:1056DC00FCF743FA00280CD0714B1B68002B06D04A
:1056EC007448FCF767FF7148FCF777FBDEE77248FC
:1056FC00F7E76D4A136801331360F4E712AC01A9A4
:10570C002000FDF7D5FA6D4B00221A606C49200081
:10571C00FAF7CEFC002869D06A4912A8FAF7C8FC3F
:10572C00002867D0684912A8FAF7C2FC002865D097
:10573C00664912A8FAF7BCFC002863D0644912A889
:10574C00FAF7B6FC002861D0624912A8FAF7B0FC4F
:10575C0000285FD0604912A8FAF7AAFC00285DD097
:10576C005E4912A8FAF7A4FC00285BD05C4912A889
:10577C00FAF79EFC002859D05A4912A8FAF798FC5F
:10578C00002857D0584912A8FAF792FC002855D097
:10579C00564912A8FAF78CFC002853D0544912A889
:1057AC00FAF786FC002851D0524912A8FAF780FC6F
:1057BC0000284FD0504912A8FAF77AFC00284DD097
:1057CC004E4912A8FAF774FC002800D16EE712AB10
:1057DC001B78002B48D1394B01221A60304B1B68C7
:1057EC00002B3FD04648FCF7E5FE5FE70198FDF73C
:1057FC0093FA5BE70198FDF79BFA57E70198FDF7E1
:10580C0011FB53E70198FDF749FC4FE70198FFF7AF
:10581C00ABFE4BE7019800F07DF847E70198FDF7E8
:10582C0013FF43E70198FEF79DF93FE70198FEF758
:10583C0047FD3BE70198FEF717FC37E70198FEF7A9
:10584C008BFA33E70198FEF791FF2FE70198FFF7EA
:10585C0037FA2BE70198FFF7B9FD27E70198FFF717
:10586C0005FE23E72748BEE7144B01221A600C4BB8
:10587C001B68002B0AD02448FCF79CFE084B1B68C5
:10588C00002B05D02148FCF795FE0FE72048F3E7E5
:10589C0012A8FCF78FFEF5E7180600206C2701080C
:1058AC003C1D002008270108940300201C06002042
:1058BC0010270108441B010828270108800A002032
:1058CC007827010880270108842701088C27010804
:1058DC00942701089827010884250108A0270108AE
:1058EC00A4270108AC27010864250108B02701088A
:1058FC00B4270108BC270108C0270108C8270108E4
:10590C005C1A010844270108841A01088010010858
:10591C005827010870B5C34CA5440190C24B1B68B5
:10592C00002B47D0C14B1B68002B05D0C049DEA80B
:10593C00FAF7BEFB002841D1DEAC01A92000FDF72F
:10594C00B7F9BC492000FAF7B3FB00283AD0BA49A2
:10595C00DEA8FAF7ADFB00283AD0B849DEA8FAF772
:10596C00A7FB041E41D0B649DEA8FAF7A1FB061E20
:10597C0000D171E0B349DEA8FAF79AFB002800D1F8
:10598C00A4E0B149DEA8FAF793FB002800D00AE1A5
:10599C00019B1B78002B01D1AC4B01930199012287
:1059AC00E6A8FBF7E3FE002800D1E6E0A848FCF7E8
:1059BC0001FE09E0A748FCF7FDFD05E0A648FCF751
:1059CC00F9FDB9E7FEF7FEFAB923DB009D4470BD83
:1059DC000198FCF768FB002803D1A048FCF7EAFD0E
:1059EC00F2E79B48FCF7E6FDEEE701990122E6A8F9
:1059FC00FBF7BCFE002803D19948FCF7DBFD15E052
:105A0C009348FCF7D7FDDFE7002D21D001349549F1
:105A1C0002AD2200280005F09DFF2800FCF7CAFD0E
:105A2C0052A8FCF7C7FD9048FCF7C4FDA02152AE6C
:105A3C00E6AA49003000FCF722FC05003000FAF71A
:105A4C0041FB0138335C0A2BDED100223254DBE7F8
:105A5C00E6A8FCF710FAB7E701990122E6A8FBF7D4
:105A6C0085FE002803D17E48FCF7A4FD18E0784899
:105A7C00FCF7A0FDA8E7002C24D00136794902AC34
:105A8C003200200005F066FF2000FCF793FD52A8C1
:105A9C00FCF790FD7448FCF78DFD142000F014FC0D
:105AAC00A02152ADE6AA49002800FCF7E8FB04004F
:105ABC002800FAF707FB01382B5C0A2BDBD10022FC
:105ACC002A54D8E7E6A8FCF7D6F97DE701A9DEA8A9
:105ADC00FDF7EEF8019804F039FE051E0FD00122F7
:105AEC00DEA9E6A8FBF742FE00280CD15F490A228A
:105AFC0052A8FBF73BFE002809D101240CE05C48BE
:105B0C00FCF758FD60E75248FCF754FD5CE7594838
:105B1C00FCF750FD58E70134A021E6AA490002A881
:105B2C00FCF7ADFB002806D0AC42F4D052A902A879
:105B3C00FCF7CEFBEFE7E6A8FCF79DF952A8FCF7C3
:105B4C009AF9DEA8FCF7AFFA002809D14748DEA97C
:105B5C00FCF702FB002807D14748FCF72BFD33E785
:105B6C004648FCF727FD2FE74548FCF723FD2BE7BC
:105B7C00002C14D052A8FFF777FDA02152ADE6AA55
:105B8C0049002800FCF77BFB04002800FAF79AFA7E
:105B9C0001382B5C0A2BEBD100222A54E8E7E6A84B
:105BAC00FCF769F910E73749DEA8FAF781FA002803
:105BBC0014D1019B1B78002B01D1244B019301992B
:105BCC0031483222FBF7D2FD002803D1174B0122BA
:105BDC001A60F9E61E48FCF7EDFCF5E6DEAB1B7827
:105BEC00002B0CD1294B01221A60294B1B68002B6E
:105BFC0003D02848FCF7DEFCE6E62748FAE7234BFF
:105C0C0001221A60224B1B68002B49D02348FCF759
:105C1C00D1FC1F4B1B68002B44D01348FCF7CAFC6B
:105C2C00D2E6C04638FAFFFF7C0A00201806002096
:105C3C003C280108C41A0108EC210108C025010800
:105C4C00B8280108C4280108A425010884290108E2
:105C5C00742801080C280108442801088C28010824
:105C6C009C280108B028010880100108F4280108BC
:105C7C00CC280108F8280108742901081C290108FE
:105C8C003C290108902901081C060020800A0020EC
:105C9C003C1D00205C1A0108D4270108841A010855
:105CAC000248B4E7DEA8FCF785FCB6E7F02701084C
:105CBC0072B6FEE700B585B00C22002101A805F0F4
:105CCC00B7FE1B481B4B0360802212064260002368
:105CDC008360C36002610822426103764376837657
:105CEC00073AC261202143549021C9004162803996
:105CFC0081622C21425480225201026307224263AA
:105D0C0035328354C36400F0FDFA00280BD101A98D
:105D1C00094B019301234B60054800F0CDFC002892
:105D2C0003D105B000BDFFF7C3FFFFF7C1FFC046AD
:105D3C00B420002000240140002000B410B510480D
:105D4C00104B0360002343608360C360037443748F
:105D5C00837404224261033A82610D21C1610B39C3
:105D6C00016242628262C262026343638363C36301
:105D7C0001F00EFB002800D110BDFFF799FFC046C3
:105D8C00F01F00200064004010B51248124B036055
:105D9C00124B4360002383600122C26003614361A4
:105DAC008361C361036201F0AFFD00280CD1094887
:105DBC00002101F017FE002808D10648002101F04F
:105DCC003DFE002804D110BDFFF772FFFFF770FFF6
:105DDC00FFF76EFF9C1F002000540040583D500000
:105DEC0010B51048104B036082235B004360002306
:105DFC008360C0229200C26003614361013AFF3AA2
:105E0C008261C361036243628362FA3AFF3AC262FF
:105E1C0003630833436302F0C1FE002800D110BDB8
:105E2C00FFF746FF381F00200030014010B5114825
:105E3C00114B036082235B00436000238360E022EC
:105E4C00D200C26003614361802292008261D13A28
:105E5C00FF3AC261036243628362293AC2620363FE
:105E6C000833436302F09AFE002800D110BDFFF7FF
:105E7C001FFFC046D41E00200038004010B5174844
:105E8C00174B0360E1235B02436000238360C36014
:105E9C0003610C2242618361C361036243628362CA
:105EAC0003F026FF002811D10C48002103F0C2FF9B
:105EBC0000280DD10948002103F0E2FF002809D188
:105ECC00064803F097FF002806D110BDFFF7F0FE3F
:105EDC00FFF7EEFEFFF7ECFEFFF7EAFEF41D0020E5
:105EEC000038014010B51948194B0360E1235B02DF
:105EFC00436000238360C36003610C2242618361B1
:105F0C00C361036243621033836280235B01C3630A
:105F1C0003F0EEFE002811D10C48002103F08AFF9B
:105F2C0000280DD10948002103F0AAFF002809D14F
:105F3C00064803F03DFF002806D110BDFFF7B8FE60
:105F4C00FFF7B6FEFFF7B4FEFFF7B2FE601D0020B0
:105F5C000044004000B589B01422002103A805F0CC
:105F6C0067FD0C220021684605F062FD1548802370
:105F7C00DB0503601923436000238360124AC2606F
:105F8C0003618033836103F04FF9002814D103A916
:105F9C00002303934B600B4803F0E4F900280DD168
:105FAC0069462023009300230293064803F008FA65
:105FBC00002805D109B000BDFFF77AFEFFF778FE87
:105FCC00FFF776FE881E00204FC3000010B594B07A
:105FDC0005AC3C220021200005F02AFD10220021F6
:105FEC0001A805F025FD8020800001F03DFF022373
:105FFC0005938022520008920022099240210A91B6
:10600C000D930E930F920633109380239B021193E2
:10601C0080239B04129380239B051393200001F093
:10602C004DFF002810D101A807230193053B4360C5
:10603C0000238360A023DB01C360022102F026FA57
:10604C00002803D114B010BDFFF732FEFFF730FE6D
:10605C0070B5D2B000F012F9FFF7B8FFFCF790F969
:10606C00FCF7F4F9FFF726FEFFF768FEFFF78CFE4E
:10607C00FFF7B6FEFFF7DAFEFFF700FFFFF732FF80
:10608C00FAF798FA041E01D0FFF712FEFFF762FF31
:10609C00962000F019F954490A68544B1A40802391
:1060AC00DB0313430B60524D280000F009FE5149ED
:1060BC000122280000F01AFD4F4803F019F84F4850
:1060CC0001F058FA280000F0B9FD00236B62AB62B6
:1060DC00280000F017F9280000F0D4FC64212800F7
:1060EC0000F032FA280000F08FFA80B2A3235B0094
:1060FC006B441880C82000F0E7F8092C05DC404BF5
:10610C0062004049D1520134F7E7FFF7CDF93E4B1D
:10611C001B68586800230222190005F065FB3B48F8
:10612C00FCF748FA3A4C236801252B432360394885
:10613C00FFF79AFA2368AB4323603748FCF7DCF986
:10614C0000263648012301224621FF31694403F021
:10615C00BFFC041E0BD14623FF336B441B780D2B65
:10616C0015D00A2B13D0721C01A98B55D6B22C4D0D
:10617C002C68002CE5D0A2235B00E358002B0EDD2D
:10618C0025004D35FF35A6235B00E458F1E701AB44
:10619C0000229A551800FFF767FA2600E7E7A423B8
:1061AC005B00E358002B04D0194A136801210B4300
:1061BC0013602000FFF758FA154A136801218B432E
:1061CC001360A0235B00E358002B03D0A2225200E3
:1061DC00A350CEE7A6235B00E3582B60200004F00D
:1061EC00C5FA2C68C5E7C04608270140FFFF3FFEF3
:1061FC00B420002030000020881E0020F01F00205A
:10620C00101D0020B80B0000CC01002098290108BB
:10621C00081D0020A829010814000020601D002082
:10622C001406002010B50400114B1978002901D177
:10623C00012010BDFA208000F9F760FF01000D4B22
:10624C001868F9F75BFF00F053FE00280DD1032C02
:10625C0001D90120EDE7013000222100404200F07D
:10626C0037FE054B1C600020E3E70120E1E7C04648
:10627C0032000020380000203400002010B5084AFD
:10628C00116880235B000B4313600320FFF7CAFFE8
:10629C00041E02D00124200010BD01F0F9FBFAE726
:1062AC0000200240034B1B78034A11685B181360F3
:1062BC007047C0463200002018210020014B18689E
:1062CC007047C0461821002070B50400FFF7F6FF98
:1062DC000500631C02D0044B1B78E418FFF7EEFF9B
:1062EC00401BA042FAD370BD32000020034A136851
:1062FC0003490B40034313607047C0460000014044
:10630C00FFF9FFFF30B583B0040000230193002890
:10631C0000D106E1836D002B13D023689A68D2005C
:10632C001CD49968804A1140802252050A439A6015
:10633C007E4B18687E49F9F7E1FE01304000019070
:10634C0009E001F0C1FB0023E3655422A354E4E708
:10635C00019B013B0193019B002BF9D123689A68A7
:10636C00D20000D59DE0A26D10210A43A265E26D1A
:10637C000F390A43E26501209A6804210D0015408B
:10638C00114200D00125A26DD20600D5C2E0002D2D
:10639C0000D0BFE0A26D67490A400631FF310A43C5
:1063AC00A2659A68D20752D4A268217E89030A4357
:1063BC00617EC9030A43A57E69030A43216B002948
:1063CC0001D0802149010A43E1680A43216900296F
:1063DC0069DB802189030A432C21615C49000A4353
:1063EC002021615C012961D0616A002905D0E0257A
:1063FC006D002940A56A29430A43D9684E4D2940AE
:10640C000A43DA6063689B0F9B07E26C1A433C21DA
:10641C00615C012959D021680B69484D2B4013430D
:10642C000B616368C0221206934210D08022D20501
:10643C0093420CD080221206934208D040490A683D
:10644C00404D2A40F025AD032B4013430B602168CF
:10645C00636B4A690725AA4313434B612168A26BFE
:10646C004B696935AB43120113434B612369002B14
:10647C0035D12268916A103B0B43936223685A69A9
:10648C0007231340626B9A423BD0A36D12229343B5
:10649C00023A1343A365E36D0F3A1343E3650120FE
:1064AC003DE0002068E74900490894E7002D03D13E
:1064BC00802149020A4397E7A16D20252943A16554
:1064CC00E16D1F3D2943E1658EE7216C0B43616C47
:1064DC000B43A16C0B43134301221A439BE780220D
:1064EC0092039342CAD121688B6AE369013B9B00FA
:1064FC001C221A4010235B429340226E13438B6282
:10650C00BCE70023E365A36D03229343023A1343D4
:10651C00A36504E0A36D10221343A365012003B00F
:10652C0030BD0120FBE7C046E8FFFF6F38000020BC
:10653C00400D0300FDFEFFFF0102DEFF02FCFF1F0A
:10654C0008270140FFFFC3FFF8B504000D004669A2
:10655C00082E04D00368DB68DB071DD40426FFF784
:10656C00ADFE070023681A6816421BD16B1CF9D0CC
:10657C00FFF7A4FEC01BA84201D8002DF2D123685E
:10658C001B681E42EED1A36D04221343A365542352
:10659C000022E254032029E0836D202213438365FB
:1065AC00012023E0A16D802292000A43A265D968E4
:1065BC00C0221201114213D1A27E002A10D11A68F6
:1065CC0012070DD59A68520711D45A680C218A43C8
:1065DC005A60A36D0B4A13400432FF321343A36578
:1065EC00207E00280CD123680C221A60F8BDA36D04
:1065FC0020221343A365E36D1F3A1343E365EFE7D2
:10660C000020F3E7FEFEFFFF0368186C704770472D
:10661C0010B5806AFFF7FBFF10BD704710B5806A9C
:10662C00836D402213438365C36D3C3A1343C365AA
:10663C00FFF7F3FF10BD000010B50300806A826DF8
:10664C00502111422AD1826D80239B001343836514
:10665C000368D968C0221201114213D1827E002A2C
:10666C0010D11A6812070DD59A6852070DD45A68C2
:10667C000C218A435A60836D0E4A13400432FF3258
:10668C0013438365FBF71CFF10BD836D202213435E
:10669C008365C36D1F3A1343C365F3E7826DD2065E
:1066AC0004D4026D526B18009047EDE7FFF7B5FF6D
:1066BC00EAE7C046FEFEFFFFF0B583B004000023FE
:1066CC00019305695433C35C012B00D12FE1542392
:1066DC000122C25400688368033216001E401A421D
:1066EC0009D0A36D1C321343A3650120542300224F
:1066FC00E25403B0F0BD4B68022B00D1D5E08022F0
:10670C001206954225D08B4A954222D0226E1F2725
:10671C001F400F25BD40AA430B685D032FD19B0E74
:10672C001F261E40BE40324322664D68AB08013323
:10673C00E269934213D80E68826A1F231D40103BF6
:10674C001F00AF40BA43B60E3340AB4013438362D5
:10675C0005E00B68826A5B035B0B13438362206862
:10676C000B688D6842691B029A432B40724D2B407B
:10677C00134343610B68002B4FDB0020B6E7DD07AA
:10678C00D0D49D0727D45D0727D41D0727D4DD0659
:10679C0027D49D0627D45D0627D41D0627D4DD05F6
:1067AC0027D49D0527D45D0527D41D0527D4DD04EA
:1067BC0027D49D0427D45D0427D41D0427D4DD03DE
:1067CC0027D49D0327D48025ED021E002E402B429A
:1067DC00A8D01226A6E70126A4E70226A2E70326E4
:1067EC00A0E704269EE705269CE706269AE70726DF
:1067FC0098E7082696E7092694E70A2692E70B26DF
:10680C0090E70C268EE70D268CE70E268AE70F26DE
:10681C0088E7102686E7112684E7484A1168E022AB
:10682C0052040A404648834207D04648834222D04D
:10683C00454883422CD0002058E70802F5D4802329
:10684C001B0413433D490A684048024013430B6044
:10685C003F4B18683F49F9F751FC013043001B18B6
:10686C009B00019302E0019B013B0193019B002BD8
:10687C00F9D100203AE7C801DAD480235B04134332
:10688C002E490A683148024013430B6000202DE763
:10689C0049024AD48023DB03134328490A682B4856
:1068AC00024013430B60002020E780231B069D420F
:1068BC0002D0204B9D4205D10B68826A5B035B0BB7
:1068CC009A4382620B68002B01DB00200EE71B4A07
:1068DC0012681B498B4207D01A498B420FD01A49B8
:1068EC008B4217D0002001E7A0235B041A40134908
:1068FC000B68164803401A430A600020F6E6C023D2
:10690C001B041A400D490B68104803401A430A60D7
:10691C000020EBE6C0235B041A4008490B680B48C7
:10692C0003401A430A600020E0E60020DEE6022065
:10693C00DFE6C0460400008000FFFF070827014087
:10694C00001000B0004000B8002000B4FFFF3FFE74
:10695C0038000020400D030070B5040002689368F5
:10696C005B0724D593689B0705D4936811490B40AA
:10697C0010210B439360FFF7A1FC050023689B6873
:10698C005B0712D5FFF79AFC401B0228F6D9236847
:10699C009B685B07F2D5A36D10221343A365E36DCF
:1069AC000F3A1343E365012002E0002000E00020D1
:1069BC0070BDC046E8FFFF7F30B583B004000023F4
:1069CC00019303689A68D2074FD49968284A1142F8
:1069DC0011D19A6827490A4001210A439A60264B33
:1069EC001B681B0217D5254B18682549F9F786FB40
:1069FC00013001900CE0836D102213438365C36D4D
:106A0C000F3A1343C365012030E0019B013B019316
:106A1C00019B002BF9D1637E012B01D1002025E0D5
:106A2C00FFF74CFC050023681A68D2071BD49A6840
:106A3C00D20705D49A680F490A4001210A439A608B
:106A4C00FFF73CFC401B0228EDD923681B68DB07D1
:106A5C00E9D4A36D10221343A365E36D0F3A1343DE
:106A6C00E365012002E0002000E0002003B030BD0F
:106A7C0017000080E8FFFF7F082701403800002046
:106A8C00400D030010B5040003689B685B0724D419
:106A9C005423C35C012B22D054230122C254FFF790
:106AAC008BFF002815D1A26D0E4B1A4080235B0082
:106ABC001343A3650023E36522681C211160542253
:106ACC00A3542268936808490B4004210B4393603C
:106ADC0004E054230022E25400E0022010BD022006
:106AEC00FCE7C046FEF0FFFFE8FFFF7F70B5040037
:106AFC000D001600026893685B0747D45423C35CEF
:106B0C00012B45D0012354214354D1680B420DD1A4
:106B1C009368DB0705D593681E490B4002210B4394
:106B2C0093602268D36801210B43D3602000FFF7E8
:106B3C0043FF00282BD1A26D174B1A4080235B001A
:106B4C001343A3650023E365226D1449D162226DC2
:106B5C0013491163226D1349516322681C21116082
:106B6C005422A354226853680C390B435360216898
:106B7C004031206D33002A0000F094FA22689368AB
:106B8C0004490B4004210B43936000E0022070BDCC
:106B9C000220FCE7E8FFFF7FFEF0FFFF45660008E0
:106BAC001D6600082966000870B5040003689A6821
:106BBC00022108001040114200D001209A68D2072F
:106BCC0035D5002835D1996805220A40012A09D00B
:106BDC00A36D10221343A365E36D0F3A1343E365D2
:106BEC00012025E09A6814490A4002210A439A6060
:106BFC00236803221A60FFF761FB050023689B687A
:106C0C00DB0712D5FFF75AFB401B0228F6D9236885
:106C1C009B68DB07F2D5A36D10221343A365E36DCC
:106C2C000F3A1343E365012002E0002000E000204E
:106C3C0070BD0020FCE7C046E8FFFF7F70B5040084
:106C4C005423C35C012B36D054230122C254FFF7CA
:106C5C0083FE051E1DD1206D2523C35C022B1DD088
:106C6C002268536810218B435360002D1FD12000E4
:106C7C00FFF79AFF0500002D06D1A36D0F4A1340B4
:106C8C000432FF321343A3652268D36801218B437E
:106C9C00D36054230022E254280070BD00F050FA57
:106CAC00051EDDD0A36D40221343A365D8E7200059
:106CBC00FFF77AFFDFE70225EEE7C046FEFEFFFF97
:106CCC00F0B583B00400002301935433C35C012B53
:106CDC0000D1A2E001265423C654FFF765FF05003E
:106CEC0023689A6831001140164209D0A36D102216
:106CFC001343A36554230022E254280003B0F0BDD3
:106D0C00A26D474802400630FF300243A265DE68A0
:106D1C00444A1640DA6844480240DA60080005E04C
:106D2C00B4229A587F231340C018013107291CD86C
:106D3C002768BA683D4B1A4018331343BB6023686D
:106D4C009A68002AECDA019B01330193019A384BC3
:106D5C009A42F4D9A36D12229343023A1343A365CA
:106D6C0054230022E2540125C7E7F9F7C7F922683A
:106D7C0093682E490B4001210B43936022681169E3
:106D8C008023DB05994217D22A4B1B68F02189031B
:106D9C000B40E02149038B420ED39B0C033B01219A
:106DAC0099400091009B5B08009302E0009B013B23
:106DBC000093009B002BF9D1B42153587F27BB4380
:106DCC00184350502268936818490B4002210B431A
:106DDC009360FFF773FA070023689A68D20709D407
:106DEC00DA683243DA60A36D03229343023A134309
:106DFC00A3657FE7FFF762FAC01B0228ECD9236872
:106E0C009B68DB07E8D5A36D10221343A365E36DE4
:106E1C000F3A1343E36501256FE702256DE7C04682
:106E2C00FDFEFFFF03800000FC7FFFFFE8FFFF7FFC
:106E3C00FFF102000827014070B5002811DB830820
:106E4C00134DC0339B005C5903221040C000FC3230
:106E5C0016008640B44389010A40824022435A51AD
:106E6C0070BD0F230340083B9B0806339B00094A67
:106E7C00944663445C6803221040C000FC32150049
:106E8C008540AC4389010A40824022435A60E7E7BF
:106E9C0000E100E000ED00E0013880235B04984243
:106EAC000FD2094A50600948036A1B021B0AC02111
:106EBC0009060B4303620023936007331360002021
:106ECC0070470120FCE7C04610E000E000ED00E058
:106EDC0010B5FFF7B1FF10BD002805DB1F220240E3
:106EEC0001239340014A13607047C04600E100E063
:106EFC0010B5FFF7D1FF10BD70B5C46C056D6560A2
:106F0C00446D002C02D0846DC56D6560446C1C25ED
:106F1C002540066C0124AC4074600468636083688F
:106F2C00102B04D0036899600368DA6070BD0368A5
:106F3C009A600368D960F9E710B504000268144B35
:106F4C009A4215D8436C9B089B0012498C466344AB
:106F5C008364FF20104008381421F9F7CFF80300A0
:106F6C000D4AE2641F20184001238340236510BDA5
:106F7C00436C9B089B0009498C4663448364FF2047
:106F8C00104008381421F9F7B9F8C31DE8E7C046DA
:106F9C000704024000080240800802401C0802401E
:106FAC0042687F231340064A9A1892004265054AAC
:106FBC008265013B03221A4001239340C36570474D
:106FCC003F8200104009024070B5041E5CD0056879
:106FDC002E4B9D4241D814212D4BE818F9F78EF811
:106FEC00800060642B4B236425230222E2542B681F
:106FFC00294A13402B6021680A68A368E0680343A0
:10700C002069034360690343A0690343E0690343B8
:10701C00206A034313430B602000FFF78DFFA26827
:10702C008023DB019A4222D06168A26C7F230B4043
:10703C001360E36C226D5A606368013B032B19D912
:10704C0000236365A365E3650023E3632522012127
:10705C00A154013AA354002070BD14210F4BE81821
:10706C00F9F74CF8800060640D4B2364BCE70023F7
:10707C006360D9E72000FFF793FF636D00221A606D
:10708C00A36DE26D5A60DFE70120E5E707040240DB
:10709C00F8FFFDBF000002400F80FFFFF8FBFDBFB3
:1070AC000004024070B504002420205C012845D067
:1070BC002420012525540130205C012806D0802392
:1070CC00E3635C3B0022E254012070BD24300135A7
:1070DC0025540020E063256828680126B043286009
:1070EC002000FFF709FF236B002B1CD022681368CC
:1070FC000E210B431360A26C1368DB0304D51168DB
:10710C0080235B000B431360636D002B04D0196864
:10711C00802252000A431A602268136801210B4333
:10712C0013600020D1E72268136804218B4313609D
:10713C002268136806310B431360DCE70220C4E7B6
:10714C00002834D02523C35C022B06D00423C36350
:10715C0020330022C25401207047026813680E21AC
:10716C008B431360826C136812490B4013600168E7
:10717C000A6801239A430A60416C1C220A40016C84
:10718C0093404B60C36C026D5A60436D002B06D06C
:10719C001A6808490A401A60836DC26D5A6025232B
:1071AC000122C254013B0022C2540020D4E701202A
:1071BC00D2E7C046FFFEFFFF70B5036C1968046888
:1071CC002568426C1C23134004229A40114214D0AF
:1071DC006A0712D523689B0603D4236804229343C1
:1071EC002360436C1C221A40016C042393404B60B7
:1071FC00036B002B00D0984770BD02229A401142BD
:10720C0026D0AA0724D523689B0606D423680A2215
:10721C00934323602523093AC25402681B4B9A42BC
:10722C000ED9436C1C221A4002239340184A536017
:10723C0024230022C254C36A002BDDD09847DBE71D
:10724C00436C1C221A4002239340124A5360EFE70E
:10725C0008229A401142CFD02D07CDD523680E229B
:10726C0093432360436C0E321A40016C01231C00C3
:10727C0094404C60C3632522835423330022C254B0
:10728C00436B002BB8D09847B6E7C046800002404D
:10729C00000402400000024030B50468184B9C42C8
:1072AC0023D0184901648022A358174D2B40456BFD
:1072BC002D042B43A3500B00703343640568AB586B
:1072CC00124C2340846B24062343AB500B00B03389
:1072DC008364D833C36498239B00CB1803659E2327
:1072EC009B00CB1843650B0003E00949DAE7002249
:1072FC0004C3D42292008A189A42F8D830BDC046F2
:10730C000068004000B40040FFFFE0FFFFFFFFF00B
:10731C0050B70040F0B51F004B68002B1AD10D6917
:10732C008B681D430B689B041D430C6A2406CB69B8
:10733C001C438B691C434B691C43CB681B041C43CB
:10734C00466DFB00DB19DB00F618356074600836FF
:10735C00002015E00B698C6823430C6823438025BF
:10736C00ED051D43E1E71418E3781B06A5782D0401
:10737C002B43647824022343145C234308C6043053
:10738C00CB68024CE35C8342EDD8F0BD6C2A01085B
:10739C0070B5041E00D1E1E05C23C35C002B19D056
:1073AC002268936910218B439361FEF787FF0500D8
:1073BC00226893691B0713D5FEF780FF401B0A2830
:1073CC00F6D9236E0122134323665C230232E25466
:1073DC00012070BD5D330022C25400F0C3FBDFE717
:1073EC00936901210B439361FEF768FF0500226846
:1073FC009369DB070DD4FEF761FF401B0A28F6D911
:10740C00236E0122134323665C230232E2540120D3
:10741C00DFE7936902210B4393612268504B9A4238
:10742C0043D0237C012B44D02268936940210B4329
:10743C009361637C012B42D02268936949490B40CC
:10744C009361A37C012B41D02268916980235B015D
:10745C000B4393612268936943490B40A1680B432A
:10746C00936122689369A4218B4393612268136909
:10747C0094398B431361E368012B2DD0002B30D052
:10748C00022B54D02268936980210B4393612268AC
:10749C00136970390B431361E368032B21D1226804
:1074AC00936910310B4393611BE062682F4B1A6098
:1074BC00B7E72268936940218B439361B9E722684F
:1074CC0091698023DB010B439361BAE722689369CE
:1074DC0027490B409361BDE7226893690C390B4334
:1074EC009361A369013B5B06E269013A1202134303
:1074FC00226A013A13436269013A12042168134368
:10750C00CB61A268C0239B009A4216D02168C0228E
:10751C008B58E06B03438B502000FFF7BDFE00231C
:10752C00A36523665C330122E254002051E72268F4
:10753C00936920210B439361D3E7A36A013BE26A71
:10754C00013A12021343226B013A12011343626A8D
:10755C00013A120421681343CB60D7E7012038E7C6
:10756C0000640040FFBFFFFFFFFCFFFF0065004011
:10757C00FFEFFFFF5C23C35C012B05D0036E0422DD
:10758C0013430366012070475B330222C254026826
:10759C00936901218B439361002303660020F2E77A
:1075AC0070B504005C23C35C022B1CD10068C23391
:1075BC00C3589B0206D5226E80239B00134323667F
:1075CC00012015E0C423C3581B0C03251D402B00C0
:1075DC002000FFF79FFE21680123AB40CC228B508B
:1075EC00A365002004E0036E082213430366012008
:1075FC0070BD0000F0B55C24045D022C00D09FE04F
:10760C0040290BD00468982565592D0731D1026E9D
:10761C0080235B0013430366012096E004689025E9
:10762C0065592D0706D1026E80235B001343036658
:10763C0001208AE09025665980256D0437002F4083
:10764C002E4208D0802566598135FF3537002F40F2
:10765C002E4200D00127902565592D0A03242C4079
:10766C00BC46A444856C6446E4006444E4002D19D3
:10767C001CE09825665980256D0437002F402E425A
:10768C0007D080256659803537002F402E4200D018
:10769C000127982565592D0A03242C40BC46A44487
:1076AC00C56C6446E4006444E4002D192C68802603
:1076BC00F6053440546028D12C68A40C6405640D84
:1076CC0014602C688026B605344094602C68E40F56
:1076DC00E40714616C682404240CD461EE880F2434
:1076EC003440D4606C6880267603344054616C68F6
:1076FC008026B60334409461EE797F2434401462C2
:10770C006C68E40F5462002408E02C68E400E40880
:10771C001460D6E72E19367A1E550134D6680B4FF5
:10772C00BE5DA642F6D8402905D002689C2361466E
:10773C00D150002009E0026894236146D150F8E74B
:10774C00036E0822134303660120F0BD6C2A010866
:10775C00402905D002689823D3580F201840704751
:10776C0002689023D3580F201840F8E7F0B5002397
:10777C0059E086685F000324BC40A643CC68BC403B
:10778C0034438460446894434E6836090122324085
:10779C009A402243426056E0DE080836B60037585D
:1077AC0005321A4092000F249440A7430C69944070
:1077BC0022003A43325059E0042600E00026A6404D
:1077CC0034003C43444E1832920094513768EA43DB
:1077DC003E00AE434C68E40201D53E002E433E4CC5
:1077EC00266067683E0016404C68A40201D53E0036
:1077FC002E43394C66608426A7593E0016404C68CF
:10780C00A40301D53E002E43334C8427E651802639
:10781C00A65932404C68E40301D52A0032432E4D60
:10782C0080242A5101330C682200DA4053D0012203
:10783C009A40250015401442F4D04E68032434407D
:10784C00013C012C95D94C6803222240032A08D014
:10785C00C4685E000322B24094438A68B24022435B
:10786C00C2604C6803222240022A95D004685E0054
:10787C0003221700B740BC434F683A40B240224342
:10788C0002604C68C02292021442CBD09A081400B9
:10789C001834A400104EA75903241C40E4000F26F2
:1078AC00A640B743A026F605B04287D00B4EB04297
:1078BC000BD00B4EB0420AD00A4EB04209D00A4E41
:1078CC00B04200D178E7052679E7012677E7022652
:1078DC0075E7032673E7F0BD001802400004005062
:1078EC0000080050000C00500010005003690B42BF
:1078FC0001D0012070470020FCE7002A01D08161F3
:10790C0070478162FCE7000010B5041E60D0412373
:10791C00C35C002B48D041232422E2542268136814
:10792C0001218B431360636822682A490B40136161
:10793C002268936828490B409360E368012B39D087
:10794C00A168226884231B020B439360E368022B1B
:10795C0037D02268536821490B4053602268516824
:10796C001F4B0B4353602268D3681B490B40D360F9
:10797C00236962691343A269120221681343CB6025
:10798C00E369216A22680B431360226813680121A2
:10799C000B4313600023636441221F31A154236302
:1079AC000132A354002010BD40330022C25400F019
:1079BC001DF9B0E7A168226880231B020B4393607A
:1079CC00C4E72268516880231B010B435360C5E751
:1079DC000120E8E7FFFFFFF0FF7FFFFFFFF7FFFF4E
:1079EC0000800002F0B54123C35C202B20D1203352
:1079FC00C35C012B1ED040240122025541252423B7
:107A0C0043550668336893433360066833680A4FFE
:107A1C003B403360066833680B43336001680B6886
:107A2C0013430B6020234355002303550020F0BD66
:107A3C000220FCE70220FAE7FFEFFFFFF0B541233D
:107A4C00C35C202B1ED12033C35C012B1CD04024E3
:107A5C00012202554125242343550668336893437C
:107A6C00336006683368094F3B40090219433160A3
:107A7C0001680B6813430B60202343550023035507
:107A8C000020F0BD0220FCE70220FAE7FFF0FFFF28
:107A9C0000B583B00B4B196C012211431964196C9E
:107AAC000A400092009ADA6B802149050A43DA6396
:107ABC00DB6B0B400193019BC020C000FEF716FC52
:107ACC0003B000BD0010024010B588B004001422B1
:107ADC00002103A803F0ACFF22681E4B9A4201D090
:107AEC0008B010BD1C4B1A6C802149030A431A6460
:107AFC001A6C0A400192019A596B01221143596385
:107B0C005B6B13400293029B03A9039203234B600C
:107B1C00A020C005FFF72AFE1048114B0360052377
:107B2C00436000238360C360802202618032426123
:107B3C008022D20082612022C2610362FFF744FAE4
:107B4C00002803D1054B23659C62C9E7FEF7B0F80A
:107B5C00F8E7C046002401400010024054200020E9
:107B6C000800024010B59AB004001422002115A898
:107B7C0003F05EFF4C22002102A803F059FF22689B
:107B8C00184B9A4201D01AB010BD80239B0402936B
:107B9C0002A800F05BFD002821D1134BDA6B802189
:107BAC0049010A43DA63DA6B0A400092009A596B76
:107BBC000122114359635B6B1A400192019B15A979
:107BCC00C0235B01159302234B6000238B60CB60B9
:107BDC0003330B61A020C005FFF7C8FDD3E7FEF708
:107BEC0067F8DAE7006400400010024010B59AB064
:107BFC0004001422002115A803F01AFF4C220021C6
:107C0C0002A803F015FF2268174B9A4201D01AB054
:107C1C0010BD2023029302A800F018FD00281FD1EC
:107C2C00124C626B02231A436263626B1340009323
:107C3C00009B15A9C0231593AE3B4B6000238B60B2
:107C4C00CB6006330B610A48FFF790FDE36B802293
:107C5C0092031343E363E36B13400193019BD6E759
:107C6C00FEF726F8DCE7C046005400400010024046
:107C7C0000040050F0B58BB004001422002105A8BC
:107C8C0003F0D6FE2368304A934204D02F4A934225
:107C9C001DD00BB0F0BD2E4B1A6C802149010A434C
:107CAC001A641A6C0A400092009A596B0122114313
:107CBC0059635B6B1A400192019B05A9C223059382
:107CCC00C03B4B60A020C005FFF750FDE1E7204B07
:107CDC00DA6B8021C9010A43DA63DA6B0A4002923B
:107CEC00029A5A6B012632435A635A6B3240039202
:107CFC00039A5A6B02252A435A635B6B2B400493FD
:107D0C00049B05AC08230593069507960895A027B8
:107D1C00FF0521003800FFF729FD10230593069578
:107D2C0007960895099621003800FFF71FFD802360
:107D3C00DB0005930695079608950523099321000A
:107D4C000448FFF713FDA4E7003001400038004061
:107D5C00001002400004005082B002688023DB0552
:107D6C009A4201D002B07047044AD16B01231943E7
:107D7C00D163D26B13400193019BF3E700100240D7
:107D8C0010B59CB004001422002117A803F050FE7B
:107D9C004C22002104A803F04BFE23682E4A934288
:107DAC0004D02E4A93422CD01CB010BD0123049356
:107DBC0004A800F04BFC002820D1294B1A6C802120
:107DCC00C9010A431A641A6C0A400092009A596B52
:107DDC000122114359635B6B13400193019B17A95B
:107DEC00C023DB00179302234B6000238B60CB6016
:107DFC000A61A020C005FFF7B9FCD5E7FDF758FFD5
:107E0C00DBE70223049304A800F020FC00281FD118
:107E1C00134BDA6B802189020A43DA63DA6B0A406E
:107E2C000292029A596B0122114359635B6B134006
:107E3C000393039B17A90B4B179302234B6000234F
:107E4C008B60CB600A61A020C005FFF78FFCABE70D
:107E5C00FDF72EFFDCE7C04600380140004400402F
:107E6C00001002400480000010B5104A136810493D
:107E7C000B400343136080239B00984201D00020E9
:107E8C0010BD0C4B1B685800C01840000A49F8F78D
:107E9C0035F90130054B5B695B0503D5002803D030
:107EAC000138F7E70020EBE70320E9E7007000401A
:107EBC00FFF9FFFF3800002040420F0070B582B080
:107ECC00041E00D15EE20368DB0739D5C14A916814
:107EDC0038230B40D16803220A40102B26D0082BE4
:107EEC0026D063688022520293427FD0A022D20215
:107EFC00934200D181E0B74B1A68B7490A401A6027
:107F0C001A68B6490A401A606368002B00D180E0F9
:107F1C00FEF7D4F90500AF4B1B689B0310D4FEF79A
:107F2C00CDF9401B6428F6D903202CE2032AD6D1C4
:107F3C00A84B1B689B0303D56368002B00D124E27C
:107F4C0023689B0731D5A34A916838230B40D1682D
:107F5C0003220A40102B6AD0002B6BD19D4A126869
:107F6C00520503D5E268002A00D110E29948426814
:107F7C009B490A40616909020A434260002B0DD1FA
:107F8C00036898490B4021690B4303600368DB0AC3
:107F9C0007221A40944BD340944A1360944B1868B0
:107FAC00FEF740F9002800D0F3E123681B0700D44A
:107FBC0081E0884B9A6838231340182B73D0A3693F
:107FCC00002B00D1B4E0834A136E01210B431366DE
:107FDC00FEF774F905007F4B1B6E9B076BD4FEF705
:107FEC006DF9401B0228F6D90320CCE1794A1168BF
:107FFC0080235B020B43136086E7764B1968802263
:10800C00D2020A431A601968802252020A431A608B
:10801C007AE7FEF753F905006E4B1B689B038FD56F
:10802C00FEF74CF9401B6428F6D90320ABE1022A79
:10803C0092D193E7E368002B22D0664A1368694912
:10804C000B4021690B431360116880235B000B43C9
:10805C001360FEF733F905005E4B1B685B0506D415
:10806C00FEF72CF9401B0228F6D903208BE1594965
:10807C004B685B4A13406269120213434B6094E7EE
:10808C00544A13685B490B401360FEF717F905005F
:10809C00504B1B685B0588D5FEF710F9401B022876
:1080AC00F6D903206FE14B4B1B6E9B0703D5A369DD
:1080BC00002B00D16FE123685B0700D4A2E0454B95
:1080CC009A6838231340202B45D0424BDB6BDB00E6
:1080DC004AD4404BDA6B802149050A43DA63DB6BE7
:1080EC000B400193019B0125434B1B68DB053DD5E0
:1080FC00A368012B4ED0052B52D0364BDA6D0121E3
:10810C008A43DA65DA6D03318A43DA65A368002B9A
:10811C0050D0FEF7D3F806002E4BDB6D9B076FD4C7
:10812C00FEF7CCF8801B354B9842F5D903202AE199
:10813C00284A136E01218B431366FEF7BFF8050026
:10814C00244B1B6E9B07B6D5FEF7B8F8401B0228D4
:10815C00F6D9032017E11F4BDB6D9B0752D5A368A3
:10816C00002B4FD101200EE10025BDE7224A1168FA
:10817C0080235B000B431360FEF7A0F806001E4B38
:10818C001B68DB05B4D4FEF799F8801B0228F6D9DE
:10819C000320F8E00F4AD36D01210B43D365B5E7FB
:1081AC000C4BDA6D04210A43DA65DA6D03390A43A4
:1081BC00DA65ABE7FEF782F80600064BDB6D9B0732
:1081CC001ED5FEF77BF8801B0C4B9842F5D903208B
:1081DC00D9E0C04600100240FFFFFEFFFFFFFBFF8F
:1081EC00FF80FFFFFFC7FFFF0024F40038000020D2
:1081FC0034000020FFFEFFFF0070004088130000D9
:10820C00012D19D023689B062FD5E369002B19D0BB
:10821C006A4A11688023DB030B431360FEF74EF8A8
:10822C000500664B1B681B021FD4FEF747F8401B6A
:10823C000228F6D90320A6E0604AD36B60490B40B4
:10824C00D363DFE75D4A13685E490B401360FEF7AA
:10825C0035F80500594B1B681B0206D5FEF72EF8A6
:10826C00401B0228F6D903208DE0236A002B00D195
:10827C0093E0524A916838220A40102A5AD0022BB5
:10828C0012D04E4A136850490B401360FEF716F893
:10829C0004004A4B1B689B0145D5FEF70FF8001BE9
:1082AC000228F6D903206EE0444A136846490B4075
:1082BC001360FEF703F80500404B1B689B0106D5C5
:1082CC00FDF7FCFF401B0228F6D903205BE03B4A7C
:1082DC00D3683E491940636AA06A0343E06A00020E
:1082EC000343206B0343606B0343A06B03430B43BB
:1082FC00D360116880235B040B431360D168802327
:10830C005B050B43D360FDF7D9FF04002B4B1B68B7
:10831C009B0106D4FDF7D2FF001B0228F6D90320DF
:10832C0031E000202FE0254AD36829490B40D36067
:10833C00002028E0012B32D0204BDA6803231340B5
:10834C00616A8B422DD170231340A16A8B422AD1D2
:10835C00FE21C9011140E36A1B02994225D1F82381
:10836C009B031340216B8B4221D1E0231B0513404F
:10837C00616B8B421DD1520F5207A36B9A421AD1DB
:10838C00002000E0012002B070BD0120FBE70120BD
:10839C00F9E70120F7E70120F5E70020F3E70120DA
:1083AC00F1E70120EFE70120EDE70120EBE70120E9
:1083BC00E9E70120E7E70120E5E7C04600100240AD
:1083CC00FFFFFFEFFFFFBFFFFFFFFFFE8C80C11120
:1083DC00FCFFFEEE10B52A4B9B6838221A4207D1DF
:1083EC00274B1A68D20A072313402648D84010BDE1
:1083FC00234B9A6838231340082B3BD0204B9A68A8
:10840C0038231340102B0DD01D4B9A683823134082
:10841C00202B31D01A4B9A6838231340182B26D0B6
:10842C000020E4E7164AD1680D3B0B40D2681209D4
:10843C00072111400131032B0FD01248F7F75EFED4
:10844C000F4BDA68120A7F23134058430C4BD96840
:10845C00490F0131F7F752FEC9E70B48F7F74EFE0B
:10846C00074BDA68120A7F2313405843EEE7FA20D1
:10847C00C001BCE70448BAE780200002B7E7C04659
:10848C00001002400024F40000127A0070B50400C1
:10849C000D00002800D1AAE0574B1A68072313409F
:1084AC008B4221D323689A070ED55B0705D5534A17
:1084BC009168E023DB010B439360504A9368504969
:1084CC000B40A1680B4393602368DB0754D56368AA
:1084DC00012B20D0022B3BD0002B3FD1474A1268F6
:1084EC0052051CD401206AE0434A136807218B43D0
:1084FC002B431360FDF7E2FE06003F4B1A6807237F
:10850C001340AB42CED0FDF7D9FE801B3D4A9042C2
:10851C00F3D9032053E0394A1268920369D53749DD
:10852C008A680720824313438B60FDF7C7FE060061
:10853C00324B9B6838221A406368DB009A421BD08E
:10854C00FDF7BCFE801B2F4B9842F1D9032036E07F
:10855C002A4A12689201E2D4012030E0032B05D0A4
:10856C00264AD26D9207DAD4012028E0234A126EF3
:10857C009207D4D4012022E01F4B1A680723134022
:10858C00AB421DD823685B0706D51C4A93681E496D
:10859C000B40E1680B439360FFF71CFF174B9A6885
:1085AC00120A0F231340194A9B009A581F23134099
:1085BC00D840174B1860174B1868FDF733FE70BD89
:1085CC000D4A136807218B432B431360FDF776FE8E
:1085DC000600094B1A6807231340AB42D2D0FDF7B3
:1085EC006DFE801B074B9842F3D90320E7E701206F
:1085FC00E5E70120E3E7C0460020024000100240FE
:10860C00FFF0FFFF88130000FF8FFFFFC42A010853
:10861C003800002034000020014B18687047C04619
:10862C003800002010B5FFF7F7FF064B9A68120BC5
:10863C0007231340044A9B009A581F231340D84029
:10864C0010BDC04600100240A42A0108F0B583B04A
:10865C00040003689B0362D5AE4BDB6BDB001ED4BE
:10866C00AC4BDA6B802149050A43DA63DB6B0B40B8
:10867C000193019B0126A84A116880235B000B43E0
:10868C001360FDF71BFE0500A34B1B68DB0508D42C
:10869C00FDF714FE401B0228F6D9032502E0002644
:1086AC00E9E70025002D23D19A4BD96DC022920009
:1086BC000B001340114212D0226C9A420DD0954AF5
:1086CC00D36D96490B40D06D802149020143D16591
:1086DC00D16D93480140D165D365DB0710D4002DD3
:1086EC0006D18C4AD36D8D490B40216C0B43D3655D
:1086FC00012E15D1874AD36B8A490B40D3630FE007
:10870C00FDF7DCFD0700834BDB6D9B07E7D4FDF722
:10871C00D5FDC01B844B9842F5D90325DFE7002516
:10872C002368DB0706D57B4A536D03218B436168B5
:10873C000B43536523689B0706D5764A536D0C2172
:10874C008B43A1680B43536523685B0706D5714ABD
:10875C00536D30218B43E1680B4353652368DB0673
:10876C0006D56C4A536D71490B4021690B43536517
:10877C002368DB0406D5674A536D68490B40616971
:10878C000B43536523689B0506D5624A536D6849B4
:10879C000B40A16A0B43536523685B0506D55D4A04
:1087AC00536D64490B40E16A0B43536523689B0688
:1087BC0006D5584A536D60490B40A1690B4353656C
:1087CC0023685B0606D5534A536D5C490B40E1693F
:1087DC000B43536523685B040BD54E4A536D9B00CA
:1087EC009B08216B0B435365226B8023DB059A425C
:1087FC0062D023681B0306D5464A536D40218B4338
:10880C00616B0B43536523689B020BD5414A536D37
:10881C004B490B40A16B0B435365A26B8023DB03CD
:10882C009A4250D023685B020BD53A4A536D4549A6
:10883C000B40E16B0B435365E26B80235B049A4264
:10884C0048D023681B0509D5324A936D03218B430D
:10885C00216A0B439365236A012B40D023689B0448
:10886C0009D52C4A936D0C218B43616A0B4393659C
:10887C00636A042B39D02368DB010BD5254A936D31
:10888C002D490B40616C0B439365626C80239B01FB
:10889C009A4230D023689B010BD51E4A936D1F4919
:1088AC000B40A16C0B439365A26C80235B009A4236
:1088BC0028D0280003B0F0BD164AD16880235B0293
:1088CC000B43D36095E7134AD16880235B040B43B9
:1088DC00D360A7E70F4AD1680B43D360B1E7D168E7
:1088EC0080235B020B43D360B8E7D16880235B0223
:1088FC000B43D360BFE7074AD16880235B040B436B
:10890C00D360C7E7034AD16880235B040B43D36071
:10891C00CFE7C0460010024000700040FFFCFFFF94
:10892C00FFFFFEFFFFFFFFEF88130000FFF3FFFFC9
:10893C00FFFFF3FFFFFFCFFFFFCFFFFFFF3FFFFF67
:10894C00FFFFBFFFFFFFFFFEF0B5D6464F46464682
:10895C00C0B582B006000D0090461F00FDF7AEFCBE
:10896C000A9B181A8146B944FDF7A8FC82462C4B89
:10897C001B685B011B0D4A465343019333689C688B
:10898C002C40641B63425C41444542D07B1CF5D0B7
:10899C00FDF794FC5346C01A484508D2019A002AA8
:1089AC0000D04A46019B013B01939146E6E73268B1
:1089BC005368E0218B435360726882235B009A42B8
:1089CC000CD0B26A80239B019A4216D05D230122FF
:1089DC00F254013B0022F25403201BE0B3688022C6
:1089EC001202934203D08022D2009342E9D1326822
:1089FC00136840218B431360E3E73268136809491D
:108A0C000B4013603268116880239B010B43136089
:108A1C00DCE7002002B0E0BCBA46B146A846F0BD87
:108A2C0038000020FFDFFFFFF0B5DE4657464E460C
:108A3C004546E0B583B007000D00160098466B461E
:108A4C000022DA70FDF73AFC0C9B181A4044814660
:108A5C00FDF734FC82463B689B46344B1B689A00FE
:108A6C00D218D3009B1A1B0D4A465343019302E0C4
:108A7C004346013311D13B689C682C40B4424DD025
:108A8C00C023DB009D42F3D1002EF1D15B461B7B52
:108A9C00DBB26A46D370D378EAE7FDF70FFC534696
:108AAC00C01A484508D2019A002A00D04A46019BB8
:108ABC00013B01939146DEE73A685368E0218B4312
:108ACC0053607A6882235B009A420CD0BA6A802386
:108ADC009B019A4216D05D230122FA54013B0022DD
:108AEC00FA5403201BE0BB6880221202934203D08D
:108AFC008022D2009342E9D13A68136840218B431B
:108B0C001360E3E73A68136809490B4013603A684D
:108B1C00116880239B010B431360DCE7002003B03A
:108B2C00F0BCBB46B246A946A046F0BD38000020BA
:108B3C00FFDFFFFF70B582B004000D001600C021EE
:108B4C0000922B0000224901FFF76EFF002818D17C
:108B5C0000962B00002280212000FFF7F5FE002854
:108B6C0016D1C02100962B000022C9002000FFF76F
:108B7C005BFF00280AD0236E2022134323660320B8
:108B8C0004E0236E202213432366032002B070BD41
:108B9C00236E2022134323660320F7E770B5041ECF
:108BAC0000D178E0436A002B07D142680533FF33CC
:108BBC009A4205D00023C36102E0002303614361A4
:108BCC000023A3625D33E35C002B5AD05D230222A9
:108BDC00E2542268136840218B431360E368E0225F
:108BEC00D200934254D90022F02109018B4205D0C6
:108BFC00E021C9008B4201D00023A362636882216B
:108C0C0049000B40A1688420000201400B432069FD
:108C1C00022101400B436069012108400343A06914
:108C2C008025AD0028400343E569382028400343E4
:108C3C00256A802028400343A06A8025AD01284086
:108C4C00256803432B60608B04230340656A102066
:108C5C0028400343656B082028400343E068F02557
:108C6C002D01284003432068134343602268D369D5
:108C7C000A480340D361002323665D33E15400208E
:108C8C0070BD5C330022E2542000FEF7F3FF9DE739
:108C9C0080225201A8E70120F2E7C046FFF7FFFF50
:108CAC00F0B5CE4600B584B00400019191461D008C
:108CBC005C23C35C012B00D1C9E05C230122C254AC
:108CCC00FDF7FCFA06005D23E35CDFB2012B00D05C
:108CDC00B4E00199002900D1B1E04B46002B00D142
:108CEC00ADE05D230322E25400232366A1634A46D0
:108CFC00A287E28723644422A3520232A352236543
:108D0C00E364A26880231B029A421ED02268136877
:108D1C005B0603D4136840210B431360E268E02325
:108D2C00DB009A423DD96368002B02D04B46012BE5
:108D3C0020D1A26B23681288DA60A36B0233A36381
:108D4C00E38F013B9BB2E38714E022681368402158
:108D5C008B431360226811688023DB010B43136083
:108D6C00D4E7FDF7ABFA801BA84201D36B1C13D1DF
:108D7C00002D11D0E38F002B45D0226893689B0700
:108D8C00EFD5A36B1B88D360A36B0233A363E38F74
:108D9C00013B9BB2E387EDE75D230122E2540327FD
:108DAC004DE06368002B02D04B46012B14D1A26B13
:108DBC00236812781A73A36B0133A363E38F013B0F
:108DCC009BB2E38708E0FDF779FA801BA84201D338
:108DDC006B1C13D1002D11D0E38F002B13D0226804
:108DEC0093689B07EFD5A36B1B781373A36B0133AD
:108DFC00A363E18F013989B2E187EDE75D2301229D
:108E0C00E25403271BE0320029002000FFF792FEFA
:108E1C00002801D020232366A368002B06D10393DE
:108E2C002368DA6803929B680393039B236E002BE1
:108E3C0005D15D330122E254002700E002275C23B8
:108E4C000022E254380004B080BCB946F0BD0227C1
:108E5C00F8E70000F0B583B00400009101921E0009
:108E6C00089D5C23C35C012B00D116E15C2301221D
:108E7C00C254FDF723FA07005D23E35CD9B26268A4
:108E8C00012B0BD082235B009A4200D0F3E0A36845
:108E9C00002B00D0F5E0042900D0F4E0009B002B5F
:108EAC0000D1F2E0019B002B00D1F0E0002E00D1AC
:108EBC00EFE05D23E35C042B02D05D230522E2543A
:108ECC0000232366019A22644622A652023AA65235
:108EDC00009AA263E687A687E3642365E268E02331
:108EEC00DB009A4223D9226853686D490B405360CA
:108EFC0023681A68520603D41A6840210A431A6080
:108F0C00E268E023DB009A4254D96368002B01D05D
:108F1C00012E0AD1A26B23681288DA60A36B02338C
:108F2C00A363E38F013B9BB2E38701262CE022680D
:108F3C00516880235B010B435360D9E7A36B1B88FB
:108F4C00D360A36B0233A363E38F013B9BB2E38734
:108F5C00002622689368DB070FD54623E35A002BC3
:108F6C000BD0D268236C1A80236C02332364462204
:108F7C00A35A013B9BB2A3520126FDF79FF9C01BDC
:108F8C00A84201D36B1C10D1E38F002B03D14633C5
:108F9C00E35A002B5ED0226893689B07D9D5E38FE8
:108FAC00002BD6D0012ED4D1C8E75D230122E25488
:108FBC00032061E06368002B01D0012E0AD1A26B63
:108FCC00236812781A73A36B0133A363E38F013BFD
:108FDC009BB2E38701261CE022689368DB070FD560
:108FEC004623E35A002B0BD0236C127B1A70236C94
:108FFC00013323644622A35A013B9BB2A3520126A0
:10900C00FDF75CF9C01BA84201D36B1C1DD1002DD0
:10901C001BD0E38F002B03D14633E35A002B19D01E
:10902C00226893689B07D7D5E38F002BD4D0012EF1
:10903C00D2D1A36B1B781373A36B0133A363E38FA0
:10904C00013B9BB2E3870026C6E75D230122E25475
:10905C00032011E03A0029002000FFF76BFD0028E7
:10906C0002D0202323660120236E002B13D15D3305
:10907C000122E25400E002205C230022E25403B0FF
:10908C00F0BD0220F8E70220F6E70120F4E701200A
:10909C00F2E70120F0E70120EEE70220EFE7C046FF
:1090AC00FFEFFFFF30B5036A046A0125AC4304628D
:1090BC008469EF35AC43120122430A24A3430B43CA
:1090CC008261036230BD000030B5036A046A10256A
:1090DC00AC4304628469054D2C4012032243A02446
:1090EC00A343090119438261016230BDFF0FFFFFE9
:1090FC003D23C35C012B27D13C330222C2540368AD
:10910C00144A934212D08022D20593420ED0124AB6
:10911C0093420BD0114A934208D0114A934205D086
:10912C001A6801210A431A6000200EE09A680D4962
:10913C000A40062A0AD007398A4209D01A68012146
:10914C000A431A60002000E0012070470020FCE771
:10915C000020FAE7002C0140000400400008004009
:10916C0000400140070001000368274A904209D0E3
:10917C008022D205904205D0244A904202D0244A43
:10918C00904203D1702293434A6813431E4A904283
:10919C0015D08022D205904211D01C4A90420ED09C
:1091AC001B4A90420BD01B4A904208D01A4A90425C
:1091BC0005D01A4A904202D0194A904203D1194A5A
:1091CC001A40CB681343802293434A6913430360CC
:1091DC008B68C3620B6883620B4B984208D00E4BB2
:1091EC00984205D00D4B984202D00D4B984201D1BC
:1091FC000B690363012343610269134203D00369C2
:10920C000122934303617047002C0140000400408D
:10921C000008004000200040004001400044014094
:10922C0000480140FFFCFFFF70B5041E2AD03D230F
:10923C00C35C002B20D03D2502236355210001C9BE
:10924C00FFF792FF01234822A3540A3AA354013298
:10925C00A3540132A3540132A3540132A35401325A
:10926C00A3540132A3540132A3540132A35401324A
:10927C00A3546355002070BD3C330022C254FEF74A
:10928C006BFDD8E70120F6E730B58468034D2C4020
:10929C001B0213430B432343836030BDFF00FFFFCE
:1092AC0070B50B000468A1682C4A11405A680A4337
:1092BC002B490A4019680A43A2605A68502A31D0D7
:1092CC000BD9602A35D0702A44D1D9689A681B69A9
:1092DC000068FFF7D9FF002070BD402A0DD02FD8B1
:1092EC00202A2FD005D8002A2ED0102A2ED10020CB
:1092FC00F2E7302A2CD10020EEE71A68052A2BD091
:10930C000268146A116A0125A943116201688A690D
:10931C00EF35AA431B691B0113438B6103681C6265
:10932C000020D9E799681A690068FFF7BBFE002096
:10933C00D2E799681A690068FFF7C6FE0020CBE7F0
:10934C000120C9E70020C7E70020C5E70120C3E7DB
:10935C000120C1E70120BFE70120BDE78FFFCFFF50
:10936C00F8FFFEFF10B504003C23C35C012B22D098
:10937C003C230122C25401330132C254FFF790FF47
:10938C00002810D12268D36840218B43D360226817
:10939C00D3680A490B40D3603D230122E254013BC0
:1093AC000022E25410BD3D230122E254013B002275
:1093BC00E2540120F6E70220F4E7C046FFBFFFFFAE
:1093CC0030B53C23C35C012B33D03C230122C25467
:1093DC0001330132C254026853689568164CA2429C
:1093EC0022D07024A3430C68234353600368124AB1
:1093FC0093420CD08022D205934208D00F4A93425C
:10940C0005D00F4A934202D00E4A934204D18022D7
:10941C0095438A682A439A603D230122C254013B3A
:10942C000022C254002030BD074C23404C6823431B
:10943C00D7E70220F7E7C046002C014000040040AB
:10944C000008004000400140FFFF0FFF30B5EFF374
:10945C001084012282F3108801680B68124D2B4096
:10946C000B6084F31088EFF3108182F3108802688C
:10947C0093680E4C2340936081F31088C36E012BCC
:10948C0006D08C232022C2500023C366436730BD14
:10949C00EFF3108183F31088026813681024A34340
:1094AC00136081F31088ECE7DFFEFFFFFEFFFFEF98
:1094BC00F8B50400016883680269134342691343D9
:1094CC00C26913430A68B048024013430B60226818
:1094DC005368AE490B40E1680B435360A1692268A5
:1094EC00AB4B9A4204D0AB4B9A4201D0236A19433E
:1094FC009368A94803400B4393602268D36A0F21F9
:10950C008B43616A0B43D3622368A44A934219D0FC
:10951C00A34A934227D0A34A934235D0A24A9342FE
:10952C0000D188E0A14A934200D19DE0A04A934229
:10953C0000D19BE0964A934237D0964A93424CD046
:10954C00102279E09B4A516D03220A40022A5CD01A
:10955C0005D8002A5BD0012A5BD103326CE0032AC8
:10956C0059D1053268E0934A516D0C220A40082A01
:10957C0053D005D8002A52D0042A5DD010225BE0CB
:10958C000C2A4ED1043A57E08A4A516D30220A40D7
:10959C00202A48D005D8002A47D0102A47D10C3AA7
:1095AC004AE0302A45D1283A46E0824A526DC02121
:1095BC0009010A40802109018A4259D007D8002AA2
:1095CC0058D08021C9008A4256D1042234E0C021EF
:1095DC0009018A4252D108222EE0764A526DC021EE
:1095EC0089000A400139FF398A4249D007D8002A3C
:1095FC0048D00139FF398A4246D104221CE0C021EF
:10960C0089008A4242D1082216E0022214E000228C
:10961C0012E0102210E010220EE002220CE00022D8
:10962C000AE0102208E0022206E0002204E01022E8
:10963C0002E0102200E0002255498B4228D0554907
:10964C008B4225D0E06980231B0298426AD0042A01
:10965C0000D1E1E000D9BEE0002A00D1C2E0022A2C
:10966C0000D0B6E05448C1E00022E5E70022E3E771
:10967C000222E1E70022DFE71022DDE71022DBE720
:10968C000222D9E70022D7E71022D5E71022D3E730
:10969C00042A43D007D8002A0CD0022A01D1464D07
:1096AC000EE00120BEE0082A02D180252D0207E041
:1096BC000120B7E0FEF7B6FF0500002D00D1AEE0AB
:1096CC00626A3E4B5200D75A39002800F6F716FD55
:1096DC00666873009B19834200D9A2E0330383426E
:1096EC0000D2A8E03A00002328000021F6F7F4FE8F
:1096FC00050E0B022B430202700800218018594101
:10970C0032000023F6F7E8FE2D4BC2182D4B9A427F
:10971C0000D992E02368D860002083E0FEF75AFE5F
:10972C000500CAE7042A51D007D8002A09D0022A1A
:10973C0001D121480AE0012074E0082A06D001205A
:10974C0070E0FEF76FFF002800D178E0626A1B4BD7
:10975C005200D15AF6F7D2FC400061684B08C01891
:10976C00F6F7CCFC0200103A174B9A4200D968E08D
:10977C0082B20F239A434008083B034013432268EC
:10978C00D36000204EE0C046F369FFCFFFCFFFFF50
:10979C000080004000840040FFF4FF1100380140BD
:1097AC000044004000480040004C00400050004085
:1097BC00003C0140001002400024F4007C2A010807
:1097CC0000FDFFFFFFFC0F00EFFF0000FEF702FEA5
:1097DC00B9E7012026E0082A02D18020000205E02A
:1097EC0001201FE0FEF71EFF00282CD0626A184BE8
:1097FC005200D15AF6F782FC61684B08C018F6F794
:10980C007DFC0200103A134B9A421ED823680004C8
:10981C00000CD860002005E0FEF7DCFDE4E700203A
:10982C0000E0012001236A22A352023AA352002332
:10983C006367A367F8BD0120F4E70120F2E700207D
:10984C00F0E70120EEE70020ECE70120EAE7C04654
:10985C007C2A0108EFFF0000836A1B0706D502680B
:10986C0053682C490B40816B0B435360836ADB07B5
:10987C0006D50268536828490B40C16A0B435360F4
:10988C00836A9B0706D50268536824490B40016B19
:10989C000B435360836A5B0706D502685368204903
:1098AC000B40416B0B435360836ADB0606D50268A1
:1098BC0093681C490B40C16B0B439360836A9B06F6
:1098CC0006D50268936818490B40016C0B439360F2
:1098DC00836A5B060BD50268536814490B40416CD4
:1098EC000B435360426C80235B039A420AD0836A19
:1098FC001B0606D5026853680D490B40C16C0B431F
:10990C0053607047026853680A490B40816C0B43E3
:10991C005360ECE7FF7FFFFFFFFFFDFFFFFFFEFF44
:10992C00FFFFFBFFFFEFFFFFFFDFFFFFFFFFEFFF7F
:10993C00FFFFF7FFFFFF9FFFF8B5CE46474680B508
:10994C0006000D0017009946089B98463368DC69A1
:10995C002C40641B63425C41BC4233D1434601330F
:10996C00F4D0FCF7ABFC4B46C01A40452FD843460D
:10997C00002B2ED0326813685B07E7D5802DE5D01D
:10998C00402DE3D0D3691B0710D4D3691B05DDD55B
:10999C0080231B0113623000FFF758FD9023202217
:1099AC00F2500C3B0022F25403200CE00824146209
:1099BC003000FFF74BFD9023F4500C3B0022F25487
:1099CC00012000E00020C0BCB946B046F8BD032021
:1099DC00F9E70320F7E7F0B5C64600B582B00400FE
:1099EC000D0090461E008823C358202B65D10029FA
:1099FC0068D0002A68D0826880235B019A4204D127
:109A0C000369002B01D1CB0760D490230022E250D4
:109A1C00083B2132E250FCF751FC0700542342462C
:109A2C00E2520233E252A26880235B019A4202D0D6
:109A3C000023984618E02369002B29D00023984670
:109A4C0012E088232022E250032037E043461B8893
:109A5C002268DB05DB0D936202239C46E04456230F
:109A6C00E25A013A92B2E2525623E35A002B12D038
:109A7C0000963B00002280212000FFF75DFF0028AC
:109A8C00DFD1002DE2D02A7823689A620135E6E70F
:109A9C00A8460025E8E700963B0000224021200064
:109AAC00FFF74AFF002803D188232022E25005E06B
:109ABC0088232022E250032000E0022002B080BC68
:109ACC00B846F0BD0120F9E70120F7E70120F5E7E2
:109ADC00F0B5C64600B584B004000E0015001F009A
:109AEC008C23C358202B00D08AE0002900D18CE0B5
:109AFC00002A00D18BE0826880235B019A4205D159
:109B0C000369002B02D1CB0700D582E00023902201
:109B1C00A350043A2221A150E366FCF7CFFB804608
:109B2C005C23E5520233E552A36880225201934232
:109B3C0008D0002B15D12269002A0ED16032FF21EA
:109B4C00A15215E02269002A03D160323249A15298
:109B5C000EE06022FF21A1520AE060227F21A15277
:109B6C0006E08022520593420BD060220021A152C4
:109B7C006022A25A03928022520193420CD00025FB
:109B8C001FE02269002A03D160327F21A152EFE746
:109B9C0060223F21A152EBE72369002B28D000253E
:109BAC000FE08C232022E25003202AE023685B6A1A
:109BBC00039A13402B8002355E23E25A013A92B28B
:109BCC00E2525E23E35A002B15D000974346002245
:109BDC0020212000FFF7B0FE0028E2D1002EE5D0B6
:109BEC0023685B6A6A46127B134033700136E3E7E5
:109BFC0035000026E5E78C332022E250002000E0FF
:109C0C00022004B080BCB846F0BD0120F9E7012069
:109C1C00F7E70120F5E7C046FF01000030B583B03F
:109C2C00040090230022C250FCF748FB0500236877
:109C3C001B681B0710D423681B685B072BD42023DD
:109C4C008822A3500432A3500023E3662367083A0A
:109C5C00A354002003B030BD8021234B009303009C
:109C6C00002289032000FFF767FE0028E3D0EFF302
:109C7C001081012383F310882268136880208343AA
:109C8C00136081F3108888232022E250043B0022C9
:109C9C00E2547D38DEE78021134B00932B00002229
:109CAC00C9032000FFF748FE0028C8D0EFF310804E
:109CBC00012282F3108821680B680C4D2B400B603D
:109CCC0080F31088EFF3108082F3108821688B6882
:109CDC0093438B6080F310888C231F32E250083B37
:109CEC000022E2540320B5E7FFFFFF01DFFEFFFF78
:109CFC0010B5041E30D08823C358002B22D08823E3
:109D0C002422E2502268136801218B431360A36A5A
:109D1C00002B1DD12000FFF7CBFB012811D02268AE
:109D2C0053680E490B405360226893682A218B4379
:109D3C0093602268136829390B4313602000FFF7E6
:109D4C006DFF10BD84330022C254FEF719F8D6E71C
:109D5C002000FFF781FDDDE70120F2E7FFB7FFFFF1
:109D6C00F8B50400436E002B05D101336A228352EF
:109D7C00023A8352F8BD026895686D0E07231D40A8
:109D8C009268520F1340084FF85CC000074EF15C0C
:109D9C00F6F73EFA6A23E052785DC000715DF6F783
:109DAC0037FA6823E052E5E79C2A0108942A010857
:109DBC0070B504008423C35C012B19D084250120C9
:109DCC00605588262423A3512268136811688143A7
:109DDC001160802292051343626622681360200092
:109DEC00FFF7BEFF2023A35100236355002070BD55
:109DFC000220FCE770B58423C35C012B15D08424AE
:109E0C0001260655882524234351026813681168DE
:109E1C00B1431160064A13400022426601680B6090
:109E2C00202343510255002070BD0220FCE7C046A0
:109E3C00FFFFFFDFF8B504000A008423C35C012B8D
:109E4C001BD084250120605588262423A351236828
:109E5C001F6819688143196020688368DB00D90882
:109E6C00114381602000FFF77BFF23681F602023D4
:109E7C00A351002363550020F8BD0220FCE700002D
:109E8C00F8B504000B008422825C012A1BD08425C7
:109E9C000120605588262422A25122681768116877
:109EAC008143116022689168084801401943916010
:109EBC002000FFF755FF23681F602023A3510023C8
:109ECC0063550020F8BD0220FCE7C046FFFFFFF100
:109EDC00FEE7FEE77047704710B5FCF7E3F9FAF7B9
:109EEC00DFF910BD10B50248FDF766F910BDC0468C
:109EFC00542000200120704710B501F023FE1623DA
:109F0C0003600120404210BD10B501214942FFF70A
:109F1C00F3FFFEE770B50C001600002504E0F8F71F
:109F2C00BDFA207001350134B542F8DB300070BD4C
:109F3C0070B51600002405E04D1C0878F8F79EFA61
:109F4C0001342900B442F7DB300070BD01204042DF
:109F5C00704780239B014B600020704701207047A5
:109F6C000020704710B503000C4A0D49521A0D49D8
:109F7C000968002907D00B490868C318934206D812
:109F8C00084A136010BD074907480860F3E701F061
:109F9C00D9FD0C23036001204042F3E7004002206E
:109FAC00000400001C21002078220020704710B50E
:109FBC0000F02CF910BD10B500F0DEF910BD10B595
:109FCC0000F0E4F910BD10B500F028FA10BD10B582
:109FDC0000F07EFA10BD000010B586B00F21694468
:109FEC00087017246C44054832230093313B22003F
:109FFC00FEF730FF207806B010BDC046D41E0020FE
:10A00C0070B50600FCF75AF90500FF20FFF7E4FFD6
:10A01C000400FF2804D0FCF751F9401BB042F4D3E4
:10A02C002000FF384342584170BDF8B507000E00C0
:10A03C00002405E03D19FF20FFF7CEFF2870013406
:10A04C00B442F7D3F8BD000010B501220221034839
:10A05C00FDF753FCFF20FFF7BFFF10BD00040050BD
:10A06C0010B5002202210948FDF747FCFF20FFF73D
:10A07C00B3FFFA204000FFF7C3FF041E02D00124F7
:10A08C00200010BDFFF7E0FFFAE7C04600040050C7
:10A09C0070B504000D0043B2002B20DB0C2C05D056
:10A0AC00FFF7D2FFFFF7DCFF00283AD04020204317
:10A0BC00C0B2FFF791FF280EFFF78EFF280CC0B23D
:10A0CC00FFF78AFF280AC0B2FFF786FFE8B2FFF756
:10A0DC0083FF002C0DD0082C1DD001200AE07F231B
:10A0EC001C4000213720FFF7D3FF02000128D5D9EF
:10A0FC000FE09520FFF770FF0C2C0ED00A24FF20E8
:10A10C00FFF76AFF0200000603D5013CE4B2002C05
:10A11C00F5D1100070BD8720ECE7FF20FFF75CFF46
:10A12C00ECE7FF22F5E7000010B501238AB2034CDF
:10A13C005B4201002000FEF7B3FD10BDD41E0020D1
:10A14C0070B504000D00FA204000FFF759FF0028FD
:10A15C0000D170BD2800FFF73FFFFD2D01D101207C
:10A16C00F7E7802189002000FFF7DEFFFF20FFF7D3
:10A17C0033FFFF20FFF730FFFF20FFF72DFF1F23DA
:10A18C000340052B01D10120E3E70020E1E70000AB
:10A19C0010B50400FCF792F8024B1860024B1C60DF
:10A1AC0010BDC046242100202021002010B5FCF752
:10A1BC0085F8044B1B68C01A034B1B6898428041FE
:10A1CC00404210BD242100202021002070B5050044
:10A1DC000E00C820FFF7DCFFFF20FFF7FDFE040098
:10A1EC00FF2803D1FFF7E2FF0028F5D1FE2C01D0A8
:10A1FC00002070BD31002800FFF717FFFF20FFF78C
:10A20C00EBFEFF20FFF7E8FE0120F2E770B582B00D
:10A21C00002800D0A7E0554B1B789B0710D4544B5B
:10A22C001A68136838218B4308390B4313600A24CE
:10A23C00002C09D0FF20FFF7CFFE013CE4B2F7E77A
:10A24C004A4B1878C0B21EE000210020FFF720FF17
:10A25C0005000600012818D0464B1C70FFF7F4FED1
:10A26C00002C00D17BE0424B1A68136838218B43D9
:10A27C0028390B4313603D4A13780F398B43137005
:10A28C003A4B1878C0B202B070BDFA208000FFF7CC
:10A29C007FFFD52149000820FFF7FAFE012839D1AC
:10A2AC00250006E0FF20FFF797FE01AB585501355E
:10A2BC00EDB2032DF6D901AB9B78012BCCD101ABC0
:10A2CC00DB78AA2BC8D1FFF771FF002806D08021BC
:10A2DC00C905A920FFF7DCFE0028F4D1FFF766FFC3
:10A2EC00002801D10400B7E700213A20FFF7D0FE87
:10A2FC00051E07D0B0E7FF20FFF76EFE01AB5855E7
:10A30C000135EDB2032DF6D901AB1B785B0624D5D4
:10A31C000C24A1E70021A920FFF7BAFE01280FD9D0
:10A32C00FFF744FF002805D000213000FFF7B0FEF6
:10A33C000028F5D1FFF73AFF002804D104008BE781
:10A34C000225A926ECE7802189001020FFF7A0FE4A
:10A35C00002800D080E72C007EE704247CE7034B28
:10A36C0001221A708CE701208DE7C04650000020B6
:10A37C00D41E002028210020002803D1024B18787D
:10A38C00C0B270470120FCE75000002070B50D00F2
:10A39C0011001C00002837D1002B37D01D4B1B7827
:10A3AC00DB0735D41C4B1B781B0700D45102012C46
:10A3BC001CD01220FFF76CFE002811D180218900DF
:10A3CC002800FFF703FF002806D080239B009C4643
:10A3DC006544013C002CF1D100210C20FFF758FE04
:10A3EC00FFF732FE631E9C41E0B270BD1120FFF7F7
:10A3FC004FFE0028F4D1802189002800FFF7E6FEEB
:10A40C000028EDD00024EBE70420EEE70420ECE775
:10A41C000320EAE7500000202821002070B50D0031
:10A42C0016001C00002847D1002B47D0264B1B7868
:10A43C00DB0745D4244B1B785B0743D4234B1B7899
:10A44C001A0700D47602012C21D006221A422CD1F4
:10A45C0031001920FFF71CFE002812D1FC21280026
:10A46C00FFF76EFE002806D080239B009C466544B7
:10A47C00013C002CF2D1FD210020FFF761FE0028E9
:10A48C0018D0FFF7E1FD631E9C41E0B270BD3100B6
:10A49C001820FFF7FDFD0028F3D1FE212800FFF75F
:10A4AC004FFE0028EDD00024EBE721009720FFF7AA
:10A4BC00EFFDCDE70124E4E70420E7E70420E5E71E
:10A4CC000320E3E70220E1E75000002028210020D0
:10A4DC0070B584B00C001600002800D0FEE0814B53
:10A4EC001B78DB0700D5FBE003295CD011D80029D1
:10A4FC001BD001290BD100210920FFF7C9FD051E36
:10A50C001AD02500FFF7A0FD280004B070BD04256B
:10A51C00F8E7042907D1744B1B7806221A4200D0A5
:10A52C009DE00125EEE70425ECE7FFF799FD0028F7
:10A53C0000D0C9E00125E5E710216846FFF746FE8B
:10A54C00002800D1C2E06B461B789B09012B1BD065
:10A55C006A4651790F230B40917AC9095B18507ADE
:10A56C004000062101405918137A9B09D0798000CC
:10A57C001B1892799202C020000102409B180133F3
:10A58C0007398B403360BDE76A46537A117A09026A
:10A59C005B18D2791204FC2189030A409B18013301
:10A5AC009B023360AEE7504B1B785B0722D5002132
:10A5BC008D20FFF76DFD002801D00125A2E7FF30AB
:10A5CC00FFF70AFD10216846FFF700FE00280FD1A7
:10A5DC00012597E7FF20FFF7FFFC013DEDB2002DB1
:10A5EC00F8D16B469A7A120910239340336089E7AD
:10A5FC003025F4E700210920FFF74AFD041E01D0A5
:10A60C0001257FE710216846FFF7E0FD00285FD0A9
:10A61C00354B1B78022215001D401A420FD06A469A
:10A62C00917A49007E230B40D17AC9095B1801331A
:10A63C00527B9209013A93403360250062E76946E8
:10A64C008B7A9B101F221A400132C97AC80018233A
:10A65C00034049095B1801335343336052E76A46A0
:10A66C000B21FFF735FF002834D16B461B789B0973
:10A67C0003D16B469B7A5B062ED5316874681A4BF6
:10A68C001B781B0701D4490264022020FFF700FD50
:10A69C00002801D0012535E721002130FFF7F8FC17
:10A6AC00002801D001252DE700212630FFF7F0FC12
:10A6BC00051E01D0012525E70C48FFF7A1FC002859
:10A6CC0000D01FE701351DE725001BE7250019E722
:10A6DC00012517E7012515E7012513E7042513E7E5
:10A6EC00032511E7500000202821002030750000C0
:10A6FC000D488546FFF75AFC0C480D490D4A0023BE
:10A70C0002E0D458C4500433C4188C42F9D30A4A1A
:10A71C000A4C002301E013600432A242FBD301F087
:10A72C0017FAFBF795FCFEE7004002200000002022
:10A73C001C020020DC2F01081C02002078220020C3
:10A74C00FEE710B5002100F0E7FE10BD10B50A229F
:10A75C00002100F079FF10BD10B5034B0100186803
:10A76C0000F030F810BDC046CC01002010B5034BF2
:10A77C000100186801F02AFA10BDC046CC01002077
:10A78C0070B50F4E0D0031680400002902D101F0A4
:10A79C00B3F930602900200001F0AEF9431C03D15D
:10A7AC0001256D42280070BD0323C51C9D43A842A2
:10A7BC00F8D0291A200001F09FF90130F2D1EFE70F
:10A7CC002C210020F7B50322CB1C93430833050042
:10A7DC001F000C2B34D20C27B94233D8280000F0C0
:10A7EC0071F8374E33681C00002C2FD1390028002B
:10A7FC00FFF7C6FF0400431C5FD134680094009B34
:10A80C00002B4AD1002C52D023682800E318009961
:10A81C00019301F071F9019B834248D12368280010
:10A82C00FF1A3900FFF7ACFF013040D02368DB1969
:10A83C00236033685A68002A33D1009B336019E0D7
:10A84C00002BC9DA0C232B600020FEBD2168C91B2C
:10A85C0020D40B290AD9E2192760A34204D1326013
:10A86C0063681160536005E05A60F9E76268A342BF
:10A87C000ED13260280000F02DF8200007220B309A
:10A88C00231D9043C21A9842DFD01B1AA350DCE759
:10A89C005A60EFE723006468A6E7009C63680093A6
:10A8AC00ADE71A005B68A342FBD10023DAE70C2367
:10A8BC0028002B6000F00EF8C6E70760DAE7C04608
:10A8CC003021002010B5024801F067F910BDC046D8
:10A8DC007422002010B5024801F060F910BDC0468A
:10A8EC007422002070B516000D0002F0BFF8002E87
:10A8FC000DD06B236A00520D9B1A002B07DD002430
:10A90C00034A1B059D182B00220005F0D3FA70BDDD
:10A91C000000F03FF0B5A1B01992002200260027EC
:10A92C00049008911C921B910A7807912B2A20D035
:10A93C000CD80D2A06D8082A06D8002A0FD00023D6
:10A94C000D938DE0202AFAD10131ECE72D2A12D19A
:10A95C002C3A481C1B900D924A78002A40D1089B37
:10A96C001B9300230D93199B002B2DD13000390024
:10A97C0034E00022EDE700210D9100210991302AED
:10A98C0000D06EE0079A203152788A4307994D1C0B
:10A99C00582A5BD102930D9BB94A01931CAB0093CF
:10A9AC0004981DAB1BA901F0C3F90F2302001A4038
:10A9BC0004000592184204D0062A13D100231B95DB
:10A9CC000D93199B002B02D01B9B199A13600D9BA6
:10A9DC00002BCBD0802330001B06F91821B0F0BD22
:10A9EC000790CAE71C9A002A07D035211EA802F04E
:10A9FC0033F91C99049801F0E3FC059801380428FC
:10AA0C0006D8F5F767FB12031D1F12001E9E1F9F31
:10AA1C00E40502D580231B061F439A4B3B42D0D141
:10AA2C0001F090F822230360CBE797491F9A1D9BF6
:10AA3C000A4096491E9E5B181B051A431700E7E750
:10AA4C00904FE5E70126924F7642E1E72B001B95EC
:10AA5C001B7807950135302BF8D0002BB1D0012392
:10AA6C00099300250A2210950695079B06995C5CB4
:10AA7C002300303B092B31D9069A079B854998183E
:10AA8C00012200F0EEFF00283DD000202300844678
:10AA9C00069A0E9005922022190091430A0000217B
:10AAAC000C91452A00D0B8E0059B099A0343134347
:10AABC008B4200D153E71B9B089301331B93089BDC
:10AACC005B782B2B75D02D2B7BD011911A00303A43
:10AADC00092A7CD9089A1B9200229DE0069B082B20
:10AAEC000CDC109B5343303BE3181093069B013353
:10AAFC0006930699079B5B181B93B6E72B005343F1
:10AB0C00303BE518F2E71B9B5A1C1B92069A5B78AC
:10AB1C00002A35D00E9005921A00303A092A12D923
:10AB2C0001229446B7E71B9B01305A1C1B925B78A1
:10AB3C00302BF8D01A00313A082A35D80E90002064
:10AB4C001B9A059007921900421C3039302B11D0FA
:10AB5C000A240E9B9B180E93059BC0185A1C83420B
:10AB6C0010D10592082B18DC0A23109A53430022AB
:10AB7C00CB1810931B9B1000591C1B915B78CBE7D7
:10AB8C000698D5E7082B04DC109B63431093130045
:10AB9C00E4E7102AFBDC6543F9E700220F2BE9DC24
:10ABAC000A235D434D19E5E700220E92059201320E
:10ABBC00B7E700231193089B02331B93089B9B78E8
:10ABCC0084E70123F6E71B9B5A1C1B925B78302B06
:10ABDC00F9D000220C921A00313A082A1DD8303BC9
:10ABEC001C001B9B0C93591C1B910B7812911A0087
:10ABFC00303A0131092A3CD90C99129A521A264939
:10AC0C000C91082A03DC0C948C4200DD0C91119AF7
:10AC1C00002A02D00C9A52420C92059A002A60D15A
:10AC2C00099A104300D0CCE66246002A00D096E682
:10AC3C00692B3AD036DC492B37D04E2B00D08EE620
:10AC4C0016491BA801F0AAFA002800D187E61B9B25
:10AC5C001B78282B3FD11EAC220011491BA801F0F8
:10AC6C00B1FA052837D11F9B064A1E9E1A431700BE
:10AC7C00A7E60A226243D218303A1400B4E7C04661
:10AC8C00D42C01080000F07FFFFFEFFF330400001D
:10AC9C00FFFFFF7F042B01081F4E00000F2B010844
:10ACAC00C02C01086E2BCBD059E694491BA801F09F
:10ACBC0075FA002800D152E61B9B9149013B1BA859
:10ACCC001B9301F06BFA002802D11B9B01331B93E1
:10ACDC0000268C4F75E68C4800F072FF06000F00C2
:10ACEC006FE60C9B0E9A9B1A0993069B002B01D1C5
:10ACFC00059B0693059C102C00DD1024109806F083
:10AD0C0043F8059B06000F00092B12DC099B002B56
:10AD1C0000D156E6099B002B74DD162B59DC7B49C0
:10AD2C00DB00C9183200086849683B0005F0C2F81E
:10AD3C00D4E72200754B093AD2009B181A685B685D
:10AD4C0005F0B8F8060028000F0006F01DF80B00FF
:10AD5C0002003900300004F051F8059B06000F008A
:10AD6C000F2BD3DD059B099A1B1B9918002900DCBE
:10AD7C009DE00F220B000C0013409443114251D163
:10AD8C009A235B009C425DDC002330003900604D4F
:10AD9C0024110893012C78D1002B01D006000F0050
:10ADAC005C4B089AFF185A4BD5005D193200286885
:10ADBC0069683B0005F07EF8524B574A06000B4081
:10ADCC0093423FD8554A93426DD90126544F76424F
:10ADDC0035E02523059A9B1A099A9342C2DB0F246E
:10ADEC00059B4A4DE41AE10069183200086849686D
:10ADFC003B0005F05FF8099B1C1BE4002D192A6829
:10AE0C006B6893E7099B1633ACDB0C990E9A3F4B9E
:10AE1C00521AD2009B1830001A685B68390004F093
:10AE2C0007FC5BE73949DB00C91832000868496840
:10AE3C003B0005F03FF806000F00002CA0D10023CA
:10AE4C000893A4E000230593069310930793222301
:10AE5C000026049A2B4F1360109BB34200D1B0E52F
:10AE6C001C99049801F0ACFA0799049801F0A8FA1F
:10AE7C000699049801F0A4FA1099049801F0A0FA2C
:10AE8C000599049801F09CFA9BE50122144204D028
:10AE9C002A686B6805F00EF80123089A64100132D9
:10AEAC000892083576E7D4239B04CF18C7E700290E
:10AEBC00C5D049420F230A000C111A4019420FD178
:10AECC001F2C2FDD00230593069310930793222349
:10AEDC00049A00261360109B0027002BC0D170E54C
:10AEEC000A4BD2009B1830001A685B68390004F0DA
:10AEFC009FFB06000F00002CA1D0E1E7062B0108F8
:10AF0C00092B01080000F07FBD2C0108482E010818
:10AF1C00202E01080000B0FC0000A07C0000907CFA
:10AF2C00FFFFEF7F102322001A4008921C4201D031
:10AF3C005A330893300039000023C14D01221442CA
:10AF4C0004D02A686B6804F0B5FF0123641008353F
:10AF5C00002CF3D1002B01D006000F00089B002B16
:10AF6C000DD06B237A00520D39009B1A002B06DD95
:10AF7C001F2B5CDD0026342B52DDDC27BF040022A6
:10AF8C00002330003900F5F73FFA00289AD1109BC6
:10AF9C00069A00930799059B049801F079FA109092
:10AFAC00002800D14EE7099B0C99DB430E9ADB1766
:10AFBC00521A1292099A1299D2171140099A1291A7
:10AFCC001A400023189205930693109B0498596815
:10AFDC0001F0B4F90790002800D138E7109B0C3031
:10AFEC0019001A690C310232920000F0E0FD1EAB20
:10AFFC0001931DAB009332003B0004980E960F9703
:10B00C0001F0A0FD1C90002800D120E7012104983C
:10B01C0001F0DAFA069000280ED10023069316E709
:10B02C004B239A1A4C3B934019400F00A7E701227F
:10B03C0052429A401640A2E71D9B189A129DD41AB0
:10B04C00002B01DB189C5D1908991E9A5B1A36219E
:10B05C009B188A1A7B4901208C460021013B1391D5
:10B06C001490634506DA6146C91A521A1F293FDC4F
:10B07C0088401490AB180C93A418089B0C9A1C19BC
:10B08C002B00954200DD1300A34200DD2300002BB2
:10B09C0004DD0C9AE41AD21A0C92ED1A129B002BB6
:10B0AC0016DD1A000699049801F052FB0690002850
:10B0BC00B3D001001C9A049801F09EFA119000285C
:10B0CC0000D1C4E61C99049801F07AF9119B1C93E9
:10B0DC000C9B002B12DC099B002B18DD189A07998E
:10B0EC00049801F035FB0790002810D10023ADE641
:10B0FC005549CB1A010099401391BAE70C9A1C9947
:10B10C00049801F087FB1C900028E4D19FE6002CEA
:10B11C0007DD22000799049801F07CFB07900028BA
:10B12C00E4D0002D08DD2A000699049801F072FB8A
:10B13C000690002800D18AE6079A1C99049801F021
:10B14C00F1FB0590002800D181E6C36806991193A4
:10B15C000023C36001F0CAFB00283EDA119B334385
:10B16C006AD10C973B0367D1D622384BD2043B40B3
:10B17C00934261D9059B5B69002B03D1059B1B692D
:10B18C00012B59DD05990122049801F043FB069926
:10B19C00059001F0ABFB00284EDD2C4B0C9A1A40AD
:10B1AC001300089A002A73D0D622D20493426FD887
:10B1BC00DC229204934200D889E630003900244BFB
:10B1CC00002204F077FE214B06000F000B4200D04A
:10B1DC0046E62223049A136042E60C97002874D1A9
:10B1EC00119A3B031B0B002A38D01A4A934237D1D1
:10B1FC000121089B494232000800002B0BD0D424BB
:10B20C00124B08003B40E404A34204D86C301B0DE5
:10B21C00C31A99400800824222D10F4B0C999942D3
:10B22C0002D1013200D112E6084B0C9A00261A40CA
:10B23C001300802252039F18089B002BBDD10FE6F0
:10B24C00E82C010802FCFFFFE2FBFFFF0000F07F8F
:10B25C0000005039FFFF0F00FFFFEF7F33439CD0FE
:10B26C00139B002B1CD00C9B139A1342E4D0119B04
:10B27C0030003900089A002B16D0FFF733FB020080
:10B28C000B000E980F9903F0B9FD06000F00D3E7E1
:10B29C000126914A76429B18904A1A431700CBE735
:10B2AC00149B3342C8D0E2E7FFF71CFB02000B00F3
:10B2BC000E980F9905F0C6F80022002306000F0027
:10B2CC00F5F7A2F80028B7D001E60699059801F029
:10B2DC0099FC80230022DB0504000D00F5F7A4F88F
:10B2EC0000286CD0119B002B77D1002E57D10C9BD2
:10B2FC001B035AD1002220002900794BF5F78AF85C
:10B30C00002859D1200029000022764B04F0D2FDF0
:10B31C0004000D0080231B06EB180A940B930A9A69
:10B32C000B9B14921593704A0C9B13401393139A16
:10B33C006E4B9A4200D087E06D4A0C9B9446634456
:10B34C001F003000190001F091FB0A9A0B9B04F0CE
:10B35C00B1FD32003B0003F051FD634A654B060022
:10B36C000A409A4240D90F9B634A934203D10E9BE9
:10B37C00013300D16BE501265F4F76421C9904988E
:10B38C0001F01EF80799049801F01AF80699049830
:10B39C0001F016F80599049801F012F815E6012E43
:10B3AC0003D10C9B002B00D191E50023534C4C4D49
:10B3BC000A930B940024B2E700244A4DAAE720001C
:10B3CC002900484B002204F075FD119B04000D0070
:10B3DC00002B9FD00A940B95A1E70023404C25002D
:10B3EC000A930B941C009AE7D4239B04CF18089B58
:10B3FC00002BC3D13C4B139A3B409A42BED1200048
:10B40C00290002F0B9FB02F0F1FB02000B00200056
:10B41C00290005F017F83B03119A1B0B3343134318
:10B42C0004000D00364A002B52D0364BF4F7F2FFD5
:10B43C00002800D014E520002900334A294BF4F7EA
:10B44C00FDFF00289AD00BE5089B002B2AD0D423B3
:10B45C00139ADB049A4225D8200029002B4A2C4B46
:10B46C00F4F7E2FF002816D02000290002F066FB5A
:10B47C00002800D1013005F087FC119B04000D0061
:10B48C00002B22D180231B06CB1816901793169AEB
:10B49C00179B14921593D622159BD2049B18139AC2
:10B4AC009B1A15930E980F99149E159F01F0DEFAB6
:10B4BC0002000B003000390004F0FCFC0E9A0F9BCC
:10B4CC0003F09CFC06000F0091E716941795DEE73D
:10B4DC00104BF4F79FFFB4E70000F0FFFFFF0F00E5
:10B4EC000000F03F0000E03F0000F07F0000E07F34
:10B4FC000000B0FCFFFF9F7CFFFFEF7F0000F0BF60
:10B50C009535A094FFFFDF3F35E5AF350000C0FF58
:10B51C00FFFFDF41FFFFCF3F10B5044C0A000100D5
:10B52C00034B2068FFF7F6F910BDC046CC01002094
:10B53C0060000020F0B585B017001E00039001914B
:10B54C00242B23D80C00012B20D03D4B08229C46E9
:10B55C00230061461D780134485D01001140104202
:10B56C00F6D12D2D19D125789C1C01230093102286
:10B57C00330093431DD1302D15D1202123788B43DB
:10B58C00582B10D165780234102612E000F0DAFA4C
:10B59C0016230360002005B0F0BD00912B2DE6D1E1
:10B5AC0025789C1CE3E7002EEED10A36302D00D115
:10B5BC00023E244A009B94466344310018000293D7
:10B5CC00F4F722FE0022844610002B00303B092B9E
:10B5DC0011D81D00AE421DDD531C09D00122524270
:10B5EC00844505D301D1A94211DB012270432818EF
:10B5FC0025780134E9E72B00413B192B01D8373D65
:10B60C00E8E72B00613B192B04D8573DE2E70122F8
:10B61C005242EDE7531C08D12223039A029813607F
:10B62C00002FB8D0631E019307E0009B002B00D0C5
:10B63C004042002FAFD0002AF4D1019B3B60AAE717
:10B64C00112D0108FFFFFF7F10B5044C13000A00F9
:10B65C0001002068FFF76EFF10BDC046CC01002032
:10B66C00002310B50400036043608360818143664E
:10B67C00C281036143618361190008225C3000F0D0
:10B68C00D7F90B4B246263620A4BA3620A4BE36249
:10B69C000A4B23630A4B9C4205D00A4B9C4202D0B6
:10B6AC00094B9C4203D12000583000F075FA10BDB4
:10B6BC00A5B90008CDB9000805BA000831BA0008D0
:10B6CC00342100209C2100200422002010B5034AC4
:10B6DC000349044800F06CF810BDC046540000202B
:10B6EC00E5D30008D001002041680B4B10B50400D5
:10B6FC00994201D001F070FEA168084B994202D02A
:10B70C00200001F069FEE168054B994202D020004F
:10B71C0001F062FE10BDC046342100209C210020A7
:10B72C000422002010B5094B094A04211A6009486B
:10B73C000022FFF795FF012209210748FFF790FF30
:10B74C00022212210548FFF78BFF10BD6C2200204E
:10B75C00D9B60008342100209C21002004220020AE
:10B76C0010B5024800F019FA10BDC0467522002031
:10B77C0010B5024800F012FA10BDC0467522002028
:10B78C0010B50400FFF7ECFF236A002B02D0FFF783
:10B79C00EFFF10BD044B2362044B1B68002BF6D14A
:10B7AC00FFF7C0FFF3E7C046F5B600086C22002097
:10B7BC00F7B51400002600900191A5686768013F59
:10B7CC0004D52468002CF8D13000FEBDAB89012BC8
:10B7DC0008D90E22AB5E013304D029000098019BDE
:10B7EC00984706436835EAE7F0B51D00574B85B01E
:10B7FC001E6804000F000092002E05D0336A002B47
:10B80C0002D13000FFF7BCFF009B022B05D0012BAF
:10B81C0000D997E0002D00DA94E0636EDB0705D4C5
:10B82C00A3899B0502D4A06D00F0B7F9210030006C
:10B83C0001F0D2FD616B002908D0230044339942FA
:10B84C0002D0300000F0C2F9002363630023A3612F
:10B85C006360A3891B0603D53000216900F0B6F99B
:10B86C00A3893B4A1340A381009B022B60D003ABFE
:10B87C002100300002AA01F0DBFDA3890343A38160
:10B88C00002D24D1029D2800FEF766FF0195071EAE
:10B89C0048D1029B0193AB423FD101256D420C2252
:10B8AC00A35E02221A43A2810022A2602200473228
:10B8BC00226022610122616E6261114204D19B05FA
:10B8CC0002D4A06D00F06AF9280005B0F0BD002F7D
:10B8DC00D9D0336A002B02D13000FFF751FF009B07
:10B8EC00012B03D1A389009A1A43A2810C22A35ED7
:10B8FC0008221900276027616561114013421BD093
:10B90C00DA0717D500226D42A260A561626ED207DC
:10B91C0001D49B0512D50025D6E70198FEF71CFF34
:10B92C00071EBAD08023A289019D1343A381D0E7BF
:10B93C000025B4E7A560E9E7A160E7E7A06D00F09A
:10B94C002DF9E8E701256D42BEE7C046CC01002089
:10B95C005CF3FFFF0EB410B500249DB0029006906E
:10B96C000A481FAB07900490094804CB059009487E
:10B97C0002A9006801934C6601F024FA029B1C702A
:10B98C001DB010BC08BC03B01847C046FFFFFF7FBA
:10B99C000802FFFFCC01002070B50C000E25495F9A
:10B9AC0000F096F8002803DB636D1B18636570BD0F
:10B9BC00A389024A1340A381F9E7C046FFEFFFFFBA
:10B9CC00F8B51F008B8905000C001600DB0505D5AA
:10B9DC000E23C95E0022022300F066F8A389054AF3
:10B9EC0028001340A38132000E23E15E3B0000F0DF
:10B9FC0095F8F8BDFFEFFFFF70B50C000E25495F01
:10BA0C0000F052F80C22A35E421C03D1044A1340EE
:10BA1C00A38170BD802252011343A3816065F8E7B6
:10BA2C00FFEFFFFF10B50E23C95E00F02BF810BD21
:10BA3C0003008218934200D1704719700133F9E763
:10BA4C00030030B51C78002C09D1181A30BDA54262
:10BA5C00FBD001321578002DF9D10133F2E70A0041
:10BA6C00F8E730B50500101E0BD00024013A2B5D11
:10BA7C00085D834204D1944202D00134002BF6D1EC
:10BA8C00181A30BD002370B5064D040008002B6059
:10BA9C00FEF75CFA431C03D12B68002B00D023600B
:10BAAC0070BDC0467022002070B504000800110063
:10BABC001A000023054D2B60FEF752FA431C03D1EC
:10BACC002B68002B00D0236070BDC0467022002074
:10BADC0070B50400080011001A000023054D2B60FE
:10BAEC00FEF718FA431C03D12B68002B00D02360FF
:10BAFC0070BDC04670220020002370B5064D0400B6
:10BB0C0008002B60FEF72EFA431C03D12B68002B88
:10BB1C0000D0236070BDC0467022002070B50400B8
:10BB2C00080011001A000023054D2B60FEF700FAE7
:10BB3C00431C03D12B68002B00D0236070BDC04682
:10BB4C0070220020014B18687047C046CC010020C1
:10BB5C0070B500260C4C0D4D641BA410A64209D1E7
:10BB6C00002605F005FA0A4C0A4D641BA410A642E7
:10BB7C0005D170BDB300EB5898470136EEE7B30022
:10BB8C00EB5898470136F2E7D42F0108D42F01085F
:10BB9C00D82F0108D42F0108704770477047030055
:10BBAC000A7801311A700133002AF9D17047002349
:10BBBC0010B59A4200D110BDCC5CC4540133F8E7E7
:10BBCC00002001497047C0460000F87F70B50500A1
:10BBDC000C1E10D0043C2368002B00DAE41828005B
:10BBEC00FEF770FE1D4A1368002B05D163601460CC
:10BBFC002800FEF76FFE70BDA34208D920682118FB
:10BC0C008B42F3D119685B6809182160EEE71A00C2
:10BC1C005B68002B01D0A342F9D911685018A042DF
:10BC2C000BD120680918501811608342E0D11868B4
:10BC3C005B68411811605360DAE7A04202D90C230B
:10BC4C002B60D5E7206821188B4203D119685B68FB
:10BC5C000918216063605460CAE7C0463021002097
:10BC6C000200F0B5046985B014324B111600029332
:10BC7C009C4231DD1F260F009B00A500D3183740D6
:10BC8C0055190093019731420DD1160019008D42C0
:10BC9C0036D8009B0026033B9D4202D3029BE41A3C
:10BCAC00A600961918E02021019E019F891B009E79
:10BCBC00039102CE9446F940B54216D8009B00265B
:10BCCC0001339D4203D3029BE41AA600043E96194D
:10BCDC003160002900D00436B11A891001619642F6
:10BCEC0001D10023436105B0F0BD3768039B9F4031
:10BCFC000F43614680C18C46019B02CED940DBE7E5
:10BD0C0080C980C6C3E70200303A0300092A02D872
:10BD1C00203BD8B270470200613A052A01D8473B54
:10BD2C00F7E71A00413A0020052AF3D8273BF0E741
:10BD3C00F0B589B007930B680192039006919A1C99
:10BD4C0011000132501E00783028F9D0CB1A023B7A
:10BD5C0005930091FFF7D7FF00231D000293984233
:10BD6C001ED10122A6490098FFF77BFE0700A842CE
:10BD7C0000D06AE0009B58785C1CFFF7C4FF0123DD
:10BD8C000293A8422FD00094009B1878302809D039
:10BD9C00FFF7B9FF4342434102930123250005936A
:10BDAC00009C04E0009B01330093EDE70134207804
:10BDBC00FFF7A9FF071EF9D1012220009049FFF7D8
:10BDCC0050FE00280DD1002D06D10134250020781D
:10BDDC00FFF799FF002802D12D1BAF0003E00134BF
:10BDEC00F5E7002DF8D12022237826009343502B21
:10BDFC001DD163782B2B2DD02D2B2FD00023661C1F
:10BE0C0004933078FFF77FFF431EDBB20500182B3D
:10BE1C002AD87078FFF777FF431EDBB20136103D4E
:10BE2C00182B1DD9049B002B00D06D427F19069B4B
:10BE3C001E60029B002B19D0059B06265A425341CB
:10BE4C005B421E40300009B0F0BD01230027009C6E
:10BE5C000293C8E700230493A61CD2E70123FAE758
:10BE6C000A235D432D18D4E72600E0E7009B0299D6
:10BE7C00E31A013B072B0ADC039800F05FFA051E5E
:10BE8C0008D12A00E4215F4B5F4801F077FB0131B8
:10BE9C005B10EFE7030014330293059300231E009D
:10BEAC000493009BA34238D3059C029B40C4E41A24
:10BEBC00A41030002C6100F037FB019B64011B685F
:10BECC00261A00939E4252DDF61A3100280000F02B
:10BEDC00E4FE041E0FD001241F212000731E194004
:10BEEC00884001005A110298920012580A4202D05E
:10BEFC00A34234DC022431002800FFF7B1FEBF1945
:10BF0C00019B9B68BB4242DA2900039800F058FA67
:10BF1C0000230E9AA326136094E7013C23782E2B62
:10BF2C0012D0049B202B04D1059B40C30026059303
:10BF3C0004962078FFF7E7FE0F231840049B9840E7
:10BF4C00043306430493ACE7009BA342E9D80122D7
:10BF5C0020002B49FFF785FD0028E2D1A1E728003E
:10BF6C00B11E00F09AFE0028C4D00324C3E7009B46
:10BF7C0000249E42C4DA9E1B29003200039800F074
:10BF8C0049FC030014330500BF1B0293B8E7019B67
:10BF9C005E68BE426FDD009BF61BB34236DC019B34
:10BFAC00DB68022B24D0032B26D0012B17D1009B4E
:10BFBC00B34214D1012B0BD1019B079A5B6862260B
:10BFCC0013600123029A2B6113600E9B1D6039E7ED
:10BFDC0000992800013900F060FE0028ECD12900FE
:10BFEC00039800F0EDF900230E9A5026136029E710
:10BFFC000F9B002BF3D1DFE70F9B002BDCD1EEE77F
:10C00C00042B01081A2B01082B2B0108771E002C7E
:10C01C002FD1002F04D03900280000F03EFE040080
:10C02C001F237A111F401E3BBB40029992005258AD
:10C03C001A4201D002231C43009B31009B1B022699
:10C04C0028000093FFF70CFE019B5F68002C3FD08B
:10C05C00019BDB68022B10D0032B12D0012B06D1D5
:10C06C00A20704D5029A126814431C420CD1102367
:10C07C002DE00124D4E70126E8E701230F9A9B1A4F
:10C08C000F930F9B002BF2D02B69002002939B0087
:10C09C0004932B00049A143399181A68541C1CD05E
:10C0AC0001321A602B001433022E3FD1019A0099F1
:10C0BC001268013A8A4209D10A001F20104001225D
:10C0CC00824049118900CB5813423DD120231E4395
:10C0DC000E9B1D60079B1F60B4E601C39942DCD820
:10C0EC00AB68029A9A4218DB69680398013100F038
:10C0FC0025F9041E04D1220084211D4B1D48C4E6E1
:10C10C0029002A690C31023292000C30FFF74FFDE6
:10C11C002900039800F054F925002B695A1C2A6158
:10C12C00012204339B00EB185A60BBE72A69029981
:10C13C008A420BDD01212800FFF792FD019B01379C
:10C14C009B68BB4200DADFE60126BFE71F22009C9A
:10C15C00009914401142F7D0049A9B18043B1868BC
:10C16C0000F0E2F920231B1B9842E3DBECE7C0460E
:10C17C001A2B01082B2B0108082370B520259A1ABD
:10C18C009200AD1A436804681E00AE40D34034439D
:10C19C000460436004308842F4D370BD30B503684A
:10C1AC000C780133002C02D10360012030BD1A78C9
:10C1BC001500413D192D00D820320131A242EFD09B
:10C1CC000020F3E7F0B50B688BB0019201995A117E
:10C1DC0092008A18029219001F22114008900691B1
:10C1EC00134202D0029B04330293029B00251F1FB3
:10C1FC003E003C00089B3D601B680795059303952A
:10C20C00059B01330993059B5B780493002B28D085
:10C21C000498FFF778FD002857D1049B202B19D8E0
:10C22C00039B079A934212DDB44206D2072D04DC1D
:10C23C002A0031002000FFF79FFF019B08259C423C
:10C24C0005D9261F00253400039B35600793099BF5
:10C25C000593D5E7049B292B5CD1059B089A0233E7
:10C26C001360039B002B55D0B44206D2072D04DC7F
:10C27C002A0031002000FFF77FFF019B9C4238D938
:10C28C001A00230002CB02C29F42FBD2029B621C0B
:10C29C00D91E0023914204D3029B043B1B1B9B0819
:10C2AC009B000021019A04329B181A000433116080
:10C2BC009F42FAD23B68002B04D1019B9F4227D1AD
:10C2CC0001233B6005200BB0F0BD039B013501330E
:10C2DC000393082D06DD019B9C42B8D90023012550
:10C2EC00043C23600F22236810401B01034323608E
:10C2FC00ADE7069B002BDDD02023069A02999B1AF2
:10C30C0001225242DA4004390B6813400B60D1E72A
:10C31C00043FCFE70420D6E782B0002900D101A961
:10C32C00101E06D0002B06D013780B601078431E1D
:10C33C00984102B0704702204042FAE770B5C469D8
:10C34C0005000E00002C10D11020FEF705FA041E7B
:10C35C00E86105D122006B21174B184801F00EF94A
:10C36C000023436083600360C360E368002B0BD140
:10C37C0021220421280001F01FF9EB69E060DB6841
:10C38C00002B01D1002070BDB2009B18186800284A
:10C39C0005D002681A6000230361C360F3E7012132
:10C3AC000C00B440621D2800920001F005F9002831
:10C3BC00E8D046608460EEE7B52B0108CC2B010871
:10C3CC0070B5C66905000C00002E0ED11020FEF7CA
:10C3DC00C3F9021EE86104D18F21094B094801F011
:10C3EC00CDF8466086600660C660002C07D0EB690D
:10C3FC006268DB6892009B181A6822601C6070BD32
:10C40C00B52B0108CC2B0108F7B50F0001900C00DF
:10C41C001E0000200D6914373B68013099B251435E
:10C42C001B0C534389190E0C9B191E0C89B21B044F
:10C43C005B1808C78542EFDC002E22D0A368AB4204
:10C44C0019DC616801980131FFF778FF071E05D1EF
:10C45C003A00BA210C4B0D4801F090F821002269EA
:10C46C000C31023292000C30FFF7A1FB2100019835
:10C47C00FFF7A6FF3C002B1D9B00E31801355E6007
:10C48C0025612000FEBDC0461A2B0108CC2B0108EB
:10C49C00F7B5060018000F000830092100931400AE
:10C4AC00F3F7B6FE0123002183420ADB3000FFF7CD
:10C4BC0045FF011E08D10A00194B1A48D33101F06F
:10C4CC005DF85B000131EFE7089B3D004361012300
:10C4DC000361092C16DD09353B192F0001933B78BC
:10C4EC000A22303B3000FFF78FFF019B0137010020
:10C4FC009F42F4D12D19083D2700009B9F4204DB7D
:10C50C000800FEBD09240A35F6E72B1BDB5D0A2269
:10C51C003000303BFFF778FF01370100EDE7C046F4
:10C52C001A2B0108CC2B0108802203005202002098
:10C53C00934201D21B04103080225204934201D248
:10C54C0008301B0280225205934201D204301B0199
:10C55C008022D205934201D202309B00002B03DBD8
:10C56C000130134200D120207047036801000722DC
:10C57C001800104013420DD0063A0020134205D18A
:10C58C000230034203D0D34010000B6070479B086D
:10C59C000B60FBE79AB2002A01D110201B0CDAB217
:10C5AC00002A01D108301B0A1A0701D104301B09DB
:10C5BC009A0701D102309B08DA07E9D401305B08F5
:10C5CC00E6D12020E2E7000010B50C000121FFF7B6
:10C5DC00B5FE002807D14621054C0200054B200072
:10C5EC00FF3100F0CBFF01234461036110BDC04655
:10C5FC00CC2B01081A2B0108F0B50D6916690F0038
:10C60C00140089B0B54204DB33000C002E00170077
:10C61C001D0073190193A36872196168934200DAC3
:10C62C000131FFF78BFE0090002806D1B121464B5B
:10C63C004648009A490000F0A1FF009A7319143281
:10C64C009B00D3180293002113000298834229D334
:10C65C002300B6001433049314379B19AD000393D5
:10C66C00BC462B00634407930023059323000399D6
:10C67C001533994204D30C1B153CA408A300059355
:10C68C00079B9C4510D3019B002B05DD029B043BB3
:10C69C0002931B68002B52D0009B019A18001A6160
:10C6AC0009B0F0BD02C3D0E763461C68A4B2002CED
:10C6BC001ED017000025049E01CE3B68069383B262
:10C6CC00634319006B46000C1B8B6043CB18069917
:10C6DC005B19090C4018190C41189BB20D0C09047C
:10C6EC001943039B02C7B342E6D8059BD3185D6080
:10C6FC0063461C68240C1ED0116816000800002725
:10C70C00049D2B68000C9BB26343DB191B181804A7
:10C71C0089B20843306080CD70683F0C674381B2AA
:10C72C0079181B0CC918039B0F0C0436AB42E8D8C4
:10C73C00059BD318596004239C44D218A0E7019B95
:10C74C00013B01939FE7C0461A2B0108CC2B010833
:10C75C00F7B50323150007000C001A401D4208D042
:10C76C002849013A9200525800232100FFF74CFE51
:10C77C000400AB10019342D0FD69002D11D11020A3
:10C78C00FDF7EAFF051EF86106D1B4212A001E4B05
:10C79C001E48FF3100F0F2FE00234360836003600B
:10C7AC00C360AE68002E07D138001949FFF70CFFA3
:10C7BC0000230600A86003600122019B25001340A2
:10C7CC00019A52100192002B0CD02100320038003B
:10C7DC00FFF712FF290004003800FFF7F1FD019B61
:10C7EC00002B0CD03068002807D132003100380003
:10C7FC00FFF702FF0023306003600600DCE7200037
:10C80C00FEBDC046142E0108B52B0108CC2B010827
:10C81C0071020000F0B50C0016002369571187B0A7
:10C82C00FB180293013301934968A3680390019AA2
:10C83C00934210DB0398FFF781FD002301000500F4
:10C84C001A00143198420CD1EF212A00254B2648AE
:10C85C00490000F093FE01315B00E8E798000A50B4
:10C86C000133BB42FADBFB43DB171F40BF00230045
:10C87C00C9191F20370022691433920005919A18A8
:10C88C000740064228D00130C01B049000201E68CF
:10C89C008C46BE4006436046066001CB049E0431C4
:10C8AC00F0409A42F3D82100153100238A4203D379
:10C8BC00131B153B9B089B00059AD3185860002846
:10C8CC0001D1029B0193019B039821002B61FFF77F
:10C8DC0077FD280007B0F0BD40CB0E6004319A42C2
:10C8EC00FAD8EEE71A2B0108CC2B010830B50B69EE
:10C8FC0004690200E01A9C420FD114329B001431DF
:10C90C001400C918D218043A043915680B689D42F2
:10C91C0004D001209D4200D2023830BD9442F2D3A3
:10C92C00FBE70000F0B50C0087B000901100200070
:10C93C001700FFF7DBFF051E10D101000098FFF771
:10C94C00FDFC021E04D1454B4548464900F016FE3D
:10C95C00012345610361100007B0F0BD0026B04211
:10C96C0003DA23003C001F00013661680098FFF7D2
:10C97C00E5FC021E03D1394B39483B49E6E72369F4
:10C98C00143400939B00E318019314239C463B69D9
:10C99C00BC449B00634402930300C6600020143324
:10C9AC000393059304946146049B20CB049308C91C
:10C9BC008C46A9B20E0099B2711A09182D0C1B0CD9
:10C9CC000814EB1A1B18181489B21B041943059B85
:10C9DC0002C30593029B6345E5D83B00029D1533CA
:10C9EC0000219D4203D3EB1B153B9B089900039B35
:10C9FC005B1861180E1D350004330293039B1B1B3F
:10CA0C000393039B9C46019BAC449D4212D301981B
:10CA1C0001310023884204D3030003339B1B9B0882
:10CA2C009B0002995B18043B1968002911D0009BEC
:10CA3C00136190E7070008CD98B2C01900141C0CC4
:10CA4C000419DB1920149BB224042343644623608D
:10CA5C00D7E7009901390091E5E7C0461A2B010888
:10CA6C00CC2B0108370200004502000010B5002451
:10CA7C000C4B0D4A0B409B18A34206DC5B421A156B
:10CA8C00132A05DC80231B0313411900200010BD61
:10CA9C00143A01241E2A02DC80242406D4400023EC
:10CAAC00F3E7C0460000F07F0000C0FCF7B50600BD
:10CABC00036914369B00F3181D1F2C680F0020000F
:10CACC000193FFF731FD2022121A3A6003001C4A31
:10CADC000A2815DC0B212700091ACF403A438C4653
:10CAEC0011000022AE4202D2019A083A12681533A4
:10CAFC009C4063462700DA401743380003B0F0BD72
:10CB0C000027AE4202D2019D083D2F680B214942FD
:10CB1C008C469C440B2B10D0614620238C405B1A16
:10CB2C003900D9400C43224311000022B54201D9EF
:10CB3C00043D2A686446A740DDE722431100DCE788
:10CB4C000000F03FF7B5012116001F00FFF7F6FBC0
:10CB5C00041E05D12200254B2548264900F00EFD68
:10CB6C003B037D001B0B6D0D02D08022520313433F
:10CB7C000193002E25D068460096FFF7F6FC00992D
:10CB8C0000281CD0019B20221E00121A9640320055
:10CB9C00C3400A4362610193019EA661731E9E41CC
:10CBAC0001362661002D14D03526134BED18089B49
:10CBBC002D181D60099B361A1E602000FEBD616198
:10CBCC00EAE701A8FFF7D1FC019B01266361203045
:10CBDC00E7E70A4BC018089B1860094BF3189B0039
:10CBEC00E3185869FFF7A0FC7601E3E71A2B01085C
:10CBFC00CC2B01080F030000CDFBFFFFCEFBFFFF8A
:10CC0C00FFFFFF3FF0B587B00F0004A90600FFF748
:10CC1C004DFF00900191009B019C380005A90293E7
:10CC2C000394FFF743FF0D0002000B0030693969D4
:10CC3C00049E401A05994001711A411808050029F3
:10CC4C0008DD0199411803910298039902F0F0FC58
:10CC5C0007B0F0BD2B1AF7E770B5140005000139C9
:10CC6C00136949110131890014349B004118E318F0
:10CC7C00A3420DD8140011340025A34203D39B1AF0
:10CC8C00113B9B089D0000234019884203D370BDC3
:10CC9C0040CC40C5ECE708C0F7E70200006910B5CE
:10CCAC0014324B11984213DB0CDD1F24080020407A
:10CCBC00214207D099008C582100C14081400120AD
:10CCCC008C4204D19B00D318934203D8002010BD92
:10CCDC000300F7E7043B19680029F5D00120F6E7BB
:10CCEC000300081E05D0FF2A04D98A2201201A60ED
:10CCFC004042704701200A70FBE70000F0B58E68D7
:10CD0C0085B01F000C00330002900392BE4254D831
:10CD1C000C22885E9022D20010422CD0032209698A
:10CD2C0023685B1A019363695343019ADD0FED1875
:10CD3C007B1C6D109B182A00AB4201D91D001A00F8
:10CD4C00400527D511000298FDF73CFD061E2AD0A0
:10CD5C00019A2169FEF72BFFA289194B1A408023F7
:10CD6C001343A381019B2661F618266065613E0082
:10CD7C00ED1A3B00A5601F003A000399206800F0F3
:10CD8C00BAFB0020A3689B1BA3602368DB192360FC
:10CD9C0005B0F0BD029800F03CFC061EE2D1216902
:10CDAC000298FEF713FF0C230120029A40421360F5
:10CDBC00A28934331343A381EAE73E00DCE7C04683
:10CDCC007FFBFFFFF0B59FB002901C008B890E001B
:10CDDC0015001B0611D50B69002B0ED14021FDF758
:10CDEC00F1FC30603061002805D10C23029A1360ED
:10CDFC0001204042D4E0402373610023292102AA80
:10CE0C0052180B9320331370013102AA10335218AD
:10CE1C00137005942C002378002B01D0252B48D1BE
:10CE2C00671BAC420BD03B002A0031000298FFF785
:10CE3C0065FF013000D1AEE00B9BDB190B9323781F
:10CE4C00002B00D1A7E0012253210023524207926C
:10CE5C0002AA5218651C06930993089313701C932D
:10CE6C00554F29780522380000F07CFB6C1C069984
:10CE7C0006AB00281FD1CA0604D55327202202A8CE
:10CE8C00C01902700A0704D553272B2202A8C01917
:10CE9C0002702A782A2A15D02C0000200A27DA687A
:10CEAC002178651C3039092950D9002811D00992F4
:10CEBC000FE00134AFE70123C01B83400B43250077
:10CECC000693CDE7059A101D12680590002A37DBF2
:10CEDC00DA6022782E2A0CD162782A2A3BD1059A64
:10CEEC000234111D12680591002A01DA0122524206
:10CEFC005A60324D03222800217800F033FB06AF34
:10CF0C00002806D04023401B8340069A013413436B
:10CF1C000693217806222A48651C397600F022FBFC
:10CF2C0000283FD0274B002B29D10722059B073324
:10CF3C009343083305930B9B03995B180B9369E799
:10CF4C005242DA6002220A430692C2E77A432C006C
:10CF5C0001205218A4E700220A205A601100130085
:10CF6C0001342278651C303A092A03D9002BC0D031
:10CF7C000791BEE741432C0001238918F1E705AA6C
:10CF8C00009239003200104B029800E000BF039071
:10CF9C00039B0133CFD1B3890B985B0600D527E7F0
:10CFAC001FB0F0BD05AA009239003200064B029862
:10CFBC0000F07CF8EBE7C0464F2C0108552C01081B
:10CFCC00592C01080000000009CD0008F7B5160027
:10CFDC0001938A680B690C000090934200DA1300ED
:10CFEC002200336043321278002A01D001333360BF
:10CFFC0023689B0602D5336802333360226806230C
:10D00C0015001D401A4227D0230043331B785A1EAB
:10D01C0093412268920630D4220001990098089D11
:10D02C004332A847013025D006222368002513403F
:10D03C00042B05D13368E568ED1AEB43DB171D4073
:10D04C00A3682269934201DD9B1AED180026B542B4
:10D05C0020D1002010E00135E36832689B1AAB4206
:10D06C00D2DD2200012301990098089F1932B8479C
:10D07C000130F0D101204042FEBD3020E118433197
:10D08C00087021005A1C45310978A218433202332A
:10D09C001170C1E72200012301990098089F1A32F0
:10D0AC00B8470130E6D00136D1E70000F0B58BB0BF
:10D0BC0006920A0043320793059003920A7E0C00F5
:10D0CC00109B782A09D8622A0BD8002A00D1BAE022
:10D0DC007A490491582A00D18EE0250042352A70F5
:10D0EC0022E0100063381528F7D8F2F7FDFF160080
:10D0FC001F00F6FFF6FFF6FFF6FF1F00F6FFF6FF28
:10D10C00F6FFF6FF9F0036007E00F6FFF6FFB0003C
:10D11C00F6FF3600F6FFF6FF820025001A6842354E
:10D12C00111D196013682B7001239EE018680968A3
:10D13C00021D0D060BD506681A60002E03DA2D238E
:10D14C00039A764213705D4B0A27049318E0066825
:10D15C001A604906F1D536B2EFE70868196840C97C
:10D16C00050602D4400600D5B6B21960534B0A2707
:10D17C0004936F2A00D1023F2300002243331A701C
:10D18C006368A360002B06DB04212268039D8A439D
:10D19C00226033430CD0039D30003900F3F734F890
:10D1AC00049B013D5B5C2B70330006009F42F3D95E
:10D1BC00082F09D12368DB0706D5626823699A42D8
:10D1CC0002DC3023013D2B70039B5B1B2361079B0F
:10D1DC00210000930598069B09AAFFF7F7FE013082
:10D1EC0048D1012040420BB0F0BD202209680A430F
:10D1FC002260782232490491210045310A70196865
:10D20C00226840C9100602D4500600D5B6B2196087
:10D21C00D30702D5202313432360002E01D01027FF
:10D22C00AAE72022236893432360F8E71A680D6865
:10D23C00101D4969186013682E0601D5196002E0AB
:10D24C006D06FBD519800023039D2361BFE71A6887
:10D25C00111D1960156800212800626800F082F920
:10D26C00002801D0401B6060636823610023039A8F
:10D27C001370ACE72A00236906990598079DA84707
:10D28C000130AED023689B0715D4099BE068984207
:10D29C00A9DA1800A7E72200012306990598079E32
:10D2AC001932B04701309CD00135E368099A9B1ABA
:10D2BC00AB42F0DCE9E70025F7E7C046602C01083B
:10D2CC00712C0108F7B50C228B5E05000C001A07B7
:10D2DC005AD44A68002A02DC0A6C002A4FDDE76A3D
:10D2EC00002F4CD0002280212E682A601A004901A0
:10D2FC000A400B4234D0626DA3895B0706D5636884
:10D30C00D21A636B002B01D0236CD21A0023280095
:10D31C00E76A216AB8470C23E25E431C06D12968F0
:10D32C001D292ED82B4BCB40DB072AD5002363605D
:10D33C0023692360D20405D5431C02D12B68002B32
:10D34C0000D16065616B2E60002918D02300443336
:10D35C00994202D02800FEF739FC002363630EE0EB
:10D36C0001232800216AB8470200431CC4D12B6852
:10D37C00002BC1D01D2B01D0162B1DD12E600020EF
:10D38C0021E0402313431BE00E69002EF7D00F68F9
:10D39C000E60BA1B019200229B0700D14A69A26061
:10D3AC00019B002BEBDDA36A32001F002800019BC0
:10D3BC00216AB847002807DC4023A28913431BB21B
:10D3CC000120A3814042FEBD019B36181B1A01931C
:10D3DC00E6E7C046010040200B6970B505000C0063
:10D3EC00002B02D10025280070BD002804D0036A50
:10D3FC00002B01D1FEF7C4F90C22A35E002BF1D057
:10D40C00626ED20704D49B0502D4A06DFEF7C5FB57
:10D41C0028002100FFF756FF636E0500DB07E2D4FE
:10D42C00A3899B05DFD4A06DFEF7B8FBDBE70000FA
:10D43C00F0B50E001D000E23C95E140097B0002934
:10D44C000CDAB2898023110019401A4214D18023BE
:10D45C00DB0000202960236017B0F0BD6A4600F0A5
:10D46C005DF80028EDDBF02301991B021940044BF9
:10D47C00C9184B425941EAE700214023E9E7C0466D
:10D48C0000E0FFFFF7B502268B8905000C00334244
:10D49C0006D0230047332360236101236361F7BD6A
:10D4AC006A4601ABFFF7C4FF009F28003900FDF767
:10D4BC0089F90C22A35E002806D19A05EFD4032229
:10D4CC0093431E43A681E4E780221343A381019B6F
:10D4DC00206020616761002BE1D028000E23E15E03
:10D4EC0000F02EF80028DAD00323A2899A43023BDD
:10D4FC001343A381D3E710B5884202D98B18984205
:10D50C0008D300239A4207D0CC5CC4540133F9E70A
:10D51C008B5C8354013AFBD210BD0000002370B524
:10D52C00064D0400080011002B60FCF712FD431C93
:10D53C0003D12B68002B00D0236070BD702200201B
:10D54C00002370B5064D040008002B60FCF706FDA7
:10D55C00431C03D12B68002B00D0236070BDC04648
:10D56C0070220020C9B28218904201D1002070476D
:10D57C0003788B42FBD00130F6E700007FB5140036
:10D58C001A00094B05001B680E00D868074B002CCD
:10D59C0001D1074B1C000749019302942B00009604
:10D5AC0000F068F800F076F8CC010020822C01081D
:10D5BC00BD2C01088F2C010870B50B0C150C002B21
:10D5CC001ED1002D0CD189B294B24C432100FDF731
:10D5DC00F9F8051E1BD022000021FEF729FA16E0EF
:10D5EC002B1C0C1C89B292B24A439BB2A1B2594378
:10D5FC00140C0C19230C07D1240492B21443E5E744
:10D60C00002D01D1141CEDE70C230025036028002C
:10D61C0070BDF7B506000C001500002905D11100EE
:10D62C00FDF7D0F804002000FEBD002A03D1FEF760
:10D63C00CDFA2C00F7E700F034F80700854202D849
:10D64C004308AB42EFD329003000FDF7BBF8019043
:10D65C00002801D1019CE6E72A00BD4200D93A001E
:10D66C0021000198FEF7A3FA21003000FEF7AEFA74
:10D67C00F0E700000EB417B5054C05AB04CB010068
:10D68C002068019300F03CF81EBC08BC03B018479E
:10D69C00CC010020062010B500F018FA0120FCF790
:10D6AC0033FC0B1F1B68181F002B01DA0B58C0181A
:10D6BC007047936810B5013B9360002B04DA9469B2
:10D6CC00A34207DB0A2905D01368581C1060197097
:10D6DC00080010BD00F034F90100F9E7F8B50600B8
:10D6EC000F001400D518AC4201D1002007E02178BE
:10D6FC003A003000FFF7DDFF0134431CF3D1F8BDD5
:10D70C00F0B59FB00D0016001C000290002804D04C
:10D71C00036A002B01D1FEF733F86B6EDB0705D4DF
:10D72C00AB899B0502D4A86DFEF737FAAB891B07B2
:10D73C0002D52B69002B13D12900029800F042F975
:10D74C0000280DD06B6EDB0703D5012040421FB0C3
:10D75C00F0BDAB899B05F8D4A86DFEF71FFAF4E772
:10D76C000023292102AA52180B9320331370013184
:10D77C0002AA103352181370059434002378002B2E
:10D78C0001D0252B48D1A71BB4420BD03B00320053
:10D79C0029000298FFF7A2FF013000D1AEE00B9BED
:10D7AC00DB190B932378002B00D1A7E00122532126
:10D7BC0000235242079202AA5218661C0693099340
:10D7CC00089313701C93594F317805223800FFF7DA
:10D7DC00C9FE741C069906AB00281FD1CA0604D5D5
:10D7EC005327202202A8C01902700A0704D5532718
:10D7FC002B2202A8C019027032782A2A15D03400C4
:10D80C0000200A27DA682178661C3039092950D99A
:10D81C00002811D009920FE00134AFE70123C01B9F
:10D82C0083400B4326000693CDE7059A101D126822
:10D83C000590002A37DBDA6022782E2A0CD1627828
:10D84C002A2A3BD1059A0234111D12680591002A2F
:10D85C0001DA012252425A60354E032230002178FF
:10D86C00FFF780FE06AF002806D04023801B8340C4
:10D87C00069A013413430693217806222D48661C20
:10D88C003976FFF76FFE002847D02B4B002B29D1A0
:10D89C000722059B07339343083305930B9B03998E
:10D8AC005B180B9369E75242DA6002220A43069234
:10D8BC00C2E77A43340001205218A4E700220A2060
:10D8CC005A601100130001342278661C303A092A80
:10D8DC0003D9002BC0D00791BEE74143340001238C
:10D8EC008918F1E705AA009239002A00134B029817
:10D8FC0000E000BF0390039B0133CFD16B6EDB07BD
:10D90C0005D4AB899B0502D4A86DFEF747F9AB890A
:10D91C005B0600D519E70B9819E705AA00923900A8
:10D92C002A00064B0298FFF7C1FBE3E74F2C0108D6
:10D93C00552C0108592C010800000000E9D60008FC
:10D94C00F8B506000D001400002804D0036A002B63
:10D95C0001D1FDF715FFA369A360A3891B0702D5AD
:10D96C002369002B09D12100300000F02BF800288E
:10D97C0003D001256D422800F8BD23692068EFB261
:10D98C00C01A6369EDB2834205DC21003000FFF759
:10D99C0023FD0028EDD1A3680130013BA36023686F
:10D9AC005A1C22601F706369834204D0A389DB0771
:10D9BC00E1D50A2DDFD121003000FFF70DFD002845
:10D9CC00D9D0D6E72B4B70B5050018680C00002891
:10D9DC0004D0036A002B01D1FDF7D2FE0C22A35E0A
:10D9EC001A0722D4DA0607D409222A60373201201A
:10D9FC001343A381404270BD5A0713D5616B0029B4
:10DA0C0008D023004433994202D02800FEF7DEF8F8
:10DA1C00002363632422A38993430022626022695A
:10DA2C001BB2226008221343A3812269002A07D16A
:10DA3C009A0501D51B0603D521002800FFF722FD0E
:10DA4C000C23E25E012113000B400A420CD0002390
:10DA5C00A36063695B42A361002023698342CAD13E
:10DA6C001306C8D54023C2E7910700D46369A360AD
:10DA7C00F2E7C046CC01002070B504000D001F2950
:10DA8C0004D9162303600120404270BDC36B002BE8
:10DA9C0004D08A009B181A68002A08D1200000F0D4
:10DAAC0031F82A000100200000F01AF8EDE7012AF5
:10DABC0009D0511C03D1162303600120E5E7002196
:10DACC002800196090470020DFE7000010B5034BD9
:10DADC0001001868FFF7D0FF10BDC046CC01002034
:10DAEC00002370B5064D0400080011002B60FCF7F4
:10DAFC0003FA431C03D12B68002B00D0236070BDAC
:10DB0C007022002010B5FCF7F5F910BD9E2110B560
:10DB1C00C905041CF2F7D6FC002803D1201C01F027
:10DB2C00B7F810BD9E21201CC90500F06FFE01F056
:10DB3C00AFF880231B069C466044F2E770B50022C8
:10DB4C000C4B04000D00F2F783FC002804D12000DC
:10DB5C00290003F0AFF870BD064B0022200029000D
:10DB6C0002F070FC03F0A6F880231B069C46604470
:10DB7C00F1E7C0460000E041F8B5002200230400A4
:10DB8C000D00F2F747FC002808D12000290000F016
:10DB9C000FF806000F0030003900F8BD80231B067B
:10DBAC002000E91800F004F8002746428F41F2E704
:10DBBC0070B500220B4B0D00040002F07BF9FFF74F
:10DBCC00BDFF060003F0E0F80022074B02F072F9EB
:10DBDC0002000B002000290002F034FCFFF7AEFF1E
:10DBEC00310070BD0000F03D0000F04170B5060042
:10DBFC00080003F09BF80022064B02F05BF90D00C5
:10DC0C000400300003F0C0F82B00220001F0F6F8FD
:10DC1C0070BDC0460000F041F0B557464E46454633
:10DC2C00DE46E0B504000D009246994683B08B4267
:10DC3C0030D82DD049465046F2F78CFC290006000E
:10DC4C002000F2F787FC331A9846203B34D49B46CD
:10DC5C0053465A46934042461F00534693401E007B
:10DC6C00AF423BD8AF4200D179E05B46A41BBD412B
:10DC7C00002B00DA76E000220023009201930123AE
:10DC8C005A4693400193012342469340009329E066
:10DC9C008242CFD900220023009201930C9B002BCF
:10DCAC0001D01C605D600098019903B0F0BCBB46CC
:10DCBC00B246A946A046F0BD42469B4620239B1A7D
:10DCCC005246DA40414613004A468A401700424603
:10DCDC001F43534693401E00AF42C3D9002200237A
:10DCEC00009201934346002BD8D0FB0772081A43CD
:10DCFC0046467B080EE0AB4201D1A2420CD8A41AD6
:10DD0C009D41012024196D410021013E24184D41F3
:10DD1C00002E06D0AB42EED9013E24196D41002EE7
:10DD2C00F8D1009801995B4600196941002B24DB5E
:10DD3C002B005A464646D3402A001C00F2405B4654
:10DD4C001500002B2ADB26009E4033002600474698
:10DD5C00BE403200801A9941009001919EE7A34287
:10DD6C00BCD882E74246202300219B1A0022009156
:10DD7C0001920122DA40019285E7424620239B1A48
:10DD8C002A0046469A402300F340464613432A0095
:10DD9C001C00F2405B461500002BD4DA20234246CF
:10DDAC002F009B1B97402600DE403B003343CDE702
:10DDBC004A02F8B5530ACE4699464B00C90F47465E
:10DDCC00884646004502360E1B0E80B5C40F6F0AFE
:10DDDC009209AD09F11A44454BD0002938DD002BCE
:10DDEC0000D174E0FF2E00D1BEE08023DB041A4387
:10DDFC001B2900DCFDE0013D6B0100D4AFE00125E7
:10DE0C006D42AD01AF093800F2F786FB3B000538D7
:10DE1C008340864200DCD3E0B94D311A1D405A07CD
:10DE2C0000D19EE00F221340042B00D199E0043561
:10DE3C006B0100D495E0481CFE2951D1FF20002332
:10DE4C00C0051843E4072043C0BCB946B046F8BD32
:10DE5C00002949D0991B002E72D1002D00D133E13D
:10DE6C004C1E012900D159E1FF2900D14CE12100C0
:10DE7C006CE0002900DC81E0002B55D1002A70D029
:10DE8C004B1E012900D12BE1FF296DD01B2B50DC3F
:10DE9C00190020235B1A10009A40C840531E9A4167
:10DEAC000243AD188023DB041D4200D1ADE0711C90
:10DEBC00FE2EC3D001206A082840924D1540054320
:10DECC006A0700D08BE01D42B5D1EF0834E0002A80
:10DEDC0047D04B1E012966D0FF2945D0190087E792
:10DEEC00C0B2AB015B0AABE7FE239C46701C03007F
:10DEFC006046184200D092E0002E00D0E7E0002DE2
:10DF0C0000D119E1002A17D08023AF1ADB041F427D
:10DF1C0000D142E14446551B00D187E001201D424F
:10DF2C00DFD10021EF0807E0FF2E1DD01B2900DCFC
:10DF3C0094E031000535EF087B025B0AC8B27FE73D
:10DF4C00FF2B00D1E0E08020C00405431B2900DC3E
:10DF5C0088E0551E44461E00690100D54FE731008C
:10DF6C000435EF08FF29E7D1002F00D166E78023A5
:10DF7C00DB033B435B02FF205B0A61E7002958D0BF
:10DF8C00991B002E00D089E0002D00D19DE04E1E83
:10DF9C00012900D1A4E0FF2900D1B6E01B2E00DD41
:10DFAC00B8E0310081E0AA1A530100D4AFE0970128
:10DFBC00BF093800F2F7B0FA3B0005388340012660
:10DFCC001D00811B20200131CD40411A8B40591E70
:10DFDC008B411D432AD000216B0700D1F0E00F23A9
:10DFEC002B40042B00D022E76B0100D523E7EF0870
:10DFFC00A2E720235B1A10009A40C840531E9A4196
:10E00C000243AD1A6B0100D5FBE66B0700D1D5E0DE
:10E01C000F2331002B40042B00D008E7A1E7AF1AE7
:10E02C007B014ED4002F00D0EDE60024002000230D
:10E03C0006E7FE23711C0B4221D1002E00D081E09B
:10E04C00002D00D19FE0002A00D1B2E0AB185A019C
:10E05C0000D4B0E09B0101205B0AF1E68023DB04D5
:10E06C001A4316E720242800C840611A8D40290065
:10E07C004C1EA141014344461E00551AC2E7FF291C
:10E08C0000D1DBE6AF187F087B0705D00F233D1DC1
:10E09C003B40042B00D064E7FF084DE7FF2B34D046
:10E0AC001B2937DC8020C004054328002026C840EB
:10E0BC00711A8D4029004D1EA94101431E008D1877
:10E0CC00F0E64446571B9EE64446150049E7002DF2
:10E0DC0046D1002A66D180230024FF20DB03AFE663
:10E0EC00AA18530113D5074F52081740530744D0B1
:10E0FC000F231340042B40D002213D1D31E7C046B5
:10E10C00FFFFFFFBFFFFFF7D44464F462CE701213D
:10E11C00D70811E705321900D7080DE7571B7B010B
:10E12C0037D5BF01BF093800F2F7F6F93B000538C7
:10E13C0083404446013643E7002A00D175E7444644
:10E14C004F46F9E6002DE0D08023DB03002A17D0E0
:10E15C009F4200D20BE7994500D308E74F4606E7EC
:10E16C008023DB03002A0BD09F4200D2FFE69945A7
:10E17C0000D3FCE644464F46F9E60221FF08DBE6F5
:10E18C00FF203B435CE6002A00D14FE70021D70873
:10E19C00D2E644460121FF08CEE6002F00D07BE7F3
:10E1AC00002443E780234A46DB034446FF20134305
:10E1BC0046E60021C0E60021DF08BDE63100D0E6CE
:10E1CC0001206A0100D58BE62A00DFE7F0B5464650
:10E1DC004F46D6464502C0B5C30F470098460E1CA5
:10E1EC006D0A3F0E5BD0FF2F21D08023ED00DB04A6
:10E1FC001D43002399469A467F3F74027300640ABC
:10E20C001B0EF60F002B20D0FF2B43D080220020BA
:10E21C00E400D20414437F3B4246FF1A4B46724043
:10E22C000F2B00D99DE071499B00CB589F46002DC8
:10E23C005AD108239946063B74029A467300FF276D
:10E24C00640A1B0EF60F002BDED1002C3BD10123F0
:10E25C0042464946724019430E2918D86448890031
:10E26C0041588F465346022B00D1B8E0032B6ED099
:10E27C0042462C00012B40D100200024C005204335
:10E28C00D2071043E0BCBA46B146A846F0BDFF2009
:10E29C000024F3E7002C20D10223FF3FD8E7002D08
:10E2AC0005D104239946033B00279A46A5E728008D
:10E2BC00F2F732F97627431F9D4000237F4299469F
:10E2CC009A463F1A99E72000F2F726F9431F9C4023
:10E2DC0076235B421B1A00209EE703234A461A430F
:10E2EC0091460320FC3397E70C239946093BFF2703
:10E2FC009A4682E703282CD0320038007F30002861
:10E30C0047DD630704D00F232340042B00D00434D3
:10E31C00230103D53800374B80301C40FE28B6DC77
:10E32C00A401640AC0B2A9E780240022FF20E40300
:10E33C00A4E78023DB031D4201D01C420BD08024B8
:10E34C00E4032C4364024246FF20640A96E74646E7
:10E35C002C008023DB031C4364023200FF20640A80
:10E36C008CE76D01600185422DD21B230024013FF7
:10E37C000126290064006D00002901DB854201D3D0
:10E38C002D1A3443013B002BF3D16B1E9D412C43C2
:10E39C00B3E701231B1A1B2B00DD6DE721009E3711
:10E3AC00D940BC400B00611E8C412343590704D05B
:10E3BC000F211940042900D00433590113D49B01B7
:10E3CC0000205C0A5AE71A2301242D1AD0E7981E64
:10E3DC0043425841404232000024C0B24EE742460C
:10E3EC00FF2000244AE70120002447E7102F0108F2
:10E3FC00502F0108FFFFFFF770B542004E024C0092
:10E40C0045026D0A120EC30F760A240EC90FFF2A9D
:10E41C0010D0FF2C0CD00120A2420AD1B54208D159
:10E42C008B420FD0002A04D12800431E984100E0F3
:10E43C00012070BD0120FF2CFBD13543F9D14B409D
:10E44C001800F6E70020F4E730B5420044024D0214
:10E45C00C30F4800640A120E6D0A000EC90FFF2A82
:10E46C0018D0FF280AD0002A1ED100280AD1002D6E
:10E47C0029D0002C2DD14800013830BD002D25D1DC
:10E48C00002A01D1002CF6D08B4219D001205B421E
:10E49C001843F2E7002C19D1FF28F7D1002D15D124
:10E4AC0000208B42F2D1E8E70028EFD08B42EDD16F
:10E4BC008242EBDC04DBAC42E8D80020AC42DCD27C
:10E4CC0058000138D9E7002CD7D0DFE702204042B2
:10E4DC00D3E78B42DAD1EEE730B5420044024D026D
:10E4EC00C30F4800640A120E6D0A000EC90FFF2AF2
:10E4FC0017D0FF280AD0002A1BD100280AD1002DE2
:10E50C001DD0002C2DD14800013811E0002D0ED16A
:10E51C00002A01D1002CF6D08B420CD158000138C6
:10E52C0006E0002C03D1FF2805D1002D15D00220C8
:10E53C0030BD002806D101205B421843F8E7002CBF
:10E54C00F6D0F8E78B42F6D18242F4DCE6DBAC4243
:10E55C00F1D80020AC42EBD2E0E700208B42EAD1AC
:10E56C00E6E78B42E7D1F2E7F0B54F464646D64692
:10E57C004502C0B546000F1C6D0A360EC40F002EA6
:10E58C0000D1CDE0FF2E72D08023ED00DB041D43C3
:10E59C00002399469A467F3E7B025B0A98467B0095
:10E5AC001B0EFF0F002B72D0FF2B00D1A9E07F3B7D
:10E5BC00F6184B460A2B00DD85E043468022DB0033
:10E5CC00D2041A434B4690467C400022022B0FDDAE
:10E5DC00494601238B40A621C9000B4200D072E0B2
:10E5EC00902189000B4200D0DAE08821194267D1D2
:10E5FC00280C42462D042D0C4346290012041B0CFA
:10E60C00120C51435D4342435843AD180B0C5B193C
:10E61C009A4203D9802252029446604409041A0497
:10E62C00090C52189501691E8D411B0C920E1B187A
:10E63C0015439B011D431B0100D5CFE030007F30FB
:10E64C00002800DCB1E06B070BD00F2332002B400D
:10E65C00042B06D004352B0103D5803210006A4BF5
:10E66C001D40FE2864DCAB015B0AC0B21FE0002D2C
:10E67C0000D08FE008239946063B9A467B025B0A42
:10E68C0098467B00FF261B0EFF0F002B8CD14346B8
:10E69C00002B5CD14A4601331A43914613000A2AD7
:10E6AC0011DC01227C40022B92DC00200023C005EF
:10E6BC001843E4072043E0BCBA46B146A846F0BD77
:10E6CC003C00454692465346022B31D0032B11D0C9
:10E6DC00012BEAD030008030721C002866DD6B07FD
:10E6EC00B9D00F232B40042BB4D1B4E70F2A7AD026
:10E6FC003C0045468023DB032B435B02FF205B0A77
:10E70C00D5E74346FF36002B34D14A460233134338
:10E71C000A2BD8DC7C40002A0AD09946022257E703
:10E72C00002D08D104239946033B00269A4633E773
:10E73C00FF200023BBE72800F1F7EEFE7626431FEF
:10E74C009D400023764299469A46361A24E7404665
:10E75C00F1F7E2FE4B46361A763E0A2BB3DC434603
:10E76C000538834098464B4600227C40022B00DD46
:10E77C002EE73DE703234A461A4313000A2AB5DC69
:10E78C0001229A40882113007C400322194200D1B7
:10E79C002EE795E70C239946093BFF269A46FBE6A4
:10E7AC0080230024FF20DB0381E7320001231B1AA6
:10E7BC001B2B00DD79E79E3229009540D9406A1E5B
:10E7CC0095410D436B0704D00F232B40042B00D035
:10E7DC0004356B0113D50120002368E701236A0877
:10E7EC001D40154376E78023DB031D4282D0424651
:10E7FC001A4200D07EE73C00FF20134357E7AB01E1
:10E80C0000205B0A53E7C046FFFFFFF7F8B5474609
:10E81C00CE464B02460080B5C40F4702580A8446C8
:10E82C0048007A0A360EBF09000ECD0F9B09FF284F
:10E83C006DD001214D40311AAC423AD0002900DC98
:10E84C009CE1002800D19EE0FF2E00D188E08022C0
:10E85C00D20413431B2900DCF6E0013F7A0100D4FB
:10E86C0079E001277F42BF01BB0998464046F1F78A
:10E87C0053FE434605388340864200DCCCE0B44F5F
:10E88C00311A1F405A0768D00F221340042B64D052
:10E89C0004377B0161D5481CFE2900D081E0FF20A4
:10E8AC000023C0051843E4072043C0BCB946B0465A
:10E8BC00F8BD002900DC79E1002876D1002B4CD082
:10E8CC00481E012900D147E1FF2949D01B2871DCE2
:10E8DC0001001A002020CA40411A8B40591E8B415E
:10E8EC001343FF188023DB041F4200D1B8E0711CD6
:10E8FC00FE2ED4D0012297483A407F080740174398
:10E90C007A0700D096E01F42C5D1FA0855E03100D5
:10E91C00FF398946002B2CD101214D40AC4200D14E
:10E92C00B4E0494600294CD0002E00D0F9E0FF217C
:10E93C00002F00D108E14A1E012900D156E1FF2920
:10E94C0000D142E11B2A00DC24E15F1E2C000600F2
:10E95C007A0100D585E731000437FA08FF292CD15C
:10E96C00002A9CD08023DB0313435B02FF205B0A4D
:10E97C0097E7AC4200D1A7E0002922D0002ED6D0D8
:10E98C0062462C00EEE7002BE7D0481E012936D05A
:10E99C00FF29E5D001005DE701203B007A0100D49E
:10E9AC0057E1C0B2BB015B0A7BE7FF2ED8D01B2915
:10E9BC0000DC9FE031000537FA0853025B0AC8B24D
:10E9CC006FE7FE20711C084254D1002E00D0B1E03C
:10E9DC00002F00D102E1002B00D1F9E08021FA1ABE
:10E9EC00C9040A4200D13BE10124DF1B2C40002F5B
:10E9FC0049D001200F42D5D10021FA08DDE7FF1ADA
:10EA0C007B0100D4DEE0BD01AD092800F1F784FDE7
:10EA1C002B000538834001262022811B0131521A1C
:10EA2C001F009340CF405A1E93411F432BD000210F
:10EA3C007B07B1D00F233B40042B00D028E77B0190
:10EA4C0000D528E7FA08B8E71A002020CA40411A76
:10EA5C008B40591E8B411343FF1A7B0100D502E7F3
:10EA6C007B0700D10DE10F2331003B40042B00D07C
:10EA7C000EE772E7FA1A9046520156D44346002B21
:10EA8C0000D0F3E60024002000230AE749460029C1
:10EA9C001CD0002E00D002E7FF21002F55D04A1EBB
:10EAAC00012959D0FF2900D190E01B2A00DD91E00B
:10EABC0011003A002025CA40691A8F40791E8F41F7
:10EACC0017430600FF180DE7002926D1FE20711C04
:10EADC00084213D1002E00D096E0002F00D1B4E0F4
:10EAEC00002B75D0FB185A0100D4B2E09B015B0AD5
:10EAFC00FD38D6E68022D2041343EAE6FF2900D182
:10EB0C00CDE6FA185208530705D00F23171D1340F2
:10EB1C00042B00D021E7D2084FE7002EBCD0624670
:10EB2C0020E72C00FF200023BBE60124DB1B9846CA
:10EB3C002C409BE6002F75D1002B00D096E0802353
:10EB4C000024FF20DB03ACE62C001F0005E7C046C9
:10EB5C00FFFFFFFBFFFFFF7DFB185A0100D48DE088
:10EB6C004A4A5B081A40590700D18CE00F210B4030
:10EB7C000D39042BCFD00221171DEEE6002900D150
:10EB8C001FE7821B1100002E00D1D1E68021C904A1
:10EB9C000F43D7E639002024D140A21A97407A1EA1
:10EBAC0097410F432C000600DF1B56E700298DD040
:10EBBC00811B002E00D170E71B290BDC8022D204B4
:10EBCC00174376E70121FA08F7E62C006246C7E600
:10EBDC000021F2E605330100DA08EEE6002B00D145
:10EBEC0050E70124002162462C40E6E6DA1B530173
:10EBFC0032D5920194092000F1F78EFC23000538E0
:10EC0C0083402C00012607E7002FDFD0002B17D004
:10EC1C008023DB039A4200D2A4E69C4500D3A1E6F4
:10EC2C0062469FE6002B0BD08023DB039A4200D276
:10EC3C0098E69C4500D395E6012462462C4091E66B
:10EC4C008023DB03FF2013432BE60020002B00D195
:10EC5C0027E60021DA08B0E62C000121D208ACE648
:10EC6C00002A00D10EE70021D208A6E680236246D6
:10EC7C000124DB03FF2013432C4012E60121DA08A8
:10EC8C009BE6310069E60221D20896E6FFFFFF7D84
:10EC9C0041024200C30F490A0020120E7E2A03DDF6
:10ECAC009D2A02DD094A9818704780200004014310
:10ECBC00952A07DC9620821AD1404842002BF3D1CA
:10ECCC000800F1E7963A9140F7E7C046FFFFFF7F57
:10ECDC0070B5002812D0C317C5185D40C40F2800AA
:10ECEC00F1F71AFC9E231B1A962B0FDC082838D040
:10ECFC00083885406D026D0AD8B202E0002400206D
:10ED0C000025C0052843E407204370BD992B14DC73
:10ED1C00421F95402A001549114055071CD00F255C
:10ED2C002A40042A18D00431CA08490115D59F235A
:10ED3C005202181A550AC0B2E3E7020029001B322E
:10ED4C0091404A1E91410522121AD5402A000A43CD
:10ED5C00064911405507E2D1CA085202550AD8B2E9
:10ED6C00CFE76D026D0A8E30CBE7C046FFFFFFFB8D
:10ED7C0010B5041E0DD0F1F7CFFB9E231B1A962B5A
:10ED8C000CDC082834D0083884406402640AD8B2F9
:10ED9C0001E000200024C005204310BD992B13DC9A
:10EDAC00421F9440144A224061071CD00F2121407D
:10EDBC00042918D00432D408520115D59F236402BB
:10EDCC00181A640AC0B2E6E7020021001B32914017
:10EDDC000A00511E8A410521091ACC401443064AE7
:10EDEC0022406107E2D1D4086402640AD8B2D2E7A7
:10EDFC006402640A8E30CEE7FFFFFFFBF0B54F468E
:10EE0C004646D646C0B50D0382B0009201934E0023
:10EE1C00C300CC0F690A450F9C46009A019B0D4319
:10EE2C005F001903D80F009B490A5B0F1943009B25
:10EE3C00760D7F0DDA00F31B844258D0002B13DDC6
:10EE4C00002F00D088E00800104300D159E1581E73
:10EE5C00012B00D1C2E2B14FBB4200D141E13828B5
:10EE6C0000DD6AE2030064E1002B00D1B1E0BB1BC2
:10EE7C00002E00D0E1E164462C4300D176E25C1E0A
:10EE8C00012B00D1E8E2A54EB34200D1B7E2382CF9
:10EE9C0000DC6BE3541EA242924152428D1AA046F2
:10EEAC001E0004002A0268D443461F1D47459B419F
:10EEBC005B42ED182B0200D49DE3984A0136964232
:10EECC0000D1EBE0964A73052A405B0D5107FF0811
:10EEDC0052020F43120B1B051343E4072343380064
:10EEEC00190002B0E0BCBA46B146A846F0BD002BF2
:10EEFC0000DCD7E0002F00D09AE00800104300D1CE
:10EF0C00FFE0581E012B00D148E2844FBB4200D1D8
:10EF1C00E7E0382800DCB8E280221204154200D168
:10EF2C0049E31E000023150098467C4B01369E4297
:10EF3C0000D1B3E07A4B01211D4043465A081940D9
:10EF4C00EF070A4317436D087B07B3D00F233B40F1
:10EF5C00042BAFD0B846A7E77048864200D1C0E07A
:10EF6C00382B00DCE2E001235B4263449C4580418A
:10EF7C0040422D1A98462B0296D501235B429846A7
:10EF8C00684D2800F1F7C8FA0300083B20214046E1
:10EF9C00CA1AD040020040469D4098402A43804601
:10EFAC00B34200DA72E1981B43460130091A454618
:10EFBC008B40C5405E1EB34117008F402B431F434F
:10EFCC00C2403B00150000261343BDD10027002290
:10EFDC0081E7554F731C3B4200D01BE163460F0089
:10EFEC002B431743002E00D0C4E1002B00D145E287
:10EFFC00002F00D107E163469B1A9846C445B641E1
:10F00C006B1A76429B1B80263604334200D1CBE22E
:10F01C006346D31A9A4292411F00491B52428A1AE4
:10F02C009C46174300D0EDE204000023002252E777
:10F03C003A48864255D0382B00DD48E18020000448
:10F04C0001431F2B00DDE3E12027F81A824608005C
:10F05C005746B840814610004F46D8400743380009
:10F06C005746BA40D940571EBA416D1810436044F8
:10F07C008046E045804140422D182B0200D554E7D4
:10F08C0043465B0700D1B9E20F2342461340042BE1
:10F09C0000D009E733004246D20834E033000022A6
:10F0AC00002718E7002B00D18FE0BB1B002E00D0EF
:10F0BC0033E16046284300D140E2581E012B00D1B9
:10F0CC000AE2164EB34200D185E2382800DC87E212
:10F0DC0080252D04294200D19CE21E000023984675
:10F0EC0023E763466E07D8080643ED0837002F4325
:10F0FC0011D0802212032A4312033700074B120B44
:10F10C00E9E66246D2086E071643044AED089342BC
:10F11C00ECD03700D6E0014B0022DCE6FF07000004
:10F12C00FFFF7FFFFFFF7F00FE0700008020000431
:10F13C0001431F2B00DDB1E02027F81A824608009E
:10F14C005746B840814610004F46D8400743380018
:10F15C005746BA40D940571EBA416D1A1043634600
:10F16C001B1A9C458041984640422D1A2B0287D58C
:10F17C006D026D0A002D00D003E74046F1F7CCF983
:10F18C00030018331F2B00DC00E74246083882408E
:10F19C009E4200DD91E09B1B581C1F2800DCF8E10F
:10F1AC0017001F3BDF40202805D040231B1A9A4034
:10F1BC00531E9A411743002F3CD000267B0700D0EA
:10F1CC00C4E63500B846330065E7CB48731C0342F0
:10F1DC0000D085E063462B43002E00D092E10F0057
:10F1EC001743002B00D1D8E1002F0CD062446245AC
:10F1FC0080416D1840422D182B0200D5F2E117000A
:10F20C0094462F4316D063466F07D8080743002354
:10F21C00ED0857E063469B1A9846C445BF416B1AEC
:10F22C007F42DB1B1F0200D5AEE047461D001F438B
:10F23C00A0D10024002300224DE6B04CA74200D1FF
:10F24C00DDE0382B00DD85E08024240425431F2BD2
:10F25C0000DDECE02026F41AA1462C004E46B4400A
:10F26C006646DE403443A04666464C46A640DD402A
:10F27C00741EA6414446491B3443131B9A429241C7
:10F28C005242984604003E008D1A6FE7F61A0300AE
:10F29C009B4D15405B0700D0F6E6FBE618000F000F
:10F2AC002038C740202B03D04020C31A99400A4372
:10F2BC00531E9A411000384351E79149F31A0A4002
:10F2CC005707D5082A035B05120B5B0D03E6802359
:10F2DC001B041D4200D1BBE01D000023984624E610
:10F2EC008648834200D1DAE662446245804169185F
:10F2FC0040420918C8075208104380464D0852076F
:10F30C0005D00F221E000240042A00D0CCE5424654
:10F31C006F07D20817430D09D4E77848874200D10C
:10F32C00D5E0382B00DCB2E080252D04294200D139
:10F33C004CE100233E009846F7E50122524262441C
:10F34C009445804140422D1A90461E002A0200D559
:10F35C0013E6A9E5531E9A42924152428D1A9846E1
:10F36C0004003E002B0200D507E69DE504000D00CD
:10F37C00D208C8E6002B00D0E3E0002F3FD180225A
:10F38C0000245E4B1203A6E56346D31A9A429241BF
:10F39C004D1B524298460400AD1AEBE6624416002F
:10F3AC00664580416A1840421218130200D49DE051
:10F3BC00534973080A40D107194357085B0700D11A
:10F3CC00FEE00F230B40042B00D1F9E00B1D9846F7
:10F3DC008845AD416D420223ED195CE663469B1AEC
:10F3EC009C4580416D1A40422D1A98462B020DD433
:10F3FC0043466F07DB081F43ED08012362E74E0706
:10F40C00D20804001643CD0870E604000126AFE6CE
:10F41C0018000F002038C740202B03D04020C31AFF
:10F42C0099400A43531E9A41100038431FE61C00B2
:10F43C002E00203CE640202B05D04024E31A9D40B2
:10F44C0063462B439C466446631E9C41344314E73D
:10F45C0001236344984627E56346D31A9A429241A6
:10F46C004D1B5242AD1A98462B02CED443466F0721
:10F47C00DB081F4304000123ED0823E7002F00D114
:10F48C00D7E604000D009446BDE60300D9E58020C4
:10F49C00000405431F2B6BDC2020C01A804628007B
:10F4AC004646B0406646DE400643B1466046464698
:10F4BC00B040DD40461EB0414E46491930438046AF
:10F4CC0090449045924152423E005518D5E54E0766
:10F4DC00D2081643CD0809E663469E18964292411F
:10F4EC00691852428A18130200D561E75707F608CB
:10F4FC0001233743D508E5E6FE070000FF070000AF
:10F50C00FFFF7FFF002BE2D06346DE086B071E4334
:10F51C000B00ED08134300D1E8E580231B031D42CB
:10F52C0006D0C808184203D10500D60849070E4377
:10F53C00730FF600F6085B071E43D7E50D00D208E3
:10F54C00E1E56346DE086B071E43ED08002F00D192
:10F55C00CCE580231B031D42EAD0CF081F42E7D124
:10F56C00D608490704003D000E43E1E723006EE690
:10F57C0018002E002038C640202B05D04020C31A7E
:10F58C009D4063462B439C466046431E9841304346
:10F59C0095E720210023091A0EE50023002F00D146
:10F5AC00BAE50D00904676E547461F4300D140E68C
:10F5BC001D00C44627E60122624490461E0073E4F7
:10F5CC00C9087F0702230F4315097BE6531C984695
:10F5DC000D003E0068E4D6084B071E43CD0885E5B8
:10F5EC00030057E7114BD2082B405F0717435A0211
:10F5FC00120B01236FE43300B8464CE54346DA089E
:10F60C00330080E532420AD0084B04001A406746AA
:10F61C0001235BE4013290460D001E0044E4DB083C
:10F62C0057071F4304000023D5084BE6FFFF7FFF5D
:10F63C00F0B5DE46454657464E46E0B587B00092DB
:10F64C0001930B031B0B9B46CA0F4B000400804617
:10F65C005B0D029200D1BFE08F4A934238D05946DD
:10F66C00420FC9000A43802109041143C20090468D
:10F67C008A4A894692469A44002300240393009EAA
:10F68C00019F3B031B0B7A0030009B46520DFD0F74
:10F69C00002A00D17FE0804B9A426ED05946730FFE
:10F6AC00C9000B438021090419438B467B49F300A5
:10F6BC008C46514662448A1A92460021029E6E4044
:10F6CC00F6B20F2C00D9F9E0754AA40012599746EE
:10F6DC005A460243914600D0B6E09A460223904621
:10F6EC0008240393CBE72E00002100230022884638
:10F6FC001B051343F60733434046190007B0F0BC13
:10F70C00BB46B246A946A046F0BDCB464346029D39
:10F71C000399022900D1FAE1032900D1A1E00129C2
:10F72C00E1D0604A524490464446002C00DC00E292
:10F73C005A0704D00F221A40042A00D07FE22E0070
:10F74C00DA085B46DB0106D55946574B8024194035
:10F75C008B46E4005444554B9C4209DC5B465B07EA
:10F76C00134398465B4664055A02120B630DBFE7C0
:10F77C00002100228846484BBAE75B46009A1343A7
:10F78C004B4A9446E244002B59D1022214430022E6
:10F79C000221934692E75B46009A134349D05B469D
:10F7AC00002B00D1A4E15846F0F7B6FE030002008E
:10F7BC000B3B1D27009EFB1A11005846DE400839F2
:10F7CC008840330003439B46009B8B40394952448D
:10F7DC008A460021924471E75B460343994621D047
:10F7EC005B46002B00D171E15846F0F795FE0B23D8
:10F7FC005B429C460200844466461D239B1B2600EC
:10F80C0011005846DE4008398840330003439946BE
:10F81C0023008B409846284B00249B1A9A460023C1
:10F82C0003932CE7002398469A4601330424039350
:10F83C0025E7012214430022012193463EE70323CE
:10F84C0003211C43330039E79A460323D9460C2481
:10F85C00039314E700238022984600260E4B1203D4
:10F86C0046E78022594612030A43120398462E009B
:10F87C00094B120B3CE7802249461203114202D07D
:10F88C0059461142F0D080224B4612031A43120300
:10F89C00029E014B120B2BE7FF07000001FCFFFF40
:10F8AC008C2F0108FF030000FFFFFFFEFE07000086
:10F8BC0001F8FFFFF30300000DFCFFFFCB4500D266
:10F8CC00FAE000D1F5E0012252429446002244466F
:10F8DC0048469046E2445A461F0E12021B020293FF
:10F8EC00130C994617433B041B0C49460093F0F745
:10F8FC008BFC009A0B044243210C050019438A42ED
:10F90C0007D9C919013D8F4203D88A4201D9851EF6
:10F91C00C919881A4946F0F777FC009A2404424327
:10F92C000904240C03000C43A24204D9E419013B42
:10F93C00A74200D8F7E00299A01A2D040C0C090478
:10F94C001D43090C2A0C2B04AB460D001B0C5D430C
:10F95C00059163435143049462435B182C0CE318E8
:10F96C00994203D9802149028C466244190C2D041A
:10F97C001B042D0C8A185D19904200D287E000D12F
:10F98C0082E043465D1BA8459B41801A5B42C01A2E
:10F99C00B14B534498461C00874200D10CE14946B8
:10F9AC00F0F732FC0200009B03905A430B04290C25
:10F9BC0019438A420AD90300C919013B03938F42A8
:10F9CC0004D88A4202D9831E0393C919881A49465E
:10F9DC00F0F71AFC0A00120494462A0465460099B2
:10F9EC00120C414303002A43914207D9D219013822
:10F9FC00974203D8914201D9981ED219039B521AEF
:10FA0C001B0403430598190C05008C461904090CBA
:10FA1C004D438946614600956546484304994D43DC
:10FA2C00AC464D464D432918009D2D0CA946494422
:10FA3C00884203D9802040028146CC44009D080CAA
:10FA4C002D0409042D0C60444D1982420FD30BD0A8
:10FA5C0001221343814A92456CDB1A1D9A429B4149
:10FA6C005B42D2089B446CE6002D00D193E0591EFA
:10FA7C00BA188C46BA4200D285E0824200D2C7E066
:10FA8C0000D1D5E00B00E3E7A84500D379E75B464E
:10FA9C00591E029B9C46E0441C0098459B415B42CE
:10FAAC00DB19C018874238D2824278D875D08B4681
:10FABC0067E7434500D906E74A46D4075008424653
:10FACC00520814434246D207904604E7F0F724FD4F
:10FADC0015239C4684440200634620321C2B00DC18
:10FAEC008AE623000838834099460023984692E61C
:10FAFC00F0F712FD03000200153320321C2B00DC42
:10FB0C0057E600990838814000238B465EE60021B9
:10FB1C002E0000228846524BEAE58742C7D1444565
:10FB2C00C2D98B462DE7A24200D804E7831EE41904
:10FB3C0001E72E0001224146521A382A00DDD3E596
:10FB4C001F2A3FDC47481C005044594683408140E3
:10FB5C00D440581E834121430B435946D1400A00DF
:10FB6C00590709D00F211940042905D0191D9942B4
:10FB7C009B415B42D2180B00110268D50021012376
:10FB8C0000228846B4E50B00824200D060E7029A5E
:10FB9C00954200D05CE73500C6E5454587D9022380
:10FBAC005B429C46029BE3449C46E04498459B4147
:10FBBC005B42DB19C018E4E6002B36DD0123002282
:10FBCC009B44BEE51F2140464942091A5846C8408D
:10FBDC000100202A04D05846234A52449040034343
:10FBEC005A1E934107200B43010000221940184272
:10FBFC0009D00F21194004291FD0181D98428941A2
:10FC0C00030049424907DB080B43984600236FE584
:10FC1C000299023B49008C4602998C458941494224
:10FC2C00C919521861460291AEE701235B4281E784
:10FC3C000299A942ECD36346A9E70021E3E71A1D18
:10FC4C009A429B415B422E00D2089B4479E55107B6
:10FC5C005202120BD7E7C046FF03000002FCFFFF65
:10FC6C00FF0700001E0400003E040000F0B55746DC
:10FC7C00DE464E464546E0B50D000400E80F8346CF
:10FC8C000903D80F090B82461A488C461F036900DA
:10FC9C005E00490D3F0B760D81421AD0864211D081
:10FCAC000120B1420FD1BC450DD1A2420BD1D3459D
:10FCBC001ED0002907D1614611430A00531E9A41F8
:10FCCC00100000E00120F0BCBB46B246A946A0469D
:10FCDC00F0BD01208E42F6D1614639430F00174327
:10FCEC002743F0D15B465246981A431E9841EAE7E7
:10FCFC000020E8E7FF070000F0B557464E464546A2
:10FD0C00DE46E0B50D000E034900490D8A46DF0FB3
:10FD1C00E90FBC4683B02F4F040080460191580078
:10FD2C0019039146360B090B400DBA451DD0B8424C
:10FD3C000DD05746002F2AD13443002824D10A4332
:10FD4C0036D0002C41D163465800013815E01143E0
:10FD5C0038D15346002B01D12643F4D0019B634587
:10FD6C0007D1019B5800013807E026432AD15045A2
:10FD7C0021D00120019B5F42384303B0F0BCBB464D
:10FD8C00B246A946A046F0BD002CDCD0E6E7002820
:10FD9C00EFD0019B6345ECD18245EADCE1DB8E427E
:10FDAC00E7D8DED1C845E4D80020C845E5D2D8E76D
:10FDBC00002CE2D0DDE7114304D1019B6345D8D17F
:10FDCC000020DAE702204042D7E7019B6345E6D0EA
:10FDDC00CFE7C046FF070000F0B557464E464546F4
:10FDEC00DE46E0B50D000E034900490D8A46DF0FD3
:10FDFC00E90FBC4683B02E4F040080460191580099
:10FE0C0019039146360B090B400DBA451ED0B8426A
:10FE1C000DD05746002F27D13443002833D10A4345
:10FE2C0034D0002C40D163465800013815E0114302
:10FE3C0012D15346002B01D12643F4D0019B6345CC
:10FE4C001DD00120019B5F42384306E0264303D1BD
:10FE5C005045F6D111431CD0022003B0F0BCBB4678
:10FE6C00B246A946A046F0BD0028EAD0019B6345E6
:10FE7C00E7D18245E5DC02DB8E42E2D80ED0019B55
:10FE8C0058000138E9E7002CCDD0D7E7002CE4D09E
:10FE9C00D7E7019B00206345DFD0D2E7C845D0D817
:10FEAC000020C845D9D2EAE7019B6345E4D0C8E7F6
:10FEBC00FF070000F0B557464E464546DE46E0B516
:10FECC001F000B031B0B16009846CA0F4B000400B7
:10FEDC00924685B05B0D00D1C2E1CC4A934200D171
:10FEEC0028E14146420FC9000A438021090411430D
:10FEFC00C2009146C64A884693469B44002300257F
:10FF0C0001933C037A00FB0F3000240B520D00933D
:10FF1C0000D185E1BD4B9A4200D160E1BC4B9C46BF
:10FF2C00624493440A2D00DD14E1730FE4001C437A
:10FF3C0080231B042343F0005246009900264A40BC
:10FF4C009246022D11DD0122AA40A6211400C900FF
:10FF5C000C400A4200D0FDE0902189000A4200D0FA
:10FF6C00D4E18821114200D0EFE049464A46090409
:10FF7C00140C090C020C0F0015000004000C654356
:10FF8C0047430195B9462F000D0006005543AC467A
:10FF9C004D4666432D0CB4446544AE4205D93E0033
:10FFAC0080277F02BC46664401964F463F043F0CB7
:10FFBC002E0C2D04ED1902951D0C1B041B0C009529
:10FFCC001D001F0065434F43AC46009D69436C43C5
:10FFDC003D0CA946614449448C4503D980256D02EA
:10FFEC00AC4664443F040D0C3F0C0904C919AC46E3
:04FFFC0075180395DC
:020000040801F1
:1000000045462E04360C2F0C350045437843804678
:1000100038006444AC462D0CA94650437243424418
:100020004A44904503D980256D02A8464044150CEA
:10003000A84665462D042D0CAC4635005D431204E0
:100040006244AC467B43009D404498462B006E437F
:1000500065467B4346442D0CAD191F000093A8450F
:1000600004D980235B02984647440097039B019E76
:1000700098462B044644984663468E4289411B04A9
:100080001B0C4344B61849421B195F189642924113
:10009000BC465242804691468C458941A3429B41D1
:1000A000E044C14449425B42914592410B43804543
:1000B00089412D0C494252420A435B199B18009A10
:1000C000029994464A4663445B02D20D1A43904615
:1000D00072020A43511E8A41F60D16434A465202E5
:1000E0001643B146DB0154D44D4A5A44002A00DC81
:1000F00018E133005B0715D00F215B46314004291E
:1001000010D04946081D48458941814649428844E6
:100110004146C90106D54146424A114080228846DF
:10012000D2009A18404B9A4200DD2BE141464B46E3
:100130004C07DB081C4352054B021B0B520D1AE007
:1001400042460243914600D0E0E09B46022390469F
:1001500008250193DBE6009A98469246814601966F
:10016000019B022B00D10DE1032B35D0012B1BD1BC
:1001700000220023002412051A435346DB071A43CA
:100180002000110005B0F0BCBB46B246A946A0460F
:10019000F0BD01227308324013434246D207134395
:1001A000994643465B08984680225B46D2005A44F3
:1001B0000133002A00DCB6E049464907A8D00F21E8
:1001C0004846014004299CD1A2E70F2D00D1FDE053
:1001D000009BA0469A46B146802342461B03134328
:1001E0001B034C460C4A1B0BC5E70B4933008C46DE
:1001F0002343E344002B77D1022129430A29AFDCB2
:100200005046009C60408246002D00D10EE10D005A
:10021000002002269DE6C046FF07000001FCFFFF0C
:10022000FF030000FFFFFFFEFE0700002300334333
:100230004BD0002C00D1BBE02000F0F773F9030095
:1002400002000B3B1D20C31A3000D84011000300F0
:10025000300008398C408840234359468A1A78492F
:100260008B4693440A2D00DC6CE679E74346034352
:10027000994623D04346002B00D187E04046F0F753
:1002800051F90B235B429C46020084441100404616
:10029000083988401D23804660461B1A2000D8403C
:1002A000030040460343984623008B409946644B25
:1002B00000259B1A9B460023019328E600239846BD
:1002C0009B4601330425019321E6012215430A2DA3
:1002D00000DD45E7524600994A409246022D00DC77
:1002E00046E70020012634E603231D430A2D00DDE6
:1002F0006BE75346009A882153400122AA409A4650
:1003000003262300114200D135E624E79B46032350
:1003100081460C250193FAE500239A468023494A39
:100320001B0328E75B460121891A382900DD1FE7F6
:100330001F295ADD1F204042821A4046D040202902
:1003400008D0414A9446424663449A4013004A46C4
:100350001A4391464A460721531E9A410C00024314
:1003600000231440114209D008311140042960D003
:10037000111D9142A4410A0064426407D20814434B
:100380000022F8E6002300242E4AF4E6F0F7CAF82B
:1003900015239C4684440200634620321C2B00DC5B
:1003A00074E70023994623000838834098467EE787
:1003B000F0F7B8F803000200153320321C2B00DCE4
:1003C00040E7330008388340002046E78023424658
:1003D0001B031A4200D1FFE61C4200D0FCE6009A43
:1003E000234392463400174AC5E6184A40469446CD
:1003F0004A4663449840CA4010434A469A40531EB6
:100400009A4143460243CB40510709D00F21114086
:10041000042905D0111D9142924152429B180A00B5
:10042000190208D5012200230024A4E60023002499
:10043000A1E60024A2E75C075B021B0B9EE7C04617
:100440000DFCFFFFFF0700003E0400001E0400003B
:10045000F0B54E464546DE465746E0B583B00090BF
:1004600001910D034E000199760DCC0F690A009D94
:100470006D0F0D43009900920193C8001903019B71
:10048000CB4A5B005B0D9946019B8346DB0F984688
:100490004B0A0099490F1943009BDB009C469A4682
:1004A000914500D173E0012347465F404B46B84673
:1004B000F31ABC4216D0002B00DC9AE24F46002F04
:1004C00000D082E067460F4300D13AE15F1E012B66
:1004D00000D1A4E2934200D12EE1382F00DD43E2A7
:1004E0003B003EE1002B00DCD7E24F46002F00D05E
:1004F000F8E067460F4300D123E15F1E012B00D1D6
:1005000057E2934200D117E1382F00DC04E3802248
:100510001204154200D1AAE31E0015000027A44BC7
:1005200001369E4200D103E10122A24B3A401D4018
:1005300079081143EA070A436D08530709D00F23CE
:100540001340042B05D017003A1DBA42BF417F4229
:10055000ED192B0200D477E3954901368E4200D184
:10056000E6E0944973050D405B0D6907D2086D0202
:100570000A432D0B1B052B43E407234310001900EE
:1005800003B0F0BCBB46B246A946A046F0BD8A4BBC
:10059000F21863460B434CD0444550D0002A6CD02F
:1005A000002E00D17DE1634644464F07DA08174329
:1005B000C8083A00024300D1CDE080252D03054351
:1005C0002D033A007A4B2D0BD4E7964200D1B3E0CD
:1005D000382B00DCC2E0471EB842804140422D1A51
:1005E0002B02B1D50127754D7F422800EFF79AFF06
:1005F0000838202339001A1A8540D1408740294302
:10060000B04200DA45E1801B01301B1A3D009F40DB
:10061000C5407A1E97410A009A402F433A43C14091
:1006200013000D0000260B4300D086E700220025B2
:10063000A0E7474601235F40B8464445AED1002AB3
:1006400000D1EFE0002E00D088E14B462A000243A3
:1006500000D1A0E25A1E012B00D1B7E2544EB342A2
:1006600000D17BE1382A00DC12E380252D042942E9
:1006700000D112E31E00002751E7514A731C1342B8
:1006800000D0F4E062462B000A430343002E00D062
:1006900074E1002B00D123E2002A00D1E0E06346A0
:1006A000C71AB842924180266B1A52429B1A3604EE
:1006B000334200D1C1E26346181A844592414D1B72
:1006C0005242AD1A0124020043462A431C40002A2C
:1006D00000D1DBE0354200D1E9E2364B02001D409B
:1006E000012342E7964227D0382B00DD11E180221A
:1006F000120411431F2B00DDA1E120220F00D21AAA
:10070000914697406246DA401743B84662464F46E4
:10071000BA40D940571EBA4147466D1817433F1893
:100720008742804140422D182B0200D5F7E634E085
:100730003300002500221DE7C0086F070743E808C3
:1007400037E7C7086A071743194AE808934200D1F8
:100750002FE73A00D8E0164B00250BE78022120461
:1007600011431F2B00DDB7E020220F00D21A914663
:1007700097406246DA401743B84662464F46BA4051
:10078000D940571EBA4147466D1A1743C71BB84296
:10079000804140422D1A2B0216D47B0700D179E20A
:1007A0000F233B40042B00D0CEE63300FF08C9E7FF
:1007B000FF070000FFFF7FFF01F8FFFFFFFF7F0043
:1007C000FE070000444601266D026D0A002D00D090
:1007D0000BE73800EFF7A6FE030018301F2800DCF7
:1007E00007E73900083B9940864200DD87E0831B1C
:1007F000581C1F2800DC14E20A001F3BDA402028A6
:1008000005D040231B1A99404B1E99410A43002AE8
:100810003CD00026530700D091E617003500330086
:10082000FF088FE7CA4A731C13427AD12B00034397
:10083000002E00D092E162460A43002B00D1F4E181
:10084000002A0DD06346C718874280416D18404288
:100850002D182B0200D512E23A00BB462A4315D0D0
:100860005B466A07DF083A430023E8084CE063462A
:10087000C71AB84292416B1A52429B1A1A0200D50B
:1008800087E03A001D001A43A0D100240023002570
:1008900070E6B04D361A0D407B0700D080E733007C
:1008A00084E74B462A0002437ED05A1E012B00D11A
:1008B0001FE1A94CA34200D198E1382A00DC9CE159
:1008C0006246571EBC45924152428D1A44461E0054
:1008D0002A0200D586E637E61A000F00203AD740F4
:1008E000B846202B05D04022D31A994063460B43CB
:1008F0009A4657467B1E9F4143461F4346E7954A0B
:10090000331A11404A07C80805035B052D0B5B0D20
:1009100030E680231B041D4200D1FBE01D000027B0
:10092000FDE58D4A934200D103E762468218824278
:100930008041691840420818C70752081743450804
:10094000520700D4AEE10F221E003A40042A00D024
:10095000FAE5FF086A073A430009D5E763464F07FF
:10096000DA081743C80824E6471EB84280414042CF
:100970002D1A1E002A0200D534E6E5E5002B00D032
:100980000DE1002A00D069E180250024724B2D037F
:10099000F0E563461F1ABC459241012443464D1BB6
:1009A0005242AD1A1C4011E7624644460D00D7087A
:1009B000C8E66346C6188642804169184042091855
:1009C0000B0200D40CE1634B70081940CB070343C2
:1009D0004A08400700D43BE10F201840042800D10A
:1009E00036E11F1D9F42AD416D420223AD18FF0845
:1009F000A8E6002B00D140E64B469B1B002E00D101
:100A000050E7382B2EDD63465F1EBC4592415242B3
:100A10008D1A44464E462B0200D5E3E594E5634625
:100A2000C71AB84280416D1A40422D1A2B0200D5D8
:100A3000C9E66A07FF0801233A43E80864E71A0099
:100A40000F00203AD740B846202B05D04022D31AB9
:100A5000994063460B439A4657467B1E9F41434647
:100A60001F435CE680223C00120415431F2B26DC4A
:100A700020222F00D21A060090409740DE40421EEE
:100A80009041DD4037430743491B6346DF1BBC45AC
:100A9000924152424E468D1A7DE6002B00D1C1E6AE
:100AA0004B469B1B002E00D1D0E5382B36DD802530
:100AB0002D04294200D1DDE04E4600272FE51A0023
:100AC0002E00203AD640202B05D04022D31A9D403C
:100AD0002F000743BB465F467B1E9F413743D4E749
:100AE000002A00D1D1E6012443460D00E3461C4014
:100AF000B6E663461F1ABC4592414D1B5242AD1AE1
:100B00002B0200D55EE66A07FF08444601233A43FC
:100B1000E808F9E6471C17E53B00EBE580221204E4
:100B200015431F2B6CDC20222F00D21A06009040A8
:100B30009740DE40421E9041DD403743074349194C
:100B400067446745924152424E465518ECE5C0460F
:100B5000FE070000FFFF7FFFFF070000002B00D112
:100B6000FCE6C7086B071F436346E8080B4300D148
:100B70001FE580231B03184207D0CA081A4204D17C
:100B800063461000DF0849070F437B0FFF00FF0893
:100B90005B071F430DE562460D00D708D2E5C70885
:100BA0006B071F43E808002A00D102E580231B03DE
:100BB0001842EAD0CA081A42E7D163460124DF0886
:100BC0004346490710000F431C40DEE76044604580
:100BD000924169185242891806000B0200D5F2E6CC
:100BE0004A07F60801233243C8088DE66346DF084A
:100BF0004B0744461F43C808DBE44446130035E76F
:100C00001A002E00203AD640202B05D04022D31ABD
:100C10009D402F000743BB465F467B1E9F413743E5
:100C20008EE7202300271B1AF5E40023002A00D1B9
:100C300092E567460D00FF0884E53A001A4300D1AB
:100C400023E61D00BB460BE617003300FF0879E5DD
:100C5000DB0852071A430809022355E663460124BC
:100C6000DA0843464F071743C8081C40A1E41E009A
:100C7000471C69E467460D004E46013764E40F4B9C
:100C8000FF081D406A076D0201233A432D0B71E4F2
:100C9000130046E73300FF0854E567460D001E00C9
:100CA000013751E46A07FF083A4300092CE6C008FF
:100CB0006A0702430023E80826E6C046FFFF7FFFDD
:100CC0000B00020070B5164D0C0382B049000020E5
:100CD00000920193240B490DDE0FA94204DD114857
:100CE000814203DD104BF01802B070BD802040033C
:100CF00020430E4C641A1F2C08DD0D4B5B1AD840A4
:100D000003005842002EEFD11800EDE7094B009A7E
:100D10009C46030061448B40E2401343F1E7C04628
:100D2000FE0300001D040000FFFFFF7F33040000EE
:100D300013040000EDFBFFFF70B5002816D0C317A9
:100D4000C5185D40C40F2800EFF7ECFB104B1B1AD1
:100D50005B055B0D0A2814DC02002E00153296405C
:100D60000B22121AD5402D032D0B03E00024002383
:100D7000002500261B052B43E40723433000190000
:100D800070BD0B3885402D0300262D0BF2E7C046C1
:100D90001E04000010B5041E10D0EFF7C3FB0E4B6D
:100DA0001B1A5B055B0D0A280FDC0B222100121AAF
:100DB000D14015300A038440120B01E000230022C9
:100DC0001B0513432000190010BD22000B38824080
:100DD00012030024120BF3E71E04000070B5420258
:100DE0004300C40FFE201B0E591C550A08420CD0AC
:100DF000E02189008C466D07120B63441B051343E9
:100E0000E40723432800190070BD002B14D1002DE6
:100E10001BD02800EFF786FB0A281CDC0B232A00D6
:100E20001B1ADA40030015339D400E4B12031B1AA8
:100E30005B05120B5B0DE1E7002D09D0130B80223F
:100E400012031A436D07084BD8E700230022D5E7A9
:100E50000022054BD2E703002A000B3B9A400025F5
:100E6000E3E7C04689030000FF070000F0B54B0030
:100E70000F035B0D3D4C450F83B07F0A5E1C2F4373
:100E800000900191CA0FC50026420BD038495C186A
:100E9000FE2C12DDFF200023C0051843D2071043AB
:100EA00003B0F0BD00203D43002BF5D0002DF1D064
:100EB0008023DB03FF203B43EEE7002C0CDD009B8F
:100EC000FF009B01581E8341690F3B430B435907A9
:100ED00025D1DB08E0B2DFE7210017312EDB8021CE
:100EE0001E2009043943001B1F282ADD02267642F2
:100EF000341B0E00E6403400202804D01D488446F0
:100F0000634499400D432B00591E8B412343072115
:100F1000180008400B421FD19B015B0ABCE70F2160
:100F20001940042903D19B015B0AE0B2B4E7043302
:100F30005901F8D501340023E0B2ADE700200023C9
:100F4000AAE70D4C1C192B00A540C340A140681E08
:100F5000854129430B43DAE70F2100241940042976
:100F6000E5D19B0120005B0A96E7C046FE07000022
:100F700080FCFFFFA2FCFFFF82FCFFFFF8B5C0462C
:100F8000F8BC08BC9E467047F8B5C046F8BC08BC23
:040F90009E467047C2
:100F9800222A2B2C3A3B3C3D3E3F5B5D7C7F000088
:100FA8004F4B0D0A000000000D0A45727200000048
:100FB8005443204661756C740D0A0000252E326674
:100FC8000D0A000054203D20252E326620430D0ACC
:100FD800000000004F4E0D6E0000000052203D2022
:100FE8004F4E0D0A000000004F46460D6E000000EF
:100FF80052203D204F46460D0A00000056424154FB
:101008003D25646D56205644443D25646D560D0AB1
:1010180000000000252E326600000000434A4320ED
:101028003D20252E326620433B2000006F6B0000D8
:101038006E6F206661756C740D0A00006F70656EC6
:101048002000000067000000474E442D73686F724F
:1010580074200000760000005643432D73686F72B9
:1010680074200000660000006661756C7420000042
:10107800284E4F2041434B290D0A000025640000EB
:1010880044657669636573206F6E206275733A0DE7
:101098000A0000002F0000002C200000290000009A
:1010A800202D2000556E6B6E6F776E0028656E647C
:1010B800206F66206C697374290D0A004C6973747B
:1010C800206F6620636F6D6D616E64733A0D0A213F
:1010D80072657365743A2072657365742053544D54
:1010E80033322072656D6F74656C790D0A6E616DAF
:1010F80065202D206E616D652043414E2064657624
:10110800696365730D0A20206E616D65203C63611B
:101118006E2069643E203C6E616D653E205B3C69D3
:101128006E6465783E5D3A206E616D65206120646D
:1011380065766963650D0A20206E616D6520636CB4
:10114800656172203C63616E2069643E3A20636C7D
:10115800656172206E616D65730D0A20206E616D88
:1011680065206C697374203C63616E2069643E3A43
:10117800206C697374206E616D65730D0A627573F6
:10118800202D2043414E20627573206F7065726177
:1011980074696F6E730D0A2020627573207265730F
:1011A80065743A2072657365742077686F6C652082
:1011B80043414E206275730D0A2020627573206CBE
:1011C8006973743A206C69737420616C6C2064656F
:1011D8007669636573206F6E206275730D0A736498
:1011E800202D2053442063617264207365747570E8
:1011F8000D0A2020736420696E69743A20696E694B
:101208007469616C697A65206D6963726F53440D06
:101218000A2020736420667265653A207072696ED0
:1012280074206D6963726F5344206672656520731C
:10123800706163650D0A20207364206465696E69B6
:10124800743A206465696E6974616C697A65206DA9
:101258006963726F53440D0A66696C65202D2066B8
:10126800696C65206F7065726174696F6E730D0AC1
:10127800202066696C652072756E203C66696C6515
:101288003E3A2072756E7320612066696C65206134
:101298007320636F6D6D616E64730D0A202066693B
:1012A8006C652070726F6772616D203C66696C6551
:1012B8003E3A2070726F6772616D732061206669B3
:1012C8006C652E20547970656420636F6D6D616E56
:1012D800647320617265207772697474656E207416
:1012E8006F2074686520656E64206F662074686579
:1012F8002066696C650D0A202066696C6520656E3C
:1013080064703A2073746F702070726F6772616DC9
:101318006D696E6720616E642077726974652063F9
:101328006F6D6D616E647320746F2066696C650DF6
:101338000A202066696C652072656164203C6669D4
:101348006C653E3A20726561647320616C6C206C38
:10135800696E657320696E20612066696C650D0A87
:10136800202066696C652064656C657465203C6640
:10137800696C653E3A2064656C657465732061200C
:1013880066696C650D0A202066696C652064656C69
:101398006C696E65203C66696C653E203C6C696EC4
:1013A800653E3A2064656C657465732061207369D5
:1013B8006E676C65206C696E65206F6620612066BB
:1013C800696C650D0A202066696C65206C69737408
:1013D8003A206C697374732066696C657320696E52
:1013E80020726F6F74206469726563746F72790D0F
:1013F8000A72656C6179202D20636F6E74726F6C50
:101408002072656C6179730D0A202072656C6179B0
:10141800206F6666203C6465766963653E3A207491
:1014280075726E73206F666620612072656C6179D3
:101438002C20737570706F72747320656E74697286
:101448006520626F617264730D0A202072656C6199
:1014580079206F6E203C6465766963653E3A207436
:1014680075726E73206F6E20612072656C61790DE4
:101478000A202072656C6179207265736574203C5E
:101488006465766963653E3A207265736574207297
:10149800656C617920626F617264730D0A7365729D
:1014A800766F202D20636F6E74726F6C2073657277
:1014B800766F730D0A2020736572766F206F6666EB
:1014C800203C6465766963653E3A20646973656E9D
:1014D8006761676520736572766F0D0A20207365F2
:1014E80072766F206F6E203C6465766963653E3A5C
:1014F80020656E6761676520736572766F0D0A20D7
:1015080020736572766F20736574203C6465766914
:1015180063653E203C616E676C653E3A2073657476
:1015280020736572766F20746F20616E676C650D2D
:101538000A2020736572766F207265736574203C8B
:101548006465766963653E3A2072657365742073D5
:101558006572766F20626F617264730D0A7463201E
:101568002D20636F6E74726F6C20746865726D6F76
:10157800636F75706C65730D0A202074632067654E
:1015880074203C6465766963653E3A2072656164DF
:10159800732054432074656D70657261747572654B
:1015A8000D0A2020746320737461747573203C6481
:1015B80065766963653E3A207265616473205443B9
:1015C8002073746174757320666C6167730D0A20EB
:1015D800207463207265736574203C646576696362
:1015E800653E3A2072657365747320544320626FB8
:1015F800617264730D0A7074202D20636F6E7472AB
:101608006F6C207072657373757265207472616E89
:10161800736475636572730D0A20207074206765A2
:1016280074203C6465766963653E3A20726561643E
:10163800732050542070726573737572650D0A209B
:10164800207074207265736574203C6465766963E4
:10165800653E3A2072657365747320505420626F3A
:10166800617264730D0A74696D65202D2074696D4B
:1016780065722066756E6374696F6E730D0A20203B
:1016880074696D65207374616D703A2067657420A4
:1016980063757272656E742074696D657374616DBB
:1016A800700D0A202074696D65206D61726B3A2097
:1016B800736574206D61726B2C2074696D6520737D
:1016C80074616D702073686F77732074696D65201D
:1016D80073696E6365206D61726B0D0A20207469F1
:1016E8006D6520736C656570203C6D733E3A2073A0
:1016F8006C65657020666F7220612074696D652065
:10170800696E206D730D0A202074696D652064650B
:101718006C6179203C6D733E203C636F6D6D616E2A
:10172800642E2E2E3E3A2072756E207468652063F2
:101738006F6D6D616E6420616674657220612074DE
:10174800696D6520696E206D730D0A202074696DBE
:1017580065206576657279203C6D733E203C636F29
:101768006D6D616E642E2E2E3E3A2072756E207459
:10177800686520636F6D6D616E642065766572794A
:1017880020696E74657276616C20696E206D730DC8
:101798000A202074696D65206C6973743A206C693D
:1017A80073742074696D6572732072756E6E696EDC
:1017B800670D0A202074696D652064656C65746521
:1017C800205B3C69643E5D3A2064656C6574652005
:1017D800746861742074696D65722C206465666133
:1017E800756C74206973206C61737420616464651E
:1017F800640D0A202074696D65207175696574200F
:101808005B3C69643E5D3A2073696C656E63652F65
:10181800756E73696C656E6365206D65737361675A
:1018280065732066726F6D20746861742074696DC9
:1018380065720D0A6D7367202D206D65737361677E
:10184800652066756E6374696F6E730D0A20206D6E
:101858007367206563686F203C6D657373616765A6
:101868002E2E2E3E3A207072696E7473207468654D
:10187800206D657373616765206F75740D0A6C6FF1
:1018880067202D2064617461206C6F6767696E67DB
:101898002066756E6374696F6E730D0A20206C6F15
:1018A80067206F70656E203C66696C653E3A206FF4
:1018B80070656E732066696C6520666F722064615E
:1018C8007461206C6F6767696E672C206170706542
:1018D8006E6420746F20656E640D0A20206C6F673B
:1018E80020636C6F73653A20636C6F7365206F704B
:1018F800656E206C6F672066696C650D0A20206C28
:101908006F672073796E633A207772697465206E09
:101918006577206368616E676573206261636B2019
:10192800746F206C6F672066696C650D0A20206CE7
:101938006F67206C696E65203C666F726D61742EEE
:101948002E2E3E3A2077726974652061206C696E8C
:1019580065206F66206461746120746F2074686507
:10196800206C6F672066696C653B207370656369DE
:10197800666965727320736570617261746564204D
:101988006279207370616365733A0D0A20202074B0
:10199800202D3E2074696D65207374616D70206917
:1019A8006E206D730D0A2020206D202D3E20746955
:1019B8006D652073696E6365206D61726B20696E59
:1019C800206D730D0A202020273C544558543E2092
:1019D8002D3E207468617420746578740D0A202087
:1019E80020503C5054206E616D653E202D3E207085
:1019F8007265737375726520696E207073690D0A5C
:101A08004F6E2073746172747570206F72207265E6
:101A18007365742C20737461727475702E7363729D
:101A28002069732072756E206175746F6D617469B9
:101A380063616C6C792E0D0A0000000025646D0D41
:101A48000A000000564444203D202564206D560DB0
:101A58000A000000496E76616C69640D0A00000096
:101A68004F7074696F6E206E656564656420666F7B
:101A7800722022627573222E0D0A0000496E76616B
:101A88006C696400556E6B6E6F776E206F70746949
:101A98006F6E20666F722022627573223A200000F2
:101AA800726573657400000046756C6C206275730E
:101AB8002072657365742E2E2E0D0A006C6973747E
:101AC8000000000076646400466F726D61743A200D
:101AD8006E616D65206C697374203C64657669631A
:101AE800653E0D0A000000004F7074696F6E206F2C
:101AF8007220646576696365206E65656465642037
:101B0800666F7220226E616D65222E0D0A0000003C
:101B1800466F726D61743A206E616D65203C646534
:101B2800766963653E203C6E616D653E205B3C696D
:101B38006E6465783E5D0D0A000000004572720D06
:101B48000A000000546F6F206D616E79206465761D
:101B58006963657320696E206D61702E0D0A00003F
:101B68004E616D6520616C7265616479207265678C
:101B7800697374657265642E0D0A0000546F6F20D6
:101B88006D616E79206E616D6573206F6E2064657E
:101B9800766963652E0D0A004E616D6520746F6F5E
:101BA800206C6F6E672E0D0A000000004E616D6597
:101BB80020726567697374657265642E0D0A00008A
:101BC800636C656172000000546F646F0D0A000059
:101BD8004E616D657320666F722064657669636512
:101BE800200000004E6F206E616D657320666F7275
:101BF8002074686174206465766963652E0D0A0037
:101C0800496E76616C6964204944206F722064656E
:101C180076696365206E616D652E0D0A000000000F
:101C28004E65656420746F207370656369667920FA
:101C3800696E646976696475616C2072656C617936
:101C48002E0D0A004F7074696F6E206E65656465AD
:101C58006420666F72202272656C6179222E0D0AEB
:101C680000000000556E6B6E6F776E206F707469A0
:101C78006F6E20666F72202272656C6179223A203D
:101C8800000000006F6666005475726E696E67200A
:101C980072656C6179204F46462E0D0A00000000DF
:101CA8005475726E696E672072656C617973204F26
:101CB80046462E0D0A0000006F6E00005475726EC5
:101CC800696E672072656C6179204F4E2E0D0A008F
:101CD800706F776572000000676574003A2052657E
:101CE80073657420626F6172642E0D0A0000000033
:101CF8004E65656420746F2073706563696679202A
:101D0800696E646976696475616C20736572766F53
:101D18002E0D0A00496E76616C69642073657474CF
:101D2800696E673A20000000496E76616C6964202C
:101D3800616E676C652E0D0A00000000416E676CCD
:101D480065206F7574206F662072616E67652E0D51
:101D58000A0000004F7074696F6E206E65656465D7
:101D68006420666F722022736572766F222E0D0AC8
:101D780000000000556E6B6E6F776E206F7074698F
:101D88006F6E20666F722022736572766F223A201A
:101D9800000000005475726E696E67207365727674
:101DA8006F204F4E2E0D0A005475726E696E6720B3
:101DB800736572766F204F46462E0D0A00000000AC
:101DC800636667006D696E75730000006D617875F4
:101DD800730000006D696E616E676C65000000003D
:101DE8006D6178616E676C65000000004375722054
:101DF80000000000203D20004E6577200000000014
:101E0800202D3E2000000000736574003A205365C1
:101E18007474696E6720736572766F202D3E20009A
:101E28002064656720280000207573292E0D0A009C
:101E38004E65656420746F207370656369667920E8
:101E4800696E646976696475616C2054432E0D0A65
:101E5800000000004F7074696F6E206E65656465E0
:101E68006420666F7220227463222E0D0A0000001F
:101E7800556E6B6E6F776E206F7074696F6E20662B
:101E88006F7220227463223A200000007374617418
:101E9800757300004E65656420746F207370656308
:101EA80069667920696E646976696475616C205029
:101EB800542E0D0A000000004F7074696F6E206E7A
:101EC800656564656420666F7220227074222E0D29
:101ED8000A000000556E6B6E6F776E206F70746924
:101EE8006F6E20666F7220227074223A2000000004
:101EF8006D617800476942004D6942004B694200B4
:101F080042000000556E61626C6520746F206F702E
:101F1800656E206469726563746F72792E0D0A00AC
:101F280046696C6573206F6E205344206361726448
:101F38003A0D0A00252D31387320256C752025733C
:101F48000D0A00004F7074696F6E206E65656465D8
:101F58006420666F7220226D7367222E0D0A0000BE
:101F6800556E6B6E6F776E206F7074696F6E20663A
:101F78006F7220226D7367223A2000006563686FD4
:101F8800000000007175696574000000756E717558
:101F9800696574007465727365000000756E746518
:101FA8007273650050203D20252E326620707369BB
:101FB8000D0A000025646D0054696D657374616DC8
:101FC800702025646D7300002C25646D00000000EE
:101FD8002C2025646D732073696E6365206D6172B2
:101FE8006B0D0A004F4B00004D61726B20736574D6
:101FF8002061742025646D730D0A0000466F726DB0
:1020080061743A2074696D6520736C656570203C55
:102018006D733E0D0A000000466F726D61743A20C0
:1020280074696D652064656C6179203C6D733E2030
:102038003C636F6D6D616E642E2E2E3E0D0A00009E
:10204800466F726D61743A2074696D6520657665B6
:102058007279203C6D733E203C636F6D6D616E64D8
:102068002E2E2E3E0D0A00004E6F6E650D0A0000E2
:102078004E6F2074696D657273206163746976654B
:102088002E0D0A00466F726D61743A2074696D6591
:102098002064656C657465203C696E6465783E0DE6
:1020A8000A0000004E6F2074696D657220776974AC
:1020B80068207468617420696E6465782E0D0A0062
:1020C80054696D65722064656C657465642E0D0ACB
:1020D80000000000466F726D61743A2074696D6586
:1020E800207175696574203C696E6465783E0D0AD7
:1020F800000000004E6F6E650000000054696D65B9
:10210800722073696C656E6365642E0D0A000000A9
:1021180054696D657220756E73696C656E6365646C
:102128002E0D0A004F7074696F6E206E65656465C8
:102138006420666F72202274696D65222E0D0A0074
:10214800556E6B6E6F776E206F7074696F6E206658
:102158006F72202274696D65223A20007374616D74
:10216800700000006D61726B00000000736C6565A3
:102178007000000064656C617900000052756E6E35
:10218800696E6720636F6D6D616E6420696E2000F3
:102198006D732E0D0A0000006576657279000000E7
:1021A80052756E6E696E6720636F6D6D616E642027
:1021B800657665727920000054696D6572732061D7
:1021C80063746976653A0D0A00000000204576655B
:1021D8007279200020496E20000000006D733A20BB
:1021E8000000000064656C65746500004C6F672032
:1021F80066696C6520616C7265616479206F7065D1
:102208006E2E0D0A00000000466F726D61743A2050
:102218006C6F67206F70656E203C66696C656E61D7
:102228006D653E2E0D0A0000556E61626C65207466
:102238006F206F70656E206C6F672066696C652E05
:102248000D0A00004C6F672066696C652069732071
:102258006E6F74206F70656E2E0D0A00556E616288
:102268006C6520746F2073796E63206C6F672066CD
:10227800696C652E0D0A0000556E61626C652074EC
:102288006F20636C6F7365206C6F672066696C657F
:102298002E0D0A00496E76616C6964205054206ED8
:1022A800616D653A20000000496E76616C696420B2
:1022B8006C696E65207370656369666965723A203A
:1022C800000000004F7074696F6E206E656564656C
:1022D8006420666F7220226C6F67222E0D0A000040
:1022E800556E6B6E6F776E206F7074696F6E2066B7
:1022F8006F7220226C6F67223A2000006F70656E43
:1023080000000000636C6F736500000073796E63F2
:10231800000000006C696E65000000007072696E54
:1023280074000000252E3366000000004C6F672003
:102338006C696E653A2000004E65772050203D207C
:1023480025660D0A0000000043757272656E7420E0
:1023580050203D2025660D0A000000004E657720BC
:1023680049203D2025660D0A000000004375727261
:10237800656E742049203D2025660D0A0000000086
:102388004E65772044203D2025660D0A0000000098
:1023980043757272656E742044203D2025660D0ACF
:1023A800000000004E6577206D696E203D2025668F
:1023B8000D0A000043757272656E74206D696E2097
:1023C8003D2025660D0A00004E6577206D61782056
:1023D8003D2025660D0A000043757272656E7420F3
:1023E8006D6178203D2025660D0A0000496E7661F2
:1023F8006C69642073656E736F7220747970653AC6
:1024080020000000496E76616C69642073656E7304
:102418006F72206E616D653A20000000496E76612A
:102428006C6964206163747561746F72207479706B
:10243800653A2000496E76616C6964206163747541
:1024480061746F72206E616D653A20004E65772069
:10245800736574706F696E74203D2025660D0A00DF
:1024680043757272656E7420736574706F696E74EB
:10247800203D2025660D0A00436F6E74726F6C2034
:10248800736F75726365206E6F7420636F6E666913
:1024980067757265642E0D0A00000000436F6E7444
:1024A800726F6C206163747561746F72206E6F74E3
:1024B80020636F6E666967757265642E0D0A000089
:1024C8004C6F6F70206861736E2774206265656E4B
:1024D8002072756E2E0D0A0025646D2C25662C253C
:1024E800662C25660D0A00004C6173742072756EA7
:1024F8002061742025646D732C20533D256620458A
:1025080072723D256620413D25660D0A00000000D7
:102518004F7074696F6E206E656564656420666FC0
:102528007220226C6F6F70222E0D0A00556E6B6E32
:102538006F776E206F7074696F6E20666F722022DD
:102548006C6F6F70223A2000690000006400000080
:102558006D696E0073656E736F72000070740000B1
:10256800647074004E6F772072656164696E6720CD
:1025780066726F6D20000000616374007365727687
:102588006F0000004E6F772077726974696E67205C
:10259800746F2000736574700000000072756E001F
:1025A8007374617400000000696E697400000000B3
:1025B8007365747570000000726561640000000046
:1025C8004C43203D20252E3266206C620D0A000007
:1025D8004D6F756E74696E67205344206361726431
:1025E8002E2E2E0D0A000000665F6D6F756E74202A
:1025F8006572726F720D0A00534420636172642021
:1026080073657475702E0D0A000000005344206332
:102618006172642072656D6F7665642E0D0A000024
:10262800665F67657466726565206572726F720DA4
:102638000A00000053442063617264207370616370
:10264800653A0D0A2531306C75204D694220746F4A
:1026580074616C2064726976652073706163652E9D
:102668000D0A2531306C75204D694220617661690B
:102678006C61626C652E0D0A000000004F70746971
:102688006F6E206E656564656420666F72202273C4
:1026980064222E0D0A000000556E6B6E6F776E2057
:1026A8006F7074696F6E20666F7220227364223AAD
:1026B800200000005344206361726420616C7265DD
:1026C80061647920696E697469616C697A65642EE0
:1026D8000D0A00006672656500000000534420631F
:1026E800617264206E6F7420696E697469616C69C7
:1026F8007A65642E0D0A00006465696E69740000CD
:102708004F4B2025640D0A0050726F6772616D6D22
:102718006564202564206C696E65732E0D0A0000BF
:102728005761726E696E672C2077726974652066CE
:1027380061696C65642E0D0A00000000456E7465C1
:1027480072206120636F6D6D616E642E0D0A00004A
:10275800556E6B6E6F776E20636F6D6D616E643A48
:102768002000000066696C6520656E6470000000DA
:1027780068656C7000000000627573006E616D65BD
:102788000000000072656C6179000000736400004D
:1027980066696C65000000007463000074696D650B
:1027A800000000006D7367006C6F67006C6F6F70DE
:1027B800000000006C6300006D736572766F0000A6
:1027C800616476656E747572650000004F70746997
:1027D8006F6E206E656564656420666F7220226680
:1027E800696C65222E0D0A00556E6B6E6F776E2030
:1027F8006F7074696F6E20666F72202266696C65EF
:10280800223A200053442063617264206D7573740A
:1028180020626520696E697469616C697A656420F3
:10282800746F20757365202266696C65222E0D0A07
:1028380000000000656E64700000000043616E27B0
:102848007420757365202266696C652220636F6D3C
:102858006D616E6473207768696C652070726F674C
:1028680072616D6D696E672E0D0A0000556E6162AA
:102878006C6520746F206F70656E2066696C652EBC
:102888000D0A000046696C652064656C65746564B2
:102898002E0D0A0046696C6520636F6E74656E7450
:1028A800733A0D0A00000000253034647C000000F3
:1028B80072656164736C6F770000000064656C6C0E
:1028C800696E6500466F726D61743A2066696C6561
:1028D8002064656C6C696E65203C66696C653E2099
:1028E8003C6C696E656E756D3E0D0A00746D700006
:1028F800556E61626C6520746F206F70656E207410
:10290800656D706F726172792066696C652E0D0A4B
:1029180000000000556E61626C6520746F2064656C
:102928006C657465206F6C642066696C652E0D0A91
:1029380000000000556E61626C6520746F2072653E
:102948006E616D652066696C653B2074656D706F9E
:102958007261727920636F70792073617665642083
:10296800696E2022746D70222E0D0A004C696E6506
:102978002064656C657465642E0D0A007374617259
:102988007475702E7363720070726F6772616D0078
:10299800506170797275732072657365740D0A00E1
:1029A80066696C652072756E2073746172747570D7
:1029B8002E7363720000000053797374656D000014
:1029C80052656C6179000000536572766F000000F3
:1029D800546865726D6F636F75706C6500000000F8
:1029E80050540000435545414141414345454549FF
:1029F800494941414592924F4F4F5555594F554F6F
:102A08009C4F9E9F41494F55A5A5A6A7A8A9AAAB2B
:102A1800ACADAEAFB0B1B2B3B4414141B8B9BABBD5
:102A2800BCBDBEBFC0C1C2C3C4C54141C8C9CACB71
:102A3800CCCDCECFD1D145454549494949D9DADB35
:102A4800DCDD49DF4FE14F4F4F4FE6E8E85555557C
:102A58005959EEEFF0F1F2F3F4F5F6F7F8F9FAFB5D
:102A6800FCFDFEFF0001020304050607080C101414
:102A780018203040010002000400060008000A0087
:102A88000C0010002000400080000001080402042F
:102A98000801010101010103070100000000000015
:102AA800000000000000000000000000010000001D
:102AB8000200000003000000040000000000000005
:102AC80000000000000000000000000000000000FE
:102AD80000000000000000000000000001000000ED
:102AE80002000000030000000400000006000000CF
:102AF8000700000008000000090000002E006E66B4
:102B080000696E69747900616E004300504F534943
:102B1800580042616C6C6F6320737563636565640C
:102B28006564002F5F5F772F61726D2D6E6F6E6524
:102B38002D656162692D6763632D787061636B2F02
:102B480061726D2D6E6F6E652D656162692D6763AB
:102B5800632D787061636B2F6275696C642D617386
:102B6800736574732F6275696C642F77696E33327D
:102B78002D7836342F736F75726365732F6E657792
:102B88006C69622D63796777696E2F6E65776C69FA
:102B9800622F6C6962632F7374646C69622F676457
:102BA800746F612D6765746865782E6300524545BA
:102BB8004E54206D616C6C6F63207375636365653B
:102BC800646564002F5F5F772F61726D2D6E6F6E85
:102BD800652D656162692D6763632D787061636B2C
:102BE8002F61726D2D6E6F6E652D656162692D673F
:102BF80063632D787061636B2F6275696C642D61F6
:102C080073736574732F6275696C642F77696E339B
:102C1800322D7836342F736F75726365732F6E6536
:102C2800776C69622D63796777696E2F6E65776C4B
:102C380069622F6C6962632F7374646C69622F6DAB
:102C4800707265632E6300232D302B2000686C4C56
:102C580000656667454647003031323334353637CC
:102C680038394142434445460030313233343536F1
:102C7800373839616263646566002C2066756E6357
:102C880074696F6E3A2000617373657274696F6E50
:102C98002022257322206661696C65643A20666982
:102CA8006C6520222573222C206C696E65202564B2
:102CB800257325730A00000034000000CEFBFFFFD7
:102CC800CB030000010000000000000035000000F8
:102CD800CEFBFFFFCB030000010000000000000056
:102CE800BC89D897B2D29C3C33A7A8D523F64939DA
:102CF8003DA7F444FD0FA5329D978CCF08BA5B25FC
:102D0800436FAC6428066811002020202020202072
:102D18002020282828282820202020202020202083
:102D28002020202020202020208810101010101093
:102D380010101010101010101004040404040404DF
:102D48000404041010101010101041414141414179
:102D5800010101010101010101010101010101015B
:102D6800010101011010101010104242424242426B
:102D7800020202020202020202020202020202022B
:102D880002020202101010102000000000000000D3
:102D9800000000000000000000000000000000002B
:102DA800000000000000000000000000000000001B
:102DB800000000000000000000000000000000000B
:102DC80000000000000000000000000000000000FB
:102DD80000000000000000000000000000000000EB
:102DE80000000000000000000000000000000000DB
:102DF80000000000000000000000000000000000CB
:102E080000000000000000000000000005000000B5
:102E1800190000007D0000000080E03779C34143BD
:102E2800176E05B5B5B89346F5F93FE9034F384D28
:102E3800321D30F94877825A3CBF737FDD4F1575D4
:102E4800000000000000F03F0000000000002440E7
:102E580000000000000059400000000000408F40C2
:102E6800000000000088C34000000000006AF8402D
:102E78000000000080842E4100000000D012634151
:102E88000000000084D797410000000065CDCD41C7
:102E9800000000205FA00242000000E876483742A8
:102EA800000000A2941A6D42000040E59C30A24246
:102EB8000000901EC4BCD64200003426F56B0C43BB
:102EC8000080E03779C3414300A0D8855734764362
:102ED80000C84E676DC1AB43003D9160E458E143C3
:102EE800408CB5781DAF154450EFE2D6E41A4B4438
:102EF80092D54D06CFF08044F64AE1C7022DB5447D
:102F0800B49DD9794378EA446EE300089AE2000850
:102F180084E2000800E3000884E2000834E30008C3
:102F280084E2000800E300089AE200089AE2000838
:102F380034E3000800E3000870E2000870E20008CB
:102F480070E200083EE300089AE200089AE20008EE
:102F580084E20008DAE3000884E2000834E30008A9
:102F680084E20008DAE300089AE200089AE200081E
:102F780034E30008DAE3000870E2000870E20008B1
:102F880070E20008C8F800087CF70008F4F60008AA
:102F98001EF70008F4F6000860F80008F4F60008C8
:102FA8001EF700087CF700087CF7000860F80008A6
:102FB8001EF7000816F7000816F7000816F70008AD
:042FC80082F8000883
:082FCC0058ACFF7F010000007A
:042FD400A10500084B
:042FD800790500086F
:102FDC00C0290108C8290108D0290108D8290108ED
:102FEC00E8290108000C005002000000000C005001
:102FFC00010000000000000000000000ED250008AA
:10300C0001000100040000000024F400BB9F000834
:10301C00C39F0008CB9F0008D39F0008DB9F0008CC
:10302C00010000000000000003000000342100201B
:10303C004300000000000000000000000000000041
:10304C000000000000000000000000000000000074
:10305C004300000000000000000000000000000021
:10306C000000000000000000000000000000000054
:10307C004300000000000000000000000000000001
:10308C000000000000000000000000000000000034
:10309C0043000000000000000000000000000000E1
:1030AC000000000000000000000000000000000014
:1030BC0043000000000000000000000000000000C1
:1030CC0000000000000000000000000000000000F4
:1030DC0043000000000000000000000000000000A1
:1030EC0000000000000000000000000000000000D4
:1030FC004300000000000000000000000000000081
:10310C0000000000000000000000000000000000B3
:10311C00EDCC000825C3000800000000102D0108AC
:10312C00042B0108BD2C0108BD2C0108BD2C010885
:10313C00BD2C0108BD2C0108BD2C0108BD2C0108BB
:10314C00BD2C0108BD2C0108FFFFFFFFFFFFFFFF97
:10315C00FFFFFFFFFFFF00000100415343494900FF
:10316C000000000000000000000000000000000053
:10317C0000000000000000000000415343494900DA
:10318C000000000000000000000000000000000033
:10319C00000000000000000000000000D001002032
:1031AC0000000000342100209C210020042200207B
:1031BC000000000000000000000000000000000003
:1031CC0000000000000000000000000000000000F3
:1031DC0000000000000000000000000000000000E3
:0C31EC00000000000000000000000000D7
:040000050800A6FD4C
:00000001FF
