ARM GAS  C:\Users\sante\AppData\Local\Temp\cc1VgFnO.s 			page 1


   1              		.cpu cortex-m0plus
   2              		.arch armv6s-m
   3              		.fpu softvfp
   4              		.eabi_attribute 20, 1
   5              		.eabi_attribute 21, 1
   6              		.eabi_attribute 23, 3
   7              		.eabi_attribute 24, 1
   8              		.eabi_attribute 25, 1
   9              		.eabi_attribute 26, 1
  10              		.eabi_attribute 30, 1
  11              		.eabi_attribute 34, 0
  12              		.eabi_attribute 18, 4
  13              		.file	"stm32g0xx_hal_spi.c"
  14              		.text
  15              	.Ltext0:
  16              		.cfi_sections	.debug_frame
  17              		.file 1 "Drivers/STM32G0xx_HAL_Driver/Src/stm32g0xx_hal_spi.c"
  18              		.section	.text.SPI_WaitFlagStateUntilTimeout,"ax",%progbits
  19              		.align	1
  20              		.syntax unified
  21              		.code	16
  22              		.thumb_func
  24              	SPI_WaitFlagStateUntilTimeout:
  25              	.LVL0:
  26              	.LFB540:
   1:Drivers/STM32G0xx_HAL_Driver/Src/stm32g0xx_hal_spi.c **** /**
   2:Drivers/STM32G0xx_HAL_Driver/Src/stm32g0xx_hal_spi.c ****   ******************************************************************************
   3:Drivers/STM32G0xx_HAL_Driver/Src/stm32g0xx_hal_spi.c ****   * @file    stm32g0xx_hal_spi.c
   4:Drivers/STM32G0xx_HAL_Driver/Src/stm32g0xx_hal_spi.c ****   * @author  MCD Application Team
   5:Drivers/STM32G0xx_HAL_Driver/Src/stm32g0xx_hal_spi.c ****   * @brief   SPI HAL module driver.
   6:Drivers/STM32G0xx_HAL_Driver/Src/stm32g0xx_hal_spi.c ****   *          This file provides firmware functions to manage the following
   7:Drivers/STM32G0xx_HAL_Driver/Src/stm32g0xx_hal_spi.c ****   *          functionalities of the Serial Peripheral Interface (SPI) peripheral:
   8:Drivers/STM32G0xx_HAL_Driver/Src/stm32g0xx_hal_spi.c ****   *           + Initialization and de-initialization functions
   9:Drivers/STM32G0xx_HAL_Driver/Src/stm32g0xx_hal_spi.c ****   *           + IO operation functions
  10:Drivers/STM32G0xx_HAL_Driver/Src/stm32g0xx_hal_spi.c ****   *           + Peripheral Control functions
  11:Drivers/STM32G0xx_HAL_Driver/Src/stm32g0xx_hal_spi.c ****   *           + Peripheral State functions
  12:Drivers/STM32G0xx_HAL_Driver/Src/stm32g0xx_hal_spi.c ****   ******************************************************************************
  13:Drivers/STM32G0xx_HAL_Driver/Src/stm32g0xx_hal_spi.c ****   * @attention
  14:Drivers/STM32G0xx_HAL_Driver/Src/stm32g0xx_hal_spi.c ****   *
  15:Drivers/STM32G0xx_HAL_Driver/Src/stm32g0xx_hal_spi.c ****   * Copyright (c) 2018 STMicroelectronics.
  16:Drivers/STM32G0xx_HAL_Driver/Src/stm32g0xx_hal_spi.c ****   * All rights reserved.
  17:Drivers/STM32G0xx_HAL_Driver/Src/stm32g0xx_hal_spi.c ****   *
  18:Drivers/STM32G0xx_HAL_Driver/Src/stm32g0xx_hal_spi.c ****   * This software is licensed under terms that can be found in the LICENSE file
  19:Drivers/STM32G0xx_HAL_Driver/Src/stm32g0xx_hal_spi.c ****   * in the root directory of this software component.
  20:Drivers/STM32G0xx_HAL_Driver/Src/stm32g0xx_hal_spi.c ****   * If no LICENSE file comes with this software, it is provided AS-IS.
  21:Drivers/STM32G0xx_HAL_Driver/Src/stm32g0xx_hal_spi.c ****   *
  22:Drivers/STM32G0xx_HAL_Driver/Src/stm32g0xx_hal_spi.c ****   ******************************************************************************
  23:Drivers/STM32G0xx_HAL_Driver/Src/stm32g0xx_hal_spi.c ****   @verbatim
  24:Drivers/STM32G0xx_HAL_Driver/Src/stm32g0xx_hal_spi.c ****   ==============================================================================
  25:Drivers/STM32G0xx_HAL_Driver/Src/stm32g0xx_hal_spi.c ****                         ##### How to use this driver #####
  26:Drivers/STM32G0xx_HAL_Driver/Src/stm32g0xx_hal_spi.c ****   ==============================================================================
  27:Drivers/STM32G0xx_HAL_Driver/Src/stm32g0xx_hal_spi.c ****     [..]
  28:Drivers/STM32G0xx_HAL_Driver/Src/stm32g0xx_hal_spi.c ****       The SPI HAL driver can be used as follows:
  29:Drivers/STM32G0xx_HAL_Driver/Src/stm32g0xx_hal_spi.c **** 
  30:Drivers/STM32G0xx_HAL_Driver/Src/stm32g0xx_hal_spi.c ****       (#) Declare a SPI_HandleTypeDef handle structure, for example:
  31:Drivers/STM32G0xx_HAL_Driver/Src/stm32g0xx_hal_spi.c ****           SPI_HandleTypeDef  hspi;
  32:Drivers/STM32G0xx_HAL_Driver/Src/stm32g0xx_hal_spi.c **** 
ARM GAS  C:\Users\sante\AppData\Local\Temp\cc1VgFnO.s 			page 2


  33:Drivers/STM32G0xx_HAL_Driver/Src/stm32g0xx_hal_spi.c ****       (#)Initialize the SPI low level resources by implementing the HAL_SPI_MspInit() API:
  34:Drivers/STM32G0xx_HAL_Driver/Src/stm32g0xx_hal_spi.c ****           (##) Enable the SPIx interface clock
  35:Drivers/STM32G0xx_HAL_Driver/Src/stm32g0xx_hal_spi.c ****           (##) SPI pins configuration
  36:Drivers/STM32G0xx_HAL_Driver/Src/stm32g0xx_hal_spi.c ****               (+++) Enable the clock for the SPI GPIOs
  37:Drivers/STM32G0xx_HAL_Driver/Src/stm32g0xx_hal_spi.c ****               (+++) Configure these SPI pins as alternate function push-pull
  38:Drivers/STM32G0xx_HAL_Driver/Src/stm32g0xx_hal_spi.c ****           (##) NVIC configuration if you need to use interrupt process
  39:Drivers/STM32G0xx_HAL_Driver/Src/stm32g0xx_hal_spi.c ****               (+++) Configure the SPIx interrupt priority
  40:Drivers/STM32G0xx_HAL_Driver/Src/stm32g0xx_hal_spi.c ****               (+++) Enable the NVIC SPI IRQ handle
  41:Drivers/STM32G0xx_HAL_Driver/Src/stm32g0xx_hal_spi.c ****           (##) DMA Configuration if you need to use DMA process
  42:Drivers/STM32G0xx_HAL_Driver/Src/stm32g0xx_hal_spi.c ****               (+++) Declare a DMA_HandleTypeDef handle structure for the transmit or receive Stream
  43:Drivers/STM32G0xx_HAL_Driver/Src/stm32g0xx_hal_spi.c ****               (+++) Enable the DMAx clock
  44:Drivers/STM32G0xx_HAL_Driver/Src/stm32g0xx_hal_spi.c ****               (+++) Configure the DMA handle parameters
  45:Drivers/STM32G0xx_HAL_Driver/Src/stm32g0xx_hal_spi.c ****               (+++) Configure the DMA Tx or Rx Stream/Channel
  46:Drivers/STM32G0xx_HAL_Driver/Src/stm32g0xx_hal_spi.c ****               (+++) Associate the initialized hdma_tx(or _rx)  handle to the hspi DMA Tx or Rx hand
  47:Drivers/STM32G0xx_HAL_Driver/Src/stm32g0xx_hal_spi.c ****               (+++) Configure the priority and enable the NVIC for the transfer complete interrupt 
  48:Drivers/STM32G0xx_HAL_Driver/Src/stm32g0xx_hal_spi.c **** 
  49:Drivers/STM32G0xx_HAL_Driver/Src/stm32g0xx_hal_spi.c ****       (#) Program the Mode, BidirectionalMode , Data size, Baudrate Prescaler, NSS
  50:Drivers/STM32G0xx_HAL_Driver/Src/stm32g0xx_hal_spi.c ****           management, Clock polarity and phase, FirstBit and CRC configuration in the hspi Init str
  51:Drivers/STM32G0xx_HAL_Driver/Src/stm32g0xx_hal_spi.c **** 
  52:Drivers/STM32G0xx_HAL_Driver/Src/stm32g0xx_hal_spi.c ****       (#) Initialize the SPI registers by calling the HAL_SPI_Init() API:
  53:Drivers/STM32G0xx_HAL_Driver/Src/stm32g0xx_hal_spi.c ****           (++) This API configures also the low level Hardware GPIO, CLOCK, CORTEX...etc)
  54:Drivers/STM32G0xx_HAL_Driver/Src/stm32g0xx_hal_spi.c ****               by calling the customized HAL_SPI_MspInit() API.
  55:Drivers/STM32G0xx_HAL_Driver/Src/stm32g0xx_hal_spi.c ****      [..]
  56:Drivers/STM32G0xx_HAL_Driver/Src/stm32g0xx_hal_spi.c ****        Circular mode restriction:
  57:Drivers/STM32G0xx_HAL_Driver/Src/stm32g0xx_hal_spi.c ****       (#) The DMA circular mode cannot be used when the SPI is configured in these modes:
  58:Drivers/STM32G0xx_HAL_Driver/Src/stm32g0xx_hal_spi.c ****           (##) Master 2Lines RxOnly
  59:Drivers/STM32G0xx_HAL_Driver/Src/stm32g0xx_hal_spi.c ****           (##) Master 1Line Rx
  60:Drivers/STM32G0xx_HAL_Driver/Src/stm32g0xx_hal_spi.c ****       (#) The CRC feature is not managed when the DMA circular mode is enabled
  61:Drivers/STM32G0xx_HAL_Driver/Src/stm32g0xx_hal_spi.c ****       (#) When the SPI DMA Pause/Stop features are used, we must use the following APIs
  62:Drivers/STM32G0xx_HAL_Driver/Src/stm32g0xx_hal_spi.c ****           the HAL_SPI_DMAPause()/ HAL_SPI_DMAStop() only under the SPI callbacks
  63:Drivers/STM32G0xx_HAL_Driver/Src/stm32g0xx_hal_spi.c ****      [..]
  64:Drivers/STM32G0xx_HAL_Driver/Src/stm32g0xx_hal_spi.c ****        Master Receive mode restriction:
  65:Drivers/STM32G0xx_HAL_Driver/Src/stm32g0xx_hal_spi.c ****       (#) In Master unidirectional receive-only mode (MSTR =1, BIDIMODE=0, RXONLY=1) or
  66:Drivers/STM32G0xx_HAL_Driver/Src/stm32g0xx_hal_spi.c ****           bidirectional receive mode (MSTR=1, BIDIMODE=1, BIDIOE=0), to ensure that the SPI
  67:Drivers/STM32G0xx_HAL_Driver/Src/stm32g0xx_hal_spi.c ****           does not initiate a new transfer the following procedure has to be respected:
  68:Drivers/STM32G0xx_HAL_Driver/Src/stm32g0xx_hal_spi.c ****           (##) HAL_SPI_DeInit()
  69:Drivers/STM32G0xx_HAL_Driver/Src/stm32g0xx_hal_spi.c ****           (##) HAL_SPI_Init()
  70:Drivers/STM32G0xx_HAL_Driver/Src/stm32g0xx_hal_spi.c ****      [..]
  71:Drivers/STM32G0xx_HAL_Driver/Src/stm32g0xx_hal_spi.c ****        Callback registration:
  72:Drivers/STM32G0xx_HAL_Driver/Src/stm32g0xx_hal_spi.c **** 
  73:Drivers/STM32G0xx_HAL_Driver/Src/stm32g0xx_hal_spi.c ****       (#) The compilation flag USE_HAL_SPI_REGISTER_CALLBACKS when set to 1U
  74:Drivers/STM32G0xx_HAL_Driver/Src/stm32g0xx_hal_spi.c ****           allows the user to configure dynamically the driver callbacks.
  75:Drivers/STM32G0xx_HAL_Driver/Src/stm32g0xx_hal_spi.c ****           Use Functions HAL_SPI_RegisterCallback() to register an interrupt callback.
  76:Drivers/STM32G0xx_HAL_Driver/Src/stm32g0xx_hal_spi.c **** 
  77:Drivers/STM32G0xx_HAL_Driver/Src/stm32g0xx_hal_spi.c ****           Function HAL_SPI_RegisterCallback() allows to register following callbacks:
  78:Drivers/STM32G0xx_HAL_Driver/Src/stm32g0xx_hal_spi.c ****             (++) TxCpltCallback        : SPI Tx Completed callback
  79:Drivers/STM32G0xx_HAL_Driver/Src/stm32g0xx_hal_spi.c ****             (++) RxCpltCallback        : SPI Rx Completed callback
  80:Drivers/STM32G0xx_HAL_Driver/Src/stm32g0xx_hal_spi.c ****             (++) TxRxCpltCallback      : SPI TxRx Completed callback
  81:Drivers/STM32G0xx_HAL_Driver/Src/stm32g0xx_hal_spi.c ****             (++) TxHalfCpltCallback    : SPI Tx Half Completed callback
  82:Drivers/STM32G0xx_HAL_Driver/Src/stm32g0xx_hal_spi.c ****             (++) RxHalfCpltCallback    : SPI Rx Half Completed callback
  83:Drivers/STM32G0xx_HAL_Driver/Src/stm32g0xx_hal_spi.c ****             (++) TxRxHalfCpltCallback  : SPI TxRx Half Completed callback
  84:Drivers/STM32G0xx_HAL_Driver/Src/stm32g0xx_hal_spi.c ****             (++) ErrorCallback         : SPI Error callback
  85:Drivers/STM32G0xx_HAL_Driver/Src/stm32g0xx_hal_spi.c ****             (++) AbortCpltCallback     : SPI Abort callback
  86:Drivers/STM32G0xx_HAL_Driver/Src/stm32g0xx_hal_spi.c ****             (++) MspInitCallback       : SPI Msp Init callback
  87:Drivers/STM32G0xx_HAL_Driver/Src/stm32g0xx_hal_spi.c ****             (++) MspDeInitCallback     : SPI Msp DeInit callback
  88:Drivers/STM32G0xx_HAL_Driver/Src/stm32g0xx_hal_spi.c ****           This function takes as parameters the HAL peripheral handle, the Callback ID
  89:Drivers/STM32G0xx_HAL_Driver/Src/stm32g0xx_hal_spi.c ****           and a pointer to the user callback function.
ARM GAS  C:\Users\sante\AppData\Local\Temp\cc1VgFnO.s 			page 3


  90:Drivers/STM32G0xx_HAL_Driver/Src/stm32g0xx_hal_spi.c **** 
  91:Drivers/STM32G0xx_HAL_Driver/Src/stm32g0xx_hal_spi.c **** 
  92:Drivers/STM32G0xx_HAL_Driver/Src/stm32g0xx_hal_spi.c ****       (#) Use function HAL_SPI_UnRegisterCallback to reset a callback to the default
  93:Drivers/STM32G0xx_HAL_Driver/Src/stm32g0xx_hal_spi.c ****           weak function.
  94:Drivers/STM32G0xx_HAL_Driver/Src/stm32g0xx_hal_spi.c ****           HAL_SPI_UnRegisterCallback takes as parameters the HAL peripheral handle,
  95:Drivers/STM32G0xx_HAL_Driver/Src/stm32g0xx_hal_spi.c ****           and the Callback ID.
  96:Drivers/STM32G0xx_HAL_Driver/Src/stm32g0xx_hal_spi.c ****           This function allows to reset following callbacks:
  97:Drivers/STM32G0xx_HAL_Driver/Src/stm32g0xx_hal_spi.c ****             (++) TxCpltCallback        : SPI Tx Completed callback
  98:Drivers/STM32G0xx_HAL_Driver/Src/stm32g0xx_hal_spi.c ****             (++) RxCpltCallback        : SPI Rx Completed callback
  99:Drivers/STM32G0xx_HAL_Driver/Src/stm32g0xx_hal_spi.c ****             (++) TxRxCpltCallback      : SPI TxRx Completed callback
 100:Drivers/STM32G0xx_HAL_Driver/Src/stm32g0xx_hal_spi.c ****             (++) TxHalfCpltCallback    : SPI Tx Half Completed callback
 101:Drivers/STM32G0xx_HAL_Driver/Src/stm32g0xx_hal_spi.c ****             (++) RxHalfCpltCallback    : SPI Rx Half Completed callback
 102:Drivers/STM32G0xx_HAL_Driver/Src/stm32g0xx_hal_spi.c ****             (++) TxRxHalfCpltCallback  : SPI TxRx Half Completed callback
 103:Drivers/STM32G0xx_HAL_Driver/Src/stm32g0xx_hal_spi.c ****             (++) ErrorCallback         : SPI Error callback
 104:Drivers/STM32G0xx_HAL_Driver/Src/stm32g0xx_hal_spi.c ****             (++) AbortCpltCallback     : SPI Abort callback
 105:Drivers/STM32G0xx_HAL_Driver/Src/stm32g0xx_hal_spi.c ****             (++) MspInitCallback       : SPI Msp Init callback
 106:Drivers/STM32G0xx_HAL_Driver/Src/stm32g0xx_hal_spi.c ****             (++) MspDeInitCallback     : SPI Msp DeInit callback
 107:Drivers/STM32G0xx_HAL_Driver/Src/stm32g0xx_hal_spi.c **** 
 108:Drivers/STM32G0xx_HAL_Driver/Src/stm32g0xx_hal_spi.c ****        [..]
 109:Drivers/STM32G0xx_HAL_Driver/Src/stm32g0xx_hal_spi.c ****        By default, after the HAL_SPI_Init() and when the state is HAL_SPI_STATE_RESET
 110:Drivers/STM32G0xx_HAL_Driver/Src/stm32g0xx_hal_spi.c ****        all callbacks are set to the corresponding weak functions:
 111:Drivers/STM32G0xx_HAL_Driver/Src/stm32g0xx_hal_spi.c ****        examples HAL_SPI_MasterTxCpltCallback(), HAL_SPI_MasterRxCpltCallback().
 112:Drivers/STM32G0xx_HAL_Driver/Src/stm32g0xx_hal_spi.c ****        Exception done for MspInit and MspDeInit functions that are
 113:Drivers/STM32G0xx_HAL_Driver/Src/stm32g0xx_hal_spi.c ****        reset to the legacy weak functions in the HAL_SPI_Init()/ HAL_SPI_DeInit() only when
 114:Drivers/STM32G0xx_HAL_Driver/Src/stm32g0xx_hal_spi.c ****        these callbacks are null (not registered beforehand).
 115:Drivers/STM32G0xx_HAL_Driver/Src/stm32g0xx_hal_spi.c ****        If MspInit or MspDeInit are not null, the HAL_SPI_Init()/ HAL_SPI_DeInit()
 116:Drivers/STM32G0xx_HAL_Driver/Src/stm32g0xx_hal_spi.c ****        keep and use the user MspInit/MspDeInit callbacks (registered beforehand) whatever the state
 117:Drivers/STM32G0xx_HAL_Driver/Src/stm32g0xx_hal_spi.c **** 
 118:Drivers/STM32G0xx_HAL_Driver/Src/stm32g0xx_hal_spi.c ****        [..]
 119:Drivers/STM32G0xx_HAL_Driver/Src/stm32g0xx_hal_spi.c ****        Callbacks can be registered/unregistered in HAL_SPI_STATE_READY state only.
 120:Drivers/STM32G0xx_HAL_Driver/Src/stm32g0xx_hal_spi.c ****        Exception done MspInit/MspDeInit functions that can be registered/unregistered
 121:Drivers/STM32G0xx_HAL_Driver/Src/stm32g0xx_hal_spi.c ****        in HAL_SPI_STATE_READY or HAL_SPI_STATE_RESET state,
 122:Drivers/STM32G0xx_HAL_Driver/Src/stm32g0xx_hal_spi.c ****        thus registered (user) MspInit/DeInit callbacks can be used during the Init/DeInit.
 123:Drivers/STM32G0xx_HAL_Driver/Src/stm32g0xx_hal_spi.c ****        Then, the user first registers the MspInit/MspDeInit user callbacks
 124:Drivers/STM32G0xx_HAL_Driver/Src/stm32g0xx_hal_spi.c ****        using HAL_SPI_RegisterCallback() before calling HAL_SPI_DeInit()
 125:Drivers/STM32G0xx_HAL_Driver/Src/stm32g0xx_hal_spi.c ****        or HAL_SPI_Init() function.
 126:Drivers/STM32G0xx_HAL_Driver/Src/stm32g0xx_hal_spi.c **** 
 127:Drivers/STM32G0xx_HAL_Driver/Src/stm32g0xx_hal_spi.c ****        [..]
 128:Drivers/STM32G0xx_HAL_Driver/Src/stm32g0xx_hal_spi.c ****        When the compilation define USE_HAL_PPP_REGISTER_CALLBACKS is set to 0 or
 129:Drivers/STM32G0xx_HAL_Driver/Src/stm32g0xx_hal_spi.c ****        not defined, the callback registering feature is not available
 130:Drivers/STM32G0xx_HAL_Driver/Src/stm32g0xx_hal_spi.c ****        and weak (surcharged) callbacks are used.
 131:Drivers/STM32G0xx_HAL_Driver/Src/stm32g0xx_hal_spi.c **** 
 132:Drivers/STM32G0xx_HAL_Driver/Src/stm32g0xx_hal_spi.c ****      [..]
 133:Drivers/STM32G0xx_HAL_Driver/Src/stm32g0xx_hal_spi.c ****        Using the HAL it is not possible to reach all supported SPI frequency with the different SPI
 134:Drivers/STM32G0xx_HAL_Driver/Src/stm32g0xx_hal_spi.c ****        the following table resume the max SPI frequency reached with data size 8bits/16bits,
 135:Drivers/STM32G0xx_HAL_Driver/Src/stm32g0xx_hal_spi.c ****          according to frequency of the APBx Peripheral Clock (fPCLK) used by the SPI instance.
 136:Drivers/STM32G0xx_HAL_Driver/Src/stm32g0xx_hal_spi.c **** 
 137:Drivers/STM32G0xx_HAL_Driver/Src/stm32g0xx_hal_spi.c ****   @endverbatim
 138:Drivers/STM32G0xx_HAL_Driver/Src/stm32g0xx_hal_spi.c **** 
 139:Drivers/STM32G0xx_HAL_Driver/Src/stm32g0xx_hal_spi.c ****   Additional table :
 140:Drivers/STM32G0xx_HAL_Driver/Src/stm32g0xx_hal_spi.c **** 
 141:Drivers/STM32G0xx_HAL_Driver/Src/stm32g0xx_hal_spi.c ****        DataSize = SPI_DATASIZE_8BIT:
 142:Drivers/STM32G0xx_HAL_Driver/Src/stm32g0xx_hal_spi.c ****        +-------------------------------------------------------------------------------------------
 143:Drivers/STM32G0xx_HAL_Driver/Src/stm32g0xx_hal_spi.c ****        |         |                | 2Lines Fullduplex   |     2Lines RxOnly    |         1Line     
 144:Drivers/STM32G0xx_HAL_Driver/Src/stm32g0xx_hal_spi.c ****        | Process | Transfer mode  |---------------------|----------------------|-------------------
 145:Drivers/STM32G0xx_HAL_Driver/Src/stm32g0xx_hal_spi.c ****        |         |                |  Master  |  Slave   |  Master   |  Slave   |  Master   |  Slave
 146:Drivers/STM32G0xx_HAL_Driver/Src/stm32g0xx_hal_spi.c ****        |===========================================================================================
ARM GAS  C:\Users\sante\AppData\Local\Temp\cc1VgFnO.s 			page 4


 147:Drivers/STM32G0xx_HAL_Driver/Src/stm32g0xx_hal_spi.c ****        |    T    |     Polling    | Fpclk/4  | Fpclk/8  |    NA     |    NA    |    NA     |   NA  
 148:Drivers/STM32G0xx_HAL_Driver/Src/stm32g0xx_hal_spi.c ****        |    X    |----------------|----------|----------|-----------|----------|-----------|-------
 149:Drivers/STM32G0xx_HAL_Driver/Src/stm32g0xx_hal_spi.c ****        |    /    |     Interrupt  | Fpclk/4  | Fpclk/16 |    NA     |    NA    |    NA     |   NA  
 150:Drivers/STM32G0xx_HAL_Driver/Src/stm32g0xx_hal_spi.c ****        |    R    |----------------|----------|----------|-----------|----------|-----------|-------
 151:Drivers/STM32G0xx_HAL_Driver/Src/stm32g0xx_hal_spi.c ****        |    X    |       DMA      | Fpclk/2  | Fpclk/2  |    NA     |    NA    |    NA     |   NA  
 152:Drivers/STM32G0xx_HAL_Driver/Src/stm32g0xx_hal_spi.c ****        |=========|================|==========|==========|===========|==========|===========|=======
 153:Drivers/STM32G0xx_HAL_Driver/Src/stm32g0xx_hal_spi.c ****        |         |     Polling    | Fpclk/4  | Fpclk/8  | Fpclk/16  | Fpclk/8  | Fpclk/8   | Fpclk/
 154:Drivers/STM32G0xx_HAL_Driver/Src/stm32g0xx_hal_spi.c ****        |         |----------------|----------|----------|-----------|----------|-----------|-------
 155:Drivers/STM32G0xx_HAL_Driver/Src/stm32g0xx_hal_spi.c ****        |    R    |     Interrupt  | Fpclk/8  | Fpclk/16 | Fpclk/8   | Fpclk/8  | Fpclk/8   | Fpclk/
 156:Drivers/STM32G0xx_HAL_Driver/Src/stm32g0xx_hal_spi.c ****        |    X    |----------------|----------|----------|-----------|----------|-----------|-------
 157:Drivers/STM32G0xx_HAL_Driver/Src/stm32g0xx_hal_spi.c ****        |         |       DMA      | Fpclk/4  | Fpclk/2  | Fpclk/2   | Fpclk/16 | Fpclk/2   | Fpclk/
 158:Drivers/STM32G0xx_HAL_Driver/Src/stm32g0xx_hal_spi.c ****        |=========|================|==========|==========|===========|==========|===========|=======
 159:Drivers/STM32G0xx_HAL_Driver/Src/stm32g0xx_hal_spi.c ****        |         |     Polling    | Fpclk/8  | Fpclk/2  |     NA    |    NA    | Fpclk/8   | Fpclk/
 160:Drivers/STM32G0xx_HAL_Driver/Src/stm32g0xx_hal_spi.c ****        |         |----------------|----------|----------|-----------|----------|-----------|-------
 161:Drivers/STM32G0xx_HAL_Driver/Src/stm32g0xx_hal_spi.c ****        |    T    |     Interrupt  | Fpclk/2  | Fpclk/4  |     NA    |    NA    | Fpclk/16  | Fpclk/
 162:Drivers/STM32G0xx_HAL_Driver/Src/stm32g0xx_hal_spi.c ****        |    X    |----------------|----------|----------|-----------|----------|-----------|-------
 163:Drivers/STM32G0xx_HAL_Driver/Src/stm32g0xx_hal_spi.c ****        |         |       DMA      | Fpclk/2  | Fpclk/2  |     NA    |    NA    | Fpclk/8   | Fpclk/
 164:Drivers/STM32G0xx_HAL_Driver/Src/stm32g0xx_hal_spi.c ****        +-------------------------------------------------------------------------------------------
 165:Drivers/STM32G0xx_HAL_Driver/Src/stm32g0xx_hal_spi.c **** 
 166:Drivers/STM32G0xx_HAL_Driver/Src/stm32g0xx_hal_spi.c ****        DataSize = SPI_DATASIZE_16BIT:
 167:Drivers/STM32G0xx_HAL_Driver/Src/stm32g0xx_hal_spi.c ****        +-------------------------------------------------------------------------------------------
 168:Drivers/STM32G0xx_HAL_Driver/Src/stm32g0xx_hal_spi.c ****        |         |                | 2Lines Fullduplex   |     2Lines RxOnly    |         1Line     
 169:Drivers/STM32G0xx_HAL_Driver/Src/stm32g0xx_hal_spi.c ****        | Process | Transfer mode  |---------------------|----------------------|-------------------
 170:Drivers/STM32G0xx_HAL_Driver/Src/stm32g0xx_hal_spi.c ****        |         |                |  Master  |  Slave   |  Master   |  Slave   |  Master   |  Slave
 171:Drivers/STM32G0xx_HAL_Driver/Src/stm32g0xx_hal_spi.c ****        |===========================================================================================
 172:Drivers/STM32G0xx_HAL_Driver/Src/stm32g0xx_hal_spi.c ****        |    T    |     Polling    | Fpclk/4  | Fpclk/8  |    NA     |    NA    |    NA     |   NA  
 173:Drivers/STM32G0xx_HAL_Driver/Src/stm32g0xx_hal_spi.c ****        |    X    |----------------|----------|----------|-----------|----------|-----------|-------
 174:Drivers/STM32G0xx_HAL_Driver/Src/stm32g0xx_hal_spi.c ****        |    /    |     Interrupt  | Fpclk/4  | Fpclk/16 |    NA     |    NA    |    NA     |   NA  
 175:Drivers/STM32G0xx_HAL_Driver/Src/stm32g0xx_hal_spi.c ****        |    R    |----------------|----------|----------|-----------|----------|-----------|-------
 176:Drivers/STM32G0xx_HAL_Driver/Src/stm32g0xx_hal_spi.c ****        |    X    |       DMA      | Fpclk/2  | Fpclk/2  |    NA     |    NA    |    NA     |   NA  
 177:Drivers/STM32G0xx_HAL_Driver/Src/stm32g0xx_hal_spi.c ****        |=========|================|==========|==========|===========|==========|===========|=======
 178:Drivers/STM32G0xx_HAL_Driver/Src/stm32g0xx_hal_spi.c ****        |         |     Polling    | Fpclk/4  | Fpclk/8  | Fpclk/16  | Fpclk/8  | Fpclk/8   | Fpclk/
 179:Drivers/STM32G0xx_HAL_Driver/Src/stm32g0xx_hal_spi.c ****        |         |----------------|----------|----------|-----------|----------|-----------|-------
 180:Drivers/STM32G0xx_HAL_Driver/Src/stm32g0xx_hal_spi.c ****        |    R    |     Interrupt  | Fpclk/8  | Fpclk/16 | Fpclk/8   | Fpclk/8  | Fpclk/8   | Fpclk/
 181:Drivers/STM32G0xx_HAL_Driver/Src/stm32g0xx_hal_spi.c ****        |    X    |----------------|----------|----------|-----------|----------|-----------|-------
 182:Drivers/STM32G0xx_HAL_Driver/Src/stm32g0xx_hal_spi.c ****        |         |       DMA      | Fpclk/4  | Fpclk/2  | Fpclk/2   | Fpclk/16 | Fpclk/2   | Fpclk/
 183:Drivers/STM32G0xx_HAL_Driver/Src/stm32g0xx_hal_spi.c ****        |=========|================|==========|==========|===========|==========|===========|=======
 184:Drivers/STM32G0xx_HAL_Driver/Src/stm32g0xx_hal_spi.c ****        |         |     Polling    | Fpclk/8  | Fpclk/2  |     NA    |    NA    | Fpclk/8   | Fpclk/
 185:Drivers/STM32G0xx_HAL_Driver/Src/stm32g0xx_hal_spi.c ****        |         |----------------|----------|----------|-----------|----------|-----------|-------
 186:Drivers/STM32G0xx_HAL_Driver/Src/stm32g0xx_hal_spi.c ****        |    T    |     Interrupt  | Fpclk/2  | Fpclk/4  |     NA    |    NA    | Fpclk/16  | Fpclk/
 187:Drivers/STM32G0xx_HAL_Driver/Src/stm32g0xx_hal_spi.c ****        |    X    |----------------|----------|----------|-----------|----------|-----------|-------
 188:Drivers/STM32G0xx_HAL_Driver/Src/stm32g0xx_hal_spi.c ****        |         |       DMA      | Fpclk/2  | Fpclk/2  |     NA    |    NA    | Fpclk/8   | Fpclk/
 189:Drivers/STM32G0xx_HAL_Driver/Src/stm32g0xx_hal_spi.c ****        +-------------------------------------------------------------------------------------------
 190:Drivers/STM32G0xx_HAL_Driver/Src/stm32g0xx_hal_spi.c ****        @note The max SPI frequency depend on SPI data size (4bits, 5bits,..., 8bits,...15bits, 16bi
 191:Drivers/STM32G0xx_HAL_Driver/Src/stm32g0xx_hal_spi.c ****              SPI mode(2 Lines fullduplex, 2 lines RxOnly, 1 line TX/RX) and Process mode (Polling, 
 192:Drivers/STM32G0xx_HAL_Driver/Src/stm32g0xx_hal_spi.c ****        @note
 193:Drivers/STM32G0xx_HAL_Driver/Src/stm32g0xx_hal_spi.c ****             (#) TX/RX processes are HAL_SPI_TransmitReceive(), HAL_SPI_TransmitReceive_IT() and HAL
 194:Drivers/STM32G0xx_HAL_Driver/Src/stm32g0xx_hal_spi.c ****             (#) RX processes are HAL_SPI_Receive(), HAL_SPI_Receive_IT() and HAL_SPI_Receive_DMA()
 195:Drivers/STM32G0xx_HAL_Driver/Src/stm32g0xx_hal_spi.c ****             (#) TX processes are HAL_SPI_Transmit(), HAL_SPI_Transmit_IT() and HAL_SPI_Transmit_DMA
 196:Drivers/STM32G0xx_HAL_Driver/Src/stm32g0xx_hal_spi.c **** 
 197:Drivers/STM32G0xx_HAL_Driver/Src/stm32g0xx_hal_spi.c ****   */
 198:Drivers/STM32G0xx_HAL_Driver/Src/stm32g0xx_hal_spi.c **** 
 199:Drivers/STM32G0xx_HAL_Driver/Src/stm32g0xx_hal_spi.c **** /* Includes ------------------------------------------------------------------*/
 200:Drivers/STM32G0xx_HAL_Driver/Src/stm32g0xx_hal_spi.c **** #include "stm32g0xx_hal.h"
 201:Drivers/STM32G0xx_HAL_Driver/Src/stm32g0xx_hal_spi.c **** 
 202:Drivers/STM32G0xx_HAL_Driver/Src/stm32g0xx_hal_spi.c **** /** @addtogroup STM32G0xx_HAL_Driver
 203:Drivers/STM32G0xx_HAL_Driver/Src/stm32g0xx_hal_spi.c ****   * @{
ARM GAS  C:\Users\sante\AppData\Local\Temp\cc1VgFnO.s 			page 5


 204:Drivers/STM32G0xx_HAL_Driver/Src/stm32g0xx_hal_spi.c ****   */
 205:Drivers/STM32G0xx_HAL_Driver/Src/stm32g0xx_hal_spi.c **** 
 206:Drivers/STM32G0xx_HAL_Driver/Src/stm32g0xx_hal_spi.c **** /** @defgroup SPI SPI
 207:Drivers/STM32G0xx_HAL_Driver/Src/stm32g0xx_hal_spi.c ****   * @brief SPI HAL module driver
 208:Drivers/STM32G0xx_HAL_Driver/Src/stm32g0xx_hal_spi.c ****   * @{
 209:Drivers/STM32G0xx_HAL_Driver/Src/stm32g0xx_hal_spi.c ****   */
 210:Drivers/STM32G0xx_HAL_Driver/Src/stm32g0xx_hal_spi.c **** #ifdef HAL_SPI_MODULE_ENABLED
 211:Drivers/STM32G0xx_HAL_Driver/Src/stm32g0xx_hal_spi.c **** 
 212:Drivers/STM32G0xx_HAL_Driver/Src/stm32g0xx_hal_spi.c **** /* Private typedef -----------------------------------------------------------*/
 213:Drivers/STM32G0xx_HAL_Driver/Src/stm32g0xx_hal_spi.c **** /* Private defines -----------------------------------------------------------*/
 214:Drivers/STM32G0xx_HAL_Driver/Src/stm32g0xx_hal_spi.c **** /** @defgroup SPI_Private_Constants SPI Private Constants
 215:Drivers/STM32G0xx_HAL_Driver/Src/stm32g0xx_hal_spi.c ****   * @{
 216:Drivers/STM32G0xx_HAL_Driver/Src/stm32g0xx_hal_spi.c ****   */
 217:Drivers/STM32G0xx_HAL_Driver/Src/stm32g0xx_hal_spi.c **** #define SPI_DEFAULT_TIMEOUT 100U
 218:Drivers/STM32G0xx_HAL_Driver/Src/stm32g0xx_hal_spi.c **** /**
 219:Drivers/STM32G0xx_HAL_Driver/Src/stm32g0xx_hal_spi.c ****   * @}
 220:Drivers/STM32G0xx_HAL_Driver/Src/stm32g0xx_hal_spi.c ****   */
 221:Drivers/STM32G0xx_HAL_Driver/Src/stm32g0xx_hal_spi.c **** 
 222:Drivers/STM32G0xx_HAL_Driver/Src/stm32g0xx_hal_spi.c **** /* Private macros ------------------------------------------------------------*/
 223:Drivers/STM32G0xx_HAL_Driver/Src/stm32g0xx_hal_spi.c **** /* Private variables ---------------------------------------------------------*/
 224:Drivers/STM32G0xx_HAL_Driver/Src/stm32g0xx_hal_spi.c **** /* Private function prototypes -----------------------------------------------*/
 225:Drivers/STM32G0xx_HAL_Driver/Src/stm32g0xx_hal_spi.c **** /** @defgroup SPI_Private_Functions SPI Private Functions
 226:Drivers/STM32G0xx_HAL_Driver/Src/stm32g0xx_hal_spi.c ****   * @{
 227:Drivers/STM32G0xx_HAL_Driver/Src/stm32g0xx_hal_spi.c ****   */
 228:Drivers/STM32G0xx_HAL_Driver/Src/stm32g0xx_hal_spi.c **** static void SPI_DMATransmitCplt(DMA_HandleTypeDef *hdma);
 229:Drivers/STM32G0xx_HAL_Driver/Src/stm32g0xx_hal_spi.c **** static void SPI_DMAReceiveCplt(DMA_HandleTypeDef *hdma);
 230:Drivers/STM32G0xx_HAL_Driver/Src/stm32g0xx_hal_spi.c **** static void SPI_DMATransmitReceiveCplt(DMA_HandleTypeDef *hdma);
 231:Drivers/STM32G0xx_HAL_Driver/Src/stm32g0xx_hal_spi.c **** static void SPI_DMAHalfTransmitCplt(DMA_HandleTypeDef *hdma);
 232:Drivers/STM32G0xx_HAL_Driver/Src/stm32g0xx_hal_spi.c **** static void SPI_DMAHalfReceiveCplt(DMA_HandleTypeDef *hdma);
 233:Drivers/STM32G0xx_HAL_Driver/Src/stm32g0xx_hal_spi.c **** static void SPI_DMAHalfTransmitReceiveCplt(DMA_HandleTypeDef *hdma);
 234:Drivers/STM32G0xx_HAL_Driver/Src/stm32g0xx_hal_spi.c **** static void SPI_DMAError(DMA_HandleTypeDef *hdma);
 235:Drivers/STM32G0xx_HAL_Driver/Src/stm32g0xx_hal_spi.c **** static void SPI_DMAAbortOnError(DMA_HandleTypeDef *hdma);
 236:Drivers/STM32G0xx_HAL_Driver/Src/stm32g0xx_hal_spi.c **** static void SPI_DMATxAbortCallback(DMA_HandleTypeDef *hdma);
 237:Drivers/STM32G0xx_HAL_Driver/Src/stm32g0xx_hal_spi.c **** static void SPI_DMARxAbortCallback(DMA_HandleTypeDef *hdma);
 238:Drivers/STM32G0xx_HAL_Driver/Src/stm32g0xx_hal_spi.c **** static HAL_StatusTypeDef SPI_WaitFlagStateUntilTimeout(SPI_HandleTypeDef *hspi, uint32_t Flag, Flag
 239:Drivers/STM32G0xx_HAL_Driver/Src/stm32g0xx_hal_spi.c ****                                                        uint32_t Timeout, uint32_t Tickstart);
 240:Drivers/STM32G0xx_HAL_Driver/Src/stm32g0xx_hal_spi.c **** static HAL_StatusTypeDef SPI_WaitFifoStateUntilTimeout(SPI_HandleTypeDef *hspi, uint32_t Fifo, uint
 241:Drivers/STM32G0xx_HAL_Driver/Src/stm32g0xx_hal_spi.c ****                                                        uint32_t Timeout, uint32_t Tickstart);
 242:Drivers/STM32G0xx_HAL_Driver/Src/stm32g0xx_hal_spi.c **** static void SPI_TxISR_8BIT(struct __SPI_HandleTypeDef *hspi);
 243:Drivers/STM32G0xx_HAL_Driver/Src/stm32g0xx_hal_spi.c **** static void SPI_TxISR_16BIT(struct __SPI_HandleTypeDef *hspi);
 244:Drivers/STM32G0xx_HAL_Driver/Src/stm32g0xx_hal_spi.c **** static void SPI_RxISR_8BIT(struct __SPI_HandleTypeDef *hspi);
 245:Drivers/STM32G0xx_HAL_Driver/Src/stm32g0xx_hal_spi.c **** static void SPI_RxISR_16BIT(struct __SPI_HandleTypeDef *hspi);
 246:Drivers/STM32G0xx_HAL_Driver/Src/stm32g0xx_hal_spi.c **** static void SPI_2linesRxISR_8BIT(struct __SPI_HandleTypeDef *hspi);
 247:Drivers/STM32G0xx_HAL_Driver/Src/stm32g0xx_hal_spi.c **** static void SPI_2linesTxISR_8BIT(struct __SPI_HandleTypeDef *hspi);
 248:Drivers/STM32G0xx_HAL_Driver/Src/stm32g0xx_hal_spi.c **** static void SPI_2linesTxISR_16BIT(struct __SPI_HandleTypeDef *hspi);
 249:Drivers/STM32G0xx_HAL_Driver/Src/stm32g0xx_hal_spi.c **** static void SPI_2linesRxISR_16BIT(struct __SPI_HandleTypeDef *hspi);
 250:Drivers/STM32G0xx_HAL_Driver/Src/stm32g0xx_hal_spi.c **** #if (USE_SPI_CRC != 0U)
 251:Drivers/STM32G0xx_HAL_Driver/Src/stm32g0xx_hal_spi.c **** static void SPI_RxISR_8BITCRC(struct __SPI_HandleTypeDef *hspi);
 252:Drivers/STM32G0xx_HAL_Driver/Src/stm32g0xx_hal_spi.c **** static void SPI_RxISR_16BITCRC(struct __SPI_HandleTypeDef *hspi);
 253:Drivers/STM32G0xx_HAL_Driver/Src/stm32g0xx_hal_spi.c **** static void SPI_2linesRxISR_8BITCRC(struct __SPI_HandleTypeDef *hspi);
 254:Drivers/STM32G0xx_HAL_Driver/Src/stm32g0xx_hal_spi.c **** static void SPI_2linesRxISR_16BITCRC(struct __SPI_HandleTypeDef *hspi);
 255:Drivers/STM32G0xx_HAL_Driver/Src/stm32g0xx_hal_spi.c **** #endif /* USE_SPI_CRC */
 256:Drivers/STM32G0xx_HAL_Driver/Src/stm32g0xx_hal_spi.c **** static void SPI_AbortRx_ISR(SPI_HandleTypeDef *hspi);
 257:Drivers/STM32G0xx_HAL_Driver/Src/stm32g0xx_hal_spi.c **** static void SPI_AbortTx_ISR(SPI_HandleTypeDef *hspi);
 258:Drivers/STM32G0xx_HAL_Driver/Src/stm32g0xx_hal_spi.c **** static void SPI_CloseRxTx_ISR(SPI_HandleTypeDef *hspi);
 259:Drivers/STM32G0xx_HAL_Driver/Src/stm32g0xx_hal_spi.c **** static void SPI_CloseRx_ISR(SPI_HandleTypeDef *hspi);
 260:Drivers/STM32G0xx_HAL_Driver/Src/stm32g0xx_hal_spi.c **** static void SPI_CloseTx_ISR(SPI_HandleTypeDef *hspi);
ARM GAS  C:\Users\sante\AppData\Local\Temp\cc1VgFnO.s 			page 6


 261:Drivers/STM32G0xx_HAL_Driver/Src/stm32g0xx_hal_spi.c **** static HAL_StatusTypeDef SPI_EndRxTransaction(SPI_HandleTypeDef *hspi, uint32_t Timeout, uint32_t T
 262:Drivers/STM32G0xx_HAL_Driver/Src/stm32g0xx_hal_spi.c **** static HAL_StatusTypeDef SPI_EndRxTxTransaction(SPI_HandleTypeDef *hspi, uint32_t Timeout, uint32_t
 263:Drivers/STM32G0xx_HAL_Driver/Src/stm32g0xx_hal_spi.c **** /**
 264:Drivers/STM32G0xx_HAL_Driver/Src/stm32g0xx_hal_spi.c ****   * @}
 265:Drivers/STM32G0xx_HAL_Driver/Src/stm32g0xx_hal_spi.c ****   */
 266:Drivers/STM32G0xx_HAL_Driver/Src/stm32g0xx_hal_spi.c **** 
 267:Drivers/STM32G0xx_HAL_Driver/Src/stm32g0xx_hal_spi.c **** /* Exported functions --------------------------------------------------------*/
 268:Drivers/STM32G0xx_HAL_Driver/Src/stm32g0xx_hal_spi.c **** /** @defgroup SPI_Exported_Functions SPI Exported Functions
 269:Drivers/STM32G0xx_HAL_Driver/Src/stm32g0xx_hal_spi.c ****   * @{
 270:Drivers/STM32G0xx_HAL_Driver/Src/stm32g0xx_hal_spi.c ****   */
 271:Drivers/STM32G0xx_HAL_Driver/Src/stm32g0xx_hal_spi.c **** 
 272:Drivers/STM32G0xx_HAL_Driver/Src/stm32g0xx_hal_spi.c **** /** @defgroup SPI_Exported_Functions_Group1 Initialization and de-initialization functions
 273:Drivers/STM32G0xx_HAL_Driver/Src/stm32g0xx_hal_spi.c ****   *  @brief    Initialization and Configuration functions
 274:Drivers/STM32G0xx_HAL_Driver/Src/stm32g0xx_hal_spi.c ****   *
 275:Drivers/STM32G0xx_HAL_Driver/Src/stm32g0xx_hal_spi.c **** @verbatim
 276:Drivers/STM32G0xx_HAL_Driver/Src/stm32g0xx_hal_spi.c ****  ===============================================================================
 277:Drivers/STM32G0xx_HAL_Driver/Src/stm32g0xx_hal_spi.c ****               ##### Initialization and de-initialization functions #####
 278:Drivers/STM32G0xx_HAL_Driver/Src/stm32g0xx_hal_spi.c ****  ===============================================================================
 279:Drivers/STM32G0xx_HAL_Driver/Src/stm32g0xx_hal_spi.c ****     [..]  This subsection provides a set of functions allowing to initialize and
 280:Drivers/STM32G0xx_HAL_Driver/Src/stm32g0xx_hal_spi.c ****           de-initialize the SPIx peripheral:
 281:Drivers/STM32G0xx_HAL_Driver/Src/stm32g0xx_hal_spi.c **** 
 282:Drivers/STM32G0xx_HAL_Driver/Src/stm32g0xx_hal_spi.c ****       (+) User must implement HAL_SPI_MspInit() function in which he configures
 283:Drivers/STM32G0xx_HAL_Driver/Src/stm32g0xx_hal_spi.c ****           all related peripherals resources (CLOCK, GPIO, DMA, IT and NVIC ).
 284:Drivers/STM32G0xx_HAL_Driver/Src/stm32g0xx_hal_spi.c **** 
 285:Drivers/STM32G0xx_HAL_Driver/Src/stm32g0xx_hal_spi.c ****       (+) Call the function HAL_SPI_Init() to configure the selected device with
 286:Drivers/STM32G0xx_HAL_Driver/Src/stm32g0xx_hal_spi.c ****           the selected configuration:
 287:Drivers/STM32G0xx_HAL_Driver/Src/stm32g0xx_hal_spi.c ****         (++) Mode
 288:Drivers/STM32G0xx_HAL_Driver/Src/stm32g0xx_hal_spi.c ****         (++) Direction
 289:Drivers/STM32G0xx_HAL_Driver/Src/stm32g0xx_hal_spi.c ****         (++) Data Size
 290:Drivers/STM32G0xx_HAL_Driver/Src/stm32g0xx_hal_spi.c ****         (++) Clock Polarity and Phase
 291:Drivers/STM32G0xx_HAL_Driver/Src/stm32g0xx_hal_spi.c ****         (++) NSS Management
 292:Drivers/STM32G0xx_HAL_Driver/Src/stm32g0xx_hal_spi.c ****         (++) BaudRate Prescaler
 293:Drivers/STM32G0xx_HAL_Driver/Src/stm32g0xx_hal_spi.c ****         (++) FirstBit
 294:Drivers/STM32G0xx_HAL_Driver/Src/stm32g0xx_hal_spi.c ****         (++) TIMode
 295:Drivers/STM32G0xx_HAL_Driver/Src/stm32g0xx_hal_spi.c ****         (++) CRC Calculation
 296:Drivers/STM32G0xx_HAL_Driver/Src/stm32g0xx_hal_spi.c ****         (++) CRC Polynomial if CRC enabled
 297:Drivers/STM32G0xx_HAL_Driver/Src/stm32g0xx_hal_spi.c ****         (++) CRC Length, used only with Data8 and Data16
 298:Drivers/STM32G0xx_HAL_Driver/Src/stm32g0xx_hal_spi.c ****         (++) FIFO reception threshold
 299:Drivers/STM32G0xx_HAL_Driver/Src/stm32g0xx_hal_spi.c **** 
 300:Drivers/STM32G0xx_HAL_Driver/Src/stm32g0xx_hal_spi.c ****       (+) Call the function HAL_SPI_DeInit() to restore the default configuration
 301:Drivers/STM32G0xx_HAL_Driver/Src/stm32g0xx_hal_spi.c ****           of the selected SPIx peripheral.
 302:Drivers/STM32G0xx_HAL_Driver/Src/stm32g0xx_hal_spi.c **** 
 303:Drivers/STM32G0xx_HAL_Driver/Src/stm32g0xx_hal_spi.c **** @endverbatim
 304:Drivers/STM32G0xx_HAL_Driver/Src/stm32g0xx_hal_spi.c ****   * @{
 305:Drivers/STM32G0xx_HAL_Driver/Src/stm32g0xx_hal_spi.c ****   */
 306:Drivers/STM32G0xx_HAL_Driver/Src/stm32g0xx_hal_spi.c **** 
 307:Drivers/STM32G0xx_HAL_Driver/Src/stm32g0xx_hal_spi.c **** /**
 308:Drivers/STM32G0xx_HAL_Driver/Src/stm32g0xx_hal_spi.c ****   * @brief  Initialize the SPI according to the specified parameters
 309:Drivers/STM32G0xx_HAL_Driver/Src/stm32g0xx_hal_spi.c ****   *         in the SPI_InitTypeDef and initialize the associated handle.
 310:Drivers/STM32G0xx_HAL_Driver/Src/stm32g0xx_hal_spi.c ****   * @param  hspi pointer to a SPI_HandleTypeDef structure that contains
 311:Drivers/STM32G0xx_HAL_Driver/Src/stm32g0xx_hal_spi.c ****   *               the configuration information for SPI module.
 312:Drivers/STM32G0xx_HAL_Driver/Src/stm32g0xx_hal_spi.c ****   * @retval HAL status
 313:Drivers/STM32G0xx_HAL_Driver/Src/stm32g0xx_hal_spi.c ****   */
 314:Drivers/STM32G0xx_HAL_Driver/Src/stm32g0xx_hal_spi.c **** HAL_StatusTypeDef HAL_SPI_Init(SPI_HandleTypeDef *hspi)
 315:Drivers/STM32G0xx_HAL_Driver/Src/stm32g0xx_hal_spi.c **** {
 316:Drivers/STM32G0xx_HAL_Driver/Src/stm32g0xx_hal_spi.c ****   uint32_t frxth;
 317:Drivers/STM32G0xx_HAL_Driver/Src/stm32g0xx_hal_spi.c **** 
ARM GAS  C:\Users\sante\AppData\Local\Temp\cc1VgFnO.s 			page 7


 318:Drivers/STM32G0xx_HAL_Driver/Src/stm32g0xx_hal_spi.c ****   /* Check the SPI handle allocation */
 319:Drivers/STM32G0xx_HAL_Driver/Src/stm32g0xx_hal_spi.c ****   if (hspi == NULL)
 320:Drivers/STM32G0xx_HAL_Driver/Src/stm32g0xx_hal_spi.c ****   {
 321:Drivers/STM32G0xx_HAL_Driver/Src/stm32g0xx_hal_spi.c ****     return HAL_ERROR;
 322:Drivers/STM32G0xx_HAL_Driver/Src/stm32g0xx_hal_spi.c ****   }
 323:Drivers/STM32G0xx_HAL_Driver/Src/stm32g0xx_hal_spi.c **** 
 324:Drivers/STM32G0xx_HAL_Driver/Src/stm32g0xx_hal_spi.c ****   /* Check the parameters */
 325:Drivers/STM32G0xx_HAL_Driver/Src/stm32g0xx_hal_spi.c ****   assert_param(IS_SPI_ALL_INSTANCE(hspi->Instance));
 326:Drivers/STM32G0xx_HAL_Driver/Src/stm32g0xx_hal_spi.c ****   assert_param(IS_SPI_MODE(hspi->Init.Mode));
 327:Drivers/STM32G0xx_HAL_Driver/Src/stm32g0xx_hal_spi.c ****   assert_param(IS_SPI_DIRECTION(hspi->Init.Direction));
 328:Drivers/STM32G0xx_HAL_Driver/Src/stm32g0xx_hal_spi.c ****   assert_param(IS_SPI_DATASIZE(hspi->Init.DataSize));
 329:Drivers/STM32G0xx_HAL_Driver/Src/stm32g0xx_hal_spi.c ****   assert_param(IS_SPI_NSS(hspi->Init.NSS));
 330:Drivers/STM32G0xx_HAL_Driver/Src/stm32g0xx_hal_spi.c ****   assert_param(IS_SPI_NSSP(hspi->Init.NSSPMode));
 331:Drivers/STM32G0xx_HAL_Driver/Src/stm32g0xx_hal_spi.c ****   assert_param(IS_SPI_BAUDRATE_PRESCALER(hspi->Init.BaudRatePrescaler));
 332:Drivers/STM32G0xx_HAL_Driver/Src/stm32g0xx_hal_spi.c ****   assert_param(IS_SPI_FIRST_BIT(hspi->Init.FirstBit));
 333:Drivers/STM32G0xx_HAL_Driver/Src/stm32g0xx_hal_spi.c ****   assert_param(IS_SPI_TIMODE(hspi->Init.TIMode));
 334:Drivers/STM32G0xx_HAL_Driver/Src/stm32g0xx_hal_spi.c ****   if (hspi->Init.TIMode == SPI_TIMODE_DISABLE)
 335:Drivers/STM32G0xx_HAL_Driver/Src/stm32g0xx_hal_spi.c ****   {
 336:Drivers/STM32G0xx_HAL_Driver/Src/stm32g0xx_hal_spi.c ****     assert_param(IS_SPI_CPOL(hspi->Init.CLKPolarity));
 337:Drivers/STM32G0xx_HAL_Driver/Src/stm32g0xx_hal_spi.c ****     assert_param(IS_SPI_CPHA(hspi->Init.CLKPhase));
 338:Drivers/STM32G0xx_HAL_Driver/Src/stm32g0xx_hal_spi.c **** 
 339:Drivers/STM32G0xx_HAL_Driver/Src/stm32g0xx_hal_spi.c ****     if (hspi->Init.Mode == SPI_MODE_MASTER)
 340:Drivers/STM32G0xx_HAL_Driver/Src/stm32g0xx_hal_spi.c ****     {
 341:Drivers/STM32G0xx_HAL_Driver/Src/stm32g0xx_hal_spi.c ****       assert_param(IS_SPI_BAUDRATE_PRESCALER(hspi->Init.BaudRatePrescaler));
 342:Drivers/STM32G0xx_HAL_Driver/Src/stm32g0xx_hal_spi.c ****     }
 343:Drivers/STM32G0xx_HAL_Driver/Src/stm32g0xx_hal_spi.c ****     else
 344:Drivers/STM32G0xx_HAL_Driver/Src/stm32g0xx_hal_spi.c ****     {
 345:Drivers/STM32G0xx_HAL_Driver/Src/stm32g0xx_hal_spi.c ****       /* Baudrate prescaler not use in Motoraola Slave mode. force to default value */
 346:Drivers/STM32G0xx_HAL_Driver/Src/stm32g0xx_hal_spi.c ****       hspi->Init.BaudRatePrescaler = SPI_BAUDRATEPRESCALER_2;
 347:Drivers/STM32G0xx_HAL_Driver/Src/stm32g0xx_hal_spi.c ****     }
 348:Drivers/STM32G0xx_HAL_Driver/Src/stm32g0xx_hal_spi.c ****   }
 349:Drivers/STM32G0xx_HAL_Driver/Src/stm32g0xx_hal_spi.c ****   else
 350:Drivers/STM32G0xx_HAL_Driver/Src/stm32g0xx_hal_spi.c ****   {
 351:Drivers/STM32G0xx_HAL_Driver/Src/stm32g0xx_hal_spi.c ****     assert_param(IS_SPI_BAUDRATE_PRESCALER(hspi->Init.BaudRatePrescaler));
 352:Drivers/STM32G0xx_HAL_Driver/Src/stm32g0xx_hal_spi.c **** 
 353:Drivers/STM32G0xx_HAL_Driver/Src/stm32g0xx_hal_spi.c ****     /* Force polarity and phase to TI protocaol requirements */
 354:Drivers/STM32G0xx_HAL_Driver/Src/stm32g0xx_hal_spi.c ****     hspi->Init.CLKPolarity = SPI_POLARITY_LOW;
 355:Drivers/STM32G0xx_HAL_Driver/Src/stm32g0xx_hal_spi.c ****     hspi->Init.CLKPhase    = SPI_PHASE_1EDGE;
 356:Drivers/STM32G0xx_HAL_Driver/Src/stm32g0xx_hal_spi.c ****   }
 357:Drivers/STM32G0xx_HAL_Driver/Src/stm32g0xx_hal_spi.c **** #if (USE_SPI_CRC != 0U)
 358:Drivers/STM32G0xx_HAL_Driver/Src/stm32g0xx_hal_spi.c ****   assert_param(IS_SPI_CRC_CALCULATION(hspi->Init.CRCCalculation));
 359:Drivers/STM32G0xx_HAL_Driver/Src/stm32g0xx_hal_spi.c ****   if (hspi->Init.CRCCalculation == SPI_CRCCALCULATION_ENABLE)
 360:Drivers/STM32G0xx_HAL_Driver/Src/stm32g0xx_hal_spi.c ****   {
 361:Drivers/STM32G0xx_HAL_Driver/Src/stm32g0xx_hal_spi.c ****     assert_param(IS_SPI_CRC_POLYNOMIAL(hspi->Init.CRCPolynomial));
 362:Drivers/STM32G0xx_HAL_Driver/Src/stm32g0xx_hal_spi.c ****     assert_param(IS_SPI_CRC_LENGTH(hspi->Init.CRCLength));
 363:Drivers/STM32G0xx_HAL_Driver/Src/stm32g0xx_hal_spi.c ****   }
 364:Drivers/STM32G0xx_HAL_Driver/Src/stm32g0xx_hal_spi.c **** #else
 365:Drivers/STM32G0xx_HAL_Driver/Src/stm32g0xx_hal_spi.c ****   hspi->Init.CRCCalculation = SPI_CRCCALCULATION_DISABLE;
 366:Drivers/STM32G0xx_HAL_Driver/Src/stm32g0xx_hal_spi.c **** #endif /* USE_SPI_CRC */
 367:Drivers/STM32G0xx_HAL_Driver/Src/stm32g0xx_hal_spi.c **** 
 368:Drivers/STM32G0xx_HAL_Driver/Src/stm32g0xx_hal_spi.c ****   if (hspi->State == HAL_SPI_STATE_RESET)
 369:Drivers/STM32G0xx_HAL_Driver/Src/stm32g0xx_hal_spi.c ****   {
 370:Drivers/STM32G0xx_HAL_Driver/Src/stm32g0xx_hal_spi.c ****     /* Allocate lock resource and initialize it */
 371:Drivers/STM32G0xx_HAL_Driver/Src/stm32g0xx_hal_spi.c ****     hspi->Lock = HAL_UNLOCKED;
 372:Drivers/STM32G0xx_HAL_Driver/Src/stm32g0xx_hal_spi.c **** 
 373:Drivers/STM32G0xx_HAL_Driver/Src/stm32g0xx_hal_spi.c **** #if (USE_HAL_SPI_REGISTER_CALLBACKS == 1U)
 374:Drivers/STM32G0xx_HAL_Driver/Src/stm32g0xx_hal_spi.c ****     /* Init the SPI Callback settings */
ARM GAS  C:\Users\sante\AppData\Local\Temp\cc1VgFnO.s 			page 8


 375:Drivers/STM32G0xx_HAL_Driver/Src/stm32g0xx_hal_spi.c ****     hspi->TxCpltCallback       = HAL_SPI_TxCpltCallback;       /* Legacy weak TxCpltCallback       
 376:Drivers/STM32G0xx_HAL_Driver/Src/stm32g0xx_hal_spi.c ****     hspi->RxCpltCallback       = HAL_SPI_RxCpltCallback;       /* Legacy weak RxCpltCallback       
 377:Drivers/STM32G0xx_HAL_Driver/Src/stm32g0xx_hal_spi.c ****     hspi->TxRxCpltCallback     = HAL_SPI_TxRxCpltCallback;     /* Legacy weak TxRxCpltCallback     
 378:Drivers/STM32G0xx_HAL_Driver/Src/stm32g0xx_hal_spi.c ****     hspi->TxHalfCpltCallback   = HAL_SPI_TxHalfCpltCallback;   /* Legacy weak TxHalfCpltCallback   
 379:Drivers/STM32G0xx_HAL_Driver/Src/stm32g0xx_hal_spi.c ****     hspi->RxHalfCpltCallback   = HAL_SPI_RxHalfCpltCallback;   /* Legacy weak RxHalfCpltCallback   
 380:Drivers/STM32G0xx_HAL_Driver/Src/stm32g0xx_hal_spi.c ****     hspi->TxRxHalfCpltCallback = HAL_SPI_TxRxHalfCpltCallback; /* Legacy weak TxRxHalfCpltCallback 
 381:Drivers/STM32G0xx_HAL_Driver/Src/stm32g0xx_hal_spi.c ****     hspi->ErrorCallback        = HAL_SPI_ErrorCallback;        /* Legacy weak ErrorCallback        
 382:Drivers/STM32G0xx_HAL_Driver/Src/stm32g0xx_hal_spi.c ****     hspi->AbortCpltCallback    = HAL_SPI_AbortCpltCallback;    /* Legacy weak AbortCpltCallback    
 383:Drivers/STM32G0xx_HAL_Driver/Src/stm32g0xx_hal_spi.c **** 
 384:Drivers/STM32G0xx_HAL_Driver/Src/stm32g0xx_hal_spi.c ****     if (hspi->MspInitCallback == NULL)
 385:Drivers/STM32G0xx_HAL_Driver/Src/stm32g0xx_hal_spi.c ****     {
 386:Drivers/STM32G0xx_HAL_Driver/Src/stm32g0xx_hal_spi.c ****       hspi->MspInitCallback = HAL_SPI_MspInit; /* Legacy weak MspInit  */
 387:Drivers/STM32G0xx_HAL_Driver/Src/stm32g0xx_hal_spi.c ****     }
 388:Drivers/STM32G0xx_HAL_Driver/Src/stm32g0xx_hal_spi.c **** 
 389:Drivers/STM32G0xx_HAL_Driver/Src/stm32g0xx_hal_spi.c ****     /* Init the low level hardware : GPIO, CLOCK, NVIC... */
 390:Drivers/STM32G0xx_HAL_Driver/Src/stm32g0xx_hal_spi.c ****     hspi->MspInitCallback(hspi);
 391:Drivers/STM32G0xx_HAL_Driver/Src/stm32g0xx_hal_spi.c **** #else
 392:Drivers/STM32G0xx_HAL_Driver/Src/stm32g0xx_hal_spi.c ****     /* Init the low level hardware : GPIO, CLOCK, NVIC... */
 393:Drivers/STM32G0xx_HAL_Driver/Src/stm32g0xx_hal_spi.c ****     HAL_SPI_MspInit(hspi);
 394:Drivers/STM32G0xx_HAL_Driver/Src/stm32g0xx_hal_spi.c **** #endif /* USE_HAL_SPI_REGISTER_CALLBACKS */
 395:Drivers/STM32G0xx_HAL_Driver/Src/stm32g0xx_hal_spi.c ****   }
 396:Drivers/STM32G0xx_HAL_Driver/Src/stm32g0xx_hal_spi.c **** 
 397:Drivers/STM32G0xx_HAL_Driver/Src/stm32g0xx_hal_spi.c ****   hspi->State = HAL_SPI_STATE_BUSY;
 398:Drivers/STM32G0xx_HAL_Driver/Src/stm32g0xx_hal_spi.c **** 
 399:Drivers/STM32G0xx_HAL_Driver/Src/stm32g0xx_hal_spi.c ****   /* Disable the selected SPI peripheral */
 400:Drivers/STM32G0xx_HAL_Driver/Src/stm32g0xx_hal_spi.c ****   __HAL_SPI_DISABLE(hspi);
 401:Drivers/STM32G0xx_HAL_Driver/Src/stm32g0xx_hal_spi.c **** 
 402:Drivers/STM32G0xx_HAL_Driver/Src/stm32g0xx_hal_spi.c ****   /* Align by default the rs fifo threshold on the data size */
 403:Drivers/STM32G0xx_HAL_Driver/Src/stm32g0xx_hal_spi.c ****   if (hspi->Init.DataSize > SPI_DATASIZE_8BIT)
 404:Drivers/STM32G0xx_HAL_Driver/Src/stm32g0xx_hal_spi.c ****   {
 405:Drivers/STM32G0xx_HAL_Driver/Src/stm32g0xx_hal_spi.c ****     frxth = SPI_RXFIFO_THRESHOLD_HF;
 406:Drivers/STM32G0xx_HAL_Driver/Src/stm32g0xx_hal_spi.c ****   }
 407:Drivers/STM32G0xx_HAL_Driver/Src/stm32g0xx_hal_spi.c ****   else
 408:Drivers/STM32G0xx_HAL_Driver/Src/stm32g0xx_hal_spi.c ****   {
 409:Drivers/STM32G0xx_HAL_Driver/Src/stm32g0xx_hal_spi.c ****     frxth = SPI_RXFIFO_THRESHOLD_QF;
 410:Drivers/STM32G0xx_HAL_Driver/Src/stm32g0xx_hal_spi.c ****   }
 411:Drivers/STM32G0xx_HAL_Driver/Src/stm32g0xx_hal_spi.c **** 
 412:Drivers/STM32G0xx_HAL_Driver/Src/stm32g0xx_hal_spi.c ****   /* CRC calculation is valid only for 16Bit and 8 Bit */
 413:Drivers/STM32G0xx_HAL_Driver/Src/stm32g0xx_hal_spi.c ****   if ((hspi->Init.DataSize != SPI_DATASIZE_16BIT) && (hspi->Init.DataSize != SPI_DATASIZE_8BIT))
 414:Drivers/STM32G0xx_HAL_Driver/Src/stm32g0xx_hal_spi.c ****   {
 415:Drivers/STM32G0xx_HAL_Driver/Src/stm32g0xx_hal_spi.c ****     /* CRC must be disabled */
 416:Drivers/STM32G0xx_HAL_Driver/Src/stm32g0xx_hal_spi.c ****     hspi->Init.CRCCalculation = SPI_CRCCALCULATION_DISABLE;
 417:Drivers/STM32G0xx_HAL_Driver/Src/stm32g0xx_hal_spi.c ****   }
 418:Drivers/STM32G0xx_HAL_Driver/Src/stm32g0xx_hal_spi.c **** 
 419:Drivers/STM32G0xx_HAL_Driver/Src/stm32g0xx_hal_spi.c ****   /*----------------------- SPIx CR1 & CR2 Configuration ---------------------*/
 420:Drivers/STM32G0xx_HAL_Driver/Src/stm32g0xx_hal_spi.c ****   /* Configure : SPI Mode, Communication Mode, Clock polarity and phase, NSS management,
 421:Drivers/STM32G0xx_HAL_Driver/Src/stm32g0xx_hal_spi.c ****   Communication speed, First bit and CRC calculation state */
 422:Drivers/STM32G0xx_HAL_Driver/Src/stm32g0xx_hal_spi.c ****   WRITE_REG(hspi->Instance->CR1, ((hspi->Init.Mode & (SPI_CR1_MSTR | SPI_CR1_SSI)) |
 423:Drivers/STM32G0xx_HAL_Driver/Src/stm32g0xx_hal_spi.c ****                                   (hspi->Init.Direction & (SPI_CR1_RXONLY | SPI_CR1_BIDIMODE)) |
 424:Drivers/STM32G0xx_HAL_Driver/Src/stm32g0xx_hal_spi.c ****                                   (hspi->Init.CLKPolarity & SPI_CR1_CPOL) |
 425:Drivers/STM32G0xx_HAL_Driver/Src/stm32g0xx_hal_spi.c ****                                   (hspi->Init.CLKPhase & SPI_CR1_CPHA) |
 426:Drivers/STM32G0xx_HAL_Driver/Src/stm32g0xx_hal_spi.c ****                                   (hspi->Init.NSS & SPI_CR1_SSM) |
 427:Drivers/STM32G0xx_HAL_Driver/Src/stm32g0xx_hal_spi.c ****                                   (hspi->Init.BaudRatePrescaler & SPI_CR1_BR_Msk) |
 428:Drivers/STM32G0xx_HAL_Driver/Src/stm32g0xx_hal_spi.c ****                                   (hspi->Init.FirstBit  & SPI_CR1_LSBFIRST) |
 429:Drivers/STM32G0xx_HAL_Driver/Src/stm32g0xx_hal_spi.c ****                                   (hspi->Init.CRCCalculation & SPI_CR1_CRCEN)));
 430:Drivers/STM32G0xx_HAL_Driver/Src/stm32g0xx_hal_spi.c **** #if (USE_SPI_CRC != 0U)
 431:Drivers/STM32G0xx_HAL_Driver/Src/stm32g0xx_hal_spi.c ****   /*---------------------------- SPIx CRCL Configuration -------------------*/
ARM GAS  C:\Users\sante\AppData\Local\Temp\cc1VgFnO.s 			page 9


 432:Drivers/STM32G0xx_HAL_Driver/Src/stm32g0xx_hal_spi.c ****   if (hspi->Init.CRCCalculation == SPI_CRCCALCULATION_ENABLE)
 433:Drivers/STM32G0xx_HAL_Driver/Src/stm32g0xx_hal_spi.c ****   {
 434:Drivers/STM32G0xx_HAL_Driver/Src/stm32g0xx_hal_spi.c ****     /* Align the CRC Length on the data size */
 435:Drivers/STM32G0xx_HAL_Driver/Src/stm32g0xx_hal_spi.c ****     if (hspi->Init.CRCLength == SPI_CRC_LENGTH_DATASIZE)
 436:Drivers/STM32G0xx_HAL_Driver/Src/stm32g0xx_hal_spi.c ****     {
 437:Drivers/STM32G0xx_HAL_Driver/Src/stm32g0xx_hal_spi.c ****       /* CRC Length aligned on the data size : value set by default */
 438:Drivers/STM32G0xx_HAL_Driver/Src/stm32g0xx_hal_spi.c ****       if (hspi->Init.DataSize > SPI_DATASIZE_8BIT)
 439:Drivers/STM32G0xx_HAL_Driver/Src/stm32g0xx_hal_spi.c ****       {
 440:Drivers/STM32G0xx_HAL_Driver/Src/stm32g0xx_hal_spi.c ****         hspi->Init.CRCLength = SPI_CRC_LENGTH_16BIT;
 441:Drivers/STM32G0xx_HAL_Driver/Src/stm32g0xx_hal_spi.c ****       }
 442:Drivers/STM32G0xx_HAL_Driver/Src/stm32g0xx_hal_spi.c ****       else
 443:Drivers/STM32G0xx_HAL_Driver/Src/stm32g0xx_hal_spi.c ****       {
 444:Drivers/STM32G0xx_HAL_Driver/Src/stm32g0xx_hal_spi.c ****         hspi->Init.CRCLength = SPI_CRC_LENGTH_8BIT;
 445:Drivers/STM32G0xx_HAL_Driver/Src/stm32g0xx_hal_spi.c ****       }
 446:Drivers/STM32G0xx_HAL_Driver/Src/stm32g0xx_hal_spi.c ****     }
 447:Drivers/STM32G0xx_HAL_Driver/Src/stm32g0xx_hal_spi.c **** 
 448:Drivers/STM32G0xx_HAL_Driver/Src/stm32g0xx_hal_spi.c ****     /* Configure : CRC Length */
 449:Drivers/STM32G0xx_HAL_Driver/Src/stm32g0xx_hal_spi.c ****     if (hspi->Init.CRCLength == SPI_CRC_LENGTH_16BIT)
 450:Drivers/STM32G0xx_HAL_Driver/Src/stm32g0xx_hal_spi.c ****     {
 451:Drivers/STM32G0xx_HAL_Driver/Src/stm32g0xx_hal_spi.c ****       SET_BIT(hspi->Instance->CR1, SPI_CR1_CRCL);
 452:Drivers/STM32G0xx_HAL_Driver/Src/stm32g0xx_hal_spi.c ****     }
 453:Drivers/STM32G0xx_HAL_Driver/Src/stm32g0xx_hal_spi.c ****   }
 454:Drivers/STM32G0xx_HAL_Driver/Src/stm32g0xx_hal_spi.c **** #endif /* USE_SPI_CRC */
 455:Drivers/STM32G0xx_HAL_Driver/Src/stm32g0xx_hal_spi.c **** 
 456:Drivers/STM32G0xx_HAL_Driver/Src/stm32g0xx_hal_spi.c ****   /* Configure : NSS management, TI Mode, NSS Pulse, Data size and Rx Fifo threshold */
 457:Drivers/STM32G0xx_HAL_Driver/Src/stm32g0xx_hal_spi.c ****   WRITE_REG(hspi->Instance->CR2, (((hspi->Init.NSS >> 16U) & SPI_CR2_SSOE) |
 458:Drivers/STM32G0xx_HAL_Driver/Src/stm32g0xx_hal_spi.c ****                                   (hspi->Init.TIMode & SPI_CR2_FRF) |
 459:Drivers/STM32G0xx_HAL_Driver/Src/stm32g0xx_hal_spi.c ****                                   (hspi->Init.NSSPMode & SPI_CR2_NSSP) |
 460:Drivers/STM32G0xx_HAL_Driver/Src/stm32g0xx_hal_spi.c ****                                   (hspi->Init.DataSize & SPI_CR2_DS_Msk) |
 461:Drivers/STM32G0xx_HAL_Driver/Src/stm32g0xx_hal_spi.c ****                                   (frxth & SPI_CR2_FRXTH)));
 462:Drivers/STM32G0xx_HAL_Driver/Src/stm32g0xx_hal_spi.c **** 
 463:Drivers/STM32G0xx_HAL_Driver/Src/stm32g0xx_hal_spi.c **** #if (USE_SPI_CRC != 0U)
 464:Drivers/STM32G0xx_HAL_Driver/Src/stm32g0xx_hal_spi.c ****   /*---------------------------- SPIx CRCPOLY Configuration ------------------*/
 465:Drivers/STM32G0xx_HAL_Driver/Src/stm32g0xx_hal_spi.c ****   /* Configure : CRC Polynomial */
 466:Drivers/STM32G0xx_HAL_Driver/Src/stm32g0xx_hal_spi.c ****   if (hspi->Init.CRCCalculation == SPI_CRCCALCULATION_ENABLE)
 467:Drivers/STM32G0xx_HAL_Driver/Src/stm32g0xx_hal_spi.c ****   {
 468:Drivers/STM32G0xx_HAL_Driver/Src/stm32g0xx_hal_spi.c ****     WRITE_REG(hspi->Instance->CRCPR, (hspi->Init.CRCPolynomial & SPI_CRCPR_CRCPOLY_Msk));
 469:Drivers/STM32G0xx_HAL_Driver/Src/stm32g0xx_hal_spi.c ****   }
 470:Drivers/STM32G0xx_HAL_Driver/Src/stm32g0xx_hal_spi.c **** #endif /* USE_SPI_CRC */
 471:Drivers/STM32G0xx_HAL_Driver/Src/stm32g0xx_hal_spi.c **** 
 472:Drivers/STM32G0xx_HAL_Driver/Src/stm32g0xx_hal_spi.c **** #if defined(SPI_I2SCFGR_I2SMOD)
 473:Drivers/STM32G0xx_HAL_Driver/Src/stm32g0xx_hal_spi.c ****   /* Activate the SPI mode (Make sure that I2SMOD bit in I2SCFGR register is reset) */
 474:Drivers/STM32G0xx_HAL_Driver/Src/stm32g0xx_hal_spi.c ****   CLEAR_BIT(hspi->Instance->I2SCFGR, SPI_I2SCFGR_I2SMOD);
 475:Drivers/STM32G0xx_HAL_Driver/Src/stm32g0xx_hal_spi.c **** #endif /* SPI_I2SCFGR_I2SMOD */
 476:Drivers/STM32G0xx_HAL_Driver/Src/stm32g0xx_hal_spi.c **** 
 477:Drivers/STM32G0xx_HAL_Driver/Src/stm32g0xx_hal_spi.c ****   hspi->ErrorCode = HAL_SPI_ERROR_NONE;
 478:Drivers/STM32G0xx_HAL_Driver/Src/stm32g0xx_hal_spi.c ****   hspi->State     = HAL_SPI_STATE_READY;
 479:Drivers/STM32G0xx_HAL_Driver/Src/stm32g0xx_hal_spi.c **** 
 480:Drivers/STM32G0xx_HAL_Driver/Src/stm32g0xx_hal_spi.c ****   return HAL_OK;
 481:Drivers/STM32G0xx_HAL_Driver/Src/stm32g0xx_hal_spi.c **** }
 482:Drivers/STM32G0xx_HAL_Driver/Src/stm32g0xx_hal_spi.c **** 
 483:Drivers/STM32G0xx_HAL_Driver/Src/stm32g0xx_hal_spi.c **** /**
 484:Drivers/STM32G0xx_HAL_Driver/Src/stm32g0xx_hal_spi.c ****   * @brief  De-Initialize the SPI peripheral.
 485:Drivers/STM32G0xx_HAL_Driver/Src/stm32g0xx_hal_spi.c ****   * @param  hspi pointer to a SPI_HandleTypeDef structure that contains
 486:Drivers/STM32G0xx_HAL_Driver/Src/stm32g0xx_hal_spi.c ****   *               the configuration information for SPI module.
 487:Drivers/STM32G0xx_HAL_Driver/Src/stm32g0xx_hal_spi.c ****   * @retval HAL status
 488:Drivers/STM32G0xx_HAL_Driver/Src/stm32g0xx_hal_spi.c ****   */
ARM GAS  C:\Users\sante\AppData\Local\Temp\cc1VgFnO.s 			page 10


 489:Drivers/STM32G0xx_HAL_Driver/Src/stm32g0xx_hal_spi.c **** HAL_StatusTypeDef HAL_SPI_DeInit(SPI_HandleTypeDef *hspi)
 490:Drivers/STM32G0xx_HAL_Driver/Src/stm32g0xx_hal_spi.c **** {
 491:Drivers/STM32G0xx_HAL_Driver/Src/stm32g0xx_hal_spi.c ****   /* Check the SPI handle allocation */
 492:Drivers/STM32G0xx_HAL_Driver/Src/stm32g0xx_hal_spi.c ****   if (hspi == NULL)
 493:Drivers/STM32G0xx_HAL_Driver/Src/stm32g0xx_hal_spi.c ****   {
 494:Drivers/STM32G0xx_HAL_Driver/Src/stm32g0xx_hal_spi.c ****     return HAL_ERROR;
 495:Drivers/STM32G0xx_HAL_Driver/Src/stm32g0xx_hal_spi.c ****   }
 496:Drivers/STM32G0xx_HAL_Driver/Src/stm32g0xx_hal_spi.c **** 
 497:Drivers/STM32G0xx_HAL_Driver/Src/stm32g0xx_hal_spi.c ****   /* Check SPI Instance parameter */
 498:Drivers/STM32G0xx_HAL_Driver/Src/stm32g0xx_hal_spi.c ****   assert_param(IS_SPI_ALL_INSTANCE(hspi->Instance));
 499:Drivers/STM32G0xx_HAL_Driver/Src/stm32g0xx_hal_spi.c **** 
 500:Drivers/STM32G0xx_HAL_Driver/Src/stm32g0xx_hal_spi.c ****   hspi->State = HAL_SPI_STATE_BUSY;
 501:Drivers/STM32G0xx_HAL_Driver/Src/stm32g0xx_hal_spi.c **** 
 502:Drivers/STM32G0xx_HAL_Driver/Src/stm32g0xx_hal_spi.c ****   /* Disable the SPI Peripheral Clock */
 503:Drivers/STM32G0xx_HAL_Driver/Src/stm32g0xx_hal_spi.c ****   __HAL_SPI_DISABLE(hspi);
 504:Drivers/STM32G0xx_HAL_Driver/Src/stm32g0xx_hal_spi.c **** 
 505:Drivers/STM32G0xx_HAL_Driver/Src/stm32g0xx_hal_spi.c **** #if (USE_HAL_SPI_REGISTER_CALLBACKS == 1U)
 506:Drivers/STM32G0xx_HAL_Driver/Src/stm32g0xx_hal_spi.c ****   if (hspi->MspDeInitCallback == NULL)
 507:Drivers/STM32G0xx_HAL_Driver/Src/stm32g0xx_hal_spi.c ****   {
 508:Drivers/STM32G0xx_HAL_Driver/Src/stm32g0xx_hal_spi.c ****     hspi->MspDeInitCallback = HAL_SPI_MspDeInit; /* Legacy weak MspDeInit  */
 509:Drivers/STM32G0xx_HAL_Driver/Src/stm32g0xx_hal_spi.c ****   }
 510:Drivers/STM32G0xx_HAL_Driver/Src/stm32g0xx_hal_spi.c **** 
 511:Drivers/STM32G0xx_HAL_Driver/Src/stm32g0xx_hal_spi.c ****   /* DeInit the low level hardware: GPIO, CLOCK, NVIC... */
 512:Drivers/STM32G0xx_HAL_Driver/Src/stm32g0xx_hal_spi.c ****   hspi->MspDeInitCallback(hspi);
 513:Drivers/STM32G0xx_HAL_Driver/Src/stm32g0xx_hal_spi.c **** #else
 514:Drivers/STM32G0xx_HAL_Driver/Src/stm32g0xx_hal_spi.c ****   /* DeInit the low level hardware: GPIO, CLOCK, NVIC... */
 515:Drivers/STM32G0xx_HAL_Driver/Src/stm32g0xx_hal_spi.c ****   HAL_SPI_MspDeInit(hspi);
 516:Drivers/STM32G0xx_HAL_Driver/Src/stm32g0xx_hal_spi.c **** #endif /* USE_HAL_SPI_REGISTER_CALLBACKS */
 517:Drivers/STM32G0xx_HAL_Driver/Src/stm32g0xx_hal_spi.c **** 
 518:Drivers/STM32G0xx_HAL_Driver/Src/stm32g0xx_hal_spi.c ****   hspi->ErrorCode = HAL_SPI_ERROR_NONE;
 519:Drivers/STM32G0xx_HAL_Driver/Src/stm32g0xx_hal_spi.c ****   hspi->State = HAL_SPI_STATE_RESET;
 520:Drivers/STM32G0xx_HAL_Driver/Src/stm32g0xx_hal_spi.c **** 
 521:Drivers/STM32G0xx_HAL_Driver/Src/stm32g0xx_hal_spi.c ****   /* Release Lock */
 522:Drivers/STM32G0xx_HAL_Driver/Src/stm32g0xx_hal_spi.c ****   __HAL_UNLOCK(hspi);
 523:Drivers/STM32G0xx_HAL_Driver/Src/stm32g0xx_hal_spi.c **** 
 524:Drivers/STM32G0xx_HAL_Driver/Src/stm32g0xx_hal_spi.c ****   return HAL_OK;
 525:Drivers/STM32G0xx_HAL_Driver/Src/stm32g0xx_hal_spi.c **** }
 526:Drivers/STM32G0xx_HAL_Driver/Src/stm32g0xx_hal_spi.c **** 
 527:Drivers/STM32G0xx_HAL_Driver/Src/stm32g0xx_hal_spi.c **** /**
 528:Drivers/STM32G0xx_HAL_Driver/Src/stm32g0xx_hal_spi.c ****   * @brief  Initialize the SPI MSP.
 529:Drivers/STM32G0xx_HAL_Driver/Src/stm32g0xx_hal_spi.c ****   * @param  hspi pointer to a SPI_HandleTypeDef structure that contains
 530:Drivers/STM32G0xx_HAL_Driver/Src/stm32g0xx_hal_spi.c ****   *               the configuration information for SPI module.
 531:Drivers/STM32G0xx_HAL_Driver/Src/stm32g0xx_hal_spi.c ****   * @retval None
 532:Drivers/STM32G0xx_HAL_Driver/Src/stm32g0xx_hal_spi.c ****   */
 533:Drivers/STM32G0xx_HAL_Driver/Src/stm32g0xx_hal_spi.c **** __weak void HAL_SPI_MspInit(SPI_HandleTypeDef *hspi)
 534:Drivers/STM32G0xx_HAL_Driver/Src/stm32g0xx_hal_spi.c **** {
 535:Drivers/STM32G0xx_HAL_Driver/Src/stm32g0xx_hal_spi.c ****   /* Prevent unused argument(s) compilation warning */
 536:Drivers/STM32G0xx_HAL_Driver/Src/stm32g0xx_hal_spi.c ****   UNUSED(hspi);
 537:Drivers/STM32G0xx_HAL_Driver/Src/stm32g0xx_hal_spi.c **** 
 538:Drivers/STM32G0xx_HAL_Driver/Src/stm32g0xx_hal_spi.c ****   /* NOTE : This function should not be modified, when the callback is needed,
 539:Drivers/STM32G0xx_HAL_Driver/Src/stm32g0xx_hal_spi.c ****             the HAL_SPI_MspInit should be implemented in the user file
 540:Drivers/STM32G0xx_HAL_Driver/Src/stm32g0xx_hal_spi.c ****    */
 541:Drivers/STM32G0xx_HAL_Driver/Src/stm32g0xx_hal_spi.c **** }
 542:Drivers/STM32G0xx_HAL_Driver/Src/stm32g0xx_hal_spi.c **** 
 543:Drivers/STM32G0xx_HAL_Driver/Src/stm32g0xx_hal_spi.c **** /**
 544:Drivers/STM32G0xx_HAL_Driver/Src/stm32g0xx_hal_spi.c ****   * @brief  De-Initialize the SPI MSP.
 545:Drivers/STM32G0xx_HAL_Driver/Src/stm32g0xx_hal_spi.c ****   * @param  hspi pointer to a SPI_HandleTypeDef structure that contains
ARM GAS  C:\Users\sante\AppData\Local\Temp\cc1VgFnO.s 			page 11


 546:Drivers/STM32G0xx_HAL_Driver/Src/stm32g0xx_hal_spi.c ****   *               the configuration information for SPI module.
 547:Drivers/STM32G0xx_HAL_Driver/Src/stm32g0xx_hal_spi.c ****   * @retval None
 548:Drivers/STM32G0xx_HAL_Driver/Src/stm32g0xx_hal_spi.c ****   */
 549:Drivers/STM32G0xx_HAL_Driver/Src/stm32g0xx_hal_spi.c **** __weak void HAL_SPI_MspDeInit(SPI_HandleTypeDef *hspi)
 550:Drivers/STM32G0xx_HAL_Driver/Src/stm32g0xx_hal_spi.c **** {
 551:Drivers/STM32G0xx_HAL_Driver/Src/stm32g0xx_hal_spi.c ****   /* Prevent unused argument(s) compilation warning */
 552:Drivers/STM32G0xx_HAL_Driver/Src/stm32g0xx_hal_spi.c ****   UNUSED(hspi);
 553:Drivers/STM32G0xx_HAL_Driver/Src/stm32g0xx_hal_spi.c **** 
 554:Drivers/STM32G0xx_HAL_Driver/Src/stm32g0xx_hal_spi.c ****   /* NOTE : This function should not be modified, when the callback is needed,
 555:Drivers/STM32G0xx_HAL_Driver/Src/stm32g0xx_hal_spi.c ****             the HAL_SPI_MspDeInit should be implemented in the user file
 556:Drivers/STM32G0xx_HAL_Driver/Src/stm32g0xx_hal_spi.c ****    */
 557:Drivers/STM32G0xx_HAL_Driver/Src/stm32g0xx_hal_spi.c **** }
 558:Drivers/STM32G0xx_HAL_Driver/Src/stm32g0xx_hal_spi.c **** 
 559:Drivers/STM32G0xx_HAL_Driver/Src/stm32g0xx_hal_spi.c **** #if (USE_HAL_SPI_REGISTER_CALLBACKS == 1U)
 560:Drivers/STM32G0xx_HAL_Driver/Src/stm32g0xx_hal_spi.c **** /**
 561:Drivers/STM32G0xx_HAL_Driver/Src/stm32g0xx_hal_spi.c ****   * @brief  Register a User SPI Callback
 562:Drivers/STM32G0xx_HAL_Driver/Src/stm32g0xx_hal_spi.c ****   *         To be used instead of the weak predefined callback
 563:Drivers/STM32G0xx_HAL_Driver/Src/stm32g0xx_hal_spi.c ****   * @param  hspi Pointer to a SPI_HandleTypeDef structure that contains
 564:Drivers/STM32G0xx_HAL_Driver/Src/stm32g0xx_hal_spi.c ****   *                the configuration information for the specified SPI.
 565:Drivers/STM32G0xx_HAL_Driver/Src/stm32g0xx_hal_spi.c ****   * @param  CallbackID ID of the callback to be registered
 566:Drivers/STM32G0xx_HAL_Driver/Src/stm32g0xx_hal_spi.c ****   * @param  pCallback pointer to the Callback function
 567:Drivers/STM32G0xx_HAL_Driver/Src/stm32g0xx_hal_spi.c ****   * @retval HAL status
 568:Drivers/STM32G0xx_HAL_Driver/Src/stm32g0xx_hal_spi.c ****   */
 569:Drivers/STM32G0xx_HAL_Driver/Src/stm32g0xx_hal_spi.c **** HAL_StatusTypeDef HAL_SPI_RegisterCallback(SPI_HandleTypeDef *hspi, HAL_SPI_CallbackIDTypeDef Callb
 570:Drivers/STM32G0xx_HAL_Driver/Src/stm32g0xx_hal_spi.c ****                                            pSPI_CallbackTypeDef pCallback)
 571:Drivers/STM32G0xx_HAL_Driver/Src/stm32g0xx_hal_spi.c **** {
 572:Drivers/STM32G0xx_HAL_Driver/Src/stm32g0xx_hal_spi.c ****   HAL_StatusTypeDef status = HAL_OK;
 573:Drivers/STM32G0xx_HAL_Driver/Src/stm32g0xx_hal_spi.c **** 
 574:Drivers/STM32G0xx_HAL_Driver/Src/stm32g0xx_hal_spi.c ****   if (pCallback == NULL)
 575:Drivers/STM32G0xx_HAL_Driver/Src/stm32g0xx_hal_spi.c ****   {
 576:Drivers/STM32G0xx_HAL_Driver/Src/stm32g0xx_hal_spi.c ****     /* Update the error code */
 577:Drivers/STM32G0xx_HAL_Driver/Src/stm32g0xx_hal_spi.c ****     hspi->ErrorCode |= HAL_SPI_ERROR_INVALID_CALLBACK;
 578:Drivers/STM32G0xx_HAL_Driver/Src/stm32g0xx_hal_spi.c **** 
 579:Drivers/STM32G0xx_HAL_Driver/Src/stm32g0xx_hal_spi.c ****     return HAL_ERROR;
 580:Drivers/STM32G0xx_HAL_Driver/Src/stm32g0xx_hal_spi.c ****   }
 581:Drivers/STM32G0xx_HAL_Driver/Src/stm32g0xx_hal_spi.c ****   /* Process locked */
 582:Drivers/STM32G0xx_HAL_Driver/Src/stm32g0xx_hal_spi.c ****   __HAL_LOCK(hspi);
 583:Drivers/STM32G0xx_HAL_Driver/Src/stm32g0xx_hal_spi.c **** 
 584:Drivers/STM32G0xx_HAL_Driver/Src/stm32g0xx_hal_spi.c ****   if (HAL_SPI_STATE_READY == hspi->State)
 585:Drivers/STM32G0xx_HAL_Driver/Src/stm32g0xx_hal_spi.c ****   {
 586:Drivers/STM32G0xx_HAL_Driver/Src/stm32g0xx_hal_spi.c ****     switch (CallbackID)
 587:Drivers/STM32G0xx_HAL_Driver/Src/stm32g0xx_hal_spi.c ****     {
 588:Drivers/STM32G0xx_HAL_Driver/Src/stm32g0xx_hal_spi.c ****       case HAL_SPI_TX_COMPLETE_CB_ID :
 589:Drivers/STM32G0xx_HAL_Driver/Src/stm32g0xx_hal_spi.c ****         hspi->TxCpltCallback = pCallback;
 590:Drivers/STM32G0xx_HAL_Driver/Src/stm32g0xx_hal_spi.c ****         break;
 591:Drivers/STM32G0xx_HAL_Driver/Src/stm32g0xx_hal_spi.c **** 
 592:Drivers/STM32G0xx_HAL_Driver/Src/stm32g0xx_hal_spi.c ****       case HAL_SPI_RX_COMPLETE_CB_ID :
 593:Drivers/STM32G0xx_HAL_Driver/Src/stm32g0xx_hal_spi.c ****         hspi->RxCpltCallback = pCallback;
 594:Drivers/STM32G0xx_HAL_Driver/Src/stm32g0xx_hal_spi.c ****         break;
 595:Drivers/STM32G0xx_HAL_Driver/Src/stm32g0xx_hal_spi.c **** 
 596:Drivers/STM32G0xx_HAL_Driver/Src/stm32g0xx_hal_spi.c ****       case HAL_SPI_TX_RX_COMPLETE_CB_ID :
 597:Drivers/STM32G0xx_HAL_Driver/Src/stm32g0xx_hal_spi.c ****         hspi->TxRxCpltCallback = pCallback;
 598:Drivers/STM32G0xx_HAL_Driver/Src/stm32g0xx_hal_spi.c ****         break;
 599:Drivers/STM32G0xx_HAL_Driver/Src/stm32g0xx_hal_spi.c **** 
 600:Drivers/STM32G0xx_HAL_Driver/Src/stm32g0xx_hal_spi.c ****       case HAL_SPI_TX_HALF_COMPLETE_CB_ID :
 601:Drivers/STM32G0xx_HAL_Driver/Src/stm32g0xx_hal_spi.c ****         hspi->TxHalfCpltCallback = pCallback;
 602:Drivers/STM32G0xx_HAL_Driver/Src/stm32g0xx_hal_spi.c ****         break;
ARM GAS  C:\Users\sante\AppData\Local\Temp\cc1VgFnO.s 			page 12


 603:Drivers/STM32G0xx_HAL_Driver/Src/stm32g0xx_hal_spi.c **** 
 604:Drivers/STM32G0xx_HAL_Driver/Src/stm32g0xx_hal_spi.c ****       case HAL_SPI_RX_HALF_COMPLETE_CB_ID :
 605:Drivers/STM32G0xx_HAL_Driver/Src/stm32g0xx_hal_spi.c ****         hspi->RxHalfCpltCallback = pCallback;
 606:Drivers/STM32G0xx_HAL_Driver/Src/stm32g0xx_hal_spi.c ****         break;
 607:Drivers/STM32G0xx_HAL_Driver/Src/stm32g0xx_hal_spi.c **** 
 608:Drivers/STM32G0xx_HAL_Driver/Src/stm32g0xx_hal_spi.c ****       case HAL_SPI_TX_RX_HALF_COMPLETE_CB_ID :
 609:Drivers/STM32G0xx_HAL_Driver/Src/stm32g0xx_hal_spi.c ****         hspi->TxRxHalfCpltCallback = pCallback;
 610:Drivers/STM32G0xx_HAL_Driver/Src/stm32g0xx_hal_spi.c ****         break;
 611:Drivers/STM32G0xx_HAL_Driver/Src/stm32g0xx_hal_spi.c **** 
 612:Drivers/STM32G0xx_HAL_Driver/Src/stm32g0xx_hal_spi.c ****       case HAL_SPI_ERROR_CB_ID :
 613:Drivers/STM32G0xx_HAL_Driver/Src/stm32g0xx_hal_spi.c ****         hspi->ErrorCallback = pCallback;
 614:Drivers/STM32G0xx_HAL_Driver/Src/stm32g0xx_hal_spi.c ****         break;
 615:Drivers/STM32G0xx_HAL_Driver/Src/stm32g0xx_hal_spi.c **** 
 616:Drivers/STM32G0xx_HAL_Driver/Src/stm32g0xx_hal_spi.c ****       case HAL_SPI_ABORT_CB_ID :
 617:Drivers/STM32G0xx_HAL_Driver/Src/stm32g0xx_hal_spi.c ****         hspi->AbortCpltCallback = pCallback;
 618:Drivers/STM32G0xx_HAL_Driver/Src/stm32g0xx_hal_spi.c ****         break;
 619:Drivers/STM32G0xx_HAL_Driver/Src/stm32g0xx_hal_spi.c **** 
 620:Drivers/STM32G0xx_HAL_Driver/Src/stm32g0xx_hal_spi.c ****       case HAL_SPI_MSPINIT_CB_ID :
 621:Drivers/STM32G0xx_HAL_Driver/Src/stm32g0xx_hal_spi.c ****         hspi->MspInitCallback = pCallback;
 622:Drivers/STM32G0xx_HAL_Driver/Src/stm32g0xx_hal_spi.c ****         break;
 623:Drivers/STM32G0xx_HAL_Driver/Src/stm32g0xx_hal_spi.c **** 
 624:Drivers/STM32G0xx_HAL_Driver/Src/stm32g0xx_hal_spi.c ****       case HAL_SPI_MSPDEINIT_CB_ID :
 625:Drivers/STM32G0xx_HAL_Driver/Src/stm32g0xx_hal_spi.c ****         hspi->MspDeInitCallback = pCallback;
 626:Drivers/STM32G0xx_HAL_Driver/Src/stm32g0xx_hal_spi.c ****         break;
 627:Drivers/STM32G0xx_HAL_Driver/Src/stm32g0xx_hal_spi.c **** 
 628:Drivers/STM32G0xx_HAL_Driver/Src/stm32g0xx_hal_spi.c ****       default :
 629:Drivers/STM32G0xx_HAL_Driver/Src/stm32g0xx_hal_spi.c ****         /* Update the error code */
 630:Drivers/STM32G0xx_HAL_Driver/Src/stm32g0xx_hal_spi.c ****         SET_BIT(hspi->ErrorCode, HAL_SPI_ERROR_INVALID_CALLBACK);
 631:Drivers/STM32G0xx_HAL_Driver/Src/stm32g0xx_hal_spi.c **** 
 632:Drivers/STM32G0xx_HAL_Driver/Src/stm32g0xx_hal_spi.c ****         /* Return error status */
 633:Drivers/STM32G0xx_HAL_Driver/Src/stm32g0xx_hal_spi.c ****         status =  HAL_ERROR;
 634:Drivers/STM32G0xx_HAL_Driver/Src/stm32g0xx_hal_spi.c ****         break;
 635:Drivers/STM32G0xx_HAL_Driver/Src/stm32g0xx_hal_spi.c ****     }
 636:Drivers/STM32G0xx_HAL_Driver/Src/stm32g0xx_hal_spi.c ****   }
 637:Drivers/STM32G0xx_HAL_Driver/Src/stm32g0xx_hal_spi.c ****   else if (HAL_SPI_STATE_RESET == hspi->State)
 638:Drivers/STM32G0xx_HAL_Driver/Src/stm32g0xx_hal_spi.c ****   {
 639:Drivers/STM32G0xx_HAL_Driver/Src/stm32g0xx_hal_spi.c ****     switch (CallbackID)
 640:Drivers/STM32G0xx_HAL_Driver/Src/stm32g0xx_hal_spi.c ****     {
 641:Drivers/STM32G0xx_HAL_Driver/Src/stm32g0xx_hal_spi.c ****       case HAL_SPI_MSPINIT_CB_ID :
 642:Drivers/STM32G0xx_HAL_Driver/Src/stm32g0xx_hal_spi.c ****         hspi->MspInitCallback = pCallback;
 643:Drivers/STM32G0xx_HAL_Driver/Src/stm32g0xx_hal_spi.c ****         break;
 644:Drivers/STM32G0xx_HAL_Driver/Src/stm32g0xx_hal_spi.c **** 
 645:Drivers/STM32G0xx_HAL_Driver/Src/stm32g0xx_hal_spi.c ****       case HAL_SPI_MSPDEINIT_CB_ID :
 646:Drivers/STM32G0xx_HAL_Driver/Src/stm32g0xx_hal_spi.c ****         hspi->MspDeInitCallback = pCallback;
 647:Drivers/STM32G0xx_HAL_Driver/Src/stm32g0xx_hal_spi.c ****         break;
 648:Drivers/STM32G0xx_HAL_Driver/Src/stm32g0xx_hal_spi.c **** 
 649:Drivers/STM32G0xx_HAL_Driver/Src/stm32g0xx_hal_spi.c ****       default :
 650:Drivers/STM32G0xx_HAL_Driver/Src/stm32g0xx_hal_spi.c ****         /* Update the error code */
 651:Drivers/STM32G0xx_HAL_Driver/Src/stm32g0xx_hal_spi.c ****         SET_BIT(hspi->ErrorCode, HAL_SPI_ERROR_INVALID_CALLBACK);
 652:Drivers/STM32G0xx_HAL_Driver/Src/stm32g0xx_hal_spi.c **** 
 653:Drivers/STM32G0xx_HAL_Driver/Src/stm32g0xx_hal_spi.c ****         /* Return error status */
 654:Drivers/STM32G0xx_HAL_Driver/Src/stm32g0xx_hal_spi.c ****         status =  HAL_ERROR;
 655:Drivers/STM32G0xx_HAL_Driver/Src/stm32g0xx_hal_spi.c ****         break;
 656:Drivers/STM32G0xx_HAL_Driver/Src/stm32g0xx_hal_spi.c ****     }
 657:Drivers/STM32G0xx_HAL_Driver/Src/stm32g0xx_hal_spi.c ****   }
 658:Drivers/STM32G0xx_HAL_Driver/Src/stm32g0xx_hal_spi.c ****   else
 659:Drivers/STM32G0xx_HAL_Driver/Src/stm32g0xx_hal_spi.c ****   {
ARM GAS  C:\Users\sante\AppData\Local\Temp\cc1VgFnO.s 			page 13


 660:Drivers/STM32G0xx_HAL_Driver/Src/stm32g0xx_hal_spi.c ****     /* Update the error code */
 661:Drivers/STM32G0xx_HAL_Driver/Src/stm32g0xx_hal_spi.c ****     SET_BIT(hspi->ErrorCode, HAL_SPI_ERROR_INVALID_CALLBACK);
 662:Drivers/STM32G0xx_HAL_Driver/Src/stm32g0xx_hal_spi.c **** 
 663:Drivers/STM32G0xx_HAL_Driver/Src/stm32g0xx_hal_spi.c ****     /* Return error status */
 664:Drivers/STM32G0xx_HAL_Driver/Src/stm32g0xx_hal_spi.c ****     status =  HAL_ERROR;
 665:Drivers/STM32G0xx_HAL_Driver/Src/stm32g0xx_hal_spi.c ****   }
 666:Drivers/STM32G0xx_HAL_Driver/Src/stm32g0xx_hal_spi.c **** 
 667:Drivers/STM32G0xx_HAL_Driver/Src/stm32g0xx_hal_spi.c ****   /* Release Lock */
 668:Drivers/STM32G0xx_HAL_Driver/Src/stm32g0xx_hal_spi.c ****   __HAL_UNLOCK(hspi);
 669:Drivers/STM32G0xx_HAL_Driver/Src/stm32g0xx_hal_spi.c ****   return status;
 670:Drivers/STM32G0xx_HAL_Driver/Src/stm32g0xx_hal_spi.c **** }
 671:Drivers/STM32G0xx_HAL_Driver/Src/stm32g0xx_hal_spi.c **** 
 672:Drivers/STM32G0xx_HAL_Driver/Src/stm32g0xx_hal_spi.c **** /**
 673:Drivers/STM32G0xx_HAL_Driver/Src/stm32g0xx_hal_spi.c ****   * @brief  Unregister an SPI Callback
 674:Drivers/STM32G0xx_HAL_Driver/Src/stm32g0xx_hal_spi.c ****   *         SPI callback is redirected to the weak predefined callback
 675:Drivers/STM32G0xx_HAL_Driver/Src/stm32g0xx_hal_spi.c ****   * @param  hspi Pointer to a SPI_HandleTypeDef structure that contains
 676:Drivers/STM32G0xx_HAL_Driver/Src/stm32g0xx_hal_spi.c ****   *                the configuration information for the specified SPI.
 677:Drivers/STM32G0xx_HAL_Driver/Src/stm32g0xx_hal_spi.c ****   * @param  CallbackID ID of the callback to be unregistered
 678:Drivers/STM32G0xx_HAL_Driver/Src/stm32g0xx_hal_spi.c ****   * @retval HAL status
 679:Drivers/STM32G0xx_HAL_Driver/Src/stm32g0xx_hal_spi.c ****   */
 680:Drivers/STM32G0xx_HAL_Driver/Src/stm32g0xx_hal_spi.c **** HAL_StatusTypeDef HAL_SPI_UnRegisterCallback(SPI_HandleTypeDef *hspi, HAL_SPI_CallbackIDTypeDef Cal
 681:Drivers/STM32G0xx_HAL_Driver/Src/stm32g0xx_hal_spi.c **** {
 682:Drivers/STM32G0xx_HAL_Driver/Src/stm32g0xx_hal_spi.c ****   HAL_StatusTypeDef status = HAL_OK;
 683:Drivers/STM32G0xx_HAL_Driver/Src/stm32g0xx_hal_spi.c **** 
 684:Drivers/STM32G0xx_HAL_Driver/Src/stm32g0xx_hal_spi.c ****   /* Process locked */
 685:Drivers/STM32G0xx_HAL_Driver/Src/stm32g0xx_hal_spi.c ****   __HAL_LOCK(hspi);
 686:Drivers/STM32G0xx_HAL_Driver/Src/stm32g0xx_hal_spi.c **** 
 687:Drivers/STM32G0xx_HAL_Driver/Src/stm32g0xx_hal_spi.c ****   if (HAL_SPI_STATE_READY == hspi->State)
 688:Drivers/STM32G0xx_HAL_Driver/Src/stm32g0xx_hal_spi.c ****   {
 689:Drivers/STM32G0xx_HAL_Driver/Src/stm32g0xx_hal_spi.c ****     switch (CallbackID)
 690:Drivers/STM32G0xx_HAL_Driver/Src/stm32g0xx_hal_spi.c ****     {
 691:Drivers/STM32G0xx_HAL_Driver/Src/stm32g0xx_hal_spi.c ****       case HAL_SPI_TX_COMPLETE_CB_ID :
 692:Drivers/STM32G0xx_HAL_Driver/Src/stm32g0xx_hal_spi.c ****         hspi->TxCpltCallback = HAL_SPI_TxCpltCallback;             /* Legacy weak TxCpltCallback   
 693:Drivers/STM32G0xx_HAL_Driver/Src/stm32g0xx_hal_spi.c ****         break;
 694:Drivers/STM32G0xx_HAL_Driver/Src/stm32g0xx_hal_spi.c **** 
 695:Drivers/STM32G0xx_HAL_Driver/Src/stm32g0xx_hal_spi.c ****       case HAL_SPI_RX_COMPLETE_CB_ID :
 696:Drivers/STM32G0xx_HAL_Driver/Src/stm32g0xx_hal_spi.c ****         hspi->RxCpltCallback = HAL_SPI_RxCpltCallback;             /* Legacy weak RxCpltCallback   
 697:Drivers/STM32G0xx_HAL_Driver/Src/stm32g0xx_hal_spi.c ****         break;
 698:Drivers/STM32G0xx_HAL_Driver/Src/stm32g0xx_hal_spi.c **** 
 699:Drivers/STM32G0xx_HAL_Driver/Src/stm32g0xx_hal_spi.c ****       case HAL_SPI_TX_RX_COMPLETE_CB_ID :
 700:Drivers/STM32G0xx_HAL_Driver/Src/stm32g0xx_hal_spi.c ****         hspi->TxRxCpltCallback = HAL_SPI_TxRxCpltCallback;         /* Legacy weak TxRxCpltCallback 
 701:Drivers/STM32G0xx_HAL_Driver/Src/stm32g0xx_hal_spi.c ****         break;
 702:Drivers/STM32G0xx_HAL_Driver/Src/stm32g0xx_hal_spi.c **** 
 703:Drivers/STM32G0xx_HAL_Driver/Src/stm32g0xx_hal_spi.c ****       case HAL_SPI_TX_HALF_COMPLETE_CB_ID :
 704:Drivers/STM32G0xx_HAL_Driver/Src/stm32g0xx_hal_spi.c ****         hspi->TxHalfCpltCallback = HAL_SPI_TxHalfCpltCallback;     /* Legacy weak TxHalfCpltCallbac
 705:Drivers/STM32G0xx_HAL_Driver/Src/stm32g0xx_hal_spi.c ****         break;
 706:Drivers/STM32G0xx_HAL_Driver/Src/stm32g0xx_hal_spi.c **** 
 707:Drivers/STM32G0xx_HAL_Driver/Src/stm32g0xx_hal_spi.c ****       case HAL_SPI_RX_HALF_COMPLETE_CB_ID :
 708:Drivers/STM32G0xx_HAL_Driver/Src/stm32g0xx_hal_spi.c ****         hspi->RxHalfCpltCallback = HAL_SPI_RxHalfCpltCallback;     /* Legacy weak RxHalfCpltCallbac
 709:Drivers/STM32G0xx_HAL_Driver/Src/stm32g0xx_hal_spi.c ****         break;
 710:Drivers/STM32G0xx_HAL_Driver/Src/stm32g0xx_hal_spi.c **** 
 711:Drivers/STM32G0xx_HAL_Driver/Src/stm32g0xx_hal_spi.c ****       case HAL_SPI_TX_RX_HALF_COMPLETE_CB_ID :
 712:Drivers/STM32G0xx_HAL_Driver/Src/stm32g0xx_hal_spi.c ****         hspi->TxRxHalfCpltCallback = HAL_SPI_TxRxHalfCpltCallback; /* Legacy weak TxRxHalfCpltCallb
 713:Drivers/STM32G0xx_HAL_Driver/Src/stm32g0xx_hal_spi.c ****         break;
 714:Drivers/STM32G0xx_HAL_Driver/Src/stm32g0xx_hal_spi.c **** 
 715:Drivers/STM32G0xx_HAL_Driver/Src/stm32g0xx_hal_spi.c ****       case HAL_SPI_ERROR_CB_ID :
 716:Drivers/STM32G0xx_HAL_Driver/Src/stm32g0xx_hal_spi.c ****         hspi->ErrorCallback = HAL_SPI_ErrorCallback;               /* Legacy weak ErrorCallback    
ARM GAS  C:\Users\sante\AppData\Local\Temp\cc1VgFnO.s 			page 14


 717:Drivers/STM32G0xx_HAL_Driver/Src/stm32g0xx_hal_spi.c ****         break;
 718:Drivers/STM32G0xx_HAL_Driver/Src/stm32g0xx_hal_spi.c **** 
 719:Drivers/STM32G0xx_HAL_Driver/Src/stm32g0xx_hal_spi.c ****       case HAL_SPI_ABORT_CB_ID :
 720:Drivers/STM32G0xx_HAL_Driver/Src/stm32g0xx_hal_spi.c ****         hspi->AbortCpltCallback = HAL_SPI_AbortCpltCallback;       /* Legacy weak AbortCpltCallback
 721:Drivers/STM32G0xx_HAL_Driver/Src/stm32g0xx_hal_spi.c ****         break;
 722:Drivers/STM32G0xx_HAL_Driver/Src/stm32g0xx_hal_spi.c **** 
 723:Drivers/STM32G0xx_HAL_Driver/Src/stm32g0xx_hal_spi.c ****       case HAL_SPI_MSPINIT_CB_ID :
 724:Drivers/STM32G0xx_HAL_Driver/Src/stm32g0xx_hal_spi.c ****         hspi->MspInitCallback = HAL_SPI_MspInit;                   /* Legacy weak MspInit          
 725:Drivers/STM32G0xx_HAL_Driver/Src/stm32g0xx_hal_spi.c ****         break;
 726:Drivers/STM32G0xx_HAL_Driver/Src/stm32g0xx_hal_spi.c **** 
 727:Drivers/STM32G0xx_HAL_Driver/Src/stm32g0xx_hal_spi.c ****       case HAL_SPI_MSPDEINIT_CB_ID :
 728:Drivers/STM32G0xx_HAL_Driver/Src/stm32g0xx_hal_spi.c ****         hspi->MspDeInitCallback = HAL_SPI_MspDeInit;               /* Legacy weak MspDeInit        
 729:Drivers/STM32G0xx_HAL_Driver/Src/stm32g0xx_hal_spi.c ****         break;
 730:Drivers/STM32G0xx_HAL_Driver/Src/stm32g0xx_hal_spi.c **** 
 731:Drivers/STM32G0xx_HAL_Driver/Src/stm32g0xx_hal_spi.c ****       default :
 732:Drivers/STM32G0xx_HAL_Driver/Src/stm32g0xx_hal_spi.c ****         /* Update the error code */
 733:Drivers/STM32G0xx_HAL_Driver/Src/stm32g0xx_hal_spi.c ****         SET_BIT(hspi->ErrorCode, HAL_SPI_ERROR_INVALID_CALLBACK);
 734:Drivers/STM32G0xx_HAL_Driver/Src/stm32g0xx_hal_spi.c **** 
 735:Drivers/STM32G0xx_HAL_Driver/Src/stm32g0xx_hal_spi.c ****         /* Return error status */
 736:Drivers/STM32G0xx_HAL_Driver/Src/stm32g0xx_hal_spi.c ****         status =  HAL_ERROR;
 737:Drivers/STM32G0xx_HAL_Driver/Src/stm32g0xx_hal_spi.c ****         break;
 738:Drivers/STM32G0xx_HAL_Driver/Src/stm32g0xx_hal_spi.c ****     }
 739:Drivers/STM32G0xx_HAL_Driver/Src/stm32g0xx_hal_spi.c ****   }
 740:Drivers/STM32G0xx_HAL_Driver/Src/stm32g0xx_hal_spi.c ****   else if (HAL_SPI_STATE_RESET == hspi->State)
 741:Drivers/STM32G0xx_HAL_Driver/Src/stm32g0xx_hal_spi.c ****   {
 742:Drivers/STM32G0xx_HAL_Driver/Src/stm32g0xx_hal_spi.c ****     switch (CallbackID)
 743:Drivers/STM32G0xx_HAL_Driver/Src/stm32g0xx_hal_spi.c ****     {
 744:Drivers/STM32G0xx_HAL_Driver/Src/stm32g0xx_hal_spi.c ****       case HAL_SPI_MSPINIT_CB_ID :
 745:Drivers/STM32G0xx_HAL_Driver/Src/stm32g0xx_hal_spi.c ****         hspi->MspInitCallback = HAL_SPI_MspInit;                   /* Legacy weak MspInit          
 746:Drivers/STM32G0xx_HAL_Driver/Src/stm32g0xx_hal_spi.c ****         break;
 747:Drivers/STM32G0xx_HAL_Driver/Src/stm32g0xx_hal_spi.c **** 
 748:Drivers/STM32G0xx_HAL_Driver/Src/stm32g0xx_hal_spi.c ****       case HAL_SPI_MSPDEINIT_CB_ID :
 749:Drivers/STM32G0xx_HAL_Driver/Src/stm32g0xx_hal_spi.c ****         hspi->MspDeInitCallback = HAL_SPI_MspDeInit;               /* Legacy weak MspDeInit        
 750:Drivers/STM32G0xx_HAL_Driver/Src/stm32g0xx_hal_spi.c ****         break;
 751:Drivers/STM32G0xx_HAL_Driver/Src/stm32g0xx_hal_spi.c **** 
 752:Drivers/STM32G0xx_HAL_Driver/Src/stm32g0xx_hal_spi.c ****       default :
 753:Drivers/STM32G0xx_HAL_Driver/Src/stm32g0xx_hal_spi.c ****         /* Update the error code */
 754:Drivers/STM32G0xx_HAL_Driver/Src/stm32g0xx_hal_spi.c ****         SET_BIT(hspi->ErrorCode, HAL_SPI_ERROR_INVALID_CALLBACK);
 755:Drivers/STM32G0xx_HAL_Driver/Src/stm32g0xx_hal_spi.c **** 
 756:Drivers/STM32G0xx_HAL_Driver/Src/stm32g0xx_hal_spi.c ****         /* Return error status */
 757:Drivers/STM32G0xx_HAL_Driver/Src/stm32g0xx_hal_spi.c ****         status =  HAL_ERROR;
 758:Drivers/STM32G0xx_HAL_Driver/Src/stm32g0xx_hal_spi.c ****         break;
 759:Drivers/STM32G0xx_HAL_Driver/Src/stm32g0xx_hal_spi.c ****     }
 760:Drivers/STM32G0xx_HAL_Driver/Src/stm32g0xx_hal_spi.c ****   }
 761:Drivers/STM32G0xx_HAL_Driver/Src/stm32g0xx_hal_spi.c ****   else
 762:Drivers/STM32G0xx_HAL_Driver/Src/stm32g0xx_hal_spi.c ****   {
 763:Drivers/STM32G0xx_HAL_Driver/Src/stm32g0xx_hal_spi.c ****     /* Update the error code */
 764:Drivers/STM32G0xx_HAL_Driver/Src/stm32g0xx_hal_spi.c ****     SET_BIT(hspi->ErrorCode, HAL_SPI_ERROR_INVALID_CALLBACK);
 765:Drivers/STM32G0xx_HAL_Driver/Src/stm32g0xx_hal_spi.c **** 
 766:Drivers/STM32G0xx_HAL_Driver/Src/stm32g0xx_hal_spi.c ****     /* Return error status */
 767:Drivers/STM32G0xx_HAL_Driver/Src/stm32g0xx_hal_spi.c ****     status =  HAL_ERROR;
 768:Drivers/STM32G0xx_HAL_Driver/Src/stm32g0xx_hal_spi.c ****   }
 769:Drivers/STM32G0xx_HAL_Driver/Src/stm32g0xx_hal_spi.c **** 
 770:Drivers/STM32G0xx_HAL_Driver/Src/stm32g0xx_hal_spi.c ****   /* Release Lock */
 771:Drivers/STM32G0xx_HAL_Driver/Src/stm32g0xx_hal_spi.c ****   __HAL_UNLOCK(hspi);
 772:Drivers/STM32G0xx_HAL_Driver/Src/stm32g0xx_hal_spi.c ****   return status;
 773:Drivers/STM32G0xx_HAL_Driver/Src/stm32g0xx_hal_spi.c **** }
ARM GAS  C:\Users\sante\AppData\Local\Temp\cc1VgFnO.s 			page 15


 774:Drivers/STM32G0xx_HAL_Driver/Src/stm32g0xx_hal_spi.c **** #endif /* USE_HAL_SPI_REGISTER_CALLBACKS */
 775:Drivers/STM32G0xx_HAL_Driver/Src/stm32g0xx_hal_spi.c **** /**
 776:Drivers/STM32G0xx_HAL_Driver/Src/stm32g0xx_hal_spi.c ****   * @}
 777:Drivers/STM32G0xx_HAL_Driver/Src/stm32g0xx_hal_spi.c ****   */
 778:Drivers/STM32G0xx_HAL_Driver/Src/stm32g0xx_hal_spi.c **** 
 779:Drivers/STM32G0xx_HAL_Driver/Src/stm32g0xx_hal_spi.c **** /** @defgroup SPI_Exported_Functions_Group2 IO operation functions
 780:Drivers/STM32G0xx_HAL_Driver/Src/stm32g0xx_hal_spi.c ****   *  @brief   Data transfers functions
 781:Drivers/STM32G0xx_HAL_Driver/Src/stm32g0xx_hal_spi.c ****   *
 782:Drivers/STM32G0xx_HAL_Driver/Src/stm32g0xx_hal_spi.c **** @verbatim
 783:Drivers/STM32G0xx_HAL_Driver/Src/stm32g0xx_hal_spi.c ****   ==============================================================================
 784:Drivers/STM32G0xx_HAL_Driver/Src/stm32g0xx_hal_spi.c ****                       ##### IO operation functions #####
 785:Drivers/STM32G0xx_HAL_Driver/Src/stm32g0xx_hal_spi.c ****  ===============================================================================
 786:Drivers/STM32G0xx_HAL_Driver/Src/stm32g0xx_hal_spi.c ****  [..]
 787:Drivers/STM32G0xx_HAL_Driver/Src/stm32g0xx_hal_spi.c ****     This subsection provides a set of functions allowing to manage the SPI
 788:Drivers/STM32G0xx_HAL_Driver/Src/stm32g0xx_hal_spi.c ****     data transfers.
 789:Drivers/STM32G0xx_HAL_Driver/Src/stm32g0xx_hal_spi.c **** 
 790:Drivers/STM32G0xx_HAL_Driver/Src/stm32g0xx_hal_spi.c ****     [..] The SPI supports master and slave mode :
 791:Drivers/STM32G0xx_HAL_Driver/Src/stm32g0xx_hal_spi.c **** 
 792:Drivers/STM32G0xx_HAL_Driver/Src/stm32g0xx_hal_spi.c ****     (#) There are two modes of transfer:
 793:Drivers/STM32G0xx_HAL_Driver/Src/stm32g0xx_hal_spi.c ****        (++) Blocking mode: The communication is performed in polling mode.
 794:Drivers/STM32G0xx_HAL_Driver/Src/stm32g0xx_hal_spi.c ****             The HAL status of all data processing is returned by the same function
 795:Drivers/STM32G0xx_HAL_Driver/Src/stm32g0xx_hal_spi.c ****             after finishing transfer.
 796:Drivers/STM32G0xx_HAL_Driver/Src/stm32g0xx_hal_spi.c ****        (++) No-Blocking mode: The communication is performed using Interrupts
 797:Drivers/STM32G0xx_HAL_Driver/Src/stm32g0xx_hal_spi.c ****             or DMA, These APIs return the HAL status.
 798:Drivers/STM32G0xx_HAL_Driver/Src/stm32g0xx_hal_spi.c ****             The end of the data processing will be indicated through the
 799:Drivers/STM32G0xx_HAL_Driver/Src/stm32g0xx_hal_spi.c ****             dedicated SPI IRQ when using Interrupt mode or the DMA IRQ when
 800:Drivers/STM32G0xx_HAL_Driver/Src/stm32g0xx_hal_spi.c ****             using DMA mode.
 801:Drivers/STM32G0xx_HAL_Driver/Src/stm32g0xx_hal_spi.c ****             The HAL_SPI_TxCpltCallback(), HAL_SPI_RxCpltCallback() and HAL_SPI_TxRxCpltCallback() u
 802:Drivers/STM32G0xx_HAL_Driver/Src/stm32g0xx_hal_spi.c ****             will be executed respectively at the end of the transmit or Receive process
 803:Drivers/STM32G0xx_HAL_Driver/Src/stm32g0xx_hal_spi.c ****             The HAL_SPI_ErrorCallback()user callback will be executed when a communication error is
 804:Drivers/STM32G0xx_HAL_Driver/Src/stm32g0xx_hal_spi.c **** 
 805:Drivers/STM32G0xx_HAL_Driver/Src/stm32g0xx_hal_spi.c ****     (#) APIs provided for these 2 transfer modes (Blocking mode or Non blocking mode using either I
 806:Drivers/STM32G0xx_HAL_Driver/Src/stm32g0xx_hal_spi.c ****         exist for 1Line (simplex) and 2Lines (full duplex) modes.
 807:Drivers/STM32G0xx_HAL_Driver/Src/stm32g0xx_hal_spi.c **** 
 808:Drivers/STM32G0xx_HAL_Driver/Src/stm32g0xx_hal_spi.c **** @endverbatim
 809:Drivers/STM32G0xx_HAL_Driver/Src/stm32g0xx_hal_spi.c ****   * @{
 810:Drivers/STM32G0xx_HAL_Driver/Src/stm32g0xx_hal_spi.c ****   */
 811:Drivers/STM32G0xx_HAL_Driver/Src/stm32g0xx_hal_spi.c **** 
 812:Drivers/STM32G0xx_HAL_Driver/Src/stm32g0xx_hal_spi.c **** /**
 813:Drivers/STM32G0xx_HAL_Driver/Src/stm32g0xx_hal_spi.c ****   * @brief  Transmit an amount of data in blocking mode.
 814:Drivers/STM32G0xx_HAL_Driver/Src/stm32g0xx_hal_spi.c ****   * @param  hspi pointer to a SPI_HandleTypeDef structure that contains
 815:Drivers/STM32G0xx_HAL_Driver/Src/stm32g0xx_hal_spi.c ****   *               the configuration information for SPI module.
 816:Drivers/STM32G0xx_HAL_Driver/Src/stm32g0xx_hal_spi.c ****   * @param  pData pointer to data buffer
 817:Drivers/STM32G0xx_HAL_Driver/Src/stm32g0xx_hal_spi.c ****   * @param  Size amount of data to be sent
 818:Drivers/STM32G0xx_HAL_Driver/Src/stm32g0xx_hal_spi.c ****   * @param  Timeout Timeout duration
 819:Drivers/STM32G0xx_HAL_Driver/Src/stm32g0xx_hal_spi.c ****   * @retval HAL status
 820:Drivers/STM32G0xx_HAL_Driver/Src/stm32g0xx_hal_spi.c ****   */
 821:Drivers/STM32G0xx_HAL_Driver/Src/stm32g0xx_hal_spi.c **** HAL_StatusTypeDef HAL_SPI_Transmit(SPI_HandleTypeDef *hspi, uint8_t *pData, uint16_t Size, uint32_t
 822:Drivers/STM32G0xx_HAL_Driver/Src/stm32g0xx_hal_spi.c **** {
 823:Drivers/STM32G0xx_HAL_Driver/Src/stm32g0xx_hal_spi.c ****   uint32_t tickstart;
 824:Drivers/STM32G0xx_HAL_Driver/Src/stm32g0xx_hal_spi.c ****   HAL_StatusTypeDef errorcode = HAL_OK;
 825:Drivers/STM32G0xx_HAL_Driver/Src/stm32g0xx_hal_spi.c ****   uint16_t initial_TxXferCount;
 826:Drivers/STM32G0xx_HAL_Driver/Src/stm32g0xx_hal_spi.c **** 
 827:Drivers/STM32G0xx_HAL_Driver/Src/stm32g0xx_hal_spi.c ****   /* Check Direction parameter */
 828:Drivers/STM32G0xx_HAL_Driver/Src/stm32g0xx_hal_spi.c ****   assert_param(IS_SPI_DIRECTION_2LINES_OR_1LINE(hspi->Init.Direction));
 829:Drivers/STM32G0xx_HAL_Driver/Src/stm32g0xx_hal_spi.c **** 
 830:Drivers/STM32G0xx_HAL_Driver/Src/stm32g0xx_hal_spi.c ****   /* Process Locked */
ARM GAS  C:\Users\sante\AppData\Local\Temp\cc1VgFnO.s 			page 16


 831:Drivers/STM32G0xx_HAL_Driver/Src/stm32g0xx_hal_spi.c ****   __HAL_LOCK(hspi);
 832:Drivers/STM32G0xx_HAL_Driver/Src/stm32g0xx_hal_spi.c **** 
 833:Drivers/STM32G0xx_HAL_Driver/Src/stm32g0xx_hal_spi.c ****   /* Init tickstart for timeout management*/
 834:Drivers/STM32G0xx_HAL_Driver/Src/stm32g0xx_hal_spi.c ****   tickstart = HAL_GetTick();
 835:Drivers/STM32G0xx_HAL_Driver/Src/stm32g0xx_hal_spi.c ****   initial_TxXferCount = Size;
 836:Drivers/STM32G0xx_HAL_Driver/Src/stm32g0xx_hal_spi.c **** 
 837:Drivers/STM32G0xx_HAL_Driver/Src/stm32g0xx_hal_spi.c ****   if (hspi->State != HAL_SPI_STATE_READY)
 838:Drivers/STM32G0xx_HAL_Driver/Src/stm32g0xx_hal_spi.c ****   {
 839:Drivers/STM32G0xx_HAL_Driver/Src/stm32g0xx_hal_spi.c ****     errorcode = HAL_BUSY;
 840:Drivers/STM32G0xx_HAL_Driver/Src/stm32g0xx_hal_spi.c ****     goto error;
 841:Drivers/STM32G0xx_HAL_Driver/Src/stm32g0xx_hal_spi.c ****   }
 842:Drivers/STM32G0xx_HAL_Driver/Src/stm32g0xx_hal_spi.c **** 
 843:Drivers/STM32G0xx_HAL_Driver/Src/stm32g0xx_hal_spi.c ****   if ((pData == NULL) || (Size == 0U))
 844:Drivers/STM32G0xx_HAL_Driver/Src/stm32g0xx_hal_spi.c ****   {
 845:Drivers/STM32G0xx_HAL_Driver/Src/stm32g0xx_hal_spi.c ****     errorcode = HAL_ERROR;
 846:Drivers/STM32G0xx_HAL_Driver/Src/stm32g0xx_hal_spi.c ****     goto error;
 847:Drivers/STM32G0xx_HAL_Driver/Src/stm32g0xx_hal_spi.c ****   }
 848:Drivers/STM32G0xx_HAL_Driver/Src/stm32g0xx_hal_spi.c **** 
 849:Drivers/STM32G0xx_HAL_Driver/Src/stm32g0xx_hal_spi.c ****   /* Set the transaction information */
 850:Drivers/STM32G0xx_HAL_Driver/Src/stm32g0xx_hal_spi.c ****   hspi->State       = HAL_SPI_STATE_BUSY_TX;
 851:Drivers/STM32G0xx_HAL_Driver/Src/stm32g0xx_hal_spi.c ****   hspi->ErrorCode   = HAL_SPI_ERROR_NONE;
 852:Drivers/STM32G0xx_HAL_Driver/Src/stm32g0xx_hal_spi.c ****   hspi->pTxBuffPtr  = (uint8_t *)pData;
 853:Drivers/STM32G0xx_HAL_Driver/Src/stm32g0xx_hal_spi.c ****   hspi->TxXferSize  = Size;
 854:Drivers/STM32G0xx_HAL_Driver/Src/stm32g0xx_hal_spi.c ****   hspi->TxXferCount = Size;
 855:Drivers/STM32G0xx_HAL_Driver/Src/stm32g0xx_hal_spi.c **** 
 856:Drivers/STM32G0xx_HAL_Driver/Src/stm32g0xx_hal_spi.c ****   /*Init field not used in handle to zero */
 857:Drivers/STM32G0xx_HAL_Driver/Src/stm32g0xx_hal_spi.c ****   hspi->pRxBuffPtr  = (uint8_t *)NULL;
 858:Drivers/STM32G0xx_HAL_Driver/Src/stm32g0xx_hal_spi.c ****   hspi->RxXferSize  = 0U;
 859:Drivers/STM32G0xx_HAL_Driver/Src/stm32g0xx_hal_spi.c ****   hspi->RxXferCount = 0U;
 860:Drivers/STM32G0xx_HAL_Driver/Src/stm32g0xx_hal_spi.c ****   hspi->TxISR       = NULL;
 861:Drivers/STM32G0xx_HAL_Driver/Src/stm32g0xx_hal_spi.c ****   hspi->RxISR       = NULL;
 862:Drivers/STM32G0xx_HAL_Driver/Src/stm32g0xx_hal_spi.c **** 
 863:Drivers/STM32G0xx_HAL_Driver/Src/stm32g0xx_hal_spi.c ****   /* Configure communication direction : 1Line */
 864:Drivers/STM32G0xx_HAL_Driver/Src/stm32g0xx_hal_spi.c ****   if (hspi->Init.Direction == SPI_DIRECTION_1LINE)
 865:Drivers/STM32G0xx_HAL_Driver/Src/stm32g0xx_hal_spi.c ****   {
 866:Drivers/STM32G0xx_HAL_Driver/Src/stm32g0xx_hal_spi.c ****     /* Disable SPI Peripheral before set 1Line direction (BIDIOE bit) */
 867:Drivers/STM32G0xx_HAL_Driver/Src/stm32g0xx_hal_spi.c ****     __HAL_SPI_DISABLE(hspi);
 868:Drivers/STM32G0xx_HAL_Driver/Src/stm32g0xx_hal_spi.c ****     SPI_1LINE_TX(hspi);
 869:Drivers/STM32G0xx_HAL_Driver/Src/stm32g0xx_hal_spi.c ****   }
 870:Drivers/STM32G0xx_HAL_Driver/Src/stm32g0xx_hal_spi.c **** 
 871:Drivers/STM32G0xx_HAL_Driver/Src/stm32g0xx_hal_spi.c **** #if (USE_SPI_CRC != 0U)
 872:Drivers/STM32G0xx_HAL_Driver/Src/stm32g0xx_hal_spi.c ****   /* Reset CRC Calculation */
 873:Drivers/STM32G0xx_HAL_Driver/Src/stm32g0xx_hal_spi.c ****   if (hspi->Init.CRCCalculation == SPI_CRCCALCULATION_ENABLE)
 874:Drivers/STM32G0xx_HAL_Driver/Src/stm32g0xx_hal_spi.c ****   {
 875:Drivers/STM32G0xx_HAL_Driver/Src/stm32g0xx_hal_spi.c ****     SPI_RESET_CRC(hspi);
 876:Drivers/STM32G0xx_HAL_Driver/Src/stm32g0xx_hal_spi.c ****   }
 877:Drivers/STM32G0xx_HAL_Driver/Src/stm32g0xx_hal_spi.c **** #endif /* USE_SPI_CRC */
 878:Drivers/STM32G0xx_HAL_Driver/Src/stm32g0xx_hal_spi.c **** 
 879:Drivers/STM32G0xx_HAL_Driver/Src/stm32g0xx_hal_spi.c ****   /* Check if the SPI is already enabled */
 880:Drivers/STM32G0xx_HAL_Driver/Src/stm32g0xx_hal_spi.c ****   if ((hspi->Instance->CR1 & SPI_CR1_SPE) != SPI_CR1_SPE)
 881:Drivers/STM32G0xx_HAL_Driver/Src/stm32g0xx_hal_spi.c ****   {
 882:Drivers/STM32G0xx_HAL_Driver/Src/stm32g0xx_hal_spi.c ****     /* Enable SPI peripheral */
 883:Drivers/STM32G0xx_HAL_Driver/Src/stm32g0xx_hal_spi.c ****     __HAL_SPI_ENABLE(hspi);
 884:Drivers/STM32G0xx_HAL_Driver/Src/stm32g0xx_hal_spi.c ****   }
 885:Drivers/STM32G0xx_HAL_Driver/Src/stm32g0xx_hal_spi.c **** 
 886:Drivers/STM32G0xx_HAL_Driver/Src/stm32g0xx_hal_spi.c ****   /* Transmit data in 16 Bit mode */
 887:Drivers/STM32G0xx_HAL_Driver/Src/stm32g0xx_hal_spi.c ****   if (hspi->Init.DataSize > SPI_DATASIZE_8BIT)
ARM GAS  C:\Users\sante\AppData\Local\Temp\cc1VgFnO.s 			page 17


 888:Drivers/STM32G0xx_HAL_Driver/Src/stm32g0xx_hal_spi.c ****   {
 889:Drivers/STM32G0xx_HAL_Driver/Src/stm32g0xx_hal_spi.c ****     if ((hspi->Init.Mode == SPI_MODE_SLAVE) || (initial_TxXferCount == 0x01U))
 890:Drivers/STM32G0xx_HAL_Driver/Src/stm32g0xx_hal_spi.c ****     {
 891:Drivers/STM32G0xx_HAL_Driver/Src/stm32g0xx_hal_spi.c ****       hspi->Instance->DR = *((uint16_t *)hspi->pTxBuffPtr);
 892:Drivers/STM32G0xx_HAL_Driver/Src/stm32g0xx_hal_spi.c ****       hspi->pTxBuffPtr += sizeof(uint16_t);
 893:Drivers/STM32G0xx_HAL_Driver/Src/stm32g0xx_hal_spi.c ****       hspi->TxXferCount--;
 894:Drivers/STM32G0xx_HAL_Driver/Src/stm32g0xx_hal_spi.c ****     }
 895:Drivers/STM32G0xx_HAL_Driver/Src/stm32g0xx_hal_spi.c ****     /* Transmit data in 16 Bit mode */
 896:Drivers/STM32G0xx_HAL_Driver/Src/stm32g0xx_hal_spi.c ****     while (hspi->TxXferCount > 0U)
 897:Drivers/STM32G0xx_HAL_Driver/Src/stm32g0xx_hal_spi.c ****     {
 898:Drivers/STM32G0xx_HAL_Driver/Src/stm32g0xx_hal_spi.c ****       /* Wait until TXE flag is set to send data */
 899:Drivers/STM32G0xx_HAL_Driver/Src/stm32g0xx_hal_spi.c ****       if (__HAL_SPI_GET_FLAG(hspi, SPI_FLAG_TXE))
 900:Drivers/STM32G0xx_HAL_Driver/Src/stm32g0xx_hal_spi.c ****       {
 901:Drivers/STM32G0xx_HAL_Driver/Src/stm32g0xx_hal_spi.c ****         hspi->Instance->DR = *((uint16_t *)hspi->pTxBuffPtr);
 902:Drivers/STM32G0xx_HAL_Driver/Src/stm32g0xx_hal_spi.c ****         hspi->pTxBuffPtr += sizeof(uint16_t);
 903:Drivers/STM32G0xx_HAL_Driver/Src/stm32g0xx_hal_spi.c ****         hspi->TxXferCount--;
 904:Drivers/STM32G0xx_HAL_Driver/Src/stm32g0xx_hal_spi.c ****       }
 905:Drivers/STM32G0xx_HAL_Driver/Src/stm32g0xx_hal_spi.c ****       else
 906:Drivers/STM32G0xx_HAL_Driver/Src/stm32g0xx_hal_spi.c ****       {
 907:Drivers/STM32G0xx_HAL_Driver/Src/stm32g0xx_hal_spi.c ****         /* Timeout management */
 908:Drivers/STM32G0xx_HAL_Driver/Src/stm32g0xx_hal_spi.c ****         if ((((HAL_GetTick() - tickstart) >=  Timeout) && (Timeout != HAL_MAX_DELAY)) || (Timeout =
 909:Drivers/STM32G0xx_HAL_Driver/Src/stm32g0xx_hal_spi.c ****         {
 910:Drivers/STM32G0xx_HAL_Driver/Src/stm32g0xx_hal_spi.c ****           errorcode = HAL_TIMEOUT;
 911:Drivers/STM32G0xx_HAL_Driver/Src/stm32g0xx_hal_spi.c ****           hspi->State = HAL_SPI_STATE_READY;
 912:Drivers/STM32G0xx_HAL_Driver/Src/stm32g0xx_hal_spi.c ****           goto error;
 913:Drivers/STM32G0xx_HAL_Driver/Src/stm32g0xx_hal_spi.c ****         }
 914:Drivers/STM32G0xx_HAL_Driver/Src/stm32g0xx_hal_spi.c ****       }
 915:Drivers/STM32G0xx_HAL_Driver/Src/stm32g0xx_hal_spi.c ****     }
 916:Drivers/STM32G0xx_HAL_Driver/Src/stm32g0xx_hal_spi.c ****   }
 917:Drivers/STM32G0xx_HAL_Driver/Src/stm32g0xx_hal_spi.c ****   /* Transmit data in 8 Bit mode */
 918:Drivers/STM32G0xx_HAL_Driver/Src/stm32g0xx_hal_spi.c ****   else
 919:Drivers/STM32G0xx_HAL_Driver/Src/stm32g0xx_hal_spi.c ****   {
 920:Drivers/STM32G0xx_HAL_Driver/Src/stm32g0xx_hal_spi.c ****     if ((hspi->Init.Mode == SPI_MODE_SLAVE) || (initial_TxXferCount == 0x01U))
 921:Drivers/STM32G0xx_HAL_Driver/Src/stm32g0xx_hal_spi.c ****     {
 922:Drivers/STM32G0xx_HAL_Driver/Src/stm32g0xx_hal_spi.c ****       *((__IO uint8_t *)&hspi->Instance->DR) = (*hspi->pTxBuffPtr);
 923:Drivers/STM32G0xx_HAL_Driver/Src/stm32g0xx_hal_spi.c ****       hspi->pTxBuffPtr += sizeof(uint8_t);
 924:Drivers/STM32G0xx_HAL_Driver/Src/stm32g0xx_hal_spi.c ****       hspi->TxXferCount--;
 925:Drivers/STM32G0xx_HAL_Driver/Src/stm32g0xx_hal_spi.c ****     }
 926:Drivers/STM32G0xx_HAL_Driver/Src/stm32g0xx_hal_spi.c ****     while (hspi->TxXferCount > 0U)
 927:Drivers/STM32G0xx_HAL_Driver/Src/stm32g0xx_hal_spi.c ****     {
 928:Drivers/STM32G0xx_HAL_Driver/Src/stm32g0xx_hal_spi.c ****       /* Wait until TXE flag is set to send data */
 929:Drivers/STM32G0xx_HAL_Driver/Src/stm32g0xx_hal_spi.c ****       if (__HAL_SPI_GET_FLAG(hspi, SPI_FLAG_TXE))
 930:Drivers/STM32G0xx_HAL_Driver/Src/stm32g0xx_hal_spi.c ****       {
 931:Drivers/STM32G0xx_HAL_Driver/Src/stm32g0xx_hal_spi.c ****         *((__IO uint8_t *)&hspi->Instance->DR) = (*hspi->pTxBuffPtr);
 932:Drivers/STM32G0xx_HAL_Driver/Src/stm32g0xx_hal_spi.c ****         hspi->pTxBuffPtr += sizeof(uint8_t);
 933:Drivers/STM32G0xx_HAL_Driver/Src/stm32g0xx_hal_spi.c ****         hspi->TxXferCount--;
 934:Drivers/STM32G0xx_HAL_Driver/Src/stm32g0xx_hal_spi.c ****       }
 935:Drivers/STM32G0xx_HAL_Driver/Src/stm32g0xx_hal_spi.c ****       else
 936:Drivers/STM32G0xx_HAL_Driver/Src/stm32g0xx_hal_spi.c ****       {
 937:Drivers/STM32G0xx_HAL_Driver/Src/stm32g0xx_hal_spi.c ****         /* Timeout management */
 938:Drivers/STM32G0xx_HAL_Driver/Src/stm32g0xx_hal_spi.c ****         if ((((HAL_GetTick() - tickstart) >=  Timeout) && (Timeout != HAL_MAX_DELAY)) || (Timeout =
 939:Drivers/STM32G0xx_HAL_Driver/Src/stm32g0xx_hal_spi.c ****         {
 940:Drivers/STM32G0xx_HAL_Driver/Src/stm32g0xx_hal_spi.c ****           errorcode = HAL_TIMEOUT;
 941:Drivers/STM32G0xx_HAL_Driver/Src/stm32g0xx_hal_spi.c ****           hspi->State = HAL_SPI_STATE_READY;
 942:Drivers/STM32G0xx_HAL_Driver/Src/stm32g0xx_hal_spi.c ****           goto error;
 943:Drivers/STM32G0xx_HAL_Driver/Src/stm32g0xx_hal_spi.c ****         }
 944:Drivers/STM32G0xx_HAL_Driver/Src/stm32g0xx_hal_spi.c ****       }
ARM GAS  C:\Users\sante\AppData\Local\Temp\cc1VgFnO.s 			page 18


 945:Drivers/STM32G0xx_HAL_Driver/Src/stm32g0xx_hal_spi.c ****     }
 946:Drivers/STM32G0xx_HAL_Driver/Src/stm32g0xx_hal_spi.c ****   }
 947:Drivers/STM32G0xx_HAL_Driver/Src/stm32g0xx_hal_spi.c **** #if (USE_SPI_CRC != 0U)
 948:Drivers/STM32G0xx_HAL_Driver/Src/stm32g0xx_hal_spi.c ****   /* Enable CRC Transmission */
 949:Drivers/STM32G0xx_HAL_Driver/Src/stm32g0xx_hal_spi.c ****   if (hspi->Init.CRCCalculation == SPI_CRCCALCULATION_ENABLE)
 950:Drivers/STM32G0xx_HAL_Driver/Src/stm32g0xx_hal_spi.c ****   {
 951:Drivers/STM32G0xx_HAL_Driver/Src/stm32g0xx_hal_spi.c ****     SET_BIT(hspi->Instance->CR1, SPI_CR1_CRCNEXT);
 952:Drivers/STM32G0xx_HAL_Driver/Src/stm32g0xx_hal_spi.c ****   }
 953:Drivers/STM32G0xx_HAL_Driver/Src/stm32g0xx_hal_spi.c **** #endif /* USE_SPI_CRC */
 954:Drivers/STM32G0xx_HAL_Driver/Src/stm32g0xx_hal_spi.c **** 
 955:Drivers/STM32G0xx_HAL_Driver/Src/stm32g0xx_hal_spi.c ****   /* Check the end of the transaction */
 956:Drivers/STM32G0xx_HAL_Driver/Src/stm32g0xx_hal_spi.c ****   if (SPI_EndRxTxTransaction(hspi, Timeout, tickstart) != HAL_OK)
 957:Drivers/STM32G0xx_HAL_Driver/Src/stm32g0xx_hal_spi.c ****   {
 958:Drivers/STM32G0xx_HAL_Driver/Src/stm32g0xx_hal_spi.c ****     hspi->ErrorCode = HAL_SPI_ERROR_FLAG;
 959:Drivers/STM32G0xx_HAL_Driver/Src/stm32g0xx_hal_spi.c ****   }
 960:Drivers/STM32G0xx_HAL_Driver/Src/stm32g0xx_hal_spi.c **** 
 961:Drivers/STM32G0xx_HAL_Driver/Src/stm32g0xx_hal_spi.c ****   /* Clear overrun flag in 2 Lines communication mode because received is not read */
 962:Drivers/STM32G0xx_HAL_Driver/Src/stm32g0xx_hal_spi.c ****   if (hspi->Init.Direction == SPI_DIRECTION_2LINES)
 963:Drivers/STM32G0xx_HAL_Driver/Src/stm32g0xx_hal_spi.c ****   {
 964:Drivers/STM32G0xx_HAL_Driver/Src/stm32g0xx_hal_spi.c ****     __HAL_SPI_CLEAR_OVRFLAG(hspi);
 965:Drivers/STM32G0xx_HAL_Driver/Src/stm32g0xx_hal_spi.c ****   }
 966:Drivers/STM32G0xx_HAL_Driver/Src/stm32g0xx_hal_spi.c **** 
 967:Drivers/STM32G0xx_HAL_Driver/Src/stm32g0xx_hal_spi.c ****   if (hspi->ErrorCode != HAL_SPI_ERROR_NONE)
 968:Drivers/STM32G0xx_HAL_Driver/Src/stm32g0xx_hal_spi.c ****   {
 969:Drivers/STM32G0xx_HAL_Driver/Src/stm32g0xx_hal_spi.c ****     errorcode = HAL_ERROR;
 970:Drivers/STM32G0xx_HAL_Driver/Src/stm32g0xx_hal_spi.c ****   }
 971:Drivers/STM32G0xx_HAL_Driver/Src/stm32g0xx_hal_spi.c ****   else
 972:Drivers/STM32G0xx_HAL_Driver/Src/stm32g0xx_hal_spi.c ****   {
 973:Drivers/STM32G0xx_HAL_Driver/Src/stm32g0xx_hal_spi.c ****     hspi->State = HAL_SPI_STATE_READY;
 974:Drivers/STM32G0xx_HAL_Driver/Src/stm32g0xx_hal_spi.c ****   }
 975:Drivers/STM32G0xx_HAL_Driver/Src/stm32g0xx_hal_spi.c **** 
 976:Drivers/STM32G0xx_HAL_Driver/Src/stm32g0xx_hal_spi.c **** error:
 977:Drivers/STM32G0xx_HAL_Driver/Src/stm32g0xx_hal_spi.c ****   /* Process Unlocked */
 978:Drivers/STM32G0xx_HAL_Driver/Src/stm32g0xx_hal_spi.c ****   __HAL_UNLOCK(hspi);
 979:Drivers/STM32G0xx_HAL_Driver/Src/stm32g0xx_hal_spi.c ****   return errorcode;
 980:Drivers/STM32G0xx_HAL_Driver/Src/stm32g0xx_hal_spi.c **** }
 981:Drivers/STM32G0xx_HAL_Driver/Src/stm32g0xx_hal_spi.c **** 
 982:Drivers/STM32G0xx_HAL_Driver/Src/stm32g0xx_hal_spi.c **** /**
 983:Drivers/STM32G0xx_HAL_Driver/Src/stm32g0xx_hal_spi.c ****   * @brief  Receive an amount of data in blocking mode.
 984:Drivers/STM32G0xx_HAL_Driver/Src/stm32g0xx_hal_spi.c ****   * @param  hspi pointer to a SPI_HandleTypeDef structure that contains
 985:Drivers/STM32G0xx_HAL_Driver/Src/stm32g0xx_hal_spi.c ****   *               the configuration information for SPI module.
 986:Drivers/STM32G0xx_HAL_Driver/Src/stm32g0xx_hal_spi.c ****   * @param  pData pointer to data buffer
 987:Drivers/STM32G0xx_HAL_Driver/Src/stm32g0xx_hal_spi.c ****   * @param  Size amount of data to be received
 988:Drivers/STM32G0xx_HAL_Driver/Src/stm32g0xx_hal_spi.c ****   * @param  Timeout Timeout duration
 989:Drivers/STM32G0xx_HAL_Driver/Src/stm32g0xx_hal_spi.c ****   * @retval HAL status
 990:Drivers/STM32G0xx_HAL_Driver/Src/stm32g0xx_hal_spi.c ****   */
 991:Drivers/STM32G0xx_HAL_Driver/Src/stm32g0xx_hal_spi.c **** HAL_StatusTypeDef HAL_SPI_Receive(SPI_HandleTypeDef *hspi, uint8_t *pData, uint16_t Size, uint32_t 
 992:Drivers/STM32G0xx_HAL_Driver/Src/stm32g0xx_hal_spi.c **** {
 993:Drivers/STM32G0xx_HAL_Driver/Src/stm32g0xx_hal_spi.c **** #if (USE_SPI_CRC != 0U)
 994:Drivers/STM32G0xx_HAL_Driver/Src/stm32g0xx_hal_spi.c ****   __IO uint32_t tmpreg = 0U;
 995:Drivers/STM32G0xx_HAL_Driver/Src/stm32g0xx_hal_spi.c ****   __IO uint8_t  *ptmpreg8;
 996:Drivers/STM32G0xx_HAL_Driver/Src/stm32g0xx_hal_spi.c ****   __IO uint8_t  tmpreg8 = 0;
 997:Drivers/STM32G0xx_HAL_Driver/Src/stm32g0xx_hal_spi.c **** #endif /* USE_SPI_CRC */
 998:Drivers/STM32G0xx_HAL_Driver/Src/stm32g0xx_hal_spi.c ****   uint32_t tickstart;
 999:Drivers/STM32G0xx_HAL_Driver/Src/stm32g0xx_hal_spi.c ****   HAL_StatusTypeDef errorcode = HAL_OK;
1000:Drivers/STM32G0xx_HAL_Driver/Src/stm32g0xx_hal_spi.c **** 
1001:Drivers/STM32G0xx_HAL_Driver/Src/stm32g0xx_hal_spi.c ****   if (hspi->State != HAL_SPI_STATE_READY)
ARM GAS  C:\Users\sante\AppData\Local\Temp\cc1VgFnO.s 			page 19


1002:Drivers/STM32G0xx_HAL_Driver/Src/stm32g0xx_hal_spi.c ****   {
1003:Drivers/STM32G0xx_HAL_Driver/Src/stm32g0xx_hal_spi.c ****     errorcode = HAL_BUSY;
1004:Drivers/STM32G0xx_HAL_Driver/Src/stm32g0xx_hal_spi.c ****     goto error;
1005:Drivers/STM32G0xx_HAL_Driver/Src/stm32g0xx_hal_spi.c ****   }
1006:Drivers/STM32G0xx_HAL_Driver/Src/stm32g0xx_hal_spi.c **** 
1007:Drivers/STM32G0xx_HAL_Driver/Src/stm32g0xx_hal_spi.c ****   if ((hspi->Init.Mode == SPI_MODE_MASTER) && (hspi->Init.Direction == SPI_DIRECTION_2LINES))
1008:Drivers/STM32G0xx_HAL_Driver/Src/stm32g0xx_hal_spi.c ****   {
1009:Drivers/STM32G0xx_HAL_Driver/Src/stm32g0xx_hal_spi.c ****     hspi->State = HAL_SPI_STATE_BUSY_RX;
1010:Drivers/STM32G0xx_HAL_Driver/Src/stm32g0xx_hal_spi.c ****     /* Call transmit-receive function to send Dummy data on Tx line and generate clock on CLK line 
1011:Drivers/STM32G0xx_HAL_Driver/Src/stm32g0xx_hal_spi.c ****     return HAL_SPI_TransmitReceive(hspi, pData, pData, Size, Timeout);
1012:Drivers/STM32G0xx_HAL_Driver/Src/stm32g0xx_hal_spi.c ****   }
1013:Drivers/STM32G0xx_HAL_Driver/Src/stm32g0xx_hal_spi.c **** 
1014:Drivers/STM32G0xx_HAL_Driver/Src/stm32g0xx_hal_spi.c ****   /* Process Locked */
1015:Drivers/STM32G0xx_HAL_Driver/Src/stm32g0xx_hal_spi.c ****   __HAL_LOCK(hspi);
1016:Drivers/STM32G0xx_HAL_Driver/Src/stm32g0xx_hal_spi.c **** 
1017:Drivers/STM32G0xx_HAL_Driver/Src/stm32g0xx_hal_spi.c ****   /* Init tickstart for timeout management*/
1018:Drivers/STM32G0xx_HAL_Driver/Src/stm32g0xx_hal_spi.c ****   tickstart = HAL_GetTick();
1019:Drivers/STM32G0xx_HAL_Driver/Src/stm32g0xx_hal_spi.c **** 
1020:Drivers/STM32G0xx_HAL_Driver/Src/stm32g0xx_hal_spi.c ****   if ((pData == NULL) || (Size == 0U))
1021:Drivers/STM32G0xx_HAL_Driver/Src/stm32g0xx_hal_spi.c ****   {
1022:Drivers/STM32G0xx_HAL_Driver/Src/stm32g0xx_hal_spi.c ****     errorcode = HAL_ERROR;
1023:Drivers/STM32G0xx_HAL_Driver/Src/stm32g0xx_hal_spi.c ****     goto error;
1024:Drivers/STM32G0xx_HAL_Driver/Src/stm32g0xx_hal_spi.c ****   }
1025:Drivers/STM32G0xx_HAL_Driver/Src/stm32g0xx_hal_spi.c **** 
1026:Drivers/STM32G0xx_HAL_Driver/Src/stm32g0xx_hal_spi.c ****   /* Set the transaction information */
1027:Drivers/STM32G0xx_HAL_Driver/Src/stm32g0xx_hal_spi.c ****   hspi->State       = HAL_SPI_STATE_BUSY_RX;
1028:Drivers/STM32G0xx_HAL_Driver/Src/stm32g0xx_hal_spi.c ****   hspi->ErrorCode   = HAL_SPI_ERROR_NONE;
1029:Drivers/STM32G0xx_HAL_Driver/Src/stm32g0xx_hal_spi.c ****   hspi->pRxBuffPtr  = (uint8_t *)pData;
1030:Drivers/STM32G0xx_HAL_Driver/Src/stm32g0xx_hal_spi.c ****   hspi->RxXferSize  = Size;
1031:Drivers/STM32G0xx_HAL_Driver/Src/stm32g0xx_hal_spi.c ****   hspi->RxXferCount = Size;
1032:Drivers/STM32G0xx_HAL_Driver/Src/stm32g0xx_hal_spi.c **** 
1033:Drivers/STM32G0xx_HAL_Driver/Src/stm32g0xx_hal_spi.c ****   /*Init field not used in handle to zero */
1034:Drivers/STM32G0xx_HAL_Driver/Src/stm32g0xx_hal_spi.c ****   hspi->pTxBuffPtr  = (uint8_t *)NULL;
1035:Drivers/STM32G0xx_HAL_Driver/Src/stm32g0xx_hal_spi.c ****   hspi->TxXferSize  = 0U;
1036:Drivers/STM32G0xx_HAL_Driver/Src/stm32g0xx_hal_spi.c ****   hspi->TxXferCount = 0U;
1037:Drivers/STM32G0xx_HAL_Driver/Src/stm32g0xx_hal_spi.c ****   hspi->RxISR       = NULL;
1038:Drivers/STM32G0xx_HAL_Driver/Src/stm32g0xx_hal_spi.c ****   hspi->TxISR       = NULL;
1039:Drivers/STM32G0xx_HAL_Driver/Src/stm32g0xx_hal_spi.c **** 
1040:Drivers/STM32G0xx_HAL_Driver/Src/stm32g0xx_hal_spi.c **** #if (USE_SPI_CRC != 0U)
1041:Drivers/STM32G0xx_HAL_Driver/Src/stm32g0xx_hal_spi.c ****   /* Reset CRC Calculation */
1042:Drivers/STM32G0xx_HAL_Driver/Src/stm32g0xx_hal_spi.c ****   if (hspi->Init.CRCCalculation == SPI_CRCCALCULATION_ENABLE)
1043:Drivers/STM32G0xx_HAL_Driver/Src/stm32g0xx_hal_spi.c ****   {
1044:Drivers/STM32G0xx_HAL_Driver/Src/stm32g0xx_hal_spi.c ****     SPI_RESET_CRC(hspi);
1045:Drivers/STM32G0xx_HAL_Driver/Src/stm32g0xx_hal_spi.c ****     /* this is done to handle the CRCNEXT before the latest data */
1046:Drivers/STM32G0xx_HAL_Driver/Src/stm32g0xx_hal_spi.c ****     hspi->RxXferCount--;
1047:Drivers/STM32G0xx_HAL_Driver/Src/stm32g0xx_hal_spi.c ****   }
1048:Drivers/STM32G0xx_HAL_Driver/Src/stm32g0xx_hal_spi.c **** #endif /* USE_SPI_CRC */
1049:Drivers/STM32G0xx_HAL_Driver/Src/stm32g0xx_hal_spi.c **** 
1050:Drivers/STM32G0xx_HAL_Driver/Src/stm32g0xx_hal_spi.c ****   /* Set the Rx Fifo threshold */
1051:Drivers/STM32G0xx_HAL_Driver/Src/stm32g0xx_hal_spi.c ****   if (hspi->Init.DataSize > SPI_DATASIZE_8BIT)
1052:Drivers/STM32G0xx_HAL_Driver/Src/stm32g0xx_hal_spi.c ****   {
1053:Drivers/STM32G0xx_HAL_Driver/Src/stm32g0xx_hal_spi.c ****     /* Set RX Fifo threshold according the reception data length: 16bit */
1054:Drivers/STM32G0xx_HAL_Driver/Src/stm32g0xx_hal_spi.c ****     CLEAR_BIT(hspi->Instance->CR2, SPI_RXFIFO_THRESHOLD);
1055:Drivers/STM32G0xx_HAL_Driver/Src/stm32g0xx_hal_spi.c ****   }
1056:Drivers/STM32G0xx_HAL_Driver/Src/stm32g0xx_hal_spi.c ****   else
1057:Drivers/STM32G0xx_HAL_Driver/Src/stm32g0xx_hal_spi.c ****   {
1058:Drivers/STM32G0xx_HAL_Driver/Src/stm32g0xx_hal_spi.c ****     /* Set RX Fifo threshold according the reception data length: 8bit */
ARM GAS  C:\Users\sante\AppData\Local\Temp\cc1VgFnO.s 			page 20


1059:Drivers/STM32G0xx_HAL_Driver/Src/stm32g0xx_hal_spi.c ****     SET_BIT(hspi->Instance->CR2, SPI_RXFIFO_THRESHOLD);
1060:Drivers/STM32G0xx_HAL_Driver/Src/stm32g0xx_hal_spi.c ****   }
1061:Drivers/STM32G0xx_HAL_Driver/Src/stm32g0xx_hal_spi.c **** 
1062:Drivers/STM32G0xx_HAL_Driver/Src/stm32g0xx_hal_spi.c ****   /* Configure communication direction: 1Line */
1063:Drivers/STM32G0xx_HAL_Driver/Src/stm32g0xx_hal_spi.c ****   if (hspi->Init.Direction == SPI_DIRECTION_1LINE)
1064:Drivers/STM32G0xx_HAL_Driver/Src/stm32g0xx_hal_spi.c ****   {
1065:Drivers/STM32G0xx_HAL_Driver/Src/stm32g0xx_hal_spi.c ****     /* Disable SPI Peripheral before set 1Line direction (BIDIOE bit) */
1066:Drivers/STM32G0xx_HAL_Driver/Src/stm32g0xx_hal_spi.c ****     __HAL_SPI_DISABLE(hspi);
1067:Drivers/STM32G0xx_HAL_Driver/Src/stm32g0xx_hal_spi.c ****     SPI_1LINE_RX(hspi);
1068:Drivers/STM32G0xx_HAL_Driver/Src/stm32g0xx_hal_spi.c ****   }
1069:Drivers/STM32G0xx_HAL_Driver/Src/stm32g0xx_hal_spi.c **** 
1070:Drivers/STM32G0xx_HAL_Driver/Src/stm32g0xx_hal_spi.c ****   /* Check if the SPI is already enabled */
1071:Drivers/STM32G0xx_HAL_Driver/Src/stm32g0xx_hal_spi.c ****   if ((hspi->Instance->CR1 & SPI_CR1_SPE) != SPI_CR1_SPE)
1072:Drivers/STM32G0xx_HAL_Driver/Src/stm32g0xx_hal_spi.c ****   {
1073:Drivers/STM32G0xx_HAL_Driver/Src/stm32g0xx_hal_spi.c ****     /* Enable SPI peripheral */
1074:Drivers/STM32G0xx_HAL_Driver/Src/stm32g0xx_hal_spi.c ****     __HAL_SPI_ENABLE(hspi);
1075:Drivers/STM32G0xx_HAL_Driver/Src/stm32g0xx_hal_spi.c ****   }
1076:Drivers/STM32G0xx_HAL_Driver/Src/stm32g0xx_hal_spi.c **** 
1077:Drivers/STM32G0xx_HAL_Driver/Src/stm32g0xx_hal_spi.c ****   /* Receive data in 8 Bit mode */
1078:Drivers/STM32G0xx_HAL_Driver/Src/stm32g0xx_hal_spi.c ****   if (hspi->Init.DataSize <= SPI_DATASIZE_8BIT)
1079:Drivers/STM32G0xx_HAL_Driver/Src/stm32g0xx_hal_spi.c ****   {
1080:Drivers/STM32G0xx_HAL_Driver/Src/stm32g0xx_hal_spi.c ****     /* Transfer loop */
1081:Drivers/STM32G0xx_HAL_Driver/Src/stm32g0xx_hal_spi.c ****     while (hspi->RxXferCount > 0U)
1082:Drivers/STM32G0xx_HAL_Driver/Src/stm32g0xx_hal_spi.c ****     {
1083:Drivers/STM32G0xx_HAL_Driver/Src/stm32g0xx_hal_spi.c ****       /* Check the RXNE flag */
1084:Drivers/STM32G0xx_HAL_Driver/Src/stm32g0xx_hal_spi.c ****       if (__HAL_SPI_GET_FLAG(hspi, SPI_FLAG_RXNE))
1085:Drivers/STM32G0xx_HAL_Driver/Src/stm32g0xx_hal_spi.c ****       {
1086:Drivers/STM32G0xx_HAL_Driver/Src/stm32g0xx_hal_spi.c ****         /* read the received data */
1087:Drivers/STM32G0xx_HAL_Driver/Src/stm32g0xx_hal_spi.c ****         (* (uint8_t *)hspi->pRxBuffPtr) = *(__IO uint8_t *)&hspi->Instance->DR;
1088:Drivers/STM32G0xx_HAL_Driver/Src/stm32g0xx_hal_spi.c ****         hspi->pRxBuffPtr += sizeof(uint8_t);
1089:Drivers/STM32G0xx_HAL_Driver/Src/stm32g0xx_hal_spi.c ****         hspi->RxXferCount--;
1090:Drivers/STM32G0xx_HAL_Driver/Src/stm32g0xx_hal_spi.c ****       }
1091:Drivers/STM32G0xx_HAL_Driver/Src/stm32g0xx_hal_spi.c ****       else
1092:Drivers/STM32G0xx_HAL_Driver/Src/stm32g0xx_hal_spi.c ****       {
1093:Drivers/STM32G0xx_HAL_Driver/Src/stm32g0xx_hal_spi.c ****         /* Timeout management */
1094:Drivers/STM32G0xx_HAL_Driver/Src/stm32g0xx_hal_spi.c ****         if ((((HAL_GetTick() - tickstart) >=  Timeout) && (Timeout != HAL_MAX_DELAY)) || (Timeout =
1095:Drivers/STM32G0xx_HAL_Driver/Src/stm32g0xx_hal_spi.c ****         {
1096:Drivers/STM32G0xx_HAL_Driver/Src/stm32g0xx_hal_spi.c ****           errorcode = HAL_TIMEOUT;
1097:Drivers/STM32G0xx_HAL_Driver/Src/stm32g0xx_hal_spi.c ****           hspi->State = HAL_SPI_STATE_READY;
1098:Drivers/STM32G0xx_HAL_Driver/Src/stm32g0xx_hal_spi.c ****           goto error;
1099:Drivers/STM32G0xx_HAL_Driver/Src/stm32g0xx_hal_spi.c ****         }
1100:Drivers/STM32G0xx_HAL_Driver/Src/stm32g0xx_hal_spi.c ****       }
1101:Drivers/STM32G0xx_HAL_Driver/Src/stm32g0xx_hal_spi.c ****     }
1102:Drivers/STM32G0xx_HAL_Driver/Src/stm32g0xx_hal_spi.c ****   }
1103:Drivers/STM32G0xx_HAL_Driver/Src/stm32g0xx_hal_spi.c ****   else
1104:Drivers/STM32G0xx_HAL_Driver/Src/stm32g0xx_hal_spi.c ****   {
1105:Drivers/STM32G0xx_HAL_Driver/Src/stm32g0xx_hal_spi.c ****     /* Transfer loop */
1106:Drivers/STM32G0xx_HAL_Driver/Src/stm32g0xx_hal_spi.c ****     while (hspi->RxXferCount > 0U)
1107:Drivers/STM32G0xx_HAL_Driver/Src/stm32g0xx_hal_spi.c ****     {
1108:Drivers/STM32G0xx_HAL_Driver/Src/stm32g0xx_hal_spi.c ****       /* Check the RXNE flag */
1109:Drivers/STM32G0xx_HAL_Driver/Src/stm32g0xx_hal_spi.c ****       if (__HAL_SPI_GET_FLAG(hspi, SPI_FLAG_RXNE))
1110:Drivers/STM32G0xx_HAL_Driver/Src/stm32g0xx_hal_spi.c ****       {
1111:Drivers/STM32G0xx_HAL_Driver/Src/stm32g0xx_hal_spi.c ****         *((uint16_t *)hspi->pRxBuffPtr) = (uint16_t)hspi->Instance->DR;
1112:Drivers/STM32G0xx_HAL_Driver/Src/stm32g0xx_hal_spi.c ****         hspi->pRxBuffPtr += sizeof(uint16_t);
1113:Drivers/STM32G0xx_HAL_Driver/Src/stm32g0xx_hal_spi.c ****         hspi->RxXferCount--;
1114:Drivers/STM32G0xx_HAL_Driver/Src/stm32g0xx_hal_spi.c ****       }
1115:Drivers/STM32G0xx_HAL_Driver/Src/stm32g0xx_hal_spi.c ****       else
ARM GAS  C:\Users\sante\AppData\Local\Temp\cc1VgFnO.s 			page 21


1116:Drivers/STM32G0xx_HAL_Driver/Src/stm32g0xx_hal_spi.c ****       {
1117:Drivers/STM32G0xx_HAL_Driver/Src/stm32g0xx_hal_spi.c ****         /* Timeout management */
1118:Drivers/STM32G0xx_HAL_Driver/Src/stm32g0xx_hal_spi.c ****         if ((((HAL_GetTick() - tickstart) >=  Timeout) && (Timeout != HAL_MAX_DELAY)) || (Timeout =
1119:Drivers/STM32G0xx_HAL_Driver/Src/stm32g0xx_hal_spi.c ****         {
1120:Drivers/STM32G0xx_HAL_Driver/Src/stm32g0xx_hal_spi.c ****           errorcode = HAL_TIMEOUT;
1121:Drivers/STM32G0xx_HAL_Driver/Src/stm32g0xx_hal_spi.c ****           hspi->State = HAL_SPI_STATE_READY;
1122:Drivers/STM32G0xx_HAL_Driver/Src/stm32g0xx_hal_spi.c ****           goto error;
1123:Drivers/STM32G0xx_HAL_Driver/Src/stm32g0xx_hal_spi.c ****         }
1124:Drivers/STM32G0xx_HAL_Driver/Src/stm32g0xx_hal_spi.c ****       }
1125:Drivers/STM32G0xx_HAL_Driver/Src/stm32g0xx_hal_spi.c ****     }
1126:Drivers/STM32G0xx_HAL_Driver/Src/stm32g0xx_hal_spi.c ****   }
1127:Drivers/STM32G0xx_HAL_Driver/Src/stm32g0xx_hal_spi.c **** 
1128:Drivers/STM32G0xx_HAL_Driver/Src/stm32g0xx_hal_spi.c **** #if (USE_SPI_CRC != 0U)
1129:Drivers/STM32G0xx_HAL_Driver/Src/stm32g0xx_hal_spi.c ****   /* Handle the CRC Transmission */
1130:Drivers/STM32G0xx_HAL_Driver/Src/stm32g0xx_hal_spi.c ****   if (hspi->Init.CRCCalculation == SPI_CRCCALCULATION_ENABLE)
1131:Drivers/STM32G0xx_HAL_Driver/Src/stm32g0xx_hal_spi.c ****   {
1132:Drivers/STM32G0xx_HAL_Driver/Src/stm32g0xx_hal_spi.c ****     /* freeze the CRC before the latest data */
1133:Drivers/STM32G0xx_HAL_Driver/Src/stm32g0xx_hal_spi.c ****     SET_BIT(hspi->Instance->CR1, SPI_CR1_CRCNEXT);
1134:Drivers/STM32G0xx_HAL_Driver/Src/stm32g0xx_hal_spi.c **** 
1135:Drivers/STM32G0xx_HAL_Driver/Src/stm32g0xx_hal_spi.c ****     /* Read the latest data */
1136:Drivers/STM32G0xx_HAL_Driver/Src/stm32g0xx_hal_spi.c ****     if (SPI_WaitFlagStateUntilTimeout(hspi, SPI_FLAG_RXNE, SET, Timeout, tickstart) != HAL_OK)
1137:Drivers/STM32G0xx_HAL_Driver/Src/stm32g0xx_hal_spi.c ****     {
1138:Drivers/STM32G0xx_HAL_Driver/Src/stm32g0xx_hal_spi.c ****       /* the latest data has not been received */
1139:Drivers/STM32G0xx_HAL_Driver/Src/stm32g0xx_hal_spi.c ****       errorcode = HAL_TIMEOUT;
1140:Drivers/STM32G0xx_HAL_Driver/Src/stm32g0xx_hal_spi.c ****       goto error;
1141:Drivers/STM32G0xx_HAL_Driver/Src/stm32g0xx_hal_spi.c ****     }
1142:Drivers/STM32G0xx_HAL_Driver/Src/stm32g0xx_hal_spi.c **** 
1143:Drivers/STM32G0xx_HAL_Driver/Src/stm32g0xx_hal_spi.c ****     /* Receive last data in 16 Bit mode */
1144:Drivers/STM32G0xx_HAL_Driver/Src/stm32g0xx_hal_spi.c ****     if (hspi->Init.DataSize > SPI_DATASIZE_8BIT)
1145:Drivers/STM32G0xx_HAL_Driver/Src/stm32g0xx_hal_spi.c ****     {
1146:Drivers/STM32G0xx_HAL_Driver/Src/stm32g0xx_hal_spi.c ****       *((uint16_t *)hspi->pRxBuffPtr) = (uint16_t)hspi->Instance->DR;
1147:Drivers/STM32G0xx_HAL_Driver/Src/stm32g0xx_hal_spi.c ****     }
1148:Drivers/STM32G0xx_HAL_Driver/Src/stm32g0xx_hal_spi.c ****     /* Receive last data in 8 Bit mode */
1149:Drivers/STM32G0xx_HAL_Driver/Src/stm32g0xx_hal_spi.c ****     else
1150:Drivers/STM32G0xx_HAL_Driver/Src/stm32g0xx_hal_spi.c ****     {
1151:Drivers/STM32G0xx_HAL_Driver/Src/stm32g0xx_hal_spi.c ****       (*(uint8_t *)hspi->pRxBuffPtr) = *(__IO uint8_t *)&hspi->Instance->DR;
1152:Drivers/STM32G0xx_HAL_Driver/Src/stm32g0xx_hal_spi.c ****     }
1153:Drivers/STM32G0xx_HAL_Driver/Src/stm32g0xx_hal_spi.c **** 
1154:Drivers/STM32G0xx_HAL_Driver/Src/stm32g0xx_hal_spi.c ****     /* Wait the CRC data */
1155:Drivers/STM32G0xx_HAL_Driver/Src/stm32g0xx_hal_spi.c ****     if (SPI_WaitFlagStateUntilTimeout(hspi, SPI_FLAG_RXNE, SET, Timeout, tickstart) != HAL_OK)
1156:Drivers/STM32G0xx_HAL_Driver/Src/stm32g0xx_hal_spi.c ****     {
1157:Drivers/STM32G0xx_HAL_Driver/Src/stm32g0xx_hal_spi.c ****       SET_BIT(hspi->ErrorCode, HAL_SPI_ERROR_CRC);
1158:Drivers/STM32G0xx_HAL_Driver/Src/stm32g0xx_hal_spi.c ****       errorcode = HAL_TIMEOUT;
1159:Drivers/STM32G0xx_HAL_Driver/Src/stm32g0xx_hal_spi.c ****       goto error;
1160:Drivers/STM32G0xx_HAL_Driver/Src/stm32g0xx_hal_spi.c ****     }
1161:Drivers/STM32G0xx_HAL_Driver/Src/stm32g0xx_hal_spi.c **** 
1162:Drivers/STM32G0xx_HAL_Driver/Src/stm32g0xx_hal_spi.c ****     /* Read CRC to Flush DR and RXNE flag */
1163:Drivers/STM32G0xx_HAL_Driver/Src/stm32g0xx_hal_spi.c ****     if (hspi->Init.DataSize == SPI_DATASIZE_16BIT)
1164:Drivers/STM32G0xx_HAL_Driver/Src/stm32g0xx_hal_spi.c ****     {
1165:Drivers/STM32G0xx_HAL_Driver/Src/stm32g0xx_hal_spi.c ****       /* Read 16bit CRC */
1166:Drivers/STM32G0xx_HAL_Driver/Src/stm32g0xx_hal_spi.c ****       tmpreg = READ_REG(hspi->Instance->DR);
1167:Drivers/STM32G0xx_HAL_Driver/Src/stm32g0xx_hal_spi.c ****       /* To avoid GCC warning */
1168:Drivers/STM32G0xx_HAL_Driver/Src/stm32g0xx_hal_spi.c ****       UNUSED(tmpreg);
1169:Drivers/STM32G0xx_HAL_Driver/Src/stm32g0xx_hal_spi.c ****     }
1170:Drivers/STM32G0xx_HAL_Driver/Src/stm32g0xx_hal_spi.c ****     else
1171:Drivers/STM32G0xx_HAL_Driver/Src/stm32g0xx_hal_spi.c ****     {
1172:Drivers/STM32G0xx_HAL_Driver/Src/stm32g0xx_hal_spi.c ****       /* Initialize the 8bit temporary pointer */
ARM GAS  C:\Users\sante\AppData\Local\Temp\cc1VgFnO.s 			page 22


1173:Drivers/STM32G0xx_HAL_Driver/Src/stm32g0xx_hal_spi.c ****       ptmpreg8 = (__IO uint8_t *)&hspi->Instance->DR;
1174:Drivers/STM32G0xx_HAL_Driver/Src/stm32g0xx_hal_spi.c ****       /* Read 8bit CRC */
1175:Drivers/STM32G0xx_HAL_Driver/Src/stm32g0xx_hal_spi.c ****       tmpreg8 = *ptmpreg8;
1176:Drivers/STM32G0xx_HAL_Driver/Src/stm32g0xx_hal_spi.c ****       /* To avoid GCC warning */
1177:Drivers/STM32G0xx_HAL_Driver/Src/stm32g0xx_hal_spi.c ****       UNUSED(tmpreg8);
1178:Drivers/STM32G0xx_HAL_Driver/Src/stm32g0xx_hal_spi.c **** 
1179:Drivers/STM32G0xx_HAL_Driver/Src/stm32g0xx_hal_spi.c ****       if ((hspi->Init.DataSize == SPI_DATASIZE_8BIT) && (hspi->Init.CRCLength == SPI_CRC_LENGTH_16B
1180:Drivers/STM32G0xx_HAL_Driver/Src/stm32g0xx_hal_spi.c ****       {
1181:Drivers/STM32G0xx_HAL_Driver/Src/stm32g0xx_hal_spi.c ****         if (SPI_WaitFlagStateUntilTimeout(hspi, SPI_FLAG_RXNE, SET, Timeout, tickstart) != HAL_OK)
1182:Drivers/STM32G0xx_HAL_Driver/Src/stm32g0xx_hal_spi.c ****         {
1183:Drivers/STM32G0xx_HAL_Driver/Src/stm32g0xx_hal_spi.c ****           /* Error on the CRC reception */
1184:Drivers/STM32G0xx_HAL_Driver/Src/stm32g0xx_hal_spi.c ****           SET_BIT(hspi->ErrorCode, HAL_SPI_ERROR_CRC);
1185:Drivers/STM32G0xx_HAL_Driver/Src/stm32g0xx_hal_spi.c ****           errorcode = HAL_TIMEOUT;
1186:Drivers/STM32G0xx_HAL_Driver/Src/stm32g0xx_hal_spi.c ****           goto error;
1187:Drivers/STM32G0xx_HAL_Driver/Src/stm32g0xx_hal_spi.c ****         }
1188:Drivers/STM32G0xx_HAL_Driver/Src/stm32g0xx_hal_spi.c ****         /* Read 8bit CRC again in case of 16bit CRC in 8bit Data mode */
1189:Drivers/STM32G0xx_HAL_Driver/Src/stm32g0xx_hal_spi.c ****         tmpreg8 = *ptmpreg8;
1190:Drivers/STM32G0xx_HAL_Driver/Src/stm32g0xx_hal_spi.c ****         /* To avoid GCC warning */
1191:Drivers/STM32G0xx_HAL_Driver/Src/stm32g0xx_hal_spi.c ****         UNUSED(tmpreg8);
1192:Drivers/STM32G0xx_HAL_Driver/Src/stm32g0xx_hal_spi.c ****       }
1193:Drivers/STM32G0xx_HAL_Driver/Src/stm32g0xx_hal_spi.c ****     }
1194:Drivers/STM32G0xx_HAL_Driver/Src/stm32g0xx_hal_spi.c ****   }
1195:Drivers/STM32G0xx_HAL_Driver/Src/stm32g0xx_hal_spi.c **** #endif /* USE_SPI_CRC */
1196:Drivers/STM32G0xx_HAL_Driver/Src/stm32g0xx_hal_spi.c **** 
1197:Drivers/STM32G0xx_HAL_Driver/Src/stm32g0xx_hal_spi.c ****   /* Check the end of the transaction */
1198:Drivers/STM32G0xx_HAL_Driver/Src/stm32g0xx_hal_spi.c ****   if (SPI_EndRxTransaction(hspi, Timeout, tickstart) != HAL_OK)
1199:Drivers/STM32G0xx_HAL_Driver/Src/stm32g0xx_hal_spi.c ****   {
1200:Drivers/STM32G0xx_HAL_Driver/Src/stm32g0xx_hal_spi.c ****     hspi->ErrorCode = HAL_SPI_ERROR_FLAG;
1201:Drivers/STM32G0xx_HAL_Driver/Src/stm32g0xx_hal_spi.c ****   }
1202:Drivers/STM32G0xx_HAL_Driver/Src/stm32g0xx_hal_spi.c **** 
1203:Drivers/STM32G0xx_HAL_Driver/Src/stm32g0xx_hal_spi.c **** #if (USE_SPI_CRC != 0U)
1204:Drivers/STM32G0xx_HAL_Driver/Src/stm32g0xx_hal_spi.c ****   /* Check if CRC error occurred */
1205:Drivers/STM32G0xx_HAL_Driver/Src/stm32g0xx_hal_spi.c ****   if (__HAL_SPI_GET_FLAG(hspi, SPI_FLAG_CRCERR))
1206:Drivers/STM32G0xx_HAL_Driver/Src/stm32g0xx_hal_spi.c ****   {
1207:Drivers/STM32G0xx_HAL_Driver/Src/stm32g0xx_hal_spi.c ****     SET_BIT(hspi->ErrorCode, HAL_SPI_ERROR_CRC);
1208:Drivers/STM32G0xx_HAL_Driver/Src/stm32g0xx_hal_spi.c ****     __HAL_SPI_CLEAR_CRCERRFLAG(hspi);
1209:Drivers/STM32G0xx_HAL_Driver/Src/stm32g0xx_hal_spi.c ****   }
1210:Drivers/STM32G0xx_HAL_Driver/Src/stm32g0xx_hal_spi.c **** #endif /* USE_SPI_CRC */
1211:Drivers/STM32G0xx_HAL_Driver/Src/stm32g0xx_hal_spi.c **** 
1212:Drivers/STM32G0xx_HAL_Driver/Src/stm32g0xx_hal_spi.c ****   if (hspi->ErrorCode != HAL_SPI_ERROR_NONE)
1213:Drivers/STM32G0xx_HAL_Driver/Src/stm32g0xx_hal_spi.c ****   {
1214:Drivers/STM32G0xx_HAL_Driver/Src/stm32g0xx_hal_spi.c ****     errorcode = HAL_ERROR;
1215:Drivers/STM32G0xx_HAL_Driver/Src/stm32g0xx_hal_spi.c ****   }
1216:Drivers/STM32G0xx_HAL_Driver/Src/stm32g0xx_hal_spi.c ****   else
1217:Drivers/STM32G0xx_HAL_Driver/Src/stm32g0xx_hal_spi.c ****   {
1218:Drivers/STM32G0xx_HAL_Driver/Src/stm32g0xx_hal_spi.c ****     hspi->State = HAL_SPI_STATE_READY;
1219:Drivers/STM32G0xx_HAL_Driver/Src/stm32g0xx_hal_spi.c ****   }
1220:Drivers/STM32G0xx_HAL_Driver/Src/stm32g0xx_hal_spi.c **** 
1221:Drivers/STM32G0xx_HAL_Driver/Src/stm32g0xx_hal_spi.c **** error :
1222:Drivers/STM32G0xx_HAL_Driver/Src/stm32g0xx_hal_spi.c ****   __HAL_UNLOCK(hspi);
1223:Drivers/STM32G0xx_HAL_Driver/Src/stm32g0xx_hal_spi.c ****   return errorcode;
1224:Drivers/STM32G0xx_HAL_Driver/Src/stm32g0xx_hal_spi.c **** }
1225:Drivers/STM32G0xx_HAL_Driver/Src/stm32g0xx_hal_spi.c **** 
1226:Drivers/STM32G0xx_HAL_Driver/Src/stm32g0xx_hal_spi.c **** /**
1227:Drivers/STM32G0xx_HAL_Driver/Src/stm32g0xx_hal_spi.c ****   * @brief  Transmit and Receive an amount of data in blocking mode.
1228:Drivers/STM32G0xx_HAL_Driver/Src/stm32g0xx_hal_spi.c ****   * @param  hspi pointer to a SPI_HandleTypeDef structure that contains
1229:Drivers/STM32G0xx_HAL_Driver/Src/stm32g0xx_hal_spi.c ****   *               the configuration information for SPI module.
ARM GAS  C:\Users\sante\AppData\Local\Temp\cc1VgFnO.s 			page 23


1230:Drivers/STM32G0xx_HAL_Driver/Src/stm32g0xx_hal_spi.c ****   * @param  pTxData pointer to transmission data buffer
1231:Drivers/STM32G0xx_HAL_Driver/Src/stm32g0xx_hal_spi.c ****   * @param  pRxData pointer to reception data buffer
1232:Drivers/STM32G0xx_HAL_Driver/Src/stm32g0xx_hal_spi.c ****   * @param  Size amount of data to be sent and received
1233:Drivers/STM32G0xx_HAL_Driver/Src/stm32g0xx_hal_spi.c ****   * @param  Timeout Timeout duration
1234:Drivers/STM32G0xx_HAL_Driver/Src/stm32g0xx_hal_spi.c ****   * @retval HAL status
1235:Drivers/STM32G0xx_HAL_Driver/Src/stm32g0xx_hal_spi.c ****   */
1236:Drivers/STM32G0xx_HAL_Driver/Src/stm32g0xx_hal_spi.c **** HAL_StatusTypeDef HAL_SPI_TransmitReceive(SPI_HandleTypeDef *hspi, uint8_t *pTxData, uint8_t *pRxDa
1237:Drivers/STM32G0xx_HAL_Driver/Src/stm32g0xx_hal_spi.c ****                                           uint32_t Timeout)
1238:Drivers/STM32G0xx_HAL_Driver/Src/stm32g0xx_hal_spi.c **** {
1239:Drivers/STM32G0xx_HAL_Driver/Src/stm32g0xx_hal_spi.c ****   uint16_t             initial_TxXferCount;
1240:Drivers/STM32G0xx_HAL_Driver/Src/stm32g0xx_hal_spi.c ****   uint32_t             tmp_mode;
1241:Drivers/STM32G0xx_HAL_Driver/Src/stm32g0xx_hal_spi.c ****   HAL_SPI_StateTypeDef tmp_state;
1242:Drivers/STM32G0xx_HAL_Driver/Src/stm32g0xx_hal_spi.c ****   uint32_t             tickstart;
1243:Drivers/STM32G0xx_HAL_Driver/Src/stm32g0xx_hal_spi.c **** #if (USE_SPI_CRC != 0U)
1244:Drivers/STM32G0xx_HAL_Driver/Src/stm32g0xx_hal_spi.c ****   __IO uint32_t tmpreg = 0U;
1245:Drivers/STM32G0xx_HAL_Driver/Src/stm32g0xx_hal_spi.c ****   uint32_t             spi_cr1;
1246:Drivers/STM32G0xx_HAL_Driver/Src/stm32g0xx_hal_spi.c ****   uint32_t             spi_cr2;
1247:Drivers/STM32G0xx_HAL_Driver/Src/stm32g0xx_hal_spi.c ****   __IO uint8_t  *ptmpreg8;
1248:Drivers/STM32G0xx_HAL_Driver/Src/stm32g0xx_hal_spi.c ****   __IO uint8_t  tmpreg8 = 0;
1249:Drivers/STM32G0xx_HAL_Driver/Src/stm32g0xx_hal_spi.c **** #endif /* USE_SPI_CRC */
1250:Drivers/STM32G0xx_HAL_Driver/Src/stm32g0xx_hal_spi.c **** 
1251:Drivers/STM32G0xx_HAL_Driver/Src/stm32g0xx_hal_spi.c ****   /* Variable used to alternate Rx and Tx during transfer */
1252:Drivers/STM32G0xx_HAL_Driver/Src/stm32g0xx_hal_spi.c ****   uint32_t             txallowed = 1U;
1253:Drivers/STM32G0xx_HAL_Driver/Src/stm32g0xx_hal_spi.c ****   HAL_StatusTypeDef    errorcode = HAL_OK;
1254:Drivers/STM32G0xx_HAL_Driver/Src/stm32g0xx_hal_spi.c **** 
1255:Drivers/STM32G0xx_HAL_Driver/Src/stm32g0xx_hal_spi.c ****   /* Check Direction parameter */
1256:Drivers/STM32G0xx_HAL_Driver/Src/stm32g0xx_hal_spi.c ****   assert_param(IS_SPI_DIRECTION_2LINES(hspi->Init.Direction));
1257:Drivers/STM32G0xx_HAL_Driver/Src/stm32g0xx_hal_spi.c **** 
1258:Drivers/STM32G0xx_HAL_Driver/Src/stm32g0xx_hal_spi.c ****   /* Process Locked */
1259:Drivers/STM32G0xx_HAL_Driver/Src/stm32g0xx_hal_spi.c ****   __HAL_LOCK(hspi);
1260:Drivers/STM32G0xx_HAL_Driver/Src/stm32g0xx_hal_spi.c **** 
1261:Drivers/STM32G0xx_HAL_Driver/Src/stm32g0xx_hal_spi.c ****   /* Init tickstart for timeout management*/
1262:Drivers/STM32G0xx_HAL_Driver/Src/stm32g0xx_hal_spi.c ****   tickstart = HAL_GetTick();
1263:Drivers/STM32G0xx_HAL_Driver/Src/stm32g0xx_hal_spi.c **** 
1264:Drivers/STM32G0xx_HAL_Driver/Src/stm32g0xx_hal_spi.c ****   /* Init temporary variables */
1265:Drivers/STM32G0xx_HAL_Driver/Src/stm32g0xx_hal_spi.c ****   tmp_state           = hspi->State;
1266:Drivers/STM32G0xx_HAL_Driver/Src/stm32g0xx_hal_spi.c ****   tmp_mode            = hspi->Init.Mode;
1267:Drivers/STM32G0xx_HAL_Driver/Src/stm32g0xx_hal_spi.c ****   initial_TxXferCount = Size;
1268:Drivers/STM32G0xx_HAL_Driver/Src/stm32g0xx_hal_spi.c **** #if (USE_SPI_CRC != 0U)
1269:Drivers/STM32G0xx_HAL_Driver/Src/stm32g0xx_hal_spi.c ****   spi_cr1             = READ_REG(hspi->Instance->CR1);
1270:Drivers/STM32G0xx_HAL_Driver/Src/stm32g0xx_hal_spi.c ****   spi_cr2             = READ_REG(hspi->Instance->CR2);
1271:Drivers/STM32G0xx_HAL_Driver/Src/stm32g0xx_hal_spi.c **** #endif /* USE_SPI_CRC */
1272:Drivers/STM32G0xx_HAL_Driver/Src/stm32g0xx_hal_spi.c **** 
1273:Drivers/STM32G0xx_HAL_Driver/Src/stm32g0xx_hal_spi.c ****   if (!((tmp_state == HAL_SPI_STATE_READY) || \
1274:Drivers/STM32G0xx_HAL_Driver/Src/stm32g0xx_hal_spi.c ****         ((tmp_mode == SPI_MODE_MASTER) && (hspi->Init.Direction == SPI_DIRECTION_2LINES) && (tmp_st
1275:Drivers/STM32G0xx_HAL_Driver/Src/stm32g0xx_hal_spi.c ****   {
1276:Drivers/STM32G0xx_HAL_Driver/Src/stm32g0xx_hal_spi.c ****     errorcode = HAL_BUSY;
1277:Drivers/STM32G0xx_HAL_Driver/Src/stm32g0xx_hal_spi.c ****     goto error;
1278:Drivers/STM32G0xx_HAL_Driver/Src/stm32g0xx_hal_spi.c ****   }
1279:Drivers/STM32G0xx_HAL_Driver/Src/stm32g0xx_hal_spi.c **** 
1280:Drivers/STM32G0xx_HAL_Driver/Src/stm32g0xx_hal_spi.c ****   if ((pTxData == NULL) || (pRxData == NULL) || (Size == 0U))
1281:Drivers/STM32G0xx_HAL_Driver/Src/stm32g0xx_hal_spi.c ****   {
1282:Drivers/STM32G0xx_HAL_Driver/Src/stm32g0xx_hal_spi.c ****     errorcode = HAL_ERROR;
1283:Drivers/STM32G0xx_HAL_Driver/Src/stm32g0xx_hal_spi.c ****     goto error;
1284:Drivers/STM32G0xx_HAL_Driver/Src/stm32g0xx_hal_spi.c ****   }
1285:Drivers/STM32G0xx_HAL_Driver/Src/stm32g0xx_hal_spi.c **** 
1286:Drivers/STM32G0xx_HAL_Driver/Src/stm32g0xx_hal_spi.c ****   /* Don't overwrite in case of HAL_SPI_STATE_BUSY_RX */
ARM GAS  C:\Users\sante\AppData\Local\Temp\cc1VgFnO.s 			page 24


1287:Drivers/STM32G0xx_HAL_Driver/Src/stm32g0xx_hal_spi.c ****   if (hspi->State != HAL_SPI_STATE_BUSY_RX)
1288:Drivers/STM32G0xx_HAL_Driver/Src/stm32g0xx_hal_spi.c ****   {
1289:Drivers/STM32G0xx_HAL_Driver/Src/stm32g0xx_hal_spi.c ****     hspi->State = HAL_SPI_STATE_BUSY_TX_RX;
1290:Drivers/STM32G0xx_HAL_Driver/Src/stm32g0xx_hal_spi.c ****   }
1291:Drivers/STM32G0xx_HAL_Driver/Src/stm32g0xx_hal_spi.c **** 
1292:Drivers/STM32G0xx_HAL_Driver/Src/stm32g0xx_hal_spi.c ****   /* Set the transaction information */
1293:Drivers/STM32G0xx_HAL_Driver/Src/stm32g0xx_hal_spi.c ****   hspi->ErrorCode   = HAL_SPI_ERROR_NONE;
1294:Drivers/STM32G0xx_HAL_Driver/Src/stm32g0xx_hal_spi.c ****   hspi->pRxBuffPtr  = (uint8_t *)pRxData;
1295:Drivers/STM32G0xx_HAL_Driver/Src/stm32g0xx_hal_spi.c ****   hspi->RxXferCount = Size;
1296:Drivers/STM32G0xx_HAL_Driver/Src/stm32g0xx_hal_spi.c ****   hspi->RxXferSize  = Size;
1297:Drivers/STM32G0xx_HAL_Driver/Src/stm32g0xx_hal_spi.c ****   hspi->pTxBuffPtr  = (uint8_t *)pTxData;
1298:Drivers/STM32G0xx_HAL_Driver/Src/stm32g0xx_hal_spi.c ****   hspi->TxXferCount = Size;
1299:Drivers/STM32G0xx_HAL_Driver/Src/stm32g0xx_hal_spi.c ****   hspi->TxXferSize  = Size;
1300:Drivers/STM32G0xx_HAL_Driver/Src/stm32g0xx_hal_spi.c **** 
1301:Drivers/STM32G0xx_HAL_Driver/Src/stm32g0xx_hal_spi.c ****   /*Init field not used in handle to zero */
1302:Drivers/STM32G0xx_HAL_Driver/Src/stm32g0xx_hal_spi.c ****   hspi->RxISR       = NULL;
1303:Drivers/STM32G0xx_HAL_Driver/Src/stm32g0xx_hal_spi.c ****   hspi->TxISR       = NULL;
1304:Drivers/STM32G0xx_HAL_Driver/Src/stm32g0xx_hal_spi.c **** 
1305:Drivers/STM32G0xx_HAL_Driver/Src/stm32g0xx_hal_spi.c **** #if (USE_SPI_CRC != 0U)
1306:Drivers/STM32G0xx_HAL_Driver/Src/stm32g0xx_hal_spi.c ****   /* Reset CRC Calculation */
1307:Drivers/STM32G0xx_HAL_Driver/Src/stm32g0xx_hal_spi.c ****   if (hspi->Init.CRCCalculation == SPI_CRCCALCULATION_ENABLE)
1308:Drivers/STM32G0xx_HAL_Driver/Src/stm32g0xx_hal_spi.c ****   {
1309:Drivers/STM32G0xx_HAL_Driver/Src/stm32g0xx_hal_spi.c ****     SPI_RESET_CRC(hspi);
1310:Drivers/STM32G0xx_HAL_Driver/Src/stm32g0xx_hal_spi.c ****   }
1311:Drivers/STM32G0xx_HAL_Driver/Src/stm32g0xx_hal_spi.c **** #endif /* USE_SPI_CRC */
1312:Drivers/STM32G0xx_HAL_Driver/Src/stm32g0xx_hal_spi.c **** 
1313:Drivers/STM32G0xx_HAL_Driver/Src/stm32g0xx_hal_spi.c ****   /* Set the Rx Fifo threshold */
1314:Drivers/STM32G0xx_HAL_Driver/Src/stm32g0xx_hal_spi.c ****   if (hspi->Init.DataSize > SPI_DATASIZE_8BIT)
1315:Drivers/STM32G0xx_HAL_Driver/Src/stm32g0xx_hal_spi.c ****   {
1316:Drivers/STM32G0xx_HAL_Driver/Src/stm32g0xx_hal_spi.c ****     /* Set fiforxthreshold according the reception data length: 16bit */
1317:Drivers/STM32G0xx_HAL_Driver/Src/stm32g0xx_hal_spi.c ****     CLEAR_BIT(hspi->Instance->CR2, SPI_RXFIFO_THRESHOLD);
1318:Drivers/STM32G0xx_HAL_Driver/Src/stm32g0xx_hal_spi.c ****   }
1319:Drivers/STM32G0xx_HAL_Driver/Src/stm32g0xx_hal_spi.c ****   else
1320:Drivers/STM32G0xx_HAL_Driver/Src/stm32g0xx_hal_spi.c ****   {
1321:Drivers/STM32G0xx_HAL_Driver/Src/stm32g0xx_hal_spi.c ****     /* Set fiforxthreshold according the reception data length: 8bit */
1322:Drivers/STM32G0xx_HAL_Driver/Src/stm32g0xx_hal_spi.c ****     SET_BIT(hspi->Instance->CR2, SPI_RXFIFO_THRESHOLD);
1323:Drivers/STM32G0xx_HAL_Driver/Src/stm32g0xx_hal_spi.c ****   }
1324:Drivers/STM32G0xx_HAL_Driver/Src/stm32g0xx_hal_spi.c **** 
1325:Drivers/STM32G0xx_HAL_Driver/Src/stm32g0xx_hal_spi.c ****   /* Check if the SPI is already enabled */
1326:Drivers/STM32G0xx_HAL_Driver/Src/stm32g0xx_hal_spi.c ****   if ((hspi->Instance->CR1 & SPI_CR1_SPE) != SPI_CR1_SPE)
1327:Drivers/STM32G0xx_HAL_Driver/Src/stm32g0xx_hal_spi.c ****   {
1328:Drivers/STM32G0xx_HAL_Driver/Src/stm32g0xx_hal_spi.c ****     /* Enable SPI peripheral */
1329:Drivers/STM32G0xx_HAL_Driver/Src/stm32g0xx_hal_spi.c ****     __HAL_SPI_ENABLE(hspi);
1330:Drivers/STM32G0xx_HAL_Driver/Src/stm32g0xx_hal_spi.c ****   }
1331:Drivers/STM32G0xx_HAL_Driver/Src/stm32g0xx_hal_spi.c **** 
1332:Drivers/STM32G0xx_HAL_Driver/Src/stm32g0xx_hal_spi.c ****   /* Transmit and Receive data in 16 Bit mode */
1333:Drivers/STM32G0xx_HAL_Driver/Src/stm32g0xx_hal_spi.c ****   if (hspi->Init.DataSize > SPI_DATASIZE_8BIT)
1334:Drivers/STM32G0xx_HAL_Driver/Src/stm32g0xx_hal_spi.c ****   {
1335:Drivers/STM32G0xx_HAL_Driver/Src/stm32g0xx_hal_spi.c ****     if ((hspi->Init.Mode == SPI_MODE_SLAVE) || (initial_TxXferCount == 0x01U))
1336:Drivers/STM32G0xx_HAL_Driver/Src/stm32g0xx_hal_spi.c ****     {
1337:Drivers/STM32G0xx_HAL_Driver/Src/stm32g0xx_hal_spi.c ****       hspi->Instance->DR = *((uint16_t *)hspi->pTxBuffPtr);
1338:Drivers/STM32G0xx_HAL_Driver/Src/stm32g0xx_hal_spi.c ****       hspi->pTxBuffPtr += sizeof(uint16_t);
1339:Drivers/STM32G0xx_HAL_Driver/Src/stm32g0xx_hal_spi.c ****       hspi->TxXferCount--;
1340:Drivers/STM32G0xx_HAL_Driver/Src/stm32g0xx_hal_spi.c **** 
1341:Drivers/STM32G0xx_HAL_Driver/Src/stm32g0xx_hal_spi.c **** #if (USE_SPI_CRC != 0U)
1342:Drivers/STM32G0xx_HAL_Driver/Src/stm32g0xx_hal_spi.c ****       /* Enable CRC Transmission */
1343:Drivers/STM32G0xx_HAL_Driver/Src/stm32g0xx_hal_spi.c ****       if ((hspi->TxXferCount == 0U) && (hspi->Init.CRCCalculation == SPI_CRCCALCULATION_ENABLE))
ARM GAS  C:\Users\sante\AppData\Local\Temp\cc1VgFnO.s 			page 25


1344:Drivers/STM32G0xx_HAL_Driver/Src/stm32g0xx_hal_spi.c ****       {
1345:Drivers/STM32G0xx_HAL_Driver/Src/stm32g0xx_hal_spi.c ****         /* Set NSS Soft to received correctly the CRC on slave mode with NSS pulse activated */
1346:Drivers/STM32G0xx_HAL_Driver/Src/stm32g0xx_hal_spi.c ****         if ((READ_BIT(spi_cr1, SPI_CR1_MSTR) == 0U) && (READ_BIT(spi_cr2, SPI_CR2_NSSP) == SPI_CR2_
1347:Drivers/STM32G0xx_HAL_Driver/Src/stm32g0xx_hal_spi.c ****         {
1348:Drivers/STM32G0xx_HAL_Driver/Src/stm32g0xx_hal_spi.c ****           SET_BIT(hspi->Instance->CR1, SPI_CR1_SSM);
1349:Drivers/STM32G0xx_HAL_Driver/Src/stm32g0xx_hal_spi.c ****         }
1350:Drivers/STM32G0xx_HAL_Driver/Src/stm32g0xx_hal_spi.c ****         SET_BIT(hspi->Instance->CR1, SPI_CR1_CRCNEXT);
1351:Drivers/STM32G0xx_HAL_Driver/Src/stm32g0xx_hal_spi.c ****       }
1352:Drivers/STM32G0xx_HAL_Driver/Src/stm32g0xx_hal_spi.c **** #endif /* USE_SPI_CRC */
1353:Drivers/STM32G0xx_HAL_Driver/Src/stm32g0xx_hal_spi.c **** 
1354:Drivers/STM32G0xx_HAL_Driver/Src/stm32g0xx_hal_spi.c ****     }
1355:Drivers/STM32G0xx_HAL_Driver/Src/stm32g0xx_hal_spi.c ****     while ((hspi->TxXferCount > 0U) || (hspi->RxXferCount > 0U))
1356:Drivers/STM32G0xx_HAL_Driver/Src/stm32g0xx_hal_spi.c ****     {
1357:Drivers/STM32G0xx_HAL_Driver/Src/stm32g0xx_hal_spi.c ****       /* Check TXE flag */
1358:Drivers/STM32G0xx_HAL_Driver/Src/stm32g0xx_hal_spi.c ****       if ((__HAL_SPI_GET_FLAG(hspi, SPI_FLAG_TXE)) && (hspi->TxXferCount > 0U) && (txallowed == 1U)
1359:Drivers/STM32G0xx_HAL_Driver/Src/stm32g0xx_hal_spi.c ****       {
1360:Drivers/STM32G0xx_HAL_Driver/Src/stm32g0xx_hal_spi.c ****         hspi->Instance->DR = *((uint16_t *)hspi->pTxBuffPtr);
1361:Drivers/STM32G0xx_HAL_Driver/Src/stm32g0xx_hal_spi.c ****         hspi->pTxBuffPtr += sizeof(uint16_t);
1362:Drivers/STM32G0xx_HAL_Driver/Src/stm32g0xx_hal_spi.c ****         hspi->TxXferCount--;
1363:Drivers/STM32G0xx_HAL_Driver/Src/stm32g0xx_hal_spi.c ****         /* Next Data is a reception (Rx). Tx not allowed */
1364:Drivers/STM32G0xx_HAL_Driver/Src/stm32g0xx_hal_spi.c ****         txallowed = 0U;
1365:Drivers/STM32G0xx_HAL_Driver/Src/stm32g0xx_hal_spi.c **** 
1366:Drivers/STM32G0xx_HAL_Driver/Src/stm32g0xx_hal_spi.c **** #if (USE_SPI_CRC != 0U)
1367:Drivers/STM32G0xx_HAL_Driver/Src/stm32g0xx_hal_spi.c ****         /* Enable CRC Transmission */
1368:Drivers/STM32G0xx_HAL_Driver/Src/stm32g0xx_hal_spi.c ****         if ((hspi->TxXferCount == 0U) && (hspi->Init.CRCCalculation == SPI_CRCCALCULATION_ENABLE))
1369:Drivers/STM32G0xx_HAL_Driver/Src/stm32g0xx_hal_spi.c ****         {
1370:Drivers/STM32G0xx_HAL_Driver/Src/stm32g0xx_hal_spi.c ****           /* Set NSS Soft to received correctly the CRC on slave mode with NSS pulse activated */
1371:Drivers/STM32G0xx_HAL_Driver/Src/stm32g0xx_hal_spi.c ****           if ((READ_BIT(spi_cr1, SPI_CR1_MSTR) == 0U) && (READ_BIT(spi_cr2, SPI_CR2_NSSP) == SPI_CR
1372:Drivers/STM32G0xx_HAL_Driver/Src/stm32g0xx_hal_spi.c ****           {
1373:Drivers/STM32G0xx_HAL_Driver/Src/stm32g0xx_hal_spi.c ****             SET_BIT(hspi->Instance->CR1, SPI_CR1_SSM);
1374:Drivers/STM32G0xx_HAL_Driver/Src/stm32g0xx_hal_spi.c ****           }
1375:Drivers/STM32G0xx_HAL_Driver/Src/stm32g0xx_hal_spi.c ****           SET_BIT(hspi->Instance->CR1, SPI_CR1_CRCNEXT);
1376:Drivers/STM32G0xx_HAL_Driver/Src/stm32g0xx_hal_spi.c ****         }
1377:Drivers/STM32G0xx_HAL_Driver/Src/stm32g0xx_hal_spi.c **** #endif /* USE_SPI_CRC */
1378:Drivers/STM32G0xx_HAL_Driver/Src/stm32g0xx_hal_spi.c ****       }
1379:Drivers/STM32G0xx_HAL_Driver/Src/stm32g0xx_hal_spi.c **** 
1380:Drivers/STM32G0xx_HAL_Driver/Src/stm32g0xx_hal_spi.c ****       /* Check RXNE flag */
1381:Drivers/STM32G0xx_HAL_Driver/Src/stm32g0xx_hal_spi.c ****       if ((__HAL_SPI_GET_FLAG(hspi, SPI_FLAG_RXNE)) && (hspi->RxXferCount > 0U))
1382:Drivers/STM32G0xx_HAL_Driver/Src/stm32g0xx_hal_spi.c ****       {
1383:Drivers/STM32G0xx_HAL_Driver/Src/stm32g0xx_hal_spi.c ****         *((uint16_t *)hspi->pRxBuffPtr) = (uint16_t)hspi->Instance->DR;
1384:Drivers/STM32G0xx_HAL_Driver/Src/stm32g0xx_hal_spi.c ****         hspi->pRxBuffPtr += sizeof(uint16_t);
1385:Drivers/STM32G0xx_HAL_Driver/Src/stm32g0xx_hal_spi.c ****         hspi->RxXferCount--;
1386:Drivers/STM32G0xx_HAL_Driver/Src/stm32g0xx_hal_spi.c ****         /* Next Data is a Transmission (Tx). Tx is allowed */
1387:Drivers/STM32G0xx_HAL_Driver/Src/stm32g0xx_hal_spi.c ****         txallowed = 1U;
1388:Drivers/STM32G0xx_HAL_Driver/Src/stm32g0xx_hal_spi.c ****       }
1389:Drivers/STM32G0xx_HAL_Driver/Src/stm32g0xx_hal_spi.c ****       if (((HAL_GetTick() - tickstart) >=  Timeout) && (Timeout != HAL_MAX_DELAY))
1390:Drivers/STM32G0xx_HAL_Driver/Src/stm32g0xx_hal_spi.c ****       {
1391:Drivers/STM32G0xx_HAL_Driver/Src/stm32g0xx_hal_spi.c ****         errorcode = HAL_TIMEOUT;
1392:Drivers/STM32G0xx_HAL_Driver/Src/stm32g0xx_hal_spi.c ****         hspi->State = HAL_SPI_STATE_READY;
1393:Drivers/STM32G0xx_HAL_Driver/Src/stm32g0xx_hal_spi.c ****         goto error;
1394:Drivers/STM32G0xx_HAL_Driver/Src/stm32g0xx_hal_spi.c ****       }
1395:Drivers/STM32G0xx_HAL_Driver/Src/stm32g0xx_hal_spi.c ****     }
1396:Drivers/STM32G0xx_HAL_Driver/Src/stm32g0xx_hal_spi.c ****   }
1397:Drivers/STM32G0xx_HAL_Driver/Src/stm32g0xx_hal_spi.c ****   /* Transmit and Receive data in 8 Bit mode */
1398:Drivers/STM32G0xx_HAL_Driver/Src/stm32g0xx_hal_spi.c ****   else
1399:Drivers/STM32G0xx_HAL_Driver/Src/stm32g0xx_hal_spi.c ****   {
1400:Drivers/STM32G0xx_HAL_Driver/Src/stm32g0xx_hal_spi.c ****     if ((hspi->Init.Mode == SPI_MODE_SLAVE) || (initial_TxXferCount == 0x01U))
ARM GAS  C:\Users\sante\AppData\Local\Temp\cc1VgFnO.s 			page 26


1401:Drivers/STM32G0xx_HAL_Driver/Src/stm32g0xx_hal_spi.c ****     {
1402:Drivers/STM32G0xx_HAL_Driver/Src/stm32g0xx_hal_spi.c ****       *((__IO uint8_t *)&hspi->Instance->DR) = (*hspi->pTxBuffPtr);
1403:Drivers/STM32G0xx_HAL_Driver/Src/stm32g0xx_hal_spi.c ****       hspi->pTxBuffPtr += sizeof(uint8_t);
1404:Drivers/STM32G0xx_HAL_Driver/Src/stm32g0xx_hal_spi.c ****       hspi->TxXferCount--;
1405:Drivers/STM32G0xx_HAL_Driver/Src/stm32g0xx_hal_spi.c **** 
1406:Drivers/STM32G0xx_HAL_Driver/Src/stm32g0xx_hal_spi.c **** #if (USE_SPI_CRC != 0U)
1407:Drivers/STM32G0xx_HAL_Driver/Src/stm32g0xx_hal_spi.c ****       /* Enable CRC Transmission */
1408:Drivers/STM32G0xx_HAL_Driver/Src/stm32g0xx_hal_spi.c ****       if ((hspi->TxXferCount == 0U) && (hspi->Init.CRCCalculation == SPI_CRCCALCULATION_ENABLE))
1409:Drivers/STM32G0xx_HAL_Driver/Src/stm32g0xx_hal_spi.c ****       {
1410:Drivers/STM32G0xx_HAL_Driver/Src/stm32g0xx_hal_spi.c ****         /* Set NSS Soft to received correctly the CRC on slave mode with NSS pulse activated */
1411:Drivers/STM32G0xx_HAL_Driver/Src/stm32g0xx_hal_spi.c ****         if ((READ_BIT(spi_cr1, SPI_CR1_MSTR) == 0U) && (READ_BIT(spi_cr2, SPI_CR2_NSSP) == SPI_CR2_
1412:Drivers/STM32G0xx_HAL_Driver/Src/stm32g0xx_hal_spi.c ****         {
1413:Drivers/STM32G0xx_HAL_Driver/Src/stm32g0xx_hal_spi.c ****           SET_BIT(hspi->Instance->CR1, SPI_CR1_SSM);
1414:Drivers/STM32G0xx_HAL_Driver/Src/stm32g0xx_hal_spi.c ****         }
1415:Drivers/STM32G0xx_HAL_Driver/Src/stm32g0xx_hal_spi.c ****         SET_BIT(hspi->Instance->CR1, SPI_CR1_CRCNEXT);
1416:Drivers/STM32G0xx_HAL_Driver/Src/stm32g0xx_hal_spi.c ****       }
1417:Drivers/STM32G0xx_HAL_Driver/Src/stm32g0xx_hal_spi.c **** #endif /* USE_SPI_CRC */
1418:Drivers/STM32G0xx_HAL_Driver/Src/stm32g0xx_hal_spi.c ****     }
1419:Drivers/STM32G0xx_HAL_Driver/Src/stm32g0xx_hal_spi.c ****     while ((hspi->TxXferCount > 0U) || (hspi->RxXferCount > 0U))
1420:Drivers/STM32G0xx_HAL_Driver/Src/stm32g0xx_hal_spi.c ****     {
1421:Drivers/STM32G0xx_HAL_Driver/Src/stm32g0xx_hal_spi.c ****       /* Check TXE flag */
1422:Drivers/STM32G0xx_HAL_Driver/Src/stm32g0xx_hal_spi.c ****       if ((__HAL_SPI_GET_FLAG(hspi, SPI_FLAG_TXE)) && (hspi->TxXferCount > 0U) && (txallowed == 1U)
1423:Drivers/STM32G0xx_HAL_Driver/Src/stm32g0xx_hal_spi.c ****       {
1424:Drivers/STM32G0xx_HAL_Driver/Src/stm32g0xx_hal_spi.c ****         *(__IO uint8_t *)&hspi->Instance->DR = (*hspi->pTxBuffPtr);
1425:Drivers/STM32G0xx_HAL_Driver/Src/stm32g0xx_hal_spi.c ****         hspi->pTxBuffPtr++;
1426:Drivers/STM32G0xx_HAL_Driver/Src/stm32g0xx_hal_spi.c ****         hspi->TxXferCount--;
1427:Drivers/STM32G0xx_HAL_Driver/Src/stm32g0xx_hal_spi.c ****         /* Next Data is a reception (Rx). Tx not allowed */
1428:Drivers/STM32G0xx_HAL_Driver/Src/stm32g0xx_hal_spi.c ****         txallowed = 0U;
1429:Drivers/STM32G0xx_HAL_Driver/Src/stm32g0xx_hal_spi.c **** 
1430:Drivers/STM32G0xx_HAL_Driver/Src/stm32g0xx_hal_spi.c **** #if (USE_SPI_CRC != 0U)
1431:Drivers/STM32G0xx_HAL_Driver/Src/stm32g0xx_hal_spi.c ****         /* Enable CRC Transmission */
1432:Drivers/STM32G0xx_HAL_Driver/Src/stm32g0xx_hal_spi.c ****         if ((hspi->TxXferCount == 0U) && (hspi->Init.CRCCalculation == SPI_CRCCALCULATION_ENABLE))
1433:Drivers/STM32G0xx_HAL_Driver/Src/stm32g0xx_hal_spi.c ****         {
1434:Drivers/STM32G0xx_HAL_Driver/Src/stm32g0xx_hal_spi.c ****           /* Set NSS Soft to received correctly the CRC on slave mode with NSS pulse activated */
1435:Drivers/STM32G0xx_HAL_Driver/Src/stm32g0xx_hal_spi.c ****           if ((READ_BIT(spi_cr1, SPI_CR1_MSTR) == 0U) && (READ_BIT(spi_cr2, SPI_CR2_NSSP) == SPI_CR
1436:Drivers/STM32G0xx_HAL_Driver/Src/stm32g0xx_hal_spi.c ****           {
1437:Drivers/STM32G0xx_HAL_Driver/Src/stm32g0xx_hal_spi.c ****             SET_BIT(hspi->Instance->CR1, SPI_CR1_SSM);
1438:Drivers/STM32G0xx_HAL_Driver/Src/stm32g0xx_hal_spi.c ****           }
1439:Drivers/STM32G0xx_HAL_Driver/Src/stm32g0xx_hal_spi.c ****           SET_BIT(hspi->Instance->CR1, SPI_CR1_CRCNEXT);
1440:Drivers/STM32G0xx_HAL_Driver/Src/stm32g0xx_hal_spi.c ****         }
1441:Drivers/STM32G0xx_HAL_Driver/Src/stm32g0xx_hal_spi.c **** #endif /* USE_SPI_CRC */
1442:Drivers/STM32G0xx_HAL_Driver/Src/stm32g0xx_hal_spi.c ****       }
1443:Drivers/STM32G0xx_HAL_Driver/Src/stm32g0xx_hal_spi.c **** 
1444:Drivers/STM32G0xx_HAL_Driver/Src/stm32g0xx_hal_spi.c ****       /* Wait until RXNE flag is reset */
1445:Drivers/STM32G0xx_HAL_Driver/Src/stm32g0xx_hal_spi.c ****       if ((__HAL_SPI_GET_FLAG(hspi, SPI_FLAG_RXNE)) && (hspi->RxXferCount > 0U))
1446:Drivers/STM32G0xx_HAL_Driver/Src/stm32g0xx_hal_spi.c ****       {
1447:Drivers/STM32G0xx_HAL_Driver/Src/stm32g0xx_hal_spi.c ****         (*(uint8_t *)hspi->pRxBuffPtr) = *(__IO uint8_t *)&hspi->Instance->DR;
1448:Drivers/STM32G0xx_HAL_Driver/Src/stm32g0xx_hal_spi.c ****         hspi->pRxBuffPtr++;
1449:Drivers/STM32G0xx_HAL_Driver/Src/stm32g0xx_hal_spi.c ****         hspi->RxXferCount--;
1450:Drivers/STM32G0xx_HAL_Driver/Src/stm32g0xx_hal_spi.c ****         /* Next Data is a Transmission (Tx). Tx is allowed */
1451:Drivers/STM32G0xx_HAL_Driver/Src/stm32g0xx_hal_spi.c ****         txallowed = 1U;
1452:Drivers/STM32G0xx_HAL_Driver/Src/stm32g0xx_hal_spi.c ****       }
1453:Drivers/STM32G0xx_HAL_Driver/Src/stm32g0xx_hal_spi.c ****       if ((((HAL_GetTick() - tickstart) >=  Timeout) && ((Timeout != HAL_MAX_DELAY))) || (Timeout =
1454:Drivers/STM32G0xx_HAL_Driver/Src/stm32g0xx_hal_spi.c ****       {
1455:Drivers/STM32G0xx_HAL_Driver/Src/stm32g0xx_hal_spi.c ****         errorcode = HAL_TIMEOUT;
1456:Drivers/STM32G0xx_HAL_Driver/Src/stm32g0xx_hal_spi.c ****         hspi->State = HAL_SPI_STATE_READY;
1457:Drivers/STM32G0xx_HAL_Driver/Src/stm32g0xx_hal_spi.c ****         goto error;
ARM GAS  C:\Users\sante\AppData\Local\Temp\cc1VgFnO.s 			page 27


1458:Drivers/STM32G0xx_HAL_Driver/Src/stm32g0xx_hal_spi.c ****       }
1459:Drivers/STM32G0xx_HAL_Driver/Src/stm32g0xx_hal_spi.c ****     }
1460:Drivers/STM32G0xx_HAL_Driver/Src/stm32g0xx_hal_spi.c ****   }
1461:Drivers/STM32G0xx_HAL_Driver/Src/stm32g0xx_hal_spi.c **** 
1462:Drivers/STM32G0xx_HAL_Driver/Src/stm32g0xx_hal_spi.c **** #if (USE_SPI_CRC != 0U)
1463:Drivers/STM32G0xx_HAL_Driver/Src/stm32g0xx_hal_spi.c ****   /* Read CRC from DR to close CRC calculation process */
1464:Drivers/STM32G0xx_HAL_Driver/Src/stm32g0xx_hal_spi.c ****   if (hspi->Init.CRCCalculation == SPI_CRCCALCULATION_ENABLE)
1465:Drivers/STM32G0xx_HAL_Driver/Src/stm32g0xx_hal_spi.c ****   {
1466:Drivers/STM32G0xx_HAL_Driver/Src/stm32g0xx_hal_spi.c ****     /* Wait until TXE flag */
1467:Drivers/STM32G0xx_HAL_Driver/Src/stm32g0xx_hal_spi.c ****     if (SPI_WaitFlagStateUntilTimeout(hspi, SPI_FLAG_RXNE, SET, Timeout, tickstart) != HAL_OK)
1468:Drivers/STM32G0xx_HAL_Driver/Src/stm32g0xx_hal_spi.c ****     {
1469:Drivers/STM32G0xx_HAL_Driver/Src/stm32g0xx_hal_spi.c ****       /* Error on the CRC reception */
1470:Drivers/STM32G0xx_HAL_Driver/Src/stm32g0xx_hal_spi.c ****       SET_BIT(hspi->ErrorCode, HAL_SPI_ERROR_CRC);
1471:Drivers/STM32G0xx_HAL_Driver/Src/stm32g0xx_hal_spi.c ****       errorcode = HAL_TIMEOUT;
1472:Drivers/STM32G0xx_HAL_Driver/Src/stm32g0xx_hal_spi.c ****       goto error;
1473:Drivers/STM32G0xx_HAL_Driver/Src/stm32g0xx_hal_spi.c ****     }
1474:Drivers/STM32G0xx_HAL_Driver/Src/stm32g0xx_hal_spi.c ****     /* Read CRC */
1475:Drivers/STM32G0xx_HAL_Driver/Src/stm32g0xx_hal_spi.c ****     if (hspi->Init.DataSize == SPI_DATASIZE_16BIT)
1476:Drivers/STM32G0xx_HAL_Driver/Src/stm32g0xx_hal_spi.c ****     {
1477:Drivers/STM32G0xx_HAL_Driver/Src/stm32g0xx_hal_spi.c ****       /* Read 16bit CRC */
1478:Drivers/STM32G0xx_HAL_Driver/Src/stm32g0xx_hal_spi.c ****       tmpreg = READ_REG(hspi->Instance->DR);
1479:Drivers/STM32G0xx_HAL_Driver/Src/stm32g0xx_hal_spi.c ****       /* To avoid GCC warning */
1480:Drivers/STM32G0xx_HAL_Driver/Src/stm32g0xx_hal_spi.c ****       UNUSED(tmpreg);
1481:Drivers/STM32G0xx_HAL_Driver/Src/stm32g0xx_hal_spi.c ****     }
1482:Drivers/STM32G0xx_HAL_Driver/Src/stm32g0xx_hal_spi.c ****     else
1483:Drivers/STM32G0xx_HAL_Driver/Src/stm32g0xx_hal_spi.c ****     {
1484:Drivers/STM32G0xx_HAL_Driver/Src/stm32g0xx_hal_spi.c ****       /* Initialize the 8bit temporary pointer */
1485:Drivers/STM32G0xx_HAL_Driver/Src/stm32g0xx_hal_spi.c ****       ptmpreg8 = (__IO uint8_t *)&hspi->Instance->DR;
1486:Drivers/STM32G0xx_HAL_Driver/Src/stm32g0xx_hal_spi.c ****       /* Read 8bit CRC */
1487:Drivers/STM32G0xx_HAL_Driver/Src/stm32g0xx_hal_spi.c ****       tmpreg8 = *ptmpreg8;
1488:Drivers/STM32G0xx_HAL_Driver/Src/stm32g0xx_hal_spi.c ****       /* To avoid GCC warning */
1489:Drivers/STM32G0xx_HAL_Driver/Src/stm32g0xx_hal_spi.c ****       UNUSED(tmpreg8);
1490:Drivers/STM32G0xx_HAL_Driver/Src/stm32g0xx_hal_spi.c **** 
1491:Drivers/STM32G0xx_HAL_Driver/Src/stm32g0xx_hal_spi.c ****       if (hspi->Init.CRCLength == SPI_CRC_LENGTH_16BIT)
1492:Drivers/STM32G0xx_HAL_Driver/Src/stm32g0xx_hal_spi.c ****       {
1493:Drivers/STM32G0xx_HAL_Driver/Src/stm32g0xx_hal_spi.c ****         if (SPI_WaitFlagStateUntilTimeout(hspi, SPI_FLAG_RXNE, SET, Timeout, tickstart) != HAL_OK)
1494:Drivers/STM32G0xx_HAL_Driver/Src/stm32g0xx_hal_spi.c ****         {
1495:Drivers/STM32G0xx_HAL_Driver/Src/stm32g0xx_hal_spi.c ****           /* Error on the CRC reception */
1496:Drivers/STM32G0xx_HAL_Driver/Src/stm32g0xx_hal_spi.c ****           SET_BIT(hspi->ErrorCode, HAL_SPI_ERROR_CRC);
1497:Drivers/STM32G0xx_HAL_Driver/Src/stm32g0xx_hal_spi.c ****           errorcode = HAL_TIMEOUT;
1498:Drivers/STM32G0xx_HAL_Driver/Src/stm32g0xx_hal_spi.c ****           goto error;
1499:Drivers/STM32G0xx_HAL_Driver/Src/stm32g0xx_hal_spi.c ****         }
1500:Drivers/STM32G0xx_HAL_Driver/Src/stm32g0xx_hal_spi.c ****         /* Read 8bit CRC again in case of 16bit CRC in 8bit Data mode */
1501:Drivers/STM32G0xx_HAL_Driver/Src/stm32g0xx_hal_spi.c ****         tmpreg8 = *ptmpreg8;
1502:Drivers/STM32G0xx_HAL_Driver/Src/stm32g0xx_hal_spi.c ****         /* To avoid GCC warning */
1503:Drivers/STM32G0xx_HAL_Driver/Src/stm32g0xx_hal_spi.c ****         UNUSED(tmpreg8);
1504:Drivers/STM32G0xx_HAL_Driver/Src/stm32g0xx_hal_spi.c ****       }
1505:Drivers/STM32G0xx_HAL_Driver/Src/stm32g0xx_hal_spi.c ****     }
1506:Drivers/STM32G0xx_HAL_Driver/Src/stm32g0xx_hal_spi.c ****   }
1507:Drivers/STM32G0xx_HAL_Driver/Src/stm32g0xx_hal_spi.c **** 
1508:Drivers/STM32G0xx_HAL_Driver/Src/stm32g0xx_hal_spi.c ****   /* Check if CRC error occurred */
1509:Drivers/STM32G0xx_HAL_Driver/Src/stm32g0xx_hal_spi.c ****   if (__HAL_SPI_GET_FLAG(hspi, SPI_FLAG_CRCERR))
1510:Drivers/STM32G0xx_HAL_Driver/Src/stm32g0xx_hal_spi.c ****   {
1511:Drivers/STM32G0xx_HAL_Driver/Src/stm32g0xx_hal_spi.c ****     SET_BIT(hspi->ErrorCode, HAL_SPI_ERROR_CRC);
1512:Drivers/STM32G0xx_HAL_Driver/Src/stm32g0xx_hal_spi.c ****     /* Clear CRC Flag */
1513:Drivers/STM32G0xx_HAL_Driver/Src/stm32g0xx_hal_spi.c ****     __HAL_SPI_CLEAR_CRCERRFLAG(hspi);
1514:Drivers/STM32G0xx_HAL_Driver/Src/stm32g0xx_hal_spi.c **** 
ARM GAS  C:\Users\sante\AppData\Local\Temp\cc1VgFnO.s 			page 28


1515:Drivers/STM32G0xx_HAL_Driver/Src/stm32g0xx_hal_spi.c ****     errorcode = HAL_ERROR;
1516:Drivers/STM32G0xx_HAL_Driver/Src/stm32g0xx_hal_spi.c ****   }
1517:Drivers/STM32G0xx_HAL_Driver/Src/stm32g0xx_hal_spi.c **** #endif /* USE_SPI_CRC */
1518:Drivers/STM32G0xx_HAL_Driver/Src/stm32g0xx_hal_spi.c **** 
1519:Drivers/STM32G0xx_HAL_Driver/Src/stm32g0xx_hal_spi.c ****   /* Check the end of the transaction */
1520:Drivers/STM32G0xx_HAL_Driver/Src/stm32g0xx_hal_spi.c ****   if (SPI_EndRxTxTransaction(hspi, Timeout, tickstart) != HAL_OK)
1521:Drivers/STM32G0xx_HAL_Driver/Src/stm32g0xx_hal_spi.c ****   {
1522:Drivers/STM32G0xx_HAL_Driver/Src/stm32g0xx_hal_spi.c ****     errorcode = HAL_ERROR;
1523:Drivers/STM32G0xx_HAL_Driver/Src/stm32g0xx_hal_spi.c ****     hspi->ErrorCode = HAL_SPI_ERROR_FLAG;
1524:Drivers/STM32G0xx_HAL_Driver/Src/stm32g0xx_hal_spi.c ****   }
1525:Drivers/STM32G0xx_HAL_Driver/Src/stm32g0xx_hal_spi.c **** 
1526:Drivers/STM32G0xx_HAL_Driver/Src/stm32g0xx_hal_spi.c ****   if (hspi->ErrorCode != HAL_SPI_ERROR_NONE)
1527:Drivers/STM32G0xx_HAL_Driver/Src/stm32g0xx_hal_spi.c ****   {
1528:Drivers/STM32G0xx_HAL_Driver/Src/stm32g0xx_hal_spi.c ****     errorcode = HAL_ERROR;
1529:Drivers/STM32G0xx_HAL_Driver/Src/stm32g0xx_hal_spi.c ****   }
1530:Drivers/STM32G0xx_HAL_Driver/Src/stm32g0xx_hal_spi.c ****   else
1531:Drivers/STM32G0xx_HAL_Driver/Src/stm32g0xx_hal_spi.c ****   {
1532:Drivers/STM32G0xx_HAL_Driver/Src/stm32g0xx_hal_spi.c ****     hspi->State = HAL_SPI_STATE_READY;
1533:Drivers/STM32G0xx_HAL_Driver/Src/stm32g0xx_hal_spi.c ****   }
1534:Drivers/STM32G0xx_HAL_Driver/Src/stm32g0xx_hal_spi.c ****   
1535:Drivers/STM32G0xx_HAL_Driver/Src/stm32g0xx_hal_spi.c **** error :
1536:Drivers/STM32G0xx_HAL_Driver/Src/stm32g0xx_hal_spi.c ****   __HAL_UNLOCK(hspi);
1537:Drivers/STM32G0xx_HAL_Driver/Src/stm32g0xx_hal_spi.c ****   return errorcode;
1538:Drivers/STM32G0xx_HAL_Driver/Src/stm32g0xx_hal_spi.c **** }
1539:Drivers/STM32G0xx_HAL_Driver/Src/stm32g0xx_hal_spi.c **** 
1540:Drivers/STM32G0xx_HAL_Driver/Src/stm32g0xx_hal_spi.c **** /**
1541:Drivers/STM32G0xx_HAL_Driver/Src/stm32g0xx_hal_spi.c ****   * @brief  Transmit an amount of data in non-blocking mode with Interrupt.
1542:Drivers/STM32G0xx_HAL_Driver/Src/stm32g0xx_hal_spi.c ****   * @param  hspi pointer to a SPI_HandleTypeDef structure that contains
1543:Drivers/STM32G0xx_HAL_Driver/Src/stm32g0xx_hal_spi.c ****   *               the configuration information for SPI module.
1544:Drivers/STM32G0xx_HAL_Driver/Src/stm32g0xx_hal_spi.c ****   * @param  pData pointer to data buffer
1545:Drivers/STM32G0xx_HAL_Driver/Src/stm32g0xx_hal_spi.c ****   * @param  Size amount of data to be sent
1546:Drivers/STM32G0xx_HAL_Driver/Src/stm32g0xx_hal_spi.c ****   * @retval HAL status
1547:Drivers/STM32G0xx_HAL_Driver/Src/stm32g0xx_hal_spi.c ****   */
1548:Drivers/STM32G0xx_HAL_Driver/Src/stm32g0xx_hal_spi.c **** HAL_StatusTypeDef HAL_SPI_Transmit_IT(SPI_HandleTypeDef *hspi, uint8_t *pData, uint16_t Size)
1549:Drivers/STM32G0xx_HAL_Driver/Src/stm32g0xx_hal_spi.c **** {
1550:Drivers/STM32G0xx_HAL_Driver/Src/stm32g0xx_hal_spi.c ****   HAL_StatusTypeDef errorcode = HAL_OK;
1551:Drivers/STM32G0xx_HAL_Driver/Src/stm32g0xx_hal_spi.c **** 
1552:Drivers/STM32G0xx_HAL_Driver/Src/stm32g0xx_hal_spi.c ****   /* Check Direction parameter */
1553:Drivers/STM32G0xx_HAL_Driver/Src/stm32g0xx_hal_spi.c ****   assert_param(IS_SPI_DIRECTION_2LINES_OR_1LINE(hspi->Init.Direction));
1554:Drivers/STM32G0xx_HAL_Driver/Src/stm32g0xx_hal_spi.c **** 
1555:Drivers/STM32G0xx_HAL_Driver/Src/stm32g0xx_hal_spi.c **** 
1556:Drivers/STM32G0xx_HAL_Driver/Src/stm32g0xx_hal_spi.c ****   if ((pData == NULL) || (Size == 0U))
1557:Drivers/STM32G0xx_HAL_Driver/Src/stm32g0xx_hal_spi.c ****   {
1558:Drivers/STM32G0xx_HAL_Driver/Src/stm32g0xx_hal_spi.c ****     errorcode = HAL_ERROR;
1559:Drivers/STM32G0xx_HAL_Driver/Src/stm32g0xx_hal_spi.c ****     goto error;
1560:Drivers/STM32G0xx_HAL_Driver/Src/stm32g0xx_hal_spi.c ****   }
1561:Drivers/STM32G0xx_HAL_Driver/Src/stm32g0xx_hal_spi.c **** 
1562:Drivers/STM32G0xx_HAL_Driver/Src/stm32g0xx_hal_spi.c ****   if (hspi->State != HAL_SPI_STATE_READY)
1563:Drivers/STM32G0xx_HAL_Driver/Src/stm32g0xx_hal_spi.c ****   {
1564:Drivers/STM32G0xx_HAL_Driver/Src/stm32g0xx_hal_spi.c ****     errorcode = HAL_BUSY;
1565:Drivers/STM32G0xx_HAL_Driver/Src/stm32g0xx_hal_spi.c ****     goto error;
1566:Drivers/STM32G0xx_HAL_Driver/Src/stm32g0xx_hal_spi.c ****   }
1567:Drivers/STM32G0xx_HAL_Driver/Src/stm32g0xx_hal_spi.c **** 
1568:Drivers/STM32G0xx_HAL_Driver/Src/stm32g0xx_hal_spi.c ****   /* Process Locked */
1569:Drivers/STM32G0xx_HAL_Driver/Src/stm32g0xx_hal_spi.c ****   __HAL_LOCK(hspi);
1570:Drivers/STM32G0xx_HAL_Driver/Src/stm32g0xx_hal_spi.c **** 
1571:Drivers/STM32G0xx_HAL_Driver/Src/stm32g0xx_hal_spi.c ****   /* Set the transaction information */
ARM GAS  C:\Users\sante\AppData\Local\Temp\cc1VgFnO.s 			page 29


1572:Drivers/STM32G0xx_HAL_Driver/Src/stm32g0xx_hal_spi.c ****   hspi->State       = HAL_SPI_STATE_BUSY_TX;
1573:Drivers/STM32G0xx_HAL_Driver/Src/stm32g0xx_hal_spi.c ****   hspi->ErrorCode   = HAL_SPI_ERROR_NONE;
1574:Drivers/STM32G0xx_HAL_Driver/Src/stm32g0xx_hal_spi.c ****   hspi->pTxBuffPtr  = (uint8_t *)pData;
1575:Drivers/STM32G0xx_HAL_Driver/Src/stm32g0xx_hal_spi.c ****   hspi->TxXferSize  = Size;
1576:Drivers/STM32G0xx_HAL_Driver/Src/stm32g0xx_hal_spi.c ****   hspi->TxXferCount = Size;
1577:Drivers/STM32G0xx_HAL_Driver/Src/stm32g0xx_hal_spi.c **** 
1578:Drivers/STM32G0xx_HAL_Driver/Src/stm32g0xx_hal_spi.c ****   /* Init field not used in handle to zero */
1579:Drivers/STM32G0xx_HAL_Driver/Src/stm32g0xx_hal_spi.c ****   hspi->pRxBuffPtr  = (uint8_t *)NULL;
1580:Drivers/STM32G0xx_HAL_Driver/Src/stm32g0xx_hal_spi.c ****   hspi->RxXferSize  = 0U;
1581:Drivers/STM32G0xx_HAL_Driver/Src/stm32g0xx_hal_spi.c ****   hspi->RxXferCount = 0U;
1582:Drivers/STM32G0xx_HAL_Driver/Src/stm32g0xx_hal_spi.c ****   hspi->RxISR       = NULL;
1583:Drivers/STM32G0xx_HAL_Driver/Src/stm32g0xx_hal_spi.c **** 
1584:Drivers/STM32G0xx_HAL_Driver/Src/stm32g0xx_hal_spi.c ****   /* Set the function for IT treatment */
1585:Drivers/STM32G0xx_HAL_Driver/Src/stm32g0xx_hal_spi.c ****   if (hspi->Init.DataSize > SPI_DATASIZE_8BIT)
1586:Drivers/STM32G0xx_HAL_Driver/Src/stm32g0xx_hal_spi.c ****   {
1587:Drivers/STM32G0xx_HAL_Driver/Src/stm32g0xx_hal_spi.c ****     hspi->TxISR = SPI_TxISR_16BIT;
1588:Drivers/STM32G0xx_HAL_Driver/Src/stm32g0xx_hal_spi.c ****   }
1589:Drivers/STM32G0xx_HAL_Driver/Src/stm32g0xx_hal_spi.c ****   else
1590:Drivers/STM32G0xx_HAL_Driver/Src/stm32g0xx_hal_spi.c ****   {
1591:Drivers/STM32G0xx_HAL_Driver/Src/stm32g0xx_hal_spi.c ****     hspi->TxISR = SPI_TxISR_8BIT;
1592:Drivers/STM32G0xx_HAL_Driver/Src/stm32g0xx_hal_spi.c ****   }
1593:Drivers/STM32G0xx_HAL_Driver/Src/stm32g0xx_hal_spi.c **** 
1594:Drivers/STM32G0xx_HAL_Driver/Src/stm32g0xx_hal_spi.c ****   /* Configure communication direction : 1Line */
1595:Drivers/STM32G0xx_HAL_Driver/Src/stm32g0xx_hal_spi.c ****   if (hspi->Init.Direction == SPI_DIRECTION_1LINE)
1596:Drivers/STM32G0xx_HAL_Driver/Src/stm32g0xx_hal_spi.c ****   {
1597:Drivers/STM32G0xx_HAL_Driver/Src/stm32g0xx_hal_spi.c ****     /* Disable SPI Peripheral before set 1Line direction (BIDIOE bit) */
1598:Drivers/STM32G0xx_HAL_Driver/Src/stm32g0xx_hal_spi.c ****     __HAL_SPI_DISABLE(hspi);
1599:Drivers/STM32G0xx_HAL_Driver/Src/stm32g0xx_hal_spi.c ****     SPI_1LINE_TX(hspi);
1600:Drivers/STM32G0xx_HAL_Driver/Src/stm32g0xx_hal_spi.c ****   }
1601:Drivers/STM32G0xx_HAL_Driver/Src/stm32g0xx_hal_spi.c **** 
1602:Drivers/STM32G0xx_HAL_Driver/Src/stm32g0xx_hal_spi.c **** #if (USE_SPI_CRC != 0U)
1603:Drivers/STM32G0xx_HAL_Driver/Src/stm32g0xx_hal_spi.c ****   /* Reset CRC Calculation */
1604:Drivers/STM32G0xx_HAL_Driver/Src/stm32g0xx_hal_spi.c ****   if (hspi->Init.CRCCalculation == SPI_CRCCALCULATION_ENABLE)
1605:Drivers/STM32G0xx_HAL_Driver/Src/stm32g0xx_hal_spi.c ****   {
1606:Drivers/STM32G0xx_HAL_Driver/Src/stm32g0xx_hal_spi.c ****     SPI_RESET_CRC(hspi);
1607:Drivers/STM32G0xx_HAL_Driver/Src/stm32g0xx_hal_spi.c ****   }
1608:Drivers/STM32G0xx_HAL_Driver/Src/stm32g0xx_hal_spi.c **** #endif /* USE_SPI_CRC */
1609:Drivers/STM32G0xx_HAL_Driver/Src/stm32g0xx_hal_spi.c **** 
1610:Drivers/STM32G0xx_HAL_Driver/Src/stm32g0xx_hal_spi.c ****   /* Check if the SPI is already enabled */
1611:Drivers/STM32G0xx_HAL_Driver/Src/stm32g0xx_hal_spi.c ****   if ((hspi->Instance->CR1 & SPI_CR1_SPE) != SPI_CR1_SPE)
1612:Drivers/STM32G0xx_HAL_Driver/Src/stm32g0xx_hal_spi.c ****   {
1613:Drivers/STM32G0xx_HAL_Driver/Src/stm32g0xx_hal_spi.c ****     /* Enable SPI peripheral */
1614:Drivers/STM32G0xx_HAL_Driver/Src/stm32g0xx_hal_spi.c ****     __HAL_SPI_ENABLE(hspi);
1615:Drivers/STM32G0xx_HAL_Driver/Src/stm32g0xx_hal_spi.c ****   }
1616:Drivers/STM32G0xx_HAL_Driver/Src/stm32g0xx_hal_spi.c **** 
1617:Drivers/STM32G0xx_HAL_Driver/Src/stm32g0xx_hal_spi.c ****   /* Process Unlocked */
1618:Drivers/STM32G0xx_HAL_Driver/Src/stm32g0xx_hal_spi.c ****   __HAL_UNLOCK(hspi);
1619:Drivers/STM32G0xx_HAL_Driver/Src/stm32g0xx_hal_spi.c ****   /* Enable TXE and ERR interrupt */
1620:Drivers/STM32G0xx_HAL_Driver/Src/stm32g0xx_hal_spi.c ****   __HAL_SPI_ENABLE_IT(hspi, (SPI_IT_TXE | SPI_IT_ERR));
1621:Drivers/STM32G0xx_HAL_Driver/Src/stm32g0xx_hal_spi.c **** 
1622:Drivers/STM32G0xx_HAL_Driver/Src/stm32g0xx_hal_spi.c **** error :
1623:Drivers/STM32G0xx_HAL_Driver/Src/stm32g0xx_hal_spi.c ****   return errorcode;
1624:Drivers/STM32G0xx_HAL_Driver/Src/stm32g0xx_hal_spi.c **** }
1625:Drivers/STM32G0xx_HAL_Driver/Src/stm32g0xx_hal_spi.c **** 
1626:Drivers/STM32G0xx_HAL_Driver/Src/stm32g0xx_hal_spi.c **** /**
1627:Drivers/STM32G0xx_HAL_Driver/Src/stm32g0xx_hal_spi.c ****   * @brief  Receive an amount of data in non-blocking mode with Interrupt.
1628:Drivers/STM32G0xx_HAL_Driver/Src/stm32g0xx_hal_spi.c ****   * @param  hspi pointer to a SPI_HandleTypeDef structure that contains
ARM GAS  C:\Users\sante\AppData\Local\Temp\cc1VgFnO.s 			page 30


1629:Drivers/STM32G0xx_HAL_Driver/Src/stm32g0xx_hal_spi.c ****   *               the configuration information for SPI module.
1630:Drivers/STM32G0xx_HAL_Driver/Src/stm32g0xx_hal_spi.c ****   * @param  pData pointer to data buffer
1631:Drivers/STM32G0xx_HAL_Driver/Src/stm32g0xx_hal_spi.c ****   * @param  Size amount of data to be sent
1632:Drivers/STM32G0xx_HAL_Driver/Src/stm32g0xx_hal_spi.c ****   * @retval HAL status
1633:Drivers/STM32G0xx_HAL_Driver/Src/stm32g0xx_hal_spi.c ****   */
1634:Drivers/STM32G0xx_HAL_Driver/Src/stm32g0xx_hal_spi.c **** HAL_StatusTypeDef HAL_SPI_Receive_IT(SPI_HandleTypeDef *hspi, uint8_t *pData, uint16_t Size)
1635:Drivers/STM32G0xx_HAL_Driver/Src/stm32g0xx_hal_spi.c **** {
1636:Drivers/STM32G0xx_HAL_Driver/Src/stm32g0xx_hal_spi.c ****   HAL_StatusTypeDef errorcode = HAL_OK;
1637:Drivers/STM32G0xx_HAL_Driver/Src/stm32g0xx_hal_spi.c **** 
1638:Drivers/STM32G0xx_HAL_Driver/Src/stm32g0xx_hal_spi.c **** 
1639:Drivers/STM32G0xx_HAL_Driver/Src/stm32g0xx_hal_spi.c ****   if (hspi->State != HAL_SPI_STATE_READY)
1640:Drivers/STM32G0xx_HAL_Driver/Src/stm32g0xx_hal_spi.c ****   {
1641:Drivers/STM32G0xx_HAL_Driver/Src/stm32g0xx_hal_spi.c ****     errorcode = HAL_BUSY;
1642:Drivers/STM32G0xx_HAL_Driver/Src/stm32g0xx_hal_spi.c ****     goto error;
1643:Drivers/STM32G0xx_HAL_Driver/Src/stm32g0xx_hal_spi.c ****   }
1644:Drivers/STM32G0xx_HAL_Driver/Src/stm32g0xx_hal_spi.c **** 
1645:Drivers/STM32G0xx_HAL_Driver/Src/stm32g0xx_hal_spi.c ****   if ((hspi->Init.Direction == SPI_DIRECTION_2LINES) && (hspi->Init.Mode == SPI_MODE_MASTER))
1646:Drivers/STM32G0xx_HAL_Driver/Src/stm32g0xx_hal_spi.c ****   {
1647:Drivers/STM32G0xx_HAL_Driver/Src/stm32g0xx_hal_spi.c ****     hspi->State = HAL_SPI_STATE_BUSY_RX;
1648:Drivers/STM32G0xx_HAL_Driver/Src/stm32g0xx_hal_spi.c ****     /* Call transmit-receive function to send Dummy data on Tx line and generate clock on CLK line 
1649:Drivers/STM32G0xx_HAL_Driver/Src/stm32g0xx_hal_spi.c ****     return HAL_SPI_TransmitReceive_IT(hspi, pData, pData, Size);
1650:Drivers/STM32G0xx_HAL_Driver/Src/stm32g0xx_hal_spi.c ****   }
1651:Drivers/STM32G0xx_HAL_Driver/Src/stm32g0xx_hal_spi.c **** 
1652:Drivers/STM32G0xx_HAL_Driver/Src/stm32g0xx_hal_spi.c **** 
1653:Drivers/STM32G0xx_HAL_Driver/Src/stm32g0xx_hal_spi.c ****   if ((pData == NULL) || (Size == 0U))
1654:Drivers/STM32G0xx_HAL_Driver/Src/stm32g0xx_hal_spi.c ****   {
1655:Drivers/STM32G0xx_HAL_Driver/Src/stm32g0xx_hal_spi.c ****     errorcode = HAL_ERROR;
1656:Drivers/STM32G0xx_HAL_Driver/Src/stm32g0xx_hal_spi.c ****     goto error;
1657:Drivers/STM32G0xx_HAL_Driver/Src/stm32g0xx_hal_spi.c ****   }
1658:Drivers/STM32G0xx_HAL_Driver/Src/stm32g0xx_hal_spi.c **** 
1659:Drivers/STM32G0xx_HAL_Driver/Src/stm32g0xx_hal_spi.c ****   /* Process Locked */
1660:Drivers/STM32G0xx_HAL_Driver/Src/stm32g0xx_hal_spi.c ****   __HAL_LOCK(hspi);
1661:Drivers/STM32G0xx_HAL_Driver/Src/stm32g0xx_hal_spi.c **** 
1662:Drivers/STM32G0xx_HAL_Driver/Src/stm32g0xx_hal_spi.c ****   /* Set the transaction information */
1663:Drivers/STM32G0xx_HAL_Driver/Src/stm32g0xx_hal_spi.c ****   hspi->State       = HAL_SPI_STATE_BUSY_RX;
1664:Drivers/STM32G0xx_HAL_Driver/Src/stm32g0xx_hal_spi.c ****   hspi->ErrorCode   = HAL_SPI_ERROR_NONE;
1665:Drivers/STM32G0xx_HAL_Driver/Src/stm32g0xx_hal_spi.c ****   hspi->pRxBuffPtr  = (uint8_t *)pData;
1666:Drivers/STM32G0xx_HAL_Driver/Src/stm32g0xx_hal_spi.c ****   hspi->RxXferSize  = Size;
1667:Drivers/STM32G0xx_HAL_Driver/Src/stm32g0xx_hal_spi.c ****   hspi->RxXferCount = Size;
1668:Drivers/STM32G0xx_HAL_Driver/Src/stm32g0xx_hal_spi.c **** 
1669:Drivers/STM32G0xx_HAL_Driver/Src/stm32g0xx_hal_spi.c ****   /* Init field not used in handle to zero */
1670:Drivers/STM32G0xx_HAL_Driver/Src/stm32g0xx_hal_spi.c ****   hspi->pTxBuffPtr  = (uint8_t *)NULL;
1671:Drivers/STM32G0xx_HAL_Driver/Src/stm32g0xx_hal_spi.c ****   hspi->TxXferSize  = 0U;
1672:Drivers/STM32G0xx_HAL_Driver/Src/stm32g0xx_hal_spi.c ****   hspi->TxXferCount = 0U;
1673:Drivers/STM32G0xx_HAL_Driver/Src/stm32g0xx_hal_spi.c ****   hspi->TxISR       = NULL;
1674:Drivers/STM32G0xx_HAL_Driver/Src/stm32g0xx_hal_spi.c **** 
1675:Drivers/STM32G0xx_HAL_Driver/Src/stm32g0xx_hal_spi.c ****   /* Check the data size to adapt Rx threshold and the set the function for IT treatment */
1676:Drivers/STM32G0xx_HAL_Driver/Src/stm32g0xx_hal_spi.c ****   if (hspi->Init.DataSize > SPI_DATASIZE_8BIT)
1677:Drivers/STM32G0xx_HAL_Driver/Src/stm32g0xx_hal_spi.c ****   {
1678:Drivers/STM32G0xx_HAL_Driver/Src/stm32g0xx_hal_spi.c ****     /* Set RX Fifo threshold according the reception data length: 16 bit */
1679:Drivers/STM32G0xx_HAL_Driver/Src/stm32g0xx_hal_spi.c ****     CLEAR_BIT(hspi->Instance->CR2, SPI_RXFIFO_THRESHOLD);
1680:Drivers/STM32G0xx_HAL_Driver/Src/stm32g0xx_hal_spi.c ****     hspi->RxISR = SPI_RxISR_16BIT;
1681:Drivers/STM32G0xx_HAL_Driver/Src/stm32g0xx_hal_spi.c ****   }
1682:Drivers/STM32G0xx_HAL_Driver/Src/stm32g0xx_hal_spi.c ****   else
1683:Drivers/STM32G0xx_HAL_Driver/Src/stm32g0xx_hal_spi.c ****   {
1684:Drivers/STM32G0xx_HAL_Driver/Src/stm32g0xx_hal_spi.c ****     /* Set RX Fifo threshold according the reception data length: 8 bit */
1685:Drivers/STM32G0xx_HAL_Driver/Src/stm32g0xx_hal_spi.c ****     SET_BIT(hspi->Instance->CR2, SPI_RXFIFO_THRESHOLD);
ARM GAS  C:\Users\sante\AppData\Local\Temp\cc1VgFnO.s 			page 31


1686:Drivers/STM32G0xx_HAL_Driver/Src/stm32g0xx_hal_spi.c ****     hspi->RxISR = SPI_RxISR_8BIT;
1687:Drivers/STM32G0xx_HAL_Driver/Src/stm32g0xx_hal_spi.c ****   }
1688:Drivers/STM32G0xx_HAL_Driver/Src/stm32g0xx_hal_spi.c **** 
1689:Drivers/STM32G0xx_HAL_Driver/Src/stm32g0xx_hal_spi.c ****   /* Configure communication direction : 1Line */
1690:Drivers/STM32G0xx_HAL_Driver/Src/stm32g0xx_hal_spi.c ****   if (hspi->Init.Direction == SPI_DIRECTION_1LINE)
1691:Drivers/STM32G0xx_HAL_Driver/Src/stm32g0xx_hal_spi.c ****   {
1692:Drivers/STM32G0xx_HAL_Driver/Src/stm32g0xx_hal_spi.c ****     /* Disable SPI Peripheral before set 1Line direction (BIDIOE bit) */
1693:Drivers/STM32G0xx_HAL_Driver/Src/stm32g0xx_hal_spi.c ****     __HAL_SPI_DISABLE(hspi);
1694:Drivers/STM32G0xx_HAL_Driver/Src/stm32g0xx_hal_spi.c ****     SPI_1LINE_RX(hspi);
1695:Drivers/STM32G0xx_HAL_Driver/Src/stm32g0xx_hal_spi.c ****   }
1696:Drivers/STM32G0xx_HAL_Driver/Src/stm32g0xx_hal_spi.c **** 
1697:Drivers/STM32G0xx_HAL_Driver/Src/stm32g0xx_hal_spi.c **** #if (USE_SPI_CRC != 0U)
1698:Drivers/STM32G0xx_HAL_Driver/Src/stm32g0xx_hal_spi.c ****   /* Reset CRC Calculation */
1699:Drivers/STM32G0xx_HAL_Driver/Src/stm32g0xx_hal_spi.c ****   if (hspi->Init.CRCCalculation == SPI_CRCCALCULATION_ENABLE)
1700:Drivers/STM32G0xx_HAL_Driver/Src/stm32g0xx_hal_spi.c ****   {
1701:Drivers/STM32G0xx_HAL_Driver/Src/stm32g0xx_hal_spi.c ****     hspi->CRCSize = 1U;
1702:Drivers/STM32G0xx_HAL_Driver/Src/stm32g0xx_hal_spi.c ****     if ((hspi->Init.DataSize <= SPI_DATASIZE_8BIT) && (hspi->Init.CRCLength == SPI_CRC_LENGTH_16BIT
1703:Drivers/STM32G0xx_HAL_Driver/Src/stm32g0xx_hal_spi.c ****     {
1704:Drivers/STM32G0xx_HAL_Driver/Src/stm32g0xx_hal_spi.c ****       hspi->CRCSize = 2U;
1705:Drivers/STM32G0xx_HAL_Driver/Src/stm32g0xx_hal_spi.c ****     }
1706:Drivers/STM32G0xx_HAL_Driver/Src/stm32g0xx_hal_spi.c ****     SPI_RESET_CRC(hspi);
1707:Drivers/STM32G0xx_HAL_Driver/Src/stm32g0xx_hal_spi.c ****   }
1708:Drivers/STM32G0xx_HAL_Driver/Src/stm32g0xx_hal_spi.c ****   else
1709:Drivers/STM32G0xx_HAL_Driver/Src/stm32g0xx_hal_spi.c ****   {
1710:Drivers/STM32G0xx_HAL_Driver/Src/stm32g0xx_hal_spi.c ****     hspi->CRCSize = 0U;
1711:Drivers/STM32G0xx_HAL_Driver/Src/stm32g0xx_hal_spi.c ****   }
1712:Drivers/STM32G0xx_HAL_Driver/Src/stm32g0xx_hal_spi.c **** #endif /* USE_SPI_CRC */
1713:Drivers/STM32G0xx_HAL_Driver/Src/stm32g0xx_hal_spi.c **** 
1714:Drivers/STM32G0xx_HAL_Driver/Src/stm32g0xx_hal_spi.c ****   /* Note : The SPI must be enabled after unlocking current process
1715:Drivers/STM32G0xx_HAL_Driver/Src/stm32g0xx_hal_spi.c ****             to avoid the risk of SPI interrupt handle execution before current
1716:Drivers/STM32G0xx_HAL_Driver/Src/stm32g0xx_hal_spi.c ****             process unlock */
1717:Drivers/STM32G0xx_HAL_Driver/Src/stm32g0xx_hal_spi.c **** 
1718:Drivers/STM32G0xx_HAL_Driver/Src/stm32g0xx_hal_spi.c ****   /* Check if the SPI is already enabled */
1719:Drivers/STM32G0xx_HAL_Driver/Src/stm32g0xx_hal_spi.c ****   if ((hspi->Instance->CR1 & SPI_CR1_SPE) != SPI_CR1_SPE)
1720:Drivers/STM32G0xx_HAL_Driver/Src/stm32g0xx_hal_spi.c ****   {
1721:Drivers/STM32G0xx_HAL_Driver/Src/stm32g0xx_hal_spi.c ****     /* Enable SPI peripheral */
1722:Drivers/STM32G0xx_HAL_Driver/Src/stm32g0xx_hal_spi.c ****     __HAL_SPI_ENABLE(hspi);
1723:Drivers/STM32G0xx_HAL_Driver/Src/stm32g0xx_hal_spi.c ****   }
1724:Drivers/STM32G0xx_HAL_Driver/Src/stm32g0xx_hal_spi.c **** 
1725:Drivers/STM32G0xx_HAL_Driver/Src/stm32g0xx_hal_spi.c ****   /* Process Unlocked */
1726:Drivers/STM32G0xx_HAL_Driver/Src/stm32g0xx_hal_spi.c ****   __HAL_UNLOCK(hspi);
1727:Drivers/STM32G0xx_HAL_Driver/Src/stm32g0xx_hal_spi.c ****   /* Enable RXNE and ERR interrupt */
1728:Drivers/STM32G0xx_HAL_Driver/Src/stm32g0xx_hal_spi.c ****   __HAL_SPI_ENABLE_IT(hspi, (SPI_IT_RXNE | SPI_IT_ERR));
1729:Drivers/STM32G0xx_HAL_Driver/Src/stm32g0xx_hal_spi.c **** 
1730:Drivers/STM32G0xx_HAL_Driver/Src/stm32g0xx_hal_spi.c **** error :
1731:Drivers/STM32G0xx_HAL_Driver/Src/stm32g0xx_hal_spi.c ****   return errorcode;
1732:Drivers/STM32G0xx_HAL_Driver/Src/stm32g0xx_hal_spi.c **** }
1733:Drivers/STM32G0xx_HAL_Driver/Src/stm32g0xx_hal_spi.c **** 
1734:Drivers/STM32G0xx_HAL_Driver/Src/stm32g0xx_hal_spi.c **** /**
1735:Drivers/STM32G0xx_HAL_Driver/Src/stm32g0xx_hal_spi.c ****   * @brief  Transmit and Receive an amount of data in non-blocking mode with Interrupt.
1736:Drivers/STM32G0xx_HAL_Driver/Src/stm32g0xx_hal_spi.c ****   * @param  hspi pointer to a SPI_HandleTypeDef structure that contains
1737:Drivers/STM32G0xx_HAL_Driver/Src/stm32g0xx_hal_spi.c ****   *               the configuration information for SPI module.
1738:Drivers/STM32G0xx_HAL_Driver/Src/stm32g0xx_hal_spi.c ****   * @param  pTxData pointer to transmission data buffer
1739:Drivers/STM32G0xx_HAL_Driver/Src/stm32g0xx_hal_spi.c ****   * @param  pRxData pointer to reception data buffer
1740:Drivers/STM32G0xx_HAL_Driver/Src/stm32g0xx_hal_spi.c ****   * @param  Size amount of data to be sent and received
1741:Drivers/STM32G0xx_HAL_Driver/Src/stm32g0xx_hal_spi.c ****   * @retval HAL status
1742:Drivers/STM32G0xx_HAL_Driver/Src/stm32g0xx_hal_spi.c ****   */
ARM GAS  C:\Users\sante\AppData\Local\Temp\cc1VgFnO.s 			page 32


1743:Drivers/STM32G0xx_HAL_Driver/Src/stm32g0xx_hal_spi.c **** HAL_StatusTypeDef HAL_SPI_TransmitReceive_IT(SPI_HandleTypeDef *hspi, uint8_t *pTxData, uint8_t *pR
1744:Drivers/STM32G0xx_HAL_Driver/Src/stm32g0xx_hal_spi.c **** {
1745:Drivers/STM32G0xx_HAL_Driver/Src/stm32g0xx_hal_spi.c ****   uint32_t             tmp_mode;
1746:Drivers/STM32G0xx_HAL_Driver/Src/stm32g0xx_hal_spi.c ****   HAL_SPI_StateTypeDef tmp_state;
1747:Drivers/STM32G0xx_HAL_Driver/Src/stm32g0xx_hal_spi.c ****   HAL_StatusTypeDef    errorcode = HAL_OK;
1748:Drivers/STM32G0xx_HAL_Driver/Src/stm32g0xx_hal_spi.c **** 
1749:Drivers/STM32G0xx_HAL_Driver/Src/stm32g0xx_hal_spi.c ****   /* Check Direction parameter */
1750:Drivers/STM32G0xx_HAL_Driver/Src/stm32g0xx_hal_spi.c ****   assert_param(IS_SPI_DIRECTION_2LINES(hspi->Init.Direction));
1751:Drivers/STM32G0xx_HAL_Driver/Src/stm32g0xx_hal_spi.c **** 
1752:Drivers/STM32G0xx_HAL_Driver/Src/stm32g0xx_hal_spi.c ****   /* Init temporary variables */
1753:Drivers/STM32G0xx_HAL_Driver/Src/stm32g0xx_hal_spi.c ****   tmp_state           = hspi->State;
1754:Drivers/STM32G0xx_HAL_Driver/Src/stm32g0xx_hal_spi.c ****   tmp_mode            = hspi->Init.Mode;
1755:Drivers/STM32G0xx_HAL_Driver/Src/stm32g0xx_hal_spi.c **** 
1756:Drivers/STM32G0xx_HAL_Driver/Src/stm32g0xx_hal_spi.c ****   if (!((tmp_state == HAL_SPI_STATE_READY) || \
1757:Drivers/STM32G0xx_HAL_Driver/Src/stm32g0xx_hal_spi.c ****         ((tmp_mode == SPI_MODE_MASTER) && (hspi->Init.Direction == SPI_DIRECTION_2LINES) && (tmp_st
1758:Drivers/STM32G0xx_HAL_Driver/Src/stm32g0xx_hal_spi.c ****   {
1759:Drivers/STM32G0xx_HAL_Driver/Src/stm32g0xx_hal_spi.c ****     errorcode = HAL_BUSY;
1760:Drivers/STM32G0xx_HAL_Driver/Src/stm32g0xx_hal_spi.c ****     goto error;
1761:Drivers/STM32G0xx_HAL_Driver/Src/stm32g0xx_hal_spi.c ****   }
1762:Drivers/STM32G0xx_HAL_Driver/Src/stm32g0xx_hal_spi.c **** 
1763:Drivers/STM32G0xx_HAL_Driver/Src/stm32g0xx_hal_spi.c ****   if ((pTxData == NULL) || (pRxData == NULL) || (Size == 0U))
1764:Drivers/STM32G0xx_HAL_Driver/Src/stm32g0xx_hal_spi.c ****   {
1765:Drivers/STM32G0xx_HAL_Driver/Src/stm32g0xx_hal_spi.c ****     errorcode = HAL_ERROR;
1766:Drivers/STM32G0xx_HAL_Driver/Src/stm32g0xx_hal_spi.c ****     goto error;
1767:Drivers/STM32G0xx_HAL_Driver/Src/stm32g0xx_hal_spi.c ****   }
1768:Drivers/STM32G0xx_HAL_Driver/Src/stm32g0xx_hal_spi.c **** 
1769:Drivers/STM32G0xx_HAL_Driver/Src/stm32g0xx_hal_spi.c ****   /* Process locked */
1770:Drivers/STM32G0xx_HAL_Driver/Src/stm32g0xx_hal_spi.c ****   __HAL_LOCK(hspi);
1771:Drivers/STM32G0xx_HAL_Driver/Src/stm32g0xx_hal_spi.c **** 
1772:Drivers/STM32G0xx_HAL_Driver/Src/stm32g0xx_hal_spi.c ****   /* Don't overwrite in case of HAL_SPI_STATE_BUSY_RX */
1773:Drivers/STM32G0xx_HAL_Driver/Src/stm32g0xx_hal_spi.c ****   if (hspi->State != HAL_SPI_STATE_BUSY_RX)
1774:Drivers/STM32G0xx_HAL_Driver/Src/stm32g0xx_hal_spi.c ****   {
1775:Drivers/STM32G0xx_HAL_Driver/Src/stm32g0xx_hal_spi.c ****     hspi->State = HAL_SPI_STATE_BUSY_TX_RX;
1776:Drivers/STM32G0xx_HAL_Driver/Src/stm32g0xx_hal_spi.c ****   }
1777:Drivers/STM32G0xx_HAL_Driver/Src/stm32g0xx_hal_spi.c **** 
1778:Drivers/STM32G0xx_HAL_Driver/Src/stm32g0xx_hal_spi.c ****   /* Set the transaction information */
1779:Drivers/STM32G0xx_HAL_Driver/Src/stm32g0xx_hal_spi.c ****   hspi->ErrorCode   = HAL_SPI_ERROR_NONE;
1780:Drivers/STM32G0xx_HAL_Driver/Src/stm32g0xx_hal_spi.c ****   hspi->pTxBuffPtr  = (uint8_t *)pTxData;
1781:Drivers/STM32G0xx_HAL_Driver/Src/stm32g0xx_hal_spi.c ****   hspi->TxXferSize  = Size;
1782:Drivers/STM32G0xx_HAL_Driver/Src/stm32g0xx_hal_spi.c ****   hspi->TxXferCount = Size;
1783:Drivers/STM32G0xx_HAL_Driver/Src/stm32g0xx_hal_spi.c ****   hspi->pRxBuffPtr  = (uint8_t *)pRxData;
1784:Drivers/STM32G0xx_HAL_Driver/Src/stm32g0xx_hal_spi.c ****   hspi->RxXferSize  = Size;
1785:Drivers/STM32G0xx_HAL_Driver/Src/stm32g0xx_hal_spi.c ****   hspi->RxXferCount = Size;
1786:Drivers/STM32G0xx_HAL_Driver/Src/stm32g0xx_hal_spi.c **** 
1787:Drivers/STM32G0xx_HAL_Driver/Src/stm32g0xx_hal_spi.c ****   /* Set the function for IT treatment */
1788:Drivers/STM32G0xx_HAL_Driver/Src/stm32g0xx_hal_spi.c ****   if (hspi->Init.DataSize > SPI_DATASIZE_8BIT)
1789:Drivers/STM32G0xx_HAL_Driver/Src/stm32g0xx_hal_spi.c ****   {
1790:Drivers/STM32G0xx_HAL_Driver/Src/stm32g0xx_hal_spi.c ****     hspi->RxISR     = SPI_2linesRxISR_16BIT;
1791:Drivers/STM32G0xx_HAL_Driver/Src/stm32g0xx_hal_spi.c ****     hspi->TxISR     = SPI_2linesTxISR_16BIT;
1792:Drivers/STM32G0xx_HAL_Driver/Src/stm32g0xx_hal_spi.c ****   }
1793:Drivers/STM32G0xx_HAL_Driver/Src/stm32g0xx_hal_spi.c ****   else
1794:Drivers/STM32G0xx_HAL_Driver/Src/stm32g0xx_hal_spi.c ****   {
1795:Drivers/STM32G0xx_HAL_Driver/Src/stm32g0xx_hal_spi.c ****     hspi->RxISR     = SPI_2linesRxISR_8BIT;
1796:Drivers/STM32G0xx_HAL_Driver/Src/stm32g0xx_hal_spi.c ****     hspi->TxISR     = SPI_2linesTxISR_8BIT;
1797:Drivers/STM32G0xx_HAL_Driver/Src/stm32g0xx_hal_spi.c ****   }
1798:Drivers/STM32G0xx_HAL_Driver/Src/stm32g0xx_hal_spi.c **** 
1799:Drivers/STM32G0xx_HAL_Driver/Src/stm32g0xx_hal_spi.c **** #if (USE_SPI_CRC != 0U)
ARM GAS  C:\Users\sante\AppData\Local\Temp\cc1VgFnO.s 			page 33


1800:Drivers/STM32G0xx_HAL_Driver/Src/stm32g0xx_hal_spi.c ****   /* Reset CRC Calculation */
1801:Drivers/STM32G0xx_HAL_Driver/Src/stm32g0xx_hal_spi.c ****   if (hspi->Init.CRCCalculation == SPI_CRCCALCULATION_ENABLE)
1802:Drivers/STM32G0xx_HAL_Driver/Src/stm32g0xx_hal_spi.c ****   {
1803:Drivers/STM32G0xx_HAL_Driver/Src/stm32g0xx_hal_spi.c ****     hspi->CRCSize = 1U;
1804:Drivers/STM32G0xx_HAL_Driver/Src/stm32g0xx_hal_spi.c ****     if ((hspi->Init.DataSize <= SPI_DATASIZE_8BIT) && (hspi->Init.CRCLength == SPI_CRC_LENGTH_16BIT
1805:Drivers/STM32G0xx_HAL_Driver/Src/stm32g0xx_hal_spi.c ****     {
1806:Drivers/STM32G0xx_HAL_Driver/Src/stm32g0xx_hal_spi.c ****       hspi->CRCSize = 2U;
1807:Drivers/STM32G0xx_HAL_Driver/Src/stm32g0xx_hal_spi.c ****     }
1808:Drivers/STM32G0xx_HAL_Driver/Src/stm32g0xx_hal_spi.c ****     SPI_RESET_CRC(hspi);
1809:Drivers/STM32G0xx_HAL_Driver/Src/stm32g0xx_hal_spi.c ****   }
1810:Drivers/STM32G0xx_HAL_Driver/Src/stm32g0xx_hal_spi.c ****   else
1811:Drivers/STM32G0xx_HAL_Driver/Src/stm32g0xx_hal_spi.c ****   {
1812:Drivers/STM32G0xx_HAL_Driver/Src/stm32g0xx_hal_spi.c ****     hspi->CRCSize = 0U;
1813:Drivers/STM32G0xx_HAL_Driver/Src/stm32g0xx_hal_spi.c ****   }
1814:Drivers/STM32G0xx_HAL_Driver/Src/stm32g0xx_hal_spi.c **** #endif /* USE_SPI_CRC */
1815:Drivers/STM32G0xx_HAL_Driver/Src/stm32g0xx_hal_spi.c **** 
1816:Drivers/STM32G0xx_HAL_Driver/Src/stm32g0xx_hal_spi.c ****   /* Check if packing mode is enabled and if there is more than 2 data to receive */
1817:Drivers/STM32G0xx_HAL_Driver/Src/stm32g0xx_hal_spi.c ****   if ((hspi->Init.DataSize > SPI_DATASIZE_8BIT) || (Size >= 2U))
1818:Drivers/STM32G0xx_HAL_Driver/Src/stm32g0xx_hal_spi.c ****   {
1819:Drivers/STM32G0xx_HAL_Driver/Src/stm32g0xx_hal_spi.c ****     /* Set RX Fifo threshold according the reception data length: 16 bit */
1820:Drivers/STM32G0xx_HAL_Driver/Src/stm32g0xx_hal_spi.c ****     CLEAR_BIT(hspi->Instance->CR2, SPI_RXFIFO_THRESHOLD);
1821:Drivers/STM32G0xx_HAL_Driver/Src/stm32g0xx_hal_spi.c ****   }
1822:Drivers/STM32G0xx_HAL_Driver/Src/stm32g0xx_hal_spi.c ****   else
1823:Drivers/STM32G0xx_HAL_Driver/Src/stm32g0xx_hal_spi.c ****   {
1824:Drivers/STM32G0xx_HAL_Driver/Src/stm32g0xx_hal_spi.c ****     /* Set RX Fifo threshold according the reception data length: 8 bit */
1825:Drivers/STM32G0xx_HAL_Driver/Src/stm32g0xx_hal_spi.c ****     SET_BIT(hspi->Instance->CR2, SPI_RXFIFO_THRESHOLD);
1826:Drivers/STM32G0xx_HAL_Driver/Src/stm32g0xx_hal_spi.c ****   }
1827:Drivers/STM32G0xx_HAL_Driver/Src/stm32g0xx_hal_spi.c **** 
1828:Drivers/STM32G0xx_HAL_Driver/Src/stm32g0xx_hal_spi.c **** 
1829:Drivers/STM32G0xx_HAL_Driver/Src/stm32g0xx_hal_spi.c ****   /* Check if the SPI is already enabled */
1830:Drivers/STM32G0xx_HAL_Driver/Src/stm32g0xx_hal_spi.c ****   if ((hspi->Instance->CR1 & SPI_CR1_SPE) != SPI_CR1_SPE)
1831:Drivers/STM32G0xx_HAL_Driver/Src/stm32g0xx_hal_spi.c ****   {
1832:Drivers/STM32G0xx_HAL_Driver/Src/stm32g0xx_hal_spi.c ****     /* Enable SPI peripheral */
1833:Drivers/STM32G0xx_HAL_Driver/Src/stm32g0xx_hal_spi.c ****     __HAL_SPI_ENABLE(hspi);
1834:Drivers/STM32G0xx_HAL_Driver/Src/stm32g0xx_hal_spi.c ****   }
1835:Drivers/STM32G0xx_HAL_Driver/Src/stm32g0xx_hal_spi.c **** 
1836:Drivers/STM32G0xx_HAL_Driver/Src/stm32g0xx_hal_spi.c ****   /* Process Unlocked */
1837:Drivers/STM32G0xx_HAL_Driver/Src/stm32g0xx_hal_spi.c ****   __HAL_UNLOCK(hspi);
1838:Drivers/STM32G0xx_HAL_Driver/Src/stm32g0xx_hal_spi.c ****   /* Enable TXE, RXNE and ERR interrupt */
1839:Drivers/STM32G0xx_HAL_Driver/Src/stm32g0xx_hal_spi.c ****   __HAL_SPI_ENABLE_IT(hspi, (SPI_IT_TXE | SPI_IT_RXNE | SPI_IT_ERR));
1840:Drivers/STM32G0xx_HAL_Driver/Src/stm32g0xx_hal_spi.c **** 
1841:Drivers/STM32G0xx_HAL_Driver/Src/stm32g0xx_hal_spi.c **** error :
1842:Drivers/STM32G0xx_HAL_Driver/Src/stm32g0xx_hal_spi.c ****   return errorcode;
1843:Drivers/STM32G0xx_HAL_Driver/Src/stm32g0xx_hal_spi.c **** }
1844:Drivers/STM32G0xx_HAL_Driver/Src/stm32g0xx_hal_spi.c **** 
1845:Drivers/STM32G0xx_HAL_Driver/Src/stm32g0xx_hal_spi.c **** /**
1846:Drivers/STM32G0xx_HAL_Driver/Src/stm32g0xx_hal_spi.c ****   * @brief  Transmit an amount of data in non-blocking mode with DMA.
1847:Drivers/STM32G0xx_HAL_Driver/Src/stm32g0xx_hal_spi.c ****   * @param  hspi pointer to a SPI_HandleTypeDef structure that contains
1848:Drivers/STM32G0xx_HAL_Driver/Src/stm32g0xx_hal_spi.c ****   *               the configuration information for SPI module.
1849:Drivers/STM32G0xx_HAL_Driver/Src/stm32g0xx_hal_spi.c ****   * @param  pData pointer to data buffer
1850:Drivers/STM32G0xx_HAL_Driver/Src/stm32g0xx_hal_spi.c ****   * @param  Size amount of data to be sent
1851:Drivers/STM32G0xx_HAL_Driver/Src/stm32g0xx_hal_spi.c ****   * @retval HAL status
1852:Drivers/STM32G0xx_HAL_Driver/Src/stm32g0xx_hal_spi.c ****   */
1853:Drivers/STM32G0xx_HAL_Driver/Src/stm32g0xx_hal_spi.c **** HAL_StatusTypeDef HAL_SPI_Transmit_DMA(SPI_HandleTypeDef *hspi, uint8_t *pData, uint16_t Size)
1854:Drivers/STM32G0xx_HAL_Driver/Src/stm32g0xx_hal_spi.c **** {
1855:Drivers/STM32G0xx_HAL_Driver/Src/stm32g0xx_hal_spi.c ****   HAL_StatusTypeDef errorcode = HAL_OK;
1856:Drivers/STM32G0xx_HAL_Driver/Src/stm32g0xx_hal_spi.c **** 
ARM GAS  C:\Users\sante\AppData\Local\Temp\cc1VgFnO.s 			page 34


1857:Drivers/STM32G0xx_HAL_Driver/Src/stm32g0xx_hal_spi.c ****   /* Check tx dma handle */
1858:Drivers/STM32G0xx_HAL_Driver/Src/stm32g0xx_hal_spi.c ****   assert_param(IS_SPI_DMA_HANDLE(hspi->hdmatx));
1859:Drivers/STM32G0xx_HAL_Driver/Src/stm32g0xx_hal_spi.c **** 
1860:Drivers/STM32G0xx_HAL_Driver/Src/stm32g0xx_hal_spi.c ****   /* Check Direction parameter */
1861:Drivers/STM32G0xx_HAL_Driver/Src/stm32g0xx_hal_spi.c ****   assert_param(IS_SPI_DIRECTION_2LINES_OR_1LINE(hspi->Init.Direction));
1862:Drivers/STM32G0xx_HAL_Driver/Src/stm32g0xx_hal_spi.c **** 
1863:Drivers/STM32G0xx_HAL_Driver/Src/stm32g0xx_hal_spi.c ****   /* Process Locked */
1864:Drivers/STM32G0xx_HAL_Driver/Src/stm32g0xx_hal_spi.c ****   __HAL_LOCK(hspi);
1865:Drivers/STM32G0xx_HAL_Driver/Src/stm32g0xx_hal_spi.c **** 
1866:Drivers/STM32G0xx_HAL_Driver/Src/stm32g0xx_hal_spi.c ****   if (hspi->State != HAL_SPI_STATE_READY)
1867:Drivers/STM32G0xx_HAL_Driver/Src/stm32g0xx_hal_spi.c ****   {
1868:Drivers/STM32G0xx_HAL_Driver/Src/stm32g0xx_hal_spi.c ****     errorcode = HAL_BUSY;
1869:Drivers/STM32G0xx_HAL_Driver/Src/stm32g0xx_hal_spi.c ****     goto error;
1870:Drivers/STM32G0xx_HAL_Driver/Src/stm32g0xx_hal_spi.c ****   }
1871:Drivers/STM32G0xx_HAL_Driver/Src/stm32g0xx_hal_spi.c **** 
1872:Drivers/STM32G0xx_HAL_Driver/Src/stm32g0xx_hal_spi.c ****   if ((pData == NULL) || (Size == 0U))
1873:Drivers/STM32G0xx_HAL_Driver/Src/stm32g0xx_hal_spi.c ****   {
1874:Drivers/STM32G0xx_HAL_Driver/Src/stm32g0xx_hal_spi.c ****     errorcode = HAL_ERROR;
1875:Drivers/STM32G0xx_HAL_Driver/Src/stm32g0xx_hal_spi.c ****     goto error;
1876:Drivers/STM32G0xx_HAL_Driver/Src/stm32g0xx_hal_spi.c ****   }
1877:Drivers/STM32G0xx_HAL_Driver/Src/stm32g0xx_hal_spi.c **** 
1878:Drivers/STM32G0xx_HAL_Driver/Src/stm32g0xx_hal_spi.c ****   /* Set the transaction information */
1879:Drivers/STM32G0xx_HAL_Driver/Src/stm32g0xx_hal_spi.c ****   hspi->State       = HAL_SPI_STATE_BUSY_TX;
1880:Drivers/STM32G0xx_HAL_Driver/Src/stm32g0xx_hal_spi.c ****   hspi->ErrorCode   = HAL_SPI_ERROR_NONE;
1881:Drivers/STM32G0xx_HAL_Driver/Src/stm32g0xx_hal_spi.c ****   hspi->pTxBuffPtr  = (uint8_t *)pData;
1882:Drivers/STM32G0xx_HAL_Driver/Src/stm32g0xx_hal_spi.c ****   hspi->TxXferSize  = Size;
1883:Drivers/STM32G0xx_HAL_Driver/Src/stm32g0xx_hal_spi.c ****   hspi->TxXferCount = Size;
1884:Drivers/STM32G0xx_HAL_Driver/Src/stm32g0xx_hal_spi.c **** 
1885:Drivers/STM32G0xx_HAL_Driver/Src/stm32g0xx_hal_spi.c ****   /* Init field not used in handle to zero */
1886:Drivers/STM32G0xx_HAL_Driver/Src/stm32g0xx_hal_spi.c ****   hspi->pRxBuffPtr  = (uint8_t *)NULL;
1887:Drivers/STM32G0xx_HAL_Driver/Src/stm32g0xx_hal_spi.c ****   hspi->TxISR       = NULL;
1888:Drivers/STM32G0xx_HAL_Driver/Src/stm32g0xx_hal_spi.c ****   hspi->RxISR       = NULL;
1889:Drivers/STM32G0xx_HAL_Driver/Src/stm32g0xx_hal_spi.c ****   hspi->RxXferSize  = 0U;
1890:Drivers/STM32G0xx_HAL_Driver/Src/stm32g0xx_hal_spi.c ****   hspi->RxXferCount = 0U;
1891:Drivers/STM32G0xx_HAL_Driver/Src/stm32g0xx_hal_spi.c **** 
1892:Drivers/STM32G0xx_HAL_Driver/Src/stm32g0xx_hal_spi.c ****   /* Configure communication direction : 1Line */
1893:Drivers/STM32G0xx_HAL_Driver/Src/stm32g0xx_hal_spi.c ****   if (hspi->Init.Direction == SPI_DIRECTION_1LINE)
1894:Drivers/STM32G0xx_HAL_Driver/Src/stm32g0xx_hal_spi.c ****   {
1895:Drivers/STM32G0xx_HAL_Driver/Src/stm32g0xx_hal_spi.c ****     /* Disable SPI Peripheral before set 1Line direction (BIDIOE bit) */
1896:Drivers/STM32G0xx_HAL_Driver/Src/stm32g0xx_hal_spi.c ****     __HAL_SPI_DISABLE(hspi);
1897:Drivers/STM32G0xx_HAL_Driver/Src/stm32g0xx_hal_spi.c ****     SPI_1LINE_TX(hspi);
1898:Drivers/STM32G0xx_HAL_Driver/Src/stm32g0xx_hal_spi.c ****   }
1899:Drivers/STM32G0xx_HAL_Driver/Src/stm32g0xx_hal_spi.c **** 
1900:Drivers/STM32G0xx_HAL_Driver/Src/stm32g0xx_hal_spi.c **** #if (USE_SPI_CRC != 0U)
1901:Drivers/STM32G0xx_HAL_Driver/Src/stm32g0xx_hal_spi.c ****   /* Reset CRC Calculation */
1902:Drivers/STM32G0xx_HAL_Driver/Src/stm32g0xx_hal_spi.c ****   if (hspi->Init.CRCCalculation == SPI_CRCCALCULATION_ENABLE)
1903:Drivers/STM32G0xx_HAL_Driver/Src/stm32g0xx_hal_spi.c ****   {
1904:Drivers/STM32G0xx_HAL_Driver/Src/stm32g0xx_hal_spi.c ****     SPI_RESET_CRC(hspi);
1905:Drivers/STM32G0xx_HAL_Driver/Src/stm32g0xx_hal_spi.c ****   }
1906:Drivers/STM32G0xx_HAL_Driver/Src/stm32g0xx_hal_spi.c **** #endif /* USE_SPI_CRC */
1907:Drivers/STM32G0xx_HAL_Driver/Src/stm32g0xx_hal_spi.c **** 
1908:Drivers/STM32G0xx_HAL_Driver/Src/stm32g0xx_hal_spi.c ****   /* Set the SPI TxDMA Half transfer complete callback */
1909:Drivers/STM32G0xx_HAL_Driver/Src/stm32g0xx_hal_spi.c ****   hspi->hdmatx->XferHalfCpltCallback = SPI_DMAHalfTransmitCplt;
1910:Drivers/STM32G0xx_HAL_Driver/Src/stm32g0xx_hal_spi.c **** 
1911:Drivers/STM32G0xx_HAL_Driver/Src/stm32g0xx_hal_spi.c ****   /* Set the SPI TxDMA transfer complete callback */
1912:Drivers/STM32G0xx_HAL_Driver/Src/stm32g0xx_hal_spi.c ****   hspi->hdmatx->XferCpltCallback = SPI_DMATransmitCplt;
1913:Drivers/STM32G0xx_HAL_Driver/Src/stm32g0xx_hal_spi.c **** 
ARM GAS  C:\Users\sante\AppData\Local\Temp\cc1VgFnO.s 			page 35


1914:Drivers/STM32G0xx_HAL_Driver/Src/stm32g0xx_hal_spi.c ****   /* Set the DMA error callback */
1915:Drivers/STM32G0xx_HAL_Driver/Src/stm32g0xx_hal_spi.c ****   hspi->hdmatx->XferErrorCallback = SPI_DMAError;
1916:Drivers/STM32G0xx_HAL_Driver/Src/stm32g0xx_hal_spi.c **** 
1917:Drivers/STM32G0xx_HAL_Driver/Src/stm32g0xx_hal_spi.c ****   /* Set the DMA AbortCpltCallback */
1918:Drivers/STM32G0xx_HAL_Driver/Src/stm32g0xx_hal_spi.c ****   hspi->hdmatx->XferAbortCallback = NULL;
1919:Drivers/STM32G0xx_HAL_Driver/Src/stm32g0xx_hal_spi.c **** 
1920:Drivers/STM32G0xx_HAL_Driver/Src/stm32g0xx_hal_spi.c ****   CLEAR_BIT(hspi->Instance->CR2, SPI_CR2_LDMATX);
1921:Drivers/STM32G0xx_HAL_Driver/Src/stm32g0xx_hal_spi.c ****   /* Packing mode is enabled only if the DMA setting is HALWORD */
1922:Drivers/STM32G0xx_HAL_Driver/Src/stm32g0xx_hal_spi.c ****   if ((hspi->Init.DataSize <= SPI_DATASIZE_8BIT) && (hspi->hdmatx->Init.MemDataAlignment == DMA_MDA
1923:Drivers/STM32G0xx_HAL_Driver/Src/stm32g0xx_hal_spi.c ****   {
1924:Drivers/STM32G0xx_HAL_Driver/Src/stm32g0xx_hal_spi.c ****     /* Check the even/odd of the data size + crc if enabled */
1925:Drivers/STM32G0xx_HAL_Driver/Src/stm32g0xx_hal_spi.c ****     if ((hspi->TxXferCount & 0x1U) == 0U)
1926:Drivers/STM32G0xx_HAL_Driver/Src/stm32g0xx_hal_spi.c ****     {
1927:Drivers/STM32G0xx_HAL_Driver/Src/stm32g0xx_hal_spi.c ****       CLEAR_BIT(hspi->Instance->CR2, SPI_CR2_LDMATX);
1928:Drivers/STM32G0xx_HAL_Driver/Src/stm32g0xx_hal_spi.c ****       hspi->TxXferCount = (hspi->TxXferCount >> 1U);
1929:Drivers/STM32G0xx_HAL_Driver/Src/stm32g0xx_hal_spi.c ****     }
1930:Drivers/STM32G0xx_HAL_Driver/Src/stm32g0xx_hal_spi.c ****     else
1931:Drivers/STM32G0xx_HAL_Driver/Src/stm32g0xx_hal_spi.c ****     {
1932:Drivers/STM32G0xx_HAL_Driver/Src/stm32g0xx_hal_spi.c ****       SET_BIT(hspi->Instance->CR2, SPI_CR2_LDMATX);
1933:Drivers/STM32G0xx_HAL_Driver/Src/stm32g0xx_hal_spi.c ****       hspi->TxXferCount = (hspi->TxXferCount >> 1U) + 1U;
1934:Drivers/STM32G0xx_HAL_Driver/Src/stm32g0xx_hal_spi.c ****     }
1935:Drivers/STM32G0xx_HAL_Driver/Src/stm32g0xx_hal_spi.c ****   }
1936:Drivers/STM32G0xx_HAL_Driver/Src/stm32g0xx_hal_spi.c **** 
1937:Drivers/STM32G0xx_HAL_Driver/Src/stm32g0xx_hal_spi.c ****   /* Enable the Tx DMA Stream/Channel */
1938:Drivers/STM32G0xx_HAL_Driver/Src/stm32g0xx_hal_spi.c ****   if (HAL_OK != HAL_DMA_Start_IT(hspi->hdmatx, (uint32_t)hspi->pTxBuffPtr, (uint32_t)&hspi->Instanc
1939:Drivers/STM32G0xx_HAL_Driver/Src/stm32g0xx_hal_spi.c ****                                  hspi->TxXferCount))
1940:Drivers/STM32G0xx_HAL_Driver/Src/stm32g0xx_hal_spi.c ****   {
1941:Drivers/STM32G0xx_HAL_Driver/Src/stm32g0xx_hal_spi.c ****     /* Update SPI error code */
1942:Drivers/STM32G0xx_HAL_Driver/Src/stm32g0xx_hal_spi.c ****     SET_BIT(hspi->ErrorCode, HAL_SPI_ERROR_DMA);
1943:Drivers/STM32G0xx_HAL_Driver/Src/stm32g0xx_hal_spi.c ****     errorcode = HAL_ERROR;
1944:Drivers/STM32G0xx_HAL_Driver/Src/stm32g0xx_hal_spi.c **** 
1945:Drivers/STM32G0xx_HAL_Driver/Src/stm32g0xx_hal_spi.c ****     goto error;
1946:Drivers/STM32G0xx_HAL_Driver/Src/stm32g0xx_hal_spi.c ****   }
1947:Drivers/STM32G0xx_HAL_Driver/Src/stm32g0xx_hal_spi.c **** 
1948:Drivers/STM32G0xx_HAL_Driver/Src/stm32g0xx_hal_spi.c ****   /* Check if the SPI is already enabled */
1949:Drivers/STM32G0xx_HAL_Driver/Src/stm32g0xx_hal_spi.c ****   if ((hspi->Instance->CR1 & SPI_CR1_SPE) != SPI_CR1_SPE)
1950:Drivers/STM32G0xx_HAL_Driver/Src/stm32g0xx_hal_spi.c ****   {
1951:Drivers/STM32G0xx_HAL_Driver/Src/stm32g0xx_hal_spi.c ****     /* Enable SPI peripheral */
1952:Drivers/STM32G0xx_HAL_Driver/Src/stm32g0xx_hal_spi.c ****     __HAL_SPI_ENABLE(hspi);
1953:Drivers/STM32G0xx_HAL_Driver/Src/stm32g0xx_hal_spi.c ****   }
1954:Drivers/STM32G0xx_HAL_Driver/Src/stm32g0xx_hal_spi.c **** 
1955:Drivers/STM32G0xx_HAL_Driver/Src/stm32g0xx_hal_spi.c ****   /* Enable the SPI Error Interrupt Bit */
1956:Drivers/STM32G0xx_HAL_Driver/Src/stm32g0xx_hal_spi.c ****   __HAL_SPI_ENABLE_IT(hspi, (SPI_IT_ERR));
1957:Drivers/STM32G0xx_HAL_Driver/Src/stm32g0xx_hal_spi.c **** 
1958:Drivers/STM32G0xx_HAL_Driver/Src/stm32g0xx_hal_spi.c ****   /* Enable Tx DMA Request */
1959:Drivers/STM32G0xx_HAL_Driver/Src/stm32g0xx_hal_spi.c ****   SET_BIT(hspi->Instance->CR2, SPI_CR2_TXDMAEN);
1960:Drivers/STM32G0xx_HAL_Driver/Src/stm32g0xx_hal_spi.c **** 
1961:Drivers/STM32G0xx_HAL_Driver/Src/stm32g0xx_hal_spi.c **** error :
1962:Drivers/STM32G0xx_HAL_Driver/Src/stm32g0xx_hal_spi.c ****   /* Process Unlocked */
1963:Drivers/STM32G0xx_HAL_Driver/Src/stm32g0xx_hal_spi.c ****   __HAL_UNLOCK(hspi);
1964:Drivers/STM32G0xx_HAL_Driver/Src/stm32g0xx_hal_spi.c ****   return errorcode;
1965:Drivers/STM32G0xx_HAL_Driver/Src/stm32g0xx_hal_spi.c **** }
1966:Drivers/STM32G0xx_HAL_Driver/Src/stm32g0xx_hal_spi.c **** 
1967:Drivers/STM32G0xx_HAL_Driver/Src/stm32g0xx_hal_spi.c **** /**
1968:Drivers/STM32G0xx_HAL_Driver/Src/stm32g0xx_hal_spi.c ****   * @brief  Receive an amount of data in non-blocking mode with DMA.
1969:Drivers/STM32G0xx_HAL_Driver/Src/stm32g0xx_hal_spi.c ****   * @note   In case of MASTER mode and SPI_DIRECTION_2LINES direction, hdmatx shall be defined.
1970:Drivers/STM32G0xx_HAL_Driver/Src/stm32g0xx_hal_spi.c ****   * @param  hspi pointer to a SPI_HandleTypeDef structure that contains
ARM GAS  C:\Users\sante\AppData\Local\Temp\cc1VgFnO.s 			page 36


1971:Drivers/STM32G0xx_HAL_Driver/Src/stm32g0xx_hal_spi.c ****   *               the configuration information for SPI module.
1972:Drivers/STM32G0xx_HAL_Driver/Src/stm32g0xx_hal_spi.c ****   * @param  pData pointer to data buffer
1973:Drivers/STM32G0xx_HAL_Driver/Src/stm32g0xx_hal_spi.c ****   * @note   When the CRC feature is enabled the pData Length must be Size + 1.
1974:Drivers/STM32G0xx_HAL_Driver/Src/stm32g0xx_hal_spi.c ****   * @param  Size amount of data to be sent
1975:Drivers/STM32G0xx_HAL_Driver/Src/stm32g0xx_hal_spi.c ****   * @retval HAL status
1976:Drivers/STM32G0xx_HAL_Driver/Src/stm32g0xx_hal_spi.c ****   */
1977:Drivers/STM32G0xx_HAL_Driver/Src/stm32g0xx_hal_spi.c **** HAL_StatusTypeDef HAL_SPI_Receive_DMA(SPI_HandleTypeDef *hspi, uint8_t *pData, uint16_t Size)
1978:Drivers/STM32G0xx_HAL_Driver/Src/stm32g0xx_hal_spi.c **** {
1979:Drivers/STM32G0xx_HAL_Driver/Src/stm32g0xx_hal_spi.c ****   HAL_StatusTypeDef errorcode = HAL_OK;
1980:Drivers/STM32G0xx_HAL_Driver/Src/stm32g0xx_hal_spi.c **** 
1981:Drivers/STM32G0xx_HAL_Driver/Src/stm32g0xx_hal_spi.c ****   /* Check rx dma handle */
1982:Drivers/STM32G0xx_HAL_Driver/Src/stm32g0xx_hal_spi.c ****   assert_param(IS_SPI_DMA_HANDLE(hspi->hdmarx));
1983:Drivers/STM32G0xx_HAL_Driver/Src/stm32g0xx_hal_spi.c **** 
1984:Drivers/STM32G0xx_HAL_Driver/Src/stm32g0xx_hal_spi.c ****   if (hspi->State != HAL_SPI_STATE_READY)
1985:Drivers/STM32G0xx_HAL_Driver/Src/stm32g0xx_hal_spi.c ****   {
1986:Drivers/STM32G0xx_HAL_Driver/Src/stm32g0xx_hal_spi.c ****     errorcode = HAL_BUSY;
1987:Drivers/STM32G0xx_HAL_Driver/Src/stm32g0xx_hal_spi.c ****     goto error;
1988:Drivers/STM32G0xx_HAL_Driver/Src/stm32g0xx_hal_spi.c ****   }
1989:Drivers/STM32G0xx_HAL_Driver/Src/stm32g0xx_hal_spi.c **** 
1990:Drivers/STM32G0xx_HAL_Driver/Src/stm32g0xx_hal_spi.c ****   if ((hspi->Init.Direction == SPI_DIRECTION_2LINES) && (hspi->Init.Mode == SPI_MODE_MASTER))
1991:Drivers/STM32G0xx_HAL_Driver/Src/stm32g0xx_hal_spi.c ****   {
1992:Drivers/STM32G0xx_HAL_Driver/Src/stm32g0xx_hal_spi.c ****     hspi->State = HAL_SPI_STATE_BUSY_RX;
1993:Drivers/STM32G0xx_HAL_Driver/Src/stm32g0xx_hal_spi.c **** 
1994:Drivers/STM32G0xx_HAL_Driver/Src/stm32g0xx_hal_spi.c ****     /* Check tx dma handle */
1995:Drivers/STM32G0xx_HAL_Driver/Src/stm32g0xx_hal_spi.c ****     assert_param(IS_SPI_DMA_HANDLE(hspi->hdmatx));
1996:Drivers/STM32G0xx_HAL_Driver/Src/stm32g0xx_hal_spi.c **** 
1997:Drivers/STM32G0xx_HAL_Driver/Src/stm32g0xx_hal_spi.c ****     /* Call transmit-receive function to send Dummy data on Tx line and generate clock on CLK line 
1998:Drivers/STM32G0xx_HAL_Driver/Src/stm32g0xx_hal_spi.c ****     return HAL_SPI_TransmitReceive_DMA(hspi, pData, pData, Size);
1999:Drivers/STM32G0xx_HAL_Driver/Src/stm32g0xx_hal_spi.c ****   }
2000:Drivers/STM32G0xx_HAL_Driver/Src/stm32g0xx_hal_spi.c **** 
2001:Drivers/STM32G0xx_HAL_Driver/Src/stm32g0xx_hal_spi.c ****   /* Process Locked */
2002:Drivers/STM32G0xx_HAL_Driver/Src/stm32g0xx_hal_spi.c ****   __HAL_LOCK(hspi);
2003:Drivers/STM32G0xx_HAL_Driver/Src/stm32g0xx_hal_spi.c **** 
2004:Drivers/STM32G0xx_HAL_Driver/Src/stm32g0xx_hal_spi.c ****   if ((pData == NULL) || (Size == 0U))
2005:Drivers/STM32G0xx_HAL_Driver/Src/stm32g0xx_hal_spi.c ****   {
2006:Drivers/STM32G0xx_HAL_Driver/Src/stm32g0xx_hal_spi.c ****     errorcode = HAL_ERROR;
2007:Drivers/STM32G0xx_HAL_Driver/Src/stm32g0xx_hal_spi.c ****     goto error;
2008:Drivers/STM32G0xx_HAL_Driver/Src/stm32g0xx_hal_spi.c ****   }
2009:Drivers/STM32G0xx_HAL_Driver/Src/stm32g0xx_hal_spi.c **** 
2010:Drivers/STM32G0xx_HAL_Driver/Src/stm32g0xx_hal_spi.c ****   /* Set the transaction information */
2011:Drivers/STM32G0xx_HAL_Driver/Src/stm32g0xx_hal_spi.c ****   hspi->State       = HAL_SPI_STATE_BUSY_RX;
2012:Drivers/STM32G0xx_HAL_Driver/Src/stm32g0xx_hal_spi.c ****   hspi->ErrorCode   = HAL_SPI_ERROR_NONE;
2013:Drivers/STM32G0xx_HAL_Driver/Src/stm32g0xx_hal_spi.c ****   hspi->pRxBuffPtr  = (uint8_t *)pData;
2014:Drivers/STM32G0xx_HAL_Driver/Src/stm32g0xx_hal_spi.c ****   hspi->RxXferSize  = Size;
2015:Drivers/STM32G0xx_HAL_Driver/Src/stm32g0xx_hal_spi.c ****   hspi->RxXferCount = Size;
2016:Drivers/STM32G0xx_HAL_Driver/Src/stm32g0xx_hal_spi.c **** 
2017:Drivers/STM32G0xx_HAL_Driver/Src/stm32g0xx_hal_spi.c ****   /*Init field not used in handle to zero */
2018:Drivers/STM32G0xx_HAL_Driver/Src/stm32g0xx_hal_spi.c ****   hspi->RxISR       = NULL;
2019:Drivers/STM32G0xx_HAL_Driver/Src/stm32g0xx_hal_spi.c ****   hspi->TxISR       = NULL;
2020:Drivers/STM32G0xx_HAL_Driver/Src/stm32g0xx_hal_spi.c ****   hspi->TxXferSize  = 0U;
2021:Drivers/STM32G0xx_HAL_Driver/Src/stm32g0xx_hal_spi.c ****   hspi->TxXferCount = 0U;
2022:Drivers/STM32G0xx_HAL_Driver/Src/stm32g0xx_hal_spi.c **** 
2023:Drivers/STM32G0xx_HAL_Driver/Src/stm32g0xx_hal_spi.c ****   /* Configure communication direction : 1Line */
2024:Drivers/STM32G0xx_HAL_Driver/Src/stm32g0xx_hal_spi.c ****   if (hspi->Init.Direction == SPI_DIRECTION_1LINE)
2025:Drivers/STM32G0xx_HAL_Driver/Src/stm32g0xx_hal_spi.c ****   {
2026:Drivers/STM32G0xx_HAL_Driver/Src/stm32g0xx_hal_spi.c ****     /* Disable SPI Peripheral before set 1Line direction (BIDIOE bit) */
2027:Drivers/STM32G0xx_HAL_Driver/Src/stm32g0xx_hal_spi.c ****     __HAL_SPI_DISABLE(hspi);
ARM GAS  C:\Users\sante\AppData\Local\Temp\cc1VgFnO.s 			page 37


2028:Drivers/STM32G0xx_HAL_Driver/Src/stm32g0xx_hal_spi.c ****     SPI_1LINE_RX(hspi);
2029:Drivers/STM32G0xx_HAL_Driver/Src/stm32g0xx_hal_spi.c ****   }
2030:Drivers/STM32G0xx_HAL_Driver/Src/stm32g0xx_hal_spi.c **** 
2031:Drivers/STM32G0xx_HAL_Driver/Src/stm32g0xx_hal_spi.c **** #if (USE_SPI_CRC != 0U)
2032:Drivers/STM32G0xx_HAL_Driver/Src/stm32g0xx_hal_spi.c ****   /* Reset CRC Calculation */
2033:Drivers/STM32G0xx_HAL_Driver/Src/stm32g0xx_hal_spi.c ****   if (hspi->Init.CRCCalculation == SPI_CRCCALCULATION_ENABLE)
2034:Drivers/STM32G0xx_HAL_Driver/Src/stm32g0xx_hal_spi.c ****   {
2035:Drivers/STM32G0xx_HAL_Driver/Src/stm32g0xx_hal_spi.c ****     SPI_RESET_CRC(hspi);
2036:Drivers/STM32G0xx_HAL_Driver/Src/stm32g0xx_hal_spi.c ****   }
2037:Drivers/STM32G0xx_HAL_Driver/Src/stm32g0xx_hal_spi.c **** #endif /* USE_SPI_CRC */
2038:Drivers/STM32G0xx_HAL_Driver/Src/stm32g0xx_hal_spi.c **** 
2039:Drivers/STM32G0xx_HAL_Driver/Src/stm32g0xx_hal_spi.c **** 
2040:Drivers/STM32G0xx_HAL_Driver/Src/stm32g0xx_hal_spi.c ****   CLEAR_BIT(hspi->Instance->CR2, SPI_CR2_LDMARX);
2041:Drivers/STM32G0xx_HAL_Driver/Src/stm32g0xx_hal_spi.c ****   if (hspi->Init.DataSize > SPI_DATASIZE_8BIT)
2042:Drivers/STM32G0xx_HAL_Driver/Src/stm32g0xx_hal_spi.c ****   {
2043:Drivers/STM32G0xx_HAL_Driver/Src/stm32g0xx_hal_spi.c ****     /* Set RX Fifo threshold according the reception data length: 16bit */
2044:Drivers/STM32G0xx_HAL_Driver/Src/stm32g0xx_hal_spi.c ****     CLEAR_BIT(hspi->Instance->CR2, SPI_RXFIFO_THRESHOLD);
2045:Drivers/STM32G0xx_HAL_Driver/Src/stm32g0xx_hal_spi.c ****   }
2046:Drivers/STM32G0xx_HAL_Driver/Src/stm32g0xx_hal_spi.c ****   else
2047:Drivers/STM32G0xx_HAL_Driver/Src/stm32g0xx_hal_spi.c ****   {
2048:Drivers/STM32G0xx_HAL_Driver/Src/stm32g0xx_hal_spi.c ****     /* Set RX Fifo threshold according the reception data length: 8bit */
2049:Drivers/STM32G0xx_HAL_Driver/Src/stm32g0xx_hal_spi.c ****     SET_BIT(hspi->Instance->CR2, SPI_RXFIFO_THRESHOLD);
2050:Drivers/STM32G0xx_HAL_Driver/Src/stm32g0xx_hal_spi.c **** 
2051:Drivers/STM32G0xx_HAL_Driver/Src/stm32g0xx_hal_spi.c ****     if (hspi->hdmarx->Init.MemDataAlignment == DMA_MDATAALIGN_HALFWORD)
2052:Drivers/STM32G0xx_HAL_Driver/Src/stm32g0xx_hal_spi.c ****     {
2053:Drivers/STM32G0xx_HAL_Driver/Src/stm32g0xx_hal_spi.c ****       /* Set RX Fifo threshold according the reception data length: 16bit */
2054:Drivers/STM32G0xx_HAL_Driver/Src/stm32g0xx_hal_spi.c ****       CLEAR_BIT(hspi->Instance->CR2, SPI_RXFIFO_THRESHOLD);
2055:Drivers/STM32G0xx_HAL_Driver/Src/stm32g0xx_hal_spi.c **** 
2056:Drivers/STM32G0xx_HAL_Driver/Src/stm32g0xx_hal_spi.c ****       if ((hspi->RxXferCount & 0x1U) == 0x0U)
2057:Drivers/STM32G0xx_HAL_Driver/Src/stm32g0xx_hal_spi.c ****       {
2058:Drivers/STM32G0xx_HAL_Driver/Src/stm32g0xx_hal_spi.c ****         CLEAR_BIT(hspi->Instance->CR2, SPI_CR2_LDMARX);
2059:Drivers/STM32G0xx_HAL_Driver/Src/stm32g0xx_hal_spi.c ****         hspi->RxXferCount = hspi->RxXferCount >> 1U;
2060:Drivers/STM32G0xx_HAL_Driver/Src/stm32g0xx_hal_spi.c ****       }
2061:Drivers/STM32G0xx_HAL_Driver/Src/stm32g0xx_hal_spi.c ****       else
2062:Drivers/STM32G0xx_HAL_Driver/Src/stm32g0xx_hal_spi.c ****       {
2063:Drivers/STM32G0xx_HAL_Driver/Src/stm32g0xx_hal_spi.c ****         SET_BIT(hspi->Instance->CR2, SPI_CR2_LDMARX);
2064:Drivers/STM32G0xx_HAL_Driver/Src/stm32g0xx_hal_spi.c ****         hspi->RxXferCount = (hspi->RxXferCount >> 1U) + 1U;
2065:Drivers/STM32G0xx_HAL_Driver/Src/stm32g0xx_hal_spi.c ****       }
2066:Drivers/STM32G0xx_HAL_Driver/Src/stm32g0xx_hal_spi.c ****     }
2067:Drivers/STM32G0xx_HAL_Driver/Src/stm32g0xx_hal_spi.c ****   }
2068:Drivers/STM32G0xx_HAL_Driver/Src/stm32g0xx_hal_spi.c **** 
2069:Drivers/STM32G0xx_HAL_Driver/Src/stm32g0xx_hal_spi.c ****   /* Set the SPI RxDMA Half transfer complete callback */
2070:Drivers/STM32G0xx_HAL_Driver/Src/stm32g0xx_hal_spi.c ****   hspi->hdmarx->XferHalfCpltCallback = SPI_DMAHalfReceiveCplt;
2071:Drivers/STM32G0xx_HAL_Driver/Src/stm32g0xx_hal_spi.c **** 
2072:Drivers/STM32G0xx_HAL_Driver/Src/stm32g0xx_hal_spi.c ****   /* Set the SPI Rx DMA transfer complete callback */
2073:Drivers/STM32G0xx_HAL_Driver/Src/stm32g0xx_hal_spi.c ****   hspi->hdmarx->XferCpltCallback = SPI_DMAReceiveCplt;
2074:Drivers/STM32G0xx_HAL_Driver/Src/stm32g0xx_hal_spi.c **** 
2075:Drivers/STM32G0xx_HAL_Driver/Src/stm32g0xx_hal_spi.c ****   /* Set the DMA error callback */
2076:Drivers/STM32G0xx_HAL_Driver/Src/stm32g0xx_hal_spi.c ****   hspi->hdmarx->XferErrorCallback = SPI_DMAError;
2077:Drivers/STM32G0xx_HAL_Driver/Src/stm32g0xx_hal_spi.c **** 
2078:Drivers/STM32G0xx_HAL_Driver/Src/stm32g0xx_hal_spi.c ****   /* Set the DMA AbortCpltCallback */
2079:Drivers/STM32G0xx_HAL_Driver/Src/stm32g0xx_hal_spi.c ****   hspi->hdmarx->XferAbortCallback = NULL;
2080:Drivers/STM32G0xx_HAL_Driver/Src/stm32g0xx_hal_spi.c **** 
2081:Drivers/STM32G0xx_HAL_Driver/Src/stm32g0xx_hal_spi.c ****   /* Enable the Rx DMA Stream/Channel  */
2082:Drivers/STM32G0xx_HAL_Driver/Src/stm32g0xx_hal_spi.c ****   if (HAL_OK != HAL_DMA_Start_IT(hspi->hdmarx, (uint32_t)&hspi->Instance->DR, (uint32_t)hspi->pRxBu
2083:Drivers/STM32G0xx_HAL_Driver/Src/stm32g0xx_hal_spi.c ****                                  hspi->RxXferCount))
2084:Drivers/STM32G0xx_HAL_Driver/Src/stm32g0xx_hal_spi.c ****   {
ARM GAS  C:\Users\sante\AppData\Local\Temp\cc1VgFnO.s 			page 38


2085:Drivers/STM32G0xx_HAL_Driver/Src/stm32g0xx_hal_spi.c ****     /* Update SPI error code */
2086:Drivers/STM32G0xx_HAL_Driver/Src/stm32g0xx_hal_spi.c ****     SET_BIT(hspi->ErrorCode, HAL_SPI_ERROR_DMA);
2087:Drivers/STM32G0xx_HAL_Driver/Src/stm32g0xx_hal_spi.c ****     errorcode = HAL_ERROR;
2088:Drivers/STM32G0xx_HAL_Driver/Src/stm32g0xx_hal_spi.c **** 
2089:Drivers/STM32G0xx_HAL_Driver/Src/stm32g0xx_hal_spi.c ****     goto error;
2090:Drivers/STM32G0xx_HAL_Driver/Src/stm32g0xx_hal_spi.c ****   }
2091:Drivers/STM32G0xx_HAL_Driver/Src/stm32g0xx_hal_spi.c **** 
2092:Drivers/STM32G0xx_HAL_Driver/Src/stm32g0xx_hal_spi.c ****   /* Check if the SPI is already enabled */
2093:Drivers/STM32G0xx_HAL_Driver/Src/stm32g0xx_hal_spi.c ****   if ((hspi->Instance->CR1 & SPI_CR1_SPE) != SPI_CR1_SPE)
2094:Drivers/STM32G0xx_HAL_Driver/Src/stm32g0xx_hal_spi.c ****   {
2095:Drivers/STM32G0xx_HAL_Driver/Src/stm32g0xx_hal_spi.c ****     /* Enable SPI peripheral */
2096:Drivers/STM32G0xx_HAL_Driver/Src/stm32g0xx_hal_spi.c ****     __HAL_SPI_ENABLE(hspi);
2097:Drivers/STM32G0xx_HAL_Driver/Src/stm32g0xx_hal_spi.c ****   }
2098:Drivers/STM32G0xx_HAL_Driver/Src/stm32g0xx_hal_spi.c **** 
2099:Drivers/STM32G0xx_HAL_Driver/Src/stm32g0xx_hal_spi.c ****   /* Enable the SPI Error Interrupt Bit */
2100:Drivers/STM32G0xx_HAL_Driver/Src/stm32g0xx_hal_spi.c ****   __HAL_SPI_ENABLE_IT(hspi, (SPI_IT_ERR));
2101:Drivers/STM32G0xx_HAL_Driver/Src/stm32g0xx_hal_spi.c **** 
2102:Drivers/STM32G0xx_HAL_Driver/Src/stm32g0xx_hal_spi.c ****   /* Enable Rx DMA Request */
2103:Drivers/STM32G0xx_HAL_Driver/Src/stm32g0xx_hal_spi.c ****   SET_BIT(hspi->Instance->CR2, SPI_CR2_RXDMAEN);
2104:Drivers/STM32G0xx_HAL_Driver/Src/stm32g0xx_hal_spi.c **** 
2105:Drivers/STM32G0xx_HAL_Driver/Src/stm32g0xx_hal_spi.c **** error:
2106:Drivers/STM32G0xx_HAL_Driver/Src/stm32g0xx_hal_spi.c ****   /* Process Unlocked */
2107:Drivers/STM32G0xx_HAL_Driver/Src/stm32g0xx_hal_spi.c ****   __HAL_UNLOCK(hspi);
2108:Drivers/STM32G0xx_HAL_Driver/Src/stm32g0xx_hal_spi.c ****   return errorcode;
2109:Drivers/STM32G0xx_HAL_Driver/Src/stm32g0xx_hal_spi.c **** }
2110:Drivers/STM32G0xx_HAL_Driver/Src/stm32g0xx_hal_spi.c **** 
2111:Drivers/STM32G0xx_HAL_Driver/Src/stm32g0xx_hal_spi.c **** /**
2112:Drivers/STM32G0xx_HAL_Driver/Src/stm32g0xx_hal_spi.c ****   * @brief  Transmit and Receive an amount of data in non-blocking mode with DMA.
2113:Drivers/STM32G0xx_HAL_Driver/Src/stm32g0xx_hal_spi.c ****   * @param  hspi pointer to a SPI_HandleTypeDef structure that contains
2114:Drivers/STM32G0xx_HAL_Driver/Src/stm32g0xx_hal_spi.c ****   *               the configuration information for SPI module.
2115:Drivers/STM32G0xx_HAL_Driver/Src/stm32g0xx_hal_spi.c ****   * @param  pTxData pointer to transmission data buffer
2116:Drivers/STM32G0xx_HAL_Driver/Src/stm32g0xx_hal_spi.c ****   * @param  pRxData pointer to reception data buffer
2117:Drivers/STM32G0xx_HAL_Driver/Src/stm32g0xx_hal_spi.c ****   * @note   When the CRC feature is enabled the pRxData Length must be Size + 1
2118:Drivers/STM32G0xx_HAL_Driver/Src/stm32g0xx_hal_spi.c ****   * @param  Size amount of data to be sent
2119:Drivers/STM32G0xx_HAL_Driver/Src/stm32g0xx_hal_spi.c ****   * @retval HAL status
2120:Drivers/STM32G0xx_HAL_Driver/Src/stm32g0xx_hal_spi.c ****   */
2121:Drivers/STM32G0xx_HAL_Driver/Src/stm32g0xx_hal_spi.c **** HAL_StatusTypeDef HAL_SPI_TransmitReceive_DMA(SPI_HandleTypeDef *hspi, uint8_t *pTxData, uint8_t *p
2122:Drivers/STM32G0xx_HAL_Driver/Src/stm32g0xx_hal_spi.c ****                                               uint16_t Size)
2123:Drivers/STM32G0xx_HAL_Driver/Src/stm32g0xx_hal_spi.c **** {
2124:Drivers/STM32G0xx_HAL_Driver/Src/stm32g0xx_hal_spi.c ****   uint32_t             tmp_mode;
2125:Drivers/STM32G0xx_HAL_Driver/Src/stm32g0xx_hal_spi.c ****   HAL_SPI_StateTypeDef tmp_state;
2126:Drivers/STM32G0xx_HAL_Driver/Src/stm32g0xx_hal_spi.c ****   HAL_StatusTypeDef errorcode = HAL_OK;
2127:Drivers/STM32G0xx_HAL_Driver/Src/stm32g0xx_hal_spi.c **** 
2128:Drivers/STM32G0xx_HAL_Driver/Src/stm32g0xx_hal_spi.c ****   /* Check rx & tx dma handles */
2129:Drivers/STM32G0xx_HAL_Driver/Src/stm32g0xx_hal_spi.c ****   assert_param(IS_SPI_DMA_HANDLE(hspi->hdmarx));
2130:Drivers/STM32G0xx_HAL_Driver/Src/stm32g0xx_hal_spi.c ****   assert_param(IS_SPI_DMA_HANDLE(hspi->hdmatx));
2131:Drivers/STM32G0xx_HAL_Driver/Src/stm32g0xx_hal_spi.c **** 
2132:Drivers/STM32G0xx_HAL_Driver/Src/stm32g0xx_hal_spi.c ****   /* Check Direction parameter */
2133:Drivers/STM32G0xx_HAL_Driver/Src/stm32g0xx_hal_spi.c ****   assert_param(IS_SPI_DIRECTION_2LINES(hspi->Init.Direction));
2134:Drivers/STM32G0xx_HAL_Driver/Src/stm32g0xx_hal_spi.c **** 
2135:Drivers/STM32G0xx_HAL_Driver/Src/stm32g0xx_hal_spi.c ****   /* Process locked */
2136:Drivers/STM32G0xx_HAL_Driver/Src/stm32g0xx_hal_spi.c ****   __HAL_LOCK(hspi);
2137:Drivers/STM32G0xx_HAL_Driver/Src/stm32g0xx_hal_spi.c **** 
2138:Drivers/STM32G0xx_HAL_Driver/Src/stm32g0xx_hal_spi.c ****   /* Init temporary variables */
2139:Drivers/STM32G0xx_HAL_Driver/Src/stm32g0xx_hal_spi.c ****   tmp_state           = hspi->State;
2140:Drivers/STM32G0xx_HAL_Driver/Src/stm32g0xx_hal_spi.c ****   tmp_mode            = hspi->Init.Mode;
2141:Drivers/STM32G0xx_HAL_Driver/Src/stm32g0xx_hal_spi.c **** 
ARM GAS  C:\Users\sante\AppData\Local\Temp\cc1VgFnO.s 			page 39


2142:Drivers/STM32G0xx_HAL_Driver/Src/stm32g0xx_hal_spi.c ****   if (!((tmp_state == HAL_SPI_STATE_READY) ||
2143:Drivers/STM32G0xx_HAL_Driver/Src/stm32g0xx_hal_spi.c ****         ((tmp_mode == SPI_MODE_MASTER) && (hspi->Init.Direction == SPI_DIRECTION_2LINES) && (tmp_st
2144:Drivers/STM32G0xx_HAL_Driver/Src/stm32g0xx_hal_spi.c ****   {
2145:Drivers/STM32G0xx_HAL_Driver/Src/stm32g0xx_hal_spi.c ****     errorcode = HAL_BUSY;
2146:Drivers/STM32G0xx_HAL_Driver/Src/stm32g0xx_hal_spi.c ****     goto error;
2147:Drivers/STM32G0xx_HAL_Driver/Src/stm32g0xx_hal_spi.c ****   }
2148:Drivers/STM32G0xx_HAL_Driver/Src/stm32g0xx_hal_spi.c **** 
2149:Drivers/STM32G0xx_HAL_Driver/Src/stm32g0xx_hal_spi.c ****   if ((pTxData == NULL) || (pRxData == NULL) || (Size == 0U))
2150:Drivers/STM32G0xx_HAL_Driver/Src/stm32g0xx_hal_spi.c ****   {
2151:Drivers/STM32G0xx_HAL_Driver/Src/stm32g0xx_hal_spi.c ****     errorcode = HAL_ERROR;
2152:Drivers/STM32G0xx_HAL_Driver/Src/stm32g0xx_hal_spi.c ****     goto error;
2153:Drivers/STM32G0xx_HAL_Driver/Src/stm32g0xx_hal_spi.c ****   }
2154:Drivers/STM32G0xx_HAL_Driver/Src/stm32g0xx_hal_spi.c **** 
2155:Drivers/STM32G0xx_HAL_Driver/Src/stm32g0xx_hal_spi.c ****   /* Don't overwrite in case of HAL_SPI_STATE_BUSY_RX */
2156:Drivers/STM32G0xx_HAL_Driver/Src/stm32g0xx_hal_spi.c ****   if (hspi->State != HAL_SPI_STATE_BUSY_RX)
2157:Drivers/STM32G0xx_HAL_Driver/Src/stm32g0xx_hal_spi.c ****   {
2158:Drivers/STM32G0xx_HAL_Driver/Src/stm32g0xx_hal_spi.c ****     hspi->State = HAL_SPI_STATE_BUSY_TX_RX;
2159:Drivers/STM32G0xx_HAL_Driver/Src/stm32g0xx_hal_spi.c ****   }
2160:Drivers/STM32G0xx_HAL_Driver/Src/stm32g0xx_hal_spi.c **** 
2161:Drivers/STM32G0xx_HAL_Driver/Src/stm32g0xx_hal_spi.c ****   /* Set the transaction information */
2162:Drivers/STM32G0xx_HAL_Driver/Src/stm32g0xx_hal_spi.c ****   hspi->ErrorCode   = HAL_SPI_ERROR_NONE;
2163:Drivers/STM32G0xx_HAL_Driver/Src/stm32g0xx_hal_spi.c ****   hspi->pTxBuffPtr  = (uint8_t *)pTxData;
2164:Drivers/STM32G0xx_HAL_Driver/Src/stm32g0xx_hal_spi.c ****   hspi->TxXferSize  = Size;
2165:Drivers/STM32G0xx_HAL_Driver/Src/stm32g0xx_hal_spi.c ****   hspi->TxXferCount = Size;
2166:Drivers/STM32G0xx_HAL_Driver/Src/stm32g0xx_hal_spi.c ****   hspi->pRxBuffPtr  = (uint8_t *)pRxData;
2167:Drivers/STM32G0xx_HAL_Driver/Src/stm32g0xx_hal_spi.c ****   hspi->RxXferSize  = Size;
2168:Drivers/STM32G0xx_HAL_Driver/Src/stm32g0xx_hal_spi.c ****   hspi->RxXferCount = Size;
2169:Drivers/STM32G0xx_HAL_Driver/Src/stm32g0xx_hal_spi.c **** 
2170:Drivers/STM32G0xx_HAL_Driver/Src/stm32g0xx_hal_spi.c ****   /* Init field not used in handle to zero */
2171:Drivers/STM32G0xx_HAL_Driver/Src/stm32g0xx_hal_spi.c ****   hspi->RxISR       = NULL;
2172:Drivers/STM32G0xx_HAL_Driver/Src/stm32g0xx_hal_spi.c ****   hspi->TxISR       = NULL;
2173:Drivers/STM32G0xx_HAL_Driver/Src/stm32g0xx_hal_spi.c **** 
2174:Drivers/STM32G0xx_HAL_Driver/Src/stm32g0xx_hal_spi.c **** #if (USE_SPI_CRC != 0U)
2175:Drivers/STM32G0xx_HAL_Driver/Src/stm32g0xx_hal_spi.c ****   /* Reset CRC Calculation */
2176:Drivers/STM32G0xx_HAL_Driver/Src/stm32g0xx_hal_spi.c ****   if (hspi->Init.CRCCalculation == SPI_CRCCALCULATION_ENABLE)
2177:Drivers/STM32G0xx_HAL_Driver/Src/stm32g0xx_hal_spi.c ****   {
2178:Drivers/STM32G0xx_HAL_Driver/Src/stm32g0xx_hal_spi.c ****     SPI_RESET_CRC(hspi);
2179:Drivers/STM32G0xx_HAL_Driver/Src/stm32g0xx_hal_spi.c ****   }
2180:Drivers/STM32G0xx_HAL_Driver/Src/stm32g0xx_hal_spi.c **** #endif /* USE_SPI_CRC */
2181:Drivers/STM32G0xx_HAL_Driver/Src/stm32g0xx_hal_spi.c **** 
2182:Drivers/STM32G0xx_HAL_Driver/Src/stm32g0xx_hal_spi.c ****   /* Reset the threshold bit */
2183:Drivers/STM32G0xx_HAL_Driver/Src/stm32g0xx_hal_spi.c ****   CLEAR_BIT(hspi->Instance->CR2, SPI_CR2_LDMATX | SPI_CR2_LDMARX);
2184:Drivers/STM32G0xx_HAL_Driver/Src/stm32g0xx_hal_spi.c **** 
2185:Drivers/STM32G0xx_HAL_Driver/Src/stm32g0xx_hal_spi.c ****   /* The packing mode management is enabled by the DMA settings according the spi data size */
2186:Drivers/STM32G0xx_HAL_Driver/Src/stm32g0xx_hal_spi.c ****   if (hspi->Init.DataSize > SPI_DATASIZE_8BIT)
2187:Drivers/STM32G0xx_HAL_Driver/Src/stm32g0xx_hal_spi.c ****   {
2188:Drivers/STM32G0xx_HAL_Driver/Src/stm32g0xx_hal_spi.c ****     /* Set fiforxthreshold according the reception data length: 16bit */
2189:Drivers/STM32G0xx_HAL_Driver/Src/stm32g0xx_hal_spi.c ****     CLEAR_BIT(hspi->Instance->CR2, SPI_RXFIFO_THRESHOLD);
2190:Drivers/STM32G0xx_HAL_Driver/Src/stm32g0xx_hal_spi.c ****   }
2191:Drivers/STM32G0xx_HAL_Driver/Src/stm32g0xx_hal_spi.c ****   else
2192:Drivers/STM32G0xx_HAL_Driver/Src/stm32g0xx_hal_spi.c ****   {
2193:Drivers/STM32G0xx_HAL_Driver/Src/stm32g0xx_hal_spi.c ****     /* Set RX Fifo threshold according the reception data length: 8bit */
2194:Drivers/STM32G0xx_HAL_Driver/Src/stm32g0xx_hal_spi.c ****     SET_BIT(hspi->Instance->CR2, SPI_RXFIFO_THRESHOLD);
2195:Drivers/STM32G0xx_HAL_Driver/Src/stm32g0xx_hal_spi.c **** 
2196:Drivers/STM32G0xx_HAL_Driver/Src/stm32g0xx_hal_spi.c ****     if (hspi->hdmatx->Init.MemDataAlignment == DMA_MDATAALIGN_HALFWORD)
2197:Drivers/STM32G0xx_HAL_Driver/Src/stm32g0xx_hal_spi.c ****     {
2198:Drivers/STM32G0xx_HAL_Driver/Src/stm32g0xx_hal_spi.c ****       if ((hspi->TxXferSize & 0x1U) == 0x0U)
ARM GAS  C:\Users\sante\AppData\Local\Temp\cc1VgFnO.s 			page 40


2199:Drivers/STM32G0xx_HAL_Driver/Src/stm32g0xx_hal_spi.c ****       {
2200:Drivers/STM32G0xx_HAL_Driver/Src/stm32g0xx_hal_spi.c ****         CLEAR_BIT(hspi->Instance->CR2, SPI_CR2_LDMATX);
2201:Drivers/STM32G0xx_HAL_Driver/Src/stm32g0xx_hal_spi.c ****         hspi->TxXferCount = hspi->TxXferCount >> 1U;
2202:Drivers/STM32G0xx_HAL_Driver/Src/stm32g0xx_hal_spi.c ****       }
2203:Drivers/STM32G0xx_HAL_Driver/Src/stm32g0xx_hal_spi.c ****       else
2204:Drivers/STM32G0xx_HAL_Driver/Src/stm32g0xx_hal_spi.c ****       {
2205:Drivers/STM32G0xx_HAL_Driver/Src/stm32g0xx_hal_spi.c ****         SET_BIT(hspi->Instance->CR2, SPI_CR2_LDMATX);
2206:Drivers/STM32G0xx_HAL_Driver/Src/stm32g0xx_hal_spi.c ****         hspi->TxXferCount = (hspi->TxXferCount >> 1U) + 1U;
2207:Drivers/STM32G0xx_HAL_Driver/Src/stm32g0xx_hal_spi.c ****       }
2208:Drivers/STM32G0xx_HAL_Driver/Src/stm32g0xx_hal_spi.c ****     }
2209:Drivers/STM32G0xx_HAL_Driver/Src/stm32g0xx_hal_spi.c **** 
2210:Drivers/STM32G0xx_HAL_Driver/Src/stm32g0xx_hal_spi.c ****     if (hspi->hdmarx->Init.MemDataAlignment == DMA_MDATAALIGN_HALFWORD)
2211:Drivers/STM32G0xx_HAL_Driver/Src/stm32g0xx_hal_spi.c ****     {
2212:Drivers/STM32G0xx_HAL_Driver/Src/stm32g0xx_hal_spi.c ****       /* Set RX Fifo threshold according the reception data length: 16bit */
2213:Drivers/STM32G0xx_HAL_Driver/Src/stm32g0xx_hal_spi.c ****       CLEAR_BIT(hspi->Instance->CR2, SPI_RXFIFO_THRESHOLD);
2214:Drivers/STM32G0xx_HAL_Driver/Src/stm32g0xx_hal_spi.c **** 
2215:Drivers/STM32G0xx_HAL_Driver/Src/stm32g0xx_hal_spi.c ****       if ((hspi->RxXferCount & 0x1U) == 0x0U)
2216:Drivers/STM32G0xx_HAL_Driver/Src/stm32g0xx_hal_spi.c ****       {
2217:Drivers/STM32G0xx_HAL_Driver/Src/stm32g0xx_hal_spi.c ****         CLEAR_BIT(hspi->Instance->CR2, SPI_CR2_LDMARX);
2218:Drivers/STM32G0xx_HAL_Driver/Src/stm32g0xx_hal_spi.c ****         hspi->RxXferCount = hspi->RxXferCount >> 1U;
2219:Drivers/STM32G0xx_HAL_Driver/Src/stm32g0xx_hal_spi.c ****       }
2220:Drivers/STM32G0xx_HAL_Driver/Src/stm32g0xx_hal_spi.c ****       else
2221:Drivers/STM32G0xx_HAL_Driver/Src/stm32g0xx_hal_spi.c ****       {
2222:Drivers/STM32G0xx_HAL_Driver/Src/stm32g0xx_hal_spi.c ****         SET_BIT(hspi->Instance->CR2, SPI_CR2_LDMARX);
2223:Drivers/STM32G0xx_HAL_Driver/Src/stm32g0xx_hal_spi.c ****         hspi->RxXferCount = (hspi->RxXferCount >> 1U) + 1U;
2224:Drivers/STM32G0xx_HAL_Driver/Src/stm32g0xx_hal_spi.c ****       }
2225:Drivers/STM32G0xx_HAL_Driver/Src/stm32g0xx_hal_spi.c ****     }
2226:Drivers/STM32G0xx_HAL_Driver/Src/stm32g0xx_hal_spi.c ****   }
2227:Drivers/STM32G0xx_HAL_Driver/Src/stm32g0xx_hal_spi.c **** 
2228:Drivers/STM32G0xx_HAL_Driver/Src/stm32g0xx_hal_spi.c ****   /* Check if we are in Rx only or in Rx/Tx Mode and configure the DMA transfer complete callback *
2229:Drivers/STM32G0xx_HAL_Driver/Src/stm32g0xx_hal_spi.c ****   if (hspi->State == HAL_SPI_STATE_BUSY_RX)
2230:Drivers/STM32G0xx_HAL_Driver/Src/stm32g0xx_hal_spi.c ****   {
2231:Drivers/STM32G0xx_HAL_Driver/Src/stm32g0xx_hal_spi.c ****     /* Set the SPI Rx DMA Half transfer complete callback */
2232:Drivers/STM32G0xx_HAL_Driver/Src/stm32g0xx_hal_spi.c ****     hspi->hdmarx->XferHalfCpltCallback = SPI_DMAHalfReceiveCplt;
2233:Drivers/STM32G0xx_HAL_Driver/Src/stm32g0xx_hal_spi.c ****     hspi->hdmarx->XferCpltCallback     = SPI_DMAReceiveCplt;
2234:Drivers/STM32G0xx_HAL_Driver/Src/stm32g0xx_hal_spi.c ****   }
2235:Drivers/STM32G0xx_HAL_Driver/Src/stm32g0xx_hal_spi.c ****   else
2236:Drivers/STM32G0xx_HAL_Driver/Src/stm32g0xx_hal_spi.c ****   {
2237:Drivers/STM32G0xx_HAL_Driver/Src/stm32g0xx_hal_spi.c ****     /* Set the SPI Tx/Rx DMA Half transfer complete callback */
2238:Drivers/STM32G0xx_HAL_Driver/Src/stm32g0xx_hal_spi.c ****     hspi->hdmarx->XferHalfCpltCallback = SPI_DMAHalfTransmitReceiveCplt;
2239:Drivers/STM32G0xx_HAL_Driver/Src/stm32g0xx_hal_spi.c ****     hspi->hdmarx->XferCpltCallback     = SPI_DMATransmitReceiveCplt;
2240:Drivers/STM32G0xx_HAL_Driver/Src/stm32g0xx_hal_spi.c ****   }
2241:Drivers/STM32G0xx_HAL_Driver/Src/stm32g0xx_hal_spi.c **** 
2242:Drivers/STM32G0xx_HAL_Driver/Src/stm32g0xx_hal_spi.c ****   /* Set the DMA error callback */
2243:Drivers/STM32G0xx_HAL_Driver/Src/stm32g0xx_hal_spi.c ****   hspi->hdmarx->XferErrorCallback = SPI_DMAError;
2244:Drivers/STM32G0xx_HAL_Driver/Src/stm32g0xx_hal_spi.c **** 
2245:Drivers/STM32G0xx_HAL_Driver/Src/stm32g0xx_hal_spi.c ****   /* Set the DMA AbortCpltCallback */
2246:Drivers/STM32G0xx_HAL_Driver/Src/stm32g0xx_hal_spi.c ****   hspi->hdmarx->XferAbortCallback = NULL;
2247:Drivers/STM32G0xx_HAL_Driver/Src/stm32g0xx_hal_spi.c **** 
2248:Drivers/STM32G0xx_HAL_Driver/Src/stm32g0xx_hal_spi.c ****   /* Enable the Rx DMA Stream/Channel  */
2249:Drivers/STM32G0xx_HAL_Driver/Src/stm32g0xx_hal_spi.c ****   if (HAL_OK != HAL_DMA_Start_IT(hspi->hdmarx, (uint32_t)&hspi->Instance->DR, (uint32_t)hspi->pRxBu
2250:Drivers/STM32G0xx_HAL_Driver/Src/stm32g0xx_hal_spi.c ****                                  hspi->RxXferCount))
2251:Drivers/STM32G0xx_HAL_Driver/Src/stm32g0xx_hal_spi.c ****   {
2252:Drivers/STM32G0xx_HAL_Driver/Src/stm32g0xx_hal_spi.c ****     /* Update SPI error code */
2253:Drivers/STM32G0xx_HAL_Driver/Src/stm32g0xx_hal_spi.c ****     SET_BIT(hspi->ErrorCode, HAL_SPI_ERROR_DMA);
2254:Drivers/STM32G0xx_HAL_Driver/Src/stm32g0xx_hal_spi.c ****     errorcode = HAL_ERROR;
2255:Drivers/STM32G0xx_HAL_Driver/Src/stm32g0xx_hal_spi.c **** 
ARM GAS  C:\Users\sante\AppData\Local\Temp\cc1VgFnO.s 			page 41


2256:Drivers/STM32G0xx_HAL_Driver/Src/stm32g0xx_hal_spi.c ****     goto error;
2257:Drivers/STM32G0xx_HAL_Driver/Src/stm32g0xx_hal_spi.c ****   }
2258:Drivers/STM32G0xx_HAL_Driver/Src/stm32g0xx_hal_spi.c **** 
2259:Drivers/STM32G0xx_HAL_Driver/Src/stm32g0xx_hal_spi.c ****   /* Enable Rx DMA Request */
2260:Drivers/STM32G0xx_HAL_Driver/Src/stm32g0xx_hal_spi.c ****   SET_BIT(hspi->Instance->CR2, SPI_CR2_RXDMAEN);
2261:Drivers/STM32G0xx_HAL_Driver/Src/stm32g0xx_hal_spi.c **** 
2262:Drivers/STM32G0xx_HAL_Driver/Src/stm32g0xx_hal_spi.c ****   /* Set the SPI Tx DMA transfer complete callback as NULL because the communication closing
2263:Drivers/STM32G0xx_HAL_Driver/Src/stm32g0xx_hal_spi.c ****   is performed in DMA reception complete callback  */
2264:Drivers/STM32G0xx_HAL_Driver/Src/stm32g0xx_hal_spi.c ****   hspi->hdmatx->XferHalfCpltCallback = NULL;
2265:Drivers/STM32G0xx_HAL_Driver/Src/stm32g0xx_hal_spi.c ****   hspi->hdmatx->XferCpltCallback     = NULL;
2266:Drivers/STM32G0xx_HAL_Driver/Src/stm32g0xx_hal_spi.c ****   hspi->hdmatx->XferErrorCallback    = NULL;
2267:Drivers/STM32G0xx_HAL_Driver/Src/stm32g0xx_hal_spi.c ****   hspi->hdmatx->XferAbortCallback    = NULL;
2268:Drivers/STM32G0xx_HAL_Driver/Src/stm32g0xx_hal_spi.c **** 
2269:Drivers/STM32G0xx_HAL_Driver/Src/stm32g0xx_hal_spi.c ****   /* Enable the Tx DMA Stream/Channel  */
2270:Drivers/STM32G0xx_HAL_Driver/Src/stm32g0xx_hal_spi.c ****   if (HAL_OK != HAL_DMA_Start_IT(hspi->hdmatx, (uint32_t)hspi->pTxBuffPtr, (uint32_t)&hspi->Instanc
2271:Drivers/STM32G0xx_HAL_Driver/Src/stm32g0xx_hal_spi.c ****                                  hspi->TxXferCount))
2272:Drivers/STM32G0xx_HAL_Driver/Src/stm32g0xx_hal_spi.c ****   {
2273:Drivers/STM32G0xx_HAL_Driver/Src/stm32g0xx_hal_spi.c ****     /* Update SPI error code */
2274:Drivers/STM32G0xx_HAL_Driver/Src/stm32g0xx_hal_spi.c ****     SET_BIT(hspi->ErrorCode, HAL_SPI_ERROR_DMA);
2275:Drivers/STM32G0xx_HAL_Driver/Src/stm32g0xx_hal_spi.c ****     errorcode = HAL_ERROR;
2276:Drivers/STM32G0xx_HAL_Driver/Src/stm32g0xx_hal_spi.c **** 
2277:Drivers/STM32G0xx_HAL_Driver/Src/stm32g0xx_hal_spi.c ****     goto error;
2278:Drivers/STM32G0xx_HAL_Driver/Src/stm32g0xx_hal_spi.c ****   }
2279:Drivers/STM32G0xx_HAL_Driver/Src/stm32g0xx_hal_spi.c **** 
2280:Drivers/STM32G0xx_HAL_Driver/Src/stm32g0xx_hal_spi.c ****   /* Check if the SPI is already enabled */
2281:Drivers/STM32G0xx_HAL_Driver/Src/stm32g0xx_hal_spi.c ****   if ((hspi->Instance->CR1 & SPI_CR1_SPE) != SPI_CR1_SPE)
2282:Drivers/STM32G0xx_HAL_Driver/Src/stm32g0xx_hal_spi.c ****   {
2283:Drivers/STM32G0xx_HAL_Driver/Src/stm32g0xx_hal_spi.c ****     /* Enable SPI peripheral */
2284:Drivers/STM32G0xx_HAL_Driver/Src/stm32g0xx_hal_spi.c ****     __HAL_SPI_ENABLE(hspi);
2285:Drivers/STM32G0xx_HAL_Driver/Src/stm32g0xx_hal_spi.c ****   }
2286:Drivers/STM32G0xx_HAL_Driver/Src/stm32g0xx_hal_spi.c ****   /* Enable the SPI Error Interrupt Bit */
2287:Drivers/STM32G0xx_HAL_Driver/Src/stm32g0xx_hal_spi.c ****   __HAL_SPI_ENABLE_IT(hspi, (SPI_IT_ERR));
2288:Drivers/STM32G0xx_HAL_Driver/Src/stm32g0xx_hal_spi.c **** 
2289:Drivers/STM32G0xx_HAL_Driver/Src/stm32g0xx_hal_spi.c ****   /* Enable Tx DMA Request */
2290:Drivers/STM32G0xx_HAL_Driver/Src/stm32g0xx_hal_spi.c ****   SET_BIT(hspi->Instance->CR2, SPI_CR2_TXDMAEN);
2291:Drivers/STM32G0xx_HAL_Driver/Src/stm32g0xx_hal_spi.c **** 
2292:Drivers/STM32G0xx_HAL_Driver/Src/stm32g0xx_hal_spi.c **** error :
2293:Drivers/STM32G0xx_HAL_Driver/Src/stm32g0xx_hal_spi.c ****   /* Process Unlocked */
2294:Drivers/STM32G0xx_HAL_Driver/Src/stm32g0xx_hal_spi.c ****   __HAL_UNLOCK(hspi);
2295:Drivers/STM32G0xx_HAL_Driver/Src/stm32g0xx_hal_spi.c ****   return errorcode;
2296:Drivers/STM32G0xx_HAL_Driver/Src/stm32g0xx_hal_spi.c **** }
2297:Drivers/STM32G0xx_HAL_Driver/Src/stm32g0xx_hal_spi.c **** 
2298:Drivers/STM32G0xx_HAL_Driver/Src/stm32g0xx_hal_spi.c **** /**
2299:Drivers/STM32G0xx_HAL_Driver/Src/stm32g0xx_hal_spi.c ****   * @brief  Abort ongoing transfer (blocking mode).
2300:Drivers/STM32G0xx_HAL_Driver/Src/stm32g0xx_hal_spi.c ****   * @param  hspi SPI handle.
2301:Drivers/STM32G0xx_HAL_Driver/Src/stm32g0xx_hal_spi.c ****   * @note   This procedure could be used for aborting any ongoing transfer (Tx and Rx),
2302:Drivers/STM32G0xx_HAL_Driver/Src/stm32g0xx_hal_spi.c ****   *         started in Interrupt or DMA mode.
2303:Drivers/STM32G0xx_HAL_Driver/Src/stm32g0xx_hal_spi.c ****   *         This procedure performs following operations :
2304:Drivers/STM32G0xx_HAL_Driver/Src/stm32g0xx_hal_spi.c ****   *           - Disable SPI Interrupts (depending of transfer direction)
2305:Drivers/STM32G0xx_HAL_Driver/Src/stm32g0xx_hal_spi.c ****   *           - Disable the DMA transfer in the peripheral register (if enabled)
2306:Drivers/STM32G0xx_HAL_Driver/Src/stm32g0xx_hal_spi.c ****   *           - Abort DMA transfer by calling HAL_DMA_Abort (in case of transfer in DMA mode)
2307:Drivers/STM32G0xx_HAL_Driver/Src/stm32g0xx_hal_spi.c ****   *           - Set handle State to READY
2308:Drivers/STM32G0xx_HAL_Driver/Src/stm32g0xx_hal_spi.c ****   * @note   This procedure is executed in blocking mode : when exiting function, Abort is considere
2309:Drivers/STM32G0xx_HAL_Driver/Src/stm32g0xx_hal_spi.c ****   * @retval HAL status
2310:Drivers/STM32G0xx_HAL_Driver/Src/stm32g0xx_hal_spi.c ****   */
2311:Drivers/STM32G0xx_HAL_Driver/Src/stm32g0xx_hal_spi.c **** HAL_StatusTypeDef HAL_SPI_Abort(SPI_HandleTypeDef *hspi)
2312:Drivers/STM32G0xx_HAL_Driver/Src/stm32g0xx_hal_spi.c **** {
ARM GAS  C:\Users\sante\AppData\Local\Temp\cc1VgFnO.s 			page 42


2313:Drivers/STM32G0xx_HAL_Driver/Src/stm32g0xx_hal_spi.c ****   HAL_StatusTypeDef errorcode;
2314:Drivers/STM32G0xx_HAL_Driver/Src/stm32g0xx_hal_spi.c ****   __IO uint32_t count;
2315:Drivers/STM32G0xx_HAL_Driver/Src/stm32g0xx_hal_spi.c ****   __IO uint32_t resetcount;
2316:Drivers/STM32G0xx_HAL_Driver/Src/stm32g0xx_hal_spi.c **** 
2317:Drivers/STM32G0xx_HAL_Driver/Src/stm32g0xx_hal_spi.c ****   /* Initialized local variable  */
2318:Drivers/STM32G0xx_HAL_Driver/Src/stm32g0xx_hal_spi.c ****   errorcode = HAL_OK;
2319:Drivers/STM32G0xx_HAL_Driver/Src/stm32g0xx_hal_spi.c ****   resetcount = SPI_DEFAULT_TIMEOUT * (SystemCoreClock / 24U / 1000U);
2320:Drivers/STM32G0xx_HAL_Driver/Src/stm32g0xx_hal_spi.c ****   count = resetcount;
2321:Drivers/STM32G0xx_HAL_Driver/Src/stm32g0xx_hal_spi.c **** 
2322:Drivers/STM32G0xx_HAL_Driver/Src/stm32g0xx_hal_spi.c ****   /* Clear ERRIE interrupt to avoid error interrupts generation during Abort procedure */
2323:Drivers/STM32G0xx_HAL_Driver/Src/stm32g0xx_hal_spi.c ****   CLEAR_BIT(hspi->Instance->CR2, SPI_CR2_ERRIE);
2324:Drivers/STM32G0xx_HAL_Driver/Src/stm32g0xx_hal_spi.c **** 
2325:Drivers/STM32G0xx_HAL_Driver/Src/stm32g0xx_hal_spi.c ****   /* Disable TXEIE, RXNEIE and ERRIE(mode fault event, overrun error, TI frame error) interrupts */
2326:Drivers/STM32G0xx_HAL_Driver/Src/stm32g0xx_hal_spi.c ****   if (HAL_IS_BIT_SET(hspi->Instance->CR2, SPI_CR2_TXEIE))
2327:Drivers/STM32G0xx_HAL_Driver/Src/stm32g0xx_hal_spi.c ****   {
2328:Drivers/STM32G0xx_HAL_Driver/Src/stm32g0xx_hal_spi.c ****     hspi->TxISR = SPI_AbortTx_ISR;
2329:Drivers/STM32G0xx_HAL_Driver/Src/stm32g0xx_hal_spi.c ****     /* Wait HAL_SPI_STATE_ABORT state */
2330:Drivers/STM32G0xx_HAL_Driver/Src/stm32g0xx_hal_spi.c ****     do
2331:Drivers/STM32G0xx_HAL_Driver/Src/stm32g0xx_hal_spi.c ****     {
2332:Drivers/STM32G0xx_HAL_Driver/Src/stm32g0xx_hal_spi.c ****       if (count == 0U)
2333:Drivers/STM32G0xx_HAL_Driver/Src/stm32g0xx_hal_spi.c ****       {
2334:Drivers/STM32G0xx_HAL_Driver/Src/stm32g0xx_hal_spi.c ****         SET_BIT(hspi->ErrorCode, HAL_SPI_ERROR_ABORT);
2335:Drivers/STM32G0xx_HAL_Driver/Src/stm32g0xx_hal_spi.c ****         break;
2336:Drivers/STM32G0xx_HAL_Driver/Src/stm32g0xx_hal_spi.c ****       }
2337:Drivers/STM32G0xx_HAL_Driver/Src/stm32g0xx_hal_spi.c ****       count--;
2338:Drivers/STM32G0xx_HAL_Driver/Src/stm32g0xx_hal_spi.c ****     } while (hspi->State != HAL_SPI_STATE_ABORT);
2339:Drivers/STM32G0xx_HAL_Driver/Src/stm32g0xx_hal_spi.c ****     /* Reset Timeout Counter */
2340:Drivers/STM32G0xx_HAL_Driver/Src/stm32g0xx_hal_spi.c ****     count = resetcount;
2341:Drivers/STM32G0xx_HAL_Driver/Src/stm32g0xx_hal_spi.c ****   }
2342:Drivers/STM32G0xx_HAL_Driver/Src/stm32g0xx_hal_spi.c **** 
2343:Drivers/STM32G0xx_HAL_Driver/Src/stm32g0xx_hal_spi.c ****   if (HAL_IS_BIT_SET(hspi->Instance->CR2, SPI_CR2_RXNEIE))
2344:Drivers/STM32G0xx_HAL_Driver/Src/stm32g0xx_hal_spi.c ****   {
2345:Drivers/STM32G0xx_HAL_Driver/Src/stm32g0xx_hal_spi.c ****     hspi->RxISR = SPI_AbortRx_ISR;
2346:Drivers/STM32G0xx_HAL_Driver/Src/stm32g0xx_hal_spi.c ****     /* Wait HAL_SPI_STATE_ABORT state */
2347:Drivers/STM32G0xx_HAL_Driver/Src/stm32g0xx_hal_spi.c ****     do
2348:Drivers/STM32G0xx_HAL_Driver/Src/stm32g0xx_hal_spi.c ****     {
2349:Drivers/STM32G0xx_HAL_Driver/Src/stm32g0xx_hal_spi.c ****       if (count == 0U)
2350:Drivers/STM32G0xx_HAL_Driver/Src/stm32g0xx_hal_spi.c ****       {
2351:Drivers/STM32G0xx_HAL_Driver/Src/stm32g0xx_hal_spi.c ****         SET_BIT(hspi->ErrorCode, HAL_SPI_ERROR_ABORT);
2352:Drivers/STM32G0xx_HAL_Driver/Src/stm32g0xx_hal_spi.c ****         break;
2353:Drivers/STM32G0xx_HAL_Driver/Src/stm32g0xx_hal_spi.c ****       }
2354:Drivers/STM32G0xx_HAL_Driver/Src/stm32g0xx_hal_spi.c ****       count--;
2355:Drivers/STM32G0xx_HAL_Driver/Src/stm32g0xx_hal_spi.c ****     } while (hspi->State != HAL_SPI_STATE_ABORT);
2356:Drivers/STM32G0xx_HAL_Driver/Src/stm32g0xx_hal_spi.c ****     /* Reset Timeout Counter */
2357:Drivers/STM32G0xx_HAL_Driver/Src/stm32g0xx_hal_spi.c ****     count = resetcount;
2358:Drivers/STM32G0xx_HAL_Driver/Src/stm32g0xx_hal_spi.c ****   }
2359:Drivers/STM32G0xx_HAL_Driver/Src/stm32g0xx_hal_spi.c **** 
2360:Drivers/STM32G0xx_HAL_Driver/Src/stm32g0xx_hal_spi.c ****   /* Disable the SPI DMA Tx request if enabled */
2361:Drivers/STM32G0xx_HAL_Driver/Src/stm32g0xx_hal_spi.c ****   if (HAL_IS_BIT_SET(hspi->Instance->CR2, SPI_CR2_TXDMAEN))
2362:Drivers/STM32G0xx_HAL_Driver/Src/stm32g0xx_hal_spi.c ****   {
2363:Drivers/STM32G0xx_HAL_Driver/Src/stm32g0xx_hal_spi.c ****     /* Abort the SPI DMA Tx Stream/Channel : use blocking DMA Abort API (no callback) */
2364:Drivers/STM32G0xx_HAL_Driver/Src/stm32g0xx_hal_spi.c ****     if (hspi->hdmatx != NULL)
2365:Drivers/STM32G0xx_HAL_Driver/Src/stm32g0xx_hal_spi.c ****     {
2366:Drivers/STM32G0xx_HAL_Driver/Src/stm32g0xx_hal_spi.c ****       /* Set the SPI DMA Abort callback :
2367:Drivers/STM32G0xx_HAL_Driver/Src/stm32g0xx_hal_spi.c ****       will lead to call HAL_SPI_AbortCpltCallback() at end of DMA abort procedure */
2368:Drivers/STM32G0xx_HAL_Driver/Src/stm32g0xx_hal_spi.c ****       hspi->hdmatx->XferAbortCallback = NULL;
2369:Drivers/STM32G0xx_HAL_Driver/Src/stm32g0xx_hal_spi.c **** 
ARM GAS  C:\Users\sante\AppData\Local\Temp\cc1VgFnO.s 			page 43


2370:Drivers/STM32G0xx_HAL_Driver/Src/stm32g0xx_hal_spi.c ****       /* Abort DMA Tx Handle linked to SPI Peripheral */
2371:Drivers/STM32G0xx_HAL_Driver/Src/stm32g0xx_hal_spi.c ****       if (HAL_DMA_Abort(hspi->hdmatx) != HAL_OK)
2372:Drivers/STM32G0xx_HAL_Driver/Src/stm32g0xx_hal_spi.c ****       {
2373:Drivers/STM32G0xx_HAL_Driver/Src/stm32g0xx_hal_spi.c ****         hspi->ErrorCode = HAL_SPI_ERROR_ABORT;
2374:Drivers/STM32G0xx_HAL_Driver/Src/stm32g0xx_hal_spi.c ****       }
2375:Drivers/STM32G0xx_HAL_Driver/Src/stm32g0xx_hal_spi.c **** 
2376:Drivers/STM32G0xx_HAL_Driver/Src/stm32g0xx_hal_spi.c ****       /* Disable Tx DMA Request */
2377:Drivers/STM32G0xx_HAL_Driver/Src/stm32g0xx_hal_spi.c ****       CLEAR_BIT(hspi->Instance->CR2, (SPI_CR2_TXDMAEN));
2378:Drivers/STM32G0xx_HAL_Driver/Src/stm32g0xx_hal_spi.c **** 
2379:Drivers/STM32G0xx_HAL_Driver/Src/stm32g0xx_hal_spi.c ****       if (SPI_EndRxTxTransaction(hspi, SPI_DEFAULT_TIMEOUT, HAL_GetTick()) != HAL_OK)
2380:Drivers/STM32G0xx_HAL_Driver/Src/stm32g0xx_hal_spi.c ****       {
2381:Drivers/STM32G0xx_HAL_Driver/Src/stm32g0xx_hal_spi.c ****         hspi->ErrorCode = HAL_SPI_ERROR_ABORT;
2382:Drivers/STM32G0xx_HAL_Driver/Src/stm32g0xx_hal_spi.c ****       }
2383:Drivers/STM32G0xx_HAL_Driver/Src/stm32g0xx_hal_spi.c **** 
2384:Drivers/STM32G0xx_HAL_Driver/Src/stm32g0xx_hal_spi.c ****       /* Disable SPI Peripheral */
2385:Drivers/STM32G0xx_HAL_Driver/Src/stm32g0xx_hal_spi.c ****       __HAL_SPI_DISABLE(hspi);
2386:Drivers/STM32G0xx_HAL_Driver/Src/stm32g0xx_hal_spi.c **** 
2387:Drivers/STM32G0xx_HAL_Driver/Src/stm32g0xx_hal_spi.c ****       /* Empty the FRLVL fifo */
2388:Drivers/STM32G0xx_HAL_Driver/Src/stm32g0xx_hal_spi.c ****       if (SPI_WaitFifoStateUntilTimeout(hspi, SPI_FLAG_FRLVL, SPI_FRLVL_EMPTY, SPI_DEFAULT_TIMEOUT,
2389:Drivers/STM32G0xx_HAL_Driver/Src/stm32g0xx_hal_spi.c ****       {
2390:Drivers/STM32G0xx_HAL_Driver/Src/stm32g0xx_hal_spi.c ****         hspi->ErrorCode = HAL_SPI_ERROR_ABORT;
2391:Drivers/STM32G0xx_HAL_Driver/Src/stm32g0xx_hal_spi.c ****       }
2392:Drivers/STM32G0xx_HAL_Driver/Src/stm32g0xx_hal_spi.c ****     }
2393:Drivers/STM32G0xx_HAL_Driver/Src/stm32g0xx_hal_spi.c ****   }
2394:Drivers/STM32G0xx_HAL_Driver/Src/stm32g0xx_hal_spi.c **** 
2395:Drivers/STM32G0xx_HAL_Driver/Src/stm32g0xx_hal_spi.c ****   /* Disable the SPI DMA Rx request if enabled */
2396:Drivers/STM32G0xx_HAL_Driver/Src/stm32g0xx_hal_spi.c ****   if (HAL_IS_BIT_SET(hspi->Instance->CR2, SPI_CR2_RXDMAEN))
2397:Drivers/STM32G0xx_HAL_Driver/Src/stm32g0xx_hal_spi.c ****   {
2398:Drivers/STM32G0xx_HAL_Driver/Src/stm32g0xx_hal_spi.c ****     /* Abort the SPI DMA Rx Stream/Channel : use blocking DMA Abort API (no callback) */
2399:Drivers/STM32G0xx_HAL_Driver/Src/stm32g0xx_hal_spi.c ****     if (hspi->hdmarx != NULL)
2400:Drivers/STM32G0xx_HAL_Driver/Src/stm32g0xx_hal_spi.c ****     {
2401:Drivers/STM32G0xx_HAL_Driver/Src/stm32g0xx_hal_spi.c ****       /* Set the SPI DMA Abort callback :
2402:Drivers/STM32G0xx_HAL_Driver/Src/stm32g0xx_hal_spi.c ****       will lead to call HAL_SPI_AbortCpltCallback() at end of DMA abort procedure */
2403:Drivers/STM32G0xx_HAL_Driver/Src/stm32g0xx_hal_spi.c ****       hspi->hdmarx->XferAbortCallback = NULL;
2404:Drivers/STM32G0xx_HAL_Driver/Src/stm32g0xx_hal_spi.c **** 
2405:Drivers/STM32G0xx_HAL_Driver/Src/stm32g0xx_hal_spi.c ****       /* Abort DMA Rx Handle linked to SPI Peripheral */
2406:Drivers/STM32G0xx_HAL_Driver/Src/stm32g0xx_hal_spi.c ****       if (HAL_DMA_Abort(hspi->hdmarx) != HAL_OK)
2407:Drivers/STM32G0xx_HAL_Driver/Src/stm32g0xx_hal_spi.c ****       {
2408:Drivers/STM32G0xx_HAL_Driver/Src/stm32g0xx_hal_spi.c ****         hspi->ErrorCode = HAL_SPI_ERROR_ABORT;
2409:Drivers/STM32G0xx_HAL_Driver/Src/stm32g0xx_hal_spi.c ****       }
2410:Drivers/STM32G0xx_HAL_Driver/Src/stm32g0xx_hal_spi.c **** 
2411:Drivers/STM32G0xx_HAL_Driver/Src/stm32g0xx_hal_spi.c ****       /* Disable peripheral */
2412:Drivers/STM32G0xx_HAL_Driver/Src/stm32g0xx_hal_spi.c ****       __HAL_SPI_DISABLE(hspi);
2413:Drivers/STM32G0xx_HAL_Driver/Src/stm32g0xx_hal_spi.c **** 
2414:Drivers/STM32G0xx_HAL_Driver/Src/stm32g0xx_hal_spi.c ****       /* Control the BSY flag */
2415:Drivers/STM32G0xx_HAL_Driver/Src/stm32g0xx_hal_spi.c ****       if (SPI_WaitFlagStateUntilTimeout(hspi, SPI_FLAG_BSY, RESET, SPI_DEFAULT_TIMEOUT, HAL_GetTick
2416:Drivers/STM32G0xx_HAL_Driver/Src/stm32g0xx_hal_spi.c ****       {
2417:Drivers/STM32G0xx_HAL_Driver/Src/stm32g0xx_hal_spi.c ****         hspi->ErrorCode = HAL_SPI_ERROR_ABORT;
2418:Drivers/STM32G0xx_HAL_Driver/Src/stm32g0xx_hal_spi.c ****       }
2419:Drivers/STM32G0xx_HAL_Driver/Src/stm32g0xx_hal_spi.c **** 
2420:Drivers/STM32G0xx_HAL_Driver/Src/stm32g0xx_hal_spi.c ****       /* Empty the FRLVL fifo */
2421:Drivers/STM32G0xx_HAL_Driver/Src/stm32g0xx_hal_spi.c ****       if (SPI_WaitFifoStateUntilTimeout(hspi, SPI_FLAG_FRLVL, SPI_FRLVL_EMPTY, SPI_DEFAULT_TIMEOUT,
2422:Drivers/STM32G0xx_HAL_Driver/Src/stm32g0xx_hal_spi.c ****       {
2423:Drivers/STM32G0xx_HAL_Driver/Src/stm32g0xx_hal_spi.c ****         hspi->ErrorCode = HAL_SPI_ERROR_ABORT;
2424:Drivers/STM32G0xx_HAL_Driver/Src/stm32g0xx_hal_spi.c ****       }
2425:Drivers/STM32G0xx_HAL_Driver/Src/stm32g0xx_hal_spi.c **** 
2426:Drivers/STM32G0xx_HAL_Driver/Src/stm32g0xx_hal_spi.c ****       /* Disable Rx DMA Request */
ARM GAS  C:\Users\sante\AppData\Local\Temp\cc1VgFnO.s 			page 44


2427:Drivers/STM32G0xx_HAL_Driver/Src/stm32g0xx_hal_spi.c ****       CLEAR_BIT(hspi->Instance->CR2, (SPI_CR2_RXDMAEN));
2428:Drivers/STM32G0xx_HAL_Driver/Src/stm32g0xx_hal_spi.c ****     }
2429:Drivers/STM32G0xx_HAL_Driver/Src/stm32g0xx_hal_spi.c ****   }
2430:Drivers/STM32G0xx_HAL_Driver/Src/stm32g0xx_hal_spi.c ****   /* Reset Tx and Rx transfer counters */
2431:Drivers/STM32G0xx_HAL_Driver/Src/stm32g0xx_hal_spi.c ****   hspi->RxXferCount = 0U;
2432:Drivers/STM32G0xx_HAL_Driver/Src/stm32g0xx_hal_spi.c ****   hspi->TxXferCount = 0U;
2433:Drivers/STM32G0xx_HAL_Driver/Src/stm32g0xx_hal_spi.c **** 
2434:Drivers/STM32G0xx_HAL_Driver/Src/stm32g0xx_hal_spi.c ****   /* Check error during Abort procedure */
2435:Drivers/STM32G0xx_HAL_Driver/Src/stm32g0xx_hal_spi.c ****   if (hspi->ErrorCode == HAL_SPI_ERROR_ABORT)
2436:Drivers/STM32G0xx_HAL_Driver/Src/stm32g0xx_hal_spi.c ****   {
2437:Drivers/STM32G0xx_HAL_Driver/Src/stm32g0xx_hal_spi.c ****     /* return HAL_Error in case of error during Abort procedure */
2438:Drivers/STM32G0xx_HAL_Driver/Src/stm32g0xx_hal_spi.c ****     errorcode = HAL_ERROR;
2439:Drivers/STM32G0xx_HAL_Driver/Src/stm32g0xx_hal_spi.c ****   }
2440:Drivers/STM32G0xx_HAL_Driver/Src/stm32g0xx_hal_spi.c ****   else
2441:Drivers/STM32G0xx_HAL_Driver/Src/stm32g0xx_hal_spi.c ****   {
2442:Drivers/STM32G0xx_HAL_Driver/Src/stm32g0xx_hal_spi.c ****     /* Reset errorCode */
2443:Drivers/STM32G0xx_HAL_Driver/Src/stm32g0xx_hal_spi.c ****     hspi->ErrorCode = HAL_SPI_ERROR_NONE;
2444:Drivers/STM32G0xx_HAL_Driver/Src/stm32g0xx_hal_spi.c ****   }
2445:Drivers/STM32G0xx_HAL_Driver/Src/stm32g0xx_hal_spi.c **** 
2446:Drivers/STM32G0xx_HAL_Driver/Src/stm32g0xx_hal_spi.c ****   /* Clear the Error flags in the SR register */
2447:Drivers/STM32G0xx_HAL_Driver/Src/stm32g0xx_hal_spi.c ****   __HAL_SPI_CLEAR_OVRFLAG(hspi);
2448:Drivers/STM32G0xx_HAL_Driver/Src/stm32g0xx_hal_spi.c ****   __HAL_SPI_CLEAR_FREFLAG(hspi);
2449:Drivers/STM32G0xx_HAL_Driver/Src/stm32g0xx_hal_spi.c **** 
2450:Drivers/STM32G0xx_HAL_Driver/Src/stm32g0xx_hal_spi.c ****   /* Restore hspi->state to ready */
2451:Drivers/STM32G0xx_HAL_Driver/Src/stm32g0xx_hal_spi.c ****   hspi->State = HAL_SPI_STATE_READY;
2452:Drivers/STM32G0xx_HAL_Driver/Src/stm32g0xx_hal_spi.c **** 
2453:Drivers/STM32G0xx_HAL_Driver/Src/stm32g0xx_hal_spi.c ****   return errorcode;
2454:Drivers/STM32G0xx_HAL_Driver/Src/stm32g0xx_hal_spi.c **** }
2455:Drivers/STM32G0xx_HAL_Driver/Src/stm32g0xx_hal_spi.c **** 
2456:Drivers/STM32G0xx_HAL_Driver/Src/stm32g0xx_hal_spi.c **** /**
2457:Drivers/STM32G0xx_HAL_Driver/Src/stm32g0xx_hal_spi.c ****   * @brief  Abort ongoing transfer (Interrupt mode).
2458:Drivers/STM32G0xx_HAL_Driver/Src/stm32g0xx_hal_spi.c ****   * @param  hspi SPI handle.
2459:Drivers/STM32G0xx_HAL_Driver/Src/stm32g0xx_hal_spi.c ****   * @note   This procedure could be used for aborting any ongoing transfer (Tx and Rx),
2460:Drivers/STM32G0xx_HAL_Driver/Src/stm32g0xx_hal_spi.c ****   *         started in Interrupt or DMA mode.
2461:Drivers/STM32G0xx_HAL_Driver/Src/stm32g0xx_hal_spi.c ****   *         This procedure performs following operations :
2462:Drivers/STM32G0xx_HAL_Driver/Src/stm32g0xx_hal_spi.c ****   *           - Disable SPI Interrupts (depending of transfer direction)
2463:Drivers/STM32G0xx_HAL_Driver/Src/stm32g0xx_hal_spi.c ****   *           - Disable the DMA transfer in the peripheral register (if enabled)
2464:Drivers/STM32G0xx_HAL_Driver/Src/stm32g0xx_hal_spi.c ****   *           - Abort DMA transfer by calling HAL_DMA_Abort_IT (in case of transfer in DMA mode)
2465:Drivers/STM32G0xx_HAL_Driver/Src/stm32g0xx_hal_spi.c ****   *           - Set handle State to READY
2466:Drivers/STM32G0xx_HAL_Driver/Src/stm32g0xx_hal_spi.c ****   *           - At abort completion, call user abort complete callback
2467:Drivers/STM32G0xx_HAL_Driver/Src/stm32g0xx_hal_spi.c ****   * @note   This procedure is executed in Interrupt mode, meaning that abort procedure could be
2468:Drivers/STM32G0xx_HAL_Driver/Src/stm32g0xx_hal_spi.c ****   *         considered as completed only when user abort complete callback is executed (not when ex
2469:Drivers/STM32G0xx_HAL_Driver/Src/stm32g0xx_hal_spi.c ****   * @retval HAL status
2470:Drivers/STM32G0xx_HAL_Driver/Src/stm32g0xx_hal_spi.c ****   */
2471:Drivers/STM32G0xx_HAL_Driver/Src/stm32g0xx_hal_spi.c **** HAL_StatusTypeDef HAL_SPI_Abort_IT(SPI_HandleTypeDef *hspi)
2472:Drivers/STM32G0xx_HAL_Driver/Src/stm32g0xx_hal_spi.c **** {
2473:Drivers/STM32G0xx_HAL_Driver/Src/stm32g0xx_hal_spi.c ****   HAL_StatusTypeDef errorcode;
2474:Drivers/STM32G0xx_HAL_Driver/Src/stm32g0xx_hal_spi.c ****   uint32_t abortcplt ;
2475:Drivers/STM32G0xx_HAL_Driver/Src/stm32g0xx_hal_spi.c ****   __IO uint32_t count;
2476:Drivers/STM32G0xx_HAL_Driver/Src/stm32g0xx_hal_spi.c ****   __IO uint32_t resetcount;
2477:Drivers/STM32G0xx_HAL_Driver/Src/stm32g0xx_hal_spi.c **** 
2478:Drivers/STM32G0xx_HAL_Driver/Src/stm32g0xx_hal_spi.c ****   /* Initialized local variable  */
2479:Drivers/STM32G0xx_HAL_Driver/Src/stm32g0xx_hal_spi.c ****   errorcode = HAL_OK;
2480:Drivers/STM32G0xx_HAL_Driver/Src/stm32g0xx_hal_spi.c ****   abortcplt = 1U;
2481:Drivers/STM32G0xx_HAL_Driver/Src/stm32g0xx_hal_spi.c ****   resetcount = SPI_DEFAULT_TIMEOUT * (SystemCoreClock / 24U / 1000U);
2482:Drivers/STM32G0xx_HAL_Driver/Src/stm32g0xx_hal_spi.c ****   count = resetcount;
2483:Drivers/STM32G0xx_HAL_Driver/Src/stm32g0xx_hal_spi.c **** 
ARM GAS  C:\Users\sante\AppData\Local\Temp\cc1VgFnO.s 			page 45


2484:Drivers/STM32G0xx_HAL_Driver/Src/stm32g0xx_hal_spi.c ****   /* Clear ERRIE interrupt to avoid error interrupts generation during Abort procedure */
2485:Drivers/STM32G0xx_HAL_Driver/Src/stm32g0xx_hal_spi.c ****   CLEAR_BIT(hspi->Instance->CR2, SPI_CR2_ERRIE);
2486:Drivers/STM32G0xx_HAL_Driver/Src/stm32g0xx_hal_spi.c **** 
2487:Drivers/STM32G0xx_HAL_Driver/Src/stm32g0xx_hal_spi.c ****   /* Change Rx and Tx Irq Handler to Disable TXEIE, RXNEIE and ERRIE interrupts */
2488:Drivers/STM32G0xx_HAL_Driver/Src/stm32g0xx_hal_spi.c ****   if (HAL_IS_BIT_SET(hspi->Instance->CR2, SPI_CR2_TXEIE))
2489:Drivers/STM32G0xx_HAL_Driver/Src/stm32g0xx_hal_spi.c ****   {
2490:Drivers/STM32G0xx_HAL_Driver/Src/stm32g0xx_hal_spi.c ****     hspi->TxISR = SPI_AbortTx_ISR;
2491:Drivers/STM32G0xx_HAL_Driver/Src/stm32g0xx_hal_spi.c ****     /* Wait HAL_SPI_STATE_ABORT state */
2492:Drivers/STM32G0xx_HAL_Driver/Src/stm32g0xx_hal_spi.c ****     do
2493:Drivers/STM32G0xx_HAL_Driver/Src/stm32g0xx_hal_spi.c ****     {
2494:Drivers/STM32G0xx_HAL_Driver/Src/stm32g0xx_hal_spi.c ****       if (count == 0U)
2495:Drivers/STM32G0xx_HAL_Driver/Src/stm32g0xx_hal_spi.c ****       {
2496:Drivers/STM32G0xx_HAL_Driver/Src/stm32g0xx_hal_spi.c ****         SET_BIT(hspi->ErrorCode, HAL_SPI_ERROR_ABORT);
2497:Drivers/STM32G0xx_HAL_Driver/Src/stm32g0xx_hal_spi.c ****         break;
2498:Drivers/STM32G0xx_HAL_Driver/Src/stm32g0xx_hal_spi.c ****       }
2499:Drivers/STM32G0xx_HAL_Driver/Src/stm32g0xx_hal_spi.c ****       count--;
2500:Drivers/STM32G0xx_HAL_Driver/Src/stm32g0xx_hal_spi.c ****     } while (hspi->State != HAL_SPI_STATE_ABORT);
2501:Drivers/STM32G0xx_HAL_Driver/Src/stm32g0xx_hal_spi.c ****     /* Reset Timeout Counter */
2502:Drivers/STM32G0xx_HAL_Driver/Src/stm32g0xx_hal_spi.c ****     count = resetcount;
2503:Drivers/STM32G0xx_HAL_Driver/Src/stm32g0xx_hal_spi.c ****   }
2504:Drivers/STM32G0xx_HAL_Driver/Src/stm32g0xx_hal_spi.c **** 
2505:Drivers/STM32G0xx_HAL_Driver/Src/stm32g0xx_hal_spi.c ****   if (HAL_IS_BIT_SET(hspi->Instance->CR2, SPI_CR2_RXNEIE))
2506:Drivers/STM32G0xx_HAL_Driver/Src/stm32g0xx_hal_spi.c ****   {
2507:Drivers/STM32G0xx_HAL_Driver/Src/stm32g0xx_hal_spi.c ****     hspi->RxISR = SPI_AbortRx_ISR;
2508:Drivers/STM32G0xx_HAL_Driver/Src/stm32g0xx_hal_spi.c ****     /* Wait HAL_SPI_STATE_ABORT state */
2509:Drivers/STM32G0xx_HAL_Driver/Src/stm32g0xx_hal_spi.c ****     do
2510:Drivers/STM32G0xx_HAL_Driver/Src/stm32g0xx_hal_spi.c ****     {
2511:Drivers/STM32G0xx_HAL_Driver/Src/stm32g0xx_hal_spi.c ****       if (count == 0U)
2512:Drivers/STM32G0xx_HAL_Driver/Src/stm32g0xx_hal_spi.c ****       {
2513:Drivers/STM32G0xx_HAL_Driver/Src/stm32g0xx_hal_spi.c ****         SET_BIT(hspi->ErrorCode, HAL_SPI_ERROR_ABORT);
2514:Drivers/STM32G0xx_HAL_Driver/Src/stm32g0xx_hal_spi.c ****         break;
2515:Drivers/STM32G0xx_HAL_Driver/Src/stm32g0xx_hal_spi.c ****       }
2516:Drivers/STM32G0xx_HAL_Driver/Src/stm32g0xx_hal_spi.c ****       count--;
2517:Drivers/STM32G0xx_HAL_Driver/Src/stm32g0xx_hal_spi.c ****     } while (hspi->State != HAL_SPI_STATE_ABORT);
2518:Drivers/STM32G0xx_HAL_Driver/Src/stm32g0xx_hal_spi.c ****     /* Reset Timeout Counter */
2519:Drivers/STM32G0xx_HAL_Driver/Src/stm32g0xx_hal_spi.c ****     count = resetcount;
2520:Drivers/STM32G0xx_HAL_Driver/Src/stm32g0xx_hal_spi.c ****   }
2521:Drivers/STM32G0xx_HAL_Driver/Src/stm32g0xx_hal_spi.c **** 
2522:Drivers/STM32G0xx_HAL_Driver/Src/stm32g0xx_hal_spi.c ****   /* If DMA Tx and/or DMA Rx Handles are associated to SPI Handle, DMA Abort complete callbacks sho
2523:Drivers/STM32G0xx_HAL_Driver/Src/stm32g0xx_hal_spi.c ****      before any call to DMA Abort functions */
2524:Drivers/STM32G0xx_HAL_Driver/Src/stm32g0xx_hal_spi.c ****   /* DMA Tx Handle is valid */
2525:Drivers/STM32G0xx_HAL_Driver/Src/stm32g0xx_hal_spi.c ****   if (hspi->hdmatx != NULL)
2526:Drivers/STM32G0xx_HAL_Driver/Src/stm32g0xx_hal_spi.c ****   {
2527:Drivers/STM32G0xx_HAL_Driver/Src/stm32g0xx_hal_spi.c ****     /* Set DMA Abort Complete callback if UART DMA Tx request if enabled.
2528:Drivers/STM32G0xx_HAL_Driver/Src/stm32g0xx_hal_spi.c ****        Otherwise, set it to NULL */
2529:Drivers/STM32G0xx_HAL_Driver/Src/stm32g0xx_hal_spi.c ****     if (HAL_IS_BIT_SET(hspi->Instance->CR2, SPI_CR2_TXDMAEN))
2530:Drivers/STM32G0xx_HAL_Driver/Src/stm32g0xx_hal_spi.c ****     {
2531:Drivers/STM32G0xx_HAL_Driver/Src/stm32g0xx_hal_spi.c ****       hspi->hdmatx->XferAbortCallback = SPI_DMATxAbortCallback;
2532:Drivers/STM32G0xx_HAL_Driver/Src/stm32g0xx_hal_spi.c ****     }
2533:Drivers/STM32G0xx_HAL_Driver/Src/stm32g0xx_hal_spi.c ****     else
2534:Drivers/STM32G0xx_HAL_Driver/Src/stm32g0xx_hal_spi.c ****     {
2535:Drivers/STM32G0xx_HAL_Driver/Src/stm32g0xx_hal_spi.c ****       hspi->hdmatx->XferAbortCallback = NULL;
2536:Drivers/STM32G0xx_HAL_Driver/Src/stm32g0xx_hal_spi.c ****     }
2537:Drivers/STM32G0xx_HAL_Driver/Src/stm32g0xx_hal_spi.c ****   }
2538:Drivers/STM32G0xx_HAL_Driver/Src/stm32g0xx_hal_spi.c ****   /* DMA Rx Handle is valid */
2539:Drivers/STM32G0xx_HAL_Driver/Src/stm32g0xx_hal_spi.c ****   if (hspi->hdmarx != NULL)
2540:Drivers/STM32G0xx_HAL_Driver/Src/stm32g0xx_hal_spi.c ****   {
ARM GAS  C:\Users\sante\AppData\Local\Temp\cc1VgFnO.s 			page 46


2541:Drivers/STM32G0xx_HAL_Driver/Src/stm32g0xx_hal_spi.c ****     /* Set DMA Abort Complete callback if UART DMA Rx request if enabled.
2542:Drivers/STM32G0xx_HAL_Driver/Src/stm32g0xx_hal_spi.c ****        Otherwise, set it to NULL */
2543:Drivers/STM32G0xx_HAL_Driver/Src/stm32g0xx_hal_spi.c ****     if (HAL_IS_BIT_SET(hspi->Instance->CR2, SPI_CR2_RXDMAEN))
2544:Drivers/STM32G0xx_HAL_Driver/Src/stm32g0xx_hal_spi.c ****     {
2545:Drivers/STM32G0xx_HAL_Driver/Src/stm32g0xx_hal_spi.c ****       hspi->hdmarx->XferAbortCallback = SPI_DMARxAbortCallback;
2546:Drivers/STM32G0xx_HAL_Driver/Src/stm32g0xx_hal_spi.c ****     }
2547:Drivers/STM32G0xx_HAL_Driver/Src/stm32g0xx_hal_spi.c ****     else
2548:Drivers/STM32G0xx_HAL_Driver/Src/stm32g0xx_hal_spi.c ****     {
2549:Drivers/STM32G0xx_HAL_Driver/Src/stm32g0xx_hal_spi.c ****       hspi->hdmarx->XferAbortCallback = NULL;
2550:Drivers/STM32G0xx_HAL_Driver/Src/stm32g0xx_hal_spi.c ****     }
2551:Drivers/STM32G0xx_HAL_Driver/Src/stm32g0xx_hal_spi.c ****   }
2552:Drivers/STM32G0xx_HAL_Driver/Src/stm32g0xx_hal_spi.c **** 
2553:Drivers/STM32G0xx_HAL_Driver/Src/stm32g0xx_hal_spi.c ****   /* Disable the SPI DMA Tx request if enabled */
2554:Drivers/STM32G0xx_HAL_Driver/Src/stm32g0xx_hal_spi.c ****   if (HAL_IS_BIT_SET(hspi->Instance->CR2, SPI_CR2_TXDMAEN))
2555:Drivers/STM32G0xx_HAL_Driver/Src/stm32g0xx_hal_spi.c ****   {
2556:Drivers/STM32G0xx_HAL_Driver/Src/stm32g0xx_hal_spi.c ****     /* Abort the SPI DMA Tx Stream/Channel */
2557:Drivers/STM32G0xx_HAL_Driver/Src/stm32g0xx_hal_spi.c ****     if (hspi->hdmatx != NULL)
2558:Drivers/STM32G0xx_HAL_Driver/Src/stm32g0xx_hal_spi.c ****     {
2559:Drivers/STM32G0xx_HAL_Driver/Src/stm32g0xx_hal_spi.c ****       /* Abort DMA Tx Handle linked to SPI Peripheral */
2560:Drivers/STM32G0xx_HAL_Driver/Src/stm32g0xx_hal_spi.c ****       if (HAL_DMA_Abort_IT(hspi->hdmatx) != HAL_OK)
2561:Drivers/STM32G0xx_HAL_Driver/Src/stm32g0xx_hal_spi.c ****       {
2562:Drivers/STM32G0xx_HAL_Driver/Src/stm32g0xx_hal_spi.c ****         hspi->hdmatx->XferAbortCallback = NULL;
2563:Drivers/STM32G0xx_HAL_Driver/Src/stm32g0xx_hal_spi.c ****         hspi->ErrorCode = HAL_SPI_ERROR_ABORT;
2564:Drivers/STM32G0xx_HAL_Driver/Src/stm32g0xx_hal_spi.c ****       }
2565:Drivers/STM32G0xx_HAL_Driver/Src/stm32g0xx_hal_spi.c ****       else
2566:Drivers/STM32G0xx_HAL_Driver/Src/stm32g0xx_hal_spi.c ****       {
2567:Drivers/STM32G0xx_HAL_Driver/Src/stm32g0xx_hal_spi.c ****         abortcplt = 0U;
2568:Drivers/STM32G0xx_HAL_Driver/Src/stm32g0xx_hal_spi.c ****       }
2569:Drivers/STM32G0xx_HAL_Driver/Src/stm32g0xx_hal_spi.c ****     }
2570:Drivers/STM32G0xx_HAL_Driver/Src/stm32g0xx_hal_spi.c ****   }
2571:Drivers/STM32G0xx_HAL_Driver/Src/stm32g0xx_hal_spi.c ****   /* Disable the SPI DMA Rx request if enabled */
2572:Drivers/STM32G0xx_HAL_Driver/Src/stm32g0xx_hal_spi.c ****   if (HAL_IS_BIT_SET(hspi->Instance->CR2, SPI_CR2_RXDMAEN))
2573:Drivers/STM32G0xx_HAL_Driver/Src/stm32g0xx_hal_spi.c ****   {
2574:Drivers/STM32G0xx_HAL_Driver/Src/stm32g0xx_hal_spi.c ****     /* Abort the SPI DMA Rx Stream/Channel */
2575:Drivers/STM32G0xx_HAL_Driver/Src/stm32g0xx_hal_spi.c ****     if (hspi->hdmarx != NULL)
2576:Drivers/STM32G0xx_HAL_Driver/Src/stm32g0xx_hal_spi.c ****     {
2577:Drivers/STM32G0xx_HAL_Driver/Src/stm32g0xx_hal_spi.c ****       /* Abort DMA Rx Handle linked to SPI Peripheral */
2578:Drivers/STM32G0xx_HAL_Driver/Src/stm32g0xx_hal_spi.c ****       if (HAL_DMA_Abort_IT(hspi->hdmarx) !=  HAL_OK)
2579:Drivers/STM32G0xx_HAL_Driver/Src/stm32g0xx_hal_spi.c ****       {
2580:Drivers/STM32G0xx_HAL_Driver/Src/stm32g0xx_hal_spi.c ****         hspi->hdmarx->XferAbortCallback = NULL;
2581:Drivers/STM32G0xx_HAL_Driver/Src/stm32g0xx_hal_spi.c ****         hspi->ErrorCode = HAL_SPI_ERROR_ABORT;
2582:Drivers/STM32G0xx_HAL_Driver/Src/stm32g0xx_hal_spi.c ****       }
2583:Drivers/STM32G0xx_HAL_Driver/Src/stm32g0xx_hal_spi.c ****       else
2584:Drivers/STM32G0xx_HAL_Driver/Src/stm32g0xx_hal_spi.c ****       {
2585:Drivers/STM32G0xx_HAL_Driver/Src/stm32g0xx_hal_spi.c ****         abortcplt = 0U;
2586:Drivers/STM32G0xx_HAL_Driver/Src/stm32g0xx_hal_spi.c ****       }
2587:Drivers/STM32G0xx_HAL_Driver/Src/stm32g0xx_hal_spi.c ****     }
2588:Drivers/STM32G0xx_HAL_Driver/Src/stm32g0xx_hal_spi.c ****   }
2589:Drivers/STM32G0xx_HAL_Driver/Src/stm32g0xx_hal_spi.c **** 
2590:Drivers/STM32G0xx_HAL_Driver/Src/stm32g0xx_hal_spi.c ****   if (abortcplt == 1U)
2591:Drivers/STM32G0xx_HAL_Driver/Src/stm32g0xx_hal_spi.c ****   {
2592:Drivers/STM32G0xx_HAL_Driver/Src/stm32g0xx_hal_spi.c ****     /* Reset Tx and Rx transfer counters */
2593:Drivers/STM32G0xx_HAL_Driver/Src/stm32g0xx_hal_spi.c ****     hspi->RxXferCount = 0U;
2594:Drivers/STM32G0xx_HAL_Driver/Src/stm32g0xx_hal_spi.c ****     hspi->TxXferCount = 0U;
2595:Drivers/STM32G0xx_HAL_Driver/Src/stm32g0xx_hal_spi.c **** 
2596:Drivers/STM32G0xx_HAL_Driver/Src/stm32g0xx_hal_spi.c ****     /* Check error during Abort procedure */
2597:Drivers/STM32G0xx_HAL_Driver/Src/stm32g0xx_hal_spi.c ****     if (hspi->ErrorCode == HAL_SPI_ERROR_ABORT)
ARM GAS  C:\Users\sante\AppData\Local\Temp\cc1VgFnO.s 			page 47


2598:Drivers/STM32G0xx_HAL_Driver/Src/stm32g0xx_hal_spi.c ****     {
2599:Drivers/STM32G0xx_HAL_Driver/Src/stm32g0xx_hal_spi.c ****       /* return HAL_Error in case of error during Abort procedure */
2600:Drivers/STM32G0xx_HAL_Driver/Src/stm32g0xx_hal_spi.c ****       errorcode = HAL_ERROR;
2601:Drivers/STM32G0xx_HAL_Driver/Src/stm32g0xx_hal_spi.c ****     }
2602:Drivers/STM32G0xx_HAL_Driver/Src/stm32g0xx_hal_spi.c ****     else
2603:Drivers/STM32G0xx_HAL_Driver/Src/stm32g0xx_hal_spi.c ****     {
2604:Drivers/STM32G0xx_HAL_Driver/Src/stm32g0xx_hal_spi.c ****       /* Reset errorCode */
2605:Drivers/STM32G0xx_HAL_Driver/Src/stm32g0xx_hal_spi.c ****       hspi->ErrorCode = HAL_SPI_ERROR_NONE;
2606:Drivers/STM32G0xx_HAL_Driver/Src/stm32g0xx_hal_spi.c ****     }
2607:Drivers/STM32G0xx_HAL_Driver/Src/stm32g0xx_hal_spi.c **** 
2608:Drivers/STM32G0xx_HAL_Driver/Src/stm32g0xx_hal_spi.c ****     /* Clear the Error flags in the SR register */
2609:Drivers/STM32G0xx_HAL_Driver/Src/stm32g0xx_hal_spi.c ****     __HAL_SPI_CLEAR_OVRFLAG(hspi);
2610:Drivers/STM32G0xx_HAL_Driver/Src/stm32g0xx_hal_spi.c ****     __HAL_SPI_CLEAR_FREFLAG(hspi);
2611:Drivers/STM32G0xx_HAL_Driver/Src/stm32g0xx_hal_spi.c **** 
2612:Drivers/STM32G0xx_HAL_Driver/Src/stm32g0xx_hal_spi.c ****     /* Restore hspi->State to Ready */
2613:Drivers/STM32G0xx_HAL_Driver/Src/stm32g0xx_hal_spi.c ****     hspi->State = HAL_SPI_STATE_READY;
2614:Drivers/STM32G0xx_HAL_Driver/Src/stm32g0xx_hal_spi.c **** 
2615:Drivers/STM32G0xx_HAL_Driver/Src/stm32g0xx_hal_spi.c ****     /* As no DMA to be aborted, call directly user Abort complete callback */
2616:Drivers/STM32G0xx_HAL_Driver/Src/stm32g0xx_hal_spi.c **** #if (USE_HAL_SPI_REGISTER_CALLBACKS == 1U)
2617:Drivers/STM32G0xx_HAL_Driver/Src/stm32g0xx_hal_spi.c ****     hspi->AbortCpltCallback(hspi);
2618:Drivers/STM32G0xx_HAL_Driver/Src/stm32g0xx_hal_spi.c **** #else
2619:Drivers/STM32G0xx_HAL_Driver/Src/stm32g0xx_hal_spi.c ****     HAL_SPI_AbortCpltCallback(hspi);
2620:Drivers/STM32G0xx_HAL_Driver/Src/stm32g0xx_hal_spi.c **** #endif /* USE_HAL_SPI_REGISTER_CALLBACKS */
2621:Drivers/STM32G0xx_HAL_Driver/Src/stm32g0xx_hal_spi.c ****   }
2622:Drivers/STM32G0xx_HAL_Driver/Src/stm32g0xx_hal_spi.c **** 
2623:Drivers/STM32G0xx_HAL_Driver/Src/stm32g0xx_hal_spi.c ****   return errorcode;
2624:Drivers/STM32G0xx_HAL_Driver/Src/stm32g0xx_hal_spi.c **** }
2625:Drivers/STM32G0xx_HAL_Driver/Src/stm32g0xx_hal_spi.c **** 
2626:Drivers/STM32G0xx_HAL_Driver/Src/stm32g0xx_hal_spi.c **** /**
2627:Drivers/STM32G0xx_HAL_Driver/Src/stm32g0xx_hal_spi.c ****   * @brief  Pause the DMA Transfer.
2628:Drivers/STM32G0xx_HAL_Driver/Src/stm32g0xx_hal_spi.c ****   * @param  hspi pointer to a SPI_HandleTypeDef structure that contains
2629:Drivers/STM32G0xx_HAL_Driver/Src/stm32g0xx_hal_spi.c ****   *               the configuration information for the specified SPI module.
2630:Drivers/STM32G0xx_HAL_Driver/Src/stm32g0xx_hal_spi.c ****   * @retval HAL status
2631:Drivers/STM32G0xx_HAL_Driver/Src/stm32g0xx_hal_spi.c ****   */
2632:Drivers/STM32G0xx_HAL_Driver/Src/stm32g0xx_hal_spi.c **** HAL_StatusTypeDef HAL_SPI_DMAPause(SPI_HandleTypeDef *hspi)
2633:Drivers/STM32G0xx_HAL_Driver/Src/stm32g0xx_hal_spi.c **** {
2634:Drivers/STM32G0xx_HAL_Driver/Src/stm32g0xx_hal_spi.c ****   /* Process Locked */
2635:Drivers/STM32G0xx_HAL_Driver/Src/stm32g0xx_hal_spi.c ****   __HAL_LOCK(hspi);
2636:Drivers/STM32G0xx_HAL_Driver/Src/stm32g0xx_hal_spi.c **** 
2637:Drivers/STM32G0xx_HAL_Driver/Src/stm32g0xx_hal_spi.c ****   /* Disable the SPI DMA Tx & Rx requests */
2638:Drivers/STM32G0xx_HAL_Driver/Src/stm32g0xx_hal_spi.c ****   CLEAR_BIT(hspi->Instance->CR2, SPI_CR2_TXDMAEN | SPI_CR2_RXDMAEN);
2639:Drivers/STM32G0xx_HAL_Driver/Src/stm32g0xx_hal_spi.c **** 
2640:Drivers/STM32G0xx_HAL_Driver/Src/stm32g0xx_hal_spi.c ****   /* Process Unlocked */
2641:Drivers/STM32G0xx_HAL_Driver/Src/stm32g0xx_hal_spi.c ****   __HAL_UNLOCK(hspi);
2642:Drivers/STM32G0xx_HAL_Driver/Src/stm32g0xx_hal_spi.c **** 
2643:Drivers/STM32G0xx_HAL_Driver/Src/stm32g0xx_hal_spi.c ****   return HAL_OK;
2644:Drivers/STM32G0xx_HAL_Driver/Src/stm32g0xx_hal_spi.c **** }
2645:Drivers/STM32G0xx_HAL_Driver/Src/stm32g0xx_hal_spi.c **** 
2646:Drivers/STM32G0xx_HAL_Driver/Src/stm32g0xx_hal_spi.c **** /**
2647:Drivers/STM32G0xx_HAL_Driver/Src/stm32g0xx_hal_spi.c ****   * @brief  Resume the DMA Transfer.
2648:Drivers/STM32G0xx_HAL_Driver/Src/stm32g0xx_hal_spi.c ****   * @param  hspi pointer to a SPI_HandleTypeDef structure that contains
2649:Drivers/STM32G0xx_HAL_Driver/Src/stm32g0xx_hal_spi.c ****   *               the configuration information for the specified SPI module.
2650:Drivers/STM32G0xx_HAL_Driver/Src/stm32g0xx_hal_spi.c ****   * @retval HAL status
2651:Drivers/STM32G0xx_HAL_Driver/Src/stm32g0xx_hal_spi.c ****   */
2652:Drivers/STM32G0xx_HAL_Driver/Src/stm32g0xx_hal_spi.c **** HAL_StatusTypeDef HAL_SPI_DMAResume(SPI_HandleTypeDef *hspi)
2653:Drivers/STM32G0xx_HAL_Driver/Src/stm32g0xx_hal_spi.c **** {
2654:Drivers/STM32G0xx_HAL_Driver/Src/stm32g0xx_hal_spi.c ****   /* Process Locked */
ARM GAS  C:\Users\sante\AppData\Local\Temp\cc1VgFnO.s 			page 48


2655:Drivers/STM32G0xx_HAL_Driver/Src/stm32g0xx_hal_spi.c ****   __HAL_LOCK(hspi);
2656:Drivers/STM32G0xx_HAL_Driver/Src/stm32g0xx_hal_spi.c **** 
2657:Drivers/STM32G0xx_HAL_Driver/Src/stm32g0xx_hal_spi.c ****   /* Enable the SPI DMA Tx & Rx requests */
2658:Drivers/STM32G0xx_HAL_Driver/Src/stm32g0xx_hal_spi.c ****   SET_BIT(hspi->Instance->CR2, SPI_CR2_TXDMAEN | SPI_CR2_RXDMAEN);
2659:Drivers/STM32G0xx_HAL_Driver/Src/stm32g0xx_hal_spi.c **** 
2660:Drivers/STM32G0xx_HAL_Driver/Src/stm32g0xx_hal_spi.c ****   /* Process Unlocked */
2661:Drivers/STM32G0xx_HAL_Driver/Src/stm32g0xx_hal_spi.c ****   __HAL_UNLOCK(hspi);
2662:Drivers/STM32G0xx_HAL_Driver/Src/stm32g0xx_hal_spi.c **** 
2663:Drivers/STM32G0xx_HAL_Driver/Src/stm32g0xx_hal_spi.c ****   return HAL_OK;
2664:Drivers/STM32G0xx_HAL_Driver/Src/stm32g0xx_hal_spi.c **** }
2665:Drivers/STM32G0xx_HAL_Driver/Src/stm32g0xx_hal_spi.c **** 
2666:Drivers/STM32G0xx_HAL_Driver/Src/stm32g0xx_hal_spi.c **** /**
2667:Drivers/STM32G0xx_HAL_Driver/Src/stm32g0xx_hal_spi.c ****   * @brief  Stop the DMA Transfer.
2668:Drivers/STM32G0xx_HAL_Driver/Src/stm32g0xx_hal_spi.c ****   * @param  hspi pointer to a SPI_HandleTypeDef structure that contains
2669:Drivers/STM32G0xx_HAL_Driver/Src/stm32g0xx_hal_spi.c ****   *               the configuration information for the specified SPI module.
2670:Drivers/STM32G0xx_HAL_Driver/Src/stm32g0xx_hal_spi.c ****   * @retval HAL status
2671:Drivers/STM32G0xx_HAL_Driver/Src/stm32g0xx_hal_spi.c ****   */
2672:Drivers/STM32G0xx_HAL_Driver/Src/stm32g0xx_hal_spi.c **** HAL_StatusTypeDef HAL_SPI_DMAStop(SPI_HandleTypeDef *hspi)
2673:Drivers/STM32G0xx_HAL_Driver/Src/stm32g0xx_hal_spi.c **** {
2674:Drivers/STM32G0xx_HAL_Driver/Src/stm32g0xx_hal_spi.c ****   HAL_StatusTypeDef errorcode = HAL_OK;
2675:Drivers/STM32G0xx_HAL_Driver/Src/stm32g0xx_hal_spi.c ****   /* The Lock is not implemented on this API to allow the user application
2676:Drivers/STM32G0xx_HAL_Driver/Src/stm32g0xx_hal_spi.c ****      to call the HAL SPI API under callbacks HAL_SPI_TxCpltCallback() or HAL_SPI_RxCpltCallback() o
2677:Drivers/STM32G0xx_HAL_Driver/Src/stm32g0xx_hal_spi.c ****      when calling HAL_DMA_Abort() API the DMA TX/RX Transfer complete interrupt is generated
2678:Drivers/STM32G0xx_HAL_Driver/Src/stm32g0xx_hal_spi.c ****      and the correspond call back is executed HAL_SPI_TxCpltCallback() or HAL_SPI_RxCpltCallback() 
2679:Drivers/STM32G0xx_HAL_Driver/Src/stm32g0xx_hal_spi.c ****      */
2680:Drivers/STM32G0xx_HAL_Driver/Src/stm32g0xx_hal_spi.c **** 
2681:Drivers/STM32G0xx_HAL_Driver/Src/stm32g0xx_hal_spi.c ****   /* Abort the SPI DMA tx Stream/Channel  */
2682:Drivers/STM32G0xx_HAL_Driver/Src/stm32g0xx_hal_spi.c ****   if (hspi->hdmatx != NULL)
2683:Drivers/STM32G0xx_HAL_Driver/Src/stm32g0xx_hal_spi.c ****   {
2684:Drivers/STM32G0xx_HAL_Driver/Src/stm32g0xx_hal_spi.c ****     if (HAL_OK != HAL_DMA_Abort(hspi->hdmatx))
2685:Drivers/STM32G0xx_HAL_Driver/Src/stm32g0xx_hal_spi.c ****     {
2686:Drivers/STM32G0xx_HAL_Driver/Src/stm32g0xx_hal_spi.c ****       SET_BIT(hspi->ErrorCode, HAL_SPI_ERROR_DMA);
2687:Drivers/STM32G0xx_HAL_Driver/Src/stm32g0xx_hal_spi.c ****       errorcode = HAL_ERROR;
2688:Drivers/STM32G0xx_HAL_Driver/Src/stm32g0xx_hal_spi.c ****     }
2689:Drivers/STM32G0xx_HAL_Driver/Src/stm32g0xx_hal_spi.c ****   }
2690:Drivers/STM32G0xx_HAL_Driver/Src/stm32g0xx_hal_spi.c ****   /* Abort the SPI DMA rx Stream/Channel  */
2691:Drivers/STM32G0xx_HAL_Driver/Src/stm32g0xx_hal_spi.c ****   if (hspi->hdmarx != NULL)
2692:Drivers/STM32G0xx_HAL_Driver/Src/stm32g0xx_hal_spi.c ****   {
2693:Drivers/STM32G0xx_HAL_Driver/Src/stm32g0xx_hal_spi.c ****     if (HAL_OK != HAL_DMA_Abort(hspi->hdmarx))
2694:Drivers/STM32G0xx_HAL_Driver/Src/stm32g0xx_hal_spi.c ****     {
2695:Drivers/STM32G0xx_HAL_Driver/Src/stm32g0xx_hal_spi.c ****       SET_BIT(hspi->ErrorCode, HAL_SPI_ERROR_DMA);
2696:Drivers/STM32G0xx_HAL_Driver/Src/stm32g0xx_hal_spi.c ****       errorcode = HAL_ERROR;
2697:Drivers/STM32G0xx_HAL_Driver/Src/stm32g0xx_hal_spi.c ****     }
2698:Drivers/STM32G0xx_HAL_Driver/Src/stm32g0xx_hal_spi.c ****   }
2699:Drivers/STM32G0xx_HAL_Driver/Src/stm32g0xx_hal_spi.c **** 
2700:Drivers/STM32G0xx_HAL_Driver/Src/stm32g0xx_hal_spi.c ****   /* Disable the SPI DMA Tx & Rx requests */
2701:Drivers/STM32G0xx_HAL_Driver/Src/stm32g0xx_hal_spi.c ****   CLEAR_BIT(hspi->Instance->CR2, SPI_CR2_TXDMAEN | SPI_CR2_RXDMAEN);
2702:Drivers/STM32G0xx_HAL_Driver/Src/stm32g0xx_hal_spi.c ****   hspi->State = HAL_SPI_STATE_READY;
2703:Drivers/STM32G0xx_HAL_Driver/Src/stm32g0xx_hal_spi.c ****   return errorcode;
2704:Drivers/STM32G0xx_HAL_Driver/Src/stm32g0xx_hal_spi.c **** }
2705:Drivers/STM32G0xx_HAL_Driver/Src/stm32g0xx_hal_spi.c **** 
2706:Drivers/STM32G0xx_HAL_Driver/Src/stm32g0xx_hal_spi.c **** /**
2707:Drivers/STM32G0xx_HAL_Driver/Src/stm32g0xx_hal_spi.c ****   * @brief  Handle SPI interrupt request.
2708:Drivers/STM32G0xx_HAL_Driver/Src/stm32g0xx_hal_spi.c ****   * @param  hspi pointer to a SPI_HandleTypeDef structure that contains
2709:Drivers/STM32G0xx_HAL_Driver/Src/stm32g0xx_hal_spi.c ****   *               the configuration information for the specified SPI module.
2710:Drivers/STM32G0xx_HAL_Driver/Src/stm32g0xx_hal_spi.c ****   * @retval None
2711:Drivers/STM32G0xx_HAL_Driver/Src/stm32g0xx_hal_spi.c ****   */
ARM GAS  C:\Users\sante\AppData\Local\Temp\cc1VgFnO.s 			page 49


2712:Drivers/STM32G0xx_HAL_Driver/Src/stm32g0xx_hal_spi.c **** void HAL_SPI_IRQHandler(SPI_HandleTypeDef *hspi)
2713:Drivers/STM32G0xx_HAL_Driver/Src/stm32g0xx_hal_spi.c **** {
2714:Drivers/STM32G0xx_HAL_Driver/Src/stm32g0xx_hal_spi.c ****   uint32_t itsource = hspi->Instance->CR2;
2715:Drivers/STM32G0xx_HAL_Driver/Src/stm32g0xx_hal_spi.c ****   uint32_t itflag   = hspi->Instance->SR;
2716:Drivers/STM32G0xx_HAL_Driver/Src/stm32g0xx_hal_spi.c **** 
2717:Drivers/STM32G0xx_HAL_Driver/Src/stm32g0xx_hal_spi.c ****   /* SPI in mode Receiver ----------------------------------------------------*/
2718:Drivers/STM32G0xx_HAL_Driver/Src/stm32g0xx_hal_spi.c ****   if ((SPI_CHECK_FLAG(itflag, SPI_FLAG_OVR) == RESET) &&
2719:Drivers/STM32G0xx_HAL_Driver/Src/stm32g0xx_hal_spi.c ****       (SPI_CHECK_FLAG(itflag, SPI_FLAG_RXNE) != RESET) && (SPI_CHECK_IT_SOURCE(itsource, SPI_IT_RXN
2720:Drivers/STM32G0xx_HAL_Driver/Src/stm32g0xx_hal_spi.c ****   {
2721:Drivers/STM32G0xx_HAL_Driver/Src/stm32g0xx_hal_spi.c ****     hspi->RxISR(hspi);
2722:Drivers/STM32G0xx_HAL_Driver/Src/stm32g0xx_hal_spi.c ****     return;
2723:Drivers/STM32G0xx_HAL_Driver/Src/stm32g0xx_hal_spi.c ****   }
2724:Drivers/STM32G0xx_HAL_Driver/Src/stm32g0xx_hal_spi.c **** 
2725:Drivers/STM32G0xx_HAL_Driver/Src/stm32g0xx_hal_spi.c ****   /* SPI in mode Transmitter -------------------------------------------------*/
2726:Drivers/STM32G0xx_HAL_Driver/Src/stm32g0xx_hal_spi.c ****   if ((SPI_CHECK_FLAG(itflag, SPI_FLAG_TXE) != RESET) && (SPI_CHECK_IT_SOURCE(itsource, SPI_IT_TXE)
2727:Drivers/STM32G0xx_HAL_Driver/Src/stm32g0xx_hal_spi.c ****   {
2728:Drivers/STM32G0xx_HAL_Driver/Src/stm32g0xx_hal_spi.c ****     hspi->TxISR(hspi);
2729:Drivers/STM32G0xx_HAL_Driver/Src/stm32g0xx_hal_spi.c ****     return;
2730:Drivers/STM32G0xx_HAL_Driver/Src/stm32g0xx_hal_spi.c ****   }
2731:Drivers/STM32G0xx_HAL_Driver/Src/stm32g0xx_hal_spi.c **** 
2732:Drivers/STM32G0xx_HAL_Driver/Src/stm32g0xx_hal_spi.c ****   /* SPI in Error Treatment --------------------------------------------------*/
2733:Drivers/STM32G0xx_HAL_Driver/Src/stm32g0xx_hal_spi.c ****   if (((SPI_CHECK_FLAG(itflag, SPI_FLAG_MODF) != RESET) || (SPI_CHECK_FLAG(itflag, SPI_FLAG_OVR) !=
2734:Drivers/STM32G0xx_HAL_Driver/Src/stm32g0xx_hal_spi.c ****        || (SPI_CHECK_FLAG(itflag, SPI_FLAG_FRE) != RESET)) && (SPI_CHECK_IT_SOURCE(itsource, SPI_IT
2735:Drivers/STM32G0xx_HAL_Driver/Src/stm32g0xx_hal_spi.c ****   {
2736:Drivers/STM32G0xx_HAL_Driver/Src/stm32g0xx_hal_spi.c ****     /* SPI Overrun error interrupt occurred ----------------------------------*/
2737:Drivers/STM32G0xx_HAL_Driver/Src/stm32g0xx_hal_spi.c ****     if (SPI_CHECK_FLAG(itflag, SPI_FLAG_OVR) != RESET)
2738:Drivers/STM32G0xx_HAL_Driver/Src/stm32g0xx_hal_spi.c ****     {
2739:Drivers/STM32G0xx_HAL_Driver/Src/stm32g0xx_hal_spi.c ****       if (hspi->State != HAL_SPI_STATE_BUSY_TX)
2740:Drivers/STM32G0xx_HAL_Driver/Src/stm32g0xx_hal_spi.c ****       {
2741:Drivers/STM32G0xx_HAL_Driver/Src/stm32g0xx_hal_spi.c ****         SET_BIT(hspi->ErrorCode, HAL_SPI_ERROR_OVR);
2742:Drivers/STM32G0xx_HAL_Driver/Src/stm32g0xx_hal_spi.c ****         __HAL_SPI_CLEAR_OVRFLAG(hspi);
2743:Drivers/STM32G0xx_HAL_Driver/Src/stm32g0xx_hal_spi.c ****       }
2744:Drivers/STM32G0xx_HAL_Driver/Src/stm32g0xx_hal_spi.c ****       else
2745:Drivers/STM32G0xx_HAL_Driver/Src/stm32g0xx_hal_spi.c ****       {
2746:Drivers/STM32G0xx_HAL_Driver/Src/stm32g0xx_hal_spi.c ****         __HAL_SPI_CLEAR_OVRFLAG(hspi);
2747:Drivers/STM32G0xx_HAL_Driver/Src/stm32g0xx_hal_spi.c ****         return;
2748:Drivers/STM32G0xx_HAL_Driver/Src/stm32g0xx_hal_spi.c ****       }
2749:Drivers/STM32G0xx_HAL_Driver/Src/stm32g0xx_hal_spi.c ****     }
2750:Drivers/STM32G0xx_HAL_Driver/Src/stm32g0xx_hal_spi.c **** 
2751:Drivers/STM32G0xx_HAL_Driver/Src/stm32g0xx_hal_spi.c ****     /* SPI Mode Fault error interrupt occurred -------------------------------*/
2752:Drivers/STM32G0xx_HAL_Driver/Src/stm32g0xx_hal_spi.c ****     if (SPI_CHECK_FLAG(itflag, SPI_FLAG_MODF) != RESET)
2753:Drivers/STM32G0xx_HAL_Driver/Src/stm32g0xx_hal_spi.c ****     {
2754:Drivers/STM32G0xx_HAL_Driver/Src/stm32g0xx_hal_spi.c ****       SET_BIT(hspi->ErrorCode, HAL_SPI_ERROR_MODF);
2755:Drivers/STM32G0xx_HAL_Driver/Src/stm32g0xx_hal_spi.c ****       __HAL_SPI_CLEAR_MODFFLAG(hspi);
2756:Drivers/STM32G0xx_HAL_Driver/Src/stm32g0xx_hal_spi.c ****     }
2757:Drivers/STM32G0xx_HAL_Driver/Src/stm32g0xx_hal_spi.c **** 
2758:Drivers/STM32G0xx_HAL_Driver/Src/stm32g0xx_hal_spi.c ****     /* SPI Frame error interrupt occurred ------------------------------------*/
2759:Drivers/STM32G0xx_HAL_Driver/Src/stm32g0xx_hal_spi.c ****     if (SPI_CHECK_FLAG(itflag, SPI_FLAG_FRE) != RESET)
2760:Drivers/STM32G0xx_HAL_Driver/Src/stm32g0xx_hal_spi.c ****     {
2761:Drivers/STM32G0xx_HAL_Driver/Src/stm32g0xx_hal_spi.c ****       SET_BIT(hspi->ErrorCode, HAL_SPI_ERROR_FRE);
2762:Drivers/STM32G0xx_HAL_Driver/Src/stm32g0xx_hal_spi.c ****       __HAL_SPI_CLEAR_FREFLAG(hspi);
2763:Drivers/STM32G0xx_HAL_Driver/Src/stm32g0xx_hal_spi.c ****     }
2764:Drivers/STM32G0xx_HAL_Driver/Src/stm32g0xx_hal_spi.c **** 
2765:Drivers/STM32G0xx_HAL_Driver/Src/stm32g0xx_hal_spi.c ****     if (hspi->ErrorCode != HAL_SPI_ERROR_NONE)
2766:Drivers/STM32G0xx_HAL_Driver/Src/stm32g0xx_hal_spi.c ****     {
2767:Drivers/STM32G0xx_HAL_Driver/Src/stm32g0xx_hal_spi.c ****       /* Disable all interrupts */
2768:Drivers/STM32G0xx_HAL_Driver/Src/stm32g0xx_hal_spi.c ****       __HAL_SPI_DISABLE_IT(hspi, SPI_IT_RXNE | SPI_IT_TXE | SPI_IT_ERR);
ARM GAS  C:\Users\sante\AppData\Local\Temp\cc1VgFnO.s 			page 50


2769:Drivers/STM32G0xx_HAL_Driver/Src/stm32g0xx_hal_spi.c **** 
2770:Drivers/STM32G0xx_HAL_Driver/Src/stm32g0xx_hal_spi.c ****       hspi->State = HAL_SPI_STATE_READY;
2771:Drivers/STM32G0xx_HAL_Driver/Src/stm32g0xx_hal_spi.c ****       /* Disable the SPI DMA requests if enabled */
2772:Drivers/STM32G0xx_HAL_Driver/Src/stm32g0xx_hal_spi.c ****       if ((HAL_IS_BIT_SET(itsource, SPI_CR2_TXDMAEN)) || (HAL_IS_BIT_SET(itsource, SPI_CR2_RXDMAEN)
2773:Drivers/STM32G0xx_HAL_Driver/Src/stm32g0xx_hal_spi.c ****       {
2774:Drivers/STM32G0xx_HAL_Driver/Src/stm32g0xx_hal_spi.c ****         CLEAR_BIT(hspi->Instance->CR2, (SPI_CR2_TXDMAEN | SPI_CR2_RXDMAEN));
2775:Drivers/STM32G0xx_HAL_Driver/Src/stm32g0xx_hal_spi.c **** 
2776:Drivers/STM32G0xx_HAL_Driver/Src/stm32g0xx_hal_spi.c ****         /* Abort the SPI DMA Rx channel */
2777:Drivers/STM32G0xx_HAL_Driver/Src/stm32g0xx_hal_spi.c ****         if (hspi->hdmarx != NULL)
2778:Drivers/STM32G0xx_HAL_Driver/Src/stm32g0xx_hal_spi.c ****         {
2779:Drivers/STM32G0xx_HAL_Driver/Src/stm32g0xx_hal_spi.c ****           /* Set the SPI DMA Abort callback :
2780:Drivers/STM32G0xx_HAL_Driver/Src/stm32g0xx_hal_spi.c ****           will lead to call HAL_SPI_ErrorCallback() at end of DMA abort procedure */
2781:Drivers/STM32G0xx_HAL_Driver/Src/stm32g0xx_hal_spi.c ****           hspi->hdmarx->XferAbortCallback = SPI_DMAAbortOnError;
2782:Drivers/STM32G0xx_HAL_Driver/Src/stm32g0xx_hal_spi.c ****           if (HAL_OK != HAL_DMA_Abort_IT(hspi->hdmarx))
2783:Drivers/STM32G0xx_HAL_Driver/Src/stm32g0xx_hal_spi.c ****           {
2784:Drivers/STM32G0xx_HAL_Driver/Src/stm32g0xx_hal_spi.c ****             SET_BIT(hspi->ErrorCode, HAL_SPI_ERROR_ABORT);
2785:Drivers/STM32G0xx_HAL_Driver/Src/stm32g0xx_hal_spi.c ****           }
2786:Drivers/STM32G0xx_HAL_Driver/Src/stm32g0xx_hal_spi.c ****         }
2787:Drivers/STM32G0xx_HAL_Driver/Src/stm32g0xx_hal_spi.c ****         /* Abort the SPI DMA Tx channel */
2788:Drivers/STM32G0xx_HAL_Driver/Src/stm32g0xx_hal_spi.c ****         if (hspi->hdmatx != NULL)
2789:Drivers/STM32G0xx_HAL_Driver/Src/stm32g0xx_hal_spi.c ****         {
2790:Drivers/STM32G0xx_HAL_Driver/Src/stm32g0xx_hal_spi.c ****           /* Set the SPI DMA Abort callback :
2791:Drivers/STM32G0xx_HAL_Driver/Src/stm32g0xx_hal_spi.c ****           will lead to call HAL_SPI_ErrorCallback() at end of DMA abort procedure */
2792:Drivers/STM32G0xx_HAL_Driver/Src/stm32g0xx_hal_spi.c ****           hspi->hdmatx->XferAbortCallback = SPI_DMAAbortOnError;
2793:Drivers/STM32G0xx_HAL_Driver/Src/stm32g0xx_hal_spi.c ****           if (HAL_OK != HAL_DMA_Abort_IT(hspi->hdmatx))
2794:Drivers/STM32G0xx_HAL_Driver/Src/stm32g0xx_hal_spi.c ****           {
2795:Drivers/STM32G0xx_HAL_Driver/Src/stm32g0xx_hal_spi.c ****             SET_BIT(hspi->ErrorCode, HAL_SPI_ERROR_ABORT);
2796:Drivers/STM32G0xx_HAL_Driver/Src/stm32g0xx_hal_spi.c ****           }
2797:Drivers/STM32G0xx_HAL_Driver/Src/stm32g0xx_hal_spi.c ****         }
2798:Drivers/STM32G0xx_HAL_Driver/Src/stm32g0xx_hal_spi.c ****       }
2799:Drivers/STM32G0xx_HAL_Driver/Src/stm32g0xx_hal_spi.c ****       else
2800:Drivers/STM32G0xx_HAL_Driver/Src/stm32g0xx_hal_spi.c ****       {
2801:Drivers/STM32G0xx_HAL_Driver/Src/stm32g0xx_hal_spi.c ****         /* Call user error callback */
2802:Drivers/STM32G0xx_HAL_Driver/Src/stm32g0xx_hal_spi.c **** #if (USE_HAL_SPI_REGISTER_CALLBACKS == 1U)
2803:Drivers/STM32G0xx_HAL_Driver/Src/stm32g0xx_hal_spi.c ****         hspi->ErrorCallback(hspi);
2804:Drivers/STM32G0xx_HAL_Driver/Src/stm32g0xx_hal_spi.c **** #else
2805:Drivers/STM32G0xx_HAL_Driver/Src/stm32g0xx_hal_spi.c ****         HAL_SPI_ErrorCallback(hspi);
2806:Drivers/STM32G0xx_HAL_Driver/Src/stm32g0xx_hal_spi.c **** #endif /* USE_HAL_SPI_REGISTER_CALLBACKS */
2807:Drivers/STM32G0xx_HAL_Driver/Src/stm32g0xx_hal_spi.c ****       }
2808:Drivers/STM32G0xx_HAL_Driver/Src/stm32g0xx_hal_spi.c ****     }
2809:Drivers/STM32G0xx_HAL_Driver/Src/stm32g0xx_hal_spi.c ****     return;
2810:Drivers/STM32G0xx_HAL_Driver/Src/stm32g0xx_hal_spi.c ****   }
2811:Drivers/STM32G0xx_HAL_Driver/Src/stm32g0xx_hal_spi.c **** }
2812:Drivers/STM32G0xx_HAL_Driver/Src/stm32g0xx_hal_spi.c **** 
2813:Drivers/STM32G0xx_HAL_Driver/Src/stm32g0xx_hal_spi.c **** /**
2814:Drivers/STM32G0xx_HAL_Driver/Src/stm32g0xx_hal_spi.c ****   * @brief  Tx Transfer completed callback.
2815:Drivers/STM32G0xx_HAL_Driver/Src/stm32g0xx_hal_spi.c ****   * @param  hspi pointer to a SPI_HandleTypeDef structure that contains
2816:Drivers/STM32G0xx_HAL_Driver/Src/stm32g0xx_hal_spi.c ****   *               the configuration information for SPI module.
2817:Drivers/STM32G0xx_HAL_Driver/Src/stm32g0xx_hal_spi.c ****   * @retval None
2818:Drivers/STM32G0xx_HAL_Driver/Src/stm32g0xx_hal_spi.c ****   */
2819:Drivers/STM32G0xx_HAL_Driver/Src/stm32g0xx_hal_spi.c **** __weak void HAL_SPI_TxCpltCallback(SPI_HandleTypeDef *hspi)
2820:Drivers/STM32G0xx_HAL_Driver/Src/stm32g0xx_hal_spi.c **** {
2821:Drivers/STM32G0xx_HAL_Driver/Src/stm32g0xx_hal_spi.c ****   /* Prevent unused argument(s) compilation warning */
2822:Drivers/STM32G0xx_HAL_Driver/Src/stm32g0xx_hal_spi.c ****   UNUSED(hspi);
2823:Drivers/STM32G0xx_HAL_Driver/Src/stm32g0xx_hal_spi.c **** 
2824:Drivers/STM32G0xx_HAL_Driver/Src/stm32g0xx_hal_spi.c ****   /* NOTE : This function should not be modified, when the callback is needed,
2825:Drivers/STM32G0xx_HAL_Driver/Src/stm32g0xx_hal_spi.c ****             the HAL_SPI_TxCpltCallback should be implemented in the user file
ARM GAS  C:\Users\sante\AppData\Local\Temp\cc1VgFnO.s 			page 51


2826:Drivers/STM32G0xx_HAL_Driver/Src/stm32g0xx_hal_spi.c ****    */
2827:Drivers/STM32G0xx_HAL_Driver/Src/stm32g0xx_hal_spi.c **** }
2828:Drivers/STM32G0xx_HAL_Driver/Src/stm32g0xx_hal_spi.c **** 
2829:Drivers/STM32G0xx_HAL_Driver/Src/stm32g0xx_hal_spi.c **** /**
2830:Drivers/STM32G0xx_HAL_Driver/Src/stm32g0xx_hal_spi.c ****   * @brief  Rx Transfer completed callback.
2831:Drivers/STM32G0xx_HAL_Driver/Src/stm32g0xx_hal_spi.c ****   * @param  hspi pointer to a SPI_HandleTypeDef structure that contains
2832:Drivers/STM32G0xx_HAL_Driver/Src/stm32g0xx_hal_spi.c ****   *               the configuration information for SPI module.
2833:Drivers/STM32G0xx_HAL_Driver/Src/stm32g0xx_hal_spi.c ****   * @retval None
2834:Drivers/STM32G0xx_HAL_Driver/Src/stm32g0xx_hal_spi.c ****   */
2835:Drivers/STM32G0xx_HAL_Driver/Src/stm32g0xx_hal_spi.c **** __weak void HAL_SPI_RxCpltCallback(SPI_HandleTypeDef *hspi)
2836:Drivers/STM32G0xx_HAL_Driver/Src/stm32g0xx_hal_spi.c **** {
2837:Drivers/STM32G0xx_HAL_Driver/Src/stm32g0xx_hal_spi.c ****   /* Prevent unused argument(s) compilation warning */
2838:Drivers/STM32G0xx_HAL_Driver/Src/stm32g0xx_hal_spi.c ****   UNUSED(hspi);
2839:Drivers/STM32G0xx_HAL_Driver/Src/stm32g0xx_hal_spi.c **** 
2840:Drivers/STM32G0xx_HAL_Driver/Src/stm32g0xx_hal_spi.c ****   /* NOTE : This function should not be modified, when the callback is needed,
2841:Drivers/STM32G0xx_HAL_Driver/Src/stm32g0xx_hal_spi.c ****             the HAL_SPI_RxCpltCallback should be implemented in the user file
2842:Drivers/STM32G0xx_HAL_Driver/Src/stm32g0xx_hal_spi.c ****    */
2843:Drivers/STM32G0xx_HAL_Driver/Src/stm32g0xx_hal_spi.c **** }
2844:Drivers/STM32G0xx_HAL_Driver/Src/stm32g0xx_hal_spi.c **** 
2845:Drivers/STM32G0xx_HAL_Driver/Src/stm32g0xx_hal_spi.c **** /**
2846:Drivers/STM32G0xx_HAL_Driver/Src/stm32g0xx_hal_spi.c ****   * @brief  Tx and Rx Transfer completed callback.
2847:Drivers/STM32G0xx_HAL_Driver/Src/stm32g0xx_hal_spi.c ****   * @param  hspi pointer to a SPI_HandleTypeDef structure that contains
2848:Drivers/STM32G0xx_HAL_Driver/Src/stm32g0xx_hal_spi.c ****   *               the configuration information for SPI module.
2849:Drivers/STM32G0xx_HAL_Driver/Src/stm32g0xx_hal_spi.c ****   * @retval None
2850:Drivers/STM32G0xx_HAL_Driver/Src/stm32g0xx_hal_spi.c ****   */
2851:Drivers/STM32G0xx_HAL_Driver/Src/stm32g0xx_hal_spi.c **** __weak void HAL_SPI_TxRxCpltCallback(SPI_HandleTypeDef *hspi)
2852:Drivers/STM32G0xx_HAL_Driver/Src/stm32g0xx_hal_spi.c **** {
2853:Drivers/STM32G0xx_HAL_Driver/Src/stm32g0xx_hal_spi.c ****   /* Prevent unused argument(s) compilation warning */
2854:Drivers/STM32G0xx_HAL_Driver/Src/stm32g0xx_hal_spi.c ****   UNUSED(hspi);
2855:Drivers/STM32G0xx_HAL_Driver/Src/stm32g0xx_hal_spi.c **** 
2856:Drivers/STM32G0xx_HAL_Driver/Src/stm32g0xx_hal_spi.c ****   /* NOTE : This function should not be modified, when the callback is needed,
2857:Drivers/STM32G0xx_HAL_Driver/Src/stm32g0xx_hal_spi.c ****             the HAL_SPI_TxRxCpltCallback should be implemented in the user file
2858:Drivers/STM32G0xx_HAL_Driver/Src/stm32g0xx_hal_spi.c ****    */
2859:Drivers/STM32G0xx_HAL_Driver/Src/stm32g0xx_hal_spi.c **** }
2860:Drivers/STM32G0xx_HAL_Driver/Src/stm32g0xx_hal_spi.c **** 
2861:Drivers/STM32G0xx_HAL_Driver/Src/stm32g0xx_hal_spi.c **** /**
2862:Drivers/STM32G0xx_HAL_Driver/Src/stm32g0xx_hal_spi.c ****   * @brief  Tx Half Transfer completed callback.
2863:Drivers/STM32G0xx_HAL_Driver/Src/stm32g0xx_hal_spi.c ****   * @param  hspi pointer to a SPI_HandleTypeDef structure that contains
2864:Drivers/STM32G0xx_HAL_Driver/Src/stm32g0xx_hal_spi.c ****   *               the configuration information for SPI module.
2865:Drivers/STM32G0xx_HAL_Driver/Src/stm32g0xx_hal_spi.c ****   * @retval None
2866:Drivers/STM32G0xx_HAL_Driver/Src/stm32g0xx_hal_spi.c ****   */
2867:Drivers/STM32G0xx_HAL_Driver/Src/stm32g0xx_hal_spi.c **** __weak void HAL_SPI_TxHalfCpltCallback(SPI_HandleTypeDef *hspi)
2868:Drivers/STM32G0xx_HAL_Driver/Src/stm32g0xx_hal_spi.c **** {
2869:Drivers/STM32G0xx_HAL_Driver/Src/stm32g0xx_hal_spi.c ****   /* Prevent unused argument(s) compilation warning */
2870:Drivers/STM32G0xx_HAL_Driver/Src/stm32g0xx_hal_spi.c ****   UNUSED(hspi);
2871:Drivers/STM32G0xx_HAL_Driver/Src/stm32g0xx_hal_spi.c **** 
2872:Drivers/STM32G0xx_HAL_Driver/Src/stm32g0xx_hal_spi.c ****   /* NOTE : This function should not be modified, when the callback is needed,
2873:Drivers/STM32G0xx_HAL_Driver/Src/stm32g0xx_hal_spi.c ****             the HAL_SPI_TxHalfCpltCallback should be implemented in the user file
2874:Drivers/STM32G0xx_HAL_Driver/Src/stm32g0xx_hal_spi.c ****    */
2875:Drivers/STM32G0xx_HAL_Driver/Src/stm32g0xx_hal_spi.c **** }
2876:Drivers/STM32G0xx_HAL_Driver/Src/stm32g0xx_hal_spi.c **** 
2877:Drivers/STM32G0xx_HAL_Driver/Src/stm32g0xx_hal_spi.c **** /**
2878:Drivers/STM32G0xx_HAL_Driver/Src/stm32g0xx_hal_spi.c ****   * @brief  Rx Half Transfer completed callback.
2879:Drivers/STM32G0xx_HAL_Driver/Src/stm32g0xx_hal_spi.c ****   * @param  hspi pointer to a SPI_HandleTypeDef structure that contains
2880:Drivers/STM32G0xx_HAL_Driver/Src/stm32g0xx_hal_spi.c ****   *               the configuration information for SPI module.
2881:Drivers/STM32G0xx_HAL_Driver/Src/stm32g0xx_hal_spi.c ****   * @retval None
2882:Drivers/STM32G0xx_HAL_Driver/Src/stm32g0xx_hal_spi.c ****   */
ARM GAS  C:\Users\sante\AppData\Local\Temp\cc1VgFnO.s 			page 52


2883:Drivers/STM32G0xx_HAL_Driver/Src/stm32g0xx_hal_spi.c **** __weak void HAL_SPI_RxHalfCpltCallback(SPI_HandleTypeDef *hspi)
2884:Drivers/STM32G0xx_HAL_Driver/Src/stm32g0xx_hal_spi.c **** {
2885:Drivers/STM32G0xx_HAL_Driver/Src/stm32g0xx_hal_spi.c ****   /* Prevent unused argument(s) compilation warning */
2886:Drivers/STM32G0xx_HAL_Driver/Src/stm32g0xx_hal_spi.c ****   UNUSED(hspi);
2887:Drivers/STM32G0xx_HAL_Driver/Src/stm32g0xx_hal_spi.c **** 
2888:Drivers/STM32G0xx_HAL_Driver/Src/stm32g0xx_hal_spi.c ****   /* NOTE : This function should not be modified, when the callback is needed,
2889:Drivers/STM32G0xx_HAL_Driver/Src/stm32g0xx_hal_spi.c ****             the HAL_SPI_RxHalfCpltCallback() should be implemented in the user file
2890:Drivers/STM32G0xx_HAL_Driver/Src/stm32g0xx_hal_spi.c ****    */
2891:Drivers/STM32G0xx_HAL_Driver/Src/stm32g0xx_hal_spi.c **** }
2892:Drivers/STM32G0xx_HAL_Driver/Src/stm32g0xx_hal_spi.c **** 
2893:Drivers/STM32G0xx_HAL_Driver/Src/stm32g0xx_hal_spi.c **** /**
2894:Drivers/STM32G0xx_HAL_Driver/Src/stm32g0xx_hal_spi.c ****   * @brief  Tx and Rx Half Transfer callback.
2895:Drivers/STM32G0xx_HAL_Driver/Src/stm32g0xx_hal_spi.c ****   * @param  hspi pointer to a SPI_HandleTypeDef structure that contains
2896:Drivers/STM32G0xx_HAL_Driver/Src/stm32g0xx_hal_spi.c ****   *               the configuration information for SPI module.
2897:Drivers/STM32G0xx_HAL_Driver/Src/stm32g0xx_hal_spi.c ****   * @retval None
2898:Drivers/STM32G0xx_HAL_Driver/Src/stm32g0xx_hal_spi.c ****   */
2899:Drivers/STM32G0xx_HAL_Driver/Src/stm32g0xx_hal_spi.c **** __weak void HAL_SPI_TxRxHalfCpltCallback(SPI_HandleTypeDef *hspi)
2900:Drivers/STM32G0xx_HAL_Driver/Src/stm32g0xx_hal_spi.c **** {
2901:Drivers/STM32G0xx_HAL_Driver/Src/stm32g0xx_hal_spi.c ****   /* Prevent unused argument(s) compilation warning */
2902:Drivers/STM32G0xx_HAL_Driver/Src/stm32g0xx_hal_spi.c ****   UNUSED(hspi);
2903:Drivers/STM32G0xx_HAL_Driver/Src/stm32g0xx_hal_spi.c **** 
2904:Drivers/STM32G0xx_HAL_Driver/Src/stm32g0xx_hal_spi.c ****   /* NOTE : This function should not be modified, when the callback is needed,
2905:Drivers/STM32G0xx_HAL_Driver/Src/stm32g0xx_hal_spi.c ****             the HAL_SPI_TxRxHalfCpltCallback() should be implemented in the user file
2906:Drivers/STM32G0xx_HAL_Driver/Src/stm32g0xx_hal_spi.c ****    */
2907:Drivers/STM32G0xx_HAL_Driver/Src/stm32g0xx_hal_spi.c **** }
2908:Drivers/STM32G0xx_HAL_Driver/Src/stm32g0xx_hal_spi.c **** 
2909:Drivers/STM32G0xx_HAL_Driver/Src/stm32g0xx_hal_spi.c **** /**
2910:Drivers/STM32G0xx_HAL_Driver/Src/stm32g0xx_hal_spi.c ****   * @brief  SPI error callback.
2911:Drivers/STM32G0xx_HAL_Driver/Src/stm32g0xx_hal_spi.c ****   * @param  hspi pointer to a SPI_HandleTypeDef structure that contains
2912:Drivers/STM32G0xx_HAL_Driver/Src/stm32g0xx_hal_spi.c ****   *               the configuration information for SPI module.
2913:Drivers/STM32G0xx_HAL_Driver/Src/stm32g0xx_hal_spi.c ****   * @retval None
2914:Drivers/STM32G0xx_HAL_Driver/Src/stm32g0xx_hal_spi.c ****   */
2915:Drivers/STM32G0xx_HAL_Driver/Src/stm32g0xx_hal_spi.c **** __weak void HAL_SPI_ErrorCallback(SPI_HandleTypeDef *hspi)
2916:Drivers/STM32G0xx_HAL_Driver/Src/stm32g0xx_hal_spi.c **** {
2917:Drivers/STM32G0xx_HAL_Driver/Src/stm32g0xx_hal_spi.c ****   /* Prevent unused argument(s) compilation warning */
2918:Drivers/STM32G0xx_HAL_Driver/Src/stm32g0xx_hal_spi.c ****   UNUSED(hspi);
2919:Drivers/STM32G0xx_HAL_Driver/Src/stm32g0xx_hal_spi.c **** 
2920:Drivers/STM32G0xx_HAL_Driver/Src/stm32g0xx_hal_spi.c ****   /* NOTE : This function should not be modified, when the callback is needed,
2921:Drivers/STM32G0xx_HAL_Driver/Src/stm32g0xx_hal_spi.c ****             the HAL_SPI_ErrorCallback should be implemented in the user file
2922:Drivers/STM32G0xx_HAL_Driver/Src/stm32g0xx_hal_spi.c ****    */
2923:Drivers/STM32G0xx_HAL_Driver/Src/stm32g0xx_hal_spi.c ****   /* NOTE : The ErrorCode parameter in the hspi handle is updated by the SPI processes
2924:Drivers/STM32G0xx_HAL_Driver/Src/stm32g0xx_hal_spi.c ****             and user can use HAL_SPI_GetError() API to check the latest error occurred
2925:Drivers/STM32G0xx_HAL_Driver/Src/stm32g0xx_hal_spi.c ****    */
2926:Drivers/STM32G0xx_HAL_Driver/Src/stm32g0xx_hal_spi.c **** }
2927:Drivers/STM32G0xx_HAL_Driver/Src/stm32g0xx_hal_spi.c **** 
2928:Drivers/STM32G0xx_HAL_Driver/Src/stm32g0xx_hal_spi.c **** /**
2929:Drivers/STM32G0xx_HAL_Driver/Src/stm32g0xx_hal_spi.c ****   * @brief  SPI Abort Complete callback.
2930:Drivers/STM32G0xx_HAL_Driver/Src/stm32g0xx_hal_spi.c ****   * @param  hspi SPI handle.
2931:Drivers/STM32G0xx_HAL_Driver/Src/stm32g0xx_hal_spi.c ****   * @retval None
2932:Drivers/STM32G0xx_HAL_Driver/Src/stm32g0xx_hal_spi.c ****   */
2933:Drivers/STM32G0xx_HAL_Driver/Src/stm32g0xx_hal_spi.c **** __weak void HAL_SPI_AbortCpltCallback(SPI_HandleTypeDef *hspi)
2934:Drivers/STM32G0xx_HAL_Driver/Src/stm32g0xx_hal_spi.c **** {
2935:Drivers/STM32G0xx_HAL_Driver/Src/stm32g0xx_hal_spi.c ****   /* Prevent unused argument(s) compilation warning */
2936:Drivers/STM32G0xx_HAL_Driver/Src/stm32g0xx_hal_spi.c ****   UNUSED(hspi);
2937:Drivers/STM32G0xx_HAL_Driver/Src/stm32g0xx_hal_spi.c **** 
2938:Drivers/STM32G0xx_HAL_Driver/Src/stm32g0xx_hal_spi.c ****   /* NOTE : This function should not be modified, when the callback is needed,
2939:Drivers/STM32G0xx_HAL_Driver/Src/stm32g0xx_hal_spi.c ****             the HAL_SPI_AbortCpltCallback can be implemented in the user file.
ARM GAS  C:\Users\sante\AppData\Local\Temp\cc1VgFnO.s 			page 53


2940:Drivers/STM32G0xx_HAL_Driver/Src/stm32g0xx_hal_spi.c ****    */
2941:Drivers/STM32G0xx_HAL_Driver/Src/stm32g0xx_hal_spi.c **** }
2942:Drivers/STM32G0xx_HAL_Driver/Src/stm32g0xx_hal_spi.c **** 
2943:Drivers/STM32G0xx_HAL_Driver/Src/stm32g0xx_hal_spi.c **** /**
2944:Drivers/STM32G0xx_HAL_Driver/Src/stm32g0xx_hal_spi.c ****   * @}
2945:Drivers/STM32G0xx_HAL_Driver/Src/stm32g0xx_hal_spi.c ****   */
2946:Drivers/STM32G0xx_HAL_Driver/Src/stm32g0xx_hal_spi.c **** 
2947:Drivers/STM32G0xx_HAL_Driver/Src/stm32g0xx_hal_spi.c **** /** @defgroup SPI_Exported_Functions_Group3 Peripheral State and Errors functions
2948:Drivers/STM32G0xx_HAL_Driver/Src/stm32g0xx_hal_spi.c ****   * @brief   SPI control functions
2949:Drivers/STM32G0xx_HAL_Driver/Src/stm32g0xx_hal_spi.c ****   *
2950:Drivers/STM32G0xx_HAL_Driver/Src/stm32g0xx_hal_spi.c **** @verbatim
2951:Drivers/STM32G0xx_HAL_Driver/Src/stm32g0xx_hal_spi.c ****  ===============================================================================
2952:Drivers/STM32G0xx_HAL_Driver/Src/stm32g0xx_hal_spi.c ****                       ##### Peripheral State and Errors functions #####
2953:Drivers/STM32G0xx_HAL_Driver/Src/stm32g0xx_hal_spi.c ****  ===============================================================================
2954:Drivers/STM32G0xx_HAL_Driver/Src/stm32g0xx_hal_spi.c ****     [..]
2955:Drivers/STM32G0xx_HAL_Driver/Src/stm32g0xx_hal_spi.c ****     This subsection provides a set of functions allowing to control the SPI.
2956:Drivers/STM32G0xx_HAL_Driver/Src/stm32g0xx_hal_spi.c ****      (+) HAL_SPI_GetState() API can be helpful to check in run-time the state of the SPI peripheral
2957:Drivers/STM32G0xx_HAL_Driver/Src/stm32g0xx_hal_spi.c ****      (+) HAL_SPI_GetError() check in run-time Errors occurring during communication
2958:Drivers/STM32G0xx_HAL_Driver/Src/stm32g0xx_hal_spi.c **** @endverbatim
2959:Drivers/STM32G0xx_HAL_Driver/Src/stm32g0xx_hal_spi.c ****   * @{
2960:Drivers/STM32G0xx_HAL_Driver/Src/stm32g0xx_hal_spi.c ****   */
2961:Drivers/STM32G0xx_HAL_Driver/Src/stm32g0xx_hal_spi.c **** 
2962:Drivers/STM32G0xx_HAL_Driver/Src/stm32g0xx_hal_spi.c **** /**
2963:Drivers/STM32G0xx_HAL_Driver/Src/stm32g0xx_hal_spi.c ****   * @brief  Return the SPI handle state.
2964:Drivers/STM32G0xx_HAL_Driver/Src/stm32g0xx_hal_spi.c ****   * @param  hspi pointer to a SPI_HandleTypeDef structure that contains
2965:Drivers/STM32G0xx_HAL_Driver/Src/stm32g0xx_hal_spi.c ****   *               the configuration information for SPI module.
2966:Drivers/STM32G0xx_HAL_Driver/Src/stm32g0xx_hal_spi.c ****   * @retval SPI state
2967:Drivers/STM32G0xx_HAL_Driver/Src/stm32g0xx_hal_spi.c ****   */
2968:Drivers/STM32G0xx_HAL_Driver/Src/stm32g0xx_hal_spi.c **** HAL_SPI_StateTypeDef HAL_SPI_GetState(SPI_HandleTypeDef *hspi)
2969:Drivers/STM32G0xx_HAL_Driver/Src/stm32g0xx_hal_spi.c **** {
2970:Drivers/STM32G0xx_HAL_Driver/Src/stm32g0xx_hal_spi.c ****   /* Return SPI handle state */
2971:Drivers/STM32G0xx_HAL_Driver/Src/stm32g0xx_hal_spi.c ****   return hspi->State;
2972:Drivers/STM32G0xx_HAL_Driver/Src/stm32g0xx_hal_spi.c **** }
2973:Drivers/STM32G0xx_HAL_Driver/Src/stm32g0xx_hal_spi.c **** 
2974:Drivers/STM32G0xx_HAL_Driver/Src/stm32g0xx_hal_spi.c **** /**
2975:Drivers/STM32G0xx_HAL_Driver/Src/stm32g0xx_hal_spi.c ****   * @brief  Return the SPI error code.
2976:Drivers/STM32G0xx_HAL_Driver/Src/stm32g0xx_hal_spi.c ****   * @param  hspi pointer to a SPI_HandleTypeDef structure that contains
2977:Drivers/STM32G0xx_HAL_Driver/Src/stm32g0xx_hal_spi.c ****   *               the configuration information for SPI module.
2978:Drivers/STM32G0xx_HAL_Driver/Src/stm32g0xx_hal_spi.c ****   * @retval SPI error code in bitmap format
2979:Drivers/STM32G0xx_HAL_Driver/Src/stm32g0xx_hal_spi.c ****   */
2980:Drivers/STM32G0xx_HAL_Driver/Src/stm32g0xx_hal_spi.c **** uint32_t HAL_SPI_GetError(SPI_HandleTypeDef *hspi)
2981:Drivers/STM32G0xx_HAL_Driver/Src/stm32g0xx_hal_spi.c **** {
2982:Drivers/STM32G0xx_HAL_Driver/Src/stm32g0xx_hal_spi.c ****   /* Return SPI ErrorCode */
2983:Drivers/STM32G0xx_HAL_Driver/Src/stm32g0xx_hal_spi.c ****   return hspi->ErrorCode;
2984:Drivers/STM32G0xx_HAL_Driver/Src/stm32g0xx_hal_spi.c **** }
2985:Drivers/STM32G0xx_HAL_Driver/Src/stm32g0xx_hal_spi.c **** 
2986:Drivers/STM32G0xx_HAL_Driver/Src/stm32g0xx_hal_spi.c **** /**
2987:Drivers/STM32G0xx_HAL_Driver/Src/stm32g0xx_hal_spi.c ****   * @}
2988:Drivers/STM32G0xx_HAL_Driver/Src/stm32g0xx_hal_spi.c ****   */
2989:Drivers/STM32G0xx_HAL_Driver/Src/stm32g0xx_hal_spi.c **** 
2990:Drivers/STM32G0xx_HAL_Driver/Src/stm32g0xx_hal_spi.c **** /**
2991:Drivers/STM32G0xx_HAL_Driver/Src/stm32g0xx_hal_spi.c ****   * @}
2992:Drivers/STM32G0xx_HAL_Driver/Src/stm32g0xx_hal_spi.c ****   */
2993:Drivers/STM32G0xx_HAL_Driver/Src/stm32g0xx_hal_spi.c **** 
2994:Drivers/STM32G0xx_HAL_Driver/Src/stm32g0xx_hal_spi.c **** /** @addtogroup SPI_Private_Functions
2995:Drivers/STM32G0xx_HAL_Driver/Src/stm32g0xx_hal_spi.c ****   * @brief   Private functions
2996:Drivers/STM32G0xx_HAL_Driver/Src/stm32g0xx_hal_spi.c ****   * @{
ARM GAS  C:\Users\sante\AppData\Local\Temp\cc1VgFnO.s 			page 54


2997:Drivers/STM32G0xx_HAL_Driver/Src/stm32g0xx_hal_spi.c ****   */
2998:Drivers/STM32G0xx_HAL_Driver/Src/stm32g0xx_hal_spi.c **** 
2999:Drivers/STM32G0xx_HAL_Driver/Src/stm32g0xx_hal_spi.c **** /**
3000:Drivers/STM32G0xx_HAL_Driver/Src/stm32g0xx_hal_spi.c ****   * @brief  DMA SPI transmit process complete callback.
3001:Drivers/STM32G0xx_HAL_Driver/Src/stm32g0xx_hal_spi.c ****   * @param  hdma pointer to a DMA_HandleTypeDef structure that contains
3002:Drivers/STM32G0xx_HAL_Driver/Src/stm32g0xx_hal_spi.c ****   *               the configuration information for the specified DMA module.
3003:Drivers/STM32G0xx_HAL_Driver/Src/stm32g0xx_hal_spi.c ****   * @retval None
3004:Drivers/STM32G0xx_HAL_Driver/Src/stm32g0xx_hal_spi.c ****   */
3005:Drivers/STM32G0xx_HAL_Driver/Src/stm32g0xx_hal_spi.c **** static void SPI_DMATransmitCplt(DMA_HandleTypeDef *hdma)
3006:Drivers/STM32G0xx_HAL_Driver/Src/stm32g0xx_hal_spi.c **** {
3007:Drivers/STM32G0xx_HAL_Driver/Src/stm32g0xx_hal_spi.c ****   SPI_HandleTypeDef *hspi = (SPI_HandleTypeDef *)(((DMA_HandleTypeDef *)hdma)->Parent); /* Derogati
3008:Drivers/STM32G0xx_HAL_Driver/Src/stm32g0xx_hal_spi.c ****   uint32_t tickstart;
3009:Drivers/STM32G0xx_HAL_Driver/Src/stm32g0xx_hal_spi.c **** 
3010:Drivers/STM32G0xx_HAL_Driver/Src/stm32g0xx_hal_spi.c ****   /* Init tickstart for timeout management*/
3011:Drivers/STM32G0xx_HAL_Driver/Src/stm32g0xx_hal_spi.c ****   tickstart = HAL_GetTick();
3012:Drivers/STM32G0xx_HAL_Driver/Src/stm32g0xx_hal_spi.c **** 
3013:Drivers/STM32G0xx_HAL_Driver/Src/stm32g0xx_hal_spi.c ****   /* DMA Normal Mode */
3014:Drivers/STM32G0xx_HAL_Driver/Src/stm32g0xx_hal_spi.c ****   if ((hdma->Instance->CCR & DMA_CCR_CIRC) != DMA_CCR_CIRC)
3015:Drivers/STM32G0xx_HAL_Driver/Src/stm32g0xx_hal_spi.c ****   {
3016:Drivers/STM32G0xx_HAL_Driver/Src/stm32g0xx_hal_spi.c ****     /* Disable ERR interrupt */
3017:Drivers/STM32G0xx_HAL_Driver/Src/stm32g0xx_hal_spi.c ****     __HAL_SPI_DISABLE_IT(hspi, SPI_IT_ERR);
3018:Drivers/STM32G0xx_HAL_Driver/Src/stm32g0xx_hal_spi.c **** 
3019:Drivers/STM32G0xx_HAL_Driver/Src/stm32g0xx_hal_spi.c ****     /* Disable Tx DMA Request */
3020:Drivers/STM32G0xx_HAL_Driver/Src/stm32g0xx_hal_spi.c ****     CLEAR_BIT(hspi->Instance->CR2, SPI_CR2_TXDMAEN);
3021:Drivers/STM32G0xx_HAL_Driver/Src/stm32g0xx_hal_spi.c **** 
3022:Drivers/STM32G0xx_HAL_Driver/Src/stm32g0xx_hal_spi.c ****     /* Check the end of the transaction */
3023:Drivers/STM32G0xx_HAL_Driver/Src/stm32g0xx_hal_spi.c ****     if (SPI_EndRxTxTransaction(hspi, SPI_DEFAULT_TIMEOUT, tickstart) != HAL_OK)
3024:Drivers/STM32G0xx_HAL_Driver/Src/stm32g0xx_hal_spi.c ****     {
3025:Drivers/STM32G0xx_HAL_Driver/Src/stm32g0xx_hal_spi.c ****       SET_BIT(hspi->ErrorCode, HAL_SPI_ERROR_FLAG);
3026:Drivers/STM32G0xx_HAL_Driver/Src/stm32g0xx_hal_spi.c ****     }
3027:Drivers/STM32G0xx_HAL_Driver/Src/stm32g0xx_hal_spi.c **** 
3028:Drivers/STM32G0xx_HAL_Driver/Src/stm32g0xx_hal_spi.c ****     /* Clear overrun flag in 2 Lines communication mode because received data is not read */
3029:Drivers/STM32G0xx_HAL_Driver/Src/stm32g0xx_hal_spi.c ****     if (hspi->Init.Direction == SPI_DIRECTION_2LINES)
3030:Drivers/STM32G0xx_HAL_Driver/Src/stm32g0xx_hal_spi.c ****     {
3031:Drivers/STM32G0xx_HAL_Driver/Src/stm32g0xx_hal_spi.c ****       __HAL_SPI_CLEAR_OVRFLAG(hspi);
3032:Drivers/STM32G0xx_HAL_Driver/Src/stm32g0xx_hal_spi.c ****     }
3033:Drivers/STM32G0xx_HAL_Driver/Src/stm32g0xx_hal_spi.c **** 
3034:Drivers/STM32G0xx_HAL_Driver/Src/stm32g0xx_hal_spi.c ****     hspi->TxXferCount = 0U;
3035:Drivers/STM32G0xx_HAL_Driver/Src/stm32g0xx_hal_spi.c ****     hspi->State = HAL_SPI_STATE_READY;
3036:Drivers/STM32G0xx_HAL_Driver/Src/stm32g0xx_hal_spi.c **** 
3037:Drivers/STM32G0xx_HAL_Driver/Src/stm32g0xx_hal_spi.c ****     if (hspi->ErrorCode != HAL_SPI_ERROR_NONE)
3038:Drivers/STM32G0xx_HAL_Driver/Src/stm32g0xx_hal_spi.c ****     {
3039:Drivers/STM32G0xx_HAL_Driver/Src/stm32g0xx_hal_spi.c ****       /* Call user error callback */
3040:Drivers/STM32G0xx_HAL_Driver/Src/stm32g0xx_hal_spi.c **** #if (USE_HAL_SPI_REGISTER_CALLBACKS == 1U)
3041:Drivers/STM32G0xx_HAL_Driver/Src/stm32g0xx_hal_spi.c ****       hspi->ErrorCallback(hspi);
3042:Drivers/STM32G0xx_HAL_Driver/Src/stm32g0xx_hal_spi.c **** #else
3043:Drivers/STM32G0xx_HAL_Driver/Src/stm32g0xx_hal_spi.c ****       HAL_SPI_ErrorCallback(hspi);
3044:Drivers/STM32G0xx_HAL_Driver/Src/stm32g0xx_hal_spi.c **** #endif /* USE_HAL_SPI_REGISTER_CALLBACKS */
3045:Drivers/STM32G0xx_HAL_Driver/Src/stm32g0xx_hal_spi.c ****       return;
3046:Drivers/STM32G0xx_HAL_Driver/Src/stm32g0xx_hal_spi.c ****     }
3047:Drivers/STM32G0xx_HAL_Driver/Src/stm32g0xx_hal_spi.c ****   }
3048:Drivers/STM32G0xx_HAL_Driver/Src/stm32g0xx_hal_spi.c ****   /* Call user Tx complete callback */
3049:Drivers/STM32G0xx_HAL_Driver/Src/stm32g0xx_hal_spi.c **** #if (USE_HAL_SPI_REGISTER_CALLBACKS == 1U)
3050:Drivers/STM32G0xx_HAL_Driver/Src/stm32g0xx_hal_spi.c ****   hspi->TxCpltCallback(hspi);
3051:Drivers/STM32G0xx_HAL_Driver/Src/stm32g0xx_hal_spi.c **** #else
3052:Drivers/STM32G0xx_HAL_Driver/Src/stm32g0xx_hal_spi.c ****   HAL_SPI_TxCpltCallback(hspi);
3053:Drivers/STM32G0xx_HAL_Driver/Src/stm32g0xx_hal_spi.c **** #endif /* USE_HAL_SPI_REGISTER_CALLBACKS */
ARM GAS  C:\Users\sante\AppData\Local\Temp\cc1VgFnO.s 			page 55


3054:Drivers/STM32G0xx_HAL_Driver/Src/stm32g0xx_hal_spi.c **** }
3055:Drivers/STM32G0xx_HAL_Driver/Src/stm32g0xx_hal_spi.c **** 
3056:Drivers/STM32G0xx_HAL_Driver/Src/stm32g0xx_hal_spi.c **** /**
3057:Drivers/STM32G0xx_HAL_Driver/Src/stm32g0xx_hal_spi.c ****   * @brief  DMA SPI receive process complete callback.
3058:Drivers/STM32G0xx_HAL_Driver/Src/stm32g0xx_hal_spi.c ****   * @param  hdma pointer to a DMA_HandleTypeDef structure that contains
3059:Drivers/STM32G0xx_HAL_Driver/Src/stm32g0xx_hal_spi.c ****   *               the configuration information for the specified DMA module.
3060:Drivers/STM32G0xx_HAL_Driver/Src/stm32g0xx_hal_spi.c ****   * @retval None
3061:Drivers/STM32G0xx_HAL_Driver/Src/stm32g0xx_hal_spi.c ****   */
3062:Drivers/STM32G0xx_HAL_Driver/Src/stm32g0xx_hal_spi.c **** static void SPI_DMAReceiveCplt(DMA_HandleTypeDef *hdma)
3063:Drivers/STM32G0xx_HAL_Driver/Src/stm32g0xx_hal_spi.c **** {
3064:Drivers/STM32G0xx_HAL_Driver/Src/stm32g0xx_hal_spi.c ****   SPI_HandleTypeDef *hspi = (SPI_HandleTypeDef *)(((DMA_HandleTypeDef *)hdma)->Parent); /* Derogati
3065:Drivers/STM32G0xx_HAL_Driver/Src/stm32g0xx_hal_spi.c ****   uint32_t tickstart;
3066:Drivers/STM32G0xx_HAL_Driver/Src/stm32g0xx_hal_spi.c **** #if (USE_SPI_CRC != 0U)
3067:Drivers/STM32G0xx_HAL_Driver/Src/stm32g0xx_hal_spi.c ****   __IO uint32_t tmpreg = 0U;
3068:Drivers/STM32G0xx_HAL_Driver/Src/stm32g0xx_hal_spi.c ****   __IO uint8_t  *ptmpreg8;
3069:Drivers/STM32G0xx_HAL_Driver/Src/stm32g0xx_hal_spi.c ****   __IO uint8_t  tmpreg8 = 0;
3070:Drivers/STM32G0xx_HAL_Driver/Src/stm32g0xx_hal_spi.c **** #endif /* USE_SPI_CRC */
3071:Drivers/STM32G0xx_HAL_Driver/Src/stm32g0xx_hal_spi.c **** 
3072:Drivers/STM32G0xx_HAL_Driver/Src/stm32g0xx_hal_spi.c ****   /* Init tickstart for timeout management*/
3073:Drivers/STM32G0xx_HAL_Driver/Src/stm32g0xx_hal_spi.c ****   tickstart = HAL_GetTick();
3074:Drivers/STM32G0xx_HAL_Driver/Src/stm32g0xx_hal_spi.c **** 
3075:Drivers/STM32G0xx_HAL_Driver/Src/stm32g0xx_hal_spi.c ****   /* DMA Normal Mode */
3076:Drivers/STM32G0xx_HAL_Driver/Src/stm32g0xx_hal_spi.c ****   if ((hdma->Instance->CCR & DMA_CCR_CIRC) != DMA_CCR_CIRC)
3077:Drivers/STM32G0xx_HAL_Driver/Src/stm32g0xx_hal_spi.c ****   {
3078:Drivers/STM32G0xx_HAL_Driver/Src/stm32g0xx_hal_spi.c ****     /* Disable ERR interrupt */
3079:Drivers/STM32G0xx_HAL_Driver/Src/stm32g0xx_hal_spi.c ****     __HAL_SPI_DISABLE_IT(hspi, SPI_IT_ERR);
3080:Drivers/STM32G0xx_HAL_Driver/Src/stm32g0xx_hal_spi.c **** 
3081:Drivers/STM32G0xx_HAL_Driver/Src/stm32g0xx_hal_spi.c **** #if (USE_SPI_CRC != 0U)
3082:Drivers/STM32G0xx_HAL_Driver/Src/stm32g0xx_hal_spi.c ****     /* CRC handling */
3083:Drivers/STM32G0xx_HAL_Driver/Src/stm32g0xx_hal_spi.c ****     if (hspi->Init.CRCCalculation == SPI_CRCCALCULATION_ENABLE)
3084:Drivers/STM32G0xx_HAL_Driver/Src/stm32g0xx_hal_spi.c ****     {
3085:Drivers/STM32G0xx_HAL_Driver/Src/stm32g0xx_hal_spi.c ****       /* Wait until RXNE flag */
3086:Drivers/STM32G0xx_HAL_Driver/Src/stm32g0xx_hal_spi.c ****       if (SPI_WaitFlagStateUntilTimeout(hspi, SPI_FLAG_RXNE, SET, SPI_DEFAULT_TIMEOUT, tickstart) !
3087:Drivers/STM32G0xx_HAL_Driver/Src/stm32g0xx_hal_spi.c ****       {
3088:Drivers/STM32G0xx_HAL_Driver/Src/stm32g0xx_hal_spi.c ****         /* Error on the CRC reception */
3089:Drivers/STM32G0xx_HAL_Driver/Src/stm32g0xx_hal_spi.c ****         SET_BIT(hspi->ErrorCode, HAL_SPI_ERROR_CRC);
3090:Drivers/STM32G0xx_HAL_Driver/Src/stm32g0xx_hal_spi.c ****       }
3091:Drivers/STM32G0xx_HAL_Driver/Src/stm32g0xx_hal_spi.c ****       /* Read CRC */
3092:Drivers/STM32G0xx_HAL_Driver/Src/stm32g0xx_hal_spi.c ****       if (hspi->Init.DataSize > SPI_DATASIZE_8BIT)
3093:Drivers/STM32G0xx_HAL_Driver/Src/stm32g0xx_hal_spi.c ****       {
3094:Drivers/STM32G0xx_HAL_Driver/Src/stm32g0xx_hal_spi.c ****         /* Read 16bit CRC */
3095:Drivers/STM32G0xx_HAL_Driver/Src/stm32g0xx_hal_spi.c ****         tmpreg = READ_REG(hspi->Instance->DR);
3096:Drivers/STM32G0xx_HAL_Driver/Src/stm32g0xx_hal_spi.c ****         /* To avoid GCC warning */
3097:Drivers/STM32G0xx_HAL_Driver/Src/stm32g0xx_hal_spi.c ****         UNUSED(tmpreg);
3098:Drivers/STM32G0xx_HAL_Driver/Src/stm32g0xx_hal_spi.c ****       }
3099:Drivers/STM32G0xx_HAL_Driver/Src/stm32g0xx_hal_spi.c ****       else
3100:Drivers/STM32G0xx_HAL_Driver/Src/stm32g0xx_hal_spi.c ****       {
3101:Drivers/STM32G0xx_HAL_Driver/Src/stm32g0xx_hal_spi.c ****         /* Initialize the 8bit temporary pointer */
3102:Drivers/STM32G0xx_HAL_Driver/Src/stm32g0xx_hal_spi.c ****         ptmpreg8 = (__IO uint8_t *)&hspi->Instance->DR;
3103:Drivers/STM32G0xx_HAL_Driver/Src/stm32g0xx_hal_spi.c ****         /* Read 8bit CRC */
3104:Drivers/STM32G0xx_HAL_Driver/Src/stm32g0xx_hal_spi.c ****         tmpreg8 = *ptmpreg8;
3105:Drivers/STM32G0xx_HAL_Driver/Src/stm32g0xx_hal_spi.c ****         /* To avoid GCC warning */
3106:Drivers/STM32G0xx_HAL_Driver/Src/stm32g0xx_hal_spi.c ****         UNUSED(tmpreg8);
3107:Drivers/STM32G0xx_HAL_Driver/Src/stm32g0xx_hal_spi.c **** 
3108:Drivers/STM32G0xx_HAL_Driver/Src/stm32g0xx_hal_spi.c ****         if (hspi->Init.CRCLength == SPI_CRC_LENGTH_16BIT)
3109:Drivers/STM32G0xx_HAL_Driver/Src/stm32g0xx_hal_spi.c ****         {
3110:Drivers/STM32G0xx_HAL_Driver/Src/stm32g0xx_hal_spi.c ****           if (SPI_WaitFlagStateUntilTimeout(hspi, SPI_FLAG_RXNE, SET, SPI_DEFAULT_TIMEOUT, tickstar
ARM GAS  C:\Users\sante\AppData\Local\Temp\cc1VgFnO.s 			page 56


3111:Drivers/STM32G0xx_HAL_Driver/Src/stm32g0xx_hal_spi.c ****           {
3112:Drivers/STM32G0xx_HAL_Driver/Src/stm32g0xx_hal_spi.c ****             /* Error on the CRC reception */
3113:Drivers/STM32G0xx_HAL_Driver/Src/stm32g0xx_hal_spi.c ****             SET_BIT(hspi->ErrorCode, HAL_SPI_ERROR_CRC);
3114:Drivers/STM32G0xx_HAL_Driver/Src/stm32g0xx_hal_spi.c ****           }
3115:Drivers/STM32G0xx_HAL_Driver/Src/stm32g0xx_hal_spi.c ****           /* Read 8bit CRC again in case of 16bit CRC in 8bit Data mode */
3116:Drivers/STM32G0xx_HAL_Driver/Src/stm32g0xx_hal_spi.c ****           tmpreg8 = *ptmpreg8;
3117:Drivers/STM32G0xx_HAL_Driver/Src/stm32g0xx_hal_spi.c ****           /* To avoid GCC warning */
3118:Drivers/STM32G0xx_HAL_Driver/Src/stm32g0xx_hal_spi.c ****           UNUSED(tmpreg8);
3119:Drivers/STM32G0xx_HAL_Driver/Src/stm32g0xx_hal_spi.c ****         }
3120:Drivers/STM32G0xx_HAL_Driver/Src/stm32g0xx_hal_spi.c ****       }
3121:Drivers/STM32G0xx_HAL_Driver/Src/stm32g0xx_hal_spi.c ****     }
3122:Drivers/STM32G0xx_HAL_Driver/Src/stm32g0xx_hal_spi.c **** #endif /* USE_SPI_CRC */
3123:Drivers/STM32G0xx_HAL_Driver/Src/stm32g0xx_hal_spi.c **** 
3124:Drivers/STM32G0xx_HAL_Driver/Src/stm32g0xx_hal_spi.c ****     /* Check if we are in Master RX 2 line mode */
3125:Drivers/STM32G0xx_HAL_Driver/Src/stm32g0xx_hal_spi.c ****     if ((hspi->Init.Direction == SPI_DIRECTION_2LINES) && (hspi->Init.Mode == SPI_MODE_MASTER))
3126:Drivers/STM32G0xx_HAL_Driver/Src/stm32g0xx_hal_spi.c ****     {
3127:Drivers/STM32G0xx_HAL_Driver/Src/stm32g0xx_hal_spi.c ****       /* Disable Rx/Tx DMA Request (done by default to handle the case master rx direction 2 lines)
3128:Drivers/STM32G0xx_HAL_Driver/Src/stm32g0xx_hal_spi.c ****       CLEAR_BIT(hspi->Instance->CR2, SPI_CR2_TXDMAEN | SPI_CR2_RXDMAEN);
3129:Drivers/STM32G0xx_HAL_Driver/Src/stm32g0xx_hal_spi.c ****     }
3130:Drivers/STM32G0xx_HAL_Driver/Src/stm32g0xx_hal_spi.c ****     else
3131:Drivers/STM32G0xx_HAL_Driver/Src/stm32g0xx_hal_spi.c ****     {
3132:Drivers/STM32G0xx_HAL_Driver/Src/stm32g0xx_hal_spi.c ****       /* Normal case */
3133:Drivers/STM32G0xx_HAL_Driver/Src/stm32g0xx_hal_spi.c ****       CLEAR_BIT(hspi->Instance->CR2, SPI_CR2_RXDMAEN);
3134:Drivers/STM32G0xx_HAL_Driver/Src/stm32g0xx_hal_spi.c ****     }
3135:Drivers/STM32G0xx_HAL_Driver/Src/stm32g0xx_hal_spi.c **** 
3136:Drivers/STM32G0xx_HAL_Driver/Src/stm32g0xx_hal_spi.c ****     /* Check the end of the transaction */
3137:Drivers/STM32G0xx_HAL_Driver/Src/stm32g0xx_hal_spi.c ****     if (SPI_EndRxTransaction(hspi, SPI_DEFAULT_TIMEOUT, tickstart) != HAL_OK)
3138:Drivers/STM32G0xx_HAL_Driver/Src/stm32g0xx_hal_spi.c ****     {
3139:Drivers/STM32G0xx_HAL_Driver/Src/stm32g0xx_hal_spi.c ****       hspi->ErrorCode = HAL_SPI_ERROR_FLAG;
3140:Drivers/STM32G0xx_HAL_Driver/Src/stm32g0xx_hal_spi.c ****     }
3141:Drivers/STM32G0xx_HAL_Driver/Src/stm32g0xx_hal_spi.c **** 
3142:Drivers/STM32G0xx_HAL_Driver/Src/stm32g0xx_hal_spi.c ****     hspi->RxXferCount = 0U;
3143:Drivers/STM32G0xx_HAL_Driver/Src/stm32g0xx_hal_spi.c ****     hspi->State = HAL_SPI_STATE_READY;
3144:Drivers/STM32G0xx_HAL_Driver/Src/stm32g0xx_hal_spi.c **** 
3145:Drivers/STM32G0xx_HAL_Driver/Src/stm32g0xx_hal_spi.c **** #if (USE_SPI_CRC != 0U)
3146:Drivers/STM32G0xx_HAL_Driver/Src/stm32g0xx_hal_spi.c ****     /* Check if CRC error occurred */
3147:Drivers/STM32G0xx_HAL_Driver/Src/stm32g0xx_hal_spi.c ****     if (__HAL_SPI_GET_FLAG(hspi, SPI_FLAG_CRCERR))
3148:Drivers/STM32G0xx_HAL_Driver/Src/stm32g0xx_hal_spi.c ****     {
3149:Drivers/STM32G0xx_HAL_Driver/Src/stm32g0xx_hal_spi.c ****       SET_BIT(hspi->ErrorCode, HAL_SPI_ERROR_CRC);
3150:Drivers/STM32G0xx_HAL_Driver/Src/stm32g0xx_hal_spi.c ****       __HAL_SPI_CLEAR_CRCERRFLAG(hspi);
3151:Drivers/STM32G0xx_HAL_Driver/Src/stm32g0xx_hal_spi.c ****     }
3152:Drivers/STM32G0xx_HAL_Driver/Src/stm32g0xx_hal_spi.c **** #endif /* USE_SPI_CRC */
3153:Drivers/STM32G0xx_HAL_Driver/Src/stm32g0xx_hal_spi.c **** 
3154:Drivers/STM32G0xx_HAL_Driver/Src/stm32g0xx_hal_spi.c ****     if (hspi->ErrorCode != HAL_SPI_ERROR_NONE)
3155:Drivers/STM32G0xx_HAL_Driver/Src/stm32g0xx_hal_spi.c ****     {
3156:Drivers/STM32G0xx_HAL_Driver/Src/stm32g0xx_hal_spi.c ****       /* Call user error callback */
3157:Drivers/STM32G0xx_HAL_Driver/Src/stm32g0xx_hal_spi.c **** #if (USE_HAL_SPI_REGISTER_CALLBACKS == 1U)
3158:Drivers/STM32G0xx_HAL_Driver/Src/stm32g0xx_hal_spi.c ****       hspi->ErrorCallback(hspi);
3159:Drivers/STM32G0xx_HAL_Driver/Src/stm32g0xx_hal_spi.c **** #else
3160:Drivers/STM32G0xx_HAL_Driver/Src/stm32g0xx_hal_spi.c ****       HAL_SPI_ErrorCallback(hspi);
3161:Drivers/STM32G0xx_HAL_Driver/Src/stm32g0xx_hal_spi.c **** #endif /* USE_HAL_SPI_REGISTER_CALLBACKS */
3162:Drivers/STM32G0xx_HAL_Driver/Src/stm32g0xx_hal_spi.c ****       return;
3163:Drivers/STM32G0xx_HAL_Driver/Src/stm32g0xx_hal_spi.c ****     }
3164:Drivers/STM32G0xx_HAL_Driver/Src/stm32g0xx_hal_spi.c ****   }
3165:Drivers/STM32G0xx_HAL_Driver/Src/stm32g0xx_hal_spi.c ****   /* Call user Rx complete callback */
3166:Drivers/STM32G0xx_HAL_Driver/Src/stm32g0xx_hal_spi.c **** #if (USE_HAL_SPI_REGISTER_CALLBACKS == 1U)
3167:Drivers/STM32G0xx_HAL_Driver/Src/stm32g0xx_hal_spi.c ****   hspi->RxCpltCallback(hspi);
ARM GAS  C:\Users\sante\AppData\Local\Temp\cc1VgFnO.s 			page 57


3168:Drivers/STM32G0xx_HAL_Driver/Src/stm32g0xx_hal_spi.c **** #else
3169:Drivers/STM32G0xx_HAL_Driver/Src/stm32g0xx_hal_spi.c ****   HAL_SPI_RxCpltCallback(hspi);
3170:Drivers/STM32G0xx_HAL_Driver/Src/stm32g0xx_hal_spi.c **** #endif /* USE_HAL_SPI_REGISTER_CALLBACKS */
3171:Drivers/STM32G0xx_HAL_Driver/Src/stm32g0xx_hal_spi.c **** }
3172:Drivers/STM32G0xx_HAL_Driver/Src/stm32g0xx_hal_spi.c **** 
3173:Drivers/STM32G0xx_HAL_Driver/Src/stm32g0xx_hal_spi.c **** /**
3174:Drivers/STM32G0xx_HAL_Driver/Src/stm32g0xx_hal_spi.c ****   * @brief  DMA SPI transmit receive process complete callback.
3175:Drivers/STM32G0xx_HAL_Driver/Src/stm32g0xx_hal_spi.c ****   * @param  hdma pointer to a DMA_HandleTypeDef structure that contains
3176:Drivers/STM32G0xx_HAL_Driver/Src/stm32g0xx_hal_spi.c ****   *               the configuration information for the specified DMA module.
3177:Drivers/STM32G0xx_HAL_Driver/Src/stm32g0xx_hal_spi.c ****   * @retval None
3178:Drivers/STM32G0xx_HAL_Driver/Src/stm32g0xx_hal_spi.c ****   */
3179:Drivers/STM32G0xx_HAL_Driver/Src/stm32g0xx_hal_spi.c **** static void SPI_DMATransmitReceiveCplt(DMA_HandleTypeDef *hdma)
3180:Drivers/STM32G0xx_HAL_Driver/Src/stm32g0xx_hal_spi.c **** {
3181:Drivers/STM32G0xx_HAL_Driver/Src/stm32g0xx_hal_spi.c ****   SPI_HandleTypeDef *hspi = (SPI_HandleTypeDef *)(((DMA_HandleTypeDef *)hdma)->Parent); /* Derogati
3182:Drivers/STM32G0xx_HAL_Driver/Src/stm32g0xx_hal_spi.c ****   uint32_t tickstart;
3183:Drivers/STM32G0xx_HAL_Driver/Src/stm32g0xx_hal_spi.c **** #if (USE_SPI_CRC != 0U)
3184:Drivers/STM32G0xx_HAL_Driver/Src/stm32g0xx_hal_spi.c ****   __IO uint32_t tmpreg = 0U;
3185:Drivers/STM32G0xx_HAL_Driver/Src/stm32g0xx_hal_spi.c ****   __IO uint8_t  *ptmpreg8;
3186:Drivers/STM32G0xx_HAL_Driver/Src/stm32g0xx_hal_spi.c ****   __IO uint8_t  tmpreg8 = 0;
3187:Drivers/STM32G0xx_HAL_Driver/Src/stm32g0xx_hal_spi.c **** #endif /* USE_SPI_CRC */
3188:Drivers/STM32G0xx_HAL_Driver/Src/stm32g0xx_hal_spi.c **** 
3189:Drivers/STM32G0xx_HAL_Driver/Src/stm32g0xx_hal_spi.c ****   /* Init tickstart for timeout management*/
3190:Drivers/STM32G0xx_HAL_Driver/Src/stm32g0xx_hal_spi.c ****   tickstart = HAL_GetTick();
3191:Drivers/STM32G0xx_HAL_Driver/Src/stm32g0xx_hal_spi.c **** 
3192:Drivers/STM32G0xx_HAL_Driver/Src/stm32g0xx_hal_spi.c ****   /* DMA Normal Mode */
3193:Drivers/STM32G0xx_HAL_Driver/Src/stm32g0xx_hal_spi.c ****   if ((hdma->Instance->CCR & DMA_CCR_CIRC) != DMA_CCR_CIRC)
3194:Drivers/STM32G0xx_HAL_Driver/Src/stm32g0xx_hal_spi.c ****   {
3195:Drivers/STM32G0xx_HAL_Driver/Src/stm32g0xx_hal_spi.c ****     /* Disable ERR interrupt */
3196:Drivers/STM32G0xx_HAL_Driver/Src/stm32g0xx_hal_spi.c ****     __HAL_SPI_DISABLE_IT(hspi, SPI_IT_ERR);
3197:Drivers/STM32G0xx_HAL_Driver/Src/stm32g0xx_hal_spi.c **** 
3198:Drivers/STM32G0xx_HAL_Driver/Src/stm32g0xx_hal_spi.c **** #if (USE_SPI_CRC != 0U)
3199:Drivers/STM32G0xx_HAL_Driver/Src/stm32g0xx_hal_spi.c ****     /* CRC handling */
3200:Drivers/STM32G0xx_HAL_Driver/Src/stm32g0xx_hal_spi.c ****     if (hspi->Init.CRCCalculation == SPI_CRCCALCULATION_ENABLE)
3201:Drivers/STM32G0xx_HAL_Driver/Src/stm32g0xx_hal_spi.c ****     {
3202:Drivers/STM32G0xx_HAL_Driver/Src/stm32g0xx_hal_spi.c ****       if ((hspi->Init.DataSize == SPI_DATASIZE_8BIT) && (hspi->Init.CRCLength == SPI_CRC_LENGTH_8BI
3203:Drivers/STM32G0xx_HAL_Driver/Src/stm32g0xx_hal_spi.c ****       {
3204:Drivers/STM32G0xx_HAL_Driver/Src/stm32g0xx_hal_spi.c ****         if (SPI_WaitFifoStateUntilTimeout(hspi, SPI_FLAG_FRLVL, SPI_FRLVL_QUARTER_FULL, SPI_DEFAULT
3205:Drivers/STM32G0xx_HAL_Driver/Src/stm32g0xx_hal_spi.c ****                                           tickstart) != HAL_OK)
3206:Drivers/STM32G0xx_HAL_Driver/Src/stm32g0xx_hal_spi.c ****         {
3207:Drivers/STM32G0xx_HAL_Driver/Src/stm32g0xx_hal_spi.c ****           /* Error on the CRC reception */
3208:Drivers/STM32G0xx_HAL_Driver/Src/stm32g0xx_hal_spi.c ****           SET_BIT(hspi->ErrorCode, HAL_SPI_ERROR_CRC);
3209:Drivers/STM32G0xx_HAL_Driver/Src/stm32g0xx_hal_spi.c ****         }
3210:Drivers/STM32G0xx_HAL_Driver/Src/stm32g0xx_hal_spi.c ****         /* Initialize the 8bit temporary pointer */
3211:Drivers/STM32G0xx_HAL_Driver/Src/stm32g0xx_hal_spi.c ****         ptmpreg8 = (__IO uint8_t *)&hspi->Instance->DR;
3212:Drivers/STM32G0xx_HAL_Driver/Src/stm32g0xx_hal_spi.c ****         /* Read 8bit CRC */
3213:Drivers/STM32G0xx_HAL_Driver/Src/stm32g0xx_hal_spi.c ****         tmpreg8 = *ptmpreg8;
3214:Drivers/STM32G0xx_HAL_Driver/Src/stm32g0xx_hal_spi.c ****         /* To avoid GCC warning */
3215:Drivers/STM32G0xx_HAL_Driver/Src/stm32g0xx_hal_spi.c ****         UNUSED(tmpreg8);
3216:Drivers/STM32G0xx_HAL_Driver/Src/stm32g0xx_hal_spi.c ****       }
3217:Drivers/STM32G0xx_HAL_Driver/Src/stm32g0xx_hal_spi.c ****       else
3218:Drivers/STM32G0xx_HAL_Driver/Src/stm32g0xx_hal_spi.c ****       {
3219:Drivers/STM32G0xx_HAL_Driver/Src/stm32g0xx_hal_spi.c ****         if (SPI_WaitFifoStateUntilTimeout(hspi, SPI_FLAG_FRLVL, SPI_FRLVL_HALF_FULL, SPI_DEFAULT_TI
3220:Drivers/STM32G0xx_HAL_Driver/Src/stm32g0xx_hal_spi.c ****         {
3221:Drivers/STM32G0xx_HAL_Driver/Src/stm32g0xx_hal_spi.c ****           /* Error on the CRC reception */
3222:Drivers/STM32G0xx_HAL_Driver/Src/stm32g0xx_hal_spi.c ****           SET_BIT(hspi->ErrorCode, HAL_SPI_ERROR_CRC);
3223:Drivers/STM32G0xx_HAL_Driver/Src/stm32g0xx_hal_spi.c ****         }
3224:Drivers/STM32G0xx_HAL_Driver/Src/stm32g0xx_hal_spi.c ****         /* Read CRC to Flush DR and RXNE flag */
ARM GAS  C:\Users\sante\AppData\Local\Temp\cc1VgFnO.s 			page 58


3225:Drivers/STM32G0xx_HAL_Driver/Src/stm32g0xx_hal_spi.c ****         tmpreg = READ_REG(hspi->Instance->DR);
3226:Drivers/STM32G0xx_HAL_Driver/Src/stm32g0xx_hal_spi.c ****         /* To avoid GCC warning */
3227:Drivers/STM32G0xx_HAL_Driver/Src/stm32g0xx_hal_spi.c ****         UNUSED(tmpreg);
3228:Drivers/STM32G0xx_HAL_Driver/Src/stm32g0xx_hal_spi.c ****       }
3229:Drivers/STM32G0xx_HAL_Driver/Src/stm32g0xx_hal_spi.c ****     }
3230:Drivers/STM32G0xx_HAL_Driver/Src/stm32g0xx_hal_spi.c **** #endif /* USE_SPI_CRC */
3231:Drivers/STM32G0xx_HAL_Driver/Src/stm32g0xx_hal_spi.c **** 
3232:Drivers/STM32G0xx_HAL_Driver/Src/stm32g0xx_hal_spi.c ****     /* Check the end of the transaction */
3233:Drivers/STM32G0xx_HAL_Driver/Src/stm32g0xx_hal_spi.c ****     if (SPI_EndRxTxTransaction(hspi, SPI_DEFAULT_TIMEOUT, tickstart) != HAL_OK)
3234:Drivers/STM32G0xx_HAL_Driver/Src/stm32g0xx_hal_spi.c ****     {
3235:Drivers/STM32G0xx_HAL_Driver/Src/stm32g0xx_hal_spi.c ****       SET_BIT(hspi->ErrorCode, HAL_SPI_ERROR_FLAG);
3236:Drivers/STM32G0xx_HAL_Driver/Src/stm32g0xx_hal_spi.c ****     }
3237:Drivers/STM32G0xx_HAL_Driver/Src/stm32g0xx_hal_spi.c **** 
3238:Drivers/STM32G0xx_HAL_Driver/Src/stm32g0xx_hal_spi.c ****     /* Disable Rx/Tx DMA Request */
3239:Drivers/STM32G0xx_HAL_Driver/Src/stm32g0xx_hal_spi.c ****     CLEAR_BIT(hspi->Instance->CR2, SPI_CR2_TXDMAEN | SPI_CR2_RXDMAEN);
3240:Drivers/STM32G0xx_HAL_Driver/Src/stm32g0xx_hal_spi.c **** 
3241:Drivers/STM32G0xx_HAL_Driver/Src/stm32g0xx_hal_spi.c ****     hspi->TxXferCount = 0U;
3242:Drivers/STM32G0xx_HAL_Driver/Src/stm32g0xx_hal_spi.c ****     hspi->RxXferCount = 0U;
3243:Drivers/STM32G0xx_HAL_Driver/Src/stm32g0xx_hal_spi.c ****     hspi->State = HAL_SPI_STATE_READY;
3244:Drivers/STM32G0xx_HAL_Driver/Src/stm32g0xx_hal_spi.c **** 
3245:Drivers/STM32G0xx_HAL_Driver/Src/stm32g0xx_hal_spi.c **** #if (USE_SPI_CRC != 0U)
3246:Drivers/STM32G0xx_HAL_Driver/Src/stm32g0xx_hal_spi.c ****     /* Check if CRC error occurred */
3247:Drivers/STM32G0xx_HAL_Driver/Src/stm32g0xx_hal_spi.c ****     if (__HAL_SPI_GET_FLAG(hspi, SPI_FLAG_CRCERR))
3248:Drivers/STM32G0xx_HAL_Driver/Src/stm32g0xx_hal_spi.c ****     {
3249:Drivers/STM32G0xx_HAL_Driver/Src/stm32g0xx_hal_spi.c ****       SET_BIT(hspi->ErrorCode, HAL_SPI_ERROR_CRC);
3250:Drivers/STM32G0xx_HAL_Driver/Src/stm32g0xx_hal_spi.c ****       __HAL_SPI_CLEAR_CRCERRFLAG(hspi);
3251:Drivers/STM32G0xx_HAL_Driver/Src/stm32g0xx_hal_spi.c ****     }
3252:Drivers/STM32G0xx_HAL_Driver/Src/stm32g0xx_hal_spi.c **** #endif /* USE_SPI_CRC */
3253:Drivers/STM32G0xx_HAL_Driver/Src/stm32g0xx_hal_spi.c **** 
3254:Drivers/STM32G0xx_HAL_Driver/Src/stm32g0xx_hal_spi.c ****     if (hspi->ErrorCode != HAL_SPI_ERROR_NONE)
3255:Drivers/STM32G0xx_HAL_Driver/Src/stm32g0xx_hal_spi.c ****     {
3256:Drivers/STM32G0xx_HAL_Driver/Src/stm32g0xx_hal_spi.c ****       /* Call user error callback */
3257:Drivers/STM32G0xx_HAL_Driver/Src/stm32g0xx_hal_spi.c **** #if (USE_HAL_SPI_REGISTER_CALLBACKS == 1U)
3258:Drivers/STM32G0xx_HAL_Driver/Src/stm32g0xx_hal_spi.c ****       hspi->ErrorCallback(hspi);
3259:Drivers/STM32G0xx_HAL_Driver/Src/stm32g0xx_hal_spi.c **** #else
3260:Drivers/STM32G0xx_HAL_Driver/Src/stm32g0xx_hal_spi.c ****       HAL_SPI_ErrorCallback(hspi);
3261:Drivers/STM32G0xx_HAL_Driver/Src/stm32g0xx_hal_spi.c **** #endif /* USE_HAL_SPI_REGISTER_CALLBACKS */
3262:Drivers/STM32G0xx_HAL_Driver/Src/stm32g0xx_hal_spi.c ****       return;
3263:Drivers/STM32G0xx_HAL_Driver/Src/stm32g0xx_hal_spi.c ****     }
3264:Drivers/STM32G0xx_HAL_Driver/Src/stm32g0xx_hal_spi.c ****   }
3265:Drivers/STM32G0xx_HAL_Driver/Src/stm32g0xx_hal_spi.c ****   /* Call user TxRx complete callback */
3266:Drivers/STM32G0xx_HAL_Driver/Src/stm32g0xx_hal_spi.c **** #if (USE_HAL_SPI_REGISTER_CALLBACKS == 1U)
3267:Drivers/STM32G0xx_HAL_Driver/Src/stm32g0xx_hal_spi.c ****   hspi->TxRxCpltCallback(hspi);
3268:Drivers/STM32G0xx_HAL_Driver/Src/stm32g0xx_hal_spi.c **** #else
3269:Drivers/STM32G0xx_HAL_Driver/Src/stm32g0xx_hal_spi.c ****   HAL_SPI_TxRxCpltCallback(hspi);
3270:Drivers/STM32G0xx_HAL_Driver/Src/stm32g0xx_hal_spi.c **** #endif /* USE_HAL_SPI_REGISTER_CALLBACKS */
3271:Drivers/STM32G0xx_HAL_Driver/Src/stm32g0xx_hal_spi.c **** }
3272:Drivers/STM32G0xx_HAL_Driver/Src/stm32g0xx_hal_spi.c **** 
3273:Drivers/STM32G0xx_HAL_Driver/Src/stm32g0xx_hal_spi.c **** /**
3274:Drivers/STM32G0xx_HAL_Driver/Src/stm32g0xx_hal_spi.c ****   * @brief  DMA SPI half transmit process complete callback.
3275:Drivers/STM32G0xx_HAL_Driver/Src/stm32g0xx_hal_spi.c ****   * @param  hdma pointer to a DMA_HandleTypeDef structure that contains
3276:Drivers/STM32G0xx_HAL_Driver/Src/stm32g0xx_hal_spi.c ****   *               the configuration information for the specified DMA module.
3277:Drivers/STM32G0xx_HAL_Driver/Src/stm32g0xx_hal_spi.c ****   * @retval None
3278:Drivers/STM32G0xx_HAL_Driver/Src/stm32g0xx_hal_spi.c ****   */
3279:Drivers/STM32G0xx_HAL_Driver/Src/stm32g0xx_hal_spi.c **** static void SPI_DMAHalfTransmitCplt(DMA_HandleTypeDef *hdma)
3280:Drivers/STM32G0xx_HAL_Driver/Src/stm32g0xx_hal_spi.c **** {
3281:Drivers/STM32G0xx_HAL_Driver/Src/stm32g0xx_hal_spi.c ****   SPI_HandleTypeDef *hspi = (SPI_HandleTypeDef *)(((DMA_HandleTypeDef *)hdma)->Parent); /* Derogati
ARM GAS  C:\Users\sante\AppData\Local\Temp\cc1VgFnO.s 			page 59


3282:Drivers/STM32G0xx_HAL_Driver/Src/stm32g0xx_hal_spi.c **** 
3283:Drivers/STM32G0xx_HAL_Driver/Src/stm32g0xx_hal_spi.c ****   /* Call user Tx half complete callback */
3284:Drivers/STM32G0xx_HAL_Driver/Src/stm32g0xx_hal_spi.c **** #if (USE_HAL_SPI_REGISTER_CALLBACKS == 1U)
3285:Drivers/STM32G0xx_HAL_Driver/Src/stm32g0xx_hal_spi.c ****   hspi->TxHalfCpltCallback(hspi);
3286:Drivers/STM32G0xx_HAL_Driver/Src/stm32g0xx_hal_spi.c **** #else
3287:Drivers/STM32G0xx_HAL_Driver/Src/stm32g0xx_hal_spi.c ****   HAL_SPI_TxHalfCpltCallback(hspi);
3288:Drivers/STM32G0xx_HAL_Driver/Src/stm32g0xx_hal_spi.c **** #endif /* USE_HAL_SPI_REGISTER_CALLBACKS */
3289:Drivers/STM32G0xx_HAL_Driver/Src/stm32g0xx_hal_spi.c **** }
3290:Drivers/STM32G0xx_HAL_Driver/Src/stm32g0xx_hal_spi.c **** 
3291:Drivers/STM32G0xx_HAL_Driver/Src/stm32g0xx_hal_spi.c **** /**
3292:Drivers/STM32G0xx_HAL_Driver/Src/stm32g0xx_hal_spi.c ****   * @brief  DMA SPI half receive process complete callback
3293:Drivers/STM32G0xx_HAL_Driver/Src/stm32g0xx_hal_spi.c ****   * @param  hdma pointer to a DMA_HandleTypeDef structure that contains
3294:Drivers/STM32G0xx_HAL_Driver/Src/stm32g0xx_hal_spi.c ****   *               the configuration information for the specified DMA module.
3295:Drivers/STM32G0xx_HAL_Driver/Src/stm32g0xx_hal_spi.c ****   * @retval None
3296:Drivers/STM32G0xx_HAL_Driver/Src/stm32g0xx_hal_spi.c ****   */
3297:Drivers/STM32G0xx_HAL_Driver/Src/stm32g0xx_hal_spi.c **** static void SPI_DMAHalfReceiveCplt(DMA_HandleTypeDef *hdma)
3298:Drivers/STM32G0xx_HAL_Driver/Src/stm32g0xx_hal_spi.c **** {
3299:Drivers/STM32G0xx_HAL_Driver/Src/stm32g0xx_hal_spi.c ****   SPI_HandleTypeDef *hspi = (SPI_HandleTypeDef *)(((DMA_HandleTypeDef *)hdma)->Parent); /* Derogati
3300:Drivers/STM32G0xx_HAL_Driver/Src/stm32g0xx_hal_spi.c **** 
3301:Drivers/STM32G0xx_HAL_Driver/Src/stm32g0xx_hal_spi.c ****   /* Call user Rx half complete callback */
3302:Drivers/STM32G0xx_HAL_Driver/Src/stm32g0xx_hal_spi.c **** #if (USE_HAL_SPI_REGISTER_CALLBACKS == 1U)
3303:Drivers/STM32G0xx_HAL_Driver/Src/stm32g0xx_hal_spi.c ****   hspi->RxHalfCpltCallback(hspi);
3304:Drivers/STM32G0xx_HAL_Driver/Src/stm32g0xx_hal_spi.c **** #else
3305:Drivers/STM32G0xx_HAL_Driver/Src/stm32g0xx_hal_spi.c ****   HAL_SPI_RxHalfCpltCallback(hspi);
3306:Drivers/STM32G0xx_HAL_Driver/Src/stm32g0xx_hal_spi.c **** #endif /* USE_HAL_SPI_REGISTER_CALLBACKS */
3307:Drivers/STM32G0xx_HAL_Driver/Src/stm32g0xx_hal_spi.c **** }
3308:Drivers/STM32G0xx_HAL_Driver/Src/stm32g0xx_hal_spi.c **** 
3309:Drivers/STM32G0xx_HAL_Driver/Src/stm32g0xx_hal_spi.c **** /**
3310:Drivers/STM32G0xx_HAL_Driver/Src/stm32g0xx_hal_spi.c ****   * @brief  DMA SPI half transmit receive process complete callback.
3311:Drivers/STM32G0xx_HAL_Driver/Src/stm32g0xx_hal_spi.c ****   * @param  hdma pointer to a DMA_HandleTypeDef structure that contains
3312:Drivers/STM32G0xx_HAL_Driver/Src/stm32g0xx_hal_spi.c ****   *               the configuration information for the specified DMA module.
3313:Drivers/STM32G0xx_HAL_Driver/Src/stm32g0xx_hal_spi.c ****   * @retval None
3314:Drivers/STM32G0xx_HAL_Driver/Src/stm32g0xx_hal_spi.c ****   */
3315:Drivers/STM32G0xx_HAL_Driver/Src/stm32g0xx_hal_spi.c **** static void SPI_DMAHalfTransmitReceiveCplt(DMA_HandleTypeDef *hdma)
3316:Drivers/STM32G0xx_HAL_Driver/Src/stm32g0xx_hal_spi.c **** {
3317:Drivers/STM32G0xx_HAL_Driver/Src/stm32g0xx_hal_spi.c ****   SPI_HandleTypeDef *hspi = (SPI_HandleTypeDef *)(((DMA_HandleTypeDef *)hdma)->Parent); /* Derogati
3318:Drivers/STM32G0xx_HAL_Driver/Src/stm32g0xx_hal_spi.c **** 
3319:Drivers/STM32G0xx_HAL_Driver/Src/stm32g0xx_hal_spi.c ****   /* Call user TxRx half complete callback */
3320:Drivers/STM32G0xx_HAL_Driver/Src/stm32g0xx_hal_spi.c **** #if (USE_HAL_SPI_REGISTER_CALLBACKS == 1U)
3321:Drivers/STM32G0xx_HAL_Driver/Src/stm32g0xx_hal_spi.c ****   hspi->TxRxHalfCpltCallback(hspi);
3322:Drivers/STM32G0xx_HAL_Driver/Src/stm32g0xx_hal_spi.c **** #else
3323:Drivers/STM32G0xx_HAL_Driver/Src/stm32g0xx_hal_spi.c ****   HAL_SPI_TxRxHalfCpltCallback(hspi);
3324:Drivers/STM32G0xx_HAL_Driver/Src/stm32g0xx_hal_spi.c **** #endif /* USE_HAL_SPI_REGISTER_CALLBACKS */
3325:Drivers/STM32G0xx_HAL_Driver/Src/stm32g0xx_hal_spi.c **** }
3326:Drivers/STM32G0xx_HAL_Driver/Src/stm32g0xx_hal_spi.c **** 
3327:Drivers/STM32G0xx_HAL_Driver/Src/stm32g0xx_hal_spi.c **** /**
3328:Drivers/STM32G0xx_HAL_Driver/Src/stm32g0xx_hal_spi.c ****   * @brief  DMA SPI communication error callback.
3329:Drivers/STM32G0xx_HAL_Driver/Src/stm32g0xx_hal_spi.c ****   * @param  hdma pointer to a DMA_HandleTypeDef structure that contains
3330:Drivers/STM32G0xx_HAL_Driver/Src/stm32g0xx_hal_spi.c ****   *               the configuration information for the specified DMA module.
3331:Drivers/STM32G0xx_HAL_Driver/Src/stm32g0xx_hal_spi.c ****   * @retval None
3332:Drivers/STM32G0xx_HAL_Driver/Src/stm32g0xx_hal_spi.c ****   */
3333:Drivers/STM32G0xx_HAL_Driver/Src/stm32g0xx_hal_spi.c **** static void SPI_DMAError(DMA_HandleTypeDef *hdma)
3334:Drivers/STM32G0xx_HAL_Driver/Src/stm32g0xx_hal_spi.c **** {
3335:Drivers/STM32G0xx_HAL_Driver/Src/stm32g0xx_hal_spi.c ****   SPI_HandleTypeDef *hspi = (SPI_HandleTypeDef *)(((DMA_HandleTypeDef *)hdma)->Parent); /* Derogati
3336:Drivers/STM32G0xx_HAL_Driver/Src/stm32g0xx_hal_spi.c **** 
3337:Drivers/STM32G0xx_HAL_Driver/Src/stm32g0xx_hal_spi.c ****   /* Stop the disable DMA transfer on SPI side */
3338:Drivers/STM32G0xx_HAL_Driver/Src/stm32g0xx_hal_spi.c ****   CLEAR_BIT(hspi->Instance->CR2, SPI_CR2_TXDMAEN | SPI_CR2_RXDMAEN);
ARM GAS  C:\Users\sante\AppData\Local\Temp\cc1VgFnO.s 			page 60


3339:Drivers/STM32G0xx_HAL_Driver/Src/stm32g0xx_hal_spi.c **** 
3340:Drivers/STM32G0xx_HAL_Driver/Src/stm32g0xx_hal_spi.c ****   SET_BIT(hspi->ErrorCode, HAL_SPI_ERROR_DMA);
3341:Drivers/STM32G0xx_HAL_Driver/Src/stm32g0xx_hal_spi.c ****   hspi->State = HAL_SPI_STATE_READY;
3342:Drivers/STM32G0xx_HAL_Driver/Src/stm32g0xx_hal_spi.c ****   /* Call user error callback */
3343:Drivers/STM32G0xx_HAL_Driver/Src/stm32g0xx_hal_spi.c **** #if (USE_HAL_SPI_REGISTER_CALLBACKS == 1U)
3344:Drivers/STM32G0xx_HAL_Driver/Src/stm32g0xx_hal_spi.c ****   hspi->ErrorCallback(hspi);
3345:Drivers/STM32G0xx_HAL_Driver/Src/stm32g0xx_hal_spi.c **** #else
3346:Drivers/STM32G0xx_HAL_Driver/Src/stm32g0xx_hal_spi.c ****   HAL_SPI_ErrorCallback(hspi);
3347:Drivers/STM32G0xx_HAL_Driver/Src/stm32g0xx_hal_spi.c **** #endif /* USE_HAL_SPI_REGISTER_CALLBACKS */
3348:Drivers/STM32G0xx_HAL_Driver/Src/stm32g0xx_hal_spi.c **** }
3349:Drivers/STM32G0xx_HAL_Driver/Src/stm32g0xx_hal_spi.c **** 
3350:Drivers/STM32G0xx_HAL_Driver/Src/stm32g0xx_hal_spi.c **** /**
3351:Drivers/STM32G0xx_HAL_Driver/Src/stm32g0xx_hal_spi.c ****   * @brief  DMA SPI communication abort callback, when initiated by HAL services on Error
3352:Drivers/STM32G0xx_HAL_Driver/Src/stm32g0xx_hal_spi.c ****   *         (To be called at end of DMA Abort procedure following error occurrence).
3353:Drivers/STM32G0xx_HAL_Driver/Src/stm32g0xx_hal_spi.c ****   * @param  hdma DMA handle.
3354:Drivers/STM32G0xx_HAL_Driver/Src/stm32g0xx_hal_spi.c ****   * @retval None
3355:Drivers/STM32G0xx_HAL_Driver/Src/stm32g0xx_hal_spi.c ****   */
3356:Drivers/STM32G0xx_HAL_Driver/Src/stm32g0xx_hal_spi.c **** static void SPI_DMAAbortOnError(DMA_HandleTypeDef *hdma)
3357:Drivers/STM32G0xx_HAL_Driver/Src/stm32g0xx_hal_spi.c **** {
3358:Drivers/STM32G0xx_HAL_Driver/Src/stm32g0xx_hal_spi.c ****   SPI_HandleTypeDef *hspi = (SPI_HandleTypeDef *)(((DMA_HandleTypeDef *)hdma)->Parent); /* Derogati
3359:Drivers/STM32G0xx_HAL_Driver/Src/stm32g0xx_hal_spi.c ****   hspi->RxXferCount = 0U;
3360:Drivers/STM32G0xx_HAL_Driver/Src/stm32g0xx_hal_spi.c ****   hspi->TxXferCount = 0U;
3361:Drivers/STM32G0xx_HAL_Driver/Src/stm32g0xx_hal_spi.c **** 
3362:Drivers/STM32G0xx_HAL_Driver/Src/stm32g0xx_hal_spi.c ****   /* Call user error callback */
3363:Drivers/STM32G0xx_HAL_Driver/Src/stm32g0xx_hal_spi.c **** #if (USE_HAL_SPI_REGISTER_CALLBACKS == 1U)
3364:Drivers/STM32G0xx_HAL_Driver/Src/stm32g0xx_hal_spi.c ****   hspi->ErrorCallback(hspi);
3365:Drivers/STM32G0xx_HAL_Driver/Src/stm32g0xx_hal_spi.c **** #else
3366:Drivers/STM32G0xx_HAL_Driver/Src/stm32g0xx_hal_spi.c ****   HAL_SPI_ErrorCallback(hspi);
3367:Drivers/STM32G0xx_HAL_Driver/Src/stm32g0xx_hal_spi.c **** #endif /* USE_HAL_SPI_REGISTER_CALLBACKS */
3368:Drivers/STM32G0xx_HAL_Driver/Src/stm32g0xx_hal_spi.c **** }
3369:Drivers/STM32G0xx_HAL_Driver/Src/stm32g0xx_hal_spi.c **** 
3370:Drivers/STM32G0xx_HAL_Driver/Src/stm32g0xx_hal_spi.c **** /**
3371:Drivers/STM32G0xx_HAL_Driver/Src/stm32g0xx_hal_spi.c ****   * @brief  DMA SPI Tx communication abort callback, when initiated by user
3372:Drivers/STM32G0xx_HAL_Driver/Src/stm32g0xx_hal_spi.c ****   *         (To be called at end of DMA Tx Abort procedure following user abort request).
3373:Drivers/STM32G0xx_HAL_Driver/Src/stm32g0xx_hal_spi.c ****   * @note   When this callback is executed, User Abort complete call back is called only if no
3374:Drivers/STM32G0xx_HAL_Driver/Src/stm32g0xx_hal_spi.c ****   *         Abort still ongoing for Rx DMA Handle.
3375:Drivers/STM32G0xx_HAL_Driver/Src/stm32g0xx_hal_spi.c ****   * @param  hdma DMA handle.
3376:Drivers/STM32G0xx_HAL_Driver/Src/stm32g0xx_hal_spi.c ****   * @retval None
3377:Drivers/STM32G0xx_HAL_Driver/Src/stm32g0xx_hal_spi.c ****   */
3378:Drivers/STM32G0xx_HAL_Driver/Src/stm32g0xx_hal_spi.c **** static void SPI_DMATxAbortCallback(DMA_HandleTypeDef *hdma)
3379:Drivers/STM32G0xx_HAL_Driver/Src/stm32g0xx_hal_spi.c **** {
3380:Drivers/STM32G0xx_HAL_Driver/Src/stm32g0xx_hal_spi.c ****   SPI_HandleTypeDef *hspi = (SPI_HandleTypeDef *)(((DMA_HandleTypeDef *)hdma)->Parent); /* Derogati
3381:Drivers/STM32G0xx_HAL_Driver/Src/stm32g0xx_hal_spi.c **** 
3382:Drivers/STM32G0xx_HAL_Driver/Src/stm32g0xx_hal_spi.c ****   hspi->hdmatx->XferAbortCallback = NULL;
3383:Drivers/STM32G0xx_HAL_Driver/Src/stm32g0xx_hal_spi.c **** 
3384:Drivers/STM32G0xx_HAL_Driver/Src/stm32g0xx_hal_spi.c ****   /* Disable Tx DMA Request */
3385:Drivers/STM32G0xx_HAL_Driver/Src/stm32g0xx_hal_spi.c ****   CLEAR_BIT(hspi->Instance->CR2, SPI_CR2_TXDMAEN);
3386:Drivers/STM32G0xx_HAL_Driver/Src/stm32g0xx_hal_spi.c **** 
3387:Drivers/STM32G0xx_HAL_Driver/Src/stm32g0xx_hal_spi.c ****   if (SPI_EndRxTxTransaction(hspi, SPI_DEFAULT_TIMEOUT, HAL_GetTick()) != HAL_OK)
3388:Drivers/STM32G0xx_HAL_Driver/Src/stm32g0xx_hal_spi.c ****   {
3389:Drivers/STM32G0xx_HAL_Driver/Src/stm32g0xx_hal_spi.c ****     hspi->ErrorCode = HAL_SPI_ERROR_ABORT;
3390:Drivers/STM32G0xx_HAL_Driver/Src/stm32g0xx_hal_spi.c ****   }
3391:Drivers/STM32G0xx_HAL_Driver/Src/stm32g0xx_hal_spi.c **** 
3392:Drivers/STM32G0xx_HAL_Driver/Src/stm32g0xx_hal_spi.c ****   /* Disable SPI Peripheral */
3393:Drivers/STM32G0xx_HAL_Driver/Src/stm32g0xx_hal_spi.c ****   __HAL_SPI_DISABLE(hspi);
3394:Drivers/STM32G0xx_HAL_Driver/Src/stm32g0xx_hal_spi.c **** 
3395:Drivers/STM32G0xx_HAL_Driver/Src/stm32g0xx_hal_spi.c ****   /* Empty the FRLVL fifo */
ARM GAS  C:\Users\sante\AppData\Local\Temp\cc1VgFnO.s 			page 61


3396:Drivers/STM32G0xx_HAL_Driver/Src/stm32g0xx_hal_spi.c ****   if (SPI_WaitFifoStateUntilTimeout(hspi, SPI_FLAG_FRLVL, SPI_FRLVL_EMPTY, SPI_DEFAULT_TIMEOUT, HAL
3397:Drivers/STM32G0xx_HAL_Driver/Src/stm32g0xx_hal_spi.c ****   {
3398:Drivers/STM32G0xx_HAL_Driver/Src/stm32g0xx_hal_spi.c ****     hspi->ErrorCode = HAL_SPI_ERROR_ABORT;
3399:Drivers/STM32G0xx_HAL_Driver/Src/stm32g0xx_hal_spi.c ****   }
3400:Drivers/STM32G0xx_HAL_Driver/Src/stm32g0xx_hal_spi.c **** 
3401:Drivers/STM32G0xx_HAL_Driver/Src/stm32g0xx_hal_spi.c ****   /* Check if an Abort process is still ongoing */
3402:Drivers/STM32G0xx_HAL_Driver/Src/stm32g0xx_hal_spi.c ****   if (hspi->hdmarx != NULL)
3403:Drivers/STM32G0xx_HAL_Driver/Src/stm32g0xx_hal_spi.c ****   {
3404:Drivers/STM32G0xx_HAL_Driver/Src/stm32g0xx_hal_spi.c ****     if (hspi->hdmarx->XferAbortCallback != NULL)
3405:Drivers/STM32G0xx_HAL_Driver/Src/stm32g0xx_hal_spi.c ****     {
3406:Drivers/STM32G0xx_HAL_Driver/Src/stm32g0xx_hal_spi.c ****       return;
3407:Drivers/STM32G0xx_HAL_Driver/Src/stm32g0xx_hal_spi.c ****     }
3408:Drivers/STM32G0xx_HAL_Driver/Src/stm32g0xx_hal_spi.c ****   }
3409:Drivers/STM32G0xx_HAL_Driver/Src/stm32g0xx_hal_spi.c **** 
3410:Drivers/STM32G0xx_HAL_Driver/Src/stm32g0xx_hal_spi.c ****   /* No Abort process still ongoing : All DMA Stream/Channel are aborted, call user Abort Complete 
3411:Drivers/STM32G0xx_HAL_Driver/Src/stm32g0xx_hal_spi.c ****   hspi->RxXferCount = 0U;
3412:Drivers/STM32G0xx_HAL_Driver/Src/stm32g0xx_hal_spi.c ****   hspi->TxXferCount = 0U;
3413:Drivers/STM32G0xx_HAL_Driver/Src/stm32g0xx_hal_spi.c **** 
3414:Drivers/STM32G0xx_HAL_Driver/Src/stm32g0xx_hal_spi.c ****   /* Check no error during Abort procedure */
3415:Drivers/STM32G0xx_HAL_Driver/Src/stm32g0xx_hal_spi.c ****   if (hspi->ErrorCode != HAL_SPI_ERROR_ABORT)
3416:Drivers/STM32G0xx_HAL_Driver/Src/stm32g0xx_hal_spi.c ****   {
3417:Drivers/STM32G0xx_HAL_Driver/Src/stm32g0xx_hal_spi.c ****     /* Reset errorCode */
3418:Drivers/STM32G0xx_HAL_Driver/Src/stm32g0xx_hal_spi.c ****     hspi->ErrorCode = HAL_SPI_ERROR_NONE;
3419:Drivers/STM32G0xx_HAL_Driver/Src/stm32g0xx_hal_spi.c ****   }
3420:Drivers/STM32G0xx_HAL_Driver/Src/stm32g0xx_hal_spi.c **** 
3421:Drivers/STM32G0xx_HAL_Driver/Src/stm32g0xx_hal_spi.c ****   /* Clear the Error flags in the SR register */
3422:Drivers/STM32G0xx_HAL_Driver/Src/stm32g0xx_hal_spi.c ****   __HAL_SPI_CLEAR_OVRFLAG(hspi);
3423:Drivers/STM32G0xx_HAL_Driver/Src/stm32g0xx_hal_spi.c ****   __HAL_SPI_CLEAR_FREFLAG(hspi);
3424:Drivers/STM32G0xx_HAL_Driver/Src/stm32g0xx_hal_spi.c **** 
3425:Drivers/STM32G0xx_HAL_Driver/Src/stm32g0xx_hal_spi.c ****   /* Restore hspi->State to Ready */
3426:Drivers/STM32G0xx_HAL_Driver/Src/stm32g0xx_hal_spi.c ****   hspi->State  = HAL_SPI_STATE_READY;
3427:Drivers/STM32G0xx_HAL_Driver/Src/stm32g0xx_hal_spi.c **** 
3428:Drivers/STM32G0xx_HAL_Driver/Src/stm32g0xx_hal_spi.c ****   /* Call user Abort complete callback */
3429:Drivers/STM32G0xx_HAL_Driver/Src/stm32g0xx_hal_spi.c **** #if (USE_HAL_SPI_REGISTER_CALLBACKS == 1U)
3430:Drivers/STM32G0xx_HAL_Driver/Src/stm32g0xx_hal_spi.c ****   hspi->AbortCpltCallback(hspi);
3431:Drivers/STM32G0xx_HAL_Driver/Src/stm32g0xx_hal_spi.c **** #else
3432:Drivers/STM32G0xx_HAL_Driver/Src/stm32g0xx_hal_spi.c ****   HAL_SPI_AbortCpltCallback(hspi);
3433:Drivers/STM32G0xx_HAL_Driver/Src/stm32g0xx_hal_spi.c **** #endif /* USE_HAL_SPI_REGISTER_CALLBACKS */
3434:Drivers/STM32G0xx_HAL_Driver/Src/stm32g0xx_hal_spi.c **** }
3435:Drivers/STM32G0xx_HAL_Driver/Src/stm32g0xx_hal_spi.c **** 
3436:Drivers/STM32G0xx_HAL_Driver/Src/stm32g0xx_hal_spi.c **** /**
3437:Drivers/STM32G0xx_HAL_Driver/Src/stm32g0xx_hal_spi.c ****   * @brief  DMA SPI Rx communication abort callback, when initiated by user
3438:Drivers/STM32G0xx_HAL_Driver/Src/stm32g0xx_hal_spi.c ****   *         (To be called at end of DMA Rx Abort procedure following user abort request).
3439:Drivers/STM32G0xx_HAL_Driver/Src/stm32g0xx_hal_spi.c ****   * @note   When this callback is executed, User Abort complete call back is called only if no
3440:Drivers/STM32G0xx_HAL_Driver/Src/stm32g0xx_hal_spi.c ****   *         Abort still ongoing for Tx DMA Handle.
3441:Drivers/STM32G0xx_HAL_Driver/Src/stm32g0xx_hal_spi.c ****   * @param  hdma DMA handle.
3442:Drivers/STM32G0xx_HAL_Driver/Src/stm32g0xx_hal_spi.c ****   * @retval None
3443:Drivers/STM32G0xx_HAL_Driver/Src/stm32g0xx_hal_spi.c ****   */
3444:Drivers/STM32G0xx_HAL_Driver/Src/stm32g0xx_hal_spi.c **** static void SPI_DMARxAbortCallback(DMA_HandleTypeDef *hdma)
3445:Drivers/STM32G0xx_HAL_Driver/Src/stm32g0xx_hal_spi.c **** {
3446:Drivers/STM32G0xx_HAL_Driver/Src/stm32g0xx_hal_spi.c ****   SPI_HandleTypeDef *hspi = (SPI_HandleTypeDef *)(((DMA_HandleTypeDef *)hdma)->Parent); /* Derogati
3447:Drivers/STM32G0xx_HAL_Driver/Src/stm32g0xx_hal_spi.c **** 
3448:Drivers/STM32G0xx_HAL_Driver/Src/stm32g0xx_hal_spi.c ****   /* Disable SPI Peripheral */
3449:Drivers/STM32G0xx_HAL_Driver/Src/stm32g0xx_hal_spi.c ****   __HAL_SPI_DISABLE(hspi);
3450:Drivers/STM32G0xx_HAL_Driver/Src/stm32g0xx_hal_spi.c **** 
3451:Drivers/STM32G0xx_HAL_Driver/Src/stm32g0xx_hal_spi.c ****   hspi->hdmarx->XferAbortCallback = NULL;
3452:Drivers/STM32G0xx_HAL_Driver/Src/stm32g0xx_hal_spi.c **** 
ARM GAS  C:\Users\sante\AppData\Local\Temp\cc1VgFnO.s 			page 62


3453:Drivers/STM32G0xx_HAL_Driver/Src/stm32g0xx_hal_spi.c ****   /* Disable Rx DMA Request */
3454:Drivers/STM32G0xx_HAL_Driver/Src/stm32g0xx_hal_spi.c ****   CLEAR_BIT(hspi->Instance->CR2, SPI_CR2_RXDMAEN);
3455:Drivers/STM32G0xx_HAL_Driver/Src/stm32g0xx_hal_spi.c **** 
3456:Drivers/STM32G0xx_HAL_Driver/Src/stm32g0xx_hal_spi.c ****   /* Control the BSY flag */
3457:Drivers/STM32G0xx_HAL_Driver/Src/stm32g0xx_hal_spi.c ****   if (SPI_WaitFlagStateUntilTimeout(hspi, SPI_FLAG_BSY, RESET, SPI_DEFAULT_TIMEOUT, HAL_GetTick()) 
3458:Drivers/STM32G0xx_HAL_Driver/Src/stm32g0xx_hal_spi.c ****   {
3459:Drivers/STM32G0xx_HAL_Driver/Src/stm32g0xx_hal_spi.c ****     hspi->ErrorCode = HAL_SPI_ERROR_ABORT;
3460:Drivers/STM32G0xx_HAL_Driver/Src/stm32g0xx_hal_spi.c ****   }
3461:Drivers/STM32G0xx_HAL_Driver/Src/stm32g0xx_hal_spi.c **** 
3462:Drivers/STM32G0xx_HAL_Driver/Src/stm32g0xx_hal_spi.c ****   /* Empty the FRLVL fifo */
3463:Drivers/STM32G0xx_HAL_Driver/Src/stm32g0xx_hal_spi.c ****   if (SPI_WaitFifoStateUntilTimeout(hspi, SPI_FLAG_FRLVL, SPI_FRLVL_EMPTY, SPI_DEFAULT_TIMEOUT, HAL
3464:Drivers/STM32G0xx_HAL_Driver/Src/stm32g0xx_hal_spi.c ****   {
3465:Drivers/STM32G0xx_HAL_Driver/Src/stm32g0xx_hal_spi.c ****     hspi->ErrorCode = HAL_SPI_ERROR_ABORT;
3466:Drivers/STM32G0xx_HAL_Driver/Src/stm32g0xx_hal_spi.c ****   }
3467:Drivers/STM32G0xx_HAL_Driver/Src/stm32g0xx_hal_spi.c **** 
3468:Drivers/STM32G0xx_HAL_Driver/Src/stm32g0xx_hal_spi.c ****   /* Check if an Abort process is still ongoing */
3469:Drivers/STM32G0xx_HAL_Driver/Src/stm32g0xx_hal_spi.c ****   if (hspi->hdmatx != NULL)
3470:Drivers/STM32G0xx_HAL_Driver/Src/stm32g0xx_hal_spi.c ****   {
3471:Drivers/STM32G0xx_HAL_Driver/Src/stm32g0xx_hal_spi.c ****     if (hspi->hdmatx->XferAbortCallback != NULL)
3472:Drivers/STM32G0xx_HAL_Driver/Src/stm32g0xx_hal_spi.c ****     {
3473:Drivers/STM32G0xx_HAL_Driver/Src/stm32g0xx_hal_spi.c ****       return;
3474:Drivers/STM32G0xx_HAL_Driver/Src/stm32g0xx_hal_spi.c ****     }
3475:Drivers/STM32G0xx_HAL_Driver/Src/stm32g0xx_hal_spi.c ****   }
3476:Drivers/STM32G0xx_HAL_Driver/Src/stm32g0xx_hal_spi.c **** 
3477:Drivers/STM32G0xx_HAL_Driver/Src/stm32g0xx_hal_spi.c ****   /* No Abort process still ongoing : All DMA Stream/Channel are aborted, call user Abort Complete 
3478:Drivers/STM32G0xx_HAL_Driver/Src/stm32g0xx_hal_spi.c ****   hspi->RxXferCount = 0U;
3479:Drivers/STM32G0xx_HAL_Driver/Src/stm32g0xx_hal_spi.c ****   hspi->TxXferCount = 0U;
3480:Drivers/STM32G0xx_HAL_Driver/Src/stm32g0xx_hal_spi.c **** 
3481:Drivers/STM32G0xx_HAL_Driver/Src/stm32g0xx_hal_spi.c ****   /* Check no error during Abort procedure */
3482:Drivers/STM32G0xx_HAL_Driver/Src/stm32g0xx_hal_spi.c ****   if (hspi->ErrorCode != HAL_SPI_ERROR_ABORT)
3483:Drivers/STM32G0xx_HAL_Driver/Src/stm32g0xx_hal_spi.c ****   {
3484:Drivers/STM32G0xx_HAL_Driver/Src/stm32g0xx_hal_spi.c ****     /* Reset errorCode */
3485:Drivers/STM32G0xx_HAL_Driver/Src/stm32g0xx_hal_spi.c ****     hspi->ErrorCode = HAL_SPI_ERROR_NONE;
3486:Drivers/STM32G0xx_HAL_Driver/Src/stm32g0xx_hal_spi.c ****   }
3487:Drivers/STM32G0xx_HAL_Driver/Src/stm32g0xx_hal_spi.c **** 
3488:Drivers/STM32G0xx_HAL_Driver/Src/stm32g0xx_hal_spi.c ****   /* Clear the Error flags in the SR register */
3489:Drivers/STM32G0xx_HAL_Driver/Src/stm32g0xx_hal_spi.c ****   __HAL_SPI_CLEAR_OVRFLAG(hspi);
3490:Drivers/STM32G0xx_HAL_Driver/Src/stm32g0xx_hal_spi.c ****   __HAL_SPI_CLEAR_FREFLAG(hspi);
3491:Drivers/STM32G0xx_HAL_Driver/Src/stm32g0xx_hal_spi.c **** 
3492:Drivers/STM32G0xx_HAL_Driver/Src/stm32g0xx_hal_spi.c ****   /* Restore hspi->State to Ready */
3493:Drivers/STM32G0xx_HAL_Driver/Src/stm32g0xx_hal_spi.c ****   hspi->State  = HAL_SPI_STATE_READY;
3494:Drivers/STM32G0xx_HAL_Driver/Src/stm32g0xx_hal_spi.c **** 
3495:Drivers/STM32G0xx_HAL_Driver/Src/stm32g0xx_hal_spi.c ****   /* Call user Abort complete callback */
3496:Drivers/STM32G0xx_HAL_Driver/Src/stm32g0xx_hal_spi.c **** #if (USE_HAL_SPI_REGISTER_CALLBACKS == 1U)
3497:Drivers/STM32G0xx_HAL_Driver/Src/stm32g0xx_hal_spi.c ****   hspi->AbortCpltCallback(hspi);
3498:Drivers/STM32G0xx_HAL_Driver/Src/stm32g0xx_hal_spi.c **** #else
3499:Drivers/STM32G0xx_HAL_Driver/Src/stm32g0xx_hal_spi.c ****   HAL_SPI_AbortCpltCallback(hspi);
3500:Drivers/STM32G0xx_HAL_Driver/Src/stm32g0xx_hal_spi.c **** #endif /* USE_HAL_SPI_REGISTER_CALLBACKS */
3501:Drivers/STM32G0xx_HAL_Driver/Src/stm32g0xx_hal_spi.c **** }
3502:Drivers/STM32G0xx_HAL_Driver/Src/stm32g0xx_hal_spi.c **** 
3503:Drivers/STM32G0xx_HAL_Driver/Src/stm32g0xx_hal_spi.c **** /**
3504:Drivers/STM32G0xx_HAL_Driver/Src/stm32g0xx_hal_spi.c ****   * @brief  Rx 8-bit handler for Transmit and Receive in Interrupt mode.
3505:Drivers/STM32G0xx_HAL_Driver/Src/stm32g0xx_hal_spi.c ****   * @param  hspi pointer to a SPI_HandleTypeDef structure that contains
3506:Drivers/STM32G0xx_HAL_Driver/Src/stm32g0xx_hal_spi.c ****   *               the configuration information for SPI module.
3507:Drivers/STM32G0xx_HAL_Driver/Src/stm32g0xx_hal_spi.c ****   * @retval None
3508:Drivers/STM32G0xx_HAL_Driver/Src/stm32g0xx_hal_spi.c ****   */
3509:Drivers/STM32G0xx_HAL_Driver/Src/stm32g0xx_hal_spi.c **** static void SPI_2linesRxISR_8BIT(struct __SPI_HandleTypeDef *hspi)
ARM GAS  C:\Users\sante\AppData\Local\Temp\cc1VgFnO.s 			page 63


3510:Drivers/STM32G0xx_HAL_Driver/Src/stm32g0xx_hal_spi.c **** {
3511:Drivers/STM32G0xx_HAL_Driver/Src/stm32g0xx_hal_spi.c ****   /* Receive data in packing mode */
3512:Drivers/STM32G0xx_HAL_Driver/Src/stm32g0xx_hal_spi.c ****   if (hspi->RxXferCount > 1U)
3513:Drivers/STM32G0xx_HAL_Driver/Src/stm32g0xx_hal_spi.c ****   {
3514:Drivers/STM32G0xx_HAL_Driver/Src/stm32g0xx_hal_spi.c ****     *((uint16_t *)hspi->pRxBuffPtr) = (uint16_t)(hspi->Instance->DR);
3515:Drivers/STM32G0xx_HAL_Driver/Src/stm32g0xx_hal_spi.c ****     hspi->pRxBuffPtr += sizeof(uint16_t);
3516:Drivers/STM32G0xx_HAL_Driver/Src/stm32g0xx_hal_spi.c ****     hspi->RxXferCount -= 2U;
3517:Drivers/STM32G0xx_HAL_Driver/Src/stm32g0xx_hal_spi.c ****     if (hspi->RxXferCount == 1U)
3518:Drivers/STM32G0xx_HAL_Driver/Src/stm32g0xx_hal_spi.c ****     {
3519:Drivers/STM32G0xx_HAL_Driver/Src/stm32g0xx_hal_spi.c ****       /* Set RX Fifo threshold according the reception data length: 8bit */
3520:Drivers/STM32G0xx_HAL_Driver/Src/stm32g0xx_hal_spi.c ****       SET_BIT(hspi->Instance->CR2, SPI_RXFIFO_THRESHOLD);
3521:Drivers/STM32G0xx_HAL_Driver/Src/stm32g0xx_hal_spi.c ****     }
3522:Drivers/STM32G0xx_HAL_Driver/Src/stm32g0xx_hal_spi.c ****   }
3523:Drivers/STM32G0xx_HAL_Driver/Src/stm32g0xx_hal_spi.c ****   /* Receive data in 8 Bit mode */
3524:Drivers/STM32G0xx_HAL_Driver/Src/stm32g0xx_hal_spi.c ****   else
3525:Drivers/STM32G0xx_HAL_Driver/Src/stm32g0xx_hal_spi.c ****   {
3526:Drivers/STM32G0xx_HAL_Driver/Src/stm32g0xx_hal_spi.c ****     *hspi->pRxBuffPtr = *((__IO uint8_t *)&hspi->Instance->DR);
3527:Drivers/STM32G0xx_HAL_Driver/Src/stm32g0xx_hal_spi.c ****     hspi->pRxBuffPtr++;
3528:Drivers/STM32G0xx_HAL_Driver/Src/stm32g0xx_hal_spi.c ****     hspi->RxXferCount--;
3529:Drivers/STM32G0xx_HAL_Driver/Src/stm32g0xx_hal_spi.c ****   }
3530:Drivers/STM32G0xx_HAL_Driver/Src/stm32g0xx_hal_spi.c **** 
3531:Drivers/STM32G0xx_HAL_Driver/Src/stm32g0xx_hal_spi.c ****   /* Check end of the reception */
3532:Drivers/STM32G0xx_HAL_Driver/Src/stm32g0xx_hal_spi.c ****   if (hspi->RxXferCount == 0U)
3533:Drivers/STM32G0xx_HAL_Driver/Src/stm32g0xx_hal_spi.c ****   {
3534:Drivers/STM32G0xx_HAL_Driver/Src/stm32g0xx_hal_spi.c **** #if (USE_SPI_CRC != 0U)
3535:Drivers/STM32G0xx_HAL_Driver/Src/stm32g0xx_hal_spi.c ****     if (hspi->Init.CRCCalculation == SPI_CRCCALCULATION_ENABLE)
3536:Drivers/STM32G0xx_HAL_Driver/Src/stm32g0xx_hal_spi.c ****     {
3537:Drivers/STM32G0xx_HAL_Driver/Src/stm32g0xx_hal_spi.c ****       SET_BIT(hspi->Instance->CR2, SPI_RXFIFO_THRESHOLD);
3538:Drivers/STM32G0xx_HAL_Driver/Src/stm32g0xx_hal_spi.c ****       hspi->RxISR =  SPI_2linesRxISR_8BITCRC;
3539:Drivers/STM32G0xx_HAL_Driver/Src/stm32g0xx_hal_spi.c ****       return;
3540:Drivers/STM32G0xx_HAL_Driver/Src/stm32g0xx_hal_spi.c ****     }
3541:Drivers/STM32G0xx_HAL_Driver/Src/stm32g0xx_hal_spi.c **** #endif /* USE_SPI_CRC */
3542:Drivers/STM32G0xx_HAL_Driver/Src/stm32g0xx_hal_spi.c **** 
3543:Drivers/STM32G0xx_HAL_Driver/Src/stm32g0xx_hal_spi.c ****     /* Disable RXNE  and ERR interrupt */
3544:Drivers/STM32G0xx_HAL_Driver/Src/stm32g0xx_hal_spi.c ****     __HAL_SPI_DISABLE_IT(hspi, (SPI_IT_RXNE | SPI_IT_ERR));
3545:Drivers/STM32G0xx_HAL_Driver/Src/stm32g0xx_hal_spi.c **** 
3546:Drivers/STM32G0xx_HAL_Driver/Src/stm32g0xx_hal_spi.c ****     if (hspi->TxXferCount == 0U)
3547:Drivers/STM32G0xx_HAL_Driver/Src/stm32g0xx_hal_spi.c ****     {
3548:Drivers/STM32G0xx_HAL_Driver/Src/stm32g0xx_hal_spi.c ****       SPI_CloseRxTx_ISR(hspi);
3549:Drivers/STM32G0xx_HAL_Driver/Src/stm32g0xx_hal_spi.c ****     }
3550:Drivers/STM32G0xx_HAL_Driver/Src/stm32g0xx_hal_spi.c ****   }
3551:Drivers/STM32G0xx_HAL_Driver/Src/stm32g0xx_hal_spi.c **** }
3552:Drivers/STM32G0xx_HAL_Driver/Src/stm32g0xx_hal_spi.c **** 
3553:Drivers/STM32G0xx_HAL_Driver/Src/stm32g0xx_hal_spi.c **** #if (USE_SPI_CRC != 0U)
3554:Drivers/STM32G0xx_HAL_Driver/Src/stm32g0xx_hal_spi.c **** /**
3555:Drivers/STM32G0xx_HAL_Driver/Src/stm32g0xx_hal_spi.c ****   * @brief  Rx 8-bit handler for Transmit and Receive in Interrupt mode.
3556:Drivers/STM32G0xx_HAL_Driver/Src/stm32g0xx_hal_spi.c ****   * @param  hspi pointer to a SPI_HandleTypeDef structure that contains
3557:Drivers/STM32G0xx_HAL_Driver/Src/stm32g0xx_hal_spi.c ****   *               the configuration information for SPI module.
3558:Drivers/STM32G0xx_HAL_Driver/Src/stm32g0xx_hal_spi.c ****   * @retval None
3559:Drivers/STM32G0xx_HAL_Driver/Src/stm32g0xx_hal_spi.c ****   */
3560:Drivers/STM32G0xx_HAL_Driver/Src/stm32g0xx_hal_spi.c **** static void SPI_2linesRxISR_8BITCRC(struct __SPI_HandleTypeDef *hspi)
3561:Drivers/STM32G0xx_HAL_Driver/Src/stm32g0xx_hal_spi.c **** {
3562:Drivers/STM32G0xx_HAL_Driver/Src/stm32g0xx_hal_spi.c ****   __IO uint8_t  *ptmpreg8;
3563:Drivers/STM32G0xx_HAL_Driver/Src/stm32g0xx_hal_spi.c ****   __IO uint8_t  tmpreg8 = 0;
3564:Drivers/STM32G0xx_HAL_Driver/Src/stm32g0xx_hal_spi.c **** 
3565:Drivers/STM32G0xx_HAL_Driver/Src/stm32g0xx_hal_spi.c ****   /* Initialize the 8bit temporary pointer */
3566:Drivers/STM32G0xx_HAL_Driver/Src/stm32g0xx_hal_spi.c ****   ptmpreg8 = (__IO uint8_t *)&hspi->Instance->DR;
ARM GAS  C:\Users\sante\AppData\Local\Temp\cc1VgFnO.s 			page 64


3567:Drivers/STM32G0xx_HAL_Driver/Src/stm32g0xx_hal_spi.c ****   /* Read 8bit CRC to flush Data Register */
3568:Drivers/STM32G0xx_HAL_Driver/Src/stm32g0xx_hal_spi.c ****   tmpreg8 = *ptmpreg8;
3569:Drivers/STM32G0xx_HAL_Driver/Src/stm32g0xx_hal_spi.c ****   /* To avoid GCC warning */
3570:Drivers/STM32G0xx_HAL_Driver/Src/stm32g0xx_hal_spi.c ****   UNUSED(tmpreg8);
3571:Drivers/STM32G0xx_HAL_Driver/Src/stm32g0xx_hal_spi.c **** 
3572:Drivers/STM32G0xx_HAL_Driver/Src/stm32g0xx_hal_spi.c ****   hspi->CRCSize--;
3573:Drivers/STM32G0xx_HAL_Driver/Src/stm32g0xx_hal_spi.c **** 
3574:Drivers/STM32G0xx_HAL_Driver/Src/stm32g0xx_hal_spi.c ****   /* Check end of the reception */
3575:Drivers/STM32G0xx_HAL_Driver/Src/stm32g0xx_hal_spi.c ****   if (hspi->CRCSize == 0U)
3576:Drivers/STM32G0xx_HAL_Driver/Src/stm32g0xx_hal_spi.c ****   {
3577:Drivers/STM32G0xx_HAL_Driver/Src/stm32g0xx_hal_spi.c ****     /* Disable RXNE and ERR interrupt */
3578:Drivers/STM32G0xx_HAL_Driver/Src/stm32g0xx_hal_spi.c ****     __HAL_SPI_DISABLE_IT(hspi, (SPI_IT_RXNE | SPI_IT_ERR));
3579:Drivers/STM32G0xx_HAL_Driver/Src/stm32g0xx_hal_spi.c **** 
3580:Drivers/STM32G0xx_HAL_Driver/Src/stm32g0xx_hal_spi.c ****     if (hspi->TxXferCount == 0U)
3581:Drivers/STM32G0xx_HAL_Driver/Src/stm32g0xx_hal_spi.c ****     {
3582:Drivers/STM32G0xx_HAL_Driver/Src/stm32g0xx_hal_spi.c ****       SPI_CloseRxTx_ISR(hspi);
3583:Drivers/STM32G0xx_HAL_Driver/Src/stm32g0xx_hal_spi.c ****     }
3584:Drivers/STM32G0xx_HAL_Driver/Src/stm32g0xx_hal_spi.c ****   }
3585:Drivers/STM32G0xx_HAL_Driver/Src/stm32g0xx_hal_spi.c **** }
3586:Drivers/STM32G0xx_HAL_Driver/Src/stm32g0xx_hal_spi.c **** #endif /* USE_SPI_CRC */
3587:Drivers/STM32G0xx_HAL_Driver/Src/stm32g0xx_hal_spi.c **** 
3588:Drivers/STM32G0xx_HAL_Driver/Src/stm32g0xx_hal_spi.c **** /**
3589:Drivers/STM32G0xx_HAL_Driver/Src/stm32g0xx_hal_spi.c ****   * @brief  Tx 8-bit handler for Transmit and Receive in Interrupt mode.
3590:Drivers/STM32G0xx_HAL_Driver/Src/stm32g0xx_hal_spi.c ****   * @param  hspi pointer to a SPI_HandleTypeDef structure that contains
3591:Drivers/STM32G0xx_HAL_Driver/Src/stm32g0xx_hal_spi.c ****   *               the configuration information for SPI module.
3592:Drivers/STM32G0xx_HAL_Driver/Src/stm32g0xx_hal_spi.c ****   * @retval None
3593:Drivers/STM32G0xx_HAL_Driver/Src/stm32g0xx_hal_spi.c ****   */
3594:Drivers/STM32G0xx_HAL_Driver/Src/stm32g0xx_hal_spi.c **** static void SPI_2linesTxISR_8BIT(struct __SPI_HandleTypeDef *hspi)
3595:Drivers/STM32G0xx_HAL_Driver/Src/stm32g0xx_hal_spi.c **** {
3596:Drivers/STM32G0xx_HAL_Driver/Src/stm32g0xx_hal_spi.c ****   /* Transmit data in packing Bit mode */
3597:Drivers/STM32G0xx_HAL_Driver/Src/stm32g0xx_hal_spi.c ****   if (hspi->TxXferCount >= 2U)
3598:Drivers/STM32G0xx_HAL_Driver/Src/stm32g0xx_hal_spi.c ****   {
3599:Drivers/STM32G0xx_HAL_Driver/Src/stm32g0xx_hal_spi.c ****     hspi->Instance->DR = *((uint16_t *)hspi->pTxBuffPtr);
3600:Drivers/STM32G0xx_HAL_Driver/Src/stm32g0xx_hal_spi.c ****     hspi->pTxBuffPtr += sizeof(uint16_t);
3601:Drivers/STM32G0xx_HAL_Driver/Src/stm32g0xx_hal_spi.c ****     hspi->TxXferCount -= 2U;
3602:Drivers/STM32G0xx_HAL_Driver/Src/stm32g0xx_hal_spi.c ****   }
3603:Drivers/STM32G0xx_HAL_Driver/Src/stm32g0xx_hal_spi.c ****   /* Transmit data in 8 Bit mode */
3604:Drivers/STM32G0xx_HAL_Driver/Src/stm32g0xx_hal_spi.c ****   else
3605:Drivers/STM32G0xx_HAL_Driver/Src/stm32g0xx_hal_spi.c ****   {
3606:Drivers/STM32G0xx_HAL_Driver/Src/stm32g0xx_hal_spi.c ****     *(__IO uint8_t *)&hspi->Instance->DR = (*hspi->pTxBuffPtr);
3607:Drivers/STM32G0xx_HAL_Driver/Src/stm32g0xx_hal_spi.c ****     hspi->pTxBuffPtr++;
3608:Drivers/STM32G0xx_HAL_Driver/Src/stm32g0xx_hal_spi.c ****     hspi->TxXferCount--;
3609:Drivers/STM32G0xx_HAL_Driver/Src/stm32g0xx_hal_spi.c ****   }
3610:Drivers/STM32G0xx_HAL_Driver/Src/stm32g0xx_hal_spi.c **** 
3611:Drivers/STM32G0xx_HAL_Driver/Src/stm32g0xx_hal_spi.c ****   /* Check the end of the transmission */
3612:Drivers/STM32G0xx_HAL_Driver/Src/stm32g0xx_hal_spi.c ****   if (hspi->TxXferCount == 0U)
3613:Drivers/STM32G0xx_HAL_Driver/Src/stm32g0xx_hal_spi.c ****   {
3614:Drivers/STM32G0xx_HAL_Driver/Src/stm32g0xx_hal_spi.c **** #if (USE_SPI_CRC != 0U)
3615:Drivers/STM32G0xx_HAL_Driver/Src/stm32g0xx_hal_spi.c ****     if (hspi->Init.CRCCalculation == SPI_CRCCALCULATION_ENABLE)
3616:Drivers/STM32G0xx_HAL_Driver/Src/stm32g0xx_hal_spi.c ****     {
3617:Drivers/STM32G0xx_HAL_Driver/Src/stm32g0xx_hal_spi.c ****       /* Set CRC Next Bit to send CRC */
3618:Drivers/STM32G0xx_HAL_Driver/Src/stm32g0xx_hal_spi.c ****       SET_BIT(hspi->Instance->CR1, SPI_CR1_CRCNEXT);
3619:Drivers/STM32G0xx_HAL_Driver/Src/stm32g0xx_hal_spi.c ****       /* Disable TXE interrupt */
3620:Drivers/STM32G0xx_HAL_Driver/Src/stm32g0xx_hal_spi.c ****       __HAL_SPI_DISABLE_IT(hspi, SPI_IT_TXE);
3621:Drivers/STM32G0xx_HAL_Driver/Src/stm32g0xx_hal_spi.c ****       return;
3622:Drivers/STM32G0xx_HAL_Driver/Src/stm32g0xx_hal_spi.c ****     }
3623:Drivers/STM32G0xx_HAL_Driver/Src/stm32g0xx_hal_spi.c **** #endif /* USE_SPI_CRC */
ARM GAS  C:\Users\sante\AppData\Local\Temp\cc1VgFnO.s 			page 65


3624:Drivers/STM32G0xx_HAL_Driver/Src/stm32g0xx_hal_spi.c **** 
3625:Drivers/STM32G0xx_HAL_Driver/Src/stm32g0xx_hal_spi.c ****     /* Disable TXE interrupt */
3626:Drivers/STM32G0xx_HAL_Driver/Src/stm32g0xx_hal_spi.c ****     __HAL_SPI_DISABLE_IT(hspi, SPI_IT_TXE);
3627:Drivers/STM32G0xx_HAL_Driver/Src/stm32g0xx_hal_spi.c **** 
3628:Drivers/STM32G0xx_HAL_Driver/Src/stm32g0xx_hal_spi.c ****     if (hspi->RxXferCount == 0U)
3629:Drivers/STM32G0xx_HAL_Driver/Src/stm32g0xx_hal_spi.c ****     {
3630:Drivers/STM32G0xx_HAL_Driver/Src/stm32g0xx_hal_spi.c ****       SPI_CloseRxTx_ISR(hspi);
3631:Drivers/STM32G0xx_HAL_Driver/Src/stm32g0xx_hal_spi.c ****     }
3632:Drivers/STM32G0xx_HAL_Driver/Src/stm32g0xx_hal_spi.c ****   }
3633:Drivers/STM32G0xx_HAL_Driver/Src/stm32g0xx_hal_spi.c **** }
3634:Drivers/STM32G0xx_HAL_Driver/Src/stm32g0xx_hal_spi.c **** 
3635:Drivers/STM32G0xx_HAL_Driver/Src/stm32g0xx_hal_spi.c **** /**
3636:Drivers/STM32G0xx_HAL_Driver/Src/stm32g0xx_hal_spi.c ****   * @brief  Rx 16-bit handler for Transmit and Receive in Interrupt mode.
3637:Drivers/STM32G0xx_HAL_Driver/Src/stm32g0xx_hal_spi.c ****   * @param  hspi pointer to a SPI_HandleTypeDef structure that contains
3638:Drivers/STM32G0xx_HAL_Driver/Src/stm32g0xx_hal_spi.c ****   *               the configuration information for SPI module.
3639:Drivers/STM32G0xx_HAL_Driver/Src/stm32g0xx_hal_spi.c ****   * @retval None
3640:Drivers/STM32G0xx_HAL_Driver/Src/stm32g0xx_hal_spi.c ****   */
3641:Drivers/STM32G0xx_HAL_Driver/Src/stm32g0xx_hal_spi.c **** static void SPI_2linesRxISR_16BIT(struct __SPI_HandleTypeDef *hspi)
3642:Drivers/STM32G0xx_HAL_Driver/Src/stm32g0xx_hal_spi.c **** {
3643:Drivers/STM32G0xx_HAL_Driver/Src/stm32g0xx_hal_spi.c ****   /* Receive data in 16 Bit mode */
3644:Drivers/STM32G0xx_HAL_Driver/Src/stm32g0xx_hal_spi.c ****   *((uint16_t *)hspi->pRxBuffPtr) = (uint16_t)(hspi->Instance->DR);
3645:Drivers/STM32G0xx_HAL_Driver/Src/stm32g0xx_hal_spi.c ****   hspi->pRxBuffPtr += sizeof(uint16_t);
3646:Drivers/STM32G0xx_HAL_Driver/Src/stm32g0xx_hal_spi.c ****   hspi->RxXferCount--;
3647:Drivers/STM32G0xx_HAL_Driver/Src/stm32g0xx_hal_spi.c **** 
3648:Drivers/STM32G0xx_HAL_Driver/Src/stm32g0xx_hal_spi.c ****   if (hspi->RxXferCount == 0U)
3649:Drivers/STM32G0xx_HAL_Driver/Src/stm32g0xx_hal_spi.c ****   {
3650:Drivers/STM32G0xx_HAL_Driver/Src/stm32g0xx_hal_spi.c **** #if (USE_SPI_CRC != 0U)
3651:Drivers/STM32G0xx_HAL_Driver/Src/stm32g0xx_hal_spi.c ****     if (hspi->Init.CRCCalculation == SPI_CRCCALCULATION_ENABLE)
3652:Drivers/STM32G0xx_HAL_Driver/Src/stm32g0xx_hal_spi.c ****     {
3653:Drivers/STM32G0xx_HAL_Driver/Src/stm32g0xx_hal_spi.c ****       hspi->RxISR =  SPI_2linesRxISR_16BITCRC;
3654:Drivers/STM32G0xx_HAL_Driver/Src/stm32g0xx_hal_spi.c ****       return;
3655:Drivers/STM32G0xx_HAL_Driver/Src/stm32g0xx_hal_spi.c ****     }
3656:Drivers/STM32G0xx_HAL_Driver/Src/stm32g0xx_hal_spi.c **** #endif /* USE_SPI_CRC */
3657:Drivers/STM32G0xx_HAL_Driver/Src/stm32g0xx_hal_spi.c **** 
3658:Drivers/STM32G0xx_HAL_Driver/Src/stm32g0xx_hal_spi.c ****     /* Disable RXNE interrupt */
3659:Drivers/STM32G0xx_HAL_Driver/Src/stm32g0xx_hal_spi.c ****     __HAL_SPI_DISABLE_IT(hspi, SPI_IT_RXNE);
3660:Drivers/STM32G0xx_HAL_Driver/Src/stm32g0xx_hal_spi.c **** 
3661:Drivers/STM32G0xx_HAL_Driver/Src/stm32g0xx_hal_spi.c ****     if (hspi->TxXferCount == 0U)
3662:Drivers/STM32G0xx_HAL_Driver/Src/stm32g0xx_hal_spi.c ****     {
3663:Drivers/STM32G0xx_HAL_Driver/Src/stm32g0xx_hal_spi.c ****       SPI_CloseRxTx_ISR(hspi);
3664:Drivers/STM32G0xx_HAL_Driver/Src/stm32g0xx_hal_spi.c ****     }
3665:Drivers/STM32G0xx_HAL_Driver/Src/stm32g0xx_hal_spi.c ****   }
3666:Drivers/STM32G0xx_HAL_Driver/Src/stm32g0xx_hal_spi.c **** }
3667:Drivers/STM32G0xx_HAL_Driver/Src/stm32g0xx_hal_spi.c **** 
3668:Drivers/STM32G0xx_HAL_Driver/Src/stm32g0xx_hal_spi.c **** #if (USE_SPI_CRC != 0U)
3669:Drivers/STM32G0xx_HAL_Driver/Src/stm32g0xx_hal_spi.c **** /**
3670:Drivers/STM32G0xx_HAL_Driver/Src/stm32g0xx_hal_spi.c ****   * @brief  Manage the CRC 16-bit receive for Transmit and Receive in Interrupt mode.
3671:Drivers/STM32G0xx_HAL_Driver/Src/stm32g0xx_hal_spi.c ****   * @param  hspi pointer to a SPI_HandleTypeDef structure that contains
3672:Drivers/STM32G0xx_HAL_Driver/Src/stm32g0xx_hal_spi.c ****   *               the configuration information for SPI module.
3673:Drivers/STM32G0xx_HAL_Driver/Src/stm32g0xx_hal_spi.c ****   * @retval None
3674:Drivers/STM32G0xx_HAL_Driver/Src/stm32g0xx_hal_spi.c ****   */
3675:Drivers/STM32G0xx_HAL_Driver/Src/stm32g0xx_hal_spi.c **** static void SPI_2linesRxISR_16BITCRC(struct __SPI_HandleTypeDef *hspi)
3676:Drivers/STM32G0xx_HAL_Driver/Src/stm32g0xx_hal_spi.c **** {
3677:Drivers/STM32G0xx_HAL_Driver/Src/stm32g0xx_hal_spi.c ****   __IO uint32_t tmpreg = 0U;
3678:Drivers/STM32G0xx_HAL_Driver/Src/stm32g0xx_hal_spi.c **** 
3679:Drivers/STM32G0xx_HAL_Driver/Src/stm32g0xx_hal_spi.c ****   /* Read 16bit CRC to flush Data Register */
3680:Drivers/STM32G0xx_HAL_Driver/Src/stm32g0xx_hal_spi.c ****   tmpreg = READ_REG(hspi->Instance->DR);
ARM GAS  C:\Users\sante\AppData\Local\Temp\cc1VgFnO.s 			page 66


3681:Drivers/STM32G0xx_HAL_Driver/Src/stm32g0xx_hal_spi.c ****   /* To avoid GCC warning */
3682:Drivers/STM32G0xx_HAL_Driver/Src/stm32g0xx_hal_spi.c ****   UNUSED(tmpreg);
3683:Drivers/STM32G0xx_HAL_Driver/Src/stm32g0xx_hal_spi.c **** 
3684:Drivers/STM32G0xx_HAL_Driver/Src/stm32g0xx_hal_spi.c ****   /* Disable RXNE interrupt */
3685:Drivers/STM32G0xx_HAL_Driver/Src/stm32g0xx_hal_spi.c ****   __HAL_SPI_DISABLE_IT(hspi, SPI_IT_RXNE);
3686:Drivers/STM32G0xx_HAL_Driver/Src/stm32g0xx_hal_spi.c **** 
3687:Drivers/STM32G0xx_HAL_Driver/Src/stm32g0xx_hal_spi.c ****   SPI_CloseRxTx_ISR(hspi);
3688:Drivers/STM32G0xx_HAL_Driver/Src/stm32g0xx_hal_spi.c **** }
3689:Drivers/STM32G0xx_HAL_Driver/Src/stm32g0xx_hal_spi.c **** #endif /* USE_SPI_CRC */
3690:Drivers/STM32G0xx_HAL_Driver/Src/stm32g0xx_hal_spi.c **** 
3691:Drivers/STM32G0xx_HAL_Driver/Src/stm32g0xx_hal_spi.c **** /**
3692:Drivers/STM32G0xx_HAL_Driver/Src/stm32g0xx_hal_spi.c ****   * @brief  Tx 16-bit handler for Transmit and Receive in Interrupt mode.
3693:Drivers/STM32G0xx_HAL_Driver/Src/stm32g0xx_hal_spi.c ****   * @param  hspi pointer to a SPI_HandleTypeDef structure that contains
3694:Drivers/STM32G0xx_HAL_Driver/Src/stm32g0xx_hal_spi.c ****   *               the configuration information for SPI module.
3695:Drivers/STM32G0xx_HAL_Driver/Src/stm32g0xx_hal_spi.c ****   * @retval None
3696:Drivers/STM32G0xx_HAL_Driver/Src/stm32g0xx_hal_spi.c ****   */
3697:Drivers/STM32G0xx_HAL_Driver/Src/stm32g0xx_hal_spi.c **** static void SPI_2linesTxISR_16BIT(struct __SPI_HandleTypeDef *hspi)
3698:Drivers/STM32G0xx_HAL_Driver/Src/stm32g0xx_hal_spi.c **** {
3699:Drivers/STM32G0xx_HAL_Driver/Src/stm32g0xx_hal_spi.c ****   /* Transmit data in 16 Bit mode */
3700:Drivers/STM32G0xx_HAL_Driver/Src/stm32g0xx_hal_spi.c ****   hspi->Instance->DR = *((uint16_t *)hspi->pTxBuffPtr);
3701:Drivers/STM32G0xx_HAL_Driver/Src/stm32g0xx_hal_spi.c ****   hspi->pTxBuffPtr += sizeof(uint16_t);
3702:Drivers/STM32G0xx_HAL_Driver/Src/stm32g0xx_hal_spi.c ****   hspi->TxXferCount--;
3703:Drivers/STM32G0xx_HAL_Driver/Src/stm32g0xx_hal_spi.c **** 
3704:Drivers/STM32G0xx_HAL_Driver/Src/stm32g0xx_hal_spi.c ****   /* Enable CRC Transmission */
3705:Drivers/STM32G0xx_HAL_Driver/Src/stm32g0xx_hal_spi.c ****   if (hspi->TxXferCount == 0U)
3706:Drivers/STM32G0xx_HAL_Driver/Src/stm32g0xx_hal_spi.c ****   {
3707:Drivers/STM32G0xx_HAL_Driver/Src/stm32g0xx_hal_spi.c **** #if (USE_SPI_CRC != 0U)
3708:Drivers/STM32G0xx_HAL_Driver/Src/stm32g0xx_hal_spi.c ****     if (hspi->Init.CRCCalculation == SPI_CRCCALCULATION_ENABLE)
3709:Drivers/STM32G0xx_HAL_Driver/Src/stm32g0xx_hal_spi.c ****     {
3710:Drivers/STM32G0xx_HAL_Driver/Src/stm32g0xx_hal_spi.c ****       /* Set CRC Next Bit to send CRC */
3711:Drivers/STM32G0xx_HAL_Driver/Src/stm32g0xx_hal_spi.c ****       SET_BIT(hspi->Instance->CR1, SPI_CR1_CRCNEXT);
3712:Drivers/STM32G0xx_HAL_Driver/Src/stm32g0xx_hal_spi.c ****       /* Disable TXE interrupt */
3713:Drivers/STM32G0xx_HAL_Driver/Src/stm32g0xx_hal_spi.c ****       __HAL_SPI_DISABLE_IT(hspi, SPI_IT_TXE);
3714:Drivers/STM32G0xx_HAL_Driver/Src/stm32g0xx_hal_spi.c ****       return;
3715:Drivers/STM32G0xx_HAL_Driver/Src/stm32g0xx_hal_spi.c ****     }
3716:Drivers/STM32G0xx_HAL_Driver/Src/stm32g0xx_hal_spi.c **** #endif /* USE_SPI_CRC */
3717:Drivers/STM32G0xx_HAL_Driver/Src/stm32g0xx_hal_spi.c **** 
3718:Drivers/STM32G0xx_HAL_Driver/Src/stm32g0xx_hal_spi.c ****     /* Disable TXE interrupt */
3719:Drivers/STM32G0xx_HAL_Driver/Src/stm32g0xx_hal_spi.c ****     __HAL_SPI_DISABLE_IT(hspi, SPI_IT_TXE);
3720:Drivers/STM32G0xx_HAL_Driver/Src/stm32g0xx_hal_spi.c **** 
3721:Drivers/STM32G0xx_HAL_Driver/Src/stm32g0xx_hal_spi.c ****     if (hspi->RxXferCount == 0U)
3722:Drivers/STM32G0xx_HAL_Driver/Src/stm32g0xx_hal_spi.c ****     {
3723:Drivers/STM32G0xx_HAL_Driver/Src/stm32g0xx_hal_spi.c ****       SPI_CloseRxTx_ISR(hspi);
3724:Drivers/STM32G0xx_HAL_Driver/Src/stm32g0xx_hal_spi.c ****     }
3725:Drivers/STM32G0xx_HAL_Driver/Src/stm32g0xx_hal_spi.c ****   }
3726:Drivers/STM32G0xx_HAL_Driver/Src/stm32g0xx_hal_spi.c **** }
3727:Drivers/STM32G0xx_HAL_Driver/Src/stm32g0xx_hal_spi.c **** 
3728:Drivers/STM32G0xx_HAL_Driver/Src/stm32g0xx_hal_spi.c **** #if (USE_SPI_CRC != 0U)
3729:Drivers/STM32G0xx_HAL_Driver/Src/stm32g0xx_hal_spi.c **** /**
3730:Drivers/STM32G0xx_HAL_Driver/Src/stm32g0xx_hal_spi.c ****   * @brief  Manage the CRC 8-bit receive in Interrupt context.
3731:Drivers/STM32G0xx_HAL_Driver/Src/stm32g0xx_hal_spi.c ****   * @param  hspi pointer to a SPI_HandleTypeDef structure that contains
3732:Drivers/STM32G0xx_HAL_Driver/Src/stm32g0xx_hal_spi.c ****   *               the configuration information for SPI module.
3733:Drivers/STM32G0xx_HAL_Driver/Src/stm32g0xx_hal_spi.c ****   * @retval None
3734:Drivers/STM32G0xx_HAL_Driver/Src/stm32g0xx_hal_spi.c ****   */
3735:Drivers/STM32G0xx_HAL_Driver/Src/stm32g0xx_hal_spi.c **** static void SPI_RxISR_8BITCRC(struct __SPI_HandleTypeDef *hspi)
3736:Drivers/STM32G0xx_HAL_Driver/Src/stm32g0xx_hal_spi.c **** {
3737:Drivers/STM32G0xx_HAL_Driver/Src/stm32g0xx_hal_spi.c ****   __IO uint8_t  *ptmpreg8;
ARM GAS  C:\Users\sante\AppData\Local\Temp\cc1VgFnO.s 			page 67


3738:Drivers/STM32G0xx_HAL_Driver/Src/stm32g0xx_hal_spi.c ****   __IO uint8_t  tmpreg8 = 0;
3739:Drivers/STM32G0xx_HAL_Driver/Src/stm32g0xx_hal_spi.c **** 
3740:Drivers/STM32G0xx_HAL_Driver/Src/stm32g0xx_hal_spi.c ****   /* Initialize the 8bit temporary pointer */
3741:Drivers/STM32G0xx_HAL_Driver/Src/stm32g0xx_hal_spi.c ****   ptmpreg8 = (__IO uint8_t *)&hspi->Instance->DR;
3742:Drivers/STM32G0xx_HAL_Driver/Src/stm32g0xx_hal_spi.c ****   /* Read 8bit CRC to flush Data Register */
3743:Drivers/STM32G0xx_HAL_Driver/Src/stm32g0xx_hal_spi.c ****   tmpreg8 = *ptmpreg8;
3744:Drivers/STM32G0xx_HAL_Driver/Src/stm32g0xx_hal_spi.c ****   /* To avoid GCC warning */
3745:Drivers/STM32G0xx_HAL_Driver/Src/stm32g0xx_hal_spi.c ****   UNUSED(tmpreg8);
3746:Drivers/STM32G0xx_HAL_Driver/Src/stm32g0xx_hal_spi.c **** 
3747:Drivers/STM32G0xx_HAL_Driver/Src/stm32g0xx_hal_spi.c ****   hspi->CRCSize--;
3748:Drivers/STM32G0xx_HAL_Driver/Src/stm32g0xx_hal_spi.c **** 
3749:Drivers/STM32G0xx_HAL_Driver/Src/stm32g0xx_hal_spi.c ****   if (hspi->CRCSize == 0U)
3750:Drivers/STM32G0xx_HAL_Driver/Src/stm32g0xx_hal_spi.c ****   {
3751:Drivers/STM32G0xx_HAL_Driver/Src/stm32g0xx_hal_spi.c ****     SPI_CloseRx_ISR(hspi);
3752:Drivers/STM32G0xx_HAL_Driver/Src/stm32g0xx_hal_spi.c ****   }
3753:Drivers/STM32G0xx_HAL_Driver/Src/stm32g0xx_hal_spi.c **** }
3754:Drivers/STM32G0xx_HAL_Driver/Src/stm32g0xx_hal_spi.c **** #endif /* USE_SPI_CRC */
3755:Drivers/STM32G0xx_HAL_Driver/Src/stm32g0xx_hal_spi.c **** 
3756:Drivers/STM32G0xx_HAL_Driver/Src/stm32g0xx_hal_spi.c **** /**
3757:Drivers/STM32G0xx_HAL_Driver/Src/stm32g0xx_hal_spi.c ****   * @brief  Manage the receive 8-bit in Interrupt context.
3758:Drivers/STM32G0xx_HAL_Driver/Src/stm32g0xx_hal_spi.c ****   * @param  hspi pointer to a SPI_HandleTypeDef structure that contains
3759:Drivers/STM32G0xx_HAL_Driver/Src/stm32g0xx_hal_spi.c ****   *               the configuration information for SPI module.
3760:Drivers/STM32G0xx_HAL_Driver/Src/stm32g0xx_hal_spi.c ****   * @retval None
3761:Drivers/STM32G0xx_HAL_Driver/Src/stm32g0xx_hal_spi.c ****   */
3762:Drivers/STM32G0xx_HAL_Driver/Src/stm32g0xx_hal_spi.c **** static void SPI_RxISR_8BIT(struct __SPI_HandleTypeDef *hspi)
3763:Drivers/STM32G0xx_HAL_Driver/Src/stm32g0xx_hal_spi.c **** {
3764:Drivers/STM32G0xx_HAL_Driver/Src/stm32g0xx_hal_spi.c ****   *hspi->pRxBuffPtr = (*(__IO uint8_t *)&hspi->Instance->DR);
3765:Drivers/STM32G0xx_HAL_Driver/Src/stm32g0xx_hal_spi.c ****   hspi->pRxBuffPtr++;
3766:Drivers/STM32G0xx_HAL_Driver/Src/stm32g0xx_hal_spi.c ****   hspi->RxXferCount--;
3767:Drivers/STM32G0xx_HAL_Driver/Src/stm32g0xx_hal_spi.c **** 
3768:Drivers/STM32G0xx_HAL_Driver/Src/stm32g0xx_hal_spi.c **** #if (USE_SPI_CRC != 0U)
3769:Drivers/STM32G0xx_HAL_Driver/Src/stm32g0xx_hal_spi.c ****   /* Enable CRC Transmission */
3770:Drivers/STM32G0xx_HAL_Driver/Src/stm32g0xx_hal_spi.c ****   if ((hspi->RxXferCount == 1U) && (hspi->Init.CRCCalculation == SPI_CRCCALCULATION_ENABLE))
3771:Drivers/STM32G0xx_HAL_Driver/Src/stm32g0xx_hal_spi.c ****   {
3772:Drivers/STM32G0xx_HAL_Driver/Src/stm32g0xx_hal_spi.c ****     SET_BIT(hspi->Instance->CR1, SPI_CR1_CRCNEXT);
3773:Drivers/STM32G0xx_HAL_Driver/Src/stm32g0xx_hal_spi.c ****   }
3774:Drivers/STM32G0xx_HAL_Driver/Src/stm32g0xx_hal_spi.c **** #endif /* USE_SPI_CRC */
3775:Drivers/STM32G0xx_HAL_Driver/Src/stm32g0xx_hal_spi.c **** 
3776:Drivers/STM32G0xx_HAL_Driver/Src/stm32g0xx_hal_spi.c ****   if (hspi->RxXferCount == 0U)
3777:Drivers/STM32G0xx_HAL_Driver/Src/stm32g0xx_hal_spi.c ****   {
3778:Drivers/STM32G0xx_HAL_Driver/Src/stm32g0xx_hal_spi.c **** #if (USE_SPI_CRC != 0U)
3779:Drivers/STM32G0xx_HAL_Driver/Src/stm32g0xx_hal_spi.c ****     if (hspi->Init.CRCCalculation == SPI_CRCCALCULATION_ENABLE)
3780:Drivers/STM32G0xx_HAL_Driver/Src/stm32g0xx_hal_spi.c ****     {
3781:Drivers/STM32G0xx_HAL_Driver/Src/stm32g0xx_hal_spi.c ****       hspi->RxISR =  SPI_RxISR_8BITCRC;
3782:Drivers/STM32G0xx_HAL_Driver/Src/stm32g0xx_hal_spi.c ****       return;
3783:Drivers/STM32G0xx_HAL_Driver/Src/stm32g0xx_hal_spi.c ****     }
3784:Drivers/STM32G0xx_HAL_Driver/Src/stm32g0xx_hal_spi.c **** #endif /* USE_SPI_CRC */
3785:Drivers/STM32G0xx_HAL_Driver/Src/stm32g0xx_hal_spi.c ****     SPI_CloseRx_ISR(hspi);
3786:Drivers/STM32G0xx_HAL_Driver/Src/stm32g0xx_hal_spi.c ****   }
3787:Drivers/STM32G0xx_HAL_Driver/Src/stm32g0xx_hal_spi.c **** }
3788:Drivers/STM32G0xx_HAL_Driver/Src/stm32g0xx_hal_spi.c **** 
3789:Drivers/STM32G0xx_HAL_Driver/Src/stm32g0xx_hal_spi.c **** #if (USE_SPI_CRC != 0U)
3790:Drivers/STM32G0xx_HAL_Driver/Src/stm32g0xx_hal_spi.c **** /**
3791:Drivers/STM32G0xx_HAL_Driver/Src/stm32g0xx_hal_spi.c ****   * @brief  Manage the CRC 16-bit receive in Interrupt context.
3792:Drivers/STM32G0xx_HAL_Driver/Src/stm32g0xx_hal_spi.c ****   * @param  hspi pointer to a SPI_HandleTypeDef structure that contains
3793:Drivers/STM32G0xx_HAL_Driver/Src/stm32g0xx_hal_spi.c ****   *               the configuration information for SPI module.
3794:Drivers/STM32G0xx_HAL_Driver/Src/stm32g0xx_hal_spi.c ****   * @retval None
ARM GAS  C:\Users\sante\AppData\Local\Temp\cc1VgFnO.s 			page 68


3795:Drivers/STM32G0xx_HAL_Driver/Src/stm32g0xx_hal_spi.c ****   */
3796:Drivers/STM32G0xx_HAL_Driver/Src/stm32g0xx_hal_spi.c **** static void SPI_RxISR_16BITCRC(struct __SPI_HandleTypeDef *hspi)
3797:Drivers/STM32G0xx_HAL_Driver/Src/stm32g0xx_hal_spi.c **** {
3798:Drivers/STM32G0xx_HAL_Driver/Src/stm32g0xx_hal_spi.c ****   __IO uint32_t tmpreg = 0U;
3799:Drivers/STM32G0xx_HAL_Driver/Src/stm32g0xx_hal_spi.c **** 
3800:Drivers/STM32G0xx_HAL_Driver/Src/stm32g0xx_hal_spi.c ****   /* Read 16bit CRC to flush Data Register */
3801:Drivers/STM32G0xx_HAL_Driver/Src/stm32g0xx_hal_spi.c ****   tmpreg = READ_REG(hspi->Instance->DR);
3802:Drivers/STM32G0xx_HAL_Driver/Src/stm32g0xx_hal_spi.c ****   /* To avoid GCC warning */
3803:Drivers/STM32G0xx_HAL_Driver/Src/stm32g0xx_hal_spi.c ****   UNUSED(tmpreg);
3804:Drivers/STM32G0xx_HAL_Driver/Src/stm32g0xx_hal_spi.c **** 
3805:Drivers/STM32G0xx_HAL_Driver/Src/stm32g0xx_hal_spi.c ****   /* Disable RXNE and ERR interrupt */
3806:Drivers/STM32G0xx_HAL_Driver/Src/stm32g0xx_hal_spi.c ****   __HAL_SPI_DISABLE_IT(hspi, (SPI_IT_RXNE | SPI_IT_ERR));
3807:Drivers/STM32G0xx_HAL_Driver/Src/stm32g0xx_hal_spi.c **** 
3808:Drivers/STM32G0xx_HAL_Driver/Src/stm32g0xx_hal_spi.c ****   SPI_CloseRx_ISR(hspi);
3809:Drivers/STM32G0xx_HAL_Driver/Src/stm32g0xx_hal_spi.c **** }
3810:Drivers/STM32G0xx_HAL_Driver/Src/stm32g0xx_hal_spi.c **** #endif /* USE_SPI_CRC */
3811:Drivers/STM32G0xx_HAL_Driver/Src/stm32g0xx_hal_spi.c **** 
3812:Drivers/STM32G0xx_HAL_Driver/Src/stm32g0xx_hal_spi.c **** /**
3813:Drivers/STM32G0xx_HAL_Driver/Src/stm32g0xx_hal_spi.c ****   * @brief  Manage the 16-bit receive in Interrupt context.
3814:Drivers/STM32G0xx_HAL_Driver/Src/stm32g0xx_hal_spi.c ****   * @param  hspi pointer to a SPI_HandleTypeDef structure that contains
3815:Drivers/STM32G0xx_HAL_Driver/Src/stm32g0xx_hal_spi.c ****   *               the configuration information for SPI module.
3816:Drivers/STM32G0xx_HAL_Driver/Src/stm32g0xx_hal_spi.c ****   * @retval None
3817:Drivers/STM32G0xx_HAL_Driver/Src/stm32g0xx_hal_spi.c ****   */
3818:Drivers/STM32G0xx_HAL_Driver/Src/stm32g0xx_hal_spi.c **** static void SPI_RxISR_16BIT(struct __SPI_HandleTypeDef *hspi)
3819:Drivers/STM32G0xx_HAL_Driver/Src/stm32g0xx_hal_spi.c **** {
3820:Drivers/STM32G0xx_HAL_Driver/Src/stm32g0xx_hal_spi.c ****   *((uint16_t *)hspi->pRxBuffPtr) = (uint16_t)(hspi->Instance->DR);
3821:Drivers/STM32G0xx_HAL_Driver/Src/stm32g0xx_hal_spi.c ****   hspi->pRxBuffPtr += sizeof(uint16_t);
3822:Drivers/STM32G0xx_HAL_Driver/Src/stm32g0xx_hal_spi.c ****   hspi->RxXferCount--;
3823:Drivers/STM32G0xx_HAL_Driver/Src/stm32g0xx_hal_spi.c **** 
3824:Drivers/STM32G0xx_HAL_Driver/Src/stm32g0xx_hal_spi.c **** #if (USE_SPI_CRC != 0U)
3825:Drivers/STM32G0xx_HAL_Driver/Src/stm32g0xx_hal_spi.c ****   /* Enable CRC Transmission */
3826:Drivers/STM32G0xx_HAL_Driver/Src/stm32g0xx_hal_spi.c ****   if ((hspi->RxXferCount == 1U) && (hspi->Init.CRCCalculation == SPI_CRCCALCULATION_ENABLE))
3827:Drivers/STM32G0xx_HAL_Driver/Src/stm32g0xx_hal_spi.c ****   {
3828:Drivers/STM32G0xx_HAL_Driver/Src/stm32g0xx_hal_spi.c ****     SET_BIT(hspi->Instance->CR1, SPI_CR1_CRCNEXT);
3829:Drivers/STM32G0xx_HAL_Driver/Src/stm32g0xx_hal_spi.c ****   }
3830:Drivers/STM32G0xx_HAL_Driver/Src/stm32g0xx_hal_spi.c **** #endif /* USE_SPI_CRC */
3831:Drivers/STM32G0xx_HAL_Driver/Src/stm32g0xx_hal_spi.c **** 
3832:Drivers/STM32G0xx_HAL_Driver/Src/stm32g0xx_hal_spi.c ****   if (hspi->RxXferCount == 0U)
3833:Drivers/STM32G0xx_HAL_Driver/Src/stm32g0xx_hal_spi.c ****   {
3834:Drivers/STM32G0xx_HAL_Driver/Src/stm32g0xx_hal_spi.c **** #if (USE_SPI_CRC != 0U)
3835:Drivers/STM32G0xx_HAL_Driver/Src/stm32g0xx_hal_spi.c ****     if (hspi->Init.CRCCalculation == SPI_CRCCALCULATION_ENABLE)
3836:Drivers/STM32G0xx_HAL_Driver/Src/stm32g0xx_hal_spi.c ****     {
3837:Drivers/STM32G0xx_HAL_Driver/Src/stm32g0xx_hal_spi.c ****       hspi->RxISR = SPI_RxISR_16BITCRC;
3838:Drivers/STM32G0xx_HAL_Driver/Src/stm32g0xx_hal_spi.c ****       return;
3839:Drivers/STM32G0xx_HAL_Driver/Src/stm32g0xx_hal_spi.c ****     }
3840:Drivers/STM32G0xx_HAL_Driver/Src/stm32g0xx_hal_spi.c **** #endif /* USE_SPI_CRC */
3841:Drivers/STM32G0xx_HAL_Driver/Src/stm32g0xx_hal_spi.c ****     SPI_CloseRx_ISR(hspi);
3842:Drivers/STM32G0xx_HAL_Driver/Src/stm32g0xx_hal_spi.c ****   }
3843:Drivers/STM32G0xx_HAL_Driver/Src/stm32g0xx_hal_spi.c **** }
3844:Drivers/STM32G0xx_HAL_Driver/Src/stm32g0xx_hal_spi.c **** 
3845:Drivers/STM32G0xx_HAL_Driver/Src/stm32g0xx_hal_spi.c **** /**
3846:Drivers/STM32G0xx_HAL_Driver/Src/stm32g0xx_hal_spi.c ****   * @brief  Handle the data 8-bit transmit in Interrupt mode.
3847:Drivers/STM32G0xx_HAL_Driver/Src/stm32g0xx_hal_spi.c ****   * @param  hspi pointer to a SPI_HandleTypeDef structure that contains
3848:Drivers/STM32G0xx_HAL_Driver/Src/stm32g0xx_hal_spi.c ****   *               the configuration information for SPI module.
3849:Drivers/STM32G0xx_HAL_Driver/Src/stm32g0xx_hal_spi.c ****   * @retval None
3850:Drivers/STM32G0xx_HAL_Driver/Src/stm32g0xx_hal_spi.c ****   */
3851:Drivers/STM32G0xx_HAL_Driver/Src/stm32g0xx_hal_spi.c **** static void SPI_TxISR_8BIT(struct __SPI_HandleTypeDef *hspi)
ARM GAS  C:\Users\sante\AppData\Local\Temp\cc1VgFnO.s 			page 69


3852:Drivers/STM32G0xx_HAL_Driver/Src/stm32g0xx_hal_spi.c **** {
3853:Drivers/STM32G0xx_HAL_Driver/Src/stm32g0xx_hal_spi.c ****   *(__IO uint8_t *)&hspi->Instance->DR = (*hspi->pTxBuffPtr);
3854:Drivers/STM32G0xx_HAL_Driver/Src/stm32g0xx_hal_spi.c ****   hspi->pTxBuffPtr++;
3855:Drivers/STM32G0xx_HAL_Driver/Src/stm32g0xx_hal_spi.c ****   hspi->TxXferCount--;
3856:Drivers/STM32G0xx_HAL_Driver/Src/stm32g0xx_hal_spi.c **** 
3857:Drivers/STM32G0xx_HAL_Driver/Src/stm32g0xx_hal_spi.c ****   if (hspi->TxXferCount == 0U)
3858:Drivers/STM32G0xx_HAL_Driver/Src/stm32g0xx_hal_spi.c ****   {
3859:Drivers/STM32G0xx_HAL_Driver/Src/stm32g0xx_hal_spi.c **** #if (USE_SPI_CRC != 0U)
3860:Drivers/STM32G0xx_HAL_Driver/Src/stm32g0xx_hal_spi.c ****     if (hspi->Init.CRCCalculation == SPI_CRCCALCULATION_ENABLE)
3861:Drivers/STM32G0xx_HAL_Driver/Src/stm32g0xx_hal_spi.c ****     {
3862:Drivers/STM32G0xx_HAL_Driver/Src/stm32g0xx_hal_spi.c ****       /* Enable CRC Transmission */
3863:Drivers/STM32G0xx_HAL_Driver/Src/stm32g0xx_hal_spi.c ****       SET_BIT(hspi->Instance->CR1, SPI_CR1_CRCNEXT);
3864:Drivers/STM32G0xx_HAL_Driver/Src/stm32g0xx_hal_spi.c ****     }
3865:Drivers/STM32G0xx_HAL_Driver/Src/stm32g0xx_hal_spi.c **** #endif /* USE_SPI_CRC */
3866:Drivers/STM32G0xx_HAL_Driver/Src/stm32g0xx_hal_spi.c ****     SPI_CloseTx_ISR(hspi);
3867:Drivers/STM32G0xx_HAL_Driver/Src/stm32g0xx_hal_spi.c ****   }
3868:Drivers/STM32G0xx_HAL_Driver/Src/stm32g0xx_hal_spi.c **** }
3869:Drivers/STM32G0xx_HAL_Driver/Src/stm32g0xx_hal_spi.c **** 
3870:Drivers/STM32G0xx_HAL_Driver/Src/stm32g0xx_hal_spi.c **** /**
3871:Drivers/STM32G0xx_HAL_Driver/Src/stm32g0xx_hal_spi.c ****   * @brief  Handle the data 16-bit transmit in Interrupt mode.
3872:Drivers/STM32G0xx_HAL_Driver/Src/stm32g0xx_hal_spi.c ****   * @param  hspi pointer to a SPI_HandleTypeDef structure that contains
3873:Drivers/STM32G0xx_HAL_Driver/Src/stm32g0xx_hal_spi.c ****   *               the configuration information for SPI module.
3874:Drivers/STM32G0xx_HAL_Driver/Src/stm32g0xx_hal_spi.c ****   * @retval None
3875:Drivers/STM32G0xx_HAL_Driver/Src/stm32g0xx_hal_spi.c ****   */
3876:Drivers/STM32G0xx_HAL_Driver/Src/stm32g0xx_hal_spi.c **** static void SPI_TxISR_16BIT(struct __SPI_HandleTypeDef *hspi)
3877:Drivers/STM32G0xx_HAL_Driver/Src/stm32g0xx_hal_spi.c **** {
3878:Drivers/STM32G0xx_HAL_Driver/Src/stm32g0xx_hal_spi.c ****   /* Transmit data in 16 Bit mode */
3879:Drivers/STM32G0xx_HAL_Driver/Src/stm32g0xx_hal_spi.c ****   hspi->Instance->DR = *((uint16_t *)hspi->pTxBuffPtr);
3880:Drivers/STM32G0xx_HAL_Driver/Src/stm32g0xx_hal_spi.c ****   hspi->pTxBuffPtr += sizeof(uint16_t);
3881:Drivers/STM32G0xx_HAL_Driver/Src/stm32g0xx_hal_spi.c ****   hspi->TxXferCount--;
3882:Drivers/STM32G0xx_HAL_Driver/Src/stm32g0xx_hal_spi.c **** 
3883:Drivers/STM32G0xx_HAL_Driver/Src/stm32g0xx_hal_spi.c ****   if (hspi->TxXferCount == 0U)
3884:Drivers/STM32G0xx_HAL_Driver/Src/stm32g0xx_hal_spi.c ****   {
3885:Drivers/STM32G0xx_HAL_Driver/Src/stm32g0xx_hal_spi.c **** #if (USE_SPI_CRC != 0U)
3886:Drivers/STM32G0xx_HAL_Driver/Src/stm32g0xx_hal_spi.c ****     if (hspi->Init.CRCCalculation == SPI_CRCCALCULATION_ENABLE)
3887:Drivers/STM32G0xx_HAL_Driver/Src/stm32g0xx_hal_spi.c ****     {
3888:Drivers/STM32G0xx_HAL_Driver/Src/stm32g0xx_hal_spi.c ****       /* Enable CRC Transmission */
3889:Drivers/STM32G0xx_HAL_Driver/Src/stm32g0xx_hal_spi.c ****       SET_BIT(hspi->Instance->CR1, SPI_CR1_CRCNEXT);
3890:Drivers/STM32G0xx_HAL_Driver/Src/stm32g0xx_hal_spi.c ****     }
3891:Drivers/STM32G0xx_HAL_Driver/Src/stm32g0xx_hal_spi.c **** #endif /* USE_SPI_CRC */
3892:Drivers/STM32G0xx_HAL_Driver/Src/stm32g0xx_hal_spi.c ****     SPI_CloseTx_ISR(hspi);
3893:Drivers/STM32G0xx_HAL_Driver/Src/stm32g0xx_hal_spi.c ****   }
3894:Drivers/STM32G0xx_HAL_Driver/Src/stm32g0xx_hal_spi.c **** }
3895:Drivers/STM32G0xx_HAL_Driver/Src/stm32g0xx_hal_spi.c **** 
3896:Drivers/STM32G0xx_HAL_Driver/Src/stm32g0xx_hal_spi.c **** /**
3897:Drivers/STM32G0xx_HAL_Driver/Src/stm32g0xx_hal_spi.c ****   * @brief  Handle SPI Communication Timeout.
3898:Drivers/STM32G0xx_HAL_Driver/Src/stm32g0xx_hal_spi.c ****   * @param  hspi pointer to a SPI_HandleTypeDef structure that contains
3899:Drivers/STM32G0xx_HAL_Driver/Src/stm32g0xx_hal_spi.c ****   *              the configuration information for SPI module.
3900:Drivers/STM32G0xx_HAL_Driver/Src/stm32g0xx_hal_spi.c ****   * @param  Flag SPI flag to check
3901:Drivers/STM32G0xx_HAL_Driver/Src/stm32g0xx_hal_spi.c ****   * @param  State flag state to check
3902:Drivers/STM32G0xx_HAL_Driver/Src/stm32g0xx_hal_spi.c ****   * @param  Timeout Timeout duration
3903:Drivers/STM32G0xx_HAL_Driver/Src/stm32g0xx_hal_spi.c ****   * @param  Tickstart tick start value
3904:Drivers/STM32G0xx_HAL_Driver/Src/stm32g0xx_hal_spi.c ****   * @retval HAL status
3905:Drivers/STM32G0xx_HAL_Driver/Src/stm32g0xx_hal_spi.c ****   */
3906:Drivers/STM32G0xx_HAL_Driver/Src/stm32g0xx_hal_spi.c **** static HAL_StatusTypeDef SPI_WaitFlagStateUntilTimeout(SPI_HandleTypeDef *hspi, uint32_t Flag, Flag
3907:Drivers/STM32G0xx_HAL_Driver/Src/stm32g0xx_hal_spi.c ****                                                        uint32_t Timeout, uint32_t Tickstart)
3908:Drivers/STM32G0xx_HAL_Driver/Src/stm32g0xx_hal_spi.c **** {
ARM GAS  C:\Users\sante\AppData\Local\Temp\cc1VgFnO.s 			page 70


  27              		.loc 1 3908 1 view -0
  28              		.cfi_startproc
  29              		@ args = 4, pretend = 0, frame = 8
  30              		@ frame_needed = 0, uses_anonymous_args = 0
  31              		.loc 1 3908 1 is_stmt 0 view .LVU1
  32 0000 F0B5     		push	{r4, r5, r6, r7, lr}
  33              		.cfi_def_cfa_offset 20
  34              		.cfi_offset 4, -20
  35              		.cfi_offset 5, -16
  36              		.cfi_offset 6, -12
  37              		.cfi_offset 7, -8
  38              		.cfi_offset 14, -4
  39 0002 D646     		mov	lr, r10
  40 0004 4F46     		mov	r7, r9
  41 0006 4646     		mov	r6, r8
  42 0008 C0B5     		push	{r6, r7, lr}
  43              		.cfi_def_cfa_offset 32
  44              		.cfi_offset 8, -32
  45              		.cfi_offset 9, -28
  46              		.cfi_offset 10, -24
  47 000a 82B0     		sub	sp, sp, #8
  48              		.cfi_def_cfa_offset 40
  49 000c 0600     		movs	r6, r0
  50 000e 0D00     		movs	r5, r1
  51 0010 9046     		mov	r8, r2
  52 0012 1F00     		movs	r7, r3
3909:Drivers/STM32G0xx_HAL_Driver/Src/stm32g0xx_hal_spi.c ****   __IO uint32_t count;
  53              		.loc 1 3909 3 is_stmt 1 view .LVU2
3910:Drivers/STM32G0xx_HAL_Driver/Src/stm32g0xx_hal_spi.c ****   uint32_t tmp_timeout;
  54              		.loc 1 3910 3 view .LVU3
3911:Drivers/STM32G0xx_HAL_Driver/Src/stm32g0xx_hal_spi.c ****   uint32_t tmp_tickstart;
  55              		.loc 1 3911 3 view .LVU4
3912:Drivers/STM32G0xx_HAL_Driver/Src/stm32g0xx_hal_spi.c **** 
3913:Drivers/STM32G0xx_HAL_Driver/Src/stm32g0xx_hal_spi.c ****   /* Adjust Timeout value  in case of end of transfer */
3914:Drivers/STM32G0xx_HAL_Driver/Src/stm32g0xx_hal_spi.c ****   tmp_timeout   = Timeout - (HAL_GetTick() - Tickstart);
  56              		.loc 1 3914 3 view .LVU5
  57              		.loc 1 3914 30 is_stmt 0 view .LVU6
  58 0014 FFF7FEFF 		bl	HAL_GetTick
  59              	.LVL1:
  60              		.loc 1 3914 44 discriminator 1 view .LVU7
  61 0018 0A9B     		ldr	r3, [sp, #40]
  62 001a 181A     		subs	r0, r3, r0
  63              		.loc 1 3914 17 discriminator 1 view .LVU8
  64 001c 8146     		mov	r9, r0
  65 001e B944     		add	r9, r9, r7
  66              	.LVL2:
3915:Drivers/STM32G0xx_HAL_Driver/Src/stm32g0xx_hal_spi.c ****   tmp_tickstart = HAL_GetTick();
  67              		.loc 1 3915 3 is_stmt 1 view .LVU9
  68              		.loc 1 3915 19 is_stmt 0 view .LVU10
  69 0020 FFF7FEFF 		bl	HAL_GetTick
  70              	.LVL3:
  71 0024 8246     		mov	r10, r0
  72              	.LVL4:
3916:Drivers/STM32G0xx_HAL_Driver/Src/stm32g0xx_hal_spi.c **** 
3917:Drivers/STM32G0xx_HAL_Driver/Src/stm32g0xx_hal_spi.c ****   /* Calculate Timeout based on a software loop to avoid blocking issue if Systick is disabled */
3918:Drivers/STM32G0xx_HAL_Driver/Src/stm32g0xx_hal_spi.c ****   count = tmp_timeout * ((SystemCoreClock * 32U) >> 20U);
  73              		.loc 1 3918 3 is_stmt 1 view .LVU11
ARM GAS  C:\Users\sante\AppData\Local\Temp\cc1VgFnO.s 			page 71


  74              		.loc 1 3918 43 is_stmt 0 view .LVU12
  75 0026 2C4B     		ldr	r3, .L16
  76 0028 1B68     		ldr	r3, [r3]
  77 002a 5B01     		lsls	r3, r3, #5
  78              		.loc 1 3918 50 view .LVU13
  79 002c 1B0D     		lsrs	r3, r3, #20
  80              		.loc 1 3918 23 view .LVU14
  81 002e 4A46     		mov	r2, r9
  82 0030 5343     		muls	r3, r2
  83              		.loc 1 3918 9 view .LVU15
  84 0032 0193     		str	r3, [sp, #4]
3919:Drivers/STM32G0xx_HAL_Driver/Src/stm32g0xx_hal_spi.c **** 
3920:Drivers/STM32G0xx_HAL_Driver/Src/stm32g0xx_hal_spi.c ****   while ((__HAL_SPI_GET_FLAG(hspi, Flag) ? SET : RESET) != State)
  85              		.loc 1 3920 3 is_stmt 1 view .LVU16
  86              	.LVL5:
  87              	.L3:
  88              		.loc 1 3920 57 view .LVU17
  89              		.loc 1 3920 11 is_stmt 0 view .LVU18
  90 0034 3368     		ldr	r3, [r6]
  91 0036 9C68     		ldr	r4, [r3, #8]
  92 0038 2C40     		ands	r4, r5
  93              		.loc 1 3920 48 view .LVU19
  94 003a 641B     		subs	r4, r4, r5
  95 003c 6342     		rsbs	r3, r4, #0
  96 003e 5C41     		adcs	r4, r4, r3
  97              		.loc 1 3920 57 view .LVU20
  98 0040 4445     		cmp	r4, r8
  99 0042 42D0     		beq	.L12
3921:Drivers/STM32G0xx_HAL_Driver/Src/stm32g0xx_hal_spi.c ****   {
3922:Drivers/STM32G0xx_HAL_Driver/Src/stm32g0xx_hal_spi.c ****     if (Timeout != HAL_MAX_DELAY)
 100              		.loc 1 3922 5 is_stmt 1 view .LVU21
 101              		.loc 1 3922 8 is_stmt 0 view .LVU22
 102 0044 7B1C     		adds	r3, r7, #1
 103 0046 F5D0     		beq	.L3
3923:Drivers/STM32G0xx_HAL_Driver/Src/stm32g0xx_hal_spi.c ****     {
3924:Drivers/STM32G0xx_HAL_Driver/Src/stm32g0xx_hal_spi.c ****       if (((HAL_GetTick() - tmp_tickstart) >= tmp_timeout) || (tmp_timeout == 0U))
 104              		.loc 1 3924 7 is_stmt 1 view .LVU23
 105              		.loc 1 3924 13 is_stmt 0 view .LVU24
 106 0048 FFF7FEFF 		bl	HAL_GetTick
 107              	.LVL6:
 108              		.loc 1 3924 27 discriminator 1 view .LVU25
 109 004c 5346     		mov	r3, r10
 110 004e C01A     		subs	r0, r0, r3
 111              		.loc 1 3924 10 discriminator 1 view .LVU26
 112 0050 4845     		cmp	r0, r9
 113 0052 08D2     		bcs	.L13
 114              	.LVL7:
3925:Drivers/STM32G0xx_HAL_Driver/Src/stm32g0xx_hal_spi.c ****       {
3926:Drivers/STM32G0xx_HAL_Driver/Src/stm32g0xx_hal_spi.c ****         /* Disable the SPI and reset the CRC: the CRC value should be cleared
3927:Drivers/STM32G0xx_HAL_Driver/Src/stm32g0xx_hal_spi.c ****            on both master and slave sides in order to resynchronize the master
3928:Drivers/STM32G0xx_HAL_Driver/Src/stm32g0xx_hal_spi.c ****            and slave for their respective CRC calculation */
3929:Drivers/STM32G0xx_HAL_Driver/Src/stm32g0xx_hal_spi.c **** 
3930:Drivers/STM32G0xx_HAL_Driver/Src/stm32g0xx_hal_spi.c ****         /* Disable TXE, RXNE and ERR interrupts for the interrupt process */
3931:Drivers/STM32G0xx_HAL_Driver/Src/stm32g0xx_hal_spi.c ****         __HAL_SPI_DISABLE_IT(hspi, (SPI_IT_TXE | SPI_IT_RXNE | SPI_IT_ERR));
3932:Drivers/STM32G0xx_HAL_Driver/Src/stm32g0xx_hal_spi.c **** 
3933:Drivers/STM32G0xx_HAL_Driver/Src/stm32g0xx_hal_spi.c ****         if ((hspi->Init.Mode == SPI_MODE_MASTER) && ((hspi->Init.Direction == SPI_DIRECTION_1LINE)
3934:Drivers/STM32G0xx_HAL_Driver/Src/stm32g0xx_hal_spi.c ****                                                      || (hspi->Init.Direction == SPI_DIRECTION_2LIN
ARM GAS  C:\Users\sante\AppData\Local\Temp\cc1VgFnO.s 			page 72


3935:Drivers/STM32G0xx_HAL_Driver/Src/stm32g0xx_hal_spi.c ****         {
3936:Drivers/STM32G0xx_HAL_Driver/Src/stm32g0xx_hal_spi.c ****           /* Disable SPI peripheral */
3937:Drivers/STM32G0xx_HAL_Driver/Src/stm32g0xx_hal_spi.c ****           __HAL_SPI_DISABLE(hspi);
3938:Drivers/STM32G0xx_HAL_Driver/Src/stm32g0xx_hal_spi.c ****         }
3939:Drivers/STM32G0xx_HAL_Driver/Src/stm32g0xx_hal_spi.c **** 
3940:Drivers/STM32G0xx_HAL_Driver/Src/stm32g0xx_hal_spi.c ****         /* Reset CRC Calculation */
3941:Drivers/STM32G0xx_HAL_Driver/Src/stm32g0xx_hal_spi.c ****         if (hspi->Init.CRCCalculation == SPI_CRCCALCULATION_ENABLE)
3942:Drivers/STM32G0xx_HAL_Driver/Src/stm32g0xx_hal_spi.c ****         {
3943:Drivers/STM32G0xx_HAL_Driver/Src/stm32g0xx_hal_spi.c ****           SPI_RESET_CRC(hspi);
3944:Drivers/STM32G0xx_HAL_Driver/Src/stm32g0xx_hal_spi.c ****         }
3945:Drivers/STM32G0xx_HAL_Driver/Src/stm32g0xx_hal_spi.c **** 
3946:Drivers/STM32G0xx_HAL_Driver/Src/stm32g0xx_hal_spi.c ****         hspi->State = HAL_SPI_STATE_READY;
3947:Drivers/STM32G0xx_HAL_Driver/Src/stm32g0xx_hal_spi.c **** 
3948:Drivers/STM32G0xx_HAL_Driver/Src/stm32g0xx_hal_spi.c ****         /* Process Unlocked */
3949:Drivers/STM32G0xx_HAL_Driver/Src/stm32g0xx_hal_spi.c ****         __HAL_UNLOCK(hspi);
3950:Drivers/STM32G0xx_HAL_Driver/Src/stm32g0xx_hal_spi.c **** 
3951:Drivers/STM32G0xx_HAL_Driver/Src/stm32g0xx_hal_spi.c ****         return HAL_TIMEOUT;
3952:Drivers/STM32G0xx_HAL_Driver/Src/stm32g0xx_hal_spi.c ****       }
3953:Drivers/STM32G0xx_HAL_Driver/Src/stm32g0xx_hal_spi.c ****       /* If Systick is disabled or not incremented, deactivate timeout to go in disable loop proced
3954:Drivers/STM32G0xx_HAL_Driver/Src/stm32g0xx_hal_spi.c ****       if (count == 0U)
 115              		.loc 1 3954 7 is_stmt 1 view .LVU27
 116              		.loc 1 3954 17 is_stmt 0 view .LVU28
 117 0054 019A     		ldr	r2, [sp, #4]
 118              		.loc 1 3954 10 view .LVU29
 119 0056 002A     		cmp	r2, #0
 120 0058 00D0     		beq	.L9
 121 005a 4A46     		mov	r2, r9
 122              	.L9:
 123              	.LVL8:
3955:Drivers/STM32G0xx_HAL_Driver/Src/stm32g0xx_hal_spi.c ****       {
3956:Drivers/STM32G0xx_HAL_Driver/Src/stm32g0xx_hal_spi.c ****         tmp_timeout = 0U;
3957:Drivers/STM32G0xx_HAL_Driver/Src/stm32g0xx_hal_spi.c ****       }
3958:Drivers/STM32G0xx_HAL_Driver/Src/stm32g0xx_hal_spi.c ****       count--;
 124              		.loc 1 3958 7 is_stmt 1 view .LVU30
 125              		.loc 1 3958 12 is_stmt 0 view .LVU31
 126 005c 019B     		ldr	r3, [sp, #4]
 127              	.LVL9:
 128              		.loc 1 3958 12 view .LVU32
 129 005e 013B     		subs	r3, r3, #1
 130 0060 0193     		str	r3, [sp, #4]
 131 0062 9146     		mov	r9, r2
 132 0064 E6E7     		b	.L3
 133              	.LVL10:
 134              	.L13:
3931:Drivers/STM32G0xx_HAL_Driver/Src/stm32g0xx_hal_spi.c **** 
 135              		.loc 1 3931 9 is_stmt 1 view .LVU33
 136 0066 3268     		ldr	r2, [r6]
 137 0068 5368     		ldr	r3, [r2, #4]
 138              	.LVL11:
3931:Drivers/STM32G0xx_HAL_Driver/Src/stm32g0xx_hal_spi.c **** 
 139              		.loc 1 3931 9 is_stmt 0 view .LVU34
 140 006a E021     		movs	r1, #224
 141 006c 8B43     		bics	r3, r1
 142 006e 5360     		str	r3, [r2, #4]
3933:Drivers/STM32G0xx_HAL_Driver/Src/stm32g0xx_hal_spi.c ****                                                      || (hspi->Init.Direction == SPI_DIRECTION_2LIN
 143              		.loc 1 3933 9 is_stmt 1 view .LVU35
3933:Drivers/STM32G0xx_HAL_Driver/Src/stm32g0xx_hal_spi.c ****                                                      || (hspi->Init.Direction == SPI_DIRECTION_2LIN
ARM GAS  C:\Users\sante\AppData\Local\Temp\cc1VgFnO.s 			page 73


 144              		.loc 1 3933 24 is_stmt 0 view .LVU36
 145 0070 7268     		ldr	r2, [r6, #4]
3933:Drivers/STM32G0xx_HAL_Driver/Src/stm32g0xx_hal_spi.c ****                                                      || (hspi->Init.Direction == SPI_DIRECTION_2LIN
 146              		.loc 1 3933 12 view .LVU37
 147 0072 8223     		movs	r3, #130
 148 0074 5B00     		lsls	r3, r3, #1
 149 0076 9A42     		cmp	r2, r3
 150 0078 0CD0     		beq	.L14
 151              	.L5:
3941:Drivers/STM32G0xx_HAL_Driver/Src/stm32g0xx_hal_spi.c ****         {
 152              		.loc 1 3941 9 is_stmt 1 view .LVU38
3941:Drivers/STM32G0xx_HAL_Driver/Src/stm32g0xx_hal_spi.c ****         {
 153              		.loc 1 3941 23 is_stmt 0 view .LVU39
 154 007a B26A     		ldr	r2, [r6, #40]
3941:Drivers/STM32G0xx_HAL_Driver/Src/stm32g0xx_hal_spi.c ****         {
 155              		.loc 1 3941 12 view .LVU40
 156 007c 8023     		movs	r3, #128
 157 007e 9B01     		lsls	r3, r3, #6
 158 0080 9A42     		cmp	r2, r3
 159 0082 16D0     		beq	.L15
 160              	.L7:
3943:Drivers/STM32G0xx_HAL_Driver/Src/stm32g0xx_hal_spi.c ****         }
 161              		.loc 1 3943 11 is_stmt 1 discriminator 1 view .LVU41
3946:Drivers/STM32G0xx_HAL_Driver/Src/stm32g0xx_hal_spi.c **** 
 162              		.loc 1 3946 9 view .LVU42
3946:Drivers/STM32G0xx_HAL_Driver/Src/stm32g0xx_hal_spi.c **** 
 163              		.loc 1 3946 21 is_stmt 0 view .LVU43
 164 0084 5D23     		movs	r3, #93
 165 0086 0122     		movs	r2, #1
 166 0088 F254     		strb	r2, [r6, r3]
3949:Drivers/STM32G0xx_HAL_Driver/Src/stm32g0xx_hal_spi.c **** 
 167              		.loc 1 3949 9 is_stmt 1 view .LVU44
3949:Drivers/STM32G0xx_HAL_Driver/Src/stm32g0xx_hal_spi.c **** 
 168              		.loc 1 3949 9 view .LVU45
 169 008a 013B     		subs	r3, r3, #1
 170 008c 0022     		movs	r2, #0
 171 008e F254     		strb	r2, [r6, r3]
3949:Drivers/STM32G0xx_HAL_Driver/Src/stm32g0xx_hal_spi.c **** 
 172              		.loc 1 3949 9 view .LVU46
3951:Drivers/STM32G0xx_HAL_Driver/Src/stm32g0xx_hal_spi.c ****       }
 173              		.loc 1 3951 9 view .LVU47
3951:Drivers/STM32G0xx_HAL_Driver/Src/stm32g0xx_hal_spi.c ****       }
 174              		.loc 1 3951 16 is_stmt 0 view .LVU48
 175 0090 0320     		movs	r0, #3
 176 0092 1BE0     		b	.L8
 177              	.L14:
3933:Drivers/STM32G0xx_HAL_Driver/Src/stm32g0xx_hal_spi.c ****                                                      || (hspi->Init.Direction == SPI_DIRECTION_2LIN
 178              		.loc 1 3933 65 discriminator 1 view .LVU49
 179 0094 B368     		ldr	r3, [r6, #8]
3933:Drivers/STM32G0xx_HAL_Driver/Src/stm32g0xx_hal_spi.c ****                                                      || (hspi->Init.Direction == SPI_DIRECTION_2LIN
 180              		.loc 1 3933 50 discriminator 1 view .LVU50
 181 0096 8022     		movs	r2, #128
 182 0098 1202     		lsls	r2, r2, #8
 183 009a 9342     		cmp	r3, r2
 184 009c 03D0     		beq	.L6
3934:Drivers/STM32G0xx_HAL_Driver/Src/stm32g0xx_hal_spi.c ****         {
 185              		.loc 1 3934 54 view .LVU51
ARM GAS  C:\Users\sante\AppData\Local\Temp\cc1VgFnO.s 			page 74


 186 009e 8022     		movs	r2, #128
 187 00a0 D200     		lsls	r2, r2, #3
 188 00a2 9342     		cmp	r3, r2
 189 00a4 E9D1     		bne	.L5
 190              	.L6:
3937:Drivers/STM32G0xx_HAL_Driver/Src/stm32g0xx_hal_spi.c ****         }
 191              		.loc 1 3937 11 is_stmt 1 view .LVU52
 192 00a6 3268     		ldr	r2, [r6]
 193 00a8 1368     		ldr	r3, [r2]
 194 00aa 4021     		movs	r1, #64
 195 00ac 8B43     		bics	r3, r1
 196 00ae 1360     		str	r3, [r2]
 197 00b0 E3E7     		b	.L5
 198              	.L15:
3943:Drivers/STM32G0xx_HAL_Driver/Src/stm32g0xx_hal_spi.c ****         }
 199              		.loc 1 3943 11 view .LVU53
3943:Drivers/STM32G0xx_HAL_Driver/Src/stm32g0xx_hal_spi.c ****         }
 200              		.loc 1 3943 11 view .LVU54
 201 00b2 3268     		ldr	r2, [r6]
 202 00b4 1368     		ldr	r3, [r2]
 203 00b6 0949     		ldr	r1, .L16+4
 204 00b8 0B40     		ands	r3, r1
 205 00ba 1360     		str	r3, [r2]
3943:Drivers/STM32G0xx_HAL_Driver/Src/stm32g0xx_hal_spi.c ****         }
 206              		.loc 1 3943 11 view .LVU55
 207 00bc 3268     		ldr	r2, [r6]
 208 00be 1168     		ldr	r1, [r2]
 209 00c0 8023     		movs	r3, #128
 210 00c2 9B01     		lsls	r3, r3, #6
 211 00c4 0B43     		orrs	r3, r1
 212 00c6 1360     		str	r3, [r2]
 213 00c8 DCE7     		b	.L7
 214              	.LVL12:
 215              	.L12:
3959:Drivers/STM32G0xx_HAL_Driver/Src/stm32g0xx_hal_spi.c ****     }
3960:Drivers/STM32G0xx_HAL_Driver/Src/stm32g0xx_hal_spi.c ****   }
3961:Drivers/STM32G0xx_HAL_Driver/Src/stm32g0xx_hal_spi.c **** 
3962:Drivers/STM32G0xx_HAL_Driver/Src/stm32g0xx_hal_spi.c ****   return HAL_OK;
 216              		.loc 1 3962 10 is_stmt 0 view .LVU56
 217 00ca 0020     		movs	r0, #0
 218              	.LVL13:
 219              	.L8:
3963:Drivers/STM32G0xx_HAL_Driver/Src/stm32g0xx_hal_spi.c **** }
 220              		.loc 1 3963 1 view .LVU57
 221 00cc 02B0     		add	sp, sp, #8
 222              		@ sp needed
 223              	.LVL14:
 224              	.LVL15:
 225              	.LVL16:
 226              	.LVL17:
 227              	.LVL18:
 228              	.LVL19:
 229              		.loc 1 3963 1 view .LVU58
 230 00ce E0BC     		pop	{r5, r6, r7}
 231 00d0 BA46     		mov	r10, r7
 232 00d2 B146     		mov	r9, r6
 233 00d4 A846     		mov	r8, r5
ARM GAS  C:\Users\sante\AppData\Local\Temp\cc1VgFnO.s 			page 75


 234 00d6 F0BD     		pop	{r4, r5, r6, r7, pc}
 235              	.L17:
 236              		.align	2
 237              	.L16:
 238 00d8 00000000 		.word	SystemCoreClock
 239 00dc FFDFFFFF 		.word	-8193
 240              		.cfi_endproc
 241              	.LFE540:
 243              		.section	.text.SPI_WaitFifoStateUntilTimeout,"ax",%progbits
 244              		.align	1
 245              		.syntax unified
 246              		.code	16
 247              		.thumb_func
 249              	SPI_WaitFifoStateUntilTimeout:
 250              	.LVL20:
 251              	.LFB541:
3964:Drivers/STM32G0xx_HAL_Driver/Src/stm32g0xx_hal_spi.c **** 
3965:Drivers/STM32G0xx_HAL_Driver/Src/stm32g0xx_hal_spi.c **** /**
3966:Drivers/STM32G0xx_HAL_Driver/Src/stm32g0xx_hal_spi.c ****   * @brief  Handle SPI FIFO Communication Timeout.
3967:Drivers/STM32G0xx_HAL_Driver/Src/stm32g0xx_hal_spi.c ****   * @param  hspi pointer to a SPI_HandleTypeDef structure that contains
3968:Drivers/STM32G0xx_HAL_Driver/Src/stm32g0xx_hal_spi.c ****   *              the configuration information for SPI module.
3969:Drivers/STM32G0xx_HAL_Driver/Src/stm32g0xx_hal_spi.c ****   * @param  Fifo Fifo to check
3970:Drivers/STM32G0xx_HAL_Driver/Src/stm32g0xx_hal_spi.c ****   * @param  State Fifo state to check
3971:Drivers/STM32G0xx_HAL_Driver/Src/stm32g0xx_hal_spi.c ****   * @param  Timeout Timeout duration
3972:Drivers/STM32G0xx_HAL_Driver/Src/stm32g0xx_hal_spi.c ****   * @param  Tickstart tick start value
3973:Drivers/STM32G0xx_HAL_Driver/Src/stm32g0xx_hal_spi.c ****   * @retval HAL status
3974:Drivers/STM32G0xx_HAL_Driver/Src/stm32g0xx_hal_spi.c ****   */
3975:Drivers/STM32G0xx_HAL_Driver/Src/stm32g0xx_hal_spi.c **** static HAL_StatusTypeDef SPI_WaitFifoStateUntilTimeout(SPI_HandleTypeDef *hspi, uint32_t Fifo, uint
3976:Drivers/STM32G0xx_HAL_Driver/Src/stm32g0xx_hal_spi.c ****                                                        uint32_t Timeout, uint32_t Tickstart)
3977:Drivers/STM32G0xx_HAL_Driver/Src/stm32g0xx_hal_spi.c **** {
 252              		.loc 1 3977 1 is_stmt 1 view -0
 253              		.cfi_startproc
 254              		@ args = 4, pretend = 0, frame = 8
 255              		@ frame_needed = 0, uses_anonymous_args = 0
 256              		.loc 1 3977 1 is_stmt 0 view .LVU60
 257 0000 F0B5     		push	{r4, r5, r6, r7, lr}
 258              		.cfi_def_cfa_offset 20
 259              		.cfi_offset 4, -20
 260              		.cfi_offset 5, -16
 261              		.cfi_offset 6, -12
 262              		.cfi_offset 7, -8
 263              		.cfi_offset 14, -4
 264 0002 DE46     		mov	lr, fp
 265 0004 5746     		mov	r7, r10
 266 0006 4E46     		mov	r6, r9
 267 0008 4546     		mov	r5, r8
 268 000a E0B5     		push	{r5, r6, r7, lr}
 269              		.cfi_def_cfa_offset 36
 270              		.cfi_offset 8, -36
 271              		.cfi_offset 9, -32
 272              		.cfi_offset 10, -28
 273              		.cfi_offset 11, -24
 274 000c 83B0     		sub	sp, sp, #12
 275              		.cfi_def_cfa_offset 48
 276 000e 0700     		movs	r7, r0
 277 0010 0D00     		movs	r5, r1
 278 0012 1600     		movs	r6, r2
ARM GAS  C:\Users\sante\AppData\Local\Temp\cc1VgFnO.s 			page 76


 279 0014 9846     		mov	r8, r3
3978:Drivers/STM32G0xx_HAL_Driver/Src/stm32g0xx_hal_spi.c ****   __IO uint32_t count;
 280              		.loc 1 3978 3 is_stmt 1 view .LVU61
3979:Drivers/STM32G0xx_HAL_Driver/Src/stm32g0xx_hal_spi.c ****   uint32_t tmp_timeout;
 281              		.loc 1 3979 3 view .LVU62
3980:Drivers/STM32G0xx_HAL_Driver/Src/stm32g0xx_hal_spi.c ****   uint32_t tmp_tickstart;
 282              		.loc 1 3980 3 view .LVU63
3981:Drivers/STM32G0xx_HAL_Driver/Src/stm32g0xx_hal_spi.c ****   __IO uint8_t  *ptmpreg8;
 283              		.loc 1 3981 3 view .LVU64
3982:Drivers/STM32G0xx_HAL_Driver/Src/stm32g0xx_hal_spi.c ****   __IO uint8_t  tmpreg8 = 0;
 284              		.loc 1 3982 3 view .LVU65
 285              		.loc 1 3982 17 is_stmt 0 view .LVU66
 286 0016 6B46     		mov	r3, sp
 287              	.LVL21:
 288              		.loc 1 3982 17 view .LVU67
 289 0018 0022     		movs	r2, #0
 290              	.LVL22:
 291              		.loc 1 3982 17 view .LVU68
 292 001a DA70     		strb	r2, [r3, #3]
3983:Drivers/STM32G0xx_HAL_Driver/Src/stm32g0xx_hal_spi.c **** 
3984:Drivers/STM32G0xx_HAL_Driver/Src/stm32g0xx_hal_spi.c ****   /* Adjust Timeout value  in case of end of transfer */
3985:Drivers/STM32G0xx_HAL_Driver/Src/stm32g0xx_hal_spi.c ****   tmp_timeout = Timeout - (HAL_GetTick() - Tickstart);
 293              		.loc 1 3985 3 is_stmt 1 view .LVU69
 294              		.loc 1 3985 28 is_stmt 0 view .LVU70
 295 001c FFF7FEFF 		bl	HAL_GetTick
 296              	.LVL23:
 297              		.loc 1 3985 42 discriminator 1 view .LVU71
 298 0020 0C9B     		ldr	r3, [sp, #48]
 299 0022 181A     		subs	r0, r3, r0
 300              		.loc 1 3985 15 discriminator 1 view .LVU72
 301 0024 4044     		add	r0, r0, r8
 302 0026 8146     		mov	r9, r0
 303              	.LVL24:
3986:Drivers/STM32G0xx_HAL_Driver/Src/stm32g0xx_hal_spi.c ****   tmp_tickstart = HAL_GetTick();
 304              		.loc 1 3986 3 is_stmt 1 view .LVU73
 305              		.loc 1 3986 19 is_stmt 0 view .LVU74
 306 0028 FFF7FEFF 		bl	HAL_GetTick
 307              	.LVL25:
 308              		.loc 1 3986 19 view .LVU75
 309 002c 8246     		mov	r10, r0
 310              	.LVL26:
3987:Drivers/STM32G0xx_HAL_Driver/Src/stm32g0xx_hal_spi.c **** 
3988:Drivers/STM32G0xx_HAL_Driver/Src/stm32g0xx_hal_spi.c ****   /* Initialize the 8bit temporary pointer */
3989:Drivers/STM32G0xx_HAL_Driver/Src/stm32g0xx_hal_spi.c ****   ptmpreg8 = (__IO uint8_t *)&hspi->Instance->DR;
 311              		.loc 1 3989 3 is_stmt 1 view .LVU76
 312              		.loc 1 3989 35 is_stmt 0 view .LVU77
 313 002e 3B68     		ldr	r3, [r7]
 314 0030 9B46     		mov	fp, r3
 315              	.LVL27:
3990:Drivers/STM32G0xx_HAL_Driver/Src/stm32g0xx_hal_spi.c **** 
3991:Drivers/STM32G0xx_HAL_Driver/Src/stm32g0xx_hal_spi.c ****   /* Calculate Timeout based on a software loop to avoid blocking issue if Systick is disabled */
3992:Drivers/STM32G0xx_HAL_Driver/Src/stm32g0xx_hal_spi.c ****   count = tmp_timeout * ((SystemCoreClock * 35U) >> 20U);
 316              		.loc 1 3992 3 is_stmt 1 view .LVU78
 317              		.loc 1 3992 43 is_stmt 0 view .LVU79
 318 0032 344B     		ldr	r3, .L35
 319              	.LVL28:
 320              		.loc 1 3992 43 view .LVU80
ARM GAS  C:\Users\sante\AppData\Local\Temp\cc1VgFnO.s 			page 77


 321 0034 1B68     		ldr	r3, [r3]
 322 0036 9A00     		lsls	r2, r3, #2
 323 0038 D218     		adds	r2, r2, r3
 324 003a D300     		lsls	r3, r2, #3
 325 003c 9B1A     		subs	r3, r3, r2
 326              		.loc 1 3992 50 view .LVU81
 327 003e 1B0D     		lsrs	r3, r3, #20
 328              		.loc 1 3992 23 view .LVU82
 329 0040 4A46     		mov	r2, r9
 330 0042 5343     		muls	r3, r2
 331              		.loc 1 3992 9 view .LVU83
 332 0044 0193     		str	r3, [sp, #4]
3993:Drivers/STM32G0xx_HAL_Driver/Src/stm32g0xx_hal_spi.c **** 
3994:Drivers/STM32G0xx_HAL_Driver/Src/stm32g0xx_hal_spi.c ****   while ((hspi->Instance->SR & Fifo) != State)
 333              		.loc 1 3994 3 is_stmt 1 view .LVU84
 334              		.loc 1 3994 9 is_stmt 0 view .LVU85
 335 0046 02E0     		b	.L21
 336              	.LVL29:
 337              	.L20:
3995:Drivers/STM32G0xx_HAL_Driver/Src/stm32g0xx_hal_spi.c ****   {
3996:Drivers/STM32G0xx_HAL_Driver/Src/stm32g0xx_hal_spi.c ****     if ((Fifo == SPI_SR_FRLVL) && (State == SPI_FRLVL_EMPTY))
3997:Drivers/STM32G0xx_HAL_Driver/Src/stm32g0xx_hal_spi.c ****     {
3998:Drivers/STM32G0xx_HAL_Driver/Src/stm32g0xx_hal_spi.c ****       /* Flush Data Register by a blank read */
3999:Drivers/STM32G0xx_HAL_Driver/Src/stm32g0xx_hal_spi.c ****       tmpreg8 = *ptmpreg8;
4000:Drivers/STM32G0xx_HAL_Driver/Src/stm32g0xx_hal_spi.c ****       /* To avoid GCC warning */
4001:Drivers/STM32G0xx_HAL_Driver/Src/stm32g0xx_hal_spi.c ****       UNUSED(tmpreg8);
4002:Drivers/STM32G0xx_HAL_Driver/Src/stm32g0xx_hal_spi.c ****     }
4003:Drivers/STM32G0xx_HAL_Driver/Src/stm32g0xx_hal_spi.c **** 
4004:Drivers/STM32G0xx_HAL_Driver/Src/stm32g0xx_hal_spi.c ****     if (Timeout != HAL_MAX_DELAY)
 338              		.loc 1 4004 5 is_stmt 1 view .LVU86
 339              		.loc 1 4004 8 is_stmt 0 view .LVU87
 340 0048 4346     		mov	r3, r8
 341 004a 0133     		adds	r3, r3, #1
 342 004c 11D1     		bne	.L30
 343              	.L21:
3994:Drivers/STM32G0xx_HAL_Driver/Src/stm32g0xx_hal_spi.c ****   {
 344              		.loc 1 3994 38 is_stmt 1 view .LVU88
3994:Drivers/STM32G0xx_HAL_Driver/Src/stm32g0xx_hal_spi.c ****   {
 345              		.loc 1 3994 15 is_stmt 0 view .LVU89
 346 004e 3B68     		ldr	r3, [r7]
3994:Drivers/STM32G0xx_HAL_Driver/Src/stm32g0xx_hal_spi.c ****   {
 347              		.loc 1 3994 25 view .LVU90
 348 0050 9C68     		ldr	r4, [r3, #8]
3994:Drivers/STM32G0xx_HAL_Driver/Src/stm32g0xx_hal_spi.c ****   {
 349              		.loc 1 3994 30 view .LVU91
 350 0052 2C40     		ands	r4, r5
3994:Drivers/STM32G0xx_HAL_Driver/Src/stm32g0xx_hal_spi.c ****   {
 351              		.loc 1 3994 38 view .LVU92
 352 0054 B442     		cmp	r4, r6
 353 0056 4DD0     		beq	.L31
3996:Drivers/STM32G0xx_HAL_Driver/Src/stm32g0xx_hal_spi.c ****     {
 354              		.loc 1 3996 5 is_stmt 1 view .LVU93
3996:Drivers/STM32G0xx_HAL_Driver/Src/stm32g0xx_hal_spi.c ****     {
 355              		.loc 1 3996 8 is_stmt 0 view .LVU94
 356 0058 C023     		movs	r3, #192
 357 005a DB00     		lsls	r3, r3, #3
 358 005c 9D42     		cmp	r5, r3
ARM GAS  C:\Users\sante\AppData\Local\Temp\cc1VgFnO.s 			page 78


 359 005e F3D1     		bne	.L20
3996:Drivers/STM32G0xx_HAL_Driver/Src/stm32g0xx_hal_spi.c ****     {
 360              		.loc 1 3996 32 discriminator 1 view .LVU95
 361 0060 002E     		cmp	r6, #0
 362 0062 F1D1     		bne	.L20
3999:Drivers/STM32G0xx_HAL_Driver/Src/stm32g0xx_hal_spi.c ****       /* To avoid GCC warning */
 363              		.loc 1 3999 7 is_stmt 1 view .LVU96
3999:Drivers/STM32G0xx_HAL_Driver/Src/stm32g0xx_hal_spi.c ****       /* To avoid GCC warning */
 364              		.loc 1 3999 17 is_stmt 0 view .LVU97
 365 0064 5B46     		mov	r3, fp
 366 0066 1B7B     		ldrb	r3, [r3, #12]
 367 0068 DBB2     		uxtb	r3, r3
3999:Drivers/STM32G0xx_HAL_Driver/Src/stm32g0xx_hal_spi.c ****       /* To avoid GCC warning */
 368              		.loc 1 3999 15 view .LVU98
 369 006a 6A46     		mov	r2, sp
 370 006c D370     		strb	r3, [r2, #3]
4001:Drivers/STM32G0xx_HAL_Driver/Src/stm32g0xx_hal_spi.c ****     }
 371              		.loc 1 4001 7 is_stmt 1 view .LVU99
 372 006e D378     		ldrb	r3, [r2, #3]
 373 0070 EAE7     		b	.L20
 374              	.L30:
4005:Drivers/STM32G0xx_HAL_Driver/Src/stm32g0xx_hal_spi.c ****     {
4006:Drivers/STM32G0xx_HAL_Driver/Src/stm32g0xx_hal_spi.c ****       if (((HAL_GetTick() - tmp_tickstart) >= tmp_timeout) || (tmp_timeout == 0U))
 375              		.loc 1 4006 7 view .LVU100
 376              		.loc 1 4006 13 is_stmt 0 view .LVU101
 377 0072 FFF7FEFF 		bl	HAL_GetTick
 378              	.LVL30:
 379              		.loc 1 4006 27 discriminator 1 view .LVU102
 380 0076 5346     		mov	r3, r10
 381 0078 C01A     		subs	r0, r0, r3
 382              		.loc 1 4006 10 discriminator 1 view .LVU103
 383 007a 4845     		cmp	r0, r9
 384 007c 08D2     		bcs	.L32
 385              	.LVL31:
4007:Drivers/STM32G0xx_HAL_Driver/Src/stm32g0xx_hal_spi.c ****       {
4008:Drivers/STM32G0xx_HAL_Driver/Src/stm32g0xx_hal_spi.c ****         /* Disable the SPI and reset the CRC: the CRC value should be cleared
4009:Drivers/STM32G0xx_HAL_Driver/Src/stm32g0xx_hal_spi.c ****            on both master and slave sides in order to resynchronize the master
4010:Drivers/STM32G0xx_HAL_Driver/Src/stm32g0xx_hal_spi.c ****            and slave for their respective CRC calculation */
4011:Drivers/STM32G0xx_HAL_Driver/Src/stm32g0xx_hal_spi.c **** 
4012:Drivers/STM32G0xx_HAL_Driver/Src/stm32g0xx_hal_spi.c ****         /* Disable TXE, RXNE and ERR interrupts for the interrupt process */
4013:Drivers/STM32G0xx_HAL_Driver/Src/stm32g0xx_hal_spi.c ****         __HAL_SPI_DISABLE_IT(hspi, (SPI_IT_TXE | SPI_IT_RXNE | SPI_IT_ERR));
4014:Drivers/STM32G0xx_HAL_Driver/Src/stm32g0xx_hal_spi.c **** 
4015:Drivers/STM32G0xx_HAL_Driver/Src/stm32g0xx_hal_spi.c ****         if ((hspi->Init.Mode == SPI_MODE_MASTER) && ((hspi->Init.Direction == SPI_DIRECTION_1LINE)
4016:Drivers/STM32G0xx_HAL_Driver/Src/stm32g0xx_hal_spi.c ****                                                      || (hspi->Init.Direction == SPI_DIRECTION_2LIN
4017:Drivers/STM32G0xx_HAL_Driver/Src/stm32g0xx_hal_spi.c ****         {
4018:Drivers/STM32G0xx_HAL_Driver/Src/stm32g0xx_hal_spi.c ****           /* Disable SPI peripheral */
4019:Drivers/STM32G0xx_HAL_Driver/Src/stm32g0xx_hal_spi.c ****           __HAL_SPI_DISABLE(hspi);
4020:Drivers/STM32G0xx_HAL_Driver/Src/stm32g0xx_hal_spi.c ****         }
4021:Drivers/STM32G0xx_HAL_Driver/Src/stm32g0xx_hal_spi.c **** 
4022:Drivers/STM32G0xx_HAL_Driver/Src/stm32g0xx_hal_spi.c ****         /* Reset CRC Calculation */
4023:Drivers/STM32G0xx_HAL_Driver/Src/stm32g0xx_hal_spi.c ****         if (hspi->Init.CRCCalculation == SPI_CRCCALCULATION_ENABLE)
4024:Drivers/STM32G0xx_HAL_Driver/Src/stm32g0xx_hal_spi.c ****         {
4025:Drivers/STM32G0xx_HAL_Driver/Src/stm32g0xx_hal_spi.c ****           SPI_RESET_CRC(hspi);
4026:Drivers/STM32G0xx_HAL_Driver/Src/stm32g0xx_hal_spi.c ****         }
4027:Drivers/STM32G0xx_HAL_Driver/Src/stm32g0xx_hal_spi.c **** 
4028:Drivers/STM32G0xx_HAL_Driver/Src/stm32g0xx_hal_spi.c ****         hspi->State = HAL_SPI_STATE_READY;
4029:Drivers/STM32G0xx_HAL_Driver/Src/stm32g0xx_hal_spi.c **** 
ARM GAS  C:\Users\sante\AppData\Local\Temp\cc1VgFnO.s 			page 79


4030:Drivers/STM32G0xx_HAL_Driver/Src/stm32g0xx_hal_spi.c ****         /* Process Unlocked */
4031:Drivers/STM32G0xx_HAL_Driver/Src/stm32g0xx_hal_spi.c ****         __HAL_UNLOCK(hspi);
4032:Drivers/STM32G0xx_HAL_Driver/Src/stm32g0xx_hal_spi.c **** 
4033:Drivers/STM32G0xx_HAL_Driver/Src/stm32g0xx_hal_spi.c ****         return HAL_TIMEOUT;
4034:Drivers/STM32G0xx_HAL_Driver/Src/stm32g0xx_hal_spi.c ****       }
4035:Drivers/STM32G0xx_HAL_Driver/Src/stm32g0xx_hal_spi.c ****       /* If Systick is disabled or not incremented, deactivate timeout to go in disable loop proced
4036:Drivers/STM32G0xx_HAL_Driver/Src/stm32g0xx_hal_spi.c ****       if (count == 0U)
 386              		.loc 1 4036 7 is_stmt 1 view .LVU104
 387              		.loc 1 4036 17 is_stmt 0 view .LVU105
 388 007e 019A     		ldr	r2, [sp, #4]
 389              		.loc 1 4036 10 view .LVU106
 390 0080 002A     		cmp	r2, #0
 391 0082 00D0     		beq	.L27
 392 0084 4A46     		mov	r2, r9
 393              	.L27:
 394              	.LVL32:
4037:Drivers/STM32G0xx_HAL_Driver/Src/stm32g0xx_hal_spi.c ****       {
4038:Drivers/STM32G0xx_HAL_Driver/Src/stm32g0xx_hal_spi.c ****         tmp_timeout = 0U;
4039:Drivers/STM32G0xx_HAL_Driver/Src/stm32g0xx_hal_spi.c ****       }
4040:Drivers/STM32G0xx_HAL_Driver/Src/stm32g0xx_hal_spi.c ****       count--;
 395              		.loc 1 4040 7 is_stmt 1 view .LVU107
 396              		.loc 1 4040 12 is_stmt 0 view .LVU108
 397 0086 019B     		ldr	r3, [sp, #4]
 398              	.LVL33:
 399              		.loc 1 4040 12 view .LVU109
 400 0088 013B     		subs	r3, r3, #1
 401 008a 0193     		str	r3, [sp, #4]
 402 008c 9146     		mov	r9, r2
 403 008e DEE7     		b	.L21
 404              	.LVL34:
 405              	.L32:
4013:Drivers/STM32G0xx_HAL_Driver/Src/stm32g0xx_hal_spi.c **** 
 406              		.loc 1 4013 9 is_stmt 1 view .LVU110
 407 0090 3A68     		ldr	r2, [r7]
 408 0092 5368     		ldr	r3, [r2, #4]
 409              	.LVL35:
4013:Drivers/STM32G0xx_HAL_Driver/Src/stm32g0xx_hal_spi.c **** 
 410              		.loc 1 4013 9 is_stmt 0 view .LVU111
 411 0094 E021     		movs	r1, #224
 412 0096 8B43     		bics	r3, r1
 413 0098 5360     		str	r3, [r2, #4]
4015:Drivers/STM32G0xx_HAL_Driver/Src/stm32g0xx_hal_spi.c ****                                                      || (hspi->Init.Direction == SPI_DIRECTION_2LIN
 414              		.loc 1 4015 9 is_stmt 1 view .LVU112
4015:Drivers/STM32G0xx_HAL_Driver/Src/stm32g0xx_hal_spi.c ****                                                      || (hspi->Init.Direction == SPI_DIRECTION_2LIN
 415              		.loc 1 4015 24 is_stmt 0 view .LVU113
 416 009a 7A68     		ldr	r2, [r7, #4]
4015:Drivers/STM32G0xx_HAL_Driver/Src/stm32g0xx_hal_spi.c ****                                                      || (hspi->Init.Direction == SPI_DIRECTION_2LIN
 417              		.loc 1 4015 12 view .LVU114
 418 009c 8223     		movs	r3, #130
 419 009e 5B00     		lsls	r3, r3, #1
 420 00a0 9A42     		cmp	r2, r3
 421 00a2 0CD0     		beq	.L33
 422              	.L23:
4023:Drivers/STM32G0xx_HAL_Driver/Src/stm32g0xx_hal_spi.c ****         {
 423              		.loc 1 4023 9 is_stmt 1 view .LVU115
4023:Drivers/STM32G0xx_HAL_Driver/Src/stm32g0xx_hal_spi.c ****         {
 424              		.loc 1 4023 23 is_stmt 0 view .LVU116
ARM GAS  C:\Users\sante\AppData\Local\Temp\cc1VgFnO.s 			page 80


 425 00a4 BA6A     		ldr	r2, [r7, #40]
4023:Drivers/STM32G0xx_HAL_Driver/Src/stm32g0xx_hal_spi.c ****         {
 426              		.loc 1 4023 12 view .LVU117
 427 00a6 8023     		movs	r3, #128
 428 00a8 9B01     		lsls	r3, r3, #6
 429 00aa 9A42     		cmp	r2, r3
 430 00ac 16D0     		beq	.L34
 431              	.L25:
4025:Drivers/STM32G0xx_HAL_Driver/Src/stm32g0xx_hal_spi.c ****         }
 432              		.loc 1 4025 11 is_stmt 1 discriminator 1 view .LVU118
4028:Drivers/STM32G0xx_HAL_Driver/Src/stm32g0xx_hal_spi.c **** 
 433              		.loc 1 4028 9 view .LVU119
4028:Drivers/STM32G0xx_HAL_Driver/Src/stm32g0xx_hal_spi.c **** 
 434              		.loc 1 4028 21 is_stmt 0 view .LVU120
 435 00ae 5D23     		movs	r3, #93
 436 00b0 0122     		movs	r2, #1
 437 00b2 FA54     		strb	r2, [r7, r3]
4031:Drivers/STM32G0xx_HAL_Driver/Src/stm32g0xx_hal_spi.c **** 
 438              		.loc 1 4031 9 is_stmt 1 view .LVU121
4031:Drivers/STM32G0xx_HAL_Driver/Src/stm32g0xx_hal_spi.c **** 
 439              		.loc 1 4031 9 view .LVU122
 440 00b4 013B     		subs	r3, r3, #1
 441 00b6 0022     		movs	r2, #0
 442 00b8 FA54     		strb	r2, [r7, r3]
4031:Drivers/STM32G0xx_HAL_Driver/Src/stm32g0xx_hal_spi.c **** 
 443              		.loc 1 4031 9 view .LVU123
4033:Drivers/STM32G0xx_HAL_Driver/Src/stm32g0xx_hal_spi.c ****       }
 444              		.loc 1 4033 9 view .LVU124
4033:Drivers/STM32G0xx_HAL_Driver/Src/stm32g0xx_hal_spi.c ****       }
 445              		.loc 1 4033 16 is_stmt 0 view .LVU125
 446 00ba 0320     		movs	r0, #3
 447 00bc 1BE0     		b	.L26
 448              	.L33:
4015:Drivers/STM32G0xx_HAL_Driver/Src/stm32g0xx_hal_spi.c ****                                                      || (hspi->Init.Direction == SPI_DIRECTION_2LIN
 449              		.loc 1 4015 65 discriminator 1 view .LVU126
 450 00be BB68     		ldr	r3, [r7, #8]
4015:Drivers/STM32G0xx_HAL_Driver/Src/stm32g0xx_hal_spi.c ****                                                      || (hspi->Init.Direction == SPI_DIRECTION_2LIN
 451              		.loc 1 4015 50 discriminator 1 view .LVU127
 452 00c0 8022     		movs	r2, #128
 453 00c2 1202     		lsls	r2, r2, #8
 454 00c4 9342     		cmp	r3, r2
 455 00c6 03D0     		beq	.L24
4016:Drivers/STM32G0xx_HAL_Driver/Src/stm32g0xx_hal_spi.c ****         {
 456              		.loc 1 4016 54 view .LVU128
 457 00c8 8022     		movs	r2, #128
 458 00ca D200     		lsls	r2, r2, #3
 459 00cc 9342     		cmp	r3, r2
 460 00ce E9D1     		bne	.L23
 461              	.L24:
4019:Drivers/STM32G0xx_HAL_Driver/Src/stm32g0xx_hal_spi.c ****         }
 462              		.loc 1 4019 11 is_stmt 1 view .LVU129
 463 00d0 3A68     		ldr	r2, [r7]
 464 00d2 1368     		ldr	r3, [r2]
 465 00d4 4021     		movs	r1, #64
 466 00d6 8B43     		bics	r3, r1
 467 00d8 1360     		str	r3, [r2]
 468 00da E3E7     		b	.L23
ARM GAS  C:\Users\sante\AppData\Local\Temp\cc1VgFnO.s 			page 81


 469              	.L34:
4025:Drivers/STM32G0xx_HAL_Driver/Src/stm32g0xx_hal_spi.c ****         }
 470              		.loc 1 4025 11 view .LVU130
4025:Drivers/STM32G0xx_HAL_Driver/Src/stm32g0xx_hal_spi.c ****         }
 471              		.loc 1 4025 11 view .LVU131
 472 00dc 3A68     		ldr	r2, [r7]
 473 00de 1368     		ldr	r3, [r2]
 474 00e0 0949     		ldr	r1, .L35+4
 475 00e2 0B40     		ands	r3, r1
 476 00e4 1360     		str	r3, [r2]
4025:Drivers/STM32G0xx_HAL_Driver/Src/stm32g0xx_hal_spi.c ****         }
 477              		.loc 1 4025 11 view .LVU132
 478 00e6 3A68     		ldr	r2, [r7]
 479 00e8 1168     		ldr	r1, [r2]
 480 00ea 8023     		movs	r3, #128
 481 00ec 9B01     		lsls	r3, r3, #6
 482 00ee 0B43     		orrs	r3, r1
 483 00f0 1360     		str	r3, [r2]
 484 00f2 DCE7     		b	.L25
 485              	.L31:
4041:Drivers/STM32G0xx_HAL_Driver/Src/stm32g0xx_hal_spi.c ****     }
4042:Drivers/STM32G0xx_HAL_Driver/Src/stm32g0xx_hal_spi.c ****   }
4043:Drivers/STM32G0xx_HAL_Driver/Src/stm32g0xx_hal_spi.c **** 
4044:Drivers/STM32G0xx_HAL_Driver/Src/stm32g0xx_hal_spi.c ****   return HAL_OK;
 486              		.loc 1 4044 10 is_stmt 0 view .LVU133
 487 00f4 0020     		movs	r0, #0
 488              	.L26:
4045:Drivers/STM32G0xx_HAL_Driver/Src/stm32g0xx_hal_spi.c **** }
 489              		.loc 1 4045 1 view .LVU134
 490 00f6 03B0     		add	sp, sp, #12
 491              		@ sp needed
 492              	.LVL36:
 493              	.LVL37:
 494              	.LVL38:
 495              	.LVL39:
 496              	.LVL40:
 497              	.LVL41:
 498              	.LVL42:
 499              		.loc 1 4045 1 view .LVU135
 500 00f8 F0BC     		pop	{r4, r5, r6, r7}
 501 00fa BB46     		mov	fp, r7
 502 00fc B246     		mov	r10, r6
 503 00fe A946     		mov	r9, r5
 504 0100 A046     		mov	r8, r4
 505 0102 F0BD     		pop	{r4, r5, r6, r7, pc}
 506              	.L36:
 507              		.align	2
 508              	.L35:
 509 0104 00000000 		.word	SystemCoreClock
 510 0108 FFDFFFFF 		.word	-8193
 511              		.cfi_endproc
 512              	.LFE541:
 514              		.section	.text.SPI_EndRxTxTransaction,"ax",%progbits
 515              		.align	1
 516              		.syntax unified
 517              		.code	16
 518              		.thumb_func
ARM GAS  C:\Users\sante\AppData\Local\Temp\cc1VgFnO.s 			page 82


 520              	SPI_EndRxTxTransaction:
 521              	.LVL43:
 522              	.LFB543:
4046:Drivers/STM32G0xx_HAL_Driver/Src/stm32g0xx_hal_spi.c **** 
4047:Drivers/STM32G0xx_HAL_Driver/Src/stm32g0xx_hal_spi.c **** /**
4048:Drivers/STM32G0xx_HAL_Driver/Src/stm32g0xx_hal_spi.c ****   * @brief  Handle the check of the RX transaction complete.
4049:Drivers/STM32G0xx_HAL_Driver/Src/stm32g0xx_hal_spi.c ****   * @param  hspi pointer to a SPI_HandleTypeDef structure that contains
4050:Drivers/STM32G0xx_HAL_Driver/Src/stm32g0xx_hal_spi.c ****   *               the configuration information for SPI module.
4051:Drivers/STM32G0xx_HAL_Driver/Src/stm32g0xx_hal_spi.c ****   * @param  Timeout Timeout duration
4052:Drivers/STM32G0xx_HAL_Driver/Src/stm32g0xx_hal_spi.c ****   * @param  Tickstart tick start value
4053:Drivers/STM32G0xx_HAL_Driver/Src/stm32g0xx_hal_spi.c ****   * @retval HAL status
4054:Drivers/STM32G0xx_HAL_Driver/Src/stm32g0xx_hal_spi.c ****   */
4055:Drivers/STM32G0xx_HAL_Driver/Src/stm32g0xx_hal_spi.c **** static HAL_StatusTypeDef SPI_EndRxTransaction(SPI_HandleTypeDef *hspi,  uint32_t Timeout, uint32_t 
4056:Drivers/STM32G0xx_HAL_Driver/Src/stm32g0xx_hal_spi.c **** {
4057:Drivers/STM32G0xx_HAL_Driver/Src/stm32g0xx_hal_spi.c ****   if ((hspi->Init.Mode == SPI_MODE_MASTER) && ((hspi->Init.Direction == SPI_DIRECTION_1LINE)
4058:Drivers/STM32G0xx_HAL_Driver/Src/stm32g0xx_hal_spi.c ****                                                || (hspi->Init.Direction == SPI_DIRECTION_2LINES_RXO
4059:Drivers/STM32G0xx_HAL_Driver/Src/stm32g0xx_hal_spi.c ****   {
4060:Drivers/STM32G0xx_HAL_Driver/Src/stm32g0xx_hal_spi.c ****     /* Disable SPI peripheral */
4061:Drivers/STM32G0xx_HAL_Driver/Src/stm32g0xx_hal_spi.c ****     __HAL_SPI_DISABLE(hspi);
4062:Drivers/STM32G0xx_HAL_Driver/Src/stm32g0xx_hal_spi.c ****   }
4063:Drivers/STM32G0xx_HAL_Driver/Src/stm32g0xx_hal_spi.c **** 
4064:Drivers/STM32G0xx_HAL_Driver/Src/stm32g0xx_hal_spi.c ****   /* Control the BSY flag */
4065:Drivers/STM32G0xx_HAL_Driver/Src/stm32g0xx_hal_spi.c ****   if (SPI_WaitFlagStateUntilTimeout(hspi, SPI_FLAG_BSY, RESET, Timeout, Tickstart) != HAL_OK)
4066:Drivers/STM32G0xx_HAL_Driver/Src/stm32g0xx_hal_spi.c ****   {
4067:Drivers/STM32G0xx_HAL_Driver/Src/stm32g0xx_hal_spi.c ****     SET_BIT(hspi->ErrorCode, HAL_SPI_ERROR_FLAG);
4068:Drivers/STM32G0xx_HAL_Driver/Src/stm32g0xx_hal_spi.c ****     return HAL_TIMEOUT;
4069:Drivers/STM32G0xx_HAL_Driver/Src/stm32g0xx_hal_spi.c ****   }
4070:Drivers/STM32G0xx_HAL_Driver/Src/stm32g0xx_hal_spi.c **** 
4071:Drivers/STM32G0xx_HAL_Driver/Src/stm32g0xx_hal_spi.c ****   if ((hspi->Init.Mode == SPI_MODE_MASTER) && ((hspi->Init.Direction == SPI_DIRECTION_1LINE)
4072:Drivers/STM32G0xx_HAL_Driver/Src/stm32g0xx_hal_spi.c ****                                                || (hspi->Init.Direction == SPI_DIRECTION_2LINES_RXO
4073:Drivers/STM32G0xx_HAL_Driver/Src/stm32g0xx_hal_spi.c ****   {
4074:Drivers/STM32G0xx_HAL_Driver/Src/stm32g0xx_hal_spi.c ****     /* Empty the FRLVL fifo */
4075:Drivers/STM32G0xx_HAL_Driver/Src/stm32g0xx_hal_spi.c ****     if (SPI_WaitFifoStateUntilTimeout(hspi, SPI_FLAG_FRLVL, SPI_FRLVL_EMPTY, Timeout, Tickstart) !=
4076:Drivers/STM32G0xx_HAL_Driver/Src/stm32g0xx_hal_spi.c ****     {
4077:Drivers/STM32G0xx_HAL_Driver/Src/stm32g0xx_hal_spi.c ****       SET_BIT(hspi->ErrorCode, HAL_SPI_ERROR_FLAG);
4078:Drivers/STM32G0xx_HAL_Driver/Src/stm32g0xx_hal_spi.c ****       return HAL_TIMEOUT;
4079:Drivers/STM32G0xx_HAL_Driver/Src/stm32g0xx_hal_spi.c ****     }
4080:Drivers/STM32G0xx_HAL_Driver/Src/stm32g0xx_hal_spi.c ****   }
4081:Drivers/STM32G0xx_HAL_Driver/Src/stm32g0xx_hal_spi.c ****   return HAL_OK;
4082:Drivers/STM32G0xx_HAL_Driver/Src/stm32g0xx_hal_spi.c **** }
4083:Drivers/STM32G0xx_HAL_Driver/Src/stm32g0xx_hal_spi.c **** 
4084:Drivers/STM32G0xx_HAL_Driver/Src/stm32g0xx_hal_spi.c **** /**
4085:Drivers/STM32G0xx_HAL_Driver/Src/stm32g0xx_hal_spi.c ****   * @brief  Handle the check of the RXTX or TX transaction complete.
4086:Drivers/STM32G0xx_HAL_Driver/Src/stm32g0xx_hal_spi.c ****   * @param  hspi SPI handle
4087:Drivers/STM32G0xx_HAL_Driver/Src/stm32g0xx_hal_spi.c ****   * @param  Timeout Timeout duration
4088:Drivers/STM32G0xx_HAL_Driver/Src/stm32g0xx_hal_spi.c ****   * @param  Tickstart tick start value
4089:Drivers/STM32G0xx_HAL_Driver/Src/stm32g0xx_hal_spi.c ****   * @retval HAL status
4090:Drivers/STM32G0xx_HAL_Driver/Src/stm32g0xx_hal_spi.c ****   */
4091:Drivers/STM32G0xx_HAL_Driver/Src/stm32g0xx_hal_spi.c **** static HAL_StatusTypeDef SPI_EndRxTxTransaction(SPI_HandleTypeDef *hspi, uint32_t Timeout, uint32_t
4092:Drivers/STM32G0xx_HAL_Driver/Src/stm32g0xx_hal_spi.c **** {
 523              		.loc 1 4092 1 is_stmt 1 view -0
 524              		.cfi_startproc
 525              		@ args = 0, pretend = 0, frame = 0
 526              		@ frame_needed = 0, uses_anonymous_args = 0
 527              		.loc 1 4092 1 is_stmt 0 view .LVU137
 528 0000 70B5     		push	{r4, r5, r6, lr}
 529              		.cfi_def_cfa_offset 16
ARM GAS  C:\Users\sante\AppData\Local\Temp\cc1VgFnO.s 			page 83


 530              		.cfi_offset 4, -16
 531              		.cfi_offset 5, -12
 532              		.cfi_offset 6, -8
 533              		.cfi_offset 14, -4
 534 0002 82B0     		sub	sp, sp, #8
 535              		.cfi_def_cfa_offset 24
 536 0004 0400     		movs	r4, r0
 537 0006 0D00     		movs	r5, r1
 538 0008 1600     		movs	r6, r2
4093:Drivers/STM32G0xx_HAL_Driver/Src/stm32g0xx_hal_spi.c ****   /* Control if the TX fifo is empty */
4094:Drivers/STM32G0xx_HAL_Driver/Src/stm32g0xx_hal_spi.c ****   if (SPI_WaitFifoStateUntilTimeout(hspi, SPI_FLAG_FTLVL, SPI_FTLVL_EMPTY, Timeout, Tickstart) != H
 539              		.loc 1 4094 3 is_stmt 1 view .LVU138
 540              		.loc 1 4094 7 is_stmt 0 view .LVU139
 541 000a C021     		movs	r1, #192
 542              	.LVL44:
 543              		.loc 1 4094 7 view .LVU140
 544 000c 0092     		str	r2, [sp]
 545 000e 2B00     		movs	r3, r5
 546 0010 0022     		movs	r2, #0
 547              	.LVL45:
 548              		.loc 1 4094 7 view .LVU141
 549 0012 4901     		lsls	r1, r1, #5
 550 0014 FFF7FEFF 		bl	SPI_WaitFifoStateUntilTimeout
 551              	.LVL46:
 552              		.loc 1 4094 6 discriminator 1 view .LVU142
 553 0018 0028     		cmp	r0, #0
 554 001a 18D1     		bne	.L41
4095:Drivers/STM32G0xx_HAL_Driver/Src/stm32g0xx_hal_spi.c ****   {
4096:Drivers/STM32G0xx_HAL_Driver/Src/stm32g0xx_hal_spi.c ****     SET_BIT(hspi->ErrorCode, HAL_SPI_ERROR_FLAG);
4097:Drivers/STM32G0xx_HAL_Driver/Src/stm32g0xx_hal_spi.c ****     return HAL_TIMEOUT;
4098:Drivers/STM32G0xx_HAL_Driver/Src/stm32g0xx_hal_spi.c ****   }
4099:Drivers/STM32G0xx_HAL_Driver/Src/stm32g0xx_hal_spi.c **** 
4100:Drivers/STM32G0xx_HAL_Driver/Src/stm32g0xx_hal_spi.c ****   /* Control the BSY flag */
4101:Drivers/STM32G0xx_HAL_Driver/Src/stm32g0xx_hal_spi.c ****   if (SPI_WaitFlagStateUntilTimeout(hspi, SPI_FLAG_BSY, RESET, Timeout, Tickstart) != HAL_OK)
 555              		.loc 1 4101 3 is_stmt 1 view .LVU143
 556              		.loc 1 4101 7 is_stmt 0 view .LVU144
 557 001c 0096     		str	r6, [sp]
 558 001e 2B00     		movs	r3, r5
 559 0020 0022     		movs	r2, #0
 560 0022 8021     		movs	r1, #128
 561 0024 2000     		movs	r0, r4
 562 0026 FFF7FEFF 		bl	SPI_WaitFlagStateUntilTimeout
 563              	.LVL47:
 564              		.loc 1 4101 6 discriminator 1 view .LVU145
 565 002a 0028     		cmp	r0, #0
 566 002c 16D1     		bne	.L42
4102:Drivers/STM32G0xx_HAL_Driver/Src/stm32g0xx_hal_spi.c ****   {
4103:Drivers/STM32G0xx_HAL_Driver/Src/stm32g0xx_hal_spi.c ****     SET_BIT(hspi->ErrorCode, HAL_SPI_ERROR_FLAG);
4104:Drivers/STM32G0xx_HAL_Driver/Src/stm32g0xx_hal_spi.c ****     return HAL_TIMEOUT;
4105:Drivers/STM32G0xx_HAL_Driver/Src/stm32g0xx_hal_spi.c ****   }
4106:Drivers/STM32G0xx_HAL_Driver/Src/stm32g0xx_hal_spi.c **** 
4107:Drivers/STM32G0xx_HAL_Driver/Src/stm32g0xx_hal_spi.c ****   /* Control if the RX fifo is empty */
4108:Drivers/STM32G0xx_HAL_Driver/Src/stm32g0xx_hal_spi.c ****   if (SPI_WaitFifoStateUntilTimeout(hspi, SPI_FLAG_FRLVL, SPI_FRLVL_EMPTY, Timeout, Tickstart) != H
 567              		.loc 1 4108 3 is_stmt 1 view .LVU146
 568              		.loc 1 4108 7 is_stmt 0 view .LVU147
 569 002e C021     		movs	r1, #192
 570 0030 0096     		str	r6, [sp]
ARM GAS  C:\Users\sante\AppData\Local\Temp\cc1VgFnO.s 			page 84


 571 0032 2B00     		movs	r3, r5
 572 0034 0022     		movs	r2, #0
 573 0036 C900     		lsls	r1, r1, #3
 574 0038 2000     		movs	r0, r4
 575 003a FFF7FEFF 		bl	SPI_WaitFifoStateUntilTimeout
 576              	.LVL48:
 577              		.loc 1 4108 6 discriminator 1 view .LVU148
 578 003e 0028     		cmp	r0, #0
 579 0040 0AD0     		beq	.L39
4109:Drivers/STM32G0xx_HAL_Driver/Src/stm32g0xx_hal_spi.c ****   {
4110:Drivers/STM32G0xx_HAL_Driver/Src/stm32g0xx_hal_spi.c ****     SET_BIT(hspi->ErrorCode, HAL_SPI_ERROR_FLAG);
 580              		.loc 1 4110 5 is_stmt 1 view .LVU149
 581 0042 236E     		ldr	r3, [r4, #96]
 582 0044 2022     		movs	r2, #32
 583 0046 1343     		orrs	r3, r2
 584 0048 2366     		str	r3, [r4, #96]
4111:Drivers/STM32G0xx_HAL_Driver/Src/stm32g0xx_hal_spi.c ****     return HAL_TIMEOUT;
 585              		.loc 1 4111 5 view .LVU150
 586              		.loc 1 4111 12 is_stmt 0 view .LVU151
 587 004a 0320     		movs	r0, #3
 588 004c 04E0     		b	.L39
 589              	.L41:
4096:Drivers/STM32G0xx_HAL_Driver/Src/stm32g0xx_hal_spi.c ****     return HAL_TIMEOUT;
 590              		.loc 1 4096 5 is_stmt 1 view .LVU152
 591 004e 236E     		ldr	r3, [r4, #96]
 592 0050 2022     		movs	r2, #32
 593 0052 1343     		orrs	r3, r2
 594 0054 2366     		str	r3, [r4, #96]
4097:Drivers/STM32G0xx_HAL_Driver/Src/stm32g0xx_hal_spi.c ****   }
 595              		.loc 1 4097 5 view .LVU153
4097:Drivers/STM32G0xx_HAL_Driver/Src/stm32g0xx_hal_spi.c ****   }
 596              		.loc 1 4097 12 is_stmt 0 view .LVU154
 597 0056 0320     		movs	r0, #3
 598              	.L39:
4112:Drivers/STM32G0xx_HAL_Driver/Src/stm32g0xx_hal_spi.c ****   }
4113:Drivers/STM32G0xx_HAL_Driver/Src/stm32g0xx_hal_spi.c **** 
4114:Drivers/STM32G0xx_HAL_Driver/Src/stm32g0xx_hal_spi.c ****   return HAL_OK;
4115:Drivers/STM32G0xx_HAL_Driver/Src/stm32g0xx_hal_spi.c **** }
 599              		.loc 1 4115 1 view .LVU155
 600 0058 02B0     		add	sp, sp, #8
 601              		@ sp needed
 602              	.LVL49:
 603              	.LVL50:
 604              	.LVL51:
 605              		.loc 1 4115 1 view .LVU156
 606 005a 70BD     		pop	{r4, r5, r6, pc}
 607              	.LVL52:
 608              	.L42:
4103:Drivers/STM32G0xx_HAL_Driver/Src/stm32g0xx_hal_spi.c ****     return HAL_TIMEOUT;
 609              		.loc 1 4103 5 is_stmt 1 view .LVU157
 610 005c 236E     		ldr	r3, [r4, #96]
 611 005e 2022     		movs	r2, #32
 612 0060 1343     		orrs	r3, r2
 613 0062 2366     		str	r3, [r4, #96]
4104:Drivers/STM32G0xx_HAL_Driver/Src/stm32g0xx_hal_spi.c ****   }
 614              		.loc 1 4104 5 view .LVU158
4104:Drivers/STM32G0xx_HAL_Driver/Src/stm32g0xx_hal_spi.c ****   }
ARM GAS  C:\Users\sante\AppData\Local\Temp\cc1VgFnO.s 			page 85


 615              		.loc 1 4104 12 is_stmt 0 view .LVU159
 616 0064 0320     		movs	r0, #3
 617 0066 F7E7     		b	.L39
 618              		.cfi_endproc
 619              	.LFE543:
 621              		.section	.text.SPI_EndRxTransaction,"ax",%progbits
 622              		.align	1
 623              		.syntax unified
 624              		.code	16
 625              		.thumb_func
 627              	SPI_EndRxTransaction:
 628              	.LVL53:
 629              	.LFB542:
4056:Drivers/STM32G0xx_HAL_Driver/Src/stm32g0xx_hal_spi.c ****   if ((hspi->Init.Mode == SPI_MODE_MASTER) && ((hspi->Init.Direction == SPI_DIRECTION_1LINE)
 630              		.loc 1 4056 1 is_stmt 1 view -0
 631              		.cfi_startproc
 632              		@ args = 0, pretend = 0, frame = 0
 633              		@ frame_needed = 0, uses_anonymous_args = 0
4056:Drivers/STM32G0xx_HAL_Driver/Src/stm32g0xx_hal_spi.c ****   if ((hspi->Init.Mode == SPI_MODE_MASTER) && ((hspi->Init.Direction == SPI_DIRECTION_1LINE)
 634              		.loc 1 4056 1 is_stmt 0 view .LVU161
 635 0000 70B5     		push	{r4, r5, r6, lr}
 636              		.cfi_def_cfa_offset 16
 637              		.cfi_offset 4, -16
 638              		.cfi_offset 5, -12
 639              		.cfi_offset 6, -8
 640              		.cfi_offset 14, -4
 641 0002 82B0     		sub	sp, sp, #8
 642              		.cfi_def_cfa_offset 24
 643 0004 0400     		movs	r4, r0
 644 0006 0D00     		movs	r5, r1
 645 0008 1600     		movs	r6, r2
4057:Drivers/STM32G0xx_HAL_Driver/Src/stm32g0xx_hal_spi.c ****                                                || (hspi->Init.Direction == SPI_DIRECTION_2LINES_RXO
 646              		.loc 1 4057 3 is_stmt 1 view .LVU162
4057:Drivers/STM32G0xx_HAL_Driver/Src/stm32g0xx_hal_spi.c ****                                                || (hspi->Init.Direction == SPI_DIRECTION_2LINES_RXO
 647              		.loc 1 4057 18 is_stmt 0 view .LVU163
 648 000a 4268     		ldr	r2, [r0, #4]
 649              	.LVL54:
4057:Drivers/STM32G0xx_HAL_Driver/Src/stm32g0xx_hal_spi.c ****                                                || (hspi->Init.Direction == SPI_DIRECTION_2LINES_RXO
 650              		.loc 1 4057 6 view .LVU164
 651 000c 8223     		movs	r3, #130
 652 000e 5B00     		lsls	r3, r3, #1
 653 0010 9A42     		cmp	r2, r3
 654 0012 0FD0     		beq	.L49
 655              	.LVL55:
 656              	.L44:
4065:Drivers/STM32G0xx_HAL_Driver/Src/stm32g0xx_hal_spi.c ****   {
 657              		.loc 1 4065 3 is_stmt 1 view .LVU165
4065:Drivers/STM32G0xx_HAL_Driver/Src/stm32g0xx_hal_spi.c ****   {
 658              		.loc 1 4065 7 is_stmt 0 view .LVU166
 659 0014 0096     		str	r6, [sp]
 660 0016 2B00     		movs	r3, r5
 661 0018 0022     		movs	r2, #0
 662 001a 8021     		movs	r1, #128
 663 001c 2000     		movs	r0, r4
 664              	.LVL56:
4065:Drivers/STM32G0xx_HAL_Driver/Src/stm32g0xx_hal_spi.c ****   {
 665              		.loc 1 4065 7 view .LVU167
ARM GAS  C:\Users\sante\AppData\Local\Temp\cc1VgFnO.s 			page 86


 666 001e FFF7FEFF 		bl	SPI_WaitFlagStateUntilTimeout
 667              	.LVL57:
4065:Drivers/STM32G0xx_HAL_Driver/Src/stm32g0xx_hal_spi.c ****   {
 668              		.loc 1 4065 6 discriminator 1 view .LVU168
 669 0022 0028     		cmp	r0, #0
 670 0024 15D1     		bne	.L50
4071:Drivers/STM32G0xx_HAL_Driver/Src/stm32g0xx_hal_spi.c ****                                                || (hspi->Init.Direction == SPI_DIRECTION_2LINES_RXO
 671              		.loc 1 4071 3 is_stmt 1 view .LVU169
4071:Drivers/STM32G0xx_HAL_Driver/Src/stm32g0xx_hal_spi.c ****                                                || (hspi->Init.Direction == SPI_DIRECTION_2LINES_RXO
 672              		.loc 1 4071 18 is_stmt 0 view .LVU170
 673 0026 6268     		ldr	r2, [r4, #4]
4071:Drivers/STM32G0xx_HAL_Driver/Src/stm32g0xx_hal_spi.c ****                                                || (hspi->Init.Direction == SPI_DIRECTION_2LINES_RXO
 674              		.loc 1 4071 6 view .LVU171
 675 0028 8223     		movs	r3, #130
 676 002a 5B00     		lsls	r3, r3, #1
 677 002c 9A42     		cmp	r2, r3
 678 002e 16D0     		beq	.L51
 679              	.L47:
4082:Drivers/STM32G0xx_HAL_Driver/Src/stm32g0xx_hal_spi.c **** 
 680              		.loc 1 4082 1 view .LVU172
 681 0030 02B0     		add	sp, sp, #8
 682              		@ sp needed
 683              	.LVL58:
 684              	.LVL59:
 685              	.LVL60:
4082:Drivers/STM32G0xx_HAL_Driver/Src/stm32g0xx_hal_spi.c **** 
 686              		.loc 1 4082 1 view .LVU173
 687 0032 70BD     		pop	{r4, r5, r6, pc}
 688              	.LVL61:
 689              	.L49:
4057:Drivers/STM32G0xx_HAL_Driver/Src/stm32g0xx_hal_spi.c ****                                                || (hspi->Init.Direction == SPI_DIRECTION_2LINES_RXO
 690              		.loc 1 4057 59 discriminator 1 view .LVU174
 691 0034 8368     		ldr	r3, [r0, #8]
4057:Drivers/STM32G0xx_HAL_Driver/Src/stm32g0xx_hal_spi.c ****                                                || (hspi->Init.Direction == SPI_DIRECTION_2LINES_RXO
 692              		.loc 1 4057 44 discriminator 1 view .LVU175
 693 0036 8022     		movs	r2, #128
 694 0038 1202     		lsls	r2, r2, #8
 695 003a 9342     		cmp	r3, r2
 696 003c 03D0     		beq	.L45
4058:Drivers/STM32G0xx_HAL_Driver/Src/stm32g0xx_hal_spi.c ****   {
 697              		.loc 1 4058 48 view .LVU176
 698 003e 8022     		movs	r2, #128
 699 0040 D200     		lsls	r2, r2, #3
 700 0042 9342     		cmp	r3, r2
 701 0044 E6D1     		bne	.L44
 702              	.L45:
4061:Drivers/STM32G0xx_HAL_Driver/Src/stm32g0xx_hal_spi.c ****   }
 703              		.loc 1 4061 5 is_stmt 1 view .LVU177
 704 0046 2268     		ldr	r2, [r4]
 705 0048 1368     		ldr	r3, [r2]
 706 004a 4021     		movs	r1, #64
 707              	.LVL62:
4061:Drivers/STM32G0xx_HAL_Driver/Src/stm32g0xx_hal_spi.c ****   }
 708              		.loc 1 4061 5 is_stmt 0 view .LVU178
 709 004c 8B43     		bics	r3, r1
 710 004e 1360     		str	r3, [r2]
 711 0050 E0E7     		b	.L44
ARM GAS  C:\Users\sante\AppData\Local\Temp\cc1VgFnO.s 			page 87


 712              	.LVL63:
 713              	.L50:
4067:Drivers/STM32G0xx_HAL_Driver/Src/stm32g0xx_hal_spi.c ****     return HAL_TIMEOUT;
 714              		.loc 1 4067 5 is_stmt 1 view .LVU179
 715 0052 236E     		ldr	r3, [r4, #96]
 716 0054 2022     		movs	r2, #32
 717 0056 1343     		orrs	r3, r2
 718 0058 2366     		str	r3, [r4, #96]
4068:Drivers/STM32G0xx_HAL_Driver/Src/stm32g0xx_hal_spi.c ****   }
 719              		.loc 1 4068 5 view .LVU180
4068:Drivers/STM32G0xx_HAL_Driver/Src/stm32g0xx_hal_spi.c ****   }
 720              		.loc 1 4068 12 is_stmt 0 view .LVU181
 721 005a 0320     		movs	r0, #3
 722 005c E8E7     		b	.L47
 723              	.L51:
4071:Drivers/STM32G0xx_HAL_Driver/Src/stm32g0xx_hal_spi.c ****                                                || (hspi->Init.Direction == SPI_DIRECTION_2LINES_RXO
 724              		.loc 1 4071 59 discriminator 1 view .LVU182
 725 005e A368     		ldr	r3, [r4, #8]
4071:Drivers/STM32G0xx_HAL_Driver/Src/stm32g0xx_hal_spi.c ****                                                || (hspi->Init.Direction == SPI_DIRECTION_2LINES_RXO
 726              		.loc 1 4071 44 discriminator 1 view .LVU183
 727 0060 8022     		movs	r2, #128
 728 0062 1202     		lsls	r2, r2, #8
 729 0064 9342     		cmp	r3, r2
 730 0066 03D0     		beq	.L48
4072:Drivers/STM32G0xx_HAL_Driver/Src/stm32g0xx_hal_spi.c ****   {
 731              		.loc 1 4072 48 view .LVU184
 732 0068 8022     		movs	r2, #128
 733 006a D200     		lsls	r2, r2, #3
 734 006c 9342     		cmp	r3, r2
 735 006e DFD1     		bne	.L47
 736              	.L48:
4075:Drivers/STM32G0xx_HAL_Driver/Src/stm32g0xx_hal_spi.c ****     {
 737              		.loc 1 4075 5 is_stmt 1 view .LVU185
4075:Drivers/STM32G0xx_HAL_Driver/Src/stm32g0xx_hal_spi.c ****     {
 738              		.loc 1 4075 9 is_stmt 0 view .LVU186
 739 0070 C021     		movs	r1, #192
 740 0072 0096     		str	r6, [sp]
 741 0074 2B00     		movs	r3, r5
 742 0076 0022     		movs	r2, #0
 743 0078 C900     		lsls	r1, r1, #3
 744 007a 2000     		movs	r0, r4
 745 007c FFF7FEFF 		bl	SPI_WaitFifoStateUntilTimeout
 746              	.LVL64:
4075:Drivers/STM32G0xx_HAL_Driver/Src/stm32g0xx_hal_spi.c ****     {
 747              		.loc 1 4075 8 discriminator 1 view .LVU187
 748 0080 0028     		cmp	r0, #0
 749 0082 D5D0     		beq	.L47
4077:Drivers/STM32G0xx_HAL_Driver/Src/stm32g0xx_hal_spi.c ****       return HAL_TIMEOUT;
 750              		.loc 1 4077 7 is_stmt 1 view .LVU188
 751 0084 236E     		ldr	r3, [r4, #96]
 752 0086 2022     		movs	r2, #32
 753 0088 1343     		orrs	r3, r2
 754 008a 2366     		str	r3, [r4, #96]
4078:Drivers/STM32G0xx_HAL_Driver/Src/stm32g0xx_hal_spi.c ****     }
 755              		.loc 1 4078 7 view .LVU189
4078:Drivers/STM32G0xx_HAL_Driver/Src/stm32g0xx_hal_spi.c ****     }
 756              		.loc 1 4078 14 is_stmt 0 view .LVU190
ARM GAS  C:\Users\sante\AppData\Local\Temp\cc1VgFnO.s 			page 88


 757 008c 0320     		movs	r0, #3
 758 008e CFE7     		b	.L47
 759              		.cfi_endproc
 760              	.LFE542:
 762              		.section	.text.SPI_AbortRx_ISR,"ax",%progbits
 763              		.align	1
 764              		.syntax unified
 765              		.code	16
 766              		.thumb_func
 768              	SPI_AbortRx_ISR:
 769              	.LVL65:
 770              	.LFB547:
4116:Drivers/STM32G0xx_HAL_Driver/Src/stm32g0xx_hal_spi.c **** 
4117:Drivers/STM32G0xx_HAL_Driver/Src/stm32g0xx_hal_spi.c **** /**
4118:Drivers/STM32G0xx_HAL_Driver/Src/stm32g0xx_hal_spi.c ****   * @brief  Handle the end of the RXTX transaction.
4119:Drivers/STM32G0xx_HAL_Driver/Src/stm32g0xx_hal_spi.c ****   * @param  hspi pointer to a SPI_HandleTypeDef structure that contains
4120:Drivers/STM32G0xx_HAL_Driver/Src/stm32g0xx_hal_spi.c ****   *               the configuration information for SPI module.
4121:Drivers/STM32G0xx_HAL_Driver/Src/stm32g0xx_hal_spi.c ****   * @retval None
4122:Drivers/STM32G0xx_HAL_Driver/Src/stm32g0xx_hal_spi.c ****   */
4123:Drivers/STM32G0xx_HAL_Driver/Src/stm32g0xx_hal_spi.c **** static void SPI_CloseRxTx_ISR(SPI_HandleTypeDef *hspi)
4124:Drivers/STM32G0xx_HAL_Driver/Src/stm32g0xx_hal_spi.c **** {
4125:Drivers/STM32G0xx_HAL_Driver/Src/stm32g0xx_hal_spi.c ****   uint32_t tickstart;
4126:Drivers/STM32G0xx_HAL_Driver/Src/stm32g0xx_hal_spi.c **** 
4127:Drivers/STM32G0xx_HAL_Driver/Src/stm32g0xx_hal_spi.c ****   /* Init tickstart for timeout management */
4128:Drivers/STM32G0xx_HAL_Driver/Src/stm32g0xx_hal_spi.c ****   tickstart = HAL_GetTick();
4129:Drivers/STM32G0xx_HAL_Driver/Src/stm32g0xx_hal_spi.c **** 
4130:Drivers/STM32G0xx_HAL_Driver/Src/stm32g0xx_hal_spi.c ****   /* Disable ERR interrupt */
4131:Drivers/STM32G0xx_HAL_Driver/Src/stm32g0xx_hal_spi.c ****   __HAL_SPI_DISABLE_IT(hspi, SPI_IT_ERR);
4132:Drivers/STM32G0xx_HAL_Driver/Src/stm32g0xx_hal_spi.c **** 
4133:Drivers/STM32G0xx_HAL_Driver/Src/stm32g0xx_hal_spi.c ****   /* Check the end of the transaction */
4134:Drivers/STM32G0xx_HAL_Driver/Src/stm32g0xx_hal_spi.c ****   if (SPI_EndRxTxTransaction(hspi, SPI_DEFAULT_TIMEOUT, tickstart) != HAL_OK)
4135:Drivers/STM32G0xx_HAL_Driver/Src/stm32g0xx_hal_spi.c ****   {
4136:Drivers/STM32G0xx_HAL_Driver/Src/stm32g0xx_hal_spi.c ****     SET_BIT(hspi->ErrorCode, HAL_SPI_ERROR_FLAG);
4137:Drivers/STM32G0xx_HAL_Driver/Src/stm32g0xx_hal_spi.c ****   }
4138:Drivers/STM32G0xx_HAL_Driver/Src/stm32g0xx_hal_spi.c **** 
4139:Drivers/STM32G0xx_HAL_Driver/Src/stm32g0xx_hal_spi.c **** #if (USE_SPI_CRC != 0U)
4140:Drivers/STM32G0xx_HAL_Driver/Src/stm32g0xx_hal_spi.c ****   /* Check if CRC error occurred */
4141:Drivers/STM32G0xx_HAL_Driver/Src/stm32g0xx_hal_spi.c ****   if (__HAL_SPI_GET_FLAG(hspi, SPI_FLAG_CRCERR) != RESET)
4142:Drivers/STM32G0xx_HAL_Driver/Src/stm32g0xx_hal_spi.c ****   {
4143:Drivers/STM32G0xx_HAL_Driver/Src/stm32g0xx_hal_spi.c ****     hspi->State = HAL_SPI_STATE_READY;
4144:Drivers/STM32G0xx_HAL_Driver/Src/stm32g0xx_hal_spi.c ****     SET_BIT(hspi->ErrorCode, HAL_SPI_ERROR_CRC);
4145:Drivers/STM32G0xx_HAL_Driver/Src/stm32g0xx_hal_spi.c ****     __HAL_SPI_CLEAR_CRCERRFLAG(hspi);
4146:Drivers/STM32G0xx_HAL_Driver/Src/stm32g0xx_hal_spi.c ****     /* Call user error callback */
4147:Drivers/STM32G0xx_HAL_Driver/Src/stm32g0xx_hal_spi.c **** #if (USE_HAL_SPI_REGISTER_CALLBACKS == 1U)
4148:Drivers/STM32G0xx_HAL_Driver/Src/stm32g0xx_hal_spi.c ****     hspi->ErrorCallback(hspi);
4149:Drivers/STM32G0xx_HAL_Driver/Src/stm32g0xx_hal_spi.c **** #else
4150:Drivers/STM32G0xx_HAL_Driver/Src/stm32g0xx_hal_spi.c ****     HAL_SPI_ErrorCallback(hspi);
4151:Drivers/STM32G0xx_HAL_Driver/Src/stm32g0xx_hal_spi.c **** #endif /* USE_HAL_SPI_REGISTER_CALLBACKS */
4152:Drivers/STM32G0xx_HAL_Driver/Src/stm32g0xx_hal_spi.c ****   }
4153:Drivers/STM32G0xx_HAL_Driver/Src/stm32g0xx_hal_spi.c ****   else
4154:Drivers/STM32G0xx_HAL_Driver/Src/stm32g0xx_hal_spi.c ****   {
4155:Drivers/STM32G0xx_HAL_Driver/Src/stm32g0xx_hal_spi.c **** #endif /* USE_SPI_CRC */
4156:Drivers/STM32G0xx_HAL_Driver/Src/stm32g0xx_hal_spi.c ****     if (hspi->ErrorCode == HAL_SPI_ERROR_NONE)
4157:Drivers/STM32G0xx_HAL_Driver/Src/stm32g0xx_hal_spi.c ****     {
4158:Drivers/STM32G0xx_HAL_Driver/Src/stm32g0xx_hal_spi.c ****       if (hspi->State == HAL_SPI_STATE_BUSY_RX)
4159:Drivers/STM32G0xx_HAL_Driver/Src/stm32g0xx_hal_spi.c ****       {
4160:Drivers/STM32G0xx_HAL_Driver/Src/stm32g0xx_hal_spi.c ****         hspi->State = HAL_SPI_STATE_READY;
ARM GAS  C:\Users\sante\AppData\Local\Temp\cc1VgFnO.s 			page 89


4161:Drivers/STM32G0xx_HAL_Driver/Src/stm32g0xx_hal_spi.c ****         /* Call user Rx complete callback */
4162:Drivers/STM32G0xx_HAL_Driver/Src/stm32g0xx_hal_spi.c **** #if (USE_HAL_SPI_REGISTER_CALLBACKS == 1U)
4163:Drivers/STM32G0xx_HAL_Driver/Src/stm32g0xx_hal_spi.c ****         hspi->RxCpltCallback(hspi);
4164:Drivers/STM32G0xx_HAL_Driver/Src/stm32g0xx_hal_spi.c **** #else
4165:Drivers/STM32G0xx_HAL_Driver/Src/stm32g0xx_hal_spi.c ****         HAL_SPI_RxCpltCallback(hspi);
4166:Drivers/STM32G0xx_HAL_Driver/Src/stm32g0xx_hal_spi.c **** #endif /* USE_HAL_SPI_REGISTER_CALLBACKS */
4167:Drivers/STM32G0xx_HAL_Driver/Src/stm32g0xx_hal_spi.c ****       }
4168:Drivers/STM32G0xx_HAL_Driver/Src/stm32g0xx_hal_spi.c ****       else
4169:Drivers/STM32G0xx_HAL_Driver/Src/stm32g0xx_hal_spi.c ****       {
4170:Drivers/STM32G0xx_HAL_Driver/Src/stm32g0xx_hal_spi.c ****         hspi->State = HAL_SPI_STATE_READY;
4171:Drivers/STM32G0xx_HAL_Driver/Src/stm32g0xx_hal_spi.c ****         /* Call user TxRx complete callback */
4172:Drivers/STM32G0xx_HAL_Driver/Src/stm32g0xx_hal_spi.c **** #if (USE_HAL_SPI_REGISTER_CALLBACKS == 1U)
4173:Drivers/STM32G0xx_HAL_Driver/Src/stm32g0xx_hal_spi.c ****         hspi->TxRxCpltCallback(hspi);
4174:Drivers/STM32G0xx_HAL_Driver/Src/stm32g0xx_hal_spi.c **** #else
4175:Drivers/STM32G0xx_HAL_Driver/Src/stm32g0xx_hal_spi.c ****         HAL_SPI_TxRxCpltCallback(hspi);
4176:Drivers/STM32G0xx_HAL_Driver/Src/stm32g0xx_hal_spi.c **** #endif /* USE_HAL_SPI_REGISTER_CALLBACKS */
4177:Drivers/STM32G0xx_HAL_Driver/Src/stm32g0xx_hal_spi.c ****       }
4178:Drivers/STM32G0xx_HAL_Driver/Src/stm32g0xx_hal_spi.c ****     }
4179:Drivers/STM32G0xx_HAL_Driver/Src/stm32g0xx_hal_spi.c ****     else
4180:Drivers/STM32G0xx_HAL_Driver/Src/stm32g0xx_hal_spi.c ****     {
4181:Drivers/STM32G0xx_HAL_Driver/Src/stm32g0xx_hal_spi.c ****       hspi->State = HAL_SPI_STATE_READY;
4182:Drivers/STM32G0xx_HAL_Driver/Src/stm32g0xx_hal_spi.c ****       /* Call user error callback */
4183:Drivers/STM32G0xx_HAL_Driver/Src/stm32g0xx_hal_spi.c **** #if (USE_HAL_SPI_REGISTER_CALLBACKS == 1U)
4184:Drivers/STM32G0xx_HAL_Driver/Src/stm32g0xx_hal_spi.c ****       hspi->ErrorCallback(hspi);
4185:Drivers/STM32G0xx_HAL_Driver/Src/stm32g0xx_hal_spi.c **** #else
4186:Drivers/STM32G0xx_HAL_Driver/Src/stm32g0xx_hal_spi.c ****       HAL_SPI_ErrorCallback(hspi);
4187:Drivers/STM32G0xx_HAL_Driver/Src/stm32g0xx_hal_spi.c **** #endif /* USE_HAL_SPI_REGISTER_CALLBACKS */
4188:Drivers/STM32G0xx_HAL_Driver/Src/stm32g0xx_hal_spi.c ****     }
4189:Drivers/STM32G0xx_HAL_Driver/Src/stm32g0xx_hal_spi.c **** #if (USE_SPI_CRC != 0U)
4190:Drivers/STM32G0xx_HAL_Driver/Src/stm32g0xx_hal_spi.c ****   }
4191:Drivers/STM32G0xx_HAL_Driver/Src/stm32g0xx_hal_spi.c **** #endif /* USE_SPI_CRC */
4192:Drivers/STM32G0xx_HAL_Driver/Src/stm32g0xx_hal_spi.c **** }
4193:Drivers/STM32G0xx_HAL_Driver/Src/stm32g0xx_hal_spi.c **** 
4194:Drivers/STM32G0xx_HAL_Driver/Src/stm32g0xx_hal_spi.c **** /**
4195:Drivers/STM32G0xx_HAL_Driver/Src/stm32g0xx_hal_spi.c ****   * @brief  Handle the end of the RX transaction.
4196:Drivers/STM32G0xx_HAL_Driver/Src/stm32g0xx_hal_spi.c ****   * @param  hspi pointer to a SPI_HandleTypeDef structure that contains
4197:Drivers/STM32G0xx_HAL_Driver/Src/stm32g0xx_hal_spi.c ****   *               the configuration information for SPI module.
4198:Drivers/STM32G0xx_HAL_Driver/Src/stm32g0xx_hal_spi.c ****   * @retval None
4199:Drivers/STM32G0xx_HAL_Driver/Src/stm32g0xx_hal_spi.c ****   */
4200:Drivers/STM32G0xx_HAL_Driver/Src/stm32g0xx_hal_spi.c **** static void SPI_CloseRx_ISR(SPI_HandleTypeDef *hspi)
4201:Drivers/STM32G0xx_HAL_Driver/Src/stm32g0xx_hal_spi.c **** {
4202:Drivers/STM32G0xx_HAL_Driver/Src/stm32g0xx_hal_spi.c ****   /* Disable RXNE and ERR interrupt */
4203:Drivers/STM32G0xx_HAL_Driver/Src/stm32g0xx_hal_spi.c ****   __HAL_SPI_DISABLE_IT(hspi, (SPI_IT_RXNE | SPI_IT_ERR));
4204:Drivers/STM32G0xx_HAL_Driver/Src/stm32g0xx_hal_spi.c **** 
4205:Drivers/STM32G0xx_HAL_Driver/Src/stm32g0xx_hal_spi.c ****   /* Check the end of the transaction */
4206:Drivers/STM32G0xx_HAL_Driver/Src/stm32g0xx_hal_spi.c ****   if (SPI_EndRxTransaction(hspi, SPI_DEFAULT_TIMEOUT, HAL_GetTick()) != HAL_OK)
4207:Drivers/STM32G0xx_HAL_Driver/Src/stm32g0xx_hal_spi.c ****   {
4208:Drivers/STM32G0xx_HAL_Driver/Src/stm32g0xx_hal_spi.c ****     SET_BIT(hspi->ErrorCode, HAL_SPI_ERROR_FLAG);
4209:Drivers/STM32G0xx_HAL_Driver/Src/stm32g0xx_hal_spi.c ****   }
4210:Drivers/STM32G0xx_HAL_Driver/Src/stm32g0xx_hal_spi.c ****   hspi->State = HAL_SPI_STATE_READY;
4211:Drivers/STM32G0xx_HAL_Driver/Src/stm32g0xx_hal_spi.c **** 
4212:Drivers/STM32G0xx_HAL_Driver/Src/stm32g0xx_hal_spi.c **** #if (USE_SPI_CRC != 0U)
4213:Drivers/STM32G0xx_HAL_Driver/Src/stm32g0xx_hal_spi.c ****   /* Check if CRC error occurred */
4214:Drivers/STM32G0xx_HAL_Driver/Src/stm32g0xx_hal_spi.c ****   if (__HAL_SPI_GET_FLAG(hspi, SPI_FLAG_CRCERR) != RESET)
4215:Drivers/STM32G0xx_HAL_Driver/Src/stm32g0xx_hal_spi.c ****   {
4216:Drivers/STM32G0xx_HAL_Driver/Src/stm32g0xx_hal_spi.c ****     SET_BIT(hspi->ErrorCode, HAL_SPI_ERROR_CRC);
4217:Drivers/STM32G0xx_HAL_Driver/Src/stm32g0xx_hal_spi.c ****     __HAL_SPI_CLEAR_CRCERRFLAG(hspi);
ARM GAS  C:\Users\sante\AppData\Local\Temp\cc1VgFnO.s 			page 90


4218:Drivers/STM32G0xx_HAL_Driver/Src/stm32g0xx_hal_spi.c ****     /* Call user error callback */
4219:Drivers/STM32G0xx_HAL_Driver/Src/stm32g0xx_hal_spi.c **** #if (USE_HAL_SPI_REGISTER_CALLBACKS == 1U)
4220:Drivers/STM32G0xx_HAL_Driver/Src/stm32g0xx_hal_spi.c ****     hspi->ErrorCallback(hspi);
4221:Drivers/STM32G0xx_HAL_Driver/Src/stm32g0xx_hal_spi.c **** #else
4222:Drivers/STM32G0xx_HAL_Driver/Src/stm32g0xx_hal_spi.c ****     HAL_SPI_ErrorCallback(hspi);
4223:Drivers/STM32G0xx_HAL_Driver/Src/stm32g0xx_hal_spi.c **** #endif /* USE_HAL_SPI_REGISTER_CALLBACKS */
4224:Drivers/STM32G0xx_HAL_Driver/Src/stm32g0xx_hal_spi.c ****   }
4225:Drivers/STM32G0xx_HAL_Driver/Src/stm32g0xx_hal_spi.c ****   else
4226:Drivers/STM32G0xx_HAL_Driver/Src/stm32g0xx_hal_spi.c ****   {
4227:Drivers/STM32G0xx_HAL_Driver/Src/stm32g0xx_hal_spi.c **** #endif /* USE_SPI_CRC */
4228:Drivers/STM32G0xx_HAL_Driver/Src/stm32g0xx_hal_spi.c ****     if (hspi->ErrorCode == HAL_SPI_ERROR_NONE)
4229:Drivers/STM32G0xx_HAL_Driver/Src/stm32g0xx_hal_spi.c ****     {
4230:Drivers/STM32G0xx_HAL_Driver/Src/stm32g0xx_hal_spi.c ****       /* Call user Rx complete callback */
4231:Drivers/STM32G0xx_HAL_Driver/Src/stm32g0xx_hal_spi.c **** #if (USE_HAL_SPI_REGISTER_CALLBACKS == 1U)
4232:Drivers/STM32G0xx_HAL_Driver/Src/stm32g0xx_hal_spi.c ****       hspi->RxCpltCallback(hspi);
4233:Drivers/STM32G0xx_HAL_Driver/Src/stm32g0xx_hal_spi.c **** #else
4234:Drivers/STM32G0xx_HAL_Driver/Src/stm32g0xx_hal_spi.c ****       HAL_SPI_RxCpltCallback(hspi);
4235:Drivers/STM32G0xx_HAL_Driver/Src/stm32g0xx_hal_spi.c **** #endif /* USE_HAL_SPI_REGISTER_CALLBACKS */
4236:Drivers/STM32G0xx_HAL_Driver/Src/stm32g0xx_hal_spi.c ****     }
4237:Drivers/STM32G0xx_HAL_Driver/Src/stm32g0xx_hal_spi.c ****     else
4238:Drivers/STM32G0xx_HAL_Driver/Src/stm32g0xx_hal_spi.c ****     {
4239:Drivers/STM32G0xx_HAL_Driver/Src/stm32g0xx_hal_spi.c ****       /* Call user error callback */
4240:Drivers/STM32G0xx_HAL_Driver/Src/stm32g0xx_hal_spi.c **** #if (USE_HAL_SPI_REGISTER_CALLBACKS == 1U)
4241:Drivers/STM32G0xx_HAL_Driver/Src/stm32g0xx_hal_spi.c ****       hspi->ErrorCallback(hspi);
4242:Drivers/STM32G0xx_HAL_Driver/Src/stm32g0xx_hal_spi.c **** #else
4243:Drivers/STM32G0xx_HAL_Driver/Src/stm32g0xx_hal_spi.c ****       HAL_SPI_ErrorCallback(hspi);
4244:Drivers/STM32G0xx_HAL_Driver/Src/stm32g0xx_hal_spi.c **** #endif /* USE_HAL_SPI_REGISTER_CALLBACKS */
4245:Drivers/STM32G0xx_HAL_Driver/Src/stm32g0xx_hal_spi.c ****     }
4246:Drivers/STM32G0xx_HAL_Driver/Src/stm32g0xx_hal_spi.c **** #if (USE_SPI_CRC != 0U)
4247:Drivers/STM32G0xx_HAL_Driver/Src/stm32g0xx_hal_spi.c ****   }
4248:Drivers/STM32G0xx_HAL_Driver/Src/stm32g0xx_hal_spi.c **** #endif /* USE_SPI_CRC */
4249:Drivers/STM32G0xx_HAL_Driver/Src/stm32g0xx_hal_spi.c **** }
4250:Drivers/STM32G0xx_HAL_Driver/Src/stm32g0xx_hal_spi.c **** 
4251:Drivers/STM32G0xx_HAL_Driver/Src/stm32g0xx_hal_spi.c **** /**
4252:Drivers/STM32G0xx_HAL_Driver/Src/stm32g0xx_hal_spi.c ****   * @brief  Handle the end of the TX transaction.
4253:Drivers/STM32G0xx_HAL_Driver/Src/stm32g0xx_hal_spi.c ****   * @param  hspi pointer to a SPI_HandleTypeDef structure that contains
4254:Drivers/STM32G0xx_HAL_Driver/Src/stm32g0xx_hal_spi.c ****   *               the configuration information for SPI module.
4255:Drivers/STM32G0xx_HAL_Driver/Src/stm32g0xx_hal_spi.c ****   * @retval None
4256:Drivers/STM32G0xx_HAL_Driver/Src/stm32g0xx_hal_spi.c ****   */
4257:Drivers/STM32G0xx_HAL_Driver/Src/stm32g0xx_hal_spi.c **** static void SPI_CloseTx_ISR(SPI_HandleTypeDef *hspi)
4258:Drivers/STM32G0xx_HAL_Driver/Src/stm32g0xx_hal_spi.c **** {
4259:Drivers/STM32G0xx_HAL_Driver/Src/stm32g0xx_hal_spi.c ****   uint32_t tickstart;
4260:Drivers/STM32G0xx_HAL_Driver/Src/stm32g0xx_hal_spi.c **** 
4261:Drivers/STM32G0xx_HAL_Driver/Src/stm32g0xx_hal_spi.c ****   /* Init tickstart for timeout management*/
4262:Drivers/STM32G0xx_HAL_Driver/Src/stm32g0xx_hal_spi.c ****   tickstart = HAL_GetTick();
4263:Drivers/STM32G0xx_HAL_Driver/Src/stm32g0xx_hal_spi.c **** 
4264:Drivers/STM32G0xx_HAL_Driver/Src/stm32g0xx_hal_spi.c ****   /* Disable TXE and ERR interrupt */
4265:Drivers/STM32G0xx_HAL_Driver/Src/stm32g0xx_hal_spi.c ****   __HAL_SPI_DISABLE_IT(hspi, (SPI_IT_TXE | SPI_IT_ERR));
4266:Drivers/STM32G0xx_HAL_Driver/Src/stm32g0xx_hal_spi.c **** 
4267:Drivers/STM32G0xx_HAL_Driver/Src/stm32g0xx_hal_spi.c ****   /* Check the end of the transaction */
4268:Drivers/STM32G0xx_HAL_Driver/Src/stm32g0xx_hal_spi.c ****   if (SPI_EndRxTxTransaction(hspi, SPI_DEFAULT_TIMEOUT, tickstart) != HAL_OK)
4269:Drivers/STM32G0xx_HAL_Driver/Src/stm32g0xx_hal_spi.c ****   {
4270:Drivers/STM32G0xx_HAL_Driver/Src/stm32g0xx_hal_spi.c ****     SET_BIT(hspi->ErrorCode, HAL_SPI_ERROR_FLAG);
4271:Drivers/STM32G0xx_HAL_Driver/Src/stm32g0xx_hal_spi.c ****   }
4272:Drivers/STM32G0xx_HAL_Driver/Src/stm32g0xx_hal_spi.c **** 
4273:Drivers/STM32G0xx_HAL_Driver/Src/stm32g0xx_hal_spi.c ****   /* Clear overrun flag in 2 Lines communication mode because received is not read */
4274:Drivers/STM32G0xx_HAL_Driver/Src/stm32g0xx_hal_spi.c ****   if (hspi->Init.Direction == SPI_DIRECTION_2LINES)
ARM GAS  C:\Users\sante\AppData\Local\Temp\cc1VgFnO.s 			page 91


4275:Drivers/STM32G0xx_HAL_Driver/Src/stm32g0xx_hal_spi.c ****   {
4276:Drivers/STM32G0xx_HAL_Driver/Src/stm32g0xx_hal_spi.c ****     __HAL_SPI_CLEAR_OVRFLAG(hspi);
4277:Drivers/STM32G0xx_HAL_Driver/Src/stm32g0xx_hal_spi.c ****   }
4278:Drivers/STM32G0xx_HAL_Driver/Src/stm32g0xx_hal_spi.c **** 
4279:Drivers/STM32G0xx_HAL_Driver/Src/stm32g0xx_hal_spi.c ****   hspi->State = HAL_SPI_STATE_READY;
4280:Drivers/STM32G0xx_HAL_Driver/Src/stm32g0xx_hal_spi.c ****   if (hspi->ErrorCode != HAL_SPI_ERROR_NONE)
4281:Drivers/STM32G0xx_HAL_Driver/Src/stm32g0xx_hal_spi.c ****   {
4282:Drivers/STM32G0xx_HAL_Driver/Src/stm32g0xx_hal_spi.c ****     /* Call user error callback */
4283:Drivers/STM32G0xx_HAL_Driver/Src/stm32g0xx_hal_spi.c **** #if (USE_HAL_SPI_REGISTER_CALLBACKS == 1U)
4284:Drivers/STM32G0xx_HAL_Driver/Src/stm32g0xx_hal_spi.c ****     hspi->ErrorCallback(hspi);
4285:Drivers/STM32G0xx_HAL_Driver/Src/stm32g0xx_hal_spi.c **** #else
4286:Drivers/STM32G0xx_HAL_Driver/Src/stm32g0xx_hal_spi.c ****     HAL_SPI_ErrorCallback(hspi);
4287:Drivers/STM32G0xx_HAL_Driver/Src/stm32g0xx_hal_spi.c **** #endif /* USE_HAL_SPI_REGISTER_CALLBACKS */
4288:Drivers/STM32G0xx_HAL_Driver/Src/stm32g0xx_hal_spi.c ****   }
4289:Drivers/STM32G0xx_HAL_Driver/Src/stm32g0xx_hal_spi.c ****   else
4290:Drivers/STM32G0xx_HAL_Driver/Src/stm32g0xx_hal_spi.c ****   {
4291:Drivers/STM32G0xx_HAL_Driver/Src/stm32g0xx_hal_spi.c ****     /* Call user Rx complete callback */
4292:Drivers/STM32G0xx_HAL_Driver/Src/stm32g0xx_hal_spi.c **** #if (USE_HAL_SPI_REGISTER_CALLBACKS == 1U)
4293:Drivers/STM32G0xx_HAL_Driver/Src/stm32g0xx_hal_spi.c ****     hspi->TxCpltCallback(hspi);
4294:Drivers/STM32G0xx_HAL_Driver/Src/stm32g0xx_hal_spi.c **** #else
4295:Drivers/STM32G0xx_HAL_Driver/Src/stm32g0xx_hal_spi.c ****     HAL_SPI_TxCpltCallback(hspi);
4296:Drivers/STM32G0xx_HAL_Driver/Src/stm32g0xx_hal_spi.c **** #endif /* USE_HAL_SPI_REGISTER_CALLBACKS */
4297:Drivers/STM32G0xx_HAL_Driver/Src/stm32g0xx_hal_spi.c ****   }
4298:Drivers/STM32G0xx_HAL_Driver/Src/stm32g0xx_hal_spi.c **** }
4299:Drivers/STM32G0xx_HAL_Driver/Src/stm32g0xx_hal_spi.c **** 
4300:Drivers/STM32G0xx_HAL_Driver/Src/stm32g0xx_hal_spi.c **** /**
4301:Drivers/STM32G0xx_HAL_Driver/Src/stm32g0xx_hal_spi.c ****   * @brief  Handle abort a Rx transaction.
4302:Drivers/STM32G0xx_HAL_Driver/Src/stm32g0xx_hal_spi.c ****   * @param  hspi pointer to a SPI_HandleTypeDef structure that contains
4303:Drivers/STM32G0xx_HAL_Driver/Src/stm32g0xx_hal_spi.c ****   *               the configuration information for SPI module.
4304:Drivers/STM32G0xx_HAL_Driver/Src/stm32g0xx_hal_spi.c ****   * @retval None
4305:Drivers/STM32G0xx_HAL_Driver/Src/stm32g0xx_hal_spi.c ****   */
4306:Drivers/STM32G0xx_HAL_Driver/Src/stm32g0xx_hal_spi.c **** static void SPI_AbortRx_ISR(SPI_HandleTypeDef *hspi)
4307:Drivers/STM32G0xx_HAL_Driver/Src/stm32g0xx_hal_spi.c **** {
 771              		.loc 1 4307 1 is_stmt 1 view -0
 772              		.cfi_startproc
 773              		@ args = 0, pretend = 0, frame = 8
 774              		@ frame_needed = 0, uses_anonymous_args = 0
 775              		.loc 1 4307 1 is_stmt 0 view .LVU192
 776 0000 30B5     		push	{r4, r5, lr}
 777              		.cfi_def_cfa_offset 12
 778              		.cfi_offset 4, -12
 779              		.cfi_offset 5, -8
 780              		.cfi_offset 14, -4
 781 0002 85B0     		sub	sp, sp, #20
 782              		.cfi_def_cfa_offset 32
 783 0004 0400     		movs	r4, r0
4308:Drivers/STM32G0xx_HAL_Driver/Src/stm32g0xx_hal_spi.c ****   __IO uint32_t count;
 784              		.loc 1 4308 3 is_stmt 1 view .LVU193
4309:Drivers/STM32G0xx_HAL_Driver/Src/stm32g0xx_hal_spi.c **** 
4310:Drivers/STM32G0xx_HAL_Driver/Src/stm32g0xx_hal_spi.c ****   /* Disable SPI Peripheral */
4311:Drivers/STM32G0xx_HAL_Driver/Src/stm32g0xx_hal_spi.c ****   __HAL_SPI_DISABLE(hspi);
 785              		.loc 1 4311 3 view .LVU194
 786 0006 0268     		ldr	r2, [r0]
 787 0008 1368     		ldr	r3, [r2]
 788 000a 4025     		movs	r5, #64
 789 000c AB43     		bics	r3, r5
 790 000e 1360     		str	r3, [r2]
ARM GAS  C:\Users\sante\AppData\Local\Temp\cc1VgFnO.s 			page 92


4312:Drivers/STM32G0xx_HAL_Driver/Src/stm32g0xx_hal_spi.c **** 
4313:Drivers/STM32G0xx_HAL_Driver/Src/stm32g0xx_hal_spi.c ****   count = SPI_DEFAULT_TIMEOUT * (SystemCoreClock / 24U / 1000U);
 791              		.loc 1 4313 3 view .LVU195
 792              		.loc 1 4313 56 is_stmt 0 view .LVU196
 793 0010 1D4B     		ldr	r3, .L60
 794 0012 1868     		ldr	r0, [r3]
 795              	.LVL66:
 796              		.loc 1 4313 56 view .LVU197
 797 0014 1D49     		ldr	r1, .L60+4
 798 0016 FFF7FEFF 		bl	__aeabi_uidiv
 799              	.LVL67:
 800              		.loc 1 4313 31 view .LVU198
 801 001a 6423     		movs	r3, #100
 802 001c 4343     		muls	r3, r0
 803              		.loc 1 4313 9 view .LVU199
 804 001e 0393     		str	r3, [sp, #12]
4314:Drivers/STM32G0xx_HAL_Driver/Src/stm32g0xx_hal_spi.c **** 
4315:Drivers/STM32G0xx_HAL_Driver/Src/stm32g0xx_hal_spi.c ****   /* Disable RXNEIE interrupt */
4316:Drivers/STM32G0xx_HAL_Driver/Src/stm32g0xx_hal_spi.c ****   CLEAR_BIT(hspi->Instance->CR2, (SPI_CR2_RXNEIE));
 805              		.loc 1 4316 3 is_stmt 1 view .LVU200
 806 0020 2268     		ldr	r2, [r4]
 807 0022 5368     		ldr	r3, [r2, #4]
 808 0024 AB43     		bics	r3, r5
 809 0026 5360     		str	r3, [r2, #4]
 810              	.L55:
4317:Drivers/STM32G0xx_HAL_Driver/Src/stm32g0xx_hal_spi.c **** 
4318:Drivers/STM32G0xx_HAL_Driver/Src/stm32g0xx_hal_spi.c ****   /* Check RXNEIE is disabled */
4319:Drivers/STM32G0xx_HAL_Driver/Src/stm32g0xx_hal_spi.c ****   do
 811              		.loc 1 4319 3 view .LVU201
4320:Drivers/STM32G0xx_HAL_Driver/Src/stm32g0xx_hal_spi.c ****   {
4321:Drivers/STM32G0xx_HAL_Driver/Src/stm32g0xx_hal_spi.c ****     if (count == 0U)
 812              		.loc 1 4321 5 view .LVU202
 813              		.loc 1 4321 15 is_stmt 0 view .LVU203
 814 0028 039B     		ldr	r3, [sp, #12]
 815              		.loc 1 4321 8 view .LVU204
 816 002a 002B     		cmp	r3, #0
 817 002c 07D0     		beq	.L59
4322:Drivers/STM32G0xx_HAL_Driver/Src/stm32g0xx_hal_spi.c ****     {
4323:Drivers/STM32G0xx_HAL_Driver/Src/stm32g0xx_hal_spi.c ****       SET_BIT(hspi->ErrorCode, HAL_SPI_ERROR_ABORT);
4324:Drivers/STM32G0xx_HAL_Driver/Src/stm32g0xx_hal_spi.c ****       break;
4325:Drivers/STM32G0xx_HAL_Driver/Src/stm32g0xx_hal_spi.c ****     }
4326:Drivers/STM32G0xx_HAL_Driver/Src/stm32g0xx_hal_spi.c ****     count--;
 818              		.loc 1 4326 5 is_stmt 1 view .LVU205
 819              		.loc 1 4326 10 is_stmt 0 view .LVU206
 820 002e 039B     		ldr	r3, [sp, #12]
 821 0030 013B     		subs	r3, r3, #1
 822 0032 0393     		str	r3, [sp, #12]
4327:Drivers/STM32G0xx_HAL_Driver/Src/stm32g0xx_hal_spi.c ****   } while (HAL_IS_BIT_SET(hspi->Instance->CR2, SPI_CR2_RXNEIE));
 823              		.loc 1 4327 12 is_stmt 1 view .LVU207
 824 0034 2368     		ldr	r3, [r4]
 825 0036 5B68     		ldr	r3, [r3, #4]
 826 0038 5B06     		lsls	r3, r3, #25
 827 003a F5D4     		bmi	.L55
 828 003c 03E0     		b	.L54
 829              	.L59:
4323:Drivers/STM32G0xx_HAL_Driver/Src/stm32g0xx_hal_spi.c ****       break;
 830              		.loc 1 4323 7 view .LVU208
ARM GAS  C:\Users\sante\AppData\Local\Temp\cc1VgFnO.s 			page 93


 831 003e 236E     		ldr	r3, [r4, #96]
 832 0040 4022     		movs	r2, #64
 833 0042 1343     		orrs	r3, r2
 834 0044 2366     		str	r3, [r4, #96]
4324:Drivers/STM32G0xx_HAL_Driver/Src/stm32g0xx_hal_spi.c ****     }
 835              		.loc 1 4324 7 view .LVU209
 836              	.L54:
4328:Drivers/STM32G0xx_HAL_Driver/Src/stm32g0xx_hal_spi.c **** 
4329:Drivers/STM32G0xx_HAL_Driver/Src/stm32g0xx_hal_spi.c ****   /* Control the BSY flag */
4330:Drivers/STM32G0xx_HAL_Driver/Src/stm32g0xx_hal_spi.c ****   if (SPI_WaitFlagStateUntilTimeout(hspi, SPI_FLAG_BSY, RESET, SPI_DEFAULT_TIMEOUT, HAL_GetTick()) 
 837              		.loc 1 4330 3 view .LVU210
 838              		.loc 1 4330 7 is_stmt 0 view .LVU211
 839 0046 FFF7FEFF 		bl	HAL_GetTick
 840              	.LVL68:
 841              		.loc 1 4330 7 discriminator 1 view .LVU212
 842 004a 0090     		str	r0, [sp]
 843 004c 6423     		movs	r3, #100
 844 004e 0022     		movs	r2, #0
 845 0050 8021     		movs	r1, #128
 846 0052 2000     		movs	r0, r4
 847 0054 FFF7FEFF 		bl	SPI_WaitFlagStateUntilTimeout
 848              	.LVL69:
 849              		.loc 1 4330 6 discriminator 2 view .LVU213
 850 0058 0028     		cmp	r0, #0
 851 005a 01D0     		beq	.L56
4331:Drivers/STM32G0xx_HAL_Driver/Src/stm32g0xx_hal_spi.c ****   {
4332:Drivers/STM32G0xx_HAL_Driver/Src/stm32g0xx_hal_spi.c ****     hspi->ErrorCode = HAL_SPI_ERROR_ABORT;
 852              		.loc 1 4332 5 is_stmt 1 view .LVU214
 853              		.loc 1 4332 21 is_stmt 0 view .LVU215
 854 005c 4023     		movs	r3, #64
 855 005e 2366     		str	r3, [r4, #96]
 856              	.L56:
4333:Drivers/STM32G0xx_HAL_Driver/Src/stm32g0xx_hal_spi.c ****   }
4334:Drivers/STM32G0xx_HAL_Driver/Src/stm32g0xx_hal_spi.c **** 
4335:Drivers/STM32G0xx_HAL_Driver/Src/stm32g0xx_hal_spi.c ****   /* Empty the FRLVL fifo */
4336:Drivers/STM32G0xx_HAL_Driver/Src/stm32g0xx_hal_spi.c ****   if (SPI_WaitFifoStateUntilTimeout(hspi, SPI_FLAG_FRLVL, SPI_FRLVL_EMPTY, SPI_DEFAULT_TIMEOUT, HAL
 857              		.loc 1 4336 3 is_stmt 1 view .LVU216
 858              		.loc 1 4336 7 is_stmt 0 view .LVU217
 859 0060 FFF7FEFF 		bl	HAL_GetTick
 860              	.LVL70:
 861              		.loc 1 4336 7 discriminator 1 view .LVU218
 862 0064 C021     		movs	r1, #192
 863 0066 0090     		str	r0, [sp]
 864 0068 6423     		movs	r3, #100
 865 006a 0022     		movs	r2, #0
 866 006c C900     		lsls	r1, r1, #3
 867 006e 2000     		movs	r0, r4
 868 0070 FFF7FEFF 		bl	SPI_WaitFifoStateUntilTimeout
 869              	.LVL71:
 870              		.loc 1 4336 6 discriminator 2 view .LVU219
 871 0074 0028     		cmp	r0, #0
 872 0076 01D0     		beq	.L57
4337:Drivers/STM32G0xx_HAL_Driver/Src/stm32g0xx_hal_spi.c ****   {
4338:Drivers/STM32G0xx_HAL_Driver/Src/stm32g0xx_hal_spi.c ****     hspi->ErrorCode = HAL_SPI_ERROR_ABORT;
 873              		.loc 1 4338 5 is_stmt 1 view .LVU220
 874              		.loc 1 4338 21 is_stmt 0 view .LVU221
 875 0078 4023     		movs	r3, #64
ARM GAS  C:\Users\sante\AppData\Local\Temp\cc1VgFnO.s 			page 94


 876 007a 2366     		str	r3, [r4, #96]
 877              	.L57:
4339:Drivers/STM32G0xx_HAL_Driver/Src/stm32g0xx_hal_spi.c ****   }
4340:Drivers/STM32G0xx_HAL_Driver/Src/stm32g0xx_hal_spi.c **** 
4341:Drivers/STM32G0xx_HAL_Driver/Src/stm32g0xx_hal_spi.c ****   hspi->State = HAL_SPI_STATE_ABORT;
 878              		.loc 1 4341 3 is_stmt 1 view .LVU222
 879              		.loc 1 4341 15 is_stmt 0 view .LVU223
 880 007c 5D23     		movs	r3, #93
 881 007e 0722     		movs	r2, #7
 882 0080 E254     		strb	r2, [r4, r3]
4342:Drivers/STM32G0xx_HAL_Driver/Src/stm32g0xx_hal_spi.c **** }
 883              		.loc 1 4342 1 view .LVU224
 884 0082 05B0     		add	sp, sp, #20
 885              		@ sp needed
 886              	.LVL72:
 887              		.loc 1 4342 1 view .LVU225
 888 0084 30BD     		pop	{r4, r5, pc}
 889              	.L61:
 890 0086 C046     		.align	2
 891              	.L60:
 892 0088 00000000 		.word	SystemCoreClock
 893 008c C05D0000 		.word	24000
 894              		.cfi_endproc
 895              	.LFE547:
 897              		.section	.text.SPI_AbortTx_ISR,"ax",%progbits
 898              		.align	1
 899              		.syntax unified
 900              		.code	16
 901              		.thumb_func
 903              	SPI_AbortTx_ISR:
 904              	.LVL73:
 905              	.LFB548:
4343:Drivers/STM32G0xx_HAL_Driver/Src/stm32g0xx_hal_spi.c **** 
4344:Drivers/STM32G0xx_HAL_Driver/Src/stm32g0xx_hal_spi.c **** /**
4345:Drivers/STM32G0xx_HAL_Driver/Src/stm32g0xx_hal_spi.c ****   * @brief  Handle abort a Tx or Rx/Tx transaction.
4346:Drivers/STM32G0xx_HAL_Driver/Src/stm32g0xx_hal_spi.c ****   * @param  hspi pointer to a SPI_HandleTypeDef structure that contains
4347:Drivers/STM32G0xx_HAL_Driver/Src/stm32g0xx_hal_spi.c ****   *               the configuration information for SPI module.
4348:Drivers/STM32G0xx_HAL_Driver/Src/stm32g0xx_hal_spi.c ****   * @retval None
4349:Drivers/STM32G0xx_HAL_Driver/Src/stm32g0xx_hal_spi.c ****   */
4350:Drivers/STM32G0xx_HAL_Driver/Src/stm32g0xx_hal_spi.c **** static void SPI_AbortTx_ISR(SPI_HandleTypeDef *hspi)
4351:Drivers/STM32G0xx_HAL_Driver/Src/stm32g0xx_hal_spi.c **** {
 906              		.loc 1 4351 1 is_stmt 1 view -0
 907              		.cfi_startproc
 908              		@ args = 0, pretend = 0, frame = 8
 909              		@ frame_needed = 0, uses_anonymous_args = 0
 910              		.loc 1 4351 1 is_stmt 0 view .LVU227
 911 0000 10B5     		push	{r4, lr}
 912              		.cfi_def_cfa_offset 8
 913              		.cfi_offset 4, -8
 914              		.cfi_offset 14, -4
 915 0002 84B0     		sub	sp, sp, #16
 916              		.cfi_def_cfa_offset 24
 917 0004 0400     		movs	r4, r0
4352:Drivers/STM32G0xx_HAL_Driver/Src/stm32g0xx_hal_spi.c ****   __IO uint32_t count;
 918              		.loc 1 4352 3 is_stmt 1 view .LVU228
4353:Drivers/STM32G0xx_HAL_Driver/Src/stm32g0xx_hal_spi.c **** 
4354:Drivers/STM32G0xx_HAL_Driver/Src/stm32g0xx_hal_spi.c ****   count = SPI_DEFAULT_TIMEOUT * (SystemCoreClock / 24U / 1000U);
ARM GAS  C:\Users\sante\AppData\Local\Temp\cc1VgFnO.s 			page 95


 919              		.loc 1 4354 3 view .LVU229
 920              		.loc 1 4354 56 is_stmt 0 view .LVU230
 921 0006 384B     		ldr	r3, .L78
 922 0008 1868     		ldr	r0, [r3]
 923              	.LVL74:
 924              		.loc 1 4354 56 view .LVU231
 925 000a 3849     		ldr	r1, .L78+4
 926 000c FFF7FEFF 		bl	__aeabi_uidiv
 927              	.LVL75:
 928              		.loc 1 4354 31 view .LVU232
 929 0010 6423     		movs	r3, #100
 930 0012 4343     		muls	r3, r0
 931              		.loc 1 4354 9 view .LVU233
 932 0014 0393     		str	r3, [sp, #12]
4355:Drivers/STM32G0xx_HAL_Driver/Src/stm32g0xx_hal_spi.c **** 
4356:Drivers/STM32G0xx_HAL_Driver/Src/stm32g0xx_hal_spi.c ****   /* Disable TXEIE interrupt */
4357:Drivers/STM32G0xx_HAL_Driver/Src/stm32g0xx_hal_spi.c ****   CLEAR_BIT(hspi->Instance->CR2, (SPI_CR2_TXEIE));
 933              		.loc 1 4357 3 is_stmt 1 view .LVU234
 934 0016 2268     		ldr	r2, [r4]
 935 0018 5368     		ldr	r3, [r2, #4]
 936 001a 8021     		movs	r1, #128
 937 001c 8B43     		bics	r3, r1
 938 001e 5360     		str	r3, [r2, #4]
 939              	.L65:
4358:Drivers/STM32G0xx_HAL_Driver/Src/stm32g0xx_hal_spi.c **** 
4359:Drivers/STM32G0xx_HAL_Driver/Src/stm32g0xx_hal_spi.c ****   /* Check TXEIE is disabled */
4360:Drivers/STM32G0xx_HAL_Driver/Src/stm32g0xx_hal_spi.c ****   do
 940              		.loc 1 4360 3 view .LVU235
4361:Drivers/STM32G0xx_HAL_Driver/Src/stm32g0xx_hal_spi.c ****   {
4362:Drivers/STM32G0xx_HAL_Driver/Src/stm32g0xx_hal_spi.c ****     if (count == 0U)
 941              		.loc 1 4362 5 view .LVU236
 942              		.loc 1 4362 15 is_stmt 0 view .LVU237
 943 0020 039B     		ldr	r3, [sp, #12]
 944              		.loc 1 4362 8 view .LVU238
 945 0022 002B     		cmp	r3, #0
 946 0024 07D0     		beq	.L76
4363:Drivers/STM32G0xx_HAL_Driver/Src/stm32g0xx_hal_spi.c ****     {
4364:Drivers/STM32G0xx_HAL_Driver/Src/stm32g0xx_hal_spi.c ****       SET_BIT(hspi->ErrorCode, HAL_SPI_ERROR_ABORT);
4365:Drivers/STM32G0xx_HAL_Driver/Src/stm32g0xx_hal_spi.c ****       break;
4366:Drivers/STM32G0xx_HAL_Driver/Src/stm32g0xx_hal_spi.c ****     }
4367:Drivers/STM32G0xx_HAL_Driver/Src/stm32g0xx_hal_spi.c ****     count--;
 947              		.loc 1 4367 5 is_stmt 1 view .LVU239
 948              		.loc 1 4367 10 is_stmt 0 view .LVU240
 949 0026 039B     		ldr	r3, [sp, #12]
 950 0028 013B     		subs	r3, r3, #1
 951 002a 0393     		str	r3, [sp, #12]
4368:Drivers/STM32G0xx_HAL_Driver/Src/stm32g0xx_hal_spi.c ****   } while (HAL_IS_BIT_SET(hspi->Instance->CR2, SPI_CR2_TXEIE));
 952              		.loc 1 4368 12 is_stmt 1 view .LVU241
 953 002c 2368     		ldr	r3, [r4]
 954 002e 5B68     		ldr	r3, [r3, #4]
 955 0030 1B06     		lsls	r3, r3, #24
 956 0032 F5D4     		bmi	.L65
 957 0034 03E0     		b	.L64
 958              	.L76:
4364:Drivers/STM32G0xx_HAL_Driver/Src/stm32g0xx_hal_spi.c ****       break;
 959              		.loc 1 4364 7 view .LVU242
 960 0036 236E     		ldr	r3, [r4, #96]
ARM GAS  C:\Users\sante\AppData\Local\Temp\cc1VgFnO.s 			page 96


 961 0038 4022     		movs	r2, #64
 962 003a 1343     		orrs	r3, r2
 963 003c 2366     		str	r3, [r4, #96]
4365:Drivers/STM32G0xx_HAL_Driver/Src/stm32g0xx_hal_spi.c ****     }
 964              		.loc 1 4365 7 view .LVU243
 965              	.L64:
4369:Drivers/STM32G0xx_HAL_Driver/Src/stm32g0xx_hal_spi.c **** 
4370:Drivers/STM32G0xx_HAL_Driver/Src/stm32g0xx_hal_spi.c ****   if (SPI_EndRxTxTransaction(hspi, SPI_DEFAULT_TIMEOUT, HAL_GetTick()) != HAL_OK)
 966              		.loc 1 4370 3 view .LVU244
 967              		.loc 1 4370 7 is_stmt 0 view .LVU245
 968 003e FFF7FEFF 		bl	HAL_GetTick
 969              	.LVL76:
 970 0042 0200     		movs	r2, r0
 971              		.loc 1 4370 7 discriminator 1 view .LVU246
 972 0044 6421     		movs	r1, #100
 973 0046 2000     		movs	r0, r4
 974 0048 FFF7FEFF 		bl	SPI_EndRxTxTransaction
 975              	.LVL77:
 976              		.loc 1 4370 6 discriminator 2 view .LVU247
 977 004c 0028     		cmp	r0, #0
 978 004e 01D0     		beq	.L66
4371:Drivers/STM32G0xx_HAL_Driver/Src/stm32g0xx_hal_spi.c ****   {
4372:Drivers/STM32G0xx_HAL_Driver/Src/stm32g0xx_hal_spi.c ****     hspi->ErrorCode = HAL_SPI_ERROR_ABORT;
 979              		.loc 1 4372 5 is_stmt 1 view .LVU248
 980              		.loc 1 4372 21 is_stmt 0 view .LVU249
 981 0050 4023     		movs	r3, #64
 982 0052 2366     		str	r3, [r4, #96]
 983              	.L66:
4373:Drivers/STM32G0xx_HAL_Driver/Src/stm32g0xx_hal_spi.c ****   }
4374:Drivers/STM32G0xx_HAL_Driver/Src/stm32g0xx_hal_spi.c **** 
4375:Drivers/STM32G0xx_HAL_Driver/Src/stm32g0xx_hal_spi.c ****   /* Disable SPI Peripheral */
4376:Drivers/STM32G0xx_HAL_Driver/Src/stm32g0xx_hal_spi.c ****   __HAL_SPI_DISABLE(hspi);
 984              		.loc 1 4376 3 is_stmt 1 view .LVU250
 985 0054 2268     		ldr	r2, [r4]
 986 0056 1368     		ldr	r3, [r2]
 987 0058 4021     		movs	r1, #64
 988 005a 8B43     		bics	r3, r1
 989 005c 1360     		str	r3, [r2]
4377:Drivers/STM32G0xx_HAL_Driver/Src/stm32g0xx_hal_spi.c **** 
4378:Drivers/STM32G0xx_HAL_Driver/Src/stm32g0xx_hal_spi.c ****   /* Empty the FRLVL fifo */
4379:Drivers/STM32G0xx_HAL_Driver/Src/stm32g0xx_hal_spi.c ****   if (SPI_WaitFifoStateUntilTimeout(hspi, SPI_FLAG_FRLVL, SPI_FRLVL_EMPTY, SPI_DEFAULT_TIMEOUT, HAL
 990              		.loc 1 4379 3 view .LVU251
 991              		.loc 1 4379 7 is_stmt 0 view .LVU252
 992 005e FFF7FEFF 		bl	HAL_GetTick
 993              	.LVL78:
 994              		.loc 1 4379 7 discriminator 1 view .LVU253
 995 0062 C021     		movs	r1, #192
 996 0064 0090     		str	r0, [sp]
 997 0066 6423     		movs	r3, #100
 998 0068 0022     		movs	r2, #0
 999 006a C900     		lsls	r1, r1, #3
 1000 006c 2000     		movs	r0, r4
 1001 006e FFF7FEFF 		bl	SPI_WaitFifoStateUntilTimeout
 1002              	.LVL79:
 1003              		.loc 1 4379 6 discriminator 2 view .LVU254
 1004 0072 0028     		cmp	r0, #0
 1005 0074 01D0     		beq	.L67
ARM GAS  C:\Users\sante\AppData\Local\Temp\cc1VgFnO.s 			page 97


4380:Drivers/STM32G0xx_HAL_Driver/Src/stm32g0xx_hal_spi.c ****   {
4381:Drivers/STM32G0xx_HAL_Driver/Src/stm32g0xx_hal_spi.c ****     hspi->ErrorCode = HAL_SPI_ERROR_ABORT;
 1006              		.loc 1 4381 5 is_stmt 1 view .LVU255
 1007              		.loc 1 4381 21 is_stmt 0 view .LVU256
 1008 0076 4023     		movs	r3, #64
 1009 0078 2366     		str	r3, [r4, #96]
 1010              	.L67:
4382:Drivers/STM32G0xx_HAL_Driver/Src/stm32g0xx_hal_spi.c ****   }
4383:Drivers/STM32G0xx_HAL_Driver/Src/stm32g0xx_hal_spi.c **** 
4384:Drivers/STM32G0xx_HAL_Driver/Src/stm32g0xx_hal_spi.c ****   /* Check case of Full-Duplex Mode and disable directly RXNEIE interrupt */
4385:Drivers/STM32G0xx_HAL_Driver/Src/stm32g0xx_hal_spi.c ****   if (HAL_IS_BIT_SET(hspi->Instance->CR2, SPI_CR2_RXNEIE))
 1011              		.loc 1 4385 3 is_stmt 1 view .LVU257
 1012              		.loc 1 4385 7 is_stmt 0 view .LVU258
 1013 007a 2268     		ldr	r2, [r4]
 1014 007c 5368     		ldr	r3, [r2, #4]
 1015              		.loc 1 4385 6 view .LVU259
 1016 007e 5B06     		lsls	r3, r3, #25
 1017 0080 2DD5     		bpl	.L68
4386:Drivers/STM32G0xx_HAL_Driver/Src/stm32g0xx_hal_spi.c ****   {
4387:Drivers/STM32G0xx_HAL_Driver/Src/stm32g0xx_hal_spi.c ****     /* Disable RXNEIE interrupt */
4388:Drivers/STM32G0xx_HAL_Driver/Src/stm32g0xx_hal_spi.c ****     CLEAR_BIT(hspi->Instance->CR2, (SPI_CR2_RXNEIE));
 1018              		.loc 1 4388 5 is_stmt 1 view .LVU260
 1019 0082 5368     		ldr	r3, [r2, #4]
 1020 0084 4021     		movs	r1, #64
 1021 0086 8B43     		bics	r3, r1
 1022 0088 5360     		str	r3, [r2, #4]
 1023              	.L71:
4389:Drivers/STM32G0xx_HAL_Driver/Src/stm32g0xx_hal_spi.c **** 
4390:Drivers/STM32G0xx_HAL_Driver/Src/stm32g0xx_hal_spi.c ****     /* Check RXNEIE is disabled */
4391:Drivers/STM32G0xx_HAL_Driver/Src/stm32g0xx_hal_spi.c ****     do
 1024              		.loc 1 4391 5 view .LVU261
4392:Drivers/STM32G0xx_HAL_Driver/Src/stm32g0xx_hal_spi.c ****     {
4393:Drivers/STM32G0xx_HAL_Driver/Src/stm32g0xx_hal_spi.c ****       if (count == 0U)
 1025              		.loc 1 4393 7 view .LVU262
 1026              		.loc 1 4393 17 is_stmt 0 view .LVU263
 1027 008a 039B     		ldr	r3, [sp, #12]
 1028              		.loc 1 4393 10 view .LVU264
 1029 008c 002B     		cmp	r3, #0
 1030 008e 07D0     		beq	.L77
4394:Drivers/STM32G0xx_HAL_Driver/Src/stm32g0xx_hal_spi.c ****       {
4395:Drivers/STM32G0xx_HAL_Driver/Src/stm32g0xx_hal_spi.c ****         SET_BIT(hspi->ErrorCode, HAL_SPI_ERROR_ABORT);
4396:Drivers/STM32G0xx_HAL_Driver/Src/stm32g0xx_hal_spi.c ****         break;
4397:Drivers/STM32G0xx_HAL_Driver/Src/stm32g0xx_hal_spi.c ****       }
4398:Drivers/STM32G0xx_HAL_Driver/Src/stm32g0xx_hal_spi.c ****       count--;
 1031              		.loc 1 4398 7 is_stmt 1 view .LVU265
 1032              		.loc 1 4398 12 is_stmt 0 view .LVU266
 1033 0090 039B     		ldr	r3, [sp, #12]
 1034 0092 013B     		subs	r3, r3, #1
 1035 0094 0393     		str	r3, [sp, #12]
4399:Drivers/STM32G0xx_HAL_Driver/Src/stm32g0xx_hal_spi.c ****     } while (HAL_IS_BIT_SET(hspi->Instance->CR2, SPI_CR2_RXNEIE));
 1036              		.loc 1 4399 14 is_stmt 1 view .LVU267
 1037 0096 2368     		ldr	r3, [r4]
 1038 0098 5B68     		ldr	r3, [r3, #4]
 1039 009a 5B06     		lsls	r3, r3, #25
 1040 009c F5D4     		bmi	.L71
 1041 009e 03E0     		b	.L70
 1042              	.L77:
ARM GAS  C:\Users\sante\AppData\Local\Temp\cc1VgFnO.s 			page 98


4395:Drivers/STM32G0xx_HAL_Driver/Src/stm32g0xx_hal_spi.c ****         break;
 1043              		.loc 1 4395 9 view .LVU268
 1044 00a0 236E     		ldr	r3, [r4, #96]
 1045 00a2 4022     		movs	r2, #64
 1046 00a4 1343     		orrs	r3, r2
 1047 00a6 2366     		str	r3, [r4, #96]
4396:Drivers/STM32G0xx_HAL_Driver/Src/stm32g0xx_hal_spi.c ****       }
 1048              		.loc 1 4396 9 view .LVU269
 1049              	.L70:
4400:Drivers/STM32G0xx_HAL_Driver/Src/stm32g0xx_hal_spi.c **** 
4401:Drivers/STM32G0xx_HAL_Driver/Src/stm32g0xx_hal_spi.c ****     /* Control the BSY flag */
4402:Drivers/STM32G0xx_HAL_Driver/Src/stm32g0xx_hal_spi.c ****     if (SPI_WaitFlagStateUntilTimeout(hspi, SPI_FLAG_BSY, RESET, SPI_DEFAULT_TIMEOUT, HAL_GetTick()
 1050              		.loc 1 4402 5 view .LVU270
 1051              		.loc 1 4402 9 is_stmt 0 view .LVU271
 1052 00a8 FFF7FEFF 		bl	HAL_GetTick
 1053              	.LVL80:
 1054              		.loc 1 4402 9 discriminator 1 view .LVU272
 1055 00ac 0090     		str	r0, [sp]
 1056 00ae 6423     		movs	r3, #100
 1057 00b0 0022     		movs	r2, #0
 1058 00b2 8021     		movs	r1, #128
 1059 00b4 2000     		movs	r0, r4
 1060 00b6 FFF7FEFF 		bl	SPI_WaitFlagStateUntilTimeout
 1061              	.LVL81:
 1062              		.loc 1 4402 8 discriminator 2 view .LVU273
 1063 00ba 0028     		cmp	r0, #0
 1064 00bc 01D0     		beq	.L72
4403:Drivers/STM32G0xx_HAL_Driver/Src/stm32g0xx_hal_spi.c ****     {
4404:Drivers/STM32G0xx_HAL_Driver/Src/stm32g0xx_hal_spi.c ****       hspi->ErrorCode = HAL_SPI_ERROR_ABORT;
 1065              		.loc 1 4404 7 is_stmt 1 view .LVU274
 1066              		.loc 1 4404 23 is_stmt 0 view .LVU275
 1067 00be 4023     		movs	r3, #64
 1068 00c0 2366     		str	r3, [r4, #96]
 1069              	.L72:
4405:Drivers/STM32G0xx_HAL_Driver/Src/stm32g0xx_hal_spi.c ****     }
4406:Drivers/STM32G0xx_HAL_Driver/Src/stm32g0xx_hal_spi.c **** 
4407:Drivers/STM32G0xx_HAL_Driver/Src/stm32g0xx_hal_spi.c ****     /* Empty the FRLVL fifo */
4408:Drivers/STM32G0xx_HAL_Driver/Src/stm32g0xx_hal_spi.c ****     if (SPI_WaitFifoStateUntilTimeout(hspi, SPI_FLAG_FRLVL, SPI_FRLVL_EMPTY, SPI_DEFAULT_TIMEOUT, H
 1070              		.loc 1 4408 5 is_stmt 1 view .LVU276
 1071              		.loc 1 4408 9 is_stmt 0 view .LVU277
 1072 00c2 FFF7FEFF 		bl	HAL_GetTick
 1073              	.LVL82:
 1074              		.loc 1 4408 9 discriminator 1 view .LVU278
 1075 00c6 C021     		movs	r1, #192
 1076 00c8 0090     		str	r0, [sp]
 1077 00ca 6423     		movs	r3, #100
 1078 00cc 0022     		movs	r2, #0
 1079 00ce C900     		lsls	r1, r1, #3
 1080 00d0 2000     		movs	r0, r4
 1081 00d2 FFF7FEFF 		bl	SPI_WaitFifoStateUntilTimeout
 1082              	.LVL83:
 1083              		.loc 1 4408 8 discriminator 2 view .LVU279
 1084 00d6 0028     		cmp	r0, #0
 1085 00d8 01D0     		beq	.L68
4409:Drivers/STM32G0xx_HAL_Driver/Src/stm32g0xx_hal_spi.c ****     {
4410:Drivers/STM32G0xx_HAL_Driver/Src/stm32g0xx_hal_spi.c ****       hspi->ErrorCode = HAL_SPI_ERROR_ABORT;
 1086              		.loc 1 4410 7 is_stmt 1 view .LVU280
ARM GAS  C:\Users\sante\AppData\Local\Temp\cc1VgFnO.s 			page 99


 1087              		.loc 1 4410 23 is_stmt 0 view .LVU281
 1088 00da 4023     		movs	r3, #64
 1089 00dc 2366     		str	r3, [r4, #96]
 1090              	.L68:
4411:Drivers/STM32G0xx_HAL_Driver/Src/stm32g0xx_hal_spi.c ****     }
4412:Drivers/STM32G0xx_HAL_Driver/Src/stm32g0xx_hal_spi.c ****   }
4413:Drivers/STM32G0xx_HAL_Driver/Src/stm32g0xx_hal_spi.c ****   hspi->State = HAL_SPI_STATE_ABORT;
 1091              		.loc 1 4413 3 is_stmt 1 view .LVU282
 1092              		.loc 1 4413 15 is_stmt 0 view .LVU283
 1093 00de 5D23     		movs	r3, #93
 1094 00e0 0722     		movs	r2, #7
 1095 00e2 E254     		strb	r2, [r4, r3]
4414:Drivers/STM32G0xx_HAL_Driver/Src/stm32g0xx_hal_spi.c **** }
 1096              		.loc 1 4414 1 view .LVU284
 1097 00e4 04B0     		add	sp, sp, #16
 1098              		@ sp needed
 1099              	.LVL84:
 1100              		.loc 1 4414 1 view .LVU285
 1101 00e6 10BD     		pop	{r4, pc}
 1102              	.L79:
 1103              		.align	2
 1104              	.L78:
 1105 00e8 00000000 		.word	SystemCoreClock
 1106 00ec C05D0000 		.word	24000
 1107              		.cfi_endproc
 1108              	.LFE548:
 1110              		.section	.text.HAL_SPI_MspInit,"ax",%progbits
 1111              		.align	1
 1112              		.weak	HAL_SPI_MspInit
 1113              		.syntax unified
 1114              		.code	16
 1115              		.thumb_func
 1117              	HAL_SPI_MspInit:
 1118              	.LVL85:
 1119              	.LFB495:
 534:Drivers/STM32G0xx_HAL_Driver/Src/stm32g0xx_hal_spi.c ****   /* Prevent unused argument(s) compilation warning */
 1120              		.loc 1 534 1 is_stmt 1 view -0
 1121              		.cfi_startproc
 1122              		@ args = 0, pretend = 0, frame = 0
 1123              		@ frame_needed = 0, uses_anonymous_args = 0
 1124              		@ link register save eliminated.
 536:Drivers/STM32G0xx_HAL_Driver/Src/stm32g0xx_hal_spi.c **** 
 1125              		.loc 1 536 3 view .LVU287
 541:Drivers/STM32G0xx_HAL_Driver/Src/stm32g0xx_hal_spi.c **** 
 1126              		.loc 1 541 1 is_stmt 0 view .LVU288
 1127              		@ sp needed
 1128 0000 7047     		bx	lr
 1129              		.cfi_endproc
 1130              	.LFE495:
 1132              		.section	.text.HAL_SPI_Init,"ax",%progbits
 1133              		.align	1
 1134              		.global	HAL_SPI_Init
 1135              		.syntax unified
 1136              		.code	16
 1137              		.thumb_func
 1139              	HAL_SPI_Init:
 1140              	.LVL86:
ARM GAS  C:\Users\sante\AppData\Local\Temp\cc1VgFnO.s 			page 100


 1141              	.LFB493:
 315:Drivers/STM32G0xx_HAL_Driver/Src/stm32g0xx_hal_spi.c ****   uint32_t frxth;
 1142              		.loc 1 315 1 is_stmt 1 view -0
 1143              		.cfi_startproc
 1144              		@ args = 0, pretend = 0, frame = 0
 1145              		@ frame_needed = 0, uses_anonymous_args = 0
 315:Drivers/STM32G0xx_HAL_Driver/Src/stm32g0xx_hal_spi.c ****   uint32_t frxth;
 1146              		.loc 1 315 1 is_stmt 0 view .LVU290
 1147 0000 70B5     		push	{r4, r5, r6, lr}
 1148              		.cfi_def_cfa_offset 16
 1149              		.cfi_offset 4, -16
 1150              		.cfi_offset 5, -12
 1151              		.cfi_offset 6, -8
 1152              		.cfi_offset 14, -4
 1153 0002 041E     		subs	r4, r0, #0
 316:Drivers/STM32G0xx_HAL_Driver/Src/stm32g0xx_hal_spi.c **** 
 1154              		.loc 1 316 3 is_stmt 1 view .LVU291
 319:Drivers/STM32G0xx_HAL_Driver/Src/stm32g0xx_hal_spi.c ****   {
 1155              		.loc 1 319 3 view .LVU292
 319:Drivers/STM32G0xx_HAL_Driver/Src/stm32g0xx_hal_spi.c ****   {
 1156              		.loc 1 319 6 is_stmt 0 view .LVU293
 1157 0004 00D1     		bne	.LCB1064
 1158 0006 78E0     		b	.L88	@long jump
 1159              	.LCB1064:
 325:Drivers/STM32G0xx_HAL_Driver/Src/stm32g0xx_hal_spi.c ****   assert_param(IS_SPI_MODE(hspi->Init.Mode));
 1160              		.loc 1 325 3 is_stmt 1 view .LVU294
 326:Drivers/STM32G0xx_HAL_Driver/Src/stm32g0xx_hal_spi.c ****   assert_param(IS_SPI_DIRECTION(hspi->Init.Direction));
 1161              		.loc 1 326 3 view .LVU295
 327:Drivers/STM32G0xx_HAL_Driver/Src/stm32g0xx_hal_spi.c ****   assert_param(IS_SPI_DATASIZE(hspi->Init.DataSize));
 1162              		.loc 1 327 3 view .LVU296
 328:Drivers/STM32G0xx_HAL_Driver/Src/stm32g0xx_hal_spi.c ****   assert_param(IS_SPI_NSS(hspi->Init.NSS));
 1163              		.loc 1 328 3 view .LVU297
 329:Drivers/STM32G0xx_HAL_Driver/Src/stm32g0xx_hal_spi.c ****   assert_param(IS_SPI_NSSP(hspi->Init.NSSPMode));
 1164              		.loc 1 329 3 view .LVU298
 330:Drivers/STM32G0xx_HAL_Driver/Src/stm32g0xx_hal_spi.c ****   assert_param(IS_SPI_BAUDRATE_PRESCALER(hspi->Init.BaudRatePrescaler));
 1165              		.loc 1 330 3 view .LVU299
 331:Drivers/STM32G0xx_HAL_Driver/Src/stm32g0xx_hal_spi.c ****   assert_param(IS_SPI_FIRST_BIT(hspi->Init.FirstBit));
 1166              		.loc 1 331 3 view .LVU300
 332:Drivers/STM32G0xx_HAL_Driver/Src/stm32g0xx_hal_spi.c ****   assert_param(IS_SPI_TIMODE(hspi->Init.TIMode));
 1167              		.loc 1 332 3 view .LVU301
 333:Drivers/STM32G0xx_HAL_Driver/Src/stm32g0xx_hal_spi.c ****   if (hspi->Init.TIMode == SPI_TIMODE_DISABLE)
 1168              		.loc 1 333 3 view .LVU302
 334:Drivers/STM32G0xx_HAL_Driver/Src/stm32g0xx_hal_spi.c ****   {
 1169              		.loc 1 334 3 view .LVU303
 334:Drivers/STM32G0xx_HAL_Driver/Src/stm32g0xx_hal_spi.c ****   {
 1170              		.loc 1 334 17 is_stmt 0 view .LVU304
 1171 0008 436A     		ldr	r3, [r0, #36]
 334:Drivers/STM32G0xx_HAL_Driver/Src/stm32g0xx_hal_spi.c ****   {
 1172              		.loc 1 334 6 view .LVU305
 1173 000a 002B     		cmp	r3, #0
 1174 000c 07D1     		bne	.L83
 336:Drivers/STM32G0xx_HAL_Driver/Src/stm32g0xx_hal_spi.c ****     assert_param(IS_SPI_CPHA(hspi->Init.CLKPhase));
 1175              		.loc 1 336 5 is_stmt 1 view .LVU306
 337:Drivers/STM32G0xx_HAL_Driver/Src/stm32g0xx_hal_spi.c **** 
 1176              		.loc 1 337 5 view .LVU307
 339:Drivers/STM32G0xx_HAL_Driver/Src/stm32g0xx_hal_spi.c ****     {
 1177              		.loc 1 339 5 view .LVU308
ARM GAS  C:\Users\sante\AppData\Local\Temp\cc1VgFnO.s 			page 101


 339:Drivers/STM32G0xx_HAL_Driver/Src/stm32g0xx_hal_spi.c ****     {
 1178              		.loc 1 339 19 is_stmt 0 view .LVU309
 1179 000e 4268     		ldr	r2, [r0, #4]
 339:Drivers/STM32G0xx_HAL_Driver/Src/stm32g0xx_hal_spi.c ****     {
 1180              		.loc 1 339 8 view .LVU310
 1181 0010 0533     		adds	r3, r3, #5
 1182 0012 FF33     		adds	r3, r3, #255
 1183 0014 9A42     		cmp	r2, r3
 1184 0016 05D0     		beq	.L84
 346:Drivers/STM32G0xx_HAL_Driver/Src/stm32g0xx_hal_spi.c ****     }
 1185              		.loc 1 346 7 is_stmt 1 view .LVU311
 346:Drivers/STM32G0xx_HAL_Driver/Src/stm32g0xx_hal_spi.c ****     }
 1186              		.loc 1 346 36 is_stmt 0 view .LVU312
 1187 0018 0023     		movs	r3, #0
 1188 001a C361     		str	r3, [r0, #28]
 1189 001c 02E0     		b	.L84
 1190              	.L83:
 351:Drivers/STM32G0xx_HAL_Driver/Src/stm32g0xx_hal_spi.c **** 
 1191              		.loc 1 351 5 is_stmt 1 view .LVU313
 354:Drivers/STM32G0xx_HAL_Driver/Src/stm32g0xx_hal_spi.c ****     hspi->Init.CLKPhase    = SPI_PHASE_1EDGE;
 1192              		.loc 1 354 5 view .LVU314
 354:Drivers/STM32G0xx_HAL_Driver/Src/stm32g0xx_hal_spi.c ****     hspi->Init.CLKPhase    = SPI_PHASE_1EDGE;
 1193              		.loc 1 354 28 is_stmt 0 view .LVU315
 1194 001e 0023     		movs	r3, #0
 1195 0020 0361     		str	r3, [r0, #16]
 355:Drivers/STM32G0xx_HAL_Driver/Src/stm32g0xx_hal_spi.c ****   }
 1196              		.loc 1 355 5 is_stmt 1 view .LVU316
 355:Drivers/STM32G0xx_HAL_Driver/Src/stm32g0xx_hal_spi.c ****   }
 1197              		.loc 1 355 28 is_stmt 0 view .LVU317
 1198 0022 4361     		str	r3, [r0, #20]
 1199              	.L84:
 365:Drivers/STM32G0xx_HAL_Driver/Src/stm32g0xx_hal_spi.c **** #endif /* USE_SPI_CRC */
 1200              		.loc 1 365 3 is_stmt 1 view .LVU318
 365:Drivers/STM32G0xx_HAL_Driver/Src/stm32g0xx_hal_spi.c **** #endif /* USE_SPI_CRC */
 1201              		.loc 1 365 29 is_stmt 0 view .LVU319
 1202 0024 0023     		movs	r3, #0
 1203 0026 A362     		str	r3, [r4, #40]
 368:Drivers/STM32G0xx_HAL_Driver/Src/stm32g0xx_hal_spi.c ****   {
 1204              		.loc 1 368 3 is_stmt 1 view .LVU320
 368:Drivers/STM32G0xx_HAL_Driver/Src/stm32g0xx_hal_spi.c ****   {
 1205              		.loc 1 368 11 is_stmt 0 view .LVU321
 1206 0028 5D33     		adds	r3, r3, #93
 1207 002a E35C     		ldrb	r3, [r4, r3]
 368:Drivers/STM32G0xx_HAL_Driver/Src/stm32g0xx_hal_spi.c ****   {
 1208              		.loc 1 368 6 view .LVU322
 1209 002c 002B     		cmp	r3, #0
 1210 002e 5AD0     		beq	.L90
 1211              	.LVL87:
 1212              	.L85:
 397:Drivers/STM32G0xx_HAL_Driver/Src/stm32g0xx_hal_spi.c **** 
 1213              		.loc 1 397 3 is_stmt 1 view .LVU323
 397:Drivers/STM32G0xx_HAL_Driver/Src/stm32g0xx_hal_spi.c **** 
 1214              		.loc 1 397 15 is_stmt 0 view .LVU324
 1215 0030 5D23     		movs	r3, #93
 1216 0032 0222     		movs	r2, #2
 1217 0034 E254     		strb	r2, [r4, r3]
 400:Drivers/STM32G0xx_HAL_Driver/Src/stm32g0xx_hal_spi.c **** 
ARM GAS  C:\Users\sante\AppData\Local\Temp\cc1VgFnO.s 			page 102


 1218              		.loc 1 400 3 is_stmt 1 view .LVU325
 1219 0036 2268     		ldr	r2, [r4]
 1220 0038 1368     		ldr	r3, [r2]
 1221 003a 4021     		movs	r1, #64
 1222 003c 8B43     		bics	r3, r1
 1223 003e 1360     		str	r3, [r2]
 403:Drivers/STM32G0xx_HAL_Driver/Src/stm32g0xx_hal_spi.c ****   {
 1224              		.loc 1 403 3 view .LVU326
 403:Drivers/STM32G0xx_HAL_Driver/Src/stm32g0xx_hal_spi.c ****   {
 1225              		.loc 1 403 17 is_stmt 0 view .LVU327
 1226 0040 E368     		ldr	r3, [r4, #12]
 403:Drivers/STM32G0xx_HAL_Driver/Src/stm32g0xx_hal_spi.c ****   {
 1227              		.loc 1 403 6 view .LVU328
 1228 0042 E022     		movs	r2, #224
 1229 0044 D200     		lsls	r2, r2, #3
 1230 0046 9342     		cmp	r3, r2
 1231 0048 54D9     		bls	.L89
 405:Drivers/STM32G0xx_HAL_Driver/Src/stm32g0xx_hal_spi.c ****   }
 1232              		.loc 1 405 11 view .LVU329
 1233 004a 0022     		movs	r2, #0
 1234              	.L86:
 1235              	.LVL88:
 413:Drivers/STM32G0xx_HAL_Driver/Src/stm32g0xx_hal_spi.c ****   {
 1236              		.loc 1 413 3 is_stmt 1 view .LVU330
 413:Drivers/STM32G0xx_HAL_Driver/Src/stm32g0xx_hal_spi.c ****   {
 1237              		.loc 1 413 6 is_stmt 0 view .LVU331
 1238 004c F021     		movs	r1, #240
 1239 004e 0901     		lsls	r1, r1, #4
 1240 0050 8B42     		cmp	r3, r1
 1241 0052 05D0     		beq	.L87
 413:Drivers/STM32G0xx_HAL_Driver/Src/stm32g0xx_hal_spi.c ****   {
 1242              		.loc 1 413 51 discriminator 1 view .LVU332
 1243 0054 E021     		movs	r1, #224
 1244 0056 C900     		lsls	r1, r1, #3
 1245 0058 8B42     		cmp	r3, r1
 1246 005a 01D0     		beq	.L87
 416:Drivers/STM32G0xx_HAL_Driver/Src/stm32g0xx_hal_spi.c ****   }
 1247              		.loc 1 416 5 is_stmt 1 view .LVU333
 416:Drivers/STM32G0xx_HAL_Driver/Src/stm32g0xx_hal_spi.c ****   }
 1248              		.loc 1 416 31 is_stmt 0 view .LVU334
 1249 005c 0023     		movs	r3, #0
 1250 005e A362     		str	r3, [r4, #40]
 1251              	.L87:
 422:Drivers/STM32G0xx_HAL_Driver/Src/stm32g0xx_hal_spi.c ****                                   (hspi->Init.Direction & (SPI_CR1_RXONLY | SPI_CR1_BIDIMODE)) |
 1252              		.loc 1 422 3 is_stmt 1 view .LVU335
 1253 0060 6368     		ldr	r3, [r4, #4]
 1254 0062 8221     		movs	r1, #130
 1255 0064 4900     		lsls	r1, r1, #1
 1256 0066 0B40     		ands	r3, r1
 1257 0068 A168     		ldr	r1, [r4, #8]
 1258 006a 8420     		movs	r0, #132
 1259 006c 0002     		lsls	r0, r0, #8
 1260 006e 0140     		ands	r1, r0
 1261 0070 0B43     		orrs	r3, r1
 1262 0072 2069     		ldr	r0, [r4, #16]
 1263 0074 0221     		movs	r1, #2
 1264 0076 0140     		ands	r1, r0
ARM GAS  C:\Users\sante\AppData\Local\Temp\cc1VgFnO.s 			page 103


 1265 0078 0B43     		orrs	r3, r1
 1266 007a 6069     		ldr	r0, [r4, #20]
 1267 007c 0121     		movs	r1, #1
 1268 007e 0840     		ands	r0, r1
 1269 0080 0343     		orrs	r3, r0
 1270 0082 A069     		ldr	r0, [r4, #24]
 1271 0084 8025     		movs	r5, #128
 1272 0086 AD00     		lsls	r5, r5, #2
 1273 0088 2840     		ands	r0, r5
 1274 008a 0343     		orrs	r3, r0
 1275 008c E569     		ldr	r5, [r4, #28]
 1276 008e 3820     		movs	r0, #56
 1277 0090 2840     		ands	r0, r5
 1278 0092 0343     		orrs	r3, r0
 1279 0094 256A     		ldr	r5, [r4, #32]
 1280 0096 8020     		movs	r0, #128
 1281 0098 2840     		ands	r0, r5
 1282 009a 0343     		orrs	r3, r0
 1283 009c A06A     		ldr	r0, [r4, #40]
 1284 009e 8025     		movs	r5, #128
 1285 00a0 AD01     		lsls	r5, r5, #6
 1286 00a2 2840     		ands	r0, r5
 1287 00a4 2568     		ldr	r5, [r4]
 1288 00a6 0343     		orrs	r3, r0
 1289 00a8 2B60     		str	r3, [r5]
 457:Drivers/STM32G0xx_HAL_Driver/Src/stm32g0xx_hal_spi.c ****                                   (hspi->Init.TIMode & SPI_CR2_FRF) |
 1290              		.loc 1 457 3 view .LVU336
 1291 00aa 608B     		ldrh	r0, [r4, #26]
 1292 00ac 0423     		movs	r3, #4
 1293 00ae 0340     		ands	r3, r0
 1294 00b0 656A     		ldr	r5, [r4, #36]
 1295 00b2 1020     		movs	r0, #16
 1296 00b4 2840     		ands	r0, r5
 1297 00b6 0343     		orrs	r3, r0
 1298 00b8 656B     		ldr	r5, [r4, #52]
 1299 00ba 0820     		movs	r0, #8
 1300 00bc 2840     		ands	r0, r5
 1301 00be 0343     		orrs	r3, r0
 1302 00c0 E068     		ldr	r0, [r4, #12]
 1303 00c2 F025     		movs	r5, #240
 1304 00c4 2D01     		lsls	r5, r5, #4
 1305 00c6 2840     		ands	r0, r5
 1306 00c8 0343     		orrs	r3, r0
 1307 00ca 2068     		ldr	r0, [r4]
 1308 00cc 1343     		orrs	r3, r2
 1309 00ce 4360     		str	r3, [r0, #4]
 474:Drivers/STM32G0xx_HAL_Driver/Src/stm32g0xx_hal_spi.c **** #endif /* SPI_I2SCFGR_I2SMOD */
 1310              		.loc 1 474 3 view .LVU337
 1311 00d0 2268     		ldr	r2, [r4]
 1312              	.LVL89:
 474:Drivers/STM32G0xx_HAL_Driver/Src/stm32g0xx_hal_spi.c **** #endif /* SPI_I2SCFGR_I2SMOD */
 1313              		.loc 1 474 3 is_stmt 0 view .LVU338
 1314 00d2 D369     		ldr	r3, [r2, #28]
 1315 00d4 0A48     		ldr	r0, .L91
 1316 00d6 0340     		ands	r3, r0
 1317 00d8 D361     		str	r3, [r2, #28]
 477:Drivers/STM32G0xx_HAL_Driver/Src/stm32g0xx_hal_spi.c ****   hspi->State     = HAL_SPI_STATE_READY;
ARM GAS  C:\Users\sante\AppData\Local\Temp\cc1VgFnO.s 			page 104


 1318              		.loc 1 477 3 is_stmt 1 view .LVU339
 477:Drivers/STM32G0xx_HAL_Driver/Src/stm32g0xx_hal_spi.c ****   hspi->State     = HAL_SPI_STATE_READY;
 1319              		.loc 1 477 19 is_stmt 0 view .LVU340
 1320 00da 0023     		movs	r3, #0
 1321 00dc 2366     		str	r3, [r4, #96]
 478:Drivers/STM32G0xx_HAL_Driver/Src/stm32g0xx_hal_spi.c **** 
 1322              		.loc 1 478 3 is_stmt 1 view .LVU341
 478:Drivers/STM32G0xx_HAL_Driver/Src/stm32g0xx_hal_spi.c **** 
 1323              		.loc 1 478 19 is_stmt 0 view .LVU342
 1324 00de 5D33     		adds	r3, r3, #93
 1325 00e0 E154     		strb	r1, [r4, r3]
 480:Drivers/STM32G0xx_HAL_Driver/Src/stm32g0xx_hal_spi.c **** }
 1326              		.loc 1 480 3 is_stmt 1 view .LVU343
 480:Drivers/STM32G0xx_HAL_Driver/Src/stm32g0xx_hal_spi.c **** }
 1327              		.loc 1 480 10 is_stmt 0 view .LVU344
 1328 00e2 0020     		movs	r0, #0
 1329              	.LVL90:
 1330              	.L82:
 481:Drivers/STM32G0xx_HAL_Driver/Src/stm32g0xx_hal_spi.c **** 
 1331              		.loc 1 481 1 view .LVU345
 1332              		@ sp needed
 1333              	.LVL91:
 481:Drivers/STM32G0xx_HAL_Driver/Src/stm32g0xx_hal_spi.c **** 
 1334              		.loc 1 481 1 view .LVU346
 1335 00e4 70BD     		pop	{r4, r5, r6, pc}
 1336              	.LVL92:
 1337              	.L90:
 371:Drivers/STM32G0xx_HAL_Driver/Src/stm32g0xx_hal_spi.c **** 
 1338              		.loc 1 371 5 is_stmt 1 view .LVU347
 371:Drivers/STM32G0xx_HAL_Driver/Src/stm32g0xx_hal_spi.c **** 
 1339              		.loc 1 371 16 is_stmt 0 view .LVU348
 1340 00e6 5C33     		adds	r3, r3, #92
 1341 00e8 0022     		movs	r2, #0
 1342 00ea E254     		strb	r2, [r4, r3]
 393:Drivers/STM32G0xx_HAL_Driver/Src/stm32g0xx_hal_spi.c **** #endif /* USE_HAL_SPI_REGISTER_CALLBACKS */
 1343              		.loc 1 393 5 is_stmt 1 view .LVU349
 1344 00ec 2000     		movs	r0, r4
 1345              	.LVL93:
 393:Drivers/STM32G0xx_HAL_Driver/Src/stm32g0xx_hal_spi.c **** #endif /* USE_HAL_SPI_REGISTER_CALLBACKS */
 1346              		.loc 1 393 5 is_stmt 0 view .LVU350
 1347 00ee FFF7FEFF 		bl	HAL_SPI_MspInit
 1348              	.LVL94:
 1349 00f2 9DE7     		b	.L85
 1350              	.L89:
 409:Drivers/STM32G0xx_HAL_Driver/Src/stm32g0xx_hal_spi.c ****   }
 1351              		.loc 1 409 11 view .LVU351
 1352 00f4 8022     		movs	r2, #128
 1353 00f6 5201     		lsls	r2, r2, #5
 1354 00f8 A8E7     		b	.L86
 1355              	.LVL95:
 1356              	.L88:
 321:Drivers/STM32G0xx_HAL_Driver/Src/stm32g0xx_hal_spi.c ****   }
 1357              		.loc 1 321 12 view .LVU352
 1358 00fa 0120     		movs	r0, #1
 1359              	.LVL96:
 321:Drivers/STM32G0xx_HAL_Driver/Src/stm32g0xx_hal_spi.c ****   }
 1360              		.loc 1 321 12 view .LVU353
ARM GAS  C:\Users\sante\AppData\Local\Temp\cc1VgFnO.s 			page 105


 1361 00fc F2E7     		b	.L82
 1362              	.L92:
 1363 00fe C046     		.align	2
 1364              	.L91:
 1365 0100 FFF7FFFF 		.word	-2049
 1366              		.cfi_endproc
 1367              	.LFE493:
 1369              		.section	.text.HAL_SPI_MspDeInit,"ax",%progbits
 1370              		.align	1
 1371              		.weak	HAL_SPI_MspDeInit
 1372              		.syntax unified
 1373              		.code	16
 1374              		.thumb_func
 1376              	HAL_SPI_MspDeInit:
 1377              	.LVL97:
 1378              	.LFB496:
 550:Drivers/STM32G0xx_HAL_Driver/Src/stm32g0xx_hal_spi.c ****   /* Prevent unused argument(s) compilation warning */
 1379              		.loc 1 550 1 is_stmt 1 view -0
 1380              		.cfi_startproc
 1381              		@ args = 0, pretend = 0, frame = 0
 1382              		@ frame_needed = 0, uses_anonymous_args = 0
 1383              		@ link register save eliminated.
 552:Drivers/STM32G0xx_HAL_Driver/Src/stm32g0xx_hal_spi.c **** 
 1384              		.loc 1 552 3 view .LVU355
 557:Drivers/STM32G0xx_HAL_Driver/Src/stm32g0xx_hal_spi.c **** 
 1385              		.loc 1 557 1 is_stmt 0 view .LVU356
 1386              		@ sp needed
 1387 0000 7047     		bx	lr
 1388              		.cfi_endproc
 1389              	.LFE496:
 1391              		.section	.text.HAL_SPI_DeInit,"ax",%progbits
 1392              		.align	1
 1393              		.global	HAL_SPI_DeInit
 1394              		.syntax unified
 1395              		.code	16
 1396              		.thumb_func
 1398              	HAL_SPI_DeInit:
 1399              	.LVL98:
 1400              	.LFB494:
 490:Drivers/STM32G0xx_HAL_Driver/Src/stm32g0xx_hal_spi.c ****   /* Check the SPI handle allocation */
 1401              		.loc 1 490 1 is_stmt 1 view -0
 1402              		.cfi_startproc
 1403              		@ args = 0, pretend = 0, frame = 0
 1404              		@ frame_needed = 0, uses_anonymous_args = 0
 490:Drivers/STM32G0xx_HAL_Driver/Src/stm32g0xx_hal_spi.c ****   /* Check the SPI handle allocation */
 1405              		.loc 1 490 1 is_stmt 0 view .LVU358
 1406 0000 70B5     		push	{r4, r5, r6, lr}
 1407              		.cfi_def_cfa_offset 16
 1408              		.cfi_offset 4, -16
 1409              		.cfi_offset 5, -12
 1410              		.cfi_offset 6, -8
 1411              		.cfi_offset 14, -4
 1412 0002 041E     		subs	r4, r0, #0
 492:Drivers/STM32G0xx_HAL_Driver/Src/stm32g0xx_hal_spi.c ****   {
 1413              		.loc 1 492 3 is_stmt 1 view .LVU359
 492:Drivers/STM32G0xx_HAL_Driver/Src/stm32g0xx_hal_spi.c ****   {
 1414              		.loc 1 492 6 is_stmt 0 view .LVU360
ARM GAS  C:\Users\sante\AppData\Local\Temp\cc1VgFnO.s 			page 106


 1415 0004 10D0     		beq	.L96
 498:Drivers/STM32G0xx_HAL_Driver/Src/stm32g0xx_hal_spi.c **** 
 1416              		.loc 1 498 3 is_stmt 1 view .LVU361
 500:Drivers/STM32G0xx_HAL_Driver/Src/stm32g0xx_hal_spi.c **** 
 1417              		.loc 1 500 3 view .LVU362
 500:Drivers/STM32G0xx_HAL_Driver/Src/stm32g0xx_hal_spi.c **** 
 1418              		.loc 1 500 15 is_stmt 0 view .LVU363
 1419 0006 5D25     		movs	r5, #93
 1420 0008 0223     		movs	r3, #2
 1421 000a 4355     		strb	r3, [r0, r5]
 503:Drivers/STM32G0xx_HAL_Driver/Src/stm32g0xx_hal_spi.c **** 
 1422              		.loc 1 503 3 is_stmt 1 view .LVU364
 1423 000c 0268     		ldr	r2, [r0]
 1424 000e 1368     		ldr	r3, [r2]
 1425 0010 4021     		movs	r1, #64
 1426 0012 8B43     		bics	r3, r1
 1427 0014 1360     		str	r3, [r2]
 515:Drivers/STM32G0xx_HAL_Driver/Src/stm32g0xx_hal_spi.c **** #endif /* USE_HAL_SPI_REGISTER_CALLBACKS */
 1428              		.loc 1 515 3 view .LVU365
 1429 0016 FFF7FEFF 		bl	HAL_SPI_MspDeInit
 1430              	.LVL99:
 518:Drivers/STM32G0xx_HAL_Driver/Src/stm32g0xx_hal_spi.c ****   hspi->State = HAL_SPI_STATE_RESET;
 1431              		.loc 1 518 3 view .LVU366
 518:Drivers/STM32G0xx_HAL_Driver/Src/stm32g0xx_hal_spi.c ****   hspi->State = HAL_SPI_STATE_RESET;
 1432              		.loc 1 518 19 is_stmt 0 view .LVU367
 1433 001a 0023     		movs	r3, #0
 1434 001c 2366     		str	r3, [r4, #96]
 519:Drivers/STM32G0xx_HAL_Driver/Src/stm32g0xx_hal_spi.c **** 
 1435              		.loc 1 519 3 is_stmt 1 view .LVU368
 519:Drivers/STM32G0xx_HAL_Driver/Src/stm32g0xx_hal_spi.c **** 
 1436              		.loc 1 519 15 is_stmt 0 view .LVU369
 1437 001e 6355     		strb	r3, [r4, r5]
 522:Drivers/STM32G0xx_HAL_Driver/Src/stm32g0xx_hal_spi.c **** 
 1438              		.loc 1 522 3 is_stmt 1 view .LVU370
 522:Drivers/STM32G0xx_HAL_Driver/Src/stm32g0xx_hal_spi.c **** 
 1439              		.loc 1 522 3 view .LVU371
 1440 0020 5C22     		movs	r2, #92
 1441 0022 A354     		strb	r3, [r4, r2]
 522:Drivers/STM32G0xx_HAL_Driver/Src/stm32g0xx_hal_spi.c **** 
 1442              		.loc 1 522 3 view .LVU372
 524:Drivers/STM32G0xx_HAL_Driver/Src/stm32g0xx_hal_spi.c **** }
 1443              		.loc 1 524 3 view .LVU373
 524:Drivers/STM32G0xx_HAL_Driver/Src/stm32g0xx_hal_spi.c **** }
 1444              		.loc 1 524 10 is_stmt 0 view .LVU374
 1445 0024 0020     		movs	r0, #0
 1446              	.L95:
 525:Drivers/STM32G0xx_HAL_Driver/Src/stm32g0xx_hal_spi.c **** 
 1447              		.loc 1 525 1 view .LVU375
 1448              		@ sp needed
 1449              	.LVL100:
 525:Drivers/STM32G0xx_HAL_Driver/Src/stm32g0xx_hal_spi.c **** 
 1450              		.loc 1 525 1 view .LVU376
 1451 0026 70BD     		pop	{r4, r5, r6, pc}
 1452              	.LVL101:
 1453              	.L96:
 494:Drivers/STM32G0xx_HAL_Driver/Src/stm32g0xx_hal_spi.c ****   }
 1454              		.loc 1 494 12 view .LVU377
ARM GAS  C:\Users\sante\AppData\Local\Temp\cc1VgFnO.s 			page 107


 1455 0028 0120     		movs	r0, #1
 1456              	.LVL102:
 494:Drivers/STM32G0xx_HAL_Driver/Src/stm32g0xx_hal_spi.c ****   }
 1457              		.loc 1 494 12 view .LVU378
 1458 002a FCE7     		b	.L95
 1459              		.cfi_endproc
 1460              	.LFE494:
 1462              		.section	.text.HAL_SPI_Transmit,"ax",%progbits
 1463              		.align	1
 1464              		.global	HAL_SPI_Transmit
 1465              		.syntax unified
 1466              		.code	16
 1467              		.thumb_func
 1469              	HAL_SPI_Transmit:
 1470              	.LVL103:
 1471              	.LFB497:
 822:Drivers/STM32G0xx_HAL_Driver/Src/stm32g0xx_hal_spi.c ****   uint32_t tickstart;
 1472              		.loc 1 822 1 is_stmt 1 view -0
 1473              		.cfi_startproc
 1474              		@ args = 0, pretend = 0, frame = 16
 1475              		@ frame_needed = 0, uses_anonymous_args = 0
 822:Drivers/STM32G0xx_HAL_Driver/Src/stm32g0xx_hal_spi.c ****   uint32_t tickstart;
 1476              		.loc 1 822 1 is_stmt 0 view .LVU380
 1477 0000 F0B5     		push	{r4, r5, r6, r7, lr}
 1478              		.cfi_def_cfa_offset 20
 1479              		.cfi_offset 4, -20
 1480              		.cfi_offset 5, -16
 1481              		.cfi_offset 6, -12
 1482              		.cfi_offset 7, -8
 1483              		.cfi_offset 14, -4
 1484 0002 CE46     		mov	lr, r9
 1485 0004 00B5     		push	{lr}
 1486              		.cfi_def_cfa_offset 24
 1487              		.cfi_offset 9, -24
 1488 0006 84B0     		sub	sp, sp, #16
 1489              		.cfi_def_cfa_offset 40
 1490 0008 0400     		movs	r4, r0
 1491 000a 0191     		str	r1, [sp, #4]
 1492 000c 9146     		mov	r9, r2
 1493 000e 1D00     		movs	r5, r3
 823:Drivers/STM32G0xx_HAL_Driver/Src/stm32g0xx_hal_spi.c ****   HAL_StatusTypeDef errorcode = HAL_OK;
 1494              		.loc 1 823 3 is_stmt 1 view .LVU381
 824:Drivers/STM32G0xx_HAL_Driver/Src/stm32g0xx_hal_spi.c ****   uint16_t initial_TxXferCount;
 1495              		.loc 1 824 3 view .LVU382
 1496              	.LVL104:
 825:Drivers/STM32G0xx_HAL_Driver/Src/stm32g0xx_hal_spi.c **** 
 1497              		.loc 1 825 3 view .LVU383
 828:Drivers/STM32G0xx_HAL_Driver/Src/stm32g0xx_hal_spi.c **** 
 1498              		.loc 1 828 3 view .LVU384
 831:Drivers/STM32G0xx_HAL_Driver/Src/stm32g0xx_hal_spi.c **** 
 1499              		.loc 1 831 3 view .LVU385
 831:Drivers/STM32G0xx_HAL_Driver/Src/stm32g0xx_hal_spi.c **** 
 1500              		.loc 1 831 3 view .LVU386
 1501 0010 5C23     		movs	r3, #92
 1502              	.LVL105:
 831:Drivers/STM32G0xx_HAL_Driver/Src/stm32g0xx_hal_spi.c **** 
 1503              		.loc 1 831 3 is_stmt 0 view .LVU387
ARM GAS  C:\Users\sante\AppData\Local\Temp\cc1VgFnO.s 			page 108


 1504 0012 C35C     		ldrb	r3, [r0, r3]
 1505 0014 012B     		cmp	r3, #1
 1506 0016 00D1     		bne	.LCB1376
 1507 0018 C9E0     		b	.L122	@long jump
 1508              	.LCB1376:
 831:Drivers/STM32G0xx_HAL_Driver/Src/stm32g0xx_hal_spi.c **** 
 1509              		.loc 1 831 3 is_stmt 1 discriminator 2 view .LVU388
 1510 001a 5C23     		movs	r3, #92
 1511 001c 0122     		movs	r2, #1
 1512              	.LVL106:
 831:Drivers/STM32G0xx_HAL_Driver/Src/stm32g0xx_hal_spi.c **** 
 1513              		.loc 1 831 3 is_stmt 0 discriminator 2 view .LVU389
 1514 001e C254     		strb	r2, [r0, r3]
 831:Drivers/STM32G0xx_HAL_Driver/Src/stm32g0xx_hal_spi.c **** 
 1515              		.loc 1 831 3 is_stmt 1 view .LVU390
 834:Drivers/STM32G0xx_HAL_Driver/Src/stm32g0xx_hal_spi.c ****   initial_TxXferCount = Size;
 1516              		.loc 1 834 3 view .LVU391
 834:Drivers/STM32G0xx_HAL_Driver/Src/stm32g0xx_hal_spi.c ****   initial_TxXferCount = Size;
 1517              		.loc 1 834 15 is_stmt 0 view .LVU392
 1518 0020 FFF7FEFF 		bl	HAL_GetTick
 1519              	.LVL107:
 834:Drivers/STM32G0xx_HAL_Driver/Src/stm32g0xx_hal_spi.c ****   initial_TxXferCount = Size;
 1520              		.loc 1 834 15 view .LVU393
 1521 0024 0600     		movs	r6, r0
 1522              	.LVL108:
 835:Drivers/STM32G0xx_HAL_Driver/Src/stm32g0xx_hal_spi.c **** 
 1523              		.loc 1 835 3 is_stmt 1 view .LVU394
 837:Drivers/STM32G0xx_HAL_Driver/Src/stm32g0xx_hal_spi.c ****   {
 1524              		.loc 1 837 3 view .LVU395
 837:Drivers/STM32G0xx_HAL_Driver/Src/stm32g0xx_hal_spi.c ****   {
 1525              		.loc 1 837 11 is_stmt 0 view .LVU396
 1526 0026 5D23     		movs	r3, #93
 1527 0028 E35C     		ldrb	r3, [r4, r3]
 1528 002a DFB2     		uxtb	r7, r3
 837:Drivers/STM32G0xx_HAL_Driver/Src/stm32g0xx_hal_spi.c ****   {
 1529              		.loc 1 837 6 view .LVU397
 1530 002c 012B     		cmp	r3, #1
 1531 002e 00D0     		beq	.LCB1396
 1532 0030 B4E0     		b	.L123	@long jump
 1533              	.LCB1396:
 843:Drivers/STM32G0xx_HAL_Driver/Src/stm32g0xx_hal_spi.c ****   {
 1534              		.loc 1 843 3 is_stmt 1 view .LVU398
 843:Drivers/STM32G0xx_HAL_Driver/Src/stm32g0xx_hal_spi.c ****   {
 1535              		.loc 1 843 6 is_stmt 0 view .LVU399
 1536 0032 0199     		ldr	r1, [sp, #4]
 1537 0034 0029     		cmp	r1, #0
 1538 0036 00D1     		bne	.LCB1400
 1539 0038 B1E0     		b	.L99	@long jump
 1540              	.LCB1400:
 843:Drivers/STM32G0xx_HAL_Driver/Src/stm32g0xx_hal_spi.c ****   {
 1541              		.loc 1 843 23 discriminator 1 view .LVU400
 1542 003a 4B46     		mov	r3, r9
 1543 003c 002B     		cmp	r3, #0
 1544 003e 00D1     		bne	.LCB1403
 1545 0040 ADE0     		b	.L99	@long jump
 1546              	.LCB1403:
 850:Drivers/STM32G0xx_HAL_Driver/Src/stm32g0xx_hal_spi.c ****   hspi->ErrorCode   = HAL_SPI_ERROR_NONE;
ARM GAS  C:\Users\sante\AppData\Local\Temp\cc1VgFnO.s 			page 109


 1547              		.loc 1 850 3 is_stmt 1 view .LVU401
 850:Drivers/STM32G0xx_HAL_Driver/Src/stm32g0xx_hal_spi.c ****   hspi->ErrorCode   = HAL_SPI_ERROR_NONE;
 1548              		.loc 1 850 21 is_stmt 0 view .LVU402
 1549 0042 5D23     		movs	r3, #93
 1550 0044 0322     		movs	r2, #3
 1551 0046 E254     		strb	r2, [r4, r3]
 851:Drivers/STM32G0xx_HAL_Driver/Src/stm32g0xx_hal_spi.c ****   hspi->pTxBuffPtr  = (uint8_t *)pData;
 1552              		.loc 1 851 3 is_stmt 1 view .LVU403
 851:Drivers/STM32G0xx_HAL_Driver/Src/stm32g0xx_hal_spi.c ****   hspi->pTxBuffPtr  = (uint8_t *)pData;
 1553              		.loc 1 851 21 is_stmt 0 view .LVU404
 1554 0048 0023     		movs	r3, #0
 1555 004a 2366     		str	r3, [r4, #96]
 852:Drivers/STM32G0xx_HAL_Driver/Src/stm32g0xx_hal_spi.c ****   hspi->TxXferSize  = Size;
 1556              		.loc 1 852 3 is_stmt 1 view .LVU405
 852:Drivers/STM32G0xx_HAL_Driver/Src/stm32g0xx_hal_spi.c ****   hspi->TxXferSize  = Size;
 1557              		.loc 1 852 21 is_stmt 0 view .LVU406
 1558 004c A163     		str	r1, [r4, #56]
 853:Drivers/STM32G0xx_HAL_Driver/Src/stm32g0xx_hal_spi.c ****   hspi->TxXferCount = Size;
 1559              		.loc 1 853 3 is_stmt 1 view .LVU407
 853:Drivers/STM32G0xx_HAL_Driver/Src/stm32g0xx_hal_spi.c ****   hspi->TxXferCount = Size;
 1560              		.loc 1 853 21 is_stmt 0 view .LVU408
 1561 004e 4A46     		mov	r2, r9
 1562 0050 A287     		strh	r2, [r4, #60]
 854:Drivers/STM32G0xx_HAL_Driver/Src/stm32g0xx_hal_spi.c **** 
 1563              		.loc 1 854 3 is_stmt 1 view .LVU409
 854:Drivers/STM32G0xx_HAL_Driver/Src/stm32g0xx_hal_spi.c **** 
 1564              		.loc 1 854 21 is_stmt 0 view .LVU410
 1565 0052 E287     		strh	r2, [r4, #62]
 857:Drivers/STM32G0xx_HAL_Driver/Src/stm32g0xx_hal_spi.c ****   hspi->RxXferSize  = 0U;
 1566              		.loc 1 857 3 is_stmt 1 view .LVU411
 857:Drivers/STM32G0xx_HAL_Driver/Src/stm32g0xx_hal_spi.c ****   hspi->RxXferSize  = 0U;
 1567              		.loc 1 857 21 is_stmt 0 view .LVU412
 1568 0054 2364     		str	r3, [r4, #64]
 858:Drivers/STM32G0xx_HAL_Driver/Src/stm32g0xx_hal_spi.c ****   hspi->RxXferCount = 0U;
 1569              		.loc 1 858 3 is_stmt 1 view .LVU413
 858:Drivers/STM32G0xx_HAL_Driver/Src/stm32g0xx_hal_spi.c ****   hspi->RxXferCount = 0U;
 1570              		.loc 1 858 21 is_stmt 0 view .LVU414
 1571 0056 4422     		movs	r2, #68
 1572 0058 A352     		strh	r3, [r4, r2]
 859:Drivers/STM32G0xx_HAL_Driver/Src/stm32g0xx_hal_spi.c ****   hspi->TxISR       = NULL;
 1573              		.loc 1 859 3 is_stmt 1 view .LVU415
 859:Drivers/STM32G0xx_HAL_Driver/Src/stm32g0xx_hal_spi.c ****   hspi->TxISR       = NULL;
 1574              		.loc 1 859 21 is_stmt 0 view .LVU416
 1575 005a 0232     		adds	r2, r2, #2
 1576 005c A352     		strh	r3, [r4, r2]
 860:Drivers/STM32G0xx_HAL_Driver/Src/stm32g0xx_hal_spi.c ****   hspi->RxISR       = NULL;
 1577              		.loc 1 860 3 is_stmt 1 view .LVU417
 860:Drivers/STM32G0xx_HAL_Driver/Src/stm32g0xx_hal_spi.c ****   hspi->RxISR       = NULL;
 1578              		.loc 1 860 21 is_stmt 0 view .LVU418
 1579 005e 2365     		str	r3, [r4, #80]
 861:Drivers/STM32G0xx_HAL_Driver/Src/stm32g0xx_hal_spi.c **** 
 1580              		.loc 1 861 3 is_stmt 1 view .LVU419
 861:Drivers/STM32G0xx_HAL_Driver/Src/stm32g0xx_hal_spi.c **** 
 1581              		.loc 1 861 21 is_stmt 0 view .LVU420
 1582 0060 E364     		str	r3, [r4, #76]
 864:Drivers/STM32G0xx_HAL_Driver/Src/stm32g0xx_hal_spi.c ****   {
 1583              		.loc 1 864 3 is_stmt 1 view .LVU421
ARM GAS  C:\Users\sante\AppData\Local\Temp\cc1VgFnO.s 			page 110


 864:Drivers/STM32G0xx_HAL_Driver/Src/stm32g0xx_hal_spi.c ****   {
 1584              		.loc 1 864 17 is_stmt 0 view .LVU422
 1585 0062 A268     		ldr	r2, [r4, #8]
 864:Drivers/STM32G0xx_HAL_Driver/Src/stm32g0xx_hal_spi.c ****   {
 1586              		.loc 1 864 6 view .LVU423
 1587 0064 8023     		movs	r3, #128
 1588 0066 1B02     		lsls	r3, r3, #8
 1589 0068 9A42     		cmp	r2, r3
 1590 006a 1ED0     		beq	.L127
 1591              	.L100:
 880:Drivers/STM32G0xx_HAL_Driver/Src/stm32g0xx_hal_spi.c ****   {
 1592              		.loc 1 880 3 is_stmt 1 view .LVU424
 880:Drivers/STM32G0xx_HAL_Driver/Src/stm32g0xx_hal_spi.c ****   {
 1593              		.loc 1 880 12 is_stmt 0 view .LVU425
 1594 006c 2268     		ldr	r2, [r4]
 880:Drivers/STM32G0xx_HAL_Driver/Src/stm32g0xx_hal_spi.c ****   {
 1595              		.loc 1 880 22 view .LVU426
 1596 006e 1368     		ldr	r3, [r2]
 880:Drivers/STM32G0xx_HAL_Driver/Src/stm32g0xx_hal_spi.c ****   {
 1597              		.loc 1 880 6 view .LVU427
 1598 0070 5B06     		lsls	r3, r3, #25
 1599 0072 03D4     		bmi	.L101
 883:Drivers/STM32G0xx_HAL_Driver/Src/stm32g0xx_hal_spi.c ****   }
 1600              		.loc 1 883 5 is_stmt 1 view .LVU428
 1601 0074 1368     		ldr	r3, [r2]
 1602 0076 4021     		movs	r1, #64
 1603 0078 0B43     		orrs	r3, r1
 1604 007a 1360     		str	r3, [r2]
 1605              	.L101:
 887:Drivers/STM32G0xx_HAL_Driver/Src/stm32g0xx_hal_spi.c ****   {
 1606              		.loc 1 887 3 view .LVU429
 887:Drivers/STM32G0xx_HAL_Driver/Src/stm32g0xx_hal_spi.c ****   {
 1607              		.loc 1 887 17 is_stmt 0 view .LVU430
 1608 007c E268     		ldr	r2, [r4, #12]
 887:Drivers/STM32G0xx_HAL_Driver/Src/stm32g0xx_hal_spi.c ****   {
 1609              		.loc 1 887 6 view .LVU431
 1610 007e E023     		movs	r3, #224
 1611 0080 DB00     		lsls	r3, r3, #3
 1612 0082 9A42     		cmp	r2, r3
 1613 0084 3DD9     		bls	.L102
 889:Drivers/STM32G0xx_HAL_Driver/Src/stm32g0xx_hal_spi.c ****     {
 1614              		.loc 1 889 5 is_stmt 1 view .LVU432
 889:Drivers/STM32G0xx_HAL_Driver/Src/stm32g0xx_hal_spi.c ****     {
 1615              		.loc 1 889 20 is_stmt 0 view .LVU433
 1616 0086 6368     		ldr	r3, [r4, #4]
 889:Drivers/STM32G0xx_HAL_Driver/Src/stm32g0xx_hal_spi.c ****     {
 1617              		.loc 1 889 8 view .LVU434
 1618 0088 002B     		cmp	r3, #0
 1619 008a 02D0     		beq	.L103
 889:Drivers/STM32G0xx_HAL_Driver/Src/stm32g0xx_hal_spi.c ****     {
 1620              		.loc 1 889 45 discriminator 1 view .LVU435
 1621 008c 4B46     		mov	r3, r9
 1622 008e 012B     		cmp	r3, #1
 1623 0090 20D1     		bne	.L109
 1624              	.L103:
 891:Drivers/STM32G0xx_HAL_Driver/Src/stm32g0xx_hal_spi.c ****       hspi->pTxBuffPtr += sizeof(uint16_t);
 1625              		.loc 1 891 7 is_stmt 1 view .LVU436
ARM GAS  C:\Users\sante\AppData\Local\Temp\cc1VgFnO.s 			page 111


 891:Drivers/STM32G0xx_HAL_Driver/Src/stm32g0xx_hal_spi.c ****       hspi->pTxBuffPtr += sizeof(uint16_t);
 1626              		.loc 1 891 46 is_stmt 0 view .LVU437
 1627 0092 A26B     		ldr	r2, [r4, #56]
 891:Drivers/STM32G0xx_HAL_Driver/Src/stm32g0xx_hal_spi.c ****       hspi->pTxBuffPtr += sizeof(uint16_t);
 1628              		.loc 1 891 11 view .LVU438
 1629 0094 2368     		ldr	r3, [r4]
 891:Drivers/STM32G0xx_HAL_Driver/Src/stm32g0xx_hal_spi.c ****       hspi->pTxBuffPtr += sizeof(uint16_t);
 1630              		.loc 1 891 28 view .LVU439
 1631 0096 1288     		ldrh	r2, [r2]
 891:Drivers/STM32G0xx_HAL_Driver/Src/stm32g0xx_hal_spi.c ****       hspi->pTxBuffPtr += sizeof(uint16_t);
 1632              		.loc 1 891 26 view .LVU440
 1633 0098 DA60     		str	r2, [r3, #12]
 892:Drivers/STM32G0xx_HAL_Driver/Src/stm32g0xx_hal_spi.c ****       hspi->TxXferCount--;
 1634              		.loc 1 892 7 is_stmt 1 view .LVU441
 892:Drivers/STM32G0xx_HAL_Driver/Src/stm32g0xx_hal_spi.c ****       hspi->TxXferCount--;
 1635              		.loc 1 892 11 is_stmt 0 view .LVU442
 1636 009a A36B     		ldr	r3, [r4, #56]
 892:Drivers/STM32G0xx_HAL_Driver/Src/stm32g0xx_hal_spi.c ****       hspi->TxXferCount--;
 1637              		.loc 1 892 24 view .LVU443
 1638 009c 0233     		adds	r3, r3, #2
 1639 009e A363     		str	r3, [r4, #56]
 893:Drivers/STM32G0xx_HAL_Driver/Src/stm32g0xx_hal_spi.c ****     }
 1640              		.loc 1 893 7 is_stmt 1 view .LVU444
 893:Drivers/STM32G0xx_HAL_Driver/Src/stm32g0xx_hal_spi.c ****     }
 1641              		.loc 1 893 11 is_stmt 0 view .LVU445
 1642 00a0 E38F     		ldrh	r3, [r4, #62]
 893:Drivers/STM32G0xx_HAL_Driver/Src/stm32g0xx_hal_spi.c ****     }
 1643              		.loc 1 893 24 view .LVU446
 1644 00a2 013B     		subs	r3, r3, #1
 1645 00a4 9BB2     		uxth	r3, r3
 1646 00a6 E387     		strh	r3, [r4, #62]
 1647 00a8 14E0     		b	.L109
 1648              	.L127:
 867:Drivers/STM32G0xx_HAL_Driver/Src/stm32g0xx_hal_spi.c ****     SPI_1LINE_TX(hspi);
 1649              		.loc 1 867 5 is_stmt 1 view .LVU447
 1650 00aa 2268     		ldr	r2, [r4]
 1651 00ac 1368     		ldr	r3, [r2]
 1652 00ae 4021     		movs	r1, #64
 1653 00b0 8B43     		bics	r3, r1
 1654 00b2 1360     		str	r3, [r2]
 868:Drivers/STM32G0xx_HAL_Driver/Src/stm32g0xx_hal_spi.c ****   }
 1655              		.loc 1 868 5 view .LVU448
 1656 00b4 2268     		ldr	r2, [r4]
 1657 00b6 1168     		ldr	r1, [r2]
 1658 00b8 8023     		movs	r3, #128
 1659 00ba DB01     		lsls	r3, r3, #7
 1660 00bc 0B43     		orrs	r3, r1
 1661 00be 1360     		str	r3, [r2]
 1662 00c0 D4E7     		b	.L100
 1663              	.LVL109:
 1664              	.L105:
 908:Drivers/STM32G0xx_HAL_Driver/Src/stm32g0xx_hal_spi.c ****         {
 1665              		.loc 1 908 9 view .LVU449
 908:Drivers/STM32G0xx_HAL_Driver/Src/stm32g0xx_hal_spi.c ****         {
 1666              		.loc 1 908 16 is_stmt 0 view .LVU450
 1667 00c2 FFF7FEFF 		bl	HAL_GetTick
 1668              	.LVL110:
ARM GAS  C:\Users\sante\AppData\Local\Temp\cc1VgFnO.s 			page 112


 908:Drivers/STM32G0xx_HAL_Driver/Src/stm32g0xx_hal_spi.c ****         {
 1669              		.loc 1 908 30 discriminator 1 view .LVU451
 1670 00c6 801B     		subs	r0, r0, r6
 908:Drivers/STM32G0xx_HAL_Driver/Src/stm32g0xx_hal_spi.c ****         {
 1671              		.loc 1 908 12 discriminator 1 view .LVU452
 1672 00c8 A842     		cmp	r0, r5
 1673 00ca 01D3     		bcc	.L107
 908:Drivers/STM32G0xx_HAL_Driver/Src/stm32g0xx_hal_spi.c ****         {
 1674              		.loc 1 908 56 discriminator 1 view .LVU453
 1675 00cc 6B1C     		adds	r3, r5, #1
 1676 00ce 13D1     		bne	.L108
 1677              	.L107:
 908:Drivers/STM32G0xx_HAL_Driver/Src/stm32g0xx_hal_spi.c ****         {
 1678              		.loc 1 908 87 discriminator 3 view .LVU454
 1679 00d0 002D     		cmp	r5, #0
 1680 00d2 11D0     		beq	.L108
 1681              	.L109:
 896:Drivers/STM32G0xx_HAL_Driver/Src/stm32g0xx_hal_spi.c ****     {
 1682              		.loc 1 896 30 is_stmt 1 view .LVU455
 896:Drivers/STM32G0xx_HAL_Driver/Src/stm32g0xx_hal_spi.c ****     {
 1683              		.loc 1 896 16 is_stmt 0 view .LVU456
 1684 00d4 E38F     		ldrh	r3, [r4, #62]
 896:Drivers/STM32G0xx_HAL_Driver/Src/stm32g0xx_hal_spi.c ****     {
 1685              		.loc 1 896 30 view .LVU457
 1686 00d6 002B     		cmp	r3, #0
 1687 00d8 45D0     		beq	.L111
 899:Drivers/STM32G0xx_HAL_Driver/Src/stm32g0xx_hal_spi.c ****       {
 1688              		.loc 1 899 7 is_stmt 1 view .LVU458
 899:Drivers/STM32G0xx_HAL_Driver/Src/stm32g0xx_hal_spi.c ****       {
 1689              		.loc 1 899 11 is_stmt 0 view .LVU459
 1690 00da 2268     		ldr	r2, [r4]
 1691 00dc 9368     		ldr	r3, [r2, #8]
 899:Drivers/STM32G0xx_HAL_Driver/Src/stm32g0xx_hal_spi.c ****       {
 1692              		.loc 1 899 10 view .LVU460
 1693 00de 9B07     		lsls	r3, r3, #30
 1694 00e0 EFD5     		bpl	.L105
 901:Drivers/STM32G0xx_HAL_Driver/Src/stm32g0xx_hal_spi.c ****         hspi->pTxBuffPtr += sizeof(uint16_t);
 1695              		.loc 1 901 9 is_stmt 1 view .LVU461
 901:Drivers/STM32G0xx_HAL_Driver/Src/stm32g0xx_hal_spi.c ****         hspi->pTxBuffPtr += sizeof(uint16_t);
 1696              		.loc 1 901 48 is_stmt 0 view .LVU462
 1697 00e2 A36B     		ldr	r3, [r4, #56]
 901:Drivers/STM32G0xx_HAL_Driver/Src/stm32g0xx_hal_spi.c ****         hspi->pTxBuffPtr += sizeof(uint16_t);
 1698              		.loc 1 901 30 view .LVU463
 1699 00e4 1B88     		ldrh	r3, [r3]
 901:Drivers/STM32G0xx_HAL_Driver/Src/stm32g0xx_hal_spi.c ****         hspi->pTxBuffPtr += sizeof(uint16_t);
 1700              		.loc 1 901 28 view .LVU464
 1701 00e6 D360     		str	r3, [r2, #12]
 902:Drivers/STM32G0xx_HAL_Driver/Src/stm32g0xx_hal_spi.c ****         hspi->TxXferCount--;
 1702              		.loc 1 902 9 is_stmt 1 view .LVU465
 902:Drivers/STM32G0xx_HAL_Driver/Src/stm32g0xx_hal_spi.c ****         hspi->TxXferCount--;
 1703              		.loc 1 902 13 is_stmt 0 view .LVU466
 1704 00e8 A36B     		ldr	r3, [r4, #56]
 902:Drivers/STM32G0xx_HAL_Driver/Src/stm32g0xx_hal_spi.c ****         hspi->TxXferCount--;
 1705              		.loc 1 902 26 view .LVU467
 1706 00ea 0233     		adds	r3, r3, #2
 1707 00ec A363     		str	r3, [r4, #56]
 903:Drivers/STM32G0xx_HAL_Driver/Src/stm32g0xx_hal_spi.c ****       }
ARM GAS  C:\Users\sante\AppData\Local\Temp\cc1VgFnO.s 			page 113


 1708              		.loc 1 903 9 is_stmt 1 view .LVU468
 903:Drivers/STM32G0xx_HAL_Driver/Src/stm32g0xx_hal_spi.c ****       }
 1709              		.loc 1 903 13 is_stmt 0 view .LVU469
 1710 00ee E38F     		ldrh	r3, [r4, #62]
 903:Drivers/STM32G0xx_HAL_Driver/Src/stm32g0xx_hal_spi.c ****       }
 1711              		.loc 1 903 26 view .LVU470
 1712 00f0 013B     		subs	r3, r3, #1
 1713 00f2 9BB2     		uxth	r3, r3
 1714 00f4 E387     		strh	r3, [r4, #62]
 1715 00f6 EDE7     		b	.L109
 1716              	.L108:
 910:Drivers/STM32G0xx_HAL_Driver/Src/stm32g0xx_hal_spi.c ****           hspi->State = HAL_SPI_STATE_READY;
 1717              		.loc 1 910 11 is_stmt 1 view .LVU471
 1718              	.LVL111:
 911:Drivers/STM32G0xx_HAL_Driver/Src/stm32g0xx_hal_spi.c ****           goto error;
 1719              		.loc 1 911 11 view .LVU472
 911:Drivers/STM32G0xx_HAL_Driver/Src/stm32g0xx_hal_spi.c ****           goto error;
 1720              		.loc 1 911 23 is_stmt 0 view .LVU473
 1721 00f8 5D23     		movs	r3, #93
 1722 00fa 0122     		movs	r2, #1
 1723 00fc E254     		strb	r2, [r4, r3]
 912:Drivers/STM32G0xx_HAL_Driver/Src/stm32g0xx_hal_spi.c ****         }
 1724              		.loc 1 912 11 is_stmt 1 view .LVU474
 910:Drivers/STM32G0xx_HAL_Driver/Src/stm32g0xx_hal_spi.c ****           hspi->State = HAL_SPI_STATE_READY;
 1725              		.loc 1 910 21 is_stmt 0 view .LVU475
 1726 00fe 0327     		movs	r7, #3
 912:Drivers/STM32G0xx_HAL_Driver/Src/stm32g0xx_hal_spi.c ****         }
 1727              		.loc 1 912 11 view .LVU476
 1728 0100 4DE0     		b	.L99
 1729              	.LVL112:
 1730              	.L102:
 920:Drivers/STM32G0xx_HAL_Driver/Src/stm32g0xx_hal_spi.c ****     {
 1731              		.loc 1 920 5 is_stmt 1 view .LVU477
 920:Drivers/STM32G0xx_HAL_Driver/Src/stm32g0xx_hal_spi.c ****     {
 1732              		.loc 1 920 20 is_stmt 0 view .LVU478
 1733 0102 6368     		ldr	r3, [r4, #4]
 920:Drivers/STM32G0xx_HAL_Driver/Src/stm32g0xx_hal_spi.c ****     {
 1734              		.loc 1 920 8 view .LVU479
 1735 0104 002B     		cmp	r3, #0
 1736 0106 02D0     		beq	.L112
 920:Drivers/STM32G0xx_HAL_Driver/Src/stm32g0xx_hal_spi.c ****     {
 1737              		.loc 1 920 45 discriminator 1 view .LVU480
 1738 0108 4B46     		mov	r3, r9
 1739 010a 012B     		cmp	r3, #1
 1740 010c 14D1     		bne	.L118
 1741              	.L112:
 922:Drivers/STM32G0xx_HAL_Driver/Src/stm32g0xx_hal_spi.c ****       hspi->pTxBuffPtr += sizeof(uint8_t);
 1742              		.loc 1 922 7 is_stmt 1 view .LVU481
 922:Drivers/STM32G0xx_HAL_Driver/Src/stm32g0xx_hal_spi.c ****       hspi->pTxBuffPtr += sizeof(uint8_t);
 1743              		.loc 1 922 54 is_stmt 0 view .LVU482
 1744 010e A26B     		ldr	r2, [r4, #56]
 922:Drivers/STM32G0xx_HAL_Driver/Src/stm32g0xx_hal_spi.c ****       hspi->pTxBuffPtr += sizeof(uint8_t);
 1745              		.loc 1 922 30 view .LVU483
 1746 0110 2368     		ldr	r3, [r4]
 922:Drivers/STM32G0xx_HAL_Driver/Src/stm32g0xx_hal_spi.c ****       hspi->pTxBuffPtr += sizeof(uint8_t);
 1747              		.loc 1 922 49 view .LVU484
 1748 0112 1278     		ldrb	r2, [r2]
ARM GAS  C:\Users\sante\AppData\Local\Temp\cc1VgFnO.s 			page 114


 922:Drivers/STM32G0xx_HAL_Driver/Src/stm32g0xx_hal_spi.c ****       hspi->pTxBuffPtr += sizeof(uint8_t);
 1749              		.loc 1 922 46 view .LVU485
 1750 0114 1A73     		strb	r2, [r3, #12]
 923:Drivers/STM32G0xx_HAL_Driver/Src/stm32g0xx_hal_spi.c ****       hspi->TxXferCount--;
 1751              		.loc 1 923 7 is_stmt 1 view .LVU486
 923:Drivers/STM32G0xx_HAL_Driver/Src/stm32g0xx_hal_spi.c ****       hspi->TxXferCount--;
 1752              		.loc 1 923 11 is_stmt 0 view .LVU487
 1753 0116 A36B     		ldr	r3, [r4, #56]
 923:Drivers/STM32G0xx_HAL_Driver/Src/stm32g0xx_hal_spi.c ****       hspi->TxXferCount--;
 1754              		.loc 1 923 24 view .LVU488
 1755 0118 0133     		adds	r3, r3, #1
 1756 011a A363     		str	r3, [r4, #56]
 924:Drivers/STM32G0xx_HAL_Driver/Src/stm32g0xx_hal_spi.c ****     }
 1757              		.loc 1 924 7 is_stmt 1 view .LVU489
 924:Drivers/STM32G0xx_HAL_Driver/Src/stm32g0xx_hal_spi.c ****     }
 1758              		.loc 1 924 11 is_stmt 0 view .LVU490
 1759 011c E38F     		ldrh	r3, [r4, #62]
 924:Drivers/STM32G0xx_HAL_Driver/Src/stm32g0xx_hal_spi.c ****     }
 1760              		.loc 1 924 24 view .LVU491
 1761 011e 013B     		subs	r3, r3, #1
 1762 0120 9BB2     		uxth	r3, r3
 1763 0122 E387     		strh	r3, [r4, #62]
 1764 0124 08E0     		b	.L118
 1765              	.LVL113:
 1766              	.L114:
 938:Drivers/STM32G0xx_HAL_Driver/Src/stm32g0xx_hal_spi.c ****         {
 1767              		.loc 1 938 9 is_stmt 1 view .LVU492
 938:Drivers/STM32G0xx_HAL_Driver/Src/stm32g0xx_hal_spi.c ****         {
 1768              		.loc 1 938 16 is_stmt 0 view .LVU493
 1769 0126 FFF7FEFF 		bl	HAL_GetTick
 1770              	.LVL114:
 938:Drivers/STM32G0xx_HAL_Driver/Src/stm32g0xx_hal_spi.c ****         {
 1771              		.loc 1 938 30 discriminator 1 view .LVU494
 1772 012a 801B     		subs	r0, r0, r6
 938:Drivers/STM32G0xx_HAL_Driver/Src/stm32g0xx_hal_spi.c ****         {
 1773              		.loc 1 938 12 discriminator 1 view .LVU495
 1774 012c A842     		cmp	r0, r5
 1775 012e 01D3     		bcc	.L116
 938:Drivers/STM32G0xx_HAL_Driver/Src/stm32g0xx_hal_spi.c ****         {
 1776              		.loc 1 938 56 discriminator 1 view .LVU496
 1777 0130 6B1C     		adds	r3, r5, #1
 1778 0132 13D1     		bne	.L117
 1779              	.L116:
 938:Drivers/STM32G0xx_HAL_Driver/Src/stm32g0xx_hal_spi.c ****         {
 1780              		.loc 1 938 87 discriminator 3 view .LVU497
 1781 0134 002D     		cmp	r5, #0
 1782 0136 11D0     		beq	.L117
 1783              	.L118:
 926:Drivers/STM32G0xx_HAL_Driver/Src/stm32g0xx_hal_spi.c ****     {
 1784              		.loc 1 926 30 is_stmt 1 view .LVU498
 926:Drivers/STM32G0xx_HAL_Driver/Src/stm32g0xx_hal_spi.c ****     {
 1785              		.loc 1 926 16 is_stmt 0 view .LVU499
 1786 0138 E38F     		ldrh	r3, [r4, #62]
 926:Drivers/STM32G0xx_HAL_Driver/Src/stm32g0xx_hal_spi.c ****     {
 1787              		.loc 1 926 30 view .LVU500
 1788 013a 002B     		cmp	r3, #0
 1789 013c 13D0     		beq	.L111
ARM GAS  C:\Users\sante\AppData\Local\Temp\cc1VgFnO.s 			page 115


 929:Drivers/STM32G0xx_HAL_Driver/Src/stm32g0xx_hal_spi.c ****       {
 1790              		.loc 1 929 7 is_stmt 1 view .LVU501
 929:Drivers/STM32G0xx_HAL_Driver/Src/stm32g0xx_hal_spi.c ****       {
 1791              		.loc 1 929 11 is_stmt 0 view .LVU502
 1792 013e 2268     		ldr	r2, [r4]
 1793 0140 9368     		ldr	r3, [r2, #8]
 929:Drivers/STM32G0xx_HAL_Driver/Src/stm32g0xx_hal_spi.c ****       {
 1794              		.loc 1 929 10 view .LVU503
 1795 0142 9B07     		lsls	r3, r3, #30
 1796 0144 EFD5     		bpl	.L114
 931:Drivers/STM32G0xx_HAL_Driver/Src/stm32g0xx_hal_spi.c ****         hspi->pTxBuffPtr += sizeof(uint8_t);
 1797              		.loc 1 931 9 is_stmt 1 view .LVU504
 931:Drivers/STM32G0xx_HAL_Driver/Src/stm32g0xx_hal_spi.c ****         hspi->pTxBuffPtr += sizeof(uint8_t);
 1798              		.loc 1 931 56 is_stmt 0 view .LVU505
 1799 0146 A36B     		ldr	r3, [r4, #56]
 931:Drivers/STM32G0xx_HAL_Driver/Src/stm32g0xx_hal_spi.c ****         hspi->pTxBuffPtr += sizeof(uint8_t);
 1800              		.loc 1 931 51 view .LVU506
 1801 0148 1B78     		ldrb	r3, [r3]
 931:Drivers/STM32G0xx_HAL_Driver/Src/stm32g0xx_hal_spi.c ****         hspi->pTxBuffPtr += sizeof(uint8_t);
 1802              		.loc 1 931 48 view .LVU507
 1803 014a 1373     		strb	r3, [r2, #12]
 932:Drivers/STM32G0xx_HAL_Driver/Src/stm32g0xx_hal_spi.c ****         hspi->TxXferCount--;
 1804              		.loc 1 932 9 is_stmt 1 view .LVU508
 932:Drivers/STM32G0xx_HAL_Driver/Src/stm32g0xx_hal_spi.c ****         hspi->TxXferCount--;
 1805              		.loc 1 932 13 is_stmt 0 view .LVU509
 1806 014c A36B     		ldr	r3, [r4, #56]
 932:Drivers/STM32G0xx_HAL_Driver/Src/stm32g0xx_hal_spi.c ****         hspi->TxXferCount--;
 1807              		.loc 1 932 26 view .LVU510
 1808 014e 0133     		adds	r3, r3, #1
 1809 0150 A363     		str	r3, [r4, #56]
 933:Drivers/STM32G0xx_HAL_Driver/Src/stm32g0xx_hal_spi.c ****       }
 1810              		.loc 1 933 9 is_stmt 1 view .LVU511
 933:Drivers/STM32G0xx_HAL_Driver/Src/stm32g0xx_hal_spi.c ****       }
 1811              		.loc 1 933 13 is_stmt 0 view .LVU512
 1812 0152 E18F     		ldrh	r1, [r4, #62]
 933:Drivers/STM32G0xx_HAL_Driver/Src/stm32g0xx_hal_spi.c ****       }
 1813              		.loc 1 933 26 view .LVU513
 1814 0154 0139     		subs	r1, r1, #1
 1815 0156 89B2     		uxth	r1, r1
 1816 0158 E187     		strh	r1, [r4, #62]
 1817 015a EDE7     		b	.L118
 1818              	.L117:
 940:Drivers/STM32G0xx_HAL_Driver/Src/stm32g0xx_hal_spi.c ****           hspi->State = HAL_SPI_STATE_READY;
 1819              		.loc 1 940 11 is_stmt 1 view .LVU514
 1820              	.LVL115:
 941:Drivers/STM32G0xx_HAL_Driver/Src/stm32g0xx_hal_spi.c ****           goto error;
 1821              		.loc 1 941 11 view .LVU515
 941:Drivers/STM32G0xx_HAL_Driver/Src/stm32g0xx_hal_spi.c ****           goto error;
 1822              		.loc 1 941 23 is_stmt 0 view .LVU516
 1823 015c 5D23     		movs	r3, #93
 1824 015e 0122     		movs	r2, #1
 1825 0160 E254     		strb	r2, [r4, r3]
 942:Drivers/STM32G0xx_HAL_Driver/Src/stm32g0xx_hal_spi.c ****         }
 1826              		.loc 1 942 11 is_stmt 1 view .LVU517
 940:Drivers/STM32G0xx_HAL_Driver/Src/stm32g0xx_hal_spi.c ****           hspi->State = HAL_SPI_STATE_READY;
 1827              		.loc 1 940 21 is_stmt 0 view .LVU518
 1828 0162 0327     		movs	r7, #3
ARM GAS  C:\Users\sante\AppData\Local\Temp\cc1VgFnO.s 			page 116


 942:Drivers/STM32G0xx_HAL_Driver/Src/stm32g0xx_hal_spi.c ****         }
 1829              		.loc 1 942 11 view .LVU519
 1830 0164 1BE0     		b	.L99
 1831              	.LVL116:
 1832              	.L111:
 956:Drivers/STM32G0xx_HAL_Driver/Src/stm32g0xx_hal_spi.c ****   {
 1833              		.loc 1 956 3 is_stmt 1 view .LVU520
 956:Drivers/STM32G0xx_HAL_Driver/Src/stm32g0xx_hal_spi.c ****   {
 1834              		.loc 1 956 7 is_stmt 0 view .LVU521
 1835 0166 3200     		movs	r2, r6
 1836 0168 2900     		movs	r1, r5
 1837 016a 2000     		movs	r0, r4
 1838 016c FFF7FEFF 		bl	SPI_EndRxTxTransaction
 1839              	.LVL117:
 956:Drivers/STM32G0xx_HAL_Driver/Src/stm32g0xx_hal_spi.c ****   {
 1840              		.loc 1 956 6 discriminator 1 view .LVU522
 1841 0170 0028     		cmp	r0, #0
 1842 0172 01D0     		beq	.L120
 958:Drivers/STM32G0xx_HAL_Driver/Src/stm32g0xx_hal_spi.c ****   }
 1843              		.loc 1 958 5 is_stmt 1 view .LVU523
 958:Drivers/STM32G0xx_HAL_Driver/Src/stm32g0xx_hal_spi.c ****   }
 1844              		.loc 1 958 21 is_stmt 0 view .LVU524
 1845 0174 2023     		movs	r3, #32
 1846 0176 2366     		str	r3, [r4, #96]
 1847              	.L120:
 962:Drivers/STM32G0xx_HAL_Driver/Src/stm32g0xx_hal_spi.c ****   {
 1848              		.loc 1 962 3 is_stmt 1 view .LVU525
 962:Drivers/STM32G0xx_HAL_Driver/Src/stm32g0xx_hal_spi.c ****   {
 1849              		.loc 1 962 17 is_stmt 0 view .LVU526
 1850 0178 A368     		ldr	r3, [r4, #8]
 962:Drivers/STM32G0xx_HAL_Driver/Src/stm32g0xx_hal_spi.c ****   {
 1851              		.loc 1 962 6 view .LVU527
 1852 017a 002B     		cmp	r3, #0
 1853 017c 06D1     		bne	.L121
 964:Drivers/STM32G0xx_HAL_Driver/Src/stm32g0xx_hal_spi.c ****   }
 1854              		.loc 1 964 5 is_stmt 1 view .LVU528
 1855              	.LBB2:
 964:Drivers/STM32G0xx_HAL_Driver/Src/stm32g0xx_hal_spi.c ****   }
 1856              		.loc 1 964 5 view .LVU529
 1857 017e 0393     		str	r3, [sp, #12]
 964:Drivers/STM32G0xx_HAL_Driver/Src/stm32g0xx_hal_spi.c ****   }
 1858              		.loc 1 964 5 view .LVU530
 1859 0180 2368     		ldr	r3, [r4]
 1860 0182 DA68     		ldr	r2, [r3, #12]
 1861 0184 0392     		str	r2, [sp, #12]
 964:Drivers/STM32G0xx_HAL_Driver/Src/stm32g0xx_hal_spi.c ****   }
 1862              		.loc 1 964 5 view .LVU531
 1863 0186 9B68     		ldr	r3, [r3, #8]
 1864 0188 0393     		str	r3, [sp, #12]
 964:Drivers/STM32G0xx_HAL_Driver/Src/stm32g0xx_hal_spi.c ****   }
 1865              		.loc 1 964 5 view .LVU532
 1866 018a 039B     		ldr	r3, [sp, #12]
 1867              	.L121:
 1868              	.LBE2:
 964:Drivers/STM32G0xx_HAL_Driver/Src/stm32g0xx_hal_spi.c ****   }
 1869              		.loc 1 964 5 discriminator 1 view .LVU533
 967:Drivers/STM32G0xx_HAL_Driver/Src/stm32g0xx_hal_spi.c ****   {
ARM GAS  C:\Users\sante\AppData\Local\Temp\cc1VgFnO.s 			page 117


 1870              		.loc 1 967 3 view .LVU534
 967:Drivers/STM32G0xx_HAL_Driver/Src/stm32g0xx_hal_spi.c ****   {
 1871              		.loc 1 967 11 is_stmt 0 view .LVU535
 1872 018c 236E     		ldr	r3, [r4, #96]
 967:Drivers/STM32G0xx_HAL_Driver/Src/stm32g0xx_hal_spi.c ****   {
 1873              		.loc 1 967 6 view .LVU536
 1874 018e 002B     		cmp	r3, #0
 1875 0190 05D1     		bne	.L99
 973:Drivers/STM32G0xx_HAL_Driver/Src/stm32g0xx_hal_spi.c ****   }
 1876              		.loc 1 973 5 is_stmt 1 view .LVU537
 973:Drivers/STM32G0xx_HAL_Driver/Src/stm32g0xx_hal_spi.c ****   }
 1877              		.loc 1 973 17 is_stmt 0 view .LVU538
 1878 0192 5D33     		adds	r3, r3, #93
 1879 0194 0122     		movs	r2, #1
 1880 0196 E254     		strb	r2, [r4, r3]
 824:Drivers/STM32G0xx_HAL_Driver/Src/stm32g0xx_hal_spi.c ****   uint16_t initial_TxXferCount;
 1881              		.loc 1 824 21 view .LVU539
 1882 0198 0027     		movs	r7, #0
 1883 019a 00E0     		b	.L99
 1884              	.LVL118:
 1885              	.L123:
 839:Drivers/STM32G0xx_HAL_Driver/Src/stm32g0xx_hal_spi.c ****     goto error;
 1886              		.loc 1 839 15 view .LVU540
 1887 019c 0227     		movs	r7, #2
 1888              	.LVL119:
 1889              	.L99:
 978:Drivers/STM32G0xx_HAL_Driver/Src/stm32g0xx_hal_spi.c ****   return errorcode;
 1890              		.loc 1 978 3 is_stmt 1 view .LVU541
 978:Drivers/STM32G0xx_HAL_Driver/Src/stm32g0xx_hal_spi.c ****   return errorcode;
 1891              		.loc 1 978 3 view .LVU542
 1892 019e 5C23     		movs	r3, #92
 1893 01a0 0022     		movs	r2, #0
 1894 01a2 E254     		strb	r2, [r4, r3]
 978:Drivers/STM32G0xx_HAL_Driver/Src/stm32g0xx_hal_spi.c ****   return errorcode;
 1895              		.loc 1 978 3 view .LVU543
 979:Drivers/STM32G0xx_HAL_Driver/Src/stm32g0xx_hal_spi.c **** }
 1896              		.loc 1 979 3 view .LVU544
 1897              	.LVL120:
 1898              	.L98:
 980:Drivers/STM32G0xx_HAL_Driver/Src/stm32g0xx_hal_spi.c **** 
 1899              		.loc 1 980 1 is_stmt 0 view .LVU545
 1900 01a4 3800     		movs	r0, r7
 1901 01a6 04B0     		add	sp, sp, #16
 1902              		@ sp needed
 1903              	.LVL121:
 1904              	.LVL122:
 1905              	.LVL123:
 980:Drivers/STM32G0xx_HAL_Driver/Src/stm32g0xx_hal_spi.c **** 
 1906              		.loc 1 980 1 view .LVU546
 1907 01a8 80BC     		pop	{r7}
 1908 01aa B946     		mov	r9, r7
 1909 01ac F0BD     		pop	{r4, r5, r6, r7, pc}
 1910              	.LVL124:
 1911              	.L122:
 831:Drivers/STM32G0xx_HAL_Driver/Src/stm32g0xx_hal_spi.c **** 
 1912              		.loc 1 831 3 discriminator 1 view .LVU547
 1913 01ae 0227     		movs	r7, #2
ARM GAS  C:\Users\sante\AppData\Local\Temp\cc1VgFnO.s 			page 118


 1914 01b0 F8E7     		b	.L98
 1915              		.cfi_endproc
 1916              	.LFE497:
 1918              		.section	.text.HAL_SPI_TransmitReceive,"ax",%progbits
 1919              		.align	1
 1920              		.global	HAL_SPI_TransmitReceive
 1921              		.syntax unified
 1922              		.code	16
 1923              		.thumb_func
 1925              	HAL_SPI_TransmitReceive:
 1926              	.LVL125:
 1927              	.LFB499:
1238:Drivers/STM32G0xx_HAL_Driver/Src/stm32g0xx_hal_spi.c ****   uint16_t             initial_TxXferCount;
 1928              		.loc 1 1238 1 is_stmt 1 view -0
 1929              		.cfi_startproc
 1930              		@ args = 4, pretend = 0, frame = 8
 1931              		@ frame_needed = 0, uses_anonymous_args = 0
1238:Drivers/STM32G0xx_HAL_Driver/Src/stm32g0xx_hal_spi.c ****   uint16_t             initial_TxXferCount;
 1932              		.loc 1 1238 1 is_stmt 0 view .LVU549
 1933 0000 F0B5     		push	{r4, r5, r6, r7, lr}
 1934              		.cfi_def_cfa_offset 20
 1935              		.cfi_offset 4, -20
 1936              		.cfi_offset 5, -16
 1937              		.cfi_offset 6, -12
 1938              		.cfi_offset 7, -8
 1939              		.cfi_offset 14, -4
 1940 0002 83B0     		sub	sp, sp, #12
 1941              		.cfi_def_cfa_offset 32
 1942 0004 0400     		movs	r4, r0
 1943 0006 0091     		str	r1, [sp]
 1944 0008 0192     		str	r2, [sp, #4]
 1945 000a 1E00     		movs	r6, r3
 1946 000c 089D     		ldr	r5, [sp, #32]
1239:Drivers/STM32G0xx_HAL_Driver/Src/stm32g0xx_hal_spi.c ****   uint32_t             tmp_mode;
 1947              		.loc 1 1239 3 is_stmt 1 view .LVU550
1240:Drivers/STM32G0xx_HAL_Driver/Src/stm32g0xx_hal_spi.c ****   HAL_SPI_StateTypeDef tmp_state;
 1948              		.loc 1 1240 3 view .LVU551
1241:Drivers/STM32G0xx_HAL_Driver/Src/stm32g0xx_hal_spi.c ****   uint32_t             tickstart;
 1949              		.loc 1 1241 3 view .LVU552
1242:Drivers/STM32G0xx_HAL_Driver/Src/stm32g0xx_hal_spi.c **** #if (USE_SPI_CRC != 0U)
 1950              		.loc 1 1242 3 view .LVU553
1252:Drivers/STM32G0xx_HAL_Driver/Src/stm32g0xx_hal_spi.c ****   HAL_StatusTypeDef    errorcode = HAL_OK;
 1951              		.loc 1 1252 3 view .LVU554
 1952              	.LVL126:
1253:Drivers/STM32G0xx_HAL_Driver/Src/stm32g0xx_hal_spi.c **** 
 1953              		.loc 1 1253 3 view .LVU555
1256:Drivers/STM32G0xx_HAL_Driver/Src/stm32g0xx_hal_spi.c **** 
 1954              		.loc 1 1256 3 view .LVU556
1259:Drivers/STM32G0xx_HAL_Driver/Src/stm32g0xx_hal_spi.c **** 
 1955              		.loc 1 1259 3 view .LVU557
1259:Drivers/STM32G0xx_HAL_Driver/Src/stm32g0xx_hal_spi.c **** 
 1956              		.loc 1 1259 3 view .LVU558
 1957 000e 5C23     		movs	r3, #92
 1958              	.LVL127:
1259:Drivers/STM32G0xx_HAL_Driver/Src/stm32g0xx_hal_spi.c **** 
 1959              		.loc 1 1259 3 is_stmt 0 view .LVU559
 1960 0010 C35C     		ldrb	r3, [r0, r3]
ARM GAS  C:\Users\sante\AppData\Local\Temp\cc1VgFnO.s 			page 119


 1961 0012 012B     		cmp	r3, #1
 1962 0014 00D1     		bne	.LCB1789
 1963 0016 16E1     		b	.L153	@long jump
 1964              	.LCB1789:
1259:Drivers/STM32G0xx_HAL_Driver/Src/stm32g0xx_hal_spi.c **** 
 1965              		.loc 1 1259 3 is_stmt 1 discriminator 2 view .LVU560
 1966 0018 5C23     		movs	r3, #92
 1967 001a 0122     		movs	r2, #1
 1968              	.LVL128:
1259:Drivers/STM32G0xx_HAL_Driver/Src/stm32g0xx_hal_spi.c **** 
 1969              		.loc 1 1259 3 is_stmt 0 discriminator 2 view .LVU561
 1970 001c C254     		strb	r2, [r0, r3]
1259:Drivers/STM32G0xx_HAL_Driver/Src/stm32g0xx_hal_spi.c **** 
 1971              		.loc 1 1259 3 is_stmt 1 view .LVU562
1262:Drivers/STM32G0xx_HAL_Driver/Src/stm32g0xx_hal_spi.c **** 
 1972              		.loc 1 1262 3 view .LVU563
1262:Drivers/STM32G0xx_HAL_Driver/Src/stm32g0xx_hal_spi.c **** 
 1973              		.loc 1 1262 15 is_stmt 0 view .LVU564
 1974 001e FFF7FEFF 		bl	HAL_GetTick
 1975              	.LVL129:
1262:Drivers/STM32G0xx_HAL_Driver/Src/stm32g0xx_hal_spi.c **** 
 1976              		.loc 1 1262 15 view .LVU565
 1977 0022 0700     		movs	r7, r0
 1978              	.LVL130:
1265:Drivers/STM32G0xx_HAL_Driver/Src/stm32g0xx_hal_spi.c ****   tmp_mode            = hspi->Init.Mode;
 1979              		.loc 1 1265 3 is_stmt 1 view .LVU566
1265:Drivers/STM32G0xx_HAL_Driver/Src/stm32g0xx_hal_spi.c ****   tmp_mode            = hspi->Init.Mode;
 1980              		.loc 1 1265 23 is_stmt 0 view .LVU567
 1981 0024 5D23     		movs	r3, #93
 1982 0026 E35C     		ldrb	r3, [r4, r3]
 1983 0028 D9B2     		uxtb	r1, r3
 1984              	.LVL131:
1266:Drivers/STM32G0xx_HAL_Driver/Src/stm32g0xx_hal_spi.c ****   initial_TxXferCount = Size;
 1985              		.loc 1 1266 3 is_stmt 1 view .LVU568
1266:Drivers/STM32G0xx_HAL_Driver/Src/stm32g0xx_hal_spi.c ****   initial_TxXferCount = Size;
 1986              		.loc 1 1266 23 is_stmt 0 view .LVU569
 1987 002a 6268     		ldr	r2, [r4, #4]
 1988              	.LVL132:
1267:Drivers/STM32G0xx_HAL_Driver/Src/stm32g0xx_hal_spi.c **** #if (USE_SPI_CRC != 0U)
 1989              		.loc 1 1267 3 is_stmt 1 view .LVU570
1273:Drivers/STM32G0xx_HAL_Driver/Src/stm32g0xx_hal_spi.c ****         ((tmp_mode == SPI_MODE_MASTER) && (hspi->Init.Direction == SPI_DIRECTION_2LINES) && (tmp_st
 1990              		.loc 1 1273 3 view .LVU571
1273:Drivers/STM32G0xx_HAL_Driver/Src/stm32g0xx_hal_spi.c ****         ((tmp_mode == SPI_MODE_MASTER) && (hspi->Init.Direction == SPI_DIRECTION_2LINES) && (tmp_st
 1991              		.loc 1 1273 6 is_stmt 0 view .LVU572
 1992 002c 012B     		cmp	r3, #1
 1993 002e 0BD0     		beq	.L130
1273:Drivers/STM32G0xx_HAL_Driver/Src/stm32g0xx_hal_spi.c ****         ((tmp_mode == SPI_MODE_MASTER) && (hspi->Init.Direction == SPI_DIRECTION_2LINES) && (tmp_st
 1994              		.loc 1 1273 7 discriminator 1 view .LVU573
 1995 0030 8223     		movs	r3, #130
 1996 0032 5B00     		lsls	r3, r3, #1
 1997 0034 9A42     		cmp	r2, r3
 1998 0036 00D0     		beq	.LCB1818
 1999 0038 F3E0     		b	.L154	@long jump
 2000              	.LCB1818:
1274:Drivers/STM32G0xx_HAL_Driver/Src/stm32g0xx_hal_spi.c ****   {
 2001              		.loc 1 1274 54 view .LVU574
 2002 003a A368     		ldr	r3, [r4, #8]
ARM GAS  C:\Users\sante\AppData\Local\Temp\cc1VgFnO.s 			page 120


1274:Drivers/STM32G0xx_HAL_Driver/Src/stm32g0xx_hal_spi.c ****   {
 2003              		.loc 1 1274 40 view .LVU575
 2004 003c 002B     		cmp	r3, #0
 2005 003e 00D0     		beq	.LCB1821
 2006 0040 F5E0     		b	.L155	@long jump
 2007              	.LCB1821:
1274:Drivers/STM32G0xx_HAL_Driver/Src/stm32g0xx_hal_spi.c ****   {
 2008              		.loc 1 1274 90 discriminator 1 view .LVU576
 2009 0042 0429     		cmp	r1, #4
 2010 0044 00D0     		beq	.LCB1823
 2011 0046 F4E0     		b	.L156	@long jump
 2012              	.LCB1823:
 2013              	.L130:
1280:Drivers/STM32G0xx_HAL_Driver/Src/stm32g0xx_hal_spi.c ****   {
 2014              		.loc 1 1280 3 is_stmt 1 view .LVU577
1280:Drivers/STM32G0xx_HAL_Driver/Src/stm32g0xx_hal_spi.c ****   {
 2015              		.loc 1 1280 6 is_stmt 0 view .LVU578
 2016 0048 009B     		ldr	r3, [sp]
 2017 004a 002B     		cmp	r3, #0
 2018 004c 00D1     		bne	.LCB1828
 2019 004e F2E0     		b	.L157	@long jump
 2020              	.LCB1828:
1280:Drivers/STM32G0xx_HAL_Driver/Src/stm32g0xx_hal_spi.c ****   {
 2021              		.loc 1 1280 25 discriminator 1 view .LVU579
 2022 0050 019B     		ldr	r3, [sp, #4]
 2023 0052 002B     		cmp	r3, #0
 2024 0054 00D1     		bne	.LCB1831
 2025 0056 F0E0     		b	.L158	@long jump
 2026              	.LCB1831:
1280:Drivers/STM32G0xx_HAL_Driver/Src/stm32g0xx_hal_spi.c ****   {
 2027              		.loc 1 1280 46 discriminator 2 view .LVU580
 2028 0058 002E     		cmp	r6, #0
 2029 005a 00D1     		bne	.LCB1833
 2030 005c EFE0     		b	.L159	@long jump
 2031              	.LCB1833:
1287:Drivers/STM32G0xx_HAL_Driver/Src/stm32g0xx_hal_spi.c ****   {
 2032              		.loc 1 1287 3 is_stmt 1 view .LVU581
1287:Drivers/STM32G0xx_HAL_Driver/Src/stm32g0xx_hal_spi.c ****   {
 2033              		.loc 1 1287 11 is_stmt 0 view .LVU582
 2034 005e 5D23     		movs	r3, #93
 2035 0060 E35C     		ldrb	r3, [r4, r3]
1287:Drivers/STM32G0xx_HAL_Driver/Src/stm32g0xx_hal_spi.c ****   {
 2036              		.loc 1 1287 6 view .LVU583
 2037 0062 042B     		cmp	r3, #4
 2038 0064 02D0     		beq	.L132
1289:Drivers/STM32G0xx_HAL_Driver/Src/stm32g0xx_hal_spi.c ****   }
 2039              		.loc 1 1289 5 is_stmt 1 view .LVU584
1289:Drivers/STM32G0xx_HAL_Driver/Src/stm32g0xx_hal_spi.c ****   }
 2040              		.loc 1 1289 17 is_stmt 0 view .LVU585
 2041 0066 5D23     		movs	r3, #93
 2042 0068 0522     		movs	r2, #5
 2043              	.LVL133:
1289:Drivers/STM32G0xx_HAL_Driver/Src/stm32g0xx_hal_spi.c ****   }
 2044              		.loc 1 1289 17 view .LVU586
 2045 006a E254     		strb	r2, [r4, r3]
 2046              	.LVL134:
 2047              	.L132:
ARM GAS  C:\Users\sante\AppData\Local\Temp\cc1VgFnO.s 			page 121


1293:Drivers/STM32G0xx_HAL_Driver/Src/stm32g0xx_hal_spi.c ****   hspi->pRxBuffPtr  = (uint8_t *)pRxData;
 2048              		.loc 1 1293 3 is_stmt 1 view .LVU587
1293:Drivers/STM32G0xx_HAL_Driver/Src/stm32g0xx_hal_spi.c ****   hspi->pRxBuffPtr  = (uint8_t *)pRxData;
 2049              		.loc 1 1293 21 is_stmt 0 view .LVU588
 2050 006c 0023     		movs	r3, #0
 2051 006e 2366     		str	r3, [r4, #96]
1294:Drivers/STM32G0xx_HAL_Driver/Src/stm32g0xx_hal_spi.c ****   hspi->RxXferCount = Size;
 2052              		.loc 1 1294 3 is_stmt 1 view .LVU589
1294:Drivers/STM32G0xx_HAL_Driver/Src/stm32g0xx_hal_spi.c ****   hspi->RxXferCount = Size;
 2053              		.loc 1 1294 21 is_stmt 0 view .LVU590
 2054 0070 019A     		ldr	r2, [sp, #4]
 2055 0072 2264     		str	r2, [r4, #64]
1295:Drivers/STM32G0xx_HAL_Driver/Src/stm32g0xx_hal_spi.c ****   hspi->RxXferSize  = Size;
 2056              		.loc 1 1295 3 is_stmt 1 view .LVU591
1295:Drivers/STM32G0xx_HAL_Driver/Src/stm32g0xx_hal_spi.c ****   hspi->RxXferSize  = Size;
 2057              		.loc 1 1295 21 is_stmt 0 view .LVU592
 2058 0074 4622     		movs	r2, #70
 2059 0076 A652     		strh	r6, [r4, r2]
1296:Drivers/STM32G0xx_HAL_Driver/Src/stm32g0xx_hal_spi.c ****   hspi->pTxBuffPtr  = (uint8_t *)pTxData;
 2060              		.loc 1 1296 3 is_stmt 1 view .LVU593
1296:Drivers/STM32G0xx_HAL_Driver/Src/stm32g0xx_hal_spi.c ****   hspi->pTxBuffPtr  = (uint8_t *)pTxData;
 2061              		.loc 1 1296 21 is_stmt 0 view .LVU594
 2062 0078 023A     		subs	r2, r2, #2
 2063 007a A652     		strh	r6, [r4, r2]
1297:Drivers/STM32G0xx_HAL_Driver/Src/stm32g0xx_hal_spi.c ****   hspi->TxXferCount = Size;
 2064              		.loc 1 1297 3 is_stmt 1 view .LVU595
1297:Drivers/STM32G0xx_HAL_Driver/Src/stm32g0xx_hal_spi.c ****   hspi->TxXferCount = Size;
 2065              		.loc 1 1297 21 is_stmt 0 view .LVU596
 2066 007c 009A     		ldr	r2, [sp]
 2067 007e A263     		str	r2, [r4, #56]
1298:Drivers/STM32G0xx_HAL_Driver/Src/stm32g0xx_hal_spi.c ****   hspi->TxXferSize  = Size;
 2068              		.loc 1 1298 3 is_stmt 1 view .LVU597
1298:Drivers/STM32G0xx_HAL_Driver/Src/stm32g0xx_hal_spi.c ****   hspi->TxXferSize  = Size;
 2069              		.loc 1 1298 21 is_stmt 0 view .LVU598
 2070 0080 E687     		strh	r6, [r4, #62]
1299:Drivers/STM32G0xx_HAL_Driver/Src/stm32g0xx_hal_spi.c **** 
 2071              		.loc 1 1299 3 is_stmt 1 view .LVU599
1299:Drivers/STM32G0xx_HAL_Driver/Src/stm32g0xx_hal_spi.c **** 
 2072              		.loc 1 1299 21 is_stmt 0 view .LVU600
 2073 0082 A687     		strh	r6, [r4, #60]
1302:Drivers/STM32G0xx_HAL_Driver/Src/stm32g0xx_hal_spi.c ****   hspi->TxISR       = NULL;
 2074              		.loc 1 1302 3 is_stmt 1 view .LVU601
1302:Drivers/STM32G0xx_HAL_Driver/Src/stm32g0xx_hal_spi.c ****   hspi->TxISR       = NULL;
 2075              		.loc 1 1302 21 is_stmt 0 view .LVU602
 2076 0084 E364     		str	r3, [r4, #76]
1303:Drivers/STM32G0xx_HAL_Driver/Src/stm32g0xx_hal_spi.c **** 
 2077              		.loc 1 1303 3 is_stmt 1 view .LVU603
1303:Drivers/STM32G0xx_HAL_Driver/Src/stm32g0xx_hal_spi.c **** 
 2078              		.loc 1 1303 21 is_stmt 0 view .LVU604
 2079 0086 2365     		str	r3, [r4, #80]
1314:Drivers/STM32G0xx_HAL_Driver/Src/stm32g0xx_hal_spi.c ****   {
 2080              		.loc 1 1314 3 is_stmt 1 view .LVU605
1314:Drivers/STM32G0xx_HAL_Driver/Src/stm32g0xx_hal_spi.c ****   {
 2081              		.loc 1 1314 17 is_stmt 0 view .LVU606
 2082 0088 E268     		ldr	r2, [r4, #12]
1314:Drivers/STM32G0xx_HAL_Driver/Src/stm32g0xx_hal_spi.c ****   {
 2083              		.loc 1 1314 6 view .LVU607
ARM GAS  C:\Users\sante\AppData\Local\Temp\cc1VgFnO.s 			page 122


 2084 008a E023     		movs	r3, #224
 2085 008c DB00     		lsls	r3, r3, #3
 2086 008e 9A42     		cmp	r2, r3
 2087 0090 23D9     		bls	.L133
1317:Drivers/STM32G0xx_HAL_Driver/Src/stm32g0xx_hal_spi.c ****   }
 2088              		.loc 1 1317 5 is_stmt 1 view .LVU608
 2089 0092 2268     		ldr	r2, [r4]
 2090 0094 5368     		ldr	r3, [r2, #4]
 2091 0096 6D49     		ldr	r1, .L170
 2092              	.LVL135:
1317:Drivers/STM32G0xx_HAL_Driver/Src/stm32g0xx_hal_spi.c ****   }
 2093              		.loc 1 1317 5 is_stmt 0 view .LVU609
 2094 0098 0B40     		ands	r3, r1
 2095 009a 5360     		str	r3, [r2, #4]
 2096              	.L134:
1326:Drivers/STM32G0xx_HAL_Driver/Src/stm32g0xx_hal_spi.c ****   {
 2097              		.loc 1 1326 3 is_stmt 1 view .LVU610
1326:Drivers/STM32G0xx_HAL_Driver/Src/stm32g0xx_hal_spi.c ****   {
 2098              		.loc 1 1326 12 is_stmt 0 view .LVU611
 2099 009c 2368     		ldr	r3, [r4]
1326:Drivers/STM32G0xx_HAL_Driver/Src/stm32g0xx_hal_spi.c ****   {
 2100              		.loc 1 1326 22 view .LVU612
 2101 009e 1A68     		ldr	r2, [r3]
1326:Drivers/STM32G0xx_HAL_Driver/Src/stm32g0xx_hal_spi.c ****   {
 2102              		.loc 1 1326 6 view .LVU613
 2103 00a0 5206     		lsls	r2, r2, #25
 2104 00a2 03D4     		bmi	.L135
1329:Drivers/STM32G0xx_HAL_Driver/Src/stm32g0xx_hal_spi.c ****   }
 2105              		.loc 1 1329 5 is_stmt 1 view .LVU614
 2106 00a4 1A68     		ldr	r2, [r3]
 2107 00a6 4021     		movs	r1, #64
 2108 00a8 0A43     		orrs	r2, r1
 2109 00aa 1A60     		str	r2, [r3]
 2110              	.L135:
1333:Drivers/STM32G0xx_HAL_Driver/Src/stm32g0xx_hal_spi.c ****   {
 2111              		.loc 1 1333 3 view .LVU615
1333:Drivers/STM32G0xx_HAL_Driver/Src/stm32g0xx_hal_spi.c ****   {
 2112              		.loc 1 1333 17 is_stmt 0 view .LVU616
 2113 00ac E268     		ldr	r2, [r4, #12]
1333:Drivers/STM32G0xx_HAL_Driver/Src/stm32g0xx_hal_spi.c ****   {
 2114              		.loc 1 1333 6 view .LVU617
 2115 00ae E023     		movs	r3, #224
 2116 00b0 DB00     		lsls	r3, r3, #3
 2117 00b2 9A42     		cmp	r2, r3
 2118 00b4 54D9     		bls	.L136
1335:Drivers/STM32G0xx_HAL_Driver/Src/stm32g0xx_hal_spi.c ****     {
 2119              		.loc 1 1335 5 is_stmt 1 view .LVU618
1335:Drivers/STM32G0xx_HAL_Driver/Src/stm32g0xx_hal_spi.c ****     {
 2120              		.loc 1 1335 20 is_stmt 0 view .LVU619
 2121 00b6 6368     		ldr	r3, [r4, #4]
1335:Drivers/STM32G0xx_HAL_Driver/Src/stm32g0xx_hal_spi.c ****     {
 2122              		.loc 1 1335 8 view .LVU620
 2123 00b8 002B     		cmp	r3, #0
 2124 00ba 01D0     		beq	.L137
1335:Drivers/STM32G0xx_HAL_Driver/Src/stm32g0xx_hal_spi.c ****     {
 2125              		.loc 1 1335 45 discriminator 1 view .LVU621
 2126 00bc 012E     		cmp	r6, #1
ARM GAS  C:\Users\sante\AppData\Local\Temp\cc1VgFnO.s 			page 123


 2127 00be 0AD1     		bne	.L138
 2128              	.L137:
1337:Drivers/STM32G0xx_HAL_Driver/Src/stm32g0xx_hal_spi.c ****       hspi->pTxBuffPtr += sizeof(uint16_t);
 2129              		.loc 1 1337 7 is_stmt 1 view .LVU622
1337:Drivers/STM32G0xx_HAL_Driver/Src/stm32g0xx_hal_spi.c ****       hspi->pTxBuffPtr += sizeof(uint16_t);
 2130              		.loc 1 1337 46 is_stmt 0 view .LVU623
 2131 00c0 A26B     		ldr	r2, [r4, #56]
1337:Drivers/STM32G0xx_HAL_Driver/Src/stm32g0xx_hal_spi.c ****       hspi->pTxBuffPtr += sizeof(uint16_t);
 2132              		.loc 1 1337 11 view .LVU624
 2133 00c2 2368     		ldr	r3, [r4]
1337:Drivers/STM32G0xx_HAL_Driver/Src/stm32g0xx_hal_spi.c ****       hspi->pTxBuffPtr += sizeof(uint16_t);
 2134              		.loc 1 1337 28 view .LVU625
 2135 00c4 1288     		ldrh	r2, [r2]
1337:Drivers/STM32G0xx_HAL_Driver/Src/stm32g0xx_hal_spi.c ****       hspi->pTxBuffPtr += sizeof(uint16_t);
 2136              		.loc 1 1337 26 view .LVU626
 2137 00c6 DA60     		str	r2, [r3, #12]
1338:Drivers/STM32G0xx_HAL_Driver/Src/stm32g0xx_hal_spi.c ****       hspi->TxXferCount--;
 2138              		.loc 1 1338 7 is_stmt 1 view .LVU627
1338:Drivers/STM32G0xx_HAL_Driver/Src/stm32g0xx_hal_spi.c ****       hspi->TxXferCount--;
 2139              		.loc 1 1338 11 is_stmt 0 view .LVU628
 2140 00c8 A36B     		ldr	r3, [r4, #56]
1338:Drivers/STM32G0xx_HAL_Driver/Src/stm32g0xx_hal_spi.c ****       hspi->TxXferCount--;
 2141              		.loc 1 1338 24 view .LVU629
 2142 00ca 0233     		adds	r3, r3, #2
 2143 00cc A363     		str	r3, [r4, #56]
1339:Drivers/STM32G0xx_HAL_Driver/Src/stm32g0xx_hal_spi.c **** 
 2144              		.loc 1 1339 7 is_stmt 1 view .LVU630
1339:Drivers/STM32G0xx_HAL_Driver/Src/stm32g0xx_hal_spi.c **** 
 2145              		.loc 1 1339 11 is_stmt 0 view .LVU631
 2146 00ce E38F     		ldrh	r3, [r4, #62]
1339:Drivers/STM32G0xx_HAL_Driver/Src/stm32g0xx_hal_spi.c **** 
 2147              		.loc 1 1339 24 view .LVU632
 2148 00d0 013B     		subs	r3, r3, #1
 2149 00d2 9BB2     		uxth	r3, r3
 2150 00d4 E387     		strh	r3, [r4, #62]
 2151              	.L138:
1387:Drivers/STM32G0xx_HAL_Driver/Src/stm32g0xx_hal_spi.c ****       }
 2152              		.loc 1 1387 19 view .LVU633
 2153 00d6 0126     		movs	r6, #1
 2154              	.LVL136:
1387:Drivers/STM32G0xx_HAL_Driver/Src/stm32g0xx_hal_spi.c ****       }
 2155              		.loc 1 1387 19 view .LVU634
 2156 00d8 2CE0     		b	.L141
 2157              	.LVL137:
 2158              	.L133:
1322:Drivers/STM32G0xx_HAL_Driver/Src/stm32g0xx_hal_spi.c ****   }
 2159              		.loc 1 1322 5 is_stmt 1 view .LVU635
 2160 00da 2268     		ldr	r2, [r4]
 2161 00dc 5168     		ldr	r1, [r2, #4]
 2162              	.LVL138:
1322:Drivers/STM32G0xx_HAL_Driver/Src/stm32g0xx_hal_spi.c ****   }
 2163              		.loc 1 1322 5 is_stmt 0 view .LVU636
 2164 00de 8023     		movs	r3, #128
 2165 00e0 5B01     		lsls	r3, r3, #5
 2166 00e2 0B43     		orrs	r3, r1
 2167 00e4 5360     		str	r3, [r2, #4]
 2168 00e6 D9E7     		b	.L134
ARM GAS  C:\Users\sante\AppData\Local\Temp\cc1VgFnO.s 			page 124


 2169              	.LVL139:
 2170              	.L169:
1360:Drivers/STM32G0xx_HAL_Driver/Src/stm32g0xx_hal_spi.c ****         hspi->pTxBuffPtr += sizeof(uint16_t);
 2171              		.loc 1 1360 9 is_stmt 1 view .LVU637
1360:Drivers/STM32G0xx_HAL_Driver/Src/stm32g0xx_hal_spi.c ****         hspi->pTxBuffPtr += sizeof(uint16_t);
 2172              		.loc 1 1360 48 is_stmt 0 view .LVU638
 2173 00e8 A36B     		ldr	r3, [r4, #56]
1360:Drivers/STM32G0xx_HAL_Driver/Src/stm32g0xx_hal_spi.c ****         hspi->pTxBuffPtr += sizeof(uint16_t);
 2174              		.loc 1 1360 30 view .LVU639
 2175 00ea 1B88     		ldrh	r3, [r3]
1360:Drivers/STM32G0xx_HAL_Driver/Src/stm32g0xx_hal_spi.c ****         hspi->pTxBuffPtr += sizeof(uint16_t);
 2176              		.loc 1 1360 28 view .LVU640
 2177 00ec D360     		str	r3, [r2, #12]
1361:Drivers/STM32G0xx_HAL_Driver/Src/stm32g0xx_hal_spi.c ****         hspi->TxXferCount--;
 2178              		.loc 1 1361 9 is_stmt 1 view .LVU641
1361:Drivers/STM32G0xx_HAL_Driver/Src/stm32g0xx_hal_spi.c ****         hspi->TxXferCount--;
 2179              		.loc 1 1361 13 is_stmt 0 view .LVU642
 2180 00ee A36B     		ldr	r3, [r4, #56]
1361:Drivers/STM32G0xx_HAL_Driver/Src/stm32g0xx_hal_spi.c ****         hspi->TxXferCount--;
 2181              		.loc 1 1361 26 view .LVU643
 2182 00f0 0233     		adds	r3, r3, #2
 2183 00f2 A363     		str	r3, [r4, #56]
1362:Drivers/STM32G0xx_HAL_Driver/Src/stm32g0xx_hal_spi.c ****         /* Next Data is a reception (Rx). Tx not allowed */
 2184              		.loc 1 1362 9 is_stmt 1 view .LVU644
1362:Drivers/STM32G0xx_HAL_Driver/Src/stm32g0xx_hal_spi.c ****         /* Next Data is a reception (Rx). Tx not allowed */
 2185              		.loc 1 1362 13 is_stmt 0 view .LVU645
 2186 00f4 E38F     		ldrh	r3, [r4, #62]
1362:Drivers/STM32G0xx_HAL_Driver/Src/stm32g0xx_hal_spi.c ****         /* Next Data is a reception (Rx). Tx not allowed */
 2187              		.loc 1 1362 26 view .LVU646
 2188 00f6 013B     		subs	r3, r3, #1
 2189 00f8 9BB2     		uxth	r3, r3
 2190 00fa E387     		strh	r3, [r4, #62]
1364:Drivers/STM32G0xx_HAL_Driver/Src/stm32g0xx_hal_spi.c **** 
 2191              		.loc 1 1364 9 is_stmt 1 view .LVU647
 2192              	.LVL140:
1364:Drivers/STM32G0xx_HAL_Driver/Src/stm32g0xx_hal_spi.c **** 
 2193              		.loc 1 1364 19 is_stmt 0 view .LVU648
 2194 00fc 0026     		movs	r6, #0
 2195              	.LVL141:
 2196              	.L139:
1381:Drivers/STM32G0xx_HAL_Driver/Src/stm32g0xx_hal_spi.c ****       {
 2197              		.loc 1 1381 7 is_stmt 1 view .LVU649
1381:Drivers/STM32G0xx_HAL_Driver/Src/stm32g0xx_hal_spi.c ****       {
 2198              		.loc 1 1381 12 is_stmt 0 view .LVU650
 2199 00fe 2268     		ldr	r2, [r4]
 2200 0100 9368     		ldr	r3, [r2, #8]
1381:Drivers/STM32G0xx_HAL_Driver/Src/stm32g0xx_hal_spi.c ****       {
 2201              		.loc 1 1381 10 view .LVU651
 2202 0102 DB07     		lsls	r3, r3, #31
 2203 0104 0FD5     		bpl	.L140
1381:Drivers/STM32G0xx_HAL_Driver/Src/stm32g0xx_hal_spi.c ****       {
 2204              		.loc 1 1381 61 discriminator 1 view .LVU652
 2205 0106 4623     		movs	r3, #70
 2206 0108 E35A     		ldrh	r3, [r4, r3]
1381:Drivers/STM32G0xx_HAL_Driver/Src/stm32g0xx_hal_spi.c ****       {
 2207              		.loc 1 1381 53 discriminator 1 view .LVU653
 2208 010a 002B     		cmp	r3, #0
ARM GAS  C:\Users\sante\AppData\Local\Temp\cc1VgFnO.s 			page 125


 2209 010c 0BD0     		beq	.L140
1383:Drivers/STM32G0xx_HAL_Driver/Src/stm32g0xx_hal_spi.c ****         hspi->pRxBuffPtr += sizeof(uint16_t);
 2210              		.loc 1 1383 9 is_stmt 1 view .LVU654
1383:Drivers/STM32G0xx_HAL_Driver/Src/stm32g0xx_hal_spi.c ****         hspi->pRxBuffPtr += sizeof(uint16_t);
 2211              		.loc 1 1383 67 is_stmt 0 view .LVU655
 2212 010e D268     		ldr	r2, [r2, #12]
1383:Drivers/STM32G0xx_HAL_Driver/Src/stm32g0xx_hal_spi.c ****         hspi->pRxBuffPtr += sizeof(uint16_t);
 2213              		.loc 1 1383 27 view .LVU656
 2214 0110 236C     		ldr	r3, [r4, #64]
1383:Drivers/STM32G0xx_HAL_Driver/Src/stm32g0xx_hal_spi.c ****         hspi->pRxBuffPtr += sizeof(uint16_t);
 2215              		.loc 1 1383 41 view .LVU657
 2216 0112 1A80     		strh	r2, [r3]
1384:Drivers/STM32G0xx_HAL_Driver/Src/stm32g0xx_hal_spi.c ****         hspi->RxXferCount--;
 2217              		.loc 1 1384 9 is_stmt 1 view .LVU658
1384:Drivers/STM32G0xx_HAL_Driver/Src/stm32g0xx_hal_spi.c ****         hspi->RxXferCount--;
 2218              		.loc 1 1384 13 is_stmt 0 view .LVU659
 2219 0114 236C     		ldr	r3, [r4, #64]
1384:Drivers/STM32G0xx_HAL_Driver/Src/stm32g0xx_hal_spi.c ****         hspi->RxXferCount--;
 2220              		.loc 1 1384 26 view .LVU660
 2221 0116 0233     		adds	r3, r3, #2
 2222 0118 2364     		str	r3, [r4, #64]
1385:Drivers/STM32G0xx_HAL_Driver/Src/stm32g0xx_hal_spi.c ****         /* Next Data is a Transmission (Tx). Tx is allowed */
 2223              		.loc 1 1385 9 is_stmt 1 view .LVU661
1385:Drivers/STM32G0xx_HAL_Driver/Src/stm32g0xx_hal_spi.c ****         /* Next Data is a Transmission (Tx). Tx is allowed */
 2224              		.loc 1 1385 13 is_stmt 0 view .LVU662
 2225 011a 4622     		movs	r2, #70
 2226 011c A35A     		ldrh	r3, [r4, r2]
1385:Drivers/STM32G0xx_HAL_Driver/Src/stm32g0xx_hal_spi.c ****         /* Next Data is a Transmission (Tx). Tx is allowed */
 2227              		.loc 1 1385 26 view .LVU663
 2228 011e 013B     		subs	r3, r3, #1
 2229 0120 9BB2     		uxth	r3, r3
 2230 0122 A352     		strh	r3, [r4, r2]
1387:Drivers/STM32G0xx_HAL_Driver/Src/stm32g0xx_hal_spi.c ****       }
 2231              		.loc 1 1387 9 is_stmt 1 view .LVU664
 2232              	.LVL142:
1387:Drivers/STM32G0xx_HAL_Driver/Src/stm32g0xx_hal_spi.c ****       }
 2233              		.loc 1 1387 19 is_stmt 0 view .LVU665
 2234 0124 0126     		movs	r6, #1
 2235              	.LVL143:
 2236              	.L140:
1389:Drivers/STM32G0xx_HAL_Driver/Src/stm32g0xx_hal_spi.c ****       {
 2237              		.loc 1 1389 7 is_stmt 1 view .LVU666
1389:Drivers/STM32G0xx_HAL_Driver/Src/stm32g0xx_hal_spi.c ****       {
 2238              		.loc 1 1389 13 is_stmt 0 view .LVU667
 2239 0126 FFF7FEFF 		bl	HAL_GetTick
 2240              	.LVL144:
1389:Drivers/STM32G0xx_HAL_Driver/Src/stm32g0xx_hal_spi.c ****       {
 2241              		.loc 1 1389 27 discriminator 1 view .LVU668
 2242 012a C01B     		subs	r0, r0, r7
1389:Drivers/STM32G0xx_HAL_Driver/Src/stm32g0xx_hal_spi.c ****       {
 2243              		.loc 1 1389 10 discriminator 1 view .LVU669
 2244 012c A842     		cmp	r0, r5
 2245 012e 01D3     		bcc	.L141
1389:Drivers/STM32G0xx_HAL_Driver/Src/stm32g0xx_hal_spi.c ****       {
 2246              		.loc 1 1389 53 discriminator 1 view .LVU670
 2247 0130 6B1C     		adds	r3, r5, #1
 2248 0132 10D1     		bne	.L168
ARM GAS  C:\Users\sante\AppData\Local\Temp\cc1VgFnO.s 			page 126


 2249              	.LVL145:
 2250              	.L141:
1355:Drivers/STM32G0xx_HAL_Driver/Src/stm32g0xx_hal_spi.c ****     {
 2251              		.loc 1 1355 37 is_stmt 1 view .LVU671
1355:Drivers/STM32G0xx_HAL_Driver/Src/stm32g0xx_hal_spi.c ****     {
 2252              		.loc 1 1355 17 is_stmt 0 view .LVU672
 2253 0134 E38F     		ldrh	r3, [r4, #62]
1355:Drivers/STM32G0xx_HAL_Driver/Src/stm32g0xx_hal_spi.c ****     {
 2254              		.loc 1 1355 37 view .LVU673
 2255 0136 002B     		cmp	r3, #0
 2256 0138 03D1     		bne	.L142
1355:Drivers/STM32G0xx_HAL_Driver/Src/stm32g0xx_hal_spi.c ****     {
 2257              		.loc 1 1355 45 discriminator 1 view .LVU674
 2258 013a 4633     		adds	r3, r3, #70
 2259 013c E35A     		ldrh	r3, [r4, r3]
1355:Drivers/STM32G0xx_HAL_Driver/Src/stm32g0xx_hal_spi.c ****     {
 2260              		.loc 1 1355 37 discriminator 1 view .LVU675
 2261 013e 002B     		cmp	r3, #0
 2262 0140 5ED0     		beq	.L143
 2263              	.L142:
1358:Drivers/STM32G0xx_HAL_Driver/Src/stm32g0xx_hal_spi.c ****       {
 2264              		.loc 1 1358 7 is_stmt 1 view .LVU676
1358:Drivers/STM32G0xx_HAL_Driver/Src/stm32g0xx_hal_spi.c ****       {
 2265              		.loc 1 1358 12 is_stmt 0 view .LVU677
 2266 0142 2268     		ldr	r2, [r4]
 2267 0144 9368     		ldr	r3, [r2, #8]
1358:Drivers/STM32G0xx_HAL_Driver/Src/stm32g0xx_hal_spi.c ****       {
 2268              		.loc 1 1358 10 view .LVU678
 2269 0146 9B07     		lsls	r3, r3, #30
 2270 0148 D9D5     		bpl	.L139
1358:Drivers/STM32G0xx_HAL_Driver/Src/stm32g0xx_hal_spi.c ****       {
 2271              		.loc 1 1358 60 discriminator 1 view .LVU679
 2272 014a E38F     		ldrh	r3, [r4, #62]
1358:Drivers/STM32G0xx_HAL_Driver/Src/stm32g0xx_hal_spi.c ****       {
 2273              		.loc 1 1358 52 discriminator 1 view .LVU680
 2274 014c 002B     		cmp	r3, #0
 2275 014e D6D0     		beq	.L139
1358:Drivers/STM32G0xx_HAL_Driver/Src/stm32g0xx_hal_spi.c ****       {
 2276              		.loc 1 1358 80 discriminator 2 view .LVU681
 2277 0150 012E     		cmp	r6, #1
 2278 0152 D4D1     		bne	.L139
 2279 0154 C8E7     		b	.L169
 2280              	.L168:
1391:Drivers/STM32G0xx_HAL_Driver/Src/stm32g0xx_hal_spi.c ****         hspi->State = HAL_SPI_STATE_READY;
 2281              		.loc 1 1391 9 is_stmt 1 view .LVU682
 2282              	.LVL146:
1392:Drivers/STM32G0xx_HAL_Driver/Src/stm32g0xx_hal_spi.c ****         goto error;
 2283              		.loc 1 1392 9 view .LVU683
1392:Drivers/STM32G0xx_HAL_Driver/Src/stm32g0xx_hal_spi.c ****         goto error;
 2284              		.loc 1 1392 21 is_stmt 0 view .LVU684
 2285 0156 5D23     		movs	r3, #93
 2286 0158 0122     		movs	r2, #1
 2287 015a E254     		strb	r2, [r4, r3]
1393:Drivers/STM32G0xx_HAL_Driver/Src/stm32g0xx_hal_spi.c ****       }
 2288              		.loc 1 1393 9 is_stmt 1 view .LVU685
1391:Drivers/STM32G0xx_HAL_Driver/Src/stm32g0xx_hal_spi.c ****         hspi->State = HAL_SPI_STATE_READY;
 2289              		.loc 1 1391 19 is_stmt 0 view .LVU686
ARM GAS  C:\Users\sante\AppData\Local\Temp\cc1VgFnO.s 			page 127


 2290 015c 0320     		movs	r0, #3
1393:Drivers/STM32G0xx_HAL_Driver/Src/stm32g0xx_hal_spi.c ****       }
 2291              		.loc 1 1393 9 view .LVU687
 2292 015e 61E0     		b	.L131
 2293              	.LVL147:
 2294              	.L136:
1400:Drivers/STM32G0xx_HAL_Driver/Src/stm32g0xx_hal_spi.c ****     {
 2295              		.loc 1 1400 5 is_stmt 1 view .LVU688
1400:Drivers/STM32G0xx_HAL_Driver/Src/stm32g0xx_hal_spi.c ****     {
 2296              		.loc 1 1400 20 is_stmt 0 view .LVU689
 2297 0160 6368     		ldr	r3, [r4, #4]
1400:Drivers/STM32G0xx_HAL_Driver/Src/stm32g0xx_hal_spi.c ****     {
 2298              		.loc 1 1400 8 view .LVU690
 2299 0162 002B     		cmp	r3, #0
 2300 0164 01D0     		beq	.L144
1400:Drivers/STM32G0xx_HAL_Driver/Src/stm32g0xx_hal_spi.c ****     {
 2301              		.loc 1 1400 45 discriminator 1 view .LVU691
 2302 0166 012E     		cmp	r6, #1
 2303 0168 0AD1     		bne	.L145
 2304              	.L144:
1402:Drivers/STM32G0xx_HAL_Driver/Src/stm32g0xx_hal_spi.c ****       hspi->pTxBuffPtr += sizeof(uint8_t);
 2305              		.loc 1 1402 7 is_stmt 1 view .LVU692
1402:Drivers/STM32G0xx_HAL_Driver/Src/stm32g0xx_hal_spi.c ****       hspi->pTxBuffPtr += sizeof(uint8_t);
 2306              		.loc 1 1402 54 is_stmt 0 view .LVU693
 2307 016a A26B     		ldr	r2, [r4, #56]
1402:Drivers/STM32G0xx_HAL_Driver/Src/stm32g0xx_hal_spi.c ****       hspi->pTxBuffPtr += sizeof(uint8_t);
 2308              		.loc 1 1402 30 view .LVU694
 2309 016c 2368     		ldr	r3, [r4]
1402:Drivers/STM32G0xx_HAL_Driver/Src/stm32g0xx_hal_spi.c ****       hspi->pTxBuffPtr += sizeof(uint8_t);
 2310              		.loc 1 1402 49 view .LVU695
 2311 016e 1278     		ldrb	r2, [r2]
1402:Drivers/STM32G0xx_HAL_Driver/Src/stm32g0xx_hal_spi.c ****       hspi->pTxBuffPtr += sizeof(uint8_t);
 2312              		.loc 1 1402 46 view .LVU696
 2313 0170 1A73     		strb	r2, [r3, #12]
1403:Drivers/STM32G0xx_HAL_Driver/Src/stm32g0xx_hal_spi.c ****       hspi->TxXferCount--;
 2314              		.loc 1 1403 7 is_stmt 1 view .LVU697
1403:Drivers/STM32G0xx_HAL_Driver/Src/stm32g0xx_hal_spi.c ****       hspi->TxXferCount--;
 2315              		.loc 1 1403 11 is_stmt 0 view .LVU698
 2316 0172 A36B     		ldr	r3, [r4, #56]
1403:Drivers/STM32G0xx_HAL_Driver/Src/stm32g0xx_hal_spi.c ****       hspi->TxXferCount--;
 2317              		.loc 1 1403 24 view .LVU699
 2318 0174 0133     		adds	r3, r3, #1
 2319 0176 A363     		str	r3, [r4, #56]
1404:Drivers/STM32G0xx_HAL_Driver/Src/stm32g0xx_hal_spi.c **** 
 2320              		.loc 1 1404 7 is_stmt 1 view .LVU700
1404:Drivers/STM32G0xx_HAL_Driver/Src/stm32g0xx_hal_spi.c **** 
 2321              		.loc 1 1404 11 is_stmt 0 view .LVU701
 2322 0178 E38F     		ldrh	r3, [r4, #62]
1404:Drivers/STM32G0xx_HAL_Driver/Src/stm32g0xx_hal_spi.c **** 
 2323              		.loc 1 1404 24 view .LVU702
 2324 017a 013B     		subs	r3, r3, #1
 2325 017c 9BB2     		uxth	r3, r3
 2326 017e E387     		strh	r3, [r4, #62]
 2327              	.L145:
1451:Drivers/STM32G0xx_HAL_Driver/Src/stm32g0xx_hal_spi.c ****       }
 2328              		.loc 1 1451 19 view .LVU703
 2329 0180 0126     		movs	r6, #1
ARM GAS  C:\Users\sante\AppData\Local\Temp\cc1VgFnO.s 			page 128


 2330              	.LVL148:
1451:Drivers/STM32G0xx_HAL_Driver/Src/stm32g0xx_hal_spi.c ****       }
 2331              		.loc 1 1451 19 view .LVU704
 2332 0182 1CE0     		b	.L150
 2333              	.LVL149:
 2334              	.L146:
1445:Drivers/STM32G0xx_HAL_Driver/Src/stm32g0xx_hal_spi.c ****       {
 2335              		.loc 1 1445 7 is_stmt 1 view .LVU705
1445:Drivers/STM32G0xx_HAL_Driver/Src/stm32g0xx_hal_spi.c ****       {
 2336              		.loc 1 1445 12 is_stmt 0 view .LVU706
 2337 0184 2268     		ldr	r2, [r4]
 2338 0186 9368     		ldr	r3, [r2, #8]
1445:Drivers/STM32G0xx_HAL_Driver/Src/stm32g0xx_hal_spi.c ****       {
 2339              		.loc 1 1445 10 view .LVU707
 2340 0188 DB07     		lsls	r3, r3, #31
 2341 018a 0FD5     		bpl	.L147
1445:Drivers/STM32G0xx_HAL_Driver/Src/stm32g0xx_hal_spi.c ****       {
 2342              		.loc 1 1445 61 discriminator 1 view .LVU708
 2343 018c 4623     		movs	r3, #70
 2344 018e E35A     		ldrh	r3, [r4, r3]
1445:Drivers/STM32G0xx_HAL_Driver/Src/stm32g0xx_hal_spi.c ****       {
 2345              		.loc 1 1445 53 discriminator 1 view .LVU709
 2346 0190 002B     		cmp	r3, #0
 2347 0192 0BD0     		beq	.L147
1447:Drivers/STM32G0xx_HAL_Driver/Src/stm32g0xx_hal_spi.c ****         hspi->pRxBuffPtr++;
 2348              		.loc 1 1447 9 is_stmt 1 view .LVU710
1447:Drivers/STM32G0xx_HAL_Driver/Src/stm32g0xx_hal_spi.c ****         hspi->pRxBuffPtr++;
 2349              		.loc 1 1447 26 is_stmt 0 view .LVU711
 2350 0194 236C     		ldr	r3, [r4, #64]
1447:Drivers/STM32G0xx_HAL_Driver/Src/stm32g0xx_hal_spi.c ****         hspi->pRxBuffPtr++;
 2351              		.loc 1 1447 42 view .LVU712
 2352 0196 127B     		ldrb	r2, [r2, #12]
1447:Drivers/STM32G0xx_HAL_Driver/Src/stm32g0xx_hal_spi.c ****         hspi->pRxBuffPtr++;
 2353              		.loc 1 1447 40 view .LVU713
 2354 0198 1A70     		strb	r2, [r3]
1448:Drivers/STM32G0xx_HAL_Driver/Src/stm32g0xx_hal_spi.c ****         hspi->RxXferCount--;
 2355              		.loc 1 1448 9 is_stmt 1 view .LVU714
1448:Drivers/STM32G0xx_HAL_Driver/Src/stm32g0xx_hal_spi.c ****         hspi->RxXferCount--;
 2356              		.loc 1 1448 13 is_stmt 0 view .LVU715
 2357 019a 236C     		ldr	r3, [r4, #64]
1448:Drivers/STM32G0xx_HAL_Driver/Src/stm32g0xx_hal_spi.c ****         hspi->RxXferCount--;
 2358              		.loc 1 1448 25 view .LVU716
 2359 019c 0133     		adds	r3, r3, #1
 2360 019e 2364     		str	r3, [r4, #64]
1449:Drivers/STM32G0xx_HAL_Driver/Src/stm32g0xx_hal_spi.c ****         /* Next Data is a Transmission (Tx). Tx is allowed */
 2361              		.loc 1 1449 9 is_stmt 1 view .LVU717
1449:Drivers/STM32G0xx_HAL_Driver/Src/stm32g0xx_hal_spi.c ****         /* Next Data is a Transmission (Tx). Tx is allowed */
 2362              		.loc 1 1449 13 is_stmt 0 view .LVU718
 2363 01a0 4622     		movs	r2, #70
 2364 01a2 A35A     		ldrh	r3, [r4, r2]
1449:Drivers/STM32G0xx_HAL_Driver/Src/stm32g0xx_hal_spi.c ****         /* Next Data is a Transmission (Tx). Tx is allowed */
 2365              		.loc 1 1449 26 view .LVU719
 2366 01a4 013B     		subs	r3, r3, #1
 2367 01a6 9BB2     		uxth	r3, r3
 2368 01a8 A352     		strh	r3, [r4, r2]
1451:Drivers/STM32G0xx_HAL_Driver/Src/stm32g0xx_hal_spi.c ****       }
 2369              		.loc 1 1451 9 is_stmt 1 view .LVU720
ARM GAS  C:\Users\sante\AppData\Local\Temp\cc1VgFnO.s 			page 129


 2370              	.LVL150:
1451:Drivers/STM32G0xx_HAL_Driver/Src/stm32g0xx_hal_spi.c ****       }
 2371              		.loc 1 1451 19 is_stmt 0 view .LVU721
 2372 01aa 0126     		movs	r6, #1
 2373              	.LVL151:
 2374              	.L147:
1453:Drivers/STM32G0xx_HAL_Driver/Src/stm32g0xx_hal_spi.c ****       {
 2375              		.loc 1 1453 7 is_stmt 1 view .LVU722
1453:Drivers/STM32G0xx_HAL_Driver/Src/stm32g0xx_hal_spi.c ****       {
 2376              		.loc 1 1453 14 is_stmt 0 view .LVU723
 2377 01ac FFF7FEFF 		bl	HAL_GetTick
 2378              	.LVL152:
1453:Drivers/STM32G0xx_HAL_Driver/Src/stm32g0xx_hal_spi.c ****       {
 2379              		.loc 1 1453 28 discriminator 1 view .LVU724
 2380 01b0 C01B     		subs	r0, r0, r7
1453:Drivers/STM32G0xx_HAL_Driver/Src/stm32g0xx_hal_spi.c ****       {
 2381              		.loc 1 1453 10 discriminator 1 view .LVU725
 2382 01b2 A842     		cmp	r0, r5
 2383 01b4 01D3     		bcc	.L148
1453:Drivers/STM32G0xx_HAL_Driver/Src/stm32g0xx_hal_spi.c ****       {
 2384              		.loc 1 1453 54 discriminator 1 view .LVU726
 2385 01b6 6B1C     		adds	r3, r5, #1
 2386 01b8 1DD1     		bne	.L149
 2387              	.L148:
1453:Drivers/STM32G0xx_HAL_Driver/Src/stm32g0xx_hal_spi.c ****       {
 2388              		.loc 1 1453 87 discriminator 3 view .LVU727
 2389 01ba 002D     		cmp	r5, #0
 2390 01bc 1BD0     		beq	.L149
 2391              	.LVL153:
 2392              	.L150:
1419:Drivers/STM32G0xx_HAL_Driver/Src/stm32g0xx_hal_spi.c ****     {
 2393              		.loc 1 1419 37 is_stmt 1 view .LVU728
1419:Drivers/STM32G0xx_HAL_Driver/Src/stm32g0xx_hal_spi.c ****     {
 2394              		.loc 1 1419 17 is_stmt 0 view .LVU729
 2395 01be E38F     		ldrh	r3, [r4, #62]
1419:Drivers/STM32G0xx_HAL_Driver/Src/stm32g0xx_hal_spi.c ****     {
 2396              		.loc 1 1419 37 view .LVU730
 2397 01c0 002B     		cmp	r3, #0
 2398 01c2 03D1     		bne	.L151
1419:Drivers/STM32G0xx_HAL_Driver/Src/stm32g0xx_hal_spi.c ****     {
 2399              		.loc 1 1419 45 discriminator 1 view .LVU731
 2400 01c4 4633     		adds	r3, r3, #70
 2401 01c6 E35A     		ldrh	r3, [r4, r3]
1419:Drivers/STM32G0xx_HAL_Driver/Src/stm32g0xx_hal_spi.c ****     {
 2402              		.loc 1 1419 37 discriminator 1 view .LVU732
 2403 01c8 002B     		cmp	r3, #0
 2404 01ca 19D0     		beq	.L143
 2405              	.L151:
1422:Drivers/STM32G0xx_HAL_Driver/Src/stm32g0xx_hal_spi.c ****       {
 2406              		.loc 1 1422 7 is_stmt 1 view .LVU733
1422:Drivers/STM32G0xx_HAL_Driver/Src/stm32g0xx_hal_spi.c ****       {
 2407              		.loc 1 1422 12 is_stmt 0 view .LVU734
 2408 01cc 2268     		ldr	r2, [r4]
 2409 01ce 9368     		ldr	r3, [r2, #8]
1422:Drivers/STM32G0xx_HAL_Driver/Src/stm32g0xx_hal_spi.c ****       {
 2410              		.loc 1 1422 10 view .LVU735
 2411 01d0 9B07     		lsls	r3, r3, #30
ARM GAS  C:\Users\sante\AppData\Local\Temp\cc1VgFnO.s 			page 130


 2412 01d2 D7D5     		bpl	.L146
1422:Drivers/STM32G0xx_HAL_Driver/Src/stm32g0xx_hal_spi.c ****       {
 2413              		.loc 1 1422 60 discriminator 1 view .LVU736
 2414 01d4 E38F     		ldrh	r3, [r4, #62]
1422:Drivers/STM32G0xx_HAL_Driver/Src/stm32g0xx_hal_spi.c ****       {
 2415              		.loc 1 1422 52 discriminator 1 view .LVU737
 2416 01d6 002B     		cmp	r3, #0
 2417 01d8 D4D0     		beq	.L146
1422:Drivers/STM32G0xx_HAL_Driver/Src/stm32g0xx_hal_spi.c ****       {
 2418              		.loc 1 1422 80 discriminator 2 view .LVU738
 2419 01da 012E     		cmp	r6, #1
 2420 01dc D2D1     		bne	.L146
1424:Drivers/STM32G0xx_HAL_Driver/Src/stm32g0xx_hal_spi.c ****         hspi->pTxBuffPtr++;
 2421              		.loc 1 1424 9 is_stmt 1 view .LVU739
1424:Drivers/STM32G0xx_HAL_Driver/Src/stm32g0xx_hal_spi.c ****         hspi->pTxBuffPtr++;
 2422              		.loc 1 1424 54 is_stmt 0 view .LVU740
 2423 01de A36B     		ldr	r3, [r4, #56]
1424:Drivers/STM32G0xx_HAL_Driver/Src/stm32g0xx_hal_spi.c ****         hspi->pTxBuffPtr++;
 2424              		.loc 1 1424 49 view .LVU741
 2425 01e0 1B78     		ldrb	r3, [r3]
1424:Drivers/STM32G0xx_HAL_Driver/Src/stm32g0xx_hal_spi.c ****         hspi->pTxBuffPtr++;
 2426              		.loc 1 1424 46 view .LVU742
 2427 01e2 1373     		strb	r3, [r2, #12]
1425:Drivers/STM32G0xx_HAL_Driver/Src/stm32g0xx_hal_spi.c ****         hspi->TxXferCount--;
 2428              		.loc 1 1425 9 is_stmt 1 view .LVU743
1425:Drivers/STM32G0xx_HAL_Driver/Src/stm32g0xx_hal_spi.c ****         hspi->TxXferCount--;
 2429              		.loc 1 1425 13 is_stmt 0 view .LVU744
 2430 01e4 A36B     		ldr	r3, [r4, #56]
1425:Drivers/STM32G0xx_HAL_Driver/Src/stm32g0xx_hal_spi.c ****         hspi->TxXferCount--;
 2431              		.loc 1 1425 25 view .LVU745
 2432 01e6 0133     		adds	r3, r3, #1
 2433 01e8 A363     		str	r3, [r4, #56]
1426:Drivers/STM32G0xx_HAL_Driver/Src/stm32g0xx_hal_spi.c ****         /* Next Data is a reception (Rx). Tx not allowed */
 2434              		.loc 1 1426 9 is_stmt 1 view .LVU746
1426:Drivers/STM32G0xx_HAL_Driver/Src/stm32g0xx_hal_spi.c ****         /* Next Data is a reception (Rx). Tx not allowed */
 2435              		.loc 1 1426 13 is_stmt 0 view .LVU747
 2436 01ea E38F     		ldrh	r3, [r4, #62]
1426:Drivers/STM32G0xx_HAL_Driver/Src/stm32g0xx_hal_spi.c ****         /* Next Data is a reception (Rx). Tx not allowed */
 2437              		.loc 1 1426 26 view .LVU748
 2438 01ec 013B     		subs	r3, r3, #1
 2439 01ee 9BB2     		uxth	r3, r3
 2440 01f0 E387     		strh	r3, [r4, #62]
1428:Drivers/STM32G0xx_HAL_Driver/Src/stm32g0xx_hal_spi.c **** 
 2441              		.loc 1 1428 9 is_stmt 1 view .LVU749
 2442              	.LVL154:
1428:Drivers/STM32G0xx_HAL_Driver/Src/stm32g0xx_hal_spi.c **** 
 2443              		.loc 1 1428 19 is_stmt 0 view .LVU750
 2444 01f2 0026     		movs	r6, #0
 2445 01f4 C6E7     		b	.L146
 2446              	.LVL155:
 2447              	.L149:
1455:Drivers/STM32G0xx_HAL_Driver/Src/stm32g0xx_hal_spi.c ****         hspi->State = HAL_SPI_STATE_READY;
 2448              		.loc 1 1455 9 is_stmt 1 view .LVU751
1456:Drivers/STM32G0xx_HAL_Driver/Src/stm32g0xx_hal_spi.c ****         goto error;
 2449              		.loc 1 1456 9 view .LVU752
1456:Drivers/STM32G0xx_HAL_Driver/Src/stm32g0xx_hal_spi.c ****         goto error;
 2450              		.loc 1 1456 21 is_stmt 0 view .LVU753
ARM GAS  C:\Users\sante\AppData\Local\Temp\cc1VgFnO.s 			page 131


 2451 01f6 5D23     		movs	r3, #93
 2452 01f8 0122     		movs	r2, #1
 2453 01fa E254     		strb	r2, [r4, r3]
1457:Drivers/STM32G0xx_HAL_Driver/Src/stm32g0xx_hal_spi.c ****       }
 2454              		.loc 1 1457 9 is_stmt 1 view .LVU754
1455:Drivers/STM32G0xx_HAL_Driver/Src/stm32g0xx_hal_spi.c ****         hspi->State = HAL_SPI_STATE_READY;
 2455              		.loc 1 1455 19 is_stmt 0 view .LVU755
 2456 01fc 0320     		movs	r0, #3
1457:Drivers/STM32G0xx_HAL_Driver/Src/stm32g0xx_hal_spi.c ****       }
 2457              		.loc 1 1457 9 view .LVU756
 2458 01fe 11E0     		b	.L131
 2459              	.LVL156:
 2460              	.L143:
1520:Drivers/STM32G0xx_HAL_Driver/Src/stm32g0xx_hal_spi.c ****   {
 2461              		.loc 1 1520 3 is_stmt 1 view .LVU757
1520:Drivers/STM32G0xx_HAL_Driver/Src/stm32g0xx_hal_spi.c ****   {
 2462              		.loc 1 1520 7 is_stmt 0 view .LVU758
 2463 0200 3A00     		movs	r2, r7
 2464 0202 2900     		movs	r1, r5
 2465 0204 2000     		movs	r0, r4
 2466 0206 FFF7FEFF 		bl	SPI_EndRxTxTransaction
 2467              	.LVL157:
1520:Drivers/STM32G0xx_HAL_Driver/Src/stm32g0xx_hal_spi.c ****   {
 2468              		.loc 1 1520 6 discriminator 1 view .LVU759
 2469 020a 0028     		cmp	r0, #0
 2470 020c 02D0     		beq	.L152
1522:Drivers/STM32G0xx_HAL_Driver/Src/stm32g0xx_hal_spi.c ****     hspi->ErrorCode = HAL_SPI_ERROR_FLAG;
 2471              		.loc 1 1522 5 is_stmt 1 view .LVU760
 2472              	.LVL158:
1523:Drivers/STM32G0xx_HAL_Driver/Src/stm32g0xx_hal_spi.c ****   }
 2473              		.loc 1 1523 5 view .LVU761
1523:Drivers/STM32G0xx_HAL_Driver/Src/stm32g0xx_hal_spi.c ****   }
 2474              		.loc 1 1523 21 is_stmt 0 view .LVU762
 2475 020e 2023     		movs	r3, #32
 2476 0210 2366     		str	r3, [r4, #96]
1522:Drivers/STM32G0xx_HAL_Driver/Src/stm32g0xx_hal_spi.c ****     hspi->ErrorCode = HAL_SPI_ERROR_FLAG;
 2477              		.loc 1 1522 15 view .LVU763
 2478 0212 0120     		movs	r0, #1
 2479              	.LVL159:
 2480              	.L152:
1526:Drivers/STM32G0xx_HAL_Driver/Src/stm32g0xx_hal_spi.c ****   {
 2481              		.loc 1 1526 3 is_stmt 1 view .LVU764
1526:Drivers/STM32G0xx_HAL_Driver/Src/stm32g0xx_hal_spi.c ****   {
 2482              		.loc 1 1526 11 is_stmt 0 view .LVU765
 2483 0214 236E     		ldr	r3, [r4, #96]
1526:Drivers/STM32G0xx_HAL_Driver/Src/stm32g0xx_hal_spi.c ****   {
 2484              		.loc 1 1526 6 view .LVU766
 2485 0216 002B     		cmp	r3, #0
 2486 0218 13D1     		bne	.L160
1532:Drivers/STM32G0xx_HAL_Driver/Src/stm32g0xx_hal_spi.c ****   }
 2487              		.loc 1 1532 5 is_stmt 1 view .LVU767
1532:Drivers/STM32G0xx_HAL_Driver/Src/stm32g0xx_hal_spi.c ****   }
 2488              		.loc 1 1532 17 is_stmt 0 view .LVU768
 2489 021a 5D33     		adds	r3, r3, #93
 2490 021c 0122     		movs	r2, #1
 2491 021e E254     		strb	r2, [r4, r3]
 2492 0220 00E0     		b	.L131
ARM GAS  C:\Users\sante\AppData\Local\Temp\cc1VgFnO.s 			page 132


 2493              	.LVL160:
 2494              	.L154:
1276:Drivers/STM32G0xx_HAL_Driver/Src/stm32g0xx_hal_spi.c ****     goto error;
 2495              		.loc 1 1276 15 view .LVU769
 2496 0222 0220     		movs	r0, #2
 2497              	.LVL161:
 2498              	.L131:
1536:Drivers/STM32G0xx_HAL_Driver/Src/stm32g0xx_hal_spi.c ****   return errorcode;
 2499              		.loc 1 1536 3 is_stmt 1 view .LVU770
1536:Drivers/STM32G0xx_HAL_Driver/Src/stm32g0xx_hal_spi.c ****   return errorcode;
 2500              		.loc 1 1536 3 view .LVU771
 2501 0224 5C23     		movs	r3, #92
 2502 0226 0022     		movs	r2, #0
 2503 0228 E254     		strb	r2, [r4, r3]
1536:Drivers/STM32G0xx_HAL_Driver/Src/stm32g0xx_hal_spi.c ****   return errorcode;
 2504              		.loc 1 1536 3 view .LVU772
1537:Drivers/STM32G0xx_HAL_Driver/Src/stm32g0xx_hal_spi.c **** }
 2505              		.loc 1 1537 3 view .LVU773
 2506              	.LVL162:
 2507              	.L129:
1538:Drivers/STM32G0xx_HAL_Driver/Src/stm32g0xx_hal_spi.c **** 
 2508              		.loc 1 1538 1 is_stmt 0 view .LVU774
 2509 022a 03B0     		add	sp, sp, #12
 2510              	.LVL163:
1538:Drivers/STM32G0xx_HAL_Driver/Src/stm32g0xx_hal_spi.c **** 
 2511              		.loc 1 1538 1 view .LVU775
 2512              		@ sp needed
 2513              	.LVL164:
1538:Drivers/STM32G0xx_HAL_Driver/Src/stm32g0xx_hal_spi.c **** 
 2514              		.loc 1 1538 1 view .LVU776
 2515 022c F0BD     		pop	{r4, r5, r6, r7, pc}
 2516              	.LVL165:
 2517              	.L155:
1276:Drivers/STM32G0xx_HAL_Driver/Src/stm32g0xx_hal_spi.c ****     goto error;
 2518              		.loc 1 1276 15 view .LVU777
 2519 022e 0220     		movs	r0, #2
 2520              	.LVL166:
1276:Drivers/STM32G0xx_HAL_Driver/Src/stm32g0xx_hal_spi.c ****     goto error;
 2521              		.loc 1 1276 15 view .LVU778
 2522 0230 F8E7     		b	.L131
 2523              	.LVL167:
 2524              	.L156:
1276:Drivers/STM32G0xx_HAL_Driver/Src/stm32g0xx_hal_spi.c ****     goto error;
 2525              		.loc 1 1276 15 view .LVU779
 2526 0232 0220     		movs	r0, #2
 2527              	.LVL168:
1276:Drivers/STM32G0xx_HAL_Driver/Src/stm32g0xx_hal_spi.c ****     goto error;
 2528              		.loc 1 1276 15 view .LVU780
 2529 0234 F6E7     		b	.L131
 2530              	.LVL169:
 2531              	.L157:
1282:Drivers/STM32G0xx_HAL_Driver/Src/stm32g0xx_hal_spi.c ****     goto error;
 2532              		.loc 1 1282 15 view .LVU781
 2533 0236 0120     		movs	r0, #1
 2534              	.LVL170:
1282:Drivers/STM32G0xx_HAL_Driver/Src/stm32g0xx_hal_spi.c ****     goto error;
 2535              		.loc 1 1282 15 view .LVU782
ARM GAS  C:\Users\sante\AppData\Local\Temp\cc1VgFnO.s 			page 133


 2536 0238 F4E7     		b	.L131
 2537              	.LVL171:
 2538              	.L158:
1282:Drivers/STM32G0xx_HAL_Driver/Src/stm32g0xx_hal_spi.c ****     goto error;
 2539              		.loc 1 1282 15 view .LVU783
 2540 023a 0120     		movs	r0, #1
 2541              	.LVL172:
1282:Drivers/STM32G0xx_HAL_Driver/Src/stm32g0xx_hal_spi.c ****     goto error;
 2542              		.loc 1 1282 15 view .LVU784
 2543 023c F2E7     		b	.L131
 2544              	.LVL173:
 2545              	.L159:
1282:Drivers/STM32G0xx_HAL_Driver/Src/stm32g0xx_hal_spi.c ****     goto error;
 2546              		.loc 1 1282 15 view .LVU785
 2547 023e 0120     		movs	r0, #1
 2548              	.LVL174:
1282:Drivers/STM32G0xx_HAL_Driver/Src/stm32g0xx_hal_spi.c ****     goto error;
 2549              		.loc 1 1282 15 view .LVU786
 2550 0240 F0E7     		b	.L131
 2551              	.LVL175:
 2552              	.L160:
1528:Drivers/STM32G0xx_HAL_Driver/Src/stm32g0xx_hal_spi.c ****   }
 2553              		.loc 1 1528 15 view .LVU787
 2554 0242 0120     		movs	r0, #1
 2555              	.LVL176:
1528:Drivers/STM32G0xx_HAL_Driver/Src/stm32g0xx_hal_spi.c ****   }
 2556              		.loc 1 1528 15 view .LVU788
 2557 0244 EEE7     		b	.L131
 2558              	.LVL177:
 2559              	.L153:
1259:Drivers/STM32G0xx_HAL_Driver/Src/stm32g0xx_hal_spi.c **** 
 2560              		.loc 1 1259 3 discriminator 1 view .LVU789
 2561 0246 0220     		movs	r0, #2
 2562              	.LVL178:
1259:Drivers/STM32G0xx_HAL_Driver/Src/stm32g0xx_hal_spi.c **** 
 2563              		.loc 1 1259 3 discriminator 1 view .LVU790
 2564 0248 EFE7     		b	.L129
 2565              	.L171:
 2566 024a C046     		.align	2
 2567              	.L170:
 2568 024c FFEFFFFF 		.word	-4097
 2569              		.cfi_endproc
 2570              	.LFE499:
 2572              		.section	.text.HAL_SPI_Receive,"ax",%progbits
 2573              		.align	1
 2574              		.global	HAL_SPI_Receive
 2575              		.syntax unified
 2576              		.code	16
 2577              		.thumb_func
 2579              	HAL_SPI_Receive:
 2580              	.LVL179:
 2581              	.LFB498:
 992:Drivers/STM32G0xx_HAL_Driver/Src/stm32g0xx_hal_spi.c **** #if (USE_SPI_CRC != 0U)
 2582              		.loc 1 992 1 is_stmt 1 view -0
 2583              		.cfi_startproc
 2584              		@ args = 0, pretend = 0, frame = 8
 2585              		@ frame_needed = 0, uses_anonymous_args = 0
ARM GAS  C:\Users\sante\AppData\Local\Temp\cc1VgFnO.s 			page 134


 992:Drivers/STM32G0xx_HAL_Driver/Src/stm32g0xx_hal_spi.c **** #if (USE_SPI_CRC != 0U)
 2586              		.loc 1 992 1 is_stmt 0 view .LVU792
 2587 0000 F0B5     		push	{r4, r5, r6, r7, lr}
 2588              		.cfi_def_cfa_offset 20
 2589              		.cfi_offset 4, -20
 2590              		.cfi_offset 5, -16
 2591              		.cfi_offset 6, -12
 2592              		.cfi_offset 7, -8
 2593              		.cfi_offset 14, -4
 2594 0002 CE46     		mov	lr, r9
 2595 0004 00B5     		push	{lr}
 2596              		.cfi_def_cfa_offset 24
 2597              		.cfi_offset 9, -24
 2598 0006 84B0     		sub	sp, sp, #16
 2599              		.cfi_def_cfa_offset 40
 2600 0008 0400     		movs	r4, r0
 2601 000a 0391     		str	r1, [sp, #12]
 2602 000c 1600     		movs	r6, r2
 2603 000e 1D00     		movs	r5, r3
 998:Drivers/STM32G0xx_HAL_Driver/Src/stm32g0xx_hal_spi.c ****   HAL_StatusTypeDef errorcode = HAL_OK;
 2604              		.loc 1 998 3 is_stmt 1 view .LVU793
 999:Drivers/STM32G0xx_HAL_Driver/Src/stm32g0xx_hal_spi.c **** 
 2605              		.loc 1 999 3 view .LVU794
 2606              	.LVL180:
1001:Drivers/STM32G0xx_HAL_Driver/Src/stm32g0xx_hal_spi.c ****   {
 2607              		.loc 1 1001 3 view .LVU795
1001:Drivers/STM32G0xx_HAL_Driver/Src/stm32g0xx_hal_spi.c ****   {
 2608              		.loc 1 1001 11 is_stmt 0 view .LVU796
 2609 0010 5D23     		movs	r3, #93
 2610              	.LVL181:
1001:Drivers/STM32G0xx_HAL_Driver/Src/stm32g0xx_hal_spi.c ****   {
 2611              		.loc 1 1001 11 view .LVU797
 2612 0012 C35C     		ldrb	r3, [r0, r3]
 2613 0014 DFB2     		uxtb	r7, r3
1001:Drivers/STM32G0xx_HAL_Driver/Src/stm32g0xx_hal_spi.c ****   {
 2614              		.loc 1 1001 6 view .LVU798
 2615 0016 012B     		cmp	r3, #1
 2616 0018 00D0     		beq	.LCB2414
 2617 001a B8E0     		b	.L194	@long jump
 2618              	.LCB2414:
1007:Drivers/STM32G0xx_HAL_Driver/Src/stm32g0xx_hal_spi.c ****   {
 2619              		.loc 1 1007 3 is_stmt 1 view .LVU799
1007:Drivers/STM32G0xx_HAL_Driver/Src/stm32g0xx_hal_spi.c ****   {
 2620              		.loc 1 1007 18 is_stmt 0 view .LVU800
 2621 001c 4268     		ldr	r2, [r0, #4]
 2622              	.LVL182:
1007:Drivers/STM32G0xx_HAL_Driver/Src/stm32g0xx_hal_spi.c ****   {
 2623              		.loc 1 1007 6 view .LVU801
 2624 001e 0433     		adds	r3, r3, #4
 2625 0020 FF33     		adds	r3, r3, #255
 2626 0022 9A42     		cmp	r2, r3
 2627 0024 3DD0     		beq	.L199
 2628              	.L174:
1015:Drivers/STM32G0xx_HAL_Driver/Src/stm32g0xx_hal_spi.c **** 
 2629              		.loc 1 1015 3 is_stmt 1 view .LVU802
1015:Drivers/STM32G0xx_HAL_Driver/Src/stm32g0xx_hal_spi.c **** 
 2630              		.loc 1 1015 3 view .LVU803
ARM GAS  C:\Users\sante\AppData\Local\Temp\cc1VgFnO.s 			page 135


 2631 0026 5C23     		movs	r3, #92
 2632 0028 E35C     		ldrb	r3, [r4, r3]
 2633 002a 012B     		cmp	r3, #1
 2634 002c 00D1     		bne	.LCB2428
 2635 002e B7E0     		b	.L195	@long jump
 2636              	.LCB2428:
1015:Drivers/STM32G0xx_HAL_Driver/Src/stm32g0xx_hal_spi.c **** 
 2637              		.loc 1 1015 3 discriminator 2 view .LVU804
 2638 0030 5C23     		movs	r3, #92
 2639 0032 0122     		movs	r2, #1
 2640 0034 E254     		strb	r2, [r4, r3]
1015:Drivers/STM32G0xx_HAL_Driver/Src/stm32g0xx_hal_spi.c **** 
 2641              		.loc 1 1015 3 view .LVU805
1018:Drivers/STM32G0xx_HAL_Driver/Src/stm32g0xx_hal_spi.c **** 
 2642              		.loc 1 1018 3 view .LVU806
1018:Drivers/STM32G0xx_HAL_Driver/Src/stm32g0xx_hal_spi.c **** 
 2643              		.loc 1 1018 15 is_stmt 0 view .LVU807
 2644 0036 FFF7FEFF 		bl	HAL_GetTick
 2645              	.LVL183:
1018:Drivers/STM32G0xx_HAL_Driver/Src/stm32g0xx_hal_spi.c **** 
 2646              		.loc 1 1018 15 view .LVU808
 2647 003a 8146     		mov	r9, r0
 2648              	.LVL184:
1020:Drivers/STM32G0xx_HAL_Driver/Src/stm32g0xx_hal_spi.c ****   {
 2649              		.loc 1 1020 3 is_stmt 1 view .LVU809
1020:Drivers/STM32G0xx_HAL_Driver/Src/stm32g0xx_hal_spi.c ****   {
 2650              		.loc 1 1020 6 is_stmt 0 view .LVU810
 2651 003c 0399     		ldr	r1, [sp, #12]
 2652 003e 0029     		cmp	r1, #0
 2653 0040 00D1     		bne	.LCB2443
 2654 0042 A5E0     		b	.L173	@long jump
 2655              	.LCB2443:
1020:Drivers/STM32G0xx_HAL_Driver/Src/stm32g0xx_hal_spi.c ****   {
 2656              		.loc 1 1020 23 discriminator 1 view .LVU811
 2657 0044 002E     		cmp	r6, #0
 2658 0046 00D1     		bne	.LCB2445
 2659 0048 A2E0     		b	.L173	@long jump
 2660              	.LCB2445:
1027:Drivers/STM32G0xx_HAL_Driver/Src/stm32g0xx_hal_spi.c ****   hspi->ErrorCode   = HAL_SPI_ERROR_NONE;
 2661              		.loc 1 1027 3 is_stmt 1 view .LVU812
1027:Drivers/STM32G0xx_HAL_Driver/Src/stm32g0xx_hal_spi.c ****   hspi->ErrorCode   = HAL_SPI_ERROR_NONE;
 2662              		.loc 1 1027 21 is_stmt 0 view .LVU813
 2663 004a 5D23     		movs	r3, #93
 2664 004c 0422     		movs	r2, #4
 2665 004e E254     		strb	r2, [r4, r3]
1028:Drivers/STM32G0xx_HAL_Driver/Src/stm32g0xx_hal_spi.c ****   hspi->pRxBuffPtr  = (uint8_t *)pData;
 2666              		.loc 1 1028 3 is_stmt 1 view .LVU814
1028:Drivers/STM32G0xx_HAL_Driver/Src/stm32g0xx_hal_spi.c ****   hspi->pRxBuffPtr  = (uint8_t *)pData;
 2667              		.loc 1 1028 21 is_stmt 0 view .LVU815
 2668 0050 0023     		movs	r3, #0
 2669 0052 2366     		str	r3, [r4, #96]
1029:Drivers/STM32G0xx_HAL_Driver/Src/stm32g0xx_hal_spi.c ****   hspi->RxXferSize  = Size;
 2670              		.loc 1 1029 3 is_stmt 1 view .LVU816
1029:Drivers/STM32G0xx_HAL_Driver/Src/stm32g0xx_hal_spi.c ****   hspi->RxXferSize  = Size;
 2671              		.loc 1 1029 21 is_stmt 0 view .LVU817
 2672 0054 2164     		str	r1, [r4, #64]
1030:Drivers/STM32G0xx_HAL_Driver/Src/stm32g0xx_hal_spi.c ****   hspi->RxXferCount = Size;
ARM GAS  C:\Users\sante\AppData\Local\Temp\cc1VgFnO.s 			page 136


 2673              		.loc 1 1030 3 is_stmt 1 view .LVU818
1030:Drivers/STM32G0xx_HAL_Driver/Src/stm32g0xx_hal_spi.c ****   hspi->RxXferCount = Size;
 2674              		.loc 1 1030 21 is_stmt 0 view .LVU819
 2675 0056 4032     		adds	r2, r2, #64
 2676 0058 A652     		strh	r6, [r4, r2]
1031:Drivers/STM32G0xx_HAL_Driver/Src/stm32g0xx_hal_spi.c **** 
 2677              		.loc 1 1031 3 is_stmt 1 view .LVU820
1031:Drivers/STM32G0xx_HAL_Driver/Src/stm32g0xx_hal_spi.c **** 
 2678              		.loc 1 1031 21 is_stmt 0 view .LVU821
 2679 005a 0232     		adds	r2, r2, #2
 2680 005c A652     		strh	r6, [r4, r2]
1034:Drivers/STM32G0xx_HAL_Driver/Src/stm32g0xx_hal_spi.c ****   hspi->TxXferSize  = 0U;
 2681              		.loc 1 1034 3 is_stmt 1 view .LVU822
1034:Drivers/STM32G0xx_HAL_Driver/Src/stm32g0xx_hal_spi.c ****   hspi->TxXferSize  = 0U;
 2682              		.loc 1 1034 21 is_stmt 0 view .LVU823
 2683 005e A363     		str	r3, [r4, #56]
1035:Drivers/STM32G0xx_HAL_Driver/Src/stm32g0xx_hal_spi.c ****   hspi->TxXferCount = 0U;
 2684              		.loc 1 1035 3 is_stmt 1 view .LVU824
1035:Drivers/STM32G0xx_HAL_Driver/Src/stm32g0xx_hal_spi.c ****   hspi->TxXferCount = 0U;
 2685              		.loc 1 1035 21 is_stmt 0 view .LVU825
 2686 0060 A387     		strh	r3, [r4, #60]
1036:Drivers/STM32G0xx_HAL_Driver/Src/stm32g0xx_hal_spi.c ****   hspi->RxISR       = NULL;
 2687              		.loc 1 1036 3 is_stmt 1 view .LVU826
1036:Drivers/STM32G0xx_HAL_Driver/Src/stm32g0xx_hal_spi.c ****   hspi->RxISR       = NULL;
 2688              		.loc 1 1036 21 is_stmt 0 view .LVU827
 2689 0062 E387     		strh	r3, [r4, #62]
1037:Drivers/STM32G0xx_HAL_Driver/Src/stm32g0xx_hal_spi.c ****   hspi->TxISR       = NULL;
 2690              		.loc 1 1037 3 is_stmt 1 view .LVU828
1037:Drivers/STM32G0xx_HAL_Driver/Src/stm32g0xx_hal_spi.c ****   hspi->TxISR       = NULL;
 2691              		.loc 1 1037 21 is_stmt 0 view .LVU829
 2692 0064 E364     		str	r3, [r4, #76]
1038:Drivers/STM32G0xx_HAL_Driver/Src/stm32g0xx_hal_spi.c **** 
 2693              		.loc 1 1038 3 is_stmt 1 view .LVU830
1038:Drivers/STM32G0xx_HAL_Driver/Src/stm32g0xx_hal_spi.c **** 
 2694              		.loc 1 1038 21 is_stmt 0 view .LVU831
 2695 0066 2365     		str	r3, [r4, #80]
1051:Drivers/STM32G0xx_HAL_Driver/Src/stm32g0xx_hal_spi.c ****   {
 2696              		.loc 1 1051 3 is_stmt 1 view .LVU832
1051:Drivers/STM32G0xx_HAL_Driver/Src/stm32g0xx_hal_spi.c ****   {
 2697              		.loc 1 1051 17 is_stmt 0 view .LVU833
 2698 0068 E268     		ldr	r2, [r4, #12]
1051:Drivers/STM32G0xx_HAL_Driver/Src/stm32g0xx_hal_spi.c ****   {
 2699              		.loc 1 1051 6 view .LVU834
 2700 006a E023     		movs	r3, #224
 2701 006c DB00     		lsls	r3, r3, #3
 2702 006e 9A42     		cmp	r2, r3
 2703 0070 24D9     		bls	.L176
1054:Drivers/STM32G0xx_HAL_Driver/Src/stm32g0xx_hal_spi.c ****   }
 2704              		.loc 1 1054 5 is_stmt 1 view .LVU835
 2705 0072 2268     		ldr	r2, [r4]
 2706 0074 5368     		ldr	r3, [r2, #4]
 2707 0076 4B49     		ldr	r1, .L201
 2708 0078 0B40     		ands	r3, r1
 2709 007a 5360     		str	r3, [r2, #4]
 2710              	.L177:
1063:Drivers/STM32G0xx_HAL_Driver/Src/stm32g0xx_hal_spi.c ****   {
 2711              		.loc 1 1063 3 view .LVU836
ARM GAS  C:\Users\sante\AppData\Local\Temp\cc1VgFnO.s 			page 137


1063:Drivers/STM32G0xx_HAL_Driver/Src/stm32g0xx_hal_spi.c ****   {
 2712              		.loc 1 1063 17 is_stmt 0 view .LVU837
 2713 007c A268     		ldr	r2, [r4, #8]
1063:Drivers/STM32G0xx_HAL_Driver/Src/stm32g0xx_hal_spi.c ****   {
 2714              		.loc 1 1063 6 view .LVU838
 2715 007e 8023     		movs	r3, #128
 2716 0080 1B02     		lsls	r3, r3, #8
 2717 0082 9A42     		cmp	r2, r3
 2718 0084 21D0     		beq	.L200
 2719              	.L178:
1071:Drivers/STM32G0xx_HAL_Driver/Src/stm32g0xx_hal_spi.c ****   {
 2720              		.loc 1 1071 3 is_stmt 1 view .LVU839
1071:Drivers/STM32G0xx_HAL_Driver/Src/stm32g0xx_hal_spi.c ****   {
 2721              		.loc 1 1071 12 is_stmt 0 view .LVU840
 2722 0086 2268     		ldr	r2, [r4]
1071:Drivers/STM32G0xx_HAL_Driver/Src/stm32g0xx_hal_spi.c ****   {
 2723              		.loc 1 1071 22 view .LVU841
 2724 0088 1368     		ldr	r3, [r2]
1071:Drivers/STM32G0xx_HAL_Driver/Src/stm32g0xx_hal_spi.c ****   {
 2725              		.loc 1 1071 6 view .LVU842
 2726 008a 5B06     		lsls	r3, r3, #25
 2727 008c 03D4     		bmi	.L179
1074:Drivers/STM32G0xx_HAL_Driver/Src/stm32g0xx_hal_spi.c ****   }
 2728              		.loc 1 1074 5 is_stmt 1 view .LVU843
 2729 008e 1368     		ldr	r3, [r2]
 2730 0090 4021     		movs	r1, #64
 2731 0092 0B43     		orrs	r3, r1
 2732 0094 1360     		str	r3, [r2]
 2733              	.L179:
1078:Drivers/STM32G0xx_HAL_Driver/Src/stm32g0xx_hal_spi.c ****   {
 2734              		.loc 1 1078 3 view .LVU844
1078:Drivers/STM32G0xx_HAL_Driver/Src/stm32g0xx_hal_spi.c ****   {
 2735              		.loc 1 1078 17 is_stmt 0 view .LVU845
 2736 0096 E268     		ldr	r2, [r4, #12]
1078:Drivers/STM32G0xx_HAL_Driver/Src/stm32g0xx_hal_spi.c ****   {
 2737              		.loc 1 1078 6 view .LVU846
 2738 0098 E023     		movs	r3, #224
 2739 009a DB00     		lsls	r3, r3, #3
 2740 009c 9A42     		cmp	r2, r3
 2741 009e 29D9     		bls	.L180
 2742 00a0 4BE0     		b	.L181
 2743              	.LVL185:
 2744              	.L199:
1007:Drivers/STM32G0xx_HAL_Driver/Src/stm32g0xx_hal_spi.c ****   {
 2745              		.loc 1 1007 58 discriminator 1 view .LVU847
 2746 00a2 8368     		ldr	r3, [r0, #8]
1007:Drivers/STM32G0xx_HAL_Driver/Src/stm32g0xx_hal_spi.c ****   {
 2747              		.loc 1 1007 44 discriminator 1 view .LVU848
 2748 00a4 002B     		cmp	r3, #0
 2749 00a6 BED1     		bne	.L174
1009:Drivers/STM32G0xx_HAL_Driver/Src/stm32g0xx_hal_spi.c ****     /* Call transmit-receive function to send Dummy data on Tx line and generate clock on CLK line 
 2750              		.loc 1 1009 5 is_stmt 1 view .LVU849
1009:Drivers/STM32G0xx_HAL_Driver/Src/stm32g0xx_hal_spi.c ****     /* Call transmit-receive function to send Dummy data on Tx line and generate clock on CLK line 
 2751              		.loc 1 1009 17 is_stmt 0 view .LVU850
 2752 00a8 5D33     		adds	r3, r3, #93
 2753 00aa 0422     		movs	r2, #4
 2754 00ac C254     		strb	r2, [r0, r3]
ARM GAS  C:\Users\sante\AppData\Local\Temp\cc1VgFnO.s 			page 138


1011:Drivers/STM32G0xx_HAL_Driver/Src/stm32g0xx_hal_spi.c ****   }
 2755              		.loc 1 1011 5 is_stmt 1 view .LVU851
1011:Drivers/STM32G0xx_HAL_Driver/Src/stm32g0xx_hal_spi.c ****   }
 2756              		.loc 1 1011 12 is_stmt 0 view .LVU852
 2757 00ae 0095     		str	r5, [sp]
 2758 00b0 3300     		movs	r3, r6
 2759 00b2 0A00     		movs	r2, r1
 2760 00b4 FFF7FEFF 		bl	HAL_SPI_TransmitReceive
 2761              	.LVL186:
1011:Drivers/STM32G0xx_HAL_Driver/Src/stm32g0xx_hal_spi.c ****   }
 2762              		.loc 1 1011 12 view .LVU853
 2763 00b8 0700     		movs	r7, r0
 2764 00ba 6CE0     		b	.L175
 2765              	.LVL187:
 2766              	.L176:
1059:Drivers/STM32G0xx_HAL_Driver/Src/stm32g0xx_hal_spi.c ****   }
 2767              		.loc 1 1059 5 is_stmt 1 view .LVU854
 2768 00bc 2268     		ldr	r2, [r4]
 2769 00be 5168     		ldr	r1, [r2, #4]
 2770 00c0 8023     		movs	r3, #128
 2771 00c2 5B01     		lsls	r3, r3, #5
 2772 00c4 0B43     		orrs	r3, r1
 2773 00c6 5360     		str	r3, [r2, #4]
 2774 00c8 D8E7     		b	.L177
 2775              	.L200:
1066:Drivers/STM32G0xx_HAL_Driver/Src/stm32g0xx_hal_spi.c ****     SPI_1LINE_RX(hspi);
 2776              		.loc 1 1066 5 view .LVU855
 2777 00ca 2268     		ldr	r2, [r4]
 2778 00cc 1368     		ldr	r3, [r2]
 2779 00ce 4021     		movs	r1, #64
 2780 00d0 8B43     		bics	r3, r1
 2781 00d2 1360     		str	r3, [r2]
1067:Drivers/STM32G0xx_HAL_Driver/Src/stm32g0xx_hal_spi.c ****   }
 2782              		.loc 1 1067 5 view .LVU856
 2783 00d4 2268     		ldr	r2, [r4]
 2784 00d6 1368     		ldr	r3, [r2]
 2785 00d8 3349     		ldr	r1, .L201+4
 2786 00da 0B40     		ands	r3, r1
 2787 00dc 1360     		str	r3, [r2]
 2788 00de D2E7     		b	.L178
 2789              	.LVL188:
 2790              	.L182:
1094:Drivers/STM32G0xx_HAL_Driver/Src/stm32g0xx_hal_spi.c ****         {
 2791              		.loc 1 1094 9 view .LVU857
1094:Drivers/STM32G0xx_HAL_Driver/Src/stm32g0xx_hal_spi.c ****         {
 2792              		.loc 1 1094 16 is_stmt 0 view .LVU858
 2793 00e0 FFF7FEFF 		bl	HAL_GetTick
 2794              	.LVL189:
1094:Drivers/STM32G0xx_HAL_Driver/Src/stm32g0xx_hal_spi.c ****         {
 2795              		.loc 1 1094 30 discriminator 1 view .LVU859
 2796 00e4 4B46     		mov	r3, r9
 2797 00e6 C01A     		subs	r0, r0, r3
1094:Drivers/STM32G0xx_HAL_Driver/Src/stm32g0xx_hal_spi.c ****         {
 2798              		.loc 1 1094 12 discriminator 1 view .LVU860
 2799 00e8 A842     		cmp	r0, r5
 2800 00ea 01D3     		bcc	.L184
 2801              	.LVL190:
ARM GAS  C:\Users\sante\AppData\Local\Temp\cc1VgFnO.s 			page 139


1094:Drivers/STM32G0xx_HAL_Driver/Src/stm32g0xx_hal_spi.c ****         {
 2802              		.loc 1 1094 56 discriminator 1 view .LVU861
 2803 00ec 6B1C     		adds	r3, r5, #1
 2804 00ee 15D1     		bne	.L185
 2805              	.LVL191:
 2806              	.L184:
1094:Drivers/STM32G0xx_HAL_Driver/Src/stm32g0xx_hal_spi.c ****         {
 2807              		.loc 1 1094 87 discriminator 3 view .LVU862
 2808 00f0 002D     		cmp	r5, #0
 2809 00f2 13D0     		beq	.L185
 2810              	.L180:
1081:Drivers/STM32G0xx_HAL_Driver/Src/stm32g0xx_hal_spi.c ****     {
 2811              		.loc 1 1081 30 is_stmt 1 view .LVU863
1081:Drivers/STM32G0xx_HAL_Driver/Src/stm32g0xx_hal_spi.c ****     {
 2812              		.loc 1 1081 16 is_stmt 0 view .LVU864
 2813 00f4 4623     		movs	r3, #70
 2814 00f6 E35A     		ldrh	r3, [r4, r3]
1081:Drivers/STM32G0xx_HAL_Driver/Src/stm32g0xx_hal_spi.c ****     {
 2815              		.loc 1 1081 30 view .LVU865
 2816 00f8 002B     		cmp	r3, #0
 2817 00fa 37D0     		beq	.L187
1084:Drivers/STM32G0xx_HAL_Driver/Src/stm32g0xx_hal_spi.c ****       {
 2818              		.loc 1 1084 7 is_stmt 1 view .LVU866
1084:Drivers/STM32G0xx_HAL_Driver/Src/stm32g0xx_hal_spi.c ****       {
 2819              		.loc 1 1084 11 is_stmt 0 view .LVU867
 2820 00fc 2268     		ldr	r2, [r4]
 2821 00fe 9368     		ldr	r3, [r2, #8]
1084:Drivers/STM32G0xx_HAL_Driver/Src/stm32g0xx_hal_spi.c ****       {
 2822              		.loc 1 1084 10 view .LVU868
 2823 0100 DB07     		lsls	r3, r3, #31
 2824 0102 EDD5     		bpl	.L182
1087:Drivers/STM32G0xx_HAL_Driver/Src/stm32g0xx_hal_spi.c ****         hspi->pRxBuffPtr += sizeof(uint8_t);
 2825              		.loc 1 1087 9 is_stmt 1 view .LVU869
1087:Drivers/STM32G0xx_HAL_Driver/Src/stm32g0xx_hal_spi.c ****         hspi->pRxBuffPtr += sizeof(uint8_t);
 2826              		.loc 1 1087 27 is_stmt 0 view .LVU870
 2827 0104 236C     		ldr	r3, [r4, #64]
1087:Drivers/STM32G0xx_HAL_Driver/Src/stm32g0xx_hal_spi.c ****         hspi->pRxBuffPtr += sizeof(uint8_t);
 2828              		.loc 1 1087 43 view .LVU871
 2829 0106 127B     		ldrb	r2, [r2, #12]
1087:Drivers/STM32G0xx_HAL_Driver/Src/stm32g0xx_hal_spi.c ****         hspi->pRxBuffPtr += sizeof(uint8_t);
 2830              		.loc 1 1087 41 view .LVU872
 2831 0108 1A70     		strb	r2, [r3]
1088:Drivers/STM32G0xx_HAL_Driver/Src/stm32g0xx_hal_spi.c ****         hspi->RxXferCount--;
 2832              		.loc 1 1088 9 is_stmt 1 view .LVU873
1088:Drivers/STM32G0xx_HAL_Driver/Src/stm32g0xx_hal_spi.c ****         hspi->RxXferCount--;
 2833              		.loc 1 1088 13 is_stmt 0 view .LVU874
 2834 010a 236C     		ldr	r3, [r4, #64]
1088:Drivers/STM32G0xx_HAL_Driver/Src/stm32g0xx_hal_spi.c ****         hspi->RxXferCount--;
 2835              		.loc 1 1088 26 view .LVU875
 2836 010c 0133     		adds	r3, r3, #1
 2837 010e 2364     		str	r3, [r4, #64]
1089:Drivers/STM32G0xx_HAL_Driver/Src/stm32g0xx_hal_spi.c ****       }
 2838              		.loc 1 1089 9 is_stmt 1 view .LVU876
1089:Drivers/STM32G0xx_HAL_Driver/Src/stm32g0xx_hal_spi.c ****       }
 2839              		.loc 1 1089 13 is_stmt 0 view .LVU877
 2840 0110 4622     		movs	r2, #70
 2841 0112 A35A     		ldrh	r3, [r4, r2]
ARM GAS  C:\Users\sante\AppData\Local\Temp\cc1VgFnO.s 			page 140


1089:Drivers/STM32G0xx_HAL_Driver/Src/stm32g0xx_hal_spi.c ****       }
 2842              		.loc 1 1089 26 view .LVU878
 2843 0114 013B     		subs	r3, r3, #1
 2844 0116 9BB2     		uxth	r3, r3
 2845 0118 A352     		strh	r3, [r4, r2]
 2846 011a EBE7     		b	.L180
 2847              	.L185:
1096:Drivers/STM32G0xx_HAL_Driver/Src/stm32g0xx_hal_spi.c ****           hspi->State = HAL_SPI_STATE_READY;
 2848              		.loc 1 1096 11 is_stmt 1 view .LVU879
 2849              	.LVL192:
1097:Drivers/STM32G0xx_HAL_Driver/Src/stm32g0xx_hal_spi.c ****           goto error;
 2850              		.loc 1 1097 11 view .LVU880
1097:Drivers/STM32G0xx_HAL_Driver/Src/stm32g0xx_hal_spi.c ****           goto error;
 2851              		.loc 1 1097 23 is_stmt 0 view .LVU881
 2852 011c 5D23     		movs	r3, #93
 2853 011e 0122     		movs	r2, #1
 2854 0120 E254     		strb	r2, [r4, r3]
1098:Drivers/STM32G0xx_HAL_Driver/Src/stm32g0xx_hal_spi.c ****         }
 2855              		.loc 1 1098 11 is_stmt 1 view .LVU882
1096:Drivers/STM32G0xx_HAL_Driver/Src/stm32g0xx_hal_spi.c ****           hspi->State = HAL_SPI_STATE_READY;
 2856              		.loc 1 1096 21 is_stmt 0 view .LVU883
 2857 0122 0327     		movs	r7, #3
1098:Drivers/STM32G0xx_HAL_Driver/Src/stm32g0xx_hal_spi.c ****         }
 2858              		.loc 1 1098 11 view .LVU884
 2859 0124 34E0     		b	.L173
 2860              	.LVL193:
 2861              	.L188:
1118:Drivers/STM32G0xx_HAL_Driver/Src/stm32g0xx_hal_spi.c ****         {
 2862              		.loc 1 1118 9 is_stmt 1 view .LVU885
1118:Drivers/STM32G0xx_HAL_Driver/Src/stm32g0xx_hal_spi.c ****         {
 2863              		.loc 1 1118 16 is_stmt 0 view .LVU886
 2864 0126 FFF7FEFF 		bl	HAL_GetTick
 2865              	.LVL194:
1118:Drivers/STM32G0xx_HAL_Driver/Src/stm32g0xx_hal_spi.c ****         {
 2866              		.loc 1 1118 30 discriminator 1 view .LVU887
 2867 012a 4B46     		mov	r3, r9
 2868 012c C01A     		subs	r0, r0, r3
1118:Drivers/STM32G0xx_HAL_Driver/Src/stm32g0xx_hal_spi.c ****         {
 2869              		.loc 1 1118 12 discriminator 1 view .LVU888
 2870 012e A842     		cmp	r0, r5
 2871 0130 01D3     		bcc	.L190
 2872              	.LVL195:
1118:Drivers/STM32G0xx_HAL_Driver/Src/stm32g0xx_hal_spi.c ****         {
 2873              		.loc 1 1118 56 discriminator 1 view .LVU889
 2874 0132 6B1C     		adds	r3, r5, #1
 2875 0134 15D1     		bne	.L191
 2876              	.LVL196:
 2877              	.L190:
1118:Drivers/STM32G0xx_HAL_Driver/Src/stm32g0xx_hal_spi.c ****         {
 2878              		.loc 1 1118 87 discriminator 3 view .LVU890
 2879 0136 002D     		cmp	r5, #0
 2880 0138 13D0     		beq	.L191
 2881              	.L181:
1106:Drivers/STM32G0xx_HAL_Driver/Src/stm32g0xx_hal_spi.c ****     {
 2882              		.loc 1 1106 30 is_stmt 1 view .LVU891
1106:Drivers/STM32G0xx_HAL_Driver/Src/stm32g0xx_hal_spi.c ****     {
 2883              		.loc 1 1106 16 is_stmt 0 view .LVU892
ARM GAS  C:\Users\sante\AppData\Local\Temp\cc1VgFnO.s 			page 141


 2884 013a 4623     		movs	r3, #70
 2885 013c E35A     		ldrh	r3, [r4, r3]
1106:Drivers/STM32G0xx_HAL_Driver/Src/stm32g0xx_hal_spi.c ****     {
 2886              		.loc 1 1106 30 view .LVU893
 2887 013e 002B     		cmp	r3, #0
 2888 0140 14D0     		beq	.L187
1109:Drivers/STM32G0xx_HAL_Driver/Src/stm32g0xx_hal_spi.c ****       {
 2889              		.loc 1 1109 7 is_stmt 1 view .LVU894
1109:Drivers/STM32G0xx_HAL_Driver/Src/stm32g0xx_hal_spi.c ****       {
 2890              		.loc 1 1109 11 is_stmt 0 view .LVU895
 2891 0142 2268     		ldr	r2, [r4]
 2892 0144 9368     		ldr	r3, [r2, #8]
1109:Drivers/STM32G0xx_HAL_Driver/Src/stm32g0xx_hal_spi.c ****       {
 2893              		.loc 1 1109 10 view .LVU896
 2894 0146 DB07     		lsls	r3, r3, #31
 2895 0148 EDD5     		bpl	.L188
1111:Drivers/STM32G0xx_HAL_Driver/Src/stm32g0xx_hal_spi.c ****         hspi->pRxBuffPtr += sizeof(uint16_t);
 2896              		.loc 1 1111 9 is_stmt 1 view .LVU897
1111:Drivers/STM32G0xx_HAL_Driver/Src/stm32g0xx_hal_spi.c ****         hspi->pRxBuffPtr += sizeof(uint16_t);
 2897              		.loc 1 1111 67 is_stmt 0 view .LVU898
 2898 014a D268     		ldr	r2, [r2, #12]
1111:Drivers/STM32G0xx_HAL_Driver/Src/stm32g0xx_hal_spi.c ****         hspi->pRxBuffPtr += sizeof(uint16_t);
 2899              		.loc 1 1111 27 view .LVU899
 2900 014c 236C     		ldr	r3, [r4, #64]
1111:Drivers/STM32G0xx_HAL_Driver/Src/stm32g0xx_hal_spi.c ****         hspi->pRxBuffPtr += sizeof(uint16_t);
 2901              		.loc 1 1111 41 view .LVU900
 2902 014e 1A80     		strh	r2, [r3]
1112:Drivers/STM32G0xx_HAL_Driver/Src/stm32g0xx_hal_spi.c ****         hspi->RxXferCount--;
 2903              		.loc 1 1112 9 is_stmt 1 view .LVU901
1112:Drivers/STM32G0xx_HAL_Driver/Src/stm32g0xx_hal_spi.c ****         hspi->RxXferCount--;
 2904              		.loc 1 1112 13 is_stmt 0 view .LVU902
 2905 0150 236C     		ldr	r3, [r4, #64]
1112:Drivers/STM32G0xx_HAL_Driver/Src/stm32g0xx_hal_spi.c ****         hspi->RxXferCount--;
 2906              		.loc 1 1112 26 view .LVU903
 2907 0152 0233     		adds	r3, r3, #2
 2908 0154 2364     		str	r3, [r4, #64]
1113:Drivers/STM32G0xx_HAL_Driver/Src/stm32g0xx_hal_spi.c ****       }
 2909              		.loc 1 1113 9 is_stmt 1 view .LVU904
1113:Drivers/STM32G0xx_HAL_Driver/Src/stm32g0xx_hal_spi.c ****       }
 2910              		.loc 1 1113 13 is_stmt 0 view .LVU905
 2911 0156 4623     		movs	r3, #70
 2912 0158 E25A     		ldrh	r2, [r4, r3]
1113:Drivers/STM32G0xx_HAL_Driver/Src/stm32g0xx_hal_spi.c ****       }
 2913              		.loc 1 1113 26 view .LVU906
 2914 015a 013A     		subs	r2, r2, #1
 2915 015c 92B2     		uxth	r2, r2
 2916 015e E252     		strh	r2, [r4, r3]
 2917 0160 EBE7     		b	.L181
 2918              	.L191:
1120:Drivers/STM32G0xx_HAL_Driver/Src/stm32g0xx_hal_spi.c ****           hspi->State = HAL_SPI_STATE_READY;
 2919              		.loc 1 1120 11 is_stmt 1 view .LVU907
 2920              	.LVL197:
1121:Drivers/STM32G0xx_HAL_Driver/Src/stm32g0xx_hal_spi.c ****           goto error;
 2921              		.loc 1 1121 11 view .LVU908
1121:Drivers/STM32G0xx_HAL_Driver/Src/stm32g0xx_hal_spi.c ****           goto error;
 2922              		.loc 1 1121 23 is_stmt 0 view .LVU909
 2923 0162 5D23     		movs	r3, #93
ARM GAS  C:\Users\sante\AppData\Local\Temp\cc1VgFnO.s 			page 142


 2924 0164 0122     		movs	r2, #1
 2925 0166 E254     		strb	r2, [r4, r3]
1122:Drivers/STM32G0xx_HAL_Driver/Src/stm32g0xx_hal_spi.c ****         }
 2926              		.loc 1 1122 11 is_stmt 1 view .LVU910
1120:Drivers/STM32G0xx_HAL_Driver/Src/stm32g0xx_hal_spi.c ****           hspi->State = HAL_SPI_STATE_READY;
 2927              		.loc 1 1120 21 is_stmt 0 view .LVU911
 2928 0168 0327     		movs	r7, #3
1122:Drivers/STM32G0xx_HAL_Driver/Src/stm32g0xx_hal_spi.c ****         }
 2929              		.loc 1 1122 11 view .LVU912
 2930 016a 11E0     		b	.L173
 2931              	.LVL198:
 2932              	.L187:
1198:Drivers/STM32G0xx_HAL_Driver/Src/stm32g0xx_hal_spi.c ****   {
 2933              		.loc 1 1198 3 is_stmt 1 view .LVU913
1198:Drivers/STM32G0xx_HAL_Driver/Src/stm32g0xx_hal_spi.c ****   {
 2934              		.loc 1 1198 7 is_stmt 0 view .LVU914
 2935 016c 4A46     		mov	r2, r9
 2936 016e 2900     		movs	r1, r5
 2937 0170 2000     		movs	r0, r4
 2938 0172 FFF7FEFF 		bl	SPI_EndRxTransaction
 2939              	.LVL199:
1198:Drivers/STM32G0xx_HAL_Driver/Src/stm32g0xx_hal_spi.c ****   {
 2940              		.loc 1 1198 6 discriminator 1 view .LVU915
 2941 0176 0028     		cmp	r0, #0
 2942 0178 01D0     		beq	.L193
1200:Drivers/STM32G0xx_HAL_Driver/Src/stm32g0xx_hal_spi.c ****   }
 2943              		.loc 1 1200 5 is_stmt 1 view .LVU916
1200:Drivers/STM32G0xx_HAL_Driver/Src/stm32g0xx_hal_spi.c ****   }
 2944              		.loc 1 1200 21 is_stmt 0 view .LVU917
 2945 017a 2023     		movs	r3, #32
 2946 017c 2366     		str	r3, [r4, #96]
 2947              	.L193:
1212:Drivers/STM32G0xx_HAL_Driver/Src/stm32g0xx_hal_spi.c ****   {
 2948              		.loc 1 1212 3 is_stmt 1 view .LVU918
1212:Drivers/STM32G0xx_HAL_Driver/Src/stm32g0xx_hal_spi.c ****   {
 2949              		.loc 1 1212 11 is_stmt 0 view .LVU919
 2950 017e 236E     		ldr	r3, [r4, #96]
1212:Drivers/STM32G0xx_HAL_Driver/Src/stm32g0xx_hal_spi.c ****   {
 2951              		.loc 1 1212 6 view .LVU920
 2952 0180 002B     		cmp	r3, #0
 2953 0182 05D1     		bne	.L173
1218:Drivers/STM32G0xx_HAL_Driver/Src/stm32g0xx_hal_spi.c ****   }
 2954              		.loc 1 1218 5 is_stmt 1 view .LVU921
1218:Drivers/STM32G0xx_HAL_Driver/Src/stm32g0xx_hal_spi.c ****   }
 2955              		.loc 1 1218 17 is_stmt 0 view .LVU922
 2956 0184 5D33     		adds	r3, r3, #93
 2957 0186 0122     		movs	r2, #1
 2958 0188 E254     		strb	r2, [r4, r3]
 999:Drivers/STM32G0xx_HAL_Driver/Src/stm32g0xx_hal_spi.c **** 
 2959              		.loc 1 999 21 view .LVU923
 2960 018a 0027     		movs	r7, #0
 2961 018c 00E0     		b	.L173
 2962              	.LVL200:
 2963              	.L194:
1003:Drivers/STM32G0xx_HAL_Driver/Src/stm32g0xx_hal_spi.c ****     goto error;
 2964              		.loc 1 1003 15 view .LVU924
 2965 018e 0227     		movs	r7, #2
ARM GAS  C:\Users\sante\AppData\Local\Temp\cc1VgFnO.s 			page 143


 2966              	.LVL201:
 2967              	.L173:
1222:Drivers/STM32G0xx_HAL_Driver/Src/stm32g0xx_hal_spi.c ****   return errorcode;
 2968              		.loc 1 1222 3 is_stmt 1 view .LVU925
1222:Drivers/STM32G0xx_HAL_Driver/Src/stm32g0xx_hal_spi.c ****   return errorcode;
 2969              		.loc 1 1222 3 view .LVU926
 2970 0190 5C23     		movs	r3, #92
 2971 0192 0022     		movs	r2, #0
 2972 0194 E254     		strb	r2, [r4, r3]
1222:Drivers/STM32G0xx_HAL_Driver/Src/stm32g0xx_hal_spi.c ****   return errorcode;
 2973              		.loc 1 1222 3 view .LVU927
1223:Drivers/STM32G0xx_HAL_Driver/Src/stm32g0xx_hal_spi.c **** }
 2974              		.loc 1 1223 3 view .LVU928
 2975              	.LVL202:
 2976              	.L175:
1224:Drivers/STM32G0xx_HAL_Driver/Src/stm32g0xx_hal_spi.c **** 
 2977              		.loc 1 1224 1 is_stmt 0 view .LVU929
 2978 0196 3800     		movs	r0, r7
 2979 0198 04B0     		add	sp, sp, #16
 2980              		@ sp needed
 2981              	.LVL203:
 2982              	.LVL204:
 2983              	.LVL205:
1224:Drivers/STM32G0xx_HAL_Driver/Src/stm32g0xx_hal_spi.c **** 
 2984              		.loc 1 1224 1 view .LVU930
 2985 019a 80BC     		pop	{r7}
 2986 019c B946     		mov	r9, r7
 2987 019e F0BD     		pop	{r4, r5, r6, r7, pc}
 2988              	.LVL206:
 2989              	.L195:
1015:Drivers/STM32G0xx_HAL_Driver/Src/stm32g0xx_hal_spi.c **** 
 2990              		.loc 1 1015 3 discriminator 1 view .LVU931
 2991 01a0 0227     		movs	r7, #2
 2992 01a2 F8E7     		b	.L175
 2993              	.L202:
 2994              		.align	2
 2995              	.L201:
 2996 01a4 FFEFFFFF 		.word	-4097
 2997 01a8 FFBFFFFF 		.word	-16385
 2998              		.cfi_endproc
 2999              	.LFE498:
 3001              		.section	.text.HAL_SPI_Transmit_IT,"ax",%progbits
 3002              		.align	1
 3003              		.global	HAL_SPI_Transmit_IT
 3004              		.syntax unified
 3005              		.code	16
 3006              		.thumb_func
 3008              	HAL_SPI_Transmit_IT:
 3009              	.LVL207:
 3010              	.LFB500:
1549:Drivers/STM32G0xx_HAL_Driver/Src/stm32g0xx_hal_spi.c ****   HAL_StatusTypeDef errorcode = HAL_OK;
 3011              		.loc 1 1549 1 is_stmt 1 view -0
 3012              		.cfi_startproc
 3013              		@ args = 0, pretend = 0, frame = 0
 3014              		@ frame_needed = 0, uses_anonymous_args = 0
1549:Drivers/STM32G0xx_HAL_Driver/Src/stm32g0xx_hal_spi.c ****   HAL_StatusTypeDef errorcode = HAL_OK;
 3015              		.loc 1 1549 1 is_stmt 0 view .LVU933
ARM GAS  C:\Users\sante\AppData\Local\Temp\cc1VgFnO.s 			page 144


 3016 0000 10B5     		push	{r4, lr}
 3017              		.cfi_def_cfa_offset 8
 3018              		.cfi_offset 4, -8
 3019              		.cfi_offset 14, -4
1550:Drivers/STM32G0xx_HAL_Driver/Src/stm32g0xx_hal_spi.c **** 
 3020              		.loc 1 1550 3 is_stmt 1 view .LVU934
 3021              	.LVL208:
1553:Drivers/STM32G0xx_HAL_Driver/Src/stm32g0xx_hal_spi.c **** 
 3022              		.loc 1 1553 3 view .LVU935
1556:Drivers/STM32G0xx_HAL_Driver/Src/stm32g0xx_hal_spi.c ****   {
 3023              		.loc 1 1556 3 view .LVU936
1556:Drivers/STM32G0xx_HAL_Driver/Src/stm32g0xx_hal_spi.c ****   {
 3024              		.loc 1 1556 6 is_stmt 0 view .LVU937
 3025 0002 0029     		cmp	r1, #0
 3026 0004 47D0     		beq	.L209
1556:Drivers/STM32G0xx_HAL_Driver/Src/stm32g0xx_hal_spi.c ****   {
 3027              		.loc 1 1556 23 discriminator 1 view .LVU938
 3028 0006 002A     		cmp	r2, #0
 3029 0008 47D0     		beq	.L210
1562:Drivers/STM32G0xx_HAL_Driver/Src/stm32g0xx_hal_spi.c ****   {
 3030              		.loc 1 1562 3 is_stmt 1 view .LVU939
1562:Drivers/STM32G0xx_HAL_Driver/Src/stm32g0xx_hal_spi.c ****   {
 3031              		.loc 1 1562 11 is_stmt 0 view .LVU940
 3032 000a 5D23     		movs	r3, #93
 3033 000c C35C     		ldrb	r3, [r0, r3]
1562:Drivers/STM32G0xx_HAL_Driver/Src/stm32g0xx_hal_spi.c ****   {
 3034              		.loc 1 1562 6 view .LVU941
 3035 000e 012B     		cmp	r3, #1
 3036 0010 45D1     		bne	.L211
1569:Drivers/STM32G0xx_HAL_Driver/Src/stm32g0xx_hal_spi.c **** 
 3037              		.loc 1 1569 3 is_stmt 1 view .LVU942
1569:Drivers/STM32G0xx_HAL_Driver/Src/stm32g0xx_hal_spi.c **** 
 3038              		.loc 1 1569 3 view .LVU943
 3039 0012 5B33     		adds	r3, r3, #91
 3040 0014 C35C     		ldrb	r3, [r0, r3]
 3041 0016 012B     		cmp	r3, #1
 3042 0018 43D0     		beq	.L212
1569:Drivers/STM32G0xx_HAL_Driver/Src/stm32g0xx_hal_spi.c **** 
 3043              		.loc 1 1569 3 discriminator 2 view .LVU944
 3044 001a 5C23     		movs	r3, #92
 3045 001c 0124     		movs	r4, #1
 3046 001e C454     		strb	r4, [r0, r3]
1569:Drivers/STM32G0xx_HAL_Driver/Src/stm32g0xx_hal_spi.c **** 
 3047              		.loc 1 1569 3 view .LVU945
1572:Drivers/STM32G0xx_HAL_Driver/Src/stm32g0xx_hal_spi.c ****   hspi->ErrorCode   = HAL_SPI_ERROR_NONE;
 3048              		.loc 1 1572 3 view .LVU946
1572:Drivers/STM32G0xx_HAL_Driver/Src/stm32g0xx_hal_spi.c ****   hspi->ErrorCode   = HAL_SPI_ERROR_NONE;
 3049              		.loc 1 1572 21 is_stmt 0 view .LVU947
 3050 0020 0133     		adds	r3, r3, #1
 3051 0022 0234     		adds	r4, r4, #2
 3052 0024 C454     		strb	r4, [r0, r3]
1573:Drivers/STM32G0xx_HAL_Driver/Src/stm32g0xx_hal_spi.c ****   hspi->pTxBuffPtr  = (uint8_t *)pData;
 3053              		.loc 1 1573 3 is_stmt 1 view .LVU948
1573:Drivers/STM32G0xx_HAL_Driver/Src/stm32g0xx_hal_spi.c ****   hspi->pTxBuffPtr  = (uint8_t *)pData;
 3054              		.loc 1 1573 21 is_stmt 0 view .LVU949
 3055 0026 0023     		movs	r3, #0
 3056 0028 0366     		str	r3, [r0, #96]
ARM GAS  C:\Users\sante\AppData\Local\Temp\cc1VgFnO.s 			page 145


1574:Drivers/STM32G0xx_HAL_Driver/Src/stm32g0xx_hal_spi.c ****   hspi->TxXferSize  = Size;
 3057              		.loc 1 1574 3 is_stmt 1 view .LVU950
1574:Drivers/STM32G0xx_HAL_Driver/Src/stm32g0xx_hal_spi.c ****   hspi->TxXferSize  = Size;
 3058              		.loc 1 1574 21 is_stmt 0 view .LVU951
 3059 002a 8163     		str	r1, [r0, #56]
1575:Drivers/STM32G0xx_HAL_Driver/Src/stm32g0xx_hal_spi.c ****   hspi->TxXferCount = Size;
 3060              		.loc 1 1575 3 is_stmt 1 view .LVU952
1575:Drivers/STM32G0xx_HAL_Driver/Src/stm32g0xx_hal_spi.c ****   hspi->TxXferCount = Size;
 3061              		.loc 1 1575 21 is_stmt 0 view .LVU953
 3062 002c 8287     		strh	r2, [r0, #60]
1576:Drivers/STM32G0xx_HAL_Driver/Src/stm32g0xx_hal_spi.c **** 
 3063              		.loc 1 1576 3 is_stmt 1 view .LVU954
1576:Drivers/STM32G0xx_HAL_Driver/Src/stm32g0xx_hal_spi.c **** 
 3064              		.loc 1 1576 21 is_stmt 0 view .LVU955
 3065 002e C287     		strh	r2, [r0, #62]
1579:Drivers/STM32G0xx_HAL_Driver/Src/stm32g0xx_hal_spi.c ****   hspi->RxXferSize  = 0U;
 3066              		.loc 1 1579 3 is_stmt 1 view .LVU956
1579:Drivers/STM32G0xx_HAL_Driver/Src/stm32g0xx_hal_spi.c ****   hspi->RxXferSize  = 0U;
 3067              		.loc 1 1579 21 is_stmt 0 view .LVU957
 3068 0030 0364     		str	r3, [r0, #64]
1580:Drivers/STM32G0xx_HAL_Driver/Src/stm32g0xx_hal_spi.c ****   hspi->RxXferCount = 0U;
 3069              		.loc 1 1580 3 is_stmt 1 view .LVU958
1580:Drivers/STM32G0xx_HAL_Driver/Src/stm32g0xx_hal_spi.c ****   hspi->RxXferCount = 0U;
 3070              		.loc 1 1580 21 is_stmt 0 view .LVU959
 3071 0032 4422     		movs	r2, #68
 3072              	.LVL209:
1580:Drivers/STM32G0xx_HAL_Driver/Src/stm32g0xx_hal_spi.c ****   hspi->RxXferCount = 0U;
 3073              		.loc 1 1580 21 view .LVU960
 3074 0034 8352     		strh	r3, [r0, r2]
 3075              	.LVL210:
1581:Drivers/STM32G0xx_HAL_Driver/Src/stm32g0xx_hal_spi.c ****   hspi->RxISR       = NULL;
 3076              		.loc 1 1581 3 is_stmt 1 view .LVU961
1581:Drivers/STM32G0xx_HAL_Driver/Src/stm32g0xx_hal_spi.c ****   hspi->RxISR       = NULL;
 3077              		.loc 1 1581 21 is_stmt 0 view .LVU962
 3078 0036 0232     		adds	r2, r2, #2
 3079 0038 8352     		strh	r3, [r0, r2]
1582:Drivers/STM32G0xx_HAL_Driver/Src/stm32g0xx_hal_spi.c **** 
 3080              		.loc 1 1582 3 is_stmt 1 view .LVU963
1582:Drivers/STM32G0xx_HAL_Driver/Src/stm32g0xx_hal_spi.c **** 
 3081              		.loc 1 1582 21 is_stmt 0 view .LVU964
 3082 003a C364     		str	r3, [r0, #76]
1585:Drivers/STM32G0xx_HAL_Driver/Src/stm32g0xx_hal_spi.c ****   {
 3083              		.loc 1 1585 3 is_stmt 1 view .LVU965
1585:Drivers/STM32G0xx_HAL_Driver/Src/stm32g0xx_hal_spi.c ****   {
 3084              		.loc 1 1585 17 is_stmt 0 view .LVU966
 3085 003c C268     		ldr	r2, [r0, #12]
1585:Drivers/STM32G0xx_HAL_Driver/Src/stm32g0xx_hal_spi.c ****   {
 3086              		.loc 1 1585 6 view .LVU967
 3087 003e E023     		movs	r3, #224
 3088 0040 DB00     		lsls	r3, r3, #3
 3089 0042 9A42     		cmp	r2, r3
 3090 0044 18D9     		bls	.L205
1587:Drivers/STM32G0xx_HAL_Driver/Src/stm32g0xx_hal_spi.c ****   }
 3091              		.loc 1 1587 5 is_stmt 1 view .LVU968
1587:Drivers/STM32G0xx_HAL_Driver/Src/stm32g0xx_hal_spi.c ****   }
 3092              		.loc 1 1587 17 is_stmt 0 view .LVU969
 3093 0046 184B     		ldr	r3, .L215
ARM GAS  C:\Users\sante\AppData\Local\Temp\cc1VgFnO.s 			page 146


 3094 0048 0365     		str	r3, [r0, #80]
 3095              	.L206:
1595:Drivers/STM32G0xx_HAL_Driver/Src/stm32g0xx_hal_spi.c ****   {
 3096              		.loc 1 1595 3 is_stmt 1 view .LVU970
1595:Drivers/STM32G0xx_HAL_Driver/Src/stm32g0xx_hal_spi.c ****   {
 3097              		.loc 1 1595 17 is_stmt 0 view .LVU971
 3098 004a 8268     		ldr	r2, [r0, #8]
1595:Drivers/STM32G0xx_HAL_Driver/Src/stm32g0xx_hal_spi.c ****   {
 3099              		.loc 1 1595 6 view .LVU972
 3100 004c 8023     		movs	r3, #128
 3101 004e 1B02     		lsls	r3, r3, #8
 3102 0050 9A42     		cmp	r2, r3
 3103 0052 14D0     		beq	.L214
 3104              	.LVL211:
 3105              	.L207:
1611:Drivers/STM32G0xx_HAL_Driver/Src/stm32g0xx_hal_spi.c ****   {
 3106              		.loc 1 1611 3 is_stmt 1 view .LVU973
1611:Drivers/STM32G0xx_HAL_Driver/Src/stm32g0xx_hal_spi.c ****   {
 3107              		.loc 1 1611 12 is_stmt 0 view .LVU974
 3108 0054 0268     		ldr	r2, [r0]
1611:Drivers/STM32G0xx_HAL_Driver/Src/stm32g0xx_hal_spi.c ****   {
 3109              		.loc 1 1611 22 view .LVU975
 3110 0056 1368     		ldr	r3, [r2]
1611:Drivers/STM32G0xx_HAL_Driver/Src/stm32g0xx_hal_spi.c ****   {
 3111              		.loc 1 1611 6 view .LVU976
 3112 0058 5B06     		lsls	r3, r3, #25
 3113 005a 03D4     		bmi	.L208
1614:Drivers/STM32G0xx_HAL_Driver/Src/stm32g0xx_hal_spi.c ****   }
 3114              		.loc 1 1614 5 is_stmt 1 view .LVU977
 3115 005c 1368     		ldr	r3, [r2]
 3116 005e 4021     		movs	r1, #64
 3117 0060 0B43     		orrs	r3, r1
 3118 0062 1360     		str	r3, [r2]
 3119              	.L208:
1618:Drivers/STM32G0xx_HAL_Driver/Src/stm32g0xx_hal_spi.c ****   /* Enable TXE and ERR interrupt */
 3120              		.loc 1 1618 3 view .LVU978
1618:Drivers/STM32G0xx_HAL_Driver/Src/stm32g0xx_hal_spi.c ****   /* Enable TXE and ERR interrupt */
 3121              		.loc 1 1618 3 view .LVU979
 3122 0064 5C23     		movs	r3, #92
 3123 0066 0022     		movs	r2, #0
 3124 0068 C254     		strb	r2, [r0, r3]
1618:Drivers/STM32G0xx_HAL_Driver/Src/stm32g0xx_hal_spi.c ****   /* Enable TXE and ERR interrupt */
 3125              		.loc 1 1618 3 view .LVU980
1620:Drivers/STM32G0xx_HAL_Driver/Src/stm32g0xx_hal_spi.c **** 
 3126              		.loc 1 1620 3 view .LVU981
 3127 006a 0268     		ldr	r2, [r0]
 3128 006c 5368     		ldr	r3, [r2, #4]
 3129 006e A021     		movs	r1, #160
 3130 0070 0B43     		orrs	r3, r1
 3131 0072 5360     		str	r3, [r2, #4]
1550:Drivers/STM32G0xx_HAL_Driver/Src/stm32g0xx_hal_spi.c **** 
 3132              		.loc 1 1550 21 is_stmt 0 view .LVU982
 3133 0074 0020     		movs	r0, #0
 3134              	.LVL212:
 3135              	.L204:
1624:Drivers/STM32G0xx_HAL_Driver/Src/stm32g0xx_hal_spi.c **** 
 3136              		.loc 1 1624 1 view .LVU983
ARM GAS  C:\Users\sante\AppData\Local\Temp\cc1VgFnO.s 			page 147


 3137              		@ sp needed
 3138 0076 10BD     		pop	{r4, pc}
 3139              	.LVL213:
 3140              	.L205:
1591:Drivers/STM32G0xx_HAL_Driver/Src/stm32g0xx_hal_spi.c ****   }
 3141              		.loc 1 1591 5 is_stmt 1 view .LVU984
1591:Drivers/STM32G0xx_HAL_Driver/Src/stm32g0xx_hal_spi.c ****   }
 3142              		.loc 1 1591 17 is_stmt 0 view .LVU985
 3143 0078 0C4B     		ldr	r3, .L215+4
 3144 007a 0365     		str	r3, [r0, #80]
 3145 007c E5E7     		b	.L206
 3146              	.L214:
1598:Drivers/STM32G0xx_HAL_Driver/Src/stm32g0xx_hal_spi.c ****     SPI_1LINE_TX(hspi);
 3147              		.loc 1 1598 5 is_stmt 1 view .LVU986
 3148 007e 0268     		ldr	r2, [r0]
 3149 0080 1368     		ldr	r3, [r2]
 3150 0082 4021     		movs	r1, #64
 3151              	.LVL214:
1598:Drivers/STM32G0xx_HAL_Driver/Src/stm32g0xx_hal_spi.c ****     SPI_1LINE_TX(hspi);
 3152              		.loc 1 1598 5 is_stmt 0 view .LVU987
 3153 0084 8B43     		bics	r3, r1
 3154 0086 1360     		str	r3, [r2]
1599:Drivers/STM32G0xx_HAL_Driver/Src/stm32g0xx_hal_spi.c ****   }
 3155              		.loc 1 1599 5 is_stmt 1 view .LVU988
 3156 0088 0268     		ldr	r2, [r0]
 3157 008a 1168     		ldr	r1, [r2]
 3158 008c 8023     		movs	r3, #128
 3159 008e DB01     		lsls	r3, r3, #7
 3160 0090 0B43     		orrs	r3, r1
 3161 0092 1360     		str	r3, [r2]
 3162 0094 DEE7     		b	.L207
 3163              	.LVL215:
 3164              	.L209:
1558:Drivers/STM32G0xx_HAL_Driver/Src/stm32g0xx_hal_spi.c ****     goto error;
 3165              		.loc 1 1558 15 is_stmt 0 view .LVU989
 3166 0096 0120     		movs	r0, #1
 3167              	.LVL216:
1558:Drivers/STM32G0xx_HAL_Driver/Src/stm32g0xx_hal_spi.c ****     goto error;
 3168              		.loc 1 1558 15 view .LVU990
 3169 0098 EDE7     		b	.L204
 3170              	.LVL217:
 3171              	.L210:
1558:Drivers/STM32G0xx_HAL_Driver/Src/stm32g0xx_hal_spi.c ****     goto error;
 3172              		.loc 1 1558 15 view .LVU991
 3173 009a 0120     		movs	r0, #1
 3174              	.LVL218:
1558:Drivers/STM32G0xx_HAL_Driver/Src/stm32g0xx_hal_spi.c ****     goto error;
 3175              		.loc 1 1558 15 view .LVU992
 3176 009c EBE7     		b	.L204
 3177              	.LVL219:
 3178              	.L211:
1564:Drivers/STM32G0xx_HAL_Driver/Src/stm32g0xx_hal_spi.c ****     goto error;
 3179              		.loc 1 1564 15 view .LVU993
 3180 009e 0220     		movs	r0, #2
 3181              	.LVL220:
1564:Drivers/STM32G0xx_HAL_Driver/Src/stm32g0xx_hal_spi.c ****     goto error;
 3182              		.loc 1 1564 15 view .LVU994
ARM GAS  C:\Users\sante\AppData\Local\Temp\cc1VgFnO.s 			page 148


 3183 00a0 E9E7     		b	.L204
 3184              	.LVL221:
 3185              	.L212:
1569:Drivers/STM32G0xx_HAL_Driver/Src/stm32g0xx_hal_spi.c **** 
 3186              		.loc 1 1569 3 discriminator 1 view .LVU995
 3187 00a2 0220     		movs	r0, #2
 3188              	.LVL222:
1569:Drivers/STM32G0xx_HAL_Driver/Src/stm32g0xx_hal_spi.c **** 
 3189              		.loc 1 1569 3 discriminator 1 view .LVU996
 3190 00a4 E7E7     		b	.L204
 3191              	.L216:
 3192 00a6 C046     		.align	2
 3193              	.L215:
 3194 00a8 00000000 		.word	SPI_TxISR_16BIT
 3195 00ac 00000000 		.word	SPI_TxISR_8BIT
 3196              		.cfi_endproc
 3197              	.LFE500:
 3199              		.section	.text.HAL_SPI_TransmitReceive_IT,"ax",%progbits
 3200              		.align	1
 3201              		.global	HAL_SPI_TransmitReceive_IT
 3202              		.syntax unified
 3203              		.code	16
 3204              		.thumb_func
 3206              	HAL_SPI_TransmitReceive_IT:
 3207              	.LVL223:
 3208              	.LFB502:
1744:Drivers/STM32G0xx_HAL_Driver/Src/stm32g0xx_hal_spi.c ****   uint32_t             tmp_mode;
 3209              		.loc 1 1744 1 is_stmt 1 view -0
 3210              		.cfi_startproc
 3211              		@ args = 0, pretend = 0, frame = 0
 3212              		@ frame_needed = 0, uses_anonymous_args = 0
1744:Drivers/STM32G0xx_HAL_Driver/Src/stm32g0xx_hal_spi.c ****   uint32_t             tmp_mode;
 3213              		.loc 1 1744 1 is_stmt 0 view .LVU998
 3214 0000 70B5     		push	{r4, r5, r6, lr}
 3215              		.cfi_def_cfa_offset 16
 3216              		.cfi_offset 4, -16
 3217              		.cfi_offset 5, -12
 3218              		.cfi_offset 6, -8
 3219              		.cfi_offset 14, -4
1745:Drivers/STM32G0xx_HAL_Driver/Src/stm32g0xx_hal_spi.c ****   HAL_SPI_StateTypeDef tmp_state;
 3220              		.loc 1 1745 3 is_stmt 1 view .LVU999
1746:Drivers/STM32G0xx_HAL_Driver/Src/stm32g0xx_hal_spi.c ****   HAL_StatusTypeDef    errorcode = HAL_OK;
 3221              		.loc 1 1746 3 view .LVU1000
1747:Drivers/STM32G0xx_HAL_Driver/Src/stm32g0xx_hal_spi.c **** 
 3222              		.loc 1 1747 3 view .LVU1001
 3223              	.LVL224:
1750:Drivers/STM32G0xx_HAL_Driver/Src/stm32g0xx_hal_spi.c **** 
 3224              		.loc 1 1750 3 view .LVU1002
1753:Drivers/STM32G0xx_HAL_Driver/Src/stm32g0xx_hal_spi.c ****   tmp_mode            = hspi->Init.Mode;
 3225              		.loc 1 1753 3 view .LVU1003
1753:Drivers/STM32G0xx_HAL_Driver/Src/stm32g0xx_hal_spi.c ****   tmp_mode            = hspi->Init.Mode;
 3226              		.loc 1 1753 23 is_stmt 0 view .LVU1004
 3227 0002 5D24     		movs	r4, #93
 3228 0004 045D     		ldrb	r4, [r0, r4]
 3229 0006 E6B2     		uxtb	r6, r4
 3230              	.LVL225:
1754:Drivers/STM32G0xx_HAL_Driver/Src/stm32g0xx_hal_spi.c **** 
ARM GAS  C:\Users\sante\AppData\Local\Temp\cc1VgFnO.s 			page 149


 3231              		.loc 1 1754 3 is_stmt 1 view .LVU1005
1754:Drivers/STM32G0xx_HAL_Driver/Src/stm32g0xx_hal_spi.c **** 
 3232              		.loc 1 1754 23 is_stmt 0 view .LVU1006
 3233 0008 4568     		ldr	r5, [r0, #4]
 3234              	.LVL226:
1756:Drivers/STM32G0xx_HAL_Driver/Src/stm32g0xx_hal_spi.c ****         ((tmp_mode == SPI_MODE_MASTER) && (hspi->Init.Direction == SPI_DIRECTION_2LINES) && (tmp_st
 3235              		.loc 1 1756 3 is_stmt 1 view .LVU1007
1756:Drivers/STM32G0xx_HAL_Driver/Src/stm32g0xx_hal_spi.c ****         ((tmp_mode == SPI_MODE_MASTER) && (hspi->Init.Direction == SPI_DIRECTION_2LINES) && (tmp_st
 3236              		.loc 1 1756 6 is_stmt 0 view .LVU1008
 3237 000a 012C     		cmp	r4, #1
 3238 000c 08D0     		beq	.L218
1756:Drivers/STM32G0xx_HAL_Driver/Src/stm32g0xx_hal_spi.c ****         ((tmp_mode == SPI_MODE_MASTER) && (hspi->Init.Direction == SPI_DIRECTION_2LINES) && (tmp_st
 3239              		.loc 1 1756 7 discriminator 1 view .LVU1009
 3240 000e 8224     		movs	r4, #130
 3241 0010 6400     		lsls	r4, r4, #1
 3242 0012 A542     		cmp	r5, r4
 3243 0014 54D1     		bne	.L227
1757:Drivers/STM32G0xx_HAL_Driver/Src/stm32g0xx_hal_spi.c ****   {
 3244              		.loc 1 1757 54 view .LVU1010
 3245 0016 8468     		ldr	r4, [r0, #8]
1757:Drivers/STM32G0xx_HAL_Driver/Src/stm32g0xx_hal_spi.c ****   {
 3246              		.loc 1 1757 40 view .LVU1011
 3247 0018 002C     		cmp	r4, #0
 3248 001a 53D1     		bne	.L228
1757:Drivers/STM32G0xx_HAL_Driver/Src/stm32g0xx_hal_spi.c ****   {
 3249              		.loc 1 1757 90 discriminator 1 view .LVU1012
 3250 001c 042E     		cmp	r6, #4
 3251 001e 53D1     		bne	.L229
 3252              	.L218:
1763:Drivers/STM32G0xx_HAL_Driver/Src/stm32g0xx_hal_spi.c ****   {
 3253              		.loc 1 1763 3 is_stmt 1 view .LVU1013
1763:Drivers/STM32G0xx_HAL_Driver/Src/stm32g0xx_hal_spi.c ****   {
 3254              		.loc 1 1763 6 is_stmt 0 view .LVU1014
 3255 0020 0029     		cmp	r1, #0
 3256 0022 53D0     		beq	.L230
1763:Drivers/STM32G0xx_HAL_Driver/Src/stm32g0xx_hal_spi.c ****   {
 3257              		.loc 1 1763 25 discriminator 1 view .LVU1015
 3258 0024 002A     		cmp	r2, #0
 3259 0026 53D0     		beq	.L231
1763:Drivers/STM32G0xx_HAL_Driver/Src/stm32g0xx_hal_spi.c ****   {
 3260              		.loc 1 1763 46 discriminator 2 view .LVU1016
 3261 0028 002B     		cmp	r3, #0
 3262 002a 53D0     		beq	.L232
1770:Drivers/STM32G0xx_HAL_Driver/Src/stm32g0xx_hal_spi.c **** 
 3263              		.loc 1 1770 3 is_stmt 1 view .LVU1017
1770:Drivers/STM32G0xx_HAL_Driver/Src/stm32g0xx_hal_spi.c **** 
 3264              		.loc 1 1770 3 view .LVU1018
 3265 002c 5C24     		movs	r4, #92
 3266 002e 045D     		ldrb	r4, [r0, r4]
 3267 0030 012C     		cmp	r4, #1
 3268 0032 51D0     		beq	.L233
1770:Drivers/STM32G0xx_HAL_Driver/Src/stm32g0xx_hal_spi.c **** 
 3269              		.loc 1 1770 3 discriminator 2 view .LVU1019
 3270 0034 5C24     		movs	r4, #92
 3271 0036 0125     		movs	r5, #1
 3272              	.LVL227:
1770:Drivers/STM32G0xx_HAL_Driver/Src/stm32g0xx_hal_spi.c **** 
ARM GAS  C:\Users\sante\AppData\Local\Temp\cc1VgFnO.s 			page 150


 3273              		.loc 1 1770 3 is_stmt 0 discriminator 2 view .LVU1020
 3274 0038 0555     		strb	r5, [r0, r4]
 3275              	.LVL228:
1770:Drivers/STM32G0xx_HAL_Driver/Src/stm32g0xx_hal_spi.c **** 
 3276              		.loc 1 1770 3 is_stmt 1 view .LVU1021
1773:Drivers/STM32G0xx_HAL_Driver/Src/stm32g0xx_hal_spi.c ****   {
 3277              		.loc 1 1773 3 view .LVU1022
1773:Drivers/STM32G0xx_HAL_Driver/Src/stm32g0xx_hal_spi.c ****   {
 3278              		.loc 1 1773 11 is_stmt 0 view .LVU1023
 3279 003a 0134     		adds	r4, r4, #1
 3280 003c 045D     		ldrb	r4, [r0, r4]
1773:Drivers/STM32G0xx_HAL_Driver/Src/stm32g0xx_hal_spi.c ****   {
 3281              		.loc 1 1773 6 view .LVU1024
 3282 003e 042C     		cmp	r4, #4
 3283 0040 02D0     		beq	.L220
1775:Drivers/STM32G0xx_HAL_Driver/Src/stm32g0xx_hal_spi.c ****   }
 3284              		.loc 1 1775 5 is_stmt 1 view .LVU1025
1775:Drivers/STM32G0xx_HAL_Driver/Src/stm32g0xx_hal_spi.c ****   }
 3285              		.loc 1 1775 17 is_stmt 0 view .LVU1026
 3286 0042 5D24     		movs	r4, #93
 3287 0044 0435     		adds	r5, r5, #4
 3288 0046 0555     		strb	r5, [r0, r4]
 3289              	.L220:
1779:Drivers/STM32G0xx_HAL_Driver/Src/stm32g0xx_hal_spi.c ****   hspi->pTxBuffPtr  = (uint8_t *)pTxData;
 3290              		.loc 1 1779 3 is_stmt 1 view .LVU1027
1779:Drivers/STM32G0xx_HAL_Driver/Src/stm32g0xx_hal_spi.c ****   hspi->pTxBuffPtr  = (uint8_t *)pTxData;
 3291              		.loc 1 1779 21 is_stmt 0 view .LVU1028
 3292 0048 0024     		movs	r4, #0
 3293 004a 0466     		str	r4, [r0, #96]
1780:Drivers/STM32G0xx_HAL_Driver/Src/stm32g0xx_hal_spi.c ****   hspi->TxXferSize  = Size;
 3294              		.loc 1 1780 3 is_stmt 1 view .LVU1029
1780:Drivers/STM32G0xx_HAL_Driver/Src/stm32g0xx_hal_spi.c ****   hspi->TxXferSize  = Size;
 3295              		.loc 1 1780 21 is_stmt 0 view .LVU1030
 3296 004c 8163     		str	r1, [r0, #56]
1781:Drivers/STM32G0xx_HAL_Driver/Src/stm32g0xx_hal_spi.c ****   hspi->TxXferCount = Size;
 3297              		.loc 1 1781 3 is_stmt 1 view .LVU1031
1781:Drivers/STM32G0xx_HAL_Driver/Src/stm32g0xx_hal_spi.c ****   hspi->TxXferCount = Size;
 3298              		.loc 1 1781 21 is_stmt 0 view .LVU1032
 3299 004e 8387     		strh	r3, [r0, #60]
1782:Drivers/STM32G0xx_HAL_Driver/Src/stm32g0xx_hal_spi.c ****   hspi->pRxBuffPtr  = (uint8_t *)pRxData;
 3300              		.loc 1 1782 3 is_stmt 1 view .LVU1033
1782:Drivers/STM32G0xx_HAL_Driver/Src/stm32g0xx_hal_spi.c ****   hspi->pRxBuffPtr  = (uint8_t *)pRxData;
 3301              		.loc 1 1782 21 is_stmt 0 view .LVU1034
 3302 0050 C387     		strh	r3, [r0, #62]
1783:Drivers/STM32G0xx_HAL_Driver/Src/stm32g0xx_hal_spi.c ****   hspi->RxXferSize  = Size;
 3303              		.loc 1 1783 3 is_stmt 1 view .LVU1035
1783:Drivers/STM32G0xx_HAL_Driver/Src/stm32g0xx_hal_spi.c ****   hspi->RxXferSize  = Size;
 3304              		.loc 1 1783 21 is_stmt 0 view .LVU1036
 3305 0052 0264     		str	r2, [r0, #64]
1784:Drivers/STM32G0xx_HAL_Driver/Src/stm32g0xx_hal_spi.c ****   hspi->RxXferCount = Size;
 3306              		.loc 1 1784 3 is_stmt 1 view .LVU1037
1784:Drivers/STM32G0xx_HAL_Driver/Src/stm32g0xx_hal_spi.c ****   hspi->RxXferCount = Size;
 3307              		.loc 1 1784 21 is_stmt 0 view .LVU1038
 3308 0054 4422     		movs	r2, #68
 3309              	.LVL229:
1784:Drivers/STM32G0xx_HAL_Driver/Src/stm32g0xx_hal_spi.c ****   hspi->RxXferCount = Size;
 3310              		.loc 1 1784 21 view .LVU1039
ARM GAS  C:\Users\sante\AppData\Local\Temp\cc1VgFnO.s 			page 151


 3311 0056 8352     		strh	r3, [r0, r2]
 3312              	.LVL230:
1785:Drivers/STM32G0xx_HAL_Driver/Src/stm32g0xx_hal_spi.c **** 
 3313              		.loc 1 1785 3 is_stmt 1 view .LVU1040
1785:Drivers/STM32G0xx_HAL_Driver/Src/stm32g0xx_hal_spi.c **** 
 3314              		.loc 1 1785 21 is_stmt 0 view .LVU1041
 3315 0058 0232     		adds	r2, r2, #2
 3316 005a 8352     		strh	r3, [r0, r2]
1788:Drivers/STM32G0xx_HAL_Driver/Src/stm32g0xx_hal_spi.c ****   {
 3317              		.loc 1 1788 3 is_stmt 1 view .LVU1042
1788:Drivers/STM32G0xx_HAL_Driver/Src/stm32g0xx_hal_spi.c ****   {
 3318              		.loc 1 1788 17 is_stmt 0 view .LVU1043
 3319 005c C268     		ldr	r2, [r0, #12]
1788:Drivers/STM32G0xx_HAL_Driver/Src/stm32g0xx_hal_spi.c ****   {
 3320              		.loc 1 1788 6 view .LVU1044
 3321 005e E021     		movs	r1, #224
 3322              	.LVL231:
1788:Drivers/STM32G0xx_HAL_Driver/Src/stm32g0xx_hal_spi.c ****   {
 3323              		.loc 1 1788 6 view .LVU1045
 3324 0060 C900     		lsls	r1, r1, #3
 3325 0062 8A42     		cmp	r2, r1
 3326 0064 20D9     		bls	.L221
1790:Drivers/STM32G0xx_HAL_Driver/Src/stm32g0xx_hal_spi.c ****     hspi->TxISR     = SPI_2linesTxISR_16BIT;
 3327              		.loc 1 1790 5 is_stmt 1 view .LVU1046
1790:Drivers/STM32G0xx_HAL_Driver/Src/stm32g0xx_hal_spi.c ****     hspi->TxISR     = SPI_2linesTxISR_16BIT;
 3328              		.loc 1 1790 21 is_stmt 0 view .LVU1047
 3329 0066 1D49     		ldr	r1, .L235
 3330 0068 C164     		str	r1, [r0, #76]
1791:Drivers/STM32G0xx_HAL_Driver/Src/stm32g0xx_hal_spi.c ****   }
 3331              		.loc 1 1791 5 is_stmt 1 view .LVU1048
1791:Drivers/STM32G0xx_HAL_Driver/Src/stm32g0xx_hal_spi.c ****   }
 3332              		.loc 1 1791 21 is_stmt 0 view .LVU1049
 3333 006a 1D49     		ldr	r1, .L235+4
 3334 006c 0165     		str	r1, [r0, #80]
 3335              	.L222:
1817:Drivers/STM32G0xx_HAL_Driver/Src/stm32g0xx_hal_spi.c ****   {
 3336              		.loc 1 1817 3 is_stmt 1 view .LVU1050
1817:Drivers/STM32G0xx_HAL_Driver/Src/stm32g0xx_hal_spi.c ****   {
 3337              		.loc 1 1817 6 is_stmt 0 view .LVU1051
 3338 006e E021     		movs	r1, #224
 3339 0070 C900     		lsls	r1, r1, #3
 3340 0072 8A42     		cmp	r2, r1
 3341 0074 01D8     		bhi	.L223
1817:Drivers/STM32G0xx_HAL_Driver/Src/stm32g0xx_hal_spi.c ****   {
 3342              		.loc 1 1817 49 discriminator 1 view .LVU1052
 3343 0076 012B     		cmp	r3, #1
 3344 0078 1BD9     		bls	.L224
 3345              	.L223:
1820:Drivers/STM32G0xx_HAL_Driver/Src/stm32g0xx_hal_spi.c ****   }
 3346              		.loc 1 1820 5 is_stmt 1 view .LVU1053
 3347 007a 0268     		ldr	r2, [r0]
 3348 007c 5368     		ldr	r3, [r2, #4]
 3349              	.LVL232:
1820:Drivers/STM32G0xx_HAL_Driver/Src/stm32g0xx_hal_spi.c ****   }
 3350              		.loc 1 1820 5 is_stmt 0 view .LVU1054
 3351 007e 1949     		ldr	r1, .L235+8
 3352 0080 0B40     		ands	r3, r1
ARM GAS  C:\Users\sante\AppData\Local\Temp\cc1VgFnO.s 			page 152


 3353 0082 5360     		str	r3, [r2, #4]
 3354              	.L225:
1830:Drivers/STM32G0xx_HAL_Driver/Src/stm32g0xx_hal_spi.c ****   {
 3355              		.loc 1 1830 3 is_stmt 1 view .LVU1055
1830:Drivers/STM32G0xx_HAL_Driver/Src/stm32g0xx_hal_spi.c ****   {
 3356              		.loc 1 1830 12 is_stmt 0 view .LVU1056
 3357 0084 0368     		ldr	r3, [r0]
1830:Drivers/STM32G0xx_HAL_Driver/Src/stm32g0xx_hal_spi.c ****   {
 3358              		.loc 1 1830 22 view .LVU1057
 3359 0086 1A68     		ldr	r2, [r3]
1830:Drivers/STM32G0xx_HAL_Driver/Src/stm32g0xx_hal_spi.c ****   {
 3360              		.loc 1 1830 6 view .LVU1058
 3361 0088 5206     		lsls	r2, r2, #25
 3362 008a 03D4     		bmi	.L226
1833:Drivers/STM32G0xx_HAL_Driver/Src/stm32g0xx_hal_spi.c ****   }
 3363              		.loc 1 1833 5 is_stmt 1 view .LVU1059
 3364 008c 1A68     		ldr	r2, [r3]
 3365 008e 4021     		movs	r1, #64
 3366 0090 0A43     		orrs	r2, r1
 3367 0092 1A60     		str	r2, [r3]
 3368              	.L226:
1837:Drivers/STM32G0xx_HAL_Driver/Src/stm32g0xx_hal_spi.c ****   /* Enable TXE, RXNE and ERR interrupt */
 3369              		.loc 1 1837 3 view .LVU1060
1837:Drivers/STM32G0xx_HAL_Driver/Src/stm32g0xx_hal_spi.c ****   /* Enable TXE, RXNE and ERR interrupt */
 3370              		.loc 1 1837 3 view .LVU1061
 3371 0094 5C23     		movs	r3, #92
 3372 0096 0022     		movs	r2, #0
 3373 0098 C254     		strb	r2, [r0, r3]
1837:Drivers/STM32G0xx_HAL_Driver/Src/stm32g0xx_hal_spi.c ****   /* Enable TXE, RXNE and ERR interrupt */
 3374              		.loc 1 1837 3 view .LVU1062
1839:Drivers/STM32G0xx_HAL_Driver/Src/stm32g0xx_hal_spi.c **** 
 3375              		.loc 1 1839 3 view .LVU1063
 3376 009a 0268     		ldr	r2, [r0]
 3377 009c 5368     		ldr	r3, [r2, #4]
 3378 009e E021     		movs	r1, #224
 3379 00a0 0B43     		orrs	r3, r1
 3380 00a2 5360     		str	r3, [r2, #4]
1747:Drivers/STM32G0xx_HAL_Driver/Src/stm32g0xx_hal_spi.c **** 
 3381              		.loc 1 1747 24 is_stmt 0 view .LVU1064
 3382 00a4 0020     		movs	r0, #0
 3383              	.LVL233:
1747:Drivers/STM32G0xx_HAL_Driver/Src/stm32g0xx_hal_spi.c **** 
 3384              		.loc 1 1747 24 view .LVU1065
 3385 00a6 0CE0     		b	.L219
 3386              	.LVL234:
 3387              	.L221:
1795:Drivers/STM32G0xx_HAL_Driver/Src/stm32g0xx_hal_spi.c ****     hspi->TxISR     = SPI_2linesTxISR_8BIT;
 3388              		.loc 1 1795 5 is_stmt 1 view .LVU1066
1795:Drivers/STM32G0xx_HAL_Driver/Src/stm32g0xx_hal_spi.c ****     hspi->TxISR     = SPI_2linesTxISR_8BIT;
 3389              		.loc 1 1795 21 is_stmt 0 view .LVU1067
 3390 00a8 0F49     		ldr	r1, .L235+12
 3391 00aa C164     		str	r1, [r0, #76]
1796:Drivers/STM32G0xx_HAL_Driver/Src/stm32g0xx_hal_spi.c ****   }
 3392              		.loc 1 1796 5 is_stmt 1 view .LVU1068
1796:Drivers/STM32G0xx_HAL_Driver/Src/stm32g0xx_hal_spi.c ****   }
 3393              		.loc 1 1796 21 is_stmt 0 view .LVU1069
 3394 00ac 0F49     		ldr	r1, .L235+16
ARM GAS  C:\Users\sante\AppData\Local\Temp\cc1VgFnO.s 			page 153


 3395 00ae 0165     		str	r1, [r0, #80]
 3396 00b0 DDE7     		b	.L222
 3397              	.L224:
1825:Drivers/STM32G0xx_HAL_Driver/Src/stm32g0xx_hal_spi.c ****   }
 3398              		.loc 1 1825 5 is_stmt 1 view .LVU1070
 3399 00b2 0268     		ldr	r2, [r0]
 3400 00b4 5168     		ldr	r1, [r2, #4]
 3401 00b6 8023     		movs	r3, #128
 3402              	.LVL235:
1825:Drivers/STM32G0xx_HAL_Driver/Src/stm32g0xx_hal_spi.c ****   }
 3403              		.loc 1 1825 5 is_stmt 0 view .LVU1071
 3404 00b8 5B01     		lsls	r3, r3, #5
 3405 00ba 0B43     		orrs	r3, r1
 3406 00bc 5360     		str	r3, [r2, #4]
 3407 00be E1E7     		b	.L225
 3408              	.LVL236:
 3409              	.L227:
1759:Drivers/STM32G0xx_HAL_Driver/Src/stm32g0xx_hal_spi.c ****     goto error;
 3410              		.loc 1 1759 15 view .LVU1072
 3411 00c0 0220     		movs	r0, #2
 3412              	.LVL237:
 3413              	.L219:
1843:Drivers/STM32G0xx_HAL_Driver/Src/stm32g0xx_hal_spi.c **** 
 3414              		.loc 1 1843 1 view .LVU1073
 3415              		@ sp needed
 3416              	.LVL238:
1843:Drivers/STM32G0xx_HAL_Driver/Src/stm32g0xx_hal_spi.c **** 
 3417              		.loc 1 1843 1 view .LVU1074
 3418 00c2 70BD     		pop	{r4, r5, r6, pc}
 3419              	.LVL239:
 3420              	.L228:
1759:Drivers/STM32G0xx_HAL_Driver/Src/stm32g0xx_hal_spi.c ****     goto error;
 3421              		.loc 1 1759 15 view .LVU1075
 3422 00c4 0220     		movs	r0, #2
 3423              	.LVL240:
1759:Drivers/STM32G0xx_HAL_Driver/Src/stm32g0xx_hal_spi.c ****     goto error;
 3424              		.loc 1 1759 15 view .LVU1076
 3425 00c6 FCE7     		b	.L219
 3426              	.LVL241:
 3427              	.L229:
1759:Drivers/STM32G0xx_HAL_Driver/Src/stm32g0xx_hal_spi.c ****     goto error;
 3428              		.loc 1 1759 15 view .LVU1077
 3429 00c8 0220     		movs	r0, #2
 3430              	.LVL242:
1759:Drivers/STM32G0xx_HAL_Driver/Src/stm32g0xx_hal_spi.c ****     goto error;
 3431              		.loc 1 1759 15 view .LVU1078
 3432 00ca FAE7     		b	.L219
 3433              	.LVL243:
 3434              	.L230:
1765:Drivers/STM32G0xx_HAL_Driver/Src/stm32g0xx_hal_spi.c ****     goto error;
 3435              		.loc 1 1765 15 view .LVU1079
 3436 00cc 0120     		movs	r0, #1
 3437              	.LVL244:
1765:Drivers/STM32G0xx_HAL_Driver/Src/stm32g0xx_hal_spi.c ****     goto error;
 3438              		.loc 1 1765 15 view .LVU1080
 3439 00ce F8E7     		b	.L219
 3440              	.LVL245:
ARM GAS  C:\Users\sante\AppData\Local\Temp\cc1VgFnO.s 			page 154


 3441              	.L231:
1765:Drivers/STM32G0xx_HAL_Driver/Src/stm32g0xx_hal_spi.c ****     goto error;
 3442              		.loc 1 1765 15 view .LVU1081
 3443 00d0 0120     		movs	r0, #1
 3444              	.LVL246:
1765:Drivers/STM32G0xx_HAL_Driver/Src/stm32g0xx_hal_spi.c ****     goto error;
 3445              		.loc 1 1765 15 view .LVU1082
 3446 00d2 F6E7     		b	.L219
 3447              	.LVL247:
 3448              	.L232:
1765:Drivers/STM32G0xx_HAL_Driver/Src/stm32g0xx_hal_spi.c ****     goto error;
 3449              		.loc 1 1765 15 view .LVU1083
 3450 00d4 0120     		movs	r0, #1
 3451              	.LVL248:
1765:Drivers/STM32G0xx_HAL_Driver/Src/stm32g0xx_hal_spi.c ****     goto error;
 3452              		.loc 1 1765 15 view .LVU1084
 3453 00d6 F4E7     		b	.L219
 3454              	.LVL249:
 3455              	.L233:
1770:Drivers/STM32G0xx_HAL_Driver/Src/stm32g0xx_hal_spi.c **** 
 3456              		.loc 1 1770 3 discriminator 1 view .LVU1085
 3457 00d8 0220     		movs	r0, #2
 3458              	.LVL250:
1770:Drivers/STM32G0xx_HAL_Driver/Src/stm32g0xx_hal_spi.c **** 
 3459              		.loc 1 1770 3 discriminator 1 view .LVU1086
 3460 00da F2E7     		b	.L219
 3461              	.L236:
 3462              		.align	2
 3463              	.L235:
 3464 00dc 00000000 		.word	SPI_2linesRxISR_16BIT
 3465 00e0 00000000 		.word	SPI_2linesTxISR_16BIT
 3466 00e4 FFEFFFFF 		.word	-4097
 3467 00e8 00000000 		.word	SPI_2linesRxISR_8BIT
 3468 00ec 00000000 		.word	SPI_2linesTxISR_8BIT
 3469              		.cfi_endproc
 3470              	.LFE502:
 3472              		.section	.text.HAL_SPI_Receive_IT,"ax",%progbits
 3473              		.align	1
 3474              		.global	HAL_SPI_Receive_IT
 3475              		.syntax unified
 3476              		.code	16
 3477              		.thumb_func
 3479              	HAL_SPI_Receive_IT:
 3480              	.LVL251:
 3481              	.LFB501:
1635:Drivers/STM32G0xx_HAL_Driver/Src/stm32g0xx_hal_spi.c ****   HAL_StatusTypeDef errorcode = HAL_OK;
 3482              		.loc 1 1635 1 is_stmt 1 view -0
 3483              		.cfi_startproc
 3484              		@ args = 0, pretend = 0, frame = 0
 3485              		@ frame_needed = 0, uses_anonymous_args = 0
1635:Drivers/STM32G0xx_HAL_Driver/Src/stm32g0xx_hal_spi.c ****   HAL_StatusTypeDef errorcode = HAL_OK;
 3486              		.loc 1 1635 1 is_stmt 0 view .LVU1088
 3487 0000 70B5     		push	{r4, r5, r6, lr}
 3488              		.cfi_def_cfa_offset 16
 3489              		.cfi_offset 4, -16
 3490              		.cfi_offset 5, -12
 3491              		.cfi_offset 6, -8
ARM GAS  C:\Users\sante\AppData\Local\Temp\cc1VgFnO.s 			page 155


 3492              		.cfi_offset 14, -4
 3493 0002 0400     		movs	r4, r0
1636:Drivers/STM32G0xx_HAL_Driver/Src/stm32g0xx_hal_spi.c **** 
 3494              		.loc 1 1636 3 is_stmt 1 view .LVU1089
 3495              	.LVL252:
1639:Drivers/STM32G0xx_HAL_Driver/Src/stm32g0xx_hal_spi.c ****   {
 3496              		.loc 1 1639 3 view .LVU1090
1639:Drivers/STM32G0xx_HAL_Driver/Src/stm32g0xx_hal_spi.c ****   {
 3497              		.loc 1 1639 11 is_stmt 0 view .LVU1091
 3498 0004 5D23     		movs	r3, #93
 3499 0006 C35C     		ldrb	r3, [r0, r3]
 3500 0008 D8B2     		uxtb	r0, r3
 3501              	.LVL253:
1639:Drivers/STM32G0xx_HAL_Driver/Src/stm32g0xx_hal_spi.c ****   {
 3502              		.loc 1 1639 6 view .LVU1092
 3503 000a 012B     		cmp	r3, #1
 3504 000c 60D1     		bne	.L244
1645:Drivers/STM32G0xx_HAL_Driver/Src/stm32g0xx_hal_spi.c ****   {
 3505              		.loc 1 1645 3 is_stmt 1 view .LVU1093
1645:Drivers/STM32G0xx_HAL_Driver/Src/stm32g0xx_hal_spi.c ****   {
 3506              		.loc 1 1645 18 is_stmt 0 view .LVU1094
 3507 000e A368     		ldr	r3, [r4, #8]
1645:Drivers/STM32G0xx_HAL_Driver/Src/stm32g0xx_hal_spi.c ****   {
 3508              		.loc 1 1645 6 view .LVU1095
 3509 0010 002B     		cmp	r3, #0
 3510 0012 04D1     		bne	.L239
1645:Drivers/STM32G0xx_HAL_Driver/Src/stm32g0xx_hal_spi.c ****   {
 3511              		.loc 1 1645 68 discriminator 1 view .LVU1096
 3512 0014 6568     		ldr	r5, [r4, #4]
1645:Drivers/STM32G0xx_HAL_Driver/Src/stm32g0xx_hal_spi.c ****   {
 3513              		.loc 1 1645 54 discriminator 1 view .LVU1097
 3514 0016 0533     		adds	r3, r3, #5
 3515 0018 FF33     		adds	r3, r3, #255
 3516 001a 9D42     		cmp	r5, r3
 3517 001c 3BD0     		beq	.L247
 3518              	.L239:
1653:Drivers/STM32G0xx_HAL_Driver/Src/stm32g0xx_hal_spi.c ****   {
 3519              		.loc 1 1653 3 is_stmt 1 view .LVU1098
1653:Drivers/STM32G0xx_HAL_Driver/Src/stm32g0xx_hal_spi.c ****   {
 3520              		.loc 1 1653 6 is_stmt 0 view .LVU1099
 3521 001e 0029     		cmp	r1, #0
 3522 0020 57D0     		beq	.L238
1653:Drivers/STM32G0xx_HAL_Driver/Src/stm32g0xx_hal_spi.c ****   {
 3523              		.loc 1 1653 23 discriminator 1 view .LVU1100
 3524 0022 002A     		cmp	r2, #0
 3525 0024 55D0     		beq	.L238
1660:Drivers/STM32G0xx_HAL_Driver/Src/stm32g0xx_hal_spi.c **** 
 3526              		.loc 1 1660 3 is_stmt 1 view .LVU1101
1660:Drivers/STM32G0xx_HAL_Driver/Src/stm32g0xx_hal_spi.c **** 
 3527              		.loc 1 1660 3 view .LVU1102
 3528 0026 5C23     		movs	r3, #92
 3529 0028 E35C     		ldrb	r3, [r4, r3]
 3530 002a 012B     		cmp	r3, #1
 3531 002c 52D0     		beq	.L245
1660:Drivers/STM32G0xx_HAL_Driver/Src/stm32g0xx_hal_spi.c **** 
 3532              		.loc 1 1660 3 discriminator 2 view .LVU1103
 3533 002e 5C23     		movs	r3, #92
ARM GAS  C:\Users\sante\AppData\Local\Temp\cc1VgFnO.s 			page 156


 3534 0030 0120     		movs	r0, #1
 3535 0032 E054     		strb	r0, [r4, r3]
1660:Drivers/STM32G0xx_HAL_Driver/Src/stm32g0xx_hal_spi.c **** 
 3536              		.loc 1 1660 3 view .LVU1104
1663:Drivers/STM32G0xx_HAL_Driver/Src/stm32g0xx_hal_spi.c ****   hspi->ErrorCode   = HAL_SPI_ERROR_NONE;
 3537              		.loc 1 1663 3 view .LVU1105
1663:Drivers/STM32G0xx_HAL_Driver/Src/stm32g0xx_hal_spi.c ****   hspi->ErrorCode   = HAL_SPI_ERROR_NONE;
 3538              		.loc 1 1663 21 is_stmt 0 view .LVU1106
 3539 0034 0133     		adds	r3, r3, #1
 3540 0036 0330     		adds	r0, r0, #3
 3541 0038 E054     		strb	r0, [r4, r3]
1664:Drivers/STM32G0xx_HAL_Driver/Src/stm32g0xx_hal_spi.c ****   hspi->pRxBuffPtr  = (uint8_t *)pData;
 3542              		.loc 1 1664 3 is_stmt 1 view .LVU1107
1664:Drivers/STM32G0xx_HAL_Driver/Src/stm32g0xx_hal_spi.c ****   hspi->pRxBuffPtr  = (uint8_t *)pData;
 3543              		.loc 1 1664 21 is_stmt 0 view .LVU1108
 3544 003a 0023     		movs	r3, #0
 3545 003c 2366     		str	r3, [r4, #96]
1665:Drivers/STM32G0xx_HAL_Driver/Src/stm32g0xx_hal_spi.c ****   hspi->RxXferSize  = Size;
 3546              		.loc 1 1665 3 is_stmt 1 view .LVU1109
1665:Drivers/STM32G0xx_HAL_Driver/Src/stm32g0xx_hal_spi.c ****   hspi->RxXferSize  = Size;
 3547              		.loc 1 1665 21 is_stmt 0 view .LVU1110
 3548 003e 2164     		str	r1, [r4, #64]
1666:Drivers/STM32G0xx_HAL_Driver/Src/stm32g0xx_hal_spi.c ****   hspi->RxXferCount = Size;
 3549              		.loc 1 1666 3 is_stmt 1 view .LVU1111
1666:Drivers/STM32G0xx_HAL_Driver/Src/stm32g0xx_hal_spi.c ****   hspi->RxXferCount = Size;
 3550              		.loc 1 1666 21 is_stmt 0 view .LVU1112
 3551 0040 4421     		movs	r1, #68
 3552              	.LVL254:
1666:Drivers/STM32G0xx_HAL_Driver/Src/stm32g0xx_hal_spi.c ****   hspi->RxXferCount = Size;
 3553              		.loc 1 1666 21 view .LVU1113
 3554 0042 6252     		strh	r2, [r4, r1]
 3555              	.LVL255:
1667:Drivers/STM32G0xx_HAL_Driver/Src/stm32g0xx_hal_spi.c **** 
 3556              		.loc 1 1667 3 is_stmt 1 view .LVU1114
1667:Drivers/STM32G0xx_HAL_Driver/Src/stm32g0xx_hal_spi.c **** 
 3557              		.loc 1 1667 21 is_stmt 0 view .LVU1115
 3558 0044 0231     		adds	r1, r1, #2
 3559 0046 6252     		strh	r2, [r4, r1]
1670:Drivers/STM32G0xx_HAL_Driver/Src/stm32g0xx_hal_spi.c ****   hspi->TxXferSize  = 0U;
 3560              		.loc 1 1670 3 is_stmt 1 view .LVU1116
1670:Drivers/STM32G0xx_HAL_Driver/Src/stm32g0xx_hal_spi.c ****   hspi->TxXferSize  = 0U;
 3561              		.loc 1 1670 21 is_stmt 0 view .LVU1117
 3562 0048 A363     		str	r3, [r4, #56]
1671:Drivers/STM32G0xx_HAL_Driver/Src/stm32g0xx_hal_spi.c ****   hspi->TxXferCount = 0U;
 3563              		.loc 1 1671 3 is_stmt 1 view .LVU1118
1671:Drivers/STM32G0xx_HAL_Driver/Src/stm32g0xx_hal_spi.c ****   hspi->TxXferCount = 0U;
 3564              		.loc 1 1671 21 is_stmt 0 view .LVU1119
 3565 004a A387     		strh	r3, [r4, #60]
1672:Drivers/STM32G0xx_HAL_Driver/Src/stm32g0xx_hal_spi.c ****   hspi->TxISR       = NULL;
 3566              		.loc 1 1672 3 is_stmt 1 view .LVU1120
1672:Drivers/STM32G0xx_HAL_Driver/Src/stm32g0xx_hal_spi.c ****   hspi->TxISR       = NULL;
 3567              		.loc 1 1672 21 is_stmt 0 view .LVU1121
 3568 004c E387     		strh	r3, [r4, #62]
1673:Drivers/STM32G0xx_HAL_Driver/Src/stm32g0xx_hal_spi.c **** 
 3569              		.loc 1 1673 3 is_stmt 1 view .LVU1122
1673:Drivers/STM32G0xx_HAL_Driver/Src/stm32g0xx_hal_spi.c **** 
 3570              		.loc 1 1673 21 is_stmt 0 view .LVU1123
ARM GAS  C:\Users\sante\AppData\Local\Temp\cc1VgFnO.s 			page 157


 3571 004e 2365     		str	r3, [r4, #80]
1676:Drivers/STM32G0xx_HAL_Driver/Src/stm32g0xx_hal_spi.c ****   {
 3572              		.loc 1 1676 3 is_stmt 1 view .LVU1124
1676:Drivers/STM32G0xx_HAL_Driver/Src/stm32g0xx_hal_spi.c ****   {
 3573              		.loc 1 1676 17 is_stmt 0 view .LVU1125
 3574 0050 E268     		ldr	r2, [r4, #12]
 3575              	.LVL256:
1676:Drivers/STM32G0xx_HAL_Driver/Src/stm32g0xx_hal_spi.c ****   {
 3576              		.loc 1 1676 6 view .LVU1126
 3577 0052 E023     		movs	r3, #224
 3578 0054 DB00     		lsls	r3, r3, #3
 3579 0056 9A42     		cmp	r2, r3
 3580 0058 26D9     		bls	.L240
1679:Drivers/STM32G0xx_HAL_Driver/Src/stm32g0xx_hal_spi.c ****     hspi->RxISR = SPI_RxISR_16BIT;
 3581              		.loc 1 1679 5 is_stmt 1 view .LVU1127
 3582 005a 2268     		ldr	r2, [r4]
 3583 005c 5368     		ldr	r3, [r2, #4]
 3584 005e 1E49     		ldr	r1, .L249
 3585 0060 0B40     		ands	r3, r1
 3586 0062 5360     		str	r3, [r2, #4]
1680:Drivers/STM32G0xx_HAL_Driver/Src/stm32g0xx_hal_spi.c ****   }
 3587              		.loc 1 1680 5 view .LVU1128
1680:Drivers/STM32G0xx_HAL_Driver/Src/stm32g0xx_hal_spi.c ****   }
 3588              		.loc 1 1680 17 is_stmt 0 view .LVU1129
 3589 0064 1D4B     		ldr	r3, .L249+4
 3590 0066 E364     		str	r3, [r4, #76]
 3591              	.L241:
1690:Drivers/STM32G0xx_HAL_Driver/Src/stm32g0xx_hal_spi.c ****   {
 3592              		.loc 1 1690 3 is_stmt 1 view .LVU1130
1690:Drivers/STM32G0xx_HAL_Driver/Src/stm32g0xx_hal_spi.c ****   {
 3593              		.loc 1 1690 17 is_stmt 0 view .LVU1131
 3594 0068 A268     		ldr	r2, [r4, #8]
1690:Drivers/STM32G0xx_HAL_Driver/Src/stm32g0xx_hal_spi.c ****   {
 3595              		.loc 1 1690 6 view .LVU1132
 3596 006a 8023     		movs	r3, #128
 3597 006c 1B02     		lsls	r3, r3, #8
 3598 006e 9A42     		cmp	r2, r3
 3599 0070 23D0     		beq	.L248
 3600              	.L242:
1719:Drivers/STM32G0xx_HAL_Driver/Src/stm32g0xx_hal_spi.c ****   {
 3601              		.loc 1 1719 3 is_stmt 1 view .LVU1133
1719:Drivers/STM32G0xx_HAL_Driver/Src/stm32g0xx_hal_spi.c ****   {
 3602              		.loc 1 1719 12 is_stmt 0 view .LVU1134
 3603 0072 2268     		ldr	r2, [r4]
1719:Drivers/STM32G0xx_HAL_Driver/Src/stm32g0xx_hal_spi.c ****   {
 3604              		.loc 1 1719 22 view .LVU1135
 3605 0074 1368     		ldr	r3, [r2]
1719:Drivers/STM32G0xx_HAL_Driver/Src/stm32g0xx_hal_spi.c ****   {
 3606              		.loc 1 1719 6 view .LVU1136
 3607 0076 5B06     		lsls	r3, r3, #25
 3608 0078 03D4     		bmi	.L243
1722:Drivers/STM32G0xx_HAL_Driver/Src/stm32g0xx_hal_spi.c ****   }
 3609              		.loc 1 1722 5 is_stmt 1 view .LVU1137
 3610 007a 1368     		ldr	r3, [r2]
 3611 007c 4021     		movs	r1, #64
 3612 007e 0B43     		orrs	r3, r1
 3613 0080 1360     		str	r3, [r2]
ARM GAS  C:\Users\sante\AppData\Local\Temp\cc1VgFnO.s 			page 158


 3614              	.L243:
1726:Drivers/STM32G0xx_HAL_Driver/Src/stm32g0xx_hal_spi.c ****   /* Enable RXNE and ERR interrupt */
 3615              		.loc 1 1726 3 view .LVU1138
1726:Drivers/STM32G0xx_HAL_Driver/Src/stm32g0xx_hal_spi.c ****   /* Enable RXNE and ERR interrupt */
 3616              		.loc 1 1726 3 view .LVU1139
 3617 0082 5C23     		movs	r3, #92
 3618 0084 0022     		movs	r2, #0
 3619 0086 E254     		strb	r2, [r4, r3]
1726:Drivers/STM32G0xx_HAL_Driver/Src/stm32g0xx_hal_spi.c ****   /* Enable RXNE and ERR interrupt */
 3620              		.loc 1 1726 3 view .LVU1140
1728:Drivers/STM32G0xx_HAL_Driver/Src/stm32g0xx_hal_spi.c **** 
 3621              		.loc 1 1728 3 view .LVU1141
 3622 0088 2268     		ldr	r2, [r4]
 3623 008a 5368     		ldr	r3, [r2, #4]
 3624 008c 6021     		movs	r1, #96
 3625 008e 0B43     		orrs	r3, r1
 3626 0090 5360     		str	r3, [r2, #4]
1636:Drivers/STM32G0xx_HAL_Driver/Src/stm32g0xx_hal_spi.c **** 
 3627              		.loc 1 1636 21 is_stmt 0 view .LVU1142
 3628 0092 0020     		movs	r0, #0
 3629 0094 1DE0     		b	.L238
 3630              	.LVL257:
 3631              	.L247:
1647:Drivers/STM32G0xx_HAL_Driver/Src/stm32g0xx_hal_spi.c ****     /* Call transmit-receive function to send Dummy data on Tx line and generate clock on CLK line 
 3632              		.loc 1 1647 5 is_stmt 1 view .LVU1143
1647:Drivers/STM32G0xx_HAL_Driver/Src/stm32g0xx_hal_spi.c ****     /* Call transmit-receive function to send Dummy data on Tx line and generate clock on CLK line 
 3633              		.loc 1 1647 17 is_stmt 0 view .LVU1144
 3634 0096 A73B     		subs	r3, r3, #167
 3635 0098 0420     		movs	r0, #4
 3636 009a E054     		strb	r0, [r4, r3]
1649:Drivers/STM32G0xx_HAL_Driver/Src/stm32g0xx_hal_spi.c ****   }
 3637              		.loc 1 1649 5 is_stmt 1 view .LVU1145
1649:Drivers/STM32G0xx_HAL_Driver/Src/stm32g0xx_hal_spi.c ****   }
 3638              		.loc 1 1649 12 is_stmt 0 view .LVU1146
 3639 009c 1300     		movs	r3, r2
 3640 009e 0A00     		movs	r2, r1
 3641              	.LVL258:
1649:Drivers/STM32G0xx_HAL_Driver/Src/stm32g0xx_hal_spi.c ****   }
 3642              		.loc 1 1649 12 view .LVU1147
 3643 00a0 2000     		movs	r0, r4
 3644 00a2 FFF7FEFF 		bl	HAL_SPI_TransmitReceive_IT
 3645              	.LVL259:
1649:Drivers/STM32G0xx_HAL_Driver/Src/stm32g0xx_hal_spi.c ****   }
 3646              		.loc 1 1649 12 view .LVU1148
 3647 00a6 14E0     		b	.L238
 3648              	.L240:
1685:Drivers/STM32G0xx_HAL_Driver/Src/stm32g0xx_hal_spi.c ****     hspi->RxISR = SPI_RxISR_8BIT;
 3649              		.loc 1 1685 5 is_stmt 1 view .LVU1149
 3650 00a8 2268     		ldr	r2, [r4]
 3651 00aa 5168     		ldr	r1, [r2, #4]
 3652 00ac 8023     		movs	r3, #128
 3653 00ae 5B01     		lsls	r3, r3, #5
 3654 00b0 0B43     		orrs	r3, r1
 3655 00b2 5360     		str	r3, [r2, #4]
1686:Drivers/STM32G0xx_HAL_Driver/Src/stm32g0xx_hal_spi.c ****   }
 3656              		.loc 1 1686 5 view .LVU1150
1686:Drivers/STM32G0xx_HAL_Driver/Src/stm32g0xx_hal_spi.c ****   }
ARM GAS  C:\Users\sante\AppData\Local\Temp\cc1VgFnO.s 			page 159


 3657              		.loc 1 1686 17 is_stmt 0 view .LVU1151
 3658 00b4 0A4B     		ldr	r3, .L249+8
 3659 00b6 E364     		str	r3, [r4, #76]
 3660 00b8 D6E7     		b	.L241
 3661              	.L248:
1693:Drivers/STM32G0xx_HAL_Driver/Src/stm32g0xx_hal_spi.c ****     SPI_1LINE_RX(hspi);
 3662              		.loc 1 1693 5 is_stmt 1 view .LVU1152
 3663 00ba 2268     		ldr	r2, [r4]
 3664 00bc 1368     		ldr	r3, [r2]
 3665 00be 4021     		movs	r1, #64
 3666 00c0 8B43     		bics	r3, r1
 3667 00c2 1360     		str	r3, [r2]
1694:Drivers/STM32G0xx_HAL_Driver/Src/stm32g0xx_hal_spi.c ****   }
 3668              		.loc 1 1694 5 view .LVU1153
 3669 00c4 2268     		ldr	r2, [r4]
 3670 00c6 1368     		ldr	r3, [r2]
 3671 00c8 0649     		ldr	r1, .L249+12
 3672 00ca 0B40     		ands	r3, r1
 3673 00cc 1360     		str	r3, [r2]
 3674 00ce D0E7     		b	.L242
 3675              	.LVL260:
 3676              	.L244:
1641:Drivers/STM32G0xx_HAL_Driver/Src/stm32g0xx_hal_spi.c ****     goto error;
 3677              		.loc 1 1641 15 is_stmt 0 view .LVU1154
 3678 00d0 0220     		movs	r0, #2
 3679              	.LVL261:
 3680              	.L238:
1732:Drivers/STM32G0xx_HAL_Driver/Src/stm32g0xx_hal_spi.c **** 
 3681              		.loc 1 1732 1 view .LVU1155
 3682              		@ sp needed
 3683              	.LVL262:
1732:Drivers/STM32G0xx_HAL_Driver/Src/stm32g0xx_hal_spi.c **** 
 3684              		.loc 1 1732 1 view .LVU1156
 3685 00d2 70BD     		pop	{r4, r5, r6, pc}
 3686              	.LVL263:
 3687              	.L245:
1660:Drivers/STM32G0xx_HAL_Driver/Src/stm32g0xx_hal_spi.c **** 
 3688              		.loc 1 1660 3 discriminator 1 view .LVU1157
 3689 00d4 0220     		movs	r0, #2
 3690 00d6 FCE7     		b	.L238
 3691              	.L250:
 3692              		.align	2
 3693              	.L249:
 3694 00d8 FFEFFFFF 		.word	-4097
 3695 00dc 00000000 		.word	SPI_RxISR_16BIT
 3696 00e0 00000000 		.word	SPI_RxISR_8BIT
 3697 00e4 FFBFFFFF 		.word	-16385
 3698              		.cfi_endproc
 3699              	.LFE501:
 3701              		.section	.text.HAL_SPI_Transmit_DMA,"ax",%progbits
 3702              		.align	1
 3703              		.global	HAL_SPI_Transmit_DMA
 3704              		.syntax unified
 3705              		.code	16
 3706              		.thumb_func
 3708              	HAL_SPI_Transmit_DMA:
 3709              	.LVL264:
ARM GAS  C:\Users\sante\AppData\Local\Temp\cc1VgFnO.s 			page 160


 3710              	.LFB503:
1854:Drivers/STM32G0xx_HAL_Driver/Src/stm32g0xx_hal_spi.c ****   HAL_StatusTypeDef errorcode = HAL_OK;
 3711              		.loc 1 1854 1 is_stmt 1 view -0
 3712              		.cfi_startproc
 3713              		@ args = 0, pretend = 0, frame = 0
 3714              		@ frame_needed = 0, uses_anonymous_args = 0
1854:Drivers/STM32G0xx_HAL_Driver/Src/stm32g0xx_hal_spi.c ****   HAL_StatusTypeDef errorcode = HAL_OK;
 3715              		.loc 1 1854 1 is_stmt 0 view .LVU1159
 3716 0000 70B5     		push	{r4, r5, r6, lr}
 3717              		.cfi_def_cfa_offset 16
 3718              		.cfi_offset 4, -16
 3719              		.cfi_offset 5, -12
 3720              		.cfi_offset 6, -8
 3721              		.cfi_offset 14, -4
 3722 0002 0400     		movs	r4, r0
1855:Drivers/STM32G0xx_HAL_Driver/Src/stm32g0xx_hal_spi.c **** 
 3723              		.loc 1 1855 3 is_stmt 1 view .LVU1160
 3724              	.LVL265:
1858:Drivers/STM32G0xx_HAL_Driver/Src/stm32g0xx_hal_spi.c **** 
 3725              		.loc 1 1858 3 view .LVU1161
1861:Drivers/STM32G0xx_HAL_Driver/Src/stm32g0xx_hal_spi.c **** 
 3726              		.loc 1 1861 3 view .LVU1162
1864:Drivers/STM32G0xx_HAL_Driver/Src/stm32g0xx_hal_spi.c **** 
 3727              		.loc 1 1864 3 view .LVU1163
1864:Drivers/STM32G0xx_HAL_Driver/Src/stm32g0xx_hal_spi.c **** 
 3728              		.loc 1 1864 3 view .LVU1164
 3729 0004 5C23     		movs	r3, #92
 3730 0006 C35C     		ldrb	r3, [r0, r3]
 3731 0008 012B     		cmp	r3, #1
 3732 000a 00D1     		bne	.LCB3482
 3733 000c 86E0     		b	.L259	@long jump
 3734              	.LCB3482:
1864:Drivers/STM32G0xx_HAL_Driver/Src/stm32g0xx_hal_spi.c **** 
 3735              		.loc 1 1864 3 discriminator 2 view .LVU1165
 3736 000e 5C23     		movs	r3, #92
 3737 0010 0120     		movs	r0, #1
 3738              	.LVL266:
1864:Drivers/STM32G0xx_HAL_Driver/Src/stm32g0xx_hal_spi.c **** 
 3739              		.loc 1 1864 3 is_stmt 0 discriminator 2 view .LVU1166
 3740 0012 E054     		strb	r0, [r4, r3]
1864:Drivers/STM32G0xx_HAL_Driver/Src/stm32g0xx_hal_spi.c **** 
 3741              		.loc 1 1864 3 is_stmt 1 view .LVU1167
1866:Drivers/STM32G0xx_HAL_Driver/Src/stm32g0xx_hal_spi.c ****   {
 3742              		.loc 1 1866 3 view .LVU1168
1866:Drivers/STM32G0xx_HAL_Driver/Src/stm32g0xx_hal_spi.c ****   {
 3743              		.loc 1 1866 11 is_stmt 0 view .LVU1169
 3744 0014 0133     		adds	r3, r3, #1
 3745 0016 E35C     		ldrb	r3, [r4, r3]
 3746 0018 DDB2     		uxtb	r5, r3
1866:Drivers/STM32G0xx_HAL_Driver/Src/stm32g0xx_hal_spi.c ****   {
 3747              		.loc 1 1866 6 view .LVU1170
 3748 001a 012B     		cmp	r3, #1
 3749 001c 78D1     		bne	.L260
1872:Drivers/STM32G0xx_HAL_Driver/Src/stm32g0xx_hal_spi.c ****   {
 3750              		.loc 1 1872 3 is_stmt 1 view .LVU1171
1872:Drivers/STM32G0xx_HAL_Driver/Src/stm32g0xx_hal_spi.c ****   {
 3751              		.loc 1 1872 6 is_stmt 0 view .LVU1172
ARM GAS  C:\Users\sante\AppData\Local\Temp\cc1VgFnO.s 			page 161


 3752 001e 0029     		cmp	r1, #0
 3753 0020 77D0     		beq	.L253
1872:Drivers/STM32G0xx_HAL_Driver/Src/stm32g0xx_hal_spi.c ****   {
 3754              		.loc 1 1872 23 discriminator 1 view .LVU1173
 3755 0022 002A     		cmp	r2, #0
 3756 0024 75D0     		beq	.L253
1879:Drivers/STM32G0xx_HAL_Driver/Src/stm32g0xx_hal_spi.c ****   hspi->ErrorCode   = HAL_SPI_ERROR_NONE;
 3757              		.loc 1 1879 3 is_stmt 1 view .LVU1174
1879:Drivers/STM32G0xx_HAL_Driver/Src/stm32g0xx_hal_spi.c ****   hspi->ErrorCode   = HAL_SPI_ERROR_NONE;
 3758              		.loc 1 1879 21 is_stmt 0 view .LVU1175
 3759 0026 5C33     		adds	r3, r3, #92
 3760 0028 0230     		adds	r0, r0, #2
 3761 002a E054     		strb	r0, [r4, r3]
1880:Drivers/STM32G0xx_HAL_Driver/Src/stm32g0xx_hal_spi.c ****   hspi->pTxBuffPtr  = (uint8_t *)pData;
 3762              		.loc 1 1880 3 is_stmt 1 view .LVU1176
1880:Drivers/STM32G0xx_HAL_Driver/Src/stm32g0xx_hal_spi.c ****   hspi->pTxBuffPtr  = (uint8_t *)pData;
 3763              		.loc 1 1880 21 is_stmt 0 view .LVU1177
 3764 002c 0023     		movs	r3, #0
 3765 002e 2366     		str	r3, [r4, #96]
1881:Drivers/STM32G0xx_HAL_Driver/Src/stm32g0xx_hal_spi.c ****   hspi->TxXferSize  = Size;
 3766              		.loc 1 1881 3 is_stmt 1 view .LVU1178
1881:Drivers/STM32G0xx_HAL_Driver/Src/stm32g0xx_hal_spi.c ****   hspi->TxXferSize  = Size;
 3767              		.loc 1 1881 21 is_stmt 0 view .LVU1179
 3768 0030 A163     		str	r1, [r4, #56]
1882:Drivers/STM32G0xx_HAL_Driver/Src/stm32g0xx_hal_spi.c ****   hspi->TxXferCount = Size;
 3769              		.loc 1 1882 3 is_stmt 1 view .LVU1180
1882:Drivers/STM32G0xx_HAL_Driver/Src/stm32g0xx_hal_spi.c ****   hspi->TxXferCount = Size;
 3770              		.loc 1 1882 21 is_stmt 0 view .LVU1181
 3771 0032 A287     		strh	r2, [r4, #60]
1883:Drivers/STM32G0xx_HAL_Driver/Src/stm32g0xx_hal_spi.c **** 
 3772              		.loc 1 1883 3 is_stmt 1 view .LVU1182
1883:Drivers/STM32G0xx_HAL_Driver/Src/stm32g0xx_hal_spi.c **** 
 3773              		.loc 1 1883 21 is_stmt 0 view .LVU1183
 3774 0034 E287     		strh	r2, [r4, #62]
1886:Drivers/STM32G0xx_HAL_Driver/Src/stm32g0xx_hal_spi.c ****   hspi->TxISR       = NULL;
 3775              		.loc 1 1886 3 is_stmt 1 view .LVU1184
1886:Drivers/STM32G0xx_HAL_Driver/Src/stm32g0xx_hal_spi.c ****   hspi->TxISR       = NULL;
 3776              		.loc 1 1886 21 is_stmt 0 view .LVU1185
 3777 0036 2364     		str	r3, [r4, #64]
1887:Drivers/STM32G0xx_HAL_Driver/Src/stm32g0xx_hal_spi.c ****   hspi->RxISR       = NULL;
 3778              		.loc 1 1887 3 is_stmt 1 view .LVU1186
1887:Drivers/STM32G0xx_HAL_Driver/Src/stm32g0xx_hal_spi.c ****   hspi->RxISR       = NULL;
 3779              		.loc 1 1887 21 is_stmt 0 view .LVU1187
 3780 0038 2365     		str	r3, [r4, #80]
1888:Drivers/STM32G0xx_HAL_Driver/Src/stm32g0xx_hal_spi.c ****   hspi->RxXferSize  = 0U;
 3781              		.loc 1 1888 3 is_stmt 1 view .LVU1188
1888:Drivers/STM32G0xx_HAL_Driver/Src/stm32g0xx_hal_spi.c ****   hspi->RxXferSize  = 0U;
 3782              		.loc 1 1888 21 is_stmt 0 view .LVU1189
 3783 003a E364     		str	r3, [r4, #76]
1889:Drivers/STM32G0xx_HAL_Driver/Src/stm32g0xx_hal_spi.c ****   hspi->RxXferCount = 0U;
 3784              		.loc 1 1889 3 is_stmt 1 view .LVU1190
1889:Drivers/STM32G0xx_HAL_Driver/Src/stm32g0xx_hal_spi.c ****   hspi->RxXferCount = 0U;
 3785              		.loc 1 1889 21 is_stmt 0 view .LVU1191
 3786 003c 4422     		movs	r2, #68
 3787              	.LVL267:
1889:Drivers/STM32G0xx_HAL_Driver/Src/stm32g0xx_hal_spi.c ****   hspi->RxXferCount = 0U;
 3788              		.loc 1 1889 21 view .LVU1192
ARM GAS  C:\Users\sante\AppData\Local\Temp\cc1VgFnO.s 			page 162


 3789 003e A352     		strh	r3, [r4, r2]
 3790              	.LVL268:
1890:Drivers/STM32G0xx_HAL_Driver/Src/stm32g0xx_hal_spi.c **** 
 3791              		.loc 1 1890 3 is_stmt 1 view .LVU1193
1890:Drivers/STM32G0xx_HAL_Driver/Src/stm32g0xx_hal_spi.c **** 
 3792              		.loc 1 1890 21 is_stmt 0 view .LVU1194
 3793 0040 0232     		adds	r2, r2, #2
 3794 0042 A352     		strh	r3, [r4, r2]
1893:Drivers/STM32G0xx_HAL_Driver/Src/stm32g0xx_hal_spi.c ****   {
 3795              		.loc 1 1893 3 is_stmt 1 view .LVU1195
1893:Drivers/STM32G0xx_HAL_Driver/Src/stm32g0xx_hal_spi.c ****   {
 3796              		.loc 1 1893 17 is_stmt 0 view .LVU1196
 3797 0044 A268     		ldr	r2, [r4, #8]
1893:Drivers/STM32G0xx_HAL_Driver/Src/stm32g0xx_hal_spi.c ****   {
 3798              		.loc 1 1893 6 view .LVU1197
 3799 0046 8023     		movs	r3, #128
 3800 0048 1B02     		lsls	r3, r3, #8
 3801 004a 9A42     		cmp	r2, r3
 3802 004c 39D0     		beq	.L262
 3803              	.LVL269:
 3804              	.L254:
1909:Drivers/STM32G0xx_HAL_Driver/Src/stm32g0xx_hal_spi.c **** 
 3805              		.loc 1 1909 3 is_stmt 1 view .LVU1198
1909:Drivers/STM32G0xx_HAL_Driver/Src/stm32g0xx_hal_spi.c **** 
 3806              		.loc 1 1909 7 is_stmt 0 view .LVU1199
 3807 004e 636D     		ldr	r3, [r4, #84]
1909:Drivers/STM32G0xx_HAL_Driver/Src/stm32g0xx_hal_spi.c **** 
 3808              		.loc 1 1909 38 view .LVU1200
 3809 0050 334A     		ldr	r2, .L265
 3810 0052 1A63     		str	r2, [r3, #48]
1912:Drivers/STM32G0xx_HAL_Driver/Src/stm32g0xx_hal_spi.c **** 
 3811              		.loc 1 1912 3 is_stmt 1 view .LVU1201
1912:Drivers/STM32G0xx_HAL_Driver/Src/stm32g0xx_hal_spi.c **** 
 3812              		.loc 1 1912 7 is_stmt 0 view .LVU1202
 3813 0054 636D     		ldr	r3, [r4, #84]
1912:Drivers/STM32G0xx_HAL_Driver/Src/stm32g0xx_hal_spi.c **** 
 3814              		.loc 1 1912 34 view .LVU1203
 3815 0056 334A     		ldr	r2, .L265+4
 3816 0058 DA62     		str	r2, [r3, #44]
1915:Drivers/STM32G0xx_HAL_Driver/Src/stm32g0xx_hal_spi.c **** 
 3817              		.loc 1 1915 3 is_stmt 1 view .LVU1204
1915:Drivers/STM32G0xx_HAL_Driver/Src/stm32g0xx_hal_spi.c **** 
 3818              		.loc 1 1915 7 is_stmt 0 view .LVU1205
 3819 005a 636D     		ldr	r3, [r4, #84]
1915:Drivers/STM32G0xx_HAL_Driver/Src/stm32g0xx_hal_spi.c **** 
 3820              		.loc 1 1915 35 view .LVU1206
 3821 005c 324A     		ldr	r2, .L265+8
 3822 005e 5A63     		str	r2, [r3, #52]
1918:Drivers/STM32G0xx_HAL_Driver/Src/stm32g0xx_hal_spi.c **** 
 3823              		.loc 1 1918 3 is_stmt 1 view .LVU1207
1918:Drivers/STM32G0xx_HAL_Driver/Src/stm32g0xx_hal_spi.c **** 
 3824              		.loc 1 1918 7 is_stmt 0 view .LVU1208
 3825 0060 636D     		ldr	r3, [r4, #84]
1918:Drivers/STM32G0xx_HAL_Driver/Src/stm32g0xx_hal_spi.c **** 
 3826              		.loc 1 1918 35 view .LVU1209
 3827 0062 0022     		movs	r2, #0
 3828 0064 9A63     		str	r2, [r3, #56]
ARM GAS  C:\Users\sante\AppData\Local\Temp\cc1VgFnO.s 			page 163


1920:Drivers/STM32G0xx_HAL_Driver/Src/stm32g0xx_hal_spi.c ****   /* Packing mode is enabled only if the DMA setting is HALWORD */
 3829              		.loc 1 1920 3 is_stmt 1 view .LVU1210
 3830 0066 2268     		ldr	r2, [r4]
 3831 0068 5368     		ldr	r3, [r2, #4]
 3832 006a 3049     		ldr	r1, .L265+12
 3833 006c 0B40     		ands	r3, r1
 3834 006e 5360     		str	r3, [r2, #4]
1922:Drivers/STM32G0xx_HAL_Driver/Src/stm32g0xx_hal_spi.c ****   {
 3835              		.loc 1 1922 3 view .LVU1211
1922:Drivers/STM32G0xx_HAL_Driver/Src/stm32g0xx_hal_spi.c ****   {
 3836              		.loc 1 1922 18 is_stmt 0 view .LVU1212
 3837 0070 E268     		ldr	r2, [r4, #12]
1922:Drivers/STM32G0xx_HAL_Driver/Src/stm32g0xx_hal_spi.c ****   {
 3838              		.loc 1 1922 6 view .LVU1213
 3839 0072 E023     		movs	r3, #224
 3840 0074 DB00     		lsls	r3, r3, #3
 3841 0076 9A42     		cmp	r2, r3
 3842 0078 05D8     		bhi	.L255
1922:Drivers/STM32G0xx_HAL_Driver/Src/stm32g0xx_hal_spi.c ****   {
 3843              		.loc 1 1922 58 discriminator 1 view .LVU1214
 3844 007a 636D     		ldr	r3, [r4, #84]
1922:Drivers/STM32G0xx_HAL_Driver/Src/stm32g0xx_hal_spi.c ****   {
 3845              		.loc 1 1922 72 discriminator 1 view .LVU1215
 3846 007c 9A69     		ldr	r2, [r3, #24]
1922:Drivers/STM32G0xx_HAL_Driver/Src/stm32g0xx_hal_spi.c ****   {
 3847              		.loc 1 1922 50 discriminator 1 view .LVU1216
 3848 007e 8023     		movs	r3, #128
 3849 0080 DB00     		lsls	r3, r3, #3
 3850 0082 9A42     		cmp	r2, r3
 3851 0084 29D0     		beq	.L263
 3852              	.L255:
1938:Drivers/STM32G0xx_HAL_Driver/Src/stm32g0xx_hal_spi.c ****                                  hspi->TxXferCount))
 3853              		.loc 1 1938 3 is_stmt 1 view .LVU1217
1938:Drivers/STM32G0xx_HAL_Driver/Src/stm32g0xx_hal_spi.c ****                                  hspi->TxXferCount))
 3854              		.loc 1 1938 62 is_stmt 0 view .LVU1218
 3855 0086 A16B     		ldr	r1, [r4, #56]
1938:Drivers/STM32G0xx_HAL_Driver/Src/stm32g0xx_hal_spi.c ****                                  hspi->TxXferCount))
 3856              		.loc 1 1938 91 view .LVU1219
 3857 0088 2268     		ldr	r2, [r4]
1938:Drivers/STM32G0xx_HAL_Driver/Src/stm32g0xx_hal_spi.c ****                                  hspi->TxXferCount))
 3858              		.loc 1 1938 86 view .LVU1220
 3859 008a 0C32     		adds	r2, r2, #12
1939:Drivers/STM32G0xx_HAL_Driver/Src/stm32g0xx_hal_spi.c ****   {
 3860              		.loc 1 1939 38 view .LVU1221
 3861 008c E38F     		ldrh	r3, [r4, #62]
 3862 008e 9BB2     		uxth	r3, r3
1938:Drivers/STM32G0xx_HAL_Driver/Src/stm32g0xx_hal_spi.c ****                                  hspi->TxXferCount))
 3863              		.loc 1 1938 17 view .LVU1222
 3864 0090 606D     		ldr	r0, [r4, #84]
 3865 0092 FFF7FEFF 		bl	HAL_DMA_Start_IT
 3866              	.LVL270:
1938:Drivers/STM32G0xx_HAL_Driver/Src/stm32g0xx_hal_spi.c ****                                  hspi->TxXferCount))
 3867              		.loc 1 1938 6 discriminator 1 view .LVU1223
 3868 0096 0028     		cmp	r0, #0
 3869 0098 35D1     		bne	.L264
1949:Drivers/STM32G0xx_HAL_Driver/Src/stm32g0xx_hal_spi.c ****   {
 3870              		.loc 1 1949 3 is_stmt 1 view .LVU1224
ARM GAS  C:\Users\sante\AppData\Local\Temp\cc1VgFnO.s 			page 164


1949:Drivers/STM32G0xx_HAL_Driver/Src/stm32g0xx_hal_spi.c ****   {
 3871              		.loc 1 1949 12 is_stmt 0 view .LVU1225
 3872 009a 2368     		ldr	r3, [r4]
1949:Drivers/STM32G0xx_HAL_Driver/Src/stm32g0xx_hal_spi.c ****   {
 3873              		.loc 1 1949 22 view .LVU1226
 3874 009c 1A68     		ldr	r2, [r3]
1949:Drivers/STM32G0xx_HAL_Driver/Src/stm32g0xx_hal_spi.c ****   {
 3875              		.loc 1 1949 6 view .LVU1227
 3876 009e 5206     		lsls	r2, r2, #25
 3877 00a0 03D4     		bmi	.L258
1952:Drivers/STM32G0xx_HAL_Driver/Src/stm32g0xx_hal_spi.c ****   }
 3878              		.loc 1 1952 5 is_stmt 1 view .LVU1228
 3879 00a2 1A68     		ldr	r2, [r3]
 3880 00a4 4021     		movs	r1, #64
 3881 00a6 0A43     		orrs	r2, r1
 3882 00a8 1A60     		str	r2, [r3]
 3883              	.L258:
1956:Drivers/STM32G0xx_HAL_Driver/Src/stm32g0xx_hal_spi.c **** 
 3884              		.loc 1 1956 3 view .LVU1229
 3885 00aa 2268     		ldr	r2, [r4]
 3886 00ac 5368     		ldr	r3, [r2, #4]
 3887 00ae 2021     		movs	r1, #32
 3888 00b0 0B43     		orrs	r3, r1
 3889 00b2 5360     		str	r3, [r2, #4]
1959:Drivers/STM32G0xx_HAL_Driver/Src/stm32g0xx_hal_spi.c **** 
 3890              		.loc 1 1959 3 view .LVU1230
 3891 00b4 2268     		ldr	r2, [r4]
 3892 00b6 5368     		ldr	r3, [r2, #4]
 3893 00b8 1E39     		subs	r1, r1, #30
 3894 00ba 0B43     		orrs	r3, r1
 3895 00bc 5360     		str	r3, [r2, #4]
1855:Drivers/STM32G0xx_HAL_Driver/Src/stm32g0xx_hal_spi.c **** 
 3896              		.loc 1 1855 21 is_stmt 0 view .LVU1231
 3897 00be 0500     		movs	r5, r0
 3898 00c0 27E0     		b	.L253
 3899              	.LVL271:
 3900              	.L262:
1896:Drivers/STM32G0xx_HAL_Driver/Src/stm32g0xx_hal_spi.c ****     SPI_1LINE_TX(hspi);
 3901              		.loc 1 1896 5 is_stmt 1 view .LVU1232
 3902 00c2 2268     		ldr	r2, [r4]
 3903 00c4 1368     		ldr	r3, [r2]
 3904 00c6 4021     		movs	r1, #64
 3905              	.LVL272:
1896:Drivers/STM32G0xx_HAL_Driver/Src/stm32g0xx_hal_spi.c ****     SPI_1LINE_TX(hspi);
 3906              		.loc 1 1896 5 is_stmt 0 view .LVU1233
 3907 00c8 8B43     		bics	r3, r1
 3908 00ca 1360     		str	r3, [r2]
1897:Drivers/STM32G0xx_HAL_Driver/Src/stm32g0xx_hal_spi.c ****   }
 3909              		.loc 1 1897 5 is_stmt 1 view .LVU1234
 3910 00cc 2268     		ldr	r2, [r4]
 3911 00ce 1168     		ldr	r1, [r2]
 3912 00d0 8023     		movs	r3, #128
 3913 00d2 DB01     		lsls	r3, r3, #7
 3914 00d4 0B43     		orrs	r3, r1
 3915 00d6 1360     		str	r3, [r2]
 3916 00d8 B9E7     		b	.L254
 3917              	.L263:
ARM GAS  C:\Users\sante\AppData\Local\Temp\cc1VgFnO.s 			page 165


1925:Drivers/STM32G0xx_HAL_Driver/Src/stm32g0xx_hal_spi.c ****     {
 3918              		.loc 1 1925 5 view .LVU1235
1925:Drivers/STM32G0xx_HAL_Driver/Src/stm32g0xx_hal_spi.c ****     {
 3919              		.loc 1 1925 14 is_stmt 0 view .LVU1236
 3920 00da E38F     		ldrh	r3, [r4, #62]
1925:Drivers/STM32G0xx_HAL_Driver/Src/stm32g0xx_hal_spi.c ****     {
 3921              		.loc 1 1925 8 view .LVU1237
 3922 00dc DB07     		lsls	r3, r3, #31
 3923 00de 07D4     		bmi	.L256
1927:Drivers/STM32G0xx_HAL_Driver/Src/stm32g0xx_hal_spi.c ****       hspi->TxXferCount = (hspi->TxXferCount >> 1U);
 3924              		.loc 1 1927 7 is_stmt 1 view .LVU1238
 3925 00e0 2268     		ldr	r2, [r4]
 3926 00e2 5368     		ldr	r3, [r2, #4]
 3927 00e4 0B40     		ands	r3, r1
 3928 00e6 5360     		str	r3, [r2, #4]
1928:Drivers/STM32G0xx_HAL_Driver/Src/stm32g0xx_hal_spi.c ****     }
 3929              		.loc 1 1928 7 view .LVU1239
1928:Drivers/STM32G0xx_HAL_Driver/Src/stm32g0xx_hal_spi.c ****     }
 3930              		.loc 1 1928 32 is_stmt 0 view .LVU1240
 3931 00e8 E38F     		ldrh	r3, [r4, #62]
1928:Drivers/STM32G0xx_HAL_Driver/Src/stm32g0xx_hal_spi.c ****     }
 3932              		.loc 1 1928 25 view .LVU1241
 3933 00ea 5B08     		lsrs	r3, r3, #1
 3934 00ec E387     		strh	r3, [r4, #62]
 3935 00ee CAE7     		b	.L255
 3936              	.L256:
1932:Drivers/STM32G0xx_HAL_Driver/Src/stm32g0xx_hal_spi.c ****       hspi->TxXferCount = (hspi->TxXferCount >> 1U) + 1U;
 3937              		.loc 1 1932 7 is_stmt 1 view .LVU1242
 3938 00f0 2268     		ldr	r2, [r4]
 3939 00f2 5168     		ldr	r1, [r2, #4]
 3940 00f4 8023     		movs	r3, #128
 3941 00f6 DB01     		lsls	r3, r3, #7
 3942 00f8 0B43     		orrs	r3, r1
 3943 00fa 5360     		str	r3, [r2, #4]
1933:Drivers/STM32G0xx_HAL_Driver/Src/stm32g0xx_hal_spi.c ****     }
 3944              		.loc 1 1933 7 view .LVU1243
1933:Drivers/STM32G0xx_HAL_Driver/Src/stm32g0xx_hal_spi.c ****     }
 3945              		.loc 1 1933 32 is_stmt 0 view .LVU1244
 3946 00fc E38F     		ldrh	r3, [r4, #62]
1933:Drivers/STM32G0xx_HAL_Driver/Src/stm32g0xx_hal_spi.c ****     }
 3947              		.loc 1 1933 53 view .LVU1245
 3948 00fe 5B08     		lsrs	r3, r3, #1
 3949 0100 0133     		adds	r3, r3, #1
1933:Drivers/STM32G0xx_HAL_Driver/Src/stm32g0xx_hal_spi.c ****     }
 3950              		.loc 1 1933 25 view .LVU1246
 3951 0102 E387     		strh	r3, [r4, #62]
 3952 0104 BFE7     		b	.L255
 3953              	.L264:
1942:Drivers/STM32G0xx_HAL_Driver/Src/stm32g0xx_hal_spi.c ****     errorcode = HAL_ERROR;
 3954              		.loc 1 1942 5 is_stmt 1 view .LVU1247
 3955 0106 236E     		ldr	r3, [r4, #96]
 3956 0108 1022     		movs	r2, #16
 3957 010a 1343     		orrs	r3, r2
 3958 010c 2366     		str	r3, [r4, #96]
1943:Drivers/STM32G0xx_HAL_Driver/Src/stm32g0xx_hal_spi.c **** 
 3959              		.loc 1 1943 5 view .LVU1248
 3960              	.LVL273:
ARM GAS  C:\Users\sante\AppData\Local\Temp\cc1VgFnO.s 			page 166


1945:Drivers/STM32G0xx_HAL_Driver/Src/stm32g0xx_hal_spi.c ****   }
 3961              		.loc 1 1945 5 view .LVU1249
 3962 010e 00E0     		b	.L253
 3963              	.LVL274:
 3964              	.L260:
1868:Drivers/STM32G0xx_HAL_Driver/Src/stm32g0xx_hal_spi.c ****     goto error;
 3965              		.loc 1 1868 15 is_stmt 0 view .LVU1250
 3966 0110 0225     		movs	r5, #2
 3967              	.LVL275:
 3968              	.L253:
1963:Drivers/STM32G0xx_HAL_Driver/Src/stm32g0xx_hal_spi.c ****   return errorcode;
 3969              		.loc 1 1963 3 is_stmt 1 view .LVU1251
1963:Drivers/STM32G0xx_HAL_Driver/Src/stm32g0xx_hal_spi.c ****   return errorcode;
 3970              		.loc 1 1963 3 view .LVU1252
 3971 0112 5C23     		movs	r3, #92
 3972 0114 0022     		movs	r2, #0
 3973 0116 E254     		strb	r2, [r4, r3]
1963:Drivers/STM32G0xx_HAL_Driver/Src/stm32g0xx_hal_spi.c ****   return errorcode;
 3974              		.loc 1 1963 3 view .LVU1253
1964:Drivers/STM32G0xx_HAL_Driver/Src/stm32g0xx_hal_spi.c **** }
 3975              		.loc 1 1964 3 view .LVU1254
 3976              	.LVL276:
 3977              	.L252:
1965:Drivers/STM32G0xx_HAL_Driver/Src/stm32g0xx_hal_spi.c **** 
 3978              		.loc 1 1965 1 is_stmt 0 view .LVU1255
 3979 0118 2800     		movs	r0, r5
 3980              		@ sp needed
 3981              	.LVL277:
1965:Drivers/STM32G0xx_HAL_Driver/Src/stm32g0xx_hal_spi.c **** 
 3982              		.loc 1 1965 1 view .LVU1256
 3983 011a 70BD     		pop	{r4, r5, r6, pc}
 3984              	.LVL278:
 3985              	.L259:
1864:Drivers/STM32G0xx_HAL_Driver/Src/stm32g0xx_hal_spi.c **** 
 3986              		.loc 1 1864 3 discriminator 1 view .LVU1257
 3987 011c 0225     		movs	r5, #2
 3988 011e FBE7     		b	.L252
 3989              	.L266:
 3990              		.align	2
 3991              	.L265:
 3992 0120 00000000 		.word	SPI_DMAHalfTransmitCplt
 3993 0124 00000000 		.word	SPI_DMATransmitCplt
 3994 0128 00000000 		.word	SPI_DMAError
 3995 012c FFBFFFFF 		.word	-16385
 3996              		.cfi_endproc
 3997              	.LFE503:
 3999              		.section	.text.HAL_SPI_TransmitReceive_DMA,"ax",%progbits
 4000              		.align	1
 4001              		.global	HAL_SPI_TransmitReceive_DMA
 4002              		.syntax unified
 4003              		.code	16
 4004              		.thumb_func
 4006              	HAL_SPI_TransmitReceive_DMA:
 4007              	.LVL279:
 4008              	.LFB505:
2123:Drivers/STM32G0xx_HAL_Driver/Src/stm32g0xx_hal_spi.c ****   uint32_t             tmp_mode;
 4009              		.loc 1 2123 1 is_stmt 1 view -0
ARM GAS  C:\Users\sante\AppData\Local\Temp\cc1VgFnO.s 			page 167


 4010              		.cfi_startproc
 4011              		@ args = 0, pretend = 0, frame = 0
 4012              		@ frame_needed = 0, uses_anonymous_args = 0
2123:Drivers/STM32G0xx_HAL_Driver/Src/stm32g0xx_hal_spi.c ****   uint32_t             tmp_mode;
 4013              		.loc 1 2123 1 is_stmt 0 view .LVU1259
 4014 0000 70B5     		push	{r4, r5, r6, lr}
 4015              		.cfi_def_cfa_offset 16
 4016              		.cfi_offset 4, -16
 4017              		.cfi_offset 5, -12
 4018              		.cfi_offset 6, -8
 4019              		.cfi_offset 14, -4
 4020 0002 0400     		movs	r4, r0
2124:Drivers/STM32G0xx_HAL_Driver/Src/stm32g0xx_hal_spi.c ****   HAL_SPI_StateTypeDef tmp_state;
 4021              		.loc 1 2124 3 is_stmt 1 view .LVU1260
2125:Drivers/STM32G0xx_HAL_Driver/Src/stm32g0xx_hal_spi.c ****   HAL_StatusTypeDef errorcode = HAL_OK;
 4022              		.loc 1 2125 3 view .LVU1261
2126:Drivers/STM32G0xx_HAL_Driver/Src/stm32g0xx_hal_spi.c **** 
 4023              		.loc 1 2126 3 view .LVU1262
 4024              	.LVL280:
2129:Drivers/STM32G0xx_HAL_Driver/Src/stm32g0xx_hal_spi.c ****   assert_param(IS_SPI_DMA_HANDLE(hspi->hdmatx));
 4025              		.loc 1 2129 3 view .LVU1263
2130:Drivers/STM32G0xx_HAL_Driver/Src/stm32g0xx_hal_spi.c **** 
 4026              		.loc 1 2130 3 view .LVU1264
2133:Drivers/STM32G0xx_HAL_Driver/Src/stm32g0xx_hal_spi.c **** 
 4027              		.loc 1 2133 3 view .LVU1265
2136:Drivers/STM32G0xx_HAL_Driver/Src/stm32g0xx_hal_spi.c **** 
 4028              		.loc 1 2136 3 view .LVU1266
2136:Drivers/STM32G0xx_HAL_Driver/Src/stm32g0xx_hal_spi.c **** 
 4029              		.loc 1 2136 3 view .LVU1267
 4030 0004 5C20     		movs	r0, #92
 4031              	.LVL281:
2136:Drivers/STM32G0xx_HAL_Driver/Src/stm32g0xx_hal_spi.c **** 
 4032              		.loc 1 2136 3 is_stmt 0 view .LVU1268
 4033 0006 205C     		ldrb	r0, [r4, r0]
 4034 0008 0128     		cmp	r0, #1
 4035 000a 00D1     		bne	.LCB3766
 4036 000c EFE0     		b	.L282	@long jump
 4037              	.LCB3766:
2136:Drivers/STM32G0xx_HAL_Driver/Src/stm32g0xx_hal_spi.c **** 
 4038              		.loc 1 2136 3 is_stmt 1 discriminator 2 view .LVU1269
 4039 000e 5C20     		movs	r0, #92
 4040 0010 0125     		movs	r5, #1
 4041 0012 2554     		strb	r5, [r4, r0]
2136:Drivers/STM32G0xx_HAL_Driver/Src/stm32g0xx_hal_spi.c **** 
 4042              		.loc 1 2136 3 view .LVU1270
2139:Drivers/STM32G0xx_HAL_Driver/Src/stm32g0xx_hal_spi.c ****   tmp_mode            = hspi->Init.Mode;
 4043              		.loc 1 2139 3 view .LVU1271
2139:Drivers/STM32G0xx_HAL_Driver/Src/stm32g0xx_hal_spi.c ****   tmp_mode            = hspi->Init.Mode;
 4044              		.loc 1 2139 23 is_stmt 0 view .LVU1272
 4045 0014 0130     		adds	r0, r0, #1
 4046 0016 205C     		ldrb	r0, [r4, r0]
 4047 0018 C6B2     		uxtb	r6, r0
 4048              	.LVL282:
2140:Drivers/STM32G0xx_HAL_Driver/Src/stm32g0xx_hal_spi.c **** 
 4049              		.loc 1 2140 3 is_stmt 1 view .LVU1273
2140:Drivers/STM32G0xx_HAL_Driver/Src/stm32g0xx_hal_spi.c **** 
 4050              		.loc 1 2140 23 is_stmt 0 view .LVU1274
ARM GAS  C:\Users\sante\AppData\Local\Temp\cc1VgFnO.s 			page 168


 4051 001a 6568     		ldr	r5, [r4, #4]
 4052              	.LVL283:
2142:Drivers/STM32G0xx_HAL_Driver/Src/stm32g0xx_hal_spi.c ****         ((tmp_mode == SPI_MODE_MASTER) && (hspi->Init.Direction == SPI_DIRECTION_2LINES) && (tmp_st
 4053              		.loc 1 2142 3 is_stmt 1 view .LVU1275
2142:Drivers/STM32G0xx_HAL_Driver/Src/stm32g0xx_hal_spi.c ****         ((tmp_mode == SPI_MODE_MASTER) && (hspi->Init.Direction == SPI_DIRECTION_2LINES) && (tmp_st
 4054              		.loc 1 2142 6 is_stmt 0 view .LVU1276
 4055 001c 0128     		cmp	r0, #1
 4056 001e 0BD0     		beq	.L269
2142:Drivers/STM32G0xx_HAL_Driver/Src/stm32g0xx_hal_spi.c ****         ((tmp_mode == SPI_MODE_MASTER) && (hspi->Init.Direction == SPI_DIRECTION_2LINES) && (tmp_st
 4057              		.loc 1 2142 7 discriminator 1 view .LVU1277
 4058 0020 8220     		movs	r0, #130
 4059 0022 4000     		lsls	r0, r0, #1
 4060 0024 8542     		cmp	r5, r0
 4061 0026 00D0     		beq	.LCB3786
 4062 0028 D2E0     		b	.L283	@long jump
 4063              	.LCB3786:
2143:Drivers/STM32G0xx_HAL_Driver/Src/stm32g0xx_hal_spi.c ****   {
 4064              		.loc 1 2143 54 view .LVU1278
 4065 002a A068     		ldr	r0, [r4, #8]
2143:Drivers/STM32G0xx_HAL_Driver/Src/stm32g0xx_hal_spi.c ****   {
 4066              		.loc 1 2143 40 view .LVU1279
 4067 002c 0028     		cmp	r0, #0
 4068 002e 00D0     		beq	.LCB3789
 4069 0030 D3E0     		b	.L284	@long jump
 4070              	.LCB3789:
2143:Drivers/STM32G0xx_HAL_Driver/Src/stm32g0xx_hal_spi.c ****   {
 4071              		.loc 1 2143 90 discriminator 1 view .LVU1280
 4072 0032 042E     		cmp	r6, #4
 4073 0034 00D0     		beq	.LCB3791
 4074 0036 D2E0     		b	.L285	@long jump
 4075              	.LCB3791:
 4076              	.L269:
2149:Drivers/STM32G0xx_HAL_Driver/Src/stm32g0xx_hal_spi.c ****   {
 4077              		.loc 1 2149 3 is_stmt 1 view .LVU1281
2149:Drivers/STM32G0xx_HAL_Driver/Src/stm32g0xx_hal_spi.c ****   {
 4078              		.loc 1 2149 6 is_stmt 0 view .LVU1282
 4079 0038 0029     		cmp	r1, #0
 4080 003a 00D1     		bne	.LCB3795
 4081 003c D1E0     		b	.L286	@long jump
 4082              	.LCB3795:
2149:Drivers/STM32G0xx_HAL_Driver/Src/stm32g0xx_hal_spi.c ****   {
 4083              		.loc 1 2149 25 discriminator 1 view .LVU1283
 4084 003e 002A     		cmp	r2, #0
 4085 0040 00D1     		bne	.LCB3797
 4086 0042 D0E0     		b	.L287	@long jump
 4087              	.LCB3797:
2149:Drivers/STM32G0xx_HAL_Driver/Src/stm32g0xx_hal_spi.c ****   {
 4088              		.loc 1 2149 46 discriminator 2 view .LVU1284
 4089 0044 002B     		cmp	r3, #0
 4090 0046 00D1     		bne	.LCB3799
 4091 0048 CFE0     		b	.L288	@long jump
 4092              	.LCB3799:
2156:Drivers/STM32G0xx_HAL_Driver/Src/stm32g0xx_hal_spi.c ****   {
 4093              		.loc 1 2156 3 is_stmt 1 view .LVU1285
2156:Drivers/STM32G0xx_HAL_Driver/Src/stm32g0xx_hal_spi.c ****   {
 4094              		.loc 1 2156 11 is_stmt 0 view .LVU1286
 4095 004a 5D20     		movs	r0, #93
ARM GAS  C:\Users\sante\AppData\Local\Temp\cc1VgFnO.s 			page 169


 4096 004c 205C     		ldrb	r0, [r4, r0]
2156:Drivers/STM32G0xx_HAL_Driver/Src/stm32g0xx_hal_spi.c ****   {
 4097              		.loc 1 2156 6 view .LVU1287
 4098 004e 0428     		cmp	r0, #4
 4099 0050 02D0     		beq	.L271
2158:Drivers/STM32G0xx_HAL_Driver/Src/stm32g0xx_hal_spi.c ****   }
 4100              		.loc 1 2158 5 is_stmt 1 view .LVU1288
2158:Drivers/STM32G0xx_HAL_Driver/Src/stm32g0xx_hal_spi.c ****   }
 4101              		.loc 1 2158 17 is_stmt 0 view .LVU1289
 4102 0052 5D20     		movs	r0, #93
 4103 0054 0525     		movs	r5, #5
 4104              	.LVL284:
2158:Drivers/STM32G0xx_HAL_Driver/Src/stm32g0xx_hal_spi.c ****   }
 4105              		.loc 1 2158 17 view .LVU1290
 4106 0056 2554     		strb	r5, [r4, r0]
 4107              	.LVL285:
 4108              	.L271:
2162:Drivers/STM32G0xx_HAL_Driver/Src/stm32g0xx_hal_spi.c ****   hspi->pTxBuffPtr  = (uint8_t *)pTxData;
 4109              		.loc 1 2162 3 is_stmt 1 view .LVU1291
2162:Drivers/STM32G0xx_HAL_Driver/Src/stm32g0xx_hal_spi.c ****   hspi->pTxBuffPtr  = (uint8_t *)pTxData;
 4110              		.loc 1 2162 21 is_stmt 0 view .LVU1292
 4111 0058 0020     		movs	r0, #0
 4112 005a 2066     		str	r0, [r4, #96]
2163:Drivers/STM32G0xx_HAL_Driver/Src/stm32g0xx_hal_spi.c ****   hspi->TxXferSize  = Size;
 4113              		.loc 1 2163 3 is_stmt 1 view .LVU1293
2163:Drivers/STM32G0xx_HAL_Driver/Src/stm32g0xx_hal_spi.c ****   hspi->TxXferSize  = Size;
 4114              		.loc 1 2163 21 is_stmt 0 view .LVU1294
 4115 005c A163     		str	r1, [r4, #56]
2164:Drivers/STM32G0xx_HAL_Driver/Src/stm32g0xx_hal_spi.c ****   hspi->TxXferCount = Size;
 4116              		.loc 1 2164 3 is_stmt 1 view .LVU1295
2164:Drivers/STM32G0xx_HAL_Driver/Src/stm32g0xx_hal_spi.c ****   hspi->TxXferCount = Size;
 4117              		.loc 1 2164 21 is_stmt 0 view .LVU1296
 4118 005e A387     		strh	r3, [r4, #60]
2165:Drivers/STM32G0xx_HAL_Driver/Src/stm32g0xx_hal_spi.c ****   hspi->pRxBuffPtr  = (uint8_t *)pRxData;
 4119              		.loc 1 2165 3 is_stmt 1 view .LVU1297
2165:Drivers/STM32G0xx_HAL_Driver/Src/stm32g0xx_hal_spi.c ****   hspi->pRxBuffPtr  = (uint8_t *)pRxData;
 4120              		.loc 1 2165 21 is_stmt 0 view .LVU1298
 4121 0060 E387     		strh	r3, [r4, #62]
2166:Drivers/STM32G0xx_HAL_Driver/Src/stm32g0xx_hal_spi.c ****   hspi->RxXferSize  = Size;
 4122              		.loc 1 2166 3 is_stmt 1 view .LVU1299
2166:Drivers/STM32G0xx_HAL_Driver/Src/stm32g0xx_hal_spi.c ****   hspi->RxXferSize  = Size;
 4123              		.loc 1 2166 21 is_stmt 0 view .LVU1300
 4124 0062 2264     		str	r2, [r4, #64]
2167:Drivers/STM32G0xx_HAL_Driver/Src/stm32g0xx_hal_spi.c ****   hspi->RxXferCount = Size;
 4125              		.loc 1 2167 3 is_stmt 1 view .LVU1301
2167:Drivers/STM32G0xx_HAL_Driver/Src/stm32g0xx_hal_spi.c ****   hspi->RxXferCount = Size;
 4126              		.loc 1 2167 21 is_stmt 0 view .LVU1302
 4127 0064 4422     		movs	r2, #68
 4128              	.LVL286:
2167:Drivers/STM32G0xx_HAL_Driver/Src/stm32g0xx_hal_spi.c ****   hspi->RxXferCount = Size;
 4129              		.loc 1 2167 21 view .LVU1303
 4130 0066 A352     		strh	r3, [r4, r2]
 4131              	.LVL287:
2168:Drivers/STM32G0xx_HAL_Driver/Src/stm32g0xx_hal_spi.c **** 
 4132              		.loc 1 2168 3 is_stmt 1 view .LVU1304
2168:Drivers/STM32G0xx_HAL_Driver/Src/stm32g0xx_hal_spi.c **** 
 4133              		.loc 1 2168 21 is_stmt 0 view .LVU1305
ARM GAS  C:\Users\sante\AppData\Local\Temp\cc1VgFnO.s 			page 170


 4134 0068 0232     		adds	r2, r2, #2
 4135 006a A352     		strh	r3, [r4, r2]
2171:Drivers/STM32G0xx_HAL_Driver/Src/stm32g0xx_hal_spi.c ****   hspi->TxISR       = NULL;
 4136              		.loc 1 2171 3 is_stmt 1 view .LVU1306
2171:Drivers/STM32G0xx_HAL_Driver/Src/stm32g0xx_hal_spi.c ****   hspi->TxISR       = NULL;
 4137              		.loc 1 2171 21 is_stmt 0 view .LVU1307
 4138 006c E064     		str	r0, [r4, #76]
2172:Drivers/STM32G0xx_HAL_Driver/Src/stm32g0xx_hal_spi.c **** 
 4139              		.loc 1 2172 3 is_stmt 1 view .LVU1308
2172:Drivers/STM32G0xx_HAL_Driver/Src/stm32g0xx_hal_spi.c **** 
 4140              		.loc 1 2172 21 is_stmt 0 view .LVU1309
 4141 006e 2065     		str	r0, [r4, #80]
2183:Drivers/STM32G0xx_HAL_Driver/Src/stm32g0xx_hal_spi.c **** 
 4142              		.loc 1 2183 3 is_stmt 1 view .LVU1310
 4143 0070 2268     		ldr	r2, [r4]
 4144 0072 5368     		ldr	r3, [r2, #4]
 4145              	.LVL288:
2183:Drivers/STM32G0xx_HAL_Driver/Src/stm32g0xx_hal_spi.c **** 
 4146              		.loc 1 2183 3 is_stmt 0 view .LVU1311
 4147 0074 5F49     		ldr	r1, .L293
 4148              	.LVL289:
2183:Drivers/STM32G0xx_HAL_Driver/Src/stm32g0xx_hal_spi.c **** 
 4149              		.loc 1 2183 3 view .LVU1312
 4150 0076 0B40     		ands	r3, r1
 4151 0078 5360     		str	r3, [r2, #4]
2186:Drivers/STM32G0xx_HAL_Driver/Src/stm32g0xx_hal_spi.c ****   {
 4152              		.loc 1 2186 3 is_stmt 1 view .LVU1313
2186:Drivers/STM32G0xx_HAL_Driver/Src/stm32g0xx_hal_spi.c ****   {
 4153              		.loc 1 2186 17 is_stmt 0 view .LVU1314
 4154 007a E268     		ldr	r2, [r4, #12]
2186:Drivers/STM32G0xx_HAL_Driver/Src/stm32g0xx_hal_spi.c ****   {
 4155              		.loc 1 2186 6 view .LVU1315
 4156 007c E023     		movs	r3, #224
 4157 007e DB00     		lsls	r3, r3, #3
 4158 0080 9A42     		cmp	r2, r3
 4159 0082 25D9     		bls	.L272
2189:Drivers/STM32G0xx_HAL_Driver/Src/stm32g0xx_hal_spi.c ****   }
 4160              		.loc 1 2189 5 is_stmt 1 view .LVU1316
 4161 0084 2268     		ldr	r2, [r4]
 4162 0086 5368     		ldr	r3, [r2, #4]
 4163 0088 5B49     		ldr	r1, .L293+4
 4164 008a 0B40     		ands	r3, r1
 4165 008c 5360     		str	r3, [r2, #4]
 4166              	.L273:
2229:Drivers/STM32G0xx_HAL_Driver/Src/stm32g0xx_hal_spi.c ****   {
 4167              		.loc 1 2229 3 view .LVU1317
2229:Drivers/STM32G0xx_HAL_Driver/Src/stm32g0xx_hal_spi.c ****   {
 4168              		.loc 1 2229 11 is_stmt 0 view .LVU1318
 4169 008e 5D23     		movs	r3, #93
 4170 0090 E35C     		ldrb	r3, [r4, r3]
2229:Drivers/STM32G0xx_HAL_Driver/Src/stm32g0xx_hal_spi.c ****   {
 4171              		.loc 1 2229 6 view .LVU1319
 4172 0092 042B     		cmp	r3, #4
 4173 0094 64D0     		beq	.L290
2238:Drivers/STM32G0xx_HAL_Driver/Src/stm32g0xx_hal_spi.c ****     hspi->hdmarx->XferCpltCallback     = SPI_DMATransmitReceiveCplt;
 4174              		.loc 1 2238 5 is_stmt 1 view .LVU1320
2238:Drivers/STM32G0xx_HAL_Driver/Src/stm32g0xx_hal_spi.c ****     hspi->hdmarx->XferCpltCallback     = SPI_DMATransmitReceiveCplt;
ARM GAS  C:\Users\sante\AppData\Local\Temp\cc1VgFnO.s 			page 171


 4175              		.loc 1 2238 9 is_stmt 0 view .LVU1321
 4176 0096 A36D     		ldr	r3, [r4, #88]
2238:Drivers/STM32G0xx_HAL_Driver/Src/stm32g0xx_hal_spi.c ****     hspi->hdmarx->XferCpltCallback     = SPI_DMATransmitReceiveCplt;
 4177              		.loc 1 2238 40 view .LVU1322
 4178 0098 584A     		ldr	r2, .L293+8
 4179 009a 1A63     		str	r2, [r3, #48]
2239:Drivers/STM32G0xx_HAL_Driver/Src/stm32g0xx_hal_spi.c ****   }
 4180              		.loc 1 2239 5 is_stmt 1 view .LVU1323
2239:Drivers/STM32G0xx_HAL_Driver/Src/stm32g0xx_hal_spi.c ****   }
 4181              		.loc 1 2239 9 is_stmt 0 view .LVU1324
 4182 009c A36D     		ldr	r3, [r4, #88]
2239:Drivers/STM32G0xx_HAL_Driver/Src/stm32g0xx_hal_spi.c ****   }
 4183              		.loc 1 2239 40 view .LVU1325
 4184 009e 584A     		ldr	r2, .L293+12
 4185 00a0 DA62     		str	r2, [r3, #44]
 4186              	.L278:
2243:Drivers/STM32G0xx_HAL_Driver/Src/stm32g0xx_hal_spi.c **** 
 4187              		.loc 1 2243 3 is_stmt 1 view .LVU1326
2243:Drivers/STM32G0xx_HAL_Driver/Src/stm32g0xx_hal_spi.c **** 
 4188              		.loc 1 2243 7 is_stmt 0 view .LVU1327
 4189 00a2 A36D     		ldr	r3, [r4, #88]
2243:Drivers/STM32G0xx_HAL_Driver/Src/stm32g0xx_hal_spi.c **** 
 4190              		.loc 1 2243 35 view .LVU1328
 4191 00a4 574A     		ldr	r2, .L293+16
 4192 00a6 5A63     		str	r2, [r3, #52]
2246:Drivers/STM32G0xx_HAL_Driver/Src/stm32g0xx_hal_spi.c **** 
 4193              		.loc 1 2246 3 is_stmt 1 view .LVU1329
2246:Drivers/STM32G0xx_HAL_Driver/Src/stm32g0xx_hal_spi.c **** 
 4194              		.loc 1 2246 7 is_stmt 0 view .LVU1330
 4195 00a8 A36D     		ldr	r3, [r4, #88]
2246:Drivers/STM32G0xx_HAL_Driver/Src/stm32g0xx_hal_spi.c **** 
 4196              		.loc 1 2246 35 view .LVU1331
 4197 00aa 0022     		movs	r2, #0
 4198 00ac 9A63     		str	r2, [r3, #56]
2249:Drivers/STM32G0xx_HAL_Driver/Src/stm32g0xx_hal_spi.c ****                                  hspi->RxXferCount))
 4199              		.loc 1 2249 3 is_stmt 1 view .LVU1332
2249:Drivers/STM32G0xx_HAL_Driver/Src/stm32g0xx_hal_spi.c ****                                  hspi->RxXferCount))
 4200              		.loc 1 2249 63 is_stmt 0 view .LVU1333
 4201 00ae 2168     		ldr	r1, [r4]
2249:Drivers/STM32G0xx_HAL_Driver/Src/stm32g0xx_hal_spi.c ****                                  hspi->RxXferCount))
 4202              		.loc 1 2249 58 view .LVU1334
 4203 00b0 0C31     		adds	r1, r1, #12
2249:Drivers/STM32G0xx_HAL_Driver/Src/stm32g0xx_hal_spi.c ****                                  hspi->RxXferCount))
 4204              		.loc 1 2249 93 view .LVU1335
 4205 00b2 226C     		ldr	r2, [r4, #64]
2250:Drivers/STM32G0xx_HAL_Driver/Src/stm32g0xx_hal_spi.c ****   {
 4206              		.loc 1 2250 38 view .LVU1336
 4207 00b4 4623     		movs	r3, #70
 4208 00b6 E35A     		ldrh	r3, [r4, r3]
 4209 00b8 9BB2     		uxth	r3, r3
2249:Drivers/STM32G0xx_HAL_Driver/Src/stm32g0xx_hal_spi.c ****                                  hspi->RxXferCount))
 4210              		.loc 1 2249 17 view .LVU1337
 4211 00ba A06D     		ldr	r0, [r4, #88]
 4212 00bc FFF7FEFF 		bl	HAL_DMA_Start_IT
 4213              	.LVL290:
2249:Drivers/STM32G0xx_HAL_Driver/Src/stm32g0xx_hal_spi.c ****                                  hspi->RxXferCount))
 4214              		.loc 1 2249 6 discriminator 1 view .LVU1338
ARM GAS  C:\Users\sante\AppData\Local\Temp\cc1VgFnO.s 			page 172


 4215 00c0 0028     		cmp	r0, #0
 4216 00c2 54D0     		beq	.L279
2253:Drivers/STM32G0xx_HAL_Driver/Src/stm32g0xx_hal_spi.c ****     errorcode = HAL_ERROR;
 4217              		.loc 1 2253 5 is_stmt 1 view .LVU1339
 4218 00c4 236E     		ldr	r3, [r4, #96]
 4219 00c6 1022     		movs	r2, #16
 4220 00c8 1343     		orrs	r3, r2
 4221 00ca 2366     		str	r3, [r4, #96]
2254:Drivers/STM32G0xx_HAL_Driver/Src/stm32g0xx_hal_spi.c **** 
 4222              		.loc 1 2254 5 view .LVU1340
 4223              	.LVL291:
2256:Drivers/STM32G0xx_HAL_Driver/Src/stm32g0xx_hal_spi.c ****   }
 4224              		.loc 1 2256 5 view .LVU1341
2254:Drivers/STM32G0xx_HAL_Driver/Src/stm32g0xx_hal_spi.c **** 
 4225              		.loc 1 2254 15 is_stmt 0 view .LVU1342
 4226 00cc 0120     		movs	r0, #1
2256:Drivers/STM32G0xx_HAL_Driver/Src/stm32g0xx_hal_spi.c ****   }
 4227              		.loc 1 2256 5 view .LVU1343
 4228 00ce 80E0     		b	.L270
 4229              	.LVL292:
 4230              	.L272:
2194:Drivers/STM32G0xx_HAL_Driver/Src/stm32g0xx_hal_spi.c **** 
 4231              		.loc 1 2194 5 is_stmt 1 view .LVU1344
 4232 00d0 2268     		ldr	r2, [r4]
 4233 00d2 5168     		ldr	r1, [r2, #4]
 4234 00d4 8023     		movs	r3, #128
 4235 00d6 5B01     		lsls	r3, r3, #5
 4236 00d8 0B43     		orrs	r3, r1
 4237 00da 5360     		str	r3, [r2, #4]
2196:Drivers/STM32G0xx_HAL_Driver/Src/stm32g0xx_hal_spi.c ****     {
 4238              		.loc 1 2196 5 view .LVU1345
2196:Drivers/STM32G0xx_HAL_Driver/Src/stm32g0xx_hal_spi.c ****     {
 4239              		.loc 1 2196 13 is_stmt 0 view .LVU1346
 4240 00dc 636D     		ldr	r3, [r4, #84]
2196:Drivers/STM32G0xx_HAL_Driver/Src/stm32g0xx_hal_spi.c ****     {
 4241              		.loc 1 2196 27 view .LVU1347
 4242 00de 9A69     		ldr	r2, [r3, #24]
2196:Drivers/STM32G0xx_HAL_Driver/Src/stm32g0xx_hal_spi.c ****     {
 4243              		.loc 1 2196 8 view .LVU1348
 4244 00e0 8023     		movs	r3, #128
 4245 00e2 DB00     		lsls	r3, r3, #3
 4246 00e4 9A42     		cmp	r2, r3
 4247 00e6 18D0     		beq	.L291
 4248              	.L274:
2210:Drivers/STM32G0xx_HAL_Driver/Src/stm32g0xx_hal_spi.c ****     {
 4249              		.loc 1 2210 5 is_stmt 1 view .LVU1349
2210:Drivers/STM32G0xx_HAL_Driver/Src/stm32g0xx_hal_spi.c ****     {
 4250              		.loc 1 2210 13 is_stmt 0 view .LVU1350
 4251 00e8 A36D     		ldr	r3, [r4, #88]
2210:Drivers/STM32G0xx_HAL_Driver/Src/stm32g0xx_hal_spi.c ****     {
 4252              		.loc 1 2210 27 view .LVU1351
 4253 00ea 9A69     		ldr	r2, [r3, #24]
2210:Drivers/STM32G0xx_HAL_Driver/Src/stm32g0xx_hal_spi.c ****     {
 4254              		.loc 1 2210 8 view .LVU1352
 4255 00ec 8023     		movs	r3, #128
 4256 00ee DB00     		lsls	r3, r3, #3
 4257 00f0 9A42     		cmp	r2, r3
ARM GAS  C:\Users\sante\AppData\Local\Temp\cc1VgFnO.s 			page 173


 4258 00f2 CCD1     		bne	.L273
2213:Drivers/STM32G0xx_HAL_Driver/Src/stm32g0xx_hal_spi.c **** 
 4259              		.loc 1 2213 7 is_stmt 1 view .LVU1353
 4260 00f4 2268     		ldr	r2, [r4]
 4261 00f6 5368     		ldr	r3, [r2, #4]
 4262 00f8 3F49     		ldr	r1, .L293+4
 4263 00fa 0B40     		ands	r3, r1
 4264 00fc 5360     		str	r3, [r2, #4]
2215:Drivers/STM32G0xx_HAL_Driver/Src/stm32g0xx_hal_spi.c ****       {
 4265              		.loc 1 2215 7 view .LVU1354
2215:Drivers/STM32G0xx_HAL_Driver/Src/stm32g0xx_hal_spi.c ****       {
 4266              		.loc 1 2215 16 is_stmt 0 view .LVU1355
 4267 00fe 4623     		movs	r3, #70
 4268 0100 E35A     		ldrh	r3, [r4, r3]
2215:Drivers/STM32G0xx_HAL_Driver/Src/stm32g0xx_hal_spi.c ****       {
 4269              		.loc 1 2215 10 view .LVU1356
 4270 0102 DB07     		lsls	r3, r3, #31
 4271 0104 20D4     		bmi	.L276
2217:Drivers/STM32G0xx_HAL_Driver/Src/stm32g0xx_hal_spi.c ****         hspi->RxXferCount = hspi->RxXferCount >> 1U;
 4272              		.loc 1 2217 9 is_stmt 1 view .LVU1357
 4273 0106 2268     		ldr	r2, [r4]
 4274 0108 5368     		ldr	r3, [r2, #4]
 4275 010a 3F49     		ldr	r1, .L293+20
 4276 010c 0B40     		ands	r3, r1
 4277 010e 5360     		str	r3, [r2, #4]
2218:Drivers/STM32G0xx_HAL_Driver/Src/stm32g0xx_hal_spi.c ****       }
 4278              		.loc 1 2218 9 view .LVU1358
2218:Drivers/STM32G0xx_HAL_Driver/Src/stm32g0xx_hal_spi.c ****       }
 4279              		.loc 1 2218 33 is_stmt 0 view .LVU1359
 4280 0110 4622     		movs	r2, #70
 4281 0112 A35A     		ldrh	r3, [r4, r2]
2218:Drivers/STM32G0xx_HAL_Driver/Src/stm32g0xx_hal_spi.c ****       }
 4282              		.loc 1 2218 27 view .LVU1360
 4283 0114 5B08     		lsrs	r3, r3, #1
 4284 0116 A352     		strh	r3, [r4, r2]
 4285 0118 B9E7     		b	.L273
 4286              	.L291:
2198:Drivers/STM32G0xx_HAL_Driver/Src/stm32g0xx_hal_spi.c ****       {
 4287              		.loc 1 2198 7 is_stmt 1 view .LVU1361
2198:Drivers/STM32G0xx_HAL_Driver/Src/stm32g0xx_hal_spi.c ****       {
 4288              		.loc 1 2198 16 is_stmt 0 view .LVU1362
 4289 011a A38F     		ldrh	r3, [r4, #60]
2198:Drivers/STM32G0xx_HAL_Driver/Src/stm32g0xx_hal_spi.c ****       {
 4290              		.loc 1 2198 10 view .LVU1363
 4291 011c DB07     		lsls	r3, r3, #31
 4292 011e 08D4     		bmi	.L275
2200:Drivers/STM32G0xx_HAL_Driver/Src/stm32g0xx_hal_spi.c ****         hspi->TxXferCount = hspi->TxXferCount >> 1U;
 4293              		.loc 1 2200 9 is_stmt 1 view .LVU1364
 4294 0120 2268     		ldr	r2, [r4]
 4295 0122 5368     		ldr	r3, [r2, #4]
 4296 0124 3949     		ldr	r1, .L293+24
 4297 0126 0B40     		ands	r3, r1
 4298 0128 5360     		str	r3, [r2, #4]
2201:Drivers/STM32G0xx_HAL_Driver/Src/stm32g0xx_hal_spi.c ****       }
 4299              		.loc 1 2201 9 view .LVU1365
2201:Drivers/STM32G0xx_HAL_Driver/Src/stm32g0xx_hal_spi.c ****       }
 4300              		.loc 1 2201 33 is_stmt 0 view .LVU1366
ARM GAS  C:\Users\sante\AppData\Local\Temp\cc1VgFnO.s 			page 174


 4301 012a E38F     		ldrh	r3, [r4, #62]
2201:Drivers/STM32G0xx_HAL_Driver/Src/stm32g0xx_hal_spi.c ****       }
 4302              		.loc 1 2201 27 view .LVU1367
 4303 012c 5B08     		lsrs	r3, r3, #1
 4304 012e E387     		strh	r3, [r4, #62]
 4305 0130 DAE7     		b	.L274
 4306              	.L275:
2205:Drivers/STM32G0xx_HAL_Driver/Src/stm32g0xx_hal_spi.c ****         hspi->TxXferCount = (hspi->TxXferCount >> 1U) + 1U;
 4307              		.loc 1 2205 9 is_stmt 1 view .LVU1368
 4308 0132 2268     		ldr	r2, [r4]
 4309 0134 5168     		ldr	r1, [r2, #4]
 4310 0136 8023     		movs	r3, #128
 4311 0138 DB01     		lsls	r3, r3, #7
 4312 013a 0B43     		orrs	r3, r1
 4313 013c 5360     		str	r3, [r2, #4]
2206:Drivers/STM32G0xx_HAL_Driver/Src/stm32g0xx_hal_spi.c ****       }
 4314              		.loc 1 2206 9 view .LVU1369
2206:Drivers/STM32G0xx_HAL_Driver/Src/stm32g0xx_hal_spi.c ****       }
 4315              		.loc 1 2206 34 is_stmt 0 view .LVU1370
 4316 013e E38F     		ldrh	r3, [r4, #62]
2206:Drivers/STM32G0xx_HAL_Driver/Src/stm32g0xx_hal_spi.c ****       }
 4317              		.loc 1 2206 55 view .LVU1371
 4318 0140 5B08     		lsrs	r3, r3, #1
 4319 0142 0133     		adds	r3, r3, #1
2206:Drivers/STM32G0xx_HAL_Driver/Src/stm32g0xx_hal_spi.c ****       }
 4320              		.loc 1 2206 27 view .LVU1372
 4321 0144 E387     		strh	r3, [r4, #62]
 4322 0146 CFE7     		b	.L274
 4323              	.L276:
2222:Drivers/STM32G0xx_HAL_Driver/Src/stm32g0xx_hal_spi.c ****         hspi->RxXferCount = (hspi->RxXferCount >> 1U) + 1U;
 4324              		.loc 1 2222 9 is_stmt 1 view .LVU1373
 4325 0148 2268     		ldr	r2, [r4]
 4326 014a 5168     		ldr	r1, [r2, #4]
 4327 014c 8023     		movs	r3, #128
 4328 014e 9B01     		lsls	r3, r3, #6
 4329 0150 0B43     		orrs	r3, r1
 4330 0152 5360     		str	r3, [r2, #4]
2223:Drivers/STM32G0xx_HAL_Driver/Src/stm32g0xx_hal_spi.c ****       }
 4331              		.loc 1 2223 9 view .LVU1374
2223:Drivers/STM32G0xx_HAL_Driver/Src/stm32g0xx_hal_spi.c ****       }
 4332              		.loc 1 2223 34 is_stmt 0 view .LVU1375
 4333 0154 4622     		movs	r2, #70
 4334 0156 A35A     		ldrh	r3, [r4, r2]
2223:Drivers/STM32G0xx_HAL_Driver/Src/stm32g0xx_hal_spi.c ****       }
 4335              		.loc 1 2223 55 view .LVU1376
 4336 0158 5B08     		lsrs	r3, r3, #1
 4337 015a 0133     		adds	r3, r3, #1
2223:Drivers/STM32G0xx_HAL_Driver/Src/stm32g0xx_hal_spi.c ****       }
 4338              		.loc 1 2223 27 view .LVU1377
 4339 015c A352     		strh	r3, [r4, r2]
 4340 015e 96E7     		b	.L273
 4341              	.L290:
2232:Drivers/STM32G0xx_HAL_Driver/Src/stm32g0xx_hal_spi.c ****     hspi->hdmarx->XferCpltCallback     = SPI_DMAReceiveCplt;
 4342              		.loc 1 2232 5 is_stmt 1 view .LVU1378
2232:Drivers/STM32G0xx_HAL_Driver/Src/stm32g0xx_hal_spi.c ****     hspi->hdmarx->XferCpltCallback     = SPI_DMAReceiveCplt;
 4343              		.loc 1 2232 9 is_stmt 0 view .LVU1379
 4344 0160 A36D     		ldr	r3, [r4, #88]
ARM GAS  C:\Users\sante\AppData\Local\Temp\cc1VgFnO.s 			page 175


2232:Drivers/STM32G0xx_HAL_Driver/Src/stm32g0xx_hal_spi.c ****     hspi->hdmarx->XferCpltCallback     = SPI_DMAReceiveCplt;
 4345              		.loc 1 2232 40 view .LVU1380
 4346 0162 2B4A     		ldr	r2, .L293+28
 4347 0164 1A63     		str	r2, [r3, #48]
2233:Drivers/STM32G0xx_HAL_Driver/Src/stm32g0xx_hal_spi.c ****   }
 4348              		.loc 1 2233 5 is_stmt 1 view .LVU1381
2233:Drivers/STM32G0xx_HAL_Driver/Src/stm32g0xx_hal_spi.c ****   }
 4349              		.loc 1 2233 9 is_stmt 0 view .LVU1382
 4350 0166 A36D     		ldr	r3, [r4, #88]
2233:Drivers/STM32G0xx_HAL_Driver/Src/stm32g0xx_hal_spi.c ****   }
 4351              		.loc 1 2233 40 view .LVU1383
 4352 0168 2A4A     		ldr	r2, .L293+32
 4353 016a DA62     		str	r2, [r3, #44]
 4354 016c 99E7     		b	.L278
 4355              	.L279:
2260:Drivers/STM32G0xx_HAL_Driver/Src/stm32g0xx_hal_spi.c **** 
 4356              		.loc 1 2260 3 is_stmt 1 view .LVU1384
 4357 016e 2268     		ldr	r2, [r4]
 4358 0170 5368     		ldr	r3, [r2, #4]
 4359 0172 0121     		movs	r1, #1
 4360 0174 0B43     		orrs	r3, r1
 4361 0176 5360     		str	r3, [r2, #4]
2264:Drivers/STM32G0xx_HAL_Driver/Src/stm32g0xx_hal_spi.c ****   hspi->hdmatx->XferCpltCallback     = NULL;
 4362              		.loc 1 2264 3 view .LVU1385
2264:Drivers/STM32G0xx_HAL_Driver/Src/stm32g0xx_hal_spi.c ****   hspi->hdmatx->XferCpltCallback     = NULL;
 4363              		.loc 1 2264 7 is_stmt 0 view .LVU1386
 4364 0178 626D     		ldr	r2, [r4, #84]
2264:Drivers/STM32G0xx_HAL_Driver/Src/stm32g0xx_hal_spi.c ****   hspi->hdmatx->XferCpltCallback     = NULL;
 4365              		.loc 1 2264 38 view .LVU1387
 4366 017a 0023     		movs	r3, #0
 4367 017c 1363     		str	r3, [r2, #48]
2265:Drivers/STM32G0xx_HAL_Driver/Src/stm32g0xx_hal_spi.c ****   hspi->hdmatx->XferErrorCallback    = NULL;
 4368              		.loc 1 2265 3 is_stmt 1 view .LVU1388
2265:Drivers/STM32G0xx_HAL_Driver/Src/stm32g0xx_hal_spi.c ****   hspi->hdmatx->XferErrorCallback    = NULL;
 4369              		.loc 1 2265 7 is_stmt 0 view .LVU1389
 4370 017e 626D     		ldr	r2, [r4, #84]
2265:Drivers/STM32G0xx_HAL_Driver/Src/stm32g0xx_hal_spi.c ****   hspi->hdmatx->XferErrorCallback    = NULL;
 4371              		.loc 1 2265 38 view .LVU1390
 4372 0180 D362     		str	r3, [r2, #44]
2266:Drivers/STM32G0xx_HAL_Driver/Src/stm32g0xx_hal_spi.c ****   hspi->hdmatx->XferAbortCallback    = NULL;
 4373              		.loc 1 2266 3 is_stmt 1 view .LVU1391
2266:Drivers/STM32G0xx_HAL_Driver/Src/stm32g0xx_hal_spi.c ****   hspi->hdmatx->XferAbortCallback    = NULL;
 4374              		.loc 1 2266 7 is_stmt 0 view .LVU1392
 4375 0182 626D     		ldr	r2, [r4, #84]
2266:Drivers/STM32G0xx_HAL_Driver/Src/stm32g0xx_hal_spi.c ****   hspi->hdmatx->XferAbortCallback    = NULL;
 4376              		.loc 1 2266 38 view .LVU1393
 4377 0184 5363     		str	r3, [r2, #52]
2267:Drivers/STM32G0xx_HAL_Driver/Src/stm32g0xx_hal_spi.c **** 
 4378              		.loc 1 2267 3 is_stmt 1 view .LVU1394
2267:Drivers/STM32G0xx_HAL_Driver/Src/stm32g0xx_hal_spi.c **** 
 4379              		.loc 1 2267 7 is_stmt 0 view .LVU1395
 4380 0186 626D     		ldr	r2, [r4, #84]
2267:Drivers/STM32G0xx_HAL_Driver/Src/stm32g0xx_hal_spi.c **** 
 4381              		.loc 1 2267 38 view .LVU1396
 4382 0188 9363     		str	r3, [r2, #56]
2270:Drivers/STM32G0xx_HAL_Driver/Src/stm32g0xx_hal_spi.c ****                                  hspi->TxXferCount))
 4383              		.loc 1 2270 3 is_stmt 1 view .LVU1397
ARM GAS  C:\Users\sante\AppData\Local\Temp\cc1VgFnO.s 			page 176


2270:Drivers/STM32G0xx_HAL_Driver/Src/stm32g0xx_hal_spi.c ****                                  hspi->TxXferCount))
 4384              		.loc 1 2270 62 is_stmt 0 view .LVU1398
 4385 018a A16B     		ldr	r1, [r4, #56]
2270:Drivers/STM32G0xx_HAL_Driver/Src/stm32g0xx_hal_spi.c ****                                  hspi->TxXferCount))
 4386              		.loc 1 2270 91 view .LVU1399
 4387 018c 2268     		ldr	r2, [r4]
2270:Drivers/STM32G0xx_HAL_Driver/Src/stm32g0xx_hal_spi.c ****                                  hspi->TxXferCount))
 4388              		.loc 1 2270 86 view .LVU1400
 4389 018e 0C32     		adds	r2, r2, #12
2271:Drivers/STM32G0xx_HAL_Driver/Src/stm32g0xx_hal_spi.c ****   {
 4390              		.loc 1 2271 38 view .LVU1401
 4391 0190 E38F     		ldrh	r3, [r4, #62]
 4392 0192 9BB2     		uxth	r3, r3
2270:Drivers/STM32G0xx_HAL_Driver/Src/stm32g0xx_hal_spi.c ****                                  hspi->TxXferCount))
 4393              		.loc 1 2270 17 view .LVU1402
 4394 0194 606D     		ldr	r0, [r4, #84]
 4395 0196 FFF7FEFF 		bl	HAL_DMA_Start_IT
 4396              	.LVL293:
2270:Drivers/STM32G0xx_HAL_Driver/Src/stm32g0xx_hal_spi.c ****                                  hspi->TxXferCount))
 4397              		.loc 1 2270 6 discriminator 1 view .LVU1403
 4398 019a 0028     		cmp	r0, #0
 4399 019c 12D1     		bne	.L292
2281:Drivers/STM32G0xx_HAL_Driver/Src/stm32g0xx_hal_spi.c ****   {
 4400              		.loc 1 2281 3 is_stmt 1 view .LVU1404
2281:Drivers/STM32G0xx_HAL_Driver/Src/stm32g0xx_hal_spi.c ****   {
 4401              		.loc 1 2281 12 is_stmt 0 view .LVU1405
 4402 019e 2368     		ldr	r3, [r4]
2281:Drivers/STM32G0xx_HAL_Driver/Src/stm32g0xx_hal_spi.c ****   {
 4403              		.loc 1 2281 22 view .LVU1406
 4404 01a0 1A68     		ldr	r2, [r3]
2281:Drivers/STM32G0xx_HAL_Driver/Src/stm32g0xx_hal_spi.c ****   {
 4405              		.loc 1 2281 6 view .LVU1407
 4406 01a2 5206     		lsls	r2, r2, #25
 4407 01a4 03D4     		bmi	.L281
2284:Drivers/STM32G0xx_HAL_Driver/Src/stm32g0xx_hal_spi.c ****   }
 4408              		.loc 1 2284 5 is_stmt 1 view .LVU1408
 4409 01a6 1A68     		ldr	r2, [r3]
 4410 01a8 4021     		movs	r1, #64
 4411 01aa 0A43     		orrs	r2, r1
 4412 01ac 1A60     		str	r2, [r3]
 4413              	.L281:
2287:Drivers/STM32G0xx_HAL_Driver/Src/stm32g0xx_hal_spi.c **** 
 4414              		.loc 1 2287 3 view .LVU1409
 4415 01ae 2268     		ldr	r2, [r4]
 4416 01b0 5368     		ldr	r3, [r2, #4]
 4417 01b2 2021     		movs	r1, #32
 4418 01b4 0B43     		orrs	r3, r1
 4419 01b6 5360     		str	r3, [r2, #4]
2290:Drivers/STM32G0xx_HAL_Driver/Src/stm32g0xx_hal_spi.c **** 
 4420              		.loc 1 2290 3 view .LVU1410
 4421 01b8 2268     		ldr	r2, [r4]
 4422 01ba 5368     		ldr	r3, [r2, #4]
 4423 01bc 1E39     		subs	r1, r1, #30
 4424 01be 0B43     		orrs	r3, r1
 4425 01c0 5360     		str	r3, [r2, #4]
 4426 01c2 06E0     		b	.L270
 4427              	.L292:
ARM GAS  C:\Users\sante\AppData\Local\Temp\cc1VgFnO.s 			page 177


2274:Drivers/STM32G0xx_HAL_Driver/Src/stm32g0xx_hal_spi.c ****     errorcode = HAL_ERROR;
 4428              		.loc 1 2274 5 view .LVU1411
 4429 01c4 236E     		ldr	r3, [r4, #96]
 4430 01c6 1022     		movs	r2, #16
 4431 01c8 1343     		orrs	r3, r2
 4432 01ca 2366     		str	r3, [r4, #96]
2275:Drivers/STM32G0xx_HAL_Driver/Src/stm32g0xx_hal_spi.c **** 
 4433              		.loc 1 2275 5 view .LVU1412
 4434              	.LVL294:
2277:Drivers/STM32G0xx_HAL_Driver/Src/stm32g0xx_hal_spi.c ****   }
 4435              		.loc 1 2277 5 view .LVU1413
2275:Drivers/STM32G0xx_HAL_Driver/Src/stm32g0xx_hal_spi.c **** 
 4436              		.loc 1 2275 15 is_stmt 0 view .LVU1414
 4437 01cc 0120     		movs	r0, #1
2277:Drivers/STM32G0xx_HAL_Driver/Src/stm32g0xx_hal_spi.c ****   }
 4438              		.loc 1 2277 5 view .LVU1415
 4439 01ce 00E0     		b	.L270
 4440              	.LVL295:
 4441              	.L283:
2145:Drivers/STM32G0xx_HAL_Driver/Src/stm32g0xx_hal_spi.c ****     goto error;
 4442              		.loc 1 2145 15 view .LVU1416
 4443 01d0 0220     		movs	r0, #2
 4444              	.LVL296:
 4445              	.L270:
2294:Drivers/STM32G0xx_HAL_Driver/Src/stm32g0xx_hal_spi.c ****   return errorcode;
 4446              		.loc 1 2294 3 is_stmt 1 view .LVU1417
2294:Drivers/STM32G0xx_HAL_Driver/Src/stm32g0xx_hal_spi.c ****   return errorcode;
 4447              		.loc 1 2294 3 view .LVU1418
 4448 01d2 5C23     		movs	r3, #92
 4449 01d4 0022     		movs	r2, #0
 4450 01d6 E254     		strb	r2, [r4, r3]
2294:Drivers/STM32G0xx_HAL_Driver/Src/stm32g0xx_hal_spi.c ****   return errorcode;
 4451              		.loc 1 2294 3 view .LVU1419
2295:Drivers/STM32G0xx_HAL_Driver/Src/stm32g0xx_hal_spi.c **** }
 4452              		.loc 1 2295 3 view .LVU1420
 4453              	.LVL297:
 4454              	.L268:
2296:Drivers/STM32G0xx_HAL_Driver/Src/stm32g0xx_hal_spi.c **** 
 4455              		.loc 1 2296 1 is_stmt 0 view .LVU1421
 4456              		@ sp needed
 4457              	.LVL298:
2296:Drivers/STM32G0xx_HAL_Driver/Src/stm32g0xx_hal_spi.c **** 
 4458              		.loc 1 2296 1 view .LVU1422
 4459 01d8 70BD     		pop	{r4, r5, r6, pc}
 4460              	.LVL299:
 4461              	.L284:
2145:Drivers/STM32G0xx_HAL_Driver/Src/stm32g0xx_hal_spi.c ****     goto error;
 4462              		.loc 1 2145 15 view .LVU1423
 4463 01da 0220     		movs	r0, #2
 4464 01dc F9E7     		b	.L270
 4465              	.L285:
 4466 01de 0220     		movs	r0, #2
 4467 01e0 F7E7     		b	.L270
 4468              	.L286:
2151:Drivers/STM32G0xx_HAL_Driver/Src/stm32g0xx_hal_spi.c ****     goto error;
 4469              		.loc 1 2151 15 view .LVU1424
 4470 01e2 0120     		movs	r0, #1
ARM GAS  C:\Users\sante\AppData\Local\Temp\cc1VgFnO.s 			page 178


 4471 01e4 F5E7     		b	.L270
 4472              	.L287:
 4473 01e6 0120     		movs	r0, #1
 4474 01e8 F3E7     		b	.L270
 4475              	.L288:
 4476 01ea 0120     		movs	r0, #1
 4477 01ec F1E7     		b	.L270
 4478              	.LVL300:
 4479              	.L282:
2136:Drivers/STM32G0xx_HAL_Driver/Src/stm32g0xx_hal_spi.c **** 
 4480              		.loc 1 2136 3 discriminator 1 view .LVU1425
 4481 01ee 0220     		movs	r0, #2
 4482 01f0 F2E7     		b	.L268
 4483              	.L294:
 4484 01f2 C046     		.align	2
 4485              	.L293:
 4486 01f4 FF9FFFFF 		.word	-24577
 4487 01f8 FFEFFFFF 		.word	-4097
 4488 01fc 00000000 		.word	SPI_DMAHalfTransmitReceiveCplt
 4489 0200 00000000 		.word	SPI_DMATransmitReceiveCplt
 4490 0204 00000000 		.word	SPI_DMAError
 4491 0208 FFDFFFFF 		.word	-8193
 4492 020c FFBFFFFF 		.word	-16385
 4493 0210 00000000 		.word	SPI_DMAHalfReceiveCplt
 4494 0214 00000000 		.word	SPI_DMAReceiveCplt
 4495              		.cfi_endproc
 4496              	.LFE505:
 4498              		.section	.text.HAL_SPI_Receive_DMA,"ax",%progbits
 4499              		.align	1
 4500              		.global	HAL_SPI_Receive_DMA
 4501              		.syntax unified
 4502              		.code	16
 4503              		.thumb_func
 4505              	HAL_SPI_Receive_DMA:
 4506              	.LVL301:
 4507              	.LFB504:
1978:Drivers/STM32G0xx_HAL_Driver/Src/stm32g0xx_hal_spi.c ****   HAL_StatusTypeDef errorcode = HAL_OK;
 4508              		.loc 1 1978 1 is_stmt 1 view -0
 4509              		.cfi_startproc
 4510              		@ args = 0, pretend = 0, frame = 0
 4511              		@ frame_needed = 0, uses_anonymous_args = 0
1978:Drivers/STM32G0xx_HAL_Driver/Src/stm32g0xx_hal_spi.c ****   HAL_StatusTypeDef errorcode = HAL_OK;
 4512              		.loc 1 1978 1 is_stmt 0 view .LVU1427
 4513 0000 70B5     		push	{r4, r5, r6, lr}
 4514              		.cfi_def_cfa_offset 16
 4515              		.cfi_offset 4, -16
 4516              		.cfi_offset 5, -12
 4517              		.cfi_offset 6, -8
 4518              		.cfi_offset 14, -4
 4519 0002 0400     		movs	r4, r0
1979:Drivers/STM32G0xx_HAL_Driver/Src/stm32g0xx_hal_spi.c **** 
 4520              		.loc 1 1979 3 is_stmt 1 view .LVU1428
 4521              	.LVL302:
1982:Drivers/STM32G0xx_HAL_Driver/Src/stm32g0xx_hal_spi.c **** 
 4522              		.loc 1 1982 3 view .LVU1429
1984:Drivers/STM32G0xx_HAL_Driver/Src/stm32g0xx_hal_spi.c ****   {
 4523              		.loc 1 1984 3 view .LVU1430
ARM GAS  C:\Users\sante\AppData\Local\Temp\cc1VgFnO.s 			page 179


1984:Drivers/STM32G0xx_HAL_Driver/Src/stm32g0xx_hal_spi.c ****   {
 4524              		.loc 1 1984 11 is_stmt 0 view .LVU1431
 4525 0004 5D20     		movs	r0, #93
 4526              	.LVL303:
1984:Drivers/STM32G0xx_HAL_Driver/Src/stm32g0xx_hal_spi.c ****   {
 4527              		.loc 1 1984 11 view .LVU1432
 4528 0006 255C     		ldrb	r5, [r4, r0]
 4529 0008 EEB2     		uxtb	r6, r5
1984:Drivers/STM32G0xx_HAL_Driver/Src/stm32g0xx_hal_spi.c ****   {
 4530              		.loc 1 1984 6 view .LVU1433
 4531 000a 012D     		cmp	r5, #1
 4532 000c 00D0     		beq	.LCB4230
 4533 000e A6E0     		b	.L305	@long jump
 4534              	.LCB4230:
1990:Drivers/STM32G0xx_HAL_Driver/Src/stm32g0xx_hal_spi.c ****   {
 4535              		.loc 1 1990 3 is_stmt 1 view .LVU1434
1990:Drivers/STM32G0xx_HAL_Driver/Src/stm32g0xx_hal_spi.c ****   {
 4536              		.loc 1 1990 18 is_stmt 0 view .LVU1435
 4537 0010 A068     		ldr	r0, [r4, #8]
1990:Drivers/STM32G0xx_HAL_Driver/Src/stm32g0xx_hal_spi.c ****   {
 4538              		.loc 1 1990 6 view .LVU1436
 4539 0012 0028     		cmp	r0, #0
 4540 0014 04D1     		bne	.L297
1990:Drivers/STM32G0xx_HAL_Driver/Src/stm32g0xx_hal_spi.c ****   {
 4541              		.loc 1 1990 68 discriminator 1 view .LVU1437
 4542 0016 6568     		ldr	r5, [r4, #4]
1990:Drivers/STM32G0xx_HAL_Driver/Src/stm32g0xx_hal_spi.c ****   {
 4543              		.loc 1 1990 54 discriminator 1 view .LVU1438
 4544 0018 8223     		movs	r3, #130
 4545 001a 5B00     		lsls	r3, r3, #1
 4546 001c 9D42     		cmp	r5, r3
 4547 001e 59D0     		beq	.L308
 4548              	.L297:
2002:Drivers/STM32G0xx_HAL_Driver/Src/stm32g0xx_hal_spi.c **** 
 4549              		.loc 1 2002 3 is_stmt 1 view .LVU1439
2002:Drivers/STM32G0xx_HAL_Driver/Src/stm32g0xx_hal_spi.c **** 
 4550              		.loc 1 2002 3 view .LVU1440
 4551 0020 5C23     		movs	r3, #92
 4552 0022 E35C     		ldrb	r3, [r4, r3]
 4553 0024 012B     		cmp	r3, #1
 4554 0026 00D1     		bne	.LCB4246
 4555 0028 9FE0     		b	.L306	@long jump
 4556              	.LCB4246:
2002:Drivers/STM32G0xx_HAL_Driver/Src/stm32g0xx_hal_spi.c **** 
 4557              		.loc 1 2002 3 discriminator 2 view .LVU1441
 4558 002a 5C23     		movs	r3, #92
 4559 002c 0125     		movs	r5, #1
 4560 002e E554     		strb	r5, [r4, r3]
2002:Drivers/STM32G0xx_HAL_Driver/Src/stm32g0xx_hal_spi.c **** 
 4561              		.loc 1 2002 3 view .LVU1442
2004:Drivers/STM32G0xx_HAL_Driver/Src/stm32g0xx_hal_spi.c ****   {
 4562              		.loc 1 2004 3 view .LVU1443
2004:Drivers/STM32G0xx_HAL_Driver/Src/stm32g0xx_hal_spi.c ****   {
 4563              		.loc 1 2004 6 is_stmt 0 view .LVU1444
 4564 0030 0029     		cmp	r1, #0
 4565 0032 00D1     		bne	.LCB4254
 4566 0034 94E0     		b	.L296	@long jump
ARM GAS  C:\Users\sante\AppData\Local\Temp\cc1VgFnO.s 			page 180


 4567              	.LCB4254:
2004:Drivers/STM32G0xx_HAL_Driver/Src/stm32g0xx_hal_spi.c ****   {
 4568              		.loc 1 2004 23 discriminator 1 view .LVU1445
 4569 0036 002A     		cmp	r2, #0
 4570 0038 00D1     		bne	.LCB4256
 4571 003a 91E0     		b	.L296	@long jump
 4572              	.LCB4256:
2011:Drivers/STM32G0xx_HAL_Driver/Src/stm32g0xx_hal_spi.c ****   hspi->ErrorCode   = HAL_SPI_ERROR_NONE;
 4573              		.loc 1 2011 3 is_stmt 1 view .LVU1446
2011:Drivers/STM32G0xx_HAL_Driver/Src/stm32g0xx_hal_spi.c ****   hspi->ErrorCode   = HAL_SPI_ERROR_NONE;
 4574              		.loc 1 2011 21 is_stmt 0 view .LVU1447
 4575 003c 0133     		adds	r3, r3, #1
 4576 003e 0335     		adds	r5, r5, #3
 4577 0040 E554     		strb	r5, [r4, r3]
2012:Drivers/STM32G0xx_HAL_Driver/Src/stm32g0xx_hal_spi.c ****   hspi->pRxBuffPtr  = (uint8_t *)pData;
 4578              		.loc 1 2012 3 is_stmt 1 view .LVU1448
2012:Drivers/STM32G0xx_HAL_Driver/Src/stm32g0xx_hal_spi.c ****   hspi->pRxBuffPtr  = (uint8_t *)pData;
 4579              		.loc 1 2012 21 is_stmt 0 view .LVU1449
 4580 0042 0023     		movs	r3, #0
 4581 0044 2366     		str	r3, [r4, #96]
2013:Drivers/STM32G0xx_HAL_Driver/Src/stm32g0xx_hal_spi.c ****   hspi->RxXferSize  = Size;
 4582              		.loc 1 2013 3 is_stmt 1 view .LVU1450
2013:Drivers/STM32G0xx_HAL_Driver/Src/stm32g0xx_hal_spi.c ****   hspi->RxXferSize  = Size;
 4583              		.loc 1 2013 21 is_stmt 0 view .LVU1451
 4584 0046 2164     		str	r1, [r4, #64]
2014:Drivers/STM32G0xx_HAL_Driver/Src/stm32g0xx_hal_spi.c ****   hspi->RxXferCount = Size;
 4585              		.loc 1 2014 3 is_stmt 1 view .LVU1452
2014:Drivers/STM32G0xx_HAL_Driver/Src/stm32g0xx_hal_spi.c ****   hspi->RxXferCount = Size;
 4586              		.loc 1 2014 21 is_stmt 0 view .LVU1453
 4587 0048 4421     		movs	r1, #68
 4588              	.LVL304:
2014:Drivers/STM32G0xx_HAL_Driver/Src/stm32g0xx_hal_spi.c ****   hspi->RxXferCount = Size;
 4589              		.loc 1 2014 21 view .LVU1454
 4590 004a 6252     		strh	r2, [r4, r1]
 4591              	.LVL305:
2015:Drivers/STM32G0xx_HAL_Driver/Src/stm32g0xx_hal_spi.c **** 
 4592              		.loc 1 2015 3 is_stmt 1 view .LVU1455
2015:Drivers/STM32G0xx_HAL_Driver/Src/stm32g0xx_hal_spi.c **** 
 4593              		.loc 1 2015 21 is_stmt 0 view .LVU1456
 4594 004c 0231     		adds	r1, r1, #2
 4595 004e 6252     		strh	r2, [r4, r1]
2018:Drivers/STM32G0xx_HAL_Driver/Src/stm32g0xx_hal_spi.c ****   hspi->TxISR       = NULL;
 4596              		.loc 1 2018 3 is_stmt 1 view .LVU1457
2018:Drivers/STM32G0xx_HAL_Driver/Src/stm32g0xx_hal_spi.c ****   hspi->TxISR       = NULL;
 4597              		.loc 1 2018 21 is_stmt 0 view .LVU1458
 4598 0050 E364     		str	r3, [r4, #76]
2019:Drivers/STM32G0xx_HAL_Driver/Src/stm32g0xx_hal_spi.c ****   hspi->TxXferSize  = 0U;
 4599              		.loc 1 2019 3 is_stmt 1 view .LVU1459
2019:Drivers/STM32G0xx_HAL_Driver/Src/stm32g0xx_hal_spi.c ****   hspi->TxXferSize  = 0U;
 4600              		.loc 1 2019 21 is_stmt 0 view .LVU1460
 4601 0052 2365     		str	r3, [r4, #80]
2020:Drivers/STM32G0xx_HAL_Driver/Src/stm32g0xx_hal_spi.c ****   hspi->TxXferCount = 0U;
 4602              		.loc 1 2020 3 is_stmt 1 view .LVU1461
2020:Drivers/STM32G0xx_HAL_Driver/Src/stm32g0xx_hal_spi.c ****   hspi->TxXferCount = 0U;
 4603              		.loc 1 2020 21 is_stmt 0 view .LVU1462
 4604 0054 A387     		strh	r3, [r4, #60]
2021:Drivers/STM32G0xx_HAL_Driver/Src/stm32g0xx_hal_spi.c **** 
ARM GAS  C:\Users\sante\AppData\Local\Temp\cc1VgFnO.s 			page 181


 4605              		.loc 1 2021 3 is_stmt 1 view .LVU1463
2021:Drivers/STM32G0xx_HAL_Driver/Src/stm32g0xx_hal_spi.c **** 
 4606              		.loc 1 2021 21 is_stmt 0 view .LVU1464
 4607 0056 E387     		strh	r3, [r4, #62]
2024:Drivers/STM32G0xx_HAL_Driver/Src/stm32g0xx_hal_spi.c ****   {
 4608              		.loc 1 2024 3 is_stmt 1 view .LVU1465
2024:Drivers/STM32G0xx_HAL_Driver/Src/stm32g0xx_hal_spi.c ****   {
 4609              		.loc 1 2024 6 is_stmt 0 view .LVU1466
 4610 0058 8023     		movs	r3, #128
 4611 005a 1B02     		lsls	r3, r3, #8
 4612 005c 9842     		cmp	r0, r3
 4613 005e 43D0     		beq	.L309
 4614              	.LVL306:
 4615              	.L299:
2040:Drivers/STM32G0xx_HAL_Driver/Src/stm32g0xx_hal_spi.c ****   if (hspi->Init.DataSize > SPI_DATASIZE_8BIT)
 4616              		.loc 1 2040 3 is_stmt 1 view .LVU1467
 4617 0060 2268     		ldr	r2, [r4]
 4618 0062 5368     		ldr	r3, [r2, #4]
 4619 0064 4249     		ldr	r1, .L311
 4620 0066 0B40     		ands	r3, r1
 4621 0068 5360     		str	r3, [r2, #4]
2041:Drivers/STM32G0xx_HAL_Driver/Src/stm32g0xx_hal_spi.c ****   {
 4622              		.loc 1 2041 3 view .LVU1468
2041:Drivers/STM32G0xx_HAL_Driver/Src/stm32g0xx_hal_spi.c ****   {
 4623              		.loc 1 2041 17 is_stmt 0 view .LVU1469
 4624 006a E268     		ldr	r2, [r4, #12]
2041:Drivers/STM32G0xx_HAL_Driver/Src/stm32g0xx_hal_spi.c ****   {
 4625              		.loc 1 2041 6 view .LVU1470
 4626 006c E023     		movs	r3, #224
 4627 006e DB00     		lsls	r3, r3, #3
 4628 0070 9A42     		cmp	r2, r3
 4629 0072 44D9     		bls	.L300
2044:Drivers/STM32G0xx_HAL_Driver/Src/stm32g0xx_hal_spi.c ****   }
 4630              		.loc 1 2044 5 is_stmt 1 view .LVU1471
 4631 0074 2268     		ldr	r2, [r4]
 4632 0076 5368     		ldr	r3, [r2, #4]
 4633 0078 3E49     		ldr	r1, .L311+4
 4634 007a 0B40     		ands	r3, r1
 4635 007c 5360     		str	r3, [r2, #4]
 4636              	.L301:
2070:Drivers/STM32G0xx_HAL_Driver/Src/stm32g0xx_hal_spi.c **** 
 4637              		.loc 1 2070 3 view .LVU1472
2070:Drivers/STM32G0xx_HAL_Driver/Src/stm32g0xx_hal_spi.c **** 
 4638              		.loc 1 2070 7 is_stmt 0 view .LVU1473
 4639 007e A36D     		ldr	r3, [r4, #88]
2070:Drivers/STM32G0xx_HAL_Driver/Src/stm32g0xx_hal_spi.c **** 
 4640              		.loc 1 2070 38 view .LVU1474
 4641 0080 3D4A     		ldr	r2, .L311+8
 4642 0082 1A63     		str	r2, [r3, #48]
2073:Drivers/STM32G0xx_HAL_Driver/Src/stm32g0xx_hal_spi.c **** 
 4643              		.loc 1 2073 3 is_stmt 1 view .LVU1475
2073:Drivers/STM32G0xx_HAL_Driver/Src/stm32g0xx_hal_spi.c **** 
 4644              		.loc 1 2073 7 is_stmt 0 view .LVU1476
 4645 0084 A36D     		ldr	r3, [r4, #88]
2073:Drivers/STM32G0xx_HAL_Driver/Src/stm32g0xx_hal_spi.c **** 
 4646              		.loc 1 2073 34 view .LVU1477
 4647 0086 3D4A     		ldr	r2, .L311+12
ARM GAS  C:\Users\sante\AppData\Local\Temp\cc1VgFnO.s 			page 182


 4648 0088 DA62     		str	r2, [r3, #44]
2076:Drivers/STM32G0xx_HAL_Driver/Src/stm32g0xx_hal_spi.c **** 
 4649              		.loc 1 2076 3 is_stmt 1 view .LVU1478
2076:Drivers/STM32G0xx_HAL_Driver/Src/stm32g0xx_hal_spi.c **** 
 4650              		.loc 1 2076 7 is_stmt 0 view .LVU1479
 4651 008a A36D     		ldr	r3, [r4, #88]
2076:Drivers/STM32G0xx_HAL_Driver/Src/stm32g0xx_hal_spi.c **** 
 4652              		.loc 1 2076 35 view .LVU1480
 4653 008c 3C4A     		ldr	r2, .L311+16
 4654 008e 5A63     		str	r2, [r3, #52]
2079:Drivers/STM32G0xx_HAL_Driver/Src/stm32g0xx_hal_spi.c **** 
 4655              		.loc 1 2079 3 is_stmt 1 view .LVU1481
2079:Drivers/STM32G0xx_HAL_Driver/Src/stm32g0xx_hal_spi.c **** 
 4656              		.loc 1 2079 7 is_stmt 0 view .LVU1482
 4657 0090 A36D     		ldr	r3, [r4, #88]
2079:Drivers/STM32G0xx_HAL_Driver/Src/stm32g0xx_hal_spi.c **** 
 4658              		.loc 1 2079 35 view .LVU1483
 4659 0092 0022     		movs	r2, #0
 4660 0094 9A63     		str	r2, [r3, #56]
2082:Drivers/STM32G0xx_HAL_Driver/Src/stm32g0xx_hal_spi.c ****                                  hspi->RxXferCount))
 4661              		.loc 1 2082 3 is_stmt 1 view .LVU1484
2082:Drivers/STM32G0xx_HAL_Driver/Src/stm32g0xx_hal_spi.c ****                                  hspi->RxXferCount))
 4662              		.loc 1 2082 63 is_stmt 0 view .LVU1485
 4663 0096 2168     		ldr	r1, [r4]
2082:Drivers/STM32G0xx_HAL_Driver/Src/stm32g0xx_hal_spi.c ****                                  hspi->RxXferCount))
 4664              		.loc 1 2082 58 view .LVU1486
 4665 0098 0C31     		adds	r1, r1, #12
2082:Drivers/STM32G0xx_HAL_Driver/Src/stm32g0xx_hal_spi.c ****                                  hspi->RxXferCount))
 4666              		.loc 1 2082 93 view .LVU1487
 4667 009a 226C     		ldr	r2, [r4, #64]
2083:Drivers/STM32G0xx_HAL_Driver/Src/stm32g0xx_hal_spi.c ****   {
 4668              		.loc 1 2083 38 view .LVU1488
 4669 009c 4623     		movs	r3, #70
 4670 009e E35A     		ldrh	r3, [r4, r3]
 4671 00a0 9BB2     		uxth	r3, r3
2082:Drivers/STM32G0xx_HAL_Driver/Src/stm32g0xx_hal_spi.c ****                                  hspi->RxXferCount))
 4672              		.loc 1 2082 17 view .LVU1489
 4673 00a2 A06D     		ldr	r0, [r4, #88]
 4674 00a4 FFF7FEFF 		bl	HAL_DMA_Start_IT
 4675              	.LVL307:
2082:Drivers/STM32G0xx_HAL_Driver/Src/stm32g0xx_hal_spi.c ****                                  hspi->RxXferCount))
 4676              		.loc 1 2082 6 discriminator 1 view .LVU1490
 4677 00a8 0028     		cmp	r0, #0
 4678 00aa 53D1     		bne	.L310
2093:Drivers/STM32G0xx_HAL_Driver/Src/stm32g0xx_hal_spi.c ****   {
 4679              		.loc 1 2093 3 is_stmt 1 view .LVU1491
2093:Drivers/STM32G0xx_HAL_Driver/Src/stm32g0xx_hal_spi.c ****   {
 4680              		.loc 1 2093 12 is_stmt 0 view .LVU1492
 4681 00ac 2268     		ldr	r2, [r4]
2093:Drivers/STM32G0xx_HAL_Driver/Src/stm32g0xx_hal_spi.c ****   {
 4682              		.loc 1 2093 22 view .LVU1493
 4683 00ae 1368     		ldr	r3, [r2]
2093:Drivers/STM32G0xx_HAL_Driver/Src/stm32g0xx_hal_spi.c ****   {
 4684              		.loc 1 2093 6 view .LVU1494
 4685 00b0 5B06     		lsls	r3, r3, #25
 4686 00b2 03D4     		bmi	.L304
2096:Drivers/STM32G0xx_HAL_Driver/Src/stm32g0xx_hal_spi.c ****   }
ARM GAS  C:\Users\sante\AppData\Local\Temp\cc1VgFnO.s 			page 183


 4687              		.loc 1 2096 5 is_stmt 1 view .LVU1495
 4688 00b4 1368     		ldr	r3, [r2]
 4689 00b6 4021     		movs	r1, #64
 4690 00b8 0B43     		orrs	r3, r1
 4691 00ba 1360     		str	r3, [r2]
 4692              	.L304:
2100:Drivers/STM32G0xx_HAL_Driver/Src/stm32g0xx_hal_spi.c **** 
 4693              		.loc 1 2100 3 view .LVU1496
 4694 00bc 2268     		ldr	r2, [r4]
 4695 00be 5368     		ldr	r3, [r2, #4]
 4696 00c0 2021     		movs	r1, #32
 4697 00c2 0B43     		orrs	r3, r1
 4698 00c4 5360     		str	r3, [r2, #4]
2103:Drivers/STM32G0xx_HAL_Driver/Src/stm32g0xx_hal_spi.c **** 
 4699              		.loc 1 2103 3 view .LVU1497
 4700 00c6 2268     		ldr	r2, [r4]
 4701 00c8 5368     		ldr	r3, [r2, #4]
 4702 00ca 1F39     		subs	r1, r1, #31
 4703 00cc 0B43     		orrs	r3, r1
 4704 00ce 5360     		str	r3, [r2, #4]
1979:Drivers/STM32G0xx_HAL_Driver/Src/stm32g0xx_hal_spi.c **** 
 4705              		.loc 1 1979 21 is_stmt 0 view .LVU1498
 4706 00d0 0600     		movs	r6, r0
 4707 00d2 45E0     		b	.L296
 4708              	.LVL308:
 4709              	.L308:
1992:Drivers/STM32G0xx_HAL_Driver/Src/stm32g0xx_hal_spi.c **** 
 4710              		.loc 1 1992 5 is_stmt 1 view .LVU1499
1992:Drivers/STM32G0xx_HAL_Driver/Src/stm32g0xx_hal_spi.c **** 
 4711              		.loc 1 1992 17 is_stmt 0 view .LVU1500
 4712 00d4 A73B     		subs	r3, r3, #167
 4713 00d6 0430     		adds	r0, r0, #4
 4714 00d8 E054     		strb	r0, [r4, r3]
1995:Drivers/STM32G0xx_HAL_Driver/Src/stm32g0xx_hal_spi.c **** 
 4715              		.loc 1 1995 5 is_stmt 1 view .LVU1501
1998:Drivers/STM32G0xx_HAL_Driver/Src/stm32g0xx_hal_spi.c ****   }
 4716              		.loc 1 1998 5 view .LVU1502
1998:Drivers/STM32G0xx_HAL_Driver/Src/stm32g0xx_hal_spi.c ****   }
 4717              		.loc 1 1998 12 is_stmt 0 view .LVU1503
 4718 00da 1300     		movs	r3, r2
 4719 00dc 0A00     		movs	r2, r1
 4720              	.LVL309:
1998:Drivers/STM32G0xx_HAL_Driver/Src/stm32g0xx_hal_spi.c ****   }
 4721              		.loc 1 1998 12 view .LVU1504
 4722 00de 2000     		movs	r0, r4
 4723 00e0 FFF7FEFF 		bl	HAL_SPI_TransmitReceive_DMA
 4724              	.LVL310:
1998:Drivers/STM32G0xx_HAL_Driver/Src/stm32g0xx_hal_spi.c ****   }
 4725              		.loc 1 1998 12 view .LVU1505
 4726 00e4 0600     		movs	r6, r0
 4727 00e6 3EE0     		b	.L298
 4728              	.LVL311:
 4729              	.L309:
2027:Drivers/STM32G0xx_HAL_Driver/Src/stm32g0xx_hal_spi.c ****     SPI_1LINE_RX(hspi);
 4730              		.loc 1 2027 5 is_stmt 1 view .LVU1506
 4731 00e8 2268     		ldr	r2, [r4]
 4732              	.LVL312:
ARM GAS  C:\Users\sante\AppData\Local\Temp\cc1VgFnO.s 			page 184


2027:Drivers/STM32G0xx_HAL_Driver/Src/stm32g0xx_hal_spi.c ****     SPI_1LINE_RX(hspi);
 4733              		.loc 1 2027 5 is_stmt 0 view .LVU1507
 4734 00ea 1368     		ldr	r3, [r2]
 4735 00ec 0639     		subs	r1, r1, #6
 4736 00ee 8B43     		bics	r3, r1
 4737 00f0 1360     		str	r3, [r2]
2028:Drivers/STM32G0xx_HAL_Driver/Src/stm32g0xx_hal_spi.c ****   }
 4738              		.loc 1 2028 5 is_stmt 1 view .LVU1508
 4739 00f2 2268     		ldr	r2, [r4]
 4740 00f4 1368     		ldr	r3, [r2]
 4741 00f6 2349     		ldr	r1, .L311+20
 4742 00f8 0B40     		ands	r3, r1
 4743 00fa 1360     		str	r3, [r2]
 4744 00fc B0E7     		b	.L299
 4745              	.L300:
2049:Drivers/STM32G0xx_HAL_Driver/Src/stm32g0xx_hal_spi.c **** 
 4746              		.loc 1 2049 5 view .LVU1509
 4747 00fe 2268     		ldr	r2, [r4]
 4748 0100 5168     		ldr	r1, [r2, #4]
 4749 0102 8023     		movs	r3, #128
 4750 0104 5B01     		lsls	r3, r3, #5
 4751 0106 0B43     		orrs	r3, r1
 4752 0108 5360     		str	r3, [r2, #4]
2051:Drivers/STM32G0xx_HAL_Driver/Src/stm32g0xx_hal_spi.c ****     {
 4753              		.loc 1 2051 5 view .LVU1510
2051:Drivers/STM32G0xx_HAL_Driver/Src/stm32g0xx_hal_spi.c ****     {
 4754              		.loc 1 2051 13 is_stmt 0 view .LVU1511
 4755 010a A36D     		ldr	r3, [r4, #88]
2051:Drivers/STM32G0xx_HAL_Driver/Src/stm32g0xx_hal_spi.c ****     {
 4756              		.loc 1 2051 27 view .LVU1512
 4757 010c 9A69     		ldr	r2, [r3, #24]
2051:Drivers/STM32G0xx_HAL_Driver/Src/stm32g0xx_hal_spi.c ****     {
 4758              		.loc 1 2051 8 view .LVU1513
 4759 010e 8023     		movs	r3, #128
 4760 0110 DB00     		lsls	r3, r3, #3
 4761 0112 9A42     		cmp	r2, r3
 4762 0114 B3D1     		bne	.L301
2054:Drivers/STM32G0xx_HAL_Driver/Src/stm32g0xx_hal_spi.c **** 
 4763              		.loc 1 2054 7 is_stmt 1 view .LVU1514
 4764 0116 2268     		ldr	r2, [r4]
 4765 0118 5368     		ldr	r3, [r2, #4]
 4766 011a 1649     		ldr	r1, .L311+4
 4767 011c 0B40     		ands	r3, r1
 4768 011e 5360     		str	r3, [r2, #4]
2056:Drivers/STM32G0xx_HAL_Driver/Src/stm32g0xx_hal_spi.c ****       {
 4769              		.loc 1 2056 7 view .LVU1515
2056:Drivers/STM32G0xx_HAL_Driver/Src/stm32g0xx_hal_spi.c ****       {
 4770              		.loc 1 2056 16 is_stmt 0 view .LVU1516
 4771 0120 4623     		movs	r3, #70
 4772 0122 E35A     		ldrh	r3, [r4, r3]
2056:Drivers/STM32G0xx_HAL_Driver/Src/stm32g0xx_hal_spi.c ****       {
 4773              		.loc 1 2056 10 view .LVU1517
 4774 0124 DB07     		lsls	r3, r3, #31
 4775 0126 09D4     		bmi	.L302
2058:Drivers/STM32G0xx_HAL_Driver/Src/stm32g0xx_hal_spi.c ****         hspi->RxXferCount = hspi->RxXferCount >> 1U;
 4776              		.loc 1 2058 9 is_stmt 1 view .LVU1518
 4777 0128 2268     		ldr	r2, [r4]
ARM GAS  C:\Users\sante\AppData\Local\Temp\cc1VgFnO.s 			page 185


 4778 012a 5368     		ldr	r3, [r2, #4]
 4779 012c 1049     		ldr	r1, .L311
 4780 012e 0B40     		ands	r3, r1
 4781 0130 5360     		str	r3, [r2, #4]
2059:Drivers/STM32G0xx_HAL_Driver/Src/stm32g0xx_hal_spi.c ****       }
 4782              		.loc 1 2059 9 view .LVU1519
2059:Drivers/STM32G0xx_HAL_Driver/Src/stm32g0xx_hal_spi.c ****       }
 4783              		.loc 1 2059 33 is_stmt 0 view .LVU1520
 4784 0132 4622     		movs	r2, #70
 4785 0134 A35A     		ldrh	r3, [r4, r2]
2059:Drivers/STM32G0xx_HAL_Driver/Src/stm32g0xx_hal_spi.c ****       }
 4786              		.loc 1 2059 27 view .LVU1521
 4787 0136 5B08     		lsrs	r3, r3, #1
 4788 0138 A352     		strh	r3, [r4, r2]
 4789 013a A0E7     		b	.L301
 4790              	.L302:
2063:Drivers/STM32G0xx_HAL_Driver/Src/stm32g0xx_hal_spi.c ****         hspi->RxXferCount = (hspi->RxXferCount >> 1U) + 1U;
 4791              		.loc 1 2063 9 is_stmt 1 view .LVU1522
 4792 013c 2268     		ldr	r2, [r4]
 4793 013e 5168     		ldr	r1, [r2, #4]
 4794 0140 8023     		movs	r3, #128
 4795 0142 9B01     		lsls	r3, r3, #6
 4796 0144 0B43     		orrs	r3, r1
 4797 0146 5360     		str	r3, [r2, #4]
2064:Drivers/STM32G0xx_HAL_Driver/Src/stm32g0xx_hal_spi.c ****       }
 4798              		.loc 1 2064 9 view .LVU1523
2064:Drivers/STM32G0xx_HAL_Driver/Src/stm32g0xx_hal_spi.c ****       }
 4799              		.loc 1 2064 34 is_stmt 0 view .LVU1524
 4800 0148 4622     		movs	r2, #70
 4801 014a A35A     		ldrh	r3, [r4, r2]
2064:Drivers/STM32G0xx_HAL_Driver/Src/stm32g0xx_hal_spi.c ****       }
 4802              		.loc 1 2064 55 view .LVU1525
 4803 014c 5B08     		lsrs	r3, r3, #1
 4804 014e 0133     		adds	r3, r3, #1
2064:Drivers/STM32G0xx_HAL_Driver/Src/stm32g0xx_hal_spi.c ****       }
 4805              		.loc 1 2064 27 view .LVU1526
 4806 0150 A352     		strh	r3, [r4, r2]
 4807 0152 94E7     		b	.L301
 4808              	.L310:
2086:Drivers/STM32G0xx_HAL_Driver/Src/stm32g0xx_hal_spi.c ****     errorcode = HAL_ERROR;
 4809              		.loc 1 2086 5 is_stmt 1 view .LVU1527
 4810 0154 236E     		ldr	r3, [r4, #96]
 4811 0156 1022     		movs	r2, #16
 4812 0158 1343     		orrs	r3, r2
 4813 015a 2366     		str	r3, [r4, #96]
2087:Drivers/STM32G0xx_HAL_Driver/Src/stm32g0xx_hal_spi.c **** 
 4814              		.loc 1 2087 5 view .LVU1528
 4815              	.LVL313:
2089:Drivers/STM32G0xx_HAL_Driver/Src/stm32g0xx_hal_spi.c ****   }
 4816              		.loc 1 2089 5 view .LVU1529
 4817 015c 00E0     		b	.L296
 4818              	.LVL314:
 4819              	.L305:
1986:Drivers/STM32G0xx_HAL_Driver/Src/stm32g0xx_hal_spi.c ****     goto error;
 4820              		.loc 1 1986 15 is_stmt 0 view .LVU1530
 4821 015e 0226     		movs	r6, #2
 4822              	.LVL315:
ARM GAS  C:\Users\sante\AppData\Local\Temp\cc1VgFnO.s 			page 186


 4823              	.L296:
2107:Drivers/STM32G0xx_HAL_Driver/Src/stm32g0xx_hal_spi.c ****   return errorcode;
 4824              		.loc 1 2107 3 is_stmt 1 view .LVU1531
2107:Drivers/STM32G0xx_HAL_Driver/Src/stm32g0xx_hal_spi.c ****   return errorcode;
 4825              		.loc 1 2107 3 view .LVU1532
 4826 0160 5C23     		movs	r3, #92
 4827 0162 0022     		movs	r2, #0
 4828 0164 E254     		strb	r2, [r4, r3]
2107:Drivers/STM32G0xx_HAL_Driver/Src/stm32g0xx_hal_spi.c ****   return errorcode;
 4829              		.loc 1 2107 3 view .LVU1533
2108:Drivers/STM32G0xx_HAL_Driver/Src/stm32g0xx_hal_spi.c **** }
 4830              		.loc 1 2108 3 view .LVU1534
 4831              	.LVL316:
 4832              	.L298:
2109:Drivers/STM32G0xx_HAL_Driver/Src/stm32g0xx_hal_spi.c **** 
 4833              		.loc 1 2109 1 is_stmt 0 view .LVU1535
 4834 0166 3000     		movs	r0, r6
 4835              		@ sp needed
 4836              	.LVL317:
2109:Drivers/STM32G0xx_HAL_Driver/Src/stm32g0xx_hal_spi.c **** 
 4837              		.loc 1 2109 1 view .LVU1536
 4838 0168 70BD     		pop	{r4, r5, r6, pc}
 4839              	.LVL318:
 4840              	.L306:
2002:Drivers/STM32G0xx_HAL_Driver/Src/stm32g0xx_hal_spi.c **** 
 4841              		.loc 1 2002 3 discriminator 1 view .LVU1537
 4842 016a 0226     		movs	r6, #2
 4843 016c FBE7     		b	.L298
 4844              	.L312:
 4845 016e C046     		.align	2
 4846              	.L311:
 4847 0170 FFDFFFFF 		.word	-8193
 4848 0174 FFEFFFFF 		.word	-4097
 4849 0178 00000000 		.word	SPI_DMAHalfReceiveCplt
 4850 017c 00000000 		.word	SPI_DMAReceiveCplt
 4851 0180 00000000 		.word	SPI_DMAError
 4852 0184 FFBFFFFF 		.word	-16385
 4853              		.cfi_endproc
 4854              	.LFE504:
 4856              		.section	.text.HAL_SPI_Abort,"ax",%progbits
 4857              		.align	1
 4858              		.global	HAL_SPI_Abort
 4859              		.syntax unified
 4860              		.code	16
 4861              		.thumb_func
 4863              	HAL_SPI_Abort:
 4864              	.LVL319:
 4865              	.LFB506:
2312:Drivers/STM32G0xx_HAL_Driver/Src/stm32g0xx_hal_spi.c ****   HAL_StatusTypeDef errorcode;
 4866              		.loc 1 2312 1 is_stmt 1 view -0
 4867              		.cfi_startproc
 4868              		@ args = 0, pretend = 0, frame = 16
 4869              		@ frame_needed = 0, uses_anonymous_args = 0
2312:Drivers/STM32G0xx_HAL_Driver/Src/stm32g0xx_hal_spi.c ****   HAL_StatusTypeDef errorcode;
 4870              		.loc 1 2312 1 is_stmt 0 view .LVU1539
 4871 0000 10B5     		push	{r4, lr}
 4872              		.cfi_def_cfa_offset 8
ARM GAS  C:\Users\sante\AppData\Local\Temp\cc1VgFnO.s 			page 187


 4873              		.cfi_offset 4, -8
 4874              		.cfi_offset 14, -4
 4875 0002 86B0     		sub	sp, sp, #24
 4876              		.cfi_def_cfa_offset 32
 4877 0004 0400     		movs	r4, r0
2313:Drivers/STM32G0xx_HAL_Driver/Src/stm32g0xx_hal_spi.c ****   __IO uint32_t count;
 4878              		.loc 1 2313 3 is_stmt 1 view .LVU1540
2314:Drivers/STM32G0xx_HAL_Driver/Src/stm32g0xx_hal_spi.c ****   __IO uint32_t resetcount;
 4879              		.loc 1 2314 3 view .LVU1541
2315:Drivers/STM32G0xx_HAL_Driver/Src/stm32g0xx_hal_spi.c **** 
 4880              		.loc 1 2315 3 view .LVU1542
2318:Drivers/STM32G0xx_HAL_Driver/Src/stm32g0xx_hal_spi.c ****   resetcount = SPI_DEFAULT_TIMEOUT * (SystemCoreClock / 24U / 1000U);
 4881              		.loc 1 2318 3 view .LVU1543
 4882              	.LVL320:
2319:Drivers/STM32G0xx_HAL_Driver/Src/stm32g0xx_hal_spi.c ****   count = resetcount;
 4883              		.loc 1 2319 3 view .LVU1544
2319:Drivers/STM32G0xx_HAL_Driver/Src/stm32g0xx_hal_spi.c ****   count = resetcount;
 4884              		.loc 1 2319 61 is_stmt 0 view .LVU1545
 4885 0006 604B     		ldr	r3, .L337
 4886 0008 1868     		ldr	r0, [r3]
 4887              	.LVL321:
2319:Drivers/STM32G0xx_HAL_Driver/Src/stm32g0xx_hal_spi.c ****   count = resetcount;
 4888              		.loc 1 2319 61 view .LVU1546
 4889 000a 6049     		ldr	r1, .L337+4
 4890 000c FFF7FEFF 		bl	__aeabi_uidiv
 4891              	.LVL322:
2319:Drivers/STM32G0xx_HAL_Driver/Src/stm32g0xx_hal_spi.c ****   count = resetcount;
 4892              		.loc 1 2319 36 view .LVU1547
 4893 0010 6423     		movs	r3, #100
 4894 0012 4343     		muls	r3, r0
2319:Drivers/STM32G0xx_HAL_Driver/Src/stm32g0xx_hal_spi.c ****   count = resetcount;
 4895              		.loc 1 2319 14 view .LVU1548
 4896 0014 0493     		str	r3, [sp, #16]
2320:Drivers/STM32G0xx_HAL_Driver/Src/stm32g0xx_hal_spi.c **** 
 4897              		.loc 1 2320 3 is_stmt 1 view .LVU1549
2320:Drivers/STM32G0xx_HAL_Driver/Src/stm32g0xx_hal_spi.c **** 
 4898              		.loc 1 2320 9 is_stmt 0 view .LVU1550
 4899 0016 049B     		ldr	r3, [sp, #16]
 4900 0018 0593     		str	r3, [sp, #20]
2323:Drivers/STM32G0xx_HAL_Driver/Src/stm32g0xx_hal_spi.c **** 
 4901              		.loc 1 2323 3 is_stmt 1 view .LVU1551
 4902 001a 2268     		ldr	r2, [r4]
 4903 001c 5368     		ldr	r3, [r2, #4]
 4904 001e 2021     		movs	r1, #32
 4905 0020 8B43     		bics	r3, r1
 4906 0022 5360     		str	r3, [r2, #4]
2326:Drivers/STM32G0xx_HAL_Driver/Src/stm32g0xx_hal_spi.c ****   {
 4907              		.loc 1 2326 3 view .LVU1552
2326:Drivers/STM32G0xx_HAL_Driver/Src/stm32g0xx_hal_spi.c ****   {
 4908              		.loc 1 2326 7 is_stmt 0 view .LVU1553
 4909 0024 2268     		ldr	r2, [r4]
 4910 0026 5368     		ldr	r3, [r2, #4]
2326:Drivers/STM32G0xx_HAL_Driver/Src/stm32g0xx_hal_spi.c ****   {
 4911              		.loc 1 2326 6 view .LVU1554
 4912 0028 1B06     		lsls	r3, r3, #24
 4913 002a 12D5     		bpl	.L314
2328:Drivers/STM32G0xx_HAL_Driver/Src/stm32g0xx_hal_spi.c ****     /* Wait HAL_SPI_STATE_ABORT state */
ARM GAS  C:\Users\sante\AppData\Local\Temp\cc1VgFnO.s 			page 188


 4914              		.loc 1 2328 5 is_stmt 1 view .LVU1555
2328:Drivers/STM32G0xx_HAL_Driver/Src/stm32g0xx_hal_spi.c ****     /* Wait HAL_SPI_STATE_ABORT state */
 4915              		.loc 1 2328 17 is_stmt 0 view .LVU1556
 4916 002c 584B     		ldr	r3, .L337+8
 4917 002e 2365     		str	r3, [r4, #80]
 4918              	.L317:
2330:Drivers/STM32G0xx_HAL_Driver/Src/stm32g0xx_hal_spi.c ****     {
 4919              		.loc 1 2330 5 is_stmt 1 view .LVU1557
2332:Drivers/STM32G0xx_HAL_Driver/Src/stm32g0xx_hal_spi.c ****       {
 4920              		.loc 1 2332 7 view .LVU1558
2332:Drivers/STM32G0xx_HAL_Driver/Src/stm32g0xx_hal_spi.c ****       {
 4921              		.loc 1 2332 17 is_stmt 0 view .LVU1559
 4922 0030 059B     		ldr	r3, [sp, #20]
2332:Drivers/STM32G0xx_HAL_Driver/Src/stm32g0xx_hal_spi.c ****       {
 4923              		.loc 1 2332 10 view .LVU1560
 4924 0032 002B     		cmp	r3, #0
 4925 0034 07D0     		beq	.L335
2337:Drivers/STM32G0xx_HAL_Driver/Src/stm32g0xx_hal_spi.c ****     } while (hspi->State != HAL_SPI_STATE_ABORT);
 4926              		.loc 1 2337 7 is_stmt 1 view .LVU1561
2337:Drivers/STM32G0xx_HAL_Driver/Src/stm32g0xx_hal_spi.c ****     } while (hspi->State != HAL_SPI_STATE_ABORT);
 4927              		.loc 1 2337 12 is_stmt 0 view .LVU1562
 4928 0036 059B     		ldr	r3, [sp, #20]
 4929 0038 013B     		subs	r3, r3, #1
 4930 003a 0593     		str	r3, [sp, #20]
2338:Drivers/STM32G0xx_HAL_Driver/Src/stm32g0xx_hal_spi.c ****     /* Reset Timeout Counter */
 4931              		.loc 1 2338 26 is_stmt 1 view .LVU1563
2338:Drivers/STM32G0xx_HAL_Driver/Src/stm32g0xx_hal_spi.c ****     /* Reset Timeout Counter */
 4932              		.loc 1 2338 18 is_stmt 0 view .LVU1564
 4933 003c 5D23     		movs	r3, #93
 4934 003e E35C     		ldrb	r3, [r4, r3]
2338:Drivers/STM32G0xx_HAL_Driver/Src/stm32g0xx_hal_spi.c ****     /* Reset Timeout Counter */
 4935              		.loc 1 2338 26 view .LVU1565
 4936 0040 072B     		cmp	r3, #7
 4937 0042 F5D1     		bne	.L317
 4938 0044 03E0     		b	.L316
 4939              	.L335:
2334:Drivers/STM32G0xx_HAL_Driver/Src/stm32g0xx_hal_spi.c ****         break;
 4940              		.loc 1 2334 9 is_stmt 1 view .LVU1566
 4941 0046 236E     		ldr	r3, [r4, #96]
 4942 0048 4021     		movs	r1, #64
 4943 004a 0B43     		orrs	r3, r1
 4944 004c 2366     		str	r3, [r4, #96]
2335:Drivers/STM32G0xx_HAL_Driver/Src/stm32g0xx_hal_spi.c ****       }
 4945              		.loc 1 2335 9 view .LVU1567
 4946              	.L316:
2340:Drivers/STM32G0xx_HAL_Driver/Src/stm32g0xx_hal_spi.c ****   }
 4947              		.loc 1 2340 5 view .LVU1568
2340:Drivers/STM32G0xx_HAL_Driver/Src/stm32g0xx_hal_spi.c ****   }
 4948              		.loc 1 2340 11 is_stmt 0 view .LVU1569
 4949 004e 049B     		ldr	r3, [sp, #16]
 4950 0050 0593     		str	r3, [sp, #20]
 4951              	.L314:
2343:Drivers/STM32G0xx_HAL_Driver/Src/stm32g0xx_hal_spi.c ****   {
 4952              		.loc 1 2343 3 is_stmt 1 view .LVU1570
2343:Drivers/STM32G0xx_HAL_Driver/Src/stm32g0xx_hal_spi.c ****   {
 4953              		.loc 1 2343 7 is_stmt 0 view .LVU1571
 4954 0052 5368     		ldr	r3, [r2, #4]
ARM GAS  C:\Users\sante\AppData\Local\Temp\cc1VgFnO.s 			page 189


2343:Drivers/STM32G0xx_HAL_Driver/Src/stm32g0xx_hal_spi.c ****   {
 4955              		.loc 1 2343 6 view .LVU1572
 4956 0054 5B06     		lsls	r3, r3, #25
 4957 0056 12D5     		bpl	.L318
2345:Drivers/STM32G0xx_HAL_Driver/Src/stm32g0xx_hal_spi.c ****     /* Wait HAL_SPI_STATE_ABORT state */
 4958              		.loc 1 2345 5 is_stmt 1 view .LVU1573
2345:Drivers/STM32G0xx_HAL_Driver/Src/stm32g0xx_hal_spi.c ****     /* Wait HAL_SPI_STATE_ABORT state */
 4959              		.loc 1 2345 17 is_stmt 0 view .LVU1574
 4960 0058 4E4B     		ldr	r3, .L337+12
 4961 005a E364     		str	r3, [r4, #76]
 4962              	.L321:
2347:Drivers/STM32G0xx_HAL_Driver/Src/stm32g0xx_hal_spi.c ****     {
 4963              		.loc 1 2347 5 is_stmt 1 view .LVU1575
2349:Drivers/STM32G0xx_HAL_Driver/Src/stm32g0xx_hal_spi.c ****       {
 4964              		.loc 1 2349 7 view .LVU1576
2349:Drivers/STM32G0xx_HAL_Driver/Src/stm32g0xx_hal_spi.c ****       {
 4965              		.loc 1 2349 17 is_stmt 0 view .LVU1577
 4966 005c 059B     		ldr	r3, [sp, #20]
2349:Drivers/STM32G0xx_HAL_Driver/Src/stm32g0xx_hal_spi.c ****       {
 4967              		.loc 1 2349 10 view .LVU1578
 4968 005e 002B     		cmp	r3, #0
 4969 0060 07D0     		beq	.L336
2354:Drivers/STM32G0xx_HAL_Driver/Src/stm32g0xx_hal_spi.c ****     } while (hspi->State != HAL_SPI_STATE_ABORT);
 4970              		.loc 1 2354 7 is_stmt 1 view .LVU1579
2354:Drivers/STM32G0xx_HAL_Driver/Src/stm32g0xx_hal_spi.c ****     } while (hspi->State != HAL_SPI_STATE_ABORT);
 4971              		.loc 1 2354 12 is_stmt 0 view .LVU1580
 4972 0062 059B     		ldr	r3, [sp, #20]
 4973 0064 013B     		subs	r3, r3, #1
 4974 0066 0593     		str	r3, [sp, #20]
2355:Drivers/STM32G0xx_HAL_Driver/Src/stm32g0xx_hal_spi.c ****     /* Reset Timeout Counter */
 4975              		.loc 1 2355 26 is_stmt 1 view .LVU1581
2355:Drivers/STM32G0xx_HAL_Driver/Src/stm32g0xx_hal_spi.c ****     /* Reset Timeout Counter */
 4976              		.loc 1 2355 18 is_stmt 0 view .LVU1582
 4977 0068 5D23     		movs	r3, #93
 4978 006a E35C     		ldrb	r3, [r4, r3]
2355:Drivers/STM32G0xx_HAL_Driver/Src/stm32g0xx_hal_spi.c ****     /* Reset Timeout Counter */
 4979              		.loc 1 2355 26 view .LVU1583
 4980 006c 072B     		cmp	r3, #7
 4981 006e F5D1     		bne	.L321
 4982 0070 03E0     		b	.L320
 4983              	.L336:
2351:Drivers/STM32G0xx_HAL_Driver/Src/stm32g0xx_hal_spi.c ****         break;
 4984              		.loc 1 2351 9 is_stmt 1 view .LVU1584
 4985 0072 236E     		ldr	r3, [r4, #96]
 4986 0074 4021     		movs	r1, #64
 4987 0076 0B43     		orrs	r3, r1
 4988 0078 2366     		str	r3, [r4, #96]
2352:Drivers/STM32G0xx_HAL_Driver/Src/stm32g0xx_hal_spi.c ****       }
 4989              		.loc 1 2352 9 view .LVU1585
 4990              	.L320:
2357:Drivers/STM32G0xx_HAL_Driver/Src/stm32g0xx_hal_spi.c ****   }
 4991              		.loc 1 2357 5 view .LVU1586
2357:Drivers/STM32G0xx_HAL_Driver/Src/stm32g0xx_hal_spi.c ****   }
 4992              		.loc 1 2357 11 is_stmt 0 view .LVU1587
 4993 007a 049B     		ldr	r3, [sp, #16]
 4994 007c 0593     		str	r3, [sp, #20]
 4995              	.L318:
ARM GAS  C:\Users\sante\AppData\Local\Temp\cc1VgFnO.s 			page 190


2361:Drivers/STM32G0xx_HAL_Driver/Src/stm32g0xx_hal_spi.c ****   {
 4996              		.loc 1 2361 3 is_stmt 1 view .LVU1588
2361:Drivers/STM32G0xx_HAL_Driver/Src/stm32g0xx_hal_spi.c ****   {
 4997              		.loc 1 2361 7 is_stmt 0 view .LVU1589
 4998 007e 5368     		ldr	r3, [r2, #4]
2361:Drivers/STM32G0xx_HAL_Driver/Src/stm32g0xx_hal_spi.c ****   {
 4999              		.loc 1 2361 6 view .LVU1590
 5000 0080 9B07     		lsls	r3, r3, #30
 5001 0082 2ED5     		bpl	.L322
2364:Drivers/STM32G0xx_HAL_Driver/Src/stm32g0xx_hal_spi.c ****     {
 5002              		.loc 1 2364 5 is_stmt 1 view .LVU1591
2364:Drivers/STM32G0xx_HAL_Driver/Src/stm32g0xx_hal_spi.c ****     {
 5003              		.loc 1 2364 13 is_stmt 0 view .LVU1592
 5004 0084 636D     		ldr	r3, [r4, #84]
2364:Drivers/STM32G0xx_HAL_Driver/Src/stm32g0xx_hal_spi.c ****     {
 5005              		.loc 1 2364 8 view .LVU1593
 5006 0086 002B     		cmp	r3, #0
 5007 0088 2BD0     		beq	.L322
2368:Drivers/STM32G0xx_HAL_Driver/Src/stm32g0xx_hal_spi.c **** 
 5008              		.loc 1 2368 7 is_stmt 1 view .LVU1594
2368:Drivers/STM32G0xx_HAL_Driver/Src/stm32g0xx_hal_spi.c **** 
 5009              		.loc 1 2368 39 is_stmt 0 view .LVU1595
 5010 008a 0022     		movs	r2, #0
 5011 008c 9A63     		str	r2, [r3, #56]
2371:Drivers/STM32G0xx_HAL_Driver/Src/stm32g0xx_hal_spi.c ****       {
 5012              		.loc 1 2371 7 is_stmt 1 view .LVU1596
2371:Drivers/STM32G0xx_HAL_Driver/Src/stm32g0xx_hal_spi.c ****       {
 5013              		.loc 1 2371 11 is_stmt 0 view .LVU1597
 5014 008e 606D     		ldr	r0, [r4, #84]
 5015 0090 FFF7FEFF 		bl	HAL_DMA_Abort
 5016              	.LVL323:
2371:Drivers/STM32G0xx_HAL_Driver/Src/stm32g0xx_hal_spi.c ****       {
 5017              		.loc 1 2371 10 discriminator 1 view .LVU1598
 5018 0094 0028     		cmp	r0, #0
 5019 0096 01D0     		beq	.L323
2373:Drivers/STM32G0xx_HAL_Driver/Src/stm32g0xx_hal_spi.c ****       }
 5020              		.loc 1 2373 9 is_stmt 1 view .LVU1599
2373:Drivers/STM32G0xx_HAL_Driver/Src/stm32g0xx_hal_spi.c ****       }
 5021              		.loc 1 2373 25 is_stmt 0 view .LVU1600
 5022 0098 4023     		movs	r3, #64
 5023 009a 2366     		str	r3, [r4, #96]
 5024              	.L323:
2377:Drivers/STM32G0xx_HAL_Driver/Src/stm32g0xx_hal_spi.c **** 
 5025              		.loc 1 2377 7 is_stmt 1 view .LVU1601
 5026 009c 2268     		ldr	r2, [r4]
 5027 009e 5368     		ldr	r3, [r2, #4]
 5028 00a0 0221     		movs	r1, #2
 5029 00a2 8B43     		bics	r3, r1
 5030 00a4 5360     		str	r3, [r2, #4]
2379:Drivers/STM32G0xx_HAL_Driver/Src/stm32g0xx_hal_spi.c ****       {
 5031              		.loc 1 2379 7 view .LVU1602
2379:Drivers/STM32G0xx_HAL_Driver/Src/stm32g0xx_hal_spi.c ****       {
 5032              		.loc 1 2379 11 is_stmt 0 view .LVU1603
 5033 00a6 FFF7FEFF 		bl	HAL_GetTick
 5034              	.LVL324:
 5035 00aa 0200     		movs	r2, r0
2379:Drivers/STM32G0xx_HAL_Driver/Src/stm32g0xx_hal_spi.c ****       {
ARM GAS  C:\Users\sante\AppData\Local\Temp\cc1VgFnO.s 			page 191


 5036              		.loc 1 2379 11 discriminator 1 view .LVU1604
 5037 00ac 6421     		movs	r1, #100
 5038 00ae 2000     		movs	r0, r4
 5039 00b0 FFF7FEFF 		bl	SPI_EndRxTxTransaction
 5040              	.LVL325:
2379:Drivers/STM32G0xx_HAL_Driver/Src/stm32g0xx_hal_spi.c ****       {
 5041              		.loc 1 2379 10 discriminator 2 view .LVU1605
 5042 00b4 0028     		cmp	r0, #0
 5043 00b6 01D0     		beq	.L324
2381:Drivers/STM32G0xx_HAL_Driver/Src/stm32g0xx_hal_spi.c ****       }
 5044              		.loc 1 2381 9 is_stmt 1 view .LVU1606
2381:Drivers/STM32G0xx_HAL_Driver/Src/stm32g0xx_hal_spi.c ****       }
 5045              		.loc 1 2381 25 is_stmt 0 view .LVU1607
 5046 00b8 4023     		movs	r3, #64
 5047 00ba 2366     		str	r3, [r4, #96]
 5048              	.L324:
2385:Drivers/STM32G0xx_HAL_Driver/Src/stm32g0xx_hal_spi.c **** 
 5049              		.loc 1 2385 7 is_stmt 1 view .LVU1608
 5050 00bc 2268     		ldr	r2, [r4]
 5051 00be 1368     		ldr	r3, [r2]
 5052 00c0 4021     		movs	r1, #64
 5053 00c2 8B43     		bics	r3, r1
 5054 00c4 1360     		str	r3, [r2]
2388:Drivers/STM32G0xx_HAL_Driver/Src/stm32g0xx_hal_spi.c ****       {
 5055              		.loc 1 2388 7 view .LVU1609
2388:Drivers/STM32G0xx_HAL_Driver/Src/stm32g0xx_hal_spi.c ****       {
 5056              		.loc 1 2388 11 is_stmt 0 view .LVU1610
 5057 00c6 FFF7FEFF 		bl	HAL_GetTick
 5058              	.LVL326:
2388:Drivers/STM32G0xx_HAL_Driver/Src/stm32g0xx_hal_spi.c ****       {
 5059              		.loc 1 2388 11 discriminator 1 view .LVU1611
 5060 00ca C021     		movs	r1, #192
 5061 00cc 0090     		str	r0, [sp]
 5062 00ce 6423     		movs	r3, #100
 5063 00d0 0022     		movs	r2, #0
 5064 00d2 C900     		lsls	r1, r1, #3
 5065 00d4 2000     		movs	r0, r4
 5066 00d6 FFF7FEFF 		bl	SPI_WaitFifoStateUntilTimeout
 5067              	.LVL327:
2388:Drivers/STM32G0xx_HAL_Driver/Src/stm32g0xx_hal_spi.c ****       {
 5068              		.loc 1 2388 10 discriminator 2 view .LVU1612
 5069 00da 0028     		cmp	r0, #0
 5070 00dc 01D0     		beq	.L322
2390:Drivers/STM32G0xx_HAL_Driver/Src/stm32g0xx_hal_spi.c ****       }
 5071              		.loc 1 2390 9 is_stmt 1 view .LVU1613
2390:Drivers/STM32G0xx_HAL_Driver/Src/stm32g0xx_hal_spi.c ****       }
 5072              		.loc 1 2390 25 is_stmt 0 view .LVU1614
 5073 00de 4023     		movs	r3, #64
 5074 00e0 2366     		str	r3, [r4, #96]
 5075              	.L322:
2396:Drivers/STM32G0xx_HAL_Driver/Src/stm32g0xx_hal_spi.c ****   {
 5076              		.loc 1 2396 3 is_stmt 1 view .LVU1615
2396:Drivers/STM32G0xx_HAL_Driver/Src/stm32g0xx_hal_spi.c ****   {
 5077              		.loc 1 2396 7 is_stmt 0 view .LVU1616
 5078 00e2 2368     		ldr	r3, [r4]
 5079 00e4 5B68     		ldr	r3, [r3, #4]
2396:Drivers/STM32G0xx_HAL_Driver/Src/stm32g0xx_hal_spi.c ****   {
ARM GAS  C:\Users\sante\AppData\Local\Temp\cc1VgFnO.s 			page 192


 5080              		.loc 1 2396 6 view .LVU1617
 5081 00e6 DB07     		lsls	r3, r3, #31
 5082 00e8 30D5     		bpl	.L325
2399:Drivers/STM32G0xx_HAL_Driver/Src/stm32g0xx_hal_spi.c ****     {
 5083              		.loc 1 2399 5 is_stmt 1 view .LVU1618
2399:Drivers/STM32G0xx_HAL_Driver/Src/stm32g0xx_hal_spi.c ****     {
 5084              		.loc 1 2399 13 is_stmt 0 view .LVU1619
 5085 00ea A36D     		ldr	r3, [r4, #88]
2399:Drivers/STM32G0xx_HAL_Driver/Src/stm32g0xx_hal_spi.c ****     {
 5086              		.loc 1 2399 8 view .LVU1620
 5087 00ec 002B     		cmp	r3, #0
 5088 00ee 2DD0     		beq	.L325
2403:Drivers/STM32G0xx_HAL_Driver/Src/stm32g0xx_hal_spi.c **** 
 5089              		.loc 1 2403 7 is_stmt 1 view .LVU1621
2403:Drivers/STM32G0xx_HAL_Driver/Src/stm32g0xx_hal_spi.c **** 
 5090              		.loc 1 2403 39 is_stmt 0 view .LVU1622
 5091 00f0 0022     		movs	r2, #0
 5092 00f2 9A63     		str	r2, [r3, #56]
2406:Drivers/STM32G0xx_HAL_Driver/Src/stm32g0xx_hal_spi.c ****       {
 5093              		.loc 1 2406 7 is_stmt 1 view .LVU1623
2406:Drivers/STM32G0xx_HAL_Driver/Src/stm32g0xx_hal_spi.c ****       {
 5094              		.loc 1 2406 11 is_stmt 0 view .LVU1624
 5095 00f4 A06D     		ldr	r0, [r4, #88]
 5096 00f6 FFF7FEFF 		bl	HAL_DMA_Abort
 5097              	.LVL328:
2406:Drivers/STM32G0xx_HAL_Driver/Src/stm32g0xx_hal_spi.c ****       {
 5098              		.loc 1 2406 10 discriminator 1 view .LVU1625
 5099 00fa 0028     		cmp	r0, #0
 5100 00fc 01D0     		beq	.L326
2408:Drivers/STM32G0xx_HAL_Driver/Src/stm32g0xx_hal_spi.c ****       }
 5101              		.loc 1 2408 9 is_stmt 1 view .LVU1626
2408:Drivers/STM32G0xx_HAL_Driver/Src/stm32g0xx_hal_spi.c ****       }
 5102              		.loc 1 2408 25 is_stmt 0 view .LVU1627
 5103 00fe 4023     		movs	r3, #64
 5104 0100 2366     		str	r3, [r4, #96]
 5105              	.L326:
2412:Drivers/STM32G0xx_HAL_Driver/Src/stm32g0xx_hal_spi.c **** 
 5106              		.loc 1 2412 7 is_stmt 1 view .LVU1628
 5107 0102 2268     		ldr	r2, [r4]
 5108 0104 1368     		ldr	r3, [r2]
 5109 0106 4021     		movs	r1, #64
 5110 0108 8B43     		bics	r3, r1
 5111 010a 1360     		str	r3, [r2]
2415:Drivers/STM32G0xx_HAL_Driver/Src/stm32g0xx_hal_spi.c ****       {
 5112              		.loc 1 2415 7 view .LVU1629
2415:Drivers/STM32G0xx_HAL_Driver/Src/stm32g0xx_hal_spi.c ****       {
 5113              		.loc 1 2415 11 is_stmt 0 view .LVU1630
 5114 010c FFF7FEFF 		bl	HAL_GetTick
 5115              	.LVL329:
2415:Drivers/STM32G0xx_HAL_Driver/Src/stm32g0xx_hal_spi.c ****       {
 5116              		.loc 1 2415 11 discriminator 1 view .LVU1631
 5117 0110 0090     		str	r0, [sp]
 5118 0112 6423     		movs	r3, #100
 5119 0114 0022     		movs	r2, #0
 5120 0116 8021     		movs	r1, #128
 5121 0118 2000     		movs	r0, r4
 5122 011a FFF7FEFF 		bl	SPI_WaitFlagStateUntilTimeout
ARM GAS  C:\Users\sante\AppData\Local\Temp\cc1VgFnO.s 			page 193


 5123              	.LVL330:
2415:Drivers/STM32G0xx_HAL_Driver/Src/stm32g0xx_hal_spi.c ****       {
 5124              		.loc 1 2415 10 discriminator 2 view .LVU1632
 5125 011e 0028     		cmp	r0, #0
 5126 0120 01D0     		beq	.L327
2417:Drivers/STM32G0xx_HAL_Driver/Src/stm32g0xx_hal_spi.c ****       }
 5127              		.loc 1 2417 9 is_stmt 1 view .LVU1633
2417:Drivers/STM32G0xx_HAL_Driver/Src/stm32g0xx_hal_spi.c ****       }
 5128              		.loc 1 2417 25 is_stmt 0 view .LVU1634
 5129 0122 4023     		movs	r3, #64
 5130 0124 2366     		str	r3, [r4, #96]
 5131              	.L327:
2421:Drivers/STM32G0xx_HAL_Driver/Src/stm32g0xx_hal_spi.c ****       {
 5132              		.loc 1 2421 7 is_stmt 1 view .LVU1635
2421:Drivers/STM32G0xx_HAL_Driver/Src/stm32g0xx_hal_spi.c ****       {
 5133              		.loc 1 2421 11 is_stmt 0 view .LVU1636
 5134 0126 FFF7FEFF 		bl	HAL_GetTick
 5135              	.LVL331:
2421:Drivers/STM32G0xx_HAL_Driver/Src/stm32g0xx_hal_spi.c ****       {
 5136              		.loc 1 2421 11 discriminator 1 view .LVU1637
 5137 012a C021     		movs	r1, #192
 5138 012c 0090     		str	r0, [sp]
 5139 012e 6423     		movs	r3, #100
 5140 0130 0022     		movs	r2, #0
 5141 0132 C900     		lsls	r1, r1, #3
 5142 0134 2000     		movs	r0, r4
 5143 0136 FFF7FEFF 		bl	SPI_WaitFifoStateUntilTimeout
 5144              	.LVL332:
2421:Drivers/STM32G0xx_HAL_Driver/Src/stm32g0xx_hal_spi.c ****       {
 5145              		.loc 1 2421 10 discriminator 2 view .LVU1638
 5146 013a 0028     		cmp	r0, #0
 5147 013c 01D0     		beq	.L328
2423:Drivers/STM32G0xx_HAL_Driver/Src/stm32g0xx_hal_spi.c ****       }
 5148              		.loc 1 2423 9 is_stmt 1 view .LVU1639
2423:Drivers/STM32G0xx_HAL_Driver/Src/stm32g0xx_hal_spi.c ****       }
 5149              		.loc 1 2423 25 is_stmt 0 view .LVU1640
 5150 013e 4023     		movs	r3, #64
 5151 0140 2366     		str	r3, [r4, #96]
 5152              	.L328:
2427:Drivers/STM32G0xx_HAL_Driver/Src/stm32g0xx_hal_spi.c ****     }
 5153              		.loc 1 2427 7 is_stmt 1 view .LVU1641
 5154 0142 2268     		ldr	r2, [r4]
 5155 0144 5368     		ldr	r3, [r2, #4]
 5156 0146 0121     		movs	r1, #1
 5157 0148 8B43     		bics	r3, r1
 5158 014a 5360     		str	r3, [r2, #4]
 5159              	.L325:
2431:Drivers/STM32G0xx_HAL_Driver/Src/stm32g0xx_hal_spi.c ****   hspi->TxXferCount = 0U;
 5160              		.loc 1 2431 3 view .LVU1642
2431:Drivers/STM32G0xx_HAL_Driver/Src/stm32g0xx_hal_spi.c ****   hspi->TxXferCount = 0U;
 5161              		.loc 1 2431 21 is_stmt 0 view .LVU1643
 5162 014c 0023     		movs	r3, #0
 5163 014e 4622     		movs	r2, #70
 5164 0150 A352     		strh	r3, [r4, r2]
2432:Drivers/STM32G0xx_HAL_Driver/Src/stm32g0xx_hal_spi.c **** 
 5165              		.loc 1 2432 3 is_stmt 1 view .LVU1644
2432:Drivers/STM32G0xx_HAL_Driver/Src/stm32g0xx_hal_spi.c **** 
ARM GAS  C:\Users\sante\AppData\Local\Temp\cc1VgFnO.s 			page 194


 5166              		.loc 1 2432 21 is_stmt 0 view .LVU1645
 5167 0152 E387     		strh	r3, [r4, #62]
2435:Drivers/STM32G0xx_HAL_Driver/Src/stm32g0xx_hal_spi.c ****   {
 5168              		.loc 1 2435 3 is_stmt 1 view .LVU1646
2435:Drivers/STM32G0xx_HAL_Driver/Src/stm32g0xx_hal_spi.c ****   {
 5169              		.loc 1 2435 11 is_stmt 0 view .LVU1647
 5170 0154 236E     		ldr	r3, [r4, #96]
2435:Drivers/STM32G0xx_HAL_Driver/Src/stm32g0xx_hal_spi.c ****   {
 5171              		.loc 1 2435 6 view .LVU1648
 5172 0156 402B     		cmp	r3, #64
 5173 0158 13D0     		beq	.L330
2443:Drivers/STM32G0xx_HAL_Driver/Src/stm32g0xx_hal_spi.c ****   }
 5174              		.loc 1 2443 5 is_stmt 1 view .LVU1649
2443:Drivers/STM32G0xx_HAL_Driver/Src/stm32g0xx_hal_spi.c ****   }
 5175              		.loc 1 2443 21 is_stmt 0 view .LVU1650
 5176 015a 0023     		movs	r3, #0
 5177 015c 2366     		str	r3, [r4, #96]
2318:Drivers/STM32G0xx_HAL_Driver/Src/stm32g0xx_hal_spi.c ****   resetcount = SPI_DEFAULT_TIMEOUT * (SystemCoreClock / 24U / 1000U);
 5178              		.loc 1 2318 13 view .LVU1651
 5179 015e 0020     		movs	r0, #0
 5180              	.L329:
 5181              	.LVL333:
2447:Drivers/STM32G0xx_HAL_Driver/Src/stm32g0xx_hal_spi.c ****   __HAL_SPI_CLEAR_FREFLAG(hspi);
 5182              		.loc 1 2447 3 is_stmt 1 view .LVU1652
 5183              	.LBB3:
2447:Drivers/STM32G0xx_HAL_Driver/Src/stm32g0xx_hal_spi.c ****   __HAL_SPI_CLEAR_FREFLAG(hspi);
 5184              		.loc 1 2447 3 view .LVU1653
 5185 0160 0022     		movs	r2, #0
 5186 0162 0292     		str	r2, [sp, #8]
2447:Drivers/STM32G0xx_HAL_Driver/Src/stm32g0xx_hal_spi.c ****   __HAL_SPI_CLEAR_FREFLAG(hspi);
 5187              		.loc 1 2447 3 view .LVU1654
 5188 0164 2368     		ldr	r3, [r4]
 5189 0166 D968     		ldr	r1, [r3, #12]
 5190 0168 0291     		str	r1, [sp, #8]
2447:Drivers/STM32G0xx_HAL_Driver/Src/stm32g0xx_hal_spi.c ****   __HAL_SPI_CLEAR_FREFLAG(hspi);
 5191              		.loc 1 2447 3 view .LVU1655
 5192 016a 9968     		ldr	r1, [r3, #8]
 5193 016c 0291     		str	r1, [sp, #8]
2447:Drivers/STM32G0xx_HAL_Driver/Src/stm32g0xx_hal_spi.c ****   __HAL_SPI_CLEAR_FREFLAG(hspi);
 5194              		.loc 1 2447 3 view .LVU1656
 5195 016e 0299     		ldr	r1, [sp, #8]
 5196              	.LBE3:
2447:Drivers/STM32G0xx_HAL_Driver/Src/stm32g0xx_hal_spi.c ****   __HAL_SPI_CLEAR_FREFLAG(hspi);
 5197              		.loc 1 2447 3 view .LVU1657
2448:Drivers/STM32G0xx_HAL_Driver/Src/stm32g0xx_hal_spi.c **** 
 5198              		.loc 1 2448 3 view .LVU1658
 5199              	.LBB4:
2448:Drivers/STM32G0xx_HAL_Driver/Src/stm32g0xx_hal_spi.c **** 
 5200              		.loc 1 2448 3 view .LVU1659
 5201 0170 0392     		str	r2, [sp, #12]
2448:Drivers/STM32G0xx_HAL_Driver/Src/stm32g0xx_hal_spi.c **** 
 5202              		.loc 1 2448 3 view .LVU1660
 5203 0172 9B68     		ldr	r3, [r3, #8]
 5204 0174 0393     		str	r3, [sp, #12]
2448:Drivers/STM32G0xx_HAL_Driver/Src/stm32g0xx_hal_spi.c **** 
 5205              		.loc 1 2448 3 view .LVU1661
 5206 0176 039B     		ldr	r3, [sp, #12]
ARM GAS  C:\Users\sante\AppData\Local\Temp\cc1VgFnO.s 			page 195


 5207              	.LBE4:
2448:Drivers/STM32G0xx_HAL_Driver/Src/stm32g0xx_hal_spi.c **** 
 5208              		.loc 1 2448 3 view .LVU1662
2451:Drivers/STM32G0xx_HAL_Driver/Src/stm32g0xx_hal_spi.c **** 
 5209              		.loc 1 2451 3 view .LVU1663
2451:Drivers/STM32G0xx_HAL_Driver/Src/stm32g0xx_hal_spi.c **** 
 5210              		.loc 1 2451 15 is_stmt 0 view .LVU1664
 5211 0178 5D23     		movs	r3, #93
 5212 017a 0132     		adds	r2, r2, #1
 5213 017c E254     		strb	r2, [r4, r3]
2453:Drivers/STM32G0xx_HAL_Driver/Src/stm32g0xx_hal_spi.c **** }
 5214              		.loc 1 2453 3 is_stmt 1 view .LVU1665
2454:Drivers/STM32G0xx_HAL_Driver/Src/stm32g0xx_hal_spi.c **** 
 5215              		.loc 1 2454 1 is_stmt 0 view .LVU1666
 5216 017e 06B0     		add	sp, sp, #24
 5217              		@ sp needed
 5218              	.LVL334:
2454:Drivers/STM32G0xx_HAL_Driver/Src/stm32g0xx_hal_spi.c **** 
 5219              		.loc 1 2454 1 view .LVU1667
 5220 0180 10BD     		pop	{r4, pc}
 5221              	.LVL335:
 5222              	.L330:
2438:Drivers/STM32G0xx_HAL_Driver/Src/stm32g0xx_hal_spi.c ****   }
 5223              		.loc 1 2438 15 view .LVU1668
 5224 0182 0120     		movs	r0, #1
 5225 0184 ECE7     		b	.L329
 5226              	.L338:
 5227 0186 C046     		.align	2
 5228              	.L337:
 5229 0188 00000000 		.word	SystemCoreClock
 5230 018c C05D0000 		.word	24000
 5231 0190 00000000 		.word	SPI_AbortTx_ISR
 5232 0194 00000000 		.word	SPI_AbortRx_ISR
 5233              		.cfi_endproc
 5234              	.LFE506:
 5236              		.section	.text.HAL_SPI_DMAPause,"ax",%progbits
 5237              		.align	1
 5238              		.global	HAL_SPI_DMAPause
 5239              		.syntax unified
 5240              		.code	16
 5241              		.thumb_func
 5243              	HAL_SPI_DMAPause:
 5244              	.LVL336:
 5245              	.LFB508:
2633:Drivers/STM32G0xx_HAL_Driver/Src/stm32g0xx_hal_spi.c ****   /* Process Locked */
 5246              		.loc 1 2633 1 is_stmt 1 view -0
 5247              		.cfi_startproc
 5248              		@ args = 0, pretend = 0, frame = 0
 5249              		@ frame_needed = 0, uses_anonymous_args = 0
2633:Drivers/STM32G0xx_HAL_Driver/Src/stm32g0xx_hal_spi.c ****   /* Process Locked */
 5250              		.loc 1 2633 1 is_stmt 0 view .LVU1670
 5251 0000 10B5     		push	{r4, lr}
 5252              		.cfi_def_cfa_offset 8
 5253              		.cfi_offset 4, -8
 5254              		.cfi_offset 14, -4
2635:Drivers/STM32G0xx_HAL_Driver/Src/stm32g0xx_hal_spi.c **** 
 5255              		.loc 1 2635 3 is_stmt 1 view .LVU1671
ARM GAS  C:\Users\sante\AppData\Local\Temp\cc1VgFnO.s 			page 196


2635:Drivers/STM32G0xx_HAL_Driver/Src/stm32g0xx_hal_spi.c **** 
 5256              		.loc 1 2635 3 view .LVU1672
 5257 0002 5C23     		movs	r3, #92
 5258 0004 C35C     		ldrb	r3, [r0, r3]
 5259 0006 012B     		cmp	r3, #1
 5260 0008 0BD0     		beq	.L341
2635:Drivers/STM32G0xx_HAL_Driver/Src/stm32g0xx_hal_spi.c **** 
 5261              		.loc 1 2635 3 discriminator 2 view .LVU1673
 5262 000a 5C22     		movs	r2, #92
 5263 000c 0123     		movs	r3, #1
 5264 000e 8354     		strb	r3, [r0, r2]
2635:Drivers/STM32G0xx_HAL_Driver/Src/stm32g0xx_hal_spi.c **** 
 5265              		.loc 1 2635 3 view .LVU1674
2638:Drivers/STM32G0xx_HAL_Driver/Src/stm32g0xx_hal_spi.c **** 
 5266              		.loc 1 2638 3 view .LVU1675
 5267 0010 0168     		ldr	r1, [r0]
 5268 0012 4B68     		ldr	r3, [r1, #4]
 5269 0014 0324     		movs	r4, #3
 5270 0016 A343     		bics	r3, r4
 5271 0018 4B60     		str	r3, [r1, #4]
2641:Drivers/STM32G0xx_HAL_Driver/Src/stm32g0xx_hal_spi.c **** 
 5272              		.loc 1 2641 3 view .LVU1676
2641:Drivers/STM32G0xx_HAL_Driver/Src/stm32g0xx_hal_spi.c **** 
 5273              		.loc 1 2641 3 view .LVU1677
 5274 001a 0023     		movs	r3, #0
 5275 001c 8354     		strb	r3, [r0, r2]
2641:Drivers/STM32G0xx_HAL_Driver/Src/stm32g0xx_hal_spi.c **** 
 5276              		.loc 1 2641 3 view .LVU1678
2643:Drivers/STM32G0xx_HAL_Driver/Src/stm32g0xx_hal_spi.c **** }
 5277              		.loc 1 2643 3 view .LVU1679
2643:Drivers/STM32G0xx_HAL_Driver/Src/stm32g0xx_hal_spi.c **** }
 5278              		.loc 1 2643 10 is_stmt 0 view .LVU1680
 5279 001e 0020     		movs	r0, #0
 5280              	.LVL337:
 5281              	.L340:
2644:Drivers/STM32G0xx_HAL_Driver/Src/stm32g0xx_hal_spi.c **** 
 5282              		.loc 1 2644 1 view .LVU1681
 5283              		@ sp needed
 5284 0020 10BD     		pop	{r4, pc}
 5285              	.LVL338:
 5286              	.L341:
2635:Drivers/STM32G0xx_HAL_Driver/Src/stm32g0xx_hal_spi.c **** 
 5287              		.loc 1 2635 3 discriminator 1 view .LVU1682
 5288 0022 0220     		movs	r0, #2
 5289              	.LVL339:
2635:Drivers/STM32G0xx_HAL_Driver/Src/stm32g0xx_hal_spi.c **** 
 5290              		.loc 1 2635 3 discriminator 1 view .LVU1683
 5291 0024 FCE7     		b	.L340
 5292              		.cfi_endproc
 5293              	.LFE508:
 5295              		.section	.text.HAL_SPI_DMAResume,"ax",%progbits
 5296              		.align	1
 5297              		.global	HAL_SPI_DMAResume
 5298              		.syntax unified
 5299              		.code	16
 5300              		.thumb_func
 5302              	HAL_SPI_DMAResume:
ARM GAS  C:\Users\sante\AppData\Local\Temp\cc1VgFnO.s 			page 197


 5303              	.LVL340:
 5304              	.LFB509:
2653:Drivers/STM32G0xx_HAL_Driver/Src/stm32g0xx_hal_spi.c ****   /* Process Locked */
 5305              		.loc 1 2653 1 is_stmt 1 view -0
 5306              		.cfi_startproc
 5307              		@ args = 0, pretend = 0, frame = 0
 5308              		@ frame_needed = 0, uses_anonymous_args = 0
2653:Drivers/STM32G0xx_HAL_Driver/Src/stm32g0xx_hal_spi.c ****   /* Process Locked */
 5309              		.loc 1 2653 1 is_stmt 0 view .LVU1685
 5310 0000 10B5     		push	{r4, lr}
 5311              		.cfi_def_cfa_offset 8
 5312              		.cfi_offset 4, -8
 5313              		.cfi_offset 14, -4
2655:Drivers/STM32G0xx_HAL_Driver/Src/stm32g0xx_hal_spi.c **** 
 5314              		.loc 1 2655 3 is_stmt 1 view .LVU1686
2655:Drivers/STM32G0xx_HAL_Driver/Src/stm32g0xx_hal_spi.c **** 
 5315              		.loc 1 2655 3 view .LVU1687
 5316 0002 5C23     		movs	r3, #92
 5317 0004 C35C     		ldrb	r3, [r0, r3]
 5318 0006 012B     		cmp	r3, #1
 5319 0008 0BD0     		beq	.L344
2655:Drivers/STM32G0xx_HAL_Driver/Src/stm32g0xx_hal_spi.c **** 
 5320              		.loc 1 2655 3 discriminator 2 view .LVU1688
 5321 000a 5C22     		movs	r2, #92
 5322 000c 0123     		movs	r3, #1
 5323 000e 8354     		strb	r3, [r0, r2]
2655:Drivers/STM32G0xx_HAL_Driver/Src/stm32g0xx_hal_spi.c **** 
 5324              		.loc 1 2655 3 view .LVU1689
2658:Drivers/STM32G0xx_HAL_Driver/Src/stm32g0xx_hal_spi.c **** 
 5325              		.loc 1 2658 3 view .LVU1690
 5326 0010 0168     		ldr	r1, [r0]
 5327 0012 4B68     		ldr	r3, [r1, #4]
 5328 0014 0324     		movs	r4, #3
 5329 0016 2343     		orrs	r3, r4
 5330 0018 4B60     		str	r3, [r1, #4]
2661:Drivers/STM32G0xx_HAL_Driver/Src/stm32g0xx_hal_spi.c **** 
 5331              		.loc 1 2661 3 view .LVU1691
2661:Drivers/STM32G0xx_HAL_Driver/Src/stm32g0xx_hal_spi.c **** 
 5332              		.loc 1 2661 3 view .LVU1692
 5333 001a 0023     		movs	r3, #0
 5334 001c 8354     		strb	r3, [r0, r2]
2661:Drivers/STM32G0xx_HAL_Driver/Src/stm32g0xx_hal_spi.c **** 
 5335              		.loc 1 2661 3 view .LVU1693
2663:Drivers/STM32G0xx_HAL_Driver/Src/stm32g0xx_hal_spi.c **** }
 5336              		.loc 1 2663 3 view .LVU1694
2663:Drivers/STM32G0xx_HAL_Driver/Src/stm32g0xx_hal_spi.c **** }
 5337              		.loc 1 2663 10 is_stmt 0 view .LVU1695
 5338 001e 0020     		movs	r0, #0
 5339              	.LVL341:
 5340              	.L343:
2664:Drivers/STM32G0xx_HAL_Driver/Src/stm32g0xx_hal_spi.c **** 
 5341              		.loc 1 2664 1 view .LVU1696
 5342              		@ sp needed
 5343 0020 10BD     		pop	{r4, pc}
 5344              	.LVL342:
 5345              	.L344:
2655:Drivers/STM32G0xx_HAL_Driver/Src/stm32g0xx_hal_spi.c **** 
ARM GAS  C:\Users\sante\AppData\Local\Temp\cc1VgFnO.s 			page 198


 5346              		.loc 1 2655 3 discriminator 1 view .LVU1697
 5347 0022 0220     		movs	r0, #2
 5348              	.LVL343:
2655:Drivers/STM32G0xx_HAL_Driver/Src/stm32g0xx_hal_spi.c **** 
 5349              		.loc 1 2655 3 discriminator 1 view .LVU1698
 5350 0024 FCE7     		b	.L343
 5351              		.cfi_endproc
 5352              	.LFE509:
 5354              		.section	.text.HAL_SPI_DMAStop,"ax",%progbits
 5355              		.align	1
 5356              		.global	HAL_SPI_DMAStop
 5357              		.syntax unified
 5358              		.code	16
 5359              		.thumb_func
 5361              	HAL_SPI_DMAStop:
 5362              	.LVL344:
 5363              	.LFB510:
2673:Drivers/STM32G0xx_HAL_Driver/Src/stm32g0xx_hal_spi.c ****   HAL_StatusTypeDef errorcode = HAL_OK;
 5364              		.loc 1 2673 1 is_stmt 1 view -0
 5365              		.cfi_startproc
 5366              		@ args = 0, pretend = 0, frame = 0
 5367              		@ frame_needed = 0, uses_anonymous_args = 0
2673:Drivers/STM32G0xx_HAL_Driver/Src/stm32g0xx_hal_spi.c ****   HAL_StatusTypeDef errorcode = HAL_OK;
 5368              		.loc 1 2673 1 is_stmt 0 view .LVU1700
 5369 0000 70B5     		push	{r4, r5, r6, lr}
 5370              		.cfi_def_cfa_offset 16
 5371              		.cfi_offset 4, -16
 5372              		.cfi_offset 5, -12
 5373              		.cfi_offset 6, -8
 5374              		.cfi_offset 14, -4
 5375 0002 0400     		movs	r4, r0
2674:Drivers/STM32G0xx_HAL_Driver/Src/stm32g0xx_hal_spi.c ****   /* The Lock is not implemented on this API to allow the user application
 5376              		.loc 1 2674 3 is_stmt 1 view .LVU1701
 5377              	.LVL345:
2682:Drivers/STM32G0xx_HAL_Driver/Src/stm32g0xx_hal_spi.c ****   {
 5378              		.loc 1 2682 3 view .LVU1702
2682:Drivers/STM32G0xx_HAL_Driver/Src/stm32g0xx_hal_spi.c ****   {
 5379              		.loc 1 2682 11 is_stmt 0 view .LVU1703
 5380 0004 406D     		ldr	r0, [r0, #84]
 5381              	.LVL346:
2682:Drivers/STM32G0xx_HAL_Driver/Src/stm32g0xx_hal_spi.c ****   {
 5382              		.loc 1 2682 6 view .LVU1704
 5383 0006 0028     		cmp	r0, #0
 5384 0008 09D0     		beq	.L348
2684:Drivers/STM32G0xx_HAL_Driver/Src/stm32g0xx_hal_spi.c ****     {
 5385              		.loc 1 2684 5 is_stmt 1 view .LVU1705
2684:Drivers/STM32G0xx_HAL_Driver/Src/stm32g0xx_hal_spi.c ****     {
 5386              		.loc 1 2684 19 is_stmt 0 view .LVU1706
 5387 000a FFF7FEFF 		bl	HAL_DMA_Abort
 5388              	.LVL347:
 5389 000e 051E     		subs	r5, r0, #0
2684:Drivers/STM32G0xx_HAL_Driver/Src/stm32g0xx_hal_spi.c ****     {
 5390              		.loc 1 2684 8 discriminator 1 view .LVU1707
 5391 0010 06D0     		beq	.L346
2686:Drivers/STM32G0xx_HAL_Driver/Src/stm32g0xx_hal_spi.c ****       errorcode = HAL_ERROR;
 5392              		.loc 1 2686 7 is_stmt 1 view .LVU1708
 5393 0012 236E     		ldr	r3, [r4, #96]
ARM GAS  C:\Users\sante\AppData\Local\Temp\cc1VgFnO.s 			page 199


 5394 0014 1022     		movs	r2, #16
 5395 0016 1343     		orrs	r3, r2
 5396 0018 2366     		str	r3, [r4, #96]
2687:Drivers/STM32G0xx_HAL_Driver/Src/stm32g0xx_hal_spi.c ****     }
 5397              		.loc 1 2687 7 view .LVU1709
 5398              	.LVL348:
2687:Drivers/STM32G0xx_HAL_Driver/Src/stm32g0xx_hal_spi.c ****     }
 5399              		.loc 1 2687 17 is_stmt 0 view .LVU1710
 5400 001a 0125     		movs	r5, #1
 5401 001c 00E0     		b	.L346
 5402              	.LVL349:
 5403              	.L348:
2674:Drivers/STM32G0xx_HAL_Driver/Src/stm32g0xx_hal_spi.c ****   /* The Lock is not implemented on this API to allow the user application
 5404              		.loc 1 2674 21 view .LVU1711
 5405 001e 0025     		movs	r5, #0
 5406              	.LVL350:
 5407              	.L346:
2691:Drivers/STM32G0xx_HAL_Driver/Src/stm32g0xx_hal_spi.c ****   {
 5408              		.loc 1 2691 3 is_stmt 1 view .LVU1712
2691:Drivers/STM32G0xx_HAL_Driver/Src/stm32g0xx_hal_spi.c ****   {
 5409              		.loc 1 2691 11 is_stmt 0 view .LVU1713
 5410 0020 A06D     		ldr	r0, [r4, #88]
2691:Drivers/STM32G0xx_HAL_Driver/Src/stm32g0xx_hal_spi.c ****   {
 5411              		.loc 1 2691 6 view .LVU1714
 5412 0022 0028     		cmp	r0, #0
 5413 0024 08D0     		beq	.L347
2693:Drivers/STM32G0xx_HAL_Driver/Src/stm32g0xx_hal_spi.c ****     {
 5414              		.loc 1 2693 5 is_stmt 1 view .LVU1715
2693:Drivers/STM32G0xx_HAL_Driver/Src/stm32g0xx_hal_spi.c ****     {
 5415              		.loc 1 2693 19 is_stmt 0 view .LVU1716
 5416 0026 FFF7FEFF 		bl	HAL_DMA_Abort
 5417              	.LVL351:
2693:Drivers/STM32G0xx_HAL_Driver/Src/stm32g0xx_hal_spi.c ****     {
 5418              		.loc 1 2693 8 discriminator 1 view .LVU1717
 5419 002a 0028     		cmp	r0, #0
 5420 002c 04D0     		beq	.L347
2695:Drivers/STM32G0xx_HAL_Driver/Src/stm32g0xx_hal_spi.c ****       errorcode = HAL_ERROR;
 5421              		.loc 1 2695 7 is_stmt 1 view .LVU1718
 5422 002e 236E     		ldr	r3, [r4, #96]
 5423 0030 1022     		movs	r2, #16
 5424 0032 1343     		orrs	r3, r2
 5425 0034 2366     		str	r3, [r4, #96]
2696:Drivers/STM32G0xx_HAL_Driver/Src/stm32g0xx_hal_spi.c ****     }
 5426              		.loc 1 2696 7 view .LVU1719
 5427              	.LVL352:
2696:Drivers/STM32G0xx_HAL_Driver/Src/stm32g0xx_hal_spi.c ****     }
 5428              		.loc 1 2696 17 is_stmt 0 view .LVU1720
 5429 0036 0125     		movs	r5, #1
 5430              	.LVL353:
 5431              	.L347:
2701:Drivers/STM32G0xx_HAL_Driver/Src/stm32g0xx_hal_spi.c ****   hspi->State = HAL_SPI_STATE_READY;
 5432              		.loc 1 2701 3 is_stmt 1 view .LVU1721
 5433 0038 2268     		ldr	r2, [r4]
 5434 003a 5368     		ldr	r3, [r2, #4]
 5435 003c 0321     		movs	r1, #3
 5436 003e 8B43     		bics	r3, r1
 5437 0040 5360     		str	r3, [r2, #4]
ARM GAS  C:\Users\sante\AppData\Local\Temp\cc1VgFnO.s 			page 200


2702:Drivers/STM32G0xx_HAL_Driver/Src/stm32g0xx_hal_spi.c ****   return errorcode;
 5438              		.loc 1 2702 3 view .LVU1722
2702:Drivers/STM32G0xx_HAL_Driver/Src/stm32g0xx_hal_spi.c ****   return errorcode;
 5439              		.loc 1 2702 15 is_stmt 0 view .LVU1723
 5440 0042 5D23     		movs	r3, #93
 5441 0044 0122     		movs	r2, #1
 5442 0046 E254     		strb	r2, [r4, r3]
2703:Drivers/STM32G0xx_HAL_Driver/Src/stm32g0xx_hal_spi.c **** }
 5443              		.loc 1 2703 3 is_stmt 1 view .LVU1724
2704:Drivers/STM32G0xx_HAL_Driver/Src/stm32g0xx_hal_spi.c **** 
 5444              		.loc 1 2704 1 is_stmt 0 view .LVU1725
 5445 0048 2800     		movs	r0, r5
 5446              		@ sp needed
 5447              	.LVL354:
 5448              	.LVL355:
2704:Drivers/STM32G0xx_HAL_Driver/Src/stm32g0xx_hal_spi.c **** 
 5449              		.loc 1 2704 1 view .LVU1726
 5450 004a 70BD     		pop	{r4, r5, r6, pc}
 5451              		.cfi_endproc
 5452              	.LFE510:
 5454              		.section	.text.HAL_SPI_TxCpltCallback,"ax",%progbits
 5455              		.align	1
 5456              		.weak	HAL_SPI_TxCpltCallback
 5457              		.syntax unified
 5458              		.code	16
 5459              		.thumb_func
 5461              	HAL_SPI_TxCpltCallback:
 5462              	.LVL356:
 5463              	.LFB512:
2820:Drivers/STM32G0xx_HAL_Driver/Src/stm32g0xx_hal_spi.c ****   /* Prevent unused argument(s) compilation warning */
 5464              		.loc 1 2820 1 is_stmt 1 view -0
 5465              		.cfi_startproc
 5466              		@ args = 0, pretend = 0, frame = 0
 5467              		@ frame_needed = 0, uses_anonymous_args = 0
 5468              		@ link register save eliminated.
2822:Drivers/STM32G0xx_HAL_Driver/Src/stm32g0xx_hal_spi.c **** 
 5469              		.loc 1 2822 3 view .LVU1728
2827:Drivers/STM32G0xx_HAL_Driver/Src/stm32g0xx_hal_spi.c **** 
 5470              		.loc 1 2827 1 is_stmt 0 view .LVU1729
 5471              		@ sp needed
 5472 0000 7047     		bx	lr
 5473              		.cfi_endproc
 5474              	.LFE512:
 5476              		.section	.text.HAL_SPI_RxCpltCallback,"ax",%progbits
 5477              		.align	1
 5478              		.weak	HAL_SPI_RxCpltCallback
 5479              		.syntax unified
 5480              		.code	16
 5481              		.thumb_func
 5483              	HAL_SPI_RxCpltCallback:
 5484              	.LVL357:
 5485              	.LFB513:
2836:Drivers/STM32G0xx_HAL_Driver/Src/stm32g0xx_hal_spi.c ****   /* Prevent unused argument(s) compilation warning */
 5486              		.loc 1 2836 1 is_stmt 1 view -0
 5487              		.cfi_startproc
 5488              		@ args = 0, pretend = 0, frame = 0
 5489              		@ frame_needed = 0, uses_anonymous_args = 0
ARM GAS  C:\Users\sante\AppData\Local\Temp\cc1VgFnO.s 			page 201


 5490              		@ link register save eliminated.
2838:Drivers/STM32G0xx_HAL_Driver/Src/stm32g0xx_hal_spi.c **** 
 5491              		.loc 1 2838 3 view .LVU1731
2843:Drivers/STM32G0xx_HAL_Driver/Src/stm32g0xx_hal_spi.c **** 
 5492              		.loc 1 2843 1 is_stmt 0 view .LVU1732
 5493              		@ sp needed
 5494 0000 7047     		bx	lr
 5495              		.cfi_endproc
 5496              	.LFE513:
 5498              		.section	.text.HAL_SPI_TxRxCpltCallback,"ax",%progbits
 5499              		.align	1
 5500              		.weak	HAL_SPI_TxRxCpltCallback
 5501              		.syntax unified
 5502              		.code	16
 5503              		.thumb_func
 5505              	HAL_SPI_TxRxCpltCallback:
 5506              	.LVL358:
 5507              	.LFB514:
2852:Drivers/STM32G0xx_HAL_Driver/Src/stm32g0xx_hal_spi.c ****   /* Prevent unused argument(s) compilation warning */
 5508              		.loc 1 2852 1 is_stmt 1 view -0
 5509              		.cfi_startproc
 5510              		@ args = 0, pretend = 0, frame = 0
 5511              		@ frame_needed = 0, uses_anonymous_args = 0
 5512              		@ link register save eliminated.
2854:Drivers/STM32G0xx_HAL_Driver/Src/stm32g0xx_hal_spi.c **** 
 5513              		.loc 1 2854 3 view .LVU1734
2859:Drivers/STM32G0xx_HAL_Driver/Src/stm32g0xx_hal_spi.c **** 
 5514              		.loc 1 2859 1 is_stmt 0 view .LVU1735
 5515              		@ sp needed
 5516 0000 7047     		bx	lr
 5517              		.cfi_endproc
 5518              	.LFE514:
 5520              		.section	.text.HAL_SPI_TxHalfCpltCallback,"ax",%progbits
 5521              		.align	1
 5522              		.weak	HAL_SPI_TxHalfCpltCallback
 5523              		.syntax unified
 5524              		.code	16
 5525              		.thumb_func
 5527              	HAL_SPI_TxHalfCpltCallback:
 5528              	.LVL359:
 5529              	.LFB515:
2868:Drivers/STM32G0xx_HAL_Driver/Src/stm32g0xx_hal_spi.c ****   /* Prevent unused argument(s) compilation warning */
 5530              		.loc 1 2868 1 is_stmt 1 view -0
 5531              		.cfi_startproc
 5532              		@ args = 0, pretend = 0, frame = 0
 5533              		@ frame_needed = 0, uses_anonymous_args = 0
 5534              		@ link register save eliminated.
2870:Drivers/STM32G0xx_HAL_Driver/Src/stm32g0xx_hal_spi.c **** 
 5535              		.loc 1 2870 3 view .LVU1737
2875:Drivers/STM32G0xx_HAL_Driver/Src/stm32g0xx_hal_spi.c **** 
 5536              		.loc 1 2875 1 is_stmt 0 view .LVU1738
 5537              		@ sp needed
 5538 0000 7047     		bx	lr
 5539              		.cfi_endproc
 5540              	.LFE515:
 5542              		.section	.text.SPI_DMAHalfTransmitCplt,"ax",%progbits
 5543              		.align	1
ARM GAS  C:\Users\sante\AppData\Local\Temp\cc1VgFnO.s 			page 202


 5544              		.syntax unified
 5545              		.code	16
 5546              		.thumb_func
 5548              	SPI_DMAHalfTransmitCplt:
 5549              	.LVL360:
 5550              	.LFB525:
3280:Drivers/STM32G0xx_HAL_Driver/Src/stm32g0xx_hal_spi.c ****   SPI_HandleTypeDef *hspi = (SPI_HandleTypeDef *)(((DMA_HandleTypeDef *)hdma)->Parent); /* Derogati
 5551              		.loc 1 3280 1 is_stmt 1 view -0
 5552              		.cfi_startproc
 5553              		@ args = 0, pretend = 0, frame = 0
 5554              		@ frame_needed = 0, uses_anonymous_args = 0
3280:Drivers/STM32G0xx_HAL_Driver/Src/stm32g0xx_hal_spi.c ****   SPI_HandleTypeDef *hspi = (SPI_HandleTypeDef *)(((DMA_HandleTypeDef *)hdma)->Parent); /* Derogati
 5555              		.loc 1 3280 1 is_stmt 0 view .LVU1740
 5556 0000 10B5     		push	{r4, lr}
 5557              		.cfi_def_cfa_offset 8
 5558              		.cfi_offset 4, -8
 5559              		.cfi_offset 14, -4
3281:Drivers/STM32G0xx_HAL_Driver/Src/stm32g0xx_hal_spi.c **** 
 5560              		.loc 1 3281 3 is_stmt 1 view .LVU1741
3281:Drivers/STM32G0xx_HAL_Driver/Src/stm32g0xx_hal_spi.c **** 
 5561              		.loc 1 3281 22 is_stmt 0 view .LVU1742
 5562 0002 806A     		ldr	r0, [r0, #40]
 5563              	.LVL361:
3287:Drivers/STM32G0xx_HAL_Driver/Src/stm32g0xx_hal_spi.c **** #endif /* USE_HAL_SPI_REGISTER_CALLBACKS */
 5564              		.loc 1 3287 3 is_stmt 1 view .LVU1743
 5565 0004 FFF7FEFF 		bl	HAL_SPI_TxHalfCpltCallback
 5566              	.LVL362:
3289:Drivers/STM32G0xx_HAL_Driver/Src/stm32g0xx_hal_spi.c **** 
 5567              		.loc 1 3289 1 is_stmt 0 view .LVU1744
 5568              		@ sp needed
 5569 0008 10BD     		pop	{r4, pc}
 5570              		.cfi_endproc
 5571              	.LFE525:
 5573              		.section	.text.HAL_SPI_RxHalfCpltCallback,"ax",%progbits
 5574              		.align	1
 5575              		.weak	HAL_SPI_RxHalfCpltCallback
 5576              		.syntax unified
 5577              		.code	16
 5578              		.thumb_func
 5580              	HAL_SPI_RxHalfCpltCallback:
 5581              	.LVL363:
 5582              	.LFB516:
2884:Drivers/STM32G0xx_HAL_Driver/Src/stm32g0xx_hal_spi.c ****   /* Prevent unused argument(s) compilation warning */
 5583              		.loc 1 2884 1 is_stmt 1 view -0
 5584              		.cfi_startproc
 5585              		@ args = 0, pretend = 0, frame = 0
 5586              		@ frame_needed = 0, uses_anonymous_args = 0
 5587              		@ link register save eliminated.
2886:Drivers/STM32G0xx_HAL_Driver/Src/stm32g0xx_hal_spi.c **** 
 5588              		.loc 1 2886 3 view .LVU1746
2891:Drivers/STM32G0xx_HAL_Driver/Src/stm32g0xx_hal_spi.c **** 
 5589              		.loc 1 2891 1 is_stmt 0 view .LVU1747
 5590              		@ sp needed
 5591 0000 7047     		bx	lr
 5592              		.cfi_endproc
 5593              	.LFE516:
 5595              		.section	.text.SPI_DMAHalfReceiveCplt,"ax",%progbits
ARM GAS  C:\Users\sante\AppData\Local\Temp\cc1VgFnO.s 			page 203


 5596              		.align	1
 5597              		.syntax unified
 5598              		.code	16
 5599              		.thumb_func
 5601              	SPI_DMAHalfReceiveCplt:
 5602              	.LVL364:
 5603              	.LFB526:
3298:Drivers/STM32G0xx_HAL_Driver/Src/stm32g0xx_hal_spi.c ****   SPI_HandleTypeDef *hspi = (SPI_HandleTypeDef *)(((DMA_HandleTypeDef *)hdma)->Parent); /* Derogati
 5604              		.loc 1 3298 1 is_stmt 1 view -0
 5605              		.cfi_startproc
 5606              		@ args = 0, pretend = 0, frame = 0
 5607              		@ frame_needed = 0, uses_anonymous_args = 0
3298:Drivers/STM32G0xx_HAL_Driver/Src/stm32g0xx_hal_spi.c ****   SPI_HandleTypeDef *hspi = (SPI_HandleTypeDef *)(((DMA_HandleTypeDef *)hdma)->Parent); /* Derogati
 5608              		.loc 1 3298 1 is_stmt 0 view .LVU1749
 5609 0000 10B5     		push	{r4, lr}
 5610              		.cfi_def_cfa_offset 8
 5611              		.cfi_offset 4, -8
 5612              		.cfi_offset 14, -4
3299:Drivers/STM32G0xx_HAL_Driver/Src/stm32g0xx_hal_spi.c **** 
 5613              		.loc 1 3299 3 is_stmt 1 view .LVU1750
3299:Drivers/STM32G0xx_HAL_Driver/Src/stm32g0xx_hal_spi.c **** 
 5614              		.loc 1 3299 22 is_stmt 0 view .LVU1751
 5615 0002 806A     		ldr	r0, [r0, #40]
 5616              	.LVL365:
3305:Drivers/STM32G0xx_HAL_Driver/Src/stm32g0xx_hal_spi.c **** #endif /* USE_HAL_SPI_REGISTER_CALLBACKS */
 5617              		.loc 1 3305 3 is_stmt 1 view .LVU1752
 5618 0004 FFF7FEFF 		bl	HAL_SPI_RxHalfCpltCallback
 5619              	.LVL366:
3307:Drivers/STM32G0xx_HAL_Driver/Src/stm32g0xx_hal_spi.c **** 
 5620              		.loc 1 3307 1 is_stmt 0 view .LVU1753
 5621              		@ sp needed
 5622 0008 10BD     		pop	{r4, pc}
 5623              		.cfi_endproc
 5624              	.LFE526:
 5626              		.section	.text.HAL_SPI_TxRxHalfCpltCallback,"ax",%progbits
 5627              		.align	1
 5628              		.weak	HAL_SPI_TxRxHalfCpltCallback
 5629              		.syntax unified
 5630              		.code	16
 5631              		.thumb_func
 5633              	HAL_SPI_TxRxHalfCpltCallback:
 5634              	.LVL367:
 5635              	.LFB517:
2900:Drivers/STM32G0xx_HAL_Driver/Src/stm32g0xx_hal_spi.c ****   /* Prevent unused argument(s) compilation warning */
 5636              		.loc 1 2900 1 is_stmt 1 view -0
 5637              		.cfi_startproc
 5638              		@ args = 0, pretend = 0, frame = 0
 5639              		@ frame_needed = 0, uses_anonymous_args = 0
 5640              		@ link register save eliminated.
2902:Drivers/STM32G0xx_HAL_Driver/Src/stm32g0xx_hal_spi.c **** 
 5641              		.loc 1 2902 3 view .LVU1755
2907:Drivers/STM32G0xx_HAL_Driver/Src/stm32g0xx_hal_spi.c **** 
 5642              		.loc 1 2907 1 is_stmt 0 view .LVU1756
 5643              		@ sp needed
 5644 0000 7047     		bx	lr
 5645              		.cfi_endproc
 5646              	.LFE517:
ARM GAS  C:\Users\sante\AppData\Local\Temp\cc1VgFnO.s 			page 204


 5648              		.section	.text.SPI_DMAHalfTransmitReceiveCplt,"ax",%progbits
 5649              		.align	1
 5650              		.syntax unified
 5651              		.code	16
 5652              		.thumb_func
 5654              	SPI_DMAHalfTransmitReceiveCplt:
 5655              	.LVL368:
 5656              	.LFB527:
3316:Drivers/STM32G0xx_HAL_Driver/Src/stm32g0xx_hal_spi.c ****   SPI_HandleTypeDef *hspi = (SPI_HandleTypeDef *)(((DMA_HandleTypeDef *)hdma)->Parent); /* Derogati
 5657              		.loc 1 3316 1 is_stmt 1 view -0
 5658              		.cfi_startproc
 5659              		@ args = 0, pretend = 0, frame = 0
 5660              		@ frame_needed = 0, uses_anonymous_args = 0
3316:Drivers/STM32G0xx_HAL_Driver/Src/stm32g0xx_hal_spi.c ****   SPI_HandleTypeDef *hspi = (SPI_HandleTypeDef *)(((DMA_HandleTypeDef *)hdma)->Parent); /* Derogati
 5661              		.loc 1 3316 1 is_stmt 0 view .LVU1758
 5662 0000 10B5     		push	{r4, lr}
 5663              		.cfi_def_cfa_offset 8
 5664              		.cfi_offset 4, -8
 5665              		.cfi_offset 14, -4
3317:Drivers/STM32G0xx_HAL_Driver/Src/stm32g0xx_hal_spi.c **** 
 5666              		.loc 1 3317 3 is_stmt 1 view .LVU1759
3317:Drivers/STM32G0xx_HAL_Driver/Src/stm32g0xx_hal_spi.c **** 
 5667              		.loc 1 3317 22 is_stmt 0 view .LVU1760
 5668 0002 806A     		ldr	r0, [r0, #40]
 5669              	.LVL369:
3323:Drivers/STM32G0xx_HAL_Driver/Src/stm32g0xx_hal_spi.c **** #endif /* USE_HAL_SPI_REGISTER_CALLBACKS */
 5670              		.loc 1 3323 3 is_stmt 1 view .LVU1761
 5671 0004 FFF7FEFF 		bl	HAL_SPI_TxRxHalfCpltCallback
 5672              	.LVL370:
3325:Drivers/STM32G0xx_HAL_Driver/Src/stm32g0xx_hal_spi.c **** 
 5673              		.loc 1 3325 1 is_stmt 0 view .LVU1762
 5674              		@ sp needed
 5675 0008 10BD     		pop	{r4, pc}
 5676              		.cfi_endproc
 5677              	.LFE527:
 5679              		.section	.text.HAL_SPI_ErrorCallback,"ax",%progbits
 5680              		.align	1
 5681              		.weak	HAL_SPI_ErrorCallback
 5682              		.syntax unified
 5683              		.code	16
 5684              		.thumb_func
 5686              	HAL_SPI_ErrorCallback:
 5687              	.LVL371:
 5688              	.LFB518:
2916:Drivers/STM32G0xx_HAL_Driver/Src/stm32g0xx_hal_spi.c ****   /* Prevent unused argument(s) compilation warning */
 5689              		.loc 1 2916 1 is_stmt 1 view -0
 5690              		.cfi_startproc
 5691              		@ args = 0, pretend = 0, frame = 0
 5692              		@ frame_needed = 0, uses_anonymous_args = 0
 5693              		@ link register save eliminated.
2918:Drivers/STM32G0xx_HAL_Driver/Src/stm32g0xx_hal_spi.c **** 
 5694              		.loc 1 2918 3 view .LVU1764
2926:Drivers/STM32G0xx_HAL_Driver/Src/stm32g0xx_hal_spi.c **** 
 5695              		.loc 1 2926 1 is_stmt 0 view .LVU1765
 5696              		@ sp needed
 5697 0000 7047     		bx	lr
 5698              		.cfi_endproc
ARM GAS  C:\Users\sante\AppData\Local\Temp\cc1VgFnO.s 			page 205


 5699              	.LFE518:
 5701              		.section	.text.SPI_CloseTx_ISR,"ax",%progbits
 5702              		.align	1
 5703              		.syntax unified
 5704              		.code	16
 5705              		.thumb_func
 5707              	SPI_CloseTx_ISR:
 5708              	.LVL372:
 5709              	.LFB546:
4258:Drivers/STM32G0xx_HAL_Driver/Src/stm32g0xx_hal_spi.c ****   uint32_t tickstart;
 5710              		.loc 1 4258 1 is_stmt 1 view -0
 5711              		.cfi_startproc
 5712              		@ args = 0, pretend = 0, frame = 8
 5713              		@ frame_needed = 0, uses_anonymous_args = 0
4258:Drivers/STM32G0xx_HAL_Driver/Src/stm32g0xx_hal_spi.c ****   uint32_t tickstart;
 5714              		.loc 1 4258 1 is_stmt 0 view .LVU1767
 5715 0000 10B5     		push	{r4, lr}
 5716              		.cfi_def_cfa_offset 8
 5717              		.cfi_offset 4, -8
 5718              		.cfi_offset 14, -4
 5719 0002 82B0     		sub	sp, sp, #8
 5720              		.cfi_def_cfa_offset 16
 5721 0004 0400     		movs	r4, r0
4259:Drivers/STM32G0xx_HAL_Driver/Src/stm32g0xx_hal_spi.c **** 
 5722              		.loc 1 4259 3 is_stmt 1 view .LVU1768
4262:Drivers/STM32G0xx_HAL_Driver/Src/stm32g0xx_hal_spi.c **** 
 5723              		.loc 1 4262 3 view .LVU1769
4262:Drivers/STM32G0xx_HAL_Driver/Src/stm32g0xx_hal_spi.c **** 
 5724              		.loc 1 4262 15 is_stmt 0 view .LVU1770
 5725 0006 FFF7FEFF 		bl	HAL_GetTick
 5726              	.LVL373:
4262:Drivers/STM32G0xx_HAL_Driver/Src/stm32g0xx_hal_spi.c **** 
 5727              		.loc 1 4262 15 view .LVU1771
 5728 000a 0200     		movs	r2, r0
 5729              	.LVL374:
4265:Drivers/STM32G0xx_HAL_Driver/Src/stm32g0xx_hal_spi.c **** 
 5730              		.loc 1 4265 3 is_stmt 1 view .LVU1772
 5731 000c 2168     		ldr	r1, [r4]
 5732 000e 4B68     		ldr	r3, [r1, #4]
 5733 0010 A020     		movs	r0, #160
 5734              	.LVL375:
4265:Drivers/STM32G0xx_HAL_Driver/Src/stm32g0xx_hal_spi.c **** 
 5735              		.loc 1 4265 3 is_stmt 0 view .LVU1773
 5736 0012 8343     		bics	r3, r0
 5737 0014 4B60     		str	r3, [r1, #4]
4268:Drivers/STM32G0xx_HAL_Driver/Src/stm32g0xx_hal_spi.c ****   {
 5738              		.loc 1 4268 3 is_stmt 1 view .LVU1774
4268:Drivers/STM32G0xx_HAL_Driver/Src/stm32g0xx_hal_spi.c ****   {
 5739              		.loc 1 4268 7 is_stmt 0 view .LVU1775
 5740 0016 6421     		movs	r1, #100
 5741 0018 2000     		movs	r0, r4
 5742 001a FFF7FEFF 		bl	SPI_EndRxTxTransaction
 5743              	.LVL376:
4268:Drivers/STM32G0xx_HAL_Driver/Src/stm32g0xx_hal_spi.c ****   {
 5744              		.loc 1 4268 6 discriminator 1 view .LVU1776
 5745 001e 0028     		cmp	r0, #0
 5746 0020 03D0     		beq	.L360
ARM GAS  C:\Users\sante\AppData\Local\Temp\cc1VgFnO.s 			page 206


4270:Drivers/STM32G0xx_HAL_Driver/Src/stm32g0xx_hal_spi.c ****   }
 5747              		.loc 1 4270 5 is_stmt 1 view .LVU1777
 5748 0022 236E     		ldr	r3, [r4, #96]
 5749 0024 2022     		movs	r2, #32
 5750 0026 1343     		orrs	r3, r2
 5751 0028 2366     		str	r3, [r4, #96]
 5752              	.L360:
4274:Drivers/STM32G0xx_HAL_Driver/Src/stm32g0xx_hal_spi.c ****   {
 5753              		.loc 1 4274 3 view .LVU1778
4274:Drivers/STM32G0xx_HAL_Driver/Src/stm32g0xx_hal_spi.c ****   {
 5754              		.loc 1 4274 17 is_stmt 0 view .LVU1779
 5755 002a A368     		ldr	r3, [r4, #8]
4274:Drivers/STM32G0xx_HAL_Driver/Src/stm32g0xx_hal_spi.c ****   {
 5756              		.loc 1 4274 6 view .LVU1780
 5757 002c 002B     		cmp	r3, #0
 5758 002e 06D1     		bne	.L361
4276:Drivers/STM32G0xx_HAL_Driver/Src/stm32g0xx_hal_spi.c ****   }
 5759              		.loc 1 4276 5 is_stmt 1 view .LVU1781
 5760              	.LBB5:
4276:Drivers/STM32G0xx_HAL_Driver/Src/stm32g0xx_hal_spi.c ****   }
 5761              		.loc 1 4276 5 view .LVU1782
 5762 0030 0193     		str	r3, [sp, #4]
4276:Drivers/STM32G0xx_HAL_Driver/Src/stm32g0xx_hal_spi.c ****   }
 5763              		.loc 1 4276 5 view .LVU1783
 5764 0032 2368     		ldr	r3, [r4]
 5765 0034 DA68     		ldr	r2, [r3, #12]
 5766 0036 0192     		str	r2, [sp, #4]
4276:Drivers/STM32G0xx_HAL_Driver/Src/stm32g0xx_hal_spi.c ****   }
 5767              		.loc 1 4276 5 view .LVU1784
 5768 0038 9B68     		ldr	r3, [r3, #8]
 5769 003a 0193     		str	r3, [sp, #4]
4276:Drivers/STM32G0xx_HAL_Driver/Src/stm32g0xx_hal_spi.c ****   }
 5770              		.loc 1 4276 5 view .LVU1785
 5771 003c 019B     		ldr	r3, [sp, #4]
 5772              	.L361:
 5773              	.LBE5:
4276:Drivers/STM32G0xx_HAL_Driver/Src/stm32g0xx_hal_spi.c ****   }
 5774              		.loc 1 4276 5 discriminator 1 view .LVU1786
4279:Drivers/STM32G0xx_HAL_Driver/Src/stm32g0xx_hal_spi.c ****   if (hspi->ErrorCode != HAL_SPI_ERROR_NONE)
 5775              		.loc 1 4279 3 view .LVU1787
4279:Drivers/STM32G0xx_HAL_Driver/Src/stm32g0xx_hal_spi.c ****   if (hspi->ErrorCode != HAL_SPI_ERROR_NONE)
 5776              		.loc 1 4279 15 is_stmt 0 view .LVU1788
 5777 003e 5D23     		movs	r3, #93
 5778 0040 0122     		movs	r2, #1
 5779 0042 E254     		strb	r2, [r4, r3]
4280:Drivers/STM32G0xx_HAL_Driver/Src/stm32g0xx_hal_spi.c ****   {
 5780              		.loc 1 4280 3 is_stmt 1 view .LVU1789
4280:Drivers/STM32G0xx_HAL_Driver/Src/stm32g0xx_hal_spi.c ****   {
 5781              		.loc 1 4280 11 is_stmt 0 view .LVU1790
 5782 0044 236E     		ldr	r3, [r4, #96]
4280:Drivers/STM32G0xx_HAL_Driver/Src/stm32g0xx_hal_spi.c ****   {
 5783              		.loc 1 4280 6 view .LVU1791
 5784 0046 002B     		cmp	r3, #0
 5785 0048 04D0     		beq	.L362
4286:Drivers/STM32G0xx_HAL_Driver/Src/stm32g0xx_hal_spi.c **** #endif /* USE_HAL_SPI_REGISTER_CALLBACKS */
 5786              		.loc 1 4286 5 is_stmt 1 view .LVU1792
 5787 004a 2000     		movs	r0, r4
ARM GAS  C:\Users\sante\AppData\Local\Temp\cc1VgFnO.s 			page 207


 5788 004c FFF7FEFF 		bl	HAL_SPI_ErrorCallback
 5789              	.LVL377:
 5790              	.L359:
4298:Drivers/STM32G0xx_HAL_Driver/Src/stm32g0xx_hal_spi.c **** 
 5791              		.loc 1 4298 1 is_stmt 0 view .LVU1793
 5792 0050 02B0     		add	sp, sp, #8
 5793              		@ sp needed
 5794              	.LVL378:
4298:Drivers/STM32G0xx_HAL_Driver/Src/stm32g0xx_hal_spi.c **** 
 5795              		.loc 1 4298 1 view .LVU1794
 5796 0052 10BD     		pop	{r4, pc}
 5797              	.LVL379:
 5798              	.L362:
4295:Drivers/STM32G0xx_HAL_Driver/Src/stm32g0xx_hal_spi.c **** #endif /* USE_HAL_SPI_REGISTER_CALLBACKS */
 5799              		.loc 1 4295 5 is_stmt 1 view .LVU1795
 5800 0054 2000     		movs	r0, r4
 5801 0056 FFF7FEFF 		bl	HAL_SPI_TxCpltCallback
 5802              	.LVL380:
4298:Drivers/STM32G0xx_HAL_Driver/Src/stm32g0xx_hal_spi.c **** 
 5803              		.loc 1 4298 1 is_stmt 0 view .LVU1796
 5804 005a F9E7     		b	.L359
 5805              		.cfi_endproc
 5806              	.LFE546:
 5808              		.section	.text.SPI_TxISR_8BIT,"ax",%progbits
 5809              		.align	1
 5810              		.syntax unified
 5811              		.code	16
 5812              		.thumb_func
 5814              	SPI_TxISR_8BIT:
 5815              	.LVL381:
 5816              	.LFB538:
3852:Drivers/STM32G0xx_HAL_Driver/Src/stm32g0xx_hal_spi.c ****   *(__IO uint8_t *)&hspi->Instance->DR = (*hspi->pTxBuffPtr);
 5817              		.loc 1 3852 1 is_stmt 1 view -0
 5818              		.cfi_startproc
 5819              		@ args = 0, pretend = 0, frame = 0
 5820              		@ frame_needed = 0, uses_anonymous_args = 0
3852:Drivers/STM32G0xx_HAL_Driver/Src/stm32g0xx_hal_spi.c ****   *(__IO uint8_t *)&hspi->Instance->DR = (*hspi->pTxBuffPtr);
 5821              		.loc 1 3852 1 is_stmt 0 view .LVU1798
 5822 0000 10B5     		push	{r4, lr}
 5823              		.cfi_def_cfa_offset 8
 5824              		.cfi_offset 4, -8
 5825              		.cfi_offset 14, -4
3853:Drivers/STM32G0xx_HAL_Driver/Src/stm32g0xx_hal_spi.c ****   hspi->pTxBuffPtr++;
 5826              		.loc 1 3853 3 is_stmt 1 view .LVU1799
3853:Drivers/STM32G0xx_HAL_Driver/Src/stm32g0xx_hal_spi.c ****   hspi->pTxBuffPtr++;
 5827              		.loc 1 3853 48 is_stmt 0 view .LVU1800
 5828 0002 826B     		ldr	r2, [r0, #56]
3853:Drivers/STM32G0xx_HAL_Driver/Src/stm32g0xx_hal_spi.c ****   hspi->pTxBuffPtr++;
 5829              		.loc 1 3853 25 view .LVU1801
 5830 0004 0368     		ldr	r3, [r0]
3853:Drivers/STM32G0xx_HAL_Driver/Src/stm32g0xx_hal_spi.c ****   hspi->pTxBuffPtr++;
 5831              		.loc 1 3853 43 view .LVU1802
 5832 0006 1278     		ldrb	r2, [r2]
3853:Drivers/STM32G0xx_HAL_Driver/Src/stm32g0xx_hal_spi.c ****   hspi->pTxBuffPtr++;
 5833              		.loc 1 3853 40 view .LVU1803
 5834 0008 1A73     		strb	r2, [r3, #12]
3854:Drivers/STM32G0xx_HAL_Driver/Src/stm32g0xx_hal_spi.c ****   hspi->TxXferCount--;
ARM GAS  C:\Users\sante\AppData\Local\Temp\cc1VgFnO.s 			page 208


 5835              		.loc 1 3854 3 is_stmt 1 view .LVU1804
3854:Drivers/STM32G0xx_HAL_Driver/Src/stm32g0xx_hal_spi.c ****   hspi->TxXferCount--;
 5836              		.loc 1 3854 7 is_stmt 0 view .LVU1805
 5837 000a 836B     		ldr	r3, [r0, #56]
3854:Drivers/STM32G0xx_HAL_Driver/Src/stm32g0xx_hal_spi.c ****   hspi->TxXferCount--;
 5838              		.loc 1 3854 19 view .LVU1806
 5839 000c 0133     		adds	r3, r3, #1
 5840 000e 8363     		str	r3, [r0, #56]
3855:Drivers/STM32G0xx_HAL_Driver/Src/stm32g0xx_hal_spi.c **** 
 5841              		.loc 1 3855 3 is_stmt 1 view .LVU1807
3855:Drivers/STM32G0xx_HAL_Driver/Src/stm32g0xx_hal_spi.c **** 
 5842              		.loc 1 3855 7 is_stmt 0 view .LVU1808
 5843 0010 C38F     		ldrh	r3, [r0, #62]
3855:Drivers/STM32G0xx_HAL_Driver/Src/stm32g0xx_hal_spi.c **** 
 5844              		.loc 1 3855 20 view .LVU1809
 5845 0012 013B     		subs	r3, r3, #1
 5846 0014 9BB2     		uxth	r3, r3
 5847 0016 C387     		strh	r3, [r0, #62]
3857:Drivers/STM32G0xx_HAL_Driver/Src/stm32g0xx_hal_spi.c ****   {
 5848              		.loc 1 3857 3 is_stmt 1 view .LVU1810
3857:Drivers/STM32G0xx_HAL_Driver/Src/stm32g0xx_hal_spi.c ****   {
 5849              		.loc 1 3857 11 is_stmt 0 view .LVU1811
 5850 0018 C38F     		ldrh	r3, [r0, #62]
3857:Drivers/STM32G0xx_HAL_Driver/Src/stm32g0xx_hal_spi.c ****   {
 5851              		.loc 1 3857 6 view .LVU1812
 5852 001a 002B     		cmp	r3, #0
 5853 001c 00D0     		beq	.L366
 5854              	.LVL382:
 5855              	.L364:
3868:Drivers/STM32G0xx_HAL_Driver/Src/stm32g0xx_hal_spi.c **** 
 5856              		.loc 1 3868 1 view .LVU1813
 5857              		@ sp needed
 5858 001e 10BD     		pop	{r4, pc}
 5859              	.LVL383:
 5860              	.L366:
3866:Drivers/STM32G0xx_HAL_Driver/Src/stm32g0xx_hal_spi.c ****   }
 5861              		.loc 1 3866 5 is_stmt 1 view .LVU1814
 5862 0020 FFF7FEFF 		bl	SPI_CloseTx_ISR
 5863              	.LVL384:
3868:Drivers/STM32G0xx_HAL_Driver/Src/stm32g0xx_hal_spi.c **** 
 5864              		.loc 1 3868 1 is_stmt 0 view .LVU1815
 5865 0024 FBE7     		b	.L364
 5866              		.cfi_endproc
 5867              	.LFE538:
 5869              		.section	.text.SPI_TxISR_16BIT,"ax",%progbits
 5870              		.align	1
 5871              		.syntax unified
 5872              		.code	16
 5873              		.thumb_func
 5875              	SPI_TxISR_16BIT:
 5876              	.LVL385:
 5877              	.LFB539:
3877:Drivers/STM32G0xx_HAL_Driver/Src/stm32g0xx_hal_spi.c ****   /* Transmit data in 16 Bit mode */
 5878              		.loc 1 3877 1 is_stmt 1 view -0
 5879              		.cfi_startproc
 5880              		@ args = 0, pretend = 0, frame = 0
 5881              		@ frame_needed = 0, uses_anonymous_args = 0
ARM GAS  C:\Users\sante\AppData\Local\Temp\cc1VgFnO.s 			page 209


3877:Drivers/STM32G0xx_HAL_Driver/Src/stm32g0xx_hal_spi.c ****   /* Transmit data in 16 Bit mode */
 5882              		.loc 1 3877 1 is_stmt 0 view .LVU1817
 5883 0000 10B5     		push	{r4, lr}
 5884              		.cfi_def_cfa_offset 8
 5885              		.cfi_offset 4, -8
 5886              		.cfi_offset 14, -4
3879:Drivers/STM32G0xx_HAL_Driver/Src/stm32g0xx_hal_spi.c ****   hspi->pTxBuffPtr += sizeof(uint16_t);
 5887              		.loc 1 3879 3 is_stmt 1 view .LVU1818
3879:Drivers/STM32G0xx_HAL_Driver/Src/stm32g0xx_hal_spi.c ****   hspi->pTxBuffPtr += sizeof(uint16_t);
 5888              		.loc 1 3879 42 is_stmt 0 view .LVU1819
 5889 0002 826B     		ldr	r2, [r0, #56]
3879:Drivers/STM32G0xx_HAL_Driver/Src/stm32g0xx_hal_spi.c ****   hspi->pTxBuffPtr += sizeof(uint16_t);
 5890              		.loc 1 3879 7 view .LVU1820
 5891 0004 0368     		ldr	r3, [r0]
3879:Drivers/STM32G0xx_HAL_Driver/Src/stm32g0xx_hal_spi.c ****   hspi->pTxBuffPtr += sizeof(uint16_t);
 5892              		.loc 1 3879 24 view .LVU1821
 5893 0006 1288     		ldrh	r2, [r2]
3879:Drivers/STM32G0xx_HAL_Driver/Src/stm32g0xx_hal_spi.c ****   hspi->pTxBuffPtr += sizeof(uint16_t);
 5894              		.loc 1 3879 22 view .LVU1822
 5895 0008 DA60     		str	r2, [r3, #12]
3880:Drivers/STM32G0xx_HAL_Driver/Src/stm32g0xx_hal_spi.c ****   hspi->TxXferCount--;
 5896              		.loc 1 3880 3 is_stmt 1 view .LVU1823
3880:Drivers/STM32G0xx_HAL_Driver/Src/stm32g0xx_hal_spi.c ****   hspi->TxXferCount--;
 5897              		.loc 1 3880 7 is_stmt 0 view .LVU1824
 5898 000a 836B     		ldr	r3, [r0, #56]
3880:Drivers/STM32G0xx_HAL_Driver/Src/stm32g0xx_hal_spi.c ****   hspi->TxXferCount--;
 5899              		.loc 1 3880 20 view .LVU1825
 5900 000c 0233     		adds	r3, r3, #2
 5901 000e 8363     		str	r3, [r0, #56]
3881:Drivers/STM32G0xx_HAL_Driver/Src/stm32g0xx_hal_spi.c **** 
 5902              		.loc 1 3881 3 is_stmt 1 view .LVU1826
3881:Drivers/STM32G0xx_HAL_Driver/Src/stm32g0xx_hal_spi.c **** 
 5903              		.loc 1 3881 7 is_stmt 0 view .LVU1827
 5904 0010 C38F     		ldrh	r3, [r0, #62]
3881:Drivers/STM32G0xx_HAL_Driver/Src/stm32g0xx_hal_spi.c **** 
 5905              		.loc 1 3881 20 view .LVU1828
 5906 0012 013B     		subs	r3, r3, #1
 5907 0014 9BB2     		uxth	r3, r3
 5908 0016 C387     		strh	r3, [r0, #62]
3883:Drivers/STM32G0xx_HAL_Driver/Src/stm32g0xx_hal_spi.c ****   {
 5909              		.loc 1 3883 3 is_stmt 1 view .LVU1829
3883:Drivers/STM32G0xx_HAL_Driver/Src/stm32g0xx_hal_spi.c ****   {
 5910              		.loc 1 3883 11 is_stmt 0 view .LVU1830
 5911 0018 C38F     		ldrh	r3, [r0, #62]
3883:Drivers/STM32G0xx_HAL_Driver/Src/stm32g0xx_hal_spi.c ****   {
 5912              		.loc 1 3883 6 view .LVU1831
 5913 001a 002B     		cmp	r3, #0
 5914 001c 00D0     		beq	.L369
 5915              	.LVL386:
 5916              	.L367:
3894:Drivers/STM32G0xx_HAL_Driver/Src/stm32g0xx_hal_spi.c **** 
 5917              		.loc 1 3894 1 view .LVU1832
 5918              		@ sp needed
 5919 001e 10BD     		pop	{r4, pc}
 5920              	.LVL387:
 5921              	.L369:
3892:Drivers/STM32G0xx_HAL_Driver/Src/stm32g0xx_hal_spi.c ****   }
ARM GAS  C:\Users\sante\AppData\Local\Temp\cc1VgFnO.s 			page 210


 5922              		.loc 1 3892 5 is_stmt 1 view .LVU1833
 5923 0020 FFF7FEFF 		bl	SPI_CloseTx_ISR
 5924              	.LVL388:
3894:Drivers/STM32G0xx_HAL_Driver/Src/stm32g0xx_hal_spi.c **** 
 5925              		.loc 1 3894 1 is_stmt 0 view .LVU1834
 5926 0024 FBE7     		b	.L367
 5927              		.cfi_endproc
 5928              	.LFE539:
 5930              		.section	.text.SPI_CloseRx_ISR,"ax",%progbits
 5931              		.align	1
 5932              		.syntax unified
 5933              		.code	16
 5934              		.thumb_func
 5936              	SPI_CloseRx_ISR:
 5937              	.LVL389:
 5938              	.LFB545:
4201:Drivers/STM32G0xx_HAL_Driver/Src/stm32g0xx_hal_spi.c ****   /* Disable RXNE and ERR interrupt */
 5939              		.loc 1 4201 1 is_stmt 1 view -0
 5940              		.cfi_startproc
 5941              		@ args = 0, pretend = 0, frame = 0
 5942              		@ frame_needed = 0, uses_anonymous_args = 0
4201:Drivers/STM32G0xx_HAL_Driver/Src/stm32g0xx_hal_spi.c ****   /* Disable RXNE and ERR interrupt */
 5943              		.loc 1 4201 1 is_stmt 0 view .LVU1836
 5944 0000 10B5     		push	{r4, lr}
 5945              		.cfi_def_cfa_offset 8
 5946              		.cfi_offset 4, -8
 5947              		.cfi_offset 14, -4
 5948 0002 0400     		movs	r4, r0
4203:Drivers/STM32G0xx_HAL_Driver/Src/stm32g0xx_hal_spi.c **** 
 5949              		.loc 1 4203 3 is_stmt 1 view .LVU1837
 5950 0004 0268     		ldr	r2, [r0]
 5951 0006 5368     		ldr	r3, [r2, #4]
 5952 0008 6021     		movs	r1, #96
 5953 000a 8B43     		bics	r3, r1
 5954 000c 5360     		str	r3, [r2, #4]
4206:Drivers/STM32G0xx_HAL_Driver/Src/stm32g0xx_hal_spi.c ****   {
 5955              		.loc 1 4206 3 view .LVU1838
4206:Drivers/STM32G0xx_HAL_Driver/Src/stm32g0xx_hal_spi.c ****   {
 5956              		.loc 1 4206 7 is_stmt 0 view .LVU1839
 5957 000e FFF7FEFF 		bl	HAL_GetTick
 5958              	.LVL390:
4206:Drivers/STM32G0xx_HAL_Driver/Src/stm32g0xx_hal_spi.c ****   {
 5959              		.loc 1 4206 7 view .LVU1840
 5960 0012 0200     		movs	r2, r0
4206:Drivers/STM32G0xx_HAL_Driver/Src/stm32g0xx_hal_spi.c ****   {
 5961              		.loc 1 4206 7 discriminator 1 view .LVU1841
 5962 0014 6421     		movs	r1, #100
 5963 0016 2000     		movs	r0, r4
 5964 0018 FFF7FEFF 		bl	SPI_EndRxTransaction
 5965              	.LVL391:
4206:Drivers/STM32G0xx_HAL_Driver/Src/stm32g0xx_hal_spi.c ****   {
 5966              		.loc 1 4206 6 discriminator 2 view .LVU1842
 5967 001c 0028     		cmp	r0, #0
 5968 001e 03D0     		beq	.L371
4208:Drivers/STM32G0xx_HAL_Driver/Src/stm32g0xx_hal_spi.c ****   }
 5969              		.loc 1 4208 5 is_stmt 1 view .LVU1843
 5970 0020 236E     		ldr	r3, [r4, #96]
ARM GAS  C:\Users\sante\AppData\Local\Temp\cc1VgFnO.s 			page 211


 5971 0022 2022     		movs	r2, #32
 5972 0024 1343     		orrs	r3, r2
 5973 0026 2366     		str	r3, [r4, #96]
 5974              	.L371:
4210:Drivers/STM32G0xx_HAL_Driver/Src/stm32g0xx_hal_spi.c **** 
 5975              		.loc 1 4210 3 view .LVU1844
4210:Drivers/STM32G0xx_HAL_Driver/Src/stm32g0xx_hal_spi.c **** 
 5976              		.loc 1 4210 15 is_stmt 0 view .LVU1845
 5977 0028 5D23     		movs	r3, #93
 5978 002a 0122     		movs	r2, #1
 5979 002c E254     		strb	r2, [r4, r3]
4228:Drivers/STM32G0xx_HAL_Driver/Src/stm32g0xx_hal_spi.c ****     {
 5980              		.loc 1 4228 5 is_stmt 1 view .LVU1846
4228:Drivers/STM32G0xx_HAL_Driver/Src/stm32g0xx_hal_spi.c ****     {
 5981              		.loc 1 4228 13 is_stmt 0 view .LVU1847
 5982 002e 236E     		ldr	r3, [r4, #96]
4228:Drivers/STM32G0xx_HAL_Driver/Src/stm32g0xx_hal_spi.c ****     {
 5983              		.loc 1 4228 8 view .LVU1848
 5984 0030 002B     		cmp	r3, #0
 5985 0032 03D1     		bne	.L372
4234:Drivers/STM32G0xx_HAL_Driver/Src/stm32g0xx_hal_spi.c **** #endif /* USE_HAL_SPI_REGISTER_CALLBACKS */
 5986              		.loc 1 4234 7 is_stmt 1 view .LVU1849
 5987 0034 2000     		movs	r0, r4
 5988 0036 FFF7FEFF 		bl	HAL_SPI_RxCpltCallback
 5989              	.LVL392:
 5990              	.L370:
4249:Drivers/STM32G0xx_HAL_Driver/Src/stm32g0xx_hal_spi.c **** 
 5991              		.loc 1 4249 1 is_stmt 0 view .LVU1850
 5992              		@ sp needed
 5993              	.LVL393:
4249:Drivers/STM32G0xx_HAL_Driver/Src/stm32g0xx_hal_spi.c **** 
 5994              		.loc 1 4249 1 view .LVU1851
 5995 003a 10BD     		pop	{r4, pc}
 5996              	.LVL394:
 5997              	.L372:
4243:Drivers/STM32G0xx_HAL_Driver/Src/stm32g0xx_hal_spi.c **** #endif /* USE_HAL_SPI_REGISTER_CALLBACKS */
 5998              		.loc 1 4243 7 is_stmt 1 view .LVU1852
 5999 003c 2000     		movs	r0, r4
 6000 003e FFF7FEFF 		bl	HAL_SPI_ErrorCallback
 6001              	.LVL395:
4249:Drivers/STM32G0xx_HAL_Driver/Src/stm32g0xx_hal_spi.c **** 
 6002              		.loc 1 4249 1 is_stmt 0 view .LVU1853
 6003 0042 FAE7     		b	.L370
 6004              		.cfi_endproc
 6005              	.LFE545:
 6007              		.section	.text.SPI_RxISR_8BIT,"ax",%progbits
 6008              		.align	1
 6009              		.syntax unified
 6010              		.code	16
 6011              		.thumb_func
 6013              	SPI_RxISR_8BIT:
 6014              	.LVL396:
 6015              	.LFB536:
3763:Drivers/STM32G0xx_HAL_Driver/Src/stm32g0xx_hal_spi.c ****   *hspi->pRxBuffPtr = (*(__IO uint8_t *)&hspi->Instance->DR);
 6016              		.loc 1 3763 1 is_stmt 1 view -0
 6017              		.cfi_startproc
 6018              		@ args = 0, pretend = 0, frame = 0
ARM GAS  C:\Users\sante\AppData\Local\Temp\cc1VgFnO.s 			page 212


 6019              		@ frame_needed = 0, uses_anonymous_args = 0
3763:Drivers/STM32G0xx_HAL_Driver/Src/stm32g0xx_hal_spi.c ****   *hspi->pRxBuffPtr = (*(__IO uint8_t *)&hspi->Instance->DR);
 6020              		.loc 1 3763 1 is_stmt 0 view .LVU1855
 6021 0000 10B5     		push	{r4, lr}
 6022              		.cfi_def_cfa_offset 8
 6023              		.cfi_offset 4, -8
 6024              		.cfi_offset 14, -4
3764:Drivers/STM32G0xx_HAL_Driver/Src/stm32g0xx_hal_spi.c ****   hspi->pRxBuffPtr++;
 6025              		.loc 1 3764 3 is_stmt 1 view .LVU1856
3764:Drivers/STM32G0xx_HAL_Driver/Src/stm32g0xx_hal_spi.c ****   hspi->pRxBuffPtr++;
 6026              		.loc 1 3764 46 is_stmt 0 view .LVU1857
 6027 0002 0268     		ldr	r2, [r0]
3764:Drivers/STM32G0xx_HAL_Driver/Src/stm32g0xx_hal_spi.c ****   hspi->pRxBuffPtr++;
 6028              		.loc 1 3764 8 view .LVU1858
 6029 0004 036C     		ldr	r3, [r0, #64]
3764:Drivers/STM32G0xx_HAL_Driver/Src/stm32g0xx_hal_spi.c ****   hspi->pRxBuffPtr++;
 6030              		.loc 1 3764 24 view .LVU1859
 6031 0006 127B     		ldrb	r2, [r2, #12]
3764:Drivers/STM32G0xx_HAL_Driver/Src/stm32g0xx_hal_spi.c ****   hspi->pRxBuffPtr++;
 6032              		.loc 1 3764 21 view .LVU1860
 6033 0008 1A70     		strb	r2, [r3]
3765:Drivers/STM32G0xx_HAL_Driver/Src/stm32g0xx_hal_spi.c ****   hspi->RxXferCount--;
 6034              		.loc 1 3765 3 is_stmt 1 view .LVU1861
3765:Drivers/STM32G0xx_HAL_Driver/Src/stm32g0xx_hal_spi.c ****   hspi->RxXferCount--;
 6035              		.loc 1 3765 7 is_stmt 0 view .LVU1862
 6036 000a 036C     		ldr	r3, [r0, #64]
3765:Drivers/STM32G0xx_HAL_Driver/Src/stm32g0xx_hal_spi.c ****   hspi->RxXferCount--;
 6037              		.loc 1 3765 19 view .LVU1863
 6038 000c 0133     		adds	r3, r3, #1
 6039 000e 0364     		str	r3, [r0, #64]
3766:Drivers/STM32G0xx_HAL_Driver/Src/stm32g0xx_hal_spi.c **** 
 6040              		.loc 1 3766 3 is_stmt 1 view .LVU1864
3766:Drivers/STM32G0xx_HAL_Driver/Src/stm32g0xx_hal_spi.c **** 
 6041              		.loc 1 3766 7 is_stmt 0 view .LVU1865
 6042 0010 4622     		movs	r2, #70
 6043 0012 835A     		ldrh	r3, [r0, r2]
3766:Drivers/STM32G0xx_HAL_Driver/Src/stm32g0xx_hal_spi.c **** 
 6044              		.loc 1 3766 20 view .LVU1866
 6045 0014 013B     		subs	r3, r3, #1
 6046 0016 9BB2     		uxth	r3, r3
 6047 0018 8352     		strh	r3, [r0, r2]
3776:Drivers/STM32G0xx_HAL_Driver/Src/stm32g0xx_hal_spi.c ****   {
 6048              		.loc 1 3776 3 is_stmt 1 view .LVU1867
3776:Drivers/STM32G0xx_HAL_Driver/Src/stm32g0xx_hal_spi.c ****   {
 6049              		.loc 1 3776 11 is_stmt 0 view .LVU1868
 6050 001a 835A     		ldrh	r3, [r0, r2]
3776:Drivers/STM32G0xx_HAL_Driver/Src/stm32g0xx_hal_spi.c ****   {
 6051              		.loc 1 3776 6 view .LVU1869
 6052 001c 002B     		cmp	r3, #0
 6053 001e 00D0     		beq	.L376
 6054              	.LVL397:
 6055              	.L374:
3787:Drivers/STM32G0xx_HAL_Driver/Src/stm32g0xx_hal_spi.c **** 
 6056              		.loc 1 3787 1 view .LVU1870
 6057              		@ sp needed
 6058 0020 10BD     		pop	{r4, pc}
 6059              	.LVL398:
ARM GAS  C:\Users\sante\AppData\Local\Temp\cc1VgFnO.s 			page 213


 6060              	.L376:
3785:Drivers/STM32G0xx_HAL_Driver/Src/stm32g0xx_hal_spi.c ****   }
 6061              		.loc 1 3785 5 is_stmt 1 view .LVU1871
 6062 0022 FFF7FEFF 		bl	SPI_CloseRx_ISR
 6063              	.LVL399:
3787:Drivers/STM32G0xx_HAL_Driver/Src/stm32g0xx_hal_spi.c **** 
 6064              		.loc 1 3787 1 is_stmt 0 view .LVU1872
 6065 0026 FBE7     		b	.L374
 6066              		.cfi_endproc
 6067              	.LFE536:
 6069              		.section	.text.SPI_RxISR_16BIT,"ax",%progbits
 6070              		.align	1
 6071              		.syntax unified
 6072              		.code	16
 6073              		.thumb_func
 6075              	SPI_RxISR_16BIT:
 6076              	.LVL400:
 6077              	.LFB537:
3819:Drivers/STM32G0xx_HAL_Driver/Src/stm32g0xx_hal_spi.c ****   *((uint16_t *)hspi->pRxBuffPtr) = (uint16_t)(hspi->Instance->DR);
 6078              		.loc 1 3819 1 is_stmt 1 view -0
 6079              		.cfi_startproc
 6080              		@ args = 0, pretend = 0, frame = 0
 6081              		@ frame_needed = 0, uses_anonymous_args = 0
3819:Drivers/STM32G0xx_HAL_Driver/Src/stm32g0xx_hal_spi.c ****   *((uint16_t *)hspi->pRxBuffPtr) = (uint16_t)(hspi->Instance->DR);
 6082              		.loc 1 3819 1 is_stmt 0 view .LVU1874
 6083 0000 10B5     		push	{r4, lr}
 6084              		.cfi_def_cfa_offset 8
 6085              		.cfi_offset 4, -8
 6086              		.cfi_offset 14, -4
3820:Drivers/STM32G0xx_HAL_Driver/Src/stm32g0xx_hal_spi.c ****   hspi->pRxBuffPtr += sizeof(uint16_t);
 6087              		.loc 1 3820 3 is_stmt 1 view .LVU1875
3820:Drivers/STM32G0xx_HAL_Driver/Src/stm32g0xx_hal_spi.c ****   hspi->pRxBuffPtr += sizeof(uint16_t);
 6088              		.loc 1 3820 52 is_stmt 0 view .LVU1876
 6089 0002 0368     		ldr	r3, [r0]
3820:Drivers/STM32G0xx_HAL_Driver/Src/stm32g0xx_hal_spi.c ****   hspi->pRxBuffPtr += sizeof(uint16_t);
 6090              		.loc 1 3820 62 view .LVU1877
 6091 0004 DA68     		ldr	r2, [r3, #12]
3820:Drivers/STM32G0xx_HAL_Driver/Src/stm32g0xx_hal_spi.c ****   hspi->pRxBuffPtr += sizeof(uint16_t);
 6092              		.loc 1 3820 21 view .LVU1878
 6093 0006 036C     		ldr	r3, [r0, #64]
3820:Drivers/STM32G0xx_HAL_Driver/Src/stm32g0xx_hal_spi.c ****   hspi->pRxBuffPtr += sizeof(uint16_t);
 6094              		.loc 1 3820 35 view .LVU1879
 6095 0008 1A80     		strh	r2, [r3]
3821:Drivers/STM32G0xx_HAL_Driver/Src/stm32g0xx_hal_spi.c ****   hspi->RxXferCount--;
 6096              		.loc 1 3821 3 is_stmt 1 view .LVU1880
3821:Drivers/STM32G0xx_HAL_Driver/Src/stm32g0xx_hal_spi.c ****   hspi->RxXferCount--;
 6097              		.loc 1 3821 7 is_stmt 0 view .LVU1881
 6098 000a 036C     		ldr	r3, [r0, #64]
3821:Drivers/STM32G0xx_HAL_Driver/Src/stm32g0xx_hal_spi.c ****   hspi->RxXferCount--;
 6099              		.loc 1 3821 20 view .LVU1882
 6100 000c 0233     		adds	r3, r3, #2
 6101 000e 0364     		str	r3, [r0, #64]
3822:Drivers/STM32G0xx_HAL_Driver/Src/stm32g0xx_hal_spi.c **** 
 6102              		.loc 1 3822 3 is_stmt 1 view .LVU1883
3822:Drivers/STM32G0xx_HAL_Driver/Src/stm32g0xx_hal_spi.c **** 
 6103              		.loc 1 3822 7 is_stmt 0 view .LVU1884
 6104 0010 4622     		movs	r2, #70
ARM GAS  C:\Users\sante\AppData\Local\Temp\cc1VgFnO.s 			page 214


 6105 0012 835A     		ldrh	r3, [r0, r2]
3822:Drivers/STM32G0xx_HAL_Driver/Src/stm32g0xx_hal_spi.c **** 
 6106              		.loc 1 3822 20 view .LVU1885
 6107 0014 013B     		subs	r3, r3, #1
 6108 0016 9BB2     		uxth	r3, r3
 6109 0018 8352     		strh	r3, [r0, r2]
3832:Drivers/STM32G0xx_HAL_Driver/Src/stm32g0xx_hal_spi.c ****   {
 6110              		.loc 1 3832 3 is_stmt 1 view .LVU1886
3832:Drivers/STM32G0xx_HAL_Driver/Src/stm32g0xx_hal_spi.c ****   {
 6111              		.loc 1 3832 11 is_stmt 0 view .LVU1887
 6112 001a 835A     		ldrh	r3, [r0, r2]
3832:Drivers/STM32G0xx_HAL_Driver/Src/stm32g0xx_hal_spi.c ****   {
 6113              		.loc 1 3832 6 view .LVU1888
 6114 001c 002B     		cmp	r3, #0
 6115 001e 00D0     		beq	.L379
 6116              	.LVL401:
 6117              	.L377:
3843:Drivers/STM32G0xx_HAL_Driver/Src/stm32g0xx_hal_spi.c **** 
 6118              		.loc 1 3843 1 view .LVU1889
 6119              		@ sp needed
 6120 0020 10BD     		pop	{r4, pc}
 6121              	.LVL402:
 6122              	.L379:
3841:Drivers/STM32G0xx_HAL_Driver/Src/stm32g0xx_hal_spi.c ****   }
 6123              		.loc 1 3841 5 is_stmt 1 view .LVU1890
 6124 0022 FFF7FEFF 		bl	SPI_CloseRx_ISR
 6125              	.LVL403:
3843:Drivers/STM32G0xx_HAL_Driver/Src/stm32g0xx_hal_spi.c **** 
 6126              		.loc 1 3843 1 is_stmt 0 view .LVU1891
 6127 0026 FBE7     		b	.L377
 6128              		.cfi_endproc
 6129              	.LFE537:
 6131              		.section	.text.SPI_CloseRxTx_ISR,"ax",%progbits
 6132              		.align	1
 6133              		.syntax unified
 6134              		.code	16
 6135              		.thumb_func
 6137              	SPI_CloseRxTx_ISR:
 6138              	.LVL404:
 6139              	.LFB544:
4124:Drivers/STM32G0xx_HAL_Driver/Src/stm32g0xx_hal_spi.c ****   uint32_t tickstart;
 6140              		.loc 1 4124 1 is_stmt 1 view -0
 6141              		.cfi_startproc
 6142              		@ args = 0, pretend = 0, frame = 0
 6143              		@ frame_needed = 0, uses_anonymous_args = 0
4124:Drivers/STM32G0xx_HAL_Driver/Src/stm32g0xx_hal_spi.c ****   uint32_t tickstart;
 6144              		.loc 1 4124 1 is_stmt 0 view .LVU1893
 6145 0000 10B5     		push	{r4, lr}
 6146              		.cfi_def_cfa_offset 8
 6147              		.cfi_offset 4, -8
 6148              		.cfi_offset 14, -4
 6149 0002 0400     		movs	r4, r0
4125:Drivers/STM32G0xx_HAL_Driver/Src/stm32g0xx_hal_spi.c **** 
 6150              		.loc 1 4125 3 is_stmt 1 view .LVU1894
4128:Drivers/STM32G0xx_HAL_Driver/Src/stm32g0xx_hal_spi.c **** 
 6151              		.loc 1 4128 3 view .LVU1895
4128:Drivers/STM32G0xx_HAL_Driver/Src/stm32g0xx_hal_spi.c **** 
ARM GAS  C:\Users\sante\AppData\Local\Temp\cc1VgFnO.s 			page 215


 6152              		.loc 1 4128 15 is_stmt 0 view .LVU1896
 6153 0004 FFF7FEFF 		bl	HAL_GetTick
 6154              	.LVL405:
4128:Drivers/STM32G0xx_HAL_Driver/Src/stm32g0xx_hal_spi.c **** 
 6155              		.loc 1 4128 15 view .LVU1897
 6156 0008 0200     		movs	r2, r0
 6157              	.LVL406:
4131:Drivers/STM32G0xx_HAL_Driver/Src/stm32g0xx_hal_spi.c **** 
 6158              		.loc 1 4131 3 is_stmt 1 view .LVU1898
 6159 000a 2168     		ldr	r1, [r4]
 6160 000c 4B68     		ldr	r3, [r1, #4]
 6161 000e 2020     		movs	r0, #32
 6162              	.LVL407:
4131:Drivers/STM32G0xx_HAL_Driver/Src/stm32g0xx_hal_spi.c **** 
 6163              		.loc 1 4131 3 is_stmt 0 view .LVU1899
 6164 0010 8343     		bics	r3, r0
 6165 0012 4B60     		str	r3, [r1, #4]
4134:Drivers/STM32G0xx_HAL_Driver/Src/stm32g0xx_hal_spi.c ****   {
 6166              		.loc 1 4134 3 is_stmt 1 view .LVU1900
4134:Drivers/STM32G0xx_HAL_Driver/Src/stm32g0xx_hal_spi.c ****   {
 6167              		.loc 1 4134 7 is_stmt 0 view .LVU1901
 6168 0014 6421     		movs	r1, #100
 6169 0016 2000     		movs	r0, r4
 6170 0018 FFF7FEFF 		bl	SPI_EndRxTxTransaction
 6171              	.LVL408:
4134:Drivers/STM32G0xx_HAL_Driver/Src/stm32g0xx_hal_spi.c ****   {
 6172              		.loc 1 4134 6 discriminator 1 view .LVU1902
 6173 001c 0028     		cmp	r0, #0
 6174 001e 03D0     		beq	.L381
4136:Drivers/STM32G0xx_HAL_Driver/Src/stm32g0xx_hal_spi.c ****   }
 6175              		.loc 1 4136 5 is_stmt 1 view .LVU1903
 6176 0020 236E     		ldr	r3, [r4, #96]
 6177 0022 2022     		movs	r2, #32
 6178 0024 1343     		orrs	r3, r2
 6179 0026 2366     		str	r3, [r4, #96]
 6180              	.L381:
4156:Drivers/STM32G0xx_HAL_Driver/Src/stm32g0xx_hal_spi.c ****     {
 6181              		.loc 1 4156 5 view .LVU1904
4156:Drivers/STM32G0xx_HAL_Driver/Src/stm32g0xx_hal_spi.c ****     {
 6182              		.loc 1 4156 13 is_stmt 0 view .LVU1905
 6183 0028 236E     		ldr	r3, [r4, #96]
4156:Drivers/STM32G0xx_HAL_Driver/Src/stm32g0xx_hal_spi.c ****     {
 6184              		.loc 1 4156 8 view .LVU1906
 6185 002a 002B     		cmp	r3, #0
 6186 002c 11D1     		bne	.L382
4158:Drivers/STM32G0xx_HAL_Driver/Src/stm32g0xx_hal_spi.c ****       {
 6187              		.loc 1 4158 7 is_stmt 1 view .LVU1907
4158:Drivers/STM32G0xx_HAL_Driver/Src/stm32g0xx_hal_spi.c ****       {
 6188              		.loc 1 4158 15 is_stmt 0 view .LVU1908
 6189 002e 5D33     		adds	r3, r3, #93
 6190 0030 E35C     		ldrb	r3, [r4, r3]
4158:Drivers/STM32G0xx_HAL_Driver/Src/stm32g0xx_hal_spi.c ****       {
 6191              		.loc 1 4158 10 view .LVU1909
 6192 0032 042B     		cmp	r3, #4
 6193 0034 06D0     		beq	.L385
4170:Drivers/STM32G0xx_HAL_Driver/Src/stm32g0xx_hal_spi.c ****         /* Call user TxRx complete callback */
 6194              		.loc 1 4170 9 is_stmt 1 view .LVU1910
ARM GAS  C:\Users\sante\AppData\Local\Temp\cc1VgFnO.s 			page 216


4170:Drivers/STM32G0xx_HAL_Driver/Src/stm32g0xx_hal_spi.c ****         /* Call user TxRx complete callback */
 6195              		.loc 1 4170 21 is_stmt 0 view .LVU1911
 6196 0036 5D23     		movs	r3, #93
 6197 0038 0122     		movs	r2, #1
 6198 003a E254     		strb	r2, [r4, r3]
4175:Drivers/STM32G0xx_HAL_Driver/Src/stm32g0xx_hal_spi.c **** #endif /* USE_HAL_SPI_REGISTER_CALLBACKS */
 6199              		.loc 1 4175 9 is_stmt 1 view .LVU1912
 6200 003c 2000     		movs	r0, r4
 6201 003e FFF7FEFF 		bl	HAL_SPI_TxRxCpltCallback
 6202              	.LVL409:
 6203              	.L380:
4192:Drivers/STM32G0xx_HAL_Driver/Src/stm32g0xx_hal_spi.c **** 
 6204              		.loc 1 4192 1 is_stmt 0 view .LVU1913
 6205              		@ sp needed
 6206              	.LVL410:
4192:Drivers/STM32G0xx_HAL_Driver/Src/stm32g0xx_hal_spi.c **** 
 6207              		.loc 1 4192 1 view .LVU1914
 6208 0042 10BD     		pop	{r4, pc}
 6209              	.LVL411:
 6210              	.L385:
4160:Drivers/STM32G0xx_HAL_Driver/Src/stm32g0xx_hal_spi.c ****         /* Call user Rx complete callback */
 6211              		.loc 1 4160 9 is_stmt 1 view .LVU1915
4160:Drivers/STM32G0xx_HAL_Driver/Src/stm32g0xx_hal_spi.c ****         /* Call user Rx complete callback */
 6212              		.loc 1 4160 21 is_stmt 0 view .LVU1916
 6213 0044 5933     		adds	r3, r3, #89
 6214 0046 0122     		movs	r2, #1
 6215 0048 E254     		strb	r2, [r4, r3]
4165:Drivers/STM32G0xx_HAL_Driver/Src/stm32g0xx_hal_spi.c **** #endif /* USE_HAL_SPI_REGISTER_CALLBACKS */
 6216              		.loc 1 4165 9 is_stmt 1 view .LVU1917
 6217 004a 2000     		movs	r0, r4
 6218 004c FFF7FEFF 		bl	HAL_SPI_RxCpltCallback
 6219              	.LVL412:
 6220 0050 F7E7     		b	.L380
 6221              	.L382:
4181:Drivers/STM32G0xx_HAL_Driver/Src/stm32g0xx_hal_spi.c ****       /* Call user error callback */
 6222              		.loc 1 4181 7 view .LVU1918
4181:Drivers/STM32G0xx_HAL_Driver/Src/stm32g0xx_hal_spi.c ****       /* Call user error callback */
 6223              		.loc 1 4181 19 is_stmt 0 view .LVU1919
 6224 0052 5D23     		movs	r3, #93
 6225 0054 0122     		movs	r2, #1
 6226 0056 E254     		strb	r2, [r4, r3]
4186:Drivers/STM32G0xx_HAL_Driver/Src/stm32g0xx_hal_spi.c **** #endif /* USE_HAL_SPI_REGISTER_CALLBACKS */
 6227              		.loc 1 4186 7 is_stmt 1 view .LVU1920
 6228 0058 2000     		movs	r0, r4
 6229 005a FFF7FEFF 		bl	HAL_SPI_ErrorCallback
 6230              	.LVL413:
4192:Drivers/STM32G0xx_HAL_Driver/Src/stm32g0xx_hal_spi.c **** 
 6231              		.loc 1 4192 1 is_stmt 0 view .LVU1921
 6232 005e F0E7     		b	.L380
 6233              		.cfi_endproc
 6234              	.LFE544:
 6236              		.section	.text.SPI_2linesTxISR_8BIT,"ax",%progbits
 6237              		.align	1
 6238              		.syntax unified
 6239              		.code	16
 6240              		.thumb_func
 6242              	SPI_2linesTxISR_8BIT:
ARM GAS  C:\Users\sante\AppData\Local\Temp\cc1VgFnO.s 			page 217


 6243              	.LVL414:
 6244              	.LFB533:
3595:Drivers/STM32G0xx_HAL_Driver/Src/stm32g0xx_hal_spi.c ****   /* Transmit data in packing Bit mode */
 6245              		.loc 1 3595 1 is_stmt 1 view -0
 6246              		.cfi_startproc
 6247              		@ args = 0, pretend = 0, frame = 0
 6248              		@ frame_needed = 0, uses_anonymous_args = 0
3595:Drivers/STM32G0xx_HAL_Driver/Src/stm32g0xx_hal_spi.c ****   /* Transmit data in packing Bit mode */
 6249              		.loc 1 3595 1 is_stmt 0 view .LVU1923
 6250 0000 10B5     		push	{r4, lr}
 6251              		.cfi_def_cfa_offset 8
 6252              		.cfi_offset 4, -8
 6253              		.cfi_offset 14, -4
3597:Drivers/STM32G0xx_HAL_Driver/Src/stm32g0xx_hal_spi.c ****   {
 6254              		.loc 1 3597 3 is_stmt 1 view .LVU1924
3597:Drivers/STM32G0xx_HAL_Driver/Src/stm32g0xx_hal_spi.c ****   {
 6255              		.loc 1 3597 11 is_stmt 0 view .LVU1925
 6256 0002 C38F     		ldrh	r3, [r0, #62]
3597:Drivers/STM32G0xx_HAL_Driver/Src/stm32g0xx_hal_spi.c ****   {
 6257              		.loc 1 3597 6 view .LVU1926
 6258 0004 012B     		cmp	r3, #1
 6259 0006 17D9     		bls	.L387
3599:Drivers/STM32G0xx_HAL_Driver/Src/stm32g0xx_hal_spi.c ****     hspi->pTxBuffPtr += sizeof(uint16_t);
 6260              		.loc 1 3599 5 is_stmt 1 view .LVU1927
3599:Drivers/STM32G0xx_HAL_Driver/Src/stm32g0xx_hal_spi.c ****     hspi->pTxBuffPtr += sizeof(uint16_t);
 6261              		.loc 1 3599 44 is_stmt 0 view .LVU1928
 6262 0008 826B     		ldr	r2, [r0, #56]
3599:Drivers/STM32G0xx_HAL_Driver/Src/stm32g0xx_hal_spi.c ****     hspi->pTxBuffPtr += sizeof(uint16_t);
 6263              		.loc 1 3599 9 view .LVU1929
 6264 000a 0368     		ldr	r3, [r0]
3599:Drivers/STM32G0xx_HAL_Driver/Src/stm32g0xx_hal_spi.c ****     hspi->pTxBuffPtr += sizeof(uint16_t);
 6265              		.loc 1 3599 26 view .LVU1930
 6266 000c 1288     		ldrh	r2, [r2]
3599:Drivers/STM32G0xx_HAL_Driver/Src/stm32g0xx_hal_spi.c ****     hspi->pTxBuffPtr += sizeof(uint16_t);
 6267              		.loc 1 3599 24 view .LVU1931
 6268 000e DA60     		str	r2, [r3, #12]
3600:Drivers/STM32G0xx_HAL_Driver/Src/stm32g0xx_hal_spi.c ****     hspi->TxXferCount -= 2U;
 6269              		.loc 1 3600 5 is_stmt 1 view .LVU1932
3600:Drivers/STM32G0xx_HAL_Driver/Src/stm32g0xx_hal_spi.c ****     hspi->TxXferCount -= 2U;
 6270              		.loc 1 3600 9 is_stmt 0 view .LVU1933
 6271 0010 836B     		ldr	r3, [r0, #56]
3600:Drivers/STM32G0xx_HAL_Driver/Src/stm32g0xx_hal_spi.c ****     hspi->TxXferCount -= 2U;
 6272              		.loc 1 3600 22 view .LVU1934
 6273 0012 0233     		adds	r3, r3, #2
 6274 0014 8363     		str	r3, [r0, #56]
3601:Drivers/STM32G0xx_HAL_Driver/Src/stm32g0xx_hal_spi.c ****   }
 6275              		.loc 1 3601 5 is_stmt 1 view .LVU1935
3601:Drivers/STM32G0xx_HAL_Driver/Src/stm32g0xx_hal_spi.c ****   }
 6276              		.loc 1 3601 9 is_stmt 0 view .LVU1936
 6277 0016 C38F     		ldrh	r3, [r0, #62]
3601:Drivers/STM32G0xx_HAL_Driver/Src/stm32g0xx_hal_spi.c ****   }
 6278              		.loc 1 3601 23 view .LVU1937
 6279 0018 023B     		subs	r3, r3, #2
 6280 001a 9BB2     		uxth	r3, r3
 6281 001c C387     		strh	r3, [r0, #62]
 6282              	.L388:
3612:Drivers/STM32G0xx_HAL_Driver/Src/stm32g0xx_hal_spi.c ****   {
ARM GAS  C:\Users\sante\AppData\Local\Temp\cc1VgFnO.s 			page 218


 6283              		.loc 1 3612 3 is_stmt 1 view .LVU1938
3612:Drivers/STM32G0xx_HAL_Driver/Src/stm32g0xx_hal_spi.c ****   {
 6284              		.loc 1 3612 11 is_stmt 0 view .LVU1939
 6285 001e C38F     		ldrh	r3, [r0, #62]
3612:Drivers/STM32G0xx_HAL_Driver/Src/stm32g0xx_hal_spi.c ****   {
 6286              		.loc 1 3612 6 view .LVU1940
 6287 0020 002B     		cmp	r3, #0
 6288 0022 08D1     		bne	.L386
3626:Drivers/STM32G0xx_HAL_Driver/Src/stm32g0xx_hal_spi.c **** 
 6289              		.loc 1 3626 5 is_stmt 1 view .LVU1941
 6290 0024 0268     		ldr	r2, [r0]
 6291 0026 5368     		ldr	r3, [r2, #4]
 6292 0028 8021     		movs	r1, #128
 6293 002a 8B43     		bics	r3, r1
 6294 002c 5360     		str	r3, [r2, #4]
3628:Drivers/STM32G0xx_HAL_Driver/Src/stm32g0xx_hal_spi.c ****     {
 6295              		.loc 1 3628 5 view .LVU1942
3628:Drivers/STM32G0xx_HAL_Driver/Src/stm32g0xx_hal_spi.c ****     {
 6296              		.loc 1 3628 13 is_stmt 0 view .LVU1943
 6297 002e 4623     		movs	r3, #70
 6298 0030 C35A     		ldrh	r3, [r0, r3]
3628:Drivers/STM32G0xx_HAL_Driver/Src/stm32g0xx_hal_spi.c ****     {
 6299              		.loc 1 3628 8 view .LVU1944
 6300 0032 002B     		cmp	r3, #0
 6301 0034 0CD0     		beq	.L390
 6302              	.LVL415:
 6303              	.L386:
3633:Drivers/STM32G0xx_HAL_Driver/Src/stm32g0xx_hal_spi.c **** 
 6304              		.loc 1 3633 1 view .LVU1945
 6305              		@ sp needed
 6306 0036 10BD     		pop	{r4, pc}
 6307              	.LVL416:
 6308              	.L387:
3606:Drivers/STM32G0xx_HAL_Driver/Src/stm32g0xx_hal_spi.c ****     hspi->pTxBuffPtr++;
 6309              		.loc 1 3606 5 is_stmt 1 view .LVU1946
3606:Drivers/STM32G0xx_HAL_Driver/Src/stm32g0xx_hal_spi.c ****     hspi->pTxBuffPtr++;
 6310              		.loc 1 3606 50 is_stmt 0 view .LVU1947
 6311 0038 826B     		ldr	r2, [r0, #56]
3606:Drivers/STM32G0xx_HAL_Driver/Src/stm32g0xx_hal_spi.c ****     hspi->pTxBuffPtr++;
 6312              		.loc 1 3606 27 view .LVU1948
 6313 003a 0368     		ldr	r3, [r0]
3606:Drivers/STM32G0xx_HAL_Driver/Src/stm32g0xx_hal_spi.c ****     hspi->pTxBuffPtr++;
 6314              		.loc 1 3606 45 view .LVU1949
 6315 003c 1278     		ldrb	r2, [r2]
3606:Drivers/STM32G0xx_HAL_Driver/Src/stm32g0xx_hal_spi.c ****     hspi->pTxBuffPtr++;
 6316              		.loc 1 3606 42 view .LVU1950
 6317 003e 1A73     		strb	r2, [r3, #12]
3607:Drivers/STM32G0xx_HAL_Driver/Src/stm32g0xx_hal_spi.c ****     hspi->TxXferCount--;
 6318              		.loc 1 3607 5 is_stmt 1 view .LVU1951
3607:Drivers/STM32G0xx_HAL_Driver/Src/stm32g0xx_hal_spi.c ****     hspi->TxXferCount--;
 6319              		.loc 1 3607 9 is_stmt 0 view .LVU1952
 6320 0040 836B     		ldr	r3, [r0, #56]
3607:Drivers/STM32G0xx_HAL_Driver/Src/stm32g0xx_hal_spi.c ****     hspi->TxXferCount--;
 6321              		.loc 1 3607 21 view .LVU1953
 6322 0042 0133     		adds	r3, r3, #1
 6323 0044 8363     		str	r3, [r0, #56]
3608:Drivers/STM32G0xx_HAL_Driver/Src/stm32g0xx_hal_spi.c ****   }
ARM GAS  C:\Users\sante\AppData\Local\Temp\cc1VgFnO.s 			page 219


 6324              		.loc 1 3608 5 is_stmt 1 view .LVU1954
3608:Drivers/STM32G0xx_HAL_Driver/Src/stm32g0xx_hal_spi.c ****   }
 6325              		.loc 1 3608 9 is_stmt 0 view .LVU1955
 6326 0046 C38F     		ldrh	r3, [r0, #62]
3608:Drivers/STM32G0xx_HAL_Driver/Src/stm32g0xx_hal_spi.c ****   }
 6327              		.loc 1 3608 22 view .LVU1956
 6328 0048 013B     		subs	r3, r3, #1
 6329 004a 9BB2     		uxth	r3, r3
 6330 004c C387     		strh	r3, [r0, #62]
 6331 004e E6E7     		b	.L388
 6332              	.L390:
3630:Drivers/STM32G0xx_HAL_Driver/Src/stm32g0xx_hal_spi.c ****     }
 6333              		.loc 1 3630 7 is_stmt 1 view .LVU1957
 6334 0050 FFF7FEFF 		bl	SPI_CloseRxTx_ISR
 6335              	.LVL417:
3633:Drivers/STM32G0xx_HAL_Driver/Src/stm32g0xx_hal_spi.c **** 
 6336              		.loc 1 3633 1 is_stmt 0 view .LVU1958
 6337 0054 EFE7     		b	.L386
 6338              		.cfi_endproc
 6339              	.LFE533:
 6341              		.section	.text.SPI_2linesRxISR_8BIT,"ax",%progbits
 6342              		.align	1
 6343              		.syntax unified
 6344              		.code	16
 6345              		.thumb_func
 6347              	SPI_2linesRxISR_8BIT:
 6348              	.LVL418:
 6349              	.LFB532:
3510:Drivers/STM32G0xx_HAL_Driver/Src/stm32g0xx_hal_spi.c ****   /* Receive data in packing mode */
 6350              		.loc 1 3510 1 is_stmt 1 view -0
 6351              		.cfi_startproc
 6352              		@ args = 0, pretend = 0, frame = 0
 6353              		@ frame_needed = 0, uses_anonymous_args = 0
3510:Drivers/STM32G0xx_HAL_Driver/Src/stm32g0xx_hal_spi.c ****   /* Receive data in packing mode */
 6354              		.loc 1 3510 1 is_stmt 0 view .LVU1960
 6355 0000 10B5     		push	{r4, lr}
 6356              		.cfi_def_cfa_offset 8
 6357              		.cfi_offset 4, -8
 6358              		.cfi_offset 14, -4
3512:Drivers/STM32G0xx_HAL_Driver/Src/stm32g0xx_hal_spi.c ****   {
 6359              		.loc 1 3512 3 is_stmt 1 view .LVU1961
3512:Drivers/STM32G0xx_HAL_Driver/Src/stm32g0xx_hal_spi.c ****   {
 6360              		.loc 1 3512 11 is_stmt 0 view .LVU1962
 6361 0002 4623     		movs	r3, #70
 6362 0004 C35A     		ldrh	r3, [r0, r3]
3512:Drivers/STM32G0xx_HAL_Driver/Src/stm32g0xx_hal_spi.c ****   {
 6363              		.loc 1 3512 6 view .LVU1963
 6364 0006 012B     		cmp	r3, #1
 6365 0008 15D9     		bls	.L392
3514:Drivers/STM32G0xx_HAL_Driver/Src/stm32g0xx_hal_spi.c ****     hspi->pRxBuffPtr += sizeof(uint16_t);
 6366              		.loc 1 3514 5 is_stmt 1 view .LVU1964
3514:Drivers/STM32G0xx_HAL_Driver/Src/stm32g0xx_hal_spi.c ****     hspi->pRxBuffPtr += sizeof(uint16_t);
 6367              		.loc 1 3514 54 is_stmt 0 view .LVU1965
 6368 000a 0368     		ldr	r3, [r0]
3514:Drivers/STM32G0xx_HAL_Driver/Src/stm32g0xx_hal_spi.c ****     hspi->pRxBuffPtr += sizeof(uint16_t);
 6369              		.loc 1 3514 64 view .LVU1966
 6370 000c DA68     		ldr	r2, [r3, #12]
ARM GAS  C:\Users\sante\AppData\Local\Temp\cc1VgFnO.s 			page 220


3514:Drivers/STM32G0xx_HAL_Driver/Src/stm32g0xx_hal_spi.c ****     hspi->pRxBuffPtr += sizeof(uint16_t);
 6371              		.loc 1 3514 23 view .LVU1967
 6372 000e 036C     		ldr	r3, [r0, #64]
3514:Drivers/STM32G0xx_HAL_Driver/Src/stm32g0xx_hal_spi.c ****     hspi->pRxBuffPtr += sizeof(uint16_t);
 6373              		.loc 1 3514 37 view .LVU1968
 6374 0010 1A80     		strh	r2, [r3]
3515:Drivers/STM32G0xx_HAL_Driver/Src/stm32g0xx_hal_spi.c ****     hspi->RxXferCount -= 2U;
 6375              		.loc 1 3515 5 is_stmt 1 view .LVU1969
3515:Drivers/STM32G0xx_HAL_Driver/Src/stm32g0xx_hal_spi.c ****     hspi->RxXferCount -= 2U;
 6376              		.loc 1 3515 9 is_stmt 0 view .LVU1970
 6377 0012 036C     		ldr	r3, [r0, #64]
3515:Drivers/STM32G0xx_HAL_Driver/Src/stm32g0xx_hal_spi.c ****     hspi->RxXferCount -= 2U;
 6378              		.loc 1 3515 22 view .LVU1971
 6379 0014 0233     		adds	r3, r3, #2
 6380 0016 0364     		str	r3, [r0, #64]
3516:Drivers/STM32G0xx_HAL_Driver/Src/stm32g0xx_hal_spi.c ****     if (hspi->RxXferCount == 1U)
 6381              		.loc 1 3516 5 is_stmt 1 view .LVU1972
3516:Drivers/STM32G0xx_HAL_Driver/Src/stm32g0xx_hal_spi.c ****     if (hspi->RxXferCount == 1U)
 6382              		.loc 1 3516 9 is_stmt 0 view .LVU1973
 6383 0018 4622     		movs	r2, #70
 6384 001a 835A     		ldrh	r3, [r0, r2]
3516:Drivers/STM32G0xx_HAL_Driver/Src/stm32g0xx_hal_spi.c ****     if (hspi->RxXferCount == 1U)
 6385              		.loc 1 3516 23 view .LVU1974
 6386 001c 023B     		subs	r3, r3, #2
 6387 001e 9BB2     		uxth	r3, r3
 6388 0020 8352     		strh	r3, [r0, r2]
3517:Drivers/STM32G0xx_HAL_Driver/Src/stm32g0xx_hal_spi.c ****     {
 6389              		.loc 1 3517 5 is_stmt 1 view .LVU1975
3517:Drivers/STM32G0xx_HAL_Driver/Src/stm32g0xx_hal_spi.c ****     {
 6390              		.loc 1 3517 13 is_stmt 0 view .LVU1976
 6391 0022 835A     		ldrh	r3, [r0, r2]
3517:Drivers/STM32G0xx_HAL_Driver/Src/stm32g0xx_hal_spi.c ****     {
 6392              		.loc 1 3517 8 view .LVU1977
 6393 0024 012B     		cmp	r3, #1
 6394 0026 12D1     		bne	.L393
3520:Drivers/STM32G0xx_HAL_Driver/Src/stm32g0xx_hal_spi.c ****     }
 6395              		.loc 1 3520 7 is_stmt 1 view .LVU1978
 6396 0028 0268     		ldr	r2, [r0]
 6397 002a 5168     		ldr	r1, [r2, #4]
 6398 002c 8023     		movs	r3, #128
 6399 002e 5B01     		lsls	r3, r3, #5
 6400 0030 0B43     		orrs	r3, r1
 6401 0032 5360     		str	r3, [r2, #4]
 6402 0034 0BE0     		b	.L393
 6403              	.L392:
3526:Drivers/STM32G0xx_HAL_Driver/Src/stm32g0xx_hal_spi.c ****     hspi->pRxBuffPtr++;
 6404              		.loc 1 3526 5 view .LVU1979
3526:Drivers/STM32G0xx_HAL_Driver/Src/stm32g0xx_hal_spi.c ****     hspi->pRxBuffPtr++;
 6405              		.loc 1 3526 48 is_stmt 0 view .LVU1980
 6406 0036 0268     		ldr	r2, [r0]
3526:Drivers/STM32G0xx_HAL_Driver/Src/stm32g0xx_hal_spi.c ****     hspi->pRxBuffPtr++;
 6407              		.loc 1 3526 10 view .LVU1981
 6408 0038 036C     		ldr	r3, [r0, #64]
3526:Drivers/STM32G0xx_HAL_Driver/Src/stm32g0xx_hal_spi.c ****     hspi->pRxBuffPtr++;
 6409              		.loc 1 3526 25 view .LVU1982
 6410 003a 127B     		ldrb	r2, [r2, #12]
3526:Drivers/STM32G0xx_HAL_Driver/Src/stm32g0xx_hal_spi.c ****     hspi->pRxBuffPtr++;
ARM GAS  C:\Users\sante\AppData\Local\Temp\cc1VgFnO.s 			page 221


 6411              		.loc 1 3526 23 view .LVU1983
 6412 003c 1A70     		strb	r2, [r3]
3527:Drivers/STM32G0xx_HAL_Driver/Src/stm32g0xx_hal_spi.c ****     hspi->RxXferCount--;
 6413              		.loc 1 3527 5 is_stmt 1 view .LVU1984
3527:Drivers/STM32G0xx_HAL_Driver/Src/stm32g0xx_hal_spi.c ****     hspi->RxXferCount--;
 6414              		.loc 1 3527 9 is_stmt 0 view .LVU1985
 6415 003e 036C     		ldr	r3, [r0, #64]
3527:Drivers/STM32G0xx_HAL_Driver/Src/stm32g0xx_hal_spi.c ****     hspi->RxXferCount--;
 6416              		.loc 1 3527 21 view .LVU1986
 6417 0040 0133     		adds	r3, r3, #1
 6418 0042 0364     		str	r3, [r0, #64]
3528:Drivers/STM32G0xx_HAL_Driver/Src/stm32g0xx_hal_spi.c ****   }
 6419              		.loc 1 3528 5 is_stmt 1 view .LVU1987
3528:Drivers/STM32G0xx_HAL_Driver/Src/stm32g0xx_hal_spi.c ****   }
 6420              		.loc 1 3528 9 is_stmt 0 view .LVU1988
 6421 0044 4622     		movs	r2, #70
 6422 0046 835A     		ldrh	r3, [r0, r2]
3528:Drivers/STM32G0xx_HAL_Driver/Src/stm32g0xx_hal_spi.c ****   }
 6423              		.loc 1 3528 22 view .LVU1989
 6424 0048 013B     		subs	r3, r3, #1
 6425 004a 9BB2     		uxth	r3, r3
 6426 004c 8352     		strh	r3, [r0, r2]
 6427              	.L393:
3532:Drivers/STM32G0xx_HAL_Driver/Src/stm32g0xx_hal_spi.c ****   {
 6428              		.loc 1 3532 3 is_stmt 1 view .LVU1990
3532:Drivers/STM32G0xx_HAL_Driver/Src/stm32g0xx_hal_spi.c ****   {
 6429              		.loc 1 3532 11 is_stmt 0 view .LVU1991
 6430 004e 4623     		movs	r3, #70
 6431 0050 C35A     		ldrh	r3, [r0, r3]
3532:Drivers/STM32G0xx_HAL_Driver/Src/stm32g0xx_hal_spi.c ****   {
 6432              		.loc 1 3532 6 view .LVU1992
 6433 0052 002B     		cmp	r3, #0
 6434 0054 07D1     		bne	.L391
3544:Drivers/STM32G0xx_HAL_Driver/Src/stm32g0xx_hal_spi.c **** 
 6435              		.loc 1 3544 5 is_stmt 1 view .LVU1993
 6436 0056 0268     		ldr	r2, [r0]
 6437 0058 5368     		ldr	r3, [r2, #4]
 6438 005a 6021     		movs	r1, #96
 6439 005c 8B43     		bics	r3, r1
 6440 005e 5360     		str	r3, [r2, #4]
3546:Drivers/STM32G0xx_HAL_Driver/Src/stm32g0xx_hal_spi.c ****     {
 6441              		.loc 1 3546 5 view .LVU1994
3546:Drivers/STM32G0xx_HAL_Driver/Src/stm32g0xx_hal_spi.c ****     {
 6442              		.loc 1 3546 13 is_stmt 0 view .LVU1995
 6443 0060 C38F     		ldrh	r3, [r0, #62]
3546:Drivers/STM32G0xx_HAL_Driver/Src/stm32g0xx_hal_spi.c ****     {
 6444              		.loc 1 3546 8 view .LVU1996
 6445 0062 002B     		cmp	r3, #0
 6446 0064 00D0     		beq	.L395
 6447              	.LVL419:
 6448              	.L391:
3551:Drivers/STM32G0xx_HAL_Driver/Src/stm32g0xx_hal_spi.c **** 
 6449              		.loc 1 3551 1 view .LVU1997
 6450              		@ sp needed
 6451 0066 10BD     		pop	{r4, pc}
 6452              	.LVL420:
 6453              	.L395:
ARM GAS  C:\Users\sante\AppData\Local\Temp\cc1VgFnO.s 			page 222


3548:Drivers/STM32G0xx_HAL_Driver/Src/stm32g0xx_hal_spi.c ****     }
 6454              		.loc 1 3548 7 is_stmt 1 view .LVU1998
 6455 0068 FFF7FEFF 		bl	SPI_CloseRxTx_ISR
 6456              	.LVL421:
3551:Drivers/STM32G0xx_HAL_Driver/Src/stm32g0xx_hal_spi.c **** 
 6457              		.loc 1 3551 1 is_stmt 0 view .LVU1999
 6458 006c FBE7     		b	.L391
 6459              		.cfi_endproc
 6460              	.LFE532:
 6462              		.section	.text.SPI_2linesTxISR_16BIT,"ax",%progbits
 6463              		.align	1
 6464              		.syntax unified
 6465              		.code	16
 6466              		.thumb_func
 6468              	SPI_2linesTxISR_16BIT:
 6469              	.LVL422:
 6470              	.LFB535:
3698:Drivers/STM32G0xx_HAL_Driver/Src/stm32g0xx_hal_spi.c ****   /* Transmit data in 16 Bit mode */
 6471              		.loc 1 3698 1 is_stmt 1 view -0
 6472              		.cfi_startproc
 6473              		@ args = 0, pretend = 0, frame = 0
 6474              		@ frame_needed = 0, uses_anonymous_args = 0
3698:Drivers/STM32G0xx_HAL_Driver/Src/stm32g0xx_hal_spi.c ****   /* Transmit data in 16 Bit mode */
 6475              		.loc 1 3698 1 is_stmt 0 view .LVU2001
 6476 0000 10B5     		push	{r4, lr}
 6477              		.cfi_def_cfa_offset 8
 6478              		.cfi_offset 4, -8
 6479              		.cfi_offset 14, -4
3700:Drivers/STM32G0xx_HAL_Driver/Src/stm32g0xx_hal_spi.c ****   hspi->pTxBuffPtr += sizeof(uint16_t);
 6480              		.loc 1 3700 3 is_stmt 1 view .LVU2002
3700:Drivers/STM32G0xx_HAL_Driver/Src/stm32g0xx_hal_spi.c ****   hspi->pTxBuffPtr += sizeof(uint16_t);
 6481              		.loc 1 3700 42 is_stmt 0 view .LVU2003
 6482 0002 826B     		ldr	r2, [r0, #56]
3700:Drivers/STM32G0xx_HAL_Driver/Src/stm32g0xx_hal_spi.c ****   hspi->pTxBuffPtr += sizeof(uint16_t);
 6483              		.loc 1 3700 7 view .LVU2004
 6484 0004 0368     		ldr	r3, [r0]
3700:Drivers/STM32G0xx_HAL_Driver/Src/stm32g0xx_hal_spi.c ****   hspi->pTxBuffPtr += sizeof(uint16_t);
 6485              		.loc 1 3700 24 view .LVU2005
 6486 0006 1288     		ldrh	r2, [r2]
3700:Drivers/STM32G0xx_HAL_Driver/Src/stm32g0xx_hal_spi.c ****   hspi->pTxBuffPtr += sizeof(uint16_t);
 6487              		.loc 1 3700 22 view .LVU2006
 6488 0008 DA60     		str	r2, [r3, #12]
3701:Drivers/STM32G0xx_HAL_Driver/Src/stm32g0xx_hal_spi.c ****   hspi->TxXferCount--;
 6489              		.loc 1 3701 3 is_stmt 1 view .LVU2007
3701:Drivers/STM32G0xx_HAL_Driver/Src/stm32g0xx_hal_spi.c ****   hspi->TxXferCount--;
 6490              		.loc 1 3701 7 is_stmt 0 view .LVU2008
 6491 000a 836B     		ldr	r3, [r0, #56]
3701:Drivers/STM32G0xx_HAL_Driver/Src/stm32g0xx_hal_spi.c ****   hspi->TxXferCount--;
 6492              		.loc 1 3701 20 view .LVU2009
 6493 000c 0233     		adds	r3, r3, #2
 6494 000e 8363     		str	r3, [r0, #56]
3702:Drivers/STM32G0xx_HAL_Driver/Src/stm32g0xx_hal_spi.c **** 
 6495              		.loc 1 3702 3 is_stmt 1 view .LVU2010
3702:Drivers/STM32G0xx_HAL_Driver/Src/stm32g0xx_hal_spi.c **** 
 6496              		.loc 1 3702 7 is_stmt 0 view .LVU2011
 6497 0010 C38F     		ldrh	r3, [r0, #62]
3702:Drivers/STM32G0xx_HAL_Driver/Src/stm32g0xx_hal_spi.c **** 
ARM GAS  C:\Users\sante\AppData\Local\Temp\cc1VgFnO.s 			page 223


 6498              		.loc 1 3702 20 view .LVU2012
 6499 0012 013B     		subs	r3, r3, #1
 6500 0014 9BB2     		uxth	r3, r3
 6501 0016 C387     		strh	r3, [r0, #62]
3705:Drivers/STM32G0xx_HAL_Driver/Src/stm32g0xx_hal_spi.c ****   {
 6502              		.loc 1 3705 3 is_stmt 1 view .LVU2013
3705:Drivers/STM32G0xx_HAL_Driver/Src/stm32g0xx_hal_spi.c ****   {
 6503              		.loc 1 3705 11 is_stmt 0 view .LVU2014
 6504 0018 C38F     		ldrh	r3, [r0, #62]
3705:Drivers/STM32G0xx_HAL_Driver/Src/stm32g0xx_hal_spi.c ****   {
 6505              		.loc 1 3705 6 view .LVU2015
 6506 001a 002B     		cmp	r3, #0
 6507 001c 08D1     		bne	.L396
3719:Drivers/STM32G0xx_HAL_Driver/Src/stm32g0xx_hal_spi.c **** 
 6508              		.loc 1 3719 5 is_stmt 1 view .LVU2016
 6509 001e 0268     		ldr	r2, [r0]
 6510 0020 5368     		ldr	r3, [r2, #4]
 6511 0022 8021     		movs	r1, #128
 6512 0024 8B43     		bics	r3, r1
 6513 0026 5360     		str	r3, [r2, #4]
3721:Drivers/STM32G0xx_HAL_Driver/Src/stm32g0xx_hal_spi.c ****     {
 6514              		.loc 1 3721 5 view .LVU2017
3721:Drivers/STM32G0xx_HAL_Driver/Src/stm32g0xx_hal_spi.c ****     {
 6515              		.loc 1 3721 13 is_stmt 0 view .LVU2018
 6516 0028 4623     		movs	r3, #70
 6517 002a C35A     		ldrh	r3, [r0, r3]
3721:Drivers/STM32G0xx_HAL_Driver/Src/stm32g0xx_hal_spi.c ****     {
 6518              		.loc 1 3721 8 view .LVU2019
 6519 002c 002B     		cmp	r3, #0
 6520 002e 00D0     		beq	.L398
 6521              	.LVL423:
 6522              	.L396:
3726:Drivers/STM32G0xx_HAL_Driver/Src/stm32g0xx_hal_spi.c **** 
 6523              		.loc 1 3726 1 view .LVU2020
 6524              		@ sp needed
 6525 0030 10BD     		pop	{r4, pc}
 6526              	.LVL424:
 6527              	.L398:
3723:Drivers/STM32G0xx_HAL_Driver/Src/stm32g0xx_hal_spi.c ****     }
 6528              		.loc 1 3723 7 is_stmt 1 view .LVU2021
 6529 0032 FFF7FEFF 		bl	SPI_CloseRxTx_ISR
 6530              	.LVL425:
3726:Drivers/STM32G0xx_HAL_Driver/Src/stm32g0xx_hal_spi.c **** 
 6531              		.loc 1 3726 1 is_stmt 0 view .LVU2022
 6532 0036 FBE7     		b	.L396
 6533              		.cfi_endproc
 6534              	.LFE535:
 6536              		.section	.text.SPI_2linesRxISR_16BIT,"ax",%progbits
 6537              		.align	1
 6538              		.syntax unified
 6539              		.code	16
 6540              		.thumb_func
 6542              	SPI_2linesRxISR_16BIT:
 6543              	.LVL426:
 6544              	.LFB534:
3642:Drivers/STM32G0xx_HAL_Driver/Src/stm32g0xx_hal_spi.c ****   /* Receive data in 16 Bit mode */
 6545              		.loc 1 3642 1 is_stmt 1 view -0
ARM GAS  C:\Users\sante\AppData\Local\Temp\cc1VgFnO.s 			page 224


 6546              		.cfi_startproc
 6547              		@ args = 0, pretend = 0, frame = 0
 6548              		@ frame_needed = 0, uses_anonymous_args = 0
3642:Drivers/STM32G0xx_HAL_Driver/Src/stm32g0xx_hal_spi.c ****   /* Receive data in 16 Bit mode */
 6549              		.loc 1 3642 1 is_stmt 0 view .LVU2024
 6550 0000 10B5     		push	{r4, lr}
 6551              		.cfi_def_cfa_offset 8
 6552              		.cfi_offset 4, -8
 6553              		.cfi_offset 14, -4
3644:Drivers/STM32G0xx_HAL_Driver/Src/stm32g0xx_hal_spi.c ****   hspi->pRxBuffPtr += sizeof(uint16_t);
 6554              		.loc 1 3644 3 is_stmt 1 view .LVU2025
3644:Drivers/STM32G0xx_HAL_Driver/Src/stm32g0xx_hal_spi.c ****   hspi->pRxBuffPtr += sizeof(uint16_t);
 6555              		.loc 1 3644 52 is_stmt 0 view .LVU2026
 6556 0002 0368     		ldr	r3, [r0]
3644:Drivers/STM32G0xx_HAL_Driver/Src/stm32g0xx_hal_spi.c ****   hspi->pRxBuffPtr += sizeof(uint16_t);
 6557              		.loc 1 3644 62 view .LVU2027
 6558 0004 DA68     		ldr	r2, [r3, #12]
3644:Drivers/STM32G0xx_HAL_Driver/Src/stm32g0xx_hal_spi.c ****   hspi->pRxBuffPtr += sizeof(uint16_t);
 6559              		.loc 1 3644 21 view .LVU2028
 6560 0006 036C     		ldr	r3, [r0, #64]
3644:Drivers/STM32G0xx_HAL_Driver/Src/stm32g0xx_hal_spi.c ****   hspi->pRxBuffPtr += sizeof(uint16_t);
 6561              		.loc 1 3644 35 view .LVU2029
 6562 0008 1A80     		strh	r2, [r3]
3645:Drivers/STM32G0xx_HAL_Driver/Src/stm32g0xx_hal_spi.c ****   hspi->RxXferCount--;
 6563              		.loc 1 3645 3 is_stmt 1 view .LVU2030
3645:Drivers/STM32G0xx_HAL_Driver/Src/stm32g0xx_hal_spi.c ****   hspi->RxXferCount--;
 6564              		.loc 1 3645 7 is_stmt 0 view .LVU2031
 6565 000a 036C     		ldr	r3, [r0, #64]
3645:Drivers/STM32G0xx_HAL_Driver/Src/stm32g0xx_hal_spi.c ****   hspi->RxXferCount--;
 6566              		.loc 1 3645 20 view .LVU2032
 6567 000c 0233     		adds	r3, r3, #2
 6568 000e 0364     		str	r3, [r0, #64]
3646:Drivers/STM32G0xx_HAL_Driver/Src/stm32g0xx_hal_spi.c **** 
 6569              		.loc 1 3646 3 is_stmt 1 view .LVU2033
3646:Drivers/STM32G0xx_HAL_Driver/Src/stm32g0xx_hal_spi.c **** 
 6570              		.loc 1 3646 7 is_stmt 0 view .LVU2034
 6571 0010 4622     		movs	r2, #70
 6572 0012 835A     		ldrh	r3, [r0, r2]
3646:Drivers/STM32G0xx_HAL_Driver/Src/stm32g0xx_hal_spi.c **** 
 6573              		.loc 1 3646 20 view .LVU2035
 6574 0014 013B     		subs	r3, r3, #1
 6575 0016 9BB2     		uxth	r3, r3
 6576 0018 8352     		strh	r3, [r0, r2]
3648:Drivers/STM32G0xx_HAL_Driver/Src/stm32g0xx_hal_spi.c ****   {
 6577              		.loc 1 3648 3 is_stmt 1 view .LVU2036
3648:Drivers/STM32G0xx_HAL_Driver/Src/stm32g0xx_hal_spi.c ****   {
 6578              		.loc 1 3648 11 is_stmt 0 view .LVU2037
 6579 001a 835A     		ldrh	r3, [r0, r2]
3648:Drivers/STM32G0xx_HAL_Driver/Src/stm32g0xx_hal_spi.c ****   {
 6580              		.loc 1 3648 6 view .LVU2038
 6581 001c 002B     		cmp	r3, #0
 6582 001e 07D1     		bne	.L399
3659:Drivers/STM32G0xx_HAL_Driver/Src/stm32g0xx_hal_spi.c **** 
 6583              		.loc 1 3659 5 is_stmt 1 view .LVU2039
 6584 0020 0268     		ldr	r2, [r0]
 6585 0022 5368     		ldr	r3, [r2, #4]
 6586 0024 4021     		movs	r1, #64
ARM GAS  C:\Users\sante\AppData\Local\Temp\cc1VgFnO.s 			page 225


 6587 0026 8B43     		bics	r3, r1
 6588 0028 5360     		str	r3, [r2, #4]
3661:Drivers/STM32G0xx_HAL_Driver/Src/stm32g0xx_hal_spi.c ****     {
 6589              		.loc 1 3661 5 view .LVU2040
3661:Drivers/STM32G0xx_HAL_Driver/Src/stm32g0xx_hal_spi.c ****     {
 6590              		.loc 1 3661 13 is_stmt 0 view .LVU2041
 6591 002a C38F     		ldrh	r3, [r0, #62]
3661:Drivers/STM32G0xx_HAL_Driver/Src/stm32g0xx_hal_spi.c ****     {
 6592              		.loc 1 3661 8 view .LVU2042
 6593 002c 002B     		cmp	r3, #0
 6594 002e 00D0     		beq	.L401
 6595              	.LVL427:
 6596              	.L399:
3666:Drivers/STM32G0xx_HAL_Driver/Src/stm32g0xx_hal_spi.c **** 
 6597              		.loc 1 3666 1 view .LVU2043
 6598              		@ sp needed
 6599 0030 10BD     		pop	{r4, pc}
 6600              	.LVL428:
 6601              	.L401:
3663:Drivers/STM32G0xx_HAL_Driver/Src/stm32g0xx_hal_spi.c ****     }
 6602              		.loc 1 3663 7 is_stmt 1 view .LVU2044
 6603 0032 FFF7FEFF 		bl	SPI_CloseRxTx_ISR
 6604              	.LVL429:
3666:Drivers/STM32G0xx_HAL_Driver/Src/stm32g0xx_hal_spi.c **** 
 6605              		.loc 1 3666 1 is_stmt 0 view .LVU2045
 6606 0036 FBE7     		b	.L399
 6607              		.cfi_endproc
 6608              	.LFE534:
 6610              		.section	.text.SPI_DMAError,"ax",%progbits
 6611              		.align	1
 6612              		.syntax unified
 6613              		.code	16
 6614              		.thumb_func
 6616              	SPI_DMAError:
 6617              	.LVL430:
 6618              	.LFB528:
3334:Drivers/STM32G0xx_HAL_Driver/Src/stm32g0xx_hal_spi.c ****   SPI_HandleTypeDef *hspi = (SPI_HandleTypeDef *)(((DMA_HandleTypeDef *)hdma)->Parent); /* Derogati
 6619              		.loc 1 3334 1 is_stmt 1 view -0
 6620              		.cfi_startproc
 6621              		@ args = 0, pretend = 0, frame = 0
 6622              		@ frame_needed = 0, uses_anonymous_args = 0
3334:Drivers/STM32G0xx_HAL_Driver/Src/stm32g0xx_hal_spi.c ****   SPI_HandleTypeDef *hspi = (SPI_HandleTypeDef *)(((DMA_HandleTypeDef *)hdma)->Parent); /* Derogati
 6623              		.loc 1 3334 1 is_stmt 0 view .LVU2047
 6624 0000 10B5     		push	{r4, lr}
 6625              		.cfi_def_cfa_offset 8
 6626              		.cfi_offset 4, -8
 6627              		.cfi_offset 14, -4
3335:Drivers/STM32G0xx_HAL_Driver/Src/stm32g0xx_hal_spi.c **** 
 6628              		.loc 1 3335 3 is_stmt 1 view .LVU2048
3335:Drivers/STM32G0xx_HAL_Driver/Src/stm32g0xx_hal_spi.c **** 
 6629              		.loc 1 3335 22 is_stmt 0 view .LVU2049
 6630 0002 806A     		ldr	r0, [r0, #40]
 6631              	.LVL431:
3338:Drivers/STM32G0xx_HAL_Driver/Src/stm32g0xx_hal_spi.c **** 
 6632              		.loc 1 3338 3 is_stmt 1 view .LVU2050
 6633 0004 0268     		ldr	r2, [r0]
 6634 0006 5368     		ldr	r3, [r2, #4]
ARM GAS  C:\Users\sante\AppData\Local\Temp\cc1VgFnO.s 			page 226


 6635 0008 0321     		movs	r1, #3
 6636 000a 8B43     		bics	r3, r1
 6637 000c 5360     		str	r3, [r2, #4]
3340:Drivers/STM32G0xx_HAL_Driver/Src/stm32g0xx_hal_spi.c ****   hspi->State = HAL_SPI_STATE_READY;
 6638              		.loc 1 3340 3 view .LVU2051
 6639 000e 036E     		ldr	r3, [r0, #96]
 6640 0010 1022     		movs	r2, #16
 6641 0012 1343     		orrs	r3, r2
 6642 0014 0366     		str	r3, [r0, #96]
3341:Drivers/STM32G0xx_HAL_Driver/Src/stm32g0xx_hal_spi.c ****   /* Call user error callback */
 6643              		.loc 1 3341 3 view .LVU2052
3341:Drivers/STM32G0xx_HAL_Driver/Src/stm32g0xx_hal_spi.c ****   /* Call user error callback */
 6644              		.loc 1 3341 15 is_stmt 0 view .LVU2053
 6645 0016 5D23     		movs	r3, #93
 6646 0018 0F3A     		subs	r2, r2, #15
 6647 001a C254     		strb	r2, [r0, r3]
3346:Drivers/STM32G0xx_HAL_Driver/Src/stm32g0xx_hal_spi.c **** #endif /* USE_HAL_SPI_REGISTER_CALLBACKS */
 6648              		.loc 1 3346 3 is_stmt 1 view .LVU2054
 6649 001c FFF7FEFF 		bl	HAL_SPI_ErrorCallback
 6650              	.LVL432:
3348:Drivers/STM32G0xx_HAL_Driver/Src/stm32g0xx_hal_spi.c **** 
 6651              		.loc 1 3348 1 is_stmt 0 view .LVU2055
 6652              		@ sp needed
 6653 0020 10BD     		pop	{r4, pc}
 6654              		.cfi_endproc
 6655              	.LFE528:
 6657              		.section	.text.SPI_DMATransmitCplt,"ax",%progbits
 6658              		.align	1
 6659              		.syntax unified
 6660              		.code	16
 6661              		.thumb_func
 6663              	SPI_DMATransmitCplt:
 6664              	.LVL433:
 6665              	.LFB522:
3006:Drivers/STM32G0xx_HAL_Driver/Src/stm32g0xx_hal_spi.c ****   SPI_HandleTypeDef *hspi = (SPI_HandleTypeDef *)(((DMA_HandleTypeDef *)hdma)->Parent); /* Derogati
 6666              		.loc 1 3006 1 is_stmt 1 view -0
 6667              		.cfi_startproc
 6668              		@ args = 0, pretend = 0, frame = 8
 6669              		@ frame_needed = 0, uses_anonymous_args = 0
3006:Drivers/STM32G0xx_HAL_Driver/Src/stm32g0xx_hal_spi.c ****   SPI_HandleTypeDef *hspi = (SPI_HandleTypeDef *)(((DMA_HandleTypeDef *)hdma)->Parent); /* Derogati
 6670              		.loc 1 3006 1 is_stmt 0 view .LVU2057
 6671 0000 30B5     		push	{r4, r5, lr}
 6672              		.cfi_def_cfa_offset 12
 6673              		.cfi_offset 4, -12
 6674              		.cfi_offset 5, -8
 6675              		.cfi_offset 14, -4
 6676 0002 83B0     		sub	sp, sp, #12
 6677              		.cfi_def_cfa_offset 24
 6678 0004 0500     		movs	r5, r0
3007:Drivers/STM32G0xx_HAL_Driver/Src/stm32g0xx_hal_spi.c ****   uint32_t tickstart;
 6679              		.loc 1 3007 3 is_stmt 1 view .LVU2058
3007:Drivers/STM32G0xx_HAL_Driver/Src/stm32g0xx_hal_spi.c ****   uint32_t tickstart;
 6680              		.loc 1 3007 22 is_stmt 0 view .LVU2059
 6681 0006 846A     		ldr	r4, [r0, #40]
 6682              	.LVL434:
3008:Drivers/STM32G0xx_HAL_Driver/Src/stm32g0xx_hal_spi.c **** 
 6683              		.loc 1 3008 3 is_stmt 1 view .LVU2060
ARM GAS  C:\Users\sante\AppData\Local\Temp\cc1VgFnO.s 			page 227


3011:Drivers/STM32G0xx_HAL_Driver/Src/stm32g0xx_hal_spi.c **** 
 6684              		.loc 1 3011 3 view .LVU2061
3011:Drivers/STM32G0xx_HAL_Driver/Src/stm32g0xx_hal_spi.c **** 
 6685              		.loc 1 3011 15 is_stmt 0 view .LVU2062
 6686 0008 FFF7FEFF 		bl	HAL_GetTick
 6687              	.LVL435:
3011:Drivers/STM32G0xx_HAL_Driver/Src/stm32g0xx_hal_spi.c **** 
 6688              		.loc 1 3011 15 view .LVU2063
 6689 000c 0200     		movs	r2, r0
 6690              	.LVL436:
3014:Drivers/STM32G0xx_HAL_Driver/Src/stm32g0xx_hal_spi.c ****   {
 6691              		.loc 1 3014 3 is_stmt 1 view .LVU2064
3014:Drivers/STM32G0xx_HAL_Driver/Src/stm32g0xx_hal_spi.c ****   {
 6692              		.loc 1 3014 12 is_stmt 0 view .LVU2065
 6693 000e 2B68     		ldr	r3, [r5]
3014:Drivers/STM32G0xx_HAL_Driver/Src/stm32g0xx_hal_spi.c ****   {
 6694              		.loc 1 3014 22 view .LVU2066
 6695 0010 1B68     		ldr	r3, [r3]
3014:Drivers/STM32G0xx_HAL_Driver/Src/stm32g0xx_hal_spi.c ****   {
 6696              		.loc 1 3014 6 view .LVU2067
 6697 0012 9B06     		lsls	r3, r3, #26
 6698 0014 25D4     		bmi	.L404
3017:Drivers/STM32G0xx_HAL_Driver/Src/stm32g0xx_hal_spi.c **** 
 6699              		.loc 1 3017 5 is_stmt 1 view .LVU2068
 6700 0016 2168     		ldr	r1, [r4]
 6701 0018 4B68     		ldr	r3, [r1, #4]
 6702 001a 2020     		movs	r0, #32
 6703              	.LVL437:
3017:Drivers/STM32G0xx_HAL_Driver/Src/stm32g0xx_hal_spi.c **** 
 6704              		.loc 1 3017 5 is_stmt 0 view .LVU2069
 6705 001c 8343     		bics	r3, r0
 6706 001e 4B60     		str	r3, [r1, #4]
3020:Drivers/STM32G0xx_HAL_Driver/Src/stm32g0xx_hal_spi.c **** 
 6707              		.loc 1 3020 5 is_stmt 1 view .LVU2070
 6708 0020 2168     		ldr	r1, [r4]
 6709 0022 4B68     		ldr	r3, [r1, #4]
 6710 0024 1E38     		subs	r0, r0, #30
 6711 0026 8343     		bics	r3, r0
 6712 0028 4B60     		str	r3, [r1, #4]
3023:Drivers/STM32G0xx_HAL_Driver/Src/stm32g0xx_hal_spi.c ****     {
 6713              		.loc 1 3023 5 view .LVU2071
3023:Drivers/STM32G0xx_HAL_Driver/Src/stm32g0xx_hal_spi.c ****     {
 6714              		.loc 1 3023 9 is_stmt 0 view .LVU2072
 6715 002a 6421     		movs	r1, #100
 6716 002c 2000     		movs	r0, r4
 6717 002e FFF7FEFF 		bl	SPI_EndRxTxTransaction
 6718              	.LVL438:
3023:Drivers/STM32G0xx_HAL_Driver/Src/stm32g0xx_hal_spi.c ****     {
 6719              		.loc 1 3023 8 discriminator 1 view .LVU2073
 6720 0032 0028     		cmp	r0, #0
 6721 0034 03D0     		beq	.L405
3025:Drivers/STM32G0xx_HAL_Driver/Src/stm32g0xx_hal_spi.c ****     }
 6722              		.loc 1 3025 7 is_stmt 1 view .LVU2074
 6723 0036 236E     		ldr	r3, [r4, #96]
 6724 0038 2022     		movs	r2, #32
 6725 003a 1343     		orrs	r3, r2
 6726 003c 2366     		str	r3, [r4, #96]
ARM GAS  C:\Users\sante\AppData\Local\Temp\cc1VgFnO.s 			page 228


 6727              	.L405:
3029:Drivers/STM32G0xx_HAL_Driver/Src/stm32g0xx_hal_spi.c ****     {
 6728              		.loc 1 3029 5 view .LVU2075
3029:Drivers/STM32G0xx_HAL_Driver/Src/stm32g0xx_hal_spi.c ****     {
 6729              		.loc 1 3029 19 is_stmt 0 view .LVU2076
 6730 003e A368     		ldr	r3, [r4, #8]
3029:Drivers/STM32G0xx_HAL_Driver/Src/stm32g0xx_hal_spi.c ****     {
 6731              		.loc 1 3029 8 view .LVU2077
 6732 0040 002B     		cmp	r3, #0
 6733 0042 06D1     		bne	.L406
3031:Drivers/STM32G0xx_HAL_Driver/Src/stm32g0xx_hal_spi.c ****     }
 6734              		.loc 1 3031 7 is_stmt 1 view .LVU2078
 6735              	.LBB6:
3031:Drivers/STM32G0xx_HAL_Driver/Src/stm32g0xx_hal_spi.c ****     }
 6736              		.loc 1 3031 7 view .LVU2079
 6737 0044 0193     		str	r3, [sp, #4]
3031:Drivers/STM32G0xx_HAL_Driver/Src/stm32g0xx_hal_spi.c ****     }
 6738              		.loc 1 3031 7 view .LVU2080
 6739 0046 2368     		ldr	r3, [r4]
 6740 0048 DA68     		ldr	r2, [r3, #12]
 6741 004a 0192     		str	r2, [sp, #4]
3031:Drivers/STM32G0xx_HAL_Driver/Src/stm32g0xx_hal_spi.c ****     }
 6742              		.loc 1 3031 7 view .LVU2081
 6743 004c 9B68     		ldr	r3, [r3, #8]
 6744 004e 0193     		str	r3, [sp, #4]
3031:Drivers/STM32G0xx_HAL_Driver/Src/stm32g0xx_hal_spi.c ****     }
 6745              		.loc 1 3031 7 view .LVU2082
 6746 0050 019B     		ldr	r3, [sp, #4]
 6747              	.L406:
 6748              	.LBE6:
3031:Drivers/STM32G0xx_HAL_Driver/Src/stm32g0xx_hal_spi.c ****     }
 6749              		.loc 1 3031 7 discriminator 1 view .LVU2083
3034:Drivers/STM32G0xx_HAL_Driver/Src/stm32g0xx_hal_spi.c ****     hspi->State = HAL_SPI_STATE_READY;
 6750              		.loc 1 3034 5 view .LVU2084
3034:Drivers/STM32G0xx_HAL_Driver/Src/stm32g0xx_hal_spi.c ****     hspi->State = HAL_SPI_STATE_READY;
 6751              		.loc 1 3034 23 is_stmt 0 view .LVU2085
 6752 0052 0023     		movs	r3, #0
 6753 0054 E387     		strh	r3, [r4, #62]
3035:Drivers/STM32G0xx_HAL_Driver/Src/stm32g0xx_hal_spi.c **** 
 6754              		.loc 1 3035 5 is_stmt 1 view .LVU2086
3035:Drivers/STM32G0xx_HAL_Driver/Src/stm32g0xx_hal_spi.c **** 
 6755              		.loc 1 3035 17 is_stmt 0 view .LVU2087
 6756 0056 5D33     		adds	r3, r3, #93
 6757 0058 0122     		movs	r2, #1
 6758 005a E254     		strb	r2, [r4, r3]
3037:Drivers/STM32G0xx_HAL_Driver/Src/stm32g0xx_hal_spi.c ****     {
 6759              		.loc 1 3037 5 is_stmt 1 view .LVU2088
3037:Drivers/STM32G0xx_HAL_Driver/Src/stm32g0xx_hal_spi.c ****     {
 6760              		.loc 1 3037 13 is_stmt 0 view .LVU2089
 6761 005c 236E     		ldr	r3, [r4, #96]
3037:Drivers/STM32G0xx_HAL_Driver/Src/stm32g0xx_hal_spi.c ****     {
 6762              		.loc 1 3037 8 view .LVU2090
 6763 005e 002B     		cmp	r3, #0
 6764 0060 04D1     		bne	.L409
 6765              	.L404:
3052:Drivers/STM32G0xx_HAL_Driver/Src/stm32g0xx_hal_spi.c **** #endif /* USE_HAL_SPI_REGISTER_CALLBACKS */
 6766              		.loc 1 3052 3 is_stmt 1 view .LVU2091
ARM GAS  C:\Users\sante\AppData\Local\Temp\cc1VgFnO.s 			page 229


 6767 0062 2000     		movs	r0, r4
 6768 0064 FFF7FEFF 		bl	HAL_SPI_TxCpltCallback
 6769              	.LVL439:
 6770              	.L403:
3054:Drivers/STM32G0xx_HAL_Driver/Src/stm32g0xx_hal_spi.c **** 
 6771              		.loc 1 3054 1 is_stmt 0 view .LVU2092
 6772 0068 03B0     		add	sp, sp, #12
 6773              		@ sp needed
 6774              	.LVL440:
 6775              	.LVL441:
3054:Drivers/STM32G0xx_HAL_Driver/Src/stm32g0xx_hal_spi.c **** 
 6776              		.loc 1 3054 1 view .LVU2093
 6777 006a 30BD     		pop	{r4, r5, pc}
 6778              	.LVL442:
 6779              	.L409:
3043:Drivers/STM32G0xx_HAL_Driver/Src/stm32g0xx_hal_spi.c **** #endif /* USE_HAL_SPI_REGISTER_CALLBACKS */
 6780              		.loc 1 3043 7 is_stmt 1 view .LVU2094
 6781 006c 2000     		movs	r0, r4
 6782 006e FFF7FEFF 		bl	HAL_SPI_ErrorCallback
 6783              	.LVL443:
3045:Drivers/STM32G0xx_HAL_Driver/Src/stm32g0xx_hal_spi.c ****     }
 6784              		.loc 1 3045 7 view .LVU2095
 6785 0072 F9E7     		b	.L403
 6786              		.cfi_endproc
 6787              	.LFE522:
 6789              		.section	.text.SPI_DMAReceiveCplt,"ax",%progbits
 6790              		.align	1
 6791              		.syntax unified
 6792              		.code	16
 6793              		.thumb_func
 6795              	SPI_DMAReceiveCplt:
 6796              	.LVL444:
 6797              	.LFB523:
3063:Drivers/STM32G0xx_HAL_Driver/Src/stm32g0xx_hal_spi.c ****   SPI_HandleTypeDef *hspi = (SPI_HandleTypeDef *)(((DMA_HandleTypeDef *)hdma)->Parent); /* Derogati
 6798              		.loc 1 3063 1 view -0
 6799              		.cfi_startproc
 6800              		@ args = 0, pretend = 0, frame = 0
 6801              		@ frame_needed = 0, uses_anonymous_args = 0
3063:Drivers/STM32G0xx_HAL_Driver/Src/stm32g0xx_hal_spi.c ****   SPI_HandleTypeDef *hspi = (SPI_HandleTypeDef *)(((DMA_HandleTypeDef *)hdma)->Parent); /* Derogati
 6802              		.loc 1 3063 1 is_stmt 0 view .LVU2097
 6803 0000 70B5     		push	{r4, r5, r6, lr}
 6804              		.cfi_def_cfa_offset 16
 6805              		.cfi_offset 4, -16
 6806              		.cfi_offset 5, -12
 6807              		.cfi_offset 6, -8
 6808              		.cfi_offset 14, -4
 6809 0002 0500     		movs	r5, r0
3064:Drivers/STM32G0xx_HAL_Driver/Src/stm32g0xx_hal_spi.c ****   uint32_t tickstart;
 6810              		.loc 1 3064 3 is_stmt 1 view .LVU2098
3064:Drivers/STM32G0xx_HAL_Driver/Src/stm32g0xx_hal_spi.c ****   uint32_t tickstart;
 6811              		.loc 1 3064 22 is_stmt 0 view .LVU2099
 6812 0004 846A     		ldr	r4, [r0, #40]
 6813              	.LVL445:
3065:Drivers/STM32G0xx_HAL_Driver/Src/stm32g0xx_hal_spi.c **** #if (USE_SPI_CRC != 0U)
 6814              		.loc 1 3065 3 is_stmt 1 view .LVU2100
3073:Drivers/STM32G0xx_HAL_Driver/Src/stm32g0xx_hal_spi.c **** 
 6815              		.loc 1 3073 3 view .LVU2101
ARM GAS  C:\Users\sante\AppData\Local\Temp\cc1VgFnO.s 			page 230


3073:Drivers/STM32G0xx_HAL_Driver/Src/stm32g0xx_hal_spi.c **** 
 6816              		.loc 1 3073 15 is_stmt 0 view .LVU2102
 6817 0006 FFF7FEFF 		bl	HAL_GetTick
 6818              	.LVL446:
3073:Drivers/STM32G0xx_HAL_Driver/Src/stm32g0xx_hal_spi.c **** 
 6819              		.loc 1 3073 15 view .LVU2103
 6820 000a 0200     		movs	r2, r0
 6821              	.LVL447:
3076:Drivers/STM32G0xx_HAL_Driver/Src/stm32g0xx_hal_spi.c ****   {
 6822              		.loc 1 3076 3 is_stmt 1 view .LVU2104
3076:Drivers/STM32G0xx_HAL_Driver/Src/stm32g0xx_hal_spi.c ****   {
 6823              		.loc 1 3076 12 is_stmt 0 view .LVU2105
 6824 000c 2B68     		ldr	r3, [r5]
3076:Drivers/STM32G0xx_HAL_Driver/Src/stm32g0xx_hal_spi.c ****   {
 6825              		.loc 1 3076 22 view .LVU2106
 6826 000e 1B68     		ldr	r3, [r3]
3076:Drivers/STM32G0xx_HAL_Driver/Src/stm32g0xx_hal_spi.c ****   {
 6827              		.loc 1 3076 6 view .LVU2107
 6828 0010 9B06     		lsls	r3, r3, #26
 6829 0012 22D4     		bmi	.L411
3079:Drivers/STM32G0xx_HAL_Driver/Src/stm32g0xx_hal_spi.c **** 
 6830              		.loc 1 3079 5 is_stmt 1 view .LVU2108
 6831 0014 2168     		ldr	r1, [r4]
 6832 0016 4B68     		ldr	r3, [r1, #4]
 6833 0018 2020     		movs	r0, #32
 6834              	.LVL448:
3079:Drivers/STM32G0xx_HAL_Driver/Src/stm32g0xx_hal_spi.c **** 
 6835              		.loc 1 3079 5 is_stmt 0 view .LVU2109
 6836 001a 8343     		bics	r3, r0
 6837 001c 4B60     		str	r3, [r1, #4]
3125:Drivers/STM32G0xx_HAL_Driver/Src/stm32g0xx_hal_spi.c ****     {
 6838              		.loc 1 3125 5 is_stmt 1 view .LVU2110
3125:Drivers/STM32G0xx_HAL_Driver/Src/stm32g0xx_hal_spi.c ****     {
 6839              		.loc 1 3125 20 is_stmt 0 view .LVU2111
 6840 001e A368     		ldr	r3, [r4, #8]
3125:Drivers/STM32G0xx_HAL_Driver/Src/stm32g0xx_hal_spi.c ****     {
 6841              		.loc 1 3125 8 view .LVU2112
 6842 0020 002B     		cmp	r3, #0
 6843 0022 04D1     		bne	.L412
3125:Drivers/STM32G0xx_HAL_Driver/Src/stm32g0xx_hal_spi.c ****     {
 6844              		.loc 1 3125 70 discriminator 1 view .LVU2113
 6845 0024 6168     		ldr	r1, [r4, #4]
3125:Drivers/STM32G0xx_HAL_Driver/Src/stm32g0xx_hal_spi.c ****     {
 6846              		.loc 1 3125 56 discriminator 1 view .LVU2114
 6847 0026 0533     		adds	r3, r3, #5
 6848 0028 FF33     		adds	r3, r3, #255
 6849 002a 9942     		cmp	r1, r3
 6850 002c 19D0     		beq	.L417
 6851              	.L412:
3133:Drivers/STM32G0xx_HAL_Driver/Src/stm32g0xx_hal_spi.c ****     }
 6852              		.loc 1 3133 7 is_stmt 1 view .LVU2115
 6853 002e 2168     		ldr	r1, [r4]
 6854 0030 4B68     		ldr	r3, [r1, #4]
 6855 0032 0120     		movs	r0, #1
 6856 0034 8343     		bics	r3, r0
 6857 0036 4B60     		str	r3, [r1, #4]
 6858              	.L413:
ARM GAS  C:\Users\sante\AppData\Local\Temp\cc1VgFnO.s 			page 231


3137:Drivers/STM32G0xx_HAL_Driver/Src/stm32g0xx_hal_spi.c ****     {
 6859              		.loc 1 3137 5 view .LVU2116
3137:Drivers/STM32G0xx_HAL_Driver/Src/stm32g0xx_hal_spi.c ****     {
 6860              		.loc 1 3137 9 is_stmt 0 view .LVU2117
 6861 0038 6421     		movs	r1, #100
 6862 003a 2000     		movs	r0, r4
 6863 003c FFF7FEFF 		bl	SPI_EndRxTransaction
 6864              	.LVL449:
3137:Drivers/STM32G0xx_HAL_Driver/Src/stm32g0xx_hal_spi.c ****     {
 6865              		.loc 1 3137 8 discriminator 1 view .LVU2118
 6866 0040 0028     		cmp	r0, #0
 6867 0042 01D0     		beq	.L414
3139:Drivers/STM32G0xx_HAL_Driver/Src/stm32g0xx_hal_spi.c ****     }
 6868              		.loc 1 3139 7 is_stmt 1 view .LVU2119
3139:Drivers/STM32G0xx_HAL_Driver/Src/stm32g0xx_hal_spi.c ****     }
 6869              		.loc 1 3139 23 is_stmt 0 view .LVU2120
 6870 0044 2023     		movs	r3, #32
 6871 0046 2366     		str	r3, [r4, #96]
 6872              	.L414:
3142:Drivers/STM32G0xx_HAL_Driver/Src/stm32g0xx_hal_spi.c ****     hspi->State = HAL_SPI_STATE_READY;
 6873              		.loc 1 3142 5 is_stmt 1 view .LVU2121
3142:Drivers/STM32G0xx_HAL_Driver/Src/stm32g0xx_hal_spi.c ****     hspi->State = HAL_SPI_STATE_READY;
 6874              		.loc 1 3142 23 is_stmt 0 view .LVU2122
 6875 0048 4623     		movs	r3, #70
 6876 004a 0022     		movs	r2, #0
 6877 004c E252     		strh	r2, [r4, r3]
3143:Drivers/STM32G0xx_HAL_Driver/Src/stm32g0xx_hal_spi.c **** 
 6878              		.loc 1 3143 5 is_stmt 1 view .LVU2123
3143:Drivers/STM32G0xx_HAL_Driver/Src/stm32g0xx_hal_spi.c **** 
 6879              		.loc 1 3143 17 is_stmt 0 view .LVU2124
 6880 004e 1733     		adds	r3, r3, #23
 6881 0050 0132     		adds	r2, r2, #1
 6882 0052 E254     		strb	r2, [r4, r3]
3154:Drivers/STM32G0xx_HAL_Driver/Src/stm32g0xx_hal_spi.c ****     {
 6883              		.loc 1 3154 5 is_stmt 1 view .LVU2125
3154:Drivers/STM32G0xx_HAL_Driver/Src/stm32g0xx_hal_spi.c ****     {
 6884              		.loc 1 3154 13 is_stmt 0 view .LVU2126
 6885 0054 236E     		ldr	r3, [r4, #96]
3154:Drivers/STM32G0xx_HAL_Driver/Src/stm32g0xx_hal_spi.c ****     {
 6886              		.loc 1 3154 8 view .LVU2127
 6887 0056 002B     		cmp	r3, #0
 6888 0058 09D1     		bne	.L418
 6889              	.L411:
3169:Drivers/STM32G0xx_HAL_Driver/Src/stm32g0xx_hal_spi.c **** #endif /* USE_HAL_SPI_REGISTER_CALLBACKS */
 6890              		.loc 1 3169 3 is_stmt 1 view .LVU2128
 6891 005a 2000     		movs	r0, r4
 6892 005c FFF7FEFF 		bl	HAL_SPI_RxCpltCallback
 6893              	.LVL450:
 6894              	.L410:
3171:Drivers/STM32G0xx_HAL_Driver/Src/stm32g0xx_hal_spi.c **** 
 6895              		.loc 1 3171 1 is_stmt 0 view .LVU2129
 6896              		@ sp needed
 6897              	.LVL451:
 6898              	.LVL452:
3171:Drivers/STM32G0xx_HAL_Driver/Src/stm32g0xx_hal_spi.c **** 
 6899              		.loc 1 3171 1 view .LVU2130
 6900 0060 70BD     		pop	{r4, r5, r6, pc}
ARM GAS  C:\Users\sante\AppData\Local\Temp\cc1VgFnO.s 			page 232


 6901              	.LVL453:
 6902              	.L417:
3128:Drivers/STM32G0xx_HAL_Driver/Src/stm32g0xx_hal_spi.c ****     }
 6903              		.loc 1 3128 7 is_stmt 1 view .LVU2131
 6904 0062 2168     		ldr	r1, [r4]
 6905 0064 4B68     		ldr	r3, [r1, #4]
 6906 0066 1D38     		subs	r0, r0, #29
 6907 0068 8343     		bics	r3, r0
 6908 006a 4B60     		str	r3, [r1, #4]
 6909 006c E4E7     		b	.L413
 6910              	.LVL454:
 6911              	.L418:
3160:Drivers/STM32G0xx_HAL_Driver/Src/stm32g0xx_hal_spi.c **** #endif /* USE_HAL_SPI_REGISTER_CALLBACKS */
 6912              		.loc 1 3160 7 view .LVU2132
 6913 006e 2000     		movs	r0, r4
 6914 0070 FFF7FEFF 		bl	HAL_SPI_ErrorCallback
 6915              	.LVL455:
3162:Drivers/STM32G0xx_HAL_Driver/Src/stm32g0xx_hal_spi.c ****     }
 6916              		.loc 1 3162 7 view .LVU2133
 6917 0074 F4E7     		b	.L410
 6918              		.cfi_endproc
 6919              	.LFE523:
 6921              		.section	.text.SPI_DMATransmitReceiveCplt,"ax",%progbits
 6922              		.align	1
 6923              		.syntax unified
 6924              		.code	16
 6925              		.thumb_func
 6927              	SPI_DMATransmitReceiveCplt:
 6928              	.LVL456:
 6929              	.LFB524:
3180:Drivers/STM32G0xx_HAL_Driver/Src/stm32g0xx_hal_spi.c ****   SPI_HandleTypeDef *hspi = (SPI_HandleTypeDef *)(((DMA_HandleTypeDef *)hdma)->Parent); /* Derogati
 6930              		.loc 1 3180 1 view -0
 6931              		.cfi_startproc
 6932              		@ args = 0, pretend = 0, frame = 0
 6933              		@ frame_needed = 0, uses_anonymous_args = 0
3180:Drivers/STM32G0xx_HAL_Driver/Src/stm32g0xx_hal_spi.c ****   SPI_HandleTypeDef *hspi = (SPI_HandleTypeDef *)(((DMA_HandleTypeDef *)hdma)->Parent); /* Derogati
 6934              		.loc 1 3180 1 is_stmt 0 view .LVU2135
 6935 0000 70B5     		push	{r4, r5, r6, lr}
 6936              		.cfi_def_cfa_offset 16
 6937              		.cfi_offset 4, -16
 6938              		.cfi_offset 5, -12
 6939              		.cfi_offset 6, -8
 6940              		.cfi_offset 14, -4
 6941 0002 0500     		movs	r5, r0
3181:Drivers/STM32G0xx_HAL_Driver/Src/stm32g0xx_hal_spi.c ****   uint32_t tickstart;
 6942              		.loc 1 3181 3 is_stmt 1 view .LVU2136
3181:Drivers/STM32G0xx_HAL_Driver/Src/stm32g0xx_hal_spi.c ****   uint32_t tickstart;
 6943              		.loc 1 3181 22 is_stmt 0 view .LVU2137
 6944 0004 846A     		ldr	r4, [r0, #40]
 6945              	.LVL457:
3182:Drivers/STM32G0xx_HAL_Driver/Src/stm32g0xx_hal_spi.c **** #if (USE_SPI_CRC != 0U)
 6946              		.loc 1 3182 3 is_stmt 1 view .LVU2138
3190:Drivers/STM32G0xx_HAL_Driver/Src/stm32g0xx_hal_spi.c **** 
 6947              		.loc 1 3190 3 view .LVU2139
3190:Drivers/STM32G0xx_HAL_Driver/Src/stm32g0xx_hal_spi.c **** 
 6948              		.loc 1 3190 15 is_stmt 0 view .LVU2140
 6949 0006 FFF7FEFF 		bl	HAL_GetTick
ARM GAS  C:\Users\sante\AppData\Local\Temp\cc1VgFnO.s 			page 233


 6950              	.LVL458:
3190:Drivers/STM32G0xx_HAL_Driver/Src/stm32g0xx_hal_spi.c **** 
 6951              		.loc 1 3190 15 view .LVU2141
 6952 000a 0200     		movs	r2, r0
 6953              	.LVL459:
3193:Drivers/STM32G0xx_HAL_Driver/Src/stm32g0xx_hal_spi.c ****   {
 6954              		.loc 1 3193 3 is_stmt 1 view .LVU2142
3193:Drivers/STM32G0xx_HAL_Driver/Src/stm32g0xx_hal_spi.c ****   {
 6955              		.loc 1 3193 12 is_stmt 0 view .LVU2143
 6956 000c 2B68     		ldr	r3, [r5]
3193:Drivers/STM32G0xx_HAL_Driver/Src/stm32g0xx_hal_spi.c ****   {
 6957              		.loc 1 3193 22 view .LVU2144
 6958 000e 1B68     		ldr	r3, [r3]
3193:Drivers/STM32G0xx_HAL_Driver/Src/stm32g0xx_hal_spi.c ****   {
 6959              		.loc 1 3193 6 view .LVU2145
 6960 0010 9B06     		lsls	r3, r3, #26
 6961 0012 1DD4     		bmi	.L420
3196:Drivers/STM32G0xx_HAL_Driver/Src/stm32g0xx_hal_spi.c **** 
 6962              		.loc 1 3196 5 is_stmt 1 view .LVU2146
 6963 0014 2168     		ldr	r1, [r4]
 6964 0016 4B68     		ldr	r3, [r1, #4]
 6965 0018 2020     		movs	r0, #32
 6966              	.LVL460:
3196:Drivers/STM32G0xx_HAL_Driver/Src/stm32g0xx_hal_spi.c **** 
 6967              		.loc 1 3196 5 is_stmt 0 view .LVU2147
 6968 001a 8343     		bics	r3, r0
 6969 001c 4B60     		str	r3, [r1, #4]
3233:Drivers/STM32G0xx_HAL_Driver/Src/stm32g0xx_hal_spi.c ****     {
 6970              		.loc 1 3233 5 is_stmt 1 view .LVU2148
3233:Drivers/STM32G0xx_HAL_Driver/Src/stm32g0xx_hal_spi.c ****     {
 6971              		.loc 1 3233 9 is_stmt 0 view .LVU2149
 6972 001e 6421     		movs	r1, #100
 6973 0020 2000     		movs	r0, r4
 6974 0022 FFF7FEFF 		bl	SPI_EndRxTxTransaction
 6975              	.LVL461:
3233:Drivers/STM32G0xx_HAL_Driver/Src/stm32g0xx_hal_spi.c ****     {
 6976              		.loc 1 3233 8 discriminator 1 view .LVU2150
 6977 0026 0028     		cmp	r0, #0
 6978 0028 03D0     		beq	.L421
3235:Drivers/STM32G0xx_HAL_Driver/Src/stm32g0xx_hal_spi.c ****     }
 6979              		.loc 1 3235 7 is_stmt 1 view .LVU2151
 6980 002a 236E     		ldr	r3, [r4, #96]
 6981 002c 2022     		movs	r2, #32
 6982 002e 1343     		orrs	r3, r2
 6983 0030 2366     		str	r3, [r4, #96]
 6984              	.L421:
3239:Drivers/STM32G0xx_HAL_Driver/Src/stm32g0xx_hal_spi.c **** 
 6985              		.loc 1 3239 5 view .LVU2152
 6986 0032 2268     		ldr	r2, [r4]
 6987 0034 5368     		ldr	r3, [r2, #4]
 6988 0036 0321     		movs	r1, #3
 6989 0038 8B43     		bics	r3, r1
 6990 003a 5360     		str	r3, [r2, #4]
3241:Drivers/STM32G0xx_HAL_Driver/Src/stm32g0xx_hal_spi.c ****     hspi->RxXferCount = 0U;
 6991              		.loc 1 3241 5 view .LVU2153
3241:Drivers/STM32G0xx_HAL_Driver/Src/stm32g0xx_hal_spi.c ****     hspi->RxXferCount = 0U;
 6992              		.loc 1 3241 23 is_stmt 0 view .LVU2154
ARM GAS  C:\Users\sante\AppData\Local\Temp\cc1VgFnO.s 			page 234


 6993 003c 0023     		movs	r3, #0
 6994 003e E387     		strh	r3, [r4, #62]
3242:Drivers/STM32G0xx_HAL_Driver/Src/stm32g0xx_hal_spi.c ****     hspi->State = HAL_SPI_STATE_READY;
 6995              		.loc 1 3242 5 is_stmt 1 view .LVU2155
3242:Drivers/STM32G0xx_HAL_Driver/Src/stm32g0xx_hal_spi.c ****     hspi->State = HAL_SPI_STATE_READY;
 6996              		.loc 1 3242 23 is_stmt 0 view .LVU2156
 6997 0040 4622     		movs	r2, #70
 6998 0042 A352     		strh	r3, [r4, r2]
3243:Drivers/STM32G0xx_HAL_Driver/Src/stm32g0xx_hal_spi.c **** 
 6999              		.loc 1 3243 5 is_stmt 1 view .LVU2157
3243:Drivers/STM32G0xx_HAL_Driver/Src/stm32g0xx_hal_spi.c **** 
 7000              		.loc 1 3243 17 is_stmt 0 view .LVU2158
 7001 0044 5D33     		adds	r3, r3, #93
 7002 0046 453A     		subs	r2, r2, #69
 7003 0048 E254     		strb	r2, [r4, r3]
3254:Drivers/STM32G0xx_HAL_Driver/Src/stm32g0xx_hal_spi.c ****     {
 7004              		.loc 1 3254 5 is_stmt 1 view .LVU2159
3254:Drivers/STM32G0xx_HAL_Driver/Src/stm32g0xx_hal_spi.c ****     {
 7005              		.loc 1 3254 13 is_stmt 0 view .LVU2160
 7006 004a 236E     		ldr	r3, [r4, #96]
3254:Drivers/STM32G0xx_HAL_Driver/Src/stm32g0xx_hal_spi.c ****     {
 7007              		.loc 1 3254 8 view .LVU2161
 7008 004c 002B     		cmp	r3, #0
 7009 004e 03D1     		bne	.L424
 7010              	.L420:
3269:Drivers/STM32G0xx_HAL_Driver/Src/stm32g0xx_hal_spi.c **** #endif /* USE_HAL_SPI_REGISTER_CALLBACKS */
 7011              		.loc 1 3269 3 is_stmt 1 view .LVU2162
 7012 0050 2000     		movs	r0, r4
 7013 0052 FFF7FEFF 		bl	HAL_SPI_TxRxCpltCallback
 7014              	.LVL462:
 7015              	.L419:
3271:Drivers/STM32G0xx_HAL_Driver/Src/stm32g0xx_hal_spi.c **** 
 7016              		.loc 1 3271 1 is_stmt 0 view .LVU2163
 7017              		@ sp needed
 7018              	.LVL463:
 7019              	.LVL464:
3271:Drivers/STM32G0xx_HAL_Driver/Src/stm32g0xx_hal_spi.c **** 
 7020              		.loc 1 3271 1 view .LVU2164
 7021 0056 70BD     		pop	{r4, r5, r6, pc}
 7022              	.LVL465:
 7023              	.L424:
3260:Drivers/STM32G0xx_HAL_Driver/Src/stm32g0xx_hal_spi.c **** #endif /* USE_HAL_SPI_REGISTER_CALLBACKS */
 7024              		.loc 1 3260 7 is_stmt 1 view .LVU2165
 7025 0058 2000     		movs	r0, r4
 7026 005a FFF7FEFF 		bl	HAL_SPI_ErrorCallback
 7027              	.LVL466:
3262:Drivers/STM32G0xx_HAL_Driver/Src/stm32g0xx_hal_spi.c ****     }
 7028              		.loc 1 3262 7 view .LVU2166
 7029 005e FAE7     		b	.L419
 7030              		.cfi_endproc
 7031              	.LFE524:
 7033              		.section	.text.HAL_SPI_IRQHandler,"ax",%progbits
 7034              		.align	1
 7035              		.global	HAL_SPI_IRQHandler
 7036              		.syntax unified
 7037              		.code	16
 7038              		.thumb_func
ARM GAS  C:\Users\sante\AppData\Local\Temp\cc1VgFnO.s 			page 235


 7040              	HAL_SPI_IRQHandler:
 7041              	.LVL467:
 7042              	.LFB511:
2713:Drivers/STM32G0xx_HAL_Driver/Src/stm32g0xx_hal_spi.c ****   uint32_t itsource = hspi->Instance->CR2;
 7043              		.loc 1 2713 1 view -0
 7044              		.cfi_startproc
 7045              		@ args = 0, pretend = 0, frame = 16
 7046              		@ frame_needed = 0, uses_anonymous_args = 0
2713:Drivers/STM32G0xx_HAL_Driver/Src/stm32g0xx_hal_spi.c ****   uint32_t itsource = hspi->Instance->CR2;
 7047              		.loc 1 2713 1 is_stmt 0 view .LVU2168
 7048 0000 F0B5     		push	{r4, r5, r6, r7, lr}
 7049              		.cfi_def_cfa_offset 20
 7050              		.cfi_offset 4, -20
 7051              		.cfi_offset 5, -16
 7052              		.cfi_offset 6, -12
 7053              		.cfi_offset 7, -8
 7054              		.cfi_offset 14, -4
 7055 0002 85B0     		sub	sp, sp, #20
 7056              		.cfi_def_cfa_offset 40
 7057 0004 0400     		movs	r4, r0
2714:Drivers/STM32G0xx_HAL_Driver/Src/stm32g0xx_hal_spi.c ****   uint32_t itflag   = hspi->Instance->SR;
 7058              		.loc 1 2714 3 is_stmt 1 view .LVU2169
2714:Drivers/STM32G0xx_HAL_Driver/Src/stm32g0xx_hal_spi.c ****   uint32_t itflag   = hspi->Instance->SR;
 7059              		.loc 1 2714 27 is_stmt 0 view .LVU2170
 7060 0006 0268     		ldr	r2, [r0]
2714:Drivers/STM32G0xx_HAL_Driver/Src/stm32g0xx_hal_spi.c ****   uint32_t itflag   = hspi->Instance->SR;
 7061              		.loc 1 2714 12 view .LVU2171
 7062 0008 5568     		ldr	r5, [r2, #4]
 7063              	.LVL468:
2715:Drivers/STM32G0xx_HAL_Driver/Src/stm32g0xx_hal_spi.c **** 
 7064              		.loc 1 2715 3 is_stmt 1 view .LVU2172
2715:Drivers/STM32G0xx_HAL_Driver/Src/stm32g0xx_hal_spi.c **** 
 7065              		.loc 1 2715 12 is_stmt 0 view .LVU2173
 7066 000a 9368     		ldr	r3, [r2, #8]
 7067              	.LVL469:
2718:Drivers/STM32G0xx_HAL_Driver/Src/stm32g0xx_hal_spi.c ****       (SPI_CHECK_FLAG(itflag, SPI_FLAG_RXNE) != RESET) && (SPI_CHECK_IT_SOURCE(itsource, SPI_IT_RXN
 7068              		.loc 1 2718 3 is_stmt 1 view .LVU2174
2718:Drivers/STM32G0xx_HAL_Driver/Src/stm32g0xx_hal_spi.c ****       (SPI_CHECK_FLAG(itflag, SPI_FLAG_RXNE) != RESET) && (SPI_CHECK_IT_SOURCE(itsource, SPI_IT_RXN
 7069              		.loc 1 2718 8 is_stmt 0 view .LVU2175
 7070 000c 9909     		lsrs	r1, r3, #6
 7071 000e 0120     		movs	r0, #1
 7072              	.LVL470:
2718:Drivers/STM32G0xx_HAL_Driver/Src/stm32g0xx_hal_spi.c ****       (SPI_CHECK_FLAG(itflag, SPI_FLAG_RXNE) != RESET) && (SPI_CHECK_IT_SOURCE(itsource, SPI_IT_RXN
 7073              		.loc 1 2718 8 view .LVU2176
 7074 0010 0600     		movs	r6, r0
 7075 0012 0E40     		ands	r6, r1
2718:Drivers/STM32G0xx_HAL_Driver/Src/stm32g0xx_hal_spi.c ****       (SPI_CHECK_FLAG(itflag, SPI_FLAG_RXNE) != RESET) && (SPI_CHECK_IT_SOURCE(itsource, SPI_IT_RXN
 7076              		.loc 1 2718 6 view .LVU2177
 7077 0014 0842     		tst	r0, r1
 7078 0016 03D1     		bne	.L426
2718:Drivers/STM32G0xx_HAL_Driver/Src/stm32g0xx_hal_spi.c ****       (SPI_CHECK_FLAG(itflag, SPI_FLAG_RXNE) != RESET) && (SPI_CHECK_IT_SOURCE(itsource, SPI_IT_RXN
 7079              		.loc 1 2718 55 discriminator 1 view .LVU2178
 7080 0018 D907     		lsls	r1, r3, #31
 7081 001a 01D5     		bpl	.L426
2719:Drivers/STM32G0xx_HAL_Driver/Src/stm32g0xx_hal_spi.c ****   {
 7082              		.loc 1 2719 56 view .LVU2179
 7083 001c 6906     		lsls	r1, r5, #25
ARM GAS  C:\Users\sante\AppData\Local\Temp\cc1VgFnO.s 			page 236


 7084 001e 6AD4     		bmi	.L444
 7085              	.L426:
2726:Drivers/STM32G0xx_HAL_Driver/Src/stm32g0xx_hal_spi.c ****   {
 7086              		.loc 1 2726 3 is_stmt 1 view .LVU2180
2726:Drivers/STM32G0xx_HAL_Driver/Src/stm32g0xx_hal_spi.c ****   {
 7087              		.loc 1 2726 6 is_stmt 0 view .LVU2181
 7088 0020 9907     		lsls	r1, r3, #30
 7089 0022 01D5     		bpl	.L428
2726:Drivers/STM32G0xx_HAL_Driver/Src/stm32g0xx_hal_spi.c ****   {
 7090              		.loc 1 2726 55 discriminator 1 view .LVU2182
 7091 0024 2906     		lsls	r1, r5, #24
 7092 0026 6AD4     		bmi	.L445
 7093              	.L428:
2733:Drivers/STM32G0xx_HAL_Driver/Src/stm32g0xx_hal_spi.c ****        || (SPI_CHECK_FLAG(itflag, SPI_FLAG_FRE) != RESET)) && (SPI_CHECK_IT_SOURCE(itsource, SPI_IT
 7094              		.loc 1 2733 3 is_stmt 1 view .LVU2183
2733:Drivers/STM32G0xx_HAL_Driver/Src/stm32g0xx_hal_spi.c ****        || (SPI_CHECK_FLAG(itflag, SPI_FLAG_FRE) != RESET)) && (SPI_CHECK_IT_SOURCE(itsource, SPI_IT
 7095              		.loc 1 2733 9 is_stmt 0 view .LVU2184
 7096 0028 5909     		lsrs	r1, r3, #5
 7097 002a 0120     		movs	r0, #1
 7098 002c 0700     		movs	r7, r0
 7099 002e 0F40     		ands	r7, r1
2733:Drivers/STM32G0xx_HAL_Driver/Src/stm32g0xx_hal_spi.c ****        || (SPI_CHECK_FLAG(itflag, SPI_FLAG_FRE) != RESET)) && (SPI_CHECK_IT_SOURCE(itsource, SPI_IT
 7100              		.loc 1 2733 6 view .LVU2185
 7101 0030 0842     		tst	r0, r1
 7102 0032 03D1     		bne	.L429
2733:Drivers/STM32G0xx_HAL_Driver/Src/stm32g0xx_hal_spi.c ****        || (SPI_CHECK_FLAG(itflag, SPI_FLAG_FRE) != RESET)) && (SPI_CHECK_IT_SOURCE(itsource, SPI_IT
 7103              		.loc 1 2733 57 discriminator 1 view .LVU2186
 7104 0034 002E     		cmp	r6, #0
 7105 0036 01D1     		bne	.L429
2734:Drivers/STM32G0xx_HAL_Driver/Src/stm32g0xx_hal_spi.c ****   {
 7106              		.loc 1 2734 8 view .LVU2187
 7107 0038 D905     		lsls	r1, r3, #23
 7108 003a 63D5     		bpl	.L425
 7109              	.L429:
2734:Drivers/STM32G0xx_HAL_Driver/Src/stm32g0xx_hal_spi.c ****   {
 7110              		.loc 1 2734 60 discriminator 1 view .LVU2188
 7111 003c A906     		lsls	r1, r5, #26
 7112 003e 61D5     		bpl	.L425
2737:Drivers/STM32G0xx_HAL_Driver/Src/stm32g0xx_hal_spi.c ****     {
 7113              		.loc 1 2737 5 is_stmt 1 view .LVU2189
2737:Drivers/STM32G0xx_HAL_Driver/Src/stm32g0xx_hal_spi.c ****     {
 7114              		.loc 1 2737 8 is_stmt 0 view .LVU2190
 7115 0040 002E     		cmp	r6, #0
 7116 0042 0ED0     		beq	.L430
2739:Drivers/STM32G0xx_HAL_Driver/Src/stm32g0xx_hal_spi.c ****       {
 7117              		.loc 1 2739 7 is_stmt 1 view .LVU2191
2739:Drivers/STM32G0xx_HAL_Driver/Src/stm32g0xx_hal_spi.c ****       {
 7118              		.loc 1 2739 15 is_stmt 0 view .LVU2192
 7119 0044 5D21     		movs	r1, #93
 7120 0046 615C     		ldrb	r1, [r4, r1]
2739:Drivers/STM32G0xx_HAL_Driver/Src/stm32g0xx_hal_spi.c ****       {
 7121              		.loc 1 2739 10 view .LVU2193
 7122 0048 0329     		cmp	r1, #3
 7123 004a 5DD0     		beq	.L431
2741:Drivers/STM32G0xx_HAL_Driver/Src/stm32g0xx_hal_spi.c ****         __HAL_SPI_CLEAR_OVRFLAG(hspi);
 7124              		.loc 1 2741 9 is_stmt 1 view .LVU2194
 7125 004c 216E     		ldr	r1, [r4, #96]
ARM GAS  C:\Users\sante\AppData\Local\Temp\cc1VgFnO.s 			page 237


 7126 004e 0420     		movs	r0, #4
 7127 0050 0143     		orrs	r1, r0
 7128 0052 2166     		str	r1, [r4, #96]
2742:Drivers/STM32G0xx_HAL_Driver/Src/stm32g0xx_hal_spi.c ****       }
 7129              		.loc 1 2742 9 view .LVU2195
 7130              	.LBB7:
2742:Drivers/STM32G0xx_HAL_Driver/Src/stm32g0xx_hal_spi.c ****       }
 7131              		.loc 1 2742 9 view .LVU2196
 7132 0054 0021     		movs	r1, #0
 7133 0056 0091     		str	r1, [sp]
2742:Drivers/STM32G0xx_HAL_Driver/Src/stm32g0xx_hal_spi.c ****       }
 7134              		.loc 1 2742 9 view .LVU2197
 7135 0058 D168     		ldr	r1, [r2, #12]
 7136 005a 0091     		str	r1, [sp]
2742:Drivers/STM32G0xx_HAL_Driver/Src/stm32g0xx_hal_spi.c ****       }
 7137              		.loc 1 2742 9 view .LVU2198
 7138 005c 9168     		ldr	r1, [r2, #8]
 7139 005e 0091     		str	r1, [sp]
2742:Drivers/STM32G0xx_HAL_Driver/Src/stm32g0xx_hal_spi.c ****       }
 7140              		.loc 1 2742 9 view .LVU2199
 7141 0060 0099     		ldr	r1, [sp]
 7142              	.LBE7:
2742:Drivers/STM32G0xx_HAL_Driver/Src/stm32g0xx_hal_spi.c ****       }
 7143              		.loc 1 2742 9 view .LVU2200
 7144              	.L430:
2752:Drivers/STM32G0xx_HAL_Driver/Src/stm32g0xx_hal_spi.c ****     {
 7145              		.loc 1 2752 5 view .LVU2201
2752:Drivers/STM32G0xx_HAL_Driver/Src/stm32g0xx_hal_spi.c ****     {
 7146              		.loc 1 2752 8 is_stmt 0 view .LVU2202
 7147 0062 002F     		cmp	r7, #0
 7148 0064 0CD0     		beq	.L432
2754:Drivers/STM32G0xx_HAL_Driver/Src/stm32g0xx_hal_spi.c ****       __HAL_SPI_CLEAR_MODFFLAG(hspi);
 7149              		.loc 1 2754 7 is_stmt 1 view .LVU2203
 7150 0066 216E     		ldr	r1, [r4, #96]
 7151 0068 0120     		movs	r0, #1
 7152 006a 0143     		orrs	r1, r0
 7153 006c 2166     		str	r1, [r4, #96]
2755:Drivers/STM32G0xx_HAL_Driver/Src/stm32g0xx_hal_spi.c ****     }
 7154              		.loc 1 2755 7 view .LVU2204
 7155              	.LBB8:
2755:Drivers/STM32G0xx_HAL_Driver/Src/stm32g0xx_hal_spi.c ****     }
 7156              		.loc 1 2755 7 view .LVU2205
 7157 006e 0021     		movs	r1, #0
 7158 0070 0291     		str	r1, [sp, #8]
2755:Drivers/STM32G0xx_HAL_Driver/Src/stm32g0xx_hal_spi.c ****     }
 7159              		.loc 1 2755 7 view .LVU2206
 7160 0072 9168     		ldr	r1, [r2, #8]
 7161 0074 0291     		str	r1, [sp, #8]
2755:Drivers/STM32G0xx_HAL_Driver/Src/stm32g0xx_hal_spi.c ****     }
 7162              		.loc 1 2755 7 view .LVU2207
 7163 0076 1168     		ldr	r1, [r2]
 7164 0078 3F30     		adds	r0, r0, #63
 7165 007a 8143     		bics	r1, r0
 7166 007c 1160     		str	r1, [r2]
2755:Drivers/STM32G0xx_HAL_Driver/Src/stm32g0xx_hal_spi.c ****     }
 7167              		.loc 1 2755 7 view .LVU2208
 7168 007e 029A     		ldr	r2, [sp, #8]
ARM GAS  C:\Users\sante\AppData\Local\Temp\cc1VgFnO.s 			page 238


 7169              	.L432:
2755:Drivers/STM32G0xx_HAL_Driver/Src/stm32g0xx_hal_spi.c ****     }
 7170              		.loc 1 2755 7 is_stmt 0 view .LVU2209
 7171              	.LBE8:
2755:Drivers/STM32G0xx_HAL_Driver/Src/stm32g0xx_hal_spi.c ****     }
 7172              		.loc 1 2755 7 is_stmt 1 discriminator 1 view .LVU2210
2759:Drivers/STM32G0xx_HAL_Driver/Src/stm32g0xx_hal_spi.c ****     {
 7173              		.loc 1 2759 5 view .LVU2211
2759:Drivers/STM32G0xx_HAL_Driver/Src/stm32g0xx_hal_spi.c ****     {
 7174              		.loc 1 2759 8 is_stmt 0 view .LVU2212
 7175 0080 DB05     		lsls	r3, r3, #23
 7176 0082 09D5     		bpl	.L433
 7177              	.LVL471:
2761:Drivers/STM32G0xx_HAL_Driver/Src/stm32g0xx_hal_spi.c ****       __HAL_SPI_CLEAR_FREFLAG(hspi);
 7178              		.loc 1 2761 7 is_stmt 1 view .LVU2213
 7179 0084 236E     		ldr	r3, [r4, #96]
 7180 0086 0822     		movs	r2, #8
 7181 0088 1343     		orrs	r3, r2
 7182 008a 2366     		str	r3, [r4, #96]
2762:Drivers/STM32G0xx_HAL_Driver/Src/stm32g0xx_hal_spi.c ****     }
 7183              		.loc 1 2762 7 view .LVU2214
 7184              	.LBB9:
2762:Drivers/STM32G0xx_HAL_Driver/Src/stm32g0xx_hal_spi.c ****     }
 7185              		.loc 1 2762 7 view .LVU2215
 7186 008c 0023     		movs	r3, #0
 7187 008e 0393     		str	r3, [sp, #12]
2762:Drivers/STM32G0xx_HAL_Driver/Src/stm32g0xx_hal_spi.c ****     }
 7188              		.loc 1 2762 7 view .LVU2216
 7189 0090 2368     		ldr	r3, [r4]
 7190 0092 9B68     		ldr	r3, [r3, #8]
 7191 0094 0393     		str	r3, [sp, #12]
2762:Drivers/STM32G0xx_HAL_Driver/Src/stm32g0xx_hal_spi.c ****     }
 7192              		.loc 1 2762 7 view .LVU2217
 7193 0096 039B     		ldr	r3, [sp, #12]
 7194              	.L433:
2762:Drivers/STM32G0xx_HAL_Driver/Src/stm32g0xx_hal_spi.c ****     }
 7195              		.loc 1 2762 7 is_stmt 0 view .LVU2218
 7196              	.LBE9:
2762:Drivers/STM32G0xx_HAL_Driver/Src/stm32g0xx_hal_spi.c ****     }
 7197              		.loc 1 2762 7 is_stmt 1 discriminator 1 view .LVU2219
2765:Drivers/STM32G0xx_HAL_Driver/Src/stm32g0xx_hal_spi.c ****     {
 7198              		.loc 1 2765 5 view .LVU2220
2765:Drivers/STM32G0xx_HAL_Driver/Src/stm32g0xx_hal_spi.c ****     {
 7199              		.loc 1 2765 13 is_stmt 0 view .LVU2221
 7200 0098 236E     		ldr	r3, [r4, #96]
2765:Drivers/STM32G0xx_HAL_Driver/Src/stm32g0xx_hal_spi.c ****     {
 7201              		.loc 1 2765 8 view .LVU2222
 7202 009a 002B     		cmp	r3, #0
 7203 009c 32D0     		beq	.L425
2768:Drivers/STM32G0xx_HAL_Driver/Src/stm32g0xx_hal_spi.c **** 
 7204              		.loc 1 2768 7 is_stmt 1 view .LVU2223
 7205 009e 2268     		ldr	r2, [r4]
 7206 00a0 5368     		ldr	r3, [r2, #4]
 7207 00a2 E021     		movs	r1, #224
 7208 00a4 8B43     		bics	r3, r1
 7209 00a6 5360     		str	r3, [r2, #4]
2770:Drivers/STM32G0xx_HAL_Driver/Src/stm32g0xx_hal_spi.c ****       /* Disable the SPI DMA requests if enabled */
ARM GAS  C:\Users\sante\AppData\Local\Temp\cc1VgFnO.s 			page 239


 7210              		.loc 1 2770 7 view .LVU2224
2770:Drivers/STM32G0xx_HAL_Driver/Src/stm32g0xx_hal_spi.c ****       /* Disable the SPI DMA requests if enabled */
 7211              		.loc 1 2770 19 is_stmt 0 view .LVU2225
 7212 00a8 5D23     		movs	r3, #93
 7213 00aa 0122     		movs	r2, #1
 7214 00ac E254     		strb	r2, [r4, r3]
2772:Drivers/STM32G0xx_HAL_Driver/Src/stm32g0xx_hal_spi.c ****       {
 7215              		.loc 1 2772 7 is_stmt 1 view .LVU2226
2772:Drivers/STM32G0xx_HAL_Driver/Src/stm32g0xx_hal_spi.c ****       {
 7216              		.loc 1 2772 10 is_stmt 0 view .LVU2227
 7217 00ae AD07     		lsls	r5, r5, #30
 7218 00b0 32D0     		beq	.L435
 7219              	.LVL472:
2774:Drivers/STM32G0xx_HAL_Driver/Src/stm32g0xx_hal_spi.c **** 
 7220              		.loc 1 2774 9 is_stmt 1 view .LVU2228
 7221 00b2 2268     		ldr	r2, [r4]
 7222 00b4 5368     		ldr	r3, [r2, #4]
 7223 00b6 DD39     		subs	r1, r1, #221
 7224 00b8 8B43     		bics	r3, r1
 7225 00ba 5360     		str	r3, [r2, #4]
2777:Drivers/STM32G0xx_HAL_Driver/Src/stm32g0xx_hal_spi.c ****         {
 7226              		.loc 1 2777 9 view .LVU2229
2777:Drivers/STM32G0xx_HAL_Driver/Src/stm32g0xx_hal_spi.c ****         {
 7227              		.loc 1 2777 17 is_stmt 0 view .LVU2230
 7228 00bc A36D     		ldr	r3, [r4, #88]
2777:Drivers/STM32G0xx_HAL_Driver/Src/stm32g0xx_hal_spi.c ****         {
 7229              		.loc 1 2777 12 view .LVU2231
 7230 00be 002B     		cmp	r3, #0
 7231 00c0 0AD0     		beq	.L436
2781:Drivers/STM32G0xx_HAL_Driver/Src/stm32g0xx_hal_spi.c ****           if (HAL_OK != HAL_DMA_Abort_IT(hspi->hdmarx))
 7232              		.loc 1 2781 11 is_stmt 1 view .LVU2232
2781:Drivers/STM32G0xx_HAL_Driver/Src/stm32g0xx_hal_spi.c ****           if (HAL_OK != HAL_DMA_Abort_IT(hspi->hdmarx))
 7233              		.loc 1 2781 43 is_stmt 0 view .LVU2233
 7234 00c2 174A     		ldr	r2, .L446
 7235 00c4 9A63     		str	r2, [r3, #56]
2782:Drivers/STM32G0xx_HAL_Driver/Src/stm32g0xx_hal_spi.c ****           {
 7236              		.loc 1 2782 11 is_stmt 1 view .LVU2234
2782:Drivers/STM32G0xx_HAL_Driver/Src/stm32g0xx_hal_spi.c ****           {
 7237              		.loc 1 2782 25 is_stmt 0 view .LVU2235
 7238 00c6 A06D     		ldr	r0, [r4, #88]
 7239 00c8 FFF7FEFF 		bl	HAL_DMA_Abort_IT
 7240              	.LVL473:
2782:Drivers/STM32G0xx_HAL_Driver/Src/stm32g0xx_hal_spi.c ****           {
 7241              		.loc 1 2782 14 discriminator 1 view .LVU2236
 7242 00cc 0028     		cmp	r0, #0
 7243 00ce 03D0     		beq	.L436
2784:Drivers/STM32G0xx_HAL_Driver/Src/stm32g0xx_hal_spi.c ****           }
 7244              		.loc 1 2784 13 is_stmt 1 view .LVU2237
 7245 00d0 236E     		ldr	r3, [r4, #96]
 7246 00d2 4022     		movs	r2, #64
 7247 00d4 1343     		orrs	r3, r2
 7248 00d6 2366     		str	r3, [r4, #96]
 7249              	.L436:
2788:Drivers/STM32G0xx_HAL_Driver/Src/stm32g0xx_hal_spi.c ****         {
 7250              		.loc 1 2788 9 view .LVU2238
2788:Drivers/STM32G0xx_HAL_Driver/Src/stm32g0xx_hal_spi.c ****         {
 7251              		.loc 1 2788 17 is_stmt 0 view .LVU2239
ARM GAS  C:\Users\sante\AppData\Local\Temp\cc1VgFnO.s 			page 240


 7252 00d8 636D     		ldr	r3, [r4, #84]
2788:Drivers/STM32G0xx_HAL_Driver/Src/stm32g0xx_hal_spi.c ****         {
 7253              		.loc 1 2788 12 view .LVU2240
 7254 00da 002B     		cmp	r3, #0
 7255 00dc 12D0     		beq	.L425
2792:Drivers/STM32G0xx_HAL_Driver/Src/stm32g0xx_hal_spi.c ****           if (HAL_OK != HAL_DMA_Abort_IT(hspi->hdmatx))
 7256              		.loc 1 2792 11 is_stmt 1 view .LVU2241
2792:Drivers/STM32G0xx_HAL_Driver/Src/stm32g0xx_hal_spi.c ****           if (HAL_OK != HAL_DMA_Abort_IT(hspi->hdmatx))
 7257              		.loc 1 2792 43 is_stmt 0 view .LVU2242
 7258 00de 104A     		ldr	r2, .L446
 7259 00e0 9A63     		str	r2, [r3, #56]
2793:Drivers/STM32G0xx_HAL_Driver/Src/stm32g0xx_hal_spi.c ****           {
 7260              		.loc 1 2793 11 is_stmt 1 view .LVU2243
2793:Drivers/STM32G0xx_HAL_Driver/Src/stm32g0xx_hal_spi.c ****           {
 7261              		.loc 1 2793 25 is_stmt 0 view .LVU2244
 7262 00e2 606D     		ldr	r0, [r4, #84]
 7263 00e4 FFF7FEFF 		bl	HAL_DMA_Abort_IT
 7264              	.LVL474:
2793:Drivers/STM32G0xx_HAL_Driver/Src/stm32g0xx_hal_spi.c ****           {
 7265              		.loc 1 2793 14 discriminator 1 view .LVU2245
 7266 00e8 0028     		cmp	r0, #0
 7267 00ea 0BD0     		beq	.L425
2795:Drivers/STM32G0xx_HAL_Driver/Src/stm32g0xx_hal_spi.c ****           }
 7268              		.loc 1 2795 13 is_stmt 1 view .LVU2246
 7269 00ec 236E     		ldr	r3, [r4, #96]
 7270 00ee 4022     		movs	r2, #64
 7271 00f0 1343     		orrs	r3, r2
 7272 00f2 2366     		str	r3, [r4, #96]
 7273 00f4 06E0     		b	.L425
 7274              	.LVL475:
 7275              	.L444:
2721:Drivers/STM32G0xx_HAL_Driver/Src/stm32g0xx_hal_spi.c ****     return;
 7276              		.loc 1 2721 5 view .LVU2247
2721:Drivers/STM32G0xx_HAL_Driver/Src/stm32g0xx_hal_spi.c ****     return;
 7277              		.loc 1 2721 9 is_stmt 0 view .LVU2248
 7278 00f6 E36C     		ldr	r3, [r4, #76]
 7279              	.LVL476:
2721:Drivers/STM32G0xx_HAL_Driver/Src/stm32g0xx_hal_spi.c ****     return;
 7280              		.loc 1 2721 5 view .LVU2249
 7281 00f8 2000     		movs	r0, r4
 7282 00fa 9847     		blx	r3
 7283              	.LVL477:
2722:Drivers/STM32G0xx_HAL_Driver/Src/stm32g0xx_hal_spi.c ****   }
 7284              		.loc 1 2722 5 is_stmt 1 view .LVU2250
 7285 00fc 02E0     		b	.L425
 7286              	.LVL478:
 7287              	.L445:
2728:Drivers/STM32G0xx_HAL_Driver/Src/stm32g0xx_hal_spi.c ****     return;
 7288              		.loc 1 2728 5 view .LVU2251
2728:Drivers/STM32G0xx_HAL_Driver/Src/stm32g0xx_hal_spi.c ****     return;
 7289              		.loc 1 2728 9 is_stmt 0 view .LVU2252
 7290 00fe 236D     		ldr	r3, [r4, #80]
 7291              	.LVL479:
2728:Drivers/STM32G0xx_HAL_Driver/Src/stm32g0xx_hal_spi.c ****     return;
 7292              		.loc 1 2728 5 view .LVU2253
 7293 0100 2000     		movs	r0, r4
 7294 0102 9847     		blx	r3
ARM GAS  C:\Users\sante\AppData\Local\Temp\cc1VgFnO.s 			page 241


 7295              	.LVL480:
2729:Drivers/STM32G0xx_HAL_Driver/Src/stm32g0xx_hal_spi.c ****   }
 7296              		.loc 1 2729 5 is_stmt 1 view .LVU2254
 7297              	.L425:
2811:Drivers/STM32G0xx_HAL_Driver/Src/stm32g0xx_hal_spi.c **** 
 7298              		.loc 1 2811 1 is_stmt 0 view .LVU2255
 7299 0104 05B0     		add	sp, sp, #20
 7300              		@ sp needed
 7301              	.LVL481:
2811:Drivers/STM32G0xx_HAL_Driver/Src/stm32g0xx_hal_spi.c **** 
 7302              		.loc 1 2811 1 view .LVU2256
 7303 0106 F0BD     		pop	{r4, r5, r6, r7, pc}
 7304              	.LVL482:
 7305              	.L431:
2746:Drivers/STM32G0xx_HAL_Driver/Src/stm32g0xx_hal_spi.c ****         return;
 7306              		.loc 1 2746 9 is_stmt 1 view .LVU2257
 7307              	.LBB10:
2746:Drivers/STM32G0xx_HAL_Driver/Src/stm32g0xx_hal_spi.c ****         return;
 7308              		.loc 1 2746 9 view .LVU2258
 7309 0108 0023     		movs	r3, #0
 7310              	.LVL483:
2746:Drivers/STM32G0xx_HAL_Driver/Src/stm32g0xx_hal_spi.c ****         return;
 7311              		.loc 1 2746 9 is_stmt 0 view .LVU2259
 7312 010a 0193     		str	r3, [sp, #4]
2746:Drivers/STM32G0xx_HAL_Driver/Src/stm32g0xx_hal_spi.c ****         return;
 7313              		.loc 1 2746 9 is_stmt 1 view .LVU2260
 7314 010c D368     		ldr	r3, [r2, #12]
 7315 010e 0193     		str	r3, [sp, #4]
2746:Drivers/STM32G0xx_HAL_Driver/Src/stm32g0xx_hal_spi.c ****         return;
 7316              		.loc 1 2746 9 view .LVU2261
 7317 0110 9368     		ldr	r3, [r2, #8]
 7318 0112 0193     		str	r3, [sp, #4]
2746:Drivers/STM32G0xx_HAL_Driver/Src/stm32g0xx_hal_spi.c ****         return;
 7319              		.loc 1 2746 9 view .LVU2262
 7320 0114 019B     		ldr	r3, [sp, #4]
 7321              	.LBE10:
2746:Drivers/STM32G0xx_HAL_Driver/Src/stm32g0xx_hal_spi.c ****         return;
 7322              		.loc 1 2746 9 view .LVU2263
2747:Drivers/STM32G0xx_HAL_Driver/Src/stm32g0xx_hal_spi.c ****       }
 7323              		.loc 1 2747 9 view .LVU2264
 7324 0116 F5E7     		b	.L425
 7325              	.LVL484:
 7326              	.L435:
2805:Drivers/STM32G0xx_HAL_Driver/Src/stm32g0xx_hal_spi.c **** #endif /* USE_HAL_SPI_REGISTER_CALLBACKS */
 7327              		.loc 1 2805 9 view .LVU2265
 7328 0118 2000     		movs	r0, r4
 7329 011a FFF7FEFF 		bl	HAL_SPI_ErrorCallback
 7330              	.LVL485:
2809:Drivers/STM32G0xx_HAL_Driver/Src/stm32g0xx_hal_spi.c ****   }
 7331              		.loc 1 2809 5 view .LVU2266
 7332 011e F1E7     		b	.L425
 7333              	.L447:
 7334              		.align	2
 7335              	.L446:
 7336 0120 00000000 		.word	SPI_DMAAbortOnError
 7337              		.cfi_endproc
 7338              	.LFE511:
ARM GAS  C:\Users\sante\AppData\Local\Temp\cc1VgFnO.s 			page 242


 7340              		.section	.text.SPI_DMAAbortOnError,"ax",%progbits
 7341              		.align	1
 7342              		.syntax unified
 7343              		.code	16
 7344              		.thumb_func
 7346              	SPI_DMAAbortOnError:
 7347              	.LVL486:
 7348              	.LFB529:
3357:Drivers/STM32G0xx_HAL_Driver/Src/stm32g0xx_hal_spi.c ****   SPI_HandleTypeDef *hspi = (SPI_HandleTypeDef *)(((DMA_HandleTypeDef *)hdma)->Parent); /* Derogati
 7349              		.loc 1 3357 1 view -0
 7350              		.cfi_startproc
 7351              		@ args = 0, pretend = 0, frame = 0
 7352              		@ frame_needed = 0, uses_anonymous_args = 0
3357:Drivers/STM32G0xx_HAL_Driver/Src/stm32g0xx_hal_spi.c ****   SPI_HandleTypeDef *hspi = (SPI_HandleTypeDef *)(((DMA_HandleTypeDef *)hdma)->Parent); /* Derogati
 7353              		.loc 1 3357 1 is_stmt 0 view .LVU2268
 7354 0000 10B5     		push	{r4, lr}
 7355              		.cfi_def_cfa_offset 8
 7356              		.cfi_offset 4, -8
 7357              		.cfi_offset 14, -4
3358:Drivers/STM32G0xx_HAL_Driver/Src/stm32g0xx_hal_spi.c ****   hspi->RxXferCount = 0U;
 7358              		.loc 1 3358 3 is_stmt 1 view .LVU2269
3358:Drivers/STM32G0xx_HAL_Driver/Src/stm32g0xx_hal_spi.c ****   hspi->RxXferCount = 0U;
 7359              		.loc 1 3358 22 is_stmt 0 view .LVU2270
 7360 0002 806A     		ldr	r0, [r0, #40]
 7361              	.LVL487:
3359:Drivers/STM32G0xx_HAL_Driver/Src/stm32g0xx_hal_spi.c ****   hspi->TxXferCount = 0U;
 7362              		.loc 1 3359 3 is_stmt 1 view .LVU2271
3359:Drivers/STM32G0xx_HAL_Driver/Src/stm32g0xx_hal_spi.c ****   hspi->TxXferCount = 0U;
 7363              		.loc 1 3359 21 is_stmt 0 view .LVU2272
 7364 0004 0023     		movs	r3, #0
 7365 0006 4622     		movs	r2, #70
 7366 0008 8352     		strh	r3, [r0, r2]
3360:Drivers/STM32G0xx_HAL_Driver/Src/stm32g0xx_hal_spi.c **** 
 7367              		.loc 1 3360 3 is_stmt 1 view .LVU2273
3360:Drivers/STM32G0xx_HAL_Driver/Src/stm32g0xx_hal_spi.c **** 
 7368              		.loc 1 3360 21 is_stmt 0 view .LVU2274
 7369 000a C387     		strh	r3, [r0, #62]
3366:Drivers/STM32G0xx_HAL_Driver/Src/stm32g0xx_hal_spi.c **** #endif /* USE_HAL_SPI_REGISTER_CALLBACKS */
 7370              		.loc 1 3366 3 is_stmt 1 view .LVU2275
 7371 000c FFF7FEFF 		bl	HAL_SPI_ErrorCallback
 7372              	.LVL488:
3368:Drivers/STM32G0xx_HAL_Driver/Src/stm32g0xx_hal_spi.c **** 
 7373              		.loc 1 3368 1 is_stmt 0 view .LVU2276
 7374              		@ sp needed
 7375 0010 10BD     		pop	{r4, pc}
 7376              		.cfi_endproc
 7377              	.LFE529:
 7379              		.section	.text.HAL_SPI_AbortCpltCallback,"ax",%progbits
 7380              		.align	1
 7381              		.weak	HAL_SPI_AbortCpltCallback
 7382              		.syntax unified
 7383              		.code	16
 7384              		.thumb_func
 7386              	HAL_SPI_AbortCpltCallback:
 7387              	.LVL489:
 7388              	.LFB519:
2934:Drivers/STM32G0xx_HAL_Driver/Src/stm32g0xx_hal_spi.c ****   /* Prevent unused argument(s) compilation warning */
ARM GAS  C:\Users\sante\AppData\Local\Temp\cc1VgFnO.s 			page 243


 7389              		.loc 1 2934 1 is_stmt 1 view -0
 7390              		.cfi_startproc
 7391              		@ args = 0, pretend = 0, frame = 0
 7392              		@ frame_needed = 0, uses_anonymous_args = 0
 7393              		@ link register save eliminated.
2936:Drivers/STM32G0xx_HAL_Driver/Src/stm32g0xx_hal_spi.c **** 
 7394              		.loc 1 2936 3 view .LVU2278
2941:Drivers/STM32G0xx_HAL_Driver/Src/stm32g0xx_hal_spi.c **** 
 7395              		.loc 1 2941 1 is_stmt 0 view .LVU2279
 7396              		@ sp needed
 7397 0000 7047     		bx	lr
 7398              		.cfi_endproc
 7399              	.LFE519:
 7401              		.section	.text.HAL_SPI_Abort_IT,"ax",%progbits
 7402              		.align	1
 7403              		.global	HAL_SPI_Abort_IT
 7404              		.syntax unified
 7405              		.code	16
 7406              		.thumb_func
 7408              	HAL_SPI_Abort_IT:
 7409              	.LVL490:
 7410              	.LFB507:
2472:Drivers/STM32G0xx_HAL_Driver/Src/stm32g0xx_hal_spi.c ****   HAL_StatusTypeDef errorcode;
 7411              		.loc 1 2472 1 is_stmt 1 view -0
 7412              		.cfi_startproc
 7413              		@ args = 0, pretend = 0, frame = 16
 7414              		@ frame_needed = 0, uses_anonymous_args = 0
2472:Drivers/STM32G0xx_HAL_Driver/Src/stm32g0xx_hal_spi.c ****   HAL_StatusTypeDef errorcode;
 7415              		.loc 1 2472 1 is_stmt 0 view .LVU2281
 7416 0000 70B5     		push	{r4, r5, r6, lr}
 7417              		.cfi_def_cfa_offset 16
 7418              		.cfi_offset 4, -16
 7419              		.cfi_offset 5, -12
 7420              		.cfi_offset 6, -8
 7421              		.cfi_offset 14, -4
 7422 0002 84B0     		sub	sp, sp, #16
 7423              		.cfi_def_cfa_offset 32
 7424 0004 0400     		movs	r4, r0
2473:Drivers/STM32G0xx_HAL_Driver/Src/stm32g0xx_hal_spi.c ****   uint32_t abortcplt ;
 7425              		.loc 1 2473 3 is_stmt 1 view .LVU2282
2474:Drivers/STM32G0xx_HAL_Driver/Src/stm32g0xx_hal_spi.c ****   __IO uint32_t count;
 7426              		.loc 1 2474 3 view .LVU2283
2475:Drivers/STM32G0xx_HAL_Driver/Src/stm32g0xx_hal_spi.c ****   __IO uint32_t resetcount;
 7427              		.loc 1 2475 3 view .LVU2284
2476:Drivers/STM32G0xx_HAL_Driver/Src/stm32g0xx_hal_spi.c **** 
 7428              		.loc 1 2476 3 view .LVU2285
2479:Drivers/STM32G0xx_HAL_Driver/Src/stm32g0xx_hal_spi.c ****   abortcplt = 1U;
 7429              		.loc 1 2479 3 view .LVU2286
 7430              	.LVL491:
2480:Drivers/STM32G0xx_HAL_Driver/Src/stm32g0xx_hal_spi.c ****   resetcount = SPI_DEFAULT_TIMEOUT * (SystemCoreClock / 24U / 1000U);
 7431              		.loc 1 2480 3 view .LVU2287
2481:Drivers/STM32G0xx_HAL_Driver/Src/stm32g0xx_hal_spi.c ****   count = resetcount;
 7432              		.loc 1 2481 3 view .LVU2288
2481:Drivers/STM32G0xx_HAL_Driver/Src/stm32g0xx_hal_spi.c ****   count = resetcount;
 7433              		.loc 1 2481 61 is_stmt 0 view .LVU2289
 7434 0006 4F4B     		ldr	r3, .L478
 7435 0008 1868     		ldr	r0, [r3]
ARM GAS  C:\Users\sante\AppData\Local\Temp\cc1VgFnO.s 			page 244


 7436              	.LVL492:
2481:Drivers/STM32G0xx_HAL_Driver/Src/stm32g0xx_hal_spi.c ****   count = resetcount;
 7437              		.loc 1 2481 61 view .LVU2290
 7438 000a 4F49     		ldr	r1, .L478+4
 7439 000c FFF7FEFF 		bl	__aeabi_uidiv
 7440              	.LVL493:
2481:Drivers/STM32G0xx_HAL_Driver/Src/stm32g0xx_hal_spi.c ****   count = resetcount;
 7441              		.loc 1 2481 36 view .LVU2291
 7442 0010 6423     		movs	r3, #100
 7443 0012 4343     		muls	r3, r0
2481:Drivers/STM32G0xx_HAL_Driver/Src/stm32g0xx_hal_spi.c ****   count = resetcount;
 7444              		.loc 1 2481 14 view .LVU2292
 7445 0014 0293     		str	r3, [sp, #8]
2482:Drivers/STM32G0xx_HAL_Driver/Src/stm32g0xx_hal_spi.c **** 
 7446              		.loc 1 2482 3 is_stmt 1 view .LVU2293
2482:Drivers/STM32G0xx_HAL_Driver/Src/stm32g0xx_hal_spi.c **** 
 7447              		.loc 1 2482 9 is_stmt 0 view .LVU2294
 7448 0016 029B     		ldr	r3, [sp, #8]
 7449 0018 0393     		str	r3, [sp, #12]
2485:Drivers/STM32G0xx_HAL_Driver/Src/stm32g0xx_hal_spi.c **** 
 7450              		.loc 1 2485 3 is_stmt 1 view .LVU2295
 7451 001a 2268     		ldr	r2, [r4]
 7452 001c 5368     		ldr	r3, [r2, #4]
 7453 001e 2021     		movs	r1, #32
 7454 0020 8B43     		bics	r3, r1
 7455 0022 5360     		str	r3, [r2, #4]
2488:Drivers/STM32G0xx_HAL_Driver/Src/stm32g0xx_hal_spi.c ****   {
 7456              		.loc 1 2488 3 view .LVU2296
2488:Drivers/STM32G0xx_HAL_Driver/Src/stm32g0xx_hal_spi.c ****   {
 7457              		.loc 1 2488 7 is_stmt 0 view .LVU2297
 7458 0024 2268     		ldr	r2, [r4]
 7459 0026 5368     		ldr	r3, [r2, #4]
2488:Drivers/STM32G0xx_HAL_Driver/Src/stm32g0xx_hal_spi.c ****   {
 7460              		.loc 1 2488 6 view .LVU2298
 7461 0028 1B06     		lsls	r3, r3, #24
 7462 002a 12D5     		bpl	.L451
2490:Drivers/STM32G0xx_HAL_Driver/Src/stm32g0xx_hal_spi.c ****     /* Wait HAL_SPI_STATE_ABORT state */
 7463              		.loc 1 2490 5 is_stmt 1 view .LVU2299
2490:Drivers/STM32G0xx_HAL_Driver/Src/stm32g0xx_hal_spi.c ****     /* Wait HAL_SPI_STATE_ABORT state */
 7464              		.loc 1 2490 17 is_stmt 0 view .LVU2300
 7465 002c 474B     		ldr	r3, .L478+8
 7466 002e 2365     		str	r3, [r4, #80]
 7467              	.L454:
2492:Drivers/STM32G0xx_HAL_Driver/Src/stm32g0xx_hal_spi.c ****     {
 7468              		.loc 1 2492 5 is_stmt 1 view .LVU2301
2494:Drivers/STM32G0xx_HAL_Driver/Src/stm32g0xx_hal_spi.c ****       {
 7469              		.loc 1 2494 7 view .LVU2302
2494:Drivers/STM32G0xx_HAL_Driver/Src/stm32g0xx_hal_spi.c ****       {
 7470              		.loc 1 2494 17 is_stmt 0 view .LVU2303
 7471 0030 039B     		ldr	r3, [sp, #12]
2494:Drivers/STM32G0xx_HAL_Driver/Src/stm32g0xx_hal_spi.c ****       {
 7472              		.loc 1 2494 10 view .LVU2304
 7473 0032 002B     		cmp	r3, #0
 7474 0034 07D0     		beq	.L475
2499:Drivers/STM32G0xx_HAL_Driver/Src/stm32g0xx_hal_spi.c ****     } while (hspi->State != HAL_SPI_STATE_ABORT);
 7475              		.loc 1 2499 7 is_stmt 1 view .LVU2305
2499:Drivers/STM32G0xx_HAL_Driver/Src/stm32g0xx_hal_spi.c ****     } while (hspi->State != HAL_SPI_STATE_ABORT);
ARM GAS  C:\Users\sante\AppData\Local\Temp\cc1VgFnO.s 			page 245


 7476              		.loc 1 2499 12 is_stmt 0 view .LVU2306
 7477 0036 039B     		ldr	r3, [sp, #12]
 7478 0038 013B     		subs	r3, r3, #1
 7479 003a 0393     		str	r3, [sp, #12]
2500:Drivers/STM32G0xx_HAL_Driver/Src/stm32g0xx_hal_spi.c ****     /* Reset Timeout Counter */
 7480              		.loc 1 2500 26 is_stmt 1 view .LVU2307
2500:Drivers/STM32G0xx_HAL_Driver/Src/stm32g0xx_hal_spi.c ****     /* Reset Timeout Counter */
 7481              		.loc 1 2500 18 is_stmt 0 view .LVU2308
 7482 003c 5D23     		movs	r3, #93
 7483 003e E35C     		ldrb	r3, [r4, r3]
2500:Drivers/STM32G0xx_HAL_Driver/Src/stm32g0xx_hal_spi.c ****     /* Reset Timeout Counter */
 7484              		.loc 1 2500 26 view .LVU2309
 7485 0040 072B     		cmp	r3, #7
 7486 0042 F5D1     		bne	.L454
 7487 0044 03E0     		b	.L453
 7488              	.L475:
2496:Drivers/STM32G0xx_HAL_Driver/Src/stm32g0xx_hal_spi.c ****         break;
 7489              		.loc 1 2496 9 is_stmt 1 view .LVU2310
 7490 0046 236E     		ldr	r3, [r4, #96]
 7491 0048 4021     		movs	r1, #64
 7492 004a 0B43     		orrs	r3, r1
 7493 004c 2366     		str	r3, [r4, #96]
2497:Drivers/STM32G0xx_HAL_Driver/Src/stm32g0xx_hal_spi.c ****       }
 7494              		.loc 1 2497 9 view .LVU2311
 7495              	.L453:
2502:Drivers/STM32G0xx_HAL_Driver/Src/stm32g0xx_hal_spi.c ****   }
 7496              		.loc 1 2502 5 view .LVU2312
2502:Drivers/STM32G0xx_HAL_Driver/Src/stm32g0xx_hal_spi.c ****   }
 7497              		.loc 1 2502 11 is_stmt 0 view .LVU2313
 7498 004e 029B     		ldr	r3, [sp, #8]
 7499 0050 0393     		str	r3, [sp, #12]
 7500              	.L451:
2505:Drivers/STM32G0xx_HAL_Driver/Src/stm32g0xx_hal_spi.c ****   {
 7501              		.loc 1 2505 3 is_stmt 1 view .LVU2314
2505:Drivers/STM32G0xx_HAL_Driver/Src/stm32g0xx_hal_spi.c ****   {
 7502              		.loc 1 2505 7 is_stmt 0 view .LVU2315
 7503 0052 5368     		ldr	r3, [r2, #4]
2505:Drivers/STM32G0xx_HAL_Driver/Src/stm32g0xx_hal_spi.c ****   {
 7504              		.loc 1 2505 6 view .LVU2316
 7505 0054 5B06     		lsls	r3, r3, #25
 7506 0056 12D5     		bpl	.L455
2507:Drivers/STM32G0xx_HAL_Driver/Src/stm32g0xx_hal_spi.c ****     /* Wait HAL_SPI_STATE_ABORT state */
 7507              		.loc 1 2507 5 is_stmt 1 view .LVU2317
2507:Drivers/STM32G0xx_HAL_Driver/Src/stm32g0xx_hal_spi.c ****     /* Wait HAL_SPI_STATE_ABORT state */
 7508              		.loc 1 2507 17 is_stmt 0 view .LVU2318
 7509 0058 3D4B     		ldr	r3, .L478+12
 7510 005a E364     		str	r3, [r4, #76]
 7511              	.L458:
2509:Drivers/STM32G0xx_HAL_Driver/Src/stm32g0xx_hal_spi.c ****     {
 7512              		.loc 1 2509 5 is_stmt 1 view .LVU2319
2511:Drivers/STM32G0xx_HAL_Driver/Src/stm32g0xx_hal_spi.c ****       {
 7513              		.loc 1 2511 7 view .LVU2320
2511:Drivers/STM32G0xx_HAL_Driver/Src/stm32g0xx_hal_spi.c ****       {
 7514              		.loc 1 2511 17 is_stmt 0 view .LVU2321
 7515 005c 039B     		ldr	r3, [sp, #12]
2511:Drivers/STM32G0xx_HAL_Driver/Src/stm32g0xx_hal_spi.c ****       {
 7516              		.loc 1 2511 10 view .LVU2322
ARM GAS  C:\Users\sante\AppData\Local\Temp\cc1VgFnO.s 			page 246


 7517 005e 002B     		cmp	r3, #0
 7518 0060 07D0     		beq	.L476
2516:Drivers/STM32G0xx_HAL_Driver/Src/stm32g0xx_hal_spi.c ****     } while (hspi->State != HAL_SPI_STATE_ABORT);
 7519              		.loc 1 2516 7 is_stmt 1 view .LVU2323
2516:Drivers/STM32G0xx_HAL_Driver/Src/stm32g0xx_hal_spi.c ****     } while (hspi->State != HAL_SPI_STATE_ABORT);
 7520              		.loc 1 2516 12 is_stmt 0 view .LVU2324
 7521 0062 039B     		ldr	r3, [sp, #12]
 7522 0064 013B     		subs	r3, r3, #1
 7523 0066 0393     		str	r3, [sp, #12]
2517:Drivers/STM32G0xx_HAL_Driver/Src/stm32g0xx_hal_spi.c ****     /* Reset Timeout Counter */
 7524              		.loc 1 2517 26 is_stmt 1 view .LVU2325
2517:Drivers/STM32G0xx_HAL_Driver/Src/stm32g0xx_hal_spi.c ****     /* Reset Timeout Counter */
 7525              		.loc 1 2517 18 is_stmt 0 view .LVU2326
 7526 0068 5D23     		movs	r3, #93
 7527 006a E35C     		ldrb	r3, [r4, r3]
2517:Drivers/STM32G0xx_HAL_Driver/Src/stm32g0xx_hal_spi.c ****     /* Reset Timeout Counter */
 7528              		.loc 1 2517 26 view .LVU2327
 7529 006c 072B     		cmp	r3, #7
 7530 006e F5D1     		bne	.L458
 7531 0070 03E0     		b	.L457
 7532              	.L476:
2513:Drivers/STM32G0xx_HAL_Driver/Src/stm32g0xx_hal_spi.c ****         break;
 7533              		.loc 1 2513 9 is_stmt 1 view .LVU2328
 7534 0072 236E     		ldr	r3, [r4, #96]
 7535 0074 4021     		movs	r1, #64
 7536 0076 0B43     		orrs	r3, r1
 7537 0078 2366     		str	r3, [r4, #96]
2514:Drivers/STM32G0xx_HAL_Driver/Src/stm32g0xx_hal_spi.c ****       }
 7538              		.loc 1 2514 9 view .LVU2329
 7539              	.L457:
2519:Drivers/STM32G0xx_HAL_Driver/Src/stm32g0xx_hal_spi.c ****   }
 7540              		.loc 1 2519 5 view .LVU2330
2519:Drivers/STM32G0xx_HAL_Driver/Src/stm32g0xx_hal_spi.c ****   }
 7541              		.loc 1 2519 11 is_stmt 0 view .LVU2331
 7542 007a 029B     		ldr	r3, [sp, #8]
 7543 007c 0393     		str	r3, [sp, #12]
 7544              	.L455:
2525:Drivers/STM32G0xx_HAL_Driver/Src/stm32g0xx_hal_spi.c ****   {
 7545              		.loc 1 2525 3 is_stmt 1 view .LVU2332
2525:Drivers/STM32G0xx_HAL_Driver/Src/stm32g0xx_hal_spi.c ****   {
 7546              		.loc 1 2525 11 is_stmt 0 view .LVU2333
 7547 007e 636D     		ldr	r3, [r4, #84]
2525:Drivers/STM32G0xx_HAL_Driver/Src/stm32g0xx_hal_spi.c ****   {
 7548              		.loc 1 2525 6 view .LVU2334
 7549 0080 002B     		cmp	r3, #0
 7550 0082 04D0     		beq	.L459
2529:Drivers/STM32G0xx_HAL_Driver/Src/stm32g0xx_hal_spi.c ****     {
 7551              		.loc 1 2529 5 is_stmt 1 view .LVU2335
2529:Drivers/STM32G0xx_HAL_Driver/Src/stm32g0xx_hal_spi.c ****     {
 7552              		.loc 1 2529 9 is_stmt 0 view .LVU2336
 7553 0084 5268     		ldr	r2, [r2, #4]
2529:Drivers/STM32G0xx_HAL_Driver/Src/stm32g0xx_hal_spi.c ****     {
 7554              		.loc 1 2529 8 view .LVU2337
 7555 0086 9207     		lsls	r2, r2, #30
 7556 0088 1CD5     		bpl	.L460
2531:Drivers/STM32G0xx_HAL_Driver/Src/stm32g0xx_hal_spi.c ****     }
 7557              		.loc 1 2531 7 is_stmt 1 view .LVU2338
ARM GAS  C:\Users\sante\AppData\Local\Temp\cc1VgFnO.s 			page 247


2531:Drivers/STM32G0xx_HAL_Driver/Src/stm32g0xx_hal_spi.c ****     }
 7558              		.loc 1 2531 39 is_stmt 0 view .LVU2339
 7559 008a 324A     		ldr	r2, .L478+16
 7560 008c 9A63     		str	r2, [r3, #56]
 7561              	.L459:
2539:Drivers/STM32G0xx_HAL_Driver/Src/stm32g0xx_hal_spi.c ****   {
 7562              		.loc 1 2539 3 is_stmt 1 view .LVU2340
2539:Drivers/STM32G0xx_HAL_Driver/Src/stm32g0xx_hal_spi.c ****   {
 7563              		.loc 1 2539 11 is_stmt 0 view .LVU2341
 7564 008e A36D     		ldr	r3, [r4, #88]
2539:Drivers/STM32G0xx_HAL_Driver/Src/stm32g0xx_hal_spi.c ****   {
 7565              		.loc 1 2539 6 view .LVU2342
 7566 0090 002B     		cmp	r3, #0
 7567 0092 05D0     		beq	.L461
2543:Drivers/STM32G0xx_HAL_Driver/Src/stm32g0xx_hal_spi.c ****     {
 7568              		.loc 1 2543 5 is_stmt 1 view .LVU2343
2543:Drivers/STM32G0xx_HAL_Driver/Src/stm32g0xx_hal_spi.c ****     {
 7569              		.loc 1 2543 9 is_stmt 0 view .LVU2344
 7570 0094 2268     		ldr	r2, [r4]
 7571 0096 5268     		ldr	r2, [r2, #4]
2543:Drivers/STM32G0xx_HAL_Driver/Src/stm32g0xx_hal_spi.c ****     {
 7572              		.loc 1 2543 8 view .LVU2345
 7573 0098 D207     		lsls	r2, r2, #31
 7574 009a 16D5     		bpl	.L462
2545:Drivers/STM32G0xx_HAL_Driver/Src/stm32g0xx_hal_spi.c ****     }
 7575              		.loc 1 2545 7 is_stmt 1 view .LVU2346
2545:Drivers/STM32G0xx_HAL_Driver/Src/stm32g0xx_hal_spi.c ****     }
 7576              		.loc 1 2545 39 is_stmt 0 view .LVU2347
 7577 009c 2E4A     		ldr	r2, .L478+20
 7578 009e 9A63     		str	r2, [r3, #56]
 7579              	.L461:
2554:Drivers/STM32G0xx_HAL_Driver/Src/stm32g0xx_hal_spi.c ****   {
 7580              		.loc 1 2554 3 is_stmt 1 view .LVU2348
2554:Drivers/STM32G0xx_HAL_Driver/Src/stm32g0xx_hal_spi.c ****   {
 7581              		.loc 1 2554 7 is_stmt 0 view .LVU2349
 7582 00a0 2368     		ldr	r3, [r4]
 7583 00a2 5B68     		ldr	r3, [r3, #4]
2554:Drivers/STM32G0xx_HAL_Driver/Src/stm32g0xx_hal_spi.c ****   {
 7584              		.loc 1 2554 6 view .LVU2350
 7585 00a4 9B07     		lsls	r3, r3, #30
 7586 00a6 13D5     		bpl	.L467
2557:Drivers/STM32G0xx_HAL_Driver/Src/stm32g0xx_hal_spi.c ****     {
 7587              		.loc 1 2557 5 is_stmt 1 view .LVU2351
2557:Drivers/STM32G0xx_HAL_Driver/Src/stm32g0xx_hal_spi.c ****     {
 7588              		.loc 1 2557 13 is_stmt 0 view .LVU2352
 7589 00a8 606D     		ldr	r0, [r4, #84]
2557:Drivers/STM32G0xx_HAL_Driver/Src/stm32g0xx_hal_spi.c ****     {
 7590              		.loc 1 2557 8 view .LVU2353
 7591 00aa 0028     		cmp	r0, #0
 7592 00ac 27D0     		beq	.L468
2560:Drivers/STM32G0xx_HAL_Driver/Src/stm32g0xx_hal_spi.c ****       {
 7593              		.loc 1 2560 7 is_stmt 1 view .LVU2354
2560:Drivers/STM32G0xx_HAL_Driver/Src/stm32g0xx_hal_spi.c ****       {
 7594              		.loc 1 2560 11 is_stmt 0 view .LVU2355
 7595 00ae FFF7FEFF 		bl	HAL_DMA_Abort_IT
 7596              	.LVL494:
2560:Drivers/STM32G0xx_HAL_Driver/Src/stm32g0xx_hal_spi.c ****       {
ARM GAS  C:\Users\sante\AppData\Local\Temp\cc1VgFnO.s 			page 248


 7597              		.loc 1 2560 10 discriminator 1 view .LVU2356
 7598 00b2 0028     		cmp	r0, #0
 7599 00b4 25D0     		beq	.L469
2562:Drivers/STM32G0xx_HAL_Driver/Src/stm32g0xx_hal_spi.c ****         hspi->ErrorCode = HAL_SPI_ERROR_ABORT;
 7600              		.loc 1 2562 9 is_stmt 1 view .LVU2357
2562:Drivers/STM32G0xx_HAL_Driver/Src/stm32g0xx_hal_spi.c ****         hspi->ErrorCode = HAL_SPI_ERROR_ABORT;
 7601              		.loc 1 2562 13 is_stmt 0 view .LVU2358
 7602 00b6 636D     		ldr	r3, [r4, #84]
2562:Drivers/STM32G0xx_HAL_Driver/Src/stm32g0xx_hal_spi.c ****         hspi->ErrorCode = HAL_SPI_ERROR_ABORT;
 7603              		.loc 1 2562 41 view .LVU2359
 7604 00b8 0022     		movs	r2, #0
 7605 00ba 9A63     		str	r2, [r3, #56]
2563:Drivers/STM32G0xx_HAL_Driver/Src/stm32g0xx_hal_spi.c ****       }
 7606              		.loc 1 2563 9 is_stmt 1 view .LVU2360
2563:Drivers/STM32G0xx_HAL_Driver/Src/stm32g0xx_hal_spi.c ****       }
 7607              		.loc 1 2563 25 is_stmt 0 view .LVU2361
 7608 00bc 4023     		movs	r3, #64
 7609 00be 2366     		str	r3, [r4, #96]
2480:Drivers/STM32G0xx_HAL_Driver/Src/stm32g0xx_hal_spi.c ****   resetcount = SPI_DEFAULT_TIMEOUT * (SystemCoreClock / 24U / 1000U);
 7610              		.loc 1 2480 13 view .LVU2362
 7611 00c0 0126     		movs	r6, #1
 7612 00c2 06E0     		b	.L463
 7613              	.L460:
2535:Drivers/STM32G0xx_HAL_Driver/Src/stm32g0xx_hal_spi.c ****     }
 7614              		.loc 1 2535 7 is_stmt 1 view .LVU2363
2535:Drivers/STM32G0xx_HAL_Driver/Src/stm32g0xx_hal_spi.c ****     }
 7615              		.loc 1 2535 39 is_stmt 0 view .LVU2364
 7616 00c4 0022     		movs	r2, #0
 7617 00c6 9A63     		str	r2, [r3, #56]
 7618 00c8 E1E7     		b	.L459
 7619              	.L462:
2549:Drivers/STM32G0xx_HAL_Driver/Src/stm32g0xx_hal_spi.c ****     }
 7620              		.loc 1 2549 7 is_stmt 1 view .LVU2365
2549:Drivers/STM32G0xx_HAL_Driver/Src/stm32g0xx_hal_spi.c ****     }
 7621              		.loc 1 2549 39 is_stmt 0 view .LVU2366
 7622 00ca 0022     		movs	r2, #0
 7623 00cc 9A63     		str	r2, [r3, #56]
 7624 00ce E7E7     		b	.L461
 7625              	.L467:
2480:Drivers/STM32G0xx_HAL_Driver/Src/stm32g0xx_hal_spi.c ****   resetcount = SPI_DEFAULT_TIMEOUT * (SystemCoreClock / 24U / 1000U);
 7626              		.loc 1 2480 13 view .LVU2367
 7627 00d0 0126     		movs	r6, #1
 7628              	.L463:
 7629              	.LVL495:
2572:Drivers/STM32G0xx_HAL_Driver/Src/stm32g0xx_hal_spi.c ****   {
 7630              		.loc 1 2572 3 is_stmt 1 view .LVU2368
2572:Drivers/STM32G0xx_HAL_Driver/Src/stm32g0xx_hal_spi.c ****   {
 7631              		.loc 1 2572 7 is_stmt 0 view .LVU2369
 7632 00d2 2368     		ldr	r3, [r4]
 7633 00d4 5B68     		ldr	r3, [r3, #4]
2572:Drivers/STM32G0xx_HAL_Driver/Src/stm32g0xx_hal_spi.c ****   {
 7634              		.loc 1 2572 6 view .LVU2370
 7635 00d6 DB07     		lsls	r3, r3, #31
 7636 00d8 0BD5     		bpl	.L464
2575:Drivers/STM32G0xx_HAL_Driver/Src/stm32g0xx_hal_spi.c ****     {
 7637              		.loc 1 2575 5 is_stmt 1 view .LVU2371
2575:Drivers/STM32G0xx_HAL_Driver/Src/stm32g0xx_hal_spi.c ****     {
ARM GAS  C:\Users\sante\AppData\Local\Temp\cc1VgFnO.s 			page 249


 7638              		.loc 1 2575 13 is_stmt 0 view .LVU2372
 7639 00da A06D     		ldr	r0, [r4, #88]
2575:Drivers/STM32G0xx_HAL_Driver/Src/stm32g0xx_hal_spi.c ****     {
 7640              		.loc 1 2575 8 view .LVU2373
 7641 00dc 0028     		cmp	r0, #0
 7642 00de 08D0     		beq	.L464
2578:Drivers/STM32G0xx_HAL_Driver/Src/stm32g0xx_hal_spi.c ****       {
 7643              		.loc 1 2578 7 is_stmt 1 view .LVU2374
2578:Drivers/STM32G0xx_HAL_Driver/Src/stm32g0xx_hal_spi.c ****       {
 7644              		.loc 1 2578 11 is_stmt 0 view .LVU2375
 7645 00e0 FFF7FEFF 		bl	HAL_DMA_Abort_IT
 7646              	.LVL496:
 7647 00e4 051E     		subs	r5, r0, #0
2578:Drivers/STM32G0xx_HAL_Driver/Src/stm32g0xx_hal_spi.c ****       {
 7648              		.loc 1 2578 10 discriminator 1 view .LVU2376
 7649 00e6 07D0     		beq	.L465
2580:Drivers/STM32G0xx_HAL_Driver/Src/stm32g0xx_hal_spi.c ****         hspi->ErrorCode = HAL_SPI_ERROR_ABORT;
 7650              		.loc 1 2580 9 is_stmt 1 view .LVU2377
2580:Drivers/STM32G0xx_HAL_Driver/Src/stm32g0xx_hal_spi.c ****         hspi->ErrorCode = HAL_SPI_ERROR_ABORT;
 7651              		.loc 1 2580 13 is_stmt 0 view .LVU2378
 7652 00e8 A36D     		ldr	r3, [r4, #88]
2580:Drivers/STM32G0xx_HAL_Driver/Src/stm32g0xx_hal_spi.c ****         hspi->ErrorCode = HAL_SPI_ERROR_ABORT;
 7653              		.loc 1 2580 41 view .LVU2379
 7654 00ea 0022     		movs	r2, #0
 7655 00ec 9A63     		str	r2, [r3, #56]
2581:Drivers/STM32G0xx_HAL_Driver/Src/stm32g0xx_hal_spi.c ****       }
 7656              		.loc 1 2581 9 is_stmt 1 view .LVU2380
2581:Drivers/STM32G0xx_HAL_Driver/Src/stm32g0xx_hal_spi.c ****       }
 7657              		.loc 1 2581 25 is_stmt 0 view .LVU2381
 7658 00ee 4023     		movs	r3, #64
 7659 00f0 2366     		str	r3, [r4, #96]
 7660              	.L464:
2590:Drivers/STM32G0xx_HAL_Driver/Src/stm32g0xx_hal_spi.c ****   {
 7661              		.loc 1 2590 3 is_stmt 1 view .LVU2382
2590:Drivers/STM32G0xx_HAL_Driver/Src/stm32g0xx_hal_spi.c ****   {
 7662              		.loc 1 2590 6 is_stmt 0 view .LVU2383
 7663 00f2 012E     		cmp	r6, #1
 7664 00f4 07D0     		beq	.L477
2479:Drivers/STM32G0xx_HAL_Driver/Src/stm32g0xx_hal_spi.c ****   abortcplt = 1U;
 7665              		.loc 1 2479 13 view .LVU2384
 7666 00f6 0025     		movs	r5, #0
 7667              	.LVL497:
 7668              	.L465:
2623:Drivers/STM32G0xx_HAL_Driver/Src/stm32g0xx_hal_spi.c **** }
 7669              		.loc 1 2623 3 is_stmt 1 view .LVU2385
2624:Drivers/STM32G0xx_HAL_Driver/Src/stm32g0xx_hal_spi.c **** 
 7670              		.loc 1 2624 1 is_stmt 0 view .LVU2386
 7671 00f8 2800     		movs	r0, r5
 7672 00fa 04B0     		add	sp, sp, #16
 7673              		@ sp needed
 7674              	.LVL498:
 7675              	.LVL499:
2624:Drivers/STM32G0xx_HAL_Driver/Src/stm32g0xx_hal_spi.c **** 
 7676              		.loc 1 2624 1 view .LVU2387
 7677 00fc 70BD     		pop	{r4, r5, r6, pc}
 7678              	.LVL500:
 7679              	.L468:
ARM GAS  C:\Users\sante\AppData\Local\Temp\cc1VgFnO.s 			page 250


2480:Drivers/STM32G0xx_HAL_Driver/Src/stm32g0xx_hal_spi.c ****   resetcount = SPI_DEFAULT_TIMEOUT * (SystemCoreClock / 24U / 1000U);
 7680              		.loc 1 2480 13 view .LVU2388
 7681 00fe 0126     		movs	r6, #1
 7682 0100 E7E7     		b	.L463
 7683              	.L469:
2567:Drivers/STM32G0xx_HAL_Driver/Src/stm32g0xx_hal_spi.c ****       }
 7684              		.loc 1 2567 19 view .LVU2389
 7685 0102 0026     		movs	r6, #0
 7686 0104 E5E7     		b	.L463
 7687              	.LVL501:
 7688              	.L477:
2593:Drivers/STM32G0xx_HAL_Driver/Src/stm32g0xx_hal_spi.c ****     hspi->TxXferCount = 0U;
 7689              		.loc 1 2593 5 is_stmt 1 view .LVU2390
2593:Drivers/STM32G0xx_HAL_Driver/Src/stm32g0xx_hal_spi.c ****     hspi->TxXferCount = 0U;
 7690              		.loc 1 2593 23 is_stmt 0 view .LVU2391
 7691 0106 0023     		movs	r3, #0
 7692 0108 4622     		movs	r2, #70
 7693 010a A352     		strh	r3, [r4, r2]
2594:Drivers/STM32G0xx_HAL_Driver/Src/stm32g0xx_hal_spi.c **** 
 7694              		.loc 1 2594 5 is_stmt 1 view .LVU2392
2594:Drivers/STM32G0xx_HAL_Driver/Src/stm32g0xx_hal_spi.c **** 
 7695              		.loc 1 2594 23 is_stmt 0 view .LVU2393
 7696 010c E387     		strh	r3, [r4, #62]
2597:Drivers/STM32G0xx_HAL_Driver/Src/stm32g0xx_hal_spi.c ****     {
 7697              		.loc 1 2597 5 is_stmt 1 view .LVU2394
2597:Drivers/STM32G0xx_HAL_Driver/Src/stm32g0xx_hal_spi.c ****     {
 7698              		.loc 1 2597 13 is_stmt 0 view .LVU2395
 7699 010e 236E     		ldr	r3, [r4, #96]
2597:Drivers/STM32G0xx_HAL_Driver/Src/stm32g0xx_hal_spi.c ****     {
 7700              		.loc 1 2597 8 view .LVU2396
 7701 0110 402B     		cmp	r3, #64
 7702 0112 15D0     		beq	.L471
2605:Drivers/STM32G0xx_HAL_Driver/Src/stm32g0xx_hal_spi.c ****     }
 7703              		.loc 1 2605 7 is_stmt 1 view .LVU2397
2605:Drivers/STM32G0xx_HAL_Driver/Src/stm32g0xx_hal_spi.c ****     }
 7704              		.loc 1 2605 23 is_stmt 0 view .LVU2398
 7705 0114 0023     		movs	r3, #0
 7706 0116 2366     		str	r3, [r4, #96]
2479:Drivers/STM32G0xx_HAL_Driver/Src/stm32g0xx_hal_spi.c ****   abortcplt = 1U;
 7707              		.loc 1 2479 13 view .LVU2399
 7708 0118 0025     		movs	r5, #0
 7709              	.L466:
 7710              	.LVL502:
2609:Drivers/STM32G0xx_HAL_Driver/Src/stm32g0xx_hal_spi.c ****     __HAL_SPI_CLEAR_FREFLAG(hspi);
 7711              		.loc 1 2609 5 is_stmt 1 view .LVU2400
 7712              	.LBB11:
2609:Drivers/STM32G0xx_HAL_Driver/Src/stm32g0xx_hal_spi.c ****     __HAL_SPI_CLEAR_FREFLAG(hspi);
 7713              		.loc 1 2609 5 view .LVU2401
 7714 011a 0022     		movs	r2, #0
 7715 011c 0092     		str	r2, [sp]
2609:Drivers/STM32G0xx_HAL_Driver/Src/stm32g0xx_hal_spi.c ****     __HAL_SPI_CLEAR_FREFLAG(hspi);
 7716              		.loc 1 2609 5 view .LVU2402
 7717 011e 2368     		ldr	r3, [r4]
 7718 0120 D968     		ldr	r1, [r3, #12]
 7719 0122 0091     		str	r1, [sp]
2609:Drivers/STM32G0xx_HAL_Driver/Src/stm32g0xx_hal_spi.c ****     __HAL_SPI_CLEAR_FREFLAG(hspi);
 7720              		.loc 1 2609 5 view .LVU2403
ARM GAS  C:\Users\sante\AppData\Local\Temp\cc1VgFnO.s 			page 251


 7721 0124 9968     		ldr	r1, [r3, #8]
 7722 0126 0091     		str	r1, [sp]
2609:Drivers/STM32G0xx_HAL_Driver/Src/stm32g0xx_hal_spi.c ****     __HAL_SPI_CLEAR_FREFLAG(hspi);
 7723              		.loc 1 2609 5 view .LVU2404
 7724 0128 0099     		ldr	r1, [sp]
 7725              	.LBE11:
2609:Drivers/STM32G0xx_HAL_Driver/Src/stm32g0xx_hal_spi.c ****     __HAL_SPI_CLEAR_FREFLAG(hspi);
 7726              		.loc 1 2609 5 view .LVU2405
2610:Drivers/STM32G0xx_HAL_Driver/Src/stm32g0xx_hal_spi.c **** 
 7727              		.loc 1 2610 5 view .LVU2406
 7728              	.LBB12:
2610:Drivers/STM32G0xx_HAL_Driver/Src/stm32g0xx_hal_spi.c **** 
 7729              		.loc 1 2610 5 view .LVU2407
 7730 012a 0192     		str	r2, [sp, #4]
2610:Drivers/STM32G0xx_HAL_Driver/Src/stm32g0xx_hal_spi.c **** 
 7731              		.loc 1 2610 5 view .LVU2408
 7732 012c 9B68     		ldr	r3, [r3, #8]
 7733 012e 0193     		str	r3, [sp, #4]
2610:Drivers/STM32G0xx_HAL_Driver/Src/stm32g0xx_hal_spi.c **** 
 7734              		.loc 1 2610 5 view .LVU2409
 7735 0130 019B     		ldr	r3, [sp, #4]
 7736              	.LBE12:
2610:Drivers/STM32G0xx_HAL_Driver/Src/stm32g0xx_hal_spi.c **** 
 7737              		.loc 1 2610 5 view .LVU2410
2613:Drivers/STM32G0xx_HAL_Driver/Src/stm32g0xx_hal_spi.c **** 
 7738              		.loc 1 2613 5 view .LVU2411
2613:Drivers/STM32G0xx_HAL_Driver/Src/stm32g0xx_hal_spi.c **** 
 7739              		.loc 1 2613 17 is_stmt 0 view .LVU2412
 7740 0132 5D23     		movs	r3, #93
 7741 0134 0132     		adds	r2, r2, #1
 7742 0136 E254     		strb	r2, [r4, r3]
2619:Drivers/STM32G0xx_HAL_Driver/Src/stm32g0xx_hal_spi.c **** #endif /* USE_HAL_SPI_REGISTER_CALLBACKS */
 7743              		.loc 1 2619 5 is_stmt 1 view .LVU2413
 7744 0138 2000     		movs	r0, r4
 7745 013a FFF7FEFF 		bl	HAL_SPI_AbortCpltCallback
 7746              	.LVL503:
 7747 013e DBE7     		b	.L465
 7748              	.LVL504:
 7749              	.L471:
2600:Drivers/STM32G0xx_HAL_Driver/Src/stm32g0xx_hal_spi.c ****     }
 7750              		.loc 1 2600 17 is_stmt 0 view .LVU2414
 7751 0140 0125     		movs	r5, #1
 7752 0142 EAE7     		b	.L466
 7753              	.L479:
 7754              		.align	2
 7755              	.L478:
 7756 0144 00000000 		.word	SystemCoreClock
 7757 0148 C05D0000 		.word	24000
 7758 014c 00000000 		.word	SPI_AbortTx_ISR
 7759 0150 00000000 		.word	SPI_AbortRx_ISR
 7760 0154 00000000 		.word	SPI_DMATxAbortCallback
 7761 0158 00000000 		.word	SPI_DMARxAbortCallback
 7762              		.cfi_endproc
 7763              	.LFE507:
 7765              		.section	.text.SPI_DMARxAbortCallback,"ax",%progbits
 7766              		.align	1
 7767              		.syntax unified
ARM GAS  C:\Users\sante\AppData\Local\Temp\cc1VgFnO.s 			page 252


 7768              		.code	16
 7769              		.thumb_func
 7771              	SPI_DMARxAbortCallback:
 7772              	.LVL505:
 7773              	.LFB531:
3445:Drivers/STM32G0xx_HAL_Driver/Src/stm32g0xx_hal_spi.c ****   SPI_HandleTypeDef *hspi = (SPI_HandleTypeDef *)(((DMA_HandleTypeDef *)hdma)->Parent); /* Derogati
 7774              		.loc 1 3445 1 is_stmt 1 view -0
 7775              		.cfi_startproc
 7776              		@ args = 0, pretend = 0, frame = 8
 7777              		@ frame_needed = 0, uses_anonymous_args = 0
3445:Drivers/STM32G0xx_HAL_Driver/Src/stm32g0xx_hal_spi.c ****   SPI_HandleTypeDef *hspi = (SPI_HandleTypeDef *)(((DMA_HandleTypeDef *)hdma)->Parent); /* Derogati
 7778              		.loc 1 3445 1 is_stmt 0 view .LVU2416
 7779 0000 10B5     		push	{r4, lr}
 7780              		.cfi_def_cfa_offset 8
 7781              		.cfi_offset 4, -8
 7782              		.cfi_offset 14, -4
 7783 0002 84B0     		sub	sp, sp, #16
 7784              		.cfi_def_cfa_offset 24
3446:Drivers/STM32G0xx_HAL_Driver/Src/stm32g0xx_hal_spi.c **** 
 7785              		.loc 1 3446 3 is_stmt 1 view .LVU2417
3446:Drivers/STM32G0xx_HAL_Driver/Src/stm32g0xx_hal_spi.c **** 
 7786              		.loc 1 3446 22 is_stmt 0 view .LVU2418
 7787 0004 846A     		ldr	r4, [r0, #40]
 7788              	.LVL506:
3449:Drivers/STM32G0xx_HAL_Driver/Src/stm32g0xx_hal_spi.c **** 
 7789              		.loc 1 3449 3 is_stmt 1 view .LVU2419
 7790 0006 2268     		ldr	r2, [r4]
 7791 0008 1368     		ldr	r3, [r2]
 7792 000a 4021     		movs	r1, #64
 7793 000c 8B43     		bics	r3, r1
 7794 000e 1360     		str	r3, [r2]
3451:Drivers/STM32G0xx_HAL_Driver/Src/stm32g0xx_hal_spi.c **** 
 7795              		.loc 1 3451 3 view .LVU2420
3451:Drivers/STM32G0xx_HAL_Driver/Src/stm32g0xx_hal_spi.c **** 
 7796              		.loc 1 3451 7 is_stmt 0 view .LVU2421
 7797 0010 A36D     		ldr	r3, [r4, #88]
3451:Drivers/STM32G0xx_HAL_Driver/Src/stm32g0xx_hal_spi.c **** 
 7798              		.loc 1 3451 35 view .LVU2422
 7799 0012 0022     		movs	r2, #0
 7800 0014 9A63     		str	r2, [r3, #56]
3454:Drivers/STM32G0xx_HAL_Driver/Src/stm32g0xx_hal_spi.c **** 
 7801              		.loc 1 3454 3 is_stmt 1 view .LVU2423
 7802 0016 2268     		ldr	r2, [r4]
 7803 0018 5368     		ldr	r3, [r2, #4]
 7804 001a 3F39     		subs	r1, r1, #63
 7805 001c 8B43     		bics	r3, r1
 7806 001e 5360     		str	r3, [r2, #4]
3457:Drivers/STM32G0xx_HAL_Driver/Src/stm32g0xx_hal_spi.c ****   {
 7807              		.loc 1 3457 3 view .LVU2424
3457:Drivers/STM32G0xx_HAL_Driver/Src/stm32g0xx_hal_spi.c ****   {
 7808              		.loc 1 3457 7 is_stmt 0 view .LVU2425
 7809 0020 FFF7FEFF 		bl	HAL_GetTick
 7810              	.LVL507:
3457:Drivers/STM32G0xx_HAL_Driver/Src/stm32g0xx_hal_spi.c ****   {
 7811              		.loc 1 3457 7 discriminator 1 view .LVU2426
 7812 0024 0090     		str	r0, [sp]
 7813 0026 6423     		movs	r3, #100
ARM GAS  C:\Users\sante\AppData\Local\Temp\cc1VgFnO.s 			page 253


 7814 0028 0022     		movs	r2, #0
 7815 002a 8021     		movs	r1, #128
 7816 002c 2000     		movs	r0, r4
 7817 002e FFF7FEFF 		bl	SPI_WaitFlagStateUntilTimeout
 7818              	.LVL508:
3457:Drivers/STM32G0xx_HAL_Driver/Src/stm32g0xx_hal_spi.c ****   {
 7819              		.loc 1 3457 6 discriminator 2 view .LVU2427
 7820 0032 0028     		cmp	r0, #0
 7821 0034 01D0     		beq	.L481
3459:Drivers/STM32G0xx_HAL_Driver/Src/stm32g0xx_hal_spi.c ****   }
 7822              		.loc 1 3459 5 is_stmt 1 view .LVU2428
3459:Drivers/STM32G0xx_HAL_Driver/Src/stm32g0xx_hal_spi.c ****   }
 7823              		.loc 1 3459 21 is_stmt 0 view .LVU2429
 7824 0036 4023     		movs	r3, #64
 7825 0038 2366     		str	r3, [r4, #96]
 7826              	.L481:
3463:Drivers/STM32G0xx_HAL_Driver/Src/stm32g0xx_hal_spi.c ****   {
 7827              		.loc 1 3463 3 is_stmt 1 view .LVU2430
3463:Drivers/STM32G0xx_HAL_Driver/Src/stm32g0xx_hal_spi.c ****   {
 7828              		.loc 1 3463 7 is_stmt 0 view .LVU2431
 7829 003a FFF7FEFF 		bl	HAL_GetTick
 7830              	.LVL509:
3463:Drivers/STM32G0xx_HAL_Driver/Src/stm32g0xx_hal_spi.c ****   {
 7831              		.loc 1 3463 7 discriminator 1 view .LVU2432
 7832 003e C021     		movs	r1, #192
 7833 0040 0090     		str	r0, [sp]
 7834 0042 6423     		movs	r3, #100
 7835 0044 0022     		movs	r2, #0
 7836 0046 C900     		lsls	r1, r1, #3
 7837 0048 2000     		movs	r0, r4
 7838 004a FFF7FEFF 		bl	SPI_WaitFifoStateUntilTimeout
 7839              	.LVL510:
3463:Drivers/STM32G0xx_HAL_Driver/Src/stm32g0xx_hal_spi.c ****   {
 7840              		.loc 1 3463 6 discriminator 2 view .LVU2433
 7841 004e 0028     		cmp	r0, #0
 7842 0050 01D0     		beq	.L482
3465:Drivers/STM32G0xx_HAL_Driver/Src/stm32g0xx_hal_spi.c ****   }
 7843              		.loc 1 3465 5 is_stmt 1 view .LVU2434
3465:Drivers/STM32G0xx_HAL_Driver/Src/stm32g0xx_hal_spi.c ****   }
 7844              		.loc 1 3465 21 is_stmt 0 view .LVU2435
 7845 0052 4023     		movs	r3, #64
 7846 0054 2366     		str	r3, [r4, #96]
 7847              	.L482:
3469:Drivers/STM32G0xx_HAL_Driver/Src/stm32g0xx_hal_spi.c ****   {
 7848              		.loc 1 3469 3 is_stmt 1 view .LVU2436
3469:Drivers/STM32G0xx_HAL_Driver/Src/stm32g0xx_hal_spi.c ****   {
 7849              		.loc 1 3469 11 is_stmt 0 view .LVU2437
 7850 0056 636D     		ldr	r3, [r4, #84]
3469:Drivers/STM32G0xx_HAL_Driver/Src/stm32g0xx_hal_spi.c ****   {
 7851              		.loc 1 3469 6 view .LVU2438
 7852 0058 002B     		cmp	r3, #0
 7853 005a 02D0     		beq	.L483
3471:Drivers/STM32G0xx_HAL_Driver/Src/stm32g0xx_hal_spi.c ****     {
 7854              		.loc 1 3471 5 is_stmt 1 view .LVU2439
3471:Drivers/STM32G0xx_HAL_Driver/Src/stm32g0xx_hal_spi.c ****     {
 7855              		.loc 1 3471 21 is_stmt 0 view .LVU2440
 7856 005c 9B6B     		ldr	r3, [r3, #56]
ARM GAS  C:\Users\sante\AppData\Local\Temp\cc1VgFnO.s 			page 254


3471:Drivers/STM32G0xx_HAL_Driver/Src/stm32g0xx_hal_spi.c ****     {
 7857              		.loc 1 3471 8 view .LVU2441
 7858 005e 002B     		cmp	r3, #0
 7859 0060 1AD1     		bne	.L480
 7860              	.L483:
3478:Drivers/STM32G0xx_HAL_Driver/Src/stm32g0xx_hal_spi.c ****   hspi->TxXferCount = 0U;
 7861              		.loc 1 3478 3 is_stmt 1 view .LVU2442
3478:Drivers/STM32G0xx_HAL_Driver/Src/stm32g0xx_hal_spi.c ****   hspi->TxXferCount = 0U;
 7862              		.loc 1 3478 21 is_stmt 0 view .LVU2443
 7863 0062 0023     		movs	r3, #0
 7864 0064 4622     		movs	r2, #70
 7865 0066 A352     		strh	r3, [r4, r2]
3479:Drivers/STM32G0xx_HAL_Driver/Src/stm32g0xx_hal_spi.c **** 
 7866              		.loc 1 3479 3 is_stmt 1 view .LVU2444
3479:Drivers/STM32G0xx_HAL_Driver/Src/stm32g0xx_hal_spi.c **** 
 7867              		.loc 1 3479 21 is_stmt 0 view .LVU2445
 7868 0068 E387     		strh	r3, [r4, #62]
3482:Drivers/STM32G0xx_HAL_Driver/Src/stm32g0xx_hal_spi.c ****   {
 7869              		.loc 1 3482 3 is_stmt 1 view .LVU2446
3482:Drivers/STM32G0xx_HAL_Driver/Src/stm32g0xx_hal_spi.c ****   {
 7870              		.loc 1 3482 11 is_stmt 0 view .LVU2447
 7871 006a 236E     		ldr	r3, [r4, #96]
3482:Drivers/STM32G0xx_HAL_Driver/Src/stm32g0xx_hal_spi.c ****   {
 7872              		.loc 1 3482 6 view .LVU2448
 7873 006c 402B     		cmp	r3, #64
 7874 006e 01D0     		beq	.L485
3485:Drivers/STM32G0xx_HAL_Driver/Src/stm32g0xx_hal_spi.c ****   }
 7875              		.loc 1 3485 5 is_stmt 1 view .LVU2449
3485:Drivers/STM32G0xx_HAL_Driver/Src/stm32g0xx_hal_spi.c ****   }
 7876              		.loc 1 3485 21 is_stmt 0 view .LVU2450
 7877 0070 0023     		movs	r3, #0
 7878 0072 2366     		str	r3, [r4, #96]
 7879              	.L485:
3489:Drivers/STM32G0xx_HAL_Driver/Src/stm32g0xx_hal_spi.c ****   __HAL_SPI_CLEAR_FREFLAG(hspi);
 7880              		.loc 1 3489 3 is_stmt 1 view .LVU2451
 7881              	.LBB13:
3489:Drivers/STM32G0xx_HAL_Driver/Src/stm32g0xx_hal_spi.c ****   __HAL_SPI_CLEAR_FREFLAG(hspi);
 7882              		.loc 1 3489 3 view .LVU2452
 7883 0074 0022     		movs	r2, #0
 7884 0076 0292     		str	r2, [sp, #8]
3489:Drivers/STM32G0xx_HAL_Driver/Src/stm32g0xx_hal_spi.c ****   __HAL_SPI_CLEAR_FREFLAG(hspi);
 7885              		.loc 1 3489 3 view .LVU2453
 7886 0078 2368     		ldr	r3, [r4]
 7887 007a D968     		ldr	r1, [r3, #12]
 7888 007c 0291     		str	r1, [sp, #8]
3489:Drivers/STM32G0xx_HAL_Driver/Src/stm32g0xx_hal_spi.c ****   __HAL_SPI_CLEAR_FREFLAG(hspi);
 7889              		.loc 1 3489 3 view .LVU2454
 7890 007e 9968     		ldr	r1, [r3, #8]
 7891 0080 0291     		str	r1, [sp, #8]
3489:Drivers/STM32G0xx_HAL_Driver/Src/stm32g0xx_hal_spi.c ****   __HAL_SPI_CLEAR_FREFLAG(hspi);
 7892              		.loc 1 3489 3 view .LVU2455
 7893 0082 0299     		ldr	r1, [sp, #8]
 7894              	.LBE13:
3489:Drivers/STM32G0xx_HAL_Driver/Src/stm32g0xx_hal_spi.c ****   __HAL_SPI_CLEAR_FREFLAG(hspi);
 7895              		.loc 1 3489 3 view .LVU2456
3490:Drivers/STM32G0xx_HAL_Driver/Src/stm32g0xx_hal_spi.c **** 
 7896              		.loc 1 3490 3 view .LVU2457
ARM GAS  C:\Users\sante\AppData\Local\Temp\cc1VgFnO.s 			page 255


 7897              	.LBB14:
3490:Drivers/STM32G0xx_HAL_Driver/Src/stm32g0xx_hal_spi.c **** 
 7898              		.loc 1 3490 3 view .LVU2458
 7899 0084 0392     		str	r2, [sp, #12]
3490:Drivers/STM32G0xx_HAL_Driver/Src/stm32g0xx_hal_spi.c **** 
 7900              		.loc 1 3490 3 view .LVU2459
 7901 0086 9B68     		ldr	r3, [r3, #8]
 7902 0088 0393     		str	r3, [sp, #12]
3490:Drivers/STM32G0xx_HAL_Driver/Src/stm32g0xx_hal_spi.c **** 
 7903              		.loc 1 3490 3 view .LVU2460
 7904 008a 039B     		ldr	r3, [sp, #12]
 7905              	.LBE14:
3490:Drivers/STM32G0xx_HAL_Driver/Src/stm32g0xx_hal_spi.c **** 
 7906              		.loc 1 3490 3 view .LVU2461
3493:Drivers/STM32G0xx_HAL_Driver/Src/stm32g0xx_hal_spi.c **** 
 7907              		.loc 1 3493 3 view .LVU2462
3493:Drivers/STM32G0xx_HAL_Driver/Src/stm32g0xx_hal_spi.c **** 
 7908              		.loc 1 3493 16 is_stmt 0 view .LVU2463
 7909 008c 5D23     		movs	r3, #93
 7910 008e 0132     		adds	r2, r2, #1
 7911 0090 E254     		strb	r2, [r4, r3]
3499:Drivers/STM32G0xx_HAL_Driver/Src/stm32g0xx_hal_spi.c **** #endif /* USE_HAL_SPI_REGISTER_CALLBACKS */
 7912              		.loc 1 3499 3 is_stmt 1 view .LVU2464
 7913 0092 2000     		movs	r0, r4
 7914 0094 FFF7FEFF 		bl	HAL_SPI_AbortCpltCallback
 7915              	.LVL511:
 7916              	.L480:
3501:Drivers/STM32G0xx_HAL_Driver/Src/stm32g0xx_hal_spi.c **** 
 7917              		.loc 1 3501 1 is_stmt 0 view .LVU2465
 7918 0098 04B0     		add	sp, sp, #16
 7919              		@ sp needed
 7920              	.LVL512:
3501:Drivers/STM32G0xx_HAL_Driver/Src/stm32g0xx_hal_spi.c **** 
 7921              		.loc 1 3501 1 view .LVU2466
 7922 009a 10BD     		pop	{r4, pc}
 7923              		.cfi_endproc
 7924              	.LFE531:
 7926              		.section	.text.SPI_DMATxAbortCallback,"ax",%progbits
 7927              		.align	1
 7928              		.syntax unified
 7929              		.code	16
 7930              		.thumb_func
 7932              	SPI_DMATxAbortCallback:
 7933              	.LVL513:
 7934              	.LFB530:
3379:Drivers/STM32G0xx_HAL_Driver/Src/stm32g0xx_hal_spi.c ****   SPI_HandleTypeDef *hspi = (SPI_HandleTypeDef *)(((DMA_HandleTypeDef *)hdma)->Parent); /* Derogati
 7935              		.loc 1 3379 1 is_stmt 1 view -0
 7936              		.cfi_startproc
 7937              		@ args = 0, pretend = 0, frame = 8
 7938              		@ frame_needed = 0, uses_anonymous_args = 0
3379:Drivers/STM32G0xx_HAL_Driver/Src/stm32g0xx_hal_spi.c ****   SPI_HandleTypeDef *hspi = (SPI_HandleTypeDef *)(((DMA_HandleTypeDef *)hdma)->Parent); /* Derogati
 7939              		.loc 1 3379 1 is_stmt 0 view .LVU2468
 7940 0000 10B5     		push	{r4, lr}
 7941              		.cfi_def_cfa_offset 8
 7942              		.cfi_offset 4, -8
 7943              		.cfi_offset 14, -4
 7944 0002 84B0     		sub	sp, sp, #16
ARM GAS  C:\Users\sante\AppData\Local\Temp\cc1VgFnO.s 			page 256


 7945              		.cfi_def_cfa_offset 24
3380:Drivers/STM32G0xx_HAL_Driver/Src/stm32g0xx_hal_spi.c **** 
 7946              		.loc 1 3380 3 is_stmt 1 view .LVU2469
3380:Drivers/STM32G0xx_HAL_Driver/Src/stm32g0xx_hal_spi.c **** 
 7947              		.loc 1 3380 22 is_stmt 0 view .LVU2470
 7948 0004 846A     		ldr	r4, [r0, #40]
 7949              	.LVL514:
3382:Drivers/STM32G0xx_HAL_Driver/Src/stm32g0xx_hal_spi.c **** 
 7950              		.loc 1 3382 3 is_stmt 1 view .LVU2471
3382:Drivers/STM32G0xx_HAL_Driver/Src/stm32g0xx_hal_spi.c **** 
 7951              		.loc 1 3382 7 is_stmt 0 view .LVU2472
 7952 0006 636D     		ldr	r3, [r4, #84]
3382:Drivers/STM32G0xx_HAL_Driver/Src/stm32g0xx_hal_spi.c **** 
 7953              		.loc 1 3382 35 view .LVU2473
 7954 0008 0022     		movs	r2, #0
 7955 000a 9A63     		str	r2, [r3, #56]
3385:Drivers/STM32G0xx_HAL_Driver/Src/stm32g0xx_hal_spi.c **** 
 7956              		.loc 1 3385 3 is_stmt 1 view .LVU2474
 7957 000c 2268     		ldr	r2, [r4]
 7958 000e 5368     		ldr	r3, [r2, #4]
 7959 0010 0221     		movs	r1, #2
 7960 0012 8B43     		bics	r3, r1
 7961 0014 5360     		str	r3, [r2, #4]
3387:Drivers/STM32G0xx_HAL_Driver/Src/stm32g0xx_hal_spi.c ****   {
 7962              		.loc 1 3387 3 view .LVU2475
3387:Drivers/STM32G0xx_HAL_Driver/Src/stm32g0xx_hal_spi.c ****   {
 7963              		.loc 1 3387 7 is_stmt 0 view .LVU2476
 7964 0016 FFF7FEFF 		bl	HAL_GetTick
 7965              	.LVL515:
3387:Drivers/STM32G0xx_HAL_Driver/Src/stm32g0xx_hal_spi.c ****   {
 7966              		.loc 1 3387 7 view .LVU2477
 7967 001a 0200     		movs	r2, r0
3387:Drivers/STM32G0xx_HAL_Driver/Src/stm32g0xx_hal_spi.c ****   {
 7968              		.loc 1 3387 7 discriminator 1 view .LVU2478
 7969 001c 6421     		movs	r1, #100
 7970 001e 2000     		movs	r0, r4
 7971 0020 FFF7FEFF 		bl	SPI_EndRxTxTransaction
 7972              	.LVL516:
3387:Drivers/STM32G0xx_HAL_Driver/Src/stm32g0xx_hal_spi.c ****   {
 7973              		.loc 1 3387 6 discriminator 2 view .LVU2479
 7974 0024 0028     		cmp	r0, #0
 7975 0026 01D0     		beq	.L487
3389:Drivers/STM32G0xx_HAL_Driver/Src/stm32g0xx_hal_spi.c ****   }
 7976              		.loc 1 3389 5 is_stmt 1 view .LVU2480
3389:Drivers/STM32G0xx_HAL_Driver/Src/stm32g0xx_hal_spi.c ****   }
 7977              		.loc 1 3389 21 is_stmt 0 view .LVU2481
 7978 0028 4023     		movs	r3, #64
 7979 002a 2366     		str	r3, [r4, #96]
 7980              	.L487:
3393:Drivers/STM32G0xx_HAL_Driver/Src/stm32g0xx_hal_spi.c **** 
 7981              		.loc 1 3393 3 is_stmt 1 view .LVU2482
 7982 002c 2268     		ldr	r2, [r4]
 7983 002e 1368     		ldr	r3, [r2]
 7984 0030 4021     		movs	r1, #64
 7985 0032 8B43     		bics	r3, r1
 7986 0034 1360     		str	r3, [r2]
3396:Drivers/STM32G0xx_HAL_Driver/Src/stm32g0xx_hal_spi.c ****   {
ARM GAS  C:\Users\sante\AppData\Local\Temp\cc1VgFnO.s 			page 257


 7987              		.loc 1 3396 3 view .LVU2483
3396:Drivers/STM32G0xx_HAL_Driver/Src/stm32g0xx_hal_spi.c ****   {
 7988              		.loc 1 3396 7 is_stmt 0 view .LVU2484
 7989 0036 FFF7FEFF 		bl	HAL_GetTick
 7990              	.LVL517:
3396:Drivers/STM32G0xx_HAL_Driver/Src/stm32g0xx_hal_spi.c ****   {
 7991              		.loc 1 3396 7 discriminator 1 view .LVU2485
 7992 003a C021     		movs	r1, #192
 7993 003c 0090     		str	r0, [sp]
 7994 003e 6423     		movs	r3, #100
 7995 0040 0022     		movs	r2, #0
 7996 0042 C900     		lsls	r1, r1, #3
 7997 0044 2000     		movs	r0, r4
 7998 0046 FFF7FEFF 		bl	SPI_WaitFifoStateUntilTimeout
 7999              	.LVL518:
3396:Drivers/STM32G0xx_HAL_Driver/Src/stm32g0xx_hal_spi.c ****   {
 8000              		.loc 1 3396 6 discriminator 2 view .LVU2486
 8001 004a 0028     		cmp	r0, #0
 8002 004c 01D0     		beq	.L488
3398:Drivers/STM32G0xx_HAL_Driver/Src/stm32g0xx_hal_spi.c ****   }
 8003              		.loc 1 3398 5 is_stmt 1 view .LVU2487
3398:Drivers/STM32G0xx_HAL_Driver/Src/stm32g0xx_hal_spi.c ****   }
 8004              		.loc 1 3398 21 is_stmt 0 view .LVU2488
 8005 004e 4023     		movs	r3, #64
 8006 0050 2366     		str	r3, [r4, #96]
 8007              	.L488:
3402:Drivers/STM32G0xx_HAL_Driver/Src/stm32g0xx_hal_spi.c ****   {
 8008              		.loc 1 3402 3 is_stmt 1 view .LVU2489
3402:Drivers/STM32G0xx_HAL_Driver/Src/stm32g0xx_hal_spi.c ****   {
 8009              		.loc 1 3402 11 is_stmt 0 view .LVU2490
 8010 0052 A36D     		ldr	r3, [r4, #88]
3402:Drivers/STM32G0xx_HAL_Driver/Src/stm32g0xx_hal_spi.c ****   {
 8011              		.loc 1 3402 6 view .LVU2491
 8012 0054 002B     		cmp	r3, #0
 8013 0056 02D0     		beq	.L489
3404:Drivers/STM32G0xx_HAL_Driver/Src/stm32g0xx_hal_spi.c ****     {
 8014              		.loc 1 3404 5 is_stmt 1 view .LVU2492
3404:Drivers/STM32G0xx_HAL_Driver/Src/stm32g0xx_hal_spi.c ****     {
 8015              		.loc 1 3404 21 is_stmt 0 view .LVU2493
 8016 0058 9B6B     		ldr	r3, [r3, #56]
3404:Drivers/STM32G0xx_HAL_Driver/Src/stm32g0xx_hal_spi.c ****     {
 8017              		.loc 1 3404 8 view .LVU2494
 8018 005a 002B     		cmp	r3, #0
 8019 005c 1AD1     		bne	.L486
 8020              	.L489:
3411:Drivers/STM32G0xx_HAL_Driver/Src/stm32g0xx_hal_spi.c ****   hspi->TxXferCount = 0U;
 8021              		.loc 1 3411 3 is_stmt 1 view .LVU2495
3411:Drivers/STM32G0xx_HAL_Driver/Src/stm32g0xx_hal_spi.c ****   hspi->TxXferCount = 0U;
 8022              		.loc 1 3411 21 is_stmt 0 view .LVU2496
 8023 005e 0023     		movs	r3, #0
 8024 0060 4622     		movs	r2, #70
 8025 0062 A352     		strh	r3, [r4, r2]
3412:Drivers/STM32G0xx_HAL_Driver/Src/stm32g0xx_hal_spi.c **** 
 8026              		.loc 1 3412 3 is_stmt 1 view .LVU2497
3412:Drivers/STM32G0xx_HAL_Driver/Src/stm32g0xx_hal_spi.c **** 
 8027              		.loc 1 3412 21 is_stmt 0 view .LVU2498
 8028 0064 E387     		strh	r3, [r4, #62]
ARM GAS  C:\Users\sante\AppData\Local\Temp\cc1VgFnO.s 			page 258


3415:Drivers/STM32G0xx_HAL_Driver/Src/stm32g0xx_hal_spi.c ****   {
 8029              		.loc 1 3415 3 is_stmt 1 view .LVU2499
3415:Drivers/STM32G0xx_HAL_Driver/Src/stm32g0xx_hal_spi.c ****   {
 8030              		.loc 1 3415 11 is_stmt 0 view .LVU2500
 8031 0066 236E     		ldr	r3, [r4, #96]
3415:Drivers/STM32G0xx_HAL_Driver/Src/stm32g0xx_hal_spi.c ****   {
 8032              		.loc 1 3415 6 view .LVU2501
 8033 0068 402B     		cmp	r3, #64
 8034 006a 01D0     		beq	.L491
3418:Drivers/STM32G0xx_HAL_Driver/Src/stm32g0xx_hal_spi.c ****   }
 8035              		.loc 1 3418 5 is_stmt 1 view .LVU2502
3418:Drivers/STM32G0xx_HAL_Driver/Src/stm32g0xx_hal_spi.c ****   }
 8036              		.loc 1 3418 21 is_stmt 0 view .LVU2503
 8037 006c 0023     		movs	r3, #0
 8038 006e 2366     		str	r3, [r4, #96]
 8039              	.L491:
3422:Drivers/STM32G0xx_HAL_Driver/Src/stm32g0xx_hal_spi.c ****   __HAL_SPI_CLEAR_FREFLAG(hspi);
 8040              		.loc 1 3422 3 is_stmt 1 view .LVU2504
 8041              	.LBB15:
3422:Drivers/STM32G0xx_HAL_Driver/Src/stm32g0xx_hal_spi.c ****   __HAL_SPI_CLEAR_FREFLAG(hspi);
 8042              		.loc 1 3422 3 view .LVU2505
 8043 0070 0022     		movs	r2, #0
 8044 0072 0292     		str	r2, [sp, #8]
3422:Drivers/STM32G0xx_HAL_Driver/Src/stm32g0xx_hal_spi.c ****   __HAL_SPI_CLEAR_FREFLAG(hspi);
 8045              		.loc 1 3422 3 view .LVU2506
 8046 0074 2368     		ldr	r3, [r4]
 8047 0076 D968     		ldr	r1, [r3, #12]
 8048 0078 0291     		str	r1, [sp, #8]
3422:Drivers/STM32G0xx_HAL_Driver/Src/stm32g0xx_hal_spi.c ****   __HAL_SPI_CLEAR_FREFLAG(hspi);
 8049              		.loc 1 3422 3 view .LVU2507
 8050 007a 9968     		ldr	r1, [r3, #8]
 8051 007c 0291     		str	r1, [sp, #8]
3422:Drivers/STM32G0xx_HAL_Driver/Src/stm32g0xx_hal_spi.c ****   __HAL_SPI_CLEAR_FREFLAG(hspi);
 8052              		.loc 1 3422 3 view .LVU2508
 8053 007e 0299     		ldr	r1, [sp, #8]
 8054              	.LBE15:
3422:Drivers/STM32G0xx_HAL_Driver/Src/stm32g0xx_hal_spi.c ****   __HAL_SPI_CLEAR_FREFLAG(hspi);
 8055              		.loc 1 3422 3 view .LVU2509
3423:Drivers/STM32G0xx_HAL_Driver/Src/stm32g0xx_hal_spi.c **** 
 8056              		.loc 1 3423 3 view .LVU2510
 8057              	.LBB16:
3423:Drivers/STM32G0xx_HAL_Driver/Src/stm32g0xx_hal_spi.c **** 
 8058              		.loc 1 3423 3 view .LVU2511
 8059 0080 0392     		str	r2, [sp, #12]
3423:Drivers/STM32G0xx_HAL_Driver/Src/stm32g0xx_hal_spi.c **** 
 8060              		.loc 1 3423 3 view .LVU2512
 8061 0082 9B68     		ldr	r3, [r3, #8]
 8062 0084 0393     		str	r3, [sp, #12]
3423:Drivers/STM32G0xx_HAL_Driver/Src/stm32g0xx_hal_spi.c **** 
 8063              		.loc 1 3423 3 view .LVU2513
 8064 0086 039B     		ldr	r3, [sp, #12]
 8065              	.LBE16:
3423:Drivers/STM32G0xx_HAL_Driver/Src/stm32g0xx_hal_spi.c **** 
 8066              		.loc 1 3423 3 view .LVU2514
3426:Drivers/STM32G0xx_HAL_Driver/Src/stm32g0xx_hal_spi.c **** 
 8067              		.loc 1 3426 3 view .LVU2515
3426:Drivers/STM32G0xx_HAL_Driver/Src/stm32g0xx_hal_spi.c **** 
ARM GAS  C:\Users\sante\AppData\Local\Temp\cc1VgFnO.s 			page 259


 8068              		.loc 1 3426 16 is_stmt 0 view .LVU2516
 8069 0088 5D23     		movs	r3, #93
 8070 008a 0132     		adds	r2, r2, #1
 8071 008c E254     		strb	r2, [r4, r3]
3432:Drivers/STM32G0xx_HAL_Driver/Src/stm32g0xx_hal_spi.c **** #endif /* USE_HAL_SPI_REGISTER_CALLBACKS */
 8072              		.loc 1 3432 3 is_stmt 1 view .LVU2517
 8073 008e 2000     		movs	r0, r4
 8074 0090 FFF7FEFF 		bl	HAL_SPI_AbortCpltCallback
 8075              	.LVL519:
 8076              	.L486:
3434:Drivers/STM32G0xx_HAL_Driver/Src/stm32g0xx_hal_spi.c **** 
 8077              		.loc 1 3434 1 is_stmt 0 view .LVU2518
 8078 0094 04B0     		add	sp, sp, #16
 8079              		@ sp needed
 8080              	.LVL520:
3434:Drivers/STM32G0xx_HAL_Driver/Src/stm32g0xx_hal_spi.c **** 
 8081              		.loc 1 3434 1 view .LVU2519
 8082 0096 10BD     		pop	{r4, pc}
 8083              		.cfi_endproc
 8084              	.LFE530:
 8086              		.section	.text.HAL_SPI_GetState,"ax",%progbits
 8087              		.align	1
 8088              		.global	HAL_SPI_GetState
 8089              		.syntax unified
 8090              		.code	16
 8091              		.thumb_func
 8093              	HAL_SPI_GetState:
 8094              	.LVL521:
 8095              	.LFB520:
2969:Drivers/STM32G0xx_HAL_Driver/Src/stm32g0xx_hal_spi.c ****   /* Return SPI handle state */
 8096              		.loc 1 2969 1 is_stmt 1 view -0
 8097              		.cfi_startproc
 8098              		@ args = 0, pretend = 0, frame = 0
 8099              		@ frame_needed = 0, uses_anonymous_args = 0
 8100              		@ link register save eliminated.
2971:Drivers/STM32G0xx_HAL_Driver/Src/stm32g0xx_hal_spi.c **** }
 8101              		.loc 1 2971 3 view .LVU2521
2971:Drivers/STM32G0xx_HAL_Driver/Src/stm32g0xx_hal_spi.c **** }
 8102              		.loc 1 2971 14 is_stmt 0 view .LVU2522
 8103 0000 5D23     		movs	r3, #93
 8104 0002 C05C     		ldrb	r0, [r0, r3]
 8105              	.LVL522:
2971:Drivers/STM32G0xx_HAL_Driver/Src/stm32g0xx_hal_spi.c **** }
 8106              		.loc 1 2971 14 view .LVU2523
 8107 0004 C0B2     		uxtb	r0, r0
2972:Drivers/STM32G0xx_HAL_Driver/Src/stm32g0xx_hal_spi.c **** 
 8108              		.loc 1 2972 1 view .LVU2524
 8109              		@ sp needed
 8110 0006 7047     		bx	lr
 8111              		.cfi_endproc
 8112              	.LFE520:
 8114              		.section	.text.HAL_SPI_GetError,"ax",%progbits
 8115              		.align	1
 8116              		.global	HAL_SPI_GetError
 8117              		.syntax unified
 8118              		.code	16
 8119              		.thumb_func
ARM GAS  C:\Users\sante\AppData\Local\Temp\cc1VgFnO.s 			page 260


 8121              	HAL_SPI_GetError:
 8122              	.LVL523:
 8123              	.LFB521:
2981:Drivers/STM32G0xx_HAL_Driver/Src/stm32g0xx_hal_spi.c ****   /* Return SPI ErrorCode */
 8124              		.loc 1 2981 1 is_stmt 1 view -0
 8125              		.cfi_startproc
 8126              		@ args = 0, pretend = 0, frame = 0
 8127              		@ frame_needed = 0, uses_anonymous_args = 0
 8128              		@ link register save eliminated.
2983:Drivers/STM32G0xx_HAL_Driver/Src/stm32g0xx_hal_spi.c **** }
 8129              		.loc 1 2983 3 view .LVU2526
2983:Drivers/STM32G0xx_HAL_Driver/Src/stm32g0xx_hal_spi.c **** }
 8130              		.loc 1 2983 14 is_stmt 0 view .LVU2527
 8131 0000 006E     		ldr	r0, [r0, #96]
 8132              	.LVL524:
2984:Drivers/STM32G0xx_HAL_Driver/Src/stm32g0xx_hal_spi.c **** 
 8133              		.loc 1 2984 1 view .LVU2528
 8134              		@ sp needed
 8135 0002 7047     		bx	lr
 8136              		.cfi_endproc
 8137              	.LFE521:
 8139              		.text
 8140              	.Letext0:
 8141              		.file 2 "C:/Users/sante/AppData/Roaming/Code/User/globalStorage/bmd.stm32-for-vscode/@xpack-dev-to
 8142              		.file 3 "C:/Users/sante/AppData/Roaming/Code/User/globalStorage/bmd.stm32-for-vscode/@xpack-dev-to
 8143              		.file 4 "Drivers/CMSIS/Device/ST/STM32G0xx/Include/stm32g0b1xx.h"
 8144              		.file 5 "Drivers/CMSIS/Device/ST/STM32G0xx/Include/stm32g0xx.h"
 8145              		.file 6 "Drivers/STM32G0xx_HAL_Driver/Inc/stm32g0xx_hal_def.h"
 8146              		.file 7 "Drivers/STM32G0xx_HAL_Driver/Inc/stm32g0xx_hal_dma.h"
 8147              		.file 8 "Drivers/STM32G0xx_HAL_Driver/Inc/stm32g0xx_hal_spi.h"
 8148              		.file 9 "Drivers/STM32G0xx_HAL_Driver/Inc/stm32g0xx_ll_dma.h"
 8149              		.file 10 "Drivers/CMSIS/Device/ST/STM32G0xx/Include/system_stm32g0xx.h"
 8150              		.file 11 "Drivers/STM32G0xx_HAL_Driver/Inc/stm32g0xx_hal.h"
ARM GAS  C:\Users\sante\AppData\Local\Temp\cc1VgFnO.s 			page 261


DEFINED SYMBOLS
                            *ABS*:00000000 stm32g0xx_hal_spi.c
C:\Users\sante\AppData\Local\Temp\cc1VgFnO.s:19     .text.SPI_WaitFlagStateUntilTimeout:00000000 $t
C:\Users\sante\AppData\Local\Temp\cc1VgFnO.s:24     .text.SPI_WaitFlagStateUntilTimeout:00000000 SPI_WaitFlagStateUntilTimeout
C:\Users\sante\AppData\Local\Temp\cc1VgFnO.s:238    .text.SPI_WaitFlagStateUntilTimeout:000000d8 $d
C:\Users\sante\AppData\Local\Temp\cc1VgFnO.s:244    .text.SPI_WaitFifoStateUntilTimeout:00000000 $t
C:\Users\sante\AppData\Local\Temp\cc1VgFnO.s:249    .text.SPI_WaitFifoStateUntilTimeout:00000000 SPI_WaitFifoStateUntilTimeout
C:\Users\sante\AppData\Local\Temp\cc1VgFnO.s:509    .text.SPI_WaitFifoStateUntilTimeout:00000104 $d
C:\Users\sante\AppData\Local\Temp\cc1VgFnO.s:515    .text.SPI_EndRxTxTransaction:00000000 $t
C:\Users\sante\AppData\Local\Temp\cc1VgFnO.s:520    .text.SPI_EndRxTxTransaction:00000000 SPI_EndRxTxTransaction
C:\Users\sante\AppData\Local\Temp\cc1VgFnO.s:622    .text.SPI_EndRxTransaction:00000000 $t
C:\Users\sante\AppData\Local\Temp\cc1VgFnO.s:627    .text.SPI_EndRxTransaction:00000000 SPI_EndRxTransaction
C:\Users\sante\AppData\Local\Temp\cc1VgFnO.s:763    .text.SPI_AbortRx_ISR:00000000 $t
C:\Users\sante\AppData\Local\Temp\cc1VgFnO.s:768    .text.SPI_AbortRx_ISR:00000000 SPI_AbortRx_ISR
C:\Users\sante\AppData\Local\Temp\cc1VgFnO.s:892    .text.SPI_AbortRx_ISR:00000088 $d
C:\Users\sante\AppData\Local\Temp\cc1VgFnO.s:898    .text.SPI_AbortTx_ISR:00000000 $t
C:\Users\sante\AppData\Local\Temp\cc1VgFnO.s:903    .text.SPI_AbortTx_ISR:00000000 SPI_AbortTx_ISR
C:\Users\sante\AppData\Local\Temp\cc1VgFnO.s:1105   .text.SPI_AbortTx_ISR:000000e8 $d
C:\Users\sante\AppData\Local\Temp\cc1VgFnO.s:1111   .text.HAL_SPI_MspInit:00000000 $t
C:\Users\sante\AppData\Local\Temp\cc1VgFnO.s:1117   .text.HAL_SPI_MspInit:00000000 HAL_SPI_MspInit
C:\Users\sante\AppData\Local\Temp\cc1VgFnO.s:1133   .text.HAL_SPI_Init:00000000 $t
C:\Users\sante\AppData\Local\Temp\cc1VgFnO.s:1139   .text.HAL_SPI_Init:00000000 HAL_SPI_Init
C:\Users\sante\AppData\Local\Temp\cc1VgFnO.s:1365   .text.HAL_SPI_Init:00000100 $d
C:\Users\sante\AppData\Local\Temp\cc1VgFnO.s:1370   .text.HAL_SPI_MspDeInit:00000000 $t
C:\Users\sante\AppData\Local\Temp\cc1VgFnO.s:1376   .text.HAL_SPI_MspDeInit:00000000 HAL_SPI_MspDeInit
C:\Users\sante\AppData\Local\Temp\cc1VgFnO.s:1392   .text.HAL_SPI_DeInit:00000000 $t
C:\Users\sante\AppData\Local\Temp\cc1VgFnO.s:1398   .text.HAL_SPI_DeInit:00000000 HAL_SPI_DeInit
C:\Users\sante\AppData\Local\Temp\cc1VgFnO.s:1463   .text.HAL_SPI_Transmit:00000000 $t
C:\Users\sante\AppData\Local\Temp\cc1VgFnO.s:1469   .text.HAL_SPI_Transmit:00000000 HAL_SPI_Transmit
C:\Users\sante\AppData\Local\Temp\cc1VgFnO.s:1919   .text.HAL_SPI_TransmitReceive:00000000 $t
C:\Users\sante\AppData\Local\Temp\cc1VgFnO.s:1925   .text.HAL_SPI_TransmitReceive:00000000 HAL_SPI_TransmitReceive
C:\Users\sante\AppData\Local\Temp\cc1VgFnO.s:2568   .text.HAL_SPI_TransmitReceive:0000024c $d
C:\Users\sante\AppData\Local\Temp\cc1VgFnO.s:2573   .text.HAL_SPI_Receive:00000000 $t
C:\Users\sante\AppData\Local\Temp\cc1VgFnO.s:2579   .text.HAL_SPI_Receive:00000000 HAL_SPI_Receive
C:\Users\sante\AppData\Local\Temp\cc1VgFnO.s:2996   .text.HAL_SPI_Receive:000001a4 $d
C:\Users\sante\AppData\Local\Temp\cc1VgFnO.s:3002   .text.HAL_SPI_Transmit_IT:00000000 $t
C:\Users\sante\AppData\Local\Temp\cc1VgFnO.s:3008   .text.HAL_SPI_Transmit_IT:00000000 HAL_SPI_Transmit_IT
C:\Users\sante\AppData\Local\Temp\cc1VgFnO.s:3194   .text.HAL_SPI_Transmit_IT:000000a8 $d
C:\Users\sante\AppData\Local\Temp\cc1VgFnO.s:5875   .text.SPI_TxISR_16BIT:00000000 SPI_TxISR_16BIT
C:\Users\sante\AppData\Local\Temp\cc1VgFnO.s:5814   .text.SPI_TxISR_8BIT:00000000 SPI_TxISR_8BIT
C:\Users\sante\AppData\Local\Temp\cc1VgFnO.s:3200   .text.HAL_SPI_TransmitReceive_IT:00000000 $t
C:\Users\sante\AppData\Local\Temp\cc1VgFnO.s:3206   .text.HAL_SPI_TransmitReceive_IT:00000000 HAL_SPI_TransmitReceive_IT
C:\Users\sante\AppData\Local\Temp\cc1VgFnO.s:3464   .text.HAL_SPI_TransmitReceive_IT:000000dc $d
C:\Users\sante\AppData\Local\Temp\cc1VgFnO.s:6542   .text.SPI_2linesRxISR_16BIT:00000000 SPI_2linesRxISR_16BIT
C:\Users\sante\AppData\Local\Temp\cc1VgFnO.s:6468   .text.SPI_2linesTxISR_16BIT:00000000 SPI_2linesTxISR_16BIT
C:\Users\sante\AppData\Local\Temp\cc1VgFnO.s:6347   .text.SPI_2linesRxISR_8BIT:00000000 SPI_2linesRxISR_8BIT
C:\Users\sante\AppData\Local\Temp\cc1VgFnO.s:6242   .text.SPI_2linesTxISR_8BIT:00000000 SPI_2linesTxISR_8BIT
C:\Users\sante\AppData\Local\Temp\cc1VgFnO.s:3473   .text.HAL_SPI_Receive_IT:00000000 $t
C:\Users\sante\AppData\Local\Temp\cc1VgFnO.s:3479   .text.HAL_SPI_Receive_IT:00000000 HAL_SPI_Receive_IT
C:\Users\sante\AppData\Local\Temp\cc1VgFnO.s:3694   .text.HAL_SPI_Receive_IT:000000d8 $d
C:\Users\sante\AppData\Local\Temp\cc1VgFnO.s:6075   .text.SPI_RxISR_16BIT:00000000 SPI_RxISR_16BIT
C:\Users\sante\AppData\Local\Temp\cc1VgFnO.s:6013   .text.SPI_RxISR_8BIT:00000000 SPI_RxISR_8BIT
C:\Users\sante\AppData\Local\Temp\cc1VgFnO.s:3702   .text.HAL_SPI_Transmit_DMA:00000000 $t
C:\Users\sante\AppData\Local\Temp\cc1VgFnO.s:3708   .text.HAL_SPI_Transmit_DMA:00000000 HAL_SPI_Transmit_DMA
C:\Users\sante\AppData\Local\Temp\cc1VgFnO.s:3992   .text.HAL_SPI_Transmit_DMA:00000120 $d
C:\Users\sante\AppData\Local\Temp\cc1VgFnO.s:5548   .text.SPI_DMAHalfTransmitCplt:00000000 SPI_DMAHalfTransmitCplt
C:\Users\sante\AppData\Local\Temp\cc1VgFnO.s:6663   .text.SPI_DMATransmitCplt:00000000 SPI_DMATransmitCplt
ARM GAS  C:\Users\sante\AppData\Local\Temp\cc1VgFnO.s 			page 262


C:\Users\sante\AppData\Local\Temp\cc1VgFnO.s:6616   .text.SPI_DMAError:00000000 SPI_DMAError
C:\Users\sante\AppData\Local\Temp\cc1VgFnO.s:4000   .text.HAL_SPI_TransmitReceive_DMA:00000000 $t
C:\Users\sante\AppData\Local\Temp\cc1VgFnO.s:4006   .text.HAL_SPI_TransmitReceive_DMA:00000000 HAL_SPI_TransmitReceive_DMA
C:\Users\sante\AppData\Local\Temp\cc1VgFnO.s:4486   .text.HAL_SPI_TransmitReceive_DMA:000001f4 $d
C:\Users\sante\AppData\Local\Temp\cc1VgFnO.s:5654   .text.SPI_DMAHalfTransmitReceiveCplt:00000000 SPI_DMAHalfTransmitReceiveCplt
C:\Users\sante\AppData\Local\Temp\cc1VgFnO.s:6927   .text.SPI_DMATransmitReceiveCplt:00000000 SPI_DMATransmitReceiveCplt
C:\Users\sante\AppData\Local\Temp\cc1VgFnO.s:5601   .text.SPI_DMAHalfReceiveCplt:00000000 SPI_DMAHalfReceiveCplt
C:\Users\sante\AppData\Local\Temp\cc1VgFnO.s:6795   .text.SPI_DMAReceiveCplt:00000000 SPI_DMAReceiveCplt
C:\Users\sante\AppData\Local\Temp\cc1VgFnO.s:4499   .text.HAL_SPI_Receive_DMA:00000000 $t
C:\Users\sante\AppData\Local\Temp\cc1VgFnO.s:4505   .text.HAL_SPI_Receive_DMA:00000000 HAL_SPI_Receive_DMA
C:\Users\sante\AppData\Local\Temp\cc1VgFnO.s:4847   .text.HAL_SPI_Receive_DMA:00000170 $d
C:\Users\sante\AppData\Local\Temp\cc1VgFnO.s:4857   .text.HAL_SPI_Abort:00000000 $t
C:\Users\sante\AppData\Local\Temp\cc1VgFnO.s:4863   .text.HAL_SPI_Abort:00000000 HAL_SPI_Abort
C:\Users\sante\AppData\Local\Temp\cc1VgFnO.s:5229   .text.HAL_SPI_Abort:00000188 $d
C:\Users\sante\AppData\Local\Temp\cc1VgFnO.s:5237   .text.HAL_SPI_DMAPause:00000000 $t
C:\Users\sante\AppData\Local\Temp\cc1VgFnO.s:5243   .text.HAL_SPI_DMAPause:00000000 HAL_SPI_DMAPause
C:\Users\sante\AppData\Local\Temp\cc1VgFnO.s:5296   .text.HAL_SPI_DMAResume:00000000 $t
C:\Users\sante\AppData\Local\Temp\cc1VgFnO.s:5302   .text.HAL_SPI_DMAResume:00000000 HAL_SPI_DMAResume
C:\Users\sante\AppData\Local\Temp\cc1VgFnO.s:5355   .text.HAL_SPI_DMAStop:00000000 $t
C:\Users\sante\AppData\Local\Temp\cc1VgFnO.s:5361   .text.HAL_SPI_DMAStop:00000000 HAL_SPI_DMAStop
C:\Users\sante\AppData\Local\Temp\cc1VgFnO.s:5455   .text.HAL_SPI_TxCpltCallback:00000000 $t
C:\Users\sante\AppData\Local\Temp\cc1VgFnO.s:5461   .text.HAL_SPI_TxCpltCallback:00000000 HAL_SPI_TxCpltCallback
C:\Users\sante\AppData\Local\Temp\cc1VgFnO.s:5477   .text.HAL_SPI_RxCpltCallback:00000000 $t
C:\Users\sante\AppData\Local\Temp\cc1VgFnO.s:5483   .text.HAL_SPI_RxCpltCallback:00000000 HAL_SPI_RxCpltCallback
C:\Users\sante\AppData\Local\Temp\cc1VgFnO.s:5499   .text.HAL_SPI_TxRxCpltCallback:00000000 $t
C:\Users\sante\AppData\Local\Temp\cc1VgFnO.s:5505   .text.HAL_SPI_TxRxCpltCallback:00000000 HAL_SPI_TxRxCpltCallback
C:\Users\sante\AppData\Local\Temp\cc1VgFnO.s:5521   .text.HAL_SPI_TxHalfCpltCallback:00000000 $t
C:\Users\sante\AppData\Local\Temp\cc1VgFnO.s:5527   .text.HAL_SPI_TxHalfCpltCallback:00000000 HAL_SPI_TxHalfCpltCallback
C:\Users\sante\AppData\Local\Temp\cc1VgFnO.s:5543   .text.SPI_DMAHalfTransmitCplt:00000000 $t
C:\Users\sante\AppData\Local\Temp\cc1VgFnO.s:5574   .text.HAL_SPI_RxHalfCpltCallback:00000000 $t
C:\Users\sante\AppData\Local\Temp\cc1VgFnO.s:5580   .text.HAL_SPI_RxHalfCpltCallback:00000000 HAL_SPI_RxHalfCpltCallback
C:\Users\sante\AppData\Local\Temp\cc1VgFnO.s:5596   .text.SPI_DMAHalfReceiveCplt:00000000 $t
C:\Users\sante\AppData\Local\Temp\cc1VgFnO.s:5627   .text.HAL_SPI_TxRxHalfCpltCallback:00000000 $t
C:\Users\sante\AppData\Local\Temp\cc1VgFnO.s:5633   .text.HAL_SPI_TxRxHalfCpltCallback:00000000 HAL_SPI_TxRxHalfCpltCallback
C:\Users\sante\AppData\Local\Temp\cc1VgFnO.s:5649   .text.SPI_DMAHalfTransmitReceiveCplt:00000000 $t
C:\Users\sante\AppData\Local\Temp\cc1VgFnO.s:5680   .text.HAL_SPI_ErrorCallback:00000000 $t
C:\Users\sante\AppData\Local\Temp\cc1VgFnO.s:5686   .text.HAL_SPI_ErrorCallback:00000000 HAL_SPI_ErrorCallback
C:\Users\sante\AppData\Local\Temp\cc1VgFnO.s:5702   .text.SPI_CloseTx_ISR:00000000 $t
C:\Users\sante\AppData\Local\Temp\cc1VgFnO.s:5707   .text.SPI_CloseTx_ISR:00000000 SPI_CloseTx_ISR
C:\Users\sante\AppData\Local\Temp\cc1VgFnO.s:5809   .text.SPI_TxISR_8BIT:00000000 $t
C:\Users\sante\AppData\Local\Temp\cc1VgFnO.s:5870   .text.SPI_TxISR_16BIT:00000000 $t
C:\Users\sante\AppData\Local\Temp\cc1VgFnO.s:5931   .text.SPI_CloseRx_ISR:00000000 $t
C:\Users\sante\AppData\Local\Temp\cc1VgFnO.s:5936   .text.SPI_CloseRx_ISR:00000000 SPI_CloseRx_ISR
C:\Users\sante\AppData\Local\Temp\cc1VgFnO.s:6008   .text.SPI_RxISR_8BIT:00000000 $t
C:\Users\sante\AppData\Local\Temp\cc1VgFnO.s:6070   .text.SPI_RxISR_16BIT:00000000 $t
C:\Users\sante\AppData\Local\Temp\cc1VgFnO.s:6132   .text.SPI_CloseRxTx_ISR:00000000 $t
C:\Users\sante\AppData\Local\Temp\cc1VgFnO.s:6137   .text.SPI_CloseRxTx_ISR:00000000 SPI_CloseRxTx_ISR
C:\Users\sante\AppData\Local\Temp\cc1VgFnO.s:6237   .text.SPI_2linesTxISR_8BIT:00000000 $t
C:\Users\sante\AppData\Local\Temp\cc1VgFnO.s:6342   .text.SPI_2linesRxISR_8BIT:00000000 $t
C:\Users\sante\AppData\Local\Temp\cc1VgFnO.s:6463   .text.SPI_2linesTxISR_16BIT:00000000 $t
C:\Users\sante\AppData\Local\Temp\cc1VgFnO.s:6537   .text.SPI_2linesRxISR_16BIT:00000000 $t
C:\Users\sante\AppData\Local\Temp\cc1VgFnO.s:6611   .text.SPI_DMAError:00000000 $t
C:\Users\sante\AppData\Local\Temp\cc1VgFnO.s:6658   .text.SPI_DMATransmitCplt:00000000 $t
C:\Users\sante\AppData\Local\Temp\cc1VgFnO.s:6790   .text.SPI_DMAReceiveCplt:00000000 $t
C:\Users\sante\AppData\Local\Temp\cc1VgFnO.s:6922   .text.SPI_DMATransmitReceiveCplt:00000000 $t
C:\Users\sante\AppData\Local\Temp\cc1VgFnO.s:7034   .text.HAL_SPI_IRQHandler:00000000 $t
C:\Users\sante\AppData\Local\Temp\cc1VgFnO.s:7040   .text.HAL_SPI_IRQHandler:00000000 HAL_SPI_IRQHandler
ARM GAS  C:\Users\sante\AppData\Local\Temp\cc1VgFnO.s 			page 263


C:\Users\sante\AppData\Local\Temp\cc1VgFnO.s:7336   .text.HAL_SPI_IRQHandler:00000120 $d
C:\Users\sante\AppData\Local\Temp\cc1VgFnO.s:7346   .text.SPI_DMAAbortOnError:00000000 SPI_DMAAbortOnError
C:\Users\sante\AppData\Local\Temp\cc1VgFnO.s:7341   .text.SPI_DMAAbortOnError:00000000 $t
C:\Users\sante\AppData\Local\Temp\cc1VgFnO.s:7380   .text.HAL_SPI_AbortCpltCallback:00000000 $t
C:\Users\sante\AppData\Local\Temp\cc1VgFnO.s:7386   .text.HAL_SPI_AbortCpltCallback:00000000 HAL_SPI_AbortCpltCallback
C:\Users\sante\AppData\Local\Temp\cc1VgFnO.s:7402   .text.HAL_SPI_Abort_IT:00000000 $t
C:\Users\sante\AppData\Local\Temp\cc1VgFnO.s:7408   .text.HAL_SPI_Abort_IT:00000000 HAL_SPI_Abort_IT
C:\Users\sante\AppData\Local\Temp\cc1VgFnO.s:7756   .text.HAL_SPI_Abort_IT:00000144 $d
C:\Users\sante\AppData\Local\Temp\cc1VgFnO.s:7932   .text.SPI_DMATxAbortCallback:00000000 SPI_DMATxAbortCallback
C:\Users\sante\AppData\Local\Temp\cc1VgFnO.s:7771   .text.SPI_DMARxAbortCallback:00000000 SPI_DMARxAbortCallback
C:\Users\sante\AppData\Local\Temp\cc1VgFnO.s:7766   .text.SPI_DMARxAbortCallback:00000000 $t
C:\Users\sante\AppData\Local\Temp\cc1VgFnO.s:7927   .text.SPI_DMATxAbortCallback:00000000 $t
C:\Users\sante\AppData\Local\Temp\cc1VgFnO.s:8087   .text.HAL_SPI_GetState:00000000 $t
C:\Users\sante\AppData\Local\Temp\cc1VgFnO.s:8093   .text.HAL_SPI_GetState:00000000 HAL_SPI_GetState
C:\Users\sante\AppData\Local\Temp\cc1VgFnO.s:8115   .text.HAL_SPI_GetError:00000000 $t
C:\Users\sante\AppData\Local\Temp\cc1VgFnO.s:8121   .text.HAL_SPI_GetError:00000000 HAL_SPI_GetError

UNDEFINED SYMBOLS
HAL_GetTick
SystemCoreClock
__aeabi_uidiv
HAL_DMA_Start_IT
HAL_DMA_Abort
HAL_DMA_Abort_IT
