ARM GAS  C:\Users\sante\AppData\Local\Temp\ccnbsYDx.s 			page 1


   1              		.cpu cortex-m0plus
   2              		.arch armv6s-m
   3              		.fpu softvfp
   4              		.eabi_attribute 20, 1
   5              		.eabi_attribute 21, 1
   6              		.eabi_attribute 23, 3
   7              		.eabi_attribute 24, 1
   8              		.eabi_attribute 25, 1
   9              		.eabi_attribute 26, 1
  10              		.eabi_attribute 30, 1
  11              		.eabi_attribute 34, 0
  12              		.eabi_attribute 18, 4
  13              		.file	"stm32g0xx_hal_msp.c"
  14              		.text
  15              	.Ltext0:
  16              		.cfi_sections	.debug_frame
  17              		.file 1 "Core/Src/stm32g0xx_hal_msp.c"
  18              		.section	.text.HAL_MspInit,"ax",%progbits
  19              		.align	1
  20              		.global	HAL_MspInit
  21              		.syntax unified
  22              		.code	16
  23              		.thumb_func
  25              	HAL_MspInit:
  26              	.LFB493:
   1:Core/Src/stm32g0xx_hal_msp.c **** /* USER CODE BEGIN Header */
   2:Core/Src/stm32g0xx_hal_msp.c **** /**
   3:Core/Src/stm32g0xx_hal_msp.c ****   ******************************************************************************
   4:Core/Src/stm32g0xx_hal_msp.c ****   * @file         stm32g0xx_hal_msp.c
   5:Core/Src/stm32g0xx_hal_msp.c ****   * @brief        This file provides code for the MSP Initialization
   6:Core/Src/stm32g0xx_hal_msp.c ****   *               and de-Initialization codes.
   7:Core/Src/stm32g0xx_hal_msp.c ****   ******************************************************************************
   8:Core/Src/stm32g0xx_hal_msp.c ****   * @attention
   9:Core/Src/stm32g0xx_hal_msp.c ****   *
  10:Core/Src/stm32g0xx_hal_msp.c ****   * Copyright (c) 2026 STMicroelectronics.
  11:Core/Src/stm32g0xx_hal_msp.c ****   * All rights reserved.
  12:Core/Src/stm32g0xx_hal_msp.c ****   *
  13:Core/Src/stm32g0xx_hal_msp.c ****   * This software is licensed under terms that can be found in the LICENSE file
  14:Core/Src/stm32g0xx_hal_msp.c ****   * in the root directory of this software component.
  15:Core/Src/stm32g0xx_hal_msp.c ****   * If no LICENSE file comes with this software, it is provided AS-IS.
  16:Core/Src/stm32g0xx_hal_msp.c ****   *
  17:Core/Src/stm32g0xx_hal_msp.c ****   ******************************************************************************
  18:Core/Src/stm32g0xx_hal_msp.c ****   */
  19:Core/Src/stm32g0xx_hal_msp.c **** /* USER CODE END Header */
  20:Core/Src/stm32g0xx_hal_msp.c **** 
  21:Core/Src/stm32g0xx_hal_msp.c **** /* Includes ------------------------------------------------------------------*/
  22:Core/Src/stm32g0xx_hal_msp.c **** #include "main.h"
  23:Core/Src/stm32g0xx_hal_msp.c **** /* USER CODE BEGIN Includes */
  24:Core/Src/stm32g0xx_hal_msp.c **** 
  25:Core/Src/stm32g0xx_hal_msp.c **** /* USER CODE END Includes */
  26:Core/Src/stm32g0xx_hal_msp.c **** extern DMA_HandleTypeDef hdma_adc1;
  27:Core/Src/stm32g0xx_hal_msp.c **** 
  28:Core/Src/stm32g0xx_hal_msp.c **** /* Private typedef -----------------------------------------------------------*/
  29:Core/Src/stm32g0xx_hal_msp.c **** /* USER CODE BEGIN TD */
  30:Core/Src/stm32g0xx_hal_msp.c **** 
  31:Core/Src/stm32g0xx_hal_msp.c **** /* USER CODE END TD */
  32:Core/Src/stm32g0xx_hal_msp.c **** 
ARM GAS  C:\Users\sante\AppData\Local\Temp\ccnbsYDx.s 			page 2


  33:Core/Src/stm32g0xx_hal_msp.c **** /* Private define ------------------------------------------------------------*/
  34:Core/Src/stm32g0xx_hal_msp.c **** /* USER CODE BEGIN Define */
  35:Core/Src/stm32g0xx_hal_msp.c **** 
  36:Core/Src/stm32g0xx_hal_msp.c **** /* USER CODE END Define */
  37:Core/Src/stm32g0xx_hal_msp.c **** 
  38:Core/Src/stm32g0xx_hal_msp.c **** /* Private macro -------------------------------------------------------------*/
  39:Core/Src/stm32g0xx_hal_msp.c **** /* USER CODE BEGIN Macro */
  40:Core/Src/stm32g0xx_hal_msp.c **** 
  41:Core/Src/stm32g0xx_hal_msp.c **** /* USER CODE END Macro */
  42:Core/Src/stm32g0xx_hal_msp.c **** 
  43:Core/Src/stm32g0xx_hal_msp.c **** /* Private variables ---------------------------------------------------------*/
  44:Core/Src/stm32g0xx_hal_msp.c **** /* USER CODE BEGIN PV */
  45:Core/Src/stm32g0xx_hal_msp.c **** 
  46:Core/Src/stm32g0xx_hal_msp.c **** /* USER CODE END PV */
  47:Core/Src/stm32g0xx_hal_msp.c **** 
  48:Core/Src/stm32g0xx_hal_msp.c **** /* Private function prototypes -----------------------------------------------*/
  49:Core/Src/stm32g0xx_hal_msp.c **** /* USER CODE BEGIN PFP */
  50:Core/Src/stm32g0xx_hal_msp.c **** 
  51:Core/Src/stm32g0xx_hal_msp.c **** /* USER CODE END PFP */
  52:Core/Src/stm32g0xx_hal_msp.c **** 
  53:Core/Src/stm32g0xx_hal_msp.c **** /* External functions --------------------------------------------------------*/
  54:Core/Src/stm32g0xx_hal_msp.c **** /* USER CODE BEGIN ExternalFunctions */
  55:Core/Src/stm32g0xx_hal_msp.c **** 
  56:Core/Src/stm32g0xx_hal_msp.c **** /* USER CODE END ExternalFunctions */
  57:Core/Src/stm32g0xx_hal_msp.c **** 
  58:Core/Src/stm32g0xx_hal_msp.c **** /* USER CODE BEGIN 0 */
  59:Core/Src/stm32g0xx_hal_msp.c **** 
  60:Core/Src/stm32g0xx_hal_msp.c **** /* USER CODE END 0 */
  61:Core/Src/stm32g0xx_hal_msp.c **** /**
  62:Core/Src/stm32g0xx_hal_msp.c ****   * Initializes the Global MSP.
  63:Core/Src/stm32g0xx_hal_msp.c ****   */
  64:Core/Src/stm32g0xx_hal_msp.c **** void HAL_MspInit(void)
  65:Core/Src/stm32g0xx_hal_msp.c **** {
  27              		.loc 1 65 1 view -0
  28              		.cfi_startproc
  29              		@ args = 0, pretend = 0, frame = 8
  30              		@ frame_needed = 0, uses_anonymous_args = 0
  31 0000 00B5     		push	{lr}
  32              		.cfi_def_cfa_offset 4
  33              		.cfi_offset 14, -4
  34 0002 83B0     		sub	sp, sp, #12
  35              		.cfi_def_cfa_offset 16
  66:Core/Src/stm32g0xx_hal_msp.c **** 
  67:Core/Src/stm32g0xx_hal_msp.c ****   /* USER CODE BEGIN MspInit 0 */
  68:Core/Src/stm32g0xx_hal_msp.c **** 
  69:Core/Src/stm32g0xx_hal_msp.c ****   /* USER CODE END MspInit 0 */
  70:Core/Src/stm32g0xx_hal_msp.c **** 
  71:Core/Src/stm32g0xx_hal_msp.c ****   __HAL_RCC_SYSCFG_CLK_ENABLE();
  36              		.loc 1 71 3 view .LVU1
  37              	.LBB2:
  38              		.loc 1 71 3 view .LVU2
  39              		.loc 1 71 3 view .LVU3
  40 0004 0B4B     		ldr	r3, .L2
  41 0006 196C     		ldr	r1, [r3, #64]
  42 0008 0122     		movs	r2, #1
  43 000a 1143     		orrs	r1, r2
  44 000c 1964     		str	r1, [r3, #64]
ARM GAS  C:\Users\sante\AppData\Local\Temp\ccnbsYDx.s 			page 3


  45              		.loc 1 71 3 view .LVU4
  46 000e 196C     		ldr	r1, [r3, #64]
  47 0010 0A40     		ands	r2, r1
  48 0012 0092     		str	r2, [sp]
  49              		.loc 1 71 3 view .LVU5
  50 0014 009A     		ldr	r2, [sp]
  51              	.LBE2:
  52              		.loc 1 71 3 view .LVU6
  72:Core/Src/stm32g0xx_hal_msp.c ****   __HAL_RCC_PWR_CLK_ENABLE();
  53              		.loc 1 72 3 view .LVU7
  54              	.LBB3:
  55              		.loc 1 72 3 view .LVU8
  56              		.loc 1 72 3 view .LVU9
  57 0016 DA6B     		ldr	r2, [r3, #60]
  58 0018 8021     		movs	r1, #128
  59 001a 4905     		lsls	r1, r1, #21
  60 001c 0A43     		orrs	r2, r1
  61 001e DA63     		str	r2, [r3, #60]
  62              		.loc 1 72 3 view .LVU10
  63 0020 DB6B     		ldr	r3, [r3, #60]
  64 0022 0B40     		ands	r3, r1
  65 0024 0193     		str	r3, [sp, #4]
  66              		.loc 1 72 3 view .LVU11
  67 0026 019B     		ldr	r3, [sp, #4]
  68              	.LBE3:
  69              		.loc 1 72 3 view .LVU12
  73:Core/Src/stm32g0xx_hal_msp.c **** 
  74:Core/Src/stm32g0xx_hal_msp.c ****   /* System interrupt init*/
  75:Core/Src/stm32g0xx_hal_msp.c **** 
  76:Core/Src/stm32g0xx_hal_msp.c ****   /** Disable the internal Pull-Up in Dead Battery pins of UCPD peripheral
  77:Core/Src/stm32g0xx_hal_msp.c ****   */
  78:Core/Src/stm32g0xx_hal_msp.c ****   HAL_SYSCFG_StrobeDBattpinsConfig(SYSCFG_CFGR1_UCPD1_STROBE | SYSCFG_CFGR1_UCPD2_STROBE);
  70              		.loc 1 78 3 view .LVU13
  71 0028 C020     		movs	r0, #192
  72 002a C000     		lsls	r0, r0, #3
  73 002c FFF7FEFF 		bl	HAL_SYSCFG_StrobeDBattpinsConfig
  74              	.LVL0:
  79:Core/Src/stm32g0xx_hal_msp.c **** 
  80:Core/Src/stm32g0xx_hal_msp.c ****   /* USER CODE BEGIN MspInit 1 */
  81:Core/Src/stm32g0xx_hal_msp.c **** 
  82:Core/Src/stm32g0xx_hal_msp.c ****   /* USER CODE END MspInit 1 */
  83:Core/Src/stm32g0xx_hal_msp.c **** }
  75              		.loc 1 83 1 is_stmt 0 view .LVU14
  76 0030 03B0     		add	sp, sp, #12
  77              		@ sp needed
  78 0032 00BD     		pop	{pc}
  79              	.L3:
  80              		.align	2
  81              	.L2:
  82 0034 00100240 		.word	1073876992
  83              		.cfi_endproc
  84              	.LFE493:
  86              		.section	.text.HAL_ADC_MspInit,"ax",%progbits
  87              		.align	1
  88              		.global	HAL_ADC_MspInit
  89              		.syntax unified
  90              		.code	16
ARM GAS  C:\Users\sante\AppData\Local\Temp\ccnbsYDx.s 			page 4


  91              		.thumb_func
  93              	HAL_ADC_MspInit:
  94              	.LVL1:
  95              	.LFB494:
  84:Core/Src/stm32g0xx_hal_msp.c **** 
  85:Core/Src/stm32g0xx_hal_msp.c **** /**
  86:Core/Src/stm32g0xx_hal_msp.c ****   * @brief ADC MSP Initialization
  87:Core/Src/stm32g0xx_hal_msp.c ****   * This function configures the hardware resources used in this example
  88:Core/Src/stm32g0xx_hal_msp.c ****   * @param hadc: ADC handle pointer
  89:Core/Src/stm32g0xx_hal_msp.c ****   * @retval None
  90:Core/Src/stm32g0xx_hal_msp.c ****   */
  91:Core/Src/stm32g0xx_hal_msp.c **** void HAL_ADC_MspInit(ADC_HandleTypeDef* hadc)
  92:Core/Src/stm32g0xx_hal_msp.c **** {
  96              		.loc 1 92 1 is_stmt 1 view -0
  97              		.cfi_startproc
  98              		@ args = 0, pretend = 0, frame = 32
  99              		@ frame_needed = 0, uses_anonymous_args = 0
 100              		.loc 1 92 1 is_stmt 0 view .LVU16
 101 0000 10B5     		push	{r4, lr}
 102              		.cfi_def_cfa_offset 8
 103              		.cfi_offset 4, -8
 104              		.cfi_offset 14, -4
 105 0002 88B0     		sub	sp, sp, #32
 106              		.cfi_def_cfa_offset 40
 107 0004 0400     		movs	r4, r0
  93:Core/Src/stm32g0xx_hal_msp.c ****   GPIO_InitTypeDef GPIO_InitStruct = {0};
 108              		.loc 1 93 3 is_stmt 1 view .LVU17
 109              		.loc 1 93 20 is_stmt 0 view .LVU18
 110 0006 1422     		movs	r2, #20
 111 0008 0021     		movs	r1, #0
 112 000a 03A8     		add	r0, sp, #12
 113              	.LVL2:
 114              		.loc 1 93 20 view .LVU19
 115 000c FFF7FEFF 		bl	memset
 116              	.LVL3:
  94:Core/Src/stm32g0xx_hal_msp.c ****   if(hadc->Instance==ADC1)
 117              		.loc 1 94 3 is_stmt 1 view .LVU20
 118              		.loc 1 94 10 is_stmt 0 view .LVU21
 119 0010 2268     		ldr	r2, [r4]
 120              		.loc 1 94 5 view .LVU22
 121 0012 1E4B     		ldr	r3, .L9
 122 0014 9A42     		cmp	r2, r3
 123 0016 01D0     		beq	.L7
 124              	.L4:
  95:Core/Src/stm32g0xx_hal_msp.c ****   {
  96:Core/Src/stm32g0xx_hal_msp.c ****     /* USER CODE BEGIN ADC1_MspInit 0 */
  97:Core/Src/stm32g0xx_hal_msp.c **** 
  98:Core/Src/stm32g0xx_hal_msp.c ****     /* USER CODE END ADC1_MspInit 0 */
  99:Core/Src/stm32g0xx_hal_msp.c ****     /* Peripheral clock enable */
 100:Core/Src/stm32g0xx_hal_msp.c ****     __HAL_RCC_ADC_CLK_ENABLE();
 101:Core/Src/stm32g0xx_hal_msp.c **** 
 102:Core/Src/stm32g0xx_hal_msp.c ****     __HAL_RCC_GPIOA_CLK_ENABLE();
 103:Core/Src/stm32g0xx_hal_msp.c ****     /**ADC1 GPIO Configuration
 104:Core/Src/stm32g0xx_hal_msp.c ****     PA0     ------> ADC1_IN0
 105:Core/Src/stm32g0xx_hal_msp.c ****     */
 106:Core/Src/stm32g0xx_hal_msp.c ****     GPIO_InitStruct.Pin = GPIO_PIN_0;
 107:Core/Src/stm32g0xx_hal_msp.c ****     GPIO_InitStruct.Mode = GPIO_MODE_ANALOG;
ARM GAS  C:\Users\sante\AppData\Local\Temp\ccnbsYDx.s 			page 5


 108:Core/Src/stm32g0xx_hal_msp.c ****     GPIO_InitStruct.Pull = GPIO_NOPULL;
 109:Core/Src/stm32g0xx_hal_msp.c ****     HAL_GPIO_Init(GPIOA, &GPIO_InitStruct);
 110:Core/Src/stm32g0xx_hal_msp.c **** 
 111:Core/Src/stm32g0xx_hal_msp.c ****     /* ADC1 DMA Init */
 112:Core/Src/stm32g0xx_hal_msp.c ****     /* ADC1 Init */
 113:Core/Src/stm32g0xx_hal_msp.c ****     hdma_adc1.Instance = DMA1_Channel1;
 114:Core/Src/stm32g0xx_hal_msp.c ****     hdma_adc1.Init.Request = DMA_REQUEST_ADC1;
 115:Core/Src/stm32g0xx_hal_msp.c ****     hdma_adc1.Init.Direction = DMA_PERIPH_TO_MEMORY;
 116:Core/Src/stm32g0xx_hal_msp.c ****     hdma_adc1.Init.PeriphInc = DMA_PINC_DISABLE;
 117:Core/Src/stm32g0xx_hal_msp.c ****     hdma_adc1.Init.MemInc = DMA_MINC_ENABLE;
 118:Core/Src/stm32g0xx_hal_msp.c ****     hdma_adc1.Init.PeriphDataAlignment = DMA_PDATAALIGN_HALFWORD;
 119:Core/Src/stm32g0xx_hal_msp.c ****     hdma_adc1.Init.MemDataAlignment = DMA_MDATAALIGN_HALFWORD;
 120:Core/Src/stm32g0xx_hal_msp.c ****     hdma_adc1.Init.Mode = DMA_CIRCULAR;
 121:Core/Src/stm32g0xx_hal_msp.c ****     hdma_adc1.Init.Priority = DMA_PRIORITY_LOW;
 122:Core/Src/stm32g0xx_hal_msp.c ****     if (HAL_DMA_Init(&hdma_adc1) != HAL_OK)
 123:Core/Src/stm32g0xx_hal_msp.c ****     {
 124:Core/Src/stm32g0xx_hal_msp.c ****       Error_Handler();
 125:Core/Src/stm32g0xx_hal_msp.c ****     }
 126:Core/Src/stm32g0xx_hal_msp.c **** 
 127:Core/Src/stm32g0xx_hal_msp.c ****     __HAL_LINKDMA(hadc,DMA_Handle,hdma_adc1);
 128:Core/Src/stm32g0xx_hal_msp.c **** 
 129:Core/Src/stm32g0xx_hal_msp.c ****     /* USER CODE BEGIN ADC1_MspInit 1 */
 130:Core/Src/stm32g0xx_hal_msp.c **** 
 131:Core/Src/stm32g0xx_hal_msp.c ****     /* USER CODE END ADC1_MspInit 1 */
 132:Core/Src/stm32g0xx_hal_msp.c **** 
 133:Core/Src/stm32g0xx_hal_msp.c ****   }
 134:Core/Src/stm32g0xx_hal_msp.c **** 
 135:Core/Src/stm32g0xx_hal_msp.c **** }
 125              		.loc 1 135 1 view .LVU23
 126 0018 08B0     		add	sp, sp, #32
 127              		@ sp needed
 128              	.LVL4:
 129              		.loc 1 135 1 view .LVU24
 130 001a 10BD     		pop	{r4, pc}
 131              	.LVL5:
 132              	.L7:
 100:Core/Src/stm32g0xx_hal_msp.c **** 
 133              		.loc 1 100 5 is_stmt 1 view .LVU25
 134              	.LBB4:
 100:Core/Src/stm32g0xx_hal_msp.c **** 
 135              		.loc 1 100 5 view .LVU26
 100:Core/Src/stm32g0xx_hal_msp.c **** 
 136              		.loc 1 100 5 view .LVU27
 137 001c 1C4B     		ldr	r3, .L9+4
 138 001e 1A6C     		ldr	r2, [r3, #64]
 139 0020 8021     		movs	r1, #128
 140 0022 4903     		lsls	r1, r1, #13
 141 0024 0A43     		orrs	r2, r1
 142 0026 1A64     		str	r2, [r3, #64]
 100:Core/Src/stm32g0xx_hal_msp.c **** 
 143              		.loc 1 100 5 view .LVU28
 144 0028 1A6C     		ldr	r2, [r3, #64]
 145 002a 0A40     		ands	r2, r1
 146 002c 0192     		str	r2, [sp, #4]
 100:Core/Src/stm32g0xx_hal_msp.c **** 
 147              		.loc 1 100 5 view .LVU29
 148 002e 019A     		ldr	r2, [sp, #4]
ARM GAS  C:\Users\sante\AppData\Local\Temp\ccnbsYDx.s 			page 6


 149              	.LBE4:
 100:Core/Src/stm32g0xx_hal_msp.c **** 
 150              		.loc 1 100 5 view .LVU30
 102:Core/Src/stm32g0xx_hal_msp.c ****     /**ADC1 GPIO Configuration
 151              		.loc 1 102 5 view .LVU31
 152              	.LBB5:
 102:Core/Src/stm32g0xx_hal_msp.c ****     /**ADC1 GPIO Configuration
 153              		.loc 1 102 5 view .LVU32
 102:Core/Src/stm32g0xx_hal_msp.c ****     /**ADC1 GPIO Configuration
 154              		.loc 1 102 5 view .LVU33
 155 0030 596B     		ldr	r1, [r3, #52]
 156 0032 0122     		movs	r2, #1
 157 0034 1143     		orrs	r1, r2
 158 0036 5963     		str	r1, [r3, #52]
 102:Core/Src/stm32g0xx_hal_msp.c ****     /**ADC1 GPIO Configuration
 159              		.loc 1 102 5 view .LVU34
 160 0038 5B6B     		ldr	r3, [r3, #52]
 161 003a 1340     		ands	r3, r2
 162 003c 0293     		str	r3, [sp, #8]
 102:Core/Src/stm32g0xx_hal_msp.c ****     /**ADC1 GPIO Configuration
 163              		.loc 1 102 5 view .LVU35
 164 003e 029B     		ldr	r3, [sp, #8]
 165              	.LBE5:
 102:Core/Src/stm32g0xx_hal_msp.c ****     /**ADC1 GPIO Configuration
 166              		.loc 1 102 5 view .LVU36
 106:Core/Src/stm32g0xx_hal_msp.c ****     GPIO_InitStruct.Mode = GPIO_MODE_ANALOG;
 167              		.loc 1 106 5 view .LVU37
 106:Core/Src/stm32g0xx_hal_msp.c ****     GPIO_InitStruct.Mode = GPIO_MODE_ANALOG;
 168              		.loc 1 106 25 is_stmt 0 view .LVU38
 169 0040 03A9     		add	r1, sp, #12
 170 0042 0392     		str	r2, [sp, #12]
 107:Core/Src/stm32g0xx_hal_msp.c ****     GPIO_InitStruct.Pull = GPIO_NOPULL;
 171              		.loc 1 107 5 is_stmt 1 view .LVU39
 107:Core/Src/stm32g0xx_hal_msp.c ****     GPIO_InitStruct.Pull = GPIO_NOPULL;
 172              		.loc 1 107 26 is_stmt 0 view .LVU40
 173 0044 0323     		movs	r3, #3
 174 0046 4B60     		str	r3, [r1, #4]
 108:Core/Src/stm32g0xx_hal_msp.c ****     HAL_GPIO_Init(GPIOA, &GPIO_InitStruct);
 175              		.loc 1 108 5 is_stmt 1 view .LVU41
 109:Core/Src/stm32g0xx_hal_msp.c **** 
 176              		.loc 1 109 5 view .LVU42
 177 0048 A020     		movs	r0, #160
 178 004a C005     		lsls	r0, r0, #23
 179 004c FFF7FEFF 		bl	HAL_GPIO_Init
 180              	.LVL6:
 113:Core/Src/stm32g0xx_hal_msp.c ****     hdma_adc1.Init.Request = DMA_REQUEST_ADC1;
 181              		.loc 1 113 5 view .LVU43
 113:Core/Src/stm32g0xx_hal_msp.c ****     hdma_adc1.Init.Request = DMA_REQUEST_ADC1;
 182              		.loc 1 113 24 is_stmt 0 view .LVU44
 183 0050 1048     		ldr	r0, .L9+8
 184 0052 114B     		ldr	r3, .L9+12
 185 0054 0360     		str	r3, [r0]
 114:Core/Src/stm32g0xx_hal_msp.c ****     hdma_adc1.Init.Direction = DMA_PERIPH_TO_MEMORY;
 186              		.loc 1 114 5 is_stmt 1 view .LVU45
 114:Core/Src/stm32g0xx_hal_msp.c ****     hdma_adc1.Init.Direction = DMA_PERIPH_TO_MEMORY;
 187              		.loc 1 114 28 is_stmt 0 view .LVU46
 188 0056 0523     		movs	r3, #5
ARM GAS  C:\Users\sante\AppData\Local\Temp\ccnbsYDx.s 			page 7


 189 0058 4360     		str	r3, [r0, #4]
 115:Core/Src/stm32g0xx_hal_msp.c ****     hdma_adc1.Init.PeriphInc = DMA_PINC_DISABLE;
 190              		.loc 1 115 5 is_stmt 1 view .LVU47
 115:Core/Src/stm32g0xx_hal_msp.c ****     hdma_adc1.Init.PeriphInc = DMA_PINC_DISABLE;
 191              		.loc 1 115 30 is_stmt 0 view .LVU48
 192 005a 0023     		movs	r3, #0
 193 005c 8360     		str	r3, [r0, #8]
 116:Core/Src/stm32g0xx_hal_msp.c ****     hdma_adc1.Init.MemInc = DMA_MINC_ENABLE;
 194              		.loc 1 116 5 is_stmt 1 view .LVU49
 116:Core/Src/stm32g0xx_hal_msp.c ****     hdma_adc1.Init.MemInc = DMA_MINC_ENABLE;
 195              		.loc 1 116 30 is_stmt 0 view .LVU50
 196 005e C360     		str	r3, [r0, #12]
 117:Core/Src/stm32g0xx_hal_msp.c ****     hdma_adc1.Init.PeriphDataAlignment = DMA_PDATAALIGN_HALFWORD;
 197              		.loc 1 117 5 is_stmt 1 view .LVU51
 117:Core/Src/stm32g0xx_hal_msp.c ****     hdma_adc1.Init.PeriphDataAlignment = DMA_PDATAALIGN_HALFWORD;
 198              		.loc 1 117 27 is_stmt 0 view .LVU52
 199 0060 8022     		movs	r2, #128
 200 0062 0261     		str	r2, [r0, #16]
 118:Core/Src/stm32g0xx_hal_msp.c ****     hdma_adc1.Init.MemDataAlignment = DMA_MDATAALIGN_HALFWORD;
 201              		.loc 1 118 5 is_stmt 1 view .LVU53
 118:Core/Src/stm32g0xx_hal_msp.c ****     hdma_adc1.Init.MemDataAlignment = DMA_MDATAALIGN_HALFWORD;
 202              		.loc 1 118 40 is_stmt 0 view .LVU54
 203 0064 8032     		adds	r2, r2, #128
 204 0066 4261     		str	r2, [r0, #20]
 119:Core/Src/stm32g0xx_hal_msp.c ****     hdma_adc1.Init.Mode = DMA_CIRCULAR;
 205              		.loc 1 119 5 is_stmt 1 view .LVU55
 119:Core/Src/stm32g0xx_hal_msp.c ****     hdma_adc1.Init.Mode = DMA_CIRCULAR;
 206              		.loc 1 119 37 is_stmt 0 view .LVU56
 207 0068 8022     		movs	r2, #128
 208 006a D200     		lsls	r2, r2, #3
 209 006c 8261     		str	r2, [r0, #24]
 120:Core/Src/stm32g0xx_hal_msp.c ****     hdma_adc1.Init.Priority = DMA_PRIORITY_LOW;
 210              		.loc 1 120 5 is_stmt 1 view .LVU57
 120:Core/Src/stm32g0xx_hal_msp.c ****     hdma_adc1.Init.Priority = DMA_PRIORITY_LOW;
 211              		.loc 1 120 25 is_stmt 0 view .LVU58
 212 006e 2022     		movs	r2, #32
 213 0070 C261     		str	r2, [r0, #28]
 121:Core/Src/stm32g0xx_hal_msp.c ****     if (HAL_DMA_Init(&hdma_adc1) != HAL_OK)
 214              		.loc 1 121 5 is_stmt 1 view .LVU59
 121:Core/Src/stm32g0xx_hal_msp.c ****     if (HAL_DMA_Init(&hdma_adc1) != HAL_OK)
 215              		.loc 1 121 29 is_stmt 0 view .LVU60
 216 0072 0362     		str	r3, [r0, #32]
 122:Core/Src/stm32g0xx_hal_msp.c ****     {
 217              		.loc 1 122 5 is_stmt 1 view .LVU61
 122:Core/Src/stm32g0xx_hal_msp.c ****     {
 218              		.loc 1 122 9 is_stmt 0 view .LVU62
 219 0074 FFF7FEFF 		bl	HAL_DMA_Init
 220              	.LVL7:
 122:Core/Src/stm32g0xx_hal_msp.c ****     {
 221              		.loc 1 122 8 discriminator 1 view .LVU63
 222 0078 0028     		cmp	r0, #0
 223 007a 03D1     		bne	.L8
 224              	.L6:
 127:Core/Src/stm32g0xx_hal_msp.c **** 
 225              		.loc 1 127 5 is_stmt 1 view .LVU64
 127:Core/Src/stm32g0xx_hal_msp.c **** 
 226              		.loc 1 127 5 view .LVU65
ARM GAS  C:\Users\sante\AppData\Local\Temp\ccnbsYDx.s 			page 8


 227 007c 054B     		ldr	r3, .L9+8
 228 007e 2365     		str	r3, [r4, #80]
 127:Core/Src/stm32g0xx_hal_msp.c **** 
 229              		.loc 1 127 5 view .LVU66
 230 0080 9C62     		str	r4, [r3, #40]
 127:Core/Src/stm32g0xx_hal_msp.c **** 
 231              		.loc 1 127 5 discriminator 1 view .LVU67
 232              		.loc 1 135 1 is_stmt 0 view .LVU68
 233 0082 C9E7     		b	.L4
 234              	.L8:
 124:Core/Src/stm32g0xx_hal_msp.c ****     }
 235              		.loc 1 124 7 is_stmt 1 view .LVU69
 236 0084 FFF7FEFF 		bl	Error_Handler
 237              	.LVL8:
 238 0088 F8E7     		b	.L6
 239              	.L10:
 240 008a C046     		.align	2
 241              	.L9:
 242 008c 00240140 		.word	1073816576
 243 0090 00100240 		.word	1073876992
 244 0094 00000000 		.word	hdma_adc1
 245 0098 08000240 		.word	1073872904
 246              		.cfi_endproc
 247              	.LFE494:
 249              		.section	.text.HAL_ADC_MspDeInit,"ax",%progbits
 250              		.align	1
 251              		.global	HAL_ADC_MspDeInit
 252              		.syntax unified
 253              		.code	16
 254              		.thumb_func
 256              	HAL_ADC_MspDeInit:
 257              	.LVL9:
 258              	.LFB495:
 136:Core/Src/stm32g0xx_hal_msp.c **** 
 137:Core/Src/stm32g0xx_hal_msp.c **** /**
 138:Core/Src/stm32g0xx_hal_msp.c ****   * @brief ADC MSP De-Initialization
 139:Core/Src/stm32g0xx_hal_msp.c ****   * This function freeze the hardware resources used in this example
 140:Core/Src/stm32g0xx_hal_msp.c ****   * @param hadc: ADC handle pointer
 141:Core/Src/stm32g0xx_hal_msp.c ****   * @retval None
 142:Core/Src/stm32g0xx_hal_msp.c ****   */
 143:Core/Src/stm32g0xx_hal_msp.c **** void HAL_ADC_MspDeInit(ADC_HandleTypeDef* hadc)
 144:Core/Src/stm32g0xx_hal_msp.c **** {
 259              		.loc 1 144 1 view -0
 260              		.cfi_startproc
 261              		@ args = 0, pretend = 0, frame = 0
 262              		@ frame_needed = 0, uses_anonymous_args = 0
 263              		.loc 1 144 1 is_stmt 0 view .LVU71
 264 0000 10B5     		push	{r4, lr}
 265              		.cfi_def_cfa_offset 8
 266              		.cfi_offset 4, -8
 267              		.cfi_offset 14, -4
 268 0002 0400     		movs	r4, r0
 145:Core/Src/stm32g0xx_hal_msp.c ****   if(hadc->Instance==ADC1)
 269              		.loc 1 145 3 is_stmt 1 view .LVU72
 270              		.loc 1 145 10 is_stmt 0 view .LVU73
 271 0004 0268     		ldr	r2, [r0]
 272              		.loc 1 145 5 view .LVU74
ARM GAS  C:\Users\sante\AppData\Local\Temp\ccnbsYDx.s 			page 9


 273 0006 094B     		ldr	r3, .L14
 274 0008 9A42     		cmp	r2, r3
 275 000a 00D0     		beq	.L13
 276              	.LVL10:
 277              	.L11:
 146:Core/Src/stm32g0xx_hal_msp.c ****   {
 147:Core/Src/stm32g0xx_hal_msp.c ****     /* USER CODE BEGIN ADC1_MspDeInit 0 */
 148:Core/Src/stm32g0xx_hal_msp.c **** 
 149:Core/Src/stm32g0xx_hal_msp.c ****     /* USER CODE END ADC1_MspDeInit 0 */
 150:Core/Src/stm32g0xx_hal_msp.c ****     /* Peripheral clock disable */
 151:Core/Src/stm32g0xx_hal_msp.c ****     __HAL_RCC_ADC_CLK_DISABLE();
 152:Core/Src/stm32g0xx_hal_msp.c **** 
 153:Core/Src/stm32g0xx_hal_msp.c ****     /**ADC1 GPIO Configuration
 154:Core/Src/stm32g0xx_hal_msp.c ****     PA0     ------> ADC1_IN0
 155:Core/Src/stm32g0xx_hal_msp.c ****     */
 156:Core/Src/stm32g0xx_hal_msp.c ****     HAL_GPIO_DeInit(GPIOA, GPIO_PIN_0);
 157:Core/Src/stm32g0xx_hal_msp.c **** 
 158:Core/Src/stm32g0xx_hal_msp.c ****     /* ADC1 DMA DeInit */
 159:Core/Src/stm32g0xx_hal_msp.c ****     HAL_DMA_DeInit(hadc->DMA_Handle);
 160:Core/Src/stm32g0xx_hal_msp.c ****     /* USER CODE BEGIN ADC1_MspDeInit 1 */
 161:Core/Src/stm32g0xx_hal_msp.c **** 
 162:Core/Src/stm32g0xx_hal_msp.c ****     /* USER CODE END ADC1_MspDeInit 1 */
 163:Core/Src/stm32g0xx_hal_msp.c ****   }
 164:Core/Src/stm32g0xx_hal_msp.c **** 
 165:Core/Src/stm32g0xx_hal_msp.c **** }
 278              		.loc 1 165 1 view .LVU75
 279              		@ sp needed
 280              	.LVL11:
 281              		.loc 1 165 1 view .LVU76
 282 000c 10BD     		pop	{r4, pc}
 283              	.LVL12:
 284              	.L13:
 151:Core/Src/stm32g0xx_hal_msp.c **** 
 285              		.loc 1 151 5 is_stmt 1 view .LVU77
 286 000e 084A     		ldr	r2, .L14+4
 287 0010 136C     		ldr	r3, [r2, #64]
 288 0012 0849     		ldr	r1, .L14+8
 289 0014 0B40     		ands	r3, r1
 290 0016 1364     		str	r3, [r2, #64]
 156:Core/Src/stm32g0xx_hal_msp.c **** 
 291              		.loc 1 156 5 view .LVU78
 292 0018 A020     		movs	r0, #160
 293              	.LVL13:
 156:Core/Src/stm32g0xx_hal_msp.c **** 
 294              		.loc 1 156 5 is_stmt 0 view .LVU79
 295 001a 0121     		movs	r1, #1
 296 001c C005     		lsls	r0, r0, #23
 297 001e FFF7FEFF 		bl	HAL_GPIO_DeInit
 298              	.LVL14:
 159:Core/Src/stm32g0xx_hal_msp.c ****     /* USER CODE BEGIN ADC1_MspDeInit 1 */
 299              		.loc 1 159 5 is_stmt 1 view .LVU80
 300 0022 206D     		ldr	r0, [r4, #80]
 301 0024 FFF7FEFF 		bl	HAL_DMA_DeInit
 302              	.LVL15:
 303              		.loc 1 165 1 is_stmt 0 view .LVU81
 304 0028 F0E7     		b	.L11
 305              	.L15:
ARM GAS  C:\Users\sante\AppData\Local\Temp\ccnbsYDx.s 			page 10


 306 002a C046     		.align	2
 307              	.L14:
 308 002c 00240140 		.word	1073816576
 309 0030 00100240 		.word	1073876992
 310 0034 FFFFEFFF 		.word	-1048577
 311              		.cfi_endproc
 312              	.LFE495:
 314              		.section	.text.HAL_FDCAN_MspInit,"ax",%progbits
 315              		.align	1
 316              		.global	HAL_FDCAN_MspInit
 317              		.syntax unified
 318              		.code	16
 319              		.thumb_func
 321              	HAL_FDCAN_MspInit:
 322              	.LVL16:
 323              	.LFB496:
 166:Core/Src/stm32g0xx_hal_msp.c **** 
 167:Core/Src/stm32g0xx_hal_msp.c **** /**
 168:Core/Src/stm32g0xx_hal_msp.c ****   * @brief FDCAN MSP Initialization
 169:Core/Src/stm32g0xx_hal_msp.c ****   * This function configures the hardware resources used in this example
 170:Core/Src/stm32g0xx_hal_msp.c ****   * @param hfdcan: FDCAN handle pointer
 171:Core/Src/stm32g0xx_hal_msp.c ****   * @retval None
 172:Core/Src/stm32g0xx_hal_msp.c ****   */
 173:Core/Src/stm32g0xx_hal_msp.c **** void HAL_FDCAN_MspInit(FDCAN_HandleTypeDef* hfdcan)
 174:Core/Src/stm32g0xx_hal_msp.c **** {
 324              		.loc 1 174 1 is_stmt 1 view -0
 325              		.cfi_startproc
 326              		@ args = 0, pretend = 0, frame = 104
 327              		@ frame_needed = 0, uses_anonymous_args = 0
 328              		.loc 1 174 1 is_stmt 0 view .LVU83
 329 0000 10B5     		push	{r4, lr}
 330              		.cfi_def_cfa_offset 8
 331              		.cfi_offset 4, -8
 332              		.cfi_offset 14, -4
 333 0002 9AB0     		sub	sp, sp, #104
 334              		.cfi_def_cfa_offset 112
 335 0004 0400     		movs	r4, r0
 175:Core/Src/stm32g0xx_hal_msp.c ****   GPIO_InitTypeDef GPIO_InitStruct = {0};
 336              		.loc 1 175 3 is_stmt 1 view .LVU84
 337              		.loc 1 175 20 is_stmt 0 view .LVU85
 338 0006 1422     		movs	r2, #20
 339 0008 0021     		movs	r1, #0
 340 000a 15A8     		add	r0, sp, #84
 341              	.LVL17:
 342              		.loc 1 175 20 view .LVU86
 343 000c FFF7FEFF 		bl	memset
 344              	.LVL18:
 176:Core/Src/stm32g0xx_hal_msp.c ****   RCC_PeriphCLKInitTypeDef PeriphClkInit = {0};
 345              		.loc 1 176 3 is_stmt 1 view .LVU87
 346              		.loc 1 176 28 is_stmt 0 view .LVU88
 347 0010 4C22     		movs	r2, #76
 348 0012 0021     		movs	r1, #0
 349 0014 02A8     		add	r0, sp, #8
 350 0016 FFF7FEFF 		bl	memset
 351              	.LVL19:
 177:Core/Src/stm32g0xx_hal_msp.c ****   if(hfdcan->Instance==FDCAN1)
 352              		.loc 1 177 3 is_stmt 1 view .LVU89
ARM GAS  C:\Users\sante\AppData\Local\Temp\ccnbsYDx.s 			page 11


 353              		.loc 1 177 12 is_stmt 0 view .LVU90
 354 001a 2268     		ldr	r2, [r4]
 355              		.loc 1 177 5 view .LVU91
 356 001c 184B     		ldr	r3, .L21
 357 001e 9A42     		cmp	r2, r3
 358 0020 01D0     		beq	.L19
 359              	.L16:
 178:Core/Src/stm32g0xx_hal_msp.c ****   {
 179:Core/Src/stm32g0xx_hal_msp.c ****     /* USER CODE BEGIN FDCAN1_MspInit 0 */
 180:Core/Src/stm32g0xx_hal_msp.c **** 
 181:Core/Src/stm32g0xx_hal_msp.c ****     /* USER CODE END FDCAN1_MspInit 0 */
 182:Core/Src/stm32g0xx_hal_msp.c **** 
 183:Core/Src/stm32g0xx_hal_msp.c ****   /** Initializes the peripherals clocks
 184:Core/Src/stm32g0xx_hal_msp.c ****   */
 185:Core/Src/stm32g0xx_hal_msp.c ****     PeriphClkInit.PeriphClockSelection = RCC_PERIPHCLK_FDCAN;
 186:Core/Src/stm32g0xx_hal_msp.c ****     PeriphClkInit.FdcanClockSelection = RCC_FDCANCLKSOURCE_PCLK1;
 187:Core/Src/stm32g0xx_hal_msp.c **** 
 188:Core/Src/stm32g0xx_hal_msp.c ****     if (HAL_RCCEx_PeriphCLKConfig(&PeriphClkInit) != HAL_OK)
 189:Core/Src/stm32g0xx_hal_msp.c ****     {
 190:Core/Src/stm32g0xx_hal_msp.c ****       Error_Handler();
 191:Core/Src/stm32g0xx_hal_msp.c ****     }
 192:Core/Src/stm32g0xx_hal_msp.c **** 
 193:Core/Src/stm32g0xx_hal_msp.c ****     /* Peripheral clock enable */
 194:Core/Src/stm32g0xx_hal_msp.c ****     __HAL_RCC_FDCAN_CLK_ENABLE();
 195:Core/Src/stm32g0xx_hal_msp.c **** 
 196:Core/Src/stm32g0xx_hal_msp.c ****     __HAL_RCC_GPIOA_CLK_ENABLE();
 197:Core/Src/stm32g0xx_hal_msp.c ****     /**FDCAN1 GPIO Configuration
 198:Core/Src/stm32g0xx_hal_msp.c ****     PA11 [PA9]     ------> FDCAN1_RX
 199:Core/Src/stm32g0xx_hal_msp.c ****     PA12 [PA10]     ------> FDCAN1_TX
 200:Core/Src/stm32g0xx_hal_msp.c ****     */
 201:Core/Src/stm32g0xx_hal_msp.c ****     GPIO_InitStruct.Pin = GPIO_PIN_11|GPIO_PIN_12;
 202:Core/Src/stm32g0xx_hal_msp.c ****     GPIO_InitStruct.Mode = GPIO_MODE_AF_PP;
 203:Core/Src/stm32g0xx_hal_msp.c ****     GPIO_InitStruct.Pull = GPIO_NOPULL;
 204:Core/Src/stm32g0xx_hal_msp.c ****     GPIO_InitStruct.Speed = GPIO_SPEED_FREQ_LOW;
 205:Core/Src/stm32g0xx_hal_msp.c ****     GPIO_InitStruct.Alternate = GPIO_AF3_FDCAN1;
 206:Core/Src/stm32g0xx_hal_msp.c ****     HAL_GPIO_Init(GPIOA, &GPIO_InitStruct);
 207:Core/Src/stm32g0xx_hal_msp.c **** 
 208:Core/Src/stm32g0xx_hal_msp.c ****     /* USER CODE BEGIN FDCAN1_MspInit 1 */
 209:Core/Src/stm32g0xx_hal_msp.c **** 
 210:Core/Src/stm32g0xx_hal_msp.c ****     /* USER CODE END FDCAN1_MspInit 1 */
 211:Core/Src/stm32g0xx_hal_msp.c **** 
 212:Core/Src/stm32g0xx_hal_msp.c ****   }
 213:Core/Src/stm32g0xx_hal_msp.c **** 
 214:Core/Src/stm32g0xx_hal_msp.c **** }
 360              		.loc 1 214 1 view .LVU92
 361 0022 1AB0     		add	sp, sp, #104
 362              		@ sp needed
 363              	.LVL20:
 364              		.loc 1 214 1 view .LVU93
 365 0024 10BD     		pop	{r4, pc}
 366              	.LVL21:
 367              	.L19:
 185:Core/Src/stm32g0xx_hal_msp.c ****     PeriphClkInit.FdcanClockSelection = RCC_FDCANCLKSOURCE_PCLK1;
 368              		.loc 1 185 5 is_stmt 1 view .LVU94
 185:Core/Src/stm32g0xx_hal_msp.c ****     PeriphClkInit.FdcanClockSelection = RCC_FDCANCLKSOURCE_PCLK1;
 369              		.loc 1 185 40 is_stmt 0 view .LVU95
 370 0026 8023     		movs	r3, #128
ARM GAS  C:\Users\sante\AppData\Local\Temp\ccnbsYDx.s 			page 12


 371 0028 9B04     		lsls	r3, r3, #18
 372 002a 0293     		str	r3, [sp, #8]
 186:Core/Src/stm32g0xx_hal_msp.c **** 
 373              		.loc 1 186 5 is_stmt 1 view .LVU96
 188:Core/Src/stm32g0xx_hal_msp.c ****     {
 374              		.loc 1 188 5 view .LVU97
 188:Core/Src/stm32g0xx_hal_msp.c ****     {
 375              		.loc 1 188 9 is_stmt 0 view .LVU98
 376 002c 02A8     		add	r0, sp, #8
 377 002e FFF7FEFF 		bl	HAL_RCCEx_PeriphCLKConfig
 378              	.LVL22:
 188:Core/Src/stm32g0xx_hal_msp.c ****     {
 379              		.loc 1 188 8 discriminator 1 view .LVU99
 380 0032 0028     		cmp	r0, #0
 381 0034 21D1     		bne	.L20
 382              	.L18:
 194:Core/Src/stm32g0xx_hal_msp.c **** 
 383              		.loc 1 194 5 is_stmt 1 view .LVU100
 384              	.LBB6:
 194:Core/Src/stm32g0xx_hal_msp.c **** 
 385              		.loc 1 194 5 view .LVU101
 194:Core/Src/stm32g0xx_hal_msp.c **** 
 386              		.loc 1 194 5 view .LVU102
 387 0036 134B     		ldr	r3, .L21+4
 388 0038 DA6B     		ldr	r2, [r3, #60]
 389 003a 8021     		movs	r1, #128
 390 003c 4901     		lsls	r1, r1, #5
 391 003e 0A43     		orrs	r2, r1
 392 0040 DA63     		str	r2, [r3, #60]
 194:Core/Src/stm32g0xx_hal_msp.c **** 
 393              		.loc 1 194 5 view .LVU103
 394 0042 DA6B     		ldr	r2, [r3, #60]
 395 0044 0A40     		ands	r2, r1
 396 0046 0092     		str	r2, [sp]
 194:Core/Src/stm32g0xx_hal_msp.c **** 
 397              		.loc 1 194 5 view .LVU104
 398 0048 009A     		ldr	r2, [sp]
 399              	.LBE6:
 194:Core/Src/stm32g0xx_hal_msp.c **** 
 400              		.loc 1 194 5 view .LVU105
 196:Core/Src/stm32g0xx_hal_msp.c ****     /**FDCAN1 GPIO Configuration
 401              		.loc 1 196 5 view .LVU106
 402              	.LBB7:
 196:Core/Src/stm32g0xx_hal_msp.c ****     /**FDCAN1 GPIO Configuration
 403              		.loc 1 196 5 view .LVU107
 196:Core/Src/stm32g0xx_hal_msp.c ****     /**FDCAN1 GPIO Configuration
 404              		.loc 1 196 5 view .LVU108
 405 004a 596B     		ldr	r1, [r3, #52]
 406 004c 0122     		movs	r2, #1
 407 004e 1143     		orrs	r1, r2
 408 0050 5963     		str	r1, [r3, #52]
 196:Core/Src/stm32g0xx_hal_msp.c ****     /**FDCAN1 GPIO Configuration
 409              		.loc 1 196 5 view .LVU109
 410 0052 5B6B     		ldr	r3, [r3, #52]
 411 0054 1A40     		ands	r2, r3
 412 0056 0192     		str	r2, [sp, #4]
 196:Core/Src/stm32g0xx_hal_msp.c ****     /**FDCAN1 GPIO Configuration
ARM GAS  C:\Users\sante\AppData\Local\Temp\ccnbsYDx.s 			page 13


 413              		.loc 1 196 5 view .LVU110
 414 0058 019B     		ldr	r3, [sp, #4]
 415              	.LBE7:
 196:Core/Src/stm32g0xx_hal_msp.c ****     /**FDCAN1 GPIO Configuration
 416              		.loc 1 196 5 view .LVU111
 201:Core/Src/stm32g0xx_hal_msp.c ****     GPIO_InitStruct.Mode = GPIO_MODE_AF_PP;
 417              		.loc 1 201 5 view .LVU112
 201:Core/Src/stm32g0xx_hal_msp.c ****     GPIO_InitStruct.Mode = GPIO_MODE_AF_PP;
 418              		.loc 1 201 25 is_stmt 0 view .LVU113
 419 005a 15A9     		add	r1, sp, #84
 420 005c C023     		movs	r3, #192
 421 005e 5B01     		lsls	r3, r3, #5
 422 0060 1593     		str	r3, [sp, #84]
 202:Core/Src/stm32g0xx_hal_msp.c ****     GPIO_InitStruct.Pull = GPIO_NOPULL;
 423              		.loc 1 202 5 is_stmt 1 view .LVU114
 202:Core/Src/stm32g0xx_hal_msp.c ****     GPIO_InitStruct.Pull = GPIO_NOPULL;
 424              		.loc 1 202 26 is_stmt 0 view .LVU115
 425 0062 0223     		movs	r3, #2
 426 0064 4B60     		str	r3, [r1, #4]
 203:Core/Src/stm32g0xx_hal_msp.c ****     GPIO_InitStruct.Speed = GPIO_SPEED_FREQ_LOW;
 427              		.loc 1 203 5 is_stmt 1 view .LVU116
 203:Core/Src/stm32g0xx_hal_msp.c ****     GPIO_InitStruct.Speed = GPIO_SPEED_FREQ_LOW;
 428              		.loc 1 203 26 is_stmt 0 view .LVU117
 429 0066 0023     		movs	r3, #0
 430 0068 8B60     		str	r3, [r1, #8]
 204:Core/Src/stm32g0xx_hal_msp.c ****     GPIO_InitStruct.Alternate = GPIO_AF3_FDCAN1;
 431              		.loc 1 204 5 is_stmt 1 view .LVU118
 204:Core/Src/stm32g0xx_hal_msp.c ****     GPIO_InitStruct.Alternate = GPIO_AF3_FDCAN1;
 432              		.loc 1 204 27 is_stmt 0 view .LVU119
 433 006a CB60     		str	r3, [r1, #12]
 205:Core/Src/stm32g0xx_hal_msp.c ****     HAL_GPIO_Init(GPIOA, &GPIO_InitStruct);
 434              		.loc 1 205 5 is_stmt 1 view .LVU120
 205:Core/Src/stm32g0xx_hal_msp.c ****     HAL_GPIO_Init(GPIOA, &GPIO_InitStruct);
 435              		.loc 1 205 31 is_stmt 0 view .LVU121
 436 006c 0333     		adds	r3, r3, #3
 437 006e 0B61     		str	r3, [r1, #16]
 206:Core/Src/stm32g0xx_hal_msp.c **** 
 438              		.loc 1 206 5 is_stmt 1 view .LVU122
 439 0070 A020     		movs	r0, #160
 440 0072 C005     		lsls	r0, r0, #23
 441 0074 FFF7FEFF 		bl	HAL_GPIO_Init
 442              	.LVL23:
 443              		.loc 1 214 1 is_stmt 0 view .LVU123
 444 0078 D3E7     		b	.L16
 445              	.L20:
 190:Core/Src/stm32g0xx_hal_msp.c ****     }
 446              		.loc 1 190 7 is_stmt 1 view .LVU124
 447 007a FFF7FEFF 		bl	Error_Handler
 448              	.LVL24:
 449 007e DAE7     		b	.L18
 450              	.L22:
 451              		.align	2
 452              	.L21:
 453 0080 00640040 		.word	1073767424
 454 0084 00100240 		.word	1073876992
 455              		.cfi_endproc
 456              	.LFE496:
ARM GAS  C:\Users\sante\AppData\Local\Temp\ccnbsYDx.s 			page 14


 458              		.section	.text.HAL_FDCAN_MspDeInit,"ax",%progbits
 459              		.align	1
 460              		.global	HAL_FDCAN_MspDeInit
 461              		.syntax unified
 462              		.code	16
 463              		.thumb_func
 465              	HAL_FDCAN_MspDeInit:
 466              	.LVL25:
 467              	.LFB497:
 215:Core/Src/stm32g0xx_hal_msp.c **** 
 216:Core/Src/stm32g0xx_hal_msp.c **** /**
 217:Core/Src/stm32g0xx_hal_msp.c ****   * @brief FDCAN MSP De-Initialization
 218:Core/Src/stm32g0xx_hal_msp.c ****   * This function freeze the hardware resources used in this example
 219:Core/Src/stm32g0xx_hal_msp.c ****   * @param hfdcan: FDCAN handle pointer
 220:Core/Src/stm32g0xx_hal_msp.c ****   * @retval None
 221:Core/Src/stm32g0xx_hal_msp.c ****   */
 222:Core/Src/stm32g0xx_hal_msp.c **** void HAL_FDCAN_MspDeInit(FDCAN_HandleTypeDef* hfdcan)
 223:Core/Src/stm32g0xx_hal_msp.c **** {
 468              		.loc 1 223 1 view -0
 469              		.cfi_startproc
 470              		@ args = 0, pretend = 0, frame = 0
 471              		@ frame_needed = 0, uses_anonymous_args = 0
 472              		.loc 1 223 1 is_stmt 0 view .LVU126
 473 0000 10B5     		push	{r4, lr}
 474              		.cfi_def_cfa_offset 8
 475              		.cfi_offset 4, -8
 476              		.cfi_offset 14, -4
 224:Core/Src/stm32g0xx_hal_msp.c ****   if(hfdcan->Instance==FDCAN1)
 477              		.loc 1 224 3 is_stmt 1 view .LVU127
 478              		.loc 1 224 12 is_stmt 0 view .LVU128
 479 0002 0268     		ldr	r2, [r0]
 480              		.loc 1 224 5 view .LVU129
 481 0004 074B     		ldr	r3, .L26
 482 0006 9A42     		cmp	r2, r3
 483 0008 00D0     		beq	.L25
 484              	.LVL26:
 485              	.L23:
 225:Core/Src/stm32g0xx_hal_msp.c ****   {
 226:Core/Src/stm32g0xx_hal_msp.c ****     /* USER CODE BEGIN FDCAN1_MspDeInit 0 */
 227:Core/Src/stm32g0xx_hal_msp.c **** 
 228:Core/Src/stm32g0xx_hal_msp.c ****     /* USER CODE END FDCAN1_MspDeInit 0 */
 229:Core/Src/stm32g0xx_hal_msp.c ****     /* Peripheral clock disable */
 230:Core/Src/stm32g0xx_hal_msp.c ****     __HAL_RCC_FDCAN_CLK_DISABLE();
 231:Core/Src/stm32g0xx_hal_msp.c **** 
 232:Core/Src/stm32g0xx_hal_msp.c ****     /**FDCAN1 GPIO Configuration
 233:Core/Src/stm32g0xx_hal_msp.c ****     PA11 [PA9]     ------> FDCAN1_RX
 234:Core/Src/stm32g0xx_hal_msp.c ****     PA12 [PA10]     ------> FDCAN1_TX
 235:Core/Src/stm32g0xx_hal_msp.c ****     */
 236:Core/Src/stm32g0xx_hal_msp.c ****     HAL_GPIO_DeInit(GPIOA, GPIO_PIN_11|GPIO_PIN_12);
 237:Core/Src/stm32g0xx_hal_msp.c **** 
 238:Core/Src/stm32g0xx_hal_msp.c ****     /* USER CODE BEGIN FDCAN1_MspDeInit 1 */
 239:Core/Src/stm32g0xx_hal_msp.c **** 
 240:Core/Src/stm32g0xx_hal_msp.c ****     /* USER CODE END FDCAN1_MspDeInit 1 */
 241:Core/Src/stm32g0xx_hal_msp.c ****   }
 242:Core/Src/stm32g0xx_hal_msp.c **** 
 243:Core/Src/stm32g0xx_hal_msp.c **** }
 486              		.loc 1 243 1 view .LVU130
ARM GAS  C:\Users\sante\AppData\Local\Temp\ccnbsYDx.s 			page 15


 487              		@ sp needed
 488 000a 10BD     		pop	{r4, pc}
 489              	.LVL27:
 490              	.L25:
 230:Core/Src/stm32g0xx_hal_msp.c **** 
 491              		.loc 1 230 5 is_stmt 1 view .LVU131
 492 000c 064A     		ldr	r2, .L26+4
 493 000e D36B     		ldr	r3, [r2, #60]
 494 0010 0649     		ldr	r1, .L26+8
 495 0012 0B40     		ands	r3, r1
 496 0014 D363     		str	r3, [r2, #60]
 236:Core/Src/stm32g0xx_hal_msp.c **** 
 497              		.loc 1 236 5 view .LVU132
 498 0016 C021     		movs	r1, #192
 499 0018 A020     		movs	r0, #160
 500              	.LVL28:
 236:Core/Src/stm32g0xx_hal_msp.c **** 
 501              		.loc 1 236 5 is_stmt 0 view .LVU133
 502 001a 4901     		lsls	r1, r1, #5
 503 001c C005     		lsls	r0, r0, #23
 504 001e FFF7FEFF 		bl	HAL_GPIO_DeInit
 505              	.LVL29:
 506              		.loc 1 243 1 view .LVU134
 507 0022 F2E7     		b	.L23
 508              	.L27:
 509              		.align	2
 510              	.L26:
 511 0024 00640040 		.word	1073767424
 512 0028 00100240 		.word	1073876992
 513 002c FFEFFFFF 		.word	-4097
 514              		.cfi_endproc
 515              	.LFE497:
 517              		.section	.text.HAL_I2C_MspInit,"ax",%progbits
 518              		.align	1
 519              		.global	HAL_I2C_MspInit
 520              		.syntax unified
 521              		.code	16
 522              		.thumb_func
 524              	HAL_I2C_MspInit:
 525              	.LVL30:
 526              	.LFB498:
 244:Core/Src/stm32g0xx_hal_msp.c **** 
 245:Core/Src/stm32g0xx_hal_msp.c **** /**
 246:Core/Src/stm32g0xx_hal_msp.c ****   * @brief I2C MSP Initialization
 247:Core/Src/stm32g0xx_hal_msp.c ****   * This function configures the hardware resources used in this example
 248:Core/Src/stm32g0xx_hal_msp.c ****   * @param hi2c: I2C handle pointer
 249:Core/Src/stm32g0xx_hal_msp.c ****   * @retval None
 250:Core/Src/stm32g0xx_hal_msp.c ****   */
 251:Core/Src/stm32g0xx_hal_msp.c **** void HAL_I2C_MspInit(I2C_HandleTypeDef* hi2c)
 252:Core/Src/stm32g0xx_hal_msp.c **** {
 527              		.loc 1 252 1 is_stmt 1 view -0
 528              		.cfi_startproc
 529              		@ args = 0, pretend = 0, frame = 104
 530              		@ frame_needed = 0, uses_anonymous_args = 0
 531              		.loc 1 252 1 is_stmt 0 view .LVU136
 532 0000 10B5     		push	{r4, lr}
 533              		.cfi_def_cfa_offset 8
ARM GAS  C:\Users\sante\AppData\Local\Temp\ccnbsYDx.s 			page 16


 534              		.cfi_offset 4, -8
 535              		.cfi_offset 14, -4
 536 0002 9AB0     		sub	sp, sp, #104
 537              		.cfi_def_cfa_offset 112
 538 0004 0400     		movs	r4, r0
 253:Core/Src/stm32g0xx_hal_msp.c ****   GPIO_InitTypeDef GPIO_InitStruct = {0};
 539              		.loc 1 253 3 is_stmt 1 view .LVU137
 540              		.loc 1 253 20 is_stmt 0 view .LVU138
 541 0006 1422     		movs	r2, #20
 542 0008 0021     		movs	r1, #0
 543 000a 15A8     		add	r0, sp, #84
 544              	.LVL31:
 545              		.loc 1 253 20 view .LVU139
 546 000c FFF7FEFF 		bl	memset
 547              	.LVL32:
 254:Core/Src/stm32g0xx_hal_msp.c ****   RCC_PeriphCLKInitTypeDef PeriphClkInit = {0};
 548              		.loc 1 254 3 is_stmt 1 view .LVU140
 549              		.loc 1 254 28 is_stmt 0 view .LVU141
 550 0010 4C22     		movs	r2, #76
 551 0012 0021     		movs	r1, #0
 552 0014 02A8     		add	r0, sp, #8
 553 0016 FFF7FEFF 		bl	memset
 554              	.LVL33:
 255:Core/Src/stm32g0xx_hal_msp.c ****   if(hi2c->Instance==I2C1)
 555              		.loc 1 255 3 is_stmt 1 view .LVU142
 556              		.loc 1 255 10 is_stmt 0 view .LVU143
 557 001a 2268     		ldr	r2, [r4]
 558              		.loc 1 255 5 view .LVU144
 559 001c 174B     		ldr	r3, .L33
 560 001e 9A42     		cmp	r2, r3
 561 0020 01D0     		beq	.L31
 562              	.LVL34:
 563              	.L28:
 256:Core/Src/stm32g0xx_hal_msp.c ****   {
 257:Core/Src/stm32g0xx_hal_msp.c ****     /* USER CODE BEGIN I2C1_MspInit 0 */
 258:Core/Src/stm32g0xx_hal_msp.c **** 
 259:Core/Src/stm32g0xx_hal_msp.c ****     /* USER CODE END I2C1_MspInit 0 */
 260:Core/Src/stm32g0xx_hal_msp.c **** 
 261:Core/Src/stm32g0xx_hal_msp.c ****   /** Initializes the peripherals clocks
 262:Core/Src/stm32g0xx_hal_msp.c ****   */
 263:Core/Src/stm32g0xx_hal_msp.c ****     PeriphClkInit.PeriphClockSelection = RCC_PERIPHCLK_I2C1;
 264:Core/Src/stm32g0xx_hal_msp.c ****     PeriphClkInit.I2c1ClockSelection = RCC_I2C1CLKSOURCE_PCLK1;
 265:Core/Src/stm32g0xx_hal_msp.c ****     if (HAL_RCCEx_PeriphCLKConfig(&PeriphClkInit) != HAL_OK)
 266:Core/Src/stm32g0xx_hal_msp.c ****     {
 267:Core/Src/stm32g0xx_hal_msp.c ****       Error_Handler();
 268:Core/Src/stm32g0xx_hal_msp.c ****     }
 269:Core/Src/stm32g0xx_hal_msp.c **** 
 270:Core/Src/stm32g0xx_hal_msp.c ****     __HAL_RCC_GPIOB_CLK_ENABLE();
 271:Core/Src/stm32g0xx_hal_msp.c ****     /**I2C1 GPIO Configuration
 272:Core/Src/stm32g0xx_hal_msp.c ****     PB6     ------> I2C1_SCL
 273:Core/Src/stm32g0xx_hal_msp.c ****     PB7     ------> I2C1_SDA
 274:Core/Src/stm32g0xx_hal_msp.c ****     */
 275:Core/Src/stm32g0xx_hal_msp.c ****     GPIO_InitStruct.Pin = GPIO_PIN_6|GPIO_PIN_7;
 276:Core/Src/stm32g0xx_hal_msp.c ****     GPIO_InitStruct.Mode = GPIO_MODE_AF_OD;
 277:Core/Src/stm32g0xx_hal_msp.c ****     GPIO_InitStruct.Pull = GPIO_NOPULL;
 278:Core/Src/stm32g0xx_hal_msp.c ****     GPIO_InitStruct.Speed = GPIO_SPEED_FREQ_LOW;
 279:Core/Src/stm32g0xx_hal_msp.c ****     GPIO_InitStruct.Alternate = GPIO_AF6_I2C1;
ARM GAS  C:\Users\sante\AppData\Local\Temp\ccnbsYDx.s 			page 17


 280:Core/Src/stm32g0xx_hal_msp.c ****     HAL_GPIO_Init(GPIOB, &GPIO_InitStruct);
 281:Core/Src/stm32g0xx_hal_msp.c **** 
 282:Core/Src/stm32g0xx_hal_msp.c ****     /* Peripheral clock enable */
 283:Core/Src/stm32g0xx_hal_msp.c ****     __HAL_RCC_I2C1_CLK_ENABLE();
 284:Core/Src/stm32g0xx_hal_msp.c ****     /* USER CODE BEGIN I2C1_MspInit 1 */
 285:Core/Src/stm32g0xx_hal_msp.c **** 
 286:Core/Src/stm32g0xx_hal_msp.c ****     /* USER CODE END I2C1_MspInit 1 */
 287:Core/Src/stm32g0xx_hal_msp.c **** 
 288:Core/Src/stm32g0xx_hal_msp.c ****   }
 289:Core/Src/stm32g0xx_hal_msp.c **** 
 290:Core/Src/stm32g0xx_hal_msp.c **** }
 564              		.loc 1 290 1 view .LVU145
 565 0022 1AB0     		add	sp, sp, #104
 566              		@ sp needed
 567 0024 10BD     		pop	{r4, pc}
 568              	.LVL35:
 569              	.L31:
 263:Core/Src/stm32g0xx_hal_msp.c ****     PeriphClkInit.I2c1ClockSelection = RCC_I2C1CLKSOURCE_PCLK1;
 570              		.loc 1 263 5 is_stmt 1 view .LVU146
 263:Core/Src/stm32g0xx_hal_msp.c ****     PeriphClkInit.I2c1ClockSelection = RCC_I2C1CLKSOURCE_PCLK1;
 571              		.loc 1 263 40 is_stmt 0 view .LVU147
 572 0026 2023     		movs	r3, #32
 573 0028 0293     		str	r3, [sp, #8]
 264:Core/Src/stm32g0xx_hal_msp.c ****     if (HAL_RCCEx_PeriphCLKConfig(&PeriphClkInit) != HAL_OK)
 574              		.loc 1 264 5 is_stmt 1 view .LVU148
 265:Core/Src/stm32g0xx_hal_msp.c ****     {
 575              		.loc 1 265 5 view .LVU149
 265:Core/Src/stm32g0xx_hal_msp.c ****     {
 576              		.loc 1 265 9 is_stmt 0 view .LVU150
 577 002a 02A8     		add	r0, sp, #8
 578 002c FFF7FEFF 		bl	HAL_RCCEx_PeriphCLKConfig
 579              	.LVL36:
 265:Core/Src/stm32g0xx_hal_msp.c ****     {
 580              		.loc 1 265 8 discriminator 1 view .LVU151
 581 0030 0028     		cmp	r0, #0
 582 0032 1FD1     		bne	.L32
 583              	.L30:
 270:Core/Src/stm32g0xx_hal_msp.c ****     /**I2C1 GPIO Configuration
 584              		.loc 1 270 5 is_stmt 1 view .LVU152
 585              	.LBB8:
 270:Core/Src/stm32g0xx_hal_msp.c ****     /**I2C1 GPIO Configuration
 586              		.loc 1 270 5 view .LVU153
 270:Core/Src/stm32g0xx_hal_msp.c ****     /**I2C1 GPIO Configuration
 587              		.loc 1 270 5 view .LVU154
 588 0034 124C     		ldr	r4, .L33+4
 589              	.LVL37:
 270:Core/Src/stm32g0xx_hal_msp.c ****     /**I2C1 GPIO Configuration
 590              		.loc 1 270 5 is_stmt 0 view .LVU155
 591 0036 626B     		ldr	r2, [r4, #52]
 592 0038 0223     		movs	r3, #2
 593 003a 1A43     		orrs	r2, r3
 594 003c 6263     		str	r2, [r4, #52]
 270:Core/Src/stm32g0xx_hal_msp.c ****     /**I2C1 GPIO Configuration
 595              		.loc 1 270 5 is_stmt 1 view .LVU156
 596 003e 626B     		ldr	r2, [r4, #52]
 597 0040 1340     		ands	r3, r2
 598 0042 0093     		str	r3, [sp]
ARM GAS  C:\Users\sante\AppData\Local\Temp\ccnbsYDx.s 			page 18


 270:Core/Src/stm32g0xx_hal_msp.c ****     /**I2C1 GPIO Configuration
 599              		.loc 1 270 5 view .LVU157
 600 0044 009B     		ldr	r3, [sp]
 601              	.LBE8:
 270:Core/Src/stm32g0xx_hal_msp.c ****     /**I2C1 GPIO Configuration
 602              		.loc 1 270 5 view .LVU158
 275:Core/Src/stm32g0xx_hal_msp.c ****     GPIO_InitStruct.Mode = GPIO_MODE_AF_OD;
 603              		.loc 1 275 5 view .LVU159
 275:Core/Src/stm32g0xx_hal_msp.c ****     GPIO_InitStruct.Mode = GPIO_MODE_AF_OD;
 604              		.loc 1 275 25 is_stmt 0 view .LVU160
 605 0046 15A9     		add	r1, sp, #84
 606 0048 C023     		movs	r3, #192
 607 004a 1593     		str	r3, [sp, #84]
 276:Core/Src/stm32g0xx_hal_msp.c ****     GPIO_InitStruct.Pull = GPIO_NOPULL;
 608              		.loc 1 276 5 is_stmt 1 view .LVU161
 276:Core/Src/stm32g0xx_hal_msp.c ****     GPIO_InitStruct.Pull = GPIO_NOPULL;
 609              		.loc 1 276 26 is_stmt 0 view .LVU162
 610 004c AE3B     		subs	r3, r3, #174
 611 004e 4B60     		str	r3, [r1, #4]
 277:Core/Src/stm32g0xx_hal_msp.c ****     GPIO_InitStruct.Speed = GPIO_SPEED_FREQ_LOW;
 612              		.loc 1 277 5 is_stmt 1 view .LVU163
 277:Core/Src/stm32g0xx_hal_msp.c ****     GPIO_InitStruct.Speed = GPIO_SPEED_FREQ_LOW;
 613              		.loc 1 277 26 is_stmt 0 view .LVU164
 614 0050 0023     		movs	r3, #0
 615 0052 8B60     		str	r3, [r1, #8]
 278:Core/Src/stm32g0xx_hal_msp.c ****     GPIO_InitStruct.Alternate = GPIO_AF6_I2C1;
 616              		.loc 1 278 5 is_stmt 1 view .LVU165
 278:Core/Src/stm32g0xx_hal_msp.c ****     GPIO_InitStruct.Alternate = GPIO_AF6_I2C1;
 617              		.loc 1 278 27 is_stmt 0 view .LVU166
 618 0054 CB60     		str	r3, [r1, #12]
 279:Core/Src/stm32g0xx_hal_msp.c ****     HAL_GPIO_Init(GPIOB, &GPIO_InitStruct);
 619              		.loc 1 279 5 is_stmt 1 view .LVU167
 279:Core/Src/stm32g0xx_hal_msp.c ****     HAL_GPIO_Init(GPIOB, &GPIO_InitStruct);
 620              		.loc 1 279 31 is_stmt 0 view .LVU168
 621 0056 0633     		adds	r3, r3, #6
 622 0058 0B61     		str	r3, [r1, #16]
 280:Core/Src/stm32g0xx_hal_msp.c **** 
 623              		.loc 1 280 5 is_stmt 1 view .LVU169
 624 005a 0A48     		ldr	r0, .L33+8
 625 005c FFF7FEFF 		bl	HAL_GPIO_Init
 626              	.LVL38:
 283:Core/Src/stm32g0xx_hal_msp.c ****     /* USER CODE BEGIN I2C1_MspInit 1 */
 627              		.loc 1 283 5 view .LVU170
 628              	.LBB9:
 283:Core/Src/stm32g0xx_hal_msp.c ****     /* USER CODE BEGIN I2C1_MspInit 1 */
 629              		.loc 1 283 5 view .LVU171
 283:Core/Src/stm32g0xx_hal_msp.c ****     /* USER CODE BEGIN I2C1_MspInit 1 */
 630              		.loc 1 283 5 view .LVU172
 631 0060 E36B     		ldr	r3, [r4, #60]
 632 0062 8022     		movs	r2, #128
 633 0064 9203     		lsls	r2, r2, #14
 634 0066 1343     		orrs	r3, r2
 635 0068 E363     		str	r3, [r4, #60]
 283:Core/Src/stm32g0xx_hal_msp.c ****     /* USER CODE BEGIN I2C1_MspInit 1 */
 636              		.loc 1 283 5 view .LVU173
 637 006a E36B     		ldr	r3, [r4, #60]
 638 006c 1340     		ands	r3, r2
ARM GAS  C:\Users\sante\AppData\Local\Temp\ccnbsYDx.s 			page 19


 639 006e 0193     		str	r3, [sp, #4]
 283:Core/Src/stm32g0xx_hal_msp.c ****     /* USER CODE BEGIN I2C1_MspInit 1 */
 640              		.loc 1 283 5 view .LVU174
 641 0070 019B     		ldr	r3, [sp, #4]
 642              	.LBE9:
 283:Core/Src/stm32g0xx_hal_msp.c ****     /* USER CODE BEGIN I2C1_MspInit 1 */
 643              		.loc 1 283 5 discriminator 1 view .LVU175
 644              		.loc 1 290 1 is_stmt 0 view .LVU176
 645 0072 D6E7     		b	.L28
 646              	.LVL39:
 647              	.L32:
 267:Core/Src/stm32g0xx_hal_msp.c ****     }
 648              		.loc 1 267 7 is_stmt 1 view .LVU177
 649 0074 FFF7FEFF 		bl	Error_Handler
 650              	.LVL40:
 651 0078 DCE7     		b	.L30
 652              	.L34:
 653 007a C046     		.align	2
 654              	.L33:
 655 007c 00540040 		.word	1073763328
 656 0080 00100240 		.word	1073876992
 657 0084 00040050 		.word	1342178304
 658              		.cfi_endproc
 659              	.LFE498:
 661              		.section	.text.HAL_I2C_MspDeInit,"ax",%progbits
 662              		.align	1
 663              		.global	HAL_I2C_MspDeInit
 664              		.syntax unified
 665              		.code	16
 666              		.thumb_func
 668              	HAL_I2C_MspDeInit:
 669              	.LVL41:
 670              	.LFB499:
 291:Core/Src/stm32g0xx_hal_msp.c **** 
 292:Core/Src/stm32g0xx_hal_msp.c **** /**
 293:Core/Src/stm32g0xx_hal_msp.c ****   * @brief I2C MSP De-Initialization
 294:Core/Src/stm32g0xx_hal_msp.c ****   * This function freeze the hardware resources used in this example
 295:Core/Src/stm32g0xx_hal_msp.c ****   * @param hi2c: I2C handle pointer
 296:Core/Src/stm32g0xx_hal_msp.c ****   * @retval None
 297:Core/Src/stm32g0xx_hal_msp.c ****   */
 298:Core/Src/stm32g0xx_hal_msp.c **** void HAL_I2C_MspDeInit(I2C_HandleTypeDef* hi2c)
 299:Core/Src/stm32g0xx_hal_msp.c **** {
 671              		.loc 1 299 1 view -0
 672              		.cfi_startproc
 673              		@ args = 0, pretend = 0, frame = 0
 674              		@ frame_needed = 0, uses_anonymous_args = 0
 675              		.loc 1 299 1 is_stmt 0 view .LVU179
 676 0000 10B5     		push	{r4, lr}
 677              		.cfi_def_cfa_offset 8
 678              		.cfi_offset 4, -8
 679              		.cfi_offset 14, -4
 300:Core/Src/stm32g0xx_hal_msp.c ****   if(hi2c->Instance==I2C1)
 680              		.loc 1 300 3 is_stmt 1 view .LVU180
 681              		.loc 1 300 10 is_stmt 0 view .LVU181
 682 0002 0268     		ldr	r2, [r0]
 683              		.loc 1 300 5 view .LVU182
 684 0004 094B     		ldr	r3, .L38
ARM GAS  C:\Users\sante\AppData\Local\Temp\ccnbsYDx.s 			page 20


 685 0006 9A42     		cmp	r2, r3
 686 0008 00D0     		beq	.L37
 687              	.LVL42:
 688              	.L35:
 301:Core/Src/stm32g0xx_hal_msp.c ****   {
 302:Core/Src/stm32g0xx_hal_msp.c ****     /* USER CODE BEGIN I2C1_MspDeInit 0 */
 303:Core/Src/stm32g0xx_hal_msp.c **** 
 304:Core/Src/stm32g0xx_hal_msp.c ****     /* USER CODE END I2C1_MspDeInit 0 */
 305:Core/Src/stm32g0xx_hal_msp.c ****     /* Peripheral clock disable */
 306:Core/Src/stm32g0xx_hal_msp.c ****     __HAL_RCC_I2C1_CLK_DISABLE();
 307:Core/Src/stm32g0xx_hal_msp.c **** 
 308:Core/Src/stm32g0xx_hal_msp.c ****     /**I2C1 GPIO Configuration
 309:Core/Src/stm32g0xx_hal_msp.c ****     PB6     ------> I2C1_SCL
 310:Core/Src/stm32g0xx_hal_msp.c ****     PB7     ------> I2C1_SDA
 311:Core/Src/stm32g0xx_hal_msp.c ****     */
 312:Core/Src/stm32g0xx_hal_msp.c ****     HAL_GPIO_DeInit(GPIOB, GPIO_PIN_6);
 313:Core/Src/stm32g0xx_hal_msp.c **** 
 314:Core/Src/stm32g0xx_hal_msp.c ****     HAL_GPIO_DeInit(GPIOB, GPIO_PIN_7);
 315:Core/Src/stm32g0xx_hal_msp.c **** 
 316:Core/Src/stm32g0xx_hal_msp.c ****     /* USER CODE BEGIN I2C1_MspDeInit 1 */
 317:Core/Src/stm32g0xx_hal_msp.c **** 
 318:Core/Src/stm32g0xx_hal_msp.c ****     /* USER CODE END I2C1_MspDeInit 1 */
 319:Core/Src/stm32g0xx_hal_msp.c ****   }
 320:Core/Src/stm32g0xx_hal_msp.c **** 
 321:Core/Src/stm32g0xx_hal_msp.c **** }
 689              		.loc 1 321 1 view .LVU183
 690              		@ sp needed
 691 000a 10BD     		pop	{r4, pc}
 692              	.LVL43:
 693              	.L37:
 306:Core/Src/stm32g0xx_hal_msp.c **** 
 694              		.loc 1 306 5 is_stmt 1 view .LVU184
 695 000c 084A     		ldr	r2, .L38+4
 696 000e D36B     		ldr	r3, [r2, #60]
 697 0010 0849     		ldr	r1, .L38+8
 698 0012 0B40     		ands	r3, r1
 699 0014 D363     		str	r3, [r2, #60]
 312:Core/Src/stm32g0xx_hal_msp.c **** 
 700              		.loc 1 312 5 view .LVU185
 701 0016 084C     		ldr	r4, .L38+12
 702 0018 4021     		movs	r1, #64
 703 001a 2000     		movs	r0, r4
 704              	.LVL44:
 312:Core/Src/stm32g0xx_hal_msp.c **** 
 705              		.loc 1 312 5 is_stmt 0 view .LVU186
 706 001c FFF7FEFF 		bl	HAL_GPIO_DeInit
 707              	.LVL45:
 314:Core/Src/stm32g0xx_hal_msp.c **** 
 708              		.loc 1 314 5 is_stmt 1 view .LVU187
 709 0020 8021     		movs	r1, #128
 710 0022 2000     		movs	r0, r4
 711 0024 FFF7FEFF 		bl	HAL_GPIO_DeInit
 712              	.LVL46:
 713              		.loc 1 321 1 is_stmt 0 view .LVU188
 714 0028 EFE7     		b	.L35
 715              	.L39:
 716 002a C046     		.align	2
ARM GAS  C:\Users\sante\AppData\Local\Temp\ccnbsYDx.s 			page 21


 717              	.L38:
 718 002c 00540040 		.word	1073763328
 719 0030 00100240 		.word	1073876992
 720 0034 FFFFDFFF 		.word	-2097153
 721 0038 00040050 		.word	1342178304
 722              		.cfi_endproc
 723              	.LFE499:
 725              		.section	.text.HAL_SPI_MspInit,"ax",%progbits
 726              		.align	1
 727              		.global	HAL_SPI_MspInit
 728              		.syntax unified
 729              		.code	16
 730              		.thumb_func
 732              	HAL_SPI_MspInit:
 733              	.LVL47:
 734              	.LFB500:
 322:Core/Src/stm32g0xx_hal_msp.c **** 
 323:Core/Src/stm32g0xx_hal_msp.c **** /**
 324:Core/Src/stm32g0xx_hal_msp.c ****   * @brief SPI MSP Initialization
 325:Core/Src/stm32g0xx_hal_msp.c ****   * This function configures the hardware resources used in this example
 326:Core/Src/stm32g0xx_hal_msp.c ****   * @param hspi: SPI handle pointer
 327:Core/Src/stm32g0xx_hal_msp.c ****   * @retval None
 328:Core/Src/stm32g0xx_hal_msp.c ****   */
 329:Core/Src/stm32g0xx_hal_msp.c **** void HAL_SPI_MspInit(SPI_HandleTypeDef* hspi)
 330:Core/Src/stm32g0xx_hal_msp.c **** {
 735              		.loc 1 330 1 is_stmt 1 view -0
 736              		.cfi_startproc
 737              		@ args = 0, pretend = 0, frame = 40
 738              		@ frame_needed = 0, uses_anonymous_args = 0
 739              		.loc 1 330 1 is_stmt 0 view .LVU190
 740 0000 F0B5     		push	{r4, r5, r6, r7, lr}
 741              		.cfi_def_cfa_offset 20
 742              		.cfi_offset 4, -20
 743              		.cfi_offset 5, -16
 744              		.cfi_offset 6, -12
 745              		.cfi_offset 7, -8
 746              		.cfi_offset 14, -4
 747 0002 8BB0     		sub	sp, sp, #44
 748              		.cfi_def_cfa_offset 64
 749 0004 0400     		movs	r4, r0
 331:Core/Src/stm32g0xx_hal_msp.c ****   GPIO_InitTypeDef GPIO_InitStruct = {0};
 750              		.loc 1 331 3 is_stmt 1 view .LVU191
 751              		.loc 1 331 20 is_stmt 0 view .LVU192
 752 0006 1422     		movs	r2, #20
 753 0008 0021     		movs	r1, #0
 754 000a 05A8     		add	r0, sp, #20
 755              	.LVL48:
 756              		.loc 1 331 20 view .LVU193
 757 000c FFF7FEFF 		bl	memset
 758              	.LVL49:
 332:Core/Src/stm32g0xx_hal_msp.c ****   if(hspi->Instance==SPI1)
 759              		.loc 1 332 3 is_stmt 1 view .LVU194
 760              		.loc 1 332 10 is_stmt 0 view .LVU195
 761 0010 2368     		ldr	r3, [r4]
 762              		.loc 1 332 5 view .LVU196
 763 0012 304A     		ldr	r2, .L45
 764 0014 9342     		cmp	r3, r2
ARM GAS  C:\Users\sante\AppData\Local\Temp\ccnbsYDx.s 			page 22


 765 0016 04D0     		beq	.L43
 333:Core/Src/stm32g0xx_hal_msp.c ****   {
 334:Core/Src/stm32g0xx_hal_msp.c ****     /* USER CODE BEGIN SPI1_MspInit 0 */
 335:Core/Src/stm32g0xx_hal_msp.c **** 
 336:Core/Src/stm32g0xx_hal_msp.c ****     /* USER CODE END SPI1_MspInit 0 */
 337:Core/Src/stm32g0xx_hal_msp.c ****     /* Peripheral clock enable */
 338:Core/Src/stm32g0xx_hal_msp.c ****     __HAL_RCC_SPI1_CLK_ENABLE();
 339:Core/Src/stm32g0xx_hal_msp.c **** 
 340:Core/Src/stm32g0xx_hal_msp.c ****     __HAL_RCC_GPIOA_CLK_ENABLE();
 341:Core/Src/stm32g0xx_hal_msp.c ****     /**SPI1 GPIO Configuration
 342:Core/Src/stm32g0xx_hal_msp.c ****     PA1     ------> SPI1_SCK
 343:Core/Src/stm32g0xx_hal_msp.c ****     PA6     ------> SPI1_MISO
 344:Core/Src/stm32g0xx_hal_msp.c ****     PA7     ------> SPI1_MOSI
 345:Core/Src/stm32g0xx_hal_msp.c ****     */
 346:Core/Src/stm32g0xx_hal_msp.c ****     GPIO_InitStruct.Pin = GPIO_PIN_1|GPIO_PIN_6|GPIO_PIN_7;
 347:Core/Src/stm32g0xx_hal_msp.c ****     GPIO_InitStruct.Mode = GPIO_MODE_AF_PP;
 348:Core/Src/stm32g0xx_hal_msp.c ****     GPIO_InitStruct.Pull = GPIO_NOPULL;
 349:Core/Src/stm32g0xx_hal_msp.c ****     GPIO_InitStruct.Speed = GPIO_SPEED_FREQ_LOW;
 350:Core/Src/stm32g0xx_hal_msp.c ****     GPIO_InitStruct.Alternate = GPIO_AF0_SPI1;
 351:Core/Src/stm32g0xx_hal_msp.c ****     HAL_GPIO_Init(GPIOA, &GPIO_InitStruct);
 352:Core/Src/stm32g0xx_hal_msp.c **** 
 353:Core/Src/stm32g0xx_hal_msp.c ****     /* USER CODE BEGIN SPI1_MspInit 1 */
 354:Core/Src/stm32g0xx_hal_msp.c **** 
 355:Core/Src/stm32g0xx_hal_msp.c ****     /* USER CODE END SPI1_MspInit 1 */
 356:Core/Src/stm32g0xx_hal_msp.c ****   }
 357:Core/Src/stm32g0xx_hal_msp.c ****   else if(hspi->Instance==SPI2)
 766              		.loc 1 357 8 is_stmt 1 view .LVU197
 767              		.loc 1 357 10 is_stmt 0 view .LVU198
 768 0018 2F4A     		ldr	r2, .L45+4
 769 001a 9342     		cmp	r3, r2
 770 001c 1DD0     		beq	.L44
 771              	.LVL50:
 772              	.L40:
 358:Core/Src/stm32g0xx_hal_msp.c ****   {
 359:Core/Src/stm32g0xx_hal_msp.c ****     /* USER CODE BEGIN SPI2_MspInit 0 */
 360:Core/Src/stm32g0xx_hal_msp.c **** 
 361:Core/Src/stm32g0xx_hal_msp.c ****     /* USER CODE END SPI2_MspInit 0 */
 362:Core/Src/stm32g0xx_hal_msp.c ****     /* Peripheral clock enable */
 363:Core/Src/stm32g0xx_hal_msp.c ****     __HAL_RCC_SPI2_CLK_ENABLE();
 364:Core/Src/stm32g0xx_hal_msp.c **** 
 365:Core/Src/stm32g0xx_hal_msp.c ****     __HAL_RCC_GPIOA_CLK_ENABLE();
 366:Core/Src/stm32g0xx_hal_msp.c ****     __HAL_RCC_GPIOB_CLK_ENABLE();
 367:Core/Src/stm32g0xx_hal_msp.c ****     /**SPI2 GPIO Configuration
 368:Core/Src/stm32g0xx_hal_msp.c ****     PA3     ------> SPI2_MISO
 369:Core/Src/stm32g0xx_hal_msp.c ****     PA4     ------> SPI2_MOSI
 370:Core/Src/stm32g0xx_hal_msp.c ****     PB10     ------> SPI2_SCK
 371:Core/Src/stm32g0xx_hal_msp.c ****     */
 372:Core/Src/stm32g0xx_hal_msp.c ****     GPIO_InitStruct.Pin = GPIO_PIN_3;
 373:Core/Src/stm32g0xx_hal_msp.c ****     GPIO_InitStruct.Mode = GPIO_MODE_AF_PP;
 374:Core/Src/stm32g0xx_hal_msp.c ****     GPIO_InitStruct.Pull = GPIO_PULLUP;
 375:Core/Src/stm32g0xx_hal_msp.c ****     GPIO_InitStruct.Speed = GPIO_SPEED_FREQ_HIGH;
 376:Core/Src/stm32g0xx_hal_msp.c ****     GPIO_InitStruct.Alternate = GPIO_AF0_SPI2;
 377:Core/Src/stm32g0xx_hal_msp.c ****     HAL_GPIO_Init(GPIOA, &GPIO_InitStruct);
 378:Core/Src/stm32g0xx_hal_msp.c **** 
 379:Core/Src/stm32g0xx_hal_msp.c ****     GPIO_InitStruct.Pin = GPIO_PIN_4;
 380:Core/Src/stm32g0xx_hal_msp.c ****     GPIO_InitStruct.Mode = GPIO_MODE_AF_PP;
 381:Core/Src/stm32g0xx_hal_msp.c ****     GPIO_InitStruct.Pull = GPIO_PULLUP;
ARM GAS  C:\Users\sante\AppData\Local\Temp\ccnbsYDx.s 			page 23


 382:Core/Src/stm32g0xx_hal_msp.c ****     GPIO_InitStruct.Speed = GPIO_SPEED_FREQ_HIGH;
 383:Core/Src/stm32g0xx_hal_msp.c ****     GPIO_InitStruct.Alternate = GPIO_AF1_SPI2;
 384:Core/Src/stm32g0xx_hal_msp.c ****     HAL_GPIO_Init(GPIOA, &GPIO_InitStruct);
 385:Core/Src/stm32g0xx_hal_msp.c **** 
 386:Core/Src/stm32g0xx_hal_msp.c ****     GPIO_InitStruct.Pin = GPIO_PIN_10;
 387:Core/Src/stm32g0xx_hal_msp.c ****     GPIO_InitStruct.Mode = GPIO_MODE_AF_PP;
 388:Core/Src/stm32g0xx_hal_msp.c ****     GPIO_InitStruct.Pull = GPIO_PULLUP;
 389:Core/Src/stm32g0xx_hal_msp.c ****     GPIO_InitStruct.Speed = GPIO_SPEED_FREQ_HIGH;
 390:Core/Src/stm32g0xx_hal_msp.c ****     GPIO_InitStruct.Alternate = GPIO_AF5_SPI2;
 391:Core/Src/stm32g0xx_hal_msp.c ****     HAL_GPIO_Init(GPIOB, &GPIO_InitStruct);
 392:Core/Src/stm32g0xx_hal_msp.c **** 
 393:Core/Src/stm32g0xx_hal_msp.c ****     /* USER CODE BEGIN SPI2_MspInit 1 */
 394:Core/Src/stm32g0xx_hal_msp.c **** 
 395:Core/Src/stm32g0xx_hal_msp.c ****     /* USER CODE END SPI2_MspInit 1 */
 396:Core/Src/stm32g0xx_hal_msp.c ****   }
 397:Core/Src/stm32g0xx_hal_msp.c **** 
 398:Core/Src/stm32g0xx_hal_msp.c **** }
 773              		.loc 1 398 1 view .LVU199
 774 001e 0BB0     		add	sp, sp, #44
 775              		@ sp needed
 776 0020 F0BD     		pop	{r4, r5, r6, r7, pc}
 777              	.LVL51:
 778              	.L43:
 338:Core/Src/stm32g0xx_hal_msp.c **** 
 779              		.loc 1 338 5 is_stmt 1 view .LVU200
 780              	.LBB10:
 338:Core/Src/stm32g0xx_hal_msp.c **** 
 781              		.loc 1 338 5 view .LVU201
 338:Core/Src/stm32g0xx_hal_msp.c **** 
 782              		.loc 1 338 5 view .LVU202
 783 0022 2E4B     		ldr	r3, .L45+8
 784 0024 1A6C     		ldr	r2, [r3, #64]
 785 0026 8021     		movs	r1, #128
 786 0028 4901     		lsls	r1, r1, #5
 787 002a 0A43     		orrs	r2, r1
 788 002c 1A64     		str	r2, [r3, #64]
 338:Core/Src/stm32g0xx_hal_msp.c **** 
 789              		.loc 1 338 5 view .LVU203
 790 002e 1A6C     		ldr	r2, [r3, #64]
 791 0030 0A40     		ands	r2, r1
 792 0032 0092     		str	r2, [sp]
 338:Core/Src/stm32g0xx_hal_msp.c **** 
 793              		.loc 1 338 5 view .LVU204
 794 0034 009A     		ldr	r2, [sp]
 795              	.LBE10:
 338:Core/Src/stm32g0xx_hal_msp.c **** 
 796              		.loc 1 338 5 view .LVU205
 340:Core/Src/stm32g0xx_hal_msp.c ****     /**SPI1 GPIO Configuration
 797              		.loc 1 340 5 view .LVU206
 798              	.LBB11:
 340:Core/Src/stm32g0xx_hal_msp.c ****     /**SPI1 GPIO Configuration
 799              		.loc 1 340 5 view .LVU207
 340:Core/Src/stm32g0xx_hal_msp.c ****     /**SPI1 GPIO Configuration
 800              		.loc 1 340 5 view .LVU208
 801 0036 596B     		ldr	r1, [r3, #52]
 802 0038 0122     		movs	r2, #1
 803 003a 1143     		orrs	r1, r2
ARM GAS  C:\Users\sante\AppData\Local\Temp\ccnbsYDx.s 			page 24


 804 003c 5963     		str	r1, [r3, #52]
 340:Core/Src/stm32g0xx_hal_msp.c ****     /**SPI1 GPIO Configuration
 805              		.loc 1 340 5 view .LVU209
 806 003e 5B6B     		ldr	r3, [r3, #52]
 807 0040 1A40     		ands	r2, r3
 808 0042 0192     		str	r2, [sp, #4]
 340:Core/Src/stm32g0xx_hal_msp.c ****     /**SPI1 GPIO Configuration
 809              		.loc 1 340 5 view .LVU210
 810 0044 019B     		ldr	r3, [sp, #4]
 811              	.LBE11:
 340:Core/Src/stm32g0xx_hal_msp.c ****     /**SPI1 GPIO Configuration
 812              		.loc 1 340 5 view .LVU211
 346:Core/Src/stm32g0xx_hal_msp.c ****     GPIO_InitStruct.Mode = GPIO_MODE_AF_PP;
 813              		.loc 1 346 5 view .LVU212
 346:Core/Src/stm32g0xx_hal_msp.c ****     GPIO_InitStruct.Mode = GPIO_MODE_AF_PP;
 814              		.loc 1 346 25 is_stmt 0 view .LVU213
 815 0046 05A9     		add	r1, sp, #20
 816 0048 C223     		movs	r3, #194
 817 004a 0593     		str	r3, [sp, #20]
 347:Core/Src/stm32g0xx_hal_msp.c ****     GPIO_InitStruct.Pull = GPIO_NOPULL;
 818              		.loc 1 347 5 is_stmt 1 view .LVU214
 347:Core/Src/stm32g0xx_hal_msp.c ****     GPIO_InitStruct.Pull = GPIO_NOPULL;
 819              		.loc 1 347 26 is_stmt 0 view .LVU215
 820 004c C03B     		subs	r3, r3, #192
 821 004e 4B60     		str	r3, [r1, #4]
 348:Core/Src/stm32g0xx_hal_msp.c ****     GPIO_InitStruct.Speed = GPIO_SPEED_FREQ_LOW;
 822              		.loc 1 348 5 is_stmt 1 view .LVU216
 349:Core/Src/stm32g0xx_hal_msp.c ****     GPIO_InitStruct.Alternate = GPIO_AF0_SPI1;
 823              		.loc 1 349 5 view .LVU217
 350:Core/Src/stm32g0xx_hal_msp.c ****     HAL_GPIO_Init(GPIOA, &GPIO_InitStruct);
 824              		.loc 1 350 5 view .LVU218
 351:Core/Src/stm32g0xx_hal_msp.c **** 
 825              		.loc 1 351 5 view .LVU219
 826 0050 A020     		movs	r0, #160
 827 0052 C005     		lsls	r0, r0, #23
 828 0054 FFF7FEFF 		bl	HAL_GPIO_Init
 829              	.LVL52:
 830 0058 E1E7     		b	.L40
 831              	.L44:
 363:Core/Src/stm32g0xx_hal_msp.c **** 
 832              		.loc 1 363 5 view .LVU220
 833              	.LBB12:
 363:Core/Src/stm32g0xx_hal_msp.c **** 
 834              		.loc 1 363 5 view .LVU221
 363:Core/Src/stm32g0xx_hal_msp.c **** 
 835              		.loc 1 363 5 view .LVU222
 836 005a 204B     		ldr	r3, .L45+8
 837 005c DA6B     		ldr	r2, [r3, #60]
 838 005e 8021     		movs	r1, #128
 839 0060 C901     		lsls	r1, r1, #7
 840 0062 0A43     		orrs	r2, r1
 841 0064 DA63     		str	r2, [r3, #60]
 363:Core/Src/stm32g0xx_hal_msp.c **** 
 842              		.loc 1 363 5 view .LVU223
 843 0066 DA6B     		ldr	r2, [r3, #60]
 844 0068 0A40     		ands	r2, r1
 845 006a 0292     		str	r2, [sp, #8]
ARM GAS  C:\Users\sante\AppData\Local\Temp\ccnbsYDx.s 			page 25


 363:Core/Src/stm32g0xx_hal_msp.c **** 
 846              		.loc 1 363 5 view .LVU224
 847 006c 029A     		ldr	r2, [sp, #8]
 848              	.LBE12:
 363:Core/Src/stm32g0xx_hal_msp.c **** 
 849              		.loc 1 363 5 view .LVU225
 365:Core/Src/stm32g0xx_hal_msp.c ****     __HAL_RCC_GPIOB_CLK_ENABLE();
 850              		.loc 1 365 5 view .LVU226
 851              	.LBB13:
 365:Core/Src/stm32g0xx_hal_msp.c ****     __HAL_RCC_GPIOB_CLK_ENABLE();
 852              		.loc 1 365 5 view .LVU227
 365:Core/Src/stm32g0xx_hal_msp.c ****     __HAL_RCC_GPIOB_CLK_ENABLE();
 853              		.loc 1 365 5 view .LVU228
 854 006e 5A6B     		ldr	r2, [r3, #52]
 855 0070 0126     		movs	r6, #1
 856 0072 3243     		orrs	r2, r6
 857 0074 5A63     		str	r2, [r3, #52]
 365:Core/Src/stm32g0xx_hal_msp.c ****     __HAL_RCC_GPIOB_CLK_ENABLE();
 858              		.loc 1 365 5 view .LVU229
 859 0076 5A6B     		ldr	r2, [r3, #52]
 860 0078 3240     		ands	r2, r6
 861 007a 0392     		str	r2, [sp, #12]
 365:Core/Src/stm32g0xx_hal_msp.c ****     __HAL_RCC_GPIOB_CLK_ENABLE();
 862              		.loc 1 365 5 view .LVU230
 863 007c 039A     		ldr	r2, [sp, #12]
 864              	.LBE13:
 365:Core/Src/stm32g0xx_hal_msp.c ****     __HAL_RCC_GPIOB_CLK_ENABLE();
 865              		.loc 1 365 5 view .LVU231
 366:Core/Src/stm32g0xx_hal_msp.c ****     /**SPI2 GPIO Configuration
 866              		.loc 1 366 5 view .LVU232
 867              	.LBB14:
 366:Core/Src/stm32g0xx_hal_msp.c ****     /**SPI2 GPIO Configuration
 868              		.loc 1 366 5 view .LVU233
 366:Core/Src/stm32g0xx_hal_msp.c ****     /**SPI2 GPIO Configuration
 869              		.loc 1 366 5 view .LVU234
 870 007e 5A6B     		ldr	r2, [r3, #52]
 871 0080 0225     		movs	r5, #2
 872 0082 2A43     		orrs	r2, r5
 873 0084 5A63     		str	r2, [r3, #52]
 366:Core/Src/stm32g0xx_hal_msp.c ****     /**SPI2 GPIO Configuration
 874              		.loc 1 366 5 view .LVU235
 875 0086 5B6B     		ldr	r3, [r3, #52]
 876 0088 2B40     		ands	r3, r5
 877 008a 0493     		str	r3, [sp, #16]
 366:Core/Src/stm32g0xx_hal_msp.c ****     /**SPI2 GPIO Configuration
 878              		.loc 1 366 5 view .LVU236
 879 008c 049B     		ldr	r3, [sp, #16]
 880              	.LBE14:
 366:Core/Src/stm32g0xx_hal_msp.c ****     /**SPI2 GPIO Configuration
 881              		.loc 1 366 5 view .LVU237
 372:Core/Src/stm32g0xx_hal_msp.c ****     GPIO_InitStruct.Mode = GPIO_MODE_AF_PP;
 882              		.loc 1 372 5 view .LVU238
 372:Core/Src/stm32g0xx_hal_msp.c ****     GPIO_InitStruct.Mode = GPIO_MODE_AF_PP;
 883              		.loc 1 372 25 is_stmt 0 view .LVU239
 884 008e 05AC     		add	r4, sp, #20
 885              	.LVL53:
 372:Core/Src/stm32g0xx_hal_msp.c ****     GPIO_InitStruct.Mode = GPIO_MODE_AF_PP;
ARM GAS  C:\Users\sante\AppData\Local\Temp\ccnbsYDx.s 			page 26


 886              		.loc 1 372 25 view .LVU240
 887 0090 0823     		movs	r3, #8
 888 0092 0593     		str	r3, [sp, #20]
 373:Core/Src/stm32g0xx_hal_msp.c ****     GPIO_InitStruct.Pull = GPIO_PULLUP;
 889              		.loc 1 373 5 is_stmt 1 view .LVU241
 373:Core/Src/stm32g0xx_hal_msp.c ****     GPIO_InitStruct.Pull = GPIO_PULLUP;
 890              		.loc 1 373 26 is_stmt 0 view .LVU242
 891 0094 0695     		str	r5, [sp, #24]
 374:Core/Src/stm32g0xx_hal_msp.c ****     GPIO_InitStruct.Speed = GPIO_SPEED_FREQ_HIGH;
 892              		.loc 1 374 5 is_stmt 1 view .LVU243
 374:Core/Src/stm32g0xx_hal_msp.c ****     GPIO_InitStruct.Speed = GPIO_SPEED_FREQ_HIGH;
 893              		.loc 1 374 26 is_stmt 0 view .LVU244
 894 0096 0796     		str	r6, [sp, #28]
 375:Core/Src/stm32g0xx_hal_msp.c ****     GPIO_InitStruct.Alternate = GPIO_AF0_SPI2;
 895              		.loc 1 375 5 is_stmt 1 view .LVU245
 375:Core/Src/stm32g0xx_hal_msp.c ****     GPIO_InitStruct.Alternate = GPIO_AF0_SPI2;
 896              		.loc 1 375 27 is_stmt 0 view .LVU246
 897 0098 0895     		str	r5, [sp, #32]
 376:Core/Src/stm32g0xx_hal_msp.c ****     HAL_GPIO_Init(GPIOA, &GPIO_InitStruct);
 898              		.loc 1 376 5 is_stmt 1 view .LVU247
 377:Core/Src/stm32g0xx_hal_msp.c **** 
 899              		.loc 1 377 5 view .LVU248
 900 009a A027     		movs	r7, #160
 901 009c FF05     		lsls	r7, r7, #23
 902 009e 2100     		movs	r1, r4
 903 00a0 3800     		movs	r0, r7
 904 00a2 FFF7FEFF 		bl	HAL_GPIO_Init
 905              	.LVL54:
 379:Core/Src/stm32g0xx_hal_msp.c ****     GPIO_InitStruct.Mode = GPIO_MODE_AF_PP;
 906              		.loc 1 379 5 view .LVU249
 379:Core/Src/stm32g0xx_hal_msp.c ****     GPIO_InitStruct.Mode = GPIO_MODE_AF_PP;
 907              		.loc 1 379 25 is_stmt 0 view .LVU250
 908 00a6 1023     		movs	r3, #16
 909 00a8 0593     		str	r3, [sp, #20]
 380:Core/Src/stm32g0xx_hal_msp.c ****     GPIO_InitStruct.Pull = GPIO_PULLUP;
 910              		.loc 1 380 5 is_stmt 1 view .LVU251
 380:Core/Src/stm32g0xx_hal_msp.c ****     GPIO_InitStruct.Pull = GPIO_PULLUP;
 911              		.loc 1 380 26 is_stmt 0 view .LVU252
 912 00aa 0695     		str	r5, [sp, #24]
 381:Core/Src/stm32g0xx_hal_msp.c ****     GPIO_InitStruct.Speed = GPIO_SPEED_FREQ_HIGH;
 913              		.loc 1 381 5 is_stmt 1 view .LVU253
 381:Core/Src/stm32g0xx_hal_msp.c ****     GPIO_InitStruct.Speed = GPIO_SPEED_FREQ_HIGH;
 914              		.loc 1 381 26 is_stmt 0 view .LVU254
 915 00ac 0796     		str	r6, [sp, #28]
 382:Core/Src/stm32g0xx_hal_msp.c ****     GPIO_InitStruct.Alternate = GPIO_AF1_SPI2;
 916              		.loc 1 382 5 is_stmt 1 view .LVU255
 382:Core/Src/stm32g0xx_hal_msp.c ****     GPIO_InitStruct.Alternate = GPIO_AF1_SPI2;
 917              		.loc 1 382 27 is_stmt 0 view .LVU256
 918 00ae 0895     		str	r5, [sp, #32]
 383:Core/Src/stm32g0xx_hal_msp.c ****     HAL_GPIO_Init(GPIOA, &GPIO_InitStruct);
 919              		.loc 1 383 5 is_stmt 1 view .LVU257
 383:Core/Src/stm32g0xx_hal_msp.c ****     HAL_GPIO_Init(GPIOA, &GPIO_InitStruct);
 920              		.loc 1 383 31 is_stmt 0 view .LVU258
 921 00b0 0996     		str	r6, [sp, #36]
 384:Core/Src/stm32g0xx_hal_msp.c **** 
 922              		.loc 1 384 5 is_stmt 1 view .LVU259
 923 00b2 2100     		movs	r1, r4
ARM GAS  C:\Users\sante\AppData\Local\Temp\ccnbsYDx.s 			page 27


 924 00b4 3800     		movs	r0, r7
 925 00b6 FFF7FEFF 		bl	HAL_GPIO_Init
 926              	.LVL55:
 386:Core/Src/stm32g0xx_hal_msp.c ****     GPIO_InitStruct.Mode = GPIO_MODE_AF_PP;
 927              		.loc 1 386 5 view .LVU260
 386:Core/Src/stm32g0xx_hal_msp.c ****     GPIO_InitStruct.Mode = GPIO_MODE_AF_PP;
 928              		.loc 1 386 25 is_stmt 0 view .LVU261
 929 00ba 8023     		movs	r3, #128
 930 00bc DB00     		lsls	r3, r3, #3
 931 00be 0593     		str	r3, [sp, #20]
 387:Core/Src/stm32g0xx_hal_msp.c ****     GPIO_InitStruct.Pull = GPIO_PULLUP;
 932              		.loc 1 387 5 is_stmt 1 view .LVU262
 387:Core/Src/stm32g0xx_hal_msp.c ****     GPIO_InitStruct.Pull = GPIO_PULLUP;
 933              		.loc 1 387 26 is_stmt 0 view .LVU263
 934 00c0 0695     		str	r5, [sp, #24]
 388:Core/Src/stm32g0xx_hal_msp.c ****     GPIO_InitStruct.Speed = GPIO_SPEED_FREQ_HIGH;
 935              		.loc 1 388 5 is_stmt 1 view .LVU264
 388:Core/Src/stm32g0xx_hal_msp.c ****     GPIO_InitStruct.Speed = GPIO_SPEED_FREQ_HIGH;
 936              		.loc 1 388 26 is_stmt 0 view .LVU265
 937 00c2 0796     		str	r6, [sp, #28]
 389:Core/Src/stm32g0xx_hal_msp.c ****     GPIO_InitStruct.Alternate = GPIO_AF5_SPI2;
 938              		.loc 1 389 5 is_stmt 1 view .LVU266
 389:Core/Src/stm32g0xx_hal_msp.c ****     GPIO_InitStruct.Alternate = GPIO_AF5_SPI2;
 939              		.loc 1 389 27 is_stmt 0 view .LVU267
 940 00c4 0895     		str	r5, [sp, #32]
 390:Core/Src/stm32g0xx_hal_msp.c ****     HAL_GPIO_Init(GPIOB, &GPIO_InitStruct);
 941              		.loc 1 390 5 is_stmt 1 view .LVU268
 390:Core/Src/stm32g0xx_hal_msp.c ****     HAL_GPIO_Init(GPIOB, &GPIO_InitStruct);
 942              		.loc 1 390 31 is_stmt 0 view .LVU269
 943 00c6 0523     		movs	r3, #5
 944 00c8 0993     		str	r3, [sp, #36]
 391:Core/Src/stm32g0xx_hal_msp.c **** 
 945              		.loc 1 391 5 is_stmt 1 view .LVU270
 946 00ca 2100     		movs	r1, r4
 947 00cc 0448     		ldr	r0, .L45+12
 948 00ce FFF7FEFF 		bl	HAL_GPIO_Init
 949              	.LVL56:
 950              		.loc 1 398 1 is_stmt 0 view .LVU271
 951 00d2 A4E7     		b	.L40
 952              	.L46:
 953              		.align	2
 954              	.L45:
 955 00d4 00300140 		.word	1073819648
 956 00d8 00380040 		.word	1073756160
 957 00dc 00100240 		.word	1073876992
 958 00e0 00040050 		.word	1342178304
 959              		.cfi_endproc
 960              	.LFE500:
 962              		.section	.text.HAL_SPI_MspDeInit,"ax",%progbits
 963              		.align	1
 964              		.global	HAL_SPI_MspDeInit
 965              		.syntax unified
 966              		.code	16
 967              		.thumb_func
 969              	HAL_SPI_MspDeInit:
 970              	.LVL57:
 971              	.LFB501:
ARM GAS  C:\Users\sante\AppData\Local\Temp\ccnbsYDx.s 			page 28


 399:Core/Src/stm32g0xx_hal_msp.c **** 
 400:Core/Src/stm32g0xx_hal_msp.c **** /**
 401:Core/Src/stm32g0xx_hal_msp.c ****   * @brief SPI MSP De-Initialization
 402:Core/Src/stm32g0xx_hal_msp.c ****   * This function freeze the hardware resources used in this example
 403:Core/Src/stm32g0xx_hal_msp.c ****   * @param hspi: SPI handle pointer
 404:Core/Src/stm32g0xx_hal_msp.c ****   * @retval None
 405:Core/Src/stm32g0xx_hal_msp.c ****   */
 406:Core/Src/stm32g0xx_hal_msp.c **** void HAL_SPI_MspDeInit(SPI_HandleTypeDef* hspi)
 407:Core/Src/stm32g0xx_hal_msp.c **** {
 972              		.loc 1 407 1 is_stmt 1 view -0
 973              		.cfi_startproc
 974              		@ args = 0, pretend = 0, frame = 0
 975              		@ frame_needed = 0, uses_anonymous_args = 0
 976              		.loc 1 407 1 is_stmt 0 view .LVU273
 977 0000 10B5     		push	{r4, lr}
 978              		.cfi_def_cfa_offset 8
 979              		.cfi_offset 4, -8
 980              		.cfi_offset 14, -4
 408:Core/Src/stm32g0xx_hal_msp.c ****   if(hspi->Instance==SPI1)
 981              		.loc 1 408 3 is_stmt 1 view .LVU274
 982              		.loc 1 408 10 is_stmt 0 view .LVU275
 983 0002 0368     		ldr	r3, [r0]
 984              		.loc 1 408 5 view .LVU276
 985 0004 104A     		ldr	r2, .L52
 986 0006 9342     		cmp	r3, r2
 987 0008 03D0     		beq	.L50
 409:Core/Src/stm32g0xx_hal_msp.c ****   {
 410:Core/Src/stm32g0xx_hal_msp.c ****     /* USER CODE BEGIN SPI1_MspDeInit 0 */
 411:Core/Src/stm32g0xx_hal_msp.c **** 
 412:Core/Src/stm32g0xx_hal_msp.c ****     /* USER CODE END SPI1_MspDeInit 0 */
 413:Core/Src/stm32g0xx_hal_msp.c ****     /* Peripheral clock disable */
 414:Core/Src/stm32g0xx_hal_msp.c ****     __HAL_RCC_SPI1_CLK_DISABLE();
 415:Core/Src/stm32g0xx_hal_msp.c **** 
 416:Core/Src/stm32g0xx_hal_msp.c ****     /**SPI1 GPIO Configuration
 417:Core/Src/stm32g0xx_hal_msp.c ****     PA1     ------> SPI1_SCK
 418:Core/Src/stm32g0xx_hal_msp.c ****     PA6     ------> SPI1_MISO
 419:Core/Src/stm32g0xx_hal_msp.c ****     PA7     ------> SPI1_MOSI
 420:Core/Src/stm32g0xx_hal_msp.c ****     */
 421:Core/Src/stm32g0xx_hal_msp.c ****     HAL_GPIO_DeInit(GPIOA, GPIO_PIN_1|GPIO_PIN_6|GPIO_PIN_7);
 422:Core/Src/stm32g0xx_hal_msp.c **** 
 423:Core/Src/stm32g0xx_hal_msp.c ****     /* USER CODE BEGIN SPI1_MspDeInit 1 */
 424:Core/Src/stm32g0xx_hal_msp.c **** 
 425:Core/Src/stm32g0xx_hal_msp.c ****     /* USER CODE END SPI1_MspDeInit 1 */
 426:Core/Src/stm32g0xx_hal_msp.c ****   }
 427:Core/Src/stm32g0xx_hal_msp.c ****   else if(hspi->Instance==SPI2)
 988              		.loc 1 427 8 is_stmt 1 view .LVU277
 989              		.loc 1 427 10 is_stmt 0 view .LVU278
 990 000a 104A     		ldr	r2, .L52+4
 991 000c 9342     		cmp	r3, r2
 992 000e 0BD0     		beq	.L51
 993              	.LVL58:
 994              	.L47:
 428:Core/Src/stm32g0xx_hal_msp.c ****   {
 429:Core/Src/stm32g0xx_hal_msp.c ****     /* USER CODE BEGIN SPI2_MspDeInit 0 */
 430:Core/Src/stm32g0xx_hal_msp.c **** 
 431:Core/Src/stm32g0xx_hal_msp.c ****     /* USER CODE END SPI2_MspDeInit 0 */
 432:Core/Src/stm32g0xx_hal_msp.c ****     /* Peripheral clock disable */
ARM GAS  C:\Users\sante\AppData\Local\Temp\ccnbsYDx.s 			page 29


 433:Core/Src/stm32g0xx_hal_msp.c ****     __HAL_RCC_SPI2_CLK_DISABLE();
 434:Core/Src/stm32g0xx_hal_msp.c **** 
 435:Core/Src/stm32g0xx_hal_msp.c ****     /**SPI2 GPIO Configuration
 436:Core/Src/stm32g0xx_hal_msp.c ****     PA3     ------> SPI2_MISO
 437:Core/Src/stm32g0xx_hal_msp.c ****     PA4     ------> SPI2_MOSI
 438:Core/Src/stm32g0xx_hal_msp.c ****     PB10     ------> SPI2_SCK
 439:Core/Src/stm32g0xx_hal_msp.c ****     */
 440:Core/Src/stm32g0xx_hal_msp.c ****     HAL_GPIO_DeInit(GPIOA, GPIO_PIN_3|GPIO_PIN_4);
 441:Core/Src/stm32g0xx_hal_msp.c **** 
 442:Core/Src/stm32g0xx_hal_msp.c ****     HAL_GPIO_DeInit(GPIOB, GPIO_PIN_10);
 443:Core/Src/stm32g0xx_hal_msp.c **** 
 444:Core/Src/stm32g0xx_hal_msp.c ****     /* USER CODE BEGIN SPI2_MspDeInit 1 */
 445:Core/Src/stm32g0xx_hal_msp.c **** 
 446:Core/Src/stm32g0xx_hal_msp.c ****     /* USER CODE END SPI2_MspDeInit 1 */
 447:Core/Src/stm32g0xx_hal_msp.c ****   }
 448:Core/Src/stm32g0xx_hal_msp.c **** 
 449:Core/Src/stm32g0xx_hal_msp.c **** }
 995              		.loc 1 449 1 view .LVU279
 996              		@ sp needed
 997 0010 10BD     		pop	{r4, pc}
 998              	.LVL59:
 999              	.L50:
 414:Core/Src/stm32g0xx_hal_msp.c **** 
 1000              		.loc 1 414 5 is_stmt 1 view .LVU280
 1001 0012 0F4A     		ldr	r2, .L52+8
 1002 0014 136C     		ldr	r3, [r2, #64]
 1003 0016 0F49     		ldr	r1, .L52+12
 1004 0018 0B40     		ands	r3, r1
 1005 001a 1364     		str	r3, [r2, #64]
 421:Core/Src/stm32g0xx_hal_msp.c **** 
 1006              		.loc 1 421 5 view .LVU281
 1007 001c A020     		movs	r0, #160
 1008              	.LVL60:
 421:Core/Src/stm32g0xx_hal_msp.c **** 
 1009              		.loc 1 421 5 is_stmt 0 view .LVU282
 1010 001e C221     		movs	r1, #194
 1011 0020 C005     		lsls	r0, r0, #23
 1012 0022 FFF7FEFF 		bl	HAL_GPIO_DeInit
 1013              	.LVL61:
 1014 0026 F3E7     		b	.L47
 1015              	.LVL62:
 1016              	.L51:
 433:Core/Src/stm32g0xx_hal_msp.c **** 
 1017              		.loc 1 433 5 is_stmt 1 view .LVU283
 1018 0028 094A     		ldr	r2, .L52+8
 1019 002a D36B     		ldr	r3, [r2, #60]
 1020 002c 0A49     		ldr	r1, .L52+16
 1021 002e 0B40     		ands	r3, r1
 1022 0030 D363     		str	r3, [r2, #60]
 440:Core/Src/stm32g0xx_hal_msp.c **** 
 1023              		.loc 1 440 5 view .LVU284
 1024 0032 A020     		movs	r0, #160
 1025              	.LVL63:
 440:Core/Src/stm32g0xx_hal_msp.c **** 
 1026              		.loc 1 440 5 is_stmt 0 view .LVU285
 1027 0034 1821     		movs	r1, #24
 1028 0036 C005     		lsls	r0, r0, #23
ARM GAS  C:\Users\sante\AppData\Local\Temp\ccnbsYDx.s 			page 30


 1029 0038 FFF7FEFF 		bl	HAL_GPIO_DeInit
 1030              	.LVL64:
 442:Core/Src/stm32g0xx_hal_msp.c **** 
 1031              		.loc 1 442 5 is_stmt 1 view .LVU286
 1032 003c 8021     		movs	r1, #128
 1033 003e C900     		lsls	r1, r1, #3
 1034 0040 0648     		ldr	r0, .L52+20
 1035 0042 FFF7FEFF 		bl	HAL_GPIO_DeInit
 1036              	.LVL65:
 1037              		.loc 1 449 1 is_stmt 0 view .LVU287
 1038 0046 E3E7     		b	.L47
 1039              	.L53:
 1040              		.align	2
 1041              	.L52:
 1042 0048 00300140 		.word	1073819648
 1043 004c 00380040 		.word	1073756160
 1044 0050 00100240 		.word	1073876992
 1045 0054 FFEFFFFF 		.word	-4097
 1046 0058 FFBFFFFF 		.word	-16385
 1047 005c 00040050 		.word	1342178304
 1048              		.cfi_endproc
 1049              	.LFE501:
 1051              		.section	.text.HAL_TIM_Base_MspInit,"ax",%progbits
 1052              		.align	1
 1053              		.global	HAL_TIM_Base_MspInit
 1054              		.syntax unified
 1055              		.code	16
 1056              		.thumb_func
 1058              	HAL_TIM_Base_MspInit:
 1059              	.LVL66:
 1060              	.LFB502:
 450:Core/Src/stm32g0xx_hal_msp.c **** 
 451:Core/Src/stm32g0xx_hal_msp.c **** /**
 452:Core/Src/stm32g0xx_hal_msp.c ****   * @brief TIM_Base MSP Initialization
 453:Core/Src/stm32g0xx_hal_msp.c ****   * This function configures the hardware resources used in this example
 454:Core/Src/stm32g0xx_hal_msp.c ****   * @param htim_base: TIM_Base handle pointer
 455:Core/Src/stm32g0xx_hal_msp.c ****   * @retval None
 456:Core/Src/stm32g0xx_hal_msp.c ****   */
 457:Core/Src/stm32g0xx_hal_msp.c **** void HAL_TIM_Base_MspInit(TIM_HandleTypeDef* htim_base)
 458:Core/Src/stm32g0xx_hal_msp.c **** {
 1061              		.loc 1 458 1 is_stmt 1 view -0
 1062              		.cfi_startproc
 1063              		@ args = 0, pretend = 0, frame = 8
 1064              		@ frame_needed = 0, uses_anonymous_args = 0
 1065              		@ link register save eliminated.
 1066              		.loc 1 458 1 is_stmt 0 view .LVU289
 1067 0000 82B0     		sub	sp, sp, #8
 1068              		.cfi_def_cfa_offset 8
 459:Core/Src/stm32g0xx_hal_msp.c ****   if(htim_base->Instance==TIM2)
 1069              		.loc 1 459 3 is_stmt 1 view .LVU290
 1070              		.loc 1 459 15 is_stmt 0 view .LVU291
 1071 0002 0268     		ldr	r2, [r0]
 1072              		.loc 1 459 5 view .LVU292
 1073 0004 8023     		movs	r3, #128
 1074 0006 DB05     		lsls	r3, r3, #23
 1075 0008 9A42     		cmp	r2, r3
 1076 000a 01D0     		beq	.L56
ARM GAS  C:\Users\sante\AppData\Local\Temp\ccnbsYDx.s 			page 31


 1077              	.L54:
 460:Core/Src/stm32g0xx_hal_msp.c ****   {
 461:Core/Src/stm32g0xx_hal_msp.c ****     /* USER CODE BEGIN TIM2_MspInit 0 */
 462:Core/Src/stm32g0xx_hal_msp.c **** 
 463:Core/Src/stm32g0xx_hal_msp.c ****     /* USER CODE END TIM2_MspInit 0 */
 464:Core/Src/stm32g0xx_hal_msp.c ****     /* Peripheral clock enable */
 465:Core/Src/stm32g0xx_hal_msp.c ****     __HAL_RCC_TIM2_CLK_ENABLE();
 466:Core/Src/stm32g0xx_hal_msp.c ****     /* USER CODE BEGIN TIM2_MspInit 1 */
 467:Core/Src/stm32g0xx_hal_msp.c **** 
 468:Core/Src/stm32g0xx_hal_msp.c ****     /* USER CODE END TIM2_MspInit 1 */
 469:Core/Src/stm32g0xx_hal_msp.c **** 
 470:Core/Src/stm32g0xx_hal_msp.c ****   }
 471:Core/Src/stm32g0xx_hal_msp.c **** 
 472:Core/Src/stm32g0xx_hal_msp.c **** }
 1078              		.loc 1 472 1 view .LVU293
 1079 000c 02B0     		add	sp, sp, #8
 1080              		@ sp needed
 1081 000e 7047     		bx	lr
 1082              	.L56:
 465:Core/Src/stm32g0xx_hal_msp.c ****     /* USER CODE BEGIN TIM2_MspInit 1 */
 1083              		.loc 1 465 5 is_stmt 1 view .LVU294
 1084              	.LBB15:
 465:Core/Src/stm32g0xx_hal_msp.c ****     /* USER CODE BEGIN TIM2_MspInit 1 */
 1085              		.loc 1 465 5 view .LVU295
 465:Core/Src/stm32g0xx_hal_msp.c ****     /* USER CODE BEGIN TIM2_MspInit 1 */
 1086              		.loc 1 465 5 view .LVU296
 1087 0010 044A     		ldr	r2, .L57
 1088 0012 D16B     		ldr	r1, [r2, #60]
 1089 0014 0123     		movs	r3, #1
 1090 0016 1943     		orrs	r1, r3
 1091 0018 D163     		str	r1, [r2, #60]
 465:Core/Src/stm32g0xx_hal_msp.c ****     /* USER CODE BEGIN TIM2_MspInit 1 */
 1092              		.loc 1 465 5 view .LVU297
 1093 001a D26B     		ldr	r2, [r2, #60]
 1094 001c 1340     		ands	r3, r2
 1095 001e 0193     		str	r3, [sp, #4]
 465:Core/Src/stm32g0xx_hal_msp.c ****     /* USER CODE BEGIN TIM2_MspInit 1 */
 1096              		.loc 1 465 5 view .LVU298
 1097 0020 019B     		ldr	r3, [sp, #4]
 1098              	.LBE15:
 465:Core/Src/stm32g0xx_hal_msp.c ****     /* USER CODE BEGIN TIM2_MspInit 1 */
 1099              		.loc 1 465 5 discriminator 1 view .LVU299
 1100              		.loc 1 472 1 is_stmt 0 view .LVU300
 1101 0022 F3E7     		b	.L54
 1102              	.L58:
 1103              		.align	2
 1104              	.L57:
 1105 0024 00100240 		.word	1073876992
 1106              		.cfi_endproc
 1107              	.LFE502:
 1109              		.section	.text.HAL_TIM_Base_MspDeInit,"ax",%progbits
 1110              		.align	1
 1111              		.global	HAL_TIM_Base_MspDeInit
 1112              		.syntax unified
 1113              		.code	16
 1114              		.thumb_func
 1116              	HAL_TIM_Base_MspDeInit:
ARM GAS  C:\Users\sante\AppData\Local\Temp\ccnbsYDx.s 			page 32


 1117              	.LVL67:
 1118              	.LFB503:
 473:Core/Src/stm32g0xx_hal_msp.c **** 
 474:Core/Src/stm32g0xx_hal_msp.c **** /**
 475:Core/Src/stm32g0xx_hal_msp.c ****   * @brief TIM_Base MSP De-Initialization
 476:Core/Src/stm32g0xx_hal_msp.c ****   * This function freeze the hardware resources used in this example
 477:Core/Src/stm32g0xx_hal_msp.c ****   * @param htim_base: TIM_Base handle pointer
 478:Core/Src/stm32g0xx_hal_msp.c ****   * @retval None
 479:Core/Src/stm32g0xx_hal_msp.c ****   */
 480:Core/Src/stm32g0xx_hal_msp.c **** void HAL_TIM_Base_MspDeInit(TIM_HandleTypeDef* htim_base)
 481:Core/Src/stm32g0xx_hal_msp.c **** {
 1119              		.loc 1 481 1 is_stmt 1 view -0
 1120              		.cfi_startproc
 1121              		@ args = 0, pretend = 0, frame = 0
 1122              		@ frame_needed = 0, uses_anonymous_args = 0
 1123              		@ link register save eliminated.
 482:Core/Src/stm32g0xx_hal_msp.c ****   if(htim_base->Instance==TIM2)
 1124              		.loc 1 482 3 view .LVU302
 1125              		.loc 1 482 15 is_stmt 0 view .LVU303
 1126 0000 0268     		ldr	r2, [r0]
 1127              		.loc 1 482 5 view .LVU304
 1128 0002 8023     		movs	r3, #128
 1129 0004 DB05     		lsls	r3, r3, #23
 1130 0006 9A42     		cmp	r2, r3
 1131 0008 00D0     		beq	.L61
 1132              	.L59:
 483:Core/Src/stm32g0xx_hal_msp.c ****   {
 484:Core/Src/stm32g0xx_hal_msp.c ****     /* USER CODE BEGIN TIM2_MspDeInit 0 */
 485:Core/Src/stm32g0xx_hal_msp.c **** 
 486:Core/Src/stm32g0xx_hal_msp.c ****     /* USER CODE END TIM2_MspDeInit 0 */
 487:Core/Src/stm32g0xx_hal_msp.c ****     /* Peripheral clock disable */
 488:Core/Src/stm32g0xx_hal_msp.c ****     __HAL_RCC_TIM2_CLK_DISABLE();
 489:Core/Src/stm32g0xx_hal_msp.c ****     /* USER CODE BEGIN TIM2_MspDeInit 1 */
 490:Core/Src/stm32g0xx_hal_msp.c **** 
 491:Core/Src/stm32g0xx_hal_msp.c ****     /* USER CODE END TIM2_MspDeInit 1 */
 492:Core/Src/stm32g0xx_hal_msp.c ****   }
 493:Core/Src/stm32g0xx_hal_msp.c **** 
 494:Core/Src/stm32g0xx_hal_msp.c **** }
 1133              		.loc 1 494 1 view .LVU305
 1134              		@ sp needed
 1135 000a 7047     		bx	lr
 1136              	.L61:
 488:Core/Src/stm32g0xx_hal_msp.c ****     /* USER CODE BEGIN TIM2_MspDeInit 1 */
 1137              		.loc 1 488 5 is_stmt 1 view .LVU306
 1138 000c 024A     		ldr	r2, .L62
 1139 000e D36B     		ldr	r3, [r2, #60]
 1140 0010 0121     		movs	r1, #1
 1141 0012 8B43     		bics	r3, r1
 1142 0014 D363     		str	r3, [r2, #60]
 1143              		.loc 1 494 1 is_stmt 0 view .LVU307
 1144 0016 F8E7     		b	.L59
 1145              	.L63:
 1146              		.align	2
 1147              	.L62:
 1148 0018 00100240 		.word	1073876992
 1149              		.cfi_endproc
 1150              	.LFE503:
ARM GAS  C:\Users\sante\AppData\Local\Temp\ccnbsYDx.s 			page 33


 1152              		.section	.text.HAL_UART_MspInit,"ax",%progbits
 1153              		.align	1
 1154              		.global	HAL_UART_MspInit
 1155              		.syntax unified
 1156              		.code	16
 1157              		.thumb_func
 1159              	HAL_UART_MspInit:
 1160              	.LVL68:
 1161              	.LFB504:
 495:Core/Src/stm32g0xx_hal_msp.c **** 
 496:Core/Src/stm32g0xx_hal_msp.c **** /**
 497:Core/Src/stm32g0xx_hal_msp.c ****   * @brief UART MSP Initialization
 498:Core/Src/stm32g0xx_hal_msp.c ****   * This function configures the hardware resources used in this example
 499:Core/Src/stm32g0xx_hal_msp.c ****   * @param huart: UART handle pointer
 500:Core/Src/stm32g0xx_hal_msp.c ****   * @retval None
 501:Core/Src/stm32g0xx_hal_msp.c ****   */
 502:Core/Src/stm32g0xx_hal_msp.c **** void HAL_UART_MspInit(UART_HandleTypeDef* huart)
 503:Core/Src/stm32g0xx_hal_msp.c **** {
 1162              		.loc 1 503 1 is_stmt 1 view -0
 1163              		.cfi_startproc
 1164              		@ args = 0, pretend = 0, frame = 112
 1165              		@ frame_needed = 0, uses_anonymous_args = 0
 1166              		.loc 1 503 1 is_stmt 0 view .LVU309
 1167 0000 10B5     		push	{r4, lr}
 1168              		.cfi_def_cfa_offset 8
 1169              		.cfi_offset 4, -8
 1170              		.cfi_offset 14, -4
 1171 0002 9CB0     		sub	sp, sp, #112
 1172              		.cfi_def_cfa_offset 120
 1173 0004 0400     		movs	r4, r0
 504:Core/Src/stm32g0xx_hal_msp.c ****   GPIO_InitTypeDef GPIO_InitStruct = {0};
 1174              		.loc 1 504 3 is_stmt 1 view .LVU310
 1175              		.loc 1 504 20 is_stmt 0 view .LVU311
 1176 0006 1422     		movs	r2, #20
 1177 0008 0021     		movs	r1, #0
 1178 000a 17A8     		add	r0, sp, #92
 1179              	.LVL69:
 1180              		.loc 1 504 20 view .LVU312
 1181 000c FFF7FEFF 		bl	memset
 1182              	.LVL70:
 505:Core/Src/stm32g0xx_hal_msp.c ****   RCC_PeriphCLKInitTypeDef PeriphClkInit = {0};
 1183              		.loc 1 505 3 is_stmt 1 view .LVU313
 1184              		.loc 1 505 28 is_stmt 0 view .LVU314
 1185 0010 4C22     		movs	r2, #76
 1186 0012 0021     		movs	r1, #0
 1187 0014 04A8     		add	r0, sp, #16
 1188 0016 FFF7FEFF 		bl	memset
 1189              	.LVL71:
 506:Core/Src/stm32g0xx_hal_msp.c ****   if(huart->Instance==USART1)
 1190              		.loc 1 506 3 is_stmt 1 view .LVU315
 1191              		.loc 1 506 11 is_stmt 0 view .LVU316
 1192 001a 2368     		ldr	r3, [r4]
 1193              		.loc 1 506 5 view .LVU317
 1194 001c 2E4A     		ldr	r2, .L73
 1195 001e 9342     		cmp	r3, r2
 1196 0020 04D0     		beq	.L69
 507:Core/Src/stm32g0xx_hal_msp.c ****   {
ARM GAS  C:\Users\sante\AppData\Local\Temp\ccnbsYDx.s 			page 34


 508:Core/Src/stm32g0xx_hal_msp.c ****     /* USER CODE BEGIN USART1_MspInit 0 */
 509:Core/Src/stm32g0xx_hal_msp.c **** 
 510:Core/Src/stm32g0xx_hal_msp.c ****     /* USER CODE END USART1_MspInit 0 */
 511:Core/Src/stm32g0xx_hal_msp.c **** 
 512:Core/Src/stm32g0xx_hal_msp.c ****   /** Initializes the peripherals clocks
 513:Core/Src/stm32g0xx_hal_msp.c ****   */
 514:Core/Src/stm32g0xx_hal_msp.c ****     PeriphClkInit.PeriphClockSelection = RCC_PERIPHCLK_USART1;
 515:Core/Src/stm32g0xx_hal_msp.c ****     PeriphClkInit.Usart1ClockSelection = RCC_USART1CLKSOURCE_PCLK1;
 516:Core/Src/stm32g0xx_hal_msp.c ****     if (HAL_RCCEx_PeriphCLKConfig(&PeriphClkInit) != HAL_OK)
 517:Core/Src/stm32g0xx_hal_msp.c ****     {
 518:Core/Src/stm32g0xx_hal_msp.c ****       Error_Handler();
 519:Core/Src/stm32g0xx_hal_msp.c ****     }
 520:Core/Src/stm32g0xx_hal_msp.c **** 
 521:Core/Src/stm32g0xx_hal_msp.c ****     /* Peripheral clock enable */
 522:Core/Src/stm32g0xx_hal_msp.c ****     __HAL_RCC_USART1_CLK_ENABLE();
 523:Core/Src/stm32g0xx_hal_msp.c **** 
 524:Core/Src/stm32g0xx_hal_msp.c ****     __HAL_RCC_GPIOA_CLK_ENABLE();
 525:Core/Src/stm32g0xx_hal_msp.c ****     /**USART1 GPIO Configuration
 526:Core/Src/stm32g0xx_hal_msp.c ****     PA9     ------> USART1_TX
 527:Core/Src/stm32g0xx_hal_msp.c ****     PA10     ------> USART1_RX
 528:Core/Src/stm32g0xx_hal_msp.c ****     */
 529:Core/Src/stm32g0xx_hal_msp.c ****     GPIO_InitStruct.Pin = GPIO_PIN_9|GPIO_PIN_10;
 530:Core/Src/stm32g0xx_hal_msp.c ****     GPIO_InitStruct.Mode = GPIO_MODE_AF_PP;
 531:Core/Src/stm32g0xx_hal_msp.c ****     GPIO_InitStruct.Pull = GPIO_NOPULL;
 532:Core/Src/stm32g0xx_hal_msp.c ****     GPIO_InitStruct.Speed = GPIO_SPEED_FREQ_LOW;
 533:Core/Src/stm32g0xx_hal_msp.c ****     GPIO_InitStruct.Alternate = GPIO_AF1_USART1;
 534:Core/Src/stm32g0xx_hal_msp.c ****     HAL_GPIO_Init(GPIOA, &GPIO_InitStruct);
 535:Core/Src/stm32g0xx_hal_msp.c **** 
 536:Core/Src/stm32g0xx_hal_msp.c ****     /* USER CODE BEGIN USART1_MspInit 1 */
 537:Core/Src/stm32g0xx_hal_msp.c **** 
 538:Core/Src/stm32g0xx_hal_msp.c ****     /* USER CODE END USART1_MspInit 1 */
 539:Core/Src/stm32g0xx_hal_msp.c ****   }
 540:Core/Src/stm32g0xx_hal_msp.c ****   else if(huart->Instance==USART2)
 1197              		.loc 1 540 8 is_stmt 1 view .LVU318
 1198              		.loc 1 540 10 is_stmt 0 view .LVU319
 1199 0022 2E4A     		ldr	r2, .L73+4
 1200 0024 9342     		cmp	r3, r2
 1201 0026 2CD0     		beq	.L70
 1202              	.L64:
 541:Core/Src/stm32g0xx_hal_msp.c ****   {
 542:Core/Src/stm32g0xx_hal_msp.c ****     /* USER CODE BEGIN USART2_MspInit 0 */
 543:Core/Src/stm32g0xx_hal_msp.c **** 
 544:Core/Src/stm32g0xx_hal_msp.c ****     /* USER CODE END USART2_MspInit 0 */
 545:Core/Src/stm32g0xx_hal_msp.c **** 
 546:Core/Src/stm32g0xx_hal_msp.c ****   /** Initializes the peripherals clocks
 547:Core/Src/stm32g0xx_hal_msp.c ****   */
 548:Core/Src/stm32g0xx_hal_msp.c ****     PeriphClkInit.PeriphClockSelection = RCC_PERIPHCLK_USART2;
 549:Core/Src/stm32g0xx_hal_msp.c ****     PeriphClkInit.Usart2ClockSelection = RCC_USART2CLKSOURCE_PCLK1;
 550:Core/Src/stm32g0xx_hal_msp.c ****     if (HAL_RCCEx_PeriphCLKConfig(&PeriphClkInit) != HAL_OK)
 551:Core/Src/stm32g0xx_hal_msp.c ****     {
 552:Core/Src/stm32g0xx_hal_msp.c ****       Error_Handler();
 553:Core/Src/stm32g0xx_hal_msp.c ****     }
 554:Core/Src/stm32g0xx_hal_msp.c **** 
 555:Core/Src/stm32g0xx_hal_msp.c ****     /* Peripheral clock enable */
 556:Core/Src/stm32g0xx_hal_msp.c ****     __HAL_RCC_USART2_CLK_ENABLE();
 557:Core/Src/stm32g0xx_hal_msp.c **** 
 558:Core/Src/stm32g0xx_hal_msp.c ****     __HAL_RCC_GPIOA_CLK_ENABLE();
ARM GAS  C:\Users\sante\AppData\Local\Temp\ccnbsYDx.s 			page 35


 559:Core/Src/stm32g0xx_hal_msp.c ****     /**USART2 GPIO Configuration
 560:Core/Src/stm32g0xx_hal_msp.c ****     PA2     ------> USART2_TX
 561:Core/Src/stm32g0xx_hal_msp.c ****     PA15     ------> USART2_RX
 562:Core/Src/stm32g0xx_hal_msp.c ****     */
 563:Core/Src/stm32g0xx_hal_msp.c ****     GPIO_InitStruct.Pin = GPIO_PIN_2|GPIO_PIN_15;
 564:Core/Src/stm32g0xx_hal_msp.c ****     GPIO_InitStruct.Mode = GPIO_MODE_AF_PP;
 565:Core/Src/stm32g0xx_hal_msp.c ****     GPIO_InitStruct.Pull = GPIO_NOPULL;
 566:Core/Src/stm32g0xx_hal_msp.c ****     GPIO_InitStruct.Speed = GPIO_SPEED_FREQ_LOW;
 567:Core/Src/stm32g0xx_hal_msp.c ****     GPIO_InitStruct.Alternate = GPIO_AF1_USART2;
 568:Core/Src/stm32g0xx_hal_msp.c ****     HAL_GPIO_Init(GPIOA, &GPIO_InitStruct);
 569:Core/Src/stm32g0xx_hal_msp.c **** 
 570:Core/Src/stm32g0xx_hal_msp.c ****     /* USER CODE BEGIN USART2_MspInit 1 */
 571:Core/Src/stm32g0xx_hal_msp.c **** 
 572:Core/Src/stm32g0xx_hal_msp.c ****     /* USER CODE END USART2_MspInit 1 */
 573:Core/Src/stm32g0xx_hal_msp.c ****   }
 574:Core/Src/stm32g0xx_hal_msp.c **** 
 575:Core/Src/stm32g0xx_hal_msp.c **** }
 1203              		.loc 1 575 1 view .LVU320
 1204 0028 1CB0     		add	sp, sp, #112
 1205              		@ sp needed
 1206              	.LVL72:
 1207              		.loc 1 575 1 view .LVU321
 1208 002a 10BD     		pop	{r4, pc}
 1209              	.LVL73:
 1210              	.L69:
 514:Core/Src/stm32g0xx_hal_msp.c ****     PeriphClkInit.Usart1ClockSelection = RCC_USART1CLKSOURCE_PCLK1;
 1211              		.loc 1 514 5 is_stmt 1 view .LVU322
 514:Core/Src/stm32g0xx_hal_msp.c ****     PeriphClkInit.Usart1ClockSelection = RCC_USART1CLKSOURCE_PCLK1;
 1212              		.loc 1 514 40 is_stmt 0 view .LVU323
 1213 002c 0123     		movs	r3, #1
 1214 002e 0493     		str	r3, [sp, #16]
 515:Core/Src/stm32g0xx_hal_msp.c ****     if (HAL_RCCEx_PeriphCLKConfig(&PeriphClkInit) != HAL_OK)
 1215              		.loc 1 515 5 is_stmt 1 view .LVU324
 516:Core/Src/stm32g0xx_hal_msp.c ****     {
 1216              		.loc 1 516 5 view .LVU325
 516:Core/Src/stm32g0xx_hal_msp.c ****     {
 1217              		.loc 1 516 9 is_stmt 0 view .LVU326
 1218 0030 04A8     		add	r0, sp, #16
 1219 0032 FFF7FEFF 		bl	HAL_RCCEx_PeriphCLKConfig
 1220              	.LVL74:
 516:Core/Src/stm32g0xx_hal_msp.c ****     {
 1221              		.loc 1 516 8 discriminator 1 view .LVU327
 1222 0036 0028     		cmp	r0, #0
 1223 0038 20D1     		bne	.L71
 1224              	.L66:
 522:Core/Src/stm32g0xx_hal_msp.c **** 
 1225              		.loc 1 522 5 is_stmt 1 view .LVU328
 1226              	.LBB16:
 522:Core/Src/stm32g0xx_hal_msp.c **** 
 1227              		.loc 1 522 5 view .LVU329
 522:Core/Src/stm32g0xx_hal_msp.c **** 
 1228              		.loc 1 522 5 view .LVU330
 1229 003a 294B     		ldr	r3, .L73+8
 1230 003c 1A6C     		ldr	r2, [r3, #64]
 1231 003e 8021     		movs	r1, #128
 1232 0040 C901     		lsls	r1, r1, #7
 1233 0042 0A43     		orrs	r2, r1
ARM GAS  C:\Users\sante\AppData\Local\Temp\ccnbsYDx.s 			page 36


 1234 0044 1A64     		str	r2, [r3, #64]
 522:Core/Src/stm32g0xx_hal_msp.c **** 
 1235              		.loc 1 522 5 view .LVU331
 1236 0046 1A6C     		ldr	r2, [r3, #64]
 1237 0048 0A40     		ands	r2, r1
 1238 004a 0092     		str	r2, [sp]
 522:Core/Src/stm32g0xx_hal_msp.c **** 
 1239              		.loc 1 522 5 view .LVU332
 1240 004c 009A     		ldr	r2, [sp]
 1241              	.LBE16:
 522:Core/Src/stm32g0xx_hal_msp.c **** 
 1242              		.loc 1 522 5 view .LVU333
 524:Core/Src/stm32g0xx_hal_msp.c ****     /**USART1 GPIO Configuration
 1243              		.loc 1 524 5 view .LVU334
 1244              	.LBB17:
 524:Core/Src/stm32g0xx_hal_msp.c ****     /**USART1 GPIO Configuration
 1245              		.loc 1 524 5 view .LVU335
 524:Core/Src/stm32g0xx_hal_msp.c ****     /**USART1 GPIO Configuration
 1246              		.loc 1 524 5 view .LVU336
 1247 004e 596B     		ldr	r1, [r3, #52]
 1248 0050 0122     		movs	r2, #1
 1249 0052 1143     		orrs	r1, r2
 1250 0054 5963     		str	r1, [r3, #52]
 524:Core/Src/stm32g0xx_hal_msp.c ****     /**USART1 GPIO Configuration
 1251              		.loc 1 524 5 view .LVU337
 1252 0056 5B6B     		ldr	r3, [r3, #52]
 1253 0058 1340     		ands	r3, r2
 1254 005a 0193     		str	r3, [sp, #4]
 524:Core/Src/stm32g0xx_hal_msp.c ****     /**USART1 GPIO Configuration
 1255              		.loc 1 524 5 view .LVU338
 1256 005c 019B     		ldr	r3, [sp, #4]
 1257              	.LBE17:
 524:Core/Src/stm32g0xx_hal_msp.c ****     /**USART1 GPIO Configuration
 1258              		.loc 1 524 5 view .LVU339
 529:Core/Src/stm32g0xx_hal_msp.c ****     GPIO_InitStruct.Mode = GPIO_MODE_AF_PP;
 1259              		.loc 1 529 5 view .LVU340
 529:Core/Src/stm32g0xx_hal_msp.c ****     GPIO_InitStruct.Mode = GPIO_MODE_AF_PP;
 1260              		.loc 1 529 25 is_stmt 0 view .LVU341
 1261 005e 17A9     		add	r1, sp, #92
 1262 0060 C023     		movs	r3, #192
 1263 0062 DB00     		lsls	r3, r3, #3
 1264 0064 1793     		str	r3, [sp, #92]
 530:Core/Src/stm32g0xx_hal_msp.c ****     GPIO_InitStruct.Pull = GPIO_NOPULL;
 1265              		.loc 1 530 5 is_stmt 1 view .LVU342
 530:Core/Src/stm32g0xx_hal_msp.c ****     GPIO_InitStruct.Pull = GPIO_NOPULL;
 1266              		.loc 1 530 26 is_stmt 0 view .LVU343
 1267 0066 0223     		movs	r3, #2
 1268 0068 4B60     		str	r3, [r1, #4]
 531:Core/Src/stm32g0xx_hal_msp.c ****     GPIO_InitStruct.Speed = GPIO_SPEED_FREQ_LOW;
 1269              		.loc 1 531 5 is_stmt 1 view .LVU344
 531:Core/Src/stm32g0xx_hal_msp.c ****     GPIO_InitStruct.Speed = GPIO_SPEED_FREQ_LOW;
 1270              		.loc 1 531 26 is_stmt 0 view .LVU345
 1271 006a 0023     		movs	r3, #0
 1272 006c 8B60     		str	r3, [r1, #8]
 532:Core/Src/stm32g0xx_hal_msp.c ****     GPIO_InitStruct.Alternate = GPIO_AF1_USART1;
 1273              		.loc 1 532 5 is_stmt 1 view .LVU346
 532:Core/Src/stm32g0xx_hal_msp.c ****     GPIO_InitStruct.Alternate = GPIO_AF1_USART1;
ARM GAS  C:\Users\sante\AppData\Local\Temp\ccnbsYDx.s 			page 37


 1274              		.loc 1 532 27 is_stmt 0 view .LVU347
 1275 006e CB60     		str	r3, [r1, #12]
 533:Core/Src/stm32g0xx_hal_msp.c ****     HAL_GPIO_Init(GPIOA, &GPIO_InitStruct);
 1276              		.loc 1 533 5 is_stmt 1 view .LVU348
 533:Core/Src/stm32g0xx_hal_msp.c ****     HAL_GPIO_Init(GPIOA, &GPIO_InitStruct);
 1277              		.loc 1 533 31 is_stmt 0 view .LVU349
 1278 0070 0A61     		str	r2, [r1, #16]
 534:Core/Src/stm32g0xx_hal_msp.c **** 
 1279              		.loc 1 534 5 is_stmt 1 view .LVU350
 1280 0072 A020     		movs	r0, #160
 1281 0074 C005     		lsls	r0, r0, #23
 1282 0076 FFF7FEFF 		bl	HAL_GPIO_Init
 1283              	.LVL75:
 1284 007a D5E7     		b	.L64
 1285              	.L71:
 518:Core/Src/stm32g0xx_hal_msp.c ****     }
 1286              		.loc 1 518 7 view .LVU351
 1287 007c FFF7FEFF 		bl	Error_Handler
 1288              	.LVL76:
 1289 0080 DBE7     		b	.L66
 1290              	.L70:
 548:Core/Src/stm32g0xx_hal_msp.c ****     PeriphClkInit.Usart2ClockSelection = RCC_USART2CLKSOURCE_PCLK1;
 1291              		.loc 1 548 5 view .LVU352
 548:Core/Src/stm32g0xx_hal_msp.c ****     PeriphClkInit.Usart2ClockSelection = RCC_USART2CLKSOURCE_PCLK1;
 1292              		.loc 1 548 40 is_stmt 0 view .LVU353
 1293 0082 0223     		movs	r3, #2
 1294 0084 0493     		str	r3, [sp, #16]
 549:Core/Src/stm32g0xx_hal_msp.c ****     if (HAL_RCCEx_PeriphCLKConfig(&PeriphClkInit) != HAL_OK)
 1295              		.loc 1 549 5 is_stmt 1 view .LVU354
 550:Core/Src/stm32g0xx_hal_msp.c ****     {
 1296              		.loc 1 550 5 view .LVU355
 550:Core/Src/stm32g0xx_hal_msp.c ****     {
 1297              		.loc 1 550 9 is_stmt 0 view .LVU356
 1298 0086 04A8     		add	r0, sp, #16
 1299 0088 FFF7FEFF 		bl	HAL_RCCEx_PeriphCLKConfig
 1300              	.LVL77:
 550:Core/Src/stm32g0xx_hal_msp.c ****     {
 1301              		.loc 1 550 8 discriminator 1 view .LVU357
 1302 008c 0028     		cmp	r0, #0
 1303 008e 1FD1     		bne	.L72
 1304              	.L68:
 556:Core/Src/stm32g0xx_hal_msp.c **** 
 1305              		.loc 1 556 5 is_stmt 1 view .LVU358
 1306              	.LBB18:
 556:Core/Src/stm32g0xx_hal_msp.c **** 
 1307              		.loc 1 556 5 view .LVU359
 556:Core/Src/stm32g0xx_hal_msp.c **** 
 1308              		.loc 1 556 5 view .LVU360
 1309 0090 134B     		ldr	r3, .L73+8
 1310 0092 DA6B     		ldr	r2, [r3, #60]
 1311 0094 8021     		movs	r1, #128
 1312 0096 8902     		lsls	r1, r1, #10
 1313 0098 0A43     		orrs	r2, r1
 1314 009a DA63     		str	r2, [r3, #60]
 556:Core/Src/stm32g0xx_hal_msp.c **** 
 1315              		.loc 1 556 5 view .LVU361
 1316 009c DA6B     		ldr	r2, [r3, #60]
ARM GAS  C:\Users\sante\AppData\Local\Temp\ccnbsYDx.s 			page 38


 1317 009e 0A40     		ands	r2, r1
 1318 00a0 0292     		str	r2, [sp, #8]
 556:Core/Src/stm32g0xx_hal_msp.c **** 
 1319              		.loc 1 556 5 view .LVU362
 1320 00a2 029A     		ldr	r2, [sp, #8]
 1321              	.LBE18:
 556:Core/Src/stm32g0xx_hal_msp.c **** 
 1322              		.loc 1 556 5 view .LVU363
 558:Core/Src/stm32g0xx_hal_msp.c ****     /**USART2 GPIO Configuration
 1323              		.loc 1 558 5 view .LVU364
 1324              	.LBB19:
 558:Core/Src/stm32g0xx_hal_msp.c ****     /**USART2 GPIO Configuration
 1325              		.loc 1 558 5 view .LVU365
 558:Core/Src/stm32g0xx_hal_msp.c ****     /**USART2 GPIO Configuration
 1326              		.loc 1 558 5 view .LVU366
 1327 00a4 596B     		ldr	r1, [r3, #52]
 1328 00a6 0122     		movs	r2, #1
 1329 00a8 1143     		orrs	r1, r2
 1330 00aa 5963     		str	r1, [r3, #52]
 558:Core/Src/stm32g0xx_hal_msp.c ****     /**USART2 GPIO Configuration
 1331              		.loc 1 558 5 view .LVU367
 1332 00ac 5B6B     		ldr	r3, [r3, #52]
 1333 00ae 1340     		ands	r3, r2
 1334 00b0 0393     		str	r3, [sp, #12]
 558:Core/Src/stm32g0xx_hal_msp.c ****     /**USART2 GPIO Configuration
 1335              		.loc 1 558 5 view .LVU368
 1336 00b2 039B     		ldr	r3, [sp, #12]
 1337              	.LBE19:
 558:Core/Src/stm32g0xx_hal_msp.c ****     /**USART2 GPIO Configuration
 1338              		.loc 1 558 5 view .LVU369
 563:Core/Src/stm32g0xx_hal_msp.c ****     GPIO_InitStruct.Mode = GPIO_MODE_AF_PP;
 1339              		.loc 1 563 5 view .LVU370
 563:Core/Src/stm32g0xx_hal_msp.c ****     GPIO_InitStruct.Mode = GPIO_MODE_AF_PP;
 1340              		.loc 1 563 25 is_stmt 0 view .LVU371
 1341 00b4 17A9     		add	r1, sp, #92
 1342 00b6 0B4B     		ldr	r3, .L73+12
 1343 00b8 1793     		str	r3, [sp, #92]
 564:Core/Src/stm32g0xx_hal_msp.c ****     GPIO_InitStruct.Pull = GPIO_NOPULL;
 1344              		.loc 1 564 5 is_stmt 1 view .LVU372
 564:Core/Src/stm32g0xx_hal_msp.c ****     GPIO_InitStruct.Pull = GPIO_NOPULL;
 1345              		.loc 1 564 26 is_stmt 0 view .LVU373
 1346 00ba 0223     		movs	r3, #2
 1347 00bc 4B60     		str	r3, [r1, #4]
 565:Core/Src/stm32g0xx_hal_msp.c ****     GPIO_InitStruct.Speed = GPIO_SPEED_FREQ_LOW;
 1348              		.loc 1 565 5 is_stmt 1 view .LVU374
 565:Core/Src/stm32g0xx_hal_msp.c ****     GPIO_InitStruct.Speed = GPIO_SPEED_FREQ_LOW;
 1349              		.loc 1 565 26 is_stmt 0 view .LVU375
 1350 00be 0023     		movs	r3, #0
 1351 00c0 8B60     		str	r3, [r1, #8]
 566:Core/Src/stm32g0xx_hal_msp.c ****     GPIO_InitStruct.Alternate = GPIO_AF1_USART2;
 1352              		.loc 1 566 5 is_stmt 1 view .LVU376
 566:Core/Src/stm32g0xx_hal_msp.c ****     GPIO_InitStruct.Alternate = GPIO_AF1_USART2;
 1353              		.loc 1 566 27 is_stmt 0 view .LVU377
 1354 00c2 CB60     		str	r3, [r1, #12]
 567:Core/Src/stm32g0xx_hal_msp.c ****     HAL_GPIO_Init(GPIOA, &GPIO_InitStruct);
 1355              		.loc 1 567 5 is_stmt 1 view .LVU378
 567:Core/Src/stm32g0xx_hal_msp.c ****     HAL_GPIO_Init(GPIOA, &GPIO_InitStruct);
ARM GAS  C:\Users\sante\AppData\Local\Temp\ccnbsYDx.s 			page 39


 1356              		.loc 1 567 31 is_stmt 0 view .LVU379
 1357 00c4 0A61     		str	r2, [r1, #16]
 568:Core/Src/stm32g0xx_hal_msp.c **** 
 1358              		.loc 1 568 5 is_stmt 1 view .LVU380
 1359 00c6 A020     		movs	r0, #160
 1360 00c8 C005     		lsls	r0, r0, #23
 1361 00ca FFF7FEFF 		bl	HAL_GPIO_Init
 1362              	.LVL78:
 1363              		.loc 1 575 1 is_stmt 0 view .LVU381
 1364 00ce ABE7     		b	.L64
 1365              	.L72:
 552:Core/Src/stm32g0xx_hal_msp.c ****     }
 1366              		.loc 1 552 7 is_stmt 1 view .LVU382
 1367 00d0 FFF7FEFF 		bl	Error_Handler
 1368              	.LVL79:
 1369 00d4 DCE7     		b	.L68
 1370              	.L74:
 1371 00d6 C046     		.align	2
 1372              	.L73:
 1373 00d8 00380140 		.word	1073821696
 1374 00dc 00440040 		.word	1073759232
 1375 00e0 00100240 		.word	1073876992
 1376 00e4 04800000 		.word	32772
 1377              		.cfi_endproc
 1378              	.LFE504:
 1380              		.section	.text.HAL_UART_MspDeInit,"ax",%progbits
 1381              		.align	1
 1382              		.global	HAL_UART_MspDeInit
 1383              		.syntax unified
 1384              		.code	16
 1385              		.thumb_func
 1387              	HAL_UART_MspDeInit:
 1388              	.LVL80:
 1389              	.LFB505:
 576:Core/Src/stm32g0xx_hal_msp.c **** 
 577:Core/Src/stm32g0xx_hal_msp.c **** /**
 578:Core/Src/stm32g0xx_hal_msp.c ****   * @brief UART MSP De-Initialization
 579:Core/Src/stm32g0xx_hal_msp.c ****   * This function freeze the hardware resources used in this example
 580:Core/Src/stm32g0xx_hal_msp.c ****   * @param huart: UART handle pointer
 581:Core/Src/stm32g0xx_hal_msp.c ****   * @retval None
 582:Core/Src/stm32g0xx_hal_msp.c ****   */
 583:Core/Src/stm32g0xx_hal_msp.c **** void HAL_UART_MspDeInit(UART_HandleTypeDef* huart)
 584:Core/Src/stm32g0xx_hal_msp.c **** {
 1390              		.loc 1 584 1 view -0
 1391              		.cfi_startproc
 1392              		@ args = 0, pretend = 0, frame = 0
 1393              		@ frame_needed = 0, uses_anonymous_args = 0
 1394              		.loc 1 584 1 is_stmt 0 view .LVU384
 1395 0000 10B5     		push	{r4, lr}
 1396              		.cfi_def_cfa_offset 8
 1397              		.cfi_offset 4, -8
 1398              		.cfi_offset 14, -4
 585:Core/Src/stm32g0xx_hal_msp.c ****   if(huart->Instance==USART1)
 1399              		.loc 1 585 3 is_stmt 1 view .LVU385
 1400              		.loc 1 585 11 is_stmt 0 view .LVU386
 1401 0002 0368     		ldr	r3, [r0]
 1402              		.loc 1 585 5 view .LVU387
ARM GAS  C:\Users\sante\AppData\Local\Temp\ccnbsYDx.s 			page 40


 1403 0004 0E4A     		ldr	r2, .L80
 1404 0006 9342     		cmp	r3, r2
 1405 0008 03D0     		beq	.L78
 586:Core/Src/stm32g0xx_hal_msp.c ****   {
 587:Core/Src/stm32g0xx_hal_msp.c ****     /* USER CODE BEGIN USART1_MspDeInit 0 */
 588:Core/Src/stm32g0xx_hal_msp.c **** 
 589:Core/Src/stm32g0xx_hal_msp.c ****     /* USER CODE END USART1_MspDeInit 0 */
 590:Core/Src/stm32g0xx_hal_msp.c ****     /* Peripheral clock disable */
 591:Core/Src/stm32g0xx_hal_msp.c ****     __HAL_RCC_USART1_CLK_DISABLE();
 592:Core/Src/stm32g0xx_hal_msp.c **** 
 593:Core/Src/stm32g0xx_hal_msp.c ****     /**USART1 GPIO Configuration
 594:Core/Src/stm32g0xx_hal_msp.c ****     PA9     ------> USART1_TX
 595:Core/Src/stm32g0xx_hal_msp.c ****     PA10     ------> USART1_RX
 596:Core/Src/stm32g0xx_hal_msp.c ****     */
 597:Core/Src/stm32g0xx_hal_msp.c ****     HAL_GPIO_DeInit(GPIOA, GPIO_PIN_9|GPIO_PIN_10);
 598:Core/Src/stm32g0xx_hal_msp.c **** 
 599:Core/Src/stm32g0xx_hal_msp.c ****     /* USER CODE BEGIN USART1_MspDeInit 1 */
 600:Core/Src/stm32g0xx_hal_msp.c **** 
 601:Core/Src/stm32g0xx_hal_msp.c ****     /* USER CODE END USART1_MspDeInit 1 */
 602:Core/Src/stm32g0xx_hal_msp.c ****   }
 603:Core/Src/stm32g0xx_hal_msp.c ****   else if(huart->Instance==USART2)
 1406              		.loc 1 603 8 is_stmt 1 view .LVU388
 1407              		.loc 1 603 10 is_stmt 0 view .LVU389
 1408 000a 0E4A     		ldr	r2, .L80+4
 1409 000c 9342     		cmp	r3, r2
 1410 000e 0CD0     		beq	.L79
 1411              	.LVL81:
 1412              	.L75:
 604:Core/Src/stm32g0xx_hal_msp.c ****   {
 605:Core/Src/stm32g0xx_hal_msp.c ****     /* USER CODE BEGIN USART2_MspDeInit 0 */
 606:Core/Src/stm32g0xx_hal_msp.c **** 
 607:Core/Src/stm32g0xx_hal_msp.c ****     /* USER CODE END USART2_MspDeInit 0 */
 608:Core/Src/stm32g0xx_hal_msp.c ****     /* Peripheral clock disable */
 609:Core/Src/stm32g0xx_hal_msp.c ****     __HAL_RCC_USART2_CLK_DISABLE();
 610:Core/Src/stm32g0xx_hal_msp.c **** 
 611:Core/Src/stm32g0xx_hal_msp.c ****     /**USART2 GPIO Configuration
 612:Core/Src/stm32g0xx_hal_msp.c ****     PA2     ------> USART2_TX
 613:Core/Src/stm32g0xx_hal_msp.c ****     PA15     ------> USART2_RX
 614:Core/Src/stm32g0xx_hal_msp.c ****     */
 615:Core/Src/stm32g0xx_hal_msp.c ****     HAL_GPIO_DeInit(GPIOA, GPIO_PIN_2|GPIO_PIN_15);
 616:Core/Src/stm32g0xx_hal_msp.c **** 
 617:Core/Src/stm32g0xx_hal_msp.c ****     /* USER CODE BEGIN USART2_MspDeInit 1 */
 618:Core/Src/stm32g0xx_hal_msp.c **** 
 619:Core/Src/stm32g0xx_hal_msp.c ****     /* USER CODE END USART2_MspDeInit 1 */
 620:Core/Src/stm32g0xx_hal_msp.c ****   }
 621:Core/Src/stm32g0xx_hal_msp.c **** 
 622:Core/Src/stm32g0xx_hal_msp.c **** }
 1413              		.loc 1 622 1 view .LVU390
 1414              		@ sp needed
 1415 0010 10BD     		pop	{r4, pc}
 1416              	.LVL82:
 1417              	.L78:
 591:Core/Src/stm32g0xx_hal_msp.c **** 
 1418              		.loc 1 591 5 is_stmt 1 view .LVU391
 1419 0012 0D4A     		ldr	r2, .L80+8
 1420 0014 136C     		ldr	r3, [r2, #64]
 1421 0016 0D49     		ldr	r1, .L80+12
ARM GAS  C:\Users\sante\AppData\Local\Temp\ccnbsYDx.s 			page 41


 1422 0018 0B40     		ands	r3, r1
 1423 001a 1364     		str	r3, [r2, #64]
 597:Core/Src/stm32g0xx_hal_msp.c **** 
 1424              		.loc 1 597 5 view .LVU392
 1425 001c C021     		movs	r1, #192
 1426 001e A020     		movs	r0, #160
 1427              	.LVL83:
 597:Core/Src/stm32g0xx_hal_msp.c **** 
 1428              		.loc 1 597 5 is_stmt 0 view .LVU393
 1429 0020 C900     		lsls	r1, r1, #3
 1430 0022 C005     		lsls	r0, r0, #23
 1431 0024 FFF7FEFF 		bl	HAL_GPIO_DeInit
 1432              	.LVL84:
 1433 0028 F2E7     		b	.L75
 1434              	.LVL85:
 1435              	.L79:
 609:Core/Src/stm32g0xx_hal_msp.c **** 
 1436              		.loc 1 609 5 is_stmt 1 view .LVU394
 1437 002a 074A     		ldr	r2, .L80+8
 1438 002c D36B     		ldr	r3, [r2, #60]
 1439 002e 0849     		ldr	r1, .L80+16
 1440 0030 0B40     		ands	r3, r1
 1441 0032 D363     		str	r3, [r2, #60]
 615:Core/Src/stm32g0xx_hal_msp.c **** 
 1442              		.loc 1 615 5 view .LVU395
 1443 0034 A020     		movs	r0, #160
 1444              	.LVL86:
 615:Core/Src/stm32g0xx_hal_msp.c **** 
 1445              		.loc 1 615 5 is_stmt 0 view .LVU396
 1446 0036 0749     		ldr	r1, .L80+20
 1447 0038 C005     		lsls	r0, r0, #23
 1448 003a FFF7FEFF 		bl	HAL_GPIO_DeInit
 1449              	.LVL87:
 1450              		.loc 1 622 1 view .LVU397
 1451 003e E7E7     		b	.L75
 1452              	.L81:
 1453              		.align	2
 1454              	.L80:
 1455 0040 00380140 		.word	1073821696
 1456 0044 00440040 		.word	1073759232
 1457 0048 00100240 		.word	1073876992
 1458 004c FFBFFFFF 		.word	-16385
 1459 0050 FFFFFDFF 		.word	-131073
 1460 0054 04800000 		.word	32772
 1461              		.cfi_endproc
 1462              	.LFE505:
 1464              		.text
 1465              	.Letext0:
 1466              		.file 2 "C:/Users/sante/AppData/Roaming/Code/User/globalStorage/bmd.stm32-for-vscode/@xpack-dev-to
 1467              		.file 3 "C:/Users/sante/AppData/Roaming/Code/User/globalStorage/bmd.stm32-for-vscode/@xpack-dev-to
 1468              		.file 4 "Drivers/CMSIS/Device/ST/STM32G0xx/Include/stm32g0b1xx.h"
 1469              		.file 5 "Drivers/CMSIS/Device/ST/STM32G0xx/Include/stm32g0xx.h"
 1470              		.file 6 "Drivers/STM32G0xx_HAL_Driver/Inc/stm32g0xx_hal_def.h"
 1471              		.file 7 "Drivers/STM32G0xx_HAL_Driver/Inc/stm32g0xx_hal_rcc_ex.h"
 1472              		.file 8 "Drivers/STM32G0xx_HAL_Driver/Inc/stm32g0xx_hal_gpio.h"
 1473              		.file 9 "Drivers/STM32G0xx_HAL_Driver/Inc/stm32g0xx_hal_dma.h"
 1474              		.file 10 "Drivers/STM32G0xx_HAL_Driver/Inc/stm32g0xx_hal_adc.h"
ARM GAS  C:\Users\sante\AppData\Local\Temp\ccnbsYDx.s 			page 42


 1475              		.file 11 "Drivers/STM32G0xx_HAL_Driver/Inc/stm32g0xx_hal_fdcan.h"
 1476              		.file 12 "Drivers/STM32G0xx_HAL_Driver/Inc/stm32g0xx_hal_i2c.h"
 1477              		.file 13 "Drivers/STM32G0xx_HAL_Driver/Inc/stm32g0xx_hal_spi.h"
 1478              		.file 14 "Drivers/STM32G0xx_HAL_Driver/Inc/stm32g0xx_hal_tim.h"
 1479              		.file 15 "Drivers/STM32G0xx_HAL_Driver/Inc/stm32g0xx_hal_uart.h"
 1480              		.file 16 "Drivers/STM32G0xx_HAL_Driver/Inc/stm32g0xx_hal.h"
 1481              		.file 17 "Drivers/STM32G0xx_HAL_Driver/Inc/stm32g0xx_ll_dma.h"
 1482              		.file 18 "Core/Inc/main.h"
 1483              		.file 19 "<built-in>"
ARM GAS  C:\Users\sante\AppData\Local\Temp\ccnbsYDx.s 			page 43


DEFINED SYMBOLS
                            *ABS*:00000000 stm32g0xx_hal_msp.c
C:\Users\sante\AppData\Local\Temp\ccnbsYDx.s:19     .text.HAL_MspInit:00000000 $t
C:\Users\sante\AppData\Local\Temp\ccnbsYDx.s:25     .text.HAL_MspInit:00000000 HAL_MspInit
C:\Users\sante\AppData\Local\Temp\ccnbsYDx.s:82     .text.HAL_MspInit:00000034 $d
C:\Users\sante\AppData\Local\Temp\ccnbsYDx.s:87     .text.HAL_ADC_MspInit:00000000 $t
C:\Users\sante\AppData\Local\Temp\ccnbsYDx.s:93     .text.HAL_ADC_MspInit:00000000 HAL_ADC_MspInit
C:\Users\sante\AppData\Local\Temp\ccnbsYDx.s:242    .text.HAL_ADC_MspInit:0000008c $d
C:\Users\sante\AppData\Local\Temp\ccnbsYDx.s:250    .text.HAL_ADC_MspDeInit:00000000 $t
C:\Users\sante\AppData\Local\Temp\ccnbsYDx.s:256    .text.HAL_ADC_MspDeInit:00000000 HAL_ADC_MspDeInit
C:\Users\sante\AppData\Local\Temp\ccnbsYDx.s:308    .text.HAL_ADC_MspDeInit:0000002c $d
C:\Users\sante\AppData\Local\Temp\ccnbsYDx.s:315    .text.HAL_FDCAN_MspInit:00000000 $t
C:\Users\sante\AppData\Local\Temp\ccnbsYDx.s:321    .text.HAL_FDCAN_MspInit:00000000 HAL_FDCAN_MspInit
C:\Users\sante\AppData\Local\Temp\ccnbsYDx.s:453    .text.HAL_FDCAN_MspInit:00000080 $d
C:\Users\sante\AppData\Local\Temp\ccnbsYDx.s:459    .text.HAL_FDCAN_MspDeInit:00000000 $t
C:\Users\sante\AppData\Local\Temp\ccnbsYDx.s:465    .text.HAL_FDCAN_MspDeInit:00000000 HAL_FDCAN_MspDeInit
C:\Users\sante\AppData\Local\Temp\ccnbsYDx.s:511    .text.HAL_FDCAN_MspDeInit:00000024 $d
C:\Users\sante\AppData\Local\Temp\ccnbsYDx.s:518    .text.HAL_I2C_MspInit:00000000 $t
C:\Users\sante\AppData\Local\Temp\ccnbsYDx.s:524    .text.HAL_I2C_MspInit:00000000 HAL_I2C_MspInit
C:\Users\sante\AppData\Local\Temp\ccnbsYDx.s:655    .text.HAL_I2C_MspInit:0000007c $d
C:\Users\sante\AppData\Local\Temp\ccnbsYDx.s:662    .text.HAL_I2C_MspDeInit:00000000 $t
C:\Users\sante\AppData\Local\Temp\ccnbsYDx.s:668    .text.HAL_I2C_MspDeInit:00000000 HAL_I2C_MspDeInit
C:\Users\sante\AppData\Local\Temp\ccnbsYDx.s:718    .text.HAL_I2C_MspDeInit:0000002c $d
C:\Users\sante\AppData\Local\Temp\ccnbsYDx.s:726    .text.HAL_SPI_MspInit:00000000 $t
C:\Users\sante\AppData\Local\Temp\ccnbsYDx.s:732    .text.HAL_SPI_MspInit:00000000 HAL_SPI_MspInit
C:\Users\sante\AppData\Local\Temp\ccnbsYDx.s:955    .text.HAL_SPI_MspInit:000000d4 $d
C:\Users\sante\AppData\Local\Temp\ccnbsYDx.s:963    .text.HAL_SPI_MspDeInit:00000000 $t
C:\Users\sante\AppData\Local\Temp\ccnbsYDx.s:969    .text.HAL_SPI_MspDeInit:00000000 HAL_SPI_MspDeInit
C:\Users\sante\AppData\Local\Temp\ccnbsYDx.s:1042   .text.HAL_SPI_MspDeInit:00000048 $d
C:\Users\sante\AppData\Local\Temp\ccnbsYDx.s:1052   .text.HAL_TIM_Base_MspInit:00000000 $t
C:\Users\sante\AppData\Local\Temp\ccnbsYDx.s:1058   .text.HAL_TIM_Base_MspInit:00000000 HAL_TIM_Base_MspInit
C:\Users\sante\AppData\Local\Temp\ccnbsYDx.s:1105   .text.HAL_TIM_Base_MspInit:00000024 $d
C:\Users\sante\AppData\Local\Temp\ccnbsYDx.s:1110   .text.HAL_TIM_Base_MspDeInit:00000000 $t
C:\Users\sante\AppData\Local\Temp\ccnbsYDx.s:1116   .text.HAL_TIM_Base_MspDeInit:00000000 HAL_TIM_Base_MspDeInit
C:\Users\sante\AppData\Local\Temp\ccnbsYDx.s:1148   .text.HAL_TIM_Base_MspDeInit:00000018 $d
C:\Users\sante\AppData\Local\Temp\ccnbsYDx.s:1153   .text.HAL_UART_MspInit:00000000 $t
C:\Users\sante\AppData\Local\Temp\ccnbsYDx.s:1159   .text.HAL_UART_MspInit:00000000 HAL_UART_MspInit
C:\Users\sante\AppData\Local\Temp\ccnbsYDx.s:1373   .text.HAL_UART_MspInit:000000d8 $d
C:\Users\sante\AppData\Local\Temp\ccnbsYDx.s:1381   .text.HAL_UART_MspDeInit:00000000 $t
C:\Users\sante\AppData\Local\Temp\ccnbsYDx.s:1387   .text.HAL_UART_MspDeInit:00000000 HAL_UART_MspDeInit
C:\Users\sante\AppData\Local\Temp\ccnbsYDx.s:1455   .text.HAL_UART_MspDeInit:00000040 $d

UNDEFINED SYMBOLS
HAL_SYSCFG_StrobeDBattpinsConfig
memset
HAL_GPIO_Init
HAL_DMA_Init
Error_Handler
hdma_adc1
HAL_GPIO_DeInit
HAL_DMA_DeInit
HAL_RCCEx_PeriphCLKConfig
