ARM GAS  C:\Users\sante\AppData\Local\Temp\cc9r4gT1.s 			page 1


   1              		.cpu cortex-m0plus
   2              		.arch armv6s-m
   3              		.fpu softvfp
   4              		.eabi_attribute 20, 1
   5              		.eabi_attribute 21, 1
   6              		.eabi_attribute 23, 3
   7              		.eabi_attribute 24, 1
   8              		.eabi_attribute 25, 1
   9              		.eabi_attribute 26, 1
  10              		.eabi_attribute 30, 1
  11              		.eabi_attribute 34, 0
  12              		.eabi_attribute 18, 4
  13              		.file	"stm32g0xx_hal_tim_ex.c"
  14              		.text
  15              	.Ltext0:
  16              		.cfi_sections	.debug_frame
  17              		.file 1 "Drivers/STM32G0xx_HAL_Driver/Src/stm32g0xx_hal_tim_ex.c"
  18              		.section	.text.TIM_CCxNChannelCmd,"ax",%progbits
  19              		.align	1
  20              		.syntax unified
  21              		.code	16
  22              		.thumb_func
  24              	TIM_CCxNChannelCmd:
  25              	.LVL0:
  26              	.LFB540:
   1:Drivers/STM32G0xx_HAL_Driver/Src/stm32g0xx_hal_tim_ex.c **** /**
   2:Drivers/STM32G0xx_HAL_Driver/Src/stm32g0xx_hal_tim_ex.c ****   ******************************************************************************
   3:Drivers/STM32G0xx_HAL_Driver/Src/stm32g0xx_hal_tim_ex.c ****   * @file    stm32g0xx_hal_tim_ex.c
   4:Drivers/STM32G0xx_HAL_Driver/Src/stm32g0xx_hal_tim_ex.c ****   * @author  MCD Application Team
   5:Drivers/STM32G0xx_HAL_Driver/Src/stm32g0xx_hal_tim_ex.c ****   * @brief   TIM HAL module driver.
   6:Drivers/STM32G0xx_HAL_Driver/Src/stm32g0xx_hal_tim_ex.c ****   *          This file provides firmware functions to manage the following
   7:Drivers/STM32G0xx_HAL_Driver/Src/stm32g0xx_hal_tim_ex.c ****   *          functionalities of the Timer Extended peripheral:
   8:Drivers/STM32G0xx_HAL_Driver/Src/stm32g0xx_hal_tim_ex.c ****   *           + Time Hall Sensor Interface Initialization
   9:Drivers/STM32G0xx_HAL_Driver/Src/stm32g0xx_hal_tim_ex.c ****   *           + Time Hall Sensor Interface Start
  10:Drivers/STM32G0xx_HAL_Driver/Src/stm32g0xx_hal_tim_ex.c ****   *           + Time Complementary signal break and dead time configuration
  11:Drivers/STM32G0xx_HAL_Driver/Src/stm32g0xx_hal_tim_ex.c ****   *           + Time Master and Slave synchronization configuration
  12:Drivers/STM32G0xx_HAL_Driver/Src/stm32g0xx_hal_tim_ex.c ****   *           + Time Output Compare/PWM Channel Configuration (for channels 5 and 6)
  13:Drivers/STM32G0xx_HAL_Driver/Src/stm32g0xx_hal_tim_ex.c ****   *           + Time OCRef clear configuration
  14:Drivers/STM32G0xx_HAL_Driver/Src/stm32g0xx_hal_tim_ex.c ****   *           + Timer remapping capabilities configuration
  15:Drivers/STM32G0xx_HAL_Driver/Src/stm32g0xx_hal_tim_ex.c ****   ******************************************************************************
  16:Drivers/STM32G0xx_HAL_Driver/Src/stm32g0xx_hal_tim_ex.c ****   * @attention
  17:Drivers/STM32G0xx_HAL_Driver/Src/stm32g0xx_hal_tim_ex.c ****   *
  18:Drivers/STM32G0xx_HAL_Driver/Src/stm32g0xx_hal_tim_ex.c ****   * Copyright (c) 2018 STMicroelectronics.
  19:Drivers/STM32G0xx_HAL_Driver/Src/stm32g0xx_hal_tim_ex.c ****   * All rights reserved.
  20:Drivers/STM32G0xx_HAL_Driver/Src/stm32g0xx_hal_tim_ex.c ****   *
  21:Drivers/STM32G0xx_HAL_Driver/Src/stm32g0xx_hal_tim_ex.c ****   * This software is licensed under terms that can be found in the LICENSE file
  22:Drivers/STM32G0xx_HAL_Driver/Src/stm32g0xx_hal_tim_ex.c ****   * in the root directory of this software component.
  23:Drivers/STM32G0xx_HAL_Driver/Src/stm32g0xx_hal_tim_ex.c ****   * If no LICENSE file comes with this software, it is provided AS-IS.
  24:Drivers/STM32G0xx_HAL_Driver/Src/stm32g0xx_hal_tim_ex.c ****   *
  25:Drivers/STM32G0xx_HAL_Driver/Src/stm32g0xx_hal_tim_ex.c ****   ******************************************************************************
  26:Drivers/STM32G0xx_HAL_Driver/Src/stm32g0xx_hal_tim_ex.c ****   @verbatim
  27:Drivers/STM32G0xx_HAL_Driver/Src/stm32g0xx_hal_tim_ex.c ****   ==============================================================================
  28:Drivers/STM32G0xx_HAL_Driver/Src/stm32g0xx_hal_tim_ex.c ****                       ##### TIMER Extended features #####
  29:Drivers/STM32G0xx_HAL_Driver/Src/stm32g0xx_hal_tim_ex.c ****   ==============================================================================
  30:Drivers/STM32G0xx_HAL_Driver/Src/stm32g0xx_hal_tim_ex.c ****   [..]
  31:Drivers/STM32G0xx_HAL_Driver/Src/stm32g0xx_hal_tim_ex.c ****     The Timer Extended features include:
  32:Drivers/STM32G0xx_HAL_Driver/Src/stm32g0xx_hal_tim_ex.c ****     (#) Complementary outputs with programmable dead-time for :
ARM GAS  C:\Users\sante\AppData\Local\Temp\cc9r4gT1.s 			page 2


  33:Drivers/STM32G0xx_HAL_Driver/Src/stm32g0xx_hal_tim_ex.c ****         (++) Output Compare
  34:Drivers/STM32G0xx_HAL_Driver/Src/stm32g0xx_hal_tim_ex.c ****         (++) PWM generation (Edge and Center-aligned Mode)
  35:Drivers/STM32G0xx_HAL_Driver/Src/stm32g0xx_hal_tim_ex.c ****         (++) One-pulse mode output
  36:Drivers/STM32G0xx_HAL_Driver/Src/stm32g0xx_hal_tim_ex.c ****     (#) Synchronization circuit to control the timer with external signals and to
  37:Drivers/STM32G0xx_HAL_Driver/Src/stm32g0xx_hal_tim_ex.c ****         interconnect several timers together.
  38:Drivers/STM32G0xx_HAL_Driver/Src/stm32g0xx_hal_tim_ex.c ****     (#) Break input to put the timer output signals in reset state or in a known state.
  39:Drivers/STM32G0xx_HAL_Driver/Src/stm32g0xx_hal_tim_ex.c ****     (#) Supports incremental (quadrature) encoder and hall-sensor circuitry for
  40:Drivers/STM32G0xx_HAL_Driver/Src/stm32g0xx_hal_tim_ex.c ****         positioning purposes
  41:Drivers/STM32G0xx_HAL_Driver/Src/stm32g0xx_hal_tim_ex.c **** 
  42:Drivers/STM32G0xx_HAL_Driver/Src/stm32g0xx_hal_tim_ex.c ****             ##### How to use this driver #####
  43:Drivers/STM32G0xx_HAL_Driver/Src/stm32g0xx_hal_tim_ex.c ****   ==============================================================================
  44:Drivers/STM32G0xx_HAL_Driver/Src/stm32g0xx_hal_tim_ex.c ****     [..]
  45:Drivers/STM32G0xx_HAL_Driver/Src/stm32g0xx_hal_tim_ex.c ****      (#) Initialize the TIM low level resources by implementing the following functions
  46:Drivers/STM32G0xx_HAL_Driver/Src/stm32g0xx_hal_tim_ex.c ****          depending on the selected feature:
  47:Drivers/STM32G0xx_HAL_Driver/Src/stm32g0xx_hal_tim_ex.c ****            (++) Hall Sensor output : HAL_TIMEx_HallSensor_MspInit()
  48:Drivers/STM32G0xx_HAL_Driver/Src/stm32g0xx_hal_tim_ex.c **** 
  49:Drivers/STM32G0xx_HAL_Driver/Src/stm32g0xx_hal_tim_ex.c ****      (#) Initialize the TIM low level resources :
  50:Drivers/STM32G0xx_HAL_Driver/Src/stm32g0xx_hal_tim_ex.c ****         (##) Enable the TIM interface clock using __HAL_RCC_TIMx_CLK_ENABLE();
  51:Drivers/STM32G0xx_HAL_Driver/Src/stm32g0xx_hal_tim_ex.c ****         (##) TIM pins configuration
  52:Drivers/STM32G0xx_HAL_Driver/Src/stm32g0xx_hal_tim_ex.c ****             (+++) Enable the clock for the TIM GPIOs using the following function:
  53:Drivers/STM32G0xx_HAL_Driver/Src/stm32g0xx_hal_tim_ex.c ****               __HAL_RCC_GPIOx_CLK_ENABLE();
  54:Drivers/STM32G0xx_HAL_Driver/Src/stm32g0xx_hal_tim_ex.c ****             (+++) Configure these TIM pins in Alternate function mode using HAL_GPIO_Init();
  55:Drivers/STM32G0xx_HAL_Driver/Src/stm32g0xx_hal_tim_ex.c **** 
  56:Drivers/STM32G0xx_HAL_Driver/Src/stm32g0xx_hal_tim_ex.c ****      (#) The external Clock can be configured, if needed (the default clock is the
  57:Drivers/STM32G0xx_HAL_Driver/Src/stm32g0xx_hal_tim_ex.c ****          internal clock from the APBx), using the following function:
  58:Drivers/STM32G0xx_HAL_Driver/Src/stm32g0xx_hal_tim_ex.c ****          HAL_TIM_ConfigClockSource, the clock configuration should be done before
  59:Drivers/STM32G0xx_HAL_Driver/Src/stm32g0xx_hal_tim_ex.c ****          any start function.
  60:Drivers/STM32G0xx_HAL_Driver/Src/stm32g0xx_hal_tim_ex.c **** 
  61:Drivers/STM32G0xx_HAL_Driver/Src/stm32g0xx_hal_tim_ex.c ****      (#) Configure the TIM in the desired functioning mode using one of the
  62:Drivers/STM32G0xx_HAL_Driver/Src/stm32g0xx_hal_tim_ex.c ****          initialization function of this driver:
  63:Drivers/STM32G0xx_HAL_Driver/Src/stm32g0xx_hal_tim_ex.c ****           (++) HAL_TIMEx_HallSensor_Init() and HAL_TIMEx_ConfigCommutEvent(): to use the
  64:Drivers/STM32G0xx_HAL_Driver/Src/stm32g0xx_hal_tim_ex.c ****                Timer Hall Sensor Interface and the commutation event with the corresponding
  65:Drivers/STM32G0xx_HAL_Driver/Src/stm32g0xx_hal_tim_ex.c ****                Interrupt and DMA request if needed (Note that One Timer is used to interface
  66:Drivers/STM32G0xx_HAL_Driver/Src/stm32g0xx_hal_tim_ex.c ****                with the Hall sensor Interface and another Timer should be used to use
  67:Drivers/STM32G0xx_HAL_Driver/Src/stm32g0xx_hal_tim_ex.c ****                the commutation event).
  68:Drivers/STM32G0xx_HAL_Driver/Src/stm32g0xx_hal_tim_ex.c **** 
  69:Drivers/STM32G0xx_HAL_Driver/Src/stm32g0xx_hal_tim_ex.c ****      (#) Activate the TIM peripheral using one of the start functions:
  70:Drivers/STM32G0xx_HAL_Driver/Src/stm32g0xx_hal_tim_ex.c ****            (++) Complementary Output Compare : HAL_TIMEx_OCN_Start(), HAL_TIMEx_OCN_Start_DMA(),
  71:Drivers/STM32G0xx_HAL_Driver/Src/stm32g0xx_hal_tim_ex.c ****                 HAL_TIMEx_OCN_Start_IT()
  72:Drivers/STM32G0xx_HAL_Driver/Src/stm32g0xx_hal_tim_ex.c ****            (++) Complementary PWM generation : HAL_TIMEx_PWMN_Start(), HAL_TIMEx_PWMN_Start_DMA(),
  73:Drivers/STM32G0xx_HAL_Driver/Src/stm32g0xx_hal_tim_ex.c ****                 HAL_TIMEx_PWMN_Start_IT()
  74:Drivers/STM32G0xx_HAL_Driver/Src/stm32g0xx_hal_tim_ex.c ****            (++) Complementary One-pulse mode output : HAL_TIMEx_OnePulseN_Start(), HAL_TIMEx_OnePul
  75:Drivers/STM32G0xx_HAL_Driver/Src/stm32g0xx_hal_tim_ex.c ****            (++) Hall Sensor output : HAL_TIMEx_HallSensor_Start(), HAL_TIMEx_HallSensor_Start_DMA()
  76:Drivers/STM32G0xx_HAL_Driver/Src/stm32g0xx_hal_tim_ex.c ****                 HAL_TIMEx_HallSensor_Start_IT().
  77:Drivers/STM32G0xx_HAL_Driver/Src/stm32g0xx_hal_tim_ex.c **** 
  78:Drivers/STM32G0xx_HAL_Driver/Src/stm32g0xx_hal_tim_ex.c ****   @endverbatim
  79:Drivers/STM32G0xx_HAL_Driver/Src/stm32g0xx_hal_tim_ex.c ****   ******************************************************************************
  80:Drivers/STM32G0xx_HAL_Driver/Src/stm32g0xx_hal_tim_ex.c ****   */
  81:Drivers/STM32G0xx_HAL_Driver/Src/stm32g0xx_hal_tim_ex.c **** 
  82:Drivers/STM32G0xx_HAL_Driver/Src/stm32g0xx_hal_tim_ex.c **** /* Includes ------------------------------------------------------------------*/
  83:Drivers/STM32G0xx_HAL_Driver/Src/stm32g0xx_hal_tim_ex.c **** #include "stm32g0xx_hal.h"
  84:Drivers/STM32G0xx_HAL_Driver/Src/stm32g0xx_hal_tim_ex.c **** 
  85:Drivers/STM32G0xx_HAL_Driver/Src/stm32g0xx_hal_tim_ex.c **** /** @addtogroup STM32G0xx_HAL_Driver
  86:Drivers/STM32G0xx_HAL_Driver/Src/stm32g0xx_hal_tim_ex.c ****   * @{
  87:Drivers/STM32G0xx_HAL_Driver/Src/stm32g0xx_hal_tim_ex.c ****   */
  88:Drivers/STM32G0xx_HAL_Driver/Src/stm32g0xx_hal_tim_ex.c **** 
  89:Drivers/STM32G0xx_HAL_Driver/Src/stm32g0xx_hal_tim_ex.c **** /** @defgroup TIMEx TIMEx
ARM GAS  C:\Users\sante\AppData\Local\Temp\cc9r4gT1.s 			page 3


  90:Drivers/STM32G0xx_HAL_Driver/Src/stm32g0xx_hal_tim_ex.c ****   * @brief TIM Extended HAL module driver
  91:Drivers/STM32G0xx_HAL_Driver/Src/stm32g0xx_hal_tim_ex.c ****   * @{
  92:Drivers/STM32G0xx_HAL_Driver/Src/stm32g0xx_hal_tim_ex.c ****   */
  93:Drivers/STM32G0xx_HAL_Driver/Src/stm32g0xx_hal_tim_ex.c **** 
  94:Drivers/STM32G0xx_HAL_Driver/Src/stm32g0xx_hal_tim_ex.c **** #ifdef HAL_TIM_MODULE_ENABLED
  95:Drivers/STM32G0xx_HAL_Driver/Src/stm32g0xx_hal_tim_ex.c **** 
  96:Drivers/STM32G0xx_HAL_Driver/Src/stm32g0xx_hal_tim_ex.c **** /* Private typedef -----------------------------------------------------------*/
  97:Drivers/STM32G0xx_HAL_Driver/Src/stm32g0xx_hal_tim_ex.c **** /* Private define ------------------------------------------------------------*/
  98:Drivers/STM32G0xx_HAL_Driver/Src/stm32g0xx_hal_tim_ex.c **** /* Private constants ---------------------------------------------------------*/
  99:Drivers/STM32G0xx_HAL_Driver/Src/stm32g0xx_hal_tim_ex.c **** /** @defgroup TIMEx_Private_Constants TIM Extended Private Constants
 100:Drivers/STM32G0xx_HAL_Driver/Src/stm32g0xx_hal_tim_ex.c ****   * @{
 101:Drivers/STM32G0xx_HAL_Driver/Src/stm32g0xx_hal_tim_ex.c ****   */
 102:Drivers/STM32G0xx_HAL_Driver/Src/stm32g0xx_hal_tim_ex.c **** /* Timeout for break input rearm */
 103:Drivers/STM32G0xx_HAL_Driver/Src/stm32g0xx_hal_tim_ex.c **** #define TIM_BREAKINPUT_REARM_TIMEOUT    5UL /* 5 milliseconds */
 104:Drivers/STM32G0xx_HAL_Driver/Src/stm32g0xx_hal_tim_ex.c **** /**
 105:Drivers/STM32G0xx_HAL_Driver/Src/stm32g0xx_hal_tim_ex.c ****   * @}
 106:Drivers/STM32G0xx_HAL_Driver/Src/stm32g0xx_hal_tim_ex.c ****   */
 107:Drivers/STM32G0xx_HAL_Driver/Src/stm32g0xx_hal_tim_ex.c **** /* End of private constants --------------------------------------------------*/
 108:Drivers/STM32G0xx_HAL_Driver/Src/stm32g0xx_hal_tim_ex.c **** 
 109:Drivers/STM32G0xx_HAL_Driver/Src/stm32g0xx_hal_tim_ex.c **** /* Private macros ------------------------------------------------------------*/
 110:Drivers/STM32G0xx_HAL_Driver/Src/stm32g0xx_hal_tim_ex.c **** /* Private variables ---------------------------------------------------------*/
 111:Drivers/STM32G0xx_HAL_Driver/Src/stm32g0xx_hal_tim_ex.c **** /* Private function prototypes -----------------------------------------------*/
 112:Drivers/STM32G0xx_HAL_Driver/Src/stm32g0xx_hal_tim_ex.c **** static void TIM_DMADelayPulseNCplt(DMA_HandleTypeDef *hdma);
 113:Drivers/STM32G0xx_HAL_Driver/Src/stm32g0xx_hal_tim_ex.c **** static void TIM_DMAErrorCCxN(DMA_HandleTypeDef *hdma);
 114:Drivers/STM32G0xx_HAL_Driver/Src/stm32g0xx_hal_tim_ex.c **** static void TIM_CCxNChannelCmd(TIM_TypeDef *TIMx, uint32_t Channel, uint32_t ChannelNState);
 115:Drivers/STM32G0xx_HAL_Driver/Src/stm32g0xx_hal_tim_ex.c **** 
 116:Drivers/STM32G0xx_HAL_Driver/Src/stm32g0xx_hal_tim_ex.c **** /* Exported functions --------------------------------------------------------*/
 117:Drivers/STM32G0xx_HAL_Driver/Src/stm32g0xx_hal_tim_ex.c **** /** @defgroup TIMEx_Exported_Functions TIM Extended Exported Functions
 118:Drivers/STM32G0xx_HAL_Driver/Src/stm32g0xx_hal_tim_ex.c ****   * @{
 119:Drivers/STM32G0xx_HAL_Driver/Src/stm32g0xx_hal_tim_ex.c ****   */
 120:Drivers/STM32G0xx_HAL_Driver/Src/stm32g0xx_hal_tim_ex.c **** 
 121:Drivers/STM32G0xx_HAL_Driver/Src/stm32g0xx_hal_tim_ex.c **** /** @defgroup TIMEx_Exported_Functions_Group1 Extended Timer Hall Sensor functions
 122:Drivers/STM32G0xx_HAL_Driver/Src/stm32g0xx_hal_tim_ex.c ****   * @brief    Timer Hall Sensor functions
 123:Drivers/STM32G0xx_HAL_Driver/Src/stm32g0xx_hal_tim_ex.c ****   *
 124:Drivers/STM32G0xx_HAL_Driver/Src/stm32g0xx_hal_tim_ex.c **** @verbatim
 125:Drivers/STM32G0xx_HAL_Driver/Src/stm32g0xx_hal_tim_ex.c ****   ==============================================================================
 126:Drivers/STM32G0xx_HAL_Driver/Src/stm32g0xx_hal_tim_ex.c ****                       ##### Timer Hall Sensor functions #####
 127:Drivers/STM32G0xx_HAL_Driver/Src/stm32g0xx_hal_tim_ex.c ****   ==============================================================================
 128:Drivers/STM32G0xx_HAL_Driver/Src/stm32g0xx_hal_tim_ex.c ****   [..]
 129:Drivers/STM32G0xx_HAL_Driver/Src/stm32g0xx_hal_tim_ex.c ****     This section provides functions allowing to:
 130:Drivers/STM32G0xx_HAL_Driver/Src/stm32g0xx_hal_tim_ex.c ****     (+) Initialize and configure TIM HAL Sensor.
 131:Drivers/STM32G0xx_HAL_Driver/Src/stm32g0xx_hal_tim_ex.c ****     (+) De-initialize TIM HAL Sensor.
 132:Drivers/STM32G0xx_HAL_Driver/Src/stm32g0xx_hal_tim_ex.c ****     (+) Start the Hall Sensor Interface.
 133:Drivers/STM32G0xx_HAL_Driver/Src/stm32g0xx_hal_tim_ex.c ****     (+) Stop the Hall Sensor Interface.
 134:Drivers/STM32G0xx_HAL_Driver/Src/stm32g0xx_hal_tim_ex.c ****     (+) Start the Hall Sensor Interface and enable interrupts.
 135:Drivers/STM32G0xx_HAL_Driver/Src/stm32g0xx_hal_tim_ex.c ****     (+) Stop the Hall Sensor Interface and disable interrupts.
 136:Drivers/STM32G0xx_HAL_Driver/Src/stm32g0xx_hal_tim_ex.c ****     (+) Start the Hall Sensor Interface and enable DMA transfers.
 137:Drivers/STM32G0xx_HAL_Driver/Src/stm32g0xx_hal_tim_ex.c ****     (+) Stop the Hall Sensor Interface and disable DMA transfers.
 138:Drivers/STM32G0xx_HAL_Driver/Src/stm32g0xx_hal_tim_ex.c **** 
 139:Drivers/STM32G0xx_HAL_Driver/Src/stm32g0xx_hal_tim_ex.c **** @endverbatim
 140:Drivers/STM32G0xx_HAL_Driver/Src/stm32g0xx_hal_tim_ex.c ****   * @{
 141:Drivers/STM32G0xx_HAL_Driver/Src/stm32g0xx_hal_tim_ex.c ****   */
 142:Drivers/STM32G0xx_HAL_Driver/Src/stm32g0xx_hal_tim_ex.c **** /**
 143:Drivers/STM32G0xx_HAL_Driver/Src/stm32g0xx_hal_tim_ex.c ****   * @brief  Initializes the TIM Hall Sensor Interface and initialize the associated handle.
 144:Drivers/STM32G0xx_HAL_Driver/Src/stm32g0xx_hal_tim_ex.c ****   * @note   When the timer instance is initialized in Hall Sensor Interface mode,
 145:Drivers/STM32G0xx_HAL_Driver/Src/stm32g0xx_hal_tim_ex.c ****   *         timer channels 1 and channel 2 are reserved and cannot be used for
 146:Drivers/STM32G0xx_HAL_Driver/Src/stm32g0xx_hal_tim_ex.c ****   *         other purpose.
ARM GAS  C:\Users\sante\AppData\Local\Temp\cc9r4gT1.s 			page 4


 147:Drivers/STM32G0xx_HAL_Driver/Src/stm32g0xx_hal_tim_ex.c ****   * @param  htim TIM Hall Sensor Interface handle
 148:Drivers/STM32G0xx_HAL_Driver/Src/stm32g0xx_hal_tim_ex.c ****   * @param  sConfig TIM Hall Sensor configuration structure
 149:Drivers/STM32G0xx_HAL_Driver/Src/stm32g0xx_hal_tim_ex.c ****   * @retval HAL status
 150:Drivers/STM32G0xx_HAL_Driver/Src/stm32g0xx_hal_tim_ex.c ****   */
 151:Drivers/STM32G0xx_HAL_Driver/Src/stm32g0xx_hal_tim_ex.c **** HAL_StatusTypeDef HAL_TIMEx_HallSensor_Init(TIM_HandleTypeDef *htim, const TIM_HallSensor_InitTypeD
 152:Drivers/STM32G0xx_HAL_Driver/Src/stm32g0xx_hal_tim_ex.c **** {
 153:Drivers/STM32G0xx_HAL_Driver/Src/stm32g0xx_hal_tim_ex.c ****   TIM_OC_InitTypeDef OC_Config;
 154:Drivers/STM32G0xx_HAL_Driver/Src/stm32g0xx_hal_tim_ex.c **** 
 155:Drivers/STM32G0xx_HAL_Driver/Src/stm32g0xx_hal_tim_ex.c ****   /* Check the TIM handle allocation */
 156:Drivers/STM32G0xx_HAL_Driver/Src/stm32g0xx_hal_tim_ex.c ****   if (htim == NULL)
 157:Drivers/STM32G0xx_HAL_Driver/Src/stm32g0xx_hal_tim_ex.c ****   {
 158:Drivers/STM32G0xx_HAL_Driver/Src/stm32g0xx_hal_tim_ex.c ****     return HAL_ERROR;
 159:Drivers/STM32G0xx_HAL_Driver/Src/stm32g0xx_hal_tim_ex.c ****   }
 160:Drivers/STM32G0xx_HAL_Driver/Src/stm32g0xx_hal_tim_ex.c **** 
 161:Drivers/STM32G0xx_HAL_Driver/Src/stm32g0xx_hal_tim_ex.c ****   /* Check the parameters */
 162:Drivers/STM32G0xx_HAL_Driver/Src/stm32g0xx_hal_tim_ex.c ****   assert_param(IS_TIM_HALL_SENSOR_INTERFACE_INSTANCE(htim->Instance));
 163:Drivers/STM32G0xx_HAL_Driver/Src/stm32g0xx_hal_tim_ex.c ****   assert_param(IS_TIM_COUNTER_MODE(htim->Init.CounterMode));
 164:Drivers/STM32G0xx_HAL_Driver/Src/stm32g0xx_hal_tim_ex.c ****   assert_param(IS_TIM_CLOCKDIVISION_DIV(htim->Init.ClockDivision));
 165:Drivers/STM32G0xx_HAL_Driver/Src/stm32g0xx_hal_tim_ex.c ****   assert_param(IS_TIM_AUTORELOAD_PRELOAD(htim->Init.AutoReloadPreload));
 166:Drivers/STM32G0xx_HAL_Driver/Src/stm32g0xx_hal_tim_ex.c ****   assert_param(IS_TIM_IC_POLARITY(sConfig->IC1Polarity));
 167:Drivers/STM32G0xx_HAL_Driver/Src/stm32g0xx_hal_tim_ex.c ****   assert_param(IS_TIM_PERIOD(htim, htim->Init.Period));
 168:Drivers/STM32G0xx_HAL_Driver/Src/stm32g0xx_hal_tim_ex.c ****   assert_param(IS_TIM_IC_PRESCALER(sConfig->IC1Prescaler));
 169:Drivers/STM32G0xx_HAL_Driver/Src/stm32g0xx_hal_tim_ex.c ****   assert_param(IS_TIM_IC_FILTER(sConfig->IC1Filter));
 170:Drivers/STM32G0xx_HAL_Driver/Src/stm32g0xx_hal_tim_ex.c **** 
 171:Drivers/STM32G0xx_HAL_Driver/Src/stm32g0xx_hal_tim_ex.c ****   if (htim->State == HAL_TIM_STATE_RESET)
 172:Drivers/STM32G0xx_HAL_Driver/Src/stm32g0xx_hal_tim_ex.c ****   {
 173:Drivers/STM32G0xx_HAL_Driver/Src/stm32g0xx_hal_tim_ex.c ****     /* Allocate lock resource and initialize it */
 174:Drivers/STM32G0xx_HAL_Driver/Src/stm32g0xx_hal_tim_ex.c ****     htim->Lock = HAL_UNLOCKED;
 175:Drivers/STM32G0xx_HAL_Driver/Src/stm32g0xx_hal_tim_ex.c **** 
 176:Drivers/STM32G0xx_HAL_Driver/Src/stm32g0xx_hal_tim_ex.c **** #if (USE_HAL_TIM_REGISTER_CALLBACKS == 1)
 177:Drivers/STM32G0xx_HAL_Driver/Src/stm32g0xx_hal_tim_ex.c ****     /* Reset interrupt callbacks to legacy week callbacks */
 178:Drivers/STM32G0xx_HAL_Driver/Src/stm32g0xx_hal_tim_ex.c ****     TIM_ResetCallback(htim);
 179:Drivers/STM32G0xx_HAL_Driver/Src/stm32g0xx_hal_tim_ex.c **** 
 180:Drivers/STM32G0xx_HAL_Driver/Src/stm32g0xx_hal_tim_ex.c ****     if (htim->HallSensor_MspInitCallback == NULL)
 181:Drivers/STM32G0xx_HAL_Driver/Src/stm32g0xx_hal_tim_ex.c ****     {
 182:Drivers/STM32G0xx_HAL_Driver/Src/stm32g0xx_hal_tim_ex.c ****       htim->HallSensor_MspInitCallback = HAL_TIMEx_HallSensor_MspInit;
 183:Drivers/STM32G0xx_HAL_Driver/Src/stm32g0xx_hal_tim_ex.c ****     }
 184:Drivers/STM32G0xx_HAL_Driver/Src/stm32g0xx_hal_tim_ex.c ****     /* Init the low level hardware : GPIO, CLOCK, NVIC */
 185:Drivers/STM32G0xx_HAL_Driver/Src/stm32g0xx_hal_tim_ex.c ****     htim->HallSensor_MspInitCallback(htim);
 186:Drivers/STM32G0xx_HAL_Driver/Src/stm32g0xx_hal_tim_ex.c **** #else
 187:Drivers/STM32G0xx_HAL_Driver/Src/stm32g0xx_hal_tim_ex.c ****     /* Init the low level hardware : GPIO, CLOCK, NVIC and DMA */
 188:Drivers/STM32G0xx_HAL_Driver/Src/stm32g0xx_hal_tim_ex.c ****     HAL_TIMEx_HallSensor_MspInit(htim);
 189:Drivers/STM32G0xx_HAL_Driver/Src/stm32g0xx_hal_tim_ex.c **** #endif /* USE_HAL_TIM_REGISTER_CALLBACKS */
 190:Drivers/STM32G0xx_HAL_Driver/Src/stm32g0xx_hal_tim_ex.c ****   }
 191:Drivers/STM32G0xx_HAL_Driver/Src/stm32g0xx_hal_tim_ex.c **** 
 192:Drivers/STM32G0xx_HAL_Driver/Src/stm32g0xx_hal_tim_ex.c ****   /* Set the TIM state */
 193:Drivers/STM32G0xx_HAL_Driver/Src/stm32g0xx_hal_tim_ex.c ****   htim->State = HAL_TIM_STATE_BUSY;
 194:Drivers/STM32G0xx_HAL_Driver/Src/stm32g0xx_hal_tim_ex.c **** 
 195:Drivers/STM32G0xx_HAL_Driver/Src/stm32g0xx_hal_tim_ex.c ****   /* Configure the Time base in the Encoder Mode */
 196:Drivers/STM32G0xx_HAL_Driver/Src/stm32g0xx_hal_tim_ex.c ****   TIM_Base_SetConfig(htim->Instance, &htim->Init);
 197:Drivers/STM32G0xx_HAL_Driver/Src/stm32g0xx_hal_tim_ex.c **** 
 198:Drivers/STM32G0xx_HAL_Driver/Src/stm32g0xx_hal_tim_ex.c ****   /* Configure the Channel 1 as Input Channel to interface with the three Outputs of the  Hall sens
 199:Drivers/STM32G0xx_HAL_Driver/Src/stm32g0xx_hal_tim_ex.c ****   TIM_TI1_SetConfig(htim->Instance, sConfig->IC1Polarity, TIM_ICSELECTION_TRC, sConfig->IC1Filter);
 200:Drivers/STM32G0xx_HAL_Driver/Src/stm32g0xx_hal_tim_ex.c **** 
 201:Drivers/STM32G0xx_HAL_Driver/Src/stm32g0xx_hal_tim_ex.c ****   /* Reset the IC1PSC Bits */
 202:Drivers/STM32G0xx_HAL_Driver/Src/stm32g0xx_hal_tim_ex.c ****   htim->Instance->CCMR1 &= ~TIM_CCMR1_IC1PSC;
 203:Drivers/STM32G0xx_HAL_Driver/Src/stm32g0xx_hal_tim_ex.c ****   /* Set the IC1PSC value */
ARM GAS  C:\Users\sante\AppData\Local\Temp\cc9r4gT1.s 			page 5


 204:Drivers/STM32G0xx_HAL_Driver/Src/stm32g0xx_hal_tim_ex.c ****   htim->Instance->CCMR1 |= sConfig->IC1Prescaler;
 205:Drivers/STM32G0xx_HAL_Driver/Src/stm32g0xx_hal_tim_ex.c **** 
 206:Drivers/STM32G0xx_HAL_Driver/Src/stm32g0xx_hal_tim_ex.c ****   /* Enable the Hall sensor interface (XOR function of the three inputs) */
 207:Drivers/STM32G0xx_HAL_Driver/Src/stm32g0xx_hal_tim_ex.c ****   htim->Instance->CR2 |= TIM_CR2_TI1S;
 208:Drivers/STM32G0xx_HAL_Driver/Src/stm32g0xx_hal_tim_ex.c **** 
 209:Drivers/STM32G0xx_HAL_Driver/Src/stm32g0xx_hal_tim_ex.c ****   /* Select the TIM_TS_TI1F_ED signal as Input trigger for the TIM */
 210:Drivers/STM32G0xx_HAL_Driver/Src/stm32g0xx_hal_tim_ex.c ****   htim->Instance->SMCR &= ~TIM_SMCR_TS;
 211:Drivers/STM32G0xx_HAL_Driver/Src/stm32g0xx_hal_tim_ex.c ****   htim->Instance->SMCR |= TIM_TS_TI1F_ED;
 212:Drivers/STM32G0xx_HAL_Driver/Src/stm32g0xx_hal_tim_ex.c **** 
 213:Drivers/STM32G0xx_HAL_Driver/Src/stm32g0xx_hal_tim_ex.c ****   /* Use the TIM_TS_TI1F_ED signal to reset the TIM counter each edge detection */
 214:Drivers/STM32G0xx_HAL_Driver/Src/stm32g0xx_hal_tim_ex.c ****   htim->Instance->SMCR &= ~TIM_SMCR_SMS;
 215:Drivers/STM32G0xx_HAL_Driver/Src/stm32g0xx_hal_tim_ex.c ****   htim->Instance->SMCR |= TIM_SLAVEMODE_RESET;
 216:Drivers/STM32G0xx_HAL_Driver/Src/stm32g0xx_hal_tim_ex.c **** 
 217:Drivers/STM32G0xx_HAL_Driver/Src/stm32g0xx_hal_tim_ex.c ****   /* Program channel 2 in PWM 2 mode with the desired Commutation_Delay*/
 218:Drivers/STM32G0xx_HAL_Driver/Src/stm32g0xx_hal_tim_ex.c ****   OC_Config.OCFastMode = TIM_OCFAST_DISABLE;
 219:Drivers/STM32G0xx_HAL_Driver/Src/stm32g0xx_hal_tim_ex.c ****   OC_Config.OCIdleState = TIM_OCIDLESTATE_RESET;
 220:Drivers/STM32G0xx_HAL_Driver/Src/stm32g0xx_hal_tim_ex.c ****   OC_Config.OCMode = TIM_OCMODE_PWM2;
 221:Drivers/STM32G0xx_HAL_Driver/Src/stm32g0xx_hal_tim_ex.c ****   OC_Config.OCNIdleState = TIM_OCNIDLESTATE_RESET;
 222:Drivers/STM32G0xx_HAL_Driver/Src/stm32g0xx_hal_tim_ex.c ****   OC_Config.OCNPolarity = TIM_OCNPOLARITY_HIGH;
 223:Drivers/STM32G0xx_HAL_Driver/Src/stm32g0xx_hal_tim_ex.c ****   OC_Config.OCPolarity = TIM_OCPOLARITY_HIGH;
 224:Drivers/STM32G0xx_HAL_Driver/Src/stm32g0xx_hal_tim_ex.c ****   OC_Config.Pulse = sConfig->Commutation_Delay;
 225:Drivers/STM32G0xx_HAL_Driver/Src/stm32g0xx_hal_tim_ex.c **** 
 226:Drivers/STM32G0xx_HAL_Driver/Src/stm32g0xx_hal_tim_ex.c ****   TIM_OC2_SetConfig(htim->Instance, &OC_Config);
 227:Drivers/STM32G0xx_HAL_Driver/Src/stm32g0xx_hal_tim_ex.c **** 
 228:Drivers/STM32G0xx_HAL_Driver/Src/stm32g0xx_hal_tim_ex.c ****   /* Select OC2REF as trigger output on TRGO: write the MMS bits in the TIMx_CR2
 229:Drivers/STM32G0xx_HAL_Driver/Src/stm32g0xx_hal_tim_ex.c ****     register to 101 */
 230:Drivers/STM32G0xx_HAL_Driver/Src/stm32g0xx_hal_tim_ex.c ****   htim->Instance->CR2 &= ~TIM_CR2_MMS;
 231:Drivers/STM32G0xx_HAL_Driver/Src/stm32g0xx_hal_tim_ex.c ****   htim->Instance->CR2 |= TIM_TRGO_OC2REF;
 232:Drivers/STM32G0xx_HAL_Driver/Src/stm32g0xx_hal_tim_ex.c **** 
 233:Drivers/STM32G0xx_HAL_Driver/Src/stm32g0xx_hal_tim_ex.c ****   /* Initialize the DMA burst operation state */
 234:Drivers/STM32G0xx_HAL_Driver/Src/stm32g0xx_hal_tim_ex.c ****   htim->DMABurstState = HAL_DMA_BURST_STATE_READY;
 235:Drivers/STM32G0xx_HAL_Driver/Src/stm32g0xx_hal_tim_ex.c **** 
 236:Drivers/STM32G0xx_HAL_Driver/Src/stm32g0xx_hal_tim_ex.c ****   /* Initialize the TIM channels state */
 237:Drivers/STM32G0xx_HAL_Driver/Src/stm32g0xx_hal_tim_ex.c ****   TIM_CHANNEL_STATE_SET(htim, TIM_CHANNEL_1, HAL_TIM_CHANNEL_STATE_READY);
 238:Drivers/STM32G0xx_HAL_Driver/Src/stm32g0xx_hal_tim_ex.c ****   TIM_CHANNEL_STATE_SET(htim, TIM_CHANNEL_2, HAL_TIM_CHANNEL_STATE_READY);
 239:Drivers/STM32G0xx_HAL_Driver/Src/stm32g0xx_hal_tim_ex.c ****   TIM_CHANNEL_N_STATE_SET(htim, TIM_CHANNEL_1, HAL_TIM_CHANNEL_STATE_READY);
 240:Drivers/STM32G0xx_HAL_Driver/Src/stm32g0xx_hal_tim_ex.c ****   TIM_CHANNEL_N_STATE_SET(htim, TIM_CHANNEL_2, HAL_TIM_CHANNEL_STATE_READY);
 241:Drivers/STM32G0xx_HAL_Driver/Src/stm32g0xx_hal_tim_ex.c **** 
 242:Drivers/STM32G0xx_HAL_Driver/Src/stm32g0xx_hal_tim_ex.c ****   /* Initialize the TIM state*/
 243:Drivers/STM32G0xx_HAL_Driver/Src/stm32g0xx_hal_tim_ex.c ****   htim->State = HAL_TIM_STATE_READY;
 244:Drivers/STM32G0xx_HAL_Driver/Src/stm32g0xx_hal_tim_ex.c **** 
 245:Drivers/STM32G0xx_HAL_Driver/Src/stm32g0xx_hal_tim_ex.c ****   return HAL_OK;
 246:Drivers/STM32G0xx_HAL_Driver/Src/stm32g0xx_hal_tim_ex.c **** }
 247:Drivers/STM32G0xx_HAL_Driver/Src/stm32g0xx_hal_tim_ex.c **** 
 248:Drivers/STM32G0xx_HAL_Driver/Src/stm32g0xx_hal_tim_ex.c **** /**
 249:Drivers/STM32G0xx_HAL_Driver/Src/stm32g0xx_hal_tim_ex.c ****   * @brief  DeInitializes the TIM Hall Sensor interface
 250:Drivers/STM32G0xx_HAL_Driver/Src/stm32g0xx_hal_tim_ex.c ****   * @param  htim TIM Hall Sensor Interface handle
 251:Drivers/STM32G0xx_HAL_Driver/Src/stm32g0xx_hal_tim_ex.c ****   * @retval HAL status
 252:Drivers/STM32G0xx_HAL_Driver/Src/stm32g0xx_hal_tim_ex.c ****   */
 253:Drivers/STM32G0xx_HAL_Driver/Src/stm32g0xx_hal_tim_ex.c **** HAL_StatusTypeDef HAL_TIMEx_HallSensor_DeInit(TIM_HandleTypeDef *htim)
 254:Drivers/STM32G0xx_HAL_Driver/Src/stm32g0xx_hal_tim_ex.c **** {
 255:Drivers/STM32G0xx_HAL_Driver/Src/stm32g0xx_hal_tim_ex.c ****   /* Check the parameters */
 256:Drivers/STM32G0xx_HAL_Driver/Src/stm32g0xx_hal_tim_ex.c ****   assert_param(IS_TIM_INSTANCE(htim->Instance));
 257:Drivers/STM32G0xx_HAL_Driver/Src/stm32g0xx_hal_tim_ex.c **** 
 258:Drivers/STM32G0xx_HAL_Driver/Src/stm32g0xx_hal_tim_ex.c ****   htim->State = HAL_TIM_STATE_BUSY;
 259:Drivers/STM32G0xx_HAL_Driver/Src/stm32g0xx_hal_tim_ex.c **** 
 260:Drivers/STM32G0xx_HAL_Driver/Src/stm32g0xx_hal_tim_ex.c ****   /* Disable the TIM Peripheral Clock */
ARM GAS  C:\Users\sante\AppData\Local\Temp\cc9r4gT1.s 			page 6


 261:Drivers/STM32G0xx_HAL_Driver/Src/stm32g0xx_hal_tim_ex.c ****   __HAL_TIM_DISABLE(htim);
 262:Drivers/STM32G0xx_HAL_Driver/Src/stm32g0xx_hal_tim_ex.c **** 
 263:Drivers/STM32G0xx_HAL_Driver/Src/stm32g0xx_hal_tim_ex.c **** #if (USE_HAL_TIM_REGISTER_CALLBACKS == 1)
 264:Drivers/STM32G0xx_HAL_Driver/Src/stm32g0xx_hal_tim_ex.c ****   if (htim->HallSensor_MspDeInitCallback == NULL)
 265:Drivers/STM32G0xx_HAL_Driver/Src/stm32g0xx_hal_tim_ex.c ****   {
 266:Drivers/STM32G0xx_HAL_Driver/Src/stm32g0xx_hal_tim_ex.c ****     htim->HallSensor_MspDeInitCallback = HAL_TIMEx_HallSensor_MspDeInit;
 267:Drivers/STM32G0xx_HAL_Driver/Src/stm32g0xx_hal_tim_ex.c ****   }
 268:Drivers/STM32G0xx_HAL_Driver/Src/stm32g0xx_hal_tim_ex.c ****   /* DeInit the low level hardware */
 269:Drivers/STM32G0xx_HAL_Driver/Src/stm32g0xx_hal_tim_ex.c ****   htim->HallSensor_MspDeInitCallback(htim);
 270:Drivers/STM32G0xx_HAL_Driver/Src/stm32g0xx_hal_tim_ex.c **** #else
 271:Drivers/STM32G0xx_HAL_Driver/Src/stm32g0xx_hal_tim_ex.c ****   /* DeInit the low level hardware: GPIO, CLOCK, NVIC */
 272:Drivers/STM32G0xx_HAL_Driver/Src/stm32g0xx_hal_tim_ex.c ****   HAL_TIMEx_HallSensor_MspDeInit(htim);
 273:Drivers/STM32G0xx_HAL_Driver/Src/stm32g0xx_hal_tim_ex.c **** #endif /* USE_HAL_TIM_REGISTER_CALLBACKS */
 274:Drivers/STM32G0xx_HAL_Driver/Src/stm32g0xx_hal_tim_ex.c **** 
 275:Drivers/STM32G0xx_HAL_Driver/Src/stm32g0xx_hal_tim_ex.c ****   /* Change the DMA burst operation state */
 276:Drivers/STM32G0xx_HAL_Driver/Src/stm32g0xx_hal_tim_ex.c ****   htim->DMABurstState = HAL_DMA_BURST_STATE_RESET;
 277:Drivers/STM32G0xx_HAL_Driver/Src/stm32g0xx_hal_tim_ex.c **** 
 278:Drivers/STM32G0xx_HAL_Driver/Src/stm32g0xx_hal_tim_ex.c ****   /* Change the TIM channels state */
 279:Drivers/STM32G0xx_HAL_Driver/Src/stm32g0xx_hal_tim_ex.c ****   TIM_CHANNEL_STATE_SET(htim, TIM_CHANNEL_1, HAL_TIM_CHANNEL_STATE_RESET);
 280:Drivers/STM32G0xx_HAL_Driver/Src/stm32g0xx_hal_tim_ex.c ****   TIM_CHANNEL_STATE_SET(htim, TIM_CHANNEL_2, HAL_TIM_CHANNEL_STATE_RESET);
 281:Drivers/STM32G0xx_HAL_Driver/Src/stm32g0xx_hal_tim_ex.c ****   TIM_CHANNEL_N_STATE_SET(htim, TIM_CHANNEL_1, HAL_TIM_CHANNEL_STATE_RESET);
 282:Drivers/STM32G0xx_HAL_Driver/Src/stm32g0xx_hal_tim_ex.c ****   TIM_CHANNEL_N_STATE_SET(htim, TIM_CHANNEL_2, HAL_TIM_CHANNEL_STATE_RESET);
 283:Drivers/STM32G0xx_HAL_Driver/Src/stm32g0xx_hal_tim_ex.c **** 
 284:Drivers/STM32G0xx_HAL_Driver/Src/stm32g0xx_hal_tim_ex.c ****   /* Change TIM state */
 285:Drivers/STM32G0xx_HAL_Driver/Src/stm32g0xx_hal_tim_ex.c ****   htim->State = HAL_TIM_STATE_RESET;
 286:Drivers/STM32G0xx_HAL_Driver/Src/stm32g0xx_hal_tim_ex.c **** 
 287:Drivers/STM32G0xx_HAL_Driver/Src/stm32g0xx_hal_tim_ex.c ****   /* Release Lock */
 288:Drivers/STM32G0xx_HAL_Driver/Src/stm32g0xx_hal_tim_ex.c ****   __HAL_UNLOCK(htim);
 289:Drivers/STM32G0xx_HAL_Driver/Src/stm32g0xx_hal_tim_ex.c **** 
 290:Drivers/STM32G0xx_HAL_Driver/Src/stm32g0xx_hal_tim_ex.c ****   return HAL_OK;
 291:Drivers/STM32G0xx_HAL_Driver/Src/stm32g0xx_hal_tim_ex.c **** }
 292:Drivers/STM32G0xx_HAL_Driver/Src/stm32g0xx_hal_tim_ex.c **** 
 293:Drivers/STM32G0xx_HAL_Driver/Src/stm32g0xx_hal_tim_ex.c **** /**
 294:Drivers/STM32G0xx_HAL_Driver/Src/stm32g0xx_hal_tim_ex.c ****   * @brief  Initializes the TIM Hall Sensor MSP.
 295:Drivers/STM32G0xx_HAL_Driver/Src/stm32g0xx_hal_tim_ex.c ****   * @param  htim TIM Hall Sensor Interface handle
 296:Drivers/STM32G0xx_HAL_Driver/Src/stm32g0xx_hal_tim_ex.c ****   * @retval None
 297:Drivers/STM32G0xx_HAL_Driver/Src/stm32g0xx_hal_tim_ex.c ****   */
 298:Drivers/STM32G0xx_HAL_Driver/Src/stm32g0xx_hal_tim_ex.c **** __weak void HAL_TIMEx_HallSensor_MspInit(TIM_HandleTypeDef *htim)
 299:Drivers/STM32G0xx_HAL_Driver/Src/stm32g0xx_hal_tim_ex.c **** {
 300:Drivers/STM32G0xx_HAL_Driver/Src/stm32g0xx_hal_tim_ex.c ****   /* Prevent unused argument(s) compilation warning */
 301:Drivers/STM32G0xx_HAL_Driver/Src/stm32g0xx_hal_tim_ex.c ****   UNUSED(htim);
 302:Drivers/STM32G0xx_HAL_Driver/Src/stm32g0xx_hal_tim_ex.c **** 
 303:Drivers/STM32G0xx_HAL_Driver/Src/stm32g0xx_hal_tim_ex.c ****   /* NOTE : This function should not be modified, when the callback is needed,
 304:Drivers/STM32G0xx_HAL_Driver/Src/stm32g0xx_hal_tim_ex.c ****             the HAL_TIMEx_HallSensor_MspInit could be implemented in the user file
 305:Drivers/STM32G0xx_HAL_Driver/Src/stm32g0xx_hal_tim_ex.c ****    */
 306:Drivers/STM32G0xx_HAL_Driver/Src/stm32g0xx_hal_tim_ex.c **** }
 307:Drivers/STM32G0xx_HAL_Driver/Src/stm32g0xx_hal_tim_ex.c **** 
 308:Drivers/STM32G0xx_HAL_Driver/Src/stm32g0xx_hal_tim_ex.c **** /**
 309:Drivers/STM32G0xx_HAL_Driver/Src/stm32g0xx_hal_tim_ex.c ****   * @brief  DeInitializes TIM Hall Sensor MSP.
 310:Drivers/STM32G0xx_HAL_Driver/Src/stm32g0xx_hal_tim_ex.c ****   * @param  htim TIM Hall Sensor Interface handle
 311:Drivers/STM32G0xx_HAL_Driver/Src/stm32g0xx_hal_tim_ex.c ****   * @retval None
 312:Drivers/STM32G0xx_HAL_Driver/Src/stm32g0xx_hal_tim_ex.c ****   */
 313:Drivers/STM32G0xx_HAL_Driver/Src/stm32g0xx_hal_tim_ex.c **** __weak void HAL_TIMEx_HallSensor_MspDeInit(TIM_HandleTypeDef *htim)
 314:Drivers/STM32G0xx_HAL_Driver/Src/stm32g0xx_hal_tim_ex.c **** {
 315:Drivers/STM32G0xx_HAL_Driver/Src/stm32g0xx_hal_tim_ex.c ****   /* Prevent unused argument(s) compilation warning */
 316:Drivers/STM32G0xx_HAL_Driver/Src/stm32g0xx_hal_tim_ex.c ****   UNUSED(htim);
 317:Drivers/STM32G0xx_HAL_Driver/Src/stm32g0xx_hal_tim_ex.c **** 
ARM GAS  C:\Users\sante\AppData\Local\Temp\cc9r4gT1.s 			page 7


 318:Drivers/STM32G0xx_HAL_Driver/Src/stm32g0xx_hal_tim_ex.c ****   /* NOTE : This function should not be modified, when the callback is needed,
 319:Drivers/STM32G0xx_HAL_Driver/Src/stm32g0xx_hal_tim_ex.c ****             the HAL_TIMEx_HallSensor_MspDeInit could be implemented in the user file
 320:Drivers/STM32G0xx_HAL_Driver/Src/stm32g0xx_hal_tim_ex.c ****    */
 321:Drivers/STM32G0xx_HAL_Driver/Src/stm32g0xx_hal_tim_ex.c **** }
 322:Drivers/STM32G0xx_HAL_Driver/Src/stm32g0xx_hal_tim_ex.c **** 
 323:Drivers/STM32G0xx_HAL_Driver/Src/stm32g0xx_hal_tim_ex.c **** /**
 324:Drivers/STM32G0xx_HAL_Driver/Src/stm32g0xx_hal_tim_ex.c ****   * @brief  Starts the TIM Hall Sensor Interface.
 325:Drivers/STM32G0xx_HAL_Driver/Src/stm32g0xx_hal_tim_ex.c ****   * @param  htim TIM Hall Sensor Interface handle
 326:Drivers/STM32G0xx_HAL_Driver/Src/stm32g0xx_hal_tim_ex.c ****   * @retval HAL status
 327:Drivers/STM32G0xx_HAL_Driver/Src/stm32g0xx_hal_tim_ex.c ****   */
 328:Drivers/STM32G0xx_HAL_Driver/Src/stm32g0xx_hal_tim_ex.c **** HAL_StatusTypeDef HAL_TIMEx_HallSensor_Start(TIM_HandleTypeDef *htim)
 329:Drivers/STM32G0xx_HAL_Driver/Src/stm32g0xx_hal_tim_ex.c **** {
 330:Drivers/STM32G0xx_HAL_Driver/Src/stm32g0xx_hal_tim_ex.c ****   uint32_t tmpsmcr;
 331:Drivers/STM32G0xx_HAL_Driver/Src/stm32g0xx_hal_tim_ex.c ****   HAL_TIM_ChannelStateTypeDef channel_1_state = TIM_CHANNEL_STATE_GET(htim, TIM_CHANNEL_1);
 332:Drivers/STM32G0xx_HAL_Driver/Src/stm32g0xx_hal_tim_ex.c ****   HAL_TIM_ChannelStateTypeDef channel_2_state = TIM_CHANNEL_STATE_GET(htim, TIM_CHANNEL_2);
 333:Drivers/STM32G0xx_HAL_Driver/Src/stm32g0xx_hal_tim_ex.c ****   HAL_TIM_ChannelStateTypeDef complementary_channel_1_state = TIM_CHANNEL_N_STATE_GET(htim, TIM_CHA
 334:Drivers/STM32G0xx_HAL_Driver/Src/stm32g0xx_hal_tim_ex.c ****   HAL_TIM_ChannelStateTypeDef complementary_channel_2_state = TIM_CHANNEL_N_STATE_GET(htim, TIM_CHA
 335:Drivers/STM32G0xx_HAL_Driver/Src/stm32g0xx_hal_tim_ex.c **** 
 336:Drivers/STM32G0xx_HAL_Driver/Src/stm32g0xx_hal_tim_ex.c ****   /* Check the parameters */
 337:Drivers/STM32G0xx_HAL_Driver/Src/stm32g0xx_hal_tim_ex.c ****   assert_param(IS_TIM_HALL_SENSOR_INTERFACE_INSTANCE(htim->Instance));
 338:Drivers/STM32G0xx_HAL_Driver/Src/stm32g0xx_hal_tim_ex.c **** 
 339:Drivers/STM32G0xx_HAL_Driver/Src/stm32g0xx_hal_tim_ex.c ****   /* Check the TIM channels state */
 340:Drivers/STM32G0xx_HAL_Driver/Src/stm32g0xx_hal_tim_ex.c ****   if ((channel_1_state != HAL_TIM_CHANNEL_STATE_READY)
 341:Drivers/STM32G0xx_HAL_Driver/Src/stm32g0xx_hal_tim_ex.c ****       || (channel_2_state != HAL_TIM_CHANNEL_STATE_READY)
 342:Drivers/STM32G0xx_HAL_Driver/Src/stm32g0xx_hal_tim_ex.c ****       || (complementary_channel_1_state != HAL_TIM_CHANNEL_STATE_READY)
 343:Drivers/STM32G0xx_HAL_Driver/Src/stm32g0xx_hal_tim_ex.c ****       || (complementary_channel_2_state != HAL_TIM_CHANNEL_STATE_READY))
 344:Drivers/STM32G0xx_HAL_Driver/Src/stm32g0xx_hal_tim_ex.c ****   {
 345:Drivers/STM32G0xx_HAL_Driver/Src/stm32g0xx_hal_tim_ex.c ****     return HAL_ERROR;
 346:Drivers/STM32G0xx_HAL_Driver/Src/stm32g0xx_hal_tim_ex.c ****   }
 347:Drivers/STM32G0xx_HAL_Driver/Src/stm32g0xx_hal_tim_ex.c **** 
 348:Drivers/STM32G0xx_HAL_Driver/Src/stm32g0xx_hal_tim_ex.c ****   /* Set the TIM channels state */
 349:Drivers/STM32G0xx_HAL_Driver/Src/stm32g0xx_hal_tim_ex.c ****   TIM_CHANNEL_STATE_SET(htim, TIM_CHANNEL_1, HAL_TIM_CHANNEL_STATE_BUSY);
 350:Drivers/STM32G0xx_HAL_Driver/Src/stm32g0xx_hal_tim_ex.c ****   TIM_CHANNEL_STATE_SET(htim, TIM_CHANNEL_2, HAL_TIM_CHANNEL_STATE_BUSY);
 351:Drivers/STM32G0xx_HAL_Driver/Src/stm32g0xx_hal_tim_ex.c ****   TIM_CHANNEL_N_STATE_SET(htim, TIM_CHANNEL_1, HAL_TIM_CHANNEL_STATE_BUSY);
 352:Drivers/STM32G0xx_HAL_Driver/Src/stm32g0xx_hal_tim_ex.c ****   TIM_CHANNEL_N_STATE_SET(htim, TIM_CHANNEL_2, HAL_TIM_CHANNEL_STATE_BUSY);
 353:Drivers/STM32G0xx_HAL_Driver/Src/stm32g0xx_hal_tim_ex.c **** 
 354:Drivers/STM32G0xx_HAL_Driver/Src/stm32g0xx_hal_tim_ex.c ****   /* Enable the Input Capture channel 1
 355:Drivers/STM32G0xx_HAL_Driver/Src/stm32g0xx_hal_tim_ex.c ****   (in the Hall Sensor Interface the three possible channels that can be used are TIM_CHANNEL_1,
 356:Drivers/STM32G0xx_HAL_Driver/Src/stm32g0xx_hal_tim_ex.c ****   TIM_CHANNEL_2 and TIM_CHANNEL_3) */
 357:Drivers/STM32G0xx_HAL_Driver/Src/stm32g0xx_hal_tim_ex.c ****   TIM_CCxChannelCmd(htim->Instance, TIM_CHANNEL_1, TIM_CCx_ENABLE);
 358:Drivers/STM32G0xx_HAL_Driver/Src/stm32g0xx_hal_tim_ex.c **** 
 359:Drivers/STM32G0xx_HAL_Driver/Src/stm32g0xx_hal_tim_ex.c ****   /* Enable the Peripheral, except in trigger mode where enable is automatically done with trigger 
 360:Drivers/STM32G0xx_HAL_Driver/Src/stm32g0xx_hal_tim_ex.c ****   if (IS_TIM_SLAVE_INSTANCE(htim->Instance))
 361:Drivers/STM32G0xx_HAL_Driver/Src/stm32g0xx_hal_tim_ex.c ****   {
 362:Drivers/STM32G0xx_HAL_Driver/Src/stm32g0xx_hal_tim_ex.c ****     tmpsmcr = htim->Instance->SMCR & TIM_SMCR_SMS;
 363:Drivers/STM32G0xx_HAL_Driver/Src/stm32g0xx_hal_tim_ex.c ****     if (!IS_TIM_SLAVEMODE_TRIGGER_ENABLED(tmpsmcr))
 364:Drivers/STM32G0xx_HAL_Driver/Src/stm32g0xx_hal_tim_ex.c ****     {
 365:Drivers/STM32G0xx_HAL_Driver/Src/stm32g0xx_hal_tim_ex.c ****       __HAL_TIM_ENABLE(htim);
 366:Drivers/STM32G0xx_HAL_Driver/Src/stm32g0xx_hal_tim_ex.c ****     }
 367:Drivers/STM32G0xx_HAL_Driver/Src/stm32g0xx_hal_tim_ex.c ****   }
 368:Drivers/STM32G0xx_HAL_Driver/Src/stm32g0xx_hal_tim_ex.c ****   else
 369:Drivers/STM32G0xx_HAL_Driver/Src/stm32g0xx_hal_tim_ex.c ****   {
 370:Drivers/STM32G0xx_HAL_Driver/Src/stm32g0xx_hal_tim_ex.c ****     __HAL_TIM_ENABLE(htim);
 371:Drivers/STM32G0xx_HAL_Driver/Src/stm32g0xx_hal_tim_ex.c ****   }
 372:Drivers/STM32G0xx_HAL_Driver/Src/stm32g0xx_hal_tim_ex.c **** 
 373:Drivers/STM32G0xx_HAL_Driver/Src/stm32g0xx_hal_tim_ex.c ****   /* Return function status */
 374:Drivers/STM32G0xx_HAL_Driver/Src/stm32g0xx_hal_tim_ex.c ****   return HAL_OK;
ARM GAS  C:\Users\sante\AppData\Local\Temp\cc9r4gT1.s 			page 8


 375:Drivers/STM32G0xx_HAL_Driver/Src/stm32g0xx_hal_tim_ex.c **** }
 376:Drivers/STM32G0xx_HAL_Driver/Src/stm32g0xx_hal_tim_ex.c **** 
 377:Drivers/STM32G0xx_HAL_Driver/Src/stm32g0xx_hal_tim_ex.c **** /**
 378:Drivers/STM32G0xx_HAL_Driver/Src/stm32g0xx_hal_tim_ex.c ****   * @brief  Stops the TIM Hall sensor Interface.
 379:Drivers/STM32G0xx_HAL_Driver/Src/stm32g0xx_hal_tim_ex.c ****   * @param  htim TIM Hall Sensor Interface handle
 380:Drivers/STM32G0xx_HAL_Driver/Src/stm32g0xx_hal_tim_ex.c ****   * @retval HAL status
 381:Drivers/STM32G0xx_HAL_Driver/Src/stm32g0xx_hal_tim_ex.c ****   */
 382:Drivers/STM32G0xx_HAL_Driver/Src/stm32g0xx_hal_tim_ex.c **** HAL_StatusTypeDef HAL_TIMEx_HallSensor_Stop(TIM_HandleTypeDef *htim)
 383:Drivers/STM32G0xx_HAL_Driver/Src/stm32g0xx_hal_tim_ex.c **** {
 384:Drivers/STM32G0xx_HAL_Driver/Src/stm32g0xx_hal_tim_ex.c ****   /* Check the parameters */
 385:Drivers/STM32G0xx_HAL_Driver/Src/stm32g0xx_hal_tim_ex.c ****   assert_param(IS_TIM_HALL_SENSOR_INTERFACE_INSTANCE(htim->Instance));
 386:Drivers/STM32G0xx_HAL_Driver/Src/stm32g0xx_hal_tim_ex.c **** 
 387:Drivers/STM32G0xx_HAL_Driver/Src/stm32g0xx_hal_tim_ex.c ****   /* Disable the Input Capture channels 1, 2 and 3
 388:Drivers/STM32G0xx_HAL_Driver/Src/stm32g0xx_hal_tim_ex.c ****   (in the Hall Sensor Interface the three possible channels that can be used are TIM_CHANNEL_1,
 389:Drivers/STM32G0xx_HAL_Driver/Src/stm32g0xx_hal_tim_ex.c ****   TIM_CHANNEL_2 and TIM_CHANNEL_3) */
 390:Drivers/STM32G0xx_HAL_Driver/Src/stm32g0xx_hal_tim_ex.c ****   TIM_CCxChannelCmd(htim->Instance, TIM_CHANNEL_1, TIM_CCx_DISABLE);
 391:Drivers/STM32G0xx_HAL_Driver/Src/stm32g0xx_hal_tim_ex.c **** 
 392:Drivers/STM32G0xx_HAL_Driver/Src/stm32g0xx_hal_tim_ex.c ****   /* Disable the Peripheral */
 393:Drivers/STM32G0xx_HAL_Driver/Src/stm32g0xx_hal_tim_ex.c ****   __HAL_TIM_DISABLE(htim);
 394:Drivers/STM32G0xx_HAL_Driver/Src/stm32g0xx_hal_tim_ex.c **** 
 395:Drivers/STM32G0xx_HAL_Driver/Src/stm32g0xx_hal_tim_ex.c ****   /* Set the TIM channels state */
 396:Drivers/STM32G0xx_HAL_Driver/Src/stm32g0xx_hal_tim_ex.c ****   TIM_CHANNEL_STATE_SET(htim, TIM_CHANNEL_1, HAL_TIM_CHANNEL_STATE_READY);
 397:Drivers/STM32G0xx_HAL_Driver/Src/stm32g0xx_hal_tim_ex.c ****   TIM_CHANNEL_STATE_SET(htim, TIM_CHANNEL_2, HAL_TIM_CHANNEL_STATE_READY);
 398:Drivers/STM32G0xx_HAL_Driver/Src/stm32g0xx_hal_tim_ex.c ****   TIM_CHANNEL_N_STATE_SET(htim, TIM_CHANNEL_1, HAL_TIM_CHANNEL_STATE_READY);
 399:Drivers/STM32G0xx_HAL_Driver/Src/stm32g0xx_hal_tim_ex.c ****   TIM_CHANNEL_N_STATE_SET(htim, TIM_CHANNEL_2, HAL_TIM_CHANNEL_STATE_READY);
 400:Drivers/STM32G0xx_HAL_Driver/Src/stm32g0xx_hal_tim_ex.c **** 
 401:Drivers/STM32G0xx_HAL_Driver/Src/stm32g0xx_hal_tim_ex.c ****   /* Return function status */
 402:Drivers/STM32G0xx_HAL_Driver/Src/stm32g0xx_hal_tim_ex.c ****   return HAL_OK;
 403:Drivers/STM32G0xx_HAL_Driver/Src/stm32g0xx_hal_tim_ex.c **** }
 404:Drivers/STM32G0xx_HAL_Driver/Src/stm32g0xx_hal_tim_ex.c **** 
 405:Drivers/STM32G0xx_HAL_Driver/Src/stm32g0xx_hal_tim_ex.c **** /**
 406:Drivers/STM32G0xx_HAL_Driver/Src/stm32g0xx_hal_tim_ex.c ****   * @brief  Starts the TIM Hall Sensor Interface in interrupt mode.
 407:Drivers/STM32G0xx_HAL_Driver/Src/stm32g0xx_hal_tim_ex.c ****   * @param  htim TIM Hall Sensor Interface handle
 408:Drivers/STM32G0xx_HAL_Driver/Src/stm32g0xx_hal_tim_ex.c ****   * @retval HAL status
 409:Drivers/STM32G0xx_HAL_Driver/Src/stm32g0xx_hal_tim_ex.c ****   */
 410:Drivers/STM32G0xx_HAL_Driver/Src/stm32g0xx_hal_tim_ex.c **** HAL_StatusTypeDef HAL_TIMEx_HallSensor_Start_IT(TIM_HandleTypeDef *htim)
 411:Drivers/STM32G0xx_HAL_Driver/Src/stm32g0xx_hal_tim_ex.c **** {
 412:Drivers/STM32G0xx_HAL_Driver/Src/stm32g0xx_hal_tim_ex.c ****   uint32_t tmpsmcr;
 413:Drivers/STM32G0xx_HAL_Driver/Src/stm32g0xx_hal_tim_ex.c ****   HAL_TIM_ChannelStateTypeDef channel_1_state = TIM_CHANNEL_STATE_GET(htim, TIM_CHANNEL_1);
 414:Drivers/STM32G0xx_HAL_Driver/Src/stm32g0xx_hal_tim_ex.c ****   HAL_TIM_ChannelStateTypeDef channel_2_state = TIM_CHANNEL_STATE_GET(htim, TIM_CHANNEL_2);
 415:Drivers/STM32G0xx_HAL_Driver/Src/stm32g0xx_hal_tim_ex.c ****   HAL_TIM_ChannelStateTypeDef complementary_channel_1_state = TIM_CHANNEL_N_STATE_GET(htim, TIM_CHA
 416:Drivers/STM32G0xx_HAL_Driver/Src/stm32g0xx_hal_tim_ex.c ****   HAL_TIM_ChannelStateTypeDef complementary_channel_2_state = TIM_CHANNEL_N_STATE_GET(htim, TIM_CHA
 417:Drivers/STM32G0xx_HAL_Driver/Src/stm32g0xx_hal_tim_ex.c **** 
 418:Drivers/STM32G0xx_HAL_Driver/Src/stm32g0xx_hal_tim_ex.c ****   /* Check the parameters */
 419:Drivers/STM32G0xx_HAL_Driver/Src/stm32g0xx_hal_tim_ex.c ****   assert_param(IS_TIM_HALL_SENSOR_INTERFACE_INSTANCE(htim->Instance));
 420:Drivers/STM32G0xx_HAL_Driver/Src/stm32g0xx_hal_tim_ex.c **** 
 421:Drivers/STM32G0xx_HAL_Driver/Src/stm32g0xx_hal_tim_ex.c ****   /* Check the TIM channels state */
 422:Drivers/STM32G0xx_HAL_Driver/Src/stm32g0xx_hal_tim_ex.c ****   if ((channel_1_state != HAL_TIM_CHANNEL_STATE_READY)
 423:Drivers/STM32G0xx_HAL_Driver/Src/stm32g0xx_hal_tim_ex.c ****       || (channel_2_state != HAL_TIM_CHANNEL_STATE_READY)
 424:Drivers/STM32G0xx_HAL_Driver/Src/stm32g0xx_hal_tim_ex.c ****       || (complementary_channel_1_state != HAL_TIM_CHANNEL_STATE_READY)
 425:Drivers/STM32G0xx_HAL_Driver/Src/stm32g0xx_hal_tim_ex.c ****       || (complementary_channel_2_state != HAL_TIM_CHANNEL_STATE_READY))
 426:Drivers/STM32G0xx_HAL_Driver/Src/stm32g0xx_hal_tim_ex.c ****   {
 427:Drivers/STM32G0xx_HAL_Driver/Src/stm32g0xx_hal_tim_ex.c ****     return HAL_ERROR;
 428:Drivers/STM32G0xx_HAL_Driver/Src/stm32g0xx_hal_tim_ex.c ****   }
 429:Drivers/STM32G0xx_HAL_Driver/Src/stm32g0xx_hal_tim_ex.c **** 
 430:Drivers/STM32G0xx_HAL_Driver/Src/stm32g0xx_hal_tim_ex.c ****   /* Set the TIM channels state */
 431:Drivers/STM32G0xx_HAL_Driver/Src/stm32g0xx_hal_tim_ex.c ****   TIM_CHANNEL_STATE_SET(htim, TIM_CHANNEL_1, HAL_TIM_CHANNEL_STATE_BUSY);
ARM GAS  C:\Users\sante\AppData\Local\Temp\cc9r4gT1.s 			page 9


 432:Drivers/STM32G0xx_HAL_Driver/Src/stm32g0xx_hal_tim_ex.c ****   TIM_CHANNEL_STATE_SET(htim, TIM_CHANNEL_2, HAL_TIM_CHANNEL_STATE_BUSY);
 433:Drivers/STM32G0xx_HAL_Driver/Src/stm32g0xx_hal_tim_ex.c ****   TIM_CHANNEL_N_STATE_SET(htim, TIM_CHANNEL_1, HAL_TIM_CHANNEL_STATE_BUSY);
 434:Drivers/STM32G0xx_HAL_Driver/Src/stm32g0xx_hal_tim_ex.c ****   TIM_CHANNEL_N_STATE_SET(htim, TIM_CHANNEL_2, HAL_TIM_CHANNEL_STATE_BUSY);
 435:Drivers/STM32G0xx_HAL_Driver/Src/stm32g0xx_hal_tim_ex.c **** 
 436:Drivers/STM32G0xx_HAL_Driver/Src/stm32g0xx_hal_tim_ex.c ****   /* Enable the capture compare Interrupts 1 event */
 437:Drivers/STM32G0xx_HAL_Driver/Src/stm32g0xx_hal_tim_ex.c ****   __HAL_TIM_ENABLE_IT(htim, TIM_IT_CC1);
 438:Drivers/STM32G0xx_HAL_Driver/Src/stm32g0xx_hal_tim_ex.c **** 
 439:Drivers/STM32G0xx_HAL_Driver/Src/stm32g0xx_hal_tim_ex.c ****   /* Enable the Input Capture channel 1
 440:Drivers/STM32G0xx_HAL_Driver/Src/stm32g0xx_hal_tim_ex.c ****   (in the Hall Sensor Interface the three possible channels that can be used are TIM_CHANNEL_1,
 441:Drivers/STM32G0xx_HAL_Driver/Src/stm32g0xx_hal_tim_ex.c ****   TIM_CHANNEL_2 and TIM_CHANNEL_3) */
 442:Drivers/STM32G0xx_HAL_Driver/Src/stm32g0xx_hal_tim_ex.c ****   TIM_CCxChannelCmd(htim->Instance, TIM_CHANNEL_1, TIM_CCx_ENABLE);
 443:Drivers/STM32G0xx_HAL_Driver/Src/stm32g0xx_hal_tim_ex.c **** 
 444:Drivers/STM32G0xx_HAL_Driver/Src/stm32g0xx_hal_tim_ex.c ****   /* Enable the Peripheral, except in trigger mode where enable is automatically done with trigger 
 445:Drivers/STM32G0xx_HAL_Driver/Src/stm32g0xx_hal_tim_ex.c ****   if (IS_TIM_SLAVE_INSTANCE(htim->Instance))
 446:Drivers/STM32G0xx_HAL_Driver/Src/stm32g0xx_hal_tim_ex.c ****   {
 447:Drivers/STM32G0xx_HAL_Driver/Src/stm32g0xx_hal_tim_ex.c ****     tmpsmcr = htim->Instance->SMCR & TIM_SMCR_SMS;
 448:Drivers/STM32G0xx_HAL_Driver/Src/stm32g0xx_hal_tim_ex.c ****     if (!IS_TIM_SLAVEMODE_TRIGGER_ENABLED(tmpsmcr))
 449:Drivers/STM32G0xx_HAL_Driver/Src/stm32g0xx_hal_tim_ex.c ****     {
 450:Drivers/STM32G0xx_HAL_Driver/Src/stm32g0xx_hal_tim_ex.c ****       __HAL_TIM_ENABLE(htim);
 451:Drivers/STM32G0xx_HAL_Driver/Src/stm32g0xx_hal_tim_ex.c ****     }
 452:Drivers/STM32G0xx_HAL_Driver/Src/stm32g0xx_hal_tim_ex.c ****   }
 453:Drivers/STM32G0xx_HAL_Driver/Src/stm32g0xx_hal_tim_ex.c ****   else
 454:Drivers/STM32G0xx_HAL_Driver/Src/stm32g0xx_hal_tim_ex.c ****   {
 455:Drivers/STM32G0xx_HAL_Driver/Src/stm32g0xx_hal_tim_ex.c ****     __HAL_TIM_ENABLE(htim);
 456:Drivers/STM32G0xx_HAL_Driver/Src/stm32g0xx_hal_tim_ex.c ****   }
 457:Drivers/STM32G0xx_HAL_Driver/Src/stm32g0xx_hal_tim_ex.c **** 
 458:Drivers/STM32G0xx_HAL_Driver/Src/stm32g0xx_hal_tim_ex.c ****   /* Return function status */
 459:Drivers/STM32G0xx_HAL_Driver/Src/stm32g0xx_hal_tim_ex.c ****   return HAL_OK;
 460:Drivers/STM32G0xx_HAL_Driver/Src/stm32g0xx_hal_tim_ex.c **** }
 461:Drivers/STM32G0xx_HAL_Driver/Src/stm32g0xx_hal_tim_ex.c **** 
 462:Drivers/STM32G0xx_HAL_Driver/Src/stm32g0xx_hal_tim_ex.c **** /**
 463:Drivers/STM32G0xx_HAL_Driver/Src/stm32g0xx_hal_tim_ex.c ****   * @brief  Stops the TIM Hall Sensor Interface in interrupt mode.
 464:Drivers/STM32G0xx_HAL_Driver/Src/stm32g0xx_hal_tim_ex.c ****   * @param  htim TIM Hall Sensor Interface handle
 465:Drivers/STM32G0xx_HAL_Driver/Src/stm32g0xx_hal_tim_ex.c ****   * @retval HAL status
 466:Drivers/STM32G0xx_HAL_Driver/Src/stm32g0xx_hal_tim_ex.c ****   */
 467:Drivers/STM32G0xx_HAL_Driver/Src/stm32g0xx_hal_tim_ex.c **** HAL_StatusTypeDef HAL_TIMEx_HallSensor_Stop_IT(TIM_HandleTypeDef *htim)
 468:Drivers/STM32G0xx_HAL_Driver/Src/stm32g0xx_hal_tim_ex.c **** {
 469:Drivers/STM32G0xx_HAL_Driver/Src/stm32g0xx_hal_tim_ex.c ****   /* Check the parameters */
 470:Drivers/STM32G0xx_HAL_Driver/Src/stm32g0xx_hal_tim_ex.c ****   assert_param(IS_TIM_HALL_SENSOR_INTERFACE_INSTANCE(htim->Instance));
 471:Drivers/STM32G0xx_HAL_Driver/Src/stm32g0xx_hal_tim_ex.c **** 
 472:Drivers/STM32G0xx_HAL_Driver/Src/stm32g0xx_hal_tim_ex.c ****   /* Disable the Input Capture channel 1
 473:Drivers/STM32G0xx_HAL_Driver/Src/stm32g0xx_hal_tim_ex.c ****   (in the Hall Sensor Interface the three possible channels that can be used are TIM_CHANNEL_1,
 474:Drivers/STM32G0xx_HAL_Driver/Src/stm32g0xx_hal_tim_ex.c ****   TIM_CHANNEL_2 and TIM_CHANNEL_3) */
 475:Drivers/STM32G0xx_HAL_Driver/Src/stm32g0xx_hal_tim_ex.c ****   TIM_CCxChannelCmd(htim->Instance, TIM_CHANNEL_1, TIM_CCx_DISABLE);
 476:Drivers/STM32G0xx_HAL_Driver/Src/stm32g0xx_hal_tim_ex.c **** 
 477:Drivers/STM32G0xx_HAL_Driver/Src/stm32g0xx_hal_tim_ex.c ****   /* Disable the capture compare Interrupts event */
 478:Drivers/STM32G0xx_HAL_Driver/Src/stm32g0xx_hal_tim_ex.c ****   __HAL_TIM_DISABLE_IT(htim, TIM_IT_CC1);
 479:Drivers/STM32G0xx_HAL_Driver/Src/stm32g0xx_hal_tim_ex.c **** 
 480:Drivers/STM32G0xx_HAL_Driver/Src/stm32g0xx_hal_tim_ex.c ****   /* Disable the Peripheral */
 481:Drivers/STM32G0xx_HAL_Driver/Src/stm32g0xx_hal_tim_ex.c ****   __HAL_TIM_DISABLE(htim);
 482:Drivers/STM32G0xx_HAL_Driver/Src/stm32g0xx_hal_tim_ex.c **** 
 483:Drivers/STM32G0xx_HAL_Driver/Src/stm32g0xx_hal_tim_ex.c ****   /* Set the TIM channels state */
 484:Drivers/STM32G0xx_HAL_Driver/Src/stm32g0xx_hal_tim_ex.c ****   TIM_CHANNEL_STATE_SET(htim, TIM_CHANNEL_1, HAL_TIM_CHANNEL_STATE_READY);
 485:Drivers/STM32G0xx_HAL_Driver/Src/stm32g0xx_hal_tim_ex.c ****   TIM_CHANNEL_STATE_SET(htim, TIM_CHANNEL_2, HAL_TIM_CHANNEL_STATE_READY);
 486:Drivers/STM32G0xx_HAL_Driver/Src/stm32g0xx_hal_tim_ex.c ****   TIM_CHANNEL_N_STATE_SET(htim, TIM_CHANNEL_1, HAL_TIM_CHANNEL_STATE_READY);
 487:Drivers/STM32G0xx_HAL_Driver/Src/stm32g0xx_hal_tim_ex.c ****   TIM_CHANNEL_N_STATE_SET(htim, TIM_CHANNEL_2, HAL_TIM_CHANNEL_STATE_READY);
 488:Drivers/STM32G0xx_HAL_Driver/Src/stm32g0xx_hal_tim_ex.c **** 
ARM GAS  C:\Users\sante\AppData\Local\Temp\cc9r4gT1.s 			page 10


 489:Drivers/STM32G0xx_HAL_Driver/Src/stm32g0xx_hal_tim_ex.c ****   /* Return function status */
 490:Drivers/STM32G0xx_HAL_Driver/Src/stm32g0xx_hal_tim_ex.c ****   return HAL_OK;
 491:Drivers/STM32G0xx_HAL_Driver/Src/stm32g0xx_hal_tim_ex.c **** }
 492:Drivers/STM32G0xx_HAL_Driver/Src/stm32g0xx_hal_tim_ex.c **** 
 493:Drivers/STM32G0xx_HAL_Driver/Src/stm32g0xx_hal_tim_ex.c **** /**
 494:Drivers/STM32G0xx_HAL_Driver/Src/stm32g0xx_hal_tim_ex.c ****   * @brief  Starts the TIM Hall Sensor Interface in DMA mode.
 495:Drivers/STM32G0xx_HAL_Driver/Src/stm32g0xx_hal_tim_ex.c ****   * @param  htim TIM Hall Sensor Interface handle
 496:Drivers/STM32G0xx_HAL_Driver/Src/stm32g0xx_hal_tim_ex.c ****   * @param  pData The destination Buffer address.
 497:Drivers/STM32G0xx_HAL_Driver/Src/stm32g0xx_hal_tim_ex.c ****   * @param  Length The length of data to be transferred from TIM peripheral to memory.
 498:Drivers/STM32G0xx_HAL_Driver/Src/stm32g0xx_hal_tim_ex.c ****   * @retval HAL status
 499:Drivers/STM32G0xx_HAL_Driver/Src/stm32g0xx_hal_tim_ex.c ****   */
 500:Drivers/STM32G0xx_HAL_Driver/Src/stm32g0xx_hal_tim_ex.c **** HAL_StatusTypeDef HAL_TIMEx_HallSensor_Start_DMA(TIM_HandleTypeDef *htim, uint32_t *pData, uint16_t
 501:Drivers/STM32G0xx_HAL_Driver/Src/stm32g0xx_hal_tim_ex.c **** {
 502:Drivers/STM32G0xx_HAL_Driver/Src/stm32g0xx_hal_tim_ex.c ****   uint32_t tmpsmcr;
 503:Drivers/STM32G0xx_HAL_Driver/Src/stm32g0xx_hal_tim_ex.c ****   HAL_TIM_ChannelStateTypeDef channel_1_state = TIM_CHANNEL_STATE_GET(htim, TIM_CHANNEL_1);
 504:Drivers/STM32G0xx_HAL_Driver/Src/stm32g0xx_hal_tim_ex.c ****   HAL_TIM_ChannelStateTypeDef complementary_channel_1_state = TIM_CHANNEL_N_STATE_GET(htim, TIM_CHA
 505:Drivers/STM32G0xx_HAL_Driver/Src/stm32g0xx_hal_tim_ex.c **** 
 506:Drivers/STM32G0xx_HAL_Driver/Src/stm32g0xx_hal_tim_ex.c ****   /* Check the parameters */
 507:Drivers/STM32G0xx_HAL_Driver/Src/stm32g0xx_hal_tim_ex.c ****   assert_param(IS_TIM_HALL_SENSOR_INTERFACE_INSTANCE(htim->Instance));
 508:Drivers/STM32G0xx_HAL_Driver/Src/stm32g0xx_hal_tim_ex.c **** 
 509:Drivers/STM32G0xx_HAL_Driver/Src/stm32g0xx_hal_tim_ex.c ****   /* Set the TIM channel state */
 510:Drivers/STM32G0xx_HAL_Driver/Src/stm32g0xx_hal_tim_ex.c ****   if ((channel_1_state == HAL_TIM_CHANNEL_STATE_BUSY)
 511:Drivers/STM32G0xx_HAL_Driver/Src/stm32g0xx_hal_tim_ex.c ****       || (complementary_channel_1_state == HAL_TIM_CHANNEL_STATE_BUSY))
 512:Drivers/STM32G0xx_HAL_Driver/Src/stm32g0xx_hal_tim_ex.c ****   {
 513:Drivers/STM32G0xx_HAL_Driver/Src/stm32g0xx_hal_tim_ex.c ****     return HAL_BUSY;
 514:Drivers/STM32G0xx_HAL_Driver/Src/stm32g0xx_hal_tim_ex.c ****   }
 515:Drivers/STM32G0xx_HAL_Driver/Src/stm32g0xx_hal_tim_ex.c ****   else if ((channel_1_state == HAL_TIM_CHANNEL_STATE_READY)
 516:Drivers/STM32G0xx_HAL_Driver/Src/stm32g0xx_hal_tim_ex.c ****            && (complementary_channel_1_state == HAL_TIM_CHANNEL_STATE_READY))
 517:Drivers/STM32G0xx_HAL_Driver/Src/stm32g0xx_hal_tim_ex.c ****   {
 518:Drivers/STM32G0xx_HAL_Driver/Src/stm32g0xx_hal_tim_ex.c ****     if ((pData == NULL) || (Length == 0U))
 519:Drivers/STM32G0xx_HAL_Driver/Src/stm32g0xx_hal_tim_ex.c ****     {
 520:Drivers/STM32G0xx_HAL_Driver/Src/stm32g0xx_hal_tim_ex.c ****       return HAL_ERROR;
 521:Drivers/STM32G0xx_HAL_Driver/Src/stm32g0xx_hal_tim_ex.c ****     }
 522:Drivers/STM32G0xx_HAL_Driver/Src/stm32g0xx_hal_tim_ex.c ****     else
 523:Drivers/STM32G0xx_HAL_Driver/Src/stm32g0xx_hal_tim_ex.c ****     {
 524:Drivers/STM32G0xx_HAL_Driver/Src/stm32g0xx_hal_tim_ex.c ****       TIM_CHANNEL_STATE_SET(htim, TIM_CHANNEL_1, HAL_TIM_CHANNEL_STATE_BUSY);
 525:Drivers/STM32G0xx_HAL_Driver/Src/stm32g0xx_hal_tim_ex.c ****       TIM_CHANNEL_N_STATE_SET(htim, TIM_CHANNEL_1, HAL_TIM_CHANNEL_STATE_BUSY);
 526:Drivers/STM32G0xx_HAL_Driver/Src/stm32g0xx_hal_tim_ex.c ****     }
 527:Drivers/STM32G0xx_HAL_Driver/Src/stm32g0xx_hal_tim_ex.c ****   }
 528:Drivers/STM32G0xx_HAL_Driver/Src/stm32g0xx_hal_tim_ex.c ****   else
 529:Drivers/STM32G0xx_HAL_Driver/Src/stm32g0xx_hal_tim_ex.c ****   {
 530:Drivers/STM32G0xx_HAL_Driver/Src/stm32g0xx_hal_tim_ex.c ****     return HAL_ERROR;
 531:Drivers/STM32G0xx_HAL_Driver/Src/stm32g0xx_hal_tim_ex.c ****   }
 532:Drivers/STM32G0xx_HAL_Driver/Src/stm32g0xx_hal_tim_ex.c **** 
 533:Drivers/STM32G0xx_HAL_Driver/Src/stm32g0xx_hal_tim_ex.c ****   /* Enable the Input Capture channel 1
 534:Drivers/STM32G0xx_HAL_Driver/Src/stm32g0xx_hal_tim_ex.c ****   (in the Hall Sensor Interface the three possible channels that can be used are TIM_CHANNEL_1,
 535:Drivers/STM32G0xx_HAL_Driver/Src/stm32g0xx_hal_tim_ex.c ****   TIM_CHANNEL_2 and TIM_CHANNEL_3) */
 536:Drivers/STM32G0xx_HAL_Driver/Src/stm32g0xx_hal_tim_ex.c ****   TIM_CCxChannelCmd(htim->Instance, TIM_CHANNEL_1, TIM_CCx_ENABLE);
 537:Drivers/STM32G0xx_HAL_Driver/Src/stm32g0xx_hal_tim_ex.c **** 
 538:Drivers/STM32G0xx_HAL_Driver/Src/stm32g0xx_hal_tim_ex.c ****   /* Set the DMA Input Capture 1 Callbacks */
 539:Drivers/STM32G0xx_HAL_Driver/Src/stm32g0xx_hal_tim_ex.c ****   htim->hdma[TIM_DMA_ID_CC1]->XferCpltCallback = TIM_DMACaptureCplt;
 540:Drivers/STM32G0xx_HAL_Driver/Src/stm32g0xx_hal_tim_ex.c ****   htim->hdma[TIM_DMA_ID_CC1]->XferHalfCpltCallback = TIM_DMACaptureHalfCplt;
 541:Drivers/STM32G0xx_HAL_Driver/Src/stm32g0xx_hal_tim_ex.c ****   /* Set the DMA error callback */
 542:Drivers/STM32G0xx_HAL_Driver/Src/stm32g0xx_hal_tim_ex.c ****   htim->hdma[TIM_DMA_ID_CC1]->XferErrorCallback = TIM_DMAError ;
 543:Drivers/STM32G0xx_HAL_Driver/Src/stm32g0xx_hal_tim_ex.c **** 
 544:Drivers/STM32G0xx_HAL_Driver/Src/stm32g0xx_hal_tim_ex.c ****   /* Enable the DMA channel for Capture 1*/
 545:Drivers/STM32G0xx_HAL_Driver/Src/stm32g0xx_hal_tim_ex.c ****   if (HAL_DMA_Start_IT(htim->hdma[TIM_DMA_ID_CC1], (uint32_t)&htim->Instance->CCR1, (uint32_t)pData
ARM GAS  C:\Users\sante\AppData\Local\Temp\cc9r4gT1.s 			page 11


 546:Drivers/STM32G0xx_HAL_Driver/Src/stm32g0xx_hal_tim_ex.c ****   {
 547:Drivers/STM32G0xx_HAL_Driver/Src/stm32g0xx_hal_tim_ex.c ****     /* Return error status */
 548:Drivers/STM32G0xx_HAL_Driver/Src/stm32g0xx_hal_tim_ex.c ****     return HAL_ERROR;
 549:Drivers/STM32G0xx_HAL_Driver/Src/stm32g0xx_hal_tim_ex.c ****   }
 550:Drivers/STM32G0xx_HAL_Driver/Src/stm32g0xx_hal_tim_ex.c ****   /* Enable the capture compare 1 Interrupt */
 551:Drivers/STM32G0xx_HAL_Driver/Src/stm32g0xx_hal_tim_ex.c ****   __HAL_TIM_ENABLE_DMA(htim, TIM_DMA_CC1);
 552:Drivers/STM32G0xx_HAL_Driver/Src/stm32g0xx_hal_tim_ex.c **** 
 553:Drivers/STM32G0xx_HAL_Driver/Src/stm32g0xx_hal_tim_ex.c ****   /* Enable the Peripheral, except in trigger mode where enable is automatically done with trigger 
 554:Drivers/STM32G0xx_HAL_Driver/Src/stm32g0xx_hal_tim_ex.c ****   if (IS_TIM_SLAVE_INSTANCE(htim->Instance))
 555:Drivers/STM32G0xx_HAL_Driver/Src/stm32g0xx_hal_tim_ex.c ****   {
 556:Drivers/STM32G0xx_HAL_Driver/Src/stm32g0xx_hal_tim_ex.c ****     tmpsmcr = htim->Instance->SMCR & TIM_SMCR_SMS;
 557:Drivers/STM32G0xx_HAL_Driver/Src/stm32g0xx_hal_tim_ex.c ****     if (!IS_TIM_SLAVEMODE_TRIGGER_ENABLED(tmpsmcr))
 558:Drivers/STM32G0xx_HAL_Driver/Src/stm32g0xx_hal_tim_ex.c ****     {
 559:Drivers/STM32G0xx_HAL_Driver/Src/stm32g0xx_hal_tim_ex.c ****       __HAL_TIM_ENABLE(htim);
 560:Drivers/STM32G0xx_HAL_Driver/Src/stm32g0xx_hal_tim_ex.c ****     }
 561:Drivers/STM32G0xx_HAL_Driver/Src/stm32g0xx_hal_tim_ex.c ****   }
 562:Drivers/STM32G0xx_HAL_Driver/Src/stm32g0xx_hal_tim_ex.c ****   else
 563:Drivers/STM32G0xx_HAL_Driver/Src/stm32g0xx_hal_tim_ex.c ****   {
 564:Drivers/STM32G0xx_HAL_Driver/Src/stm32g0xx_hal_tim_ex.c ****     __HAL_TIM_ENABLE(htim);
 565:Drivers/STM32G0xx_HAL_Driver/Src/stm32g0xx_hal_tim_ex.c ****   }
 566:Drivers/STM32G0xx_HAL_Driver/Src/stm32g0xx_hal_tim_ex.c **** 
 567:Drivers/STM32G0xx_HAL_Driver/Src/stm32g0xx_hal_tim_ex.c ****   /* Return function status */
 568:Drivers/STM32G0xx_HAL_Driver/Src/stm32g0xx_hal_tim_ex.c ****   return HAL_OK;
 569:Drivers/STM32G0xx_HAL_Driver/Src/stm32g0xx_hal_tim_ex.c **** }
 570:Drivers/STM32G0xx_HAL_Driver/Src/stm32g0xx_hal_tim_ex.c **** 
 571:Drivers/STM32G0xx_HAL_Driver/Src/stm32g0xx_hal_tim_ex.c **** /**
 572:Drivers/STM32G0xx_HAL_Driver/Src/stm32g0xx_hal_tim_ex.c ****   * @brief  Stops the TIM Hall Sensor Interface in DMA mode.
 573:Drivers/STM32G0xx_HAL_Driver/Src/stm32g0xx_hal_tim_ex.c ****   * @param  htim TIM Hall Sensor Interface handle
 574:Drivers/STM32G0xx_HAL_Driver/Src/stm32g0xx_hal_tim_ex.c ****   * @retval HAL status
 575:Drivers/STM32G0xx_HAL_Driver/Src/stm32g0xx_hal_tim_ex.c ****   */
 576:Drivers/STM32G0xx_HAL_Driver/Src/stm32g0xx_hal_tim_ex.c **** HAL_StatusTypeDef HAL_TIMEx_HallSensor_Stop_DMA(TIM_HandleTypeDef *htim)
 577:Drivers/STM32G0xx_HAL_Driver/Src/stm32g0xx_hal_tim_ex.c **** {
 578:Drivers/STM32G0xx_HAL_Driver/Src/stm32g0xx_hal_tim_ex.c ****   /* Check the parameters */
 579:Drivers/STM32G0xx_HAL_Driver/Src/stm32g0xx_hal_tim_ex.c ****   assert_param(IS_TIM_HALL_SENSOR_INTERFACE_INSTANCE(htim->Instance));
 580:Drivers/STM32G0xx_HAL_Driver/Src/stm32g0xx_hal_tim_ex.c **** 
 581:Drivers/STM32G0xx_HAL_Driver/Src/stm32g0xx_hal_tim_ex.c ****   /* Disable the Input Capture channel 1
 582:Drivers/STM32G0xx_HAL_Driver/Src/stm32g0xx_hal_tim_ex.c ****   (in the Hall Sensor Interface the three possible channels that can be used are TIM_CHANNEL_1,
 583:Drivers/STM32G0xx_HAL_Driver/Src/stm32g0xx_hal_tim_ex.c ****   TIM_CHANNEL_2 and TIM_CHANNEL_3) */
 584:Drivers/STM32G0xx_HAL_Driver/Src/stm32g0xx_hal_tim_ex.c ****   TIM_CCxChannelCmd(htim->Instance, TIM_CHANNEL_1, TIM_CCx_DISABLE);
 585:Drivers/STM32G0xx_HAL_Driver/Src/stm32g0xx_hal_tim_ex.c **** 
 586:Drivers/STM32G0xx_HAL_Driver/Src/stm32g0xx_hal_tim_ex.c **** 
 587:Drivers/STM32G0xx_HAL_Driver/Src/stm32g0xx_hal_tim_ex.c ****   /* Disable the capture compare Interrupts 1 event */
 588:Drivers/STM32G0xx_HAL_Driver/Src/stm32g0xx_hal_tim_ex.c ****   __HAL_TIM_DISABLE_DMA(htim, TIM_DMA_CC1);
 589:Drivers/STM32G0xx_HAL_Driver/Src/stm32g0xx_hal_tim_ex.c **** 
 590:Drivers/STM32G0xx_HAL_Driver/Src/stm32g0xx_hal_tim_ex.c ****   (void)HAL_DMA_Abort_IT(htim->hdma[TIM_DMA_ID_CC1]);
 591:Drivers/STM32G0xx_HAL_Driver/Src/stm32g0xx_hal_tim_ex.c **** 
 592:Drivers/STM32G0xx_HAL_Driver/Src/stm32g0xx_hal_tim_ex.c ****   /* Disable the Peripheral */
 593:Drivers/STM32G0xx_HAL_Driver/Src/stm32g0xx_hal_tim_ex.c ****   __HAL_TIM_DISABLE(htim);
 594:Drivers/STM32G0xx_HAL_Driver/Src/stm32g0xx_hal_tim_ex.c **** 
 595:Drivers/STM32G0xx_HAL_Driver/Src/stm32g0xx_hal_tim_ex.c ****   /* Set the TIM channel state */
 596:Drivers/STM32G0xx_HAL_Driver/Src/stm32g0xx_hal_tim_ex.c ****   TIM_CHANNEL_STATE_SET(htim, TIM_CHANNEL_1, HAL_TIM_CHANNEL_STATE_READY);
 597:Drivers/STM32G0xx_HAL_Driver/Src/stm32g0xx_hal_tim_ex.c ****   TIM_CHANNEL_N_STATE_SET(htim, TIM_CHANNEL_1, HAL_TIM_CHANNEL_STATE_READY);
 598:Drivers/STM32G0xx_HAL_Driver/Src/stm32g0xx_hal_tim_ex.c **** 
 599:Drivers/STM32G0xx_HAL_Driver/Src/stm32g0xx_hal_tim_ex.c ****   /* Return function status */
 600:Drivers/STM32G0xx_HAL_Driver/Src/stm32g0xx_hal_tim_ex.c ****   return HAL_OK;
 601:Drivers/STM32G0xx_HAL_Driver/Src/stm32g0xx_hal_tim_ex.c **** }
 602:Drivers/STM32G0xx_HAL_Driver/Src/stm32g0xx_hal_tim_ex.c **** 
ARM GAS  C:\Users\sante\AppData\Local\Temp\cc9r4gT1.s 			page 12


 603:Drivers/STM32G0xx_HAL_Driver/Src/stm32g0xx_hal_tim_ex.c **** /**
 604:Drivers/STM32G0xx_HAL_Driver/Src/stm32g0xx_hal_tim_ex.c ****   * @}
 605:Drivers/STM32G0xx_HAL_Driver/Src/stm32g0xx_hal_tim_ex.c ****   */
 606:Drivers/STM32G0xx_HAL_Driver/Src/stm32g0xx_hal_tim_ex.c **** 
 607:Drivers/STM32G0xx_HAL_Driver/Src/stm32g0xx_hal_tim_ex.c **** /** @defgroup TIMEx_Exported_Functions_Group2 Extended Timer Complementary Output Compare functions
 608:Drivers/STM32G0xx_HAL_Driver/Src/stm32g0xx_hal_tim_ex.c ****   *  @brief   Timer Complementary Output Compare functions
 609:Drivers/STM32G0xx_HAL_Driver/Src/stm32g0xx_hal_tim_ex.c ****   *
 610:Drivers/STM32G0xx_HAL_Driver/Src/stm32g0xx_hal_tim_ex.c **** @verbatim
 611:Drivers/STM32G0xx_HAL_Driver/Src/stm32g0xx_hal_tim_ex.c ****   ==============================================================================
 612:Drivers/STM32G0xx_HAL_Driver/Src/stm32g0xx_hal_tim_ex.c ****               ##### Timer Complementary Output Compare functions #####
 613:Drivers/STM32G0xx_HAL_Driver/Src/stm32g0xx_hal_tim_ex.c ****   ==============================================================================
 614:Drivers/STM32G0xx_HAL_Driver/Src/stm32g0xx_hal_tim_ex.c ****   [..]
 615:Drivers/STM32G0xx_HAL_Driver/Src/stm32g0xx_hal_tim_ex.c ****     This section provides functions allowing to:
 616:Drivers/STM32G0xx_HAL_Driver/Src/stm32g0xx_hal_tim_ex.c ****     (+) Start the Complementary Output Compare/PWM.
 617:Drivers/STM32G0xx_HAL_Driver/Src/stm32g0xx_hal_tim_ex.c ****     (+) Stop the Complementary Output Compare/PWM.
 618:Drivers/STM32G0xx_HAL_Driver/Src/stm32g0xx_hal_tim_ex.c ****     (+) Start the Complementary Output Compare/PWM and enable interrupts.
 619:Drivers/STM32G0xx_HAL_Driver/Src/stm32g0xx_hal_tim_ex.c ****     (+) Stop the Complementary Output Compare/PWM and disable interrupts.
 620:Drivers/STM32G0xx_HAL_Driver/Src/stm32g0xx_hal_tim_ex.c ****     (+) Start the Complementary Output Compare/PWM and enable DMA transfers.
 621:Drivers/STM32G0xx_HAL_Driver/Src/stm32g0xx_hal_tim_ex.c ****     (+) Stop the Complementary Output Compare/PWM and disable DMA transfers.
 622:Drivers/STM32G0xx_HAL_Driver/Src/stm32g0xx_hal_tim_ex.c **** 
 623:Drivers/STM32G0xx_HAL_Driver/Src/stm32g0xx_hal_tim_ex.c **** @endverbatim
 624:Drivers/STM32G0xx_HAL_Driver/Src/stm32g0xx_hal_tim_ex.c ****   * @{
 625:Drivers/STM32G0xx_HAL_Driver/Src/stm32g0xx_hal_tim_ex.c ****   */
 626:Drivers/STM32G0xx_HAL_Driver/Src/stm32g0xx_hal_tim_ex.c **** 
 627:Drivers/STM32G0xx_HAL_Driver/Src/stm32g0xx_hal_tim_ex.c **** /**
 628:Drivers/STM32G0xx_HAL_Driver/Src/stm32g0xx_hal_tim_ex.c ****   * @brief  Starts the TIM Output Compare signal generation on the complementary
 629:Drivers/STM32G0xx_HAL_Driver/Src/stm32g0xx_hal_tim_ex.c ****   *         output.
 630:Drivers/STM32G0xx_HAL_Driver/Src/stm32g0xx_hal_tim_ex.c ****   * @param  htim TIM Output Compare handle
 631:Drivers/STM32G0xx_HAL_Driver/Src/stm32g0xx_hal_tim_ex.c ****   * @param  Channel TIM Channel to be enabled
 632:Drivers/STM32G0xx_HAL_Driver/Src/stm32g0xx_hal_tim_ex.c ****   *          This parameter can be one of the following values:
 633:Drivers/STM32G0xx_HAL_Driver/Src/stm32g0xx_hal_tim_ex.c ****   *            @arg TIM_CHANNEL_1: TIM Channel 1 selected
 634:Drivers/STM32G0xx_HAL_Driver/Src/stm32g0xx_hal_tim_ex.c ****   *            @arg TIM_CHANNEL_2: TIM Channel 2 selected
 635:Drivers/STM32G0xx_HAL_Driver/Src/stm32g0xx_hal_tim_ex.c ****   *            @arg TIM_CHANNEL_3: TIM Channel 3 selected
 636:Drivers/STM32G0xx_HAL_Driver/Src/stm32g0xx_hal_tim_ex.c ****   * @retval HAL status
 637:Drivers/STM32G0xx_HAL_Driver/Src/stm32g0xx_hal_tim_ex.c ****   */
 638:Drivers/STM32G0xx_HAL_Driver/Src/stm32g0xx_hal_tim_ex.c **** HAL_StatusTypeDef HAL_TIMEx_OCN_Start(TIM_HandleTypeDef *htim, uint32_t Channel)
 639:Drivers/STM32G0xx_HAL_Driver/Src/stm32g0xx_hal_tim_ex.c **** {
 640:Drivers/STM32G0xx_HAL_Driver/Src/stm32g0xx_hal_tim_ex.c ****   uint32_t tmpsmcr;
 641:Drivers/STM32G0xx_HAL_Driver/Src/stm32g0xx_hal_tim_ex.c **** 
 642:Drivers/STM32G0xx_HAL_Driver/Src/stm32g0xx_hal_tim_ex.c ****   /* Check the parameters */
 643:Drivers/STM32G0xx_HAL_Driver/Src/stm32g0xx_hal_tim_ex.c ****   assert_param(IS_TIM_CCXN_INSTANCE(htim->Instance, Channel));
 644:Drivers/STM32G0xx_HAL_Driver/Src/stm32g0xx_hal_tim_ex.c **** 
 645:Drivers/STM32G0xx_HAL_Driver/Src/stm32g0xx_hal_tim_ex.c ****   /* Check the TIM complementary channel state */
 646:Drivers/STM32G0xx_HAL_Driver/Src/stm32g0xx_hal_tim_ex.c ****   if (TIM_CHANNEL_N_STATE_GET(htim, Channel) != HAL_TIM_CHANNEL_STATE_READY)
 647:Drivers/STM32G0xx_HAL_Driver/Src/stm32g0xx_hal_tim_ex.c ****   {
 648:Drivers/STM32G0xx_HAL_Driver/Src/stm32g0xx_hal_tim_ex.c ****     return HAL_ERROR;
 649:Drivers/STM32G0xx_HAL_Driver/Src/stm32g0xx_hal_tim_ex.c ****   }
 650:Drivers/STM32G0xx_HAL_Driver/Src/stm32g0xx_hal_tim_ex.c **** 
 651:Drivers/STM32G0xx_HAL_Driver/Src/stm32g0xx_hal_tim_ex.c ****   /* Set the TIM complementary channel state */
 652:Drivers/STM32G0xx_HAL_Driver/Src/stm32g0xx_hal_tim_ex.c ****   TIM_CHANNEL_N_STATE_SET(htim, Channel, HAL_TIM_CHANNEL_STATE_BUSY);
 653:Drivers/STM32G0xx_HAL_Driver/Src/stm32g0xx_hal_tim_ex.c **** 
 654:Drivers/STM32G0xx_HAL_Driver/Src/stm32g0xx_hal_tim_ex.c ****   /* Enable the Capture compare channel N */
 655:Drivers/STM32G0xx_HAL_Driver/Src/stm32g0xx_hal_tim_ex.c ****   TIM_CCxNChannelCmd(htim->Instance, Channel, TIM_CCxN_ENABLE);
 656:Drivers/STM32G0xx_HAL_Driver/Src/stm32g0xx_hal_tim_ex.c **** 
 657:Drivers/STM32G0xx_HAL_Driver/Src/stm32g0xx_hal_tim_ex.c ****   /* Enable the Main Output */
 658:Drivers/STM32G0xx_HAL_Driver/Src/stm32g0xx_hal_tim_ex.c ****   __HAL_TIM_MOE_ENABLE(htim);
 659:Drivers/STM32G0xx_HAL_Driver/Src/stm32g0xx_hal_tim_ex.c **** 
ARM GAS  C:\Users\sante\AppData\Local\Temp\cc9r4gT1.s 			page 13


 660:Drivers/STM32G0xx_HAL_Driver/Src/stm32g0xx_hal_tim_ex.c ****   /* Enable the Peripheral, except in trigger mode where enable is automatically done with trigger 
 661:Drivers/STM32G0xx_HAL_Driver/Src/stm32g0xx_hal_tim_ex.c ****   if (IS_TIM_SLAVE_INSTANCE(htim->Instance))
 662:Drivers/STM32G0xx_HAL_Driver/Src/stm32g0xx_hal_tim_ex.c ****   {
 663:Drivers/STM32G0xx_HAL_Driver/Src/stm32g0xx_hal_tim_ex.c ****     tmpsmcr = htim->Instance->SMCR & TIM_SMCR_SMS;
 664:Drivers/STM32G0xx_HAL_Driver/Src/stm32g0xx_hal_tim_ex.c ****     if (!IS_TIM_SLAVEMODE_TRIGGER_ENABLED(tmpsmcr))
 665:Drivers/STM32G0xx_HAL_Driver/Src/stm32g0xx_hal_tim_ex.c ****     {
 666:Drivers/STM32G0xx_HAL_Driver/Src/stm32g0xx_hal_tim_ex.c ****       __HAL_TIM_ENABLE(htim);
 667:Drivers/STM32G0xx_HAL_Driver/Src/stm32g0xx_hal_tim_ex.c ****     }
 668:Drivers/STM32G0xx_HAL_Driver/Src/stm32g0xx_hal_tim_ex.c ****   }
 669:Drivers/STM32G0xx_HAL_Driver/Src/stm32g0xx_hal_tim_ex.c ****   else
 670:Drivers/STM32G0xx_HAL_Driver/Src/stm32g0xx_hal_tim_ex.c ****   {
 671:Drivers/STM32G0xx_HAL_Driver/Src/stm32g0xx_hal_tim_ex.c ****     __HAL_TIM_ENABLE(htim);
 672:Drivers/STM32G0xx_HAL_Driver/Src/stm32g0xx_hal_tim_ex.c ****   }
 673:Drivers/STM32G0xx_HAL_Driver/Src/stm32g0xx_hal_tim_ex.c **** 
 674:Drivers/STM32G0xx_HAL_Driver/Src/stm32g0xx_hal_tim_ex.c ****   /* Return function status */
 675:Drivers/STM32G0xx_HAL_Driver/Src/stm32g0xx_hal_tim_ex.c ****   return HAL_OK;
 676:Drivers/STM32G0xx_HAL_Driver/Src/stm32g0xx_hal_tim_ex.c **** }
 677:Drivers/STM32G0xx_HAL_Driver/Src/stm32g0xx_hal_tim_ex.c **** 
 678:Drivers/STM32G0xx_HAL_Driver/Src/stm32g0xx_hal_tim_ex.c **** /**
 679:Drivers/STM32G0xx_HAL_Driver/Src/stm32g0xx_hal_tim_ex.c ****   * @brief  Stops the TIM Output Compare signal generation on the complementary
 680:Drivers/STM32G0xx_HAL_Driver/Src/stm32g0xx_hal_tim_ex.c ****   *         output.
 681:Drivers/STM32G0xx_HAL_Driver/Src/stm32g0xx_hal_tim_ex.c ****   * @param  htim TIM handle
 682:Drivers/STM32G0xx_HAL_Driver/Src/stm32g0xx_hal_tim_ex.c ****   * @param  Channel TIM Channel to be disabled
 683:Drivers/STM32G0xx_HAL_Driver/Src/stm32g0xx_hal_tim_ex.c ****   *          This parameter can be one of the following values:
 684:Drivers/STM32G0xx_HAL_Driver/Src/stm32g0xx_hal_tim_ex.c ****   *            @arg TIM_CHANNEL_1: TIM Channel 1 selected
 685:Drivers/STM32G0xx_HAL_Driver/Src/stm32g0xx_hal_tim_ex.c ****   *            @arg TIM_CHANNEL_2: TIM Channel 2 selected
 686:Drivers/STM32G0xx_HAL_Driver/Src/stm32g0xx_hal_tim_ex.c ****   *            @arg TIM_CHANNEL_3: TIM Channel 3 selected
 687:Drivers/STM32G0xx_HAL_Driver/Src/stm32g0xx_hal_tim_ex.c ****   * @retval HAL status
 688:Drivers/STM32G0xx_HAL_Driver/Src/stm32g0xx_hal_tim_ex.c ****   */
 689:Drivers/STM32G0xx_HAL_Driver/Src/stm32g0xx_hal_tim_ex.c **** HAL_StatusTypeDef HAL_TIMEx_OCN_Stop(TIM_HandleTypeDef *htim, uint32_t Channel)
 690:Drivers/STM32G0xx_HAL_Driver/Src/stm32g0xx_hal_tim_ex.c **** {
 691:Drivers/STM32G0xx_HAL_Driver/Src/stm32g0xx_hal_tim_ex.c ****   /* Check the parameters */
 692:Drivers/STM32G0xx_HAL_Driver/Src/stm32g0xx_hal_tim_ex.c ****   assert_param(IS_TIM_CCXN_INSTANCE(htim->Instance, Channel));
 693:Drivers/STM32G0xx_HAL_Driver/Src/stm32g0xx_hal_tim_ex.c **** 
 694:Drivers/STM32G0xx_HAL_Driver/Src/stm32g0xx_hal_tim_ex.c ****   /* Disable the Capture compare channel N */
 695:Drivers/STM32G0xx_HAL_Driver/Src/stm32g0xx_hal_tim_ex.c ****   TIM_CCxNChannelCmd(htim->Instance, Channel, TIM_CCxN_DISABLE);
 696:Drivers/STM32G0xx_HAL_Driver/Src/stm32g0xx_hal_tim_ex.c **** 
 697:Drivers/STM32G0xx_HAL_Driver/Src/stm32g0xx_hal_tim_ex.c ****   /* Disable the Main Output */
 698:Drivers/STM32G0xx_HAL_Driver/Src/stm32g0xx_hal_tim_ex.c ****   __HAL_TIM_MOE_DISABLE(htim);
 699:Drivers/STM32G0xx_HAL_Driver/Src/stm32g0xx_hal_tim_ex.c **** 
 700:Drivers/STM32G0xx_HAL_Driver/Src/stm32g0xx_hal_tim_ex.c ****   /* Disable the Peripheral */
 701:Drivers/STM32G0xx_HAL_Driver/Src/stm32g0xx_hal_tim_ex.c ****   __HAL_TIM_DISABLE(htim);
 702:Drivers/STM32G0xx_HAL_Driver/Src/stm32g0xx_hal_tim_ex.c **** 
 703:Drivers/STM32G0xx_HAL_Driver/Src/stm32g0xx_hal_tim_ex.c ****   /* Set the TIM complementary channel state */
 704:Drivers/STM32G0xx_HAL_Driver/Src/stm32g0xx_hal_tim_ex.c ****   TIM_CHANNEL_N_STATE_SET(htim, Channel, HAL_TIM_CHANNEL_STATE_READY);
 705:Drivers/STM32G0xx_HAL_Driver/Src/stm32g0xx_hal_tim_ex.c **** 
 706:Drivers/STM32G0xx_HAL_Driver/Src/stm32g0xx_hal_tim_ex.c ****   /* Return function status */
 707:Drivers/STM32G0xx_HAL_Driver/Src/stm32g0xx_hal_tim_ex.c ****   return HAL_OK;
 708:Drivers/STM32G0xx_HAL_Driver/Src/stm32g0xx_hal_tim_ex.c **** }
 709:Drivers/STM32G0xx_HAL_Driver/Src/stm32g0xx_hal_tim_ex.c **** 
 710:Drivers/STM32G0xx_HAL_Driver/Src/stm32g0xx_hal_tim_ex.c **** /**
 711:Drivers/STM32G0xx_HAL_Driver/Src/stm32g0xx_hal_tim_ex.c ****   * @brief  Starts the TIM Output Compare signal generation in interrupt mode
 712:Drivers/STM32G0xx_HAL_Driver/Src/stm32g0xx_hal_tim_ex.c ****   *         on the complementary output.
 713:Drivers/STM32G0xx_HAL_Driver/Src/stm32g0xx_hal_tim_ex.c ****   * @param  htim TIM OC handle
 714:Drivers/STM32G0xx_HAL_Driver/Src/stm32g0xx_hal_tim_ex.c ****   * @param  Channel TIM Channel to be enabled
 715:Drivers/STM32G0xx_HAL_Driver/Src/stm32g0xx_hal_tim_ex.c ****   *          This parameter can be one of the following values:
 716:Drivers/STM32G0xx_HAL_Driver/Src/stm32g0xx_hal_tim_ex.c ****   *            @arg TIM_CHANNEL_1: TIM Channel 1 selected
ARM GAS  C:\Users\sante\AppData\Local\Temp\cc9r4gT1.s 			page 14


 717:Drivers/STM32G0xx_HAL_Driver/Src/stm32g0xx_hal_tim_ex.c ****   *            @arg TIM_CHANNEL_2: TIM Channel 2 selected
 718:Drivers/STM32G0xx_HAL_Driver/Src/stm32g0xx_hal_tim_ex.c ****   *            @arg TIM_CHANNEL_3: TIM Channel 3 selected
 719:Drivers/STM32G0xx_HAL_Driver/Src/stm32g0xx_hal_tim_ex.c ****   * @retval HAL status
 720:Drivers/STM32G0xx_HAL_Driver/Src/stm32g0xx_hal_tim_ex.c ****   */
 721:Drivers/STM32G0xx_HAL_Driver/Src/stm32g0xx_hal_tim_ex.c **** HAL_StatusTypeDef HAL_TIMEx_OCN_Start_IT(TIM_HandleTypeDef *htim, uint32_t Channel)
 722:Drivers/STM32G0xx_HAL_Driver/Src/stm32g0xx_hal_tim_ex.c **** {
 723:Drivers/STM32G0xx_HAL_Driver/Src/stm32g0xx_hal_tim_ex.c ****   HAL_StatusTypeDef status = HAL_OK;
 724:Drivers/STM32G0xx_HAL_Driver/Src/stm32g0xx_hal_tim_ex.c ****   uint32_t tmpsmcr;
 725:Drivers/STM32G0xx_HAL_Driver/Src/stm32g0xx_hal_tim_ex.c **** 
 726:Drivers/STM32G0xx_HAL_Driver/Src/stm32g0xx_hal_tim_ex.c ****   /* Check the parameters */
 727:Drivers/STM32G0xx_HAL_Driver/Src/stm32g0xx_hal_tim_ex.c ****   assert_param(IS_TIM_CCXN_INSTANCE(htim->Instance, Channel));
 728:Drivers/STM32G0xx_HAL_Driver/Src/stm32g0xx_hal_tim_ex.c **** 
 729:Drivers/STM32G0xx_HAL_Driver/Src/stm32g0xx_hal_tim_ex.c ****   /* Check the TIM complementary channel state */
 730:Drivers/STM32G0xx_HAL_Driver/Src/stm32g0xx_hal_tim_ex.c ****   if (TIM_CHANNEL_N_STATE_GET(htim, Channel) != HAL_TIM_CHANNEL_STATE_READY)
 731:Drivers/STM32G0xx_HAL_Driver/Src/stm32g0xx_hal_tim_ex.c ****   {
 732:Drivers/STM32G0xx_HAL_Driver/Src/stm32g0xx_hal_tim_ex.c ****     return HAL_ERROR;
 733:Drivers/STM32G0xx_HAL_Driver/Src/stm32g0xx_hal_tim_ex.c ****   }
 734:Drivers/STM32G0xx_HAL_Driver/Src/stm32g0xx_hal_tim_ex.c **** 
 735:Drivers/STM32G0xx_HAL_Driver/Src/stm32g0xx_hal_tim_ex.c ****   /* Set the TIM complementary channel state */
 736:Drivers/STM32G0xx_HAL_Driver/Src/stm32g0xx_hal_tim_ex.c ****   TIM_CHANNEL_N_STATE_SET(htim, Channel, HAL_TIM_CHANNEL_STATE_BUSY);
 737:Drivers/STM32G0xx_HAL_Driver/Src/stm32g0xx_hal_tim_ex.c **** 
 738:Drivers/STM32G0xx_HAL_Driver/Src/stm32g0xx_hal_tim_ex.c ****   switch (Channel)
 739:Drivers/STM32G0xx_HAL_Driver/Src/stm32g0xx_hal_tim_ex.c ****   {
 740:Drivers/STM32G0xx_HAL_Driver/Src/stm32g0xx_hal_tim_ex.c ****     case TIM_CHANNEL_1:
 741:Drivers/STM32G0xx_HAL_Driver/Src/stm32g0xx_hal_tim_ex.c ****     {
 742:Drivers/STM32G0xx_HAL_Driver/Src/stm32g0xx_hal_tim_ex.c ****       /* Enable the TIM Output Compare interrupt */
 743:Drivers/STM32G0xx_HAL_Driver/Src/stm32g0xx_hal_tim_ex.c ****       __HAL_TIM_ENABLE_IT(htim, TIM_IT_CC1);
 744:Drivers/STM32G0xx_HAL_Driver/Src/stm32g0xx_hal_tim_ex.c ****       break;
 745:Drivers/STM32G0xx_HAL_Driver/Src/stm32g0xx_hal_tim_ex.c ****     }
 746:Drivers/STM32G0xx_HAL_Driver/Src/stm32g0xx_hal_tim_ex.c **** 
 747:Drivers/STM32G0xx_HAL_Driver/Src/stm32g0xx_hal_tim_ex.c ****     case TIM_CHANNEL_2:
 748:Drivers/STM32G0xx_HAL_Driver/Src/stm32g0xx_hal_tim_ex.c ****     {
 749:Drivers/STM32G0xx_HAL_Driver/Src/stm32g0xx_hal_tim_ex.c ****       /* Enable the TIM Output Compare interrupt */
 750:Drivers/STM32G0xx_HAL_Driver/Src/stm32g0xx_hal_tim_ex.c ****       __HAL_TIM_ENABLE_IT(htim, TIM_IT_CC2);
 751:Drivers/STM32G0xx_HAL_Driver/Src/stm32g0xx_hal_tim_ex.c ****       break;
 752:Drivers/STM32G0xx_HAL_Driver/Src/stm32g0xx_hal_tim_ex.c ****     }
 753:Drivers/STM32G0xx_HAL_Driver/Src/stm32g0xx_hal_tim_ex.c **** 
 754:Drivers/STM32G0xx_HAL_Driver/Src/stm32g0xx_hal_tim_ex.c ****     case TIM_CHANNEL_3:
 755:Drivers/STM32G0xx_HAL_Driver/Src/stm32g0xx_hal_tim_ex.c ****     {
 756:Drivers/STM32G0xx_HAL_Driver/Src/stm32g0xx_hal_tim_ex.c ****       /* Enable the TIM Output Compare interrupt */
 757:Drivers/STM32G0xx_HAL_Driver/Src/stm32g0xx_hal_tim_ex.c ****       __HAL_TIM_ENABLE_IT(htim, TIM_IT_CC3);
 758:Drivers/STM32G0xx_HAL_Driver/Src/stm32g0xx_hal_tim_ex.c ****       break;
 759:Drivers/STM32G0xx_HAL_Driver/Src/stm32g0xx_hal_tim_ex.c ****     }
 760:Drivers/STM32G0xx_HAL_Driver/Src/stm32g0xx_hal_tim_ex.c **** 
 761:Drivers/STM32G0xx_HAL_Driver/Src/stm32g0xx_hal_tim_ex.c **** 
 762:Drivers/STM32G0xx_HAL_Driver/Src/stm32g0xx_hal_tim_ex.c ****     default:
 763:Drivers/STM32G0xx_HAL_Driver/Src/stm32g0xx_hal_tim_ex.c ****       status = HAL_ERROR;
 764:Drivers/STM32G0xx_HAL_Driver/Src/stm32g0xx_hal_tim_ex.c ****       break;
 765:Drivers/STM32G0xx_HAL_Driver/Src/stm32g0xx_hal_tim_ex.c ****   }
 766:Drivers/STM32G0xx_HAL_Driver/Src/stm32g0xx_hal_tim_ex.c **** 
 767:Drivers/STM32G0xx_HAL_Driver/Src/stm32g0xx_hal_tim_ex.c ****   if (status == HAL_OK)
 768:Drivers/STM32G0xx_HAL_Driver/Src/stm32g0xx_hal_tim_ex.c ****   {
 769:Drivers/STM32G0xx_HAL_Driver/Src/stm32g0xx_hal_tim_ex.c ****     /* Enable the TIM Break interrupt */
 770:Drivers/STM32G0xx_HAL_Driver/Src/stm32g0xx_hal_tim_ex.c ****     __HAL_TIM_ENABLE_IT(htim, TIM_IT_BREAK);
 771:Drivers/STM32G0xx_HAL_Driver/Src/stm32g0xx_hal_tim_ex.c **** 
 772:Drivers/STM32G0xx_HAL_Driver/Src/stm32g0xx_hal_tim_ex.c ****     /* Enable the Capture compare channel N */
 773:Drivers/STM32G0xx_HAL_Driver/Src/stm32g0xx_hal_tim_ex.c ****     TIM_CCxNChannelCmd(htim->Instance, Channel, TIM_CCxN_ENABLE);
ARM GAS  C:\Users\sante\AppData\Local\Temp\cc9r4gT1.s 			page 15


 774:Drivers/STM32G0xx_HAL_Driver/Src/stm32g0xx_hal_tim_ex.c **** 
 775:Drivers/STM32G0xx_HAL_Driver/Src/stm32g0xx_hal_tim_ex.c ****     /* Enable the Main Output */
 776:Drivers/STM32G0xx_HAL_Driver/Src/stm32g0xx_hal_tim_ex.c ****     __HAL_TIM_MOE_ENABLE(htim);
 777:Drivers/STM32G0xx_HAL_Driver/Src/stm32g0xx_hal_tim_ex.c **** 
 778:Drivers/STM32G0xx_HAL_Driver/Src/stm32g0xx_hal_tim_ex.c ****     /* Enable the Peripheral, except in trigger mode where enable is automatically done with trigge
 779:Drivers/STM32G0xx_HAL_Driver/Src/stm32g0xx_hal_tim_ex.c ****     if (IS_TIM_SLAVE_INSTANCE(htim->Instance))
 780:Drivers/STM32G0xx_HAL_Driver/Src/stm32g0xx_hal_tim_ex.c ****     {
 781:Drivers/STM32G0xx_HAL_Driver/Src/stm32g0xx_hal_tim_ex.c ****       tmpsmcr = htim->Instance->SMCR & TIM_SMCR_SMS;
 782:Drivers/STM32G0xx_HAL_Driver/Src/stm32g0xx_hal_tim_ex.c ****       if (!IS_TIM_SLAVEMODE_TRIGGER_ENABLED(tmpsmcr))
 783:Drivers/STM32G0xx_HAL_Driver/Src/stm32g0xx_hal_tim_ex.c ****       {
 784:Drivers/STM32G0xx_HAL_Driver/Src/stm32g0xx_hal_tim_ex.c ****         __HAL_TIM_ENABLE(htim);
 785:Drivers/STM32G0xx_HAL_Driver/Src/stm32g0xx_hal_tim_ex.c ****       }
 786:Drivers/STM32G0xx_HAL_Driver/Src/stm32g0xx_hal_tim_ex.c ****     }
 787:Drivers/STM32G0xx_HAL_Driver/Src/stm32g0xx_hal_tim_ex.c ****     else
 788:Drivers/STM32G0xx_HAL_Driver/Src/stm32g0xx_hal_tim_ex.c ****     {
 789:Drivers/STM32G0xx_HAL_Driver/Src/stm32g0xx_hal_tim_ex.c ****       __HAL_TIM_ENABLE(htim);
 790:Drivers/STM32G0xx_HAL_Driver/Src/stm32g0xx_hal_tim_ex.c ****     }
 791:Drivers/STM32G0xx_HAL_Driver/Src/stm32g0xx_hal_tim_ex.c ****   }
 792:Drivers/STM32G0xx_HAL_Driver/Src/stm32g0xx_hal_tim_ex.c **** 
 793:Drivers/STM32G0xx_HAL_Driver/Src/stm32g0xx_hal_tim_ex.c ****   /* Return function status */
 794:Drivers/STM32G0xx_HAL_Driver/Src/stm32g0xx_hal_tim_ex.c ****   return status;
 795:Drivers/STM32G0xx_HAL_Driver/Src/stm32g0xx_hal_tim_ex.c **** }
 796:Drivers/STM32G0xx_HAL_Driver/Src/stm32g0xx_hal_tim_ex.c **** 
 797:Drivers/STM32G0xx_HAL_Driver/Src/stm32g0xx_hal_tim_ex.c **** /**
 798:Drivers/STM32G0xx_HAL_Driver/Src/stm32g0xx_hal_tim_ex.c ****   * @brief  Stops the TIM Output Compare signal generation in interrupt mode
 799:Drivers/STM32G0xx_HAL_Driver/Src/stm32g0xx_hal_tim_ex.c ****   *         on the complementary output.
 800:Drivers/STM32G0xx_HAL_Driver/Src/stm32g0xx_hal_tim_ex.c ****   * @param  htim TIM Output Compare handle
 801:Drivers/STM32G0xx_HAL_Driver/Src/stm32g0xx_hal_tim_ex.c ****   * @param  Channel TIM Channel to be disabled
 802:Drivers/STM32G0xx_HAL_Driver/Src/stm32g0xx_hal_tim_ex.c ****   *          This parameter can be one of the following values:
 803:Drivers/STM32G0xx_HAL_Driver/Src/stm32g0xx_hal_tim_ex.c ****   *            @arg TIM_CHANNEL_1: TIM Channel 1 selected
 804:Drivers/STM32G0xx_HAL_Driver/Src/stm32g0xx_hal_tim_ex.c ****   *            @arg TIM_CHANNEL_2: TIM Channel 2 selected
 805:Drivers/STM32G0xx_HAL_Driver/Src/stm32g0xx_hal_tim_ex.c ****   *            @arg TIM_CHANNEL_3: TIM Channel 3 selected
 806:Drivers/STM32G0xx_HAL_Driver/Src/stm32g0xx_hal_tim_ex.c ****   * @retval HAL status
 807:Drivers/STM32G0xx_HAL_Driver/Src/stm32g0xx_hal_tim_ex.c ****   */
 808:Drivers/STM32G0xx_HAL_Driver/Src/stm32g0xx_hal_tim_ex.c **** HAL_StatusTypeDef HAL_TIMEx_OCN_Stop_IT(TIM_HandleTypeDef *htim, uint32_t Channel)
 809:Drivers/STM32G0xx_HAL_Driver/Src/stm32g0xx_hal_tim_ex.c **** {
 810:Drivers/STM32G0xx_HAL_Driver/Src/stm32g0xx_hal_tim_ex.c ****   HAL_StatusTypeDef status = HAL_OK;
 811:Drivers/STM32G0xx_HAL_Driver/Src/stm32g0xx_hal_tim_ex.c ****   uint32_t tmpccer;
 812:Drivers/STM32G0xx_HAL_Driver/Src/stm32g0xx_hal_tim_ex.c **** 
 813:Drivers/STM32G0xx_HAL_Driver/Src/stm32g0xx_hal_tim_ex.c ****   /* Check the parameters */
 814:Drivers/STM32G0xx_HAL_Driver/Src/stm32g0xx_hal_tim_ex.c ****   assert_param(IS_TIM_CCXN_INSTANCE(htim->Instance, Channel));
 815:Drivers/STM32G0xx_HAL_Driver/Src/stm32g0xx_hal_tim_ex.c **** 
 816:Drivers/STM32G0xx_HAL_Driver/Src/stm32g0xx_hal_tim_ex.c ****   switch (Channel)
 817:Drivers/STM32G0xx_HAL_Driver/Src/stm32g0xx_hal_tim_ex.c ****   {
 818:Drivers/STM32G0xx_HAL_Driver/Src/stm32g0xx_hal_tim_ex.c ****     case TIM_CHANNEL_1:
 819:Drivers/STM32G0xx_HAL_Driver/Src/stm32g0xx_hal_tim_ex.c ****     {
 820:Drivers/STM32G0xx_HAL_Driver/Src/stm32g0xx_hal_tim_ex.c ****       /* Disable the TIM Output Compare interrupt */
 821:Drivers/STM32G0xx_HAL_Driver/Src/stm32g0xx_hal_tim_ex.c ****       __HAL_TIM_DISABLE_IT(htim, TIM_IT_CC1);
 822:Drivers/STM32G0xx_HAL_Driver/Src/stm32g0xx_hal_tim_ex.c ****       break;
 823:Drivers/STM32G0xx_HAL_Driver/Src/stm32g0xx_hal_tim_ex.c ****     }
 824:Drivers/STM32G0xx_HAL_Driver/Src/stm32g0xx_hal_tim_ex.c **** 
 825:Drivers/STM32G0xx_HAL_Driver/Src/stm32g0xx_hal_tim_ex.c ****     case TIM_CHANNEL_2:
 826:Drivers/STM32G0xx_HAL_Driver/Src/stm32g0xx_hal_tim_ex.c ****     {
 827:Drivers/STM32G0xx_HAL_Driver/Src/stm32g0xx_hal_tim_ex.c ****       /* Disable the TIM Output Compare interrupt */
 828:Drivers/STM32G0xx_HAL_Driver/Src/stm32g0xx_hal_tim_ex.c ****       __HAL_TIM_DISABLE_IT(htim, TIM_IT_CC2);
 829:Drivers/STM32G0xx_HAL_Driver/Src/stm32g0xx_hal_tim_ex.c ****       break;
 830:Drivers/STM32G0xx_HAL_Driver/Src/stm32g0xx_hal_tim_ex.c ****     }
ARM GAS  C:\Users\sante\AppData\Local\Temp\cc9r4gT1.s 			page 16


 831:Drivers/STM32G0xx_HAL_Driver/Src/stm32g0xx_hal_tim_ex.c **** 
 832:Drivers/STM32G0xx_HAL_Driver/Src/stm32g0xx_hal_tim_ex.c ****     case TIM_CHANNEL_3:
 833:Drivers/STM32G0xx_HAL_Driver/Src/stm32g0xx_hal_tim_ex.c ****     {
 834:Drivers/STM32G0xx_HAL_Driver/Src/stm32g0xx_hal_tim_ex.c ****       /* Disable the TIM Output Compare interrupt */
 835:Drivers/STM32G0xx_HAL_Driver/Src/stm32g0xx_hal_tim_ex.c ****       __HAL_TIM_DISABLE_IT(htim, TIM_IT_CC3);
 836:Drivers/STM32G0xx_HAL_Driver/Src/stm32g0xx_hal_tim_ex.c ****       break;
 837:Drivers/STM32G0xx_HAL_Driver/Src/stm32g0xx_hal_tim_ex.c ****     }
 838:Drivers/STM32G0xx_HAL_Driver/Src/stm32g0xx_hal_tim_ex.c **** 
 839:Drivers/STM32G0xx_HAL_Driver/Src/stm32g0xx_hal_tim_ex.c ****     default:
 840:Drivers/STM32G0xx_HAL_Driver/Src/stm32g0xx_hal_tim_ex.c ****       status = HAL_ERROR;
 841:Drivers/STM32G0xx_HAL_Driver/Src/stm32g0xx_hal_tim_ex.c ****       break;
 842:Drivers/STM32G0xx_HAL_Driver/Src/stm32g0xx_hal_tim_ex.c ****   }
 843:Drivers/STM32G0xx_HAL_Driver/Src/stm32g0xx_hal_tim_ex.c **** 
 844:Drivers/STM32G0xx_HAL_Driver/Src/stm32g0xx_hal_tim_ex.c ****   if (status == HAL_OK)
 845:Drivers/STM32G0xx_HAL_Driver/Src/stm32g0xx_hal_tim_ex.c ****   {
 846:Drivers/STM32G0xx_HAL_Driver/Src/stm32g0xx_hal_tim_ex.c ****     /* Disable the Capture compare channel N */
 847:Drivers/STM32G0xx_HAL_Driver/Src/stm32g0xx_hal_tim_ex.c ****     TIM_CCxNChannelCmd(htim->Instance, Channel, TIM_CCxN_DISABLE);
 848:Drivers/STM32G0xx_HAL_Driver/Src/stm32g0xx_hal_tim_ex.c **** 
 849:Drivers/STM32G0xx_HAL_Driver/Src/stm32g0xx_hal_tim_ex.c ****     /* Disable the TIM Break interrupt (only if no more channel is active) */
 850:Drivers/STM32G0xx_HAL_Driver/Src/stm32g0xx_hal_tim_ex.c ****     tmpccer = htim->Instance->CCER;
 851:Drivers/STM32G0xx_HAL_Driver/Src/stm32g0xx_hal_tim_ex.c ****     if ((tmpccer & TIM_CCER_CCxNE_MASK) == (uint32_t)RESET)
 852:Drivers/STM32G0xx_HAL_Driver/Src/stm32g0xx_hal_tim_ex.c ****     {
 853:Drivers/STM32G0xx_HAL_Driver/Src/stm32g0xx_hal_tim_ex.c ****       __HAL_TIM_DISABLE_IT(htim, TIM_IT_BREAK);
 854:Drivers/STM32G0xx_HAL_Driver/Src/stm32g0xx_hal_tim_ex.c ****     }
 855:Drivers/STM32G0xx_HAL_Driver/Src/stm32g0xx_hal_tim_ex.c **** 
 856:Drivers/STM32G0xx_HAL_Driver/Src/stm32g0xx_hal_tim_ex.c ****     /* Disable the Main Output */
 857:Drivers/STM32G0xx_HAL_Driver/Src/stm32g0xx_hal_tim_ex.c ****     __HAL_TIM_MOE_DISABLE(htim);
 858:Drivers/STM32G0xx_HAL_Driver/Src/stm32g0xx_hal_tim_ex.c **** 
 859:Drivers/STM32G0xx_HAL_Driver/Src/stm32g0xx_hal_tim_ex.c ****     /* Disable the Peripheral */
 860:Drivers/STM32G0xx_HAL_Driver/Src/stm32g0xx_hal_tim_ex.c ****     __HAL_TIM_DISABLE(htim);
 861:Drivers/STM32G0xx_HAL_Driver/Src/stm32g0xx_hal_tim_ex.c **** 
 862:Drivers/STM32G0xx_HAL_Driver/Src/stm32g0xx_hal_tim_ex.c ****     /* Set the TIM complementary channel state */
 863:Drivers/STM32G0xx_HAL_Driver/Src/stm32g0xx_hal_tim_ex.c ****     TIM_CHANNEL_N_STATE_SET(htim, Channel, HAL_TIM_CHANNEL_STATE_READY);
 864:Drivers/STM32G0xx_HAL_Driver/Src/stm32g0xx_hal_tim_ex.c ****   }
 865:Drivers/STM32G0xx_HAL_Driver/Src/stm32g0xx_hal_tim_ex.c **** 
 866:Drivers/STM32G0xx_HAL_Driver/Src/stm32g0xx_hal_tim_ex.c ****   /* Return function status */
 867:Drivers/STM32G0xx_HAL_Driver/Src/stm32g0xx_hal_tim_ex.c ****   return status;
 868:Drivers/STM32G0xx_HAL_Driver/Src/stm32g0xx_hal_tim_ex.c **** }
 869:Drivers/STM32G0xx_HAL_Driver/Src/stm32g0xx_hal_tim_ex.c **** 
 870:Drivers/STM32G0xx_HAL_Driver/Src/stm32g0xx_hal_tim_ex.c **** /**
 871:Drivers/STM32G0xx_HAL_Driver/Src/stm32g0xx_hal_tim_ex.c ****   * @brief  Starts the TIM Output Compare signal generation in DMA mode
 872:Drivers/STM32G0xx_HAL_Driver/Src/stm32g0xx_hal_tim_ex.c ****   *         on the complementary output.
 873:Drivers/STM32G0xx_HAL_Driver/Src/stm32g0xx_hal_tim_ex.c ****   * @param  htim TIM Output Compare handle
 874:Drivers/STM32G0xx_HAL_Driver/Src/stm32g0xx_hal_tim_ex.c ****   * @param  Channel TIM Channel to be enabled
 875:Drivers/STM32G0xx_HAL_Driver/Src/stm32g0xx_hal_tim_ex.c ****   *          This parameter can be one of the following values:
 876:Drivers/STM32G0xx_HAL_Driver/Src/stm32g0xx_hal_tim_ex.c ****   *            @arg TIM_CHANNEL_1: TIM Channel 1 selected
 877:Drivers/STM32G0xx_HAL_Driver/Src/stm32g0xx_hal_tim_ex.c ****   *            @arg TIM_CHANNEL_2: TIM Channel 2 selected
 878:Drivers/STM32G0xx_HAL_Driver/Src/stm32g0xx_hal_tim_ex.c ****   *            @arg TIM_CHANNEL_3: TIM Channel 3 selected
 879:Drivers/STM32G0xx_HAL_Driver/Src/stm32g0xx_hal_tim_ex.c ****   * @param  pData The source Buffer address.
 880:Drivers/STM32G0xx_HAL_Driver/Src/stm32g0xx_hal_tim_ex.c ****   * @param  Length The length of data to be transferred from memory to TIM peripheral
 881:Drivers/STM32G0xx_HAL_Driver/Src/stm32g0xx_hal_tim_ex.c ****   * @retval HAL status
 882:Drivers/STM32G0xx_HAL_Driver/Src/stm32g0xx_hal_tim_ex.c ****   */
 883:Drivers/STM32G0xx_HAL_Driver/Src/stm32g0xx_hal_tim_ex.c **** HAL_StatusTypeDef HAL_TIMEx_OCN_Start_DMA(TIM_HandleTypeDef *htim, uint32_t Channel, const uint32_t
 884:Drivers/STM32G0xx_HAL_Driver/Src/stm32g0xx_hal_tim_ex.c ****                                           uint16_t Length)
 885:Drivers/STM32G0xx_HAL_Driver/Src/stm32g0xx_hal_tim_ex.c **** {
 886:Drivers/STM32G0xx_HAL_Driver/Src/stm32g0xx_hal_tim_ex.c ****   HAL_StatusTypeDef status = HAL_OK;
 887:Drivers/STM32G0xx_HAL_Driver/Src/stm32g0xx_hal_tim_ex.c ****   uint32_t tmpsmcr;
ARM GAS  C:\Users\sante\AppData\Local\Temp\cc9r4gT1.s 			page 17


 888:Drivers/STM32G0xx_HAL_Driver/Src/stm32g0xx_hal_tim_ex.c **** 
 889:Drivers/STM32G0xx_HAL_Driver/Src/stm32g0xx_hal_tim_ex.c ****   /* Check the parameters */
 890:Drivers/STM32G0xx_HAL_Driver/Src/stm32g0xx_hal_tim_ex.c ****   assert_param(IS_TIM_CCXN_INSTANCE(htim->Instance, Channel));
 891:Drivers/STM32G0xx_HAL_Driver/Src/stm32g0xx_hal_tim_ex.c **** 
 892:Drivers/STM32G0xx_HAL_Driver/Src/stm32g0xx_hal_tim_ex.c ****   /* Set the TIM complementary channel state */
 893:Drivers/STM32G0xx_HAL_Driver/Src/stm32g0xx_hal_tim_ex.c ****   if (TIM_CHANNEL_N_STATE_GET(htim, Channel) == HAL_TIM_CHANNEL_STATE_BUSY)
 894:Drivers/STM32G0xx_HAL_Driver/Src/stm32g0xx_hal_tim_ex.c ****   {
 895:Drivers/STM32G0xx_HAL_Driver/Src/stm32g0xx_hal_tim_ex.c ****     return HAL_BUSY;
 896:Drivers/STM32G0xx_HAL_Driver/Src/stm32g0xx_hal_tim_ex.c ****   }
 897:Drivers/STM32G0xx_HAL_Driver/Src/stm32g0xx_hal_tim_ex.c ****   else if (TIM_CHANNEL_N_STATE_GET(htim, Channel) == HAL_TIM_CHANNEL_STATE_READY)
 898:Drivers/STM32G0xx_HAL_Driver/Src/stm32g0xx_hal_tim_ex.c ****   {
 899:Drivers/STM32G0xx_HAL_Driver/Src/stm32g0xx_hal_tim_ex.c ****     if ((pData == NULL) || (Length == 0U))
 900:Drivers/STM32G0xx_HAL_Driver/Src/stm32g0xx_hal_tim_ex.c ****     {
 901:Drivers/STM32G0xx_HAL_Driver/Src/stm32g0xx_hal_tim_ex.c ****       return HAL_ERROR;
 902:Drivers/STM32G0xx_HAL_Driver/Src/stm32g0xx_hal_tim_ex.c ****     }
 903:Drivers/STM32G0xx_HAL_Driver/Src/stm32g0xx_hal_tim_ex.c ****     else
 904:Drivers/STM32G0xx_HAL_Driver/Src/stm32g0xx_hal_tim_ex.c ****     {
 905:Drivers/STM32G0xx_HAL_Driver/Src/stm32g0xx_hal_tim_ex.c ****       TIM_CHANNEL_N_STATE_SET(htim, Channel, HAL_TIM_CHANNEL_STATE_BUSY);
 906:Drivers/STM32G0xx_HAL_Driver/Src/stm32g0xx_hal_tim_ex.c ****     }
 907:Drivers/STM32G0xx_HAL_Driver/Src/stm32g0xx_hal_tim_ex.c ****   }
 908:Drivers/STM32G0xx_HAL_Driver/Src/stm32g0xx_hal_tim_ex.c ****   else
 909:Drivers/STM32G0xx_HAL_Driver/Src/stm32g0xx_hal_tim_ex.c ****   {
 910:Drivers/STM32G0xx_HAL_Driver/Src/stm32g0xx_hal_tim_ex.c ****     return HAL_ERROR;
 911:Drivers/STM32G0xx_HAL_Driver/Src/stm32g0xx_hal_tim_ex.c ****   }
 912:Drivers/STM32G0xx_HAL_Driver/Src/stm32g0xx_hal_tim_ex.c **** 
 913:Drivers/STM32G0xx_HAL_Driver/Src/stm32g0xx_hal_tim_ex.c ****   switch (Channel)
 914:Drivers/STM32G0xx_HAL_Driver/Src/stm32g0xx_hal_tim_ex.c ****   {
 915:Drivers/STM32G0xx_HAL_Driver/Src/stm32g0xx_hal_tim_ex.c ****     case TIM_CHANNEL_1:
 916:Drivers/STM32G0xx_HAL_Driver/Src/stm32g0xx_hal_tim_ex.c ****     {
 917:Drivers/STM32G0xx_HAL_Driver/Src/stm32g0xx_hal_tim_ex.c ****       /* Set the DMA compare callbacks */
 918:Drivers/STM32G0xx_HAL_Driver/Src/stm32g0xx_hal_tim_ex.c ****       htim->hdma[TIM_DMA_ID_CC1]->XferCpltCallback = TIM_DMADelayPulseNCplt;
 919:Drivers/STM32G0xx_HAL_Driver/Src/stm32g0xx_hal_tim_ex.c ****       htim->hdma[TIM_DMA_ID_CC1]->XferHalfCpltCallback = TIM_DMADelayPulseHalfCplt;
 920:Drivers/STM32G0xx_HAL_Driver/Src/stm32g0xx_hal_tim_ex.c **** 
 921:Drivers/STM32G0xx_HAL_Driver/Src/stm32g0xx_hal_tim_ex.c ****       /* Set the DMA error callback */
 922:Drivers/STM32G0xx_HAL_Driver/Src/stm32g0xx_hal_tim_ex.c ****       htim->hdma[TIM_DMA_ID_CC1]->XferErrorCallback = TIM_DMAErrorCCxN ;
 923:Drivers/STM32G0xx_HAL_Driver/Src/stm32g0xx_hal_tim_ex.c **** 
 924:Drivers/STM32G0xx_HAL_Driver/Src/stm32g0xx_hal_tim_ex.c ****       /* Enable the DMA channel */
 925:Drivers/STM32G0xx_HAL_Driver/Src/stm32g0xx_hal_tim_ex.c ****       if (HAL_DMA_Start_IT(htim->hdma[TIM_DMA_ID_CC1], (uint32_t)pData, (uint32_t)&htim->Instance->
 926:Drivers/STM32G0xx_HAL_Driver/Src/stm32g0xx_hal_tim_ex.c ****                            Length) != HAL_OK)
 927:Drivers/STM32G0xx_HAL_Driver/Src/stm32g0xx_hal_tim_ex.c ****       {
 928:Drivers/STM32G0xx_HAL_Driver/Src/stm32g0xx_hal_tim_ex.c ****         /* Return error status */
 929:Drivers/STM32G0xx_HAL_Driver/Src/stm32g0xx_hal_tim_ex.c ****         return HAL_ERROR;
 930:Drivers/STM32G0xx_HAL_Driver/Src/stm32g0xx_hal_tim_ex.c ****       }
 931:Drivers/STM32G0xx_HAL_Driver/Src/stm32g0xx_hal_tim_ex.c ****       /* Enable the TIM Output Compare DMA request */
 932:Drivers/STM32G0xx_HAL_Driver/Src/stm32g0xx_hal_tim_ex.c ****       __HAL_TIM_ENABLE_DMA(htim, TIM_DMA_CC1);
 933:Drivers/STM32G0xx_HAL_Driver/Src/stm32g0xx_hal_tim_ex.c ****       break;
 934:Drivers/STM32G0xx_HAL_Driver/Src/stm32g0xx_hal_tim_ex.c ****     }
 935:Drivers/STM32G0xx_HAL_Driver/Src/stm32g0xx_hal_tim_ex.c **** 
 936:Drivers/STM32G0xx_HAL_Driver/Src/stm32g0xx_hal_tim_ex.c ****     case TIM_CHANNEL_2:
 937:Drivers/STM32G0xx_HAL_Driver/Src/stm32g0xx_hal_tim_ex.c ****     {
 938:Drivers/STM32G0xx_HAL_Driver/Src/stm32g0xx_hal_tim_ex.c ****       /* Set the DMA compare callbacks */
 939:Drivers/STM32G0xx_HAL_Driver/Src/stm32g0xx_hal_tim_ex.c ****       htim->hdma[TIM_DMA_ID_CC2]->XferCpltCallback = TIM_DMADelayPulseNCplt;
 940:Drivers/STM32G0xx_HAL_Driver/Src/stm32g0xx_hal_tim_ex.c ****       htim->hdma[TIM_DMA_ID_CC2]->XferHalfCpltCallback = TIM_DMADelayPulseHalfCplt;
 941:Drivers/STM32G0xx_HAL_Driver/Src/stm32g0xx_hal_tim_ex.c **** 
 942:Drivers/STM32G0xx_HAL_Driver/Src/stm32g0xx_hal_tim_ex.c ****       /* Set the DMA error callback */
 943:Drivers/STM32G0xx_HAL_Driver/Src/stm32g0xx_hal_tim_ex.c ****       htim->hdma[TIM_DMA_ID_CC2]->XferErrorCallback = TIM_DMAErrorCCxN ;
 944:Drivers/STM32G0xx_HAL_Driver/Src/stm32g0xx_hal_tim_ex.c **** 
ARM GAS  C:\Users\sante\AppData\Local\Temp\cc9r4gT1.s 			page 18


 945:Drivers/STM32G0xx_HAL_Driver/Src/stm32g0xx_hal_tim_ex.c ****       /* Enable the DMA channel */
 946:Drivers/STM32G0xx_HAL_Driver/Src/stm32g0xx_hal_tim_ex.c ****       if (HAL_DMA_Start_IT(htim->hdma[TIM_DMA_ID_CC2], (uint32_t)pData, (uint32_t)&htim->Instance->
 947:Drivers/STM32G0xx_HAL_Driver/Src/stm32g0xx_hal_tim_ex.c ****                            Length) != HAL_OK)
 948:Drivers/STM32G0xx_HAL_Driver/Src/stm32g0xx_hal_tim_ex.c ****       {
 949:Drivers/STM32G0xx_HAL_Driver/Src/stm32g0xx_hal_tim_ex.c ****         /* Return error status */
 950:Drivers/STM32G0xx_HAL_Driver/Src/stm32g0xx_hal_tim_ex.c ****         return HAL_ERROR;
 951:Drivers/STM32G0xx_HAL_Driver/Src/stm32g0xx_hal_tim_ex.c ****       }
 952:Drivers/STM32G0xx_HAL_Driver/Src/stm32g0xx_hal_tim_ex.c ****       /* Enable the TIM Output Compare DMA request */
 953:Drivers/STM32G0xx_HAL_Driver/Src/stm32g0xx_hal_tim_ex.c ****       __HAL_TIM_ENABLE_DMA(htim, TIM_DMA_CC2);
 954:Drivers/STM32G0xx_HAL_Driver/Src/stm32g0xx_hal_tim_ex.c ****       break;
 955:Drivers/STM32G0xx_HAL_Driver/Src/stm32g0xx_hal_tim_ex.c ****     }
 956:Drivers/STM32G0xx_HAL_Driver/Src/stm32g0xx_hal_tim_ex.c **** 
 957:Drivers/STM32G0xx_HAL_Driver/Src/stm32g0xx_hal_tim_ex.c ****     case TIM_CHANNEL_3:
 958:Drivers/STM32G0xx_HAL_Driver/Src/stm32g0xx_hal_tim_ex.c ****     {
 959:Drivers/STM32G0xx_HAL_Driver/Src/stm32g0xx_hal_tim_ex.c ****       /* Set the DMA compare callbacks */
 960:Drivers/STM32G0xx_HAL_Driver/Src/stm32g0xx_hal_tim_ex.c ****       htim->hdma[TIM_DMA_ID_CC3]->XferCpltCallback = TIM_DMADelayPulseNCplt;
 961:Drivers/STM32G0xx_HAL_Driver/Src/stm32g0xx_hal_tim_ex.c ****       htim->hdma[TIM_DMA_ID_CC3]->XferHalfCpltCallback = TIM_DMADelayPulseHalfCplt;
 962:Drivers/STM32G0xx_HAL_Driver/Src/stm32g0xx_hal_tim_ex.c **** 
 963:Drivers/STM32G0xx_HAL_Driver/Src/stm32g0xx_hal_tim_ex.c ****       /* Set the DMA error callback */
 964:Drivers/STM32G0xx_HAL_Driver/Src/stm32g0xx_hal_tim_ex.c ****       htim->hdma[TIM_DMA_ID_CC3]->XferErrorCallback = TIM_DMAErrorCCxN ;
 965:Drivers/STM32G0xx_HAL_Driver/Src/stm32g0xx_hal_tim_ex.c **** 
 966:Drivers/STM32G0xx_HAL_Driver/Src/stm32g0xx_hal_tim_ex.c ****       /* Enable the DMA channel */
 967:Drivers/STM32G0xx_HAL_Driver/Src/stm32g0xx_hal_tim_ex.c ****       if (HAL_DMA_Start_IT(htim->hdma[TIM_DMA_ID_CC3], (uint32_t)pData, (uint32_t)&htim->Instance->
 968:Drivers/STM32G0xx_HAL_Driver/Src/stm32g0xx_hal_tim_ex.c ****                            Length) != HAL_OK)
 969:Drivers/STM32G0xx_HAL_Driver/Src/stm32g0xx_hal_tim_ex.c ****       {
 970:Drivers/STM32G0xx_HAL_Driver/Src/stm32g0xx_hal_tim_ex.c ****         /* Return error status */
 971:Drivers/STM32G0xx_HAL_Driver/Src/stm32g0xx_hal_tim_ex.c ****         return HAL_ERROR;
 972:Drivers/STM32G0xx_HAL_Driver/Src/stm32g0xx_hal_tim_ex.c ****       }
 973:Drivers/STM32G0xx_HAL_Driver/Src/stm32g0xx_hal_tim_ex.c ****       /* Enable the TIM Output Compare DMA request */
 974:Drivers/STM32G0xx_HAL_Driver/Src/stm32g0xx_hal_tim_ex.c ****       __HAL_TIM_ENABLE_DMA(htim, TIM_DMA_CC3);
 975:Drivers/STM32G0xx_HAL_Driver/Src/stm32g0xx_hal_tim_ex.c ****       break;
 976:Drivers/STM32G0xx_HAL_Driver/Src/stm32g0xx_hal_tim_ex.c ****     }
 977:Drivers/STM32G0xx_HAL_Driver/Src/stm32g0xx_hal_tim_ex.c **** 
 978:Drivers/STM32G0xx_HAL_Driver/Src/stm32g0xx_hal_tim_ex.c ****     default:
 979:Drivers/STM32G0xx_HAL_Driver/Src/stm32g0xx_hal_tim_ex.c ****       status = HAL_ERROR;
 980:Drivers/STM32G0xx_HAL_Driver/Src/stm32g0xx_hal_tim_ex.c ****       break;
 981:Drivers/STM32G0xx_HAL_Driver/Src/stm32g0xx_hal_tim_ex.c ****   }
 982:Drivers/STM32G0xx_HAL_Driver/Src/stm32g0xx_hal_tim_ex.c **** 
 983:Drivers/STM32G0xx_HAL_Driver/Src/stm32g0xx_hal_tim_ex.c ****   if (status == HAL_OK)
 984:Drivers/STM32G0xx_HAL_Driver/Src/stm32g0xx_hal_tim_ex.c ****   {
 985:Drivers/STM32G0xx_HAL_Driver/Src/stm32g0xx_hal_tim_ex.c ****     /* Enable the Capture compare channel N */
 986:Drivers/STM32G0xx_HAL_Driver/Src/stm32g0xx_hal_tim_ex.c ****     TIM_CCxNChannelCmd(htim->Instance, Channel, TIM_CCxN_ENABLE);
 987:Drivers/STM32G0xx_HAL_Driver/Src/stm32g0xx_hal_tim_ex.c **** 
 988:Drivers/STM32G0xx_HAL_Driver/Src/stm32g0xx_hal_tim_ex.c ****     /* Enable the Main Output */
 989:Drivers/STM32G0xx_HAL_Driver/Src/stm32g0xx_hal_tim_ex.c ****     __HAL_TIM_MOE_ENABLE(htim);
 990:Drivers/STM32G0xx_HAL_Driver/Src/stm32g0xx_hal_tim_ex.c **** 
 991:Drivers/STM32G0xx_HAL_Driver/Src/stm32g0xx_hal_tim_ex.c ****     /* Enable the Peripheral, except in trigger mode where enable is automatically done with trigge
 992:Drivers/STM32G0xx_HAL_Driver/Src/stm32g0xx_hal_tim_ex.c ****     if (IS_TIM_SLAVE_INSTANCE(htim->Instance))
 993:Drivers/STM32G0xx_HAL_Driver/Src/stm32g0xx_hal_tim_ex.c ****     {
 994:Drivers/STM32G0xx_HAL_Driver/Src/stm32g0xx_hal_tim_ex.c ****       tmpsmcr = htim->Instance->SMCR & TIM_SMCR_SMS;
 995:Drivers/STM32G0xx_HAL_Driver/Src/stm32g0xx_hal_tim_ex.c ****       if (!IS_TIM_SLAVEMODE_TRIGGER_ENABLED(tmpsmcr))
 996:Drivers/STM32G0xx_HAL_Driver/Src/stm32g0xx_hal_tim_ex.c ****       {
 997:Drivers/STM32G0xx_HAL_Driver/Src/stm32g0xx_hal_tim_ex.c ****         __HAL_TIM_ENABLE(htim);
 998:Drivers/STM32G0xx_HAL_Driver/Src/stm32g0xx_hal_tim_ex.c ****       }
 999:Drivers/STM32G0xx_HAL_Driver/Src/stm32g0xx_hal_tim_ex.c ****     }
1000:Drivers/STM32G0xx_HAL_Driver/Src/stm32g0xx_hal_tim_ex.c ****     else
1001:Drivers/STM32G0xx_HAL_Driver/Src/stm32g0xx_hal_tim_ex.c ****     {
ARM GAS  C:\Users\sante\AppData\Local\Temp\cc9r4gT1.s 			page 19


1002:Drivers/STM32G0xx_HAL_Driver/Src/stm32g0xx_hal_tim_ex.c ****       __HAL_TIM_ENABLE(htim);
1003:Drivers/STM32G0xx_HAL_Driver/Src/stm32g0xx_hal_tim_ex.c ****     }
1004:Drivers/STM32G0xx_HAL_Driver/Src/stm32g0xx_hal_tim_ex.c ****   }
1005:Drivers/STM32G0xx_HAL_Driver/Src/stm32g0xx_hal_tim_ex.c **** 
1006:Drivers/STM32G0xx_HAL_Driver/Src/stm32g0xx_hal_tim_ex.c ****   /* Return function status */
1007:Drivers/STM32G0xx_HAL_Driver/Src/stm32g0xx_hal_tim_ex.c ****   return status;
1008:Drivers/STM32G0xx_HAL_Driver/Src/stm32g0xx_hal_tim_ex.c **** }
1009:Drivers/STM32G0xx_HAL_Driver/Src/stm32g0xx_hal_tim_ex.c **** 
1010:Drivers/STM32G0xx_HAL_Driver/Src/stm32g0xx_hal_tim_ex.c **** /**
1011:Drivers/STM32G0xx_HAL_Driver/Src/stm32g0xx_hal_tim_ex.c ****   * @brief  Stops the TIM Output Compare signal generation in DMA mode
1012:Drivers/STM32G0xx_HAL_Driver/Src/stm32g0xx_hal_tim_ex.c ****   *         on the complementary output.
1013:Drivers/STM32G0xx_HAL_Driver/Src/stm32g0xx_hal_tim_ex.c ****   * @param  htim TIM Output Compare handle
1014:Drivers/STM32G0xx_HAL_Driver/Src/stm32g0xx_hal_tim_ex.c ****   * @param  Channel TIM Channel to be disabled
1015:Drivers/STM32G0xx_HAL_Driver/Src/stm32g0xx_hal_tim_ex.c ****   *          This parameter can be one of the following values:
1016:Drivers/STM32G0xx_HAL_Driver/Src/stm32g0xx_hal_tim_ex.c ****   *            @arg TIM_CHANNEL_1: TIM Channel 1 selected
1017:Drivers/STM32G0xx_HAL_Driver/Src/stm32g0xx_hal_tim_ex.c ****   *            @arg TIM_CHANNEL_2: TIM Channel 2 selected
1018:Drivers/STM32G0xx_HAL_Driver/Src/stm32g0xx_hal_tim_ex.c ****   *            @arg TIM_CHANNEL_3: TIM Channel 3 selected
1019:Drivers/STM32G0xx_HAL_Driver/Src/stm32g0xx_hal_tim_ex.c ****   * @retval HAL status
1020:Drivers/STM32G0xx_HAL_Driver/Src/stm32g0xx_hal_tim_ex.c ****   */
1021:Drivers/STM32G0xx_HAL_Driver/Src/stm32g0xx_hal_tim_ex.c **** HAL_StatusTypeDef HAL_TIMEx_OCN_Stop_DMA(TIM_HandleTypeDef *htim, uint32_t Channel)
1022:Drivers/STM32G0xx_HAL_Driver/Src/stm32g0xx_hal_tim_ex.c **** {
1023:Drivers/STM32G0xx_HAL_Driver/Src/stm32g0xx_hal_tim_ex.c ****   HAL_StatusTypeDef status = HAL_OK;
1024:Drivers/STM32G0xx_HAL_Driver/Src/stm32g0xx_hal_tim_ex.c **** 
1025:Drivers/STM32G0xx_HAL_Driver/Src/stm32g0xx_hal_tim_ex.c ****   /* Check the parameters */
1026:Drivers/STM32G0xx_HAL_Driver/Src/stm32g0xx_hal_tim_ex.c ****   assert_param(IS_TIM_CCXN_INSTANCE(htim->Instance, Channel));
1027:Drivers/STM32G0xx_HAL_Driver/Src/stm32g0xx_hal_tim_ex.c **** 
1028:Drivers/STM32G0xx_HAL_Driver/Src/stm32g0xx_hal_tim_ex.c ****   switch (Channel)
1029:Drivers/STM32G0xx_HAL_Driver/Src/stm32g0xx_hal_tim_ex.c ****   {
1030:Drivers/STM32G0xx_HAL_Driver/Src/stm32g0xx_hal_tim_ex.c ****     case TIM_CHANNEL_1:
1031:Drivers/STM32G0xx_HAL_Driver/Src/stm32g0xx_hal_tim_ex.c ****     {
1032:Drivers/STM32G0xx_HAL_Driver/Src/stm32g0xx_hal_tim_ex.c ****       /* Disable the TIM Output Compare DMA request */
1033:Drivers/STM32G0xx_HAL_Driver/Src/stm32g0xx_hal_tim_ex.c ****       __HAL_TIM_DISABLE_DMA(htim, TIM_DMA_CC1);
1034:Drivers/STM32G0xx_HAL_Driver/Src/stm32g0xx_hal_tim_ex.c ****       (void)HAL_DMA_Abort_IT(htim->hdma[TIM_DMA_ID_CC1]);
1035:Drivers/STM32G0xx_HAL_Driver/Src/stm32g0xx_hal_tim_ex.c ****       break;
1036:Drivers/STM32G0xx_HAL_Driver/Src/stm32g0xx_hal_tim_ex.c ****     }
1037:Drivers/STM32G0xx_HAL_Driver/Src/stm32g0xx_hal_tim_ex.c **** 
1038:Drivers/STM32G0xx_HAL_Driver/Src/stm32g0xx_hal_tim_ex.c ****     case TIM_CHANNEL_2:
1039:Drivers/STM32G0xx_HAL_Driver/Src/stm32g0xx_hal_tim_ex.c ****     {
1040:Drivers/STM32G0xx_HAL_Driver/Src/stm32g0xx_hal_tim_ex.c ****       /* Disable the TIM Output Compare DMA request */
1041:Drivers/STM32G0xx_HAL_Driver/Src/stm32g0xx_hal_tim_ex.c ****       __HAL_TIM_DISABLE_DMA(htim, TIM_DMA_CC2);
1042:Drivers/STM32G0xx_HAL_Driver/Src/stm32g0xx_hal_tim_ex.c ****       (void)HAL_DMA_Abort_IT(htim->hdma[TIM_DMA_ID_CC2]);
1043:Drivers/STM32G0xx_HAL_Driver/Src/stm32g0xx_hal_tim_ex.c ****       break;
1044:Drivers/STM32G0xx_HAL_Driver/Src/stm32g0xx_hal_tim_ex.c ****     }
1045:Drivers/STM32G0xx_HAL_Driver/Src/stm32g0xx_hal_tim_ex.c **** 
1046:Drivers/STM32G0xx_HAL_Driver/Src/stm32g0xx_hal_tim_ex.c ****     case TIM_CHANNEL_3:
1047:Drivers/STM32G0xx_HAL_Driver/Src/stm32g0xx_hal_tim_ex.c ****     {
1048:Drivers/STM32G0xx_HAL_Driver/Src/stm32g0xx_hal_tim_ex.c ****       /* Disable the TIM Output Compare DMA request */
1049:Drivers/STM32G0xx_HAL_Driver/Src/stm32g0xx_hal_tim_ex.c ****       __HAL_TIM_DISABLE_DMA(htim, TIM_DMA_CC3);
1050:Drivers/STM32G0xx_HAL_Driver/Src/stm32g0xx_hal_tim_ex.c ****       (void)HAL_DMA_Abort_IT(htim->hdma[TIM_DMA_ID_CC3]);
1051:Drivers/STM32G0xx_HAL_Driver/Src/stm32g0xx_hal_tim_ex.c ****       break;
1052:Drivers/STM32G0xx_HAL_Driver/Src/stm32g0xx_hal_tim_ex.c ****     }
1053:Drivers/STM32G0xx_HAL_Driver/Src/stm32g0xx_hal_tim_ex.c **** 
1054:Drivers/STM32G0xx_HAL_Driver/Src/stm32g0xx_hal_tim_ex.c ****     default:
1055:Drivers/STM32G0xx_HAL_Driver/Src/stm32g0xx_hal_tim_ex.c ****       status = HAL_ERROR;
1056:Drivers/STM32G0xx_HAL_Driver/Src/stm32g0xx_hal_tim_ex.c ****       break;
1057:Drivers/STM32G0xx_HAL_Driver/Src/stm32g0xx_hal_tim_ex.c ****   }
1058:Drivers/STM32G0xx_HAL_Driver/Src/stm32g0xx_hal_tim_ex.c **** 
ARM GAS  C:\Users\sante\AppData\Local\Temp\cc9r4gT1.s 			page 20


1059:Drivers/STM32G0xx_HAL_Driver/Src/stm32g0xx_hal_tim_ex.c ****   if (status == HAL_OK)
1060:Drivers/STM32G0xx_HAL_Driver/Src/stm32g0xx_hal_tim_ex.c ****   {
1061:Drivers/STM32G0xx_HAL_Driver/Src/stm32g0xx_hal_tim_ex.c ****     /* Disable the Capture compare channel N */
1062:Drivers/STM32G0xx_HAL_Driver/Src/stm32g0xx_hal_tim_ex.c ****     TIM_CCxNChannelCmd(htim->Instance, Channel, TIM_CCxN_DISABLE);
1063:Drivers/STM32G0xx_HAL_Driver/Src/stm32g0xx_hal_tim_ex.c **** 
1064:Drivers/STM32G0xx_HAL_Driver/Src/stm32g0xx_hal_tim_ex.c ****     /* Disable the Main Output */
1065:Drivers/STM32G0xx_HAL_Driver/Src/stm32g0xx_hal_tim_ex.c ****     __HAL_TIM_MOE_DISABLE(htim);
1066:Drivers/STM32G0xx_HAL_Driver/Src/stm32g0xx_hal_tim_ex.c **** 
1067:Drivers/STM32G0xx_HAL_Driver/Src/stm32g0xx_hal_tim_ex.c ****     /* Disable the Peripheral */
1068:Drivers/STM32G0xx_HAL_Driver/Src/stm32g0xx_hal_tim_ex.c ****     __HAL_TIM_DISABLE(htim);
1069:Drivers/STM32G0xx_HAL_Driver/Src/stm32g0xx_hal_tim_ex.c **** 
1070:Drivers/STM32G0xx_HAL_Driver/Src/stm32g0xx_hal_tim_ex.c ****     /* Set the TIM complementary channel state */
1071:Drivers/STM32G0xx_HAL_Driver/Src/stm32g0xx_hal_tim_ex.c ****     TIM_CHANNEL_N_STATE_SET(htim, Channel, HAL_TIM_CHANNEL_STATE_READY);
1072:Drivers/STM32G0xx_HAL_Driver/Src/stm32g0xx_hal_tim_ex.c ****   }
1073:Drivers/STM32G0xx_HAL_Driver/Src/stm32g0xx_hal_tim_ex.c **** 
1074:Drivers/STM32G0xx_HAL_Driver/Src/stm32g0xx_hal_tim_ex.c ****   /* Return function status */
1075:Drivers/STM32G0xx_HAL_Driver/Src/stm32g0xx_hal_tim_ex.c ****   return status;
1076:Drivers/STM32G0xx_HAL_Driver/Src/stm32g0xx_hal_tim_ex.c **** }
1077:Drivers/STM32G0xx_HAL_Driver/Src/stm32g0xx_hal_tim_ex.c **** 
1078:Drivers/STM32G0xx_HAL_Driver/Src/stm32g0xx_hal_tim_ex.c **** /**
1079:Drivers/STM32G0xx_HAL_Driver/Src/stm32g0xx_hal_tim_ex.c ****   * @}
1080:Drivers/STM32G0xx_HAL_Driver/Src/stm32g0xx_hal_tim_ex.c ****   */
1081:Drivers/STM32G0xx_HAL_Driver/Src/stm32g0xx_hal_tim_ex.c **** 
1082:Drivers/STM32G0xx_HAL_Driver/Src/stm32g0xx_hal_tim_ex.c **** /** @defgroup TIMEx_Exported_Functions_Group3 Extended Timer Complementary PWM functions
1083:Drivers/STM32G0xx_HAL_Driver/Src/stm32g0xx_hal_tim_ex.c ****   * @brief    Timer Complementary PWM functions
1084:Drivers/STM32G0xx_HAL_Driver/Src/stm32g0xx_hal_tim_ex.c ****   *
1085:Drivers/STM32G0xx_HAL_Driver/Src/stm32g0xx_hal_tim_ex.c **** @verbatim
1086:Drivers/STM32G0xx_HAL_Driver/Src/stm32g0xx_hal_tim_ex.c ****   ==============================================================================
1087:Drivers/STM32G0xx_HAL_Driver/Src/stm32g0xx_hal_tim_ex.c ****                  ##### Timer Complementary PWM functions #####
1088:Drivers/STM32G0xx_HAL_Driver/Src/stm32g0xx_hal_tim_ex.c ****   ==============================================================================
1089:Drivers/STM32G0xx_HAL_Driver/Src/stm32g0xx_hal_tim_ex.c ****   [..]
1090:Drivers/STM32G0xx_HAL_Driver/Src/stm32g0xx_hal_tim_ex.c ****     This section provides functions allowing to:
1091:Drivers/STM32G0xx_HAL_Driver/Src/stm32g0xx_hal_tim_ex.c ****     (+) Start the Complementary PWM.
1092:Drivers/STM32G0xx_HAL_Driver/Src/stm32g0xx_hal_tim_ex.c ****     (+) Stop the Complementary PWM.
1093:Drivers/STM32G0xx_HAL_Driver/Src/stm32g0xx_hal_tim_ex.c ****     (+) Start the Complementary PWM and enable interrupts.
1094:Drivers/STM32G0xx_HAL_Driver/Src/stm32g0xx_hal_tim_ex.c ****     (+) Stop the Complementary PWM and disable interrupts.
1095:Drivers/STM32G0xx_HAL_Driver/Src/stm32g0xx_hal_tim_ex.c ****     (+) Start the Complementary PWM and enable DMA transfers.
1096:Drivers/STM32G0xx_HAL_Driver/Src/stm32g0xx_hal_tim_ex.c ****     (+) Stop the Complementary PWM and disable DMA transfers.
1097:Drivers/STM32G0xx_HAL_Driver/Src/stm32g0xx_hal_tim_ex.c **** @endverbatim
1098:Drivers/STM32G0xx_HAL_Driver/Src/stm32g0xx_hal_tim_ex.c ****   * @{
1099:Drivers/STM32G0xx_HAL_Driver/Src/stm32g0xx_hal_tim_ex.c ****   */
1100:Drivers/STM32G0xx_HAL_Driver/Src/stm32g0xx_hal_tim_ex.c **** 
1101:Drivers/STM32G0xx_HAL_Driver/Src/stm32g0xx_hal_tim_ex.c **** /**
1102:Drivers/STM32G0xx_HAL_Driver/Src/stm32g0xx_hal_tim_ex.c ****   * @brief  Starts the PWM signal generation on the complementary output.
1103:Drivers/STM32G0xx_HAL_Driver/Src/stm32g0xx_hal_tim_ex.c ****   * @param  htim TIM handle
1104:Drivers/STM32G0xx_HAL_Driver/Src/stm32g0xx_hal_tim_ex.c ****   * @param  Channel TIM Channel to be enabled
1105:Drivers/STM32G0xx_HAL_Driver/Src/stm32g0xx_hal_tim_ex.c ****   *          This parameter can be one of the following values:
1106:Drivers/STM32G0xx_HAL_Driver/Src/stm32g0xx_hal_tim_ex.c ****   *            @arg TIM_CHANNEL_1: TIM Channel 1 selected
1107:Drivers/STM32G0xx_HAL_Driver/Src/stm32g0xx_hal_tim_ex.c ****   *            @arg TIM_CHANNEL_2: TIM Channel 2 selected
1108:Drivers/STM32G0xx_HAL_Driver/Src/stm32g0xx_hal_tim_ex.c ****   *            @arg TIM_CHANNEL_3: TIM Channel 3 selected
1109:Drivers/STM32G0xx_HAL_Driver/Src/stm32g0xx_hal_tim_ex.c ****   * @retval HAL status
1110:Drivers/STM32G0xx_HAL_Driver/Src/stm32g0xx_hal_tim_ex.c ****   */
1111:Drivers/STM32G0xx_HAL_Driver/Src/stm32g0xx_hal_tim_ex.c **** HAL_StatusTypeDef HAL_TIMEx_PWMN_Start(TIM_HandleTypeDef *htim, uint32_t Channel)
1112:Drivers/STM32G0xx_HAL_Driver/Src/stm32g0xx_hal_tim_ex.c **** {
1113:Drivers/STM32G0xx_HAL_Driver/Src/stm32g0xx_hal_tim_ex.c ****   uint32_t tmpsmcr;
1114:Drivers/STM32G0xx_HAL_Driver/Src/stm32g0xx_hal_tim_ex.c **** 
1115:Drivers/STM32G0xx_HAL_Driver/Src/stm32g0xx_hal_tim_ex.c ****   /* Check the parameters */
ARM GAS  C:\Users\sante\AppData\Local\Temp\cc9r4gT1.s 			page 21


1116:Drivers/STM32G0xx_HAL_Driver/Src/stm32g0xx_hal_tim_ex.c ****   assert_param(IS_TIM_CCXN_INSTANCE(htim->Instance, Channel));
1117:Drivers/STM32G0xx_HAL_Driver/Src/stm32g0xx_hal_tim_ex.c **** 
1118:Drivers/STM32G0xx_HAL_Driver/Src/stm32g0xx_hal_tim_ex.c ****   /* Check the TIM complementary channel state */
1119:Drivers/STM32G0xx_HAL_Driver/Src/stm32g0xx_hal_tim_ex.c ****   if (TIM_CHANNEL_N_STATE_GET(htim, Channel) != HAL_TIM_CHANNEL_STATE_READY)
1120:Drivers/STM32G0xx_HAL_Driver/Src/stm32g0xx_hal_tim_ex.c ****   {
1121:Drivers/STM32G0xx_HAL_Driver/Src/stm32g0xx_hal_tim_ex.c ****     return HAL_ERROR;
1122:Drivers/STM32G0xx_HAL_Driver/Src/stm32g0xx_hal_tim_ex.c ****   }
1123:Drivers/STM32G0xx_HAL_Driver/Src/stm32g0xx_hal_tim_ex.c **** 
1124:Drivers/STM32G0xx_HAL_Driver/Src/stm32g0xx_hal_tim_ex.c ****   /* Set the TIM complementary channel state */
1125:Drivers/STM32G0xx_HAL_Driver/Src/stm32g0xx_hal_tim_ex.c ****   TIM_CHANNEL_N_STATE_SET(htim, Channel, HAL_TIM_CHANNEL_STATE_BUSY);
1126:Drivers/STM32G0xx_HAL_Driver/Src/stm32g0xx_hal_tim_ex.c **** 
1127:Drivers/STM32G0xx_HAL_Driver/Src/stm32g0xx_hal_tim_ex.c ****   /* Enable the complementary PWM output  */
1128:Drivers/STM32G0xx_HAL_Driver/Src/stm32g0xx_hal_tim_ex.c ****   TIM_CCxNChannelCmd(htim->Instance, Channel, TIM_CCxN_ENABLE);
1129:Drivers/STM32G0xx_HAL_Driver/Src/stm32g0xx_hal_tim_ex.c **** 
1130:Drivers/STM32G0xx_HAL_Driver/Src/stm32g0xx_hal_tim_ex.c ****   /* Enable the Main Output */
1131:Drivers/STM32G0xx_HAL_Driver/Src/stm32g0xx_hal_tim_ex.c ****   __HAL_TIM_MOE_ENABLE(htim);
1132:Drivers/STM32G0xx_HAL_Driver/Src/stm32g0xx_hal_tim_ex.c **** 
1133:Drivers/STM32G0xx_HAL_Driver/Src/stm32g0xx_hal_tim_ex.c ****   /* Enable the Peripheral, except in trigger mode where enable is automatically done with trigger 
1134:Drivers/STM32G0xx_HAL_Driver/Src/stm32g0xx_hal_tim_ex.c ****   if (IS_TIM_SLAVE_INSTANCE(htim->Instance))
1135:Drivers/STM32G0xx_HAL_Driver/Src/stm32g0xx_hal_tim_ex.c ****   {
1136:Drivers/STM32G0xx_HAL_Driver/Src/stm32g0xx_hal_tim_ex.c ****     tmpsmcr = htim->Instance->SMCR & TIM_SMCR_SMS;
1137:Drivers/STM32G0xx_HAL_Driver/Src/stm32g0xx_hal_tim_ex.c ****     if (!IS_TIM_SLAVEMODE_TRIGGER_ENABLED(tmpsmcr))
1138:Drivers/STM32G0xx_HAL_Driver/Src/stm32g0xx_hal_tim_ex.c ****     {
1139:Drivers/STM32G0xx_HAL_Driver/Src/stm32g0xx_hal_tim_ex.c ****       __HAL_TIM_ENABLE(htim);
1140:Drivers/STM32G0xx_HAL_Driver/Src/stm32g0xx_hal_tim_ex.c ****     }
1141:Drivers/STM32G0xx_HAL_Driver/Src/stm32g0xx_hal_tim_ex.c ****   }
1142:Drivers/STM32G0xx_HAL_Driver/Src/stm32g0xx_hal_tim_ex.c ****   else
1143:Drivers/STM32G0xx_HAL_Driver/Src/stm32g0xx_hal_tim_ex.c ****   {
1144:Drivers/STM32G0xx_HAL_Driver/Src/stm32g0xx_hal_tim_ex.c ****     __HAL_TIM_ENABLE(htim);
1145:Drivers/STM32G0xx_HAL_Driver/Src/stm32g0xx_hal_tim_ex.c ****   }
1146:Drivers/STM32G0xx_HAL_Driver/Src/stm32g0xx_hal_tim_ex.c **** 
1147:Drivers/STM32G0xx_HAL_Driver/Src/stm32g0xx_hal_tim_ex.c ****   /* Return function status */
1148:Drivers/STM32G0xx_HAL_Driver/Src/stm32g0xx_hal_tim_ex.c ****   return HAL_OK;
1149:Drivers/STM32G0xx_HAL_Driver/Src/stm32g0xx_hal_tim_ex.c **** }
1150:Drivers/STM32G0xx_HAL_Driver/Src/stm32g0xx_hal_tim_ex.c **** 
1151:Drivers/STM32G0xx_HAL_Driver/Src/stm32g0xx_hal_tim_ex.c **** /**
1152:Drivers/STM32G0xx_HAL_Driver/Src/stm32g0xx_hal_tim_ex.c ****   * @brief  Stops the PWM signal generation on the complementary output.
1153:Drivers/STM32G0xx_HAL_Driver/Src/stm32g0xx_hal_tim_ex.c ****   * @param  htim TIM handle
1154:Drivers/STM32G0xx_HAL_Driver/Src/stm32g0xx_hal_tim_ex.c ****   * @param  Channel TIM Channel to be disabled
1155:Drivers/STM32G0xx_HAL_Driver/Src/stm32g0xx_hal_tim_ex.c ****   *          This parameter can be one of the following values:
1156:Drivers/STM32G0xx_HAL_Driver/Src/stm32g0xx_hal_tim_ex.c ****   *            @arg TIM_CHANNEL_1: TIM Channel 1 selected
1157:Drivers/STM32G0xx_HAL_Driver/Src/stm32g0xx_hal_tim_ex.c ****   *            @arg TIM_CHANNEL_2: TIM Channel 2 selected
1158:Drivers/STM32G0xx_HAL_Driver/Src/stm32g0xx_hal_tim_ex.c ****   *            @arg TIM_CHANNEL_3: TIM Channel 3 selected
1159:Drivers/STM32G0xx_HAL_Driver/Src/stm32g0xx_hal_tim_ex.c ****   * @retval HAL status
1160:Drivers/STM32G0xx_HAL_Driver/Src/stm32g0xx_hal_tim_ex.c ****   */
1161:Drivers/STM32G0xx_HAL_Driver/Src/stm32g0xx_hal_tim_ex.c **** HAL_StatusTypeDef HAL_TIMEx_PWMN_Stop(TIM_HandleTypeDef *htim, uint32_t Channel)
1162:Drivers/STM32G0xx_HAL_Driver/Src/stm32g0xx_hal_tim_ex.c **** {
1163:Drivers/STM32G0xx_HAL_Driver/Src/stm32g0xx_hal_tim_ex.c ****   /* Check the parameters */
1164:Drivers/STM32G0xx_HAL_Driver/Src/stm32g0xx_hal_tim_ex.c ****   assert_param(IS_TIM_CCXN_INSTANCE(htim->Instance, Channel));
1165:Drivers/STM32G0xx_HAL_Driver/Src/stm32g0xx_hal_tim_ex.c **** 
1166:Drivers/STM32G0xx_HAL_Driver/Src/stm32g0xx_hal_tim_ex.c ****   /* Disable the complementary PWM output  */
1167:Drivers/STM32G0xx_HAL_Driver/Src/stm32g0xx_hal_tim_ex.c ****   TIM_CCxNChannelCmd(htim->Instance, Channel, TIM_CCxN_DISABLE);
1168:Drivers/STM32G0xx_HAL_Driver/Src/stm32g0xx_hal_tim_ex.c **** 
1169:Drivers/STM32G0xx_HAL_Driver/Src/stm32g0xx_hal_tim_ex.c ****   /* Disable the Main Output */
1170:Drivers/STM32G0xx_HAL_Driver/Src/stm32g0xx_hal_tim_ex.c ****   __HAL_TIM_MOE_DISABLE(htim);
1171:Drivers/STM32G0xx_HAL_Driver/Src/stm32g0xx_hal_tim_ex.c **** 
1172:Drivers/STM32G0xx_HAL_Driver/Src/stm32g0xx_hal_tim_ex.c ****   /* Disable the Peripheral */
ARM GAS  C:\Users\sante\AppData\Local\Temp\cc9r4gT1.s 			page 22


1173:Drivers/STM32G0xx_HAL_Driver/Src/stm32g0xx_hal_tim_ex.c ****   __HAL_TIM_DISABLE(htim);
1174:Drivers/STM32G0xx_HAL_Driver/Src/stm32g0xx_hal_tim_ex.c **** 
1175:Drivers/STM32G0xx_HAL_Driver/Src/stm32g0xx_hal_tim_ex.c ****   /* Set the TIM complementary channel state */
1176:Drivers/STM32G0xx_HAL_Driver/Src/stm32g0xx_hal_tim_ex.c ****   TIM_CHANNEL_N_STATE_SET(htim, Channel, HAL_TIM_CHANNEL_STATE_READY);
1177:Drivers/STM32G0xx_HAL_Driver/Src/stm32g0xx_hal_tim_ex.c **** 
1178:Drivers/STM32G0xx_HAL_Driver/Src/stm32g0xx_hal_tim_ex.c ****   /* Return function status */
1179:Drivers/STM32G0xx_HAL_Driver/Src/stm32g0xx_hal_tim_ex.c ****   return HAL_OK;
1180:Drivers/STM32G0xx_HAL_Driver/Src/stm32g0xx_hal_tim_ex.c **** }
1181:Drivers/STM32G0xx_HAL_Driver/Src/stm32g0xx_hal_tim_ex.c **** 
1182:Drivers/STM32G0xx_HAL_Driver/Src/stm32g0xx_hal_tim_ex.c **** /**
1183:Drivers/STM32G0xx_HAL_Driver/Src/stm32g0xx_hal_tim_ex.c ****   * @brief  Starts the PWM signal generation in interrupt mode on the
1184:Drivers/STM32G0xx_HAL_Driver/Src/stm32g0xx_hal_tim_ex.c ****   *         complementary output.
1185:Drivers/STM32G0xx_HAL_Driver/Src/stm32g0xx_hal_tim_ex.c ****   * @param  htim TIM handle
1186:Drivers/STM32G0xx_HAL_Driver/Src/stm32g0xx_hal_tim_ex.c ****   * @param  Channel TIM Channel to be disabled
1187:Drivers/STM32G0xx_HAL_Driver/Src/stm32g0xx_hal_tim_ex.c ****   *          This parameter can be one of the following values:
1188:Drivers/STM32G0xx_HAL_Driver/Src/stm32g0xx_hal_tim_ex.c ****   *            @arg TIM_CHANNEL_1: TIM Channel 1 selected
1189:Drivers/STM32G0xx_HAL_Driver/Src/stm32g0xx_hal_tim_ex.c ****   *            @arg TIM_CHANNEL_2: TIM Channel 2 selected
1190:Drivers/STM32G0xx_HAL_Driver/Src/stm32g0xx_hal_tim_ex.c ****   *            @arg TIM_CHANNEL_3: TIM Channel 3 selected
1191:Drivers/STM32G0xx_HAL_Driver/Src/stm32g0xx_hal_tim_ex.c ****   * @retval HAL status
1192:Drivers/STM32G0xx_HAL_Driver/Src/stm32g0xx_hal_tim_ex.c ****   */
1193:Drivers/STM32G0xx_HAL_Driver/Src/stm32g0xx_hal_tim_ex.c **** HAL_StatusTypeDef HAL_TIMEx_PWMN_Start_IT(TIM_HandleTypeDef *htim, uint32_t Channel)
1194:Drivers/STM32G0xx_HAL_Driver/Src/stm32g0xx_hal_tim_ex.c **** {
1195:Drivers/STM32G0xx_HAL_Driver/Src/stm32g0xx_hal_tim_ex.c ****   HAL_StatusTypeDef status = HAL_OK;
1196:Drivers/STM32G0xx_HAL_Driver/Src/stm32g0xx_hal_tim_ex.c ****   uint32_t tmpsmcr;
1197:Drivers/STM32G0xx_HAL_Driver/Src/stm32g0xx_hal_tim_ex.c **** 
1198:Drivers/STM32G0xx_HAL_Driver/Src/stm32g0xx_hal_tim_ex.c ****   /* Check the parameters */
1199:Drivers/STM32G0xx_HAL_Driver/Src/stm32g0xx_hal_tim_ex.c ****   assert_param(IS_TIM_CCXN_INSTANCE(htim->Instance, Channel));
1200:Drivers/STM32G0xx_HAL_Driver/Src/stm32g0xx_hal_tim_ex.c **** 
1201:Drivers/STM32G0xx_HAL_Driver/Src/stm32g0xx_hal_tim_ex.c ****   /* Check the TIM complementary channel state */
1202:Drivers/STM32G0xx_HAL_Driver/Src/stm32g0xx_hal_tim_ex.c ****   if (TIM_CHANNEL_N_STATE_GET(htim, Channel) != HAL_TIM_CHANNEL_STATE_READY)
1203:Drivers/STM32G0xx_HAL_Driver/Src/stm32g0xx_hal_tim_ex.c ****   {
1204:Drivers/STM32G0xx_HAL_Driver/Src/stm32g0xx_hal_tim_ex.c ****     return HAL_ERROR;
1205:Drivers/STM32G0xx_HAL_Driver/Src/stm32g0xx_hal_tim_ex.c ****   }
1206:Drivers/STM32G0xx_HAL_Driver/Src/stm32g0xx_hal_tim_ex.c **** 
1207:Drivers/STM32G0xx_HAL_Driver/Src/stm32g0xx_hal_tim_ex.c ****   /* Set the TIM complementary channel state */
1208:Drivers/STM32G0xx_HAL_Driver/Src/stm32g0xx_hal_tim_ex.c ****   TIM_CHANNEL_N_STATE_SET(htim, Channel, HAL_TIM_CHANNEL_STATE_BUSY);
1209:Drivers/STM32G0xx_HAL_Driver/Src/stm32g0xx_hal_tim_ex.c **** 
1210:Drivers/STM32G0xx_HAL_Driver/Src/stm32g0xx_hal_tim_ex.c ****   switch (Channel)
1211:Drivers/STM32G0xx_HAL_Driver/Src/stm32g0xx_hal_tim_ex.c ****   {
1212:Drivers/STM32G0xx_HAL_Driver/Src/stm32g0xx_hal_tim_ex.c ****     case TIM_CHANNEL_1:
1213:Drivers/STM32G0xx_HAL_Driver/Src/stm32g0xx_hal_tim_ex.c ****     {
1214:Drivers/STM32G0xx_HAL_Driver/Src/stm32g0xx_hal_tim_ex.c ****       /* Enable the TIM Capture/Compare 1 interrupt */
1215:Drivers/STM32G0xx_HAL_Driver/Src/stm32g0xx_hal_tim_ex.c ****       __HAL_TIM_ENABLE_IT(htim, TIM_IT_CC1);
1216:Drivers/STM32G0xx_HAL_Driver/Src/stm32g0xx_hal_tim_ex.c ****       break;
1217:Drivers/STM32G0xx_HAL_Driver/Src/stm32g0xx_hal_tim_ex.c ****     }
1218:Drivers/STM32G0xx_HAL_Driver/Src/stm32g0xx_hal_tim_ex.c **** 
1219:Drivers/STM32G0xx_HAL_Driver/Src/stm32g0xx_hal_tim_ex.c ****     case TIM_CHANNEL_2:
1220:Drivers/STM32G0xx_HAL_Driver/Src/stm32g0xx_hal_tim_ex.c ****     {
1221:Drivers/STM32G0xx_HAL_Driver/Src/stm32g0xx_hal_tim_ex.c ****       /* Enable the TIM Capture/Compare 2 interrupt */
1222:Drivers/STM32G0xx_HAL_Driver/Src/stm32g0xx_hal_tim_ex.c ****       __HAL_TIM_ENABLE_IT(htim, TIM_IT_CC2);
1223:Drivers/STM32G0xx_HAL_Driver/Src/stm32g0xx_hal_tim_ex.c ****       break;
1224:Drivers/STM32G0xx_HAL_Driver/Src/stm32g0xx_hal_tim_ex.c ****     }
1225:Drivers/STM32G0xx_HAL_Driver/Src/stm32g0xx_hal_tim_ex.c **** 
1226:Drivers/STM32G0xx_HAL_Driver/Src/stm32g0xx_hal_tim_ex.c ****     case TIM_CHANNEL_3:
1227:Drivers/STM32G0xx_HAL_Driver/Src/stm32g0xx_hal_tim_ex.c ****     {
1228:Drivers/STM32G0xx_HAL_Driver/Src/stm32g0xx_hal_tim_ex.c ****       /* Enable the TIM Capture/Compare 3 interrupt */
1229:Drivers/STM32G0xx_HAL_Driver/Src/stm32g0xx_hal_tim_ex.c ****       __HAL_TIM_ENABLE_IT(htim, TIM_IT_CC3);
ARM GAS  C:\Users\sante\AppData\Local\Temp\cc9r4gT1.s 			page 23


1230:Drivers/STM32G0xx_HAL_Driver/Src/stm32g0xx_hal_tim_ex.c ****       break;
1231:Drivers/STM32G0xx_HAL_Driver/Src/stm32g0xx_hal_tim_ex.c ****     }
1232:Drivers/STM32G0xx_HAL_Driver/Src/stm32g0xx_hal_tim_ex.c **** 
1233:Drivers/STM32G0xx_HAL_Driver/Src/stm32g0xx_hal_tim_ex.c ****     default:
1234:Drivers/STM32G0xx_HAL_Driver/Src/stm32g0xx_hal_tim_ex.c ****       status = HAL_ERROR;
1235:Drivers/STM32G0xx_HAL_Driver/Src/stm32g0xx_hal_tim_ex.c ****       break;
1236:Drivers/STM32G0xx_HAL_Driver/Src/stm32g0xx_hal_tim_ex.c ****   }
1237:Drivers/STM32G0xx_HAL_Driver/Src/stm32g0xx_hal_tim_ex.c **** 
1238:Drivers/STM32G0xx_HAL_Driver/Src/stm32g0xx_hal_tim_ex.c ****   if (status == HAL_OK)
1239:Drivers/STM32G0xx_HAL_Driver/Src/stm32g0xx_hal_tim_ex.c ****   {
1240:Drivers/STM32G0xx_HAL_Driver/Src/stm32g0xx_hal_tim_ex.c ****     /* Enable the TIM Break interrupt */
1241:Drivers/STM32G0xx_HAL_Driver/Src/stm32g0xx_hal_tim_ex.c ****     __HAL_TIM_ENABLE_IT(htim, TIM_IT_BREAK);
1242:Drivers/STM32G0xx_HAL_Driver/Src/stm32g0xx_hal_tim_ex.c **** 
1243:Drivers/STM32G0xx_HAL_Driver/Src/stm32g0xx_hal_tim_ex.c ****     /* Enable the complementary PWM output  */
1244:Drivers/STM32G0xx_HAL_Driver/Src/stm32g0xx_hal_tim_ex.c ****     TIM_CCxNChannelCmd(htim->Instance, Channel, TIM_CCxN_ENABLE);
1245:Drivers/STM32G0xx_HAL_Driver/Src/stm32g0xx_hal_tim_ex.c **** 
1246:Drivers/STM32G0xx_HAL_Driver/Src/stm32g0xx_hal_tim_ex.c ****     /* Enable the Main Output */
1247:Drivers/STM32G0xx_HAL_Driver/Src/stm32g0xx_hal_tim_ex.c ****     __HAL_TIM_MOE_ENABLE(htim);
1248:Drivers/STM32G0xx_HAL_Driver/Src/stm32g0xx_hal_tim_ex.c **** 
1249:Drivers/STM32G0xx_HAL_Driver/Src/stm32g0xx_hal_tim_ex.c ****     /* Enable the Peripheral, except in trigger mode where enable is automatically done with trigge
1250:Drivers/STM32G0xx_HAL_Driver/Src/stm32g0xx_hal_tim_ex.c ****     if (IS_TIM_SLAVE_INSTANCE(htim->Instance))
1251:Drivers/STM32G0xx_HAL_Driver/Src/stm32g0xx_hal_tim_ex.c ****     {
1252:Drivers/STM32G0xx_HAL_Driver/Src/stm32g0xx_hal_tim_ex.c ****       tmpsmcr = htim->Instance->SMCR & TIM_SMCR_SMS;
1253:Drivers/STM32G0xx_HAL_Driver/Src/stm32g0xx_hal_tim_ex.c ****       if (!IS_TIM_SLAVEMODE_TRIGGER_ENABLED(tmpsmcr))
1254:Drivers/STM32G0xx_HAL_Driver/Src/stm32g0xx_hal_tim_ex.c ****       {
1255:Drivers/STM32G0xx_HAL_Driver/Src/stm32g0xx_hal_tim_ex.c ****         __HAL_TIM_ENABLE(htim);
1256:Drivers/STM32G0xx_HAL_Driver/Src/stm32g0xx_hal_tim_ex.c ****       }
1257:Drivers/STM32G0xx_HAL_Driver/Src/stm32g0xx_hal_tim_ex.c ****     }
1258:Drivers/STM32G0xx_HAL_Driver/Src/stm32g0xx_hal_tim_ex.c ****     else
1259:Drivers/STM32G0xx_HAL_Driver/Src/stm32g0xx_hal_tim_ex.c ****     {
1260:Drivers/STM32G0xx_HAL_Driver/Src/stm32g0xx_hal_tim_ex.c ****       __HAL_TIM_ENABLE(htim);
1261:Drivers/STM32G0xx_HAL_Driver/Src/stm32g0xx_hal_tim_ex.c ****     }
1262:Drivers/STM32G0xx_HAL_Driver/Src/stm32g0xx_hal_tim_ex.c ****   }
1263:Drivers/STM32G0xx_HAL_Driver/Src/stm32g0xx_hal_tim_ex.c **** 
1264:Drivers/STM32G0xx_HAL_Driver/Src/stm32g0xx_hal_tim_ex.c ****   /* Return function status */
1265:Drivers/STM32G0xx_HAL_Driver/Src/stm32g0xx_hal_tim_ex.c ****   return status;
1266:Drivers/STM32G0xx_HAL_Driver/Src/stm32g0xx_hal_tim_ex.c **** }
1267:Drivers/STM32G0xx_HAL_Driver/Src/stm32g0xx_hal_tim_ex.c **** 
1268:Drivers/STM32G0xx_HAL_Driver/Src/stm32g0xx_hal_tim_ex.c **** /**
1269:Drivers/STM32G0xx_HAL_Driver/Src/stm32g0xx_hal_tim_ex.c ****   * @brief  Stops the PWM signal generation in interrupt mode on the
1270:Drivers/STM32G0xx_HAL_Driver/Src/stm32g0xx_hal_tim_ex.c ****   *         complementary output.
1271:Drivers/STM32G0xx_HAL_Driver/Src/stm32g0xx_hal_tim_ex.c ****   * @param  htim TIM handle
1272:Drivers/STM32G0xx_HAL_Driver/Src/stm32g0xx_hal_tim_ex.c ****   * @param  Channel TIM Channel to be disabled
1273:Drivers/STM32G0xx_HAL_Driver/Src/stm32g0xx_hal_tim_ex.c ****   *          This parameter can be one of the following values:
1274:Drivers/STM32G0xx_HAL_Driver/Src/stm32g0xx_hal_tim_ex.c ****   *            @arg TIM_CHANNEL_1: TIM Channel 1 selected
1275:Drivers/STM32G0xx_HAL_Driver/Src/stm32g0xx_hal_tim_ex.c ****   *            @arg TIM_CHANNEL_2: TIM Channel 2 selected
1276:Drivers/STM32G0xx_HAL_Driver/Src/stm32g0xx_hal_tim_ex.c ****   *            @arg TIM_CHANNEL_3: TIM Channel 3 selected
1277:Drivers/STM32G0xx_HAL_Driver/Src/stm32g0xx_hal_tim_ex.c ****   * @retval HAL status
1278:Drivers/STM32G0xx_HAL_Driver/Src/stm32g0xx_hal_tim_ex.c ****   */
1279:Drivers/STM32G0xx_HAL_Driver/Src/stm32g0xx_hal_tim_ex.c **** HAL_StatusTypeDef HAL_TIMEx_PWMN_Stop_IT(TIM_HandleTypeDef *htim, uint32_t Channel)
1280:Drivers/STM32G0xx_HAL_Driver/Src/stm32g0xx_hal_tim_ex.c **** {
1281:Drivers/STM32G0xx_HAL_Driver/Src/stm32g0xx_hal_tim_ex.c ****   HAL_StatusTypeDef status = HAL_OK;
1282:Drivers/STM32G0xx_HAL_Driver/Src/stm32g0xx_hal_tim_ex.c ****   uint32_t tmpccer;
1283:Drivers/STM32G0xx_HAL_Driver/Src/stm32g0xx_hal_tim_ex.c **** 
1284:Drivers/STM32G0xx_HAL_Driver/Src/stm32g0xx_hal_tim_ex.c ****   /* Check the parameters */
1285:Drivers/STM32G0xx_HAL_Driver/Src/stm32g0xx_hal_tim_ex.c ****   assert_param(IS_TIM_CCXN_INSTANCE(htim->Instance, Channel));
1286:Drivers/STM32G0xx_HAL_Driver/Src/stm32g0xx_hal_tim_ex.c **** 
ARM GAS  C:\Users\sante\AppData\Local\Temp\cc9r4gT1.s 			page 24


1287:Drivers/STM32G0xx_HAL_Driver/Src/stm32g0xx_hal_tim_ex.c ****   switch (Channel)
1288:Drivers/STM32G0xx_HAL_Driver/Src/stm32g0xx_hal_tim_ex.c ****   {
1289:Drivers/STM32G0xx_HAL_Driver/Src/stm32g0xx_hal_tim_ex.c ****     case TIM_CHANNEL_1:
1290:Drivers/STM32G0xx_HAL_Driver/Src/stm32g0xx_hal_tim_ex.c ****     {
1291:Drivers/STM32G0xx_HAL_Driver/Src/stm32g0xx_hal_tim_ex.c ****       /* Disable the TIM Capture/Compare 1 interrupt */
1292:Drivers/STM32G0xx_HAL_Driver/Src/stm32g0xx_hal_tim_ex.c ****       __HAL_TIM_DISABLE_IT(htim, TIM_IT_CC1);
1293:Drivers/STM32G0xx_HAL_Driver/Src/stm32g0xx_hal_tim_ex.c ****       break;
1294:Drivers/STM32G0xx_HAL_Driver/Src/stm32g0xx_hal_tim_ex.c ****     }
1295:Drivers/STM32G0xx_HAL_Driver/Src/stm32g0xx_hal_tim_ex.c **** 
1296:Drivers/STM32G0xx_HAL_Driver/Src/stm32g0xx_hal_tim_ex.c ****     case TIM_CHANNEL_2:
1297:Drivers/STM32G0xx_HAL_Driver/Src/stm32g0xx_hal_tim_ex.c ****     {
1298:Drivers/STM32G0xx_HAL_Driver/Src/stm32g0xx_hal_tim_ex.c ****       /* Disable the TIM Capture/Compare 2 interrupt */
1299:Drivers/STM32G0xx_HAL_Driver/Src/stm32g0xx_hal_tim_ex.c ****       __HAL_TIM_DISABLE_IT(htim, TIM_IT_CC2);
1300:Drivers/STM32G0xx_HAL_Driver/Src/stm32g0xx_hal_tim_ex.c ****       break;
1301:Drivers/STM32G0xx_HAL_Driver/Src/stm32g0xx_hal_tim_ex.c ****     }
1302:Drivers/STM32G0xx_HAL_Driver/Src/stm32g0xx_hal_tim_ex.c **** 
1303:Drivers/STM32G0xx_HAL_Driver/Src/stm32g0xx_hal_tim_ex.c ****     case TIM_CHANNEL_3:
1304:Drivers/STM32G0xx_HAL_Driver/Src/stm32g0xx_hal_tim_ex.c ****     {
1305:Drivers/STM32G0xx_HAL_Driver/Src/stm32g0xx_hal_tim_ex.c ****       /* Disable the TIM Capture/Compare 3 interrupt */
1306:Drivers/STM32G0xx_HAL_Driver/Src/stm32g0xx_hal_tim_ex.c ****       __HAL_TIM_DISABLE_IT(htim, TIM_IT_CC3);
1307:Drivers/STM32G0xx_HAL_Driver/Src/stm32g0xx_hal_tim_ex.c ****       break;
1308:Drivers/STM32G0xx_HAL_Driver/Src/stm32g0xx_hal_tim_ex.c ****     }
1309:Drivers/STM32G0xx_HAL_Driver/Src/stm32g0xx_hal_tim_ex.c **** 
1310:Drivers/STM32G0xx_HAL_Driver/Src/stm32g0xx_hal_tim_ex.c ****     default:
1311:Drivers/STM32G0xx_HAL_Driver/Src/stm32g0xx_hal_tim_ex.c ****       status = HAL_ERROR;
1312:Drivers/STM32G0xx_HAL_Driver/Src/stm32g0xx_hal_tim_ex.c ****       break;
1313:Drivers/STM32G0xx_HAL_Driver/Src/stm32g0xx_hal_tim_ex.c ****   }
1314:Drivers/STM32G0xx_HAL_Driver/Src/stm32g0xx_hal_tim_ex.c **** 
1315:Drivers/STM32G0xx_HAL_Driver/Src/stm32g0xx_hal_tim_ex.c ****   if (status == HAL_OK)
1316:Drivers/STM32G0xx_HAL_Driver/Src/stm32g0xx_hal_tim_ex.c ****   {
1317:Drivers/STM32G0xx_HAL_Driver/Src/stm32g0xx_hal_tim_ex.c ****     /* Disable the complementary PWM output  */
1318:Drivers/STM32G0xx_HAL_Driver/Src/stm32g0xx_hal_tim_ex.c ****     TIM_CCxNChannelCmd(htim->Instance, Channel, TIM_CCxN_DISABLE);
1319:Drivers/STM32G0xx_HAL_Driver/Src/stm32g0xx_hal_tim_ex.c **** 
1320:Drivers/STM32G0xx_HAL_Driver/Src/stm32g0xx_hal_tim_ex.c ****     /* Disable the TIM Break interrupt (only if no more channel is active) */
1321:Drivers/STM32G0xx_HAL_Driver/Src/stm32g0xx_hal_tim_ex.c ****     tmpccer = htim->Instance->CCER;
1322:Drivers/STM32G0xx_HAL_Driver/Src/stm32g0xx_hal_tim_ex.c ****     if ((tmpccer & TIM_CCER_CCxNE_MASK) == (uint32_t)RESET)
1323:Drivers/STM32G0xx_HAL_Driver/Src/stm32g0xx_hal_tim_ex.c ****     {
1324:Drivers/STM32G0xx_HAL_Driver/Src/stm32g0xx_hal_tim_ex.c ****       __HAL_TIM_DISABLE_IT(htim, TIM_IT_BREAK);
1325:Drivers/STM32G0xx_HAL_Driver/Src/stm32g0xx_hal_tim_ex.c ****     }
1326:Drivers/STM32G0xx_HAL_Driver/Src/stm32g0xx_hal_tim_ex.c **** 
1327:Drivers/STM32G0xx_HAL_Driver/Src/stm32g0xx_hal_tim_ex.c ****     /* Disable the Main Output */
1328:Drivers/STM32G0xx_HAL_Driver/Src/stm32g0xx_hal_tim_ex.c ****     __HAL_TIM_MOE_DISABLE(htim);
1329:Drivers/STM32G0xx_HAL_Driver/Src/stm32g0xx_hal_tim_ex.c **** 
1330:Drivers/STM32G0xx_HAL_Driver/Src/stm32g0xx_hal_tim_ex.c ****     /* Disable the Peripheral */
1331:Drivers/STM32G0xx_HAL_Driver/Src/stm32g0xx_hal_tim_ex.c ****     __HAL_TIM_DISABLE(htim);
1332:Drivers/STM32G0xx_HAL_Driver/Src/stm32g0xx_hal_tim_ex.c **** 
1333:Drivers/STM32G0xx_HAL_Driver/Src/stm32g0xx_hal_tim_ex.c ****     /* Set the TIM complementary channel state */
1334:Drivers/STM32G0xx_HAL_Driver/Src/stm32g0xx_hal_tim_ex.c ****     TIM_CHANNEL_N_STATE_SET(htim, Channel, HAL_TIM_CHANNEL_STATE_READY);
1335:Drivers/STM32G0xx_HAL_Driver/Src/stm32g0xx_hal_tim_ex.c ****   }
1336:Drivers/STM32G0xx_HAL_Driver/Src/stm32g0xx_hal_tim_ex.c **** 
1337:Drivers/STM32G0xx_HAL_Driver/Src/stm32g0xx_hal_tim_ex.c ****   /* Return function status */
1338:Drivers/STM32G0xx_HAL_Driver/Src/stm32g0xx_hal_tim_ex.c ****   return status;
1339:Drivers/STM32G0xx_HAL_Driver/Src/stm32g0xx_hal_tim_ex.c **** }
1340:Drivers/STM32G0xx_HAL_Driver/Src/stm32g0xx_hal_tim_ex.c **** 
1341:Drivers/STM32G0xx_HAL_Driver/Src/stm32g0xx_hal_tim_ex.c **** /**
1342:Drivers/STM32G0xx_HAL_Driver/Src/stm32g0xx_hal_tim_ex.c ****   * @brief  Starts the TIM PWM signal generation in DMA mode on the
1343:Drivers/STM32G0xx_HAL_Driver/Src/stm32g0xx_hal_tim_ex.c ****   *         complementary output
ARM GAS  C:\Users\sante\AppData\Local\Temp\cc9r4gT1.s 			page 25


1344:Drivers/STM32G0xx_HAL_Driver/Src/stm32g0xx_hal_tim_ex.c ****   * @param  htim TIM handle
1345:Drivers/STM32G0xx_HAL_Driver/Src/stm32g0xx_hal_tim_ex.c ****   * @param  Channel TIM Channel to be enabled
1346:Drivers/STM32G0xx_HAL_Driver/Src/stm32g0xx_hal_tim_ex.c ****   *          This parameter can be one of the following values:
1347:Drivers/STM32G0xx_HAL_Driver/Src/stm32g0xx_hal_tim_ex.c ****   *            @arg TIM_CHANNEL_1: TIM Channel 1 selected
1348:Drivers/STM32G0xx_HAL_Driver/Src/stm32g0xx_hal_tim_ex.c ****   *            @arg TIM_CHANNEL_2: TIM Channel 2 selected
1349:Drivers/STM32G0xx_HAL_Driver/Src/stm32g0xx_hal_tim_ex.c ****   *            @arg TIM_CHANNEL_3: TIM Channel 3 selected
1350:Drivers/STM32G0xx_HAL_Driver/Src/stm32g0xx_hal_tim_ex.c ****   * @param  pData The source Buffer address.
1351:Drivers/STM32G0xx_HAL_Driver/Src/stm32g0xx_hal_tim_ex.c ****   * @param  Length The length of data to be transferred from memory to TIM peripheral
1352:Drivers/STM32G0xx_HAL_Driver/Src/stm32g0xx_hal_tim_ex.c ****   * @retval HAL status
1353:Drivers/STM32G0xx_HAL_Driver/Src/stm32g0xx_hal_tim_ex.c ****   */
1354:Drivers/STM32G0xx_HAL_Driver/Src/stm32g0xx_hal_tim_ex.c **** HAL_StatusTypeDef HAL_TIMEx_PWMN_Start_DMA(TIM_HandleTypeDef *htim, uint32_t Channel, const uint32_
1355:Drivers/STM32G0xx_HAL_Driver/Src/stm32g0xx_hal_tim_ex.c ****                                            uint16_t Length)
1356:Drivers/STM32G0xx_HAL_Driver/Src/stm32g0xx_hal_tim_ex.c **** {
1357:Drivers/STM32G0xx_HAL_Driver/Src/stm32g0xx_hal_tim_ex.c ****   HAL_StatusTypeDef status = HAL_OK;
1358:Drivers/STM32G0xx_HAL_Driver/Src/stm32g0xx_hal_tim_ex.c ****   uint32_t tmpsmcr;
1359:Drivers/STM32G0xx_HAL_Driver/Src/stm32g0xx_hal_tim_ex.c **** 
1360:Drivers/STM32G0xx_HAL_Driver/Src/stm32g0xx_hal_tim_ex.c ****   /* Check the parameters */
1361:Drivers/STM32G0xx_HAL_Driver/Src/stm32g0xx_hal_tim_ex.c ****   assert_param(IS_TIM_CCXN_INSTANCE(htim->Instance, Channel));
1362:Drivers/STM32G0xx_HAL_Driver/Src/stm32g0xx_hal_tim_ex.c **** 
1363:Drivers/STM32G0xx_HAL_Driver/Src/stm32g0xx_hal_tim_ex.c ****   /* Set the TIM complementary channel state */
1364:Drivers/STM32G0xx_HAL_Driver/Src/stm32g0xx_hal_tim_ex.c ****   if (TIM_CHANNEL_N_STATE_GET(htim, Channel) == HAL_TIM_CHANNEL_STATE_BUSY)
1365:Drivers/STM32G0xx_HAL_Driver/Src/stm32g0xx_hal_tim_ex.c ****   {
1366:Drivers/STM32G0xx_HAL_Driver/Src/stm32g0xx_hal_tim_ex.c ****     return HAL_BUSY;
1367:Drivers/STM32G0xx_HAL_Driver/Src/stm32g0xx_hal_tim_ex.c ****   }
1368:Drivers/STM32G0xx_HAL_Driver/Src/stm32g0xx_hal_tim_ex.c ****   else if (TIM_CHANNEL_N_STATE_GET(htim, Channel) == HAL_TIM_CHANNEL_STATE_READY)
1369:Drivers/STM32G0xx_HAL_Driver/Src/stm32g0xx_hal_tim_ex.c ****   {
1370:Drivers/STM32G0xx_HAL_Driver/Src/stm32g0xx_hal_tim_ex.c ****     if ((pData == NULL) || (Length == 0U))
1371:Drivers/STM32G0xx_HAL_Driver/Src/stm32g0xx_hal_tim_ex.c ****     {
1372:Drivers/STM32G0xx_HAL_Driver/Src/stm32g0xx_hal_tim_ex.c ****       return HAL_ERROR;
1373:Drivers/STM32G0xx_HAL_Driver/Src/stm32g0xx_hal_tim_ex.c ****     }
1374:Drivers/STM32G0xx_HAL_Driver/Src/stm32g0xx_hal_tim_ex.c ****     else
1375:Drivers/STM32G0xx_HAL_Driver/Src/stm32g0xx_hal_tim_ex.c ****     {
1376:Drivers/STM32G0xx_HAL_Driver/Src/stm32g0xx_hal_tim_ex.c ****       TIM_CHANNEL_N_STATE_SET(htim, Channel, HAL_TIM_CHANNEL_STATE_BUSY);
1377:Drivers/STM32G0xx_HAL_Driver/Src/stm32g0xx_hal_tim_ex.c ****     }
1378:Drivers/STM32G0xx_HAL_Driver/Src/stm32g0xx_hal_tim_ex.c ****   }
1379:Drivers/STM32G0xx_HAL_Driver/Src/stm32g0xx_hal_tim_ex.c ****   else
1380:Drivers/STM32G0xx_HAL_Driver/Src/stm32g0xx_hal_tim_ex.c ****   {
1381:Drivers/STM32G0xx_HAL_Driver/Src/stm32g0xx_hal_tim_ex.c ****     return HAL_ERROR;
1382:Drivers/STM32G0xx_HAL_Driver/Src/stm32g0xx_hal_tim_ex.c ****   }
1383:Drivers/STM32G0xx_HAL_Driver/Src/stm32g0xx_hal_tim_ex.c **** 
1384:Drivers/STM32G0xx_HAL_Driver/Src/stm32g0xx_hal_tim_ex.c ****   switch (Channel)
1385:Drivers/STM32G0xx_HAL_Driver/Src/stm32g0xx_hal_tim_ex.c ****   {
1386:Drivers/STM32G0xx_HAL_Driver/Src/stm32g0xx_hal_tim_ex.c ****     case TIM_CHANNEL_1:
1387:Drivers/STM32G0xx_HAL_Driver/Src/stm32g0xx_hal_tim_ex.c ****     {
1388:Drivers/STM32G0xx_HAL_Driver/Src/stm32g0xx_hal_tim_ex.c ****       /* Set the DMA compare callbacks */
1389:Drivers/STM32G0xx_HAL_Driver/Src/stm32g0xx_hal_tim_ex.c ****       htim->hdma[TIM_DMA_ID_CC1]->XferCpltCallback = TIM_DMADelayPulseNCplt;
1390:Drivers/STM32G0xx_HAL_Driver/Src/stm32g0xx_hal_tim_ex.c ****       htim->hdma[TIM_DMA_ID_CC1]->XferHalfCpltCallback = TIM_DMADelayPulseHalfCplt;
1391:Drivers/STM32G0xx_HAL_Driver/Src/stm32g0xx_hal_tim_ex.c **** 
1392:Drivers/STM32G0xx_HAL_Driver/Src/stm32g0xx_hal_tim_ex.c ****       /* Set the DMA error callback */
1393:Drivers/STM32G0xx_HAL_Driver/Src/stm32g0xx_hal_tim_ex.c ****       htim->hdma[TIM_DMA_ID_CC1]->XferErrorCallback = TIM_DMAErrorCCxN ;
1394:Drivers/STM32G0xx_HAL_Driver/Src/stm32g0xx_hal_tim_ex.c **** 
1395:Drivers/STM32G0xx_HAL_Driver/Src/stm32g0xx_hal_tim_ex.c ****       /* Enable the DMA channel */
1396:Drivers/STM32G0xx_HAL_Driver/Src/stm32g0xx_hal_tim_ex.c ****       if (HAL_DMA_Start_IT(htim->hdma[TIM_DMA_ID_CC1], (uint32_t)pData, (uint32_t)&htim->Instance->
1397:Drivers/STM32G0xx_HAL_Driver/Src/stm32g0xx_hal_tim_ex.c ****                            Length) != HAL_OK)
1398:Drivers/STM32G0xx_HAL_Driver/Src/stm32g0xx_hal_tim_ex.c ****       {
1399:Drivers/STM32G0xx_HAL_Driver/Src/stm32g0xx_hal_tim_ex.c ****         /* Return error status */
1400:Drivers/STM32G0xx_HAL_Driver/Src/stm32g0xx_hal_tim_ex.c ****         return HAL_ERROR;
ARM GAS  C:\Users\sante\AppData\Local\Temp\cc9r4gT1.s 			page 26


1401:Drivers/STM32G0xx_HAL_Driver/Src/stm32g0xx_hal_tim_ex.c ****       }
1402:Drivers/STM32G0xx_HAL_Driver/Src/stm32g0xx_hal_tim_ex.c ****       /* Enable the TIM Capture/Compare 1 DMA request */
1403:Drivers/STM32G0xx_HAL_Driver/Src/stm32g0xx_hal_tim_ex.c ****       __HAL_TIM_ENABLE_DMA(htim, TIM_DMA_CC1);
1404:Drivers/STM32G0xx_HAL_Driver/Src/stm32g0xx_hal_tim_ex.c ****       break;
1405:Drivers/STM32G0xx_HAL_Driver/Src/stm32g0xx_hal_tim_ex.c ****     }
1406:Drivers/STM32G0xx_HAL_Driver/Src/stm32g0xx_hal_tim_ex.c **** 
1407:Drivers/STM32G0xx_HAL_Driver/Src/stm32g0xx_hal_tim_ex.c ****     case TIM_CHANNEL_2:
1408:Drivers/STM32G0xx_HAL_Driver/Src/stm32g0xx_hal_tim_ex.c ****     {
1409:Drivers/STM32G0xx_HAL_Driver/Src/stm32g0xx_hal_tim_ex.c ****       /* Set the DMA compare callbacks */
1410:Drivers/STM32G0xx_HAL_Driver/Src/stm32g0xx_hal_tim_ex.c ****       htim->hdma[TIM_DMA_ID_CC2]->XferCpltCallback = TIM_DMADelayPulseNCplt;
1411:Drivers/STM32G0xx_HAL_Driver/Src/stm32g0xx_hal_tim_ex.c ****       htim->hdma[TIM_DMA_ID_CC2]->XferHalfCpltCallback = TIM_DMADelayPulseHalfCplt;
1412:Drivers/STM32G0xx_HAL_Driver/Src/stm32g0xx_hal_tim_ex.c **** 
1413:Drivers/STM32G0xx_HAL_Driver/Src/stm32g0xx_hal_tim_ex.c ****       /* Set the DMA error callback */
1414:Drivers/STM32G0xx_HAL_Driver/Src/stm32g0xx_hal_tim_ex.c ****       htim->hdma[TIM_DMA_ID_CC2]->XferErrorCallback = TIM_DMAErrorCCxN ;
1415:Drivers/STM32G0xx_HAL_Driver/Src/stm32g0xx_hal_tim_ex.c **** 
1416:Drivers/STM32G0xx_HAL_Driver/Src/stm32g0xx_hal_tim_ex.c ****       /* Enable the DMA channel */
1417:Drivers/STM32G0xx_HAL_Driver/Src/stm32g0xx_hal_tim_ex.c ****       if (HAL_DMA_Start_IT(htim->hdma[TIM_DMA_ID_CC2], (uint32_t)pData, (uint32_t)&htim->Instance->
1418:Drivers/STM32G0xx_HAL_Driver/Src/stm32g0xx_hal_tim_ex.c ****                            Length) != HAL_OK)
1419:Drivers/STM32G0xx_HAL_Driver/Src/stm32g0xx_hal_tim_ex.c ****       {
1420:Drivers/STM32G0xx_HAL_Driver/Src/stm32g0xx_hal_tim_ex.c ****         /* Return error status */
1421:Drivers/STM32G0xx_HAL_Driver/Src/stm32g0xx_hal_tim_ex.c ****         return HAL_ERROR;
1422:Drivers/STM32G0xx_HAL_Driver/Src/stm32g0xx_hal_tim_ex.c ****       }
1423:Drivers/STM32G0xx_HAL_Driver/Src/stm32g0xx_hal_tim_ex.c ****       /* Enable the TIM Capture/Compare 2 DMA request */
1424:Drivers/STM32G0xx_HAL_Driver/Src/stm32g0xx_hal_tim_ex.c ****       __HAL_TIM_ENABLE_DMA(htim, TIM_DMA_CC2);
1425:Drivers/STM32G0xx_HAL_Driver/Src/stm32g0xx_hal_tim_ex.c ****       break;
1426:Drivers/STM32G0xx_HAL_Driver/Src/stm32g0xx_hal_tim_ex.c ****     }
1427:Drivers/STM32G0xx_HAL_Driver/Src/stm32g0xx_hal_tim_ex.c **** 
1428:Drivers/STM32G0xx_HAL_Driver/Src/stm32g0xx_hal_tim_ex.c ****     case TIM_CHANNEL_3:
1429:Drivers/STM32G0xx_HAL_Driver/Src/stm32g0xx_hal_tim_ex.c ****     {
1430:Drivers/STM32G0xx_HAL_Driver/Src/stm32g0xx_hal_tim_ex.c ****       /* Set the DMA compare callbacks */
1431:Drivers/STM32G0xx_HAL_Driver/Src/stm32g0xx_hal_tim_ex.c ****       htim->hdma[TIM_DMA_ID_CC3]->XferCpltCallback = TIM_DMADelayPulseNCplt;
1432:Drivers/STM32G0xx_HAL_Driver/Src/stm32g0xx_hal_tim_ex.c ****       htim->hdma[TIM_DMA_ID_CC3]->XferHalfCpltCallback = TIM_DMADelayPulseHalfCplt;
1433:Drivers/STM32G0xx_HAL_Driver/Src/stm32g0xx_hal_tim_ex.c **** 
1434:Drivers/STM32G0xx_HAL_Driver/Src/stm32g0xx_hal_tim_ex.c ****       /* Set the DMA error callback */
1435:Drivers/STM32G0xx_HAL_Driver/Src/stm32g0xx_hal_tim_ex.c ****       htim->hdma[TIM_DMA_ID_CC3]->XferErrorCallback = TIM_DMAErrorCCxN ;
1436:Drivers/STM32G0xx_HAL_Driver/Src/stm32g0xx_hal_tim_ex.c **** 
1437:Drivers/STM32G0xx_HAL_Driver/Src/stm32g0xx_hal_tim_ex.c ****       /* Enable the DMA channel */
1438:Drivers/STM32G0xx_HAL_Driver/Src/stm32g0xx_hal_tim_ex.c ****       if (HAL_DMA_Start_IT(htim->hdma[TIM_DMA_ID_CC3], (uint32_t)pData, (uint32_t)&htim->Instance->
1439:Drivers/STM32G0xx_HAL_Driver/Src/stm32g0xx_hal_tim_ex.c ****                            Length) != HAL_OK)
1440:Drivers/STM32G0xx_HAL_Driver/Src/stm32g0xx_hal_tim_ex.c ****       {
1441:Drivers/STM32G0xx_HAL_Driver/Src/stm32g0xx_hal_tim_ex.c ****         /* Return error status */
1442:Drivers/STM32G0xx_HAL_Driver/Src/stm32g0xx_hal_tim_ex.c ****         return HAL_ERROR;
1443:Drivers/STM32G0xx_HAL_Driver/Src/stm32g0xx_hal_tim_ex.c ****       }
1444:Drivers/STM32G0xx_HAL_Driver/Src/stm32g0xx_hal_tim_ex.c ****       /* Enable the TIM Capture/Compare 3 DMA request */
1445:Drivers/STM32G0xx_HAL_Driver/Src/stm32g0xx_hal_tim_ex.c ****       __HAL_TIM_ENABLE_DMA(htim, TIM_DMA_CC3);
1446:Drivers/STM32G0xx_HAL_Driver/Src/stm32g0xx_hal_tim_ex.c ****       break;
1447:Drivers/STM32G0xx_HAL_Driver/Src/stm32g0xx_hal_tim_ex.c ****     }
1448:Drivers/STM32G0xx_HAL_Driver/Src/stm32g0xx_hal_tim_ex.c **** 
1449:Drivers/STM32G0xx_HAL_Driver/Src/stm32g0xx_hal_tim_ex.c ****     default:
1450:Drivers/STM32G0xx_HAL_Driver/Src/stm32g0xx_hal_tim_ex.c ****       status = HAL_ERROR;
1451:Drivers/STM32G0xx_HAL_Driver/Src/stm32g0xx_hal_tim_ex.c ****       break;
1452:Drivers/STM32G0xx_HAL_Driver/Src/stm32g0xx_hal_tim_ex.c ****   }
1453:Drivers/STM32G0xx_HAL_Driver/Src/stm32g0xx_hal_tim_ex.c **** 
1454:Drivers/STM32G0xx_HAL_Driver/Src/stm32g0xx_hal_tim_ex.c ****   if (status == HAL_OK)
1455:Drivers/STM32G0xx_HAL_Driver/Src/stm32g0xx_hal_tim_ex.c ****   {
1456:Drivers/STM32G0xx_HAL_Driver/Src/stm32g0xx_hal_tim_ex.c ****     /* Enable the complementary PWM output  */
1457:Drivers/STM32G0xx_HAL_Driver/Src/stm32g0xx_hal_tim_ex.c ****     TIM_CCxNChannelCmd(htim->Instance, Channel, TIM_CCxN_ENABLE);
ARM GAS  C:\Users\sante\AppData\Local\Temp\cc9r4gT1.s 			page 27


1458:Drivers/STM32G0xx_HAL_Driver/Src/stm32g0xx_hal_tim_ex.c **** 
1459:Drivers/STM32G0xx_HAL_Driver/Src/stm32g0xx_hal_tim_ex.c ****     /* Enable the Main Output */
1460:Drivers/STM32G0xx_HAL_Driver/Src/stm32g0xx_hal_tim_ex.c ****     __HAL_TIM_MOE_ENABLE(htim);
1461:Drivers/STM32G0xx_HAL_Driver/Src/stm32g0xx_hal_tim_ex.c **** 
1462:Drivers/STM32G0xx_HAL_Driver/Src/stm32g0xx_hal_tim_ex.c ****     /* Enable the Peripheral, except in trigger mode where enable is automatically done with trigge
1463:Drivers/STM32G0xx_HAL_Driver/Src/stm32g0xx_hal_tim_ex.c ****     if (IS_TIM_SLAVE_INSTANCE(htim->Instance))
1464:Drivers/STM32G0xx_HAL_Driver/Src/stm32g0xx_hal_tim_ex.c ****     {
1465:Drivers/STM32G0xx_HAL_Driver/Src/stm32g0xx_hal_tim_ex.c ****       tmpsmcr = htim->Instance->SMCR & TIM_SMCR_SMS;
1466:Drivers/STM32G0xx_HAL_Driver/Src/stm32g0xx_hal_tim_ex.c ****       if (!IS_TIM_SLAVEMODE_TRIGGER_ENABLED(tmpsmcr))
1467:Drivers/STM32G0xx_HAL_Driver/Src/stm32g0xx_hal_tim_ex.c ****       {
1468:Drivers/STM32G0xx_HAL_Driver/Src/stm32g0xx_hal_tim_ex.c ****         __HAL_TIM_ENABLE(htim);
1469:Drivers/STM32G0xx_HAL_Driver/Src/stm32g0xx_hal_tim_ex.c ****       }
1470:Drivers/STM32G0xx_HAL_Driver/Src/stm32g0xx_hal_tim_ex.c ****     }
1471:Drivers/STM32G0xx_HAL_Driver/Src/stm32g0xx_hal_tim_ex.c ****     else
1472:Drivers/STM32G0xx_HAL_Driver/Src/stm32g0xx_hal_tim_ex.c ****     {
1473:Drivers/STM32G0xx_HAL_Driver/Src/stm32g0xx_hal_tim_ex.c ****       __HAL_TIM_ENABLE(htim);
1474:Drivers/STM32G0xx_HAL_Driver/Src/stm32g0xx_hal_tim_ex.c ****     }
1475:Drivers/STM32G0xx_HAL_Driver/Src/stm32g0xx_hal_tim_ex.c ****   }
1476:Drivers/STM32G0xx_HAL_Driver/Src/stm32g0xx_hal_tim_ex.c **** 
1477:Drivers/STM32G0xx_HAL_Driver/Src/stm32g0xx_hal_tim_ex.c ****   /* Return function status */
1478:Drivers/STM32G0xx_HAL_Driver/Src/stm32g0xx_hal_tim_ex.c ****   return status;
1479:Drivers/STM32G0xx_HAL_Driver/Src/stm32g0xx_hal_tim_ex.c **** }
1480:Drivers/STM32G0xx_HAL_Driver/Src/stm32g0xx_hal_tim_ex.c **** 
1481:Drivers/STM32G0xx_HAL_Driver/Src/stm32g0xx_hal_tim_ex.c **** /**
1482:Drivers/STM32G0xx_HAL_Driver/Src/stm32g0xx_hal_tim_ex.c ****   * @brief  Stops the TIM PWM signal generation in DMA mode on the complementary
1483:Drivers/STM32G0xx_HAL_Driver/Src/stm32g0xx_hal_tim_ex.c ****   *         output
1484:Drivers/STM32G0xx_HAL_Driver/Src/stm32g0xx_hal_tim_ex.c ****   * @param  htim TIM handle
1485:Drivers/STM32G0xx_HAL_Driver/Src/stm32g0xx_hal_tim_ex.c ****   * @param  Channel TIM Channel to be disabled
1486:Drivers/STM32G0xx_HAL_Driver/Src/stm32g0xx_hal_tim_ex.c ****   *          This parameter can be one of the following values:
1487:Drivers/STM32G0xx_HAL_Driver/Src/stm32g0xx_hal_tim_ex.c ****   *            @arg TIM_CHANNEL_1: TIM Channel 1 selected
1488:Drivers/STM32G0xx_HAL_Driver/Src/stm32g0xx_hal_tim_ex.c ****   *            @arg TIM_CHANNEL_2: TIM Channel 2 selected
1489:Drivers/STM32G0xx_HAL_Driver/Src/stm32g0xx_hal_tim_ex.c ****   *            @arg TIM_CHANNEL_3: TIM Channel 3 selected
1490:Drivers/STM32G0xx_HAL_Driver/Src/stm32g0xx_hal_tim_ex.c ****   * @retval HAL status
1491:Drivers/STM32G0xx_HAL_Driver/Src/stm32g0xx_hal_tim_ex.c ****   */
1492:Drivers/STM32G0xx_HAL_Driver/Src/stm32g0xx_hal_tim_ex.c **** HAL_StatusTypeDef HAL_TIMEx_PWMN_Stop_DMA(TIM_HandleTypeDef *htim, uint32_t Channel)
1493:Drivers/STM32G0xx_HAL_Driver/Src/stm32g0xx_hal_tim_ex.c **** {
1494:Drivers/STM32G0xx_HAL_Driver/Src/stm32g0xx_hal_tim_ex.c ****   HAL_StatusTypeDef status = HAL_OK;
1495:Drivers/STM32G0xx_HAL_Driver/Src/stm32g0xx_hal_tim_ex.c **** 
1496:Drivers/STM32G0xx_HAL_Driver/Src/stm32g0xx_hal_tim_ex.c ****   /* Check the parameters */
1497:Drivers/STM32G0xx_HAL_Driver/Src/stm32g0xx_hal_tim_ex.c ****   assert_param(IS_TIM_CCXN_INSTANCE(htim->Instance, Channel));
1498:Drivers/STM32G0xx_HAL_Driver/Src/stm32g0xx_hal_tim_ex.c **** 
1499:Drivers/STM32G0xx_HAL_Driver/Src/stm32g0xx_hal_tim_ex.c ****   switch (Channel)
1500:Drivers/STM32G0xx_HAL_Driver/Src/stm32g0xx_hal_tim_ex.c ****   {
1501:Drivers/STM32G0xx_HAL_Driver/Src/stm32g0xx_hal_tim_ex.c ****     case TIM_CHANNEL_1:
1502:Drivers/STM32G0xx_HAL_Driver/Src/stm32g0xx_hal_tim_ex.c ****     {
1503:Drivers/STM32G0xx_HAL_Driver/Src/stm32g0xx_hal_tim_ex.c ****       /* Disable the TIM Capture/Compare 1 DMA request */
1504:Drivers/STM32G0xx_HAL_Driver/Src/stm32g0xx_hal_tim_ex.c ****       __HAL_TIM_DISABLE_DMA(htim, TIM_DMA_CC1);
1505:Drivers/STM32G0xx_HAL_Driver/Src/stm32g0xx_hal_tim_ex.c ****       (void)HAL_DMA_Abort_IT(htim->hdma[TIM_DMA_ID_CC1]);
1506:Drivers/STM32G0xx_HAL_Driver/Src/stm32g0xx_hal_tim_ex.c ****       break;
1507:Drivers/STM32G0xx_HAL_Driver/Src/stm32g0xx_hal_tim_ex.c ****     }
1508:Drivers/STM32G0xx_HAL_Driver/Src/stm32g0xx_hal_tim_ex.c **** 
1509:Drivers/STM32G0xx_HAL_Driver/Src/stm32g0xx_hal_tim_ex.c ****     case TIM_CHANNEL_2:
1510:Drivers/STM32G0xx_HAL_Driver/Src/stm32g0xx_hal_tim_ex.c ****     {
1511:Drivers/STM32G0xx_HAL_Driver/Src/stm32g0xx_hal_tim_ex.c ****       /* Disable the TIM Capture/Compare 2 DMA request */
1512:Drivers/STM32G0xx_HAL_Driver/Src/stm32g0xx_hal_tim_ex.c ****       __HAL_TIM_DISABLE_DMA(htim, TIM_DMA_CC2);
1513:Drivers/STM32G0xx_HAL_Driver/Src/stm32g0xx_hal_tim_ex.c ****       (void)HAL_DMA_Abort_IT(htim->hdma[TIM_DMA_ID_CC2]);
1514:Drivers/STM32G0xx_HAL_Driver/Src/stm32g0xx_hal_tim_ex.c ****       break;
ARM GAS  C:\Users\sante\AppData\Local\Temp\cc9r4gT1.s 			page 28


1515:Drivers/STM32G0xx_HAL_Driver/Src/stm32g0xx_hal_tim_ex.c ****     }
1516:Drivers/STM32G0xx_HAL_Driver/Src/stm32g0xx_hal_tim_ex.c **** 
1517:Drivers/STM32G0xx_HAL_Driver/Src/stm32g0xx_hal_tim_ex.c ****     case TIM_CHANNEL_3:
1518:Drivers/STM32G0xx_HAL_Driver/Src/stm32g0xx_hal_tim_ex.c ****     {
1519:Drivers/STM32G0xx_HAL_Driver/Src/stm32g0xx_hal_tim_ex.c ****       /* Disable the TIM Capture/Compare 3 DMA request */
1520:Drivers/STM32G0xx_HAL_Driver/Src/stm32g0xx_hal_tim_ex.c ****       __HAL_TIM_DISABLE_DMA(htim, TIM_DMA_CC3);
1521:Drivers/STM32G0xx_HAL_Driver/Src/stm32g0xx_hal_tim_ex.c ****       (void)HAL_DMA_Abort_IT(htim->hdma[TIM_DMA_ID_CC3]);
1522:Drivers/STM32G0xx_HAL_Driver/Src/stm32g0xx_hal_tim_ex.c ****       break;
1523:Drivers/STM32G0xx_HAL_Driver/Src/stm32g0xx_hal_tim_ex.c ****     }
1524:Drivers/STM32G0xx_HAL_Driver/Src/stm32g0xx_hal_tim_ex.c **** 
1525:Drivers/STM32G0xx_HAL_Driver/Src/stm32g0xx_hal_tim_ex.c ****     default:
1526:Drivers/STM32G0xx_HAL_Driver/Src/stm32g0xx_hal_tim_ex.c ****       status = HAL_ERROR;
1527:Drivers/STM32G0xx_HAL_Driver/Src/stm32g0xx_hal_tim_ex.c ****       break;
1528:Drivers/STM32G0xx_HAL_Driver/Src/stm32g0xx_hal_tim_ex.c ****   }
1529:Drivers/STM32G0xx_HAL_Driver/Src/stm32g0xx_hal_tim_ex.c **** 
1530:Drivers/STM32G0xx_HAL_Driver/Src/stm32g0xx_hal_tim_ex.c ****   if (status == HAL_OK)
1531:Drivers/STM32G0xx_HAL_Driver/Src/stm32g0xx_hal_tim_ex.c ****   {
1532:Drivers/STM32G0xx_HAL_Driver/Src/stm32g0xx_hal_tim_ex.c ****     /* Disable the complementary PWM output */
1533:Drivers/STM32G0xx_HAL_Driver/Src/stm32g0xx_hal_tim_ex.c ****     TIM_CCxNChannelCmd(htim->Instance, Channel, TIM_CCxN_DISABLE);
1534:Drivers/STM32G0xx_HAL_Driver/Src/stm32g0xx_hal_tim_ex.c **** 
1535:Drivers/STM32G0xx_HAL_Driver/Src/stm32g0xx_hal_tim_ex.c ****     /* Disable the Main Output */
1536:Drivers/STM32G0xx_HAL_Driver/Src/stm32g0xx_hal_tim_ex.c ****     __HAL_TIM_MOE_DISABLE(htim);
1537:Drivers/STM32G0xx_HAL_Driver/Src/stm32g0xx_hal_tim_ex.c **** 
1538:Drivers/STM32G0xx_HAL_Driver/Src/stm32g0xx_hal_tim_ex.c ****     /* Disable the Peripheral */
1539:Drivers/STM32G0xx_HAL_Driver/Src/stm32g0xx_hal_tim_ex.c ****     __HAL_TIM_DISABLE(htim);
1540:Drivers/STM32G0xx_HAL_Driver/Src/stm32g0xx_hal_tim_ex.c **** 
1541:Drivers/STM32G0xx_HAL_Driver/Src/stm32g0xx_hal_tim_ex.c ****     /* Set the TIM complementary channel state */
1542:Drivers/STM32G0xx_HAL_Driver/Src/stm32g0xx_hal_tim_ex.c ****     TIM_CHANNEL_N_STATE_SET(htim, Channel, HAL_TIM_CHANNEL_STATE_READY);
1543:Drivers/STM32G0xx_HAL_Driver/Src/stm32g0xx_hal_tim_ex.c ****   }
1544:Drivers/STM32G0xx_HAL_Driver/Src/stm32g0xx_hal_tim_ex.c **** 
1545:Drivers/STM32G0xx_HAL_Driver/Src/stm32g0xx_hal_tim_ex.c ****   /* Return function status */
1546:Drivers/STM32G0xx_HAL_Driver/Src/stm32g0xx_hal_tim_ex.c ****   return status;
1547:Drivers/STM32G0xx_HAL_Driver/Src/stm32g0xx_hal_tim_ex.c **** }
1548:Drivers/STM32G0xx_HAL_Driver/Src/stm32g0xx_hal_tim_ex.c **** 
1549:Drivers/STM32G0xx_HAL_Driver/Src/stm32g0xx_hal_tim_ex.c **** /**
1550:Drivers/STM32G0xx_HAL_Driver/Src/stm32g0xx_hal_tim_ex.c ****   * @}
1551:Drivers/STM32G0xx_HAL_Driver/Src/stm32g0xx_hal_tim_ex.c ****   */
1552:Drivers/STM32G0xx_HAL_Driver/Src/stm32g0xx_hal_tim_ex.c **** 
1553:Drivers/STM32G0xx_HAL_Driver/Src/stm32g0xx_hal_tim_ex.c **** /** @defgroup TIMEx_Exported_Functions_Group4 Extended Timer Complementary One Pulse functions
1554:Drivers/STM32G0xx_HAL_Driver/Src/stm32g0xx_hal_tim_ex.c ****   * @brief    Timer Complementary One Pulse functions
1555:Drivers/STM32G0xx_HAL_Driver/Src/stm32g0xx_hal_tim_ex.c ****   *
1556:Drivers/STM32G0xx_HAL_Driver/Src/stm32g0xx_hal_tim_ex.c **** @verbatim
1557:Drivers/STM32G0xx_HAL_Driver/Src/stm32g0xx_hal_tim_ex.c ****   ==============================================================================
1558:Drivers/STM32G0xx_HAL_Driver/Src/stm32g0xx_hal_tim_ex.c ****                 ##### Timer Complementary One Pulse functions #####
1559:Drivers/STM32G0xx_HAL_Driver/Src/stm32g0xx_hal_tim_ex.c ****   ==============================================================================
1560:Drivers/STM32G0xx_HAL_Driver/Src/stm32g0xx_hal_tim_ex.c ****   [..]
1561:Drivers/STM32G0xx_HAL_Driver/Src/stm32g0xx_hal_tim_ex.c ****     This section provides functions allowing to:
1562:Drivers/STM32G0xx_HAL_Driver/Src/stm32g0xx_hal_tim_ex.c ****     (+) Start the Complementary One Pulse generation.
1563:Drivers/STM32G0xx_HAL_Driver/Src/stm32g0xx_hal_tim_ex.c ****     (+) Stop the Complementary One Pulse.
1564:Drivers/STM32G0xx_HAL_Driver/Src/stm32g0xx_hal_tim_ex.c ****     (+) Start the Complementary One Pulse and enable interrupts.
1565:Drivers/STM32G0xx_HAL_Driver/Src/stm32g0xx_hal_tim_ex.c ****     (+) Stop the Complementary One Pulse and disable interrupts.
1566:Drivers/STM32G0xx_HAL_Driver/Src/stm32g0xx_hal_tim_ex.c **** 
1567:Drivers/STM32G0xx_HAL_Driver/Src/stm32g0xx_hal_tim_ex.c **** @endverbatim
1568:Drivers/STM32G0xx_HAL_Driver/Src/stm32g0xx_hal_tim_ex.c ****   * @{
1569:Drivers/STM32G0xx_HAL_Driver/Src/stm32g0xx_hal_tim_ex.c ****   */
1570:Drivers/STM32G0xx_HAL_Driver/Src/stm32g0xx_hal_tim_ex.c **** 
1571:Drivers/STM32G0xx_HAL_Driver/Src/stm32g0xx_hal_tim_ex.c **** /**
ARM GAS  C:\Users\sante\AppData\Local\Temp\cc9r4gT1.s 			page 29


1572:Drivers/STM32G0xx_HAL_Driver/Src/stm32g0xx_hal_tim_ex.c ****   * @brief  Starts the TIM One Pulse signal generation on the complementary
1573:Drivers/STM32G0xx_HAL_Driver/Src/stm32g0xx_hal_tim_ex.c ****   *         output.
1574:Drivers/STM32G0xx_HAL_Driver/Src/stm32g0xx_hal_tim_ex.c ****   * @note OutputChannel must match the pulse output channel chosen when calling
1575:Drivers/STM32G0xx_HAL_Driver/Src/stm32g0xx_hal_tim_ex.c ****   *       @ref HAL_TIM_OnePulse_ConfigChannel().
1576:Drivers/STM32G0xx_HAL_Driver/Src/stm32g0xx_hal_tim_ex.c ****   * @param  htim TIM One Pulse handle
1577:Drivers/STM32G0xx_HAL_Driver/Src/stm32g0xx_hal_tim_ex.c ****   * @param  OutputChannel pulse output channel to enable
1578:Drivers/STM32G0xx_HAL_Driver/Src/stm32g0xx_hal_tim_ex.c ****   *          This parameter can be one of the following values:
1579:Drivers/STM32G0xx_HAL_Driver/Src/stm32g0xx_hal_tim_ex.c ****   *            @arg TIM_CHANNEL_1: TIM Channel 1 selected
1580:Drivers/STM32G0xx_HAL_Driver/Src/stm32g0xx_hal_tim_ex.c ****   *            @arg TIM_CHANNEL_2: TIM Channel 2 selected
1581:Drivers/STM32G0xx_HAL_Driver/Src/stm32g0xx_hal_tim_ex.c ****   * @retval HAL status
1582:Drivers/STM32G0xx_HAL_Driver/Src/stm32g0xx_hal_tim_ex.c ****   */
1583:Drivers/STM32G0xx_HAL_Driver/Src/stm32g0xx_hal_tim_ex.c **** HAL_StatusTypeDef HAL_TIMEx_OnePulseN_Start(TIM_HandleTypeDef *htim, uint32_t OutputChannel)
1584:Drivers/STM32G0xx_HAL_Driver/Src/stm32g0xx_hal_tim_ex.c **** {
1585:Drivers/STM32G0xx_HAL_Driver/Src/stm32g0xx_hal_tim_ex.c ****   uint32_t input_channel = (OutputChannel == TIM_CHANNEL_1) ? TIM_CHANNEL_2 : TIM_CHANNEL_1;
1586:Drivers/STM32G0xx_HAL_Driver/Src/stm32g0xx_hal_tim_ex.c ****   HAL_TIM_ChannelStateTypeDef channel_1_state = TIM_CHANNEL_STATE_GET(htim, TIM_CHANNEL_1);
1587:Drivers/STM32G0xx_HAL_Driver/Src/stm32g0xx_hal_tim_ex.c ****   HAL_TIM_ChannelStateTypeDef channel_2_state = TIM_CHANNEL_STATE_GET(htim, TIM_CHANNEL_2);
1588:Drivers/STM32G0xx_HAL_Driver/Src/stm32g0xx_hal_tim_ex.c ****   HAL_TIM_ChannelStateTypeDef complementary_channel_1_state = TIM_CHANNEL_N_STATE_GET(htim, TIM_CHA
1589:Drivers/STM32G0xx_HAL_Driver/Src/stm32g0xx_hal_tim_ex.c ****   HAL_TIM_ChannelStateTypeDef complementary_channel_2_state = TIM_CHANNEL_N_STATE_GET(htim, TIM_CHA
1590:Drivers/STM32G0xx_HAL_Driver/Src/stm32g0xx_hal_tim_ex.c **** 
1591:Drivers/STM32G0xx_HAL_Driver/Src/stm32g0xx_hal_tim_ex.c ****   /* Check the parameters */
1592:Drivers/STM32G0xx_HAL_Driver/Src/stm32g0xx_hal_tim_ex.c ****   assert_param(IS_TIM_CCXN_INSTANCE(htim->Instance, OutputChannel));
1593:Drivers/STM32G0xx_HAL_Driver/Src/stm32g0xx_hal_tim_ex.c **** 
1594:Drivers/STM32G0xx_HAL_Driver/Src/stm32g0xx_hal_tim_ex.c ****   /* Check the TIM channels state */
1595:Drivers/STM32G0xx_HAL_Driver/Src/stm32g0xx_hal_tim_ex.c ****   if ((channel_1_state != HAL_TIM_CHANNEL_STATE_READY)
1596:Drivers/STM32G0xx_HAL_Driver/Src/stm32g0xx_hal_tim_ex.c ****       || (channel_2_state != HAL_TIM_CHANNEL_STATE_READY)
1597:Drivers/STM32G0xx_HAL_Driver/Src/stm32g0xx_hal_tim_ex.c ****       || (complementary_channel_1_state != HAL_TIM_CHANNEL_STATE_READY)
1598:Drivers/STM32G0xx_HAL_Driver/Src/stm32g0xx_hal_tim_ex.c ****       || (complementary_channel_2_state != HAL_TIM_CHANNEL_STATE_READY))
1599:Drivers/STM32G0xx_HAL_Driver/Src/stm32g0xx_hal_tim_ex.c ****   {
1600:Drivers/STM32G0xx_HAL_Driver/Src/stm32g0xx_hal_tim_ex.c ****     return HAL_ERROR;
1601:Drivers/STM32G0xx_HAL_Driver/Src/stm32g0xx_hal_tim_ex.c ****   }
1602:Drivers/STM32G0xx_HAL_Driver/Src/stm32g0xx_hal_tim_ex.c **** 
1603:Drivers/STM32G0xx_HAL_Driver/Src/stm32g0xx_hal_tim_ex.c ****   /* Set the TIM channels state */
1604:Drivers/STM32G0xx_HAL_Driver/Src/stm32g0xx_hal_tim_ex.c ****   TIM_CHANNEL_STATE_SET(htim, TIM_CHANNEL_1, HAL_TIM_CHANNEL_STATE_BUSY);
1605:Drivers/STM32G0xx_HAL_Driver/Src/stm32g0xx_hal_tim_ex.c ****   TIM_CHANNEL_STATE_SET(htim, TIM_CHANNEL_2, HAL_TIM_CHANNEL_STATE_BUSY);
1606:Drivers/STM32G0xx_HAL_Driver/Src/stm32g0xx_hal_tim_ex.c ****   TIM_CHANNEL_N_STATE_SET(htim, TIM_CHANNEL_1, HAL_TIM_CHANNEL_STATE_BUSY);
1607:Drivers/STM32G0xx_HAL_Driver/Src/stm32g0xx_hal_tim_ex.c ****   TIM_CHANNEL_N_STATE_SET(htim, TIM_CHANNEL_2, HAL_TIM_CHANNEL_STATE_BUSY);
1608:Drivers/STM32G0xx_HAL_Driver/Src/stm32g0xx_hal_tim_ex.c **** 
1609:Drivers/STM32G0xx_HAL_Driver/Src/stm32g0xx_hal_tim_ex.c ****   /* Enable the complementary One Pulse output channel and the Input Capture channel */
1610:Drivers/STM32G0xx_HAL_Driver/Src/stm32g0xx_hal_tim_ex.c ****   TIM_CCxNChannelCmd(htim->Instance, OutputChannel, TIM_CCxN_ENABLE);
1611:Drivers/STM32G0xx_HAL_Driver/Src/stm32g0xx_hal_tim_ex.c ****   TIM_CCxChannelCmd(htim->Instance, input_channel, TIM_CCx_ENABLE);
1612:Drivers/STM32G0xx_HAL_Driver/Src/stm32g0xx_hal_tim_ex.c **** 
1613:Drivers/STM32G0xx_HAL_Driver/Src/stm32g0xx_hal_tim_ex.c ****   /* Enable the Main Output */
1614:Drivers/STM32G0xx_HAL_Driver/Src/stm32g0xx_hal_tim_ex.c ****   __HAL_TIM_MOE_ENABLE(htim);
1615:Drivers/STM32G0xx_HAL_Driver/Src/stm32g0xx_hal_tim_ex.c **** 
1616:Drivers/STM32G0xx_HAL_Driver/Src/stm32g0xx_hal_tim_ex.c ****   /* Return function status */
1617:Drivers/STM32G0xx_HAL_Driver/Src/stm32g0xx_hal_tim_ex.c ****   return HAL_OK;
1618:Drivers/STM32G0xx_HAL_Driver/Src/stm32g0xx_hal_tim_ex.c **** }
1619:Drivers/STM32G0xx_HAL_Driver/Src/stm32g0xx_hal_tim_ex.c **** 
1620:Drivers/STM32G0xx_HAL_Driver/Src/stm32g0xx_hal_tim_ex.c **** /**
1621:Drivers/STM32G0xx_HAL_Driver/Src/stm32g0xx_hal_tim_ex.c ****   * @brief  Stops the TIM One Pulse signal generation on the complementary
1622:Drivers/STM32G0xx_HAL_Driver/Src/stm32g0xx_hal_tim_ex.c ****   *         output.
1623:Drivers/STM32G0xx_HAL_Driver/Src/stm32g0xx_hal_tim_ex.c ****   * @note OutputChannel must match the pulse output channel chosen when calling
1624:Drivers/STM32G0xx_HAL_Driver/Src/stm32g0xx_hal_tim_ex.c ****   *       @ref HAL_TIM_OnePulse_ConfigChannel().
1625:Drivers/STM32G0xx_HAL_Driver/Src/stm32g0xx_hal_tim_ex.c ****   * @param  htim TIM One Pulse handle
1626:Drivers/STM32G0xx_HAL_Driver/Src/stm32g0xx_hal_tim_ex.c ****   * @param  OutputChannel pulse output channel to disable
1627:Drivers/STM32G0xx_HAL_Driver/Src/stm32g0xx_hal_tim_ex.c ****   *          This parameter can be one of the following values:
1628:Drivers/STM32G0xx_HAL_Driver/Src/stm32g0xx_hal_tim_ex.c ****   *            @arg TIM_CHANNEL_1: TIM Channel 1 selected
ARM GAS  C:\Users\sante\AppData\Local\Temp\cc9r4gT1.s 			page 30


1629:Drivers/STM32G0xx_HAL_Driver/Src/stm32g0xx_hal_tim_ex.c ****   *            @arg TIM_CHANNEL_2: TIM Channel 2 selected
1630:Drivers/STM32G0xx_HAL_Driver/Src/stm32g0xx_hal_tim_ex.c ****   * @retval HAL status
1631:Drivers/STM32G0xx_HAL_Driver/Src/stm32g0xx_hal_tim_ex.c ****   */
1632:Drivers/STM32G0xx_HAL_Driver/Src/stm32g0xx_hal_tim_ex.c **** HAL_StatusTypeDef HAL_TIMEx_OnePulseN_Stop(TIM_HandleTypeDef *htim, uint32_t OutputChannel)
1633:Drivers/STM32G0xx_HAL_Driver/Src/stm32g0xx_hal_tim_ex.c **** {
1634:Drivers/STM32G0xx_HAL_Driver/Src/stm32g0xx_hal_tim_ex.c ****   uint32_t input_channel = (OutputChannel == TIM_CHANNEL_1) ? TIM_CHANNEL_2 : TIM_CHANNEL_1;
1635:Drivers/STM32G0xx_HAL_Driver/Src/stm32g0xx_hal_tim_ex.c **** 
1636:Drivers/STM32G0xx_HAL_Driver/Src/stm32g0xx_hal_tim_ex.c ****   /* Check the parameters */
1637:Drivers/STM32G0xx_HAL_Driver/Src/stm32g0xx_hal_tim_ex.c ****   assert_param(IS_TIM_CCXN_INSTANCE(htim->Instance, OutputChannel));
1638:Drivers/STM32G0xx_HAL_Driver/Src/stm32g0xx_hal_tim_ex.c **** 
1639:Drivers/STM32G0xx_HAL_Driver/Src/stm32g0xx_hal_tim_ex.c ****   /* Disable the complementary One Pulse output channel and the Input Capture channel */
1640:Drivers/STM32G0xx_HAL_Driver/Src/stm32g0xx_hal_tim_ex.c ****   TIM_CCxNChannelCmd(htim->Instance, OutputChannel, TIM_CCxN_DISABLE);
1641:Drivers/STM32G0xx_HAL_Driver/Src/stm32g0xx_hal_tim_ex.c ****   TIM_CCxChannelCmd(htim->Instance, input_channel, TIM_CCx_DISABLE);
1642:Drivers/STM32G0xx_HAL_Driver/Src/stm32g0xx_hal_tim_ex.c **** 
1643:Drivers/STM32G0xx_HAL_Driver/Src/stm32g0xx_hal_tim_ex.c ****   /* Disable the Main Output */
1644:Drivers/STM32G0xx_HAL_Driver/Src/stm32g0xx_hal_tim_ex.c ****   __HAL_TIM_MOE_DISABLE(htim);
1645:Drivers/STM32G0xx_HAL_Driver/Src/stm32g0xx_hal_tim_ex.c **** 
1646:Drivers/STM32G0xx_HAL_Driver/Src/stm32g0xx_hal_tim_ex.c ****   /* Disable the Peripheral */
1647:Drivers/STM32G0xx_HAL_Driver/Src/stm32g0xx_hal_tim_ex.c ****   __HAL_TIM_DISABLE(htim);
1648:Drivers/STM32G0xx_HAL_Driver/Src/stm32g0xx_hal_tim_ex.c **** 
1649:Drivers/STM32G0xx_HAL_Driver/Src/stm32g0xx_hal_tim_ex.c ****   /* Set the TIM  channels state */
1650:Drivers/STM32G0xx_HAL_Driver/Src/stm32g0xx_hal_tim_ex.c ****   TIM_CHANNEL_STATE_SET(htim, TIM_CHANNEL_1, HAL_TIM_CHANNEL_STATE_READY);
1651:Drivers/STM32G0xx_HAL_Driver/Src/stm32g0xx_hal_tim_ex.c ****   TIM_CHANNEL_STATE_SET(htim, TIM_CHANNEL_2, HAL_TIM_CHANNEL_STATE_READY);
1652:Drivers/STM32G0xx_HAL_Driver/Src/stm32g0xx_hal_tim_ex.c ****   TIM_CHANNEL_N_STATE_SET(htim, TIM_CHANNEL_1, HAL_TIM_CHANNEL_STATE_READY);
1653:Drivers/STM32G0xx_HAL_Driver/Src/stm32g0xx_hal_tim_ex.c ****   TIM_CHANNEL_N_STATE_SET(htim, TIM_CHANNEL_2, HAL_TIM_CHANNEL_STATE_READY);
1654:Drivers/STM32G0xx_HAL_Driver/Src/stm32g0xx_hal_tim_ex.c **** 
1655:Drivers/STM32G0xx_HAL_Driver/Src/stm32g0xx_hal_tim_ex.c ****   /* Return function status */
1656:Drivers/STM32G0xx_HAL_Driver/Src/stm32g0xx_hal_tim_ex.c ****   return HAL_OK;
1657:Drivers/STM32G0xx_HAL_Driver/Src/stm32g0xx_hal_tim_ex.c **** }
1658:Drivers/STM32G0xx_HAL_Driver/Src/stm32g0xx_hal_tim_ex.c **** 
1659:Drivers/STM32G0xx_HAL_Driver/Src/stm32g0xx_hal_tim_ex.c **** /**
1660:Drivers/STM32G0xx_HAL_Driver/Src/stm32g0xx_hal_tim_ex.c ****   * @brief  Starts the TIM One Pulse signal generation in interrupt mode on the
1661:Drivers/STM32G0xx_HAL_Driver/Src/stm32g0xx_hal_tim_ex.c ****   *         complementary channel.
1662:Drivers/STM32G0xx_HAL_Driver/Src/stm32g0xx_hal_tim_ex.c ****   * @note OutputChannel must match the pulse output channel chosen when calling
1663:Drivers/STM32G0xx_HAL_Driver/Src/stm32g0xx_hal_tim_ex.c ****   *       @ref HAL_TIM_OnePulse_ConfigChannel().
1664:Drivers/STM32G0xx_HAL_Driver/Src/stm32g0xx_hal_tim_ex.c ****   * @param  htim TIM One Pulse handle
1665:Drivers/STM32G0xx_HAL_Driver/Src/stm32g0xx_hal_tim_ex.c ****   * @param  OutputChannel pulse output channel to enable
1666:Drivers/STM32G0xx_HAL_Driver/Src/stm32g0xx_hal_tim_ex.c ****   *          This parameter can be one of the following values:
1667:Drivers/STM32G0xx_HAL_Driver/Src/stm32g0xx_hal_tim_ex.c ****   *            @arg TIM_CHANNEL_1: TIM Channel 1 selected
1668:Drivers/STM32G0xx_HAL_Driver/Src/stm32g0xx_hal_tim_ex.c ****   *            @arg TIM_CHANNEL_2: TIM Channel 2 selected
1669:Drivers/STM32G0xx_HAL_Driver/Src/stm32g0xx_hal_tim_ex.c ****   * @retval HAL status
1670:Drivers/STM32G0xx_HAL_Driver/Src/stm32g0xx_hal_tim_ex.c ****   */
1671:Drivers/STM32G0xx_HAL_Driver/Src/stm32g0xx_hal_tim_ex.c **** HAL_StatusTypeDef HAL_TIMEx_OnePulseN_Start_IT(TIM_HandleTypeDef *htim, uint32_t OutputChannel)
1672:Drivers/STM32G0xx_HAL_Driver/Src/stm32g0xx_hal_tim_ex.c **** {
1673:Drivers/STM32G0xx_HAL_Driver/Src/stm32g0xx_hal_tim_ex.c ****   uint32_t input_channel = (OutputChannel == TIM_CHANNEL_1) ? TIM_CHANNEL_2 : TIM_CHANNEL_1;
1674:Drivers/STM32G0xx_HAL_Driver/Src/stm32g0xx_hal_tim_ex.c ****   HAL_TIM_ChannelStateTypeDef channel_1_state = TIM_CHANNEL_STATE_GET(htim, TIM_CHANNEL_1);
1675:Drivers/STM32G0xx_HAL_Driver/Src/stm32g0xx_hal_tim_ex.c ****   HAL_TIM_ChannelStateTypeDef channel_2_state = TIM_CHANNEL_STATE_GET(htim, TIM_CHANNEL_2);
1676:Drivers/STM32G0xx_HAL_Driver/Src/stm32g0xx_hal_tim_ex.c ****   HAL_TIM_ChannelStateTypeDef complementary_channel_1_state = TIM_CHANNEL_N_STATE_GET(htim, TIM_CHA
1677:Drivers/STM32G0xx_HAL_Driver/Src/stm32g0xx_hal_tim_ex.c ****   HAL_TIM_ChannelStateTypeDef complementary_channel_2_state = TIM_CHANNEL_N_STATE_GET(htim, TIM_CHA
1678:Drivers/STM32G0xx_HAL_Driver/Src/stm32g0xx_hal_tim_ex.c **** 
1679:Drivers/STM32G0xx_HAL_Driver/Src/stm32g0xx_hal_tim_ex.c ****   /* Check the parameters */
1680:Drivers/STM32G0xx_HAL_Driver/Src/stm32g0xx_hal_tim_ex.c ****   assert_param(IS_TIM_CCXN_INSTANCE(htim->Instance, OutputChannel));
1681:Drivers/STM32G0xx_HAL_Driver/Src/stm32g0xx_hal_tim_ex.c **** 
1682:Drivers/STM32G0xx_HAL_Driver/Src/stm32g0xx_hal_tim_ex.c ****   /* Check the TIM channels state */
1683:Drivers/STM32G0xx_HAL_Driver/Src/stm32g0xx_hal_tim_ex.c ****   if ((channel_1_state != HAL_TIM_CHANNEL_STATE_READY)
1684:Drivers/STM32G0xx_HAL_Driver/Src/stm32g0xx_hal_tim_ex.c ****       || (channel_2_state != HAL_TIM_CHANNEL_STATE_READY)
1685:Drivers/STM32G0xx_HAL_Driver/Src/stm32g0xx_hal_tim_ex.c ****       || (complementary_channel_1_state != HAL_TIM_CHANNEL_STATE_READY)
ARM GAS  C:\Users\sante\AppData\Local\Temp\cc9r4gT1.s 			page 31


1686:Drivers/STM32G0xx_HAL_Driver/Src/stm32g0xx_hal_tim_ex.c ****       || (complementary_channel_2_state != HAL_TIM_CHANNEL_STATE_READY))
1687:Drivers/STM32G0xx_HAL_Driver/Src/stm32g0xx_hal_tim_ex.c ****   {
1688:Drivers/STM32G0xx_HAL_Driver/Src/stm32g0xx_hal_tim_ex.c ****     return HAL_ERROR;
1689:Drivers/STM32G0xx_HAL_Driver/Src/stm32g0xx_hal_tim_ex.c ****   }
1690:Drivers/STM32G0xx_HAL_Driver/Src/stm32g0xx_hal_tim_ex.c **** 
1691:Drivers/STM32G0xx_HAL_Driver/Src/stm32g0xx_hal_tim_ex.c ****   /* Set the TIM channels state */
1692:Drivers/STM32G0xx_HAL_Driver/Src/stm32g0xx_hal_tim_ex.c ****   TIM_CHANNEL_STATE_SET(htim, TIM_CHANNEL_1, HAL_TIM_CHANNEL_STATE_BUSY);
1693:Drivers/STM32G0xx_HAL_Driver/Src/stm32g0xx_hal_tim_ex.c ****   TIM_CHANNEL_STATE_SET(htim, TIM_CHANNEL_2, HAL_TIM_CHANNEL_STATE_BUSY);
1694:Drivers/STM32G0xx_HAL_Driver/Src/stm32g0xx_hal_tim_ex.c ****   TIM_CHANNEL_N_STATE_SET(htim, TIM_CHANNEL_1, HAL_TIM_CHANNEL_STATE_BUSY);
1695:Drivers/STM32G0xx_HAL_Driver/Src/stm32g0xx_hal_tim_ex.c ****   TIM_CHANNEL_N_STATE_SET(htim, TIM_CHANNEL_2, HAL_TIM_CHANNEL_STATE_BUSY);
1696:Drivers/STM32G0xx_HAL_Driver/Src/stm32g0xx_hal_tim_ex.c **** 
1697:Drivers/STM32G0xx_HAL_Driver/Src/stm32g0xx_hal_tim_ex.c ****   /* Enable the TIM Capture/Compare 1 interrupt */
1698:Drivers/STM32G0xx_HAL_Driver/Src/stm32g0xx_hal_tim_ex.c ****   __HAL_TIM_ENABLE_IT(htim, TIM_IT_CC1);
1699:Drivers/STM32G0xx_HAL_Driver/Src/stm32g0xx_hal_tim_ex.c **** 
1700:Drivers/STM32G0xx_HAL_Driver/Src/stm32g0xx_hal_tim_ex.c ****   /* Enable the TIM Capture/Compare 2 interrupt */
1701:Drivers/STM32G0xx_HAL_Driver/Src/stm32g0xx_hal_tim_ex.c ****   __HAL_TIM_ENABLE_IT(htim, TIM_IT_CC2);
1702:Drivers/STM32G0xx_HAL_Driver/Src/stm32g0xx_hal_tim_ex.c **** 
1703:Drivers/STM32G0xx_HAL_Driver/Src/stm32g0xx_hal_tim_ex.c ****   /* Enable the complementary One Pulse output channel and the Input Capture channel */
1704:Drivers/STM32G0xx_HAL_Driver/Src/stm32g0xx_hal_tim_ex.c ****   TIM_CCxNChannelCmd(htim->Instance, OutputChannel, TIM_CCxN_ENABLE);
1705:Drivers/STM32G0xx_HAL_Driver/Src/stm32g0xx_hal_tim_ex.c ****   TIM_CCxChannelCmd(htim->Instance, input_channel, TIM_CCx_ENABLE);
1706:Drivers/STM32G0xx_HAL_Driver/Src/stm32g0xx_hal_tim_ex.c **** 
1707:Drivers/STM32G0xx_HAL_Driver/Src/stm32g0xx_hal_tim_ex.c ****   /* Enable the Main Output */
1708:Drivers/STM32G0xx_HAL_Driver/Src/stm32g0xx_hal_tim_ex.c ****   __HAL_TIM_MOE_ENABLE(htim);
1709:Drivers/STM32G0xx_HAL_Driver/Src/stm32g0xx_hal_tim_ex.c **** 
1710:Drivers/STM32G0xx_HAL_Driver/Src/stm32g0xx_hal_tim_ex.c ****   /* Return function status */
1711:Drivers/STM32G0xx_HAL_Driver/Src/stm32g0xx_hal_tim_ex.c ****   return HAL_OK;
1712:Drivers/STM32G0xx_HAL_Driver/Src/stm32g0xx_hal_tim_ex.c **** }
1713:Drivers/STM32G0xx_HAL_Driver/Src/stm32g0xx_hal_tim_ex.c **** 
1714:Drivers/STM32G0xx_HAL_Driver/Src/stm32g0xx_hal_tim_ex.c **** /**
1715:Drivers/STM32G0xx_HAL_Driver/Src/stm32g0xx_hal_tim_ex.c ****   * @brief  Stops the TIM One Pulse signal generation in interrupt mode on the
1716:Drivers/STM32G0xx_HAL_Driver/Src/stm32g0xx_hal_tim_ex.c ****   *         complementary channel.
1717:Drivers/STM32G0xx_HAL_Driver/Src/stm32g0xx_hal_tim_ex.c ****   * @note OutputChannel must match the pulse output channel chosen when calling
1718:Drivers/STM32G0xx_HAL_Driver/Src/stm32g0xx_hal_tim_ex.c ****   *       @ref HAL_TIM_OnePulse_ConfigChannel().
1719:Drivers/STM32G0xx_HAL_Driver/Src/stm32g0xx_hal_tim_ex.c ****   * @param  htim TIM One Pulse handle
1720:Drivers/STM32G0xx_HAL_Driver/Src/stm32g0xx_hal_tim_ex.c ****   * @param  OutputChannel pulse output channel to disable
1721:Drivers/STM32G0xx_HAL_Driver/Src/stm32g0xx_hal_tim_ex.c ****   *          This parameter can be one of the following values:
1722:Drivers/STM32G0xx_HAL_Driver/Src/stm32g0xx_hal_tim_ex.c ****   *            @arg TIM_CHANNEL_1: TIM Channel 1 selected
1723:Drivers/STM32G0xx_HAL_Driver/Src/stm32g0xx_hal_tim_ex.c ****   *            @arg TIM_CHANNEL_2: TIM Channel 2 selected
1724:Drivers/STM32G0xx_HAL_Driver/Src/stm32g0xx_hal_tim_ex.c ****   * @retval HAL status
1725:Drivers/STM32G0xx_HAL_Driver/Src/stm32g0xx_hal_tim_ex.c ****   */
1726:Drivers/STM32G0xx_HAL_Driver/Src/stm32g0xx_hal_tim_ex.c **** HAL_StatusTypeDef HAL_TIMEx_OnePulseN_Stop_IT(TIM_HandleTypeDef *htim, uint32_t OutputChannel)
1727:Drivers/STM32G0xx_HAL_Driver/Src/stm32g0xx_hal_tim_ex.c **** {
1728:Drivers/STM32G0xx_HAL_Driver/Src/stm32g0xx_hal_tim_ex.c ****   uint32_t input_channel = (OutputChannel == TIM_CHANNEL_1) ? TIM_CHANNEL_2 : TIM_CHANNEL_1;
1729:Drivers/STM32G0xx_HAL_Driver/Src/stm32g0xx_hal_tim_ex.c **** 
1730:Drivers/STM32G0xx_HAL_Driver/Src/stm32g0xx_hal_tim_ex.c ****   /* Check the parameters */
1731:Drivers/STM32G0xx_HAL_Driver/Src/stm32g0xx_hal_tim_ex.c ****   assert_param(IS_TIM_CCXN_INSTANCE(htim->Instance, OutputChannel));
1732:Drivers/STM32G0xx_HAL_Driver/Src/stm32g0xx_hal_tim_ex.c **** 
1733:Drivers/STM32G0xx_HAL_Driver/Src/stm32g0xx_hal_tim_ex.c ****   /* Disable the TIM Capture/Compare 1 interrupt */
1734:Drivers/STM32G0xx_HAL_Driver/Src/stm32g0xx_hal_tim_ex.c ****   __HAL_TIM_DISABLE_IT(htim, TIM_IT_CC1);
1735:Drivers/STM32G0xx_HAL_Driver/Src/stm32g0xx_hal_tim_ex.c **** 
1736:Drivers/STM32G0xx_HAL_Driver/Src/stm32g0xx_hal_tim_ex.c ****   /* Disable the TIM Capture/Compare 2 interrupt */
1737:Drivers/STM32G0xx_HAL_Driver/Src/stm32g0xx_hal_tim_ex.c ****   __HAL_TIM_DISABLE_IT(htim, TIM_IT_CC2);
1738:Drivers/STM32G0xx_HAL_Driver/Src/stm32g0xx_hal_tim_ex.c **** 
1739:Drivers/STM32G0xx_HAL_Driver/Src/stm32g0xx_hal_tim_ex.c ****   /* Disable the complementary One Pulse output channel and the Input Capture channel */
1740:Drivers/STM32G0xx_HAL_Driver/Src/stm32g0xx_hal_tim_ex.c ****   TIM_CCxNChannelCmd(htim->Instance, OutputChannel, TIM_CCxN_DISABLE);
1741:Drivers/STM32G0xx_HAL_Driver/Src/stm32g0xx_hal_tim_ex.c ****   TIM_CCxChannelCmd(htim->Instance, input_channel, TIM_CCx_DISABLE);
1742:Drivers/STM32G0xx_HAL_Driver/Src/stm32g0xx_hal_tim_ex.c **** 
ARM GAS  C:\Users\sante\AppData\Local\Temp\cc9r4gT1.s 			page 32


1743:Drivers/STM32G0xx_HAL_Driver/Src/stm32g0xx_hal_tim_ex.c ****   /* Disable the Main Output */
1744:Drivers/STM32G0xx_HAL_Driver/Src/stm32g0xx_hal_tim_ex.c ****   __HAL_TIM_MOE_DISABLE(htim);
1745:Drivers/STM32G0xx_HAL_Driver/Src/stm32g0xx_hal_tim_ex.c **** 
1746:Drivers/STM32G0xx_HAL_Driver/Src/stm32g0xx_hal_tim_ex.c ****   /* Disable the Peripheral */
1747:Drivers/STM32G0xx_HAL_Driver/Src/stm32g0xx_hal_tim_ex.c ****   __HAL_TIM_DISABLE(htim);
1748:Drivers/STM32G0xx_HAL_Driver/Src/stm32g0xx_hal_tim_ex.c **** 
1749:Drivers/STM32G0xx_HAL_Driver/Src/stm32g0xx_hal_tim_ex.c ****   /* Set the TIM  channels state */
1750:Drivers/STM32G0xx_HAL_Driver/Src/stm32g0xx_hal_tim_ex.c ****   TIM_CHANNEL_STATE_SET(htim, TIM_CHANNEL_1, HAL_TIM_CHANNEL_STATE_READY);
1751:Drivers/STM32G0xx_HAL_Driver/Src/stm32g0xx_hal_tim_ex.c ****   TIM_CHANNEL_STATE_SET(htim, TIM_CHANNEL_2, HAL_TIM_CHANNEL_STATE_READY);
1752:Drivers/STM32G0xx_HAL_Driver/Src/stm32g0xx_hal_tim_ex.c ****   TIM_CHANNEL_N_STATE_SET(htim, TIM_CHANNEL_1, HAL_TIM_CHANNEL_STATE_READY);
1753:Drivers/STM32G0xx_HAL_Driver/Src/stm32g0xx_hal_tim_ex.c ****   TIM_CHANNEL_N_STATE_SET(htim, TIM_CHANNEL_2, HAL_TIM_CHANNEL_STATE_READY);
1754:Drivers/STM32G0xx_HAL_Driver/Src/stm32g0xx_hal_tim_ex.c **** 
1755:Drivers/STM32G0xx_HAL_Driver/Src/stm32g0xx_hal_tim_ex.c ****   /* Return function status */
1756:Drivers/STM32G0xx_HAL_Driver/Src/stm32g0xx_hal_tim_ex.c ****   return HAL_OK;
1757:Drivers/STM32G0xx_HAL_Driver/Src/stm32g0xx_hal_tim_ex.c **** }
1758:Drivers/STM32G0xx_HAL_Driver/Src/stm32g0xx_hal_tim_ex.c **** 
1759:Drivers/STM32G0xx_HAL_Driver/Src/stm32g0xx_hal_tim_ex.c **** /**
1760:Drivers/STM32G0xx_HAL_Driver/Src/stm32g0xx_hal_tim_ex.c ****   * @}
1761:Drivers/STM32G0xx_HAL_Driver/Src/stm32g0xx_hal_tim_ex.c ****   */
1762:Drivers/STM32G0xx_HAL_Driver/Src/stm32g0xx_hal_tim_ex.c **** 
1763:Drivers/STM32G0xx_HAL_Driver/Src/stm32g0xx_hal_tim_ex.c **** /** @defgroup TIMEx_Exported_Functions_Group5 Extended Peripheral Control functions
1764:Drivers/STM32G0xx_HAL_Driver/Src/stm32g0xx_hal_tim_ex.c ****   * @brief    Peripheral Control functions
1765:Drivers/STM32G0xx_HAL_Driver/Src/stm32g0xx_hal_tim_ex.c ****   *
1766:Drivers/STM32G0xx_HAL_Driver/Src/stm32g0xx_hal_tim_ex.c **** @verbatim
1767:Drivers/STM32G0xx_HAL_Driver/Src/stm32g0xx_hal_tim_ex.c ****   ==============================================================================
1768:Drivers/STM32G0xx_HAL_Driver/Src/stm32g0xx_hal_tim_ex.c ****                     ##### Peripheral Control functions #####
1769:Drivers/STM32G0xx_HAL_Driver/Src/stm32g0xx_hal_tim_ex.c ****   ==============================================================================
1770:Drivers/STM32G0xx_HAL_Driver/Src/stm32g0xx_hal_tim_ex.c ****   [..]
1771:Drivers/STM32G0xx_HAL_Driver/Src/stm32g0xx_hal_tim_ex.c ****     This section provides functions allowing to:
1772:Drivers/STM32G0xx_HAL_Driver/Src/stm32g0xx_hal_tim_ex.c ****       (+) Configure the commutation event in case of use of the Hall sensor interface.
1773:Drivers/STM32G0xx_HAL_Driver/Src/stm32g0xx_hal_tim_ex.c ****       (+) Configure Output channels for OC and PWM mode.
1774:Drivers/STM32G0xx_HAL_Driver/Src/stm32g0xx_hal_tim_ex.c **** 
1775:Drivers/STM32G0xx_HAL_Driver/Src/stm32g0xx_hal_tim_ex.c ****       (+) Configure Complementary channels, break features and dead time.
1776:Drivers/STM32G0xx_HAL_Driver/Src/stm32g0xx_hal_tim_ex.c ****       (+) Configure Master synchronization.
1777:Drivers/STM32G0xx_HAL_Driver/Src/stm32g0xx_hal_tim_ex.c ****       (+) Configure timer remapping capabilities.
1778:Drivers/STM32G0xx_HAL_Driver/Src/stm32g0xx_hal_tim_ex.c ****       (+) Select timer input source.
1779:Drivers/STM32G0xx_HAL_Driver/Src/stm32g0xx_hal_tim_ex.c ****       (+) Enable or disable channel grouping.
1780:Drivers/STM32G0xx_HAL_Driver/Src/stm32g0xx_hal_tim_ex.c **** 
1781:Drivers/STM32G0xx_HAL_Driver/Src/stm32g0xx_hal_tim_ex.c **** @endverbatim
1782:Drivers/STM32G0xx_HAL_Driver/Src/stm32g0xx_hal_tim_ex.c ****   * @{
1783:Drivers/STM32G0xx_HAL_Driver/Src/stm32g0xx_hal_tim_ex.c ****   */
1784:Drivers/STM32G0xx_HAL_Driver/Src/stm32g0xx_hal_tim_ex.c **** 
1785:Drivers/STM32G0xx_HAL_Driver/Src/stm32g0xx_hal_tim_ex.c **** /**
1786:Drivers/STM32G0xx_HAL_Driver/Src/stm32g0xx_hal_tim_ex.c ****   * @brief  Configure the TIM commutation event sequence.
1787:Drivers/STM32G0xx_HAL_Driver/Src/stm32g0xx_hal_tim_ex.c ****   * @note  This function is mandatory to use the commutation event in order to
1788:Drivers/STM32G0xx_HAL_Driver/Src/stm32g0xx_hal_tim_ex.c ****   *        update the configuration at each commutation detection on the TRGI input of the Timer,
1789:Drivers/STM32G0xx_HAL_Driver/Src/stm32g0xx_hal_tim_ex.c ****   *        the typical use of this feature is with the use of another Timer(interface Timer)
1790:Drivers/STM32G0xx_HAL_Driver/Src/stm32g0xx_hal_tim_ex.c ****   *        configured in Hall sensor interface, this interface Timer will generate the
1791:Drivers/STM32G0xx_HAL_Driver/Src/stm32g0xx_hal_tim_ex.c ****   *        commutation at its TRGO output (connected to Timer used in this function) each time
1792:Drivers/STM32G0xx_HAL_Driver/Src/stm32g0xx_hal_tim_ex.c ****   *        the TI1 of the Interface Timer detect a commutation at its input TI1.
1793:Drivers/STM32G0xx_HAL_Driver/Src/stm32g0xx_hal_tim_ex.c ****   * @param  htim TIM handle
1794:Drivers/STM32G0xx_HAL_Driver/Src/stm32g0xx_hal_tim_ex.c ****   * @param  InputTrigger the Internal trigger corresponding to the Timer Interfacing with the Hall 
1795:Drivers/STM32G0xx_HAL_Driver/Src/stm32g0xx_hal_tim_ex.c ****   *          This parameter can be one of the following values:
1796:Drivers/STM32G0xx_HAL_Driver/Src/stm32g0xx_hal_tim_ex.c ****   *            @arg TIM_TS_ITR0: Internal trigger 0 selected
1797:Drivers/STM32G0xx_HAL_Driver/Src/stm32g0xx_hal_tim_ex.c ****   *            @arg TIM_TS_ITR1: Internal trigger 1 selected
1798:Drivers/STM32G0xx_HAL_Driver/Src/stm32g0xx_hal_tim_ex.c ****   *            @arg TIM_TS_ITR2: Internal trigger 2 selected
1799:Drivers/STM32G0xx_HAL_Driver/Src/stm32g0xx_hal_tim_ex.c ****   *            @arg TIM_TS_ITR3: Internal trigger 3 selected
ARM GAS  C:\Users\sante\AppData\Local\Temp\cc9r4gT1.s 			page 33


1800:Drivers/STM32G0xx_HAL_Driver/Src/stm32g0xx_hal_tim_ex.c ****   *            @arg TIM_TS_NONE: No trigger is needed
1801:Drivers/STM32G0xx_HAL_Driver/Src/stm32g0xx_hal_tim_ex.c ****   * @param  CommutationSource the Commutation Event source
1802:Drivers/STM32G0xx_HAL_Driver/Src/stm32g0xx_hal_tim_ex.c ****   *          This parameter can be one of the following values:
1803:Drivers/STM32G0xx_HAL_Driver/Src/stm32g0xx_hal_tim_ex.c ****   *            @arg TIM_COMMUTATION_TRGI: Commutation source is the TRGI of the Interface Timer
1804:Drivers/STM32G0xx_HAL_Driver/Src/stm32g0xx_hal_tim_ex.c ****   *            @arg TIM_COMMUTATION_SOFTWARE:  Commutation source is set by software using the COMG
1805:Drivers/STM32G0xx_HAL_Driver/Src/stm32g0xx_hal_tim_ex.c ****   * @retval HAL status
1806:Drivers/STM32G0xx_HAL_Driver/Src/stm32g0xx_hal_tim_ex.c ****   */
1807:Drivers/STM32G0xx_HAL_Driver/Src/stm32g0xx_hal_tim_ex.c **** HAL_StatusTypeDef HAL_TIMEx_ConfigCommutEvent(TIM_HandleTypeDef *htim, uint32_t  InputTrigger,
1808:Drivers/STM32G0xx_HAL_Driver/Src/stm32g0xx_hal_tim_ex.c ****                                               uint32_t  CommutationSource)
1809:Drivers/STM32G0xx_HAL_Driver/Src/stm32g0xx_hal_tim_ex.c **** {
1810:Drivers/STM32G0xx_HAL_Driver/Src/stm32g0xx_hal_tim_ex.c ****   /* Check the parameters */
1811:Drivers/STM32G0xx_HAL_Driver/Src/stm32g0xx_hal_tim_ex.c ****   assert_param(IS_TIM_COMMUTATION_EVENT_INSTANCE(htim->Instance));
1812:Drivers/STM32G0xx_HAL_Driver/Src/stm32g0xx_hal_tim_ex.c ****   assert_param(IS_TIM_INTERNAL_TRIGGEREVENT_SELECTION(InputTrigger));
1813:Drivers/STM32G0xx_HAL_Driver/Src/stm32g0xx_hal_tim_ex.c **** 
1814:Drivers/STM32G0xx_HAL_Driver/Src/stm32g0xx_hal_tim_ex.c ****   __HAL_LOCK(htim);
1815:Drivers/STM32G0xx_HAL_Driver/Src/stm32g0xx_hal_tim_ex.c **** 
1816:Drivers/STM32G0xx_HAL_Driver/Src/stm32g0xx_hal_tim_ex.c ****   if ((InputTrigger == TIM_TS_ITR0) || (InputTrigger == TIM_TS_ITR1) ||
1817:Drivers/STM32G0xx_HAL_Driver/Src/stm32g0xx_hal_tim_ex.c ****       (InputTrigger == TIM_TS_ITR2) || (InputTrigger == TIM_TS_ITR3))
1818:Drivers/STM32G0xx_HAL_Driver/Src/stm32g0xx_hal_tim_ex.c ****   {
1819:Drivers/STM32G0xx_HAL_Driver/Src/stm32g0xx_hal_tim_ex.c ****     /* Select the Input trigger */
1820:Drivers/STM32G0xx_HAL_Driver/Src/stm32g0xx_hal_tim_ex.c ****     htim->Instance->SMCR &= ~TIM_SMCR_TS;
1821:Drivers/STM32G0xx_HAL_Driver/Src/stm32g0xx_hal_tim_ex.c ****     htim->Instance->SMCR |= InputTrigger;
1822:Drivers/STM32G0xx_HAL_Driver/Src/stm32g0xx_hal_tim_ex.c ****   }
1823:Drivers/STM32G0xx_HAL_Driver/Src/stm32g0xx_hal_tim_ex.c **** 
1824:Drivers/STM32G0xx_HAL_Driver/Src/stm32g0xx_hal_tim_ex.c ****   /* Select the Capture Compare preload feature */
1825:Drivers/STM32G0xx_HAL_Driver/Src/stm32g0xx_hal_tim_ex.c ****   htim->Instance->CR2 |= TIM_CR2_CCPC;
1826:Drivers/STM32G0xx_HAL_Driver/Src/stm32g0xx_hal_tim_ex.c ****   /* Select the Commutation event source */
1827:Drivers/STM32G0xx_HAL_Driver/Src/stm32g0xx_hal_tim_ex.c ****   htim->Instance->CR2 &= ~TIM_CR2_CCUS;
1828:Drivers/STM32G0xx_HAL_Driver/Src/stm32g0xx_hal_tim_ex.c ****   htim->Instance->CR2 |= CommutationSource;
1829:Drivers/STM32G0xx_HAL_Driver/Src/stm32g0xx_hal_tim_ex.c **** 
1830:Drivers/STM32G0xx_HAL_Driver/Src/stm32g0xx_hal_tim_ex.c ****   /* Disable Commutation Interrupt */
1831:Drivers/STM32G0xx_HAL_Driver/Src/stm32g0xx_hal_tim_ex.c ****   __HAL_TIM_DISABLE_IT(htim, TIM_IT_COM);
1832:Drivers/STM32G0xx_HAL_Driver/Src/stm32g0xx_hal_tim_ex.c **** 
1833:Drivers/STM32G0xx_HAL_Driver/Src/stm32g0xx_hal_tim_ex.c ****   /* Disable Commutation DMA request */
1834:Drivers/STM32G0xx_HAL_Driver/Src/stm32g0xx_hal_tim_ex.c ****   __HAL_TIM_DISABLE_DMA(htim, TIM_DMA_COM);
1835:Drivers/STM32G0xx_HAL_Driver/Src/stm32g0xx_hal_tim_ex.c **** 
1836:Drivers/STM32G0xx_HAL_Driver/Src/stm32g0xx_hal_tim_ex.c ****   __HAL_UNLOCK(htim);
1837:Drivers/STM32G0xx_HAL_Driver/Src/stm32g0xx_hal_tim_ex.c **** 
1838:Drivers/STM32G0xx_HAL_Driver/Src/stm32g0xx_hal_tim_ex.c ****   return HAL_OK;
1839:Drivers/STM32G0xx_HAL_Driver/Src/stm32g0xx_hal_tim_ex.c **** }
1840:Drivers/STM32G0xx_HAL_Driver/Src/stm32g0xx_hal_tim_ex.c **** 
1841:Drivers/STM32G0xx_HAL_Driver/Src/stm32g0xx_hal_tim_ex.c **** /**
1842:Drivers/STM32G0xx_HAL_Driver/Src/stm32g0xx_hal_tim_ex.c ****   * @brief  Configure the TIM commutation event sequence with interrupt.
1843:Drivers/STM32G0xx_HAL_Driver/Src/stm32g0xx_hal_tim_ex.c ****   * @note  This function is mandatory to use the commutation event in order to
1844:Drivers/STM32G0xx_HAL_Driver/Src/stm32g0xx_hal_tim_ex.c ****   *        update the configuration at each commutation detection on the TRGI input of the Timer,
1845:Drivers/STM32G0xx_HAL_Driver/Src/stm32g0xx_hal_tim_ex.c ****   *        the typical use of this feature is with the use of another Timer(interface Timer)
1846:Drivers/STM32G0xx_HAL_Driver/Src/stm32g0xx_hal_tim_ex.c ****   *        configured in Hall sensor interface, this interface Timer will generate the
1847:Drivers/STM32G0xx_HAL_Driver/Src/stm32g0xx_hal_tim_ex.c ****   *        commutation at its TRGO output (connected to Timer used in this function) each time
1848:Drivers/STM32G0xx_HAL_Driver/Src/stm32g0xx_hal_tim_ex.c ****   *        the TI1 of the Interface Timer detect a commutation at its input TI1.
1849:Drivers/STM32G0xx_HAL_Driver/Src/stm32g0xx_hal_tim_ex.c ****   * @param  htim TIM handle
1850:Drivers/STM32G0xx_HAL_Driver/Src/stm32g0xx_hal_tim_ex.c ****   * @param  InputTrigger the Internal trigger corresponding to the Timer Interfacing with the Hall 
1851:Drivers/STM32G0xx_HAL_Driver/Src/stm32g0xx_hal_tim_ex.c ****   *          This parameter can be one of the following values:
1852:Drivers/STM32G0xx_HAL_Driver/Src/stm32g0xx_hal_tim_ex.c ****   *            @arg TIM_TS_ITR0: Internal trigger 0 selected
1853:Drivers/STM32G0xx_HAL_Driver/Src/stm32g0xx_hal_tim_ex.c ****   *            @arg TIM_TS_ITR1: Internal trigger 1 selected
1854:Drivers/STM32G0xx_HAL_Driver/Src/stm32g0xx_hal_tim_ex.c ****   *            @arg TIM_TS_ITR2: Internal trigger 2 selected
1855:Drivers/STM32G0xx_HAL_Driver/Src/stm32g0xx_hal_tim_ex.c ****   *            @arg TIM_TS_ITR3: Internal trigger 3 selected
1856:Drivers/STM32G0xx_HAL_Driver/Src/stm32g0xx_hal_tim_ex.c ****   *            @arg TIM_TS_NONE: No trigger is needed
ARM GAS  C:\Users\sante\AppData\Local\Temp\cc9r4gT1.s 			page 34


1857:Drivers/STM32G0xx_HAL_Driver/Src/stm32g0xx_hal_tim_ex.c ****   * @param  CommutationSource the Commutation Event source
1858:Drivers/STM32G0xx_HAL_Driver/Src/stm32g0xx_hal_tim_ex.c ****   *          This parameter can be one of the following values:
1859:Drivers/STM32G0xx_HAL_Driver/Src/stm32g0xx_hal_tim_ex.c ****   *            @arg TIM_COMMUTATION_TRGI: Commutation source is the TRGI of the Interface Timer
1860:Drivers/STM32G0xx_HAL_Driver/Src/stm32g0xx_hal_tim_ex.c ****   *            @arg TIM_COMMUTATION_SOFTWARE:  Commutation source is set by software using the COMG
1861:Drivers/STM32G0xx_HAL_Driver/Src/stm32g0xx_hal_tim_ex.c ****   * @retval HAL status
1862:Drivers/STM32G0xx_HAL_Driver/Src/stm32g0xx_hal_tim_ex.c ****   */
1863:Drivers/STM32G0xx_HAL_Driver/Src/stm32g0xx_hal_tim_ex.c **** HAL_StatusTypeDef HAL_TIMEx_ConfigCommutEvent_IT(TIM_HandleTypeDef *htim, uint32_t  InputTrigger,
1864:Drivers/STM32G0xx_HAL_Driver/Src/stm32g0xx_hal_tim_ex.c ****                                                  uint32_t  CommutationSource)
1865:Drivers/STM32G0xx_HAL_Driver/Src/stm32g0xx_hal_tim_ex.c **** {
1866:Drivers/STM32G0xx_HAL_Driver/Src/stm32g0xx_hal_tim_ex.c ****   /* Check the parameters */
1867:Drivers/STM32G0xx_HAL_Driver/Src/stm32g0xx_hal_tim_ex.c ****   assert_param(IS_TIM_COMMUTATION_EVENT_INSTANCE(htim->Instance));
1868:Drivers/STM32G0xx_HAL_Driver/Src/stm32g0xx_hal_tim_ex.c ****   assert_param(IS_TIM_INTERNAL_TRIGGEREVENT_SELECTION(InputTrigger));
1869:Drivers/STM32G0xx_HAL_Driver/Src/stm32g0xx_hal_tim_ex.c **** 
1870:Drivers/STM32G0xx_HAL_Driver/Src/stm32g0xx_hal_tim_ex.c ****   __HAL_LOCK(htim);
1871:Drivers/STM32G0xx_HAL_Driver/Src/stm32g0xx_hal_tim_ex.c **** 
1872:Drivers/STM32G0xx_HAL_Driver/Src/stm32g0xx_hal_tim_ex.c ****   if ((InputTrigger == TIM_TS_ITR0) || (InputTrigger == TIM_TS_ITR1) ||
1873:Drivers/STM32G0xx_HAL_Driver/Src/stm32g0xx_hal_tim_ex.c ****       (InputTrigger == TIM_TS_ITR2) || (InputTrigger == TIM_TS_ITR3))
1874:Drivers/STM32G0xx_HAL_Driver/Src/stm32g0xx_hal_tim_ex.c ****   {
1875:Drivers/STM32G0xx_HAL_Driver/Src/stm32g0xx_hal_tim_ex.c ****     /* Select the Input trigger */
1876:Drivers/STM32G0xx_HAL_Driver/Src/stm32g0xx_hal_tim_ex.c ****     htim->Instance->SMCR &= ~TIM_SMCR_TS;
1877:Drivers/STM32G0xx_HAL_Driver/Src/stm32g0xx_hal_tim_ex.c ****     htim->Instance->SMCR |= InputTrigger;
1878:Drivers/STM32G0xx_HAL_Driver/Src/stm32g0xx_hal_tim_ex.c ****   }
1879:Drivers/STM32G0xx_HAL_Driver/Src/stm32g0xx_hal_tim_ex.c **** 
1880:Drivers/STM32G0xx_HAL_Driver/Src/stm32g0xx_hal_tim_ex.c ****   /* Select the Capture Compare preload feature */
1881:Drivers/STM32G0xx_HAL_Driver/Src/stm32g0xx_hal_tim_ex.c ****   htim->Instance->CR2 |= TIM_CR2_CCPC;
1882:Drivers/STM32G0xx_HAL_Driver/Src/stm32g0xx_hal_tim_ex.c ****   /* Select the Commutation event source */
1883:Drivers/STM32G0xx_HAL_Driver/Src/stm32g0xx_hal_tim_ex.c ****   htim->Instance->CR2 &= ~TIM_CR2_CCUS;
1884:Drivers/STM32G0xx_HAL_Driver/Src/stm32g0xx_hal_tim_ex.c ****   htim->Instance->CR2 |= CommutationSource;
1885:Drivers/STM32G0xx_HAL_Driver/Src/stm32g0xx_hal_tim_ex.c **** 
1886:Drivers/STM32G0xx_HAL_Driver/Src/stm32g0xx_hal_tim_ex.c ****   /* Disable Commutation DMA request */
1887:Drivers/STM32G0xx_HAL_Driver/Src/stm32g0xx_hal_tim_ex.c ****   __HAL_TIM_DISABLE_DMA(htim, TIM_DMA_COM);
1888:Drivers/STM32G0xx_HAL_Driver/Src/stm32g0xx_hal_tim_ex.c **** 
1889:Drivers/STM32G0xx_HAL_Driver/Src/stm32g0xx_hal_tim_ex.c ****   /* Enable the Commutation Interrupt */
1890:Drivers/STM32G0xx_HAL_Driver/Src/stm32g0xx_hal_tim_ex.c ****   __HAL_TIM_ENABLE_IT(htim, TIM_IT_COM);
1891:Drivers/STM32G0xx_HAL_Driver/Src/stm32g0xx_hal_tim_ex.c **** 
1892:Drivers/STM32G0xx_HAL_Driver/Src/stm32g0xx_hal_tim_ex.c ****   __HAL_UNLOCK(htim);
1893:Drivers/STM32G0xx_HAL_Driver/Src/stm32g0xx_hal_tim_ex.c **** 
1894:Drivers/STM32G0xx_HAL_Driver/Src/stm32g0xx_hal_tim_ex.c ****   return HAL_OK;
1895:Drivers/STM32G0xx_HAL_Driver/Src/stm32g0xx_hal_tim_ex.c **** }
1896:Drivers/STM32G0xx_HAL_Driver/Src/stm32g0xx_hal_tim_ex.c **** 
1897:Drivers/STM32G0xx_HAL_Driver/Src/stm32g0xx_hal_tim_ex.c **** /**
1898:Drivers/STM32G0xx_HAL_Driver/Src/stm32g0xx_hal_tim_ex.c ****   * @brief  Configure the TIM commutation event sequence with DMA.
1899:Drivers/STM32G0xx_HAL_Driver/Src/stm32g0xx_hal_tim_ex.c ****   * @note  This function is mandatory to use the commutation event in order to
1900:Drivers/STM32G0xx_HAL_Driver/Src/stm32g0xx_hal_tim_ex.c ****   *        update the configuration at each commutation detection on the TRGI input of the Timer,
1901:Drivers/STM32G0xx_HAL_Driver/Src/stm32g0xx_hal_tim_ex.c ****   *        the typical use of this feature is with the use of another Timer(interface Timer)
1902:Drivers/STM32G0xx_HAL_Driver/Src/stm32g0xx_hal_tim_ex.c ****   *        configured in Hall sensor interface, this interface Timer will generate the
1903:Drivers/STM32G0xx_HAL_Driver/Src/stm32g0xx_hal_tim_ex.c ****   *        commutation at its TRGO output (connected to Timer used in this function) each time
1904:Drivers/STM32G0xx_HAL_Driver/Src/stm32g0xx_hal_tim_ex.c ****   *        the TI1 of the Interface Timer detect a commutation at its input TI1.
1905:Drivers/STM32G0xx_HAL_Driver/Src/stm32g0xx_hal_tim_ex.c ****   * @note  The user should configure the DMA in his own software, in This function only the COMDE b
1906:Drivers/STM32G0xx_HAL_Driver/Src/stm32g0xx_hal_tim_ex.c ****   * @param  htim TIM handle
1907:Drivers/STM32G0xx_HAL_Driver/Src/stm32g0xx_hal_tim_ex.c ****   * @param  InputTrigger the Internal trigger corresponding to the Timer Interfacing with the Hall 
1908:Drivers/STM32G0xx_HAL_Driver/Src/stm32g0xx_hal_tim_ex.c ****   *          This parameter can be one of the following values:
1909:Drivers/STM32G0xx_HAL_Driver/Src/stm32g0xx_hal_tim_ex.c ****   *            @arg TIM_TS_ITR0: Internal trigger 0 selected
1910:Drivers/STM32G0xx_HAL_Driver/Src/stm32g0xx_hal_tim_ex.c ****   *            @arg TIM_TS_ITR1: Internal trigger 1 selected
1911:Drivers/STM32G0xx_HAL_Driver/Src/stm32g0xx_hal_tim_ex.c ****   *            @arg TIM_TS_ITR2: Internal trigger 2 selected
1912:Drivers/STM32G0xx_HAL_Driver/Src/stm32g0xx_hal_tim_ex.c ****   *            @arg TIM_TS_ITR3: Internal trigger 3 selected
1913:Drivers/STM32G0xx_HAL_Driver/Src/stm32g0xx_hal_tim_ex.c ****   *            @arg TIM_TS_NONE: No trigger is needed
ARM GAS  C:\Users\sante\AppData\Local\Temp\cc9r4gT1.s 			page 35


1914:Drivers/STM32G0xx_HAL_Driver/Src/stm32g0xx_hal_tim_ex.c ****   * @param  CommutationSource the Commutation Event source
1915:Drivers/STM32G0xx_HAL_Driver/Src/stm32g0xx_hal_tim_ex.c ****   *          This parameter can be one of the following values:
1916:Drivers/STM32G0xx_HAL_Driver/Src/stm32g0xx_hal_tim_ex.c ****   *            @arg TIM_COMMUTATION_TRGI: Commutation source is the TRGI of the Interface Timer
1917:Drivers/STM32G0xx_HAL_Driver/Src/stm32g0xx_hal_tim_ex.c ****   *            @arg TIM_COMMUTATION_SOFTWARE:  Commutation source is set by software using the COMG
1918:Drivers/STM32G0xx_HAL_Driver/Src/stm32g0xx_hal_tim_ex.c ****   * @retval HAL status
1919:Drivers/STM32G0xx_HAL_Driver/Src/stm32g0xx_hal_tim_ex.c ****   */
1920:Drivers/STM32G0xx_HAL_Driver/Src/stm32g0xx_hal_tim_ex.c **** HAL_StatusTypeDef HAL_TIMEx_ConfigCommutEvent_DMA(TIM_HandleTypeDef *htim, uint32_t  InputTrigger,
1921:Drivers/STM32G0xx_HAL_Driver/Src/stm32g0xx_hal_tim_ex.c ****                                                   uint32_t  CommutationSource)
1922:Drivers/STM32G0xx_HAL_Driver/Src/stm32g0xx_hal_tim_ex.c **** {
1923:Drivers/STM32G0xx_HAL_Driver/Src/stm32g0xx_hal_tim_ex.c ****   /* Check the parameters */
1924:Drivers/STM32G0xx_HAL_Driver/Src/stm32g0xx_hal_tim_ex.c ****   assert_param(IS_TIM_COMMUTATION_EVENT_INSTANCE(htim->Instance));
1925:Drivers/STM32G0xx_HAL_Driver/Src/stm32g0xx_hal_tim_ex.c ****   assert_param(IS_TIM_INTERNAL_TRIGGEREVENT_SELECTION(InputTrigger));
1926:Drivers/STM32G0xx_HAL_Driver/Src/stm32g0xx_hal_tim_ex.c **** 
1927:Drivers/STM32G0xx_HAL_Driver/Src/stm32g0xx_hal_tim_ex.c ****   __HAL_LOCK(htim);
1928:Drivers/STM32G0xx_HAL_Driver/Src/stm32g0xx_hal_tim_ex.c **** 
1929:Drivers/STM32G0xx_HAL_Driver/Src/stm32g0xx_hal_tim_ex.c ****   if ((InputTrigger == TIM_TS_ITR0) || (InputTrigger == TIM_TS_ITR1) ||
1930:Drivers/STM32G0xx_HAL_Driver/Src/stm32g0xx_hal_tim_ex.c ****       (InputTrigger == TIM_TS_ITR2) || (InputTrigger == TIM_TS_ITR3))
1931:Drivers/STM32G0xx_HAL_Driver/Src/stm32g0xx_hal_tim_ex.c ****   {
1932:Drivers/STM32G0xx_HAL_Driver/Src/stm32g0xx_hal_tim_ex.c ****     /* Select the Input trigger */
1933:Drivers/STM32G0xx_HAL_Driver/Src/stm32g0xx_hal_tim_ex.c ****     htim->Instance->SMCR &= ~TIM_SMCR_TS;
1934:Drivers/STM32G0xx_HAL_Driver/Src/stm32g0xx_hal_tim_ex.c ****     htim->Instance->SMCR |= InputTrigger;
1935:Drivers/STM32G0xx_HAL_Driver/Src/stm32g0xx_hal_tim_ex.c ****   }
1936:Drivers/STM32G0xx_HAL_Driver/Src/stm32g0xx_hal_tim_ex.c **** 
1937:Drivers/STM32G0xx_HAL_Driver/Src/stm32g0xx_hal_tim_ex.c ****   /* Select the Capture Compare preload feature */
1938:Drivers/STM32G0xx_HAL_Driver/Src/stm32g0xx_hal_tim_ex.c ****   htim->Instance->CR2 |= TIM_CR2_CCPC;
1939:Drivers/STM32G0xx_HAL_Driver/Src/stm32g0xx_hal_tim_ex.c ****   /* Select the Commutation event source */
1940:Drivers/STM32G0xx_HAL_Driver/Src/stm32g0xx_hal_tim_ex.c ****   htim->Instance->CR2 &= ~TIM_CR2_CCUS;
1941:Drivers/STM32G0xx_HAL_Driver/Src/stm32g0xx_hal_tim_ex.c ****   htim->Instance->CR2 |= CommutationSource;
1942:Drivers/STM32G0xx_HAL_Driver/Src/stm32g0xx_hal_tim_ex.c **** 
1943:Drivers/STM32G0xx_HAL_Driver/Src/stm32g0xx_hal_tim_ex.c ****   /* Enable the Commutation DMA Request */
1944:Drivers/STM32G0xx_HAL_Driver/Src/stm32g0xx_hal_tim_ex.c ****   /* Set the DMA Commutation Callback */
1945:Drivers/STM32G0xx_HAL_Driver/Src/stm32g0xx_hal_tim_ex.c ****   htim->hdma[TIM_DMA_ID_COMMUTATION]->XferCpltCallback = TIMEx_DMACommutationCplt;
1946:Drivers/STM32G0xx_HAL_Driver/Src/stm32g0xx_hal_tim_ex.c ****   htim->hdma[TIM_DMA_ID_COMMUTATION]->XferHalfCpltCallback = TIMEx_DMACommutationHalfCplt;
1947:Drivers/STM32G0xx_HAL_Driver/Src/stm32g0xx_hal_tim_ex.c ****   /* Set the DMA error callback */
1948:Drivers/STM32G0xx_HAL_Driver/Src/stm32g0xx_hal_tim_ex.c ****   htim->hdma[TIM_DMA_ID_COMMUTATION]->XferErrorCallback = TIM_DMAError;
1949:Drivers/STM32G0xx_HAL_Driver/Src/stm32g0xx_hal_tim_ex.c **** 
1950:Drivers/STM32G0xx_HAL_Driver/Src/stm32g0xx_hal_tim_ex.c ****   /* Disable Commutation Interrupt */
1951:Drivers/STM32G0xx_HAL_Driver/Src/stm32g0xx_hal_tim_ex.c ****   __HAL_TIM_DISABLE_IT(htim, TIM_IT_COM);
1952:Drivers/STM32G0xx_HAL_Driver/Src/stm32g0xx_hal_tim_ex.c **** 
1953:Drivers/STM32G0xx_HAL_Driver/Src/stm32g0xx_hal_tim_ex.c ****   /* Enable the Commutation DMA Request */
1954:Drivers/STM32G0xx_HAL_Driver/Src/stm32g0xx_hal_tim_ex.c ****   __HAL_TIM_ENABLE_DMA(htim, TIM_DMA_COM);
1955:Drivers/STM32G0xx_HAL_Driver/Src/stm32g0xx_hal_tim_ex.c **** 
1956:Drivers/STM32G0xx_HAL_Driver/Src/stm32g0xx_hal_tim_ex.c ****   __HAL_UNLOCK(htim);
1957:Drivers/STM32G0xx_HAL_Driver/Src/stm32g0xx_hal_tim_ex.c **** 
1958:Drivers/STM32G0xx_HAL_Driver/Src/stm32g0xx_hal_tim_ex.c ****   return HAL_OK;
1959:Drivers/STM32G0xx_HAL_Driver/Src/stm32g0xx_hal_tim_ex.c **** }
1960:Drivers/STM32G0xx_HAL_Driver/Src/stm32g0xx_hal_tim_ex.c **** 
1961:Drivers/STM32G0xx_HAL_Driver/Src/stm32g0xx_hal_tim_ex.c **** /**
1962:Drivers/STM32G0xx_HAL_Driver/Src/stm32g0xx_hal_tim_ex.c ****   * @brief  Configures the TIM in master mode.
1963:Drivers/STM32G0xx_HAL_Driver/Src/stm32g0xx_hal_tim_ex.c ****   * @param  htim TIM handle.
1964:Drivers/STM32G0xx_HAL_Driver/Src/stm32g0xx_hal_tim_ex.c ****   * @param  sMasterConfig pointer to a TIM_MasterConfigTypeDef structure that
1965:Drivers/STM32G0xx_HAL_Driver/Src/stm32g0xx_hal_tim_ex.c ****   *         contains the selected trigger output (TRGO) and the Master/Slave
1966:Drivers/STM32G0xx_HAL_Driver/Src/stm32g0xx_hal_tim_ex.c ****   *         mode.
1967:Drivers/STM32G0xx_HAL_Driver/Src/stm32g0xx_hal_tim_ex.c ****   * @retval HAL status
1968:Drivers/STM32G0xx_HAL_Driver/Src/stm32g0xx_hal_tim_ex.c ****   */
1969:Drivers/STM32G0xx_HAL_Driver/Src/stm32g0xx_hal_tim_ex.c **** HAL_StatusTypeDef HAL_TIMEx_MasterConfigSynchronization(TIM_HandleTypeDef *htim,
1970:Drivers/STM32G0xx_HAL_Driver/Src/stm32g0xx_hal_tim_ex.c ****                                                         const TIM_MasterConfigTypeDef *sMasterConfi
ARM GAS  C:\Users\sante\AppData\Local\Temp\cc9r4gT1.s 			page 36


1971:Drivers/STM32G0xx_HAL_Driver/Src/stm32g0xx_hal_tim_ex.c **** {
1972:Drivers/STM32G0xx_HAL_Driver/Src/stm32g0xx_hal_tim_ex.c ****   uint32_t tmpcr2;
1973:Drivers/STM32G0xx_HAL_Driver/Src/stm32g0xx_hal_tim_ex.c ****   uint32_t tmpsmcr;
1974:Drivers/STM32G0xx_HAL_Driver/Src/stm32g0xx_hal_tim_ex.c **** 
1975:Drivers/STM32G0xx_HAL_Driver/Src/stm32g0xx_hal_tim_ex.c ****   /* Check the parameters */
1976:Drivers/STM32G0xx_HAL_Driver/Src/stm32g0xx_hal_tim_ex.c ****   assert_param(IS_TIM_MASTER_INSTANCE(htim->Instance));
1977:Drivers/STM32G0xx_HAL_Driver/Src/stm32g0xx_hal_tim_ex.c ****   assert_param(IS_TIM_TRGO_SOURCE(sMasterConfig->MasterOutputTrigger));
1978:Drivers/STM32G0xx_HAL_Driver/Src/stm32g0xx_hal_tim_ex.c ****   assert_param(IS_TIM_MSM_STATE(sMasterConfig->MasterSlaveMode));
1979:Drivers/STM32G0xx_HAL_Driver/Src/stm32g0xx_hal_tim_ex.c **** 
1980:Drivers/STM32G0xx_HAL_Driver/Src/stm32g0xx_hal_tim_ex.c ****   /* Check input state */
1981:Drivers/STM32G0xx_HAL_Driver/Src/stm32g0xx_hal_tim_ex.c ****   __HAL_LOCK(htim);
1982:Drivers/STM32G0xx_HAL_Driver/Src/stm32g0xx_hal_tim_ex.c **** 
1983:Drivers/STM32G0xx_HAL_Driver/Src/stm32g0xx_hal_tim_ex.c ****   /* Change the handler state */
1984:Drivers/STM32G0xx_HAL_Driver/Src/stm32g0xx_hal_tim_ex.c ****   htim->State = HAL_TIM_STATE_BUSY;
1985:Drivers/STM32G0xx_HAL_Driver/Src/stm32g0xx_hal_tim_ex.c **** 
1986:Drivers/STM32G0xx_HAL_Driver/Src/stm32g0xx_hal_tim_ex.c ****   /* Get the TIMx CR2 register value */
1987:Drivers/STM32G0xx_HAL_Driver/Src/stm32g0xx_hal_tim_ex.c ****   tmpcr2 = htim->Instance->CR2;
1988:Drivers/STM32G0xx_HAL_Driver/Src/stm32g0xx_hal_tim_ex.c **** 
1989:Drivers/STM32G0xx_HAL_Driver/Src/stm32g0xx_hal_tim_ex.c ****   /* Get the TIMx SMCR register value */
1990:Drivers/STM32G0xx_HAL_Driver/Src/stm32g0xx_hal_tim_ex.c ****   tmpsmcr = htim->Instance->SMCR;
1991:Drivers/STM32G0xx_HAL_Driver/Src/stm32g0xx_hal_tim_ex.c **** 
1992:Drivers/STM32G0xx_HAL_Driver/Src/stm32g0xx_hal_tim_ex.c ****   /* If the timer supports ADC synchronization through TRGO2, set the master mode selection 2 */
1993:Drivers/STM32G0xx_HAL_Driver/Src/stm32g0xx_hal_tim_ex.c ****   if (IS_TIM_TRGO2_INSTANCE(htim->Instance))
1994:Drivers/STM32G0xx_HAL_Driver/Src/stm32g0xx_hal_tim_ex.c ****   {
1995:Drivers/STM32G0xx_HAL_Driver/Src/stm32g0xx_hal_tim_ex.c ****     /* Check the parameters */
1996:Drivers/STM32G0xx_HAL_Driver/Src/stm32g0xx_hal_tim_ex.c ****     assert_param(IS_TIM_TRGO2_SOURCE(sMasterConfig->MasterOutputTrigger2));
1997:Drivers/STM32G0xx_HAL_Driver/Src/stm32g0xx_hal_tim_ex.c **** 
1998:Drivers/STM32G0xx_HAL_Driver/Src/stm32g0xx_hal_tim_ex.c ****     /* Clear the MMS2 bits */
1999:Drivers/STM32G0xx_HAL_Driver/Src/stm32g0xx_hal_tim_ex.c ****     tmpcr2 &= ~TIM_CR2_MMS2;
2000:Drivers/STM32G0xx_HAL_Driver/Src/stm32g0xx_hal_tim_ex.c ****     /* Select the TRGO2 source*/
2001:Drivers/STM32G0xx_HAL_Driver/Src/stm32g0xx_hal_tim_ex.c ****     tmpcr2 |= sMasterConfig->MasterOutputTrigger2;
2002:Drivers/STM32G0xx_HAL_Driver/Src/stm32g0xx_hal_tim_ex.c ****   }
2003:Drivers/STM32G0xx_HAL_Driver/Src/stm32g0xx_hal_tim_ex.c **** 
2004:Drivers/STM32G0xx_HAL_Driver/Src/stm32g0xx_hal_tim_ex.c ****   /* Reset the MMS Bits */
2005:Drivers/STM32G0xx_HAL_Driver/Src/stm32g0xx_hal_tim_ex.c ****   tmpcr2 &= ~TIM_CR2_MMS;
2006:Drivers/STM32G0xx_HAL_Driver/Src/stm32g0xx_hal_tim_ex.c ****   /* Select the TRGO source */
2007:Drivers/STM32G0xx_HAL_Driver/Src/stm32g0xx_hal_tim_ex.c ****   tmpcr2 |=  sMasterConfig->MasterOutputTrigger;
2008:Drivers/STM32G0xx_HAL_Driver/Src/stm32g0xx_hal_tim_ex.c **** 
2009:Drivers/STM32G0xx_HAL_Driver/Src/stm32g0xx_hal_tim_ex.c ****   /* Update TIMx CR2 */
2010:Drivers/STM32G0xx_HAL_Driver/Src/stm32g0xx_hal_tim_ex.c ****   htim->Instance->CR2 = tmpcr2;
2011:Drivers/STM32G0xx_HAL_Driver/Src/stm32g0xx_hal_tim_ex.c **** 
2012:Drivers/STM32G0xx_HAL_Driver/Src/stm32g0xx_hal_tim_ex.c ****   if (IS_TIM_SLAVE_INSTANCE(htim->Instance))
2013:Drivers/STM32G0xx_HAL_Driver/Src/stm32g0xx_hal_tim_ex.c ****   {
2014:Drivers/STM32G0xx_HAL_Driver/Src/stm32g0xx_hal_tim_ex.c ****     /* Reset the MSM Bit */
2015:Drivers/STM32G0xx_HAL_Driver/Src/stm32g0xx_hal_tim_ex.c ****     tmpsmcr &= ~TIM_SMCR_MSM;
2016:Drivers/STM32G0xx_HAL_Driver/Src/stm32g0xx_hal_tim_ex.c ****     /* Set master mode */
2017:Drivers/STM32G0xx_HAL_Driver/Src/stm32g0xx_hal_tim_ex.c ****     tmpsmcr |= sMasterConfig->MasterSlaveMode;
2018:Drivers/STM32G0xx_HAL_Driver/Src/stm32g0xx_hal_tim_ex.c **** 
2019:Drivers/STM32G0xx_HAL_Driver/Src/stm32g0xx_hal_tim_ex.c ****     /* Update TIMx SMCR */
2020:Drivers/STM32G0xx_HAL_Driver/Src/stm32g0xx_hal_tim_ex.c ****     htim->Instance->SMCR = tmpsmcr;
2021:Drivers/STM32G0xx_HAL_Driver/Src/stm32g0xx_hal_tim_ex.c ****   }
2022:Drivers/STM32G0xx_HAL_Driver/Src/stm32g0xx_hal_tim_ex.c **** 
2023:Drivers/STM32G0xx_HAL_Driver/Src/stm32g0xx_hal_tim_ex.c ****   /* Change the htim state */
2024:Drivers/STM32G0xx_HAL_Driver/Src/stm32g0xx_hal_tim_ex.c ****   htim->State = HAL_TIM_STATE_READY;
2025:Drivers/STM32G0xx_HAL_Driver/Src/stm32g0xx_hal_tim_ex.c **** 
2026:Drivers/STM32G0xx_HAL_Driver/Src/stm32g0xx_hal_tim_ex.c ****   __HAL_UNLOCK(htim);
2027:Drivers/STM32G0xx_HAL_Driver/Src/stm32g0xx_hal_tim_ex.c **** 
ARM GAS  C:\Users\sante\AppData\Local\Temp\cc9r4gT1.s 			page 37


2028:Drivers/STM32G0xx_HAL_Driver/Src/stm32g0xx_hal_tim_ex.c ****   return HAL_OK;
2029:Drivers/STM32G0xx_HAL_Driver/Src/stm32g0xx_hal_tim_ex.c **** }
2030:Drivers/STM32G0xx_HAL_Driver/Src/stm32g0xx_hal_tim_ex.c **** 
2031:Drivers/STM32G0xx_HAL_Driver/Src/stm32g0xx_hal_tim_ex.c **** /**
2032:Drivers/STM32G0xx_HAL_Driver/Src/stm32g0xx_hal_tim_ex.c ****   * @brief  Configures the Break feature, dead time, Lock level, OSSI/OSSR State
2033:Drivers/STM32G0xx_HAL_Driver/Src/stm32g0xx_hal_tim_ex.c ****   *         and the AOE(automatic output enable).
2034:Drivers/STM32G0xx_HAL_Driver/Src/stm32g0xx_hal_tim_ex.c ****   * @param  htim TIM handle
2035:Drivers/STM32G0xx_HAL_Driver/Src/stm32g0xx_hal_tim_ex.c ****   * @param  sBreakDeadTimeConfig pointer to a TIM_ConfigBreakDeadConfigTypeDef structure that
2036:Drivers/STM32G0xx_HAL_Driver/Src/stm32g0xx_hal_tim_ex.c ****   *         contains the BDTR Register configuration  information for the TIM peripheral.
2037:Drivers/STM32G0xx_HAL_Driver/Src/stm32g0xx_hal_tim_ex.c ****   * @note   Interrupts can be generated when an active level is detected on the
2038:Drivers/STM32G0xx_HAL_Driver/Src/stm32g0xx_hal_tim_ex.c ****   *         break input, the break 2 input or the system break input. Break
2039:Drivers/STM32G0xx_HAL_Driver/Src/stm32g0xx_hal_tim_ex.c ****   *         interrupt can be enabled by calling the @ref __HAL_TIM_ENABLE_IT macro.
2040:Drivers/STM32G0xx_HAL_Driver/Src/stm32g0xx_hal_tim_ex.c ****   * @retval HAL status
2041:Drivers/STM32G0xx_HAL_Driver/Src/stm32g0xx_hal_tim_ex.c ****   */
2042:Drivers/STM32G0xx_HAL_Driver/Src/stm32g0xx_hal_tim_ex.c **** HAL_StatusTypeDef HAL_TIMEx_ConfigBreakDeadTime(TIM_HandleTypeDef *htim,
2043:Drivers/STM32G0xx_HAL_Driver/Src/stm32g0xx_hal_tim_ex.c ****                                                 const TIM_BreakDeadTimeConfigTypeDef *sBreakDeadTim
2044:Drivers/STM32G0xx_HAL_Driver/Src/stm32g0xx_hal_tim_ex.c **** {
2045:Drivers/STM32G0xx_HAL_Driver/Src/stm32g0xx_hal_tim_ex.c ****   /* Keep this variable initialized to 0 as it is used to configure BDTR register */
2046:Drivers/STM32G0xx_HAL_Driver/Src/stm32g0xx_hal_tim_ex.c ****   uint32_t tmpbdtr = 0U;
2047:Drivers/STM32G0xx_HAL_Driver/Src/stm32g0xx_hal_tim_ex.c **** 
2048:Drivers/STM32G0xx_HAL_Driver/Src/stm32g0xx_hal_tim_ex.c ****   /* Check the parameters */
2049:Drivers/STM32G0xx_HAL_Driver/Src/stm32g0xx_hal_tim_ex.c ****   assert_param(IS_TIM_BREAK_INSTANCE(htim->Instance));
2050:Drivers/STM32G0xx_HAL_Driver/Src/stm32g0xx_hal_tim_ex.c ****   assert_param(IS_TIM_OSSR_STATE(sBreakDeadTimeConfig->OffStateRunMode));
2051:Drivers/STM32G0xx_HAL_Driver/Src/stm32g0xx_hal_tim_ex.c ****   assert_param(IS_TIM_OSSI_STATE(sBreakDeadTimeConfig->OffStateIDLEMode));
2052:Drivers/STM32G0xx_HAL_Driver/Src/stm32g0xx_hal_tim_ex.c ****   assert_param(IS_TIM_LOCK_LEVEL(sBreakDeadTimeConfig->LockLevel));
2053:Drivers/STM32G0xx_HAL_Driver/Src/stm32g0xx_hal_tim_ex.c ****   assert_param(IS_TIM_DEADTIME(sBreakDeadTimeConfig->DeadTime));
2054:Drivers/STM32G0xx_HAL_Driver/Src/stm32g0xx_hal_tim_ex.c ****   assert_param(IS_TIM_BREAK_STATE(sBreakDeadTimeConfig->BreakState));
2055:Drivers/STM32G0xx_HAL_Driver/Src/stm32g0xx_hal_tim_ex.c ****   assert_param(IS_TIM_BREAK_POLARITY(sBreakDeadTimeConfig->BreakPolarity));
2056:Drivers/STM32G0xx_HAL_Driver/Src/stm32g0xx_hal_tim_ex.c ****   assert_param(IS_TIM_BREAK_FILTER(sBreakDeadTimeConfig->BreakFilter));
2057:Drivers/STM32G0xx_HAL_Driver/Src/stm32g0xx_hal_tim_ex.c ****   assert_param(IS_TIM_AUTOMATIC_OUTPUT_STATE(sBreakDeadTimeConfig->AutomaticOutput));
2058:Drivers/STM32G0xx_HAL_Driver/Src/stm32g0xx_hal_tim_ex.c ****   assert_param(IS_TIM_BREAK_AFMODE(sBreakDeadTimeConfig->BreakAFMode));
2059:Drivers/STM32G0xx_HAL_Driver/Src/stm32g0xx_hal_tim_ex.c **** 
2060:Drivers/STM32G0xx_HAL_Driver/Src/stm32g0xx_hal_tim_ex.c ****   /* Check input state */
2061:Drivers/STM32G0xx_HAL_Driver/Src/stm32g0xx_hal_tim_ex.c ****   __HAL_LOCK(htim);
2062:Drivers/STM32G0xx_HAL_Driver/Src/stm32g0xx_hal_tim_ex.c **** 
2063:Drivers/STM32G0xx_HAL_Driver/Src/stm32g0xx_hal_tim_ex.c ****   /* Set the Lock level, the Break enable Bit and the Polarity, the OSSR State,
2064:Drivers/STM32G0xx_HAL_Driver/Src/stm32g0xx_hal_tim_ex.c ****      the OSSI State, the dead time value and the Automatic Output Enable Bit */
2065:Drivers/STM32G0xx_HAL_Driver/Src/stm32g0xx_hal_tim_ex.c **** 
2066:Drivers/STM32G0xx_HAL_Driver/Src/stm32g0xx_hal_tim_ex.c ****   /* Set the BDTR bits */
2067:Drivers/STM32G0xx_HAL_Driver/Src/stm32g0xx_hal_tim_ex.c ****   MODIFY_REG(tmpbdtr, TIM_BDTR_DTG, sBreakDeadTimeConfig->DeadTime);
2068:Drivers/STM32G0xx_HAL_Driver/Src/stm32g0xx_hal_tim_ex.c ****   MODIFY_REG(tmpbdtr, TIM_BDTR_LOCK, sBreakDeadTimeConfig->LockLevel);
2069:Drivers/STM32G0xx_HAL_Driver/Src/stm32g0xx_hal_tim_ex.c ****   MODIFY_REG(tmpbdtr, TIM_BDTR_OSSI, sBreakDeadTimeConfig->OffStateIDLEMode);
2070:Drivers/STM32G0xx_HAL_Driver/Src/stm32g0xx_hal_tim_ex.c ****   MODIFY_REG(tmpbdtr, TIM_BDTR_OSSR, sBreakDeadTimeConfig->OffStateRunMode);
2071:Drivers/STM32G0xx_HAL_Driver/Src/stm32g0xx_hal_tim_ex.c ****   MODIFY_REG(tmpbdtr, TIM_BDTR_BKE, sBreakDeadTimeConfig->BreakState);
2072:Drivers/STM32G0xx_HAL_Driver/Src/stm32g0xx_hal_tim_ex.c ****   MODIFY_REG(tmpbdtr, TIM_BDTR_BKP, sBreakDeadTimeConfig->BreakPolarity);
2073:Drivers/STM32G0xx_HAL_Driver/Src/stm32g0xx_hal_tim_ex.c ****   MODIFY_REG(tmpbdtr, TIM_BDTR_AOE, sBreakDeadTimeConfig->AutomaticOutput);
2074:Drivers/STM32G0xx_HAL_Driver/Src/stm32g0xx_hal_tim_ex.c ****   MODIFY_REG(tmpbdtr, TIM_BDTR_BKF, (sBreakDeadTimeConfig->BreakFilter << TIM_BDTR_BKF_Pos));
2075:Drivers/STM32G0xx_HAL_Driver/Src/stm32g0xx_hal_tim_ex.c ****   MODIFY_REG(tmpbdtr, TIM_BDTR_BKBID, sBreakDeadTimeConfig->BreakAFMode);
2076:Drivers/STM32G0xx_HAL_Driver/Src/stm32g0xx_hal_tim_ex.c **** 
2077:Drivers/STM32G0xx_HAL_Driver/Src/stm32g0xx_hal_tim_ex.c ****   if (IS_TIM_BKIN2_INSTANCE(htim->Instance))
2078:Drivers/STM32G0xx_HAL_Driver/Src/stm32g0xx_hal_tim_ex.c ****   {
2079:Drivers/STM32G0xx_HAL_Driver/Src/stm32g0xx_hal_tim_ex.c ****     /* Check the parameters */
2080:Drivers/STM32G0xx_HAL_Driver/Src/stm32g0xx_hal_tim_ex.c ****     assert_param(IS_TIM_BREAK2_STATE(sBreakDeadTimeConfig->Break2State));
2081:Drivers/STM32G0xx_HAL_Driver/Src/stm32g0xx_hal_tim_ex.c ****     assert_param(IS_TIM_BREAK2_POLARITY(sBreakDeadTimeConfig->Break2Polarity));
2082:Drivers/STM32G0xx_HAL_Driver/Src/stm32g0xx_hal_tim_ex.c ****     assert_param(IS_TIM_BREAK_FILTER(sBreakDeadTimeConfig->Break2Filter));
2083:Drivers/STM32G0xx_HAL_Driver/Src/stm32g0xx_hal_tim_ex.c ****     assert_param(IS_TIM_BREAK2_AFMODE(sBreakDeadTimeConfig->Break2AFMode));
2084:Drivers/STM32G0xx_HAL_Driver/Src/stm32g0xx_hal_tim_ex.c **** 
ARM GAS  C:\Users\sante\AppData\Local\Temp\cc9r4gT1.s 			page 38


2085:Drivers/STM32G0xx_HAL_Driver/Src/stm32g0xx_hal_tim_ex.c ****     /* Set the BREAK2 input related BDTR bits */
2086:Drivers/STM32G0xx_HAL_Driver/Src/stm32g0xx_hal_tim_ex.c ****     MODIFY_REG(tmpbdtr, TIM_BDTR_BK2F, (sBreakDeadTimeConfig->Break2Filter << TIM_BDTR_BK2F_Pos));
2087:Drivers/STM32G0xx_HAL_Driver/Src/stm32g0xx_hal_tim_ex.c ****     MODIFY_REG(tmpbdtr, TIM_BDTR_BK2E, sBreakDeadTimeConfig->Break2State);
2088:Drivers/STM32G0xx_HAL_Driver/Src/stm32g0xx_hal_tim_ex.c ****     MODIFY_REG(tmpbdtr, TIM_BDTR_BK2P, sBreakDeadTimeConfig->Break2Polarity);
2089:Drivers/STM32G0xx_HAL_Driver/Src/stm32g0xx_hal_tim_ex.c ****     MODIFY_REG(tmpbdtr, TIM_BDTR_BK2BID, sBreakDeadTimeConfig->Break2AFMode);
2090:Drivers/STM32G0xx_HAL_Driver/Src/stm32g0xx_hal_tim_ex.c ****   }
2091:Drivers/STM32G0xx_HAL_Driver/Src/stm32g0xx_hal_tim_ex.c **** 
2092:Drivers/STM32G0xx_HAL_Driver/Src/stm32g0xx_hal_tim_ex.c ****   /* Set TIMx_BDTR */
2093:Drivers/STM32G0xx_HAL_Driver/Src/stm32g0xx_hal_tim_ex.c ****   htim->Instance->BDTR = tmpbdtr;
2094:Drivers/STM32G0xx_HAL_Driver/Src/stm32g0xx_hal_tim_ex.c **** 
2095:Drivers/STM32G0xx_HAL_Driver/Src/stm32g0xx_hal_tim_ex.c ****   __HAL_UNLOCK(htim);
2096:Drivers/STM32G0xx_HAL_Driver/Src/stm32g0xx_hal_tim_ex.c **** 
2097:Drivers/STM32G0xx_HAL_Driver/Src/stm32g0xx_hal_tim_ex.c ****   return HAL_OK;
2098:Drivers/STM32G0xx_HAL_Driver/Src/stm32g0xx_hal_tim_ex.c **** }
2099:Drivers/STM32G0xx_HAL_Driver/Src/stm32g0xx_hal_tim_ex.c **** 
2100:Drivers/STM32G0xx_HAL_Driver/Src/stm32g0xx_hal_tim_ex.c **** /**
2101:Drivers/STM32G0xx_HAL_Driver/Src/stm32g0xx_hal_tim_ex.c ****   * @brief  Configures the break input source.
2102:Drivers/STM32G0xx_HAL_Driver/Src/stm32g0xx_hal_tim_ex.c ****   * @param  htim TIM handle.
2103:Drivers/STM32G0xx_HAL_Driver/Src/stm32g0xx_hal_tim_ex.c ****   * @param  BreakInput Break input to configure
2104:Drivers/STM32G0xx_HAL_Driver/Src/stm32g0xx_hal_tim_ex.c ****   *          This parameter can be one of the following values:
2105:Drivers/STM32G0xx_HAL_Driver/Src/stm32g0xx_hal_tim_ex.c ****   *            @arg TIM_BREAKINPUT_BRK: Timer break input
2106:Drivers/STM32G0xx_HAL_Driver/Src/stm32g0xx_hal_tim_ex.c ****   *            @arg TIM_BREAKINPUT_BRK2: Timer break 2 input
2107:Drivers/STM32G0xx_HAL_Driver/Src/stm32g0xx_hal_tim_ex.c ****   * @param  sBreakInputConfig Break input source configuration
2108:Drivers/STM32G0xx_HAL_Driver/Src/stm32g0xx_hal_tim_ex.c ****   * @retval HAL status
2109:Drivers/STM32G0xx_HAL_Driver/Src/stm32g0xx_hal_tim_ex.c ****   */
2110:Drivers/STM32G0xx_HAL_Driver/Src/stm32g0xx_hal_tim_ex.c **** HAL_StatusTypeDef HAL_TIMEx_ConfigBreakInput(TIM_HandleTypeDef *htim,
2111:Drivers/STM32G0xx_HAL_Driver/Src/stm32g0xx_hal_tim_ex.c ****                                              uint32_t BreakInput,
2112:Drivers/STM32G0xx_HAL_Driver/Src/stm32g0xx_hal_tim_ex.c ****                                              const TIMEx_BreakInputConfigTypeDef *sBreakInputConfig
2113:Drivers/STM32G0xx_HAL_Driver/Src/stm32g0xx_hal_tim_ex.c **** {
2114:Drivers/STM32G0xx_HAL_Driver/Src/stm32g0xx_hal_tim_ex.c ****   HAL_StatusTypeDef status = HAL_OK;
2115:Drivers/STM32G0xx_HAL_Driver/Src/stm32g0xx_hal_tim_ex.c ****   uint32_t tmporx;
2116:Drivers/STM32G0xx_HAL_Driver/Src/stm32g0xx_hal_tim_ex.c ****   uint32_t bkin_enable_mask;
2117:Drivers/STM32G0xx_HAL_Driver/Src/stm32g0xx_hal_tim_ex.c ****   uint32_t bkin_polarity_mask;
2118:Drivers/STM32G0xx_HAL_Driver/Src/stm32g0xx_hal_tim_ex.c ****   uint32_t bkin_enable_bitpos;
2119:Drivers/STM32G0xx_HAL_Driver/Src/stm32g0xx_hal_tim_ex.c ****   uint32_t bkin_polarity_bitpos;
2120:Drivers/STM32G0xx_HAL_Driver/Src/stm32g0xx_hal_tim_ex.c **** 
2121:Drivers/STM32G0xx_HAL_Driver/Src/stm32g0xx_hal_tim_ex.c ****   /* Check the parameters */
2122:Drivers/STM32G0xx_HAL_Driver/Src/stm32g0xx_hal_tim_ex.c ****   assert_param(IS_TIM_BREAK_INSTANCE(htim->Instance));
2123:Drivers/STM32G0xx_HAL_Driver/Src/stm32g0xx_hal_tim_ex.c ****   assert_param(IS_TIM_BREAKINPUT(BreakInput));
2124:Drivers/STM32G0xx_HAL_Driver/Src/stm32g0xx_hal_tim_ex.c ****   assert_param(IS_TIM_BREAKINPUTSOURCE(sBreakInputConfig->Source));
2125:Drivers/STM32G0xx_HAL_Driver/Src/stm32g0xx_hal_tim_ex.c ****   assert_param(IS_TIM_BREAKINPUTSOURCE_STATE(sBreakInputConfig->Enable));
2126:Drivers/STM32G0xx_HAL_Driver/Src/stm32g0xx_hal_tim_ex.c ****   assert_param(IS_TIM_BREAKINPUTSOURCE_POLARITY(sBreakInputConfig->Polarity));
2127:Drivers/STM32G0xx_HAL_Driver/Src/stm32g0xx_hal_tim_ex.c **** 
2128:Drivers/STM32G0xx_HAL_Driver/Src/stm32g0xx_hal_tim_ex.c ****   /* Check input state */
2129:Drivers/STM32G0xx_HAL_Driver/Src/stm32g0xx_hal_tim_ex.c ****   __HAL_LOCK(htim);
2130:Drivers/STM32G0xx_HAL_Driver/Src/stm32g0xx_hal_tim_ex.c **** 
2131:Drivers/STM32G0xx_HAL_Driver/Src/stm32g0xx_hal_tim_ex.c ****   switch (sBreakInputConfig->Source)
2132:Drivers/STM32G0xx_HAL_Driver/Src/stm32g0xx_hal_tim_ex.c ****   {
2133:Drivers/STM32G0xx_HAL_Driver/Src/stm32g0xx_hal_tim_ex.c ****     case TIM_BREAKINPUTSOURCE_BKIN:
2134:Drivers/STM32G0xx_HAL_Driver/Src/stm32g0xx_hal_tim_ex.c ****     {
2135:Drivers/STM32G0xx_HAL_Driver/Src/stm32g0xx_hal_tim_ex.c ****       bkin_enable_mask = TIM1_AF1_BKINE;
2136:Drivers/STM32G0xx_HAL_Driver/Src/stm32g0xx_hal_tim_ex.c ****       bkin_enable_bitpos = TIM1_AF1_BKINE_Pos;
2137:Drivers/STM32G0xx_HAL_Driver/Src/stm32g0xx_hal_tim_ex.c ****       bkin_polarity_mask = TIM1_AF1_BKINP;
2138:Drivers/STM32G0xx_HAL_Driver/Src/stm32g0xx_hal_tim_ex.c ****       bkin_polarity_bitpos = TIM1_AF1_BKINP_Pos;
2139:Drivers/STM32G0xx_HAL_Driver/Src/stm32g0xx_hal_tim_ex.c ****       break;
2140:Drivers/STM32G0xx_HAL_Driver/Src/stm32g0xx_hal_tim_ex.c ****     }
2141:Drivers/STM32G0xx_HAL_Driver/Src/stm32g0xx_hal_tim_ex.c **** #if defined(COMP1) && defined(COMP2)
ARM GAS  C:\Users\sante\AppData\Local\Temp\cc9r4gT1.s 			page 39


2142:Drivers/STM32G0xx_HAL_Driver/Src/stm32g0xx_hal_tim_ex.c ****     case TIM_BREAKINPUTSOURCE_COMP1:
2143:Drivers/STM32G0xx_HAL_Driver/Src/stm32g0xx_hal_tim_ex.c ****     {
2144:Drivers/STM32G0xx_HAL_Driver/Src/stm32g0xx_hal_tim_ex.c ****       bkin_enable_mask = TIM1_AF1_BKCMP1E;
2145:Drivers/STM32G0xx_HAL_Driver/Src/stm32g0xx_hal_tim_ex.c ****       bkin_enable_bitpos = TIM1_AF1_BKCMP1E_Pos;
2146:Drivers/STM32G0xx_HAL_Driver/Src/stm32g0xx_hal_tim_ex.c ****       bkin_polarity_mask = TIM1_AF1_BKCMP1P;
2147:Drivers/STM32G0xx_HAL_Driver/Src/stm32g0xx_hal_tim_ex.c ****       bkin_polarity_bitpos = TIM1_AF1_BKCMP1P_Pos;
2148:Drivers/STM32G0xx_HAL_Driver/Src/stm32g0xx_hal_tim_ex.c ****       break;
2149:Drivers/STM32G0xx_HAL_Driver/Src/stm32g0xx_hal_tim_ex.c ****     }
2150:Drivers/STM32G0xx_HAL_Driver/Src/stm32g0xx_hal_tim_ex.c ****     case TIM_BREAKINPUTSOURCE_COMP2:
2151:Drivers/STM32G0xx_HAL_Driver/Src/stm32g0xx_hal_tim_ex.c ****     {
2152:Drivers/STM32G0xx_HAL_Driver/Src/stm32g0xx_hal_tim_ex.c ****       bkin_enable_mask = TIM1_AF1_BKCMP2E;
2153:Drivers/STM32G0xx_HAL_Driver/Src/stm32g0xx_hal_tim_ex.c ****       bkin_enable_bitpos = TIM1_AF1_BKCMP2E_Pos;
2154:Drivers/STM32G0xx_HAL_Driver/Src/stm32g0xx_hal_tim_ex.c ****       bkin_polarity_mask = TIM1_AF1_BKCMP2P;
2155:Drivers/STM32G0xx_HAL_Driver/Src/stm32g0xx_hal_tim_ex.c ****       bkin_polarity_bitpos = TIM1_AF1_BKCMP2P_Pos;
2156:Drivers/STM32G0xx_HAL_Driver/Src/stm32g0xx_hal_tim_ex.c ****       break;
2157:Drivers/STM32G0xx_HAL_Driver/Src/stm32g0xx_hal_tim_ex.c ****     }
2158:Drivers/STM32G0xx_HAL_Driver/Src/stm32g0xx_hal_tim_ex.c **** #endif /* COMP1 && COMP2 */
2159:Drivers/STM32G0xx_HAL_Driver/Src/stm32g0xx_hal_tim_ex.c **** #if defined(COMP3)
2160:Drivers/STM32G0xx_HAL_Driver/Src/stm32g0xx_hal_tim_ex.c ****     case TIM_BREAKINPUTSOURCE_COMP3:
2161:Drivers/STM32G0xx_HAL_Driver/Src/stm32g0xx_hal_tim_ex.c ****     {
2162:Drivers/STM32G0xx_HAL_Driver/Src/stm32g0xx_hal_tim_ex.c ****       bkin_enable_mask = TIM1_AF1_BKCMP3E;
2163:Drivers/STM32G0xx_HAL_Driver/Src/stm32g0xx_hal_tim_ex.c ****       bkin_enable_bitpos = TIM1_AF1_BKCMP3E_Pos;
2164:Drivers/STM32G0xx_HAL_Driver/Src/stm32g0xx_hal_tim_ex.c ****       bkin_polarity_mask = TIM1_AF1_BKCMP3P;
2165:Drivers/STM32G0xx_HAL_Driver/Src/stm32g0xx_hal_tim_ex.c ****       bkin_polarity_bitpos = TIM1_AF1_BKCMP3P_Pos;
2166:Drivers/STM32G0xx_HAL_Driver/Src/stm32g0xx_hal_tim_ex.c ****       break;
2167:Drivers/STM32G0xx_HAL_Driver/Src/stm32g0xx_hal_tim_ex.c ****     }
2168:Drivers/STM32G0xx_HAL_Driver/Src/stm32g0xx_hal_tim_ex.c **** #endif /* COMP3 */
2169:Drivers/STM32G0xx_HAL_Driver/Src/stm32g0xx_hal_tim_ex.c **** 
2170:Drivers/STM32G0xx_HAL_Driver/Src/stm32g0xx_hal_tim_ex.c ****     default:
2171:Drivers/STM32G0xx_HAL_Driver/Src/stm32g0xx_hal_tim_ex.c ****     {
2172:Drivers/STM32G0xx_HAL_Driver/Src/stm32g0xx_hal_tim_ex.c ****       bkin_enable_mask = 0U;
2173:Drivers/STM32G0xx_HAL_Driver/Src/stm32g0xx_hal_tim_ex.c ****       bkin_polarity_mask = 0U;
2174:Drivers/STM32G0xx_HAL_Driver/Src/stm32g0xx_hal_tim_ex.c ****       bkin_enable_bitpos = 0U;
2175:Drivers/STM32G0xx_HAL_Driver/Src/stm32g0xx_hal_tim_ex.c ****       bkin_polarity_bitpos = 0U;
2176:Drivers/STM32G0xx_HAL_Driver/Src/stm32g0xx_hal_tim_ex.c ****       break;
2177:Drivers/STM32G0xx_HAL_Driver/Src/stm32g0xx_hal_tim_ex.c ****     }
2178:Drivers/STM32G0xx_HAL_Driver/Src/stm32g0xx_hal_tim_ex.c ****   }
2179:Drivers/STM32G0xx_HAL_Driver/Src/stm32g0xx_hal_tim_ex.c **** 
2180:Drivers/STM32G0xx_HAL_Driver/Src/stm32g0xx_hal_tim_ex.c ****   switch (BreakInput)
2181:Drivers/STM32G0xx_HAL_Driver/Src/stm32g0xx_hal_tim_ex.c ****   {
2182:Drivers/STM32G0xx_HAL_Driver/Src/stm32g0xx_hal_tim_ex.c ****     case TIM_BREAKINPUT_BRK:
2183:Drivers/STM32G0xx_HAL_Driver/Src/stm32g0xx_hal_tim_ex.c ****     {
2184:Drivers/STM32G0xx_HAL_Driver/Src/stm32g0xx_hal_tim_ex.c ****       /* Get the TIMx_AF1 register value */
2185:Drivers/STM32G0xx_HAL_Driver/Src/stm32g0xx_hal_tim_ex.c ****       tmporx = htim->Instance->AF1;
2186:Drivers/STM32G0xx_HAL_Driver/Src/stm32g0xx_hal_tim_ex.c **** 
2187:Drivers/STM32G0xx_HAL_Driver/Src/stm32g0xx_hal_tim_ex.c ****       /* Enable the break input */
2188:Drivers/STM32G0xx_HAL_Driver/Src/stm32g0xx_hal_tim_ex.c ****       tmporx &= ~bkin_enable_mask;
2189:Drivers/STM32G0xx_HAL_Driver/Src/stm32g0xx_hal_tim_ex.c ****       tmporx |= (sBreakInputConfig->Enable << bkin_enable_bitpos) & bkin_enable_mask;
2190:Drivers/STM32G0xx_HAL_Driver/Src/stm32g0xx_hal_tim_ex.c **** 
2191:Drivers/STM32G0xx_HAL_Driver/Src/stm32g0xx_hal_tim_ex.c ****       /* Set the break input polarity */
2192:Drivers/STM32G0xx_HAL_Driver/Src/stm32g0xx_hal_tim_ex.c ****       tmporx &= ~bkin_polarity_mask;
2193:Drivers/STM32G0xx_HAL_Driver/Src/stm32g0xx_hal_tim_ex.c ****       tmporx |= (sBreakInputConfig->Polarity << bkin_polarity_bitpos) & bkin_polarity_mask;
2194:Drivers/STM32G0xx_HAL_Driver/Src/stm32g0xx_hal_tim_ex.c **** 
2195:Drivers/STM32G0xx_HAL_Driver/Src/stm32g0xx_hal_tim_ex.c ****       /* Set TIMx_AF1 */
2196:Drivers/STM32G0xx_HAL_Driver/Src/stm32g0xx_hal_tim_ex.c ****       htim->Instance->AF1 = tmporx;
2197:Drivers/STM32G0xx_HAL_Driver/Src/stm32g0xx_hal_tim_ex.c ****       break;
2198:Drivers/STM32G0xx_HAL_Driver/Src/stm32g0xx_hal_tim_ex.c ****     }
ARM GAS  C:\Users\sante\AppData\Local\Temp\cc9r4gT1.s 			page 40


2199:Drivers/STM32G0xx_HAL_Driver/Src/stm32g0xx_hal_tim_ex.c ****     case TIM_BREAKINPUT_BRK2:
2200:Drivers/STM32G0xx_HAL_Driver/Src/stm32g0xx_hal_tim_ex.c ****     {
2201:Drivers/STM32G0xx_HAL_Driver/Src/stm32g0xx_hal_tim_ex.c ****       /* Get the TIMx_AF2 register value */
2202:Drivers/STM32G0xx_HAL_Driver/Src/stm32g0xx_hal_tim_ex.c ****       tmporx = htim->Instance->AF2;
2203:Drivers/STM32G0xx_HAL_Driver/Src/stm32g0xx_hal_tim_ex.c **** 
2204:Drivers/STM32G0xx_HAL_Driver/Src/stm32g0xx_hal_tim_ex.c ****       /* Enable the break input */
2205:Drivers/STM32G0xx_HAL_Driver/Src/stm32g0xx_hal_tim_ex.c ****       tmporx &= ~bkin_enable_mask;
2206:Drivers/STM32G0xx_HAL_Driver/Src/stm32g0xx_hal_tim_ex.c ****       tmporx |= (sBreakInputConfig->Enable << bkin_enable_bitpos) & bkin_enable_mask;
2207:Drivers/STM32G0xx_HAL_Driver/Src/stm32g0xx_hal_tim_ex.c **** 
2208:Drivers/STM32G0xx_HAL_Driver/Src/stm32g0xx_hal_tim_ex.c ****       /* Set the break input polarity */
2209:Drivers/STM32G0xx_HAL_Driver/Src/stm32g0xx_hal_tim_ex.c ****       tmporx &= ~bkin_polarity_mask;
2210:Drivers/STM32G0xx_HAL_Driver/Src/stm32g0xx_hal_tim_ex.c ****       tmporx |= (sBreakInputConfig->Polarity << bkin_polarity_bitpos) & bkin_polarity_mask;
2211:Drivers/STM32G0xx_HAL_Driver/Src/stm32g0xx_hal_tim_ex.c **** 
2212:Drivers/STM32G0xx_HAL_Driver/Src/stm32g0xx_hal_tim_ex.c ****       /* Set TIMx_AF2 */
2213:Drivers/STM32G0xx_HAL_Driver/Src/stm32g0xx_hal_tim_ex.c ****       htim->Instance->AF2 = tmporx;
2214:Drivers/STM32G0xx_HAL_Driver/Src/stm32g0xx_hal_tim_ex.c ****       break;
2215:Drivers/STM32G0xx_HAL_Driver/Src/stm32g0xx_hal_tim_ex.c ****     }
2216:Drivers/STM32G0xx_HAL_Driver/Src/stm32g0xx_hal_tim_ex.c ****     default:
2217:Drivers/STM32G0xx_HAL_Driver/Src/stm32g0xx_hal_tim_ex.c ****       status = HAL_ERROR;
2218:Drivers/STM32G0xx_HAL_Driver/Src/stm32g0xx_hal_tim_ex.c ****       break;
2219:Drivers/STM32G0xx_HAL_Driver/Src/stm32g0xx_hal_tim_ex.c ****   }
2220:Drivers/STM32G0xx_HAL_Driver/Src/stm32g0xx_hal_tim_ex.c **** 
2221:Drivers/STM32G0xx_HAL_Driver/Src/stm32g0xx_hal_tim_ex.c ****   __HAL_UNLOCK(htim);
2222:Drivers/STM32G0xx_HAL_Driver/Src/stm32g0xx_hal_tim_ex.c **** 
2223:Drivers/STM32G0xx_HAL_Driver/Src/stm32g0xx_hal_tim_ex.c ****   return status;
2224:Drivers/STM32G0xx_HAL_Driver/Src/stm32g0xx_hal_tim_ex.c **** }
2225:Drivers/STM32G0xx_HAL_Driver/Src/stm32g0xx_hal_tim_ex.c **** 
2226:Drivers/STM32G0xx_HAL_Driver/Src/stm32g0xx_hal_tim_ex.c **** /**
2227:Drivers/STM32G0xx_HAL_Driver/Src/stm32g0xx_hal_tim_ex.c ****   * @brief  Configures the TIMx Remapping input capabilities.
2228:Drivers/STM32G0xx_HAL_Driver/Src/stm32g0xx_hal_tim_ex.c ****   * @param  htim TIM handle.
2229:Drivers/STM32G0xx_HAL_Driver/Src/stm32g0xx_hal_tim_ex.c ****   * @param  Remap specifies the TIM remapping source.
2230:Drivers/STM32G0xx_HAL_Driver/Src/stm32g0xx_hal_tim_ex.c ****   *         For TIM1, the parameter can take one of the following values:
2231:Drivers/STM32G0xx_HAL_Driver/Src/stm32g0xx_hal_tim_ex.c ****   *            @arg TIM_TIM1_ETR_GPIO:                TIM1 ETR is is connected to GPIO
2232:Drivers/STM32G0xx_HAL_Driver/Src/stm32g0xx_hal_tim_ex.c ****   *            @arg TIM_TIM1_ETR_COMP1:               TIM1 ETR is connected to COMP1 output
2233:Drivers/STM32G0xx_HAL_Driver/Src/stm32g0xx_hal_tim_ex.c ****   *            @arg TIM_TIM1_ETR_COMP2:               TIM1 ETR is connected to COMP2 output
2234:Drivers/STM32G0xx_HAL_Driver/Src/stm32g0xx_hal_tim_ex.c ****   *            @arg TIM_TIM1_ETR_COMP3:               TIM1 ETR is connected to COMP3 output    (**)
2235:Drivers/STM32G0xx_HAL_Driver/Src/stm32g0xx_hal_tim_ex.c ****   *            @arg TIM_TIM1_ETR_ADC1_AWD1:           TIM1 ETR is connected to ADC1 AWD1
2236:Drivers/STM32G0xx_HAL_Driver/Src/stm32g0xx_hal_tim_ex.c ****   *            @arg TIM_TIM1_ETR_ADC1_AWD2:           TIM1 ETR is connected to ADC1 AWD2
2237:Drivers/STM32G0xx_HAL_Driver/Src/stm32g0xx_hal_tim_ex.c ****   *            @arg TIM_TIM1_ETR_ADC1_AWD3:           TIM1 ETR is connected to ADC1 AWD3
2238:Drivers/STM32G0xx_HAL_Driver/Src/stm32g0xx_hal_tim_ex.c ****   *
2239:Drivers/STM32G0xx_HAL_Driver/Src/stm32g0xx_hal_tim_ex.c ****   *         For TIM2, the parameter can take one of the following values: (*)
2240:Drivers/STM32G0xx_HAL_Driver/Src/stm32g0xx_hal_tim_ex.c ****   *            @arg TIM_TIM2_ETR_GPIO:                TIM2_ETR is connected to GPIO
2241:Drivers/STM32G0xx_HAL_Driver/Src/stm32g0xx_hal_tim_ex.c ****   *            @arg TIM_TIM2_ETR_COMP1:               TIM2_ETR is connected to COMP1 output
2242:Drivers/STM32G0xx_HAL_Driver/Src/stm32g0xx_hal_tim_ex.c ****   *            @arg TIM_TIM2_ETR_COMP2:               TIM2_ETR is connected to COMP2 output
2243:Drivers/STM32G0xx_HAL_Driver/Src/stm32g0xx_hal_tim_ex.c ****   *            @arg TIM_TIM2_ETR_COMP3:               TIM2_ETR is connected to COMP3 output    (**)
2244:Drivers/STM32G0xx_HAL_Driver/Src/stm32g0xx_hal_tim_ex.c ****   *            @arg TIM_TIM2_ETR_LSE:                 TIM2_ETR is connected to LSE
2245:Drivers/STM32G0xx_HAL_Driver/Src/stm32g0xx_hal_tim_ex.c ****   *            @arg TIM_TIM2_ETR_MCO:                 TIM2_ETR is connected to MCO             (**)
2246:Drivers/STM32G0xx_HAL_Driver/Src/stm32g0xx_hal_tim_ex.c ****   *            @arg TIM_TIM2_ETR_MCO2:                TIM2_ETR is connected to MCO2            (**)
2247:Drivers/STM32G0xx_HAL_Driver/Src/stm32g0xx_hal_tim_ex.c ****   *
2248:Drivers/STM32G0xx_HAL_Driver/Src/stm32g0xx_hal_tim_ex.c ****   *         For TIM3, the parameter can take one of the following values:
2249:Drivers/STM32G0xx_HAL_Driver/Src/stm32g0xx_hal_tim_ex.c ****   *            @arg TIM_TIM3_ETR_GPIO                TIM3_ETR is connected to GPIO
2250:Drivers/STM32G0xx_HAL_Driver/Src/stm32g0xx_hal_tim_ex.c ****   *            @arg TIM_TIM3_ETR_COMP1               TIM3_ETR is connected to COMP1 output
2251:Drivers/STM32G0xx_HAL_Driver/Src/stm32g0xx_hal_tim_ex.c ****   *            @arg TIM_TIM3_ETR_COMP2               TIM3_ETR is connected to COMP2 output
2252:Drivers/STM32G0xx_HAL_Driver/Src/stm32g0xx_hal_tim_ex.c ****   *            @arg TIM_TIM3_ETR_COMP3               TIM3_ETR is connected to COMP3 output    (**)
2253:Drivers/STM32G0xx_HAL_Driver/Src/stm32g0xx_hal_tim_ex.c ****   *
2254:Drivers/STM32G0xx_HAL_Driver/Src/stm32g0xx_hal_tim_ex.c ****   *         For TIM4, the parameter can take one of the following values:(*)
2255:Drivers/STM32G0xx_HAL_Driver/Src/stm32g0xx_hal_tim_ex.c ****   *            @arg TIM_TIM4_ETR_GPIO                TIM4_ETR is connected to GPIO
ARM GAS  C:\Users\sante\AppData\Local\Temp\cc9r4gT1.s 			page 41


2256:Drivers/STM32G0xx_HAL_Driver/Src/stm32g0xx_hal_tim_ex.c ****   *            @arg TIM_TIM4_ETR_COMP1               TIM4_ETR is connected to COMP1 output
2257:Drivers/STM32G0xx_HAL_Driver/Src/stm32g0xx_hal_tim_ex.c ****   *            @arg TIM_TIM4_ETR_COMP2               TIM4_ETR is connected to COMP2 output
2258:Drivers/STM32G0xx_HAL_Driver/Src/stm32g0xx_hal_tim_ex.c ****   *            @arg TIM_TIM4_ETR_COMP3               TIM4_ETR is connected to COMP3 output    (**)
2259:Drivers/STM32G0xx_HAL_Driver/Src/stm32g0xx_hal_tim_ex.c ****   *
2260:Drivers/STM32G0xx_HAL_Driver/Src/stm32g0xx_hal_tim_ex.c ****   *  (*) Timer instance not available on all devices \n
2261:Drivers/STM32G0xx_HAL_Driver/Src/stm32g0xx_hal_tim_ex.c ****   *  (**) Value not defined in all devices. \n
2262:Drivers/STM32G0xx_HAL_Driver/Src/stm32g0xx_hal_tim_ex.c ****   *
2263:Drivers/STM32G0xx_HAL_Driver/Src/stm32g0xx_hal_tim_ex.c ****   * @retval HAL status
2264:Drivers/STM32G0xx_HAL_Driver/Src/stm32g0xx_hal_tim_ex.c ****   */
2265:Drivers/STM32G0xx_HAL_Driver/Src/stm32g0xx_hal_tim_ex.c **** HAL_StatusTypeDef HAL_TIMEx_RemapConfig(TIM_HandleTypeDef *htim, uint32_t Remap)
2266:Drivers/STM32G0xx_HAL_Driver/Src/stm32g0xx_hal_tim_ex.c **** {
2267:Drivers/STM32G0xx_HAL_Driver/Src/stm32g0xx_hal_tim_ex.c ****   /* Check parameters */
2268:Drivers/STM32G0xx_HAL_Driver/Src/stm32g0xx_hal_tim_ex.c ****   assert_param(IS_TIM_REMAP_INSTANCE(htim->Instance));
2269:Drivers/STM32G0xx_HAL_Driver/Src/stm32g0xx_hal_tim_ex.c ****   assert_param(IS_TIM_REMAP(Remap));
2270:Drivers/STM32G0xx_HAL_Driver/Src/stm32g0xx_hal_tim_ex.c **** 
2271:Drivers/STM32G0xx_HAL_Driver/Src/stm32g0xx_hal_tim_ex.c ****   __HAL_LOCK(htim);
2272:Drivers/STM32G0xx_HAL_Driver/Src/stm32g0xx_hal_tim_ex.c **** 
2273:Drivers/STM32G0xx_HAL_Driver/Src/stm32g0xx_hal_tim_ex.c ****   MODIFY_REG(htim->Instance->AF1, TIM1_AF1_ETRSEL_Msk, Remap);
2274:Drivers/STM32G0xx_HAL_Driver/Src/stm32g0xx_hal_tim_ex.c **** 
2275:Drivers/STM32G0xx_HAL_Driver/Src/stm32g0xx_hal_tim_ex.c ****   __HAL_UNLOCK(htim);
2276:Drivers/STM32G0xx_HAL_Driver/Src/stm32g0xx_hal_tim_ex.c **** 
2277:Drivers/STM32G0xx_HAL_Driver/Src/stm32g0xx_hal_tim_ex.c ****   return HAL_OK;
2278:Drivers/STM32G0xx_HAL_Driver/Src/stm32g0xx_hal_tim_ex.c **** }
2279:Drivers/STM32G0xx_HAL_Driver/Src/stm32g0xx_hal_tim_ex.c **** 
2280:Drivers/STM32G0xx_HAL_Driver/Src/stm32g0xx_hal_tim_ex.c **** /**
2281:Drivers/STM32G0xx_HAL_Driver/Src/stm32g0xx_hal_tim_ex.c ****   * @brief  Select the timer input source
2282:Drivers/STM32G0xx_HAL_Driver/Src/stm32g0xx_hal_tim_ex.c ****   * @param  htim TIM handle.
2283:Drivers/STM32G0xx_HAL_Driver/Src/stm32g0xx_hal_tim_ex.c ****   * @param  Channel specifies the TIM Channel
2284:Drivers/STM32G0xx_HAL_Driver/Src/stm32g0xx_hal_tim_ex.c ****   *          This parameter can be one of the following values:
2285:Drivers/STM32G0xx_HAL_Driver/Src/stm32g0xx_hal_tim_ex.c ****   *            @arg TIM_CHANNEL_1: TI1 input channel
2286:Drivers/STM32G0xx_HAL_Driver/Src/stm32g0xx_hal_tim_ex.c ****   *            @arg TIM_CHANNEL_2: TI2 input channel
2287:Drivers/STM32G0xx_HAL_Driver/Src/stm32g0xx_hal_tim_ex.c ****   *            @arg TIM_CHANNEL_3: TI3 input channel
2288:Drivers/STM32G0xx_HAL_Driver/Src/stm32g0xx_hal_tim_ex.c ****   * @param  TISelection specifies the timer input source
2289:Drivers/STM32G0xx_HAL_Driver/Src/stm32g0xx_hal_tim_ex.c ****   *
2290:Drivers/STM32G0xx_HAL_Driver/Src/stm32g0xx_hal_tim_ex.c ****   *         For TIM1 this parameter can be one of the following values:
2291:Drivers/STM32G0xx_HAL_Driver/Src/stm32g0xx_hal_tim_ex.c ****   *            @arg TIM_TIM1_TI1_GPIO:                TIM1 TI1 is connected to GPIO
2292:Drivers/STM32G0xx_HAL_Driver/Src/stm32g0xx_hal_tim_ex.c ****   *            @arg TIM_TIM1_TI1_COMP1:               TIM1 TI1 is connected to COMP1 output
2293:Drivers/STM32G0xx_HAL_Driver/Src/stm32g0xx_hal_tim_ex.c ****   *            @arg TIM_TIM1_TI2_GPIO:                TIM1 TI2 is connected to GPIO
2294:Drivers/STM32G0xx_HAL_Driver/Src/stm32g0xx_hal_tim_ex.c ****   *            @arg TIM_TIM1_TI2_COMP2:               TIM1 TI2 is connected to COMP2 output
2295:Drivers/STM32G0xx_HAL_Driver/Src/stm32g0xx_hal_tim_ex.c ****   *            @arg TIM_TIM1_TI3_GPIO:                TIM1 TI3 is connected to GPIO
2296:Drivers/STM32G0xx_HAL_Driver/Src/stm32g0xx_hal_tim_ex.c ****   *            @arg TIM_TIM1_TI3_COMP3:               TIM1 TI3 is connected to COMP3 output   (**)
2297:Drivers/STM32G0xx_HAL_Driver/Src/stm32g0xx_hal_tim_ex.c ****   *
2298:Drivers/STM32G0xx_HAL_Driver/Src/stm32g0xx_hal_tim_ex.c ****   *         For TIM2, the parameter is one of the following values: (*)
2299:Drivers/STM32G0xx_HAL_Driver/Src/stm32g0xx_hal_tim_ex.c ****   *            @arg TIM_TIM2_TI1_GPIO:                TIM2 TI1 is connected to GPIO
2300:Drivers/STM32G0xx_HAL_Driver/Src/stm32g0xx_hal_tim_ex.c ****   *            @arg TIM_TIM2_TI1_COMP1:               TIM2 TI1 is connected to COMP1 output
2301:Drivers/STM32G0xx_HAL_Driver/Src/stm32g0xx_hal_tim_ex.c ****   *            @arg TIM_TIM2_TI2_GPIO:                TIM2 TI2 is connected to GPIO
2302:Drivers/STM32G0xx_HAL_Driver/Src/stm32g0xx_hal_tim_ex.c ****   *            @arg TIM_TIM2_TI2_COMP2:               TIM2 TI2 is connected to COMP2 output
2303:Drivers/STM32G0xx_HAL_Driver/Src/stm32g0xx_hal_tim_ex.c ****   *            @arg TIM_TIM2_TI3_GPIO:                TIM2 TI3 is connected to GPIO
2304:Drivers/STM32G0xx_HAL_Driver/Src/stm32g0xx_hal_tim_ex.c ****   *            @arg TIM_TIM2_TI3_COMP3:               TIM2 TI3 is connected to COMP3 output   (**)
2305:Drivers/STM32G0xx_HAL_Driver/Src/stm32g0xx_hal_tim_ex.c ****   *
2306:Drivers/STM32G0xx_HAL_Driver/Src/stm32g0xx_hal_tim_ex.c ****   *         For TIM3, the parameter is one of the following values:
2307:Drivers/STM32G0xx_HAL_Driver/Src/stm32g0xx_hal_tim_ex.c ****   *            @arg TIM_TIM3_TI1_GPIO:                TIM3 TI1 is connected to GPIO
2308:Drivers/STM32G0xx_HAL_Driver/Src/stm32g0xx_hal_tim_ex.c ****   *            @arg TIM_TIM3_TI1_COMP1:               TIM3 TI1 is connected to COMP1 output
2309:Drivers/STM32G0xx_HAL_Driver/Src/stm32g0xx_hal_tim_ex.c ****   *            @arg TIM_TIM3_TI2_GPIO:                TIM3 TI2 is connected to GPIO
2310:Drivers/STM32G0xx_HAL_Driver/Src/stm32g0xx_hal_tim_ex.c ****   *            @arg TIM_TIM3_TI2_COMP2:               TIM3 TI2 is connected to COMP2 output
2311:Drivers/STM32G0xx_HAL_Driver/Src/stm32g0xx_hal_tim_ex.c ****   *            @arg TIM_TIM3_TI3_GPIO:                TIM3 TI3 is connected to GPIO
2312:Drivers/STM32G0xx_HAL_Driver/Src/stm32g0xx_hal_tim_ex.c ****   *            @arg TIM_TIM3_TI3_COMP3:               TIM3 TI3 is connected to COMP3 output   (**)
ARM GAS  C:\Users\sante\AppData\Local\Temp\cc9r4gT1.s 			page 42


2313:Drivers/STM32G0xx_HAL_Driver/Src/stm32g0xx_hal_tim_ex.c ****   *
2314:Drivers/STM32G0xx_HAL_Driver/Src/stm32g0xx_hal_tim_ex.c ****   *         For TIM4, the parameter is one of the following values: (*)
2315:Drivers/STM32G0xx_HAL_Driver/Src/stm32g0xx_hal_tim_ex.c ****   *            @arg TIM_TIM4_TI1_GPIO:                TIM4 TI1 is connected to GPIO
2316:Drivers/STM32G0xx_HAL_Driver/Src/stm32g0xx_hal_tim_ex.c ****   *            @arg TIM_TIM4_TI1_COMP1:               TIM4 TI1 is connected to COMP1 output
2317:Drivers/STM32G0xx_HAL_Driver/Src/stm32g0xx_hal_tim_ex.c ****   *            @arg TIM_TIM4_TI2_GPIO:                TIM4 TI2 is connected to GPIO
2318:Drivers/STM32G0xx_HAL_Driver/Src/stm32g0xx_hal_tim_ex.c ****   *            @arg TIM_TIM4_TI2_COMP2:               TIM4 TI2 is connected to COMP2 output
2319:Drivers/STM32G0xx_HAL_Driver/Src/stm32g0xx_hal_tim_ex.c ****   *            @arg TIM_TIM4_TI3_GPIO:                TIM4 TI3 is connected to GPIO
2320:Drivers/STM32G0xx_HAL_Driver/Src/stm32g0xx_hal_tim_ex.c ****   *            @arg TIM_TIM4_TI3_COMP3:               TIM4 TI3 is connected to COMP3 output
2321:Drivers/STM32G0xx_HAL_Driver/Src/stm32g0xx_hal_tim_ex.c ****   *
2322:Drivers/STM32G0xx_HAL_Driver/Src/stm32g0xx_hal_tim_ex.c ****   *         For TIM14, the parameter is one of the following values:
2323:Drivers/STM32G0xx_HAL_Driver/Src/stm32g0xx_hal_tim_ex.c ****   *            @arg TIM_TIM14_TI1_GPIO:               TIM14 TI1 is connected to GPIO
2324:Drivers/STM32G0xx_HAL_Driver/Src/stm32g0xx_hal_tim_ex.c ****   *            @arg TIM_TIM14_TI1_RTC:                TIM14 TI1 is connected to RTC clock
2325:Drivers/STM32G0xx_HAL_Driver/Src/stm32g0xx_hal_tim_ex.c ****   *            @arg TIM_TIM14_TI1_HSE_32:             TIM14 TI1 is connected to HSE div 32
2326:Drivers/STM32G0xx_HAL_Driver/Src/stm32g0xx_hal_tim_ex.c ****   *            @arg TIM_TIM14_TI1_MCO:                TIM14 TI1 is connected to MCO
2327:Drivers/STM32G0xx_HAL_Driver/Src/stm32g0xx_hal_tim_ex.c ****   *            @arg TIM_TIM14_TI1_MCO2:               TIM14 TI1 is connected to MCO2          (**)
2328:Drivers/STM32G0xx_HAL_Driver/Src/stm32g0xx_hal_tim_ex.c ****   *
2329:Drivers/STM32G0xx_HAL_Driver/Src/stm32g0xx_hal_tim_ex.c ****   *         For TIM15, the parameter is one of the following values:
2330:Drivers/STM32G0xx_HAL_Driver/Src/stm32g0xx_hal_tim_ex.c ****   *            @arg TIM_TIM15_TI1_GPIO:               TIM15 TI1 is connected to GPIO
2331:Drivers/STM32G0xx_HAL_Driver/Src/stm32g0xx_hal_tim_ex.c ****   *            @arg TIM_TIM15_TI1_TIM2_CH1:           TIM15 TI1 is connected to TIM2 CH1
2332:Drivers/STM32G0xx_HAL_Driver/Src/stm32g0xx_hal_tim_ex.c ****   *            @arg TIM_TIM15_TI1_TIM3_CH1:           TIM15 TI1 is connected to TIM3 CH1
2333:Drivers/STM32G0xx_HAL_Driver/Src/stm32g0xx_hal_tim_ex.c ****   *            @arg TIM_TIM15_TI2_GPIO:               TIM15 TI2 is connected to GPIO
2334:Drivers/STM32G0xx_HAL_Driver/Src/stm32g0xx_hal_tim_ex.c ****   *            @arg TIM_TIM15_TI2_TIM2_CH2:           TIM15 TI2 is connected to TIM2 CH2
2335:Drivers/STM32G0xx_HAL_Driver/Src/stm32g0xx_hal_tim_ex.c ****   *            @arg TIM_TIM15_TI2_TIM3_CH2:           TIM15 TI2 is connected to TIM3 CH2
2336:Drivers/STM32G0xx_HAL_Driver/Src/stm32g0xx_hal_tim_ex.c ****   *
2337:Drivers/STM32G0xx_HAL_Driver/Src/stm32g0xx_hal_tim_ex.c ****   *         For TIM16, the parameter can have the following values:
2338:Drivers/STM32G0xx_HAL_Driver/Src/stm32g0xx_hal_tim_ex.c ****   *            @arg TIM_TIM16_TI1_GPIO:               TIM16 TI1 is connected to GPIO
2339:Drivers/STM32G0xx_HAL_Driver/Src/stm32g0xx_hal_tim_ex.c ****   *            @arg TIM_TIM16_TI1_LSI:                TIM16 TI1 is connected to LSI
2340:Drivers/STM32G0xx_HAL_Driver/Src/stm32g0xx_hal_tim_ex.c ****   *            @arg TIM_TIM16_TI1_LSE:                TIM16 TI1 is connected to LSE
2341:Drivers/STM32G0xx_HAL_Driver/Src/stm32g0xx_hal_tim_ex.c ****   *            @arg TIM_TIM16_TI1_RTC_WAKEUP:         TIM16 TI1 is connected to TRC wakeup interrup
2342:Drivers/STM32G0xx_HAL_Driver/Src/stm32g0xx_hal_tim_ex.c ****   *            @arg TIM_TIM16_TI1_MCO2:               TIM16 TI1 is connected to MCO2          (**)
2343:Drivers/STM32G0xx_HAL_Driver/Src/stm32g0xx_hal_tim_ex.c ****   *
2344:Drivers/STM32G0xx_HAL_Driver/Src/stm32g0xx_hal_tim_ex.c ****   *         For TIM17, the parameter can have the following values:
2345:Drivers/STM32G0xx_HAL_Driver/Src/stm32g0xx_hal_tim_ex.c ****   *            @arg TIM_TIM17_TI1_GPIO:               TIM17 TI1 is connected to GPIO
2346:Drivers/STM32G0xx_HAL_Driver/Src/stm32g0xx_hal_tim_ex.c ****   *            @arg TIM_TIM14_TI1_HSI:                TIM17 TI1 is connected to HSI           (**)
2347:Drivers/STM32G0xx_HAL_Driver/Src/stm32g0xx_hal_tim_ex.c ****   *            @arg TIM_TIM17_TI1_HSE_32:             TIM17 TI1 is connected to HSE div 32
2348:Drivers/STM32G0xx_HAL_Driver/Src/stm32g0xx_hal_tim_ex.c ****   *            @arg TIM_TIM17_TI1_MCO:                TIM17 TI1 is connected to MCO
2349:Drivers/STM32G0xx_HAL_Driver/Src/stm32g0xx_hal_tim_ex.c ****   *            @arg TIM_TIM17_TI1_MCO2:               TIM17 TI1 is connected to MCO2          (**)
2350:Drivers/STM32G0xx_HAL_Driver/Src/stm32g0xx_hal_tim_ex.c ****   *
2351:Drivers/STM32G0xx_HAL_Driver/Src/stm32g0xx_hal_tim_ex.c ****   *  (*) Timer instance not available on all devices \n
2352:Drivers/STM32G0xx_HAL_Driver/Src/stm32g0xx_hal_tim_ex.c ****   *  (**) Value not defined in all devices. \n
2353:Drivers/STM32G0xx_HAL_Driver/Src/stm32g0xx_hal_tim_ex.c ****   *
2354:Drivers/STM32G0xx_HAL_Driver/Src/stm32g0xx_hal_tim_ex.c ****   * @retval HAL status
2355:Drivers/STM32G0xx_HAL_Driver/Src/stm32g0xx_hal_tim_ex.c ****   */
2356:Drivers/STM32G0xx_HAL_Driver/Src/stm32g0xx_hal_tim_ex.c **** HAL_StatusTypeDef  HAL_TIMEx_TISelection(TIM_HandleTypeDef *htim, uint32_t TISelection, uint32_t Ch
2357:Drivers/STM32G0xx_HAL_Driver/Src/stm32g0xx_hal_tim_ex.c **** {
2358:Drivers/STM32G0xx_HAL_Driver/Src/stm32g0xx_hal_tim_ex.c ****   HAL_StatusTypeDef status = HAL_OK;
2359:Drivers/STM32G0xx_HAL_Driver/Src/stm32g0xx_hal_tim_ex.c **** 
2360:Drivers/STM32G0xx_HAL_Driver/Src/stm32g0xx_hal_tim_ex.c ****   /* Check parameters */
2361:Drivers/STM32G0xx_HAL_Driver/Src/stm32g0xx_hal_tim_ex.c ****   assert_param(IS_TIM_TISEL_INSTANCE(htim->Instance));
2362:Drivers/STM32G0xx_HAL_Driver/Src/stm32g0xx_hal_tim_ex.c ****   assert_param(IS_TIM_TISEL(TISelection));
2363:Drivers/STM32G0xx_HAL_Driver/Src/stm32g0xx_hal_tim_ex.c **** 
2364:Drivers/STM32G0xx_HAL_Driver/Src/stm32g0xx_hal_tim_ex.c ****   __HAL_LOCK(htim);
2365:Drivers/STM32G0xx_HAL_Driver/Src/stm32g0xx_hal_tim_ex.c **** 
2366:Drivers/STM32G0xx_HAL_Driver/Src/stm32g0xx_hal_tim_ex.c ****   switch (Channel)
2367:Drivers/STM32G0xx_HAL_Driver/Src/stm32g0xx_hal_tim_ex.c ****   {
2368:Drivers/STM32G0xx_HAL_Driver/Src/stm32g0xx_hal_tim_ex.c ****     case TIM_CHANNEL_1:
2369:Drivers/STM32G0xx_HAL_Driver/Src/stm32g0xx_hal_tim_ex.c ****       MODIFY_REG(htim->Instance->TISEL, TIM_TISEL_TI1SEL, TISelection);
ARM GAS  C:\Users\sante\AppData\Local\Temp\cc9r4gT1.s 			page 43


2370:Drivers/STM32G0xx_HAL_Driver/Src/stm32g0xx_hal_tim_ex.c ****       break;
2371:Drivers/STM32G0xx_HAL_Driver/Src/stm32g0xx_hal_tim_ex.c ****     case TIM_CHANNEL_2:
2372:Drivers/STM32G0xx_HAL_Driver/Src/stm32g0xx_hal_tim_ex.c ****       MODIFY_REG(htim->Instance->TISEL, TIM_TISEL_TI2SEL, TISelection);
2373:Drivers/STM32G0xx_HAL_Driver/Src/stm32g0xx_hal_tim_ex.c ****       break;
2374:Drivers/STM32G0xx_HAL_Driver/Src/stm32g0xx_hal_tim_ex.c ****     case TIM_CHANNEL_3:
2375:Drivers/STM32G0xx_HAL_Driver/Src/stm32g0xx_hal_tim_ex.c ****       MODIFY_REG(htim->Instance->TISEL, TIM_TISEL_TI3SEL, TISelection);
2376:Drivers/STM32G0xx_HAL_Driver/Src/stm32g0xx_hal_tim_ex.c ****       break;
2377:Drivers/STM32G0xx_HAL_Driver/Src/stm32g0xx_hal_tim_ex.c ****     default:
2378:Drivers/STM32G0xx_HAL_Driver/Src/stm32g0xx_hal_tim_ex.c ****       status = HAL_ERROR;
2379:Drivers/STM32G0xx_HAL_Driver/Src/stm32g0xx_hal_tim_ex.c ****       break;
2380:Drivers/STM32G0xx_HAL_Driver/Src/stm32g0xx_hal_tim_ex.c ****   }
2381:Drivers/STM32G0xx_HAL_Driver/Src/stm32g0xx_hal_tim_ex.c **** 
2382:Drivers/STM32G0xx_HAL_Driver/Src/stm32g0xx_hal_tim_ex.c ****   __HAL_UNLOCK(htim);
2383:Drivers/STM32G0xx_HAL_Driver/Src/stm32g0xx_hal_tim_ex.c **** 
2384:Drivers/STM32G0xx_HAL_Driver/Src/stm32g0xx_hal_tim_ex.c ****   return status;
2385:Drivers/STM32G0xx_HAL_Driver/Src/stm32g0xx_hal_tim_ex.c **** }
2386:Drivers/STM32G0xx_HAL_Driver/Src/stm32g0xx_hal_tim_ex.c **** 
2387:Drivers/STM32G0xx_HAL_Driver/Src/stm32g0xx_hal_tim_ex.c **** /**
2388:Drivers/STM32G0xx_HAL_Driver/Src/stm32g0xx_hal_tim_ex.c ****   * @brief  Group channel 5 and channel 1, 2 or 3
2389:Drivers/STM32G0xx_HAL_Driver/Src/stm32g0xx_hal_tim_ex.c ****   * @param  htim TIM handle.
2390:Drivers/STM32G0xx_HAL_Driver/Src/stm32g0xx_hal_tim_ex.c ****   * @param  Channels specifies the reference signal(s) the OC5REF is combined with.
2391:Drivers/STM32G0xx_HAL_Driver/Src/stm32g0xx_hal_tim_ex.c ****   *         This parameter can be any combination of the following values:
2392:Drivers/STM32G0xx_HAL_Driver/Src/stm32g0xx_hal_tim_ex.c ****   *         TIM_GROUPCH5_NONE: No effect of OC5REF on OC1REFC, OC2REFC and OC3REFC
2393:Drivers/STM32G0xx_HAL_Driver/Src/stm32g0xx_hal_tim_ex.c ****   *         TIM_GROUPCH5_OC1REFC: OC1REFC is the logical AND of OC1REFC and OC5REF
2394:Drivers/STM32G0xx_HAL_Driver/Src/stm32g0xx_hal_tim_ex.c ****   *         TIM_GROUPCH5_OC2REFC: OC2REFC is the logical AND of OC2REFC and OC5REF
2395:Drivers/STM32G0xx_HAL_Driver/Src/stm32g0xx_hal_tim_ex.c ****   *         TIM_GROUPCH5_OC3REFC: OC3REFC is the logical AND of OC3REFC and OC5REF
2396:Drivers/STM32G0xx_HAL_Driver/Src/stm32g0xx_hal_tim_ex.c ****   * @retval HAL status
2397:Drivers/STM32G0xx_HAL_Driver/Src/stm32g0xx_hal_tim_ex.c ****   */
2398:Drivers/STM32G0xx_HAL_Driver/Src/stm32g0xx_hal_tim_ex.c **** HAL_StatusTypeDef HAL_TIMEx_GroupChannel5(TIM_HandleTypeDef *htim, uint32_t Channels)
2399:Drivers/STM32G0xx_HAL_Driver/Src/stm32g0xx_hal_tim_ex.c **** {
2400:Drivers/STM32G0xx_HAL_Driver/Src/stm32g0xx_hal_tim_ex.c ****   /* Check parameters */
2401:Drivers/STM32G0xx_HAL_Driver/Src/stm32g0xx_hal_tim_ex.c ****   assert_param(IS_TIM_COMBINED3PHASEPWM_INSTANCE(htim->Instance));
2402:Drivers/STM32G0xx_HAL_Driver/Src/stm32g0xx_hal_tim_ex.c ****   assert_param(IS_TIM_GROUPCH5(Channels));
2403:Drivers/STM32G0xx_HAL_Driver/Src/stm32g0xx_hal_tim_ex.c **** 
2404:Drivers/STM32G0xx_HAL_Driver/Src/stm32g0xx_hal_tim_ex.c ****   /* Process Locked */
2405:Drivers/STM32G0xx_HAL_Driver/Src/stm32g0xx_hal_tim_ex.c ****   __HAL_LOCK(htim);
2406:Drivers/STM32G0xx_HAL_Driver/Src/stm32g0xx_hal_tim_ex.c **** 
2407:Drivers/STM32G0xx_HAL_Driver/Src/stm32g0xx_hal_tim_ex.c ****   htim->State = HAL_TIM_STATE_BUSY;
2408:Drivers/STM32G0xx_HAL_Driver/Src/stm32g0xx_hal_tim_ex.c **** 
2409:Drivers/STM32G0xx_HAL_Driver/Src/stm32g0xx_hal_tim_ex.c ****   /* Clear GC5Cx bit fields */
2410:Drivers/STM32G0xx_HAL_Driver/Src/stm32g0xx_hal_tim_ex.c ****   htim->Instance->CCR5 &= ~(TIM_CCR5_GC5C3 | TIM_CCR5_GC5C2 | TIM_CCR5_GC5C1);
2411:Drivers/STM32G0xx_HAL_Driver/Src/stm32g0xx_hal_tim_ex.c **** 
2412:Drivers/STM32G0xx_HAL_Driver/Src/stm32g0xx_hal_tim_ex.c ****   /* Set GC5Cx bit fields */
2413:Drivers/STM32G0xx_HAL_Driver/Src/stm32g0xx_hal_tim_ex.c ****   htim->Instance->CCR5 |= Channels;
2414:Drivers/STM32G0xx_HAL_Driver/Src/stm32g0xx_hal_tim_ex.c **** 
2415:Drivers/STM32G0xx_HAL_Driver/Src/stm32g0xx_hal_tim_ex.c ****   /* Change the htim state */
2416:Drivers/STM32G0xx_HAL_Driver/Src/stm32g0xx_hal_tim_ex.c ****   htim->State = HAL_TIM_STATE_READY;
2417:Drivers/STM32G0xx_HAL_Driver/Src/stm32g0xx_hal_tim_ex.c **** 
2418:Drivers/STM32G0xx_HAL_Driver/Src/stm32g0xx_hal_tim_ex.c ****   __HAL_UNLOCK(htim);
2419:Drivers/STM32G0xx_HAL_Driver/Src/stm32g0xx_hal_tim_ex.c **** 
2420:Drivers/STM32G0xx_HAL_Driver/Src/stm32g0xx_hal_tim_ex.c ****   return HAL_OK;
2421:Drivers/STM32G0xx_HAL_Driver/Src/stm32g0xx_hal_tim_ex.c **** }
2422:Drivers/STM32G0xx_HAL_Driver/Src/stm32g0xx_hal_tim_ex.c **** 
2423:Drivers/STM32G0xx_HAL_Driver/Src/stm32g0xx_hal_tim_ex.c **** /**
2424:Drivers/STM32G0xx_HAL_Driver/Src/stm32g0xx_hal_tim_ex.c ****   * @brief  Disarm the designated break input (when it operates in bidirectional mode).
2425:Drivers/STM32G0xx_HAL_Driver/Src/stm32g0xx_hal_tim_ex.c ****   * @param  htim TIM handle.
2426:Drivers/STM32G0xx_HAL_Driver/Src/stm32g0xx_hal_tim_ex.c ****   * @param  BreakInput Break input to disarm
ARM GAS  C:\Users\sante\AppData\Local\Temp\cc9r4gT1.s 			page 44


2427:Drivers/STM32G0xx_HAL_Driver/Src/stm32g0xx_hal_tim_ex.c ****   *          This parameter can be one of the following values:
2428:Drivers/STM32G0xx_HAL_Driver/Src/stm32g0xx_hal_tim_ex.c ****   *            @arg TIM_BREAKINPUT_BRK: Timer break input
2429:Drivers/STM32G0xx_HAL_Driver/Src/stm32g0xx_hal_tim_ex.c ****   *            @arg TIM_BREAKINPUT_BRK2: Timer break 2 input
2430:Drivers/STM32G0xx_HAL_Driver/Src/stm32g0xx_hal_tim_ex.c ****   * @note  The break input can be disarmed only when it is configured in
2431:Drivers/STM32G0xx_HAL_Driver/Src/stm32g0xx_hal_tim_ex.c ****   *        bidirectional mode and when when MOE is reset.
2432:Drivers/STM32G0xx_HAL_Driver/Src/stm32g0xx_hal_tim_ex.c ****   * @note  Purpose is to be able to have the input voltage back to high-state,
2433:Drivers/STM32G0xx_HAL_Driver/Src/stm32g0xx_hal_tim_ex.c ****   *        whatever the time constant on the output .
2434:Drivers/STM32G0xx_HAL_Driver/Src/stm32g0xx_hal_tim_ex.c ****   * @retval HAL status
2435:Drivers/STM32G0xx_HAL_Driver/Src/stm32g0xx_hal_tim_ex.c ****   */
2436:Drivers/STM32G0xx_HAL_Driver/Src/stm32g0xx_hal_tim_ex.c **** HAL_StatusTypeDef HAL_TIMEx_DisarmBreakInput(TIM_HandleTypeDef *htim, uint32_t BreakInput)
2437:Drivers/STM32G0xx_HAL_Driver/Src/stm32g0xx_hal_tim_ex.c **** {
2438:Drivers/STM32G0xx_HAL_Driver/Src/stm32g0xx_hal_tim_ex.c ****   HAL_StatusTypeDef status = HAL_OK;
2439:Drivers/STM32G0xx_HAL_Driver/Src/stm32g0xx_hal_tim_ex.c ****   uint32_t tmpbdtr;
2440:Drivers/STM32G0xx_HAL_Driver/Src/stm32g0xx_hal_tim_ex.c **** 
2441:Drivers/STM32G0xx_HAL_Driver/Src/stm32g0xx_hal_tim_ex.c ****   /* Check the parameters */
2442:Drivers/STM32G0xx_HAL_Driver/Src/stm32g0xx_hal_tim_ex.c ****   assert_param(IS_TIM_BREAK_INSTANCE(htim->Instance));
2443:Drivers/STM32G0xx_HAL_Driver/Src/stm32g0xx_hal_tim_ex.c ****   assert_param(IS_TIM_BREAKINPUT(BreakInput));
2444:Drivers/STM32G0xx_HAL_Driver/Src/stm32g0xx_hal_tim_ex.c **** 
2445:Drivers/STM32G0xx_HAL_Driver/Src/stm32g0xx_hal_tim_ex.c ****   switch (BreakInput)
2446:Drivers/STM32G0xx_HAL_Driver/Src/stm32g0xx_hal_tim_ex.c ****   {
2447:Drivers/STM32G0xx_HAL_Driver/Src/stm32g0xx_hal_tim_ex.c ****     case TIM_BREAKINPUT_BRK:
2448:Drivers/STM32G0xx_HAL_Driver/Src/stm32g0xx_hal_tim_ex.c ****     {
2449:Drivers/STM32G0xx_HAL_Driver/Src/stm32g0xx_hal_tim_ex.c ****       /* Check initial conditions */
2450:Drivers/STM32G0xx_HAL_Driver/Src/stm32g0xx_hal_tim_ex.c ****       tmpbdtr = READ_REG(htim->Instance->BDTR);
2451:Drivers/STM32G0xx_HAL_Driver/Src/stm32g0xx_hal_tim_ex.c ****       if ((READ_BIT(tmpbdtr, TIM_BDTR_BKBID) == TIM_BDTR_BKBID) &&
2452:Drivers/STM32G0xx_HAL_Driver/Src/stm32g0xx_hal_tim_ex.c ****           (READ_BIT(tmpbdtr, TIM_BDTR_MOE) == 0U))
2453:Drivers/STM32G0xx_HAL_Driver/Src/stm32g0xx_hal_tim_ex.c ****       {
2454:Drivers/STM32G0xx_HAL_Driver/Src/stm32g0xx_hal_tim_ex.c ****         /* Break input BRK is disarmed */
2455:Drivers/STM32G0xx_HAL_Driver/Src/stm32g0xx_hal_tim_ex.c ****         SET_BIT(htim->Instance->BDTR, TIM_BDTR_BKDSRM);
2456:Drivers/STM32G0xx_HAL_Driver/Src/stm32g0xx_hal_tim_ex.c ****       }
2457:Drivers/STM32G0xx_HAL_Driver/Src/stm32g0xx_hal_tim_ex.c ****       break;
2458:Drivers/STM32G0xx_HAL_Driver/Src/stm32g0xx_hal_tim_ex.c ****     }
2459:Drivers/STM32G0xx_HAL_Driver/Src/stm32g0xx_hal_tim_ex.c ****     case TIM_BREAKINPUT_BRK2:
2460:Drivers/STM32G0xx_HAL_Driver/Src/stm32g0xx_hal_tim_ex.c ****     {
2461:Drivers/STM32G0xx_HAL_Driver/Src/stm32g0xx_hal_tim_ex.c ****       /* Check initial conditions */
2462:Drivers/STM32G0xx_HAL_Driver/Src/stm32g0xx_hal_tim_ex.c ****       tmpbdtr = READ_REG(htim->Instance->BDTR);
2463:Drivers/STM32G0xx_HAL_Driver/Src/stm32g0xx_hal_tim_ex.c ****       if ((READ_BIT(tmpbdtr, TIM_BDTR_BK2BID) == TIM_BDTR_BK2BID) &&
2464:Drivers/STM32G0xx_HAL_Driver/Src/stm32g0xx_hal_tim_ex.c ****           (READ_BIT(tmpbdtr, TIM_BDTR_MOE) == 0U))
2465:Drivers/STM32G0xx_HAL_Driver/Src/stm32g0xx_hal_tim_ex.c ****       {
2466:Drivers/STM32G0xx_HAL_Driver/Src/stm32g0xx_hal_tim_ex.c ****         /* Break input BRK is disarmed */
2467:Drivers/STM32G0xx_HAL_Driver/Src/stm32g0xx_hal_tim_ex.c ****         SET_BIT(htim->Instance->BDTR, TIM_BDTR_BK2DSRM);
2468:Drivers/STM32G0xx_HAL_Driver/Src/stm32g0xx_hal_tim_ex.c ****       }
2469:Drivers/STM32G0xx_HAL_Driver/Src/stm32g0xx_hal_tim_ex.c ****       break;
2470:Drivers/STM32G0xx_HAL_Driver/Src/stm32g0xx_hal_tim_ex.c ****     }
2471:Drivers/STM32G0xx_HAL_Driver/Src/stm32g0xx_hal_tim_ex.c ****     default:
2472:Drivers/STM32G0xx_HAL_Driver/Src/stm32g0xx_hal_tim_ex.c ****       status = HAL_ERROR;
2473:Drivers/STM32G0xx_HAL_Driver/Src/stm32g0xx_hal_tim_ex.c ****       break;
2474:Drivers/STM32G0xx_HAL_Driver/Src/stm32g0xx_hal_tim_ex.c ****   }
2475:Drivers/STM32G0xx_HAL_Driver/Src/stm32g0xx_hal_tim_ex.c **** 
2476:Drivers/STM32G0xx_HAL_Driver/Src/stm32g0xx_hal_tim_ex.c ****   return status;
2477:Drivers/STM32G0xx_HAL_Driver/Src/stm32g0xx_hal_tim_ex.c **** }
2478:Drivers/STM32G0xx_HAL_Driver/Src/stm32g0xx_hal_tim_ex.c **** 
2479:Drivers/STM32G0xx_HAL_Driver/Src/stm32g0xx_hal_tim_ex.c **** /**
2480:Drivers/STM32G0xx_HAL_Driver/Src/stm32g0xx_hal_tim_ex.c ****   * @brief  Arm the designated break input (when it operates in bidirectional mode).
2481:Drivers/STM32G0xx_HAL_Driver/Src/stm32g0xx_hal_tim_ex.c ****   * @param  htim TIM handle.
2482:Drivers/STM32G0xx_HAL_Driver/Src/stm32g0xx_hal_tim_ex.c ****   * @param  BreakInput Break input to arm
2483:Drivers/STM32G0xx_HAL_Driver/Src/stm32g0xx_hal_tim_ex.c ****   *          This parameter can be one of the following values:
ARM GAS  C:\Users\sante\AppData\Local\Temp\cc9r4gT1.s 			page 45


2484:Drivers/STM32G0xx_HAL_Driver/Src/stm32g0xx_hal_tim_ex.c ****   *            @arg TIM_BREAKINPUT_BRK: Timer break input
2485:Drivers/STM32G0xx_HAL_Driver/Src/stm32g0xx_hal_tim_ex.c ****   *            @arg TIM_BREAKINPUT_BRK2: Timer break 2 input
2486:Drivers/STM32G0xx_HAL_Driver/Src/stm32g0xx_hal_tim_ex.c ****   * @note  Arming is possible at anytime, even if fault is present.
2487:Drivers/STM32G0xx_HAL_Driver/Src/stm32g0xx_hal_tim_ex.c ****   * @note  Break input is automatically armed as soon as MOE bit is set.
2488:Drivers/STM32G0xx_HAL_Driver/Src/stm32g0xx_hal_tim_ex.c ****   * @retval HAL status
2489:Drivers/STM32G0xx_HAL_Driver/Src/stm32g0xx_hal_tim_ex.c ****   */
2490:Drivers/STM32G0xx_HAL_Driver/Src/stm32g0xx_hal_tim_ex.c **** HAL_StatusTypeDef HAL_TIMEx_ReArmBreakInput(const TIM_HandleTypeDef *htim, uint32_t BreakInput)
2491:Drivers/STM32G0xx_HAL_Driver/Src/stm32g0xx_hal_tim_ex.c **** {
2492:Drivers/STM32G0xx_HAL_Driver/Src/stm32g0xx_hal_tim_ex.c ****   HAL_StatusTypeDef status = HAL_OK;
2493:Drivers/STM32G0xx_HAL_Driver/Src/stm32g0xx_hal_tim_ex.c ****   uint32_t tickstart;
2494:Drivers/STM32G0xx_HAL_Driver/Src/stm32g0xx_hal_tim_ex.c **** 
2495:Drivers/STM32G0xx_HAL_Driver/Src/stm32g0xx_hal_tim_ex.c ****   /* Check the parameters */
2496:Drivers/STM32G0xx_HAL_Driver/Src/stm32g0xx_hal_tim_ex.c ****   assert_param(IS_TIM_BREAK_INSTANCE(htim->Instance));
2497:Drivers/STM32G0xx_HAL_Driver/Src/stm32g0xx_hal_tim_ex.c ****   assert_param(IS_TIM_BREAKINPUT(BreakInput));
2498:Drivers/STM32G0xx_HAL_Driver/Src/stm32g0xx_hal_tim_ex.c **** 
2499:Drivers/STM32G0xx_HAL_Driver/Src/stm32g0xx_hal_tim_ex.c ****   switch (BreakInput)
2500:Drivers/STM32G0xx_HAL_Driver/Src/stm32g0xx_hal_tim_ex.c ****   {
2501:Drivers/STM32G0xx_HAL_Driver/Src/stm32g0xx_hal_tim_ex.c ****     case TIM_BREAKINPUT_BRK:
2502:Drivers/STM32G0xx_HAL_Driver/Src/stm32g0xx_hal_tim_ex.c ****     {
2503:Drivers/STM32G0xx_HAL_Driver/Src/stm32g0xx_hal_tim_ex.c ****       /* Check initial conditions */
2504:Drivers/STM32G0xx_HAL_Driver/Src/stm32g0xx_hal_tim_ex.c ****       if (READ_BIT(htim->Instance->BDTR, TIM_BDTR_BKBID) == TIM_BDTR_BKBID)
2505:Drivers/STM32G0xx_HAL_Driver/Src/stm32g0xx_hal_tim_ex.c ****       {
2506:Drivers/STM32G0xx_HAL_Driver/Src/stm32g0xx_hal_tim_ex.c ****         /* Break input BRK is re-armed automatically by hardware. Poll to check whether fault condi
2507:Drivers/STM32G0xx_HAL_Driver/Src/stm32g0xx_hal_tim_ex.c ****         /* Init tickstart for timeout management */
2508:Drivers/STM32G0xx_HAL_Driver/Src/stm32g0xx_hal_tim_ex.c ****         tickstart = HAL_GetTick();
2509:Drivers/STM32G0xx_HAL_Driver/Src/stm32g0xx_hal_tim_ex.c ****         while (READ_BIT(htim->Instance->BDTR, TIM_BDTR_BKDSRM) != 0UL)
2510:Drivers/STM32G0xx_HAL_Driver/Src/stm32g0xx_hal_tim_ex.c ****         {
2511:Drivers/STM32G0xx_HAL_Driver/Src/stm32g0xx_hal_tim_ex.c ****           if ((HAL_GetTick() - tickstart) > TIM_BREAKINPUT_REARM_TIMEOUT)
2512:Drivers/STM32G0xx_HAL_Driver/Src/stm32g0xx_hal_tim_ex.c ****           {
2513:Drivers/STM32G0xx_HAL_Driver/Src/stm32g0xx_hal_tim_ex.c ****             /* New check to avoid false timeout detection in case of preemption */
2514:Drivers/STM32G0xx_HAL_Driver/Src/stm32g0xx_hal_tim_ex.c ****             if (READ_BIT(htim->Instance->BDTR, TIM_BDTR_BKDSRM) != 0UL)
2515:Drivers/STM32G0xx_HAL_Driver/Src/stm32g0xx_hal_tim_ex.c ****             {
2516:Drivers/STM32G0xx_HAL_Driver/Src/stm32g0xx_hal_tim_ex.c ****               return HAL_TIMEOUT;
2517:Drivers/STM32G0xx_HAL_Driver/Src/stm32g0xx_hal_tim_ex.c ****             }
2518:Drivers/STM32G0xx_HAL_Driver/Src/stm32g0xx_hal_tim_ex.c ****           }
2519:Drivers/STM32G0xx_HAL_Driver/Src/stm32g0xx_hal_tim_ex.c ****         }
2520:Drivers/STM32G0xx_HAL_Driver/Src/stm32g0xx_hal_tim_ex.c ****       }
2521:Drivers/STM32G0xx_HAL_Driver/Src/stm32g0xx_hal_tim_ex.c ****       break;
2522:Drivers/STM32G0xx_HAL_Driver/Src/stm32g0xx_hal_tim_ex.c ****     }
2523:Drivers/STM32G0xx_HAL_Driver/Src/stm32g0xx_hal_tim_ex.c **** 
2524:Drivers/STM32G0xx_HAL_Driver/Src/stm32g0xx_hal_tim_ex.c ****     case TIM_BREAKINPUT_BRK2:
2525:Drivers/STM32G0xx_HAL_Driver/Src/stm32g0xx_hal_tim_ex.c ****     {
2526:Drivers/STM32G0xx_HAL_Driver/Src/stm32g0xx_hal_tim_ex.c ****       /* Check initial conditions */
2527:Drivers/STM32G0xx_HAL_Driver/Src/stm32g0xx_hal_tim_ex.c ****       if (READ_BIT(htim->Instance->BDTR, TIM_BDTR_BK2BID) == TIM_BDTR_BK2BID)
2528:Drivers/STM32G0xx_HAL_Driver/Src/stm32g0xx_hal_tim_ex.c ****       {
2529:Drivers/STM32G0xx_HAL_Driver/Src/stm32g0xx_hal_tim_ex.c ****         /* Break input BRK2 is re-armed automatically by hardware. Poll to check whether fault cond
2530:Drivers/STM32G0xx_HAL_Driver/Src/stm32g0xx_hal_tim_ex.c ****         /* Init tickstart for timeout management */
2531:Drivers/STM32G0xx_HAL_Driver/Src/stm32g0xx_hal_tim_ex.c ****         tickstart = HAL_GetTick();
2532:Drivers/STM32G0xx_HAL_Driver/Src/stm32g0xx_hal_tim_ex.c ****         while (READ_BIT(htim->Instance->BDTR, TIM_BDTR_BK2DSRM) != 0UL)
2533:Drivers/STM32G0xx_HAL_Driver/Src/stm32g0xx_hal_tim_ex.c ****         {
2534:Drivers/STM32G0xx_HAL_Driver/Src/stm32g0xx_hal_tim_ex.c ****           if ((HAL_GetTick() - tickstart) > TIM_BREAKINPUT_REARM_TIMEOUT)
2535:Drivers/STM32G0xx_HAL_Driver/Src/stm32g0xx_hal_tim_ex.c ****           {
2536:Drivers/STM32G0xx_HAL_Driver/Src/stm32g0xx_hal_tim_ex.c ****             /* New check to avoid false timeout detection in case of preemption */
2537:Drivers/STM32G0xx_HAL_Driver/Src/stm32g0xx_hal_tim_ex.c ****             if (READ_BIT(htim->Instance->BDTR, TIM_BDTR_BK2DSRM) != 0UL)
2538:Drivers/STM32G0xx_HAL_Driver/Src/stm32g0xx_hal_tim_ex.c ****             {
2539:Drivers/STM32G0xx_HAL_Driver/Src/stm32g0xx_hal_tim_ex.c ****               return HAL_TIMEOUT;
2540:Drivers/STM32G0xx_HAL_Driver/Src/stm32g0xx_hal_tim_ex.c ****             }
ARM GAS  C:\Users\sante\AppData\Local\Temp\cc9r4gT1.s 			page 46


2541:Drivers/STM32G0xx_HAL_Driver/Src/stm32g0xx_hal_tim_ex.c ****           }
2542:Drivers/STM32G0xx_HAL_Driver/Src/stm32g0xx_hal_tim_ex.c ****         }
2543:Drivers/STM32G0xx_HAL_Driver/Src/stm32g0xx_hal_tim_ex.c ****       }
2544:Drivers/STM32G0xx_HAL_Driver/Src/stm32g0xx_hal_tim_ex.c ****       break;
2545:Drivers/STM32G0xx_HAL_Driver/Src/stm32g0xx_hal_tim_ex.c ****     }
2546:Drivers/STM32G0xx_HAL_Driver/Src/stm32g0xx_hal_tim_ex.c ****     default:
2547:Drivers/STM32G0xx_HAL_Driver/Src/stm32g0xx_hal_tim_ex.c ****       status = HAL_ERROR;
2548:Drivers/STM32G0xx_HAL_Driver/Src/stm32g0xx_hal_tim_ex.c ****       break;
2549:Drivers/STM32G0xx_HAL_Driver/Src/stm32g0xx_hal_tim_ex.c ****   }
2550:Drivers/STM32G0xx_HAL_Driver/Src/stm32g0xx_hal_tim_ex.c **** 
2551:Drivers/STM32G0xx_HAL_Driver/Src/stm32g0xx_hal_tim_ex.c ****   return status;
2552:Drivers/STM32G0xx_HAL_Driver/Src/stm32g0xx_hal_tim_ex.c **** }
2553:Drivers/STM32G0xx_HAL_Driver/Src/stm32g0xx_hal_tim_ex.c **** 
2554:Drivers/STM32G0xx_HAL_Driver/Src/stm32g0xx_hal_tim_ex.c **** /**
2555:Drivers/STM32G0xx_HAL_Driver/Src/stm32g0xx_hal_tim_ex.c ****   * @}
2556:Drivers/STM32G0xx_HAL_Driver/Src/stm32g0xx_hal_tim_ex.c ****   */
2557:Drivers/STM32G0xx_HAL_Driver/Src/stm32g0xx_hal_tim_ex.c **** 
2558:Drivers/STM32G0xx_HAL_Driver/Src/stm32g0xx_hal_tim_ex.c **** /** @defgroup TIMEx_Exported_Functions_Group6 Extended Callbacks functions
2559:Drivers/STM32G0xx_HAL_Driver/Src/stm32g0xx_hal_tim_ex.c ****   * @brief    Extended Callbacks functions
2560:Drivers/STM32G0xx_HAL_Driver/Src/stm32g0xx_hal_tim_ex.c ****   *
2561:Drivers/STM32G0xx_HAL_Driver/Src/stm32g0xx_hal_tim_ex.c **** @verbatim
2562:Drivers/STM32G0xx_HAL_Driver/Src/stm32g0xx_hal_tim_ex.c ****   ==============================================================================
2563:Drivers/STM32G0xx_HAL_Driver/Src/stm32g0xx_hal_tim_ex.c ****                     ##### Extended Callbacks functions #####
2564:Drivers/STM32G0xx_HAL_Driver/Src/stm32g0xx_hal_tim_ex.c ****   ==============================================================================
2565:Drivers/STM32G0xx_HAL_Driver/Src/stm32g0xx_hal_tim_ex.c ****   [..]
2566:Drivers/STM32G0xx_HAL_Driver/Src/stm32g0xx_hal_tim_ex.c ****     This section provides Extended TIM callback functions:
2567:Drivers/STM32G0xx_HAL_Driver/Src/stm32g0xx_hal_tim_ex.c ****     (+) Timer Commutation callback
2568:Drivers/STM32G0xx_HAL_Driver/Src/stm32g0xx_hal_tim_ex.c ****     (+) Timer Break callback
2569:Drivers/STM32G0xx_HAL_Driver/Src/stm32g0xx_hal_tim_ex.c **** 
2570:Drivers/STM32G0xx_HAL_Driver/Src/stm32g0xx_hal_tim_ex.c **** @endverbatim
2571:Drivers/STM32G0xx_HAL_Driver/Src/stm32g0xx_hal_tim_ex.c ****   * @{
2572:Drivers/STM32G0xx_HAL_Driver/Src/stm32g0xx_hal_tim_ex.c ****   */
2573:Drivers/STM32G0xx_HAL_Driver/Src/stm32g0xx_hal_tim_ex.c **** 
2574:Drivers/STM32G0xx_HAL_Driver/Src/stm32g0xx_hal_tim_ex.c **** /**
2575:Drivers/STM32G0xx_HAL_Driver/Src/stm32g0xx_hal_tim_ex.c ****   * @brief  Commutation callback in non-blocking mode
2576:Drivers/STM32G0xx_HAL_Driver/Src/stm32g0xx_hal_tim_ex.c ****   * @param  htim TIM handle
2577:Drivers/STM32G0xx_HAL_Driver/Src/stm32g0xx_hal_tim_ex.c ****   * @retval None
2578:Drivers/STM32G0xx_HAL_Driver/Src/stm32g0xx_hal_tim_ex.c ****   */
2579:Drivers/STM32G0xx_HAL_Driver/Src/stm32g0xx_hal_tim_ex.c **** __weak void HAL_TIMEx_CommutCallback(TIM_HandleTypeDef *htim)
2580:Drivers/STM32G0xx_HAL_Driver/Src/stm32g0xx_hal_tim_ex.c **** {
2581:Drivers/STM32G0xx_HAL_Driver/Src/stm32g0xx_hal_tim_ex.c ****   /* Prevent unused argument(s) compilation warning */
2582:Drivers/STM32G0xx_HAL_Driver/Src/stm32g0xx_hal_tim_ex.c ****   UNUSED(htim);
2583:Drivers/STM32G0xx_HAL_Driver/Src/stm32g0xx_hal_tim_ex.c **** 
2584:Drivers/STM32G0xx_HAL_Driver/Src/stm32g0xx_hal_tim_ex.c ****   /* NOTE : This function should not be modified, when the callback is needed,
2585:Drivers/STM32G0xx_HAL_Driver/Src/stm32g0xx_hal_tim_ex.c ****             the HAL_TIMEx_CommutCallback could be implemented in the user file
2586:Drivers/STM32G0xx_HAL_Driver/Src/stm32g0xx_hal_tim_ex.c ****    */
2587:Drivers/STM32G0xx_HAL_Driver/Src/stm32g0xx_hal_tim_ex.c **** }
2588:Drivers/STM32G0xx_HAL_Driver/Src/stm32g0xx_hal_tim_ex.c **** /**
2589:Drivers/STM32G0xx_HAL_Driver/Src/stm32g0xx_hal_tim_ex.c ****   * @brief  Commutation half complete callback in non-blocking mode
2590:Drivers/STM32G0xx_HAL_Driver/Src/stm32g0xx_hal_tim_ex.c ****   * @param  htim TIM handle
2591:Drivers/STM32G0xx_HAL_Driver/Src/stm32g0xx_hal_tim_ex.c ****   * @retval None
2592:Drivers/STM32G0xx_HAL_Driver/Src/stm32g0xx_hal_tim_ex.c ****   */
2593:Drivers/STM32G0xx_HAL_Driver/Src/stm32g0xx_hal_tim_ex.c **** __weak void HAL_TIMEx_CommutHalfCpltCallback(TIM_HandleTypeDef *htim)
2594:Drivers/STM32G0xx_HAL_Driver/Src/stm32g0xx_hal_tim_ex.c **** {
2595:Drivers/STM32G0xx_HAL_Driver/Src/stm32g0xx_hal_tim_ex.c ****   /* Prevent unused argument(s) compilation warning */
2596:Drivers/STM32G0xx_HAL_Driver/Src/stm32g0xx_hal_tim_ex.c ****   UNUSED(htim);
2597:Drivers/STM32G0xx_HAL_Driver/Src/stm32g0xx_hal_tim_ex.c **** 
ARM GAS  C:\Users\sante\AppData\Local\Temp\cc9r4gT1.s 			page 47


2598:Drivers/STM32G0xx_HAL_Driver/Src/stm32g0xx_hal_tim_ex.c ****   /* NOTE : This function should not be modified, when the callback is needed,
2599:Drivers/STM32G0xx_HAL_Driver/Src/stm32g0xx_hal_tim_ex.c ****             the HAL_TIMEx_CommutHalfCpltCallback could be implemented in the user file
2600:Drivers/STM32G0xx_HAL_Driver/Src/stm32g0xx_hal_tim_ex.c ****    */
2601:Drivers/STM32G0xx_HAL_Driver/Src/stm32g0xx_hal_tim_ex.c **** }
2602:Drivers/STM32G0xx_HAL_Driver/Src/stm32g0xx_hal_tim_ex.c **** 
2603:Drivers/STM32G0xx_HAL_Driver/Src/stm32g0xx_hal_tim_ex.c **** /**
2604:Drivers/STM32G0xx_HAL_Driver/Src/stm32g0xx_hal_tim_ex.c ****   * @brief  Break detection callback in non-blocking mode
2605:Drivers/STM32G0xx_HAL_Driver/Src/stm32g0xx_hal_tim_ex.c ****   * @param  htim TIM handle
2606:Drivers/STM32G0xx_HAL_Driver/Src/stm32g0xx_hal_tim_ex.c ****   * @retval None
2607:Drivers/STM32G0xx_HAL_Driver/Src/stm32g0xx_hal_tim_ex.c ****   */
2608:Drivers/STM32G0xx_HAL_Driver/Src/stm32g0xx_hal_tim_ex.c **** __weak void HAL_TIMEx_BreakCallback(TIM_HandleTypeDef *htim)
2609:Drivers/STM32G0xx_HAL_Driver/Src/stm32g0xx_hal_tim_ex.c **** {
2610:Drivers/STM32G0xx_HAL_Driver/Src/stm32g0xx_hal_tim_ex.c ****   /* Prevent unused argument(s) compilation warning */
2611:Drivers/STM32G0xx_HAL_Driver/Src/stm32g0xx_hal_tim_ex.c ****   UNUSED(htim);
2612:Drivers/STM32G0xx_HAL_Driver/Src/stm32g0xx_hal_tim_ex.c **** 
2613:Drivers/STM32G0xx_HAL_Driver/Src/stm32g0xx_hal_tim_ex.c ****   /* NOTE : This function should not be modified, when the callback is needed,
2614:Drivers/STM32G0xx_HAL_Driver/Src/stm32g0xx_hal_tim_ex.c ****             the HAL_TIMEx_BreakCallback could be implemented in the user file
2615:Drivers/STM32G0xx_HAL_Driver/Src/stm32g0xx_hal_tim_ex.c ****    */
2616:Drivers/STM32G0xx_HAL_Driver/Src/stm32g0xx_hal_tim_ex.c **** }
2617:Drivers/STM32G0xx_HAL_Driver/Src/stm32g0xx_hal_tim_ex.c **** 
2618:Drivers/STM32G0xx_HAL_Driver/Src/stm32g0xx_hal_tim_ex.c **** /**
2619:Drivers/STM32G0xx_HAL_Driver/Src/stm32g0xx_hal_tim_ex.c ****   * @brief  Break2 detection callback in non blocking mode
2620:Drivers/STM32G0xx_HAL_Driver/Src/stm32g0xx_hal_tim_ex.c ****   * @param  htim: TIM handle
2621:Drivers/STM32G0xx_HAL_Driver/Src/stm32g0xx_hal_tim_ex.c ****   * @retval None
2622:Drivers/STM32G0xx_HAL_Driver/Src/stm32g0xx_hal_tim_ex.c ****   */
2623:Drivers/STM32G0xx_HAL_Driver/Src/stm32g0xx_hal_tim_ex.c **** __weak void HAL_TIMEx_Break2Callback(TIM_HandleTypeDef *htim)
2624:Drivers/STM32G0xx_HAL_Driver/Src/stm32g0xx_hal_tim_ex.c **** {
2625:Drivers/STM32G0xx_HAL_Driver/Src/stm32g0xx_hal_tim_ex.c ****   /* Prevent unused argument(s) compilation warning */
2626:Drivers/STM32G0xx_HAL_Driver/Src/stm32g0xx_hal_tim_ex.c ****   UNUSED(htim);
2627:Drivers/STM32G0xx_HAL_Driver/Src/stm32g0xx_hal_tim_ex.c **** 
2628:Drivers/STM32G0xx_HAL_Driver/Src/stm32g0xx_hal_tim_ex.c ****   /* NOTE : This function Should not be modified, when the callback is needed,
2629:Drivers/STM32G0xx_HAL_Driver/Src/stm32g0xx_hal_tim_ex.c ****             the HAL_TIMEx_Break2Callback could be implemented in the user file
2630:Drivers/STM32G0xx_HAL_Driver/Src/stm32g0xx_hal_tim_ex.c ****    */
2631:Drivers/STM32G0xx_HAL_Driver/Src/stm32g0xx_hal_tim_ex.c **** }
2632:Drivers/STM32G0xx_HAL_Driver/Src/stm32g0xx_hal_tim_ex.c **** /**
2633:Drivers/STM32G0xx_HAL_Driver/Src/stm32g0xx_hal_tim_ex.c ****   * @}
2634:Drivers/STM32G0xx_HAL_Driver/Src/stm32g0xx_hal_tim_ex.c ****   */
2635:Drivers/STM32G0xx_HAL_Driver/Src/stm32g0xx_hal_tim_ex.c **** 
2636:Drivers/STM32G0xx_HAL_Driver/Src/stm32g0xx_hal_tim_ex.c **** /** @defgroup TIMEx_Exported_Functions_Group7 Extended Peripheral State functions
2637:Drivers/STM32G0xx_HAL_Driver/Src/stm32g0xx_hal_tim_ex.c ****   * @brief    Extended Peripheral State functions
2638:Drivers/STM32G0xx_HAL_Driver/Src/stm32g0xx_hal_tim_ex.c ****   *
2639:Drivers/STM32G0xx_HAL_Driver/Src/stm32g0xx_hal_tim_ex.c **** @verbatim
2640:Drivers/STM32G0xx_HAL_Driver/Src/stm32g0xx_hal_tim_ex.c ****   ==============================================================================
2641:Drivers/STM32G0xx_HAL_Driver/Src/stm32g0xx_hal_tim_ex.c ****                 ##### Extended Peripheral State functions #####
2642:Drivers/STM32G0xx_HAL_Driver/Src/stm32g0xx_hal_tim_ex.c ****   ==============================================================================
2643:Drivers/STM32G0xx_HAL_Driver/Src/stm32g0xx_hal_tim_ex.c ****   [..]
2644:Drivers/STM32G0xx_HAL_Driver/Src/stm32g0xx_hal_tim_ex.c ****     This subsection permits to get in run-time the status of the peripheral
2645:Drivers/STM32G0xx_HAL_Driver/Src/stm32g0xx_hal_tim_ex.c ****     and the data flow.
2646:Drivers/STM32G0xx_HAL_Driver/Src/stm32g0xx_hal_tim_ex.c **** 
2647:Drivers/STM32G0xx_HAL_Driver/Src/stm32g0xx_hal_tim_ex.c **** @endverbatim
2648:Drivers/STM32G0xx_HAL_Driver/Src/stm32g0xx_hal_tim_ex.c ****   * @{
2649:Drivers/STM32G0xx_HAL_Driver/Src/stm32g0xx_hal_tim_ex.c ****   */
2650:Drivers/STM32G0xx_HAL_Driver/Src/stm32g0xx_hal_tim_ex.c **** 
2651:Drivers/STM32G0xx_HAL_Driver/Src/stm32g0xx_hal_tim_ex.c **** /**
2652:Drivers/STM32G0xx_HAL_Driver/Src/stm32g0xx_hal_tim_ex.c ****   * @brief  Return the TIM Hall Sensor interface handle state.
2653:Drivers/STM32G0xx_HAL_Driver/Src/stm32g0xx_hal_tim_ex.c ****   * @param  htim TIM Hall Sensor handle
2654:Drivers/STM32G0xx_HAL_Driver/Src/stm32g0xx_hal_tim_ex.c ****   * @retval HAL state
ARM GAS  C:\Users\sante\AppData\Local\Temp\cc9r4gT1.s 			page 48


2655:Drivers/STM32G0xx_HAL_Driver/Src/stm32g0xx_hal_tim_ex.c ****   */
2656:Drivers/STM32G0xx_HAL_Driver/Src/stm32g0xx_hal_tim_ex.c **** HAL_TIM_StateTypeDef HAL_TIMEx_HallSensor_GetState(const TIM_HandleTypeDef *htim)
2657:Drivers/STM32G0xx_HAL_Driver/Src/stm32g0xx_hal_tim_ex.c **** {
2658:Drivers/STM32G0xx_HAL_Driver/Src/stm32g0xx_hal_tim_ex.c ****   return htim->State;
2659:Drivers/STM32G0xx_HAL_Driver/Src/stm32g0xx_hal_tim_ex.c **** }
2660:Drivers/STM32G0xx_HAL_Driver/Src/stm32g0xx_hal_tim_ex.c **** 
2661:Drivers/STM32G0xx_HAL_Driver/Src/stm32g0xx_hal_tim_ex.c **** /**
2662:Drivers/STM32G0xx_HAL_Driver/Src/stm32g0xx_hal_tim_ex.c ****   * @brief  Return actual state of the TIM complementary channel.
2663:Drivers/STM32G0xx_HAL_Driver/Src/stm32g0xx_hal_tim_ex.c ****   * @param  htim TIM handle
2664:Drivers/STM32G0xx_HAL_Driver/Src/stm32g0xx_hal_tim_ex.c ****   * @param  ChannelN TIM Complementary channel
2665:Drivers/STM32G0xx_HAL_Driver/Src/stm32g0xx_hal_tim_ex.c ****   *          This parameter can be one of the following values:
2666:Drivers/STM32G0xx_HAL_Driver/Src/stm32g0xx_hal_tim_ex.c ****   *            @arg TIM_CHANNEL_1: TIM Channel 1
2667:Drivers/STM32G0xx_HAL_Driver/Src/stm32g0xx_hal_tim_ex.c ****   *            @arg TIM_CHANNEL_2: TIM Channel 2
2668:Drivers/STM32G0xx_HAL_Driver/Src/stm32g0xx_hal_tim_ex.c ****   *            @arg TIM_CHANNEL_3: TIM Channel 3
2669:Drivers/STM32G0xx_HAL_Driver/Src/stm32g0xx_hal_tim_ex.c ****   * @retval TIM Complementary channel state
2670:Drivers/STM32G0xx_HAL_Driver/Src/stm32g0xx_hal_tim_ex.c ****   */
2671:Drivers/STM32G0xx_HAL_Driver/Src/stm32g0xx_hal_tim_ex.c **** HAL_TIM_ChannelStateTypeDef HAL_TIMEx_GetChannelNState(const TIM_HandleTypeDef *htim,  uint32_t Cha
2672:Drivers/STM32G0xx_HAL_Driver/Src/stm32g0xx_hal_tim_ex.c **** {
2673:Drivers/STM32G0xx_HAL_Driver/Src/stm32g0xx_hal_tim_ex.c ****   HAL_TIM_ChannelStateTypeDef channel_state;
2674:Drivers/STM32G0xx_HAL_Driver/Src/stm32g0xx_hal_tim_ex.c **** 
2675:Drivers/STM32G0xx_HAL_Driver/Src/stm32g0xx_hal_tim_ex.c ****   /* Check the parameters */
2676:Drivers/STM32G0xx_HAL_Driver/Src/stm32g0xx_hal_tim_ex.c ****   assert_param(IS_TIM_CCXN_INSTANCE(htim->Instance, ChannelN));
2677:Drivers/STM32G0xx_HAL_Driver/Src/stm32g0xx_hal_tim_ex.c **** 
2678:Drivers/STM32G0xx_HAL_Driver/Src/stm32g0xx_hal_tim_ex.c ****   channel_state = TIM_CHANNEL_N_STATE_GET(htim, ChannelN);
2679:Drivers/STM32G0xx_HAL_Driver/Src/stm32g0xx_hal_tim_ex.c **** 
2680:Drivers/STM32G0xx_HAL_Driver/Src/stm32g0xx_hal_tim_ex.c ****   return channel_state;
2681:Drivers/STM32G0xx_HAL_Driver/Src/stm32g0xx_hal_tim_ex.c **** }
2682:Drivers/STM32G0xx_HAL_Driver/Src/stm32g0xx_hal_tim_ex.c **** /**
2683:Drivers/STM32G0xx_HAL_Driver/Src/stm32g0xx_hal_tim_ex.c ****   * @}
2684:Drivers/STM32G0xx_HAL_Driver/Src/stm32g0xx_hal_tim_ex.c ****   */
2685:Drivers/STM32G0xx_HAL_Driver/Src/stm32g0xx_hal_tim_ex.c **** 
2686:Drivers/STM32G0xx_HAL_Driver/Src/stm32g0xx_hal_tim_ex.c **** /**
2687:Drivers/STM32G0xx_HAL_Driver/Src/stm32g0xx_hal_tim_ex.c ****   * @}
2688:Drivers/STM32G0xx_HAL_Driver/Src/stm32g0xx_hal_tim_ex.c ****   */
2689:Drivers/STM32G0xx_HAL_Driver/Src/stm32g0xx_hal_tim_ex.c **** 
2690:Drivers/STM32G0xx_HAL_Driver/Src/stm32g0xx_hal_tim_ex.c **** /* Private functions ---------------------------------------------------------*/
2691:Drivers/STM32G0xx_HAL_Driver/Src/stm32g0xx_hal_tim_ex.c **** /** @defgroup TIMEx_Private_Functions TIM Extended Private Functions
2692:Drivers/STM32G0xx_HAL_Driver/Src/stm32g0xx_hal_tim_ex.c ****   * @{
2693:Drivers/STM32G0xx_HAL_Driver/Src/stm32g0xx_hal_tim_ex.c ****   */
2694:Drivers/STM32G0xx_HAL_Driver/Src/stm32g0xx_hal_tim_ex.c **** 
2695:Drivers/STM32G0xx_HAL_Driver/Src/stm32g0xx_hal_tim_ex.c **** /**
2696:Drivers/STM32G0xx_HAL_Driver/Src/stm32g0xx_hal_tim_ex.c ****   * @brief  TIM DMA Commutation callback.
2697:Drivers/STM32G0xx_HAL_Driver/Src/stm32g0xx_hal_tim_ex.c ****   * @param  hdma pointer to DMA handle.
2698:Drivers/STM32G0xx_HAL_Driver/Src/stm32g0xx_hal_tim_ex.c ****   * @retval None
2699:Drivers/STM32G0xx_HAL_Driver/Src/stm32g0xx_hal_tim_ex.c ****   */
2700:Drivers/STM32G0xx_HAL_Driver/Src/stm32g0xx_hal_tim_ex.c **** void TIMEx_DMACommutationCplt(DMA_HandleTypeDef *hdma)
2701:Drivers/STM32G0xx_HAL_Driver/Src/stm32g0xx_hal_tim_ex.c **** {
2702:Drivers/STM32G0xx_HAL_Driver/Src/stm32g0xx_hal_tim_ex.c ****   TIM_HandleTypeDef *htim = (TIM_HandleTypeDef *)((DMA_HandleTypeDef *)hdma)->Parent;
2703:Drivers/STM32G0xx_HAL_Driver/Src/stm32g0xx_hal_tim_ex.c **** 
2704:Drivers/STM32G0xx_HAL_Driver/Src/stm32g0xx_hal_tim_ex.c ****   /* Change the htim state */
2705:Drivers/STM32G0xx_HAL_Driver/Src/stm32g0xx_hal_tim_ex.c ****   htim->State = HAL_TIM_STATE_READY;
2706:Drivers/STM32G0xx_HAL_Driver/Src/stm32g0xx_hal_tim_ex.c **** 
2707:Drivers/STM32G0xx_HAL_Driver/Src/stm32g0xx_hal_tim_ex.c **** #if (USE_HAL_TIM_REGISTER_CALLBACKS == 1)
2708:Drivers/STM32G0xx_HAL_Driver/Src/stm32g0xx_hal_tim_ex.c ****   htim->CommutationCallback(htim);
2709:Drivers/STM32G0xx_HAL_Driver/Src/stm32g0xx_hal_tim_ex.c **** #else
2710:Drivers/STM32G0xx_HAL_Driver/Src/stm32g0xx_hal_tim_ex.c ****   HAL_TIMEx_CommutCallback(htim);
2711:Drivers/STM32G0xx_HAL_Driver/Src/stm32g0xx_hal_tim_ex.c **** #endif /* USE_HAL_TIM_REGISTER_CALLBACKS */
ARM GAS  C:\Users\sante\AppData\Local\Temp\cc9r4gT1.s 			page 49


2712:Drivers/STM32G0xx_HAL_Driver/Src/stm32g0xx_hal_tim_ex.c **** }
2713:Drivers/STM32G0xx_HAL_Driver/Src/stm32g0xx_hal_tim_ex.c **** 
2714:Drivers/STM32G0xx_HAL_Driver/Src/stm32g0xx_hal_tim_ex.c **** /**
2715:Drivers/STM32G0xx_HAL_Driver/Src/stm32g0xx_hal_tim_ex.c ****   * @brief  TIM DMA Commutation half complete callback.
2716:Drivers/STM32G0xx_HAL_Driver/Src/stm32g0xx_hal_tim_ex.c ****   * @param  hdma pointer to DMA handle.
2717:Drivers/STM32G0xx_HAL_Driver/Src/stm32g0xx_hal_tim_ex.c ****   * @retval None
2718:Drivers/STM32G0xx_HAL_Driver/Src/stm32g0xx_hal_tim_ex.c ****   */
2719:Drivers/STM32G0xx_HAL_Driver/Src/stm32g0xx_hal_tim_ex.c **** void TIMEx_DMACommutationHalfCplt(DMA_HandleTypeDef *hdma)
2720:Drivers/STM32G0xx_HAL_Driver/Src/stm32g0xx_hal_tim_ex.c **** {
2721:Drivers/STM32G0xx_HAL_Driver/Src/stm32g0xx_hal_tim_ex.c ****   TIM_HandleTypeDef *htim = (TIM_HandleTypeDef *)((DMA_HandleTypeDef *)hdma)->Parent;
2722:Drivers/STM32G0xx_HAL_Driver/Src/stm32g0xx_hal_tim_ex.c **** 
2723:Drivers/STM32G0xx_HAL_Driver/Src/stm32g0xx_hal_tim_ex.c ****   /* Change the htim state */
2724:Drivers/STM32G0xx_HAL_Driver/Src/stm32g0xx_hal_tim_ex.c ****   htim->State = HAL_TIM_STATE_READY;
2725:Drivers/STM32G0xx_HAL_Driver/Src/stm32g0xx_hal_tim_ex.c **** 
2726:Drivers/STM32G0xx_HAL_Driver/Src/stm32g0xx_hal_tim_ex.c **** #if (USE_HAL_TIM_REGISTER_CALLBACKS == 1)
2727:Drivers/STM32G0xx_HAL_Driver/Src/stm32g0xx_hal_tim_ex.c ****   htim->CommutationHalfCpltCallback(htim);
2728:Drivers/STM32G0xx_HAL_Driver/Src/stm32g0xx_hal_tim_ex.c **** #else
2729:Drivers/STM32G0xx_HAL_Driver/Src/stm32g0xx_hal_tim_ex.c ****   HAL_TIMEx_CommutHalfCpltCallback(htim);
2730:Drivers/STM32G0xx_HAL_Driver/Src/stm32g0xx_hal_tim_ex.c **** #endif /* USE_HAL_TIM_REGISTER_CALLBACKS */
2731:Drivers/STM32G0xx_HAL_Driver/Src/stm32g0xx_hal_tim_ex.c **** }
2732:Drivers/STM32G0xx_HAL_Driver/Src/stm32g0xx_hal_tim_ex.c **** 
2733:Drivers/STM32G0xx_HAL_Driver/Src/stm32g0xx_hal_tim_ex.c **** 
2734:Drivers/STM32G0xx_HAL_Driver/Src/stm32g0xx_hal_tim_ex.c **** /**
2735:Drivers/STM32G0xx_HAL_Driver/Src/stm32g0xx_hal_tim_ex.c ****   * @brief  TIM DMA Delay Pulse complete callback (complementary channel).
2736:Drivers/STM32G0xx_HAL_Driver/Src/stm32g0xx_hal_tim_ex.c ****   * @param  hdma pointer to DMA handle.
2737:Drivers/STM32G0xx_HAL_Driver/Src/stm32g0xx_hal_tim_ex.c ****   * @retval None
2738:Drivers/STM32G0xx_HAL_Driver/Src/stm32g0xx_hal_tim_ex.c ****   */
2739:Drivers/STM32G0xx_HAL_Driver/Src/stm32g0xx_hal_tim_ex.c **** static void TIM_DMADelayPulseNCplt(DMA_HandleTypeDef *hdma)
2740:Drivers/STM32G0xx_HAL_Driver/Src/stm32g0xx_hal_tim_ex.c **** {
2741:Drivers/STM32G0xx_HAL_Driver/Src/stm32g0xx_hal_tim_ex.c ****   TIM_HandleTypeDef *htim = (TIM_HandleTypeDef *)((DMA_HandleTypeDef *)hdma)->Parent;
2742:Drivers/STM32G0xx_HAL_Driver/Src/stm32g0xx_hal_tim_ex.c **** 
2743:Drivers/STM32G0xx_HAL_Driver/Src/stm32g0xx_hal_tim_ex.c ****   if (hdma == htim->hdma[TIM_DMA_ID_CC1])
2744:Drivers/STM32G0xx_HAL_Driver/Src/stm32g0xx_hal_tim_ex.c ****   {
2745:Drivers/STM32G0xx_HAL_Driver/Src/stm32g0xx_hal_tim_ex.c ****     htim->Channel = HAL_TIM_ACTIVE_CHANNEL_1;
2746:Drivers/STM32G0xx_HAL_Driver/Src/stm32g0xx_hal_tim_ex.c **** 
2747:Drivers/STM32G0xx_HAL_Driver/Src/stm32g0xx_hal_tim_ex.c ****     if (hdma->Init.Mode == DMA_NORMAL)
2748:Drivers/STM32G0xx_HAL_Driver/Src/stm32g0xx_hal_tim_ex.c ****     {
2749:Drivers/STM32G0xx_HAL_Driver/Src/stm32g0xx_hal_tim_ex.c ****       TIM_CHANNEL_N_STATE_SET(htim, TIM_CHANNEL_1, HAL_TIM_CHANNEL_STATE_READY);
2750:Drivers/STM32G0xx_HAL_Driver/Src/stm32g0xx_hal_tim_ex.c ****     }
2751:Drivers/STM32G0xx_HAL_Driver/Src/stm32g0xx_hal_tim_ex.c ****   }
2752:Drivers/STM32G0xx_HAL_Driver/Src/stm32g0xx_hal_tim_ex.c ****   else if (hdma == htim->hdma[TIM_DMA_ID_CC2])
2753:Drivers/STM32G0xx_HAL_Driver/Src/stm32g0xx_hal_tim_ex.c ****   {
2754:Drivers/STM32G0xx_HAL_Driver/Src/stm32g0xx_hal_tim_ex.c ****     htim->Channel = HAL_TIM_ACTIVE_CHANNEL_2;
2755:Drivers/STM32G0xx_HAL_Driver/Src/stm32g0xx_hal_tim_ex.c **** 
2756:Drivers/STM32G0xx_HAL_Driver/Src/stm32g0xx_hal_tim_ex.c ****     if (hdma->Init.Mode == DMA_NORMAL)
2757:Drivers/STM32G0xx_HAL_Driver/Src/stm32g0xx_hal_tim_ex.c ****     {
2758:Drivers/STM32G0xx_HAL_Driver/Src/stm32g0xx_hal_tim_ex.c ****       TIM_CHANNEL_N_STATE_SET(htim, TIM_CHANNEL_2, HAL_TIM_CHANNEL_STATE_READY);
2759:Drivers/STM32G0xx_HAL_Driver/Src/stm32g0xx_hal_tim_ex.c ****     }
2760:Drivers/STM32G0xx_HAL_Driver/Src/stm32g0xx_hal_tim_ex.c ****   }
2761:Drivers/STM32G0xx_HAL_Driver/Src/stm32g0xx_hal_tim_ex.c ****   else if (hdma == htim->hdma[TIM_DMA_ID_CC3])
2762:Drivers/STM32G0xx_HAL_Driver/Src/stm32g0xx_hal_tim_ex.c ****   {
2763:Drivers/STM32G0xx_HAL_Driver/Src/stm32g0xx_hal_tim_ex.c ****     htim->Channel = HAL_TIM_ACTIVE_CHANNEL_3;
2764:Drivers/STM32G0xx_HAL_Driver/Src/stm32g0xx_hal_tim_ex.c **** 
2765:Drivers/STM32G0xx_HAL_Driver/Src/stm32g0xx_hal_tim_ex.c ****     if (hdma->Init.Mode == DMA_NORMAL)
2766:Drivers/STM32G0xx_HAL_Driver/Src/stm32g0xx_hal_tim_ex.c ****     {
2767:Drivers/STM32G0xx_HAL_Driver/Src/stm32g0xx_hal_tim_ex.c ****       TIM_CHANNEL_N_STATE_SET(htim, TIM_CHANNEL_3, HAL_TIM_CHANNEL_STATE_READY);
2768:Drivers/STM32G0xx_HAL_Driver/Src/stm32g0xx_hal_tim_ex.c ****     }
ARM GAS  C:\Users\sante\AppData\Local\Temp\cc9r4gT1.s 			page 50


2769:Drivers/STM32G0xx_HAL_Driver/Src/stm32g0xx_hal_tim_ex.c ****   }
2770:Drivers/STM32G0xx_HAL_Driver/Src/stm32g0xx_hal_tim_ex.c ****   else
2771:Drivers/STM32G0xx_HAL_Driver/Src/stm32g0xx_hal_tim_ex.c ****   {
2772:Drivers/STM32G0xx_HAL_Driver/Src/stm32g0xx_hal_tim_ex.c ****     /* nothing to do */
2773:Drivers/STM32G0xx_HAL_Driver/Src/stm32g0xx_hal_tim_ex.c ****   }
2774:Drivers/STM32G0xx_HAL_Driver/Src/stm32g0xx_hal_tim_ex.c **** 
2775:Drivers/STM32G0xx_HAL_Driver/Src/stm32g0xx_hal_tim_ex.c **** #if (USE_HAL_TIM_REGISTER_CALLBACKS == 1)
2776:Drivers/STM32G0xx_HAL_Driver/Src/stm32g0xx_hal_tim_ex.c ****   htim->PWM_PulseFinishedCallback(htim);
2777:Drivers/STM32G0xx_HAL_Driver/Src/stm32g0xx_hal_tim_ex.c **** #else
2778:Drivers/STM32G0xx_HAL_Driver/Src/stm32g0xx_hal_tim_ex.c ****   HAL_TIM_PWM_PulseFinishedCallback(htim);
2779:Drivers/STM32G0xx_HAL_Driver/Src/stm32g0xx_hal_tim_ex.c **** #endif /* USE_HAL_TIM_REGISTER_CALLBACKS */
2780:Drivers/STM32G0xx_HAL_Driver/Src/stm32g0xx_hal_tim_ex.c **** 
2781:Drivers/STM32G0xx_HAL_Driver/Src/stm32g0xx_hal_tim_ex.c ****   htim->Channel = HAL_TIM_ACTIVE_CHANNEL_CLEARED;
2782:Drivers/STM32G0xx_HAL_Driver/Src/stm32g0xx_hal_tim_ex.c **** }
2783:Drivers/STM32G0xx_HAL_Driver/Src/stm32g0xx_hal_tim_ex.c **** 
2784:Drivers/STM32G0xx_HAL_Driver/Src/stm32g0xx_hal_tim_ex.c **** /**
2785:Drivers/STM32G0xx_HAL_Driver/Src/stm32g0xx_hal_tim_ex.c ****   * @brief  TIM DMA error callback (complementary channel)
2786:Drivers/STM32G0xx_HAL_Driver/Src/stm32g0xx_hal_tim_ex.c ****   * @param  hdma pointer to DMA handle.
2787:Drivers/STM32G0xx_HAL_Driver/Src/stm32g0xx_hal_tim_ex.c ****   * @retval None
2788:Drivers/STM32G0xx_HAL_Driver/Src/stm32g0xx_hal_tim_ex.c ****   */
2789:Drivers/STM32G0xx_HAL_Driver/Src/stm32g0xx_hal_tim_ex.c **** static void TIM_DMAErrorCCxN(DMA_HandleTypeDef *hdma)
2790:Drivers/STM32G0xx_HAL_Driver/Src/stm32g0xx_hal_tim_ex.c **** {
2791:Drivers/STM32G0xx_HAL_Driver/Src/stm32g0xx_hal_tim_ex.c ****   TIM_HandleTypeDef *htim = (TIM_HandleTypeDef *)((DMA_HandleTypeDef *)hdma)->Parent;
2792:Drivers/STM32G0xx_HAL_Driver/Src/stm32g0xx_hal_tim_ex.c **** 
2793:Drivers/STM32G0xx_HAL_Driver/Src/stm32g0xx_hal_tim_ex.c ****   if (hdma == htim->hdma[TIM_DMA_ID_CC1])
2794:Drivers/STM32G0xx_HAL_Driver/Src/stm32g0xx_hal_tim_ex.c ****   {
2795:Drivers/STM32G0xx_HAL_Driver/Src/stm32g0xx_hal_tim_ex.c ****     htim->Channel = HAL_TIM_ACTIVE_CHANNEL_1;
2796:Drivers/STM32G0xx_HAL_Driver/Src/stm32g0xx_hal_tim_ex.c ****     TIM_CHANNEL_N_STATE_SET(htim, TIM_CHANNEL_1, HAL_TIM_CHANNEL_STATE_READY);
2797:Drivers/STM32G0xx_HAL_Driver/Src/stm32g0xx_hal_tim_ex.c ****   }
2798:Drivers/STM32G0xx_HAL_Driver/Src/stm32g0xx_hal_tim_ex.c ****   else if (hdma == htim->hdma[TIM_DMA_ID_CC2])
2799:Drivers/STM32G0xx_HAL_Driver/Src/stm32g0xx_hal_tim_ex.c ****   {
2800:Drivers/STM32G0xx_HAL_Driver/Src/stm32g0xx_hal_tim_ex.c ****     htim->Channel = HAL_TIM_ACTIVE_CHANNEL_2;
2801:Drivers/STM32G0xx_HAL_Driver/Src/stm32g0xx_hal_tim_ex.c ****     TIM_CHANNEL_N_STATE_SET(htim, TIM_CHANNEL_2, HAL_TIM_CHANNEL_STATE_READY);
2802:Drivers/STM32G0xx_HAL_Driver/Src/stm32g0xx_hal_tim_ex.c ****   }
2803:Drivers/STM32G0xx_HAL_Driver/Src/stm32g0xx_hal_tim_ex.c ****   else if (hdma == htim->hdma[TIM_DMA_ID_CC3])
2804:Drivers/STM32G0xx_HAL_Driver/Src/stm32g0xx_hal_tim_ex.c ****   {
2805:Drivers/STM32G0xx_HAL_Driver/Src/stm32g0xx_hal_tim_ex.c ****     htim->Channel = HAL_TIM_ACTIVE_CHANNEL_3;
2806:Drivers/STM32G0xx_HAL_Driver/Src/stm32g0xx_hal_tim_ex.c ****     TIM_CHANNEL_N_STATE_SET(htim, TIM_CHANNEL_3, HAL_TIM_CHANNEL_STATE_READY);
2807:Drivers/STM32G0xx_HAL_Driver/Src/stm32g0xx_hal_tim_ex.c ****   }
2808:Drivers/STM32G0xx_HAL_Driver/Src/stm32g0xx_hal_tim_ex.c ****   else
2809:Drivers/STM32G0xx_HAL_Driver/Src/stm32g0xx_hal_tim_ex.c ****   {
2810:Drivers/STM32G0xx_HAL_Driver/Src/stm32g0xx_hal_tim_ex.c ****     /* nothing to do */
2811:Drivers/STM32G0xx_HAL_Driver/Src/stm32g0xx_hal_tim_ex.c ****   }
2812:Drivers/STM32G0xx_HAL_Driver/Src/stm32g0xx_hal_tim_ex.c **** 
2813:Drivers/STM32G0xx_HAL_Driver/Src/stm32g0xx_hal_tim_ex.c **** #if (USE_HAL_TIM_REGISTER_CALLBACKS == 1)
2814:Drivers/STM32G0xx_HAL_Driver/Src/stm32g0xx_hal_tim_ex.c ****   htim->ErrorCallback(htim);
2815:Drivers/STM32G0xx_HAL_Driver/Src/stm32g0xx_hal_tim_ex.c **** #else
2816:Drivers/STM32G0xx_HAL_Driver/Src/stm32g0xx_hal_tim_ex.c ****   HAL_TIM_ErrorCallback(htim);
2817:Drivers/STM32G0xx_HAL_Driver/Src/stm32g0xx_hal_tim_ex.c **** #endif /* USE_HAL_TIM_REGISTER_CALLBACKS */
2818:Drivers/STM32G0xx_HAL_Driver/Src/stm32g0xx_hal_tim_ex.c **** 
2819:Drivers/STM32G0xx_HAL_Driver/Src/stm32g0xx_hal_tim_ex.c ****   htim->Channel = HAL_TIM_ACTIVE_CHANNEL_CLEARED;
2820:Drivers/STM32G0xx_HAL_Driver/Src/stm32g0xx_hal_tim_ex.c **** }
2821:Drivers/STM32G0xx_HAL_Driver/Src/stm32g0xx_hal_tim_ex.c **** 
2822:Drivers/STM32G0xx_HAL_Driver/Src/stm32g0xx_hal_tim_ex.c **** /**
2823:Drivers/STM32G0xx_HAL_Driver/Src/stm32g0xx_hal_tim_ex.c ****   * @brief  Enables or disables the TIM Capture Compare Channel xN.
2824:Drivers/STM32G0xx_HAL_Driver/Src/stm32g0xx_hal_tim_ex.c ****   * @param  TIMx to select the TIM peripheral
2825:Drivers/STM32G0xx_HAL_Driver/Src/stm32g0xx_hal_tim_ex.c ****   * @param  Channel specifies the TIM Channel
ARM GAS  C:\Users\sante\AppData\Local\Temp\cc9r4gT1.s 			page 51


2826:Drivers/STM32G0xx_HAL_Driver/Src/stm32g0xx_hal_tim_ex.c ****   *          This parameter can be one of the following values:
2827:Drivers/STM32G0xx_HAL_Driver/Src/stm32g0xx_hal_tim_ex.c ****   *            @arg TIM_CHANNEL_1: TIM Channel 1
2828:Drivers/STM32G0xx_HAL_Driver/Src/stm32g0xx_hal_tim_ex.c ****   *            @arg TIM_CHANNEL_2: TIM Channel 2
2829:Drivers/STM32G0xx_HAL_Driver/Src/stm32g0xx_hal_tim_ex.c ****   *            @arg TIM_CHANNEL_3: TIM Channel 3
2830:Drivers/STM32G0xx_HAL_Driver/Src/stm32g0xx_hal_tim_ex.c ****   * @param  ChannelNState specifies the TIM Channel CCxNE bit new state.
2831:Drivers/STM32G0xx_HAL_Driver/Src/stm32g0xx_hal_tim_ex.c ****   *          This parameter can be: TIM_CCxN_ENABLE or TIM_CCxN_Disable.
2832:Drivers/STM32G0xx_HAL_Driver/Src/stm32g0xx_hal_tim_ex.c ****   * @retval None
2833:Drivers/STM32G0xx_HAL_Driver/Src/stm32g0xx_hal_tim_ex.c ****   */
2834:Drivers/STM32G0xx_HAL_Driver/Src/stm32g0xx_hal_tim_ex.c **** static void TIM_CCxNChannelCmd(TIM_TypeDef *TIMx, uint32_t Channel, uint32_t ChannelNState)
2835:Drivers/STM32G0xx_HAL_Driver/Src/stm32g0xx_hal_tim_ex.c **** {
  27              		.loc 1 2835 1 view -0
  28              		.cfi_startproc
  29              		@ args = 0, pretend = 0, frame = 0
  30              		@ frame_needed = 0, uses_anonymous_args = 0
  31              		.loc 1 2835 1 is_stmt 0 view .LVU1
  32 0000 10B5     		push	{r4, lr}
  33              		.cfi_def_cfa_offset 8
  34              		.cfi_offset 4, -8
  35              		.cfi_offset 14, -4
2836:Drivers/STM32G0xx_HAL_Driver/Src/stm32g0xx_hal_tim_ex.c ****   uint32_t tmp;
  36              		.loc 1 2836 3 is_stmt 1 view .LVU2
2837:Drivers/STM32G0xx_HAL_Driver/Src/stm32g0xx_hal_tim_ex.c **** 
2838:Drivers/STM32G0xx_HAL_Driver/Src/stm32g0xx_hal_tim_ex.c ****   tmp = TIM_CCER_CC1NE << (Channel & 0xFU); /* 0xFU = 15 bits max shift */
  37              		.loc 1 2838 3 view .LVU3
  38              		.loc 1 2838 36 is_stmt 0 view .LVU4
  39 0002 0F23     		movs	r3, #15
  40 0004 1940     		ands	r1, r3
  41              	.LVL1:
  42              		.loc 1 2838 7 view .LVU5
  43 0006 0424     		movs	r4, #4
  44 0008 8C40     		lsls	r4, r4, r1
  45              	.LVL2:
2839:Drivers/STM32G0xx_HAL_Driver/Src/stm32g0xx_hal_tim_ex.c **** 
2840:Drivers/STM32G0xx_HAL_Driver/Src/stm32g0xx_hal_tim_ex.c ****   /* Reset the CCxNE Bit */
2841:Drivers/STM32G0xx_HAL_Driver/Src/stm32g0xx_hal_tim_ex.c ****   TIMx->CCER &=  ~tmp;
  46              		.loc 1 2841 3 is_stmt 1 view .LVU6
  47              		.loc 1 2841 7 is_stmt 0 view .LVU7
  48 000a 036A     		ldr	r3, [r0, #32]
  49              		.loc 1 2841 14 view .LVU8
  50 000c A343     		bics	r3, r4
  51 000e 0362     		str	r3, [r0, #32]
2842:Drivers/STM32G0xx_HAL_Driver/Src/stm32g0xx_hal_tim_ex.c **** 
2843:Drivers/STM32G0xx_HAL_Driver/Src/stm32g0xx_hal_tim_ex.c ****   /* Set or reset the CCxNE Bit */
2844:Drivers/STM32G0xx_HAL_Driver/Src/stm32g0xx_hal_tim_ex.c ****   TIMx->CCER |= (uint32_t)(ChannelNState << (Channel & 0xFU)); /* 0xFU = 15 bits max shift */
  52              		.loc 1 2844 3 is_stmt 1 view .LVU9
  53              		.loc 1 2844 7 is_stmt 0 view .LVU10
  54 0010 036A     		ldr	r3, [r0, #32]
  55              		.loc 1 2844 42 view .LVU11
  56 0012 8A40     		lsls	r2, r2, r1
  57              	.LVL3:
  58              		.loc 1 2844 14 view .LVU12
  59 0014 1343     		orrs	r3, r2
  60 0016 0362     		str	r3, [r0, #32]
2845:Drivers/STM32G0xx_HAL_Driver/Src/stm32g0xx_hal_tim_ex.c **** }
  61              		.loc 1 2845 1 view .LVU13
  62              		@ sp needed
  63              	.LVL4:
ARM GAS  C:\Users\sante\AppData\Local\Temp\cc9r4gT1.s 			page 52


  64              		.loc 1 2845 1 view .LVU14
  65 0018 10BD     		pop	{r4, pc}
  66              		.cfi_endproc
  67              	.LFE540:
  69              		.section	.text.TIM_DMAErrorCCxN,"ax",%progbits
  70              		.align	1
  71              		.syntax unified
  72              		.code	16
  73              		.thumb_func
  75              	TIM_DMAErrorCCxN:
  76              	.LVL5:
  77              	.LFB539:
2790:Drivers/STM32G0xx_HAL_Driver/Src/stm32g0xx_hal_tim_ex.c ****   TIM_HandleTypeDef *htim = (TIM_HandleTypeDef *)((DMA_HandleTypeDef *)hdma)->Parent;
  78              		.loc 1 2790 1 is_stmt 1 view -0
  79              		.cfi_startproc
  80              		@ args = 0, pretend = 0, frame = 0
  81              		@ frame_needed = 0, uses_anonymous_args = 0
2790:Drivers/STM32G0xx_HAL_Driver/Src/stm32g0xx_hal_tim_ex.c ****   TIM_HandleTypeDef *htim = (TIM_HandleTypeDef *)((DMA_HandleTypeDef *)hdma)->Parent;
  82              		.loc 1 2790 1 is_stmt 0 view .LVU16
  83 0000 10B5     		push	{r4, lr}
  84              		.cfi_def_cfa_offset 8
  85              		.cfi_offset 4, -8
  86              		.cfi_offset 14, -4
2791:Drivers/STM32G0xx_HAL_Driver/Src/stm32g0xx_hal_tim_ex.c **** 
  87              		.loc 1 2791 3 is_stmt 1 view .LVU17
2791:Drivers/STM32G0xx_HAL_Driver/Src/stm32g0xx_hal_tim_ex.c **** 
  88              		.loc 1 2791 22 is_stmt 0 view .LVU18
  89 0002 846A     		ldr	r4, [r0, #40]
  90              	.LVL6:
2793:Drivers/STM32G0xx_HAL_Driver/Src/stm32g0xx_hal_tim_ex.c ****   {
  91              		.loc 1 2793 3 is_stmt 1 view .LVU19
2793:Drivers/STM32G0xx_HAL_Driver/Src/stm32g0xx_hal_tim_ex.c ****   {
  92              		.loc 1 2793 25 is_stmt 0 view .LVU20
  93 0004 636A     		ldr	r3, [r4, #36]
2793:Drivers/STM32G0xx_HAL_Driver/Src/stm32g0xx_hal_tim_ex.c ****   {
  94              		.loc 1 2793 6 view .LVU21
  95 0006 8342     		cmp	r3, r0
  96 0008 0BD0     		beq	.L6
2798:Drivers/STM32G0xx_HAL_Driver/Src/stm32g0xx_hal_tim_ex.c ****   {
  97              		.loc 1 2798 8 is_stmt 1 view .LVU22
2798:Drivers/STM32G0xx_HAL_Driver/Src/stm32g0xx_hal_tim_ex.c ****   {
  98              		.loc 1 2798 30 is_stmt 0 view .LVU23
  99 000a A36A     		ldr	r3, [r4, #40]
2798:Drivers/STM32G0xx_HAL_Driver/Src/stm32g0xx_hal_tim_ex.c ****   {
 100              		.loc 1 2798 11 view .LVU24
 101 000c 8342     		cmp	r3, r0
 102 000e 0DD0     		beq	.L7
2803:Drivers/STM32G0xx_HAL_Driver/Src/stm32g0xx_hal_tim_ex.c ****   {
 103              		.loc 1 2803 8 is_stmt 1 view .LVU25
2803:Drivers/STM32G0xx_HAL_Driver/Src/stm32g0xx_hal_tim_ex.c ****   {
 104              		.loc 1 2803 30 is_stmt 0 view .LVU26
 105 0010 E36A     		ldr	r3, [r4, #44]
2803:Drivers/STM32G0xx_HAL_Driver/Src/stm32g0xx_hal_tim_ex.c ****   {
 106              		.loc 1 2803 11 view .LVU27
 107 0012 8342     		cmp	r3, r0
 108 0014 10D0     		beq	.L8
 109              	.L4:
ARM GAS  C:\Users\sante\AppData\Local\Temp\cc9r4gT1.s 			page 53


2811:Drivers/STM32G0xx_HAL_Driver/Src/stm32g0xx_hal_tim_ex.c **** 
 110              		.loc 1 2811 3 is_stmt 1 view .LVU28
2816:Drivers/STM32G0xx_HAL_Driver/Src/stm32g0xx_hal_tim_ex.c **** #endif /* USE_HAL_TIM_REGISTER_CALLBACKS */
 111              		.loc 1 2816 3 view .LVU29
 112 0016 2000     		movs	r0, r4
 113              	.LVL7:
2816:Drivers/STM32G0xx_HAL_Driver/Src/stm32g0xx_hal_tim_ex.c **** #endif /* USE_HAL_TIM_REGISTER_CALLBACKS */
 114              		.loc 1 2816 3 is_stmt 0 view .LVU30
 115 0018 FFF7FEFF 		bl	HAL_TIM_ErrorCallback
 116              	.LVL8:
2819:Drivers/STM32G0xx_HAL_Driver/Src/stm32g0xx_hal_tim_ex.c **** }
 117              		.loc 1 2819 3 is_stmt 1 view .LVU31
2819:Drivers/STM32G0xx_HAL_Driver/Src/stm32g0xx_hal_tim_ex.c **** }
 118              		.loc 1 2819 17 is_stmt 0 view .LVU32
 119 001c 0023     		movs	r3, #0
 120 001e 2377     		strb	r3, [r4, #28]
2820:Drivers/STM32G0xx_HAL_Driver/Src/stm32g0xx_hal_tim_ex.c **** 
 121              		.loc 1 2820 1 view .LVU33
 122              		@ sp needed
 123              	.LVL9:
2820:Drivers/STM32G0xx_HAL_Driver/Src/stm32g0xx_hal_tim_ex.c **** 
 124              		.loc 1 2820 1 view .LVU34
 125 0020 10BD     		pop	{r4, pc}
 126              	.LVL10:
 127              	.L6:
2795:Drivers/STM32G0xx_HAL_Driver/Src/stm32g0xx_hal_tim_ex.c ****     TIM_CHANNEL_N_STATE_SET(htim, TIM_CHANNEL_1, HAL_TIM_CHANNEL_STATE_READY);
 128              		.loc 1 2795 5 is_stmt 1 view .LVU35
2795:Drivers/STM32G0xx_HAL_Driver/Src/stm32g0xx_hal_tim_ex.c ****     TIM_CHANNEL_N_STATE_SET(htim, TIM_CHANNEL_1, HAL_TIM_CHANNEL_STATE_READY);
 129              		.loc 1 2795 19 is_stmt 0 view .LVU36
 130 0022 0123     		movs	r3, #1
 131 0024 2377     		strb	r3, [r4, #28]
2796:Drivers/STM32G0xx_HAL_Driver/Src/stm32g0xx_hal_tim_ex.c ****   }
 132              		.loc 1 2796 5 is_stmt 1 view .LVU37
 133 0026 4422     		movs	r2, #68
 134 0028 A354     		strb	r3, [r4, r2]
 135 002a F4E7     		b	.L4
 136              	.L7:
2800:Drivers/STM32G0xx_HAL_Driver/Src/stm32g0xx_hal_tim_ex.c ****     TIM_CHANNEL_N_STATE_SET(htim, TIM_CHANNEL_2, HAL_TIM_CHANNEL_STATE_READY);
 137              		.loc 1 2800 5 view .LVU38
2800:Drivers/STM32G0xx_HAL_Driver/Src/stm32g0xx_hal_tim_ex.c ****     TIM_CHANNEL_N_STATE_SET(htim, TIM_CHANNEL_2, HAL_TIM_CHANNEL_STATE_READY);
 138              		.loc 1 2800 19 is_stmt 0 view .LVU39
 139 002c 0223     		movs	r3, #2
 140 002e 2377     		strb	r3, [r4, #28]
2801:Drivers/STM32G0xx_HAL_Driver/Src/stm32g0xx_hal_tim_ex.c ****   }
 141              		.loc 1 2801 5 is_stmt 1 view .LVU40
 142 0030 4333     		adds	r3, r3, #67
 143 0032 0122     		movs	r2, #1
 144 0034 E254     		strb	r2, [r4, r3]
 145 0036 EEE7     		b	.L4
 146              	.L8:
2805:Drivers/STM32G0xx_HAL_Driver/Src/stm32g0xx_hal_tim_ex.c ****     TIM_CHANNEL_N_STATE_SET(htim, TIM_CHANNEL_3, HAL_TIM_CHANNEL_STATE_READY);
 147              		.loc 1 2805 5 view .LVU41
2805:Drivers/STM32G0xx_HAL_Driver/Src/stm32g0xx_hal_tim_ex.c ****     TIM_CHANNEL_N_STATE_SET(htim, TIM_CHANNEL_3, HAL_TIM_CHANNEL_STATE_READY);
 148              		.loc 1 2805 19 is_stmt 0 view .LVU42
 149 0038 0423     		movs	r3, #4
 150 003a 2377     		strb	r3, [r4, #28]
2806:Drivers/STM32G0xx_HAL_Driver/Src/stm32g0xx_hal_tim_ex.c ****   }
ARM GAS  C:\Users\sante\AppData\Local\Temp\cc9r4gT1.s 			page 54


 151              		.loc 1 2806 5 is_stmt 1 view .LVU43
 152 003c 4233     		adds	r3, r3, #66
 153 003e 0122     		movs	r2, #1
 154 0040 E254     		strb	r2, [r4, r3]
 155 0042 E8E7     		b	.L4
 156              		.cfi_endproc
 157              	.LFE539:
 159              		.section	.text.TIM_DMADelayPulseNCplt,"ax",%progbits
 160              		.align	1
 161              		.syntax unified
 162              		.code	16
 163              		.thumb_func
 165              	TIM_DMADelayPulseNCplt:
 166              	.LVL11:
 167              	.LFB538:
2740:Drivers/STM32G0xx_HAL_Driver/Src/stm32g0xx_hal_tim_ex.c ****   TIM_HandleTypeDef *htim = (TIM_HandleTypeDef *)((DMA_HandleTypeDef *)hdma)->Parent;
 168              		.loc 1 2740 1 view -0
 169              		.cfi_startproc
 170              		@ args = 0, pretend = 0, frame = 0
 171              		@ frame_needed = 0, uses_anonymous_args = 0
2740:Drivers/STM32G0xx_HAL_Driver/Src/stm32g0xx_hal_tim_ex.c ****   TIM_HandleTypeDef *htim = (TIM_HandleTypeDef *)((DMA_HandleTypeDef *)hdma)->Parent;
 172              		.loc 1 2740 1 is_stmt 0 view .LVU45
 173 0000 10B5     		push	{r4, lr}
 174              		.cfi_def_cfa_offset 8
 175              		.cfi_offset 4, -8
 176              		.cfi_offset 14, -4
2741:Drivers/STM32G0xx_HAL_Driver/Src/stm32g0xx_hal_tim_ex.c **** 
 177              		.loc 1 2741 3 is_stmt 1 view .LVU46
2741:Drivers/STM32G0xx_HAL_Driver/Src/stm32g0xx_hal_tim_ex.c **** 
 178              		.loc 1 2741 22 is_stmt 0 view .LVU47
 179 0002 846A     		ldr	r4, [r0, #40]
 180              	.LVL12:
2743:Drivers/STM32G0xx_HAL_Driver/Src/stm32g0xx_hal_tim_ex.c ****   {
 181              		.loc 1 2743 3 is_stmt 1 view .LVU48
2743:Drivers/STM32G0xx_HAL_Driver/Src/stm32g0xx_hal_tim_ex.c ****   {
 182              		.loc 1 2743 25 is_stmt 0 view .LVU49
 183 0004 636A     		ldr	r3, [r4, #36]
2743:Drivers/STM32G0xx_HAL_Driver/Src/stm32g0xx_hal_tim_ex.c ****   {
 184              		.loc 1 2743 6 view .LVU50
 185 0006 8342     		cmp	r3, r0
 186 0008 0BD0     		beq	.L13
2752:Drivers/STM32G0xx_HAL_Driver/Src/stm32g0xx_hal_tim_ex.c ****   {
 187              		.loc 1 2752 8 is_stmt 1 view .LVU51
2752:Drivers/STM32G0xx_HAL_Driver/Src/stm32g0xx_hal_tim_ex.c ****   {
 188              		.loc 1 2752 30 is_stmt 0 view .LVU52
 189 000a A36A     		ldr	r3, [r4, #40]
2752:Drivers/STM32G0xx_HAL_Driver/Src/stm32g0xx_hal_tim_ex.c ****   {
 190              		.loc 1 2752 11 view .LVU53
 191 000c 8342     		cmp	r3, r0
 192 000e 11D0     		beq	.L14
2761:Drivers/STM32G0xx_HAL_Driver/Src/stm32g0xx_hal_tim_ex.c ****   {
 193              		.loc 1 2761 8 is_stmt 1 view .LVU54
2761:Drivers/STM32G0xx_HAL_Driver/Src/stm32g0xx_hal_tim_ex.c ****   {
 194              		.loc 1 2761 30 is_stmt 0 view .LVU55
 195 0010 E36A     		ldr	r3, [r4, #44]
2761:Drivers/STM32G0xx_HAL_Driver/Src/stm32g0xx_hal_tim_ex.c ****   {
 196              		.loc 1 2761 11 view .LVU56
ARM GAS  C:\Users\sante\AppData\Local\Temp\cc9r4gT1.s 			page 55


 197 0012 8342     		cmp	r3, r0
 198 0014 17D0     		beq	.L15
 199              	.L11:
2773:Drivers/STM32G0xx_HAL_Driver/Src/stm32g0xx_hal_tim_ex.c **** 
 200              		.loc 1 2773 3 is_stmt 1 view .LVU57
2778:Drivers/STM32G0xx_HAL_Driver/Src/stm32g0xx_hal_tim_ex.c **** #endif /* USE_HAL_TIM_REGISTER_CALLBACKS */
 201              		.loc 1 2778 3 view .LVU58
 202 0016 2000     		movs	r0, r4
 203              	.LVL13:
2778:Drivers/STM32G0xx_HAL_Driver/Src/stm32g0xx_hal_tim_ex.c **** #endif /* USE_HAL_TIM_REGISTER_CALLBACKS */
 204              		.loc 1 2778 3 is_stmt 0 view .LVU59
 205 0018 FFF7FEFF 		bl	HAL_TIM_PWM_PulseFinishedCallback
 206              	.LVL14:
2781:Drivers/STM32G0xx_HAL_Driver/Src/stm32g0xx_hal_tim_ex.c **** }
 207              		.loc 1 2781 3 is_stmt 1 view .LVU60
2781:Drivers/STM32G0xx_HAL_Driver/Src/stm32g0xx_hal_tim_ex.c **** }
 208              		.loc 1 2781 17 is_stmt 0 view .LVU61
 209 001c 0023     		movs	r3, #0
 210 001e 2377     		strb	r3, [r4, #28]
2782:Drivers/STM32G0xx_HAL_Driver/Src/stm32g0xx_hal_tim_ex.c **** 
 211              		.loc 1 2782 1 view .LVU62
 212              		@ sp needed
 213              	.LVL15:
2782:Drivers/STM32G0xx_HAL_Driver/Src/stm32g0xx_hal_tim_ex.c **** 
 214              		.loc 1 2782 1 view .LVU63
 215 0020 10BD     		pop	{r4, pc}
 216              	.LVL16:
 217              	.L13:
2745:Drivers/STM32G0xx_HAL_Driver/Src/stm32g0xx_hal_tim_ex.c **** 
 218              		.loc 1 2745 5 is_stmt 1 view .LVU64
2745:Drivers/STM32G0xx_HAL_Driver/Src/stm32g0xx_hal_tim_ex.c **** 
 219              		.loc 1 2745 19 is_stmt 0 view .LVU65
 220 0022 0123     		movs	r3, #1
 221 0024 2377     		strb	r3, [r4, #28]
2747:Drivers/STM32G0xx_HAL_Driver/Src/stm32g0xx_hal_tim_ex.c ****     {
 222              		.loc 1 2747 5 is_stmt 1 view .LVU66
2747:Drivers/STM32G0xx_HAL_Driver/Src/stm32g0xx_hal_tim_ex.c ****     {
 223              		.loc 1 2747 19 is_stmt 0 view .LVU67
 224 0026 C369     		ldr	r3, [r0, #28]
2747:Drivers/STM32G0xx_HAL_Driver/Src/stm32g0xx_hal_tim_ex.c ****     {
 225              		.loc 1 2747 8 view .LVU68
 226 0028 002B     		cmp	r3, #0
 227 002a F4D1     		bne	.L11
2749:Drivers/STM32G0xx_HAL_Driver/Src/stm32g0xx_hal_tim_ex.c ****     }
 228              		.loc 1 2749 7 is_stmt 1 view .LVU69
 229 002c 4433     		adds	r3, r3, #68
 230 002e 0122     		movs	r2, #1
 231 0030 E254     		strb	r2, [r4, r3]
 232 0032 F0E7     		b	.L11
 233              	.L14:
2754:Drivers/STM32G0xx_HAL_Driver/Src/stm32g0xx_hal_tim_ex.c **** 
 234              		.loc 1 2754 5 view .LVU70
2754:Drivers/STM32G0xx_HAL_Driver/Src/stm32g0xx_hal_tim_ex.c **** 
 235              		.loc 1 2754 19 is_stmt 0 view .LVU71
 236 0034 0223     		movs	r3, #2
 237 0036 2377     		strb	r3, [r4, #28]
2756:Drivers/STM32G0xx_HAL_Driver/Src/stm32g0xx_hal_tim_ex.c ****     {
ARM GAS  C:\Users\sante\AppData\Local\Temp\cc9r4gT1.s 			page 56


 238              		.loc 1 2756 5 is_stmt 1 view .LVU72
2756:Drivers/STM32G0xx_HAL_Driver/Src/stm32g0xx_hal_tim_ex.c ****     {
 239              		.loc 1 2756 19 is_stmt 0 view .LVU73
 240 0038 C369     		ldr	r3, [r0, #28]
2756:Drivers/STM32G0xx_HAL_Driver/Src/stm32g0xx_hal_tim_ex.c ****     {
 241              		.loc 1 2756 8 view .LVU74
 242 003a 002B     		cmp	r3, #0
 243 003c EBD1     		bne	.L11
2758:Drivers/STM32G0xx_HAL_Driver/Src/stm32g0xx_hal_tim_ex.c ****     }
 244              		.loc 1 2758 7 is_stmt 1 view .LVU75
 245 003e 4533     		adds	r3, r3, #69
 246 0040 0122     		movs	r2, #1
 247 0042 E254     		strb	r2, [r4, r3]
 248 0044 E7E7     		b	.L11
 249              	.L15:
2763:Drivers/STM32G0xx_HAL_Driver/Src/stm32g0xx_hal_tim_ex.c **** 
 250              		.loc 1 2763 5 view .LVU76
2763:Drivers/STM32G0xx_HAL_Driver/Src/stm32g0xx_hal_tim_ex.c **** 
 251              		.loc 1 2763 19 is_stmt 0 view .LVU77
 252 0046 0423     		movs	r3, #4
 253 0048 2377     		strb	r3, [r4, #28]
2765:Drivers/STM32G0xx_HAL_Driver/Src/stm32g0xx_hal_tim_ex.c ****     {
 254              		.loc 1 2765 5 is_stmt 1 view .LVU78
2765:Drivers/STM32G0xx_HAL_Driver/Src/stm32g0xx_hal_tim_ex.c ****     {
 255              		.loc 1 2765 19 is_stmt 0 view .LVU79
 256 004a C369     		ldr	r3, [r0, #28]
2765:Drivers/STM32G0xx_HAL_Driver/Src/stm32g0xx_hal_tim_ex.c ****     {
 257              		.loc 1 2765 8 view .LVU80
 258 004c 002B     		cmp	r3, #0
 259 004e E2D1     		bne	.L11
2767:Drivers/STM32G0xx_HAL_Driver/Src/stm32g0xx_hal_tim_ex.c ****     }
 260              		.loc 1 2767 7 is_stmt 1 view .LVU81
 261 0050 4633     		adds	r3, r3, #70
 262 0052 0122     		movs	r2, #1
 263 0054 E254     		strb	r2, [r4, r3]
 264 0056 DEE7     		b	.L11
 265              		.cfi_endproc
 266              	.LFE538:
 268              		.section	.text.HAL_TIMEx_HallSensor_MspInit,"ax",%progbits
 269              		.align	1
 270              		.weak	HAL_TIMEx_HallSensor_MspInit
 271              		.syntax unified
 272              		.code	16
 273              		.thumb_func
 275              	HAL_TIMEx_HallSensor_MspInit:
 276              	.LVL17:
 277              	.LFB495:
 299:Drivers/STM32G0xx_HAL_Driver/Src/stm32g0xx_hal_tim_ex.c ****   /* Prevent unused argument(s) compilation warning */
 278              		.loc 1 299 1 view -0
 279              		.cfi_startproc
 280              		@ args = 0, pretend = 0, frame = 0
 281              		@ frame_needed = 0, uses_anonymous_args = 0
 282              		@ link register save eliminated.
 301:Drivers/STM32G0xx_HAL_Driver/Src/stm32g0xx_hal_tim_ex.c **** 
 283              		.loc 1 301 3 view .LVU83
 306:Drivers/STM32G0xx_HAL_Driver/Src/stm32g0xx_hal_tim_ex.c **** 
 284              		.loc 1 306 1 is_stmt 0 view .LVU84
ARM GAS  C:\Users\sante\AppData\Local\Temp\cc9r4gT1.s 			page 57


 285              		@ sp needed
 286 0000 7047     		bx	lr
 287              		.cfi_endproc
 288              	.LFE495:
 290              		.section	.text.HAL_TIMEx_HallSensor_Init,"ax",%progbits
 291              		.align	1
 292              		.global	HAL_TIMEx_HallSensor_Init
 293              		.syntax unified
 294              		.code	16
 295              		.thumb_func
 297              	HAL_TIMEx_HallSensor_Init:
 298              	.LVL18:
 299              	.LFB493:
 152:Drivers/STM32G0xx_HAL_Driver/Src/stm32g0xx_hal_tim_ex.c ****   TIM_OC_InitTypeDef OC_Config;
 300              		.loc 1 152 1 is_stmt 1 view -0
 301              		.cfi_startproc
 302              		@ args = 0, pretend = 0, frame = 32
 303              		@ frame_needed = 0, uses_anonymous_args = 0
 152:Drivers/STM32G0xx_HAL_Driver/Src/stm32g0xx_hal_tim_ex.c ****   TIM_OC_InitTypeDef OC_Config;
 304              		.loc 1 152 1 is_stmt 0 view .LVU86
 305 0000 F0B5     		push	{r4, r5, r6, r7, lr}
 306              		.cfi_def_cfa_offset 20
 307              		.cfi_offset 4, -20
 308              		.cfi_offset 5, -16
 309              		.cfi_offset 6, -12
 310              		.cfi_offset 7, -8
 311              		.cfi_offset 14, -4
 312 0002 89B0     		sub	sp, sp, #36
 313              		.cfi_def_cfa_offset 56
 314 0004 0400     		movs	r4, r0
 315 0006 0D00     		movs	r5, r1
 153:Drivers/STM32G0xx_HAL_Driver/Src/stm32g0xx_hal_tim_ex.c **** 
 316              		.loc 1 153 3 is_stmt 1 view .LVU87
 156:Drivers/STM32G0xx_HAL_Driver/Src/stm32g0xx_hal_tim_ex.c ****   {
 317              		.loc 1 156 3 view .LVU88
 156:Drivers/STM32G0xx_HAL_Driver/Src/stm32g0xx_hal_tim_ex.c ****   {
 318              		.loc 1 156 6 is_stmt 0 view .LVU89
 319 0008 0028     		cmp	r0, #0
 320 000a 5FD0     		beq	.L20
 162:Drivers/STM32G0xx_HAL_Driver/Src/stm32g0xx_hal_tim_ex.c ****   assert_param(IS_TIM_COUNTER_MODE(htim->Init.CounterMode));
 321              		.loc 1 162 3 is_stmt 1 view .LVU90
 163:Drivers/STM32G0xx_HAL_Driver/Src/stm32g0xx_hal_tim_ex.c ****   assert_param(IS_TIM_CLOCKDIVISION_DIV(htim->Init.ClockDivision));
 322              		.loc 1 163 3 view .LVU91
 164:Drivers/STM32G0xx_HAL_Driver/Src/stm32g0xx_hal_tim_ex.c ****   assert_param(IS_TIM_AUTORELOAD_PRELOAD(htim->Init.AutoReloadPreload));
 323              		.loc 1 164 3 view .LVU92
 165:Drivers/STM32G0xx_HAL_Driver/Src/stm32g0xx_hal_tim_ex.c ****   assert_param(IS_TIM_IC_POLARITY(sConfig->IC1Polarity));
 324              		.loc 1 165 3 view .LVU93
 166:Drivers/STM32G0xx_HAL_Driver/Src/stm32g0xx_hal_tim_ex.c ****   assert_param(IS_TIM_PERIOD(htim, htim->Init.Period));
 325              		.loc 1 166 3 view .LVU94
 167:Drivers/STM32G0xx_HAL_Driver/Src/stm32g0xx_hal_tim_ex.c ****   assert_param(IS_TIM_IC_PRESCALER(sConfig->IC1Prescaler));
 326              		.loc 1 167 3 view .LVU95
 168:Drivers/STM32G0xx_HAL_Driver/Src/stm32g0xx_hal_tim_ex.c ****   assert_param(IS_TIM_IC_FILTER(sConfig->IC1Filter));
 327              		.loc 1 168 3 view .LVU96
 169:Drivers/STM32G0xx_HAL_Driver/Src/stm32g0xx_hal_tim_ex.c **** 
 328              		.loc 1 169 3 view .LVU97
 171:Drivers/STM32G0xx_HAL_Driver/Src/stm32g0xx_hal_tim_ex.c ****   {
 329              		.loc 1 171 3 view .LVU98
ARM GAS  C:\Users\sante\AppData\Local\Temp\cc9r4gT1.s 			page 58


 171:Drivers/STM32G0xx_HAL_Driver/Src/stm32g0xx_hal_tim_ex.c ****   {
 330              		.loc 1 171 11 is_stmt 0 view .LVU99
 331 000c 3D23     		movs	r3, #61
 332 000e C35C     		ldrb	r3, [r0, r3]
 171:Drivers/STM32G0xx_HAL_Driver/Src/stm32g0xx_hal_tim_ex.c ****   {
 333              		.loc 1 171 6 view .LVU100
 334 0010 002B     		cmp	r3, #0
 335 0012 55D0     		beq	.L21
 336              	.LVL19:
 337              	.L19:
 193:Drivers/STM32G0xx_HAL_Driver/Src/stm32g0xx_hal_tim_ex.c **** 
 338              		.loc 1 193 3 is_stmt 1 view .LVU101
 193:Drivers/STM32G0xx_HAL_Driver/Src/stm32g0xx_hal_tim_ex.c **** 
 339              		.loc 1 193 15 is_stmt 0 view .LVU102
 340 0014 3D26     		movs	r6, #61
 341 0016 0223     		movs	r3, #2
 342 0018 A355     		strb	r3, [r4, r6]
 196:Drivers/STM32G0xx_HAL_Driver/Src/stm32g0xx_hal_tim_ex.c **** 
 343              		.loc 1 196 3 is_stmt 1 view .LVU103
 196:Drivers/STM32G0xx_HAL_Driver/Src/stm32g0xx_hal_tim_ex.c **** 
 344              		.loc 1 196 38 is_stmt 0 view .LVU104
 345 001a 2100     		movs	r1, r4
 196:Drivers/STM32G0xx_HAL_Driver/Src/stm32g0xx_hal_tim_ex.c **** 
 346              		.loc 1 196 3 view .LVU105
 347 001c 01C9     		ldmia	r1!, {r0}
 348 001e FFF7FEFF 		bl	TIM_Base_SetConfig
 349              	.LVL20:
 199:Drivers/STM32G0xx_HAL_Driver/Src/stm32g0xx_hal_tim_ex.c **** 
 350              		.loc 1 199 3 is_stmt 1 view .LVU106
 199:Drivers/STM32G0xx_HAL_Driver/Src/stm32g0xx_hal_tim_ex.c **** 
 351              		.loc 1 199 44 is_stmt 0 view .LVU107
 352 0022 2968     		ldr	r1, [r5]
 199:Drivers/STM32G0xx_HAL_Driver/Src/stm32g0xx_hal_tim_ex.c **** 
 353              		.loc 1 199 87 view .LVU108
 354 0024 AB68     		ldr	r3, [r5, #8]
 199:Drivers/STM32G0xx_HAL_Driver/Src/stm32g0xx_hal_tim_ex.c **** 
 355              		.loc 1 199 3 view .LVU109
 356 0026 2068     		ldr	r0, [r4]
 357 0028 0322     		movs	r2, #3
 358 002a FFF7FEFF 		bl	TIM_TI1_SetConfig
 359              	.LVL21:
 202:Drivers/STM32G0xx_HAL_Driver/Src/stm32g0xx_hal_tim_ex.c ****   /* Set the IC1PSC value */
 360              		.loc 1 202 3 is_stmt 1 view .LVU110
 202:Drivers/STM32G0xx_HAL_Driver/Src/stm32g0xx_hal_tim_ex.c ****   /* Set the IC1PSC value */
 361              		.loc 1 202 7 is_stmt 0 view .LVU111
 362 002e 2268     		ldr	r2, [r4]
 202:Drivers/STM32G0xx_HAL_Driver/Src/stm32g0xx_hal_tim_ex.c ****   /* Set the IC1PSC value */
 363              		.loc 1 202 17 view .LVU112
 364 0030 9369     		ldr	r3, [r2, #24]
 202:Drivers/STM32G0xx_HAL_Driver/Src/stm32g0xx_hal_tim_ex.c ****   /* Set the IC1PSC value */
 365              		.loc 1 202 25 view .LVU113
 366 0032 0C21     		movs	r1, #12
 367 0034 8B43     		bics	r3, r1
 368 0036 9361     		str	r3, [r2, #24]
 204:Drivers/STM32G0xx_HAL_Driver/Src/stm32g0xx_hal_tim_ex.c **** 
 369              		.loc 1 204 3 is_stmt 1 view .LVU114
 204:Drivers/STM32G0xx_HAL_Driver/Src/stm32g0xx_hal_tim_ex.c **** 
ARM GAS  C:\Users\sante\AppData\Local\Temp\cc9r4gT1.s 			page 59


 370              		.loc 1 204 7 is_stmt 0 view .LVU115
 371 0038 2268     		ldr	r2, [r4]
 204:Drivers/STM32G0xx_HAL_Driver/Src/stm32g0xx_hal_tim_ex.c **** 
 372              		.loc 1 204 17 view .LVU116
 373 003a 9369     		ldr	r3, [r2, #24]
 204:Drivers/STM32G0xx_HAL_Driver/Src/stm32g0xx_hal_tim_ex.c **** 
 374              		.loc 1 204 35 view .LVU117
 375 003c 6968     		ldr	r1, [r5, #4]
 204:Drivers/STM32G0xx_HAL_Driver/Src/stm32g0xx_hal_tim_ex.c **** 
 376              		.loc 1 204 25 view .LVU118
 377 003e 0B43     		orrs	r3, r1
 378 0040 9361     		str	r3, [r2, #24]
 207:Drivers/STM32G0xx_HAL_Driver/Src/stm32g0xx_hal_tim_ex.c **** 
 379              		.loc 1 207 3 is_stmt 1 view .LVU119
 207:Drivers/STM32G0xx_HAL_Driver/Src/stm32g0xx_hal_tim_ex.c **** 
 380              		.loc 1 207 7 is_stmt 0 view .LVU120
 381 0042 2268     		ldr	r2, [r4]
 207:Drivers/STM32G0xx_HAL_Driver/Src/stm32g0xx_hal_tim_ex.c **** 
 382              		.loc 1 207 17 view .LVU121
 383 0044 5368     		ldr	r3, [r2, #4]
 207:Drivers/STM32G0xx_HAL_Driver/Src/stm32g0xx_hal_tim_ex.c **** 
 384              		.loc 1 207 23 view .LVU122
 385 0046 8021     		movs	r1, #128
 386 0048 0B43     		orrs	r3, r1
 387 004a 5360     		str	r3, [r2, #4]
 210:Drivers/STM32G0xx_HAL_Driver/Src/stm32g0xx_hal_tim_ex.c ****   htim->Instance->SMCR |= TIM_TS_TI1F_ED;
 388              		.loc 1 210 3 is_stmt 1 view .LVU123
 210:Drivers/STM32G0xx_HAL_Driver/Src/stm32g0xx_hal_tim_ex.c ****   htim->Instance->SMCR |= TIM_TS_TI1F_ED;
 389              		.loc 1 210 7 is_stmt 0 view .LVU124
 390 004c 2268     		ldr	r2, [r4]
 210:Drivers/STM32G0xx_HAL_Driver/Src/stm32g0xx_hal_tim_ex.c ****   htim->Instance->SMCR |= TIM_TS_TI1F_ED;
 391              		.loc 1 210 17 view .LVU125
 392 004e 9368     		ldr	r3, [r2, #8]
 210:Drivers/STM32G0xx_HAL_Driver/Src/stm32g0xx_hal_tim_ex.c ****   htim->Instance->SMCR |= TIM_TS_TI1F_ED;
 393              		.loc 1 210 24 view .LVU126
 394 0050 1F49     		ldr	r1, .L22
 395 0052 0B40     		ands	r3, r1
 396 0054 9360     		str	r3, [r2, #8]
 211:Drivers/STM32G0xx_HAL_Driver/Src/stm32g0xx_hal_tim_ex.c **** 
 397              		.loc 1 211 3 is_stmt 1 view .LVU127
 211:Drivers/STM32G0xx_HAL_Driver/Src/stm32g0xx_hal_tim_ex.c **** 
 398              		.loc 1 211 7 is_stmt 0 view .LVU128
 399 0056 2268     		ldr	r2, [r4]
 211:Drivers/STM32G0xx_HAL_Driver/Src/stm32g0xx_hal_tim_ex.c **** 
 400              		.loc 1 211 17 view .LVU129
 401 0058 9368     		ldr	r3, [r2, #8]
 211:Drivers/STM32G0xx_HAL_Driver/Src/stm32g0xx_hal_tim_ex.c **** 
 402              		.loc 1 211 24 view .LVU130
 403 005a 4021     		movs	r1, #64
 404 005c 0B43     		orrs	r3, r1
 405 005e 9360     		str	r3, [r2, #8]
 214:Drivers/STM32G0xx_HAL_Driver/Src/stm32g0xx_hal_tim_ex.c ****   htim->Instance->SMCR |= TIM_SLAVEMODE_RESET;
 406              		.loc 1 214 3 is_stmt 1 view .LVU131
 214:Drivers/STM32G0xx_HAL_Driver/Src/stm32g0xx_hal_tim_ex.c ****   htim->Instance->SMCR |= TIM_SLAVEMODE_RESET;
 407              		.loc 1 214 7 is_stmt 0 view .LVU132
 408 0060 2268     		ldr	r2, [r4]
 214:Drivers/STM32G0xx_HAL_Driver/Src/stm32g0xx_hal_tim_ex.c ****   htim->Instance->SMCR |= TIM_SLAVEMODE_RESET;
ARM GAS  C:\Users\sante\AppData\Local\Temp\cc9r4gT1.s 			page 60


 409              		.loc 1 214 17 view .LVU133
 410 0062 9368     		ldr	r3, [r2, #8]
 214:Drivers/STM32G0xx_HAL_Driver/Src/stm32g0xx_hal_tim_ex.c ****   htim->Instance->SMCR |= TIM_SLAVEMODE_RESET;
 411              		.loc 1 214 24 view .LVU134
 412 0064 1B49     		ldr	r1, .L22+4
 413 0066 0B40     		ands	r3, r1
 414 0068 9360     		str	r3, [r2, #8]
 215:Drivers/STM32G0xx_HAL_Driver/Src/stm32g0xx_hal_tim_ex.c **** 
 415              		.loc 1 215 3 is_stmt 1 view .LVU135
 215:Drivers/STM32G0xx_HAL_Driver/Src/stm32g0xx_hal_tim_ex.c **** 
 416              		.loc 1 215 7 is_stmt 0 view .LVU136
 417 006a 2268     		ldr	r2, [r4]
 215:Drivers/STM32G0xx_HAL_Driver/Src/stm32g0xx_hal_tim_ex.c **** 
 418              		.loc 1 215 17 view .LVU137
 419 006c 9368     		ldr	r3, [r2, #8]
 215:Drivers/STM32G0xx_HAL_Driver/Src/stm32g0xx_hal_tim_ex.c **** 
 420              		.loc 1 215 24 view .LVU138
 421 006e 0421     		movs	r1, #4
 422 0070 0B43     		orrs	r3, r1
 423 0072 9360     		str	r3, [r2, #8]
 218:Drivers/STM32G0xx_HAL_Driver/Src/stm32g0xx_hal_tim_ex.c ****   OC_Config.OCIdleState = TIM_OCIDLESTATE_RESET;
 424              		.loc 1 218 3 is_stmt 1 view .LVU139
 218:Drivers/STM32G0xx_HAL_Driver/Src/stm32g0xx_hal_tim_ex.c ****   OC_Config.OCIdleState = TIM_OCIDLESTATE_RESET;
 425              		.loc 1 218 24 is_stmt 0 view .LVU140
 426 0074 01A9     		add	r1, sp, #4
 427 0076 0023     		movs	r3, #0
 428 0078 0B61     		str	r3, [r1, #16]
 219:Drivers/STM32G0xx_HAL_Driver/Src/stm32g0xx_hal_tim_ex.c ****   OC_Config.OCMode = TIM_OCMODE_PWM2;
 429              		.loc 1 219 3 is_stmt 1 view .LVU141
 219:Drivers/STM32G0xx_HAL_Driver/Src/stm32g0xx_hal_tim_ex.c ****   OC_Config.OCMode = TIM_OCMODE_PWM2;
 430              		.loc 1 219 25 is_stmt 0 view .LVU142
 431 007a 4B61     		str	r3, [r1, #20]
 220:Drivers/STM32G0xx_HAL_Driver/Src/stm32g0xx_hal_tim_ex.c ****   OC_Config.OCNIdleState = TIM_OCNIDLESTATE_RESET;
 432              		.loc 1 220 3 is_stmt 1 view .LVU143
 220:Drivers/STM32G0xx_HAL_Driver/Src/stm32g0xx_hal_tim_ex.c ****   OC_Config.OCNIdleState = TIM_OCNIDLESTATE_RESET;
 433              		.loc 1 220 20 is_stmt 0 view .LVU144
 434 007c 7027     		movs	r7, #112
 435 007e 0197     		str	r7, [sp, #4]
 221:Drivers/STM32G0xx_HAL_Driver/Src/stm32g0xx_hal_tim_ex.c ****   OC_Config.OCNPolarity = TIM_OCNPOLARITY_HIGH;
 436              		.loc 1 221 3 is_stmt 1 view .LVU145
 221:Drivers/STM32G0xx_HAL_Driver/Src/stm32g0xx_hal_tim_ex.c ****   OC_Config.OCNPolarity = TIM_OCNPOLARITY_HIGH;
 437              		.loc 1 221 26 is_stmt 0 view .LVU146
 438 0080 8B61     		str	r3, [r1, #24]
 222:Drivers/STM32G0xx_HAL_Driver/Src/stm32g0xx_hal_tim_ex.c ****   OC_Config.OCPolarity = TIM_OCPOLARITY_HIGH;
 439              		.loc 1 222 3 is_stmt 1 view .LVU147
 222:Drivers/STM32G0xx_HAL_Driver/Src/stm32g0xx_hal_tim_ex.c ****   OC_Config.OCPolarity = TIM_OCPOLARITY_HIGH;
 440              		.loc 1 222 25 is_stmt 0 view .LVU148
 441 0082 CB60     		str	r3, [r1, #12]
 223:Drivers/STM32G0xx_HAL_Driver/Src/stm32g0xx_hal_tim_ex.c ****   OC_Config.Pulse = sConfig->Commutation_Delay;
 442              		.loc 1 223 3 is_stmt 1 view .LVU149
 223:Drivers/STM32G0xx_HAL_Driver/Src/stm32g0xx_hal_tim_ex.c ****   OC_Config.Pulse = sConfig->Commutation_Delay;
 443              		.loc 1 223 24 is_stmt 0 view .LVU150
 444 0084 8B60     		str	r3, [r1, #8]
 224:Drivers/STM32G0xx_HAL_Driver/Src/stm32g0xx_hal_tim_ex.c **** 
 445              		.loc 1 224 3 is_stmt 1 view .LVU151
 224:Drivers/STM32G0xx_HAL_Driver/Src/stm32g0xx_hal_tim_ex.c **** 
 446              		.loc 1 224 28 is_stmt 0 view .LVU152
ARM GAS  C:\Users\sante\AppData\Local\Temp\cc9r4gT1.s 			page 61


 447 0086 EB68     		ldr	r3, [r5, #12]
 224:Drivers/STM32G0xx_HAL_Driver/Src/stm32g0xx_hal_tim_ex.c **** 
 448              		.loc 1 224 19 view .LVU153
 449 0088 4B60     		str	r3, [r1, #4]
 226:Drivers/STM32G0xx_HAL_Driver/Src/stm32g0xx_hal_tim_ex.c **** 
 450              		.loc 1 226 3 is_stmt 1 view .LVU154
 451 008a 2068     		ldr	r0, [r4]
 452 008c FFF7FEFF 		bl	TIM_OC2_SetConfig
 453              	.LVL22:
 230:Drivers/STM32G0xx_HAL_Driver/Src/stm32g0xx_hal_tim_ex.c ****   htim->Instance->CR2 |= TIM_TRGO_OC2REF;
 454              		.loc 1 230 3 view .LVU155
 230:Drivers/STM32G0xx_HAL_Driver/Src/stm32g0xx_hal_tim_ex.c ****   htim->Instance->CR2 |= TIM_TRGO_OC2REF;
 455              		.loc 1 230 7 is_stmt 0 view .LVU156
 456 0090 2268     		ldr	r2, [r4]
 230:Drivers/STM32G0xx_HAL_Driver/Src/stm32g0xx_hal_tim_ex.c ****   htim->Instance->CR2 |= TIM_TRGO_OC2REF;
 457              		.loc 1 230 17 view .LVU157
 458 0092 5368     		ldr	r3, [r2, #4]
 230:Drivers/STM32G0xx_HAL_Driver/Src/stm32g0xx_hal_tim_ex.c ****   htim->Instance->CR2 |= TIM_TRGO_OC2REF;
 459              		.loc 1 230 23 view .LVU158
 460 0094 BB43     		bics	r3, r7
 461 0096 5360     		str	r3, [r2, #4]
 231:Drivers/STM32G0xx_HAL_Driver/Src/stm32g0xx_hal_tim_ex.c **** 
 462              		.loc 1 231 3 is_stmt 1 view .LVU159
 231:Drivers/STM32G0xx_HAL_Driver/Src/stm32g0xx_hal_tim_ex.c **** 
 463              		.loc 1 231 7 is_stmt 0 view .LVU160
 464 0098 2268     		ldr	r2, [r4]
 231:Drivers/STM32G0xx_HAL_Driver/Src/stm32g0xx_hal_tim_ex.c **** 
 465              		.loc 1 231 17 view .LVU161
 466 009a 5368     		ldr	r3, [r2, #4]
 231:Drivers/STM32G0xx_HAL_Driver/Src/stm32g0xx_hal_tim_ex.c **** 
 467              		.loc 1 231 23 view .LVU162
 468 009c 5021     		movs	r1, #80
 469 009e 0B43     		orrs	r3, r1
 470 00a0 5360     		str	r3, [r2, #4]
 234:Drivers/STM32G0xx_HAL_Driver/Src/stm32g0xx_hal_tim_ex.c **** 
 471              		.loc 1 234 3 is_stmt 1 view .LVU163
 234:Drivers/STM32G0xx_HAL_Driver/Src/stm32g0xx_hal_tim_ex.c **** 
 472              		.loc 1 234 23 is_stmt 0 view .LVU164
 473 00a2 0123     		movs	r3, #1
 474 00a4 4822     		movs	r2, #72
 475 00a6 A354     		strb	r3, [r4, r2]
 237:Drivers/STM32G0xx_HAL_Driver/Src/stm32g0xx_hal_tim_ex.c ****   TIM_CHANNEL_STATE_SET(htim, TIM_CHANNEL_2, HAL_TIM_CHANNEL_STATE_READY);
 476              		.loc 1 237 3 is_stmt 1 view .LVU165
 477 00a8 0A3A     		subs	r2, r2, #10
 478 00aa A354     		strb	r3, [r4, r2]
 238:Drivers/STM32G0xx_HAL_Driver/Src/stm32g0xx_hal_tim_ex.c ****   TIM_CHANNEL_N_STATE_SET(htim, TIM_CHANNEL_1, HAL_TIM_CHANNEL_STATE_READY);
 479              		.loc 1 238 3 view .LVU166
 480 00ac 0132     		adds	r2, r2, #1
 481 00ae A354     		strb	r3, [r4, r2]
 239:Drivers/STM32G0xx_HAL_Driver/Src/stm32g0xx_hal_tim_ex.c ****   TIM_CHANNEL_N_STATE_SET(htim, TIM_CHANNEL_2, HAL_TIM_CHANNEL_STATE_READY);
 482              		.loc 1 239 3 view .LVU167
 483 00b0 0532     		adds	r2, r2, #5
 484 00b2 A354     		strb	r3, [r4, r2]
 240:Drivers/STM32G0xx_HAL_Driver/Src/stm32g0xx_hal_tim_ex.c **** 
 485              		.loc 1 240 3 view .LVU168
 486 00b4 0132     		adds	r2, r2, #1
 487 00b6 A354     		strb	r3, [r4, r2]
ARM GAS  C:\Users\sante\AppData\Local\Temp\cc9r4gT1.s 			page 62


 243:Drivers/STM32G0xx_HAL_Driver/Src/stm32g0xx_hal_tim_ex.c **** 
 488              		.loc 1 243 3 view .LVU169
 243:Drivers/STM32G0xx_HAL_Driver/Src/stm32g0xx_hal_tim_ex.c **** 
 489              		.loc 1 243 15 is_stmt 0 view .LVU170
 490 00b8 A355     		strb	r3, [r4, r6]
 245:Drivers/STM32G0xx_HAL_Driver/Src/stm32g0xx_hal_tim_ex.c **** }
 491              		.loc 1 245 3 is_stmt 1 view .LVU171
 245:Drivers/STM32G0xx_HAL_Driver/Src/stm32g0xx_hal_tim_ex.c **** }
 492              		.loc 1 245 10 is_stmt 0 view .LVU172
 493 00ba 0020     		movs	r0, #0
 494              	.L18:
 246:Drivers/STM32G0xx_HAL_Driver/Src/stm32g0xx_hal_tim_ex.c **** 
 495              		.loc 1 246 1 view .LVU173
 496 00bc 09B0     		add	sp, sp, #36
 497              		@ sp needed
 498              	.LVL23:
 499              	.LVL24:
 246:Drivers/STM32G0xx_HAL_Driver/Src/stm32g0xx_hal_tim_ex.c **** 
 500              		.loc 1 246 1 view .LVU174
 501 00be F0BD     		pop	{r4, r5, r6, r7, pc}
 502              	.LVL25:
 503              	.L21:
 174:Drivers/STM32G0xx_HAL_Driver/Src/stm32g0xx_hal_tim_ex.c **** 
 504              		.loc 1 174 5 is_stmt 1 view .LVU175
 174:Drivers/STM32G0xx_HAL_Driver/Src/stm32g0xx_hal_tim_ex.c **** 
 505              		.loc 1 174 16 is_stmt 0 view .LVU176
 506 00c0 3C33     		adds	r3, r3, #60
 507 00c2 0022     		movs	r2, #0
 508 00c4 C254     		strb	r2, [r0, r3]
 188:Drivers/STM32G0xx_HAL_Driver/Src/stm32g0xx_hal_tim_ex.c **** #endif /* USE_HAL_TIM_REGISTER_CALLBACKS */
 509              		.loc 1 188 5 is_stmt 1 view .LVU177
 510 00c6 FFF7FEFF 		bl	HAL_TIMEx_HallSensor_MspInit
 511              	.LVL26:
 188:Drivers/STM32G0xx_HAL_Driver/Src/stm32g0xx_hal_tim_ex.c **** #endif /* USE_HAL_TIM_REGISTER_CALLBACKS */
 512              		.loc 1 188 5 is_stmt 0 view .LVU178
 513 00ca A3E7     		b	.L19
 514              	.LVL27:
 515              	.L20:
 158:Drivers/STM32G0xx_HAL_Driver/Src/stm32g0xx_hal_tim_ex.c ****   }
 516              		.loc 1 158 12 view .LVU179
 517 00cc 0120     		movs	r0, #1
 518              	.LVL28:
 158:Drivers/STM32G0xx_HAL_Driver/Src/stm32g0xx_hal_tim_ex.c ****   }
 519              		.loc 1 158 12 view .LVU180
 520 00ce F5E7     		b	.L18
 521              	.L23:
 522              		.align	2
 523              	.L22:
 524 00d0 8FFFCFFF 		.word	-3145841
 525 00d4 F8FFFEFF 		.word	-65544
 526              		.cfi_endproc
 527              	.LFE493:
 529              		.section	.text.HAL_TIMEx_HallSensor_MspDeInit,"ax",%progbits
 530              		.align	1
 531              		.weak	HAL_TIMEx_HallSensor_MspDeInit
 532              		.syntax unified
 533              		.code	16
ARM GAS  C:\Users\sante\AppData\Local\Temp\cc9r4gT1.s 			page 63


 534              		.thumb_func
 536              	HAL_TIMEx_HallSensor_MspDeInit:
 537              	.LVL29:
 538              	.LFB496:
 314:Drivers/STM32G0xx_HAL_Driver/Src/stm32g0xx_hal_tim_ex.c ****   /* Prevent unused argument(s) compilation warning */
 539              		.loc 1 314 1 is_stmt 1 view -0
 540              		.cfi_startproc
 541              		@ args = 0, pretend = 0, frame = 0
 542              		@ frame_needed = 0, uses_anonymous_args = 0
 543              		@ link register save eliminated.
 316:Drivers/STM32G0xx_HAL_Driver/Src/stm32g0xx_hal_tim_ex.c **** 
 544              		.loc 1 316 3 view .LVU182
 321:Drivers/STM32G0xx_HAL_Driver/Src/stm32g0xx_hal_tim_ex.c **** 
 545              		.loc 1 321 1 is_stmt 0 view .LVU183
 546              		@ sp needed
 547 0000 7047     		bx	lr
 548              		.cfi_endproc
 549              	.LFE496:
 551              		.section	.text.HAL_TIMEx_HallSensor_DeInit,"ax",%progbits
 552              		.align	1
 553              		.global	HAL_TIMEx_HallSensor_DeInit
 554              		.syntax unified
 555              		.code	16
 556              		.thumb_func
 558              	HAL_TIMEx_HallSensor_DeInit:
 559              	.LVL30:
 560              	.LFB494:
 254:Drivers/STM32G0xx_HAL_Driver/Src/stm32g0xx_hal_tim_ex.c ****   /* Check the parameters */
 561              		.loc 1 254 1 is_stmt 1 view -0
 562              		.cfi_startproc
 563              		@ args = 0, pretend = 0, frame = 0
 564              		@ frame_needed = 0, uses_anonymous_args = 0
 254:Drivers/STM32G0xx_HAL_Driver/Src/stm32g0xx_hal_tim_ex.c ****   /* Check the parameters */
 565              		.loc 1 254 1 is_stmt 0 view .LVU185
 566 0000 10B5     		push	{r4, lr}
 567              		.cfi_def_cfa_offset 8
 568              		.cfi_offset 4, -8
 569              		.cfi_offset 14, -4
 570 0002 0400     		movs	r4, r0
 256:Drivers/STM32G0xx_HAL_Driver/Src/stm32g0xx_hal_tim_ex.c **** 
 571              		.loc 1 256 3 is_stmt 1 view .LVU186
 258:Drivers/STM32G0xx_HAL_Driver/Src/stm32g0xx_hal_tim_ex.c **** 
 572              		.loc 1 258 3 view .LVU187
 258:Drivers/STM32G0xx_HAL_Driver/Src/stm32g0xx_hal_tim_ex.c **** 
 573              		.loc 1 258 15 is_stmt 0 view .LVU188
 574 0004 3D23     		movs	r3, #61
 575 0006 0222     		movs	r2, #2
 576 0008 C254     		strb	r2, [r0, r3]
 261:Drivers/STM32G0xx_HAL_Driver/Src/stm32g0xx_hal_tim_ex.c **** 
 577              		.loc 1 261 3 is_stmt 1 view .LVU189
 261:Drivers/STM32G0xx_HAL_Driver/Src/stm32g0xx_hal_tim_ex.c **** 
 578              		.loc 1 261 3 view .LVU190
 579 000a 0368     		ldr	r3, [r0]
 580 000c 196A     		ldr	r1, [r3, #32]
 581 000e 0F4A     		ldr	r2, .L27
 582 0010 1142     		tst	r1, r2
 583 0012 07D1     		bne	.L26
ARM GAS  C:\Users\sante\AppData\Local\Temp\cc9r4gT1.s 			page 64


 261:Drivers/STM32G0xx_HAL_Driver/Src/stm32g0xx_hal_tim_ex.c **** 
 584              		.loc 1 261 3 discriminator 1 view .LVU191
 585 0014 196A     		ldr	r1, [r3, #32]
 586 0016 0E4A     		ldr	r2, .L27+4
 587 0018 1142     		tst	r1, r2
 588 001a 03D1     		bne	.L26
 261:Drivers/STM32G0xx_HAL_Driver/Src/stm32g0xx_hal_tim_ex.c **** 
 589              		.loc 1 261 3 discriminator 3 view .LVU192
 590 001c 1A68     		ldr	r2, [r3]
 591 001e 0121     		movs	r1, #1
 592 0020 8A43     		bics	r2, r1
 593 0022 1A60     		str	r2, [r3]
 594              	.L26:
 261:Drivers/STM32G0xx_HAL_Driver/Src/stm32g0xx_hal_tim_ex.c **** 
 595              		.loc 1 261 3 discriminator 5 view .LVU193
 272:Drivers/STM32G0xx_HAL_Driver/Src/stm32g0xx_hal_tim_ex.c **** #endif /* USE_HAL_TIM_REGISTER_CALLBACKS */
 596              		.loc 1 272 3 view .LVU194
 597 0024 2000     		movs	r0, r4
 598              	.LVL31:
 272:Drivers/STM32G0xx_HAL_Driver/Src/stm32g0xx_hal_tim_ex.c **** #endif /* USE_HAL_TIM_REGISTER_CALLBACKS */
 599              		.loc 1 272 3 is_stmt 0 view .LVU195
 600 0026 FFF7FEFF 		bl	HAL_TIMEx_HallSensor_MspDeInit
 601              	.LVL32:
 276:Drivers/STM32G0xx_HAL_Driver/Src/stm32g0xx_hal_tim_ex.c **** 
 602              		.loc 1 276 3 is_stmt 1 view .LVU196
 276:Drivers/STM32G0xx_HAL_Driver/Src/stm32g0xx_hal_tim_ex.c **** 
 603              		.loc 1 276 23 is_stmt 0 view .LVU197
 604 002a 0023     		movs	r3, #0
 605 002c 4822     		movs	r2, #72
 606 002e A354     		strb	r3, [r4, r2]
 279:Drivers/STM32G0xx_HAL_Driver/Src/stm32g0xx_hal_tim_ex.c ****   TIM_CHANNEL_STATE_SET(htim, TIM_CHANNEL_2, HAL_TIM_CHANNEL_STATE_RESET);
 607              		.loc 1 279 3 is_stmt 1 view .LVU198
 608 0030 0A3A     		subs	r2, r2, #10
 609 0032 A354     		strb	r3, [r4, r2]
 280:Drivers/STM32G0xx_HAL_Driver/Src/stm32g0xx_hal_tim_ex.c ****   TIM_CHANNEL_N_STATE_SET(htim, TIM_CHANNEL_1, HAL_TIM_CHANNEL_STATE_RESET);
 610              		.loc 1 280 3 view .LVU199
 611 0034 0132     		adds	r2, r2, #1
 612 0036 A354     		strb	r3, [r4, r2]
 281:Drivers/STM32G0xx_HAL_Driver/Src/stm32g0xx_hal_tim_ex.c ****   TIM_CHANNEL_N_STATE_SET(htim, TIM_CHANNEL_2, HAL_TIM_CHANNEL_STATE_RESET);
 613              		.loc 1 281 3 view .LVU200
 614 0038 0532     		adds	r2, r2, #5
 615 003a A354     		strb	r3, [r4, r2]
 282:Drivers/STM32G0xx_HAL_Driver/Src/stm32g0xx_hal_tim_ex.c **** 
 616              		.loc 1 282 3 view .LVU201
 617 003c 0132     		adds	r2, r2, #1
 618 003e A354     		strb	r3, [r4, r2]
 285:Drivers/STM32G0xx_HAL_Driver/Src/stm32g0xx_hal_tim_ex.c **** 
 619              		.loc 1 285 3 view .LVU202
 285:Drivers/STM32G0xx_HAL_Driver/Src/stm32g0xx_hal_tim_ex.c **** 
 620              		.loc 1 285 15 is_stmt 0 view .LVU203
 621 0040 083A     		subs	r2, r2, #8
 622 0042 A354     		strb	r3, [r4, r2]
 288:Drivers/STM32G0xx_HAL_Driver/Src/stm32g0xx_hal_tim_ex.c **** 
 623              		.loc 1 288 3 is_stmt 1 view .LVU204
 288:Drivers/STM32G0xx_HAL_Driver/Src/stm32g0xx_hal_tim_ex.c **** 
 624              		.loc 1 288 3 view .LVU205
 625 0044 013A     		subs	r2, r2, #1
ARM GAS  C:\Users\sante\AppData\Local\Temp\cc9r4gT1.s 			page 65


 626 0046 A354     		strb	r3, [r4, r2]
 288:Drivers/STM32G0xx_HAL_Driver/Src/stm32g0xx_hal_tim_ex.c **** 
 627              		.loc 1 288 3 view .LVU206
 290:Drivers/STM32G0xx_HAL_Driver/Src/stm32g0xx_hal_tim_ex.c **** }
 628              		.loc 1 290 3 view .LVU207
 291:Drivers/STM32G0xx_HAL_Driver/Src/stm32g0xx_hal_tim_ex.c **** 
 629              		.loc 1 291 1 is_stmt 0 view .LVU208
 630 0048 0020     		movs	r0, #0
 631              		@ sp needed
 632              	.LVL33:
 291:Drivers/STM32G0xx_HAL_Driver/Src/stm32g0xx_hal_tim_ex.c **** 
 633              		.loc 1 291 1 view .LVU209
 634 004a 10BD     		pop	{r4, pc}
 635              	.L28:
 636              		.align	2
 637              	.L27:
 638 004c 11110000 		.word	4369
 639 0050 44040000 		.word	1092
 640              		.cfi_endproc
 641              	.LFE494:
 643              		.section	.text.HAL_TIMEx_HallSensor_Start,"ax",%progbits
 644              		.align	1
 645              		.global	HAL_TIMEx_HallSensor_Start
 646              		.syntax unified
 647              		.code	16
 648              		.thumb_func
 650              	HAL_TIMEx_HallSensor_Start:
 651              	.LVL34:
 652              	.LFB497:
 329:Drivers/STM32G0xx_HAL_Driver/Src/stm32g0xx_hal_tim_ex.c ****   uint32_t tmpsmcr;
 653              		.loc 1 329 1 is_stmt 1 view -0
 654              		.cfi_startproc
 655              		@ args = 0, pretend = 0, frame = 0
 656              		@ frame_needed = 0, uses_anonymous_args = 0
 329:Drivers/STM32G0xx_HAL_Driver/Src/stm32g0xx_hal_tim_ex.c ****   uint32_t tmpsmcr;
 657              		.loc 1 329 1 is_stmt 0 view .LVU211
 658 0000 70B5     		push	{r4, r5, r6, lr}
 659              		.cfi_def_cfa_offset 16
 660              		.cfi_offset 4, -16
 661              		.cfi_offset 5, -12
 662              		.cfi_offset 6, -8
 663              		.cfi_offset 14, -4
 664 0002 0400     		movs	r4, r0
 330:Drivers/STM32G0xx_HAL_Driver/Src/stm32g0xx_hal_tim_ex.c ****   HAL_TIM_ChannelStateTypeDef channel_1_state = TIM_CHANNEL_STATE_GET(htim, TIM_CHANNEL_1);
 665              		.loc 1 330 3 is_stmt 1 view .LVU212
 331:Drivers/STM32G0xx_HAL_Driver/Src/stm32g0xx_hal_tim_ex.c ****   HAL_TIM_ChannelStateTypeDef channel_2_state = TIM_CHANNEL_STATE_GET(htim, TIM_CHANNEL_2);
 666              		.loc 1 331 3 view .LVU213
 331:Drivers/STM32G0xx_HAL_Driver/Src/stm32g0xx_hal_tim_ex.c ****   HAL_TIM_ChannelStateTypeDef channel_2_state = TIM_CHANNEL_STATE_GET(htim, TIM_CHANNEL_2);
 667              		.loc 1 331 31 is_stmt 0 view .LVU214
 668 0004 3E23     		movs	r3, #62
 669 0006 C55C     		ldrb	r5, [r0, r3]
 670 0008 E8B2     		uxtb	r0, r5
 671              	.LVL35:
 332:Drivers/STM32G0xx_HAL_Driver/Src/stm32g0xx_hal_tim_ex.c ****   HAL_TIM_ChannelStateTypeDef complementary_channel_1_state = TIM_CHANNEL_N_STATE_GET(htim, TIM_CHA
 672              		.loc 1 332 3 is_stmt 1 view .LVU215
 332:Drivers/STM32G0xx_HAL_Driver/Src/stm32g0xx_hal_tim_ex.c ****   HAL_TIM_ChannelStateTypeDef complementary_channel_1_state = TIM_CHANNEL_N_STATE_GET(htim, TIM_CHA
 673              		.loc 1 332 31 is_stmt 0 view .LVU216
ARM GAS  C:\Users\sante\AppData\Local\Temp\cc9r4gT1.s 			page 66


 674 000a 0133     		adds	r3, r3, #1
 675 000c E35C     		ldrb	r3, [r4, r3]
 676 000e DBB2     		uxtb	r3, r3
 677              	.LVL36:
 333:Drivers/STM32G0xx_HAL_Driver/Src/stm32g0xx_hal_tim_ex.c ****   HAL_TIM_ChannelStateTypeDef complementary_channel_2_state = TIM_CHANNEL_N_STATE_GET(htim, TIM_CHA
 678              		.loc 1 333 3 is_stmt 1 view .LVU217
 333:Drivers/STM32G0xx_HAL_Driver/Src/stm32g0xx_hal_tim_ex.c ****   HAL_TIM_ChannelStateTypeDef complementary_channel_2_state = TIM_CHANNEL_N_STATE_GET(htim, TIM_CHA
 679              		.loc 1 333 31 is_stmt 0 view .LVU218
 680 0010 4422     		movs	r2, #68
 681 0012 A25C     		ldrb	r2, [r4, r2]
 682 0014 D2B2     		uxtb	r2, r2
 683              	.LVL37:
 334:Drivers/STM32G0xx_HAL_Driver/Src/stm32g0xx_hal_tim_ex.c **** 
 684              		.loc 1 334 3 is_stmt 1 view .LVU219
 334:Drivers/STM32G0xx_HAL_Driver/Src/stm32g0xx_hal_tim_ex.c **** 
 685              		.loc 1 334 31 is_stmt 0 view .LVU220
 686 0016 4521     		movs	r1, #69
 687 0018 615C     		ldrb	r1, [r4, r1]
 688 001a C9B2     		uxtb	r1, r1
 689              	.LVL38:
 337:Drivers/STM32G0xx_HAL_Driver/Src/stm32g0xx_hal_tim_ex.c **** 
 690              		.loc 1 337 3 is_stmt 1 view .LVU221
 340:Drivers/STM32G0xx_HAL_Driver/Src/stm32g0xx_hal_tim_ex.c ****       || (channel_2_state != HAL_TIM_CHANNEL_STATE_READY)
 691              		.loc 1 340 3 view .LVU222
 340:Drivers/STM32G0xx_HAL_Driver/Src/stm32g0xx_hal_tim_ex.c ****       || (channel_2_state != HAL_TIM_CHANNEL_STATE_READY)
 692              		.loc 1 340 6 is_stmt 0 view .LVU223
 693 001c 012D     		cmp	r5, #1
 694 001e 3AD1     		bne	.L33
 341:Drivers/STM32G0xx_HAL_Driver/Src/stm32g0xx_hal_tim_ex.c ****       || (complementary_channel_1_state != HAL_TIM_CHANNEL_STATE_READY)
 695              		.loc 1 341 7 view .LVU224
 696 0020 012B     		cmp	r3, #1
 697 0022 39D1     		bne	.L30
 342:Drivers/STM32G0xx_HAL_Driver/Src/stm32g0xx_hal_tim_ex.c ****       || (complementary_channel_2_state != HAL_TIM_CHANNEL_STATE_READY))
 698              		.loc 1 342 7 view .LVU225
 699 0024 012A     		cmp	r2, #1
 700 0026 38D1     		bne	.L34
 343:Drivers/STM32G0xx_HAL_Driver/Src/stm32g0xx_hal_tim_ex.c ****   {
 701              		.loc 1 343 7 view .LVU226
 702 0028 0129     		cmp	r1, #1
 703 002a 01D0     		beq	.L38
 345:Drivers/STM32G0xx_HAL_Driver/Src/stm32g0xx_hal_tim_ex.c ****   }
 704              		.loc 1 345 12 view .LVU227
 705 002c 1000     		movs	r0, r2
 706              	.LVL39:
 345:Drivers/STM32G0xx_HAL_Driver/Src/stm32g0xx_hal_tim_ex.c ****   }
 707              		.loc 1 345 12 view .LVU228
 708 002e 33E0     		b	.L30
 709              	.LVL40:
 710              	.L38:
 349:Drivers/STM32G0xx_HAL_Driver/Src/stm32g0xx_hal_tim_ex.c ****   TIM_CHANNEL_STATE_SET(htim, TIM_CHANNEL_2, HAL_TIM_CHANNEL_STATE_BUSY);
 711              		.loc 1 349 3 is_stmt 1 view .LVU229
 712 0030 0133     		adds	r3, r3, #1
 713              	.LVL41:
 349:Drivers/STM32G0xx_HAL_Driver/Src/stm32g0xx_hal_tim_ex.c ****   TIM_CHANNEL_STATE_SET(htim, TIM_CHANNEL_2, HAL_TIM_CHANNEL_STATE_BUSY);
 714              		.loc 1 349 3 is_stmt 0 view .LVU230
 715 0032 3D32     		adds	r2, r2, #61
 716              	.LVL42:
ARM GAS  C:\Users\sante\AppData\Local\Temp\cc9r4gT1.s 			page 67


 349:Drivers/STM32G0xx_HAL_Driver/Src/stm32g0xx_hal_tim_ex.c ****   TIM_CHANNEL_STATE_SET(htim, TIM_CHANNEL_2, HAL_TIM_CHANNEL_STATE_BUSY);
 717              		.loc 1 349 3 view .LVU231
 718 0034 A354     		strb	r3, [r4, r2]
 350:Drivers/STM32G0xx_HAL_Driver/Src/stm32g0xx_hal_tim_ex.c ****   TIM_CHANNEL_N_STATE_SET(htim, TIM_CHANNEL_1, HAL_TIM_CHANNEL_STATE_BUSY);
 719              		.loc 1 350 3 is_stmt 1 view .LVU232
 720 0036 0132     		adds	r2, r2, #1
 721              	.LVL43:
 350:Drivers/STM32G0xx_HAL_Driver/Src/stm32g0xx_hal_tim_ex.c ****   TIM_CHANNEL_N_STATE_SET(htim, TIM_CHANNEL_1, HAL_TIM_CHANNEL_STATE_BUSY);
 722              		.loc 1 350 3 is_stmt 0 view .LVU233
 723 0038 A354     		strb	r3, [r4, r2]
 351:Drivers/STM32G0xx_HAL_Driver/Src/stm32g0xx_hal_tim_ex.c ****   TIM_CHANNEL_N_STATE_SET(htim, TIM_CHANNEL_2, HAL_TIM_CHANNEL_STATE_BUSY);
 724              		.loc 1 351 3 is_stmt 1 view .LVU234
 725 003a 0532     		adds	r2, r2, #5
 726              	.LVL44:
 351:Drivers/STM32G0xx_HAL_Driver/Src/stm32g0xx_hal_tim_ex.c ****   TIM_CHANNEL_N_STATE_SET(htim, TIM_CHANNEL_2, HAL_TIM_CHANNEL_STATE_BUSY);
 727              		.loc 1 351 3 is_stmt 0 view .LVU235
 728 003c A354     		strb	r3, [r4, r2]
 352:Drivers/STM32G0xx_HAL_Driver/Src/stm32g0xx_hal_tim_ex.c **** 
 729              		.loc 1 352 3 is_stmt 1 view .LVU236
 730 003e 0132     		adds	r2, r2, #1
 731              	.LVL45:
 352:Drivers/STM32G0xx_HAL_Driver/Src/stm32g0xx_hal_tim_ex.c **** 
 732              		.loc 1 352 3 is_stmt 0 view .LVU237
 733 0040 A354     		strb	r3, [r4, r2]
 357:Drivers/STM32G0xx_HAL_Driver/Src/stm32g0xx_hal_tim_ex.c **** 
 734              		.loc 1 357 3 is_stmt 1 view .LVU238
 735 0042 2068     		ldr	r0, [r4]
 736              	.LVL46:
 357:Drivers/STM32G0xx_HAL_Driver/Src/stm32g0xx_hal_tim_ex.c **** 
 737              		.loc 1 357 3 is_stmt 0 view .LVU239
 738 0044 443A     		subs	r2, r2, #68
 739              	.LVL47:
 357:Drivers/STM32G0xx_HAL_Driver/Src/stm32g0xx_hal_tim_ex.c **** 
 740              		.loc 1 357 3 view .LVU240
 741 0046 0021     		movs	r1, #0
 742              	.LVL48:
 357:Drivers/STM32G0xx_HAL_Driver/Src/stm32g0xx_hal_tim_ex.c **** 
 743              		.loc 1 357 3 view .LVU241
 744 0048 FFF7FEFF 		bl	TIM_CCxChannelCmd
 745              	.LVL49:
 360:Drivers/STM32G0xx_HAL_Driver/Src/stm32g0xx_hal_tim_ex.c ****   {
 746              		.loc 1 360 3 is_stmt 1 view .LVU242
 360:Drivers/STM32G0xx_HAL_Driver/Src/stm32g0xx_hal_tim_ex.c ****   {
 747              		.loc 1 360 7 is_stmt 0 view .LVU243
 748 004c 2368     		ldr	r3, [r4]
 360:Drivers/STM32G0xx_HAL_Driver/Src/stm32g0xx_hal_tim_ex.c ****   {
 749              		.loc 1 360 6 view .LVU244
 750 004e 164A     		ldr	r2, .L39
 751 0050 9342     		cmp	r3, r2
 752 0052 12D0     		beq	.L31
 360:Drivers/STM32G0xx_HAL_Driver/Src/stm32g0xx_hal_tim_ex.c ****   {
 753              		.loc 1 360 7 discriminator 1 view .LVU245
 754 0054 8022     		movs	r2, #128
 755 0056 D205     		lsls	r2, r2, #23
 756 0058 9342     		cmp	r3, r2
 757 005a 0ED0     		beq	.L31
 360:Drivers/STM32G0xx_HAL_Driver/Src/stm32g0xx_hal_tim_ex.c ****   {
ARM GAS  C:\Users\sante\AppData\Local\Temp\cc9r4gT1.s 			page 68


 758              		.loc 1 360 7 discriminator 2 view .LVU246
 759 005c 134A     		ldr	r2, .L39+4
 760 005e 9342     		cmp	r3, r2
 761 0060 0BD0     		beq	.L31
 360:Drivers/STM32G0xx_HAL_Driver/Src/stm32g0xx_hal_tim_ex.c ****   {
 762              		.loc 1 360 7 discriminator 3 view .LVU247
 763 0062 134A     		ldr	r2, .L39+8
 764 0064 9342     		cmp	r3, r2
 765 0066 08D0     		beq	.L31
 360:Drivers/STM32G0xx_HAL_Driver/Src/stm32g0xx_hal_tim_ex.c ****   {
 766              		.loc 1 360 7 discriminator 4 view .LVU248
 767 0068 124A     		ldr	r2, .L39+12
 768 006a 9342     		cmp	r3, r2
 769 006c 05D0     		beq	.L31
 370:Drivers/STM32G0xx_HAL_Driver/Src/stm32g0xx_hal_tim_ex.c ****   }
 770              		.loc 1 370 5 is_stmt 1 view .LVU249
 771 006e 1A68     		ldr	r2, [r3]
 772 0070 0121     		movs	r1, #1
 773 0072 0A43     		orrs	r2, r1
 774 0074 1A60     		str	r2, [r3]
 374:Drivers/STM32G0xx_HAL_Driver/Src/stm32g0xx_hal_tim_ex.c **** }
 775              		.loc 1 374 10 is_stmt 0 view .LVU250
 776 0076 0020     		movs	r0, #0
 777 0078 0EE0     		b	.L30
 778              	.L31:
 362:Drivers/STM32G0xx_HAL_Driver/Src/stm32g0xx_hal_tim_ex.c ****     if (!IS_TIM_SLAVEMODE_TRIGGER_ENABLED(tmpsmcr))
 779              		.loc 1 362 5 is_stmt 1 view .LVU251
 362:Drivers/STM32G0xx_HAL_Driver/Src/stm32g0xx_hal_tim_ex.c ****     if (!IS_TIM_SLAVEMODE_TRIGGER_ENABLED(tmpsmcr))
 780              		.loc 1 362 29 is_stmt 0 view .LVU252
 781 007a 9A68     		ldr	r2, [r3, #8]
 362:Drivers/STM32G0xx_HAL_Driver/Src/stm32g0xx_hal_tim_ex.c ****     if (!IS_TIM_SLAVEMODE_TRIGGER_ENABLED(tmpsmcr))
 782              		.loc 1 362 13 view .LVU253
 783 007c 0E49     		ldr	r1, .L39+16
 784 007e 0A40     		ands	r2, r1
 785              	.LVL50:
 363:Drivers/STM32G0xx_HAL_Driver/Src/stm32g0xx_hal_tim_ex.c ****     {
 786              		.loc 1 363 5 is_stmt 1 view .LVU254
 363:Drivers/STM32G0xx_HAL_Driver/Src/stm32g0xx_hal_tim_ex.c ****     {
 787              		.loc 1 363 8 is_stmt 0 view .LVU255
 788 0080 062A     		cmp	r2, #6
 789 0082 0CD0     		beq	.L36
 363:Drivers/STM32G0xx_HAL_Driver/Src/stm32g0xx_hal_tim_ex.c ****     {
 790              		.loc 1 363 9 discriminator 1 view .LVU256
 791 0084 0739     		subs	r1, r1, #7
 792 0086 8A42     		cmp	r2, r1
 793 0088 0BD0     		beq	.L37
 365:Drivers/STM32G0xx_HAL_Driver/Src/stm32g0xx_hal_tim_ex.c ****     }
 794              		.loc 1 365 7 is_stmt 1 view .LVU257
 795 008a 1A68     		ldr	r2, [r3]
 796              	.LVL51:
 365:Drivers/STM32G0xx_HAL_Driver/Src/stm32g0xx_hal_tim_ex.c ****     }
 797              		.loc 1 365 7 is_stmt 0 view .LVU258
 798 008c 0121     		movs	r1, #1
 799 008e 0A43     		orrs	r2, r1
 800 0090 1A60     		str	r2, [r3]
 374:Drivers/STM32G0xx_HAL_Driver/Src/stm32g0xx_hal_tim_ex.c **** }
 801              		.loc 1 374 10 view .LVU259
ARM GAS  C:\Users\sante\AppData\Local\Temp\cc9r4gT1.s 			page 69


 802 0092 0020     		movs	r0, #0
 803 0094 00E0     		b	.L30
 804              	.LVL52:
 805              	.L33:
 345:Drivers/STM32G0xx_HAL_Driver/Src/stm32g0xx_hal_tim_ex.c ****   }
 806              		.loc 1 345 12 view .LVU260
 807 0096 0120     		movs	r0, #1
 808              	.LVL53:
 809              	.L30:
 375:Drivers/STM32G0xx_HAL_Driver/Src/stm32g0xx_hal_tim_ex.c **** 
 810              		.loc 1 375 1 view .LVU261
 811              		@ sp needed
 812              	.LVL54:
 813              	.LVL55:
 375:Drivers/STM32G0xx_HAL_Driver/Src/stm32g0xx_hal_tim_ex.c **** 
 814              		.loc 1 375 1 view .LVU262
 815 0098 70BD     		pop	{r4, r5, r6, pc}
 816              	.LVL56:
 817              	.L34:
 345:Drivers/STM32G0xx_HAL_Driver/Src/stm32g0xx_hal_tim_ex.c ****   }
 818              		.loc 1 345 12 view .LVU263
 819 009a 1800     		movs	r0, r3
 820              	.LVL57:
 345:Drivers/STM32G0xx_HAL_Driver/Src/stm32g0xx_hal_tim_ex.c ****   }
 821              		.loc 1 345 12 view .LVU264
 822 009c FCE7     		b	.L30
 823              	.LVL58:
 824              	.L36:
 374:Drivers/STM32G0xx_HAL_Driver/Src/stm32g0xx_hal_tim_ex.c **** }
 825              		.loc 1 374 10 view .LVU265
 826 009e 0020     		movs	r0, #0
 827 00a0 FAE7     		b	.L30
 828              	.L37:
 829 00a2 0020     		movs	r0, #0
 830 00a4 F8E7     		b	.L30
 831              	.L40:
 832 00a6 C046     		.align	2
 833              	.L39:
 834 00a8 002C0140 		.word	1073818624
 835 00ac 00040040 		.word	1073742848
 836 00b0 00080040 		.word	1073743872
 837 00b4 00400140 		.word	1073823744
 838 00b8 07000100 		.word	65543
 839              		.cfi_endproc
 840              	.LFE497:
 842              		.section	.text.HAL_TIMEx_HallSensor_Stop,"ax",%progbits
 843              		.align	1
 844              		.global	HAL_TIMEx_HallSensor_Stop
 845              		.syntax unified
 846              		.code	16
 847              		.thumb_func
 849              	HAL_TIMEx_HallSensor_Stop:
 850              	.LVL59:
 851              	.LFB498:
 383:Drivers/STM32G0xx_HAL_Driver/Src/stm32g0xx_hal_tim_ex.c ****   /* Check the parameters */
 852              		.loc 1 383 1 is_stmt 1 view -0
 853              		.cfi_startproc
ARM GAS  C:\Users\sante\AppData\Local\Temp\cc9r4gT1.s 			page 70


 854              		@ args = 0, pretend = 0, frame = 0
 855              		@ frame_needed = 0, uses_anonymous_args = 0
 383:Drivers/STM32G0xx_HAL_Driver/Src/stm32g0xx_hal_tim_ex.c ****   /* Check the parameters */
 856              		.loc 1 383 1 is_stmt 0 view .LVU267
 857 0000 10B5     		push	{r4, lr}
 858              		.cfi_def_cfa_offset 8
 859              		.cfi_offset 4, -8
 860              		.cfi_offset 14, -4
 861 0002 0400     		movs	r4, r0
 385:Drivers/STM32G0xx_HAL_Driver/Src/stm32g0xx_hal_tim_ex.c **** 
 862              		.loc 1 385 3 is_stmt 1 view .LVU268
 390:Drivers/STM32G0xx_HAL_Driver/Src/stm32g0xx_hal_tim_ex.c **** 
 863              		.loc 1 390 3 view .LVU269
 864 0004 0068     		ldr	r0, [r0]
 865              	.LVL60:
 390:Drivers/STM32G0xx_HAL_Driver/Src/stm32g0xx_hal_tim_ex.c **** 
 866              		.loc 1 390 3 is_stmt 0 view .LVU270
 867 0006 0022     		movs	r2, #0
 868 0008 0021     		movs	r1, #0
 869 000a FFF7FEFF 		bl	TIM_CCxChannelCmd
 870              	.LVL61:
 393:Drivers/STM32G0xx_HAL_Driver/Src/stm32g0xx_hal_tim_ex.c **** 
 871              		.loc 1 393 3 is_stmt 1 view .LVU271
 393:Drivers/STM32G0xx_HAL_Driver/Src/stm32g0xx_hal_tim_ex.c **** 
 872              		.loc 1 393 3 view .LVU272
 873 000e 2368     		ldr	r3, [r4]
 874 0010 196A     		ldr	r1, [r3, #32]
 875 0012 0B4A     		ldr	r2, .L43
 876 0014 1142     		tst	r1, r2
 877 0016 07D1     		bne	.L42
 393:Drivers/STM32G0xx_HAL_Driver/Src/stm32g0xx_hal_tim_ex.c **** 
 878              		.loc 1 393 3 discriminator 1 view .LVU273
 879 0018 196A     		ldr	r1, [r3, #32]
 880 001a 0A4A     		ldr	r2, .L43+4
 881 001c 1142     		tst	r1, r2
 882 001e 03D1     		bne	.L42
 393:Drivers/STM32G0xx_HAL_Driver/Src/stm32g0xx_hal_tim_ex.c **** 
 883              		.loc 1 393 3 discriminator 3 view .LVU274
 884 0020 1A68     		ldr	r2, [r3]
 885 0022 0121     		movs	r1, #1
 886 0024 8A43     		bics	r2, r1
 887 0026 1A60     		str	r2, [r3]
 888              	.L42:
 393:Drivers/STM32G0xx_HAL_Driver/Src/stm32g0xx_hal_tim_ex.c **** 
 889              		.loc 1 393 3 discriminator 5 view .LVU275
 396:Drivers/STM32G0xx_HAL_Driver/Src/stm32g0xx_hal_tim_ex.c ****   TIM_CHANNEL_STATE_SET(htim, TIM_CHANNEL_2, HAL_TIM_CHANNEL_STATE_READY);
 890              		.loc 1 396 3 view .LVU276
 891 0028 0123     		movs	r3, #1
 892 002a 3E22     		movs	r2, #62
 893 002c A354     		strb	r3, [r4, r2]
 397:Drivers/STM32G0xx_HAL_Driver/Src/stm32g0xx_hal_tim_ex.c ****   TIM_CHANNEL_N_STATE_SET(htim, TIM_CHANNEL_1, HAL_TIM_CHANNEL_STATE_READY);
 894              		.loc 1 397 3 view .LVU277
 895 002e 0132     		adds	r2, r2, #1
 896 0030 A354     		strb	r3, [r4, r2]
 398:Drivers/STM32G0xx_HAL_Driver/Src/stm32g0xx_hal_tim_ex.c ****   TIM_CHANNEL_N_STATE_SET(htim, TIM_CHANNEL_2, HAL_TIM_CHANNEL_STATE_READY);
 897              		.loc 1 398 3 view .LVU278
 898 0032 0532     		adds	r2, r2, #5
ARM GAS  C:\Users\sante\AppData\Local\Temp\cc9r4gT1.s 			page 71


 899 0034 A354     		strb	r3, [r4, r2]
 399:Drivers/STM32G0xx_HAL_Driver/Src/stm32g0xx_hal_tim_ex.c **** 
 900              		.loc 1 399 3 view .LVU279
 901 0036 0132     		adds	r2, r2, #1
 902 0038 A354     		strb	r3, [r4, r2]
 402:Drivers/STM32G0xx_HAL_Driver/Src/stm32g0xx_hal_tim_ex.c **** }
 903              		.loc 1 402 3 view .LVU280
 403:Drivers/STM32G0xx_HAL_Driver/Src/stm32g0xx_hal_tim_ex.c **** 
 904              		.loc 1 403 1 is_stmt 0 view .LVU281
 905 003a 0020     		movs	r0, #0
 906              		@ sp needed
 907              	.LVL62:
 403:Drivers/STM32G0xx_HAL_Driver/Src/stm32g0xx_hal_tim_ex.c **** 
 908              		.loc 1 403 1 view .LVU282
 909 003c 10BD     		pop	{r4, pc}
 910              	.L44:
 911 003e C046     		.align	2
 912              	.L43:
 913 0040 11110000 		.word	4369
 914 0044 44040000 		.word	1092
 915              		.cfi_endproc
 916              	.LFE498:
 918              		.section	.text.HAL_TIMEx_HallSensor_Start_IT,"ax",%progbits
 919              		.align	1
 920              		.global	HAL_TIMEx_HallSensor_Start_IT
 921              		.syntax unified
 922              		.code	16
 923              		.thumb_func
 925              	HAL_TIMEx_HallSensor_Start_IT:
 926              	.LVL63:
 927              	.LFB499:
 411:Drivers/STM32G0xx_HAL_Driver/Src/stm32g0xx_hal_tim_ex.c ****   uint32_t tmpsmcr;
 928              		.loc 1 411 1 is_stmt 1 view -0
 929              		.cfi_startproc
 930              		@ args = 0, pretend = 0, frame = 0
 931              		@ frame_needed = 0, uses_anonymous_args = 0
 411:Drivers/STM32G0xx_HAL_Driver/Src/stm32g0xx_hal_tim_ex.c ****   uint32_t tmpsmcr;
 932              		.loc 1 411 1 is_stmt 0 view .LVU284
 933 0000 70B5     		push	{r4, r5, r6, lr}
 934              		.cfi_def_cfa_offset 16
 935              		.cfi_offset 4, -16
 936              		.cfi_offset 5, -12
 937              		.cfi_offset 6, -8
 938              		.cfi_offset 14, -4
 939 0002 0400     		movs	r4, r0
 412:Drivers/STM32G0xx_HAL_Driver/Src/stm32g0xx_hal_tim_ex.c ****   HAL_TIM_ChannelStateTypeDef channel_1_state = TIM_CHANNEL_STATE_GET(htim, TIM_CHANNEL_1);
 940              		.loc 1 412 3 is_stmt 1 view .LVU285
 413:Drivers/STM32G0xx_HAL_Driver/Src/stm32g0xx_hal_tim_ex.c ****   HAL_TIM_ChannelStateTypeDef channel_2_state = TIM_CHANNEL_STATE_GET(htim, TIM_CHANNEL_2);
 941              		.loc 1 413 3 view .LVU286
 413:Drivers/STM32G0xx_HAL_Driver/Src/stm32g0xx_hal_tim_ex.c ****   HAL_TIM_ChannelStateTypeDef channel_2_state = TIM_CHANNEL_STATE_GET(htim, TIM_CHANNEL_2);
 942              		.loc 1 413 31 is_stmt 0 view .LVU287
 943 0004 3E23     		movs	r3, #62
 944 0006 C55C     		ldrb	r5, [r0, r3]
 945 0008 E8B2     		uxtb	r0, r5
 946              	.LVL64:
 414:Drivers/STM32G0xx_HAL_Driver/Src/stm32g0xx_hal_tim_ex.c ****   HAL_TIM_ChannelStateTypeDef complementary_channel_1_state = TIM_CHANNEL_N_STATE_GET(htim, TIM_CHA
 947              		.loc 1 414 3 is_stmt 1 view .LVU288
ARM GAS  C:\Users\sante\AppData\Local\Temp\cc9r4gT1.s 			page 72


 414:Drivers/STM32G0xx_HAL_Driver/Src/stm32g0xx_hal_tim_ex.c ****   HAL_TIM_ChannelStateTypeDef complementary_channel_1_state = TIM_CHANNEL_N_STATE_GET(htim, TIM_CHA
 948              		.loc 1 414 31 is_stmt 0 view .LVU289
 949 000a 0133     		adds	r3, r3, #1
 950 000c E35C     		ldrb	r3, [r4, r3]
 951 000e DBB2     		uxtb	r3, r3
 952              	.LVL65:
 415:Drivers/STM32G0xx_HAL_Driver/Src/stm32g0xx_hal_tim_ex.c ****   HAL_TIM_ChannelStateTypeDef complementary_channel_2_state = TIM_CHANNEL_N_STATE_GET(htim, TIM_CHA
 953              		.loc 1 415 3 is_stmt 1 view .LVU290
 415:Drivers/STM32G0xx_HAL_Driver/Src/stm32g0xx_hal_tim_ex.c ****   HAL_TIM_ChannelStateTypeDef complementary_channel_2_state = TIM_CHANNEL_N_STATE_GET(htim, TIM_CHA
 954              		.loc 1 415 31 is_stmt 0 view .LVU291
 955 0010 4422     		movs	r2, #68
 956 0012 A25C     		ldrb	r2, [r4, r2]
 957 0014 D2B2     		uxtb	r2, r2
 958              	.LVL66:
 416:Drivers/STM32G0xx_HAL_Driver/Src/stm32g0xx_hal_tim_ex.c **** 
 959              		.loc 1 416 3 is_stmt 1 view .LVU292
 416:Drivers/STM32G0xx_HAL_Driver/Src/stm32g0xx_hal_tim_ex.c **** 
 960              		.loc 1 416 31 is_stmt 0 view .LVU293
 961 0016 4521     		movs	r1, #69
 962 0018 615C     		ldrb	r1, [r4, r1]
 963 001a C9B2     		uxtb	r1, r1
 964              	.LVL67:
 419:Drivers/STM32G0xx_HAL_Driver/Src/stm32g0xx_hal_tim_ex.c **** 
 965              		.loc 1 419 3 is_stmt 1 view .LVU294
 422:Drivers/STM32G0xx_HAL_Driver/Src/stm32g0xx_hal_tim_ex.c ****       || (channel_2_state != HAL_TIM_CHANNEL_STATE_READY)
 966              		.loc 1 422 3 view .LVU295
 422:Drivers/STM32G0xx_HAL_Driver/Src/stm32g0xx_hal_tim_ex.c ****       || (channel_2_state != HAL_TIM_CHANNEL_STATE_READY)
 967              		.loc 1 422 6 is_stmt 0 view .LVU296
 968 001c 012D     		cmp	r5, #1
 969 001e 3ED1     		bne	.L49
 423:Drivers/STM32G0xx_HAL_Driver/Src/stm32g0xx_hal_tim_ex.c ****       || (complementary_channel_1_state != HAL_TIM_CHANNEL_STATE_READY)
 970              		.loc 1 423 7 view .LVU297
 971 0020 012B     		cmp	r3, #1
 972 0022 3DD1     		bne	.L46
 424:Drivers/STM32G0xx_HAL_Driver/Src/stm32g0xx_hal_tim_ex.c ****       || (complementary_channel_2_state != HAL_TIM_CHANNEL_STATE_READY))
 973              		.loc 1 424 7 view .LVU298
 974 0024 012A     		cmp	r2, #1
 975 0026 3CD1     		bne	.L50
 425:Drivers/STM32G0xx_HAL_Driver/Src/stm32g0xx_hal_tim_ex.c ****   {
 976              		.loc 1 425 7 view .LVU299
 977 0028 0129     		cmp	r1, #1
 978 002a 01D0     		beq	.L54
 427:Drivers/STM32G0xx_HAL_Driver/Src/stm32g0xx_hal_tim_ex.c ****   }
 979              		.loc 1 427 12 view .LVU300
 980 002c 1000     		movs	r0, r2
 981              	.LVL68:
 427:Drivers/STM32G0xx_HAL_Driver/Src/stm32g0xx_hal_tim_ex.c ****   }
 982              		.loc 1 427 12 view .LVU301
 983 002e 37E0     		b	.L46
 984              	.LVL69:
 985              	.L54:
 431:Drivers/STM32G0xx_HAL_Driver/Src/stm32g0xx_hal_tim_ex.c ****   TIM_CHANNEL_STATE_SET(htim, TIM_CHANNEL_2, HAL_TIM_CHANNEL_STATE_BUSY);
 986              		.loc 1 431 3 is_stmt 1 view .LVU302
 987 0030 0133     		adds	r3, r3, #1
 988              	.LVL70:
 431:Drivers/STM32G0xx_HAL_Driver/Src/stm32g0xx_hal_tim_ex.c ****   TIM_CHANNEL_STATE_SET(htim, TIM_CHANNEL_2, HAL_TIM_CHANNEL_STATE_BUSY);
 989              		.loc 1 431 3 is_stmt 0 view .LVU303
ARM GAS  C:\Users\sante\AppData\Local\Temp\cc9r4gT1.s 			page 73


 990 0032 3D32     		adds	r2, r2, #61
 991              	.LVL71:
 431:Drivers/STM32G0xx_HAL_Driver/Src/stm32g0xx_hal_tim_ex.c ****   TIM_CHANNEL_STATE_SET(htim, TIM_CHANNEL_2, HAL_TIM_CHANNEL_STATE_BUSY);
 992              		.loc 1 431 3 view .LVU304
 993 0034 A354     		strb	r3, [r4, r2]
 432:Drivers/STM32G0xx_HAL_Driver/Src/stm32g0xx_hal_tim_ex.c ****   TIM_CHANNEL_N_STATE_SET(htim, TIM_CHANNEL_1, HAL_TIM_CHANNEL_STATE_BUSY);
 994              		.loc 1 432 3 is_stmt 1 view .LVU305
 995 0036 0132     		adds	r2, r2, #1
 996              	.LVL72:
 432:Drivers/STM32G0xx_HAL_Driver/Src/stm32g0xx_hal_tim_ex.c ****   TIM_CHANNEL_N_STATE_SET(htim, TIM_CHANNEL_1, HAL_TIM_CHANNEL_STATE_BUSY);
 997              		.loc 1 432 3 is_stmt 0 view .LVU306
 998 0038 A354     		strb	r3, [r4, r2]
 433:Drivers/STM32G0xx_HAL_Driver/Src/stm32g0xx_hal_tim_ex.c ****   TIM_CHANNEL_N_STATE_SET(htim, TIM_CHANNEL_2, HAL_TIM_CHANNEL_STATE_BUSY);
 999              		.loc 1 433 3 is_stmt 1 view .LVU307
 1000 003a 0532     		adds	r2, r2, #5
 1001              	.LVL73:
 433:Drivers/STM32G0xx_HAL_Driver/Src/stm32g0xx_hal_tim_ex.c ****   TIM_CHANNEL_N_STATE_SET(htim, TIM_CHANNEL_2, HAL_TIM_CHANNEL_STATE_BUSY);
 1002              		.loc 1 433 3 is_stmt 0 view .LVU308
 1003 003c A354     		strb	r3, [r4, r2]
 434:Drivers/STM32G0xx_HAL_Driver/Src/stm32g0xx_hal_tim_ex.c **** 
 1004              		.loc 1 434 3 is_stmt 1 view .LVU309
 1005 003e 0132     		adds	r2, r2, #1
 1006              	.LVL74:
 434:Drivers/STM32G0xx_HAL_Driver/Src/stm32g0xx_hal_tim_ex.c **** 
 1007              		.loc 1 434 3 is_stmt 0 view .LVU310
 1008 0040 A354     		strb	r3, [r4, r2]
 437:Drivers/STM32G0xx_HAL_Driver/Src/stm32g0xx_hal_tim_ex.c **** 
 1009              		.loc 1 437 3 is_stmt 1 view .LVU311
 1010 0042 2168     		ldr	r1, [r4]
 1011              	.LVL75:
 437:Drivers/STM32G0xx_HAL_Driver/Src/stm32g0xx_hal_tim_ex.c **** 
 1012              		.loc 1 437 3 is_stmt 0 view .LVU312
 1013 0044 CA68     		ldr	r2, [r1, #12]
 1014              	.LVL76:
 437:Drivers/STM32G0xx_HAL_Driver/Src/stm32g0xx_hal_tim_ex.c **** 
 1015              		.loc 1 437 3 view .LVU313
 1016 0046 1343     		orrs	r3, r2
 1017              	.LVL77:
 437:Drivers/STM32G0xx_HAL_Driver/Src/stm32g0xx_hal_tim_ex.c **** 
 1018              		.loc 1 437 3 view .LVU314
 1019 0048 CB60     		str	r3, [r1, #12]
 442:Drivers/STM32G0xx_HAL_Driver/Src/stm32g0xx_hal_tim_ex.c **** 
 1020              		.loc 1 442 3 is_stmt 1 view .LVU315
 1021 004a 2068     		ldr	r0, [r4]
 1022              	.LVL78:
 442:Drivers/STM32G0xx_HAL_Driver/Src/stm32g0xx_hal_tim_ex.c **** 
 1023              		.loc 1 442 3 is_stmt 0 view .LVU316
 1024 004c 0122     		movs	r2, #1
 1025 004e 0021     		movs	r1, #0
 1026 0050 FFF7FEFF 		bl	TIM_CCxChannelCmd
 1027              	.LVL79:
 445:Drivers/STM32G0xx_HAL_Driver/Src/stm32g0xx_hal_tim_ex.c ****   {
 1028              		.loc 1 445 3 is_stmt 1 view .LVU317
 445:Drivers/STM32G0xx_HAL_Driver/Src/stm32g0xx_hal_tim_ex.c ****   {
 1029              		.loc 1 445 7 is_stmt 0 view .LVU318
 1030 0054 2368     		ldr	r3, [r4]
 445:Drivers/STM32G0xx_HAL_Driver/Src/stm32g0xx_hal_tim_ex.c ****   {
ARM GAS  C:\Users\sante\AppData\Local\Temp\cc9r4gT1.s 			page 74


 1031              		.loc 1 445 6 view .LVU319
 1032 0056 164A     		ldr	r2, .L55
 1033 0058 9342     		cmp	r3, r2
 1034 005a 12D0     		beq	.L47
 445:Drivers/STM32G0xx_HAL_Driver/Src/stm32g0xx_hal_tim_ex.c ****   {
 1035              		.loc 1 445 7 discriminator 1 view .LVU320
 1036 005c 8022     		movs	r2, #128
 1037 005e D205     		lsls	r2, r2, #23
 1038 0060 9342     		cmp	r3, r2
 1039 0062 0ED0     		beq	.L47
 445:Drivers/STM32G0xx_HAL_Driver/Src/stm32g0xx_hal_tim_ex.c ****   {
 1040              		.loc 1 445 7 discriminator 2 view .LVU321
 1041 0064 134A     		ldr	r2, .L55+4
 1042 0066 9342     		cmp	r3, r2
 1043 0068 0BD0     		beq	.L47
 445:Drivers/STM32G0xx_HAL_Driver/Src/stm32g0xx_hal_tim_ex.c ****   {
 1044              		.loc 1 445 7 discriminator 3 view .LVU322
 1045 006a 134A     		ldr	r2, .L55+8
 1046 006c 9342     		cmp	r3, r2
 1047 006e 08D0     		beq	.L47
 445:Drivers/STM32G0xx_HAL_Driver/Src/stm32g0xx_hal_tim_ex.c ****   {
 1048              		.loc 1 445 7 discriminator 4 view .LVU323
 1049 0070 124A     		ldr	r2, .L55+12
 1050 0072 9342     		cmp	r3, r2
 1051 0074 05D0     		beq	.L47
 455:Drivers/STM32G0xx_HAL_Driver/Src/stm32g0xx_hal_tim_ex.c ****   }
 1052              		.loc 1 455 5 is_stmt 1 view .LVU324
 1053 0076 1A68     		ldr	r2, [r3]
 1054 0078 0121     		movs	r1, #1
 1055 007a 0A43     		orrs	r2, r1
 1056 007c 1A60     		str	r2, [r3]
 459:Drivers/STM32G0xx_HAL_Driver/Src/stm32g0xx_hal_tim_ex.c **** }
 1057              		.loc 1 459 10 is_stmt 0 view .LVU325
 1058 007e 0020     		movs	r0, #0
 1059 0080 0EE0     		b	.L46
 1060              	.L47:
 447:Drivers/STM32G0xx_HAL_Driver/Src/stm32g0xx_hal_tim_ex.c ****     if (!IS_TIM_SLAVEMODE_TRIGGER_ENABLED(tmpsmcr))
 1061              		.loc 1 447 5 is_stmt 1 view .LVU326
 447:Drivers/STM32G0xx_HAL_Driver/Src/stm32g0xx_hal_tim_ex.c ****     if (!IS_TIM_SLAVEMODE_TRIGGER_ENABLED(tmpsmcr))
 1062              		.loc 1 447 29 is_stmt 0 view .LVU327
 1063 0082 9A68     		ldr	r2, [r3, #8]
 447:Drivers/STM32G0xx_HAL_Driver/Src/stm32g0xx_hal_tim_ex.c ****     if (!IS_TIM_SLAVEMODE_TRIGGER_ENABLED(tmpsmcr))
 1064              		.loc 1 447 13 view .LVU328
 1065 0084 0E49     		ldr	r1, .L55+16
 1066 0086 0A40     		ands	r2, r1
 1067              	.LVL80:
 448:Drivers/STM32G0xx_HAL_Driver/Src/stm32g0xx_hal_tim_ex.c ****     {
 1068              		.loc 1 448 5 is_stmt 1 view .LVU329
 448:Drivers/STM32G0xx_HAL_Driver/Src/stm32g0xx_hal_tim_ex.c ****     {
 1069              		.loc 1 448 8 is_stmt 0 view .LVU330
 1070 0088 062A     		cmp	r2, #6
 1071 008a 0CD0     		beq	.L52
 448:Drivers/STM32G0xx_HAL_Driver/Src/stm32g0xx_hal_tim_ex.c ****     {
 1072              		.loc 1 448 9 discriminator 1 view .LVU331
 1073 008c 0739     		subs	r1, r1, #7
 1074 008e 8A42     		cmp	r2, r1
 1075 0090 0BD0     		beq	.L53
ARM GAS  C:\Users\sante\AppData\Local\Temp\cc9r4gT1.s 			page 75


 450:Drivers/STM32G0xx_HAL_Driver/Src/stm32g0xx_hal_tim_ex.c ****     }
 1076              		.loc 1 450 7 is_stmt 1 view .LVU332
 1077 0092 1A68     		ldr	r2, [r3]
 1078              	.LVL81:
 450:Drivers/STM32G0xx_HAL_Driver/Src/stm32g0xx_hal_tim_ex.c ****     }
 1079              		.loc 1 450 7 is_stmt 0 view .LVU333
 1080 0094 0121     		movs	r1, #1
 1081 0096 0A43     		orrs	r2, r1
 1082 0098 1A60     		str	r2, [r3]
 459:Drivers/STM32G0xx_HAL_Driver/Src/stm32g0xx_hal_tim_ex.c **** }
 1083              		.loc 1 459 10 view .LVU334
 1084 009a 0020     		movs	r0, #0
 1085 009c 00E0     		b	.L46
 1086              	.LVL82:
 1087              	.L49:
 427:Drivers/STM32G0xx_HAL_Driver/Src/stm32g0xx_hal_tim_ex.c ****   }
 1088              		.loc 1 427 12 view .LVU335
 1089 009e 0120     		movs	r0, #1
 1090              	.LVL83:
 1091              	.L46:
 460:Drivers/STM32G0xx_HAL_Driver/Src/stm32g0xx_hal_tim_ex.c **** 
 1092              		.loc 1 460 1 view .LVU336
 1093              		@ sp needed
 1094              	.LVL84:
 1095              	.LVL85:
 460:Drivers/STM32G0xx_HAL_Driver/Src/stm32g0xx_hal_tim_ex.c **** 
 1096              		.loc 1 460 1 view .LVU337
 1097 00a0 70BD     		pop	{r4, r5, r6, pc}
 1098              	.LVL86:
 1099              	.L50:
 427:Drivers/STM32G0xx_HAL_Driver/Src/stm32g0xx_hal_tim_ex.c ****   }
 1100              		.loc 1 427 12 view .LVU338
 1101 00a2 1800     		movs	r0, r3
 1102              	.LVL87:
 427:Drivers/STM32G0xx_HAL_Driver/Src/stm32g0xx_hal_tim_ex.c ****   }
 1103              		.loc 1 427 12 view .LVU339
 1104 00a4 FCE7     		b	.L46
 1105              	.LVL88:
 1106              	.L52:
 459:Drivers/STM32G0xx_HAL_Driver/Src/stm32g0xx_hal_tim_ex.c **** }
 1107              		.loc 1 459 10 view .LVU340
 1108 00a6 0020     		movs	r0, #0
 1109 00a8 FAE7     		b	.L46
 1110              	.L53:
 1111 00aa 0020     		movs	r0, #0
 1112 00ac F8E7     		b	.L46
 1113              	.L56:
 1114 00ae C046     		.align	2
 1115              	.L55:
 1116 00b0 002C0140 		.word	1073818624
 1117 00b4 00040040 		.word	1073742848
 1118 00b8 00080040 		.word	1073743872
 1119 00bc 00400140 		.word	1073823744
 1120 00c0 07000100 		.word	65543
 1121              		.cfi_endproc
 1122              	.LFE499:
 1124              		.section	.text.HAL_TIMEx_HallSensor_Stop_IT,"ax",%progbits
ARM GAS  C:\Users\sante\AppData\Local\Temp\cc9r4gT1.s 			page 76


 1125              		.align	1
 1126              		.global	HAL_TIMEx_HallSensor_Stop_IT
 1127              		.syntax unified
 1128              		.code	16
 1129              		.thumb_func
 1131              	HAL_TIMEx_HallSensor_Stop_IT:
 1132              	.LVL89:
 1133              	.LFB500:
 468:Drivers/STM32G0xx_HAL_Driver/Src/stm32g0xx_hal_tim_ex.c ****   /* Check the parameters */
 1134              		.loc 1 468 1 is_stmt 1 view -0
 1135              		.cfi_startproc
 1136              		@ args = 0, pretend = 0, frame = 0
 1137              		@ frame_needed = 0, uses_anonymous_args = 0
 468:Drivers/STM32G0xx_HAL_Driver/Src/stm32g0xx_hal_tim_ex.c ****   /* Check the parameters */
 1138              		.loc 1 468 1 is_stmt 0 view .LVU342
 1139 0000 10B5     		push	{r4, lr}
 1140              		.cfi_def_cfa_offset 8
 1141              		.cfi_offset 4, -8
 1142              		.cfi_offset 14, -4
 1143 0002 0400     		movs	r4, r0
 470:Drivers/STM32G0xx_HAL_Driver/Src/stm32g0xx_hal_tim_ex.c **** 
 1144              		.loc 1 470 3 is_stmt 1 view .LVU343
 475:Drivers/STM32G0xx_HAL_Driver/Src/stm32g0xx_hal_tim_ex.c **** 
 1145              		.loc 1 475 3 view .LVU344
 1146 0004 0068     		ldr	r0, [r0]
 1147              	.LVL90:
 475:Drivers/STM32G0xx_HAL_Driver/Src/stm32g0xx_hal_tim_ex.c **** 
 1148              		.loc 1 475 3 is_stmt 0 view .LVU345
 1149 0006 0022     		movs	r2, #0
 1150 0008 0021     		movs	r1, #0
 1151 000a FFF7FEFF 		bl	TIM_CCxChannelCmd
 1152              	.LVL91:
 478:Drivers/STM32G0xx_HAL_Driver/Src/stm32g0xx_hal_tim_ex.c **** 
 1153              		.loc 1 478 3 is_stmt 1 view .LVU346
 1154 000e 2268     		ldr	r2, [r4]
 1155 0010 D368     		ldr	r3, [r2, #12]
 1156 0012 0221     		movs	r1, #2
 1157 0014 8B43     		bics	r3, r1
 1158 0016 D360     		str	r3, [r2, #12]
 481:Drivers/STM32G0xx_HAL_Driver/Src/stm32g0xx_hal_tim_ex.c **** 
 1159              		.loc 1 481 3 view .LVU347
 481:Drivers/STM32G0xx_HAL_Driver/Src/stm32g0xx_hal_tim_ex.c **** 
 1160              		.loc 1 481 3 view .LVU348
 1161 0018 2368     		ldr	r3, [r4]
 1162 001a 196A     		ldr	r1, [r3, #32]
 1163 001c 0A4A     		ldr	r2, .L59
 1164 001e 1142     		tst	r1, r2
 1165 0020 07D1     		bne	.L58
 481:Drivers/STM32G0xx_HAL_Driver/Src/stm32g0xx_hal_tim_ex.c **** 
 1166              		.loc 1 481 3 discriminator 1 view .LVU349
 1167 0022 196A     		ldr	r1, [r3, #32]
 1168 0024 094A     		ldr	r2, .L59+4
 1169 0026 1142     		tst	r1, r2
 1170 0028 03D1     		bne	.L58
 481:Drivers/STM32G0xx_HAL_Driver/Src/stm32g0xx_hal_tim_ex.c **** 
 1171              		.loc 1 481 3 discriminator 3 view .LVU350
 1172 002a 1A68     		ldr	r2, [r3]
ARM GAS  C:\Users\sante\AppData\Local\Temp\cc9r4gT1.s 			page 77


 1173 002c 0121     		movs	r1, #1
 1174 002e 8A43     		bics	r2, r1
 1175 0030 1A60     		str	r2, [r3]
 1176              	.L58:
 481:Drivers/STM32G0xx_HAL_Driver/Src/stm32g0xx_hal_tim_ex.c **** 
 1177              		.loc 1 481 3 discriminator 5 view .LVU351
 484:Drivers/STM32G0xx_HAL_Driver/Src/stm32g0xx_hal_tim_ex.c ****   TIM_CHANNEL_STATE_SET(htim, TIM_CHANNEL_2, HAL_TIM_CHANNEL_STATE_READY);
 1178              		.loc 1 484 3 view .LVU352
 1179 0032 0123     		movs	r3, #1
 1180 0034 3E22     		movs	r2, #62
 1181 0036 A354     		strb	r3, [r4, r2]
 485:Drivers/STM32G0xx_HAL_Driver/Src/stm32g0xx_hal_tim_ex.c ****   TIM_CHANNEL_N_STATE_SET(htim, TIM_CHANNEL_1, HAL_TIM_CHANNEL_STATE_READY);
 1182              		.loc 1 485 3 view .LVU353
 1183 0038 0132     		adds	r2, r2, #1
 1184 003a A354     		strb	r3, [r4, r2]
 486:Drivers/STM32G0xx_HAL_Driver/Src/stm32g0xx_hal_tim_ex.c ****   TIM_CHANNEL_N_STATE_SET(htim, TIM_CHANNEL_2, HAL_TIM_CHANNEL_STATE_READY);
 1185              		.loc 1 486 3 view .LVU354
 1186 003c 0532     		adds	r2, r2, #5
 1187 003e A354     		strb	r3, [r4, r2]
 487:Drivers/STM32G0xx_HAL_Driver/Src/stm32g0xx_hal_tim_ex.c **** 
 1188              		.loc 1 487 3 view .LVU355
 1189 0040 0132     		adds	r2, r2, #1
 1190 0042 A354     		strb	r3, [r4, r2]
 490:Drivers/STM32G0xx_HAL_Driver/Src/stm32g0xx_hal_tim_ex.c **** }
 1191              		.loc 1 490 3 view .LVU356
 491:Drivers/STM32G0xx_HAL_Driver/Src/stm32g0xx_hal_tim_ex.c **** 
 1192              		.loc 1 491 1 is_stmt 0 view .LVU357
 1193 0044 0020     		movs	r0, #0
 1194              		@ sp needed
 1195              	.LVL92:
 491:Drivers/STM32G0xx_HAL_Driver/Src/stm32g0xx_hal_tim_ex.c **** 
 1196              		.loc 1 491 1 view .LVU358
 1197 0046 10BD     		pop	{r4, pc}
 1198              	.L60:
 1199              		.align	2
 1200              	.L59:
 1201 0048 11110000 		.word	4369
 1202 004c 44040000 		.word	1092
 1203              		.cfi_endproc
 1204              	.LFE500:
 1206              		.section	.text.HAL_TIMEx_HallSensor_Start_DMA,"ax",%progbits
 1207              		.align	1
 1208              		.global	HAL_TIMEx_HallSensor_Start_DMA
 1209              		.syntax unified
 1210              		.code	16
 1211              		.thumb_func
 1213              	HAL_TIMEx_HallSensor_Start_DMA:
 1214              	.LVL93:
 1215              	.LFB501:
 501:Drivers/STM32G0xx_HAL_Driver/Src/stm32g0xx_hal_tim_ex.c ****   uint32_t tmpsmcr;
 1216              		.loc 1 501 1 is_stmt 1 view -0
 1217              		.cfi_startproc
 1218              		@ args = 0, pretend = 0, frame = 0
 1219              		@ frame_needed = 0, uses_anonymous_args = 0
 501:Drivers/STM32G0xx_HAL_Driver/Src/stm32g0xx_hal_tim_ex.c ****   uint32_t tmpsmcr;
 1220              		.loc 1 501 1 is_stmt 0 view .LVU360
 1221 0000 F8B5     		push	{r3, r4, r5, r6, r7, lr}
ARM GAS  C:\Users\sante\AppData\Local\Temp\cc9r4gT1.s 			page 78


 1222              		.cfi_def_cfa_offset 24
 1223              		.cfi_offset 3, -24
 1224              		.cfi_offset 4, -20
 1225              		.cfi_offset 5, -16
 1226              		.cfi_offset 6, -12
 1227              		.cfi_offset 7, -8
 1228              		.cfi_offset 14, -4
 1229 0002 0400     		movs	r4, r0
 1230 0004 0E00     		movs	r6, r1
 1231 0006 1700     		movs	r7, r2
 502:Drivers/STM32G0xx_HAL_Driver/Src/stm32g0xx_hal_tim_ex.c ****   HAL_TIM_ChannelStateTypeDef channel_1_state = TIM_CHANNEL_STATE_GET(htim, TIM_CHANNEL_1);
 1232              		.loc 1 502 3 is_stmt 1 view .LVU361
 503:Drivers/STM32G0xx_HAL_Driver/Src/stm32g0xx_hal_tim_ex.c ****   HAL_TIM_ChannelStateTypeDef complementary_channel_1_state = TIM_CHANNEL_N_STATE_GET(htim, TIM_CHA
 1233              		.loc 1 503 3 view .LVU362
 503:Drivers/STM32G0xx_HAL_Driver/Src/stm32g0xx_hal_tim_ex.c ****   HAL_TIM_ChannelStateTypeDef complementary_channel_1_state = TIM_CHANNEL_N_STATE_GET(htim, TIM_CHA
 1234              		.loc 1 503 31 is_stmt 0 view .LVU363
 1235 0008 3E23     		movs	r3, #62
 1236 000a C35C     		ldrb	r3, [r0, r3]
 1237 000c D8B2     		uxtb	r0, r3
 1238              	.LVL94:
 504:Drivers/STM32G0xx_HAL_Driver/Src/stm32g0xx_hal_tim_ex.c **** 
 1239              		.loc 1 504 3 is_stmt 1 view .LVU364
 504:Drivers/STM32G0xx_HAL_Driver/Src/stm32g0xx_hal_tim_ex.c **** 
 1240              		.loc 1 504 31 is_stmt 0 view .LVU365
 1241 000e 4422     		movs	r2, #68
 1242              	.LVL95:
 504:Drivers/STM32G0xx_HAL_Driver/Src/stm32g0xx_hal_tim_ex.c **** 
 1243              		.loc 1 504 31 view .LVU366
 1244 0010 A55C     		ldrb	r5, [r4, r2]
 1245 0012 EDB2     		uxtb	r5, r5
 1246              	.LVL96:
 507:Drivers/STM32G0xx_HAL_Driver/Src/stm32g0xx_hal_tim_ex.c **** 
 1247              		.loc 1 507 3 is_stmt 1 view .LVU367
 510:Drivers/STM32G0xx_HAL_Driver/Src/stm32g0xx_hal_tim_ex.c ****       || (complementary_channel_1_state == HAL_TIM_CHANNEL_STATE_BUSY))
 1248              		.loc 1 510 3 view .LVU368
 510:Drivers/STM32G0xx_HAL_Driver/Src/stm32g0xx_hal_tim_ex.c ****       || (complementary_channel_1_state == HAL_TIM_CHANNEL_STATE_BUSY))
 1249              		.loc 1 510 6 is_stmt 0 view .LVU369
 1250 0014 022B     		cmp	r3, #2
 1251 0016 53D0     		beq	.L62
 511:Drivers/STM32G0xx_HAL_Driver/Src/stm32g0xx_hal_tim_ex.c ****   {
 1252              		.loc 1 511 7 view .LVU370
 1253 0018 022D     		cmp	r5, #2
 1254 001a 4ED0     		beq	.L65
 515:Drivers/STM32G0xx_HAL_Driver/Src/stm32g0xx_hal_tim_ex.c ****            && (complementary_channel_1_state == HAL_TIM_CHANNEL_STATE_READY))
 1255              		.loc 1 515 8 is_stmt 1 view .LVU371
 515:Drivers/STM32G0xx_HAL_Driver/Src/stm32g0xx_hal_tim_ex.c ****            && (complementary_channel_1_state == HAL_TIM_CHANNEL_STATE_READY))
 1256              		.loc 1 515 11 is_stmt 0 view .LVU372
 1257 001c 0128     		cmp	r0, #1
 1258 001e 4ED1     		bne	.L66
 516:Drivers/STM32G0xx_HAL_Driver/Src/stm32g0xx_hal_tim_ex.c ****   {
 1259              		.loc 1 516 12 view .LVU373
 1260 0020 012D     		cmp	r5, #1
 1261 0022 4DD1     		bne	.L62
 518:Drivers/STM32G0xx_HAL_Driver/Src/stm32g0xx_hal_tim_ex.c ****     {
 1262              		.loc 1 518 5 is_stmt 1 view .LVU374
 518:Drivers/STM32G0xx_HAL_Driver/Src/stm32g0xx_hal_tim_ex.c ****     {
 1263              		.loc 1 518 8 is_stmt 0 view .LVU375
ARM GAS  C:\Users\sante\AppData\Local\Temp\cc9r4gT1.s 			page 79


 1264 0024 0029     		cmp	r1, #0
 1265 0026 4CD0     		beq	.L67
 518:Drivers/STM32G0xx_HAL_Driver/Src/stm32g0xx_hal_tim_ex.c ****     {
 1266              		.loc 1 518 25 discriminator 1 view .LVU376
 1267 0028 002F     		cmp	r7, #0
 1268 002a 01D1     		bne	.L70
 520:Drivers/STM32G0xx_HAL_Driver/Src/stm32g0xx_hal_tim_ex.c ****     }
 1269              		.loc 1 520 14 view .LVU377
 1270 002c 2800     		movs	r0, r5
 1271              	.LVL97:
 520:Drivers/STM32G0xx_HAL_Driver/Src/stm32g0xx_hal_tim_ex.c ****     }
 1272              		.loc 1 520 14 view .LVU378
 1273 002e 47E0     		b	.L62
 1274              	.LVL98:
 1275              	.L70:
 524:Drivers/STM32G0xx_HAL_Driver/Src/stm32g0xx_hal_tim_ex.c ****       TIM_CHANNEL_N_STATE_SET(htim, TIM_CHANNEL_1, HAL_TIM_CHANNEL_STATE_BUSY);
 1276              		.loc 1 524 7 is_stmt 1 view .LVU379
 1277 0030 0223     		movs	r3, #2
 1278 0032 063A     		subs	r2, r2, #6
 1279 0034 A354     		strb	r3, [r4, r2]
 525:Drivers/STM32G0xx_HAL_Driver/Src/stm32g0xx_hal_tim_ex.c ****     }
 1280              		.loc 1 525 7 view .LVU380
 1281 0036 0632     		adds	r2, r2, #6
 1282 0038 A354     		strb	r3, [r4, r2]
 536:Drivers/STM32G0xx_HAL_Driver/Src/stm32g0xx_hal_tim_ex.c **** 
 1283              		.loc 1 536 3 view .LVU381
 1284 003a 2068     		ldr	r0, [r4]
 1285              	.LVL99:
 536:Drivers/STM32G0xx_HAL_Driver/Src/stm32g0xx_hal_tim_ex.c **** 
 1286              		.loc 1 536 3 is_stmt 0 view .LVU382
 1287 003c 433A     		subs	r2, r2, #67
 1288 003e 0021     		movs	r1, #0
 1289              	.LVL100:
 536:Drivers/STM32G0xx_HAL_Driver/Src/stm32g0xx_hal_tim_ex.c **** 
 1290              		.loc 1 536 3 view .LVU383
 1291 0040 FFF7FEFF 		bl	TIM_CCxChannelCmd
 1292              	.LVL101:
 539:Drivers/STM32G0xx_HAL_Driver/Src/stm32g0xx_hal_tim_ex.c ****   htim->hdma[TIM_DMA_ID_CC1]->XferHalfCpltCallback = TIM_DMACaptureHalfCplt;
 1293              		.loc 1 539 3 is_stmt 1 view .LVU384
 539:Drivers/STM32G0xx_HAL_Driver/Src/stm32g0xx_hal_tim_ex.c ****   htim->hdma[TIM_DMA_ID_CC1]->XferHalfCpltCallback = TIM_DMACaptureHalfCplt;
 1294              		.loc 1 539 13 is_stmt 0 view .LVU385
 1295 0044 636A     		ldr	r3, [r4, #36]
 539:Drivers/STM32G0xx_HAL_Driver/Src/stm32g0xx_hal_tim_ex.c ****   htim->hdma[TIM_DMA_ID_CC1]->XferHalfCpltCallback = TIM_DMACaptureHalfCplt;
 1296              		.loc 1 539 48 view .LVU386
 1297 0046 214A     		ldr	r2, .L71
 1298 0048 DA62     		str	r2, [r3, #44]
 540:Drivers/STM32G0xx_HAL_Driver/Src/stm32g0xx_hal_tim_ex.c ****   /* Set the DMA error callback */
 1299              		.loc 1 540 3 is_stmt 1 view .LVU387
 540:Drivers/STM32G0xx_HAL_Driver/Src/stm32g0xx_hal_tim_ex.c ****   /* Set the DMA error callback */
 1300              		.loc 1 540 13 is_stmt 0 view .LVU388
 1301 004a 636A     		ldr	r3, [r4, #36]
 540:Drivers/STM32G0xx_HAL_Driver/Src/stm32g0xx_hal_tim_ex.c ****   /* Set the DMA error callback */
 1302              		.loc 1 540 52 view .LVU389
 1303 004c 204A     		ldr	r2, .L71+4
 1304 004e 1A63     		str	r2, [r3, #48]
 542:Drivers/STM32G0xx_HAL_Driver/Src/stm32g0xx_hal_tim_ex.c **** 
 1305              		.loc 1 542 3 is_stmt 1 view .LVU390
ARM GAS  C:\Users\sante\AppData\Local\Temp\cc9r4gT1.s 			page 80


 542:Drivers/STM32G0xx_HAL_Driver/Src/stm32g0xx_hal_tim_ex.c **** 
 1306              		.loc 1 542 13 is_stmt 0 view .LVU391
 1307 0050 636A     		ldr	r3, [r4, #36]
 542:Drivers/STM32G0xx_HAL_Driver/Src/stm32g0xx_hal_tim_ex.c **** 
 1308              		.loc 1 542 49 view .LVU392
 1309 0052 204A     		ldr	r2, .L71+8
 1310 0054 5A63     		str	r2, [r3, #52]
 545:Drivers/STM32G0xx_HAL_Driver/Src/stm32g0xx_hal_tim_ex.c ****   {
 1311              		.loc 1 545 3 is_stmt 1 view .LVU393
 545:Drivers/STM32G0xx_HAL_Driver/Src/stm32g0xx_hal_tim_ex.c ****   {
 1312              		.loc 1 545 67 is_stmt 0 view .LVU394
 1313 0056 2168     		ldr	r1, [r4]
 545:Drivers/STM32G0xx_HAL_Driver/Src/stm32g0xx_hal_tim_ex.c ****   {
 1314              		.loc 1 545 62 view .LVU395
 1315 0058 3431     		adds	r1, r1, #52
 545:Drivers/STM32G0xx_HAL_Driver/Src/stm32g0xx_hal_tim_ex.c ****   {
 1316              		.loc 1 545 7 view .LVU396
 1317 005a 606A     		ldr	r0, [r4, #36]
 1318 005c 3B00     		movs	r3, r7
 1319 005e 3200     		movs	r2, r6
 1320 0060 FFF7FEFF 		bl	HAL_DMA_Start_IT
 1321              	.LVL102:
 545:Drivers/STM32G0xx_HAL_Driver/Src/stm32g0xx_hal_tim_ex.c ****   {
 1322              		.loc 1 545 6 discriminator 1 view .LVU397
 1323 0064 0028     		cmp	r0, #0
 1324 0066 2ED1     		bne	.L69
 551:Drivers/STM32G0xx_HAL_Driver/Src/stm32g0xx_hal_tim_ex.c **** 
 1325              		.loc 1 551 3 is_stmt 1 view .LVU398
 1326 0068 2268     		ldr	r2, [r4]
 1327 006a D168     		ldr	r1, [r2, #12]
 1328 006c 8023     		movs	r3, #128
 1329 006e 9B00     		lsls	r3, r3, #2
 1330 0070 0B43     		orrs	r3, r1
 1331 0072 D360     		str	r3, [r2, #12]
 554:Drivers/STM32G0xx_HAL_Driver/Src/stm32g0xx_hal_tim_ex.c ****   {
 1332              		.loc 1 554 3 view .LVU399
 554:Drivers/STM32G0xx_HAL_Driver/Src/stm32g0xx_hal_tim_ex.c ****   {
 1333              		.loc 1 554 7 is_stmt 0 view .LVU400
 1334 0074 2368     		ldr	r3, [r4]
 554:Drivers/STM32G0xx_HAL_Driver/Src/stm32g0xx_hal_tim_ex.c ****   {
 1335              		.loc 1 554 6 view .LVU401
 1336 0076 184A     		ldr	r2, .L71+12
 1337 0078 9342     		cmp	r3, r2
 1338 007a 11D0     		beq	.L63
 554:Drivers/STM32G0xx_HAL_Driver/Src/stm32g0xx_hal_tim_ex.c ****   {
 1339              		.loc 1 554 7 discriminator 1 view .LVU402
 1340 007c 8022     		movs	r2, #128
 1341 007e D205     		lsls	r2, r2, #23
 1342 0080 9342     		cmp	r3, r2
 1343 0082 0DD0     		beq	.L63
 554:Drivers/STM32G0xx_HAL_Driver/Src/stm32g0xx_hal_tim_ex.c ****   {
 1344              		.loc 1 554 7 discriminator 2 view .LVU403
 1345 0084 154A     		ldr	r2, .L71+16
 1346 0086 9342     		cmp	r3, r2
 1347 0088 0AD0     		beq	.L63
 554:Drivers/STM32G0xx_HAL_Driver/Src/stm32g0xx_hal_tim_ex.c ****   {
 1348              		.loc 1 554 7 discriminator 3 view .LVU404
ARM GAS  C:\Users\sante\AppData\Local\Temp\cc9r4gT1.s 			page 81


 1349 008a 154A     		ldr	r2, .L71+20
 1350 008c 9342     		cmp	r3, r2
 1351 008e 07D0     		beq	.L63
 554:Drivers/STM32G0xx_HAL_Driver/Src/stm32g0xx_hal_tim_ex.c ****   {
 1352              		.loc 1 554 7 discriminator 4 view .LVU405
 1353 0090 144A     		ldr	r2, .L71+24
 1354 0092 9342     		cmp	r3, r2
 1355 0094 04D0     		beq	.L63
 564:Drivers/STM32G0xx_HAL_Driver/Src/stm32g0xx_hal_tim_ex.c ****   }
 1356              		.loc 1 564 5 is_stmt 1 view .LVU406
 1357 0096 1A68     		ldr	r2, [r3]
 1358 0098 0121     		movs	r1, #1
 1359 009a 0A43     		orrs	r2, r1
 1360 009c 1A60     		str	r2, [r3]
 1361 009e 0FE0     		b	.L62
 1362              	.L63:
 556:Drivers/STM32G0xx_HAL_Driver/Src/stm32g0xx_hal_tim_ex.c ****     if (!IS_TIM_SLAVEMODE_TRIGGER_ENABLED(tmpsmcr))
 1363              		.loc 1 556 5 view .LVU407
 556:Drivers/STM32G0xx_HAL_Driver/Src/stm32g0xx_hal_tim_ex.c ****     if (!IS_TIM_SLAVEMODE_TRIGGER_ENABLED(tmpsmcr))
 1364              		.loc 1 556 29 is_stmt 0 view .LVU408
 1365 00a0 9A68     		ldr	r2, [r3, #8]
 556:Drivers/STM32G0xx_HAL_Driver/Src/stm32g0xx_hal_tim_ex.c ****     if (!IS_TIM_SLAVEMODE_TRIGGER_ENABLED(tmpsmcr))
 1366              		.loc 1 556 13 view .LVU409
 1367 00a2 1149     		ldr	r1, .L71+28
 1368 00a4 0A40     		ands	r2, r1
 1369              	.LVL103:
 557:Drivers/STM32G0xx_HAL_Driver/Src/stm32g0xx_hal_tim_ex.c ****     {
 1370              		.loc 1 557 5 is_stmt 1 view .LVU410
 557:Drivers/STM32G0xx_HAL_Driver/Src/stm32g0xx_hal_tim_ex.c ****     {
 1371              		.loc 1 557 8 is_stmt 0 view .LVU411
 1372 00a6 062A     		cmp	r2, #6
 1373 00a8 0AD0     		beq	.L62
 557:Drivers/STM32G0xx_HAL_Driver/Src/stm32g0xx_hal_tim_ex.c ****     {
 1374              		.loc 1 557 9 discriminator 1 view .LVU412
 1375 00aa 0739     		subs	r1, r1, #7
 1376 00ac 8A42     		cmp	r2, r1
 1377 00ae 07D0     		beq	.L62
 559:Drivers/STM32G0xx_HAL_Driver/Src/stm32g0xx_hal_tim_ex.c ****     }
 1378              		.loc 1 559 7 is_stmt 1 view .LVU413
 1379 00b0 1A68     		ldr	r2, [r3]
 1380              	.LVL104:
 559:Drivers/STM32G0xx_HAL_Driver/Src/stm32g0xx_hal_tim_ex.c ****     }
 1381              		.loc 1 559 7 is_stmt 0 view .LVU414
 1382 00b2 0121     		movs	r1, #1
 1383 00b4 0A43     		orrs	r2, r1
 1384 00b6 1A60     		str	r2, [r3]
 1385 00b8 02E0     		b	.L62
 1386              	.LVL105:
 1387              	.L65:
 513:Drivers/STM32G0xx_HAL_Driver/Src/stm32g0xx_hal_tim_ex.c ****   }
 1388              		.loc 1 513 12 view .LVU415
 1389 00ba 2800     		movs	r0, r5
 1390              	.LVL106:
 513:Drivers/STM32G0xx_HAL_Driver/Src/stm32g0xx_hal_tim_ex.c ****   }
 1391              		.loc 1 513 12 view .LVU416
 1392 00bc 00E0     		b	.L62
 1393              	.LVL107:
ARM GAS  C:\Users\sante\AppData\Local\Temp\cc9r4gT1.s 			page 82


 1394              	.L66:
 530:Drivers/STM32G0xx_HAL_Driver/Src/stm32g0xx_hal_tim_ex.c ****   }
 1395              		.loc 1 530 12 view .LVU417
 1396 00be 0120     		movs	r0, #1
 1397              	.LVL108:
 1398              	.L62:
 569:Drivers/STM32G0xx_HAL_Driver/Src/stm32g0xx_hal_tim_ex.c **** 
 1399              		.loc 1 569 1 view .LVU418
 1400              		@ sp needed
 1401              	.LVL109:
 1402              	.LVL110:
 1403              	.LVL111:
 1404              	.LVL112:
 569:Drivers/STM32G0xx_HAL_Driver/Src/stm32g0xx_hal_tim_ex.c **** 
 1405              		.loc 1 569 1 view .LVU419
 1406 00c0 F8BD     		pop	{r3, r4, r5, r6, r7, pc}
 1407              	.LVL113:
 1408              	.L67:
 520:Drivers/STM32G0xx_HAL_Driver/Src/stm32g0xx_hal_tim_ex.c ****     }
 1409              		.loc 1 520 14 view .LVU420
 1410 00c2 2800     		movs	r0, r5
 1411              	.LVL114:
 520:Drivers/STM32G0xx_HAL_Driver/Src/stm32g0xx_hal_tim_ex.c ****     }
 1412              		.loc 1 520 14 view .LVU421
 1413 00c4 FCE7     		b	.L62
 1414              	.LVL115:
 1415              	.L69:
 548:Drivers/STM32G0xx_HAL_Driver/Src/stm32g0xx_hal_tim_ex.c ****   }
 1416              		.loc 1 548 12 view .LVU422
 1417 00c6 2800     		movs	r0, r5
 1418 00c8 FAE7     		b	.L62
 1419              	.L72:
 1420 00ca C046     		.align	2
 1421              	.L71:
 1422 00cc 00000000 		.word	TIM_DMACaptureCplt
 1423 00d0 00000000 		.word	TIM_DMACaptureHalfCplt
 1424 00d4 00000000 		.word	TIM_DMAError
 1425 00d8 002C0140 		.word	1073818624
 1426 00dc 00040040 		.word	1073742848
 1427 00e0 00080040 		.word	1073743872
 1428 00e4 00400140 		.word	1073823744
 1429 00e8 07000100 		.word	65543
 1430              		.cfi_endproc
 1431              	.LFE501:
 1433              		.section	.text.HAL_TIMEx_HallSensor_Stop_DMA,"ax",%progbits
 1434              		.align	1
 1435              		.global	HAL_TIMEx_HallSensor_Stop_DMA
 1436              		.syntax unified
 1437              		.code	16
 1438              		.thumb_func
 1440              	HAL_TIMEx_HallSensor_Stop_DMA:
 1441              	.LVL116:
 1442              	.LFB502:
 577:Drivers/STM32G0xx_HAL_Driver/Src/stm32g0xx_hal_tim_ex.c ****   /* Check the parameters */
 1443              		.loc 1 577 1 is_stmt 1 view -0
 1444              		.cfi_startproc
 1445              		@ args = 0, pretend = 0, frame = 0
ARM GAS  C:\Users\sante\AppData\Local\Temp\cc9r4gT1.s 			page 83


 1446              		@ frame_needed = 0, uses_anonymous_args = 0
 577:Drivers/STM32G0xx_HAL_Driver/Src/stm32g0xx_hal_tim_ex.c ****   /* Check the parameters */
 1447              		.loc 1 577 1 is_stmt 0 view .LVU424
 1448 0000 10B5     		push	{r4, lr}
 1449              		.cfi_def_cfa_offset 8
 1450              		.cfi_offset 4, -8
 1451              		.cfi_offset 14, -4
 1452 0002 0400     		movs	r4, r0
 579:Drivers/STM32G0xx_HAL_Driver/Src/stm32g0xx_hal_tim_ex.c **** 
 1453              		.loc 1 579 3 is_stmt 1 view .LVU425
 584:Drivers/STM32G0xx_HAL_Driver/Src/stm32g0xx_hal_tim_ex.c **** 
 1454              		.loc 1 584 3 view .LVU426
 1455 0004 0068     		ldr	r0, [r0]
 1456              	.LVL117:
 584:Drivers/STM32G0xx_HAL_Driver/Src/stm32g0xx_hal_tim_ex.c **** 
 1457              		.loc 1 584 3 is_stmt 0 view .LVU427
 1458 0006 0022     		movs	r2, #0
 1459 0008 0021     		movs	r1, #0
 1460 000a FFF7FEFF 		bl	TIM_CCxChannelCmd
 1461              	.LVL118:
 588:Drivers/STM32G0xx_HAL_Driver/Src/stm32g0xx_hal_tim_ex.c **** 
 1462              		.loc 1 588 3 is_stmt 1 view .LVU428
 1463 000e 2268     		ldr	r2, [r4]
 1464 0010 D368     		ldr	r3, [r2, #12]
 1465 0012 0D49     		ldr	r1, .L75
 1466 0014 0B40     		ands	r3, r1
 1467 0016 D360     		str	r3, [r2, #12]
 590:Drivers/STM32G0xx_HAL_Driver/Src/stm32g0xx_hal_tim_ex.c **** 
 1468              		.loc 1 590 3 view .LVU429
 590:Drivers/STM32G0xx_HAL_Driver/Src/stm32g0xx_hal_tim_ex.c **** 
 1469              		.loc 1 590 9 is_stmt 0 view .LVU430
 1470 0018 606A     		ldr	r0, [r4, #36]
 1471 001a FFF7FEFF 		bl	HAL_DMA_Abort_IT
 1472              	.LVL119:
 593:Drivers/STM32G0xx_HAL_Driver/Src/stm32g0xx_hal_tim_ex.c **** 
 1473              		.loc 1 593 3 is_stmt 1 view .LVU431
 593:Drivers/STM32G0xx_HAL_Driver/Src/stm32g0xx_hal_tim_ex.c **** 
 1474              		.loc 1 593 3 view .LVU432
 1475 001e 2368     		ldr	r3, [r4]
 1476 0020 196A     		ldr	r1, [r3, #32]
 1477 0022 0A4A     		ldr	r2, .L75+4
 1478 0024 1142     		tst	r1, r2
 1479 0026 07D1     		bne	.L74
 593:Drivers/STM32G0xx_HAL_Driver/Src/stm32g0xx_hal_tim_ex.c **** 
 1480              		.loc 1 593 3 discriminator 1 view .LVU433
 1481 0028 196A     		ldr	r1, [r3, #32]
 1482 002a 094A     		ldr	r2, .L75+8
 1483 002c 1142     		tst	r1, r2
 1484 002e 03D1     		bne	.L74
 593:Drivers/STM32G0xx_HAL_Driver/Src/stm32g0xx_hal_tim_ex.c **** 
 1485              		.loc 1 593 3 discriminator 3 view .LVU434
 1486 0030 1A68     		ldr	r2, [r3]
 1487 0032 0121     		movs	r1, #1
 1488 0034 8A43     		bics	r2, r1
 1489 0036 1A60     		str	r2, [r3]
 1490              	.L74:
 593:Drivers/STM32G0xx_HAL_Driver/Src/stm32g0xx_hal_tim_ex.c **** 
ARM GAS  C:\Users\sante\AppData\Local\Temp\cc9r4gT1.s 			page 84


 1491              		.loc 1 593 3 discriminator 5 view .LVU435
 596:Drivers/STM32G0xx_HAL_Driver/Src/stm32g0xx_hal_tim_ex.c ****   TIM_CHANNEL_N_STATE_SET(htim, TIM_CHANNEL_1, HAL_TIM_CHANNEL_STATE_READY);
 1492              		.loc 1 596 3 view .LVU436
 1493 0038 0123     		movs	r3, #1
 1494 003a 3E22     		movs	r2, #62
 1495 003c A354     		strb	r3, [r4, r2]
 597:Drivers/STM32G0xx_HAL_Driver/Src/stm32g0xx_hal_tim_ex.c **** 
 1496              		.loc 1 597 3 view .LVU437
 1497 003e 0632     		adds	r2, r2, #6
 1498 0040 A354     		strb	r3, [r4, r2]
 600:Drivers/STM32G0xx_HAL_Driver/Src/stm32g0xx_hal_tim_ex.c **** }
 1499              		.loc 1 600 3 view .LVU438
 601:Drivers/STM32G0xx_HAL_Driver/Src/stm32g0xx_hal_tim_ex.c **** 
 1500              		.loc 1 601 1 is_stmt 0 view .LVU439
 1501 0042 0020     		movs	r0, #0
 1502              		@ sp needed
 1503              	.LVL120:
 601:Drivers/STM32G0xx_HAL_Driver/Src/stm32g0xx_hal_tim_ex.c **** 
 1504              		.loc 1 601 1 view .LVU440
 1505 0044 10BD     		pop	{r4, pc}
 1506              	.L76:
 1507 0046 C046     		.align	2
 1508              	.L75:
 1509 0048 FFFDFFFF 		.word	-513
 1510 004c 11110000 		.word	4369
 1511 0050 44040000 		.word	1092
 1512              		.cfi_endproc
 1513              	.LFE502:
 1515              		.section	.text.HAL_TIMEx_OCN_Start,"ax",%progbits
 1516              		.align	1
 1517              		.global	HAL_TIMEx_OCN_Start
 1518              		.syntax unified
 1519              		.code	16
 1520              		.thumb_func
 1522              	HAL_TIMEx_OCN_Start:
 1523              	.LVL121:
 1524              	.LFB503:
 639:Drivers/STM32G0xx_HAL_Driver/Src/stm32g0xx_hal_tim_ex.c ****   uint32_t tmpsmcr;
 1525              		.loc 1 639 1 is_stmt 1 view -0
 1526              		.cfi_startproc
 1527              		@ args = 0, pretend = 0, frame = 0
 1528              		@ frame_needed = 0, uses_anonymous_args = 0
 639:Drivers/STM32G0xx_HAL_Driver/Src/stm32g0xx_hal_tim_ex.c ****   uint32_t tmpsmcr;
 1529              		.loc 1 639 1 is_stmt 0 view .LVU442
 1530 0000 10B5     		push	{r4, lr}
 1531              		.cfi_def_cfa_offset 8
 1532              		.cfi_offset 4, -8
 1533              		.cfi_offset 14, -4
 1534 0002 0400     		movs	r4, r0
 640:Drivers/STM32G0xx_HAL_Driver/Src/stm32g0xx_hal_tim_ex.c **** 
 1535              		.loc 1 640 3 is_stmt 1 view .LVU443
 643:Drivers/STM32G0xx_HAL_Driver/Src/stm32g0xx_hal_tim_ex.c **** 
 1536              		.loc 1 643 3 view .LVU444
 646:Drivers/STM32G0xx_HAL_Driver/Src/stm32g0xx_hal_tim_ex.c ****   {
 1537              		.loc 1 646 3 view .LVU445
 646:Drivers/STM32G0xx_HAL_Driver/Src/stm32g0xx_hal_tim_ex.c ****   {
 1538              		.loc 1 646 46 is_stmt 0 view .LVU446
ARM GAS  C:\Users\sante\AppData\Local\Temp\cc9r4gT1.s 			page 85


 1539 0004 0029     		cmp	r1, #0
 1540 0006 2DD1     		bne	.L78
 646:Drivers/STM32G0xx_HAL_Driver/Src/stm32g0xx_hal_tim_ex.c ****   {
 1541              		.loc 1 646 7 discriminator 1 view .LVU447
 1542 0008 4423     		movs	r3, #68
 1543 000a C35C     		ldrb	r3, [r0, r3]
 646:Drivers/STM32G0xx_HAL_Driver/Src/stm32g0xx_hal_tim_ex.c ****   {
 1544              		.loc 1 646 46 discriminator 1 view .LVU448
 1545 000c 013B     		subs	r3, r3, #1
 1546 000e 5A1E     		subs	r2, r3, #1
 1547 0010 9341     		sbcs	r3, r3, r2
 1548 0012 DBB2     		uxtb	r3, r3
 1549              	.L79:
 646:Drivers/STM32G0xx_HAL_Driver/Src/stm32g0xx_hal_tim_ex.c ****   {
 1550              		.loc 1 646 6 discriminator 12 view .LVU449
 1551 0014 002B     		cmp	r3, #0
 1552 0016 5CD1     		bne	.L89
 652:Drivers/STM32G0xx_HAL_Driver/Src/stm32g0xx_hal_tim_ex.c **** 
 1553              		.loc 1 652 3 is_stmt 1 view .LVU450
 1554 0018 0029     		cmp	r1, #0
 1555 001a 3CD1     		bne	.L83
 652:Drivers/STM32G0xx_HAL_Driver/Src/stm32g0xx_hal_tim_ex.c **** 
 1556              		.loc 1 652 3 is_stmt 0 discriminator 1 view .LVU451
 1557 001c 4433     		adds	r3, r3, #68
 1558 001e 0222     		movs	r2, #2
 1559 0020 E254     		strb	r2, [r4, r3]
 1560              	.L84:
 655:Drivers/STM32G0xx_HAL_Driver/Src/stm32g0xx_hal_tim_ex.c **** 
 1561              		.loc 1 655 3 is_stmt 1 view .LVU452
 1562 0022 2068     		ldr	r0, [r4]
 1563              	.LVL122:
 655:Drivers/STM32G0xx_HAL_Driver/Src/stm32g0xx_hal_tim_ex.c **** 
 1564              		.loc 1 655 3 is_stmt 0 view .LVU453
 1565 0024 0422     		movs	r2, #4
 1566 0026 FFF7FEFF 		bl	TIM_CCxNChannelCmd
 1567              	.LVL123:
 658:Drivers/STM32G0xx_HAL_Driver/Src/stm32g0xx_hal_tim_ex.c **** 
 1568              		.loc 1 658 3 is_stmt 1 view .LVU454
 1569 002a 2268     		ldr	r2, [r4]
 1570 002c 516C     		ldr	r1, [r2, #68]
 1571 002e 8023     		movs	r3, #128
 1572 0030 1B02     		lsls	r3, r3, #8
 1573 0032 0B43     		orrs	r3, r1
 1574 0034 5364     		str	r3, [r2, #68]
 661:Drivers/STM32G0xx_HAL_Driver/Src/stm32g0xx_hal_tim_ex.c ****   {
 1575              		.loc 1 661 3 view .LVU455
 661:Drivers/STM32G0xx_HAL_Driver/Src/stm32g0xx_hal_tim_ex.c ****   {
 1576              		.loc 1 661 7 is_stmt 0 view .LVU456
 1577 0036 2368     		ldr	r3, [r4]
 661:Drivers/STM32G0xx_HAL_Driver/Src/stm32g0xx_hal_tim_ex.c ****   {
 1578              		.loc 1 661 6 view .LVU457
 1579 0038 294A     		ldr	r2, .L96
 1580 003a 9342     		cmp	r3, r2
 1581 003c 3BD0     		beq	.L87
 661:Drivers/STM32G0xx_HAL_Driver/Src/stm32g0xx_hal_tim_ex.c ****   {
 1582              		.loc 1 661 7 discriminator 1 view .LVU458
 1583 003e 8022     		movs	r2, #128
ARM GAS  C:\Users\sante\AppData\Local\Temp\cc9r4gT1.s 			page 86


 1584 0040 D205     		lsls	r2, r2, #23
 1585 0042 9342     		cmp	r3, r2
 1586 0044 37D0     		beq	.L87
 661:Drivers/STM32G0xx_HAL_Driver/Src/stm32g0xx_hal_tim_ex.c ****   {
 1587              		.loc 1 661 7 discriminator 2 view .LVU459
 1588 0046 274A     		ldr	r2, .L96+4
 1589 0048 9342     		cmp	r3, r2
 1590 004a 34D0     		beq	.L87
 661:Drivers/STM32G0xx_HAL_Driver/Src/stm32g0xx_hal_tim_ex.c ****   {
 1591              		.loc 1 661 7 discriminator 3 view .LVU460
 1592 004c 264A     		ldr	r2, .L96+8
 1593 004e 9342     		cmp	r3, r2
 1594 0050 31D0     		beq	.L87
 661:Drivers/STM32G0xx_HAL_Driver/Src/stm32g0xx_hal_tim_ex.c ****   {
 1595              		.loc 1 661 7 discriminator 4 view .LVU461
 1596 0052 264A     		ldr	r2, .L96+12
 1597 0054 9342     		cmp	r3, r2
 1598 0056 2ED0     		beq	.L87
 671:Drivers/STM32G0xx_HAL_Driver/Src/stm32g0xx_hal_tim_ex.c ****   }
 1599              		.loc 1 671 5 is_stmt 1 view .LVU462
 1600 0058 1A68     		ldr	r2, [r3]
 1601 005a 0121     		movs	r1, #1
 1602 005c 0A43     		orrs	r2, r1
 1603 005e 1A60     		str	r2, [r3]
 675:Drivers/STM32G0xx_HAL_Driver/Src/stm32g0xx_hal_tim_ex.c **** }
 1604              		.loc 1 675 10 is_stmt 0 view .LVU463
 1605 0060 0020     		movs	r0, #0
 1606 0062 37E0     		b	.L82
 1607              	.LVL124:
 1608              	.L78:
 646:Drivers/STM32G0xx_HAL_Driver/Src/stm32g0xx_hal_tim_ex.c ****   {
 1609              		.loc 1 646 46 discriminator 2 view .LVU464
 1610 0064 0429     		cmp	r1, #4
 1611 0066 08D0     		beq	.L92
 646:Drivers/STM32G0xx_HAL_Driver/Src/stm32g0xx_hal_tim_ex.c ****   {
 1612              		.loc 1 646 46 discriminator 5 view .LVU465
 1613 0068 0829     		cmp	r1, #8
 1614 006a 0DD0     		beq	.L93
 646:Drivers/STM32G0xx_HAL_Driver/Src/stm32g0xx_hal_tim_ex.c ****   {
 1615              		.loc 1 646 7 discriminator 8 view .LVU466
 1616 006c 4723     		movs	r3, #71
 1617 006e C35C     		ldrb	r3, [r0, r3]
 646:Drivers/STM32G0xx_HAL_Driver/Src/stm32g0xx_hal_tim_ex.c ****   {
 1618              		.loc 1 646 46 discriminator 8 view .LVU467
 1619 0070 013B     		subs	r3, r3, #1
 1620 0072 5A1E     		subs	r2, r3, #1
 1621 0074 9341     		sbcs	r3, r3, r2
 1622 0076 DBB2     		uxtb	r3, r3
 1623 0078 CCE7     		b	.L79
 1624              	.L92:
 646:Drivers/STM32G0xx_HAL_Driver/Src/stm32g0xx_hal_tim_ex.c ****   {
 1625              		.loc 1 646 7 discriminator 4 view .LVU468
 1626 007a 4523     		movs	r3, #69
 1627 007c C35C     		ldrb	r3, [r0, r3]
 646:Drivers/STM32G0xx_HAL_Driver/Src/stm32g0xx_hal_tim_ex.c ****   {
 1628              		.loc 1 646 46 discriminator 4 view .LVU469
 1629 007e 013B     		subs	r3, r3, #1
ARM GAS  C:\Users\sante\AppData\Local\Temp\cc9r4gT1.s 			page 87


 1630 0080 5A1E     		subs	r2, r3, #1
 1631 0082 9341     		sbcs	r3, r3, r2
 1632 0084 DBB2     		uxtb	r3, r3
 1633 0086 C5E7     		b	.L79
 1634              	.L93:
 646:Drivers/STM32G0xx_HAL_Driver/Src/stm32g0xx_hal_tim_ex.c ****   {
 1635              		.loc 1 646 7 discriminator 7 view .LVU470
 1636 0088 4623     		movs	r3, #70
 1637 008a C35C     		ldrb	r3, [r0, r3]
 646:Drivers/STM32G0xx_HAL_Driver/Src/stm32g0xx_hal_tim_ex.c ****   {
 1638              		.loc 1 646 46 discriminator 7 view .LVU471
 1639 008c 013B     		subs	r3, r3, #1
 1640 008e 5A1E     		subs	r2, r3, #1
 1641 0090 9341     		sbcs	r3, r3, r2
 1642 0092 DBB2     		uxtb	r3, r3
 1643 0094 BEE7     		b	.L79
 1644              	.L83:
 652:Drivers/STM32G0xx_HAL_Driver/Src/stm32g0xx_hal_tim_ex.c **** 
 1645              		.loc 1 652 3 discriminator 2 view .LVU472
 1646 0096 0429     		cmp	r1, #4
 1647 0098 05D0     		beq	.L94
 652:Drivers/STM32G0xx_HAL_Driver/Src/stm32g0xx_hal_tim_ex.c **** 
 1648              		.loc 1 652 3 discriminator 4 view .LVU473
 1649 009a 0829     		cmp	r1, #8
 1650 009c 07D0     		beq	.L95
 652:Drivers/STM32G0xx_HAL_Driver/Src/stm32g0xx_hal_tim_ex.c **** 
 1651              		.loc 1 652 3 discriminator 7 view .LVU474
 1652 009e 4723     		movs	r3, #71
 1653 00a0 0222     		movs	r2, #2
 1654 00a2 E254     		strb	r2, [r4, r3]
 1655 00a4 BDE7     		b	.L84
 1656              	.L94:
 652:Drivers/STM32G0xx_HAL_Driver/Src/stm32g0xx_hal_tim_ex.c **** 
 1657              		.loc 1 652 3 discriminator 3 view .LVU475
 1658 00a6 4523     		movs	r3, #69
 1659 00a8 0222     		movs	r2, #2
 1660 00aa E254     		strb	r2, [r4, r3]
 1661 00ac B9E7     		b	.L84
 1662              	.L95:
 652:Drivers/STM32G0xx_HAL_Driver/Src/stm32g0xx_hal_tim_ex.c **** 
 1663              		.loc 1 652 3 discriminator 6 view .LVU476
 1664 00ae 4623     		movs	r3, #70
 1665 00b0 0222     		movs	r2, #2
 1666 00b2 E254     		strb	r2, [r4, r3]
 1667 00b4 B5E7     		b	.L84
 1668              	.LVL125:
 1669              	.L87:
 663:Drivers/STM32G0xx_HAL_Driver/Src/stm32g0xx_hal_tim_ex.c ****     if (!IS_TIM_SLAVEMODE_TRIGGER_ENABLED(tmpsmcr))
 1670              		.loc 1 663 5 is_stmt 1 view .LVU477
 663:Drivers/STM32G0xx_HAL_Driver/Src/stm32g0xx_hal_tim_ex.c ****     if (!IS_TIM_SLAVEMODE_TRIGGER_ENABLED(tmpsmcr))
 1671              		.loc 1 663 29 is_stmt 0 view .LVU478
 1672 00b6 9A68     		ldr	r2, [r3, #8]
 663:Drivers/STM32G0xx_HAL_Driver/Src/stm32g0xx_hal_tim_ex.c ****     if (!IS_TIM_SLAVEMODE_TRIGGER_ENABLED(tmpsmcr))
 1673              		.loc 1 663 13 view .LVU479
 1674 00b8 0D49     		ldr	r1, .L96+16
 1675 00ba 0A40     		ands	r2, r1
 1676              	.LVL126:
ARM GAS  C:\Users\sante\AppData\Local\Temp\cc9r4gT1.s 			page 88


 664:Drivers/STM32G0xx_HAL_Driver/Src/stm32g0xx_hal_tim_ex.c ****     {
 1677              		.loc 1 664 5 is_stmt 1 view .LVU480
 664:Drivers/STM32G0xx_HAL_Driver/Src/stm32g0xx_hal_tim_ex.c ****     {
 1678              		.loc 1 664 8 is_stmt 0 view .LVU481
 1679 00bc 062A     		cmp	r2, #6
 1680 00be 0AD0     		beq	.L90
 664:Drivers/STM32G0xx_HAL_Driver/Src/stm32g0xx_hal_tim_ex.c ****     {
 1681              		.loc 1 664 9 discriminator 1 view .LVU482
 1682 00c0 0739     		subs	r1, r1, #7
 1683 00c2 8A42     		cmp	r2, r1
 1684 00c4 09D0     		beq	.L91
 666:Drivers/STM32G0xx_HAL_Driver/Src/stm32g0xx_hal_tim_ex.c ****     }
 1685              		.loc 1 666 7 is_stmt 1 view .LVU483
 1686 00c6 1A68     		ldr	r2, [r3]
 1687              	.LVL127:
 666:Drivers/STM32G0xx_HAL_Driver/Src/stm32g0xx_hal_tim_ex.c ****     }
 1688              		.loc 1 666 7 is_stmt 0 view .LVU484
 1689 00c8 0121     		movs	r1, #1
 1690 00ca 0A43     		orrs	r2, r1
 1691 00cc 1A60     		str	r2, [r3]
 675:Drivers/STM32G0xx_HAL_Driver/Src/stm32g0xx_hal_tim_ex.c **** }
 1692              		.loc 1 675 10 view .LVU485
 1693 00ce 0020     		movs	r0, #0
 1694 00d0 00E0     		b	.L82
 1695              	.LVL128:
 1696              	.L89:
 648:Drivers/STM32G0xx_HAL_Driver/Src/stm32g0xx_hal_tim_ex.c ****   }
 1697              		.loc 1 648 12 view .LVU486
 1698 00d2 0120     		movs	r0, #1
 1699              	.LVL129:
 1700              	.L82:
 676:Drivers/STM32G0xx_HAL_Driver/Src/stm32g0xx_hal_tim_ex.c **** 
 1701              		.loc 1 676 1 view .LVU487
 1702              		@ sp needed
 1703              	.LVL130:
 676:Drivers/STM32G0xx_HAL_Driver/Src/stm32g0xx_hal_tim_ex.c **** 
 1704              		.loc 1 676 1 view .LVU488
 1705 00d4 10BD     		pop	{r4, pc}
 1706              	.LVL131:
 1707              	.L90:
 675:Drivers/STM32G0xx_HAL_Driver/Src/stm32g0xx_hal_tim_ex.c **** }
 1708              		.loc 1 675 10 view .LVU489
 1709 00d6 0020     		movs	r0, #0
 1710 00d8 FCE7     		b	.L82
 1711              	.L91:
 1712 00da 0020     		movs	r0, #0
 1713 00dc FAE7     		b	.L82
 1714              	.L97:
 1715 00de C046     		.align	2
 1716              	.L96:
 1717 00e0 002C0140 		.word	1073818624
 1718 00e4 00040040 		.word	1073742848
 1719 00e8 00080040 		.word	1073743872
 1720 00ec 00400140 		.word	1073823744
 1721 00f0 07000100 		.word	65543
 1722              		.cfi_endproc
 1723              	.LFE503:
ARM GAS  C:\Users\sante\AppData\Local\Temp\cc9r4gT1.s 			page 89


 1725              		.section	.text.HAL_TIMEx_OCN_Stop,"ax",%progbits
 1726              		.align	1
 1727              		.global	HAL_TIMEx_OCN_Stop
 1728              		.syntax unified
 1729              		.code	16
 1730              		.thumb_func
 1732              	HAL_TIMEx_OCN_Stop:
 1733              	.LVL132:
 1734              	.LFB504:
 690:Drivers/STM32G0xx_HAL_Driver/Src/stm32g0xx_hal_tim_ex.c ****   /* Check the parameters */
 1735              		.loc 1 690 1 is_stmt 1 view -0
 1736              		.cfi_startproc
 1737              		@ args = 0, pretend = 0, frame = 0
 1738              		@ frame_needed = 0, uses_anonymous_args = 0
 690:Drivers/STM32G0xx_HAL_Driver/Src/stm32g0xx_hal_tim_ex.c ****   /* Check the parameters */
 1739              		.loc 1 690 1 is_stmt 0 view .LVU491
 1740 0000 70B5     		push	{r4, r5, r6, lr}
 1741              		.cfi_def_cfa_offset 16
 1742              		.cfi_offset 4, -16
 1743              		.cfi_offset 5, -12
 1744              		.cfi_offset 6, -8
 1745              		.cfi_offset 14, -4
 1746 0002 0400     		movs	r4, r0
 1747 0004 0D00     		movs	r5, r1
 692:Drivers/STM32G0xx_HAL_Driver/Src/stm32g0xx_hal_tim_ex.c **** 
 1748              		.loc 1 692 3 is_stmt 1 view .LVU492
 695:Drivers/STM32G0xx_HAL_Driver/Src/stm32g0xx_hal_tim_ex.c **** 
 1749              		.loc 1 695 3 view .LVU493
 1750 0006 0068     		ldr	r0, [r0]
 1751              	.LVL133:
 695:Drivers/STM32G0xx_HAL_Driver/Src/stm32g0xx_hal_tim_ex.c **** 
 1752              		.loc 1 695 3 is_stmt 0 view .LVU494
 1753 0008 0022     		movs	r2, #0
 1754 000a FFF7FEFF 		bl	TIM_CCxNChannelCmd
 1755              	.LVL134:
 698:Drivers/STM32G0xx_HAL_Driver/Src/stm32g0xx_hal_tim_ex.c **** 
 1756              		.loc 1 698 3 is_stmt 1 view .LVU495
 698:Drivers/STM32G0xx_HAL_Driver/Src/stm32g0xx_hal_tim_ex.c **** 
 1757              		.loc 1 698 3 view .LVU496
 1758 000e 2368     		ldr	r3, [r4]
 1759 0010 196A     		ldr	r1, [r3, #32]
 1760 0012 174A     		ldr	r2, .L107
 1761 0014 1142     		tst	r1, r2
 1762 0016 07D1     		bne	.L99
 698:Drivers/STM32G0xx_HAL_Driver/Src/stm32g0xx_hal_tim_ex.c **** 
 1763              		.loc 1 698 3 discriminator 1 view .LVU497
 1764 0018 196A     		ldr	r1, [r3, #32]
 1765 001a 164A     		ldr	r2, .L107+4
 1766 001c 1142     		tst	r1, r2
 1767 001e 03D1     		bne	.L99
 698:Drivers/STM32G0xx_HAL_Driver/Src/stm32g0xx_hal_tim_ex.c **** 
 1768              		.loc 1 698 3 discriminator 3 view .LVU498
 1769 0020 5A6C     		ldr	r2, [r3, #68]
 1770 0022 1549     		ldr	r1, .L107+8
 1771 0024 0A40     		ands	r2, r1
 1772 0026 5A64     		str	r2, [r3, #68]
 1773              	.L99:
ARM GAS  C:\Users\sante\AppData\Local\Temp\cc9r4gT1.s 			page 90


 698:Drivers/STM32G0xx_HAL_Driver/Src/stm32g0xx_hal_tim_ex.c **** 
 1774              		.loc 1 698 3 discriminator 5 view .LVU499
 701:Drivers/STM32G0xx_HAL_Driver/Src/stm32g0xx_hal_tim_ex.c **** 
 1775              		.loc 1 701 3 view .LVU500
 701:Drivers/STM32G0xx_HAL_Driver/Src/stm32g0xx_hal_tim_ex.c **** 
 1776              		.loc 1 701 3 view .LVU501
 1777 0028 2368     		ldr	r3, [r4]
 1778 002a 196A     		ldr	r1, [r3, #32]
 1779 002c 104A     		ldr	r2, .L107
 1780 002e 1142     		tst	r1, r2
 1781 0030 07D1     		bne	.L100
 701:Drivers/STM32G0xx_HAL_Driver/Src/stm32g0xx_hal_tim_ex.c **** 
 1782              		.loc 1 701 3 discriminator 1 view .LVU502
 1783 0032 196A     		ldr	r1, [r3, #32]
 1784 0034 0F4A     		ldr	r2, .L107+4
 1785 0036 1142     		tst	r1, r2
 1786 0038 03D1     		bne	.L100
 701:Drivers/STM32G0xx_HAL_Driver/Src/stm32g0xx_hal_tim_ex.c **** 
 1787              		.loc 1 701 3 discriminator 3 view .LVU503
 1788 003a 1A68     		ldr	r2, [r3]
 1789 003c 0121     		movs	r1, #1
 1790 003e 8A43     		bics	r2, r1
 1791 0040 1A60     		str	r2, [r3]
 1792              	.L100:
 701:Drivers/STM32G0xx_HAL_Driver/Src/stm32g0xx_hal_tim_ex.c **** 
 1793              		.loc 1 701 3 discriminator 5 view .LVU504
 704:Drivers/STM32G0xx_HAL_Driver/Src/stm32g0xx_hal_tim_ex.c **** 
 1794              		.loc 1 704 3 view .LVU505
 1795 0042 002D     		cmp	r5, #0
 1796 0044 04D1     		bne	.L101
 704:Drivers/STM32G0xx_HAL_Driver/Src/stm32g0xx_hal_tim_ex.c **** 
 1797              		.loc 1 704 3 is_stmt 0 discriminator 1 view .LVU506
 1798 0046 4423     		movs	r3, #68
 1799 0048 0122     		movs	r2, #1
 1800 004a E254     		strb	r2, [r4, r3]
 1801              	.L102:
 707:Drivers/STM32G0xx_HAL_Driver/Src/stm32g0xx_hal_tim_ex.c **** }
 1802              		.loc 1 707 3 is_stmt 1 view .LVU507
 708:Drivers/STM32G0xx_HAL_Driver/Src/stm32g0xx_hal_tim_ex.c **** 
 1803              		.loc 1 708 1 is_stmt 0 view .LVU508
 1804 004c 0020     		movs	r0, #0
 1805              		@ sp needed
 1806              	.LVL135:
 1807              	.LVL136:
 708:Drivers/STM32G0xx_HAL_Driver/Src/stm32g0xx_hal_tim_ex.c **** 
 1808              		.loc 1 708 1 view .LVU509
 1809 004e 70BD     		pop	{r4, r5, r6, pc}
 1810              	.LVL137:
 1811              	.L101:
 704:Drivers/STM32G0xx_HAL_Driver/Src/stm32g0xx_hal_tim_ex.c **** 
 1812              		.loc 1 704 3 discriminator 2 view .LVU510
 1813 0050 042D     		cmp	r5, #4
 1814 0052 05D0     		beq	.L105
 704:Drivers/STM32G0xx_HAL_Driver/Src/stm32g0xx_hal_tim_ex.c **** 
 1815              		.loc 1 704 3 discriminator 4 view .LVU511
 1816 0054 082D     		cmp	r5, #8
 1817 0056 07D0     		beq	.L106
ARM GAS  C:\Users\sante\AppData\Local\Temp\cc9r4gT1.s 			page 91


 704:Drivers/STM32G0xx_HAL_Driver/Src/stm32g0xx_hal_tim_ex.c **** 
 1818              		.loc 1 704 3 discriminator 7 view .LVU512
 1819 0058 4723     		movs	r3, #71
 1820 005a 0122     		movs	r2, #1
 1821 005c E254     		strb	r2, [r4, r3]
 1822 005e F5E7     		b	.L102
 1823              	.L105:
 704:Drivers/STM32G0xx_HAL_Driver/Src/stm32g0xx_hal_tim_ex.c **** 
 1824              		.loc 1 704 3 discriminator 3 view .LVU513
 1825 0060 4523     		movs	r3, #69
 1826 0062 0122     		movs	r2, #1
 1827 0064 E254     		strb	r2, [r4, r3]
 1828 0066 F1E7     		b	.L102
 1829              	.L106:
 704:Drivers/STM32G0xx_HAL_Driver/Src/stm32g0xx_hal_tim_ex.c **** 
 1830              		.loc 1 704 3 discriminator 6 view .LVU514
 1831 0068 4623     		movs	r3, #70
 1832 006a 0122     		movs	r2, #1
 1833 006c E254     		strb	r2, [r4, r3]
 1834 006e EDE7     		b	.L102
 1835              	.L108:
 1836              		.align	2
 1837              	.L107:
 1838 0070 11110000 		.word	4369
 1839 0074 44040000 		.word	1092
 1840 0078 FF7FFFFF 		.word	-32769
 1841              		.cfi_endproc
 1842              	.LFE504:
 1844              		.section	.text.HAL_TIMEx_OCN_Start_IT,"ax",%progbits
 1845              		.align	1
 1846              		.global	HAL_TIMEx_OCN_Start_IT
 1847              		.syntax unified
 1848              		.code	16
 1849              		.thumb_func
 1851              	HAL_TIMEx_OCN_Start_IT:
 1852              	.LVL138:
 1853              	.LFB505:
 722:Drivers/STM32G0xx_HAL_Driver/Src/stm32g0xx_hal_tim_ex.c ****   HAL_StatusTypeDef status = HAL_OK;
 1854              		.loc 1 722 1 is_stmt 1 view -0
 1855              		.cfi_startproc
 1856              		@ args = 0, pretend = 0, frame = 0
 1857              		@ frame_needed = 0, uses_anonymous_args = 0
 722:Drivers/STM32G0xx_HAL_Driver/Src/stm32g0xx_hal_tim_ex.c ****   HAL_StatusTypeDef status = HAL_OK;
 1858              		.loc 1 722 1 is_stmt 0 view .LVU516
 1859 0000 10B5     		push	{r4, lr}
 1860              		.cfi_def_cfa_offset 8
 1861              		.cfi_offset 4, -8
 1862              		.cfi_offset 14, -4
 1863 0002 0400     		movs	r4, r0
 723:Drivers/STM32G0xx_HAL_Driver/Src/stm32g0xx_hal_tim_ex.c ****   uint32_t tmpsmcr;
 1864              		.loc 1 723 3 is_stmt 1 view .LVU517
 1865              	.LVL139:
 724:Drivers/STM32G0xx_HAL_Driver/Src/stm32g0xx_hal_tim_ex.c **** 
 1866              		.loc 1 724 3 view .LVU518
 727:Drivers/STM32G0xx_HAL_Driver/Src/stm32g0xx_hal_tim_ex.c **** 
 1867              		.loc 1 727 3 view .LVU519
 730:Drivers/STM32G0xx_HAL_Driver/Src/stm32g0xx_hal_tim_ex.c ****   {
ARM GAS  C:\Users\sante\AppData\Local\Temp\cc9r4gT1.s 			page 92


 1868              		.loc 1 730 3 view .LVU520
 730:Drivers/STM32G0xx_HAL_Driver/Src/stm32g0xx_hal_tim_ex.c ****   {
 1869              		.loc 1 730 46 is_stmt 0 view .LVU521
 1870 0004 0029     		cmp	r1, #0
 1871 0006 37D1     		bne	.L110
 730:Drivers/STM32G0xx_HAL_Driver/Src/stm32g0xx_hal_tim_ex.c ****   {
 1872              		.loc 1 730 7 discriminator 1 view .LVU522
 1873 0008 4423     		movs	r3, #68
 1874 000a C35C     		ldrb	r3, [r0, r3]
 730:Drivers/STM32G0xx_HAL_Driver/Src/stm32g0xx_hal_tim_ex.c ****   {
 1875              		.loc 1 730 46 discriminator 1 view .LVU523
 1876 000c 013B     		subs	r3, r3, #1
 1877 000e 5A1E     		subs	r2, r3, #1
 1878 0010 9341     		sbcs	r3, r3, r2
 1879 0012 DBB2     		uxtb	r3, r3
 1880              	.L111:
 730:Drivers/STM32G0xx_HAL_Driver/Src/stm32g0xx_hal_tim_ex.c ****   {
 1881              		.loc 1 730 6 discriminator 12 view .LVU524
 1882 0014 002B     		cmp	r3, #0
 1883 0016 77D1     		bne	.L124
 736:Drivers/STM32G0xx_HAL_Driver/Src/stm32g0xx_hal_tim_ex.c **** 
 1884              		.loc 1 736 3 is_stmt 1 view .LVU525
 1885 0018 0029     		cmp	r1, #0
 1886 001a 46D1     		bne	.L115
 736:Drivers/STM32G0xx_HAL_Driver/Src/stm32g0xx_hal_tim_ex.c **** 
 1887              		.loc 1 736 3 is_stmt 0 discriminator 1 view .LVU526
 1888 001c 4433     		adds	r3, r3, #68
 1889 001e 0222     		movs	r2, #2
 1890 0020 E254     		strb	r2, [r4, r3]
 738:Drivers/STM32G0xx_HAL_Driver/Src/stm32g0xx_hal_tim_ex.c ****   {
 1891              		.loc 1 738 3 is_stmt 1 view .LVU527
 1892              	.L116:
 743:Drivers/STM32G0xx_HAL_Driver/Src/stm32g0xx_hal_tim_ex.c ****       break;
 1893              		.loc 1 743 7 view .LVU528
 1894 0022 2268     		ldr	r2, [r4]
 1895 0024 D368     		ldr	r3, [r2, #12]
 1896 0026 0220     		movs	r0, #2
 1897              	.LVL140:
 743:Drivers/STM32G0xx_HAL_Driver/Src/stm32g0xx_hal_tim_ex.c ****       break;
 1898              		.loc 1 743 7 is_stmt 0 view .LVU529
 1899 0028 0343     		orrs	r3, r0
 1900 002a D360     		str	r3, [r2, #12]
 744:Drivers/STM32G0xx_HAL_Driver/Src/stm32g0xx_hal_tim_ex.c ****     }
 1901              		.loc 1 744 7 is_stmt 1 view .LVU530
 767:Drivers/STM32G0xx_HAL_Driver/Src/stm32g0xx_hal_tim_ex.c ****   {
 1902              		.loc 1 767 3 view .LVU531
 1903              	.L121:
 770:Drivers/STM32G0xx_HAL_Driver/Src/stm32g0xx_hal_tim_ex.c **** 
 1904              		.loc 1 770 5 view .LVU532
 1905 002c 2268     		ldr	r2, [r4]
 1906 002e D368     		ldr	r3, [r2, #12]
 1907 0030 8020     		movs	r0, #128
 1908 0032 0343     		orrs	r3, r0
 1909 0034 D360     		str	r3, [r2, #12]
 773:Drivers/STM32G0xx_HAL_Driver/Src/stm32g0xx_hal_tim_ex.c **** 
 1910              		.loc 1 773 5 view .LVU533
 1911 0036 2068     		ldr	r0, [r4]
ARM GAS  C:\Users\sante\AppData\Local\Temp\cc9r4gT1.s 			page 93


 1912 0038 0422     		movs	r2, #4
 1913 003a FFF7FEFF 		bl	TIM_CCxNChannelCmd
 1914              	.LVL141:
 776:Drivers/STM32G0xx_HAL_Driver/Src/stm32g0xx_hal_tim_ex.c **** 
 1915              		.loc 1 776 5 view .LVU534
 1916 003e 2268     		ldr	r2, [r4]
 1917 0040 516C     		ldr	r1, [r2, #68]
 1918 0042 8023     		movs	r3, #128
 1919 0044 1B02     		lsls	r3, r3, #8
 1920 0046 0B43     		orrs	r3, r1
 1921 0048 5364     		str	r3, [r2, #68]
 779:Drivers/STM32G0xx_HAL_Driver/Src/stm32g0xx_hal_tim_ex.c ****     {
 1922              		.loc 1 779 5 view .LVU535
 779:Drivers/STM32G0xx_HAL_Driver/Src/stm32g0xx_hal_tim_ex.c ****     {
 1923              		.loc 1 779 9 is_stmt 0 view .LVU536
 1924 004a 2368     		ldr	r3, [r4]
 779:Drivers/STM32G0xx_HAL_Driver/Src/stm32g0xx_hal_tim_ex.c ****     {
 1925              		.loc 1 779 8 view .LVU537
 1926 004c 314A     		ldr	r2, .L132
 1927 004e 9342     		cmp	r3, r2
 1928 0050 4CD0     		beq	.L122
 779:Drivers/STM32G0xx_HAL_Driver/Src/stm32g0xx_hal_tim_ex.c ****     {
 1929              		.loc 1 779 9 discriminator 1 view .LVU538
 1930 0052 8022     		movs	r2, #128
 1931 0054 D205     		lsls	r2, r2, #23
 1932 0056 9342     		cmp	r3, r2
 1933 0058 48D0     		beq	.L122
 779:Drivers/STM32G0xx_HAL_Driver/Src/stm32g0xx_hal_tim_ex.c ****     {
 1934              		.loc 1 779 9 discriminator 2 view .LVU539
 1935 005a 2F4A     		ldr	r2, .L132+4
 1936 005c 9342     		cmp	r3, r2
 1937 005e 45D0     		beq	.L122
 779:Drivers/STM32G0xx_HAL_Driver/Src/stm32g0xx_hal_tim_ex.c ****     {
 1938              		.loc 1 779 9 discriminator 3 view .LVU540
 1939 0060 2E4A     		ldr	r2, .L132+8
 1940 0062 9342     		cmp	r3, r2
 1941 0064 42D0     		beq	.L122
 779:Drivers/STM32G0xx_HAL_Driver/Src/stm32g0xx_hal_tim_ex.c ****     {
 1942              		.loc 1 779 9 discriminator 4 view .LVU541
 1943 0066 2E4A     		ldr	r2, .L132+12
 1944 0068 9342     		cmp	r3, r2
 1945 006a 3FD0     		beq	.L122
 789:Drivers/STM32G0xx_HAL_Driver/Src/stm32g0xx_hal_tim_ex.c ****     }
 1946              		.loc 1 789 7 is_stmt 1 view .LVU542
 1947 006c 1A68     		ldr	r2, [r3]
 1948 006e 0121     		movs	r1, #1
 1949 0070 0A43     		orrs	r2, r1
 1950 0072 1A60     		str	r2, [r3]
 1951 0074 0020     		movs	r0, #0
 1952 0076 48E0     		b	.L114
 1953              	.LVL142:
 1954              	.L110:
 730:Drivers/STM32G0xx_HAL_Driver/Src/stm32g0xx_hal_tim_ex.c ****   {
 1955              		.loc 1 730 46 is_stmt 0 discriminator 2 view .LVU543
 1956 0078 0429     		cmp	r1, #4
 1957 007a 08D0     		beq	.L128
 730:Drivers/STM32G0xx_HAL_Driver/Src/stm32g0xx_hal_tim_ex.c ****   {
ARM GAS  C:\Users\sante\AppData\Local\Temp\cc9r4gT1.s 			page 94


 1958              		.loc 1 730 46 discriminator 5 view .LVU544
 1959 007c 0829     		cmp	r1, #8
 1960 007e 0DD0     		beq	.L129
 730:Drivers/STM32G0xx_HAL_Driver/Src/stm32g0xx_hal_tim_ex.c ****   {
 1961              		.loc 1 730 7 discriminator 8 view .LVU545
 1962 0080 4723     		movs	r3, #71
 1963 0082 C35C     		ldrb	r3, [r0, r3]
 730:Drivers/STM32G0xx_HAL_Driver/Src/stm32g0xx_hal_tim_ex.c ****   {
 1964              		.loc 1 730 46 discriminator 8 view .LVU546
 1965 0084 013B     		subs	r3, r3, #1
 1966 0086 5A1E     		subs	r2, r3, #1
 1967 0088 9341     		sbcs	r3, r3, r2
 1968 008a DBB2     		uxtb	r3, r3
 1969 008c C2E7     		b	.L111
 1970              	.L128:
 730:Drivers/STM32G0xx_HAL_Driver/Src/stm32g0xx_hal_tim_ex.c ****   {
 1971              		.loc 1 730 7 discriminator 4 view .LVU547
 1972 008e 4523     		movs	r3, #69
 1973 0090 C35C     		ldrb	r3, [r0, r3]
 730:Drivers/STM32G0xx_HAL_Driver/Src/stm32g0xx_hal_tim_ex.c ****   {
 1974              		.loc 1 730 46 discriminator 4 view .LVU548
 1975 0092 013B     		subs	r3, r3, #1
 1976 0094 5A1E     		subs	r2, r3, #1
 1977 0096 9341     		sbcs	r3, r3, r2
 1978 0098 DBB2     		uxtb	r3, r3
 1979 009a BBE7     		b	.L111
 1980              	.L129:
 730:Drivers/STM32G0xx_HAL_Driver/Src/stm32g0xx_hal_tim_ex.c ****   {
 1981              		.loc 1 730 7 discriminator 7 view .LVU549
 1982 009c 4623     		movs	r3, #70
 1983 009e C35C     		ldrb	r3, [r0, r3]
 730:Drivers/STM32G0xx_HAL_Driver/Src/stm32g0xx_hal_tim_ex.c ****   {
 1984              		.loc 1 730 46 discriminator 7 view .LVU550
 1985 00a0 013B     		subs	r3, r3, #1
 1986 00a2 5A1E     		subs	r2, r3, #1
 1987 00a4 9341     		sbcs	r3, r3, r2
 1988 00a6 DBB2     		uxtb	r3, r3
 1989 00a8 B4E7     		b	.L111
 1990              	.L115:
 736:Drivers/STM32G0xx_HAL_Driver/Src/stm32g0xx_hal_tim_ex.c **** 
 1991              		.loc 1 736 3 discriminator 2 view .LVU551
 1992 00aa 0429     		cmp	r1, #4
 1993 00ac 0CD0     		beq	.L130
 736:Drivers/STM32G0xx_HAL_Driver/Src/stm32g0xx_hal_tim_ex.c **** 
 1994              		.loc 1 736 3 discriminator 4 view .LVU552
 1995 00ae 0829     		cmp	r1, #8
 1996 00b0 13D0     		beq	.L131
 736:Drivers/STM32G0xx_HAL_Driver/Src/stm32g0xx_hal_tim_ex.c **** 
 1997              		.loc 1 736 3 discriminator 7 view .LVU553
 1998 00b2 4723     		movs	r3, #71
 1999 00b4 0222     		movs	r2, #2
 2000 00b6 E254     		strb	r2, [r4, r3]
 738:Drivers/STM32G0xx_HAL_Driver/Src/stm32g0xx_hal_tim_ex.c ****   {
 2001              		.loc 1 738 3 is_stmt 1 view .LVU554
 2002 00b8 0429     		cmp	r1, #4
 2003 00ba 08D0     		beq	.L118
 2004 00bc 0829     		cmp	r1, #8
ARM GAS  C:\Users\sante\AppData\Local\Temp\cc9r4gT1.s 			page 95


 2005 00be 0FD0     		beq	.L120
 2006 00c0 0029     		cmp	r1, #0
 2007 00c2 AED0     		beq	.L116
 2008 00c4 0120     		movs	r0, #1
 2009              	.LVL143:
 738:Drivers/STM32G0xx_HAL_Driver/Src/stm32g0xx_hal_tim_ex.c ****   {
 2010              		.loc 1 738 3 is_stmt 0 view .LVU555
 2011 00c6 20E0     		b	.L114
 2012              	.LVL144:
 2013              	.L130:
 736:Drivers/STM32G0xx_HAL_Driver/Src/stm32g0xx_hal_tim_ex.c **** 
 2014              		.loc 1 736 3 discriminator 3 view .LVU556
 2015 00c8 4523     		movs	r3, #69
 2016 00ca 0222     		movs	r2, #2
 2017 00cc E254     		strb	r2, [r4, r3]
 738:Drivers/STM32G0xx_HAL_Driver/Src/stm32g0xx_hal_tim_ex.c ****   {
 2018              		.loc 1 738 3 is_stmt 1 view .LVU557
 2019              	.L118:
 750:Drivers/STM32G0xx_HAL_Driver/Src/stm32g0xx_hal_tim_ex.c ****       break;
 2020              		.loc 1 750 7 view .LVU558
 2021 00ce 2268     		ldr	r2, [r4]
 2022 00d0 D368     		ldr	r3, [r2, #12]
 2023 00d2 0420     		movs	r0, #4
 2024              	.LVL145:
 750:Drivers/STM32G0xx_HAL_Driver/Src/stm32g0xx_hal_tim_ex.c ****       break;
 2025              		.loc 1 750 7 is_stmt 0 view .LVU559
 2026 00d4 0343     		orrs	r3, r0
 2027 00d6 D360     		str	r3, [r2, #12]
 751:Drivers/STM32G0xx_HAL_Driver/Src/stm32g0xx_hal_tim_ex.c ****     }
 2028              		.loc 1 751 7 is_stmt 1 view .LVU560
 767:Drivers/STM32G0xx_HAL_Driver/Src/stm32g0xx_hal_tim_ex.c ****   {
 2029              		.loc 1 767 3 view .LVU561
 2030 00d8 A8E7     		b	.L121
 2031              	.LVL146:
 2032              	.L131:
 736:Drivers/STM32G0xx_HAL_Driver/Src/stm32g0xx_hal_tim_ex.c **** 
 2033              		.loc 1 736 3 is_stmt 0 discriminator 6 view .LVU562
 2034 00da 4623     		movs	r3, #70
 2035 00dc 0222     		movs	r2, #2
 2036 00de E254     		strb	r2, [r4, r3]
 738:Drivers/STM32G0xx_HAL_Driver/Src/stm32g0xx_hal_tim_ex.c ****   {
 2037              		.loc 1 738 3 is_stmt 1 view .LVU563
 2038              	.L120:
 757:Drivers/STM32G0xx_HAL_Driver/Src/stm32g0xx_hal_tim_ex.c ****       break;
 2039              		.loc 1 757 7 view .LVU564
 2040 00e0 2268     		ldr	r2, [r4]
 2041 00e2 D368     		ldr	r3, [r2, #12]
 2042 00e4 0820     		movs	r0, #8
 2043              	.LVL147:
 757:Drivers/STM32G0xx_HAL_Driver/Src/stm32g0xx_hal_tim_ex.c ****       break;
 2044              		.loc 1 757 7 is_stmt 0 view .LVU565
 2045 00e6 0343     		orrs	r3, r0
 2046 00e8 D360     		str	r3, [r2, #12]
 758:Drivers/STM32G0xx_HAL_Driver/Src/stm32g0xx_hal_tim_ex.c ****     }
 2047              		.loc 1 758 7 is_stmt 1 view .LVU566
 767:Drivers/STM32G0xx_HAL_Driver/Src/stm32g0xx_hal_tim_ex.c ****   {
 2048              		.loc 1 767 3 view .LVU567
ARM GAS  C:\Users\sante\AppData\Local\Temp\cc9r4gT1.s 			page 96


 2049 00ea 9FE7     		b	.L121
 2050              	.LVL148:
 2051              	.L122:
 781:Drivers/STM32G0xx_HAL_Driver/Src/stm32g0xx_hal_tim_ex.c ****       if (!IS_TIM_SLAVEMODE_TRIGGER_ENABLED(tmpsmcr))
 2052              		.loc 1 781 7 view .LVU568
 781:Drivers/STM32G0xx_HAL_Driver/Src/stm32g0xx_hal_tim_ex.c ****       if (!IS_TIM_SLAVEMODE_TRIGGER_ENABLED(tmpsmcr))
 2053              		.loc 1 781 31 is_stmt 0 view .LVU569
 2054 00ec 9A68     		ldr	r2, [r3, #8]
 781:Drivers/STM32G0xx_HAL_Driver/Src/stm32g0xx_hal_tim_ex.c ****       if (!IS_TIM_SLAVEMODE_TRIGGER_ENABLED(tmpsmcr))
 2055              		.loc 1 781 15 view .LVU570
 2056 00ee 0D49     		ldr	r1, .L132+16
 2057 00f0 0A40     		ands	r2, r1
 2058              	.LVL149:
 782:Drivers/STM32G0xx_HAL_Driver/Src/stm32g0xx_hal_tim_ex.c ****       {
 2059              		.loc 1 782 7 is_stmt 1 view .LVU571
 782:Drivers/STM32G0xx_HAL_Driver/Src/stm32g0xx_hal_tim_ex.c ****       {
 2060              		.loc 1 782 10 is_stmt 0 view .LVU572
 2061 00f2 062A     		cmp	r2, #6
 2062 00f4 0AD0     		beq	.L126
 782:Drivers/STM32G0xx_HAL_Driver/Src/stm32g0xx_hal_tim_ex.c ****       {
 2063              		.loc 1 782 11 discriminator 1 view .LVU573
 2064 00f6 0739     		subs	r1, r1, #7
 2065 00f8 8A42     		cmp	r2, r1
 2066 00fa 09D0     		beq	.L127
 784:Drivers/STM32G0xx_HAL_Driver/Src/stm32g0xx_hal_tim_ex.c ****       }
 2067              		.loc 1 784 9 is_stmt 1 view .LVU574
 2068 00fc 1A68     		ldr	r2, [r3]
 2069              	.LVL150:
 784:Drivers/STM32G0xx_HAL_Driver/Src/stm32g0xx_hal_tim_ex.c ****       }
 2070              		.loc 1 784 9 is_stmt 0 view .LVU575
 2071 00fe 0121     		movs	r1, #1
 2072 0100 0A43     		orrs	r2, r1
 2073 0102 1A60     		str	r2, [r3]
 2074 0104 0020     		movs	r0, #0
 2075 0106 00E0     		b	.L114
 2076              	.LVL151:
 2077              	.L124:
 732:Drivers/STM32G0xx_HAL_Driver/Src/stm32g0xx_hal_tim_ex.c ****   }
 2078              		.loc 1 732 12 view .LVU576
 2079 0108 0120     		movs	r0, #1
 2080              	.LVL152:
 2081              	.L114:
 795:Drivers/STM32G0xx_HAL_Driver/Src/stm32g0xx_hal_tim_ex.c **** 
 2082              		.loc 1 795 1 view .LVU577
 2083              		@ sp needed
 2084              	.LVL153:
 795:Drivers/STM32G0xx_HAL_Driver/Src/stm32g0xx_hal_tim_ex.c **** 
 2085              		.loc 1 795 1 view .LVU578
 2086 010a 10BD     		pop	{r4, pc}
 2087              	.LVL154:
 2088              	.L126:
 795:Drivers/STM32G0xx_HAL_Driver/Src/stm32g0xx_hal_tim_ex.c **** 
 2089              		.loc 1 795 1 view .LVU579
 2090 010c 0020     		movs	r0, #0
 2091 010e FCE7     		b	.L114
 2092              	.L127:
 2093 0110 0020     		movs	r0, #0
ARM GAS  C:\Users\sante\AppData\Local\Temp\cc9r4gT1.s 			page 97


 2094 0112 FAE7     		b	.L114
 2095              	.L133:
 2096              		.align	2
 2097              	.L132:
 2098 0114 002C0140 		.word	1073818624
 2099 0118 00040040 		.word	1073742848
 2100 011c 00080040 		.word	1073743872
 2101 0120 00400140 		.word	1073823744
 2102 0124 07000100 		.word	65543
 2103              		.cfi_endproc
 2104              	.LFE505:
 2106              		.section	.text.HAL_TIMEx_OCN_Stop_IT,"ax",%progbits
 2107              		.align	1
 2108              		.global	HAL_TIMEx_OCN_Stop_IT
 2109              		.syntax unified
 2110              		.code	16
 2111              		.thumb_func
 2113              	HAL_TIMEx_OCN_Stop_IT:
 2114              	.LVL155:
 2115              	.LFB506:
 809:Drivers/STM32G0xx_HAL_Driver/Src/stm32g0xx_hal_tim_ex.c ****   HAL_StatusTypeDef status = HAL_OK;
 2116              		.loc 1 809 1 is_stmt 1 view -0
 2117              		.cfi_startproc
 2118              		@ args = 0, pretend = 0, frame = 0
 2119              		@ frame_needed = 0, uses_anonymous_args = 0
 809:Drivers/STM32G0xx_HAL_Driver/Src/stm32g0xx_hal_tim_ex.c ****   HAL_StatusTypeDef status = HAL_OK;
 2120              		.loc 1 809 1 is_stmt 0 view .LVU581
 2121 0000 70B5     		push	{r4, r5, r6, lr}
 2122              		.cfi_def_cfa_offset 16
 2123              		.cfi_offset 4, -16
 2124              		.cfi_offset 5, -12
 2125              		.cfi_offset 6, -8
 2126              		.cfi_offset 14, -4
 2127 0002 0400     		movs	r4, r0
 2128 0004 0D00     		movs	r5, r1
 810:Drivers/STM32G0xx_HAL_Driver/Src/stm32g0xx_hal_tim_ex.c ****   uint32_t tmpccer;
 2129              		.loc 1 810 3 is_stmt 1 view .LVU582
 2130              	.LVL156:
 811:Drivers/STM32G0xx_HAL_Driver/Src/stm32g0xx_hal_tim_ex.c **** 
 2131              		.loc 1 811 3 view .LVU583
 814:Drivers/STM32G0xx_HAL_Driver/Src/stm32g0xx_hal_tim_ex.c **** 
 2132              		.loc 1 814 3 view .LVU584
 816:Drivers/STM32G0xx_HAL_Driver/Src/stm32g0xx_hal_tim_ex.c ****   {
 2133              		.loc 1 816 3 view .LVU585
 2134 0006 0429     		cmp	r1, #4
 2135 0008 37D0     		beq	.L135
 2136 000a 0829     		cmp	r1, #8
 2137 000c 3BD0     		beq	.L136
 2138 000e 0029     		cmp	r1, #0
 2139 0010 52D1     		bne	.L145
 821:Drivers/STM32G0xx_HAL_Driver/Src/stm32g0xx_hal_tim_ex.c ****       break;
 2140              		.loc 1 821 7 view .LVU586
 2141 0012 0268     		ldr	r2, [r0]
 2142 0014 D368     		ldr	r3, [r2, #12]
 2143 0016 0221     		movs	r1, #2
 2144              	.LVL157:
 821:Drivers/STM32G0xx_HAL_Driver/Src/stm32g0xx_hal_tim_ex.c ****       break;
ARM GAS  C:\Users\sante\AppData\Local\Temp\cc9r4gT1.s 			page 98


 2145              		.loc 1 821 7 is_stmt 0 view .LVU587
 2146 0018 8B43     		bics	r3, r1
 2147 001a D360     		str	r3, [r2, #12]
 822:Drivers/STM32G0xx_HAL_Driver/Src/stm32g0xx_hal_tim_ex.c ****     }
 2148              		.loc 1 822 7 is_stmt 1 view .LVU588
 844:Drivers/STM32G0xx_HAL_Driver/Src/stm32g0xx_hal_tim_ex.c ****   {
 2149              		.loc 1 844 3 view .LVU589
 2150              	.L138:
 847:Drivers/STM32G0xx_HAL_Driver/Src/stm32g0xx_hal_tim_ex.c **** 
 2151              		.loc 1 847 5 view .LVU590
 2152 001c 2068     		ldr	r0, [r4]
 2153              	.LVL158:
 847:Drivers/STM32G0xx_HAL_Driver/Src/stm32g0xx_hal_tim_ex.c **** 
 2154              		.loc 1 847 5 is_stmt 0 view .LVU591
 2155 001e 0022     		movs	r2, #0
 2156 0020 2900     		movs	r1, r5
 2157 0022 FFF7FEFF 		bl	TIM_CCxNChannelCmd
 2158              	.LVL159:
 850:Drivers/STM32G0xx_HAL_Driver/Src/stm32g0xx_hal_tim_ex.c ****     if ((tmpccer & TIM_CCER_CCxNE_MASK) == (uint32_t)RESET)
 2159              		.loc 1 850 5 is_stmt 1 view .LVU592
 850:Drivers/STM32G0xx_HAL_Driver/Src/stm32g0xx_hal_tim_ex.c ****     if ((tmpccer & TIM_CCER_CCxNE_MASK) == (uint32_t)RESET)
 2160              		.loc 1 850 19 is_stmt 0 view .LVU593
 2161 0026 2368     		ldr	r3, [r4]
 850:Drivers/STM32G0xx_HAL_Driver/Src/stm32g0xx_hal_tim_ex.c ****     if ((tmpccer & TIM_CCER_CCxNE_MASK) == (uint32_t)RESET)
 2162              		.loc 1 850 13 view .LVU594
 2163 0028 196A     		ldr	r1, [r3, #32]
 2164              	.LVL160:
 851:Drivers/STM32G0xx_HAL_Driver/Src/stm32g0xx_hal_tim_ex.c ****     {
 2165              		.loc 1 851 5 is_stmt 1 view .LVU595
 851:Drivers/STM32G0xx_HAL_Driver/Src/stm32g0xx_hal_tim_ex.c ****     {
 2166              		.loc 1 851 18 is_stmt 0 view .LVU596
 2167 002a 244A     		ldr	r2, .L148
 851:Drivers/STM32G0xx_HAL_Driver/Src/stm32g0xx_hal_tim_ex.c ****     {
 2168              		.loc 1 851 8 view .LVU597
 2169 002c 1142     		tst	r1, r2
 2170 002e 03D1     		bne	.L139
 853:Drivers/STM32G0xx_HAL_Driver/Src/stm32g0xx_hal_tim_ex.c ****     }
 2171              		.loc 1 853 7 is_stmt 1 view .LVU598
 2172 0030 DA68     		ldr	r2, [r3, #12]
 2173 0032 8021     		movs	r1, #128
 2174              	.LVL161:
 853:Drivers/STM32G0xx_HAL_Driver/Src/stm32g0xx_hal_tim_ex.c ****     }
 2175              		.loc 1 853 7 is_stmt 0 view .LVU599
 2176 0034 8A43     		bics	r2, r1
 2177 0036 DA60     		str	r2, [r3, #12]
 2178              	.L139:
 857:Drivers/STM32G0xx_HAL_Driver/Src/stm32g0xx_hal_tim_ex.c **** 
 2179              		.loc 1 857 5 is_stmt 1 view .LVU600
 857:Drivers/STM32G0xx_HAL_Driver/Src/stm32g0xx_hal_tim_ex.c **** 
 2180              		.loc 1 857 5 view .LVU601
 2181 0038 2368     		ldr	r3, [r4]
 2182 003a 196A     		ldr	r1, [r3, #32]
 2183 003c 204A     		ldr	r2, .L148+4
 2184 003e 1142     		tst	r1, r2
 2185 0040 07D1     		bne	.L140
 857:Drivers/STM32G0xx_HAL_Driver/Src/stm32g0xx_hal_tim_ex.c **** 
 2186              		.loc 1 857 5 discriminator 1 view .LVU602
ARM GAS  C:\Users\sante\AppData\Local\Temp\cc9r4gT1.s 			page 99


 2187 0042 196A     		ldr	r1, [r3, #32]
 2188 0044 1D4A     		ldr	r2, .L148
 2189 0046 1142     		tst	r1, r2
 2190 0048 03D1     		bne	.L140
 857:Drivers/STM32G0xx_HAL_Driver/Src/stm32g0xx_hal_tim_ex.c **** 
 2191              		.loc 1 857 5 discriminator 3 view .LVU603
 2192 004a 5A6C     		ldr	r2, [r3, #68]
 2193 004c 1D49     		ldr	r1, .L148+8
 2194 004e 0A40     		ands	r2, r1
 2195 0050 5A64     		str	r2, [r3, #68]
 2196              	.L140:
 857:Drivers/STM32G0xx_HAL_Driver/Src/stm32g0xx_hal_tim_ex.c **** 
 2197              		.loc 1 857 5 discriminator 5 view .LVU604
 860:Drivers/STM32G0xx_HAL_Driver/Src/stm32g0xx_hal_tim_ex.c **** 
 2198              		.loc 1 860 5 view .LVU605
 860:Drivers/STM32G0xx_HAL_Driver/Src/stm32g0xx_hal_tim_ex.c **** 
 2199              		.loc 1 860 5 view .LVU606
 2200 0052 2368     		ldr	r3, [r4]
 2201 0054 196A     		ldr	r1, [r3, #32]
 2202 0056 1A4A     		ldr	r2, .L148+4
 2203 0058 1142     		tst	r1, r2
 2204 005a 07D1     		bne	.L141
 860:Drivers/STM32G0xx_HAL_Driver/Src/stm32g0xx_hal_tim_ex.c **** 
 2205              		.loc 1 860 5 discriminator 1 view .LVU607
 2206 005c 196A     		ldr	r1, [r3, #32]
 2207 005e 174A     		ldr	r2, .L148
 2208 0060 1142     		tst	r1, r2
 2209 0062 03D1     		bne	.L141
 860:Drivers/STM32G0xx_HAL_Driver/Src/stm32g0xx_hal_tim_ex.c **** 
 2210              		.loc 1 860 5 discriminator 3 view .LVU608
 2211 0064 1A68     		ldr	r2, [r3]
 2212 0066 0121     		movs	r1, #1
 2213 0068 8A43     		bics	r2, r1
 2214 006a 1A60     		str	r2, [r3]
 2215              	.L141:
 860:Drivers/STM32G0xx_HAL_Driver/Src/stm32g0xx_hal_tim_ex.c **** 
 2216              		.loc 1 860 5 discriminator 5 view .LVU609
 863:Drivers/STM32G0xx_HAL_Driver/Src/stm32g0xx_hal_tim_ex.c ****   }
 2217              		.loc 1 863 5 view .LVU610
 2218 006c 002D     		cmp	r5, #0
 2219 006e 10D1     		bne	.L142
 863:Drivers/STM32G0xx_HAL_Driver/Src/stm32g0xx_hal_tim_ex.c ****   }
 2220              		.loc 1 863 5 is_stmt 0 discriminator 1 view .LVU611
 2221 0070 4423     		movs	r3, #68
 2222 0072 0122     		movs	r2, #1
 2223 0074 E254     		strb	r2, [r4, r3]
 2224 0076 0020     		movs	r0, #0
 2225              	.LVL162:
 2226              	.L137:
 867:Drivers/STM32G0xx_HAL_Driver/Src/stm32g0xx_hal_tim_ex.c **** }
 2227              		.loc 1 867 3 is_stmt 1 view .LVU612
 868:Drivers/STM32G0xx_HAL_Driver/Src/stm32g0xx_hal_tim_ex.c **** 
 2228              		.loc 1 868 1 is_stmt 0 view .LVU613
 2229              		@ sp needed
 2230              	.LVL163:
 2231              	.LVL164:
 868:Drivers/STM32G0xx_HAL_Driver/Src/stm32g0xx_hal_tim_ex.c **** 
ARM GAS  C:\Users\sante\AppData\Local\Temp\cc9r4gT1.s 			page 100


 2232              		.loc 1 868 1 view .LVU614
 2233 0078 70BD     		pop	{r4, r5, r6, pc}
 2234              	.LVL165:
 2235              	.L135:
 828:Drivers/STM32G0xx_HAL_Driver/Src/stm32g0xx_hal_tim_ex.c ****       break;
 2236              		.loc 1 828 7 is_stmt 1 view .LVU615
 2237 007a 0268     		ldr	r2, [r0]
 2238 007c D368     		ldr	r3, [r2, #12]
 2239 007e 0421     		movs	r1, #4
 2240              	.LVL166:
 828:Drivers/STM32G0xx_HAL_Driver/Src/stm32g0xx_hal_tim_ex.c ****       break;
 2241              		.loc 1 828 7 is_stmt 0 view .LVU616
 2242 0080 8B43     		bics	r3, r1
 2243 0082 D360     		str	r3, [r2, #12]
 829:Drivers/STM32G0xx_HAL_Driver/Src/stm32g0xx_hal_tim_ex.c ****     }
 2244              		.loc 1 829 7 is_stmt 1 view .LVU617
 844:Drivers/STM32G0xx_HAL_Driver/Src/stm32g0xx_hal_tim_ex.c ****   {
 2245              		.loc 1 844 3 view .LVU618
 2246 0084 CAE7     		b	.L138
 2247              	.LVL167:
 2248              	.L136:
 835:Drivers/STM32G0xx_HAL_Driver/Src/stm32g0xx_hal_tim_ex.c ****       break;
 2249              		.loc 1 835 7 view .LVU619
 2250 0086 0268     		ldr	r2, [r0]
 2251 0088 D368     		ldr	r3, [r2, #12]
 2252 008a 0821     		movs	r1, #8
 2253              	.LVL168:
 835:Drivers/STM32G0xx_HAL_Driver/Src/stm32g0xx_hal_tim_ex.c ****       break;
 2254              		.loc 1 835 7 is_stmt 0 view .LVU620
 2255 008c 8B43     		bics	r3, r1
 2256 008e D360     		str	r3, [r2, #12]
 836:Drivers/STM32G0xx_HAL_Driver/Src/stm32g0xx_hal_tim_ex.c ****     }
 2257              		.loc 1 836 7 is_stmt 1 view .LVU621
 844:Drivers/STM32G0xx_HAL_Driver/Src/stm32g0xx_hal_tim_ex.c ****   {
 2258              		.loc 1 844 3 view .LVU622
 2259 0090 C4E7     		b	.L138
 2260              	.LVL169:
 2261              	.L142:
 863:Drivers/STM32G0xx_HAL_Driver/Src/stm32g0xx_hal_tim_ex.c ****   }
 2262              		.loc 1 863 5 is_stmt 0 discriminator 2 view .LVU623
 2263 0092 042D     		cmp	r5, #4
 2264 0094 06D0     		beq	.L146
 863:Drivers/STM32G0xx_HAL_Driver/Src/stm32g0xx_hal_tim_ex.c ****   }
 2265              		.loc 1 863 5 discriminator 4 view .LVU624
 2266 0096 082D     		cmp	r5, #8
 2267 0098 09D0     		beq	.L147
 863:Drivers/STM32G0xx_HAL_Driver/Src/stm32g0xx_hal_tim_ex.c ****   }
 2268              		.loc 1 863 5 discriminator 7 view .LVU625
 2269 009a 4723     		movs	r3, #71
 2270 009c 0122     		movs	r2, #1
 2271 009e E254     		strb	r2, [r4, r3]
 2272 00a0 0020     		movs	r0, #0
 2273 00a2 E9E7     		b	.L137
 2274              	.L146:
 863:Drivers/STM32G0xx_HAL_Driver/Src/stm32g0xx_hal_tim_ex.c ****   }
 2275              		.loc 1 863 5 discriminator 3 view .LVU626
 2276 00a4 4523     		movs	r3, #69
ARM GAS  C:\Users\sante\AppData\Local\Temp\cc9r4gT1.s 			page 101


 2277 00a6 0122     		movs	r2, #1
 2278 00a8 E254     		strb	r2, [r4, r3]
 2279 00aa 0020     		movs	r0, #0
 2280 00ac E4E7     		b	.L137
 2281              	.L147:
 863:Drivers/STM32G0xx_HAL_Driver/Src/stm32g0xx_hal_tim_ex.c ****   }
 2282              		.loc 1 863 5 discriminator 6 view .LVU627
 2283 00ae 4623     		movs	r3, #70
 2284 00b0 0122     		movs	r2, #1
 2285 00b2 E254     		strb	r2, [r4, r3]
 2286 00b4 0020     		movs	r0, #0
 2287 00b6 DFE7     		b	.L137
 2288              	.LVL170:
 2289              	.L145:
 816:Drivers/STM32G0xx_HAL_Driver/Src/stm32g0xx_hal_tim_ex.c ****   {
 2290              		.loc 1 816 3 view .LVU628
 2291 00b8 0120     		movs	r0, #1
 2292              	.LVL171:
 816:Drivers/STM32G0xx_HAL_Driver/Src/stm32g0xx_hal_tim_ex.c ****   {
 2293              		.loc 1 816 3 view .LVU629
 2294 00ba DDE7     		b	.L137
 2295              	.L149:
 2296              		.align	2
 2297              	.L148:
 2298 00bc 44040000 		.word	1092
 2299 00c0 11110000 		.word	4369
 2300 00c4 FF7FFFFF 		.word	-32769
 2301              		.cfi_endproc
 2302              	.LFE506:
 2304              		.section	.text.HAL_TIMEx_OCN_Start_DMA,"ax",%progbits
 2305              		.align	1
 2306              		.global	HAL_TIMEx_OCN_Start_DMA
 2307              		.syntax unified
 2308              		.code	16
 2309              		.thumb_func
 2311              	HAL_TIMEx_OCN_Start_DMA:
 2312              	.LVL172:
 2313              	.LFB507:
 885:Drivers/STM32G0xx_HAL_Driver/Src/stm32g0xx_hal_tim_ex.c ****   HAL_StatusTypeDef status = HAL_OK;
 2314              		.loc 1 885 1 is_stmt 1 view -0
 2315              		.cfi_startproc
 2316              		@ args = 0, pretend = 0, frame = 0
 2317              		@ frame_needed = 0, uses_anonymous_args = 0
 885:Drivers/STM32G0xx_HAL_Driver/Src/stm32g0xx_hal_tim_ex.c ****   HAL_StatusTypeDef status = HAL_OK;
 2318              		.loc 1 885 1 is_stmt 0 view .LVU631
 2319 0000 70B5     		push	{r4, r5, r6, lr}
 2320              		.cfi_def_cfa_offset 16
 2321              		.cfi_offset 4, -16
 2322              		.cfi_offset 5, -12
 2323              		.cfi_offset 6, -8
 2324              		.cfi_offset 14, -4
 2325 0002 0600     		movs	r6, r0
 2326 0004 0D00     		movs	r5, r1
 2327 0006 1100     		movs	r1, r2
 2328              	.LVL173:
 886:Drivers/STM32G0xx_HAL_Driver/Src/stm32g0xx_hal_tim_ex.c ****   uint32_t tmpsmcr;
 2329              		.loc 1 886 3 is_stmt 1 view .LVU632
ARM GAS  C:\Users\sante\AppData\Local\Temp\cc9r4gT1.s 			page 102


 887:Drivers/STM32G0xx_HAL_Driver/Src/stm32g0xx_hal_tim_ex.c **** 
 2330              		.loc 1 887 3 view .LVU633
 890:Drivers/STM32G0xx_HAL_Driver/Src/stm32g0xx_hal_tim_ex.c **** 
 2331              		.loc 1 890 3 view .LVU634
 893:Drivers/STM32G0xx_HAL_Driver/Src/stm32g0xx_hal_tim_ex.c ****   {
 2332              		.loc 1 893 3 view .LVU635
 893:Drivers/STM32G0xx_HAL_Driver/Src/stm32g0xx_hal_tim_ex.c ****   {
 2333              		.loc 1 893 46 is_stmt 0 view .LVU636
 2334 0008 002D     		cmp	r5, #0
 2335 000a 5AD1     		bne	.L151
 893:Drivers/STM32G0xx_HAL_Driver/Src/stm32g0xx_hal_tim_ex.c ****   {
 2336              		.loc 1 893 7 discriminator 1 view .LVU637
 2337 000c 4422     		movs	r2, #68
 2338              	.LVL174:
 893:Drivers/STM32G0xx_HAL_Driver/Src/stm32g0xx_hal_tim_ex.c ****   {
 2339              		.loc 1 893 7 discriminator 1 view .LVU638
 2340 000e 845C     		ldrb	r4, [r0, r2]
 893:Drivers/STM32G0xx_HAL_Driver/Src/stm32g0xx_hal_tim_ex.c ****   {
 2341              		.loc 1 893 46 discriminator 1 view .LVU639
 2342 0010 023C     		subs	r4, r4, #2
 2343 0012 6242     		rsbs	r2, r4, #0
 2344 0014 5441     		adcs	r4, r4, r2
 2345 0016 E4B2     		uxtb	r4, r4
 2346              	.L152:
 893:Drivers/STM32G0xx_HAL_Driver/Src/stm32g0xx_hal_tim_ex.c ****   {
 2347              		.loc 1 893 6 discriminator 12 view .LVU640
 2348 0018 002C     		cmp	r4, #0
 2349 001a 00D0     		beq	.LCB2144
 2350 001c D4E0     		b	.L169	@long jump
 2351              	.LCB2144:
 897:Drivers/STM32G0xx_HAL_Driver/Src/stm32g0xx_hal_tim_ex.c ****   {
 2352              		.loc 1 897 8 is_stmt 1 view .LVU641
 897:Drivers/STM32G0xx_HAL_Driver/Src/stm32g0xx_hal_tim_ex.c ****   {
 2353              		.loc 1 897 51 is_stmt 0 view .LVU642
 2354 001e 002D     		cmp	r5, #0
 2355 0020 68D1     		bne	.L156
 897:Drivers/STM32G0xx_HAL_Driver/Src/stm32g0xx_hal_tim_ex.c ****   {
 2356              		.loc 1 897 12 discriminator 1 view .LVU643
 2357 0022 4422     		movs	r2, #68
 2358 0024 B25C     		ldrb	r2, [r6, r2]
 897:Drivers/STM32G0xx_HAL_Driver/Src/stm32g0xx_hal_tim_ex.c ****   {
 2359              		.loc 1 897 51 discriminator 1 view .LVU644
 2360 0026 013A     		subs	r2, r2, #1
 2361 0028 5042     		rsbs	r0, r2, #0
 2362 002a 4241     		adcs	r2, r2, r0
 2363              	.LVL175:
 897:Drivers/STM32G0xx_HAL_Driver/Src/stm32g0xx_hal_tim_ex.c ****   {
 2364              		.loc 1 897 51 discriminator 1 view .LVU645
 2365 002c D2B2     		uxtb	r2, r2
 2366              	.L157:
 897:Drivers/STM32G0xx_HAL_Driver/Src/stm32g0xx_hal_tim_ex.c ****   {
 2367              		.loc 1 897 11 discriminator 12 view .LVU646
 2368 002e 002A     		cmp	r2, #0
 2369 0030 00D1     		bne	.LCB2158
 2370 0032 CBE0     		b	.L170	@long jump
 2371              	.LCB2158:
 899:Drivers/STM32G0xx_HAL_Driver/Src/stm32g0xx_hal_tim_ex.c ****     {
ARM GAS  C:\Users\sante\AppData\Local\Temp\cc9r4gT1.s 			page 103


 2372              		.loc 1 899 5 is_stmt 1 view .LVU647
 899:Drivers/STM32G0xx_HAL_Driver/Src/stm32g0xx_hal_tim_ex.c ****     {
 2373              		.loc 1 899 8 is_stmt 0 view .LVU648
 2374 0034 0029     		cmp	r1, #0
 2375 0036 00D1     		bne	.LCB2161
 2376 0038 CAE0     		b	.L171	@long jump
 2377              	.LCB2161:
 899:Drivers/STM32G0xx_HAL_Driver/Src/stm32g0xx_hal_tim_ex.c ****     {
 2378              		.loc 1 899 25 discriminator 1 view .LVU649
 2379 003a 002B     		cmp	r3, #0
 2380 003c 00D1     		bne	.LCB2163
 2381 003e C9E0     		b	.L172	@long jump
 2382              	.LCB2163:
 905:Drivers/STM32G0xx_HAL_Driver/Src/stm32g0xx_hal_tim_ex.c ****     }
 2383              		.loc 1 905 7 is_stmt 1 view .LVU650
 2384 0040 002D     		cmp	r5, #0
 2385 0042 70D1     		bne	.L160
 905:Drivers/STM32G0xx_HAL_Driver/Src/stm32g0xx_hal_tim_ex.c ****     }
 2386              		.loc 1 905 7 is_stmt 0 discriminator 1 view .LVU651
 2387 0044 4422     		movs	r2, #68
 2388 0046 0220     		movs	r0, #2
 2389 0048 B054     		strb	r0, [r6, r2]
 913:Drivers/STM32G0xx_HAL_Driver/Src/stm32g0xx_hal_tim_ex.c ****   {
 2390              		.loc 1 913 3 is_stmt 1 view .LVU652
 2391              	.L161:
 918:Drivers/STM32G0xx_HAL_Driver/Src/stm32g0xx_hal_tim_ex.c ****       htim->hdma[TIM_DMA_ID_CC1]->XferHalfCpltCallback = TIM_DMADelayPulseHalfCplt;
 2392              		.loc 1 918 7 view .LVU653
 918:Drivers/STM32G0xx_HAL_Driver/Src/stm32g0xx_hal_tim_ex.c ****       htim->hdma[TIM_DMA_ID_CC1]->XferHalfCpltCallback = TIM_DMADelayPulseHalfCplt;
 2393              		.loc 1 918 17 is_stmt 0 view .LVU654
 2394 004a 726A     		ldr	r2, [r6, #36]
 918:Drivers/STM32G0xx_HAL_Driver/Src/stm32g0xx_hal_tim_ex.c ****       htim->hdma[TIM_DMA_ID_CC1]->XferHalfCpltCallback = TIM_DMADelayPulseHalfCplt;
 2395              		.loc 1 918 52 view .LVU655
 2396 004c 6748     		ldr	r0, .L185
 2397 004e D062     		str	r0, [r2, #44]
 919:Drivers/STM32G0xx_HAL_Driver/Src/stm32g0xx_hal_tim_ex.c **** 
 2398              		.loc 1 919 7 is_stmt 1 view .LVU656
 919:Drivers/STM32G0xx_HAL_Driver/Src/stm32g0xx_hal_tim_ex.c **** 
 2399              		.loc 1 919 17 is_stmt 0 view .LVU657
 2400 0050 726A     		ldr	r2, [r6, #36]
 919:Drivers/STM32G0xx_HAL_Driver/Src/stm32g0xx_hal_tim_ex.c **** 
 2401              		.loc 1 919 56 view .LVU658
 2402 0052 6748     		ldr	r0, .L185+4
 2403 0054 1063     		str	r0, [r2, #48]
 922:Drivers/STM32G0xx_HAL_Driver/Src/stm32g0xx_hal_tim_ex.c **** 
 2404              		.loc 1 922 7 is_stmt 1 view .LVU659
 922:Drivers/STM32G0xx_HAL_Driver/Src/stm32g0xx_hal_tim_ex.c **** 
 2405              		.loc 1 922 17 is_stmt 0 view .LVU660
 2406 0056 726A     		ldr	r2, [r6, #36]
 922:Drivers/STM32G0xx_HAL_Driver/Src/stm32g0xx_hal_tim_ex.c **** 
 2407              		.loc 1 922 53 view .LVU661
 2408 0058 6648     		ldr	r0, .L185+8
 2409 005a 5063     		str	r0, [r2, #52]
 925:Drivers/STM32G0xx_HAL_Driver/Src/stm32g0xx_hal_tim_ex.c ****                            Length) != HAL_OK)
 2410              		.loc 1 925 7 is_stmt 1 view .LVU662
 925:Drivers/STM32G0xx_HAL_Driver/Src/stm32g0xx_hal_tim_ex.c ****                            Length) != HAL_OK)
 2411              		.loc 1 925 88 is_stmt 0 view .LVU663
 2412 005c 3268     		ldr	r2, [r6]
ARM GAS  C:\Users\sante\AppData\Local\Temp\cc9r4gT1.s 			page 104


 925:Drivers/STM32G0xx_HAL_Driver/Src/stm32g0xx_hal_tim_ex.c ****                            Length) != HAL_OK)
 2413              		.loc 1 925 83 view .LVU664
 2414 005e 3432     		adds	r2, r2, #52
 925:Drivers/STM32G0xx_HAL_Driver/Src/stm32g0xx_hal_tim_ex.c ****                            Length) != HAL_OK)
 2415              		.loc 1 925 11 view .LVU665
 2416 0060 706A     		ldr	r0, [r6, #36]
 2417 0062 FFF7FEFF 		bl	HAL_DMA_Start_IT
 2418              	.LVL176:
 925:Drivers/STM32G0xx_HAL_Driver/Src/stm32g0xx_hal_tim_ex.c ****                            Length) != HAL_OK)
 2419              		.loc 1 925 10 discriminator 1 view .LVU666
 2420 0066 0028     		cmp	r0, #0
 2421 0068 00D0     		beq	.LCB2195
 2422 006a B5E0     		b	.L174	@long jump
 2423              	.LCB2195:
 932:Drivers/STM32G0xx_HAL_Driver/Src/stm32g0xx_hal_tim_ex.c ****       break;
 2424              		.loc 1 932 7 is_stmt 1 view .LVU667
 2425 006c 3268     		ldr	r2, [r6]
 2426 006e D168     		ldr	r1, [r2, #12]
 2427 0070 8023     		movs	r3, #128
 2428 0072 9B00     		lsls	r3, r3, #2
 2429 0074 0B43     		orrs	r3, r1
 2430 0076 D360     		str	r3, [r2, #12]
 933:Drivers/STM32G0xx_HAL_Driver/Src/stm32g0xx_hal_tim_ex.c ****     }
 2431              		.loc 1 933 7 view .LVU668
 983:Drivers/STM32G0xx_HAL_Driver/Src/stm32g0xx_hal_tim_ex.c ****   {
 2432              		.loc 1 983 3 view .LVU669
 2433              	.L166:
 986:Drivers/STM32G0xx_HAL_Driver/Src/stm32g0xx_hal_tim_ex.c **** 
 2434              		.loc 1 986 5 view .LVU670
 2435 0078 3068     		ldr	r0, [r6]
 2436 007a 0422     		movs	r2, #4
 2437 007c 2900     		movs	r1, r5
 2438 007e FFF7FEFF 		bl	TIM_CCxNChannelCmd
 2439              	.LVL177:
 989:Drivers/STM32G0xx_HAL_Driver/Src/stm32g0xx_hal_tim_ex.c **** 
 2440              		.loc 1 989 5 view .LVU671
 2441 0082 3268     		ldr	r2, [r6]
 2442 0084 516C     		ldr	r1, [r2, #68]
 2443 0086 8023     		movs	r3, #128
 2444 0088 1B02     		lsls	r3, r3, #8
 2445 008a 0B43     		orrs	r3, r1
 2446 008c 5364     		str	r3, [r2, #68]
 992:Drivers/STM32G0xx_HAL_Driver/Src/stm32g0xx_hal_tim_ex.c ****     {
 2447              		.loc 1 992 5 view .LVU672
 992:Drivers/STM32G0xx_HAL_Driver/Src/stm32g0xx_hal_tim_ex.c ****     {
 2448              		.loc 1 992 9 is_stmt 0 view .LVU673
 2449 008e 3368     		ldr	r3, [r6]
 992:Drivers/STM32G0xx_HAL_Driver/Src/stm32g0xx_hal_tim_ex.c ****     {
 2450              		.loc 1 992 8 view .LVU674
 2451 0090 594A     		ldr	r2, .L185+12
 2452 0092 9342     		cmp	r3, r2
 2453 0094 00D1     		bne	.LCB2225
 2454 0096 89E0     		b	.L167	@long jump
 2455              	.LCB2225:
 992:Drivers/STM32G0xx_HAL_Driver/Src/stm32g0xx_hal_tim_ex.c ****     {
 2456              		.loc 1 992 9 discriminator 1 view .LVU675
 2457 0098 8022     		movs	r2, #128
ARM GAS  C:\Users\sante\AppData\Local\Temp\cc9r4gT1.s 			page 105


 2458 009a D205     		lsls	r2, r2, #23
 2459 009c 9342     		cmp	r3, r2
 2460 009e 00D1     		bne	.LCB2229
 2461 00a0 84E0     		b	.L167	@long jump
 2462              	.LCB2229:
 992:Drivers/STM32G0xx_HAL_Driver/Src/stm32g0xx_hal_tim_ex.c ****     {
 2463              		.loc 1 992 9 discriminator 2 view .LVU676
 2464 00a2 564A     		ldr	r2, .L185+16
 2465 00a4 9342     		cmp	r3, r2
 2466 00a6 00D1     		bne	.LCB2232
 2467 00a8 80E0     		b	.L167	@long jump
 2468              	.LCB2232:
 992:Drivers/STM32G0xx_HAL_Driver/Src/stm32g0xx_hal_tim_ex.c ****     {
 2469              		.loc 1 992 9 discriminator 3 view .LVU677
 2470 00aa 554A     		ldr	r2, .L185+20
 2471 00ac 9342     		cmp	r3, r2
 2472 00ae 7DD0     		beq	.L167
 992:Drivers/STM32G0xx_HAL_Driver/Src/stm32g0xx_hal_tim_ex.c ****     {
 2473              		.loc 1 992 9 discriminator 4 view .LVU678
 2474 00b0 544A     		ldr	r2, .L185+24
 2475 00b2 9342     		cmp	r3, r2
 2476 00b4 7AD0     		beq	.L167
1002:Drivers/STM32G0xx_HAL_Driver/Src/stm32g0xx_hal_tim_ex.c ****     }
 2477              		.loc 1 1002 7 is_stmt 1 view .LVU679
 2478 00b6 1A68     		ldr	r2, [r3]
 2479 00b8 0121     		movs	r1, #1
 2480 00ba 0A43     		orrs	r2, r1
 2481 00bc 1A60     		str	r2, [r3]
 2482 00be 0020     		movs	r0, #0
 2483 00c0 85E0     		b	.L155
 2484              	.LVL178:
 2485              	.L151:
 893:Drivers/STM32G0xx_HAL_Driver/Src/stm32g0xx_hal_tim_ex.c ****   {
 2486              		.loc 1 893 46 is_stmt 0 discriminator 2 view .LVU680
 2487 00c2 042D     		cmp	r5, #4
 2488 00c4 08D0     		beq	.L179
 893:Drivers/STM32G0xx_HAL_Driver/Src/stm32g0xx_hal_tim_ex.c ****   {
 2489              		.loc 1 893 46 discriminator 5 view .LVU681
 2490 00c6 082D     		cmp	r5, #8
 2491 00c8 0DD0     		beq	.L180
 893:Drivers/STM32G0xx_HAL_Driver/Src/stm32g0xx_hal_tim_ex.c ****   {
 2492              		.loc 1 893 7 discriminator 8 view .LVU682
 2493 00ca 4722     		movs	r2, #71
 2494 00cc 845C     		ldrb	r4, [r0, r2]
 893:Drivers/STM32G0xx_HAL_Driver/Src/stm32g0xx_hal_tim_ex.c ****   {
 2495              		.loc 1 893 46 discriminator 8 view .LVU683
 2496 00ce 023C     		subs	r4, r4, #2
 2497 00d0 6242     		rsbs	r2, r4, #0
 2498 00d2 5441     		adcs	r4, r4, r2
 2499 00d4 E4B2     		uxtb	r4, r4
 2500 00d6 9FE7     		b	.L152
 2501              	.L179:
 893:Drivers/STM32G0xx_HAL_Driver/Src/stm32g0xx_hal_tim_ex.c ****   {
 2502              		.loc 1 893 7 discriminator 4 view .LVU684
 2503 00d8 4522     		movs	r2, #69
 2504 00da 845C     		ldrb	r4, [r0, r2]
 893:Drivers/STM32G0xx_HAL_Driver/Src/stm32g0xx_hal_tim_ex.c ****   {
ARM GAS  C:\Users\sante\AppData\Local\Temp\cc9r4gT1.s 			page 106


 2505              		.loc 1 893 46 discriminator 4 view .LVU685
 2506 00dc 023C     		subs	r4, r4, #2
 2507 00de 6242     		rsbs	r2, r4, #0
 2508 00e0 5441     		adcs	r4, r4, r2
 2509 00e2 E4B2     		uxtb	r4, r4
 2510 00e4 98E7     		b	.L152
 2511              	.L180:
 893:Drivers/STM32G0xx_HAL_Driver/Src/stm32g0xx_hal_tim_ex.c ****   {
 2512              		.loc 1 893 7 discriminator 7 view .LVU686
 2513 00e6 4622     		movs	r2, #70
 2514 00e8 845C     		ldrb	r4, [r0, r2]
 893:Drivers/STM32G0xx_HAL_Driver/Src/stm32g0xx_hal_tim_ex.c ****   {
 2515              		.loc 1 893 46 discriminator 7 view .LVU687
 2516 00ea 023C     		subs	r4, r4, #2
 2517 00ec 6242     		rsbs	r2, r4, #0
 2518 00ee 5441     		adcs	r4, r4, r2
 2519 00f0 E4B2     		uxtb	r4, r4
 2520 00f2 91E7     		b	.L152
 2521              	.L156:
 897:Drivers/STM32G0xx_HAL_Driver/Src/stm32g0xx_hal_tim_ex.c ****   {
 2522              		.loc 1 897 51 discriminator 2 view .LVU688
 2523 00f4 042D     		cmp	r5, #4
 2524 00f6 08D0     		beq	.L181
 897:Drivers/STM32G0xx_HAL_Driver/Src/stm32g0xx_hal_tim_ex.c ****   {
 2525              		.loc 1 897 51 discriminator 5 view .LVU689
 2526 00f8 082D     		cmp	r5, #8
 2527 00fa 0DD0     		beq	.L182
 897:Drivers/STM32G0xx_HAL_Driver/Src/stm32g0xx_hal_tim_ex.c ****   {
 2528              		.loc 1 897 12 discriminator 8 view .LVU690
 2529 00fc 4722     		movs	r2, #71
 2530 00fe B25C     		ldrb	r2, [r6, r2]
 897:Drivers/STM32G0xx_HAL_Driver/Src/stm32g0xx_hal_tim_ex.c ****   {
 2531              		.loc 1 897 51 discriminator 8 view .LVU691
 2532 0100 013A     		subs	r2, r2, #1
 2533 0102 5042     		rsbs	r0, r2, #0
 2534 0104 4241     		adcs	r2, r2, r0
 2535              	.LVL179:
 897:Drivers/STM32G0xx_HAL_Driver/Src/stm32g0xx_hal_tim_ex.c ****   {
 2536              		.loc 1 897 51 discriminator 8 view .LVU692
 2537 0106 D2B2     		uxtb	r2, r2
 2538 0108 91E7     		b	.L157
 2539              	.LVL180:
 2540              	.L181:
 897:Drivers/STM32G0xx_HAL_Driver/Src/stm32g0xx_hal_tim_ex.c ****   {
 2541              		.loc 1 897 12 discriminator 4 view .LVU693
 2542 010a 4522     		movs	r2, #69
 2543 010c B25C     		ldrb	r2, [r6, r2]
 897:Drivers/STM32G0xx_HAL_Driver/Src/stm32g0xx_hal_tim_ex.c ****   {
 2544              		.loc 1 897 51 discriminator 4 view .LVU694
 2545 010e 013A     		subs	r2, r2, #1
 2546 0110 5042     		rsbs	r0, r2, #0
 2547 0112 4241     		adcs	r2, r2, r0
 2548              	.LVL181:
 897:Drivers/STM32G0xx_HAL_Driver/Src/stm32g0xx_hal_tim_ex.c ****   {
 2549              		.loc 1 897 51 discriminator 4 view .LVU695
 2550 0114 D2B2     		uxtb	r2, r2
 2551 0116 8AE7     		b	.L157
ARM GAS  C:\Users\sante\AppData\Local\Temp\cc9r4gT1.s 			page 107


 2552              	.LVL182:
 2553              	.L182:
 897:Drivers/STM32G0xx_HAL_Driver/Src/stm32g0xx_hal_tim_ex.c ****   {
 2554              		.loc 1 897 12 discriminator 7 view .LVU696
 2555 0118 4622     		movs	r2, #70
 2556 011a B25C     		ldrb	r2, [r6, r2]
 897:Drivers/STM32G0xx_HAL_Driver/Src/stm32g0xx_hal_tim_ex.c ****   {
 2557              		.loc 1 897 51 discriminator 7 view .LVU697
 2558 011c 013A     		subs	r2, r2, #1
 2559 011e 5042     		rsbs	r0, r2, #0
 2560 0120 4241     		adcs	r2, r2, r0
 2561              	.LVL183:
 897:Drivers/STM32G0xx_HAL_Driver/Src/stm32g0xx_hal_tim_ex.c ****   {
 2562              		.loc 1 897 51 discriminator 7 view .LVU698
 2563 0122 D2B2     		uxtb	r2, r2
 2564 0124 83E7     		b	.L157
 2565              	.L160:
 905:Drivers/STM32G0xx_HAL_Driver/Src/stm32g0xx_hal_tim_ex.c ****     }
 2566              		.loc 1 905 7 discriminator 2 view .LVU699
 2567 0126 042D     		cmp	r5, #4
 2568 0128 0CD0     		beq	.L183
 905:Drivers/STM32G0xx_HAL_Driver/Src/stm32g0xx_hal_tim_ex.c ****     }
 2569              		.loc 1 905 7 discriminator 4 view .LVU700
 2570 012a 082D     		cmp	r5, #8
 2571 012c 24D0     		beq	.L184
 905:Drivers/STM32G0xx_HAL_Driver/Src/stm32g0xx_hal_tim_ex.c ****     }
 2572              		.loc 1 905 7 discriminator 7 view .LVU701
 2573 012e 4722     		movs	r2, #71
 2574 0130 0220     		movs	r0, #2
 2575 0132 B054     		strb	r0, [r6, r2]
 913:Drivers/STM32G0xx_HAL_Driver/Src/stm32g0xx_hal_tim_ex.c ****   {
 2576              		.loc 1 913 3 is_stmt 1 view .LVU702
 2577 0134 042D     		cmp	r5, #4
 2578 0136 08D0     		beq	.L163
 2579 0138 082D     		cmp	r5, #8
 2580 013a 20D0     		beq	.L165
 2581 013c 002D     		cmp	r5, #0
 2582 013e 84D0     		beq	.L161
 2583 0140 0120     		movs	r0, #1
 2584 0142 44E0     		b	.L155
 2585              	.L183:
 905:Drivers/STM32G0xx_HAL_Driver/Src/stm32g0xx_hal_tim_ex.c ****     }
 2586              		.loc 1 905 7 is_stmt 0 discriminator 3 view .LVU703
 2587 0144 4522     		movs	r2, #69
 2588 0146 0220     		movs	r0, #2
 2589 0148 B054     		strb	r0, [r6, r2]
 913:Drivers/STM32G0xx_HAL_Driver/Src/stm32g0xx_hal_tim_ex.c ****   {
 2590              		.loc 1 913 3 is_stmt 1 view .LVU704
 2591              	.L163:
 939:Drivers/STM32G0xx_HAL_Driver/Src/stm32g0xx_hal_tim_ex.c ****       htim->hdma[TIM_DMA_ID_CC2]->XferHalfCpltCallback = TIM_DMADelayPulseHalfCplt;
 2592              		.loc 1 939 7 view .LVU705
 939:Drivers/STM32G0xx_HAL_Driver/Src/stm32g0xx_hal_tim_ex.c ****       htim->hdma[TIM_DMA_ID_CC2]->XferHalfCpltCallback = TIM_DMADelayPulseHalfCplt;
 2593              		.loc 1 939 17 is_stmt 0 view .LVU706
 2594 014a B26A     		ldr	r2, [r6, #40]
 939:Drivers/STM32G0xx_HAL_Driver/Src/stm32g0xx_hal_tim_ex.c ****       htim->hdma[TIM_DMA_ID_CC2]->XferHalfCpltCallback = TIM_DMADelayPulseHalfCplt;
 2595              		.loc 1 939 52 view .LVU707
 2596 014c 2748     		ldr	r0, .L185
ARM GAS  C:\Users\sante\AppData\Local\Temp\cc9r4gT1.s 			page 108


 2597 014e D062     		str	r0, [r2, #44]
 940:Drivers/STM32G0xx_HAL_Driver/Src/stm32g0xx_hal_tim_ex.c **** 
 2598              		.loc 1 940 7 is_stmt 1 view .LVU708
 940:Drivers/STM32G0xx_HAL_Driver/Src/stm32g0xx_hal_tim_ex.c **** 
 2599              		.loc 1 940 17 is_stmt 0 view .LVU709
 2600 0150 B26A     		ldr	r2, [r6, #40]
 940:Drivers/STM32G0xx_HAL_Driver/Src/stm32g0xx_hal_tim_ex.c **** 
 2601              		.loc 1 940 56 view .LVU710
 2602 0152 2748     		ldr	r0, .L185+4
 2603 0154 1063     		str	r0, [r2, #48]
 943:Drivers/STM32G0xx_HAL_Driver/Src/stm32g0xx_hal_tim_ex.c **** 
 2604              		.loc 1 943 7 is_stmt 1 view .LVU711
 943:Drivers/STM32G0xx_HAL_Driver/Src/stm32g0xx_hal_tim_ex.c **** 
 2605              		.loc 1 943 17 is_stmt 0 view .LVU712
 2606 0156 B26A     		ldr	r2, [r6, #40]
 943:Drivers/STM32G0xx_HAL_Driver/Src/stm32g0xx_hal_tim_ex.c **** 
 2607              		.loc 1 943 53 view .LVU713
 2608 0158 2648     		ldr	r0, .L185+8
 2609 015a 5063     		str	r0, [r2, #52]
 946:Drivers/STM32G0xx_HAL_Driver/Src/stm32g0xx_hal_tim_ex.c ****                            Length) != HAL_OK)
 2610              		.loc 1 946 7 is_stmt 1 view .LVU714
 946:Drivers/STM32G0xx_HAL_Driver/Src/stm32g0xx_hal_tim_ex.c ****                            Length) != HAL_OK)
 2611              		.loc 1 946 88 is_stmt 0 view .LVU715
 2612 015c 3268     		ldr	r2, [r6]
 946:Drivers/STM32G0xx_HAL_Driver/Src/stm32g0xx_hal_tim_ex.c ****                            Length) != HAL_OK)
 2613              		.loc 1 946 83 view .LVU716
 2614 015e 3832     		adds	r2, r2, #56
 946:Drivers/STM32G0xx_HAL_Driver/Src/stm32g0xx_hal_tim_ex.c ****                            Length) != HAL_OK)
 2615              		.loc 1 946 11 view .LVU717
 2616 0160 B06A     		ldr	r0, [r6, #40]
 2617 0162 FFF7FEFF 		bl	HAL_DMA_Start_IT
 2618              	.LVL184:
 946:Drivers/STM32G0xx_HAL_Driver/Src/stm32g0xx_hal_tim_ex.c ****                            Length) != HAL_OK)
 2619              		.loc 1 946 10 discriminator 1 view .LVU718
 2620 0166 0028     		cmp	r0, #0
 2621 0168 38D1     		bne	.L175
 953:Drivers/STM32G0xx_HAL_Driver/Src/stm32g0xx_hal_tim_ex.c ****       break;
 2622              		.loc 1 953 7 is_stmt 1 view .LVU719
 2623 016a 3268     		ldr	r2, [r6]
 2624 016c D168     		ldr	r1, [r2, #12]
 2625 016e 8023     		movs	r3, #128
 2626 0170 DB00     		lsls	r3, r3, #3
 2627 0172 0B43     		orrs	r3, r1
 2628 0174 D360     		str	r3, [r2, #12]
 954:Drivers/STM32G0xx_HAL_Driver/Src/stm32g0xx_hal_tim_ex.c ****     }
 2629              		.loc 1 954 7 view .LVU720
 983:Drivers/STM32G0xx_HAL_Driver/Src/stm32g0xx_hal_tim_ex.c ****   {
 2630              		.loc 1 983 3 view .LVU721
 2631 0176 7FE7     		b	.L166
 2632              	.LVL185:
 2633              	.L184:
 905:Drivers/STM32G0xx_HAL_Driver/Src/stm32g0xx_hal_tim_ex.c ****     }
 2634              		.loc 1 905 7 is_stmt 0 discriminator 6 view .LVU722
 2635 0178 4622     		movs	r2, #70
 2636 017a 0220     		movs	r0, #2
 2637 017c B054     		strb	r0, [r6, r2]
 913:Drivers/STM32G0xx_HAL_Driver/Src/stm32g0xx_hal_tim_ex.c ****   {
ARM GAS  C:\Users\sante\AppData\Local\Temp\cc9r4gT1.s 			page 109


 2638              		.loc 1 913 3 is_stmt 1 view .LVU723
 2639              	.L165:
 960:Drivers/STM32G0xx_HAL_Driver/Src/stm32g0xx_hal_tim_ex.c ****       htim->hdma[TIM_DMA_ID_CC3]->XferHalfCpltCallback = TIM_DMADelayPulseHalfCplt;
 2640              		.loc 1 960 7 view .LVU724
 960:Drivers/STM32G0xx_HAL_Driver/Src/stm32g0xx_hal_tim_ex.c ****       htim->hdma[TIM_DMA_ID_CC3]->XferHalfCpltCallback = TIM_DMADelayPulseHalfCplt;
 2641              		.loc 1 960 17 is_stmt 0 view .LVU725
 2642 017e F26A     		ldr	r2, [r6, #44]
 960:Drivers/STM32G0xx_HAL_Driver/Src/stm32g0xx_hal_tim_ex.c ****       htim->hdma[TIM_DMA_ID_CC3]->XferHalfCpltCallback = TIM_DMADelayPulseHalfCplt;
 2643              		.loc 1 960 52 view .LVU726
 2644 0180 1A48     		ldr	r0, .L185
 2645 0182 D062     		str	r0, [r2, #44]
 961:Drivers/STM32G0xx_HAL_Driver/Src/stm32g0xx_hal_tim_ex.c **** 
 2646              		.loc 1 961 7 is_stmt 1 view .LVU727
 961:Drivers/STM32G0xx_HAL_Driver/Src/stm32g0xx_hal_tim_ex.c **** 
 2647              		.loc 1 961 17 is_stmt 0 view .LVU728
 2648 0184 F26A     		ldr	r2, [r6, #44]
 961:Drivers/STM32G0xx_HAL_Driver/Src/stm32g0xx_hal_tim_ex.c **** 
 2649              		.loc 1 961 56 view .LVU729
 2650 0186 1A48     		ldr	r0, .L185+4
 2651 0188 1063     		str	r0, [r2, #48]
 964:Drivers/STM32G0xx_HAL_Driver/Src/stm32g0xx_hal_tim_ex.c **** 
 2652              		.loc 1 964 7 is_stmt 1 view .LVU730
 964:Drivers/STM32G0xx_HAL_Driver/Src/stm32g0xx_hal_tim_ex.c **** 
 2653              		.loc 1 964 17 is_stmt 0 view .LVU731
 2654 018a F26A     		ldr	r2, [r6, #44]
 964:Drivers/STM32G0xx_HAL_Driver/Src/stm32g0xx_hal_tim_ex.c **** 
 2655              		.loc 1 964 53 view .LVU732
 2656 018c 1948     		ldr	r0, .L185+8
 2657 018e 5063     		str	r0, [r2, #52]
 967:Drivers/STM32G0xx_HAL_Driver/Src/stm32g0xx_hal_tim_ex.c ****                            Length) != HAL_OK)
 2658              		.loc 1 967 7 is_stmt 1 view .LVU733
 967:Drivers/STM32G0xx_HAL_Driver/Src/stm32g0xx_hal_tim_ex.c ****                            Length) != HAL_OK)
 2659              		.loc 1 967 88 is_stmt 0 view .LVU734
 2660 0190 3268     		ldr	r2, [r6]
 967:Drivers/STM32G0xx_HAL_Driver/Src/stm32g0xx_hal_tim_ex.c ****                            Length) != HAL_OK)
 2661              		.loc 1 967 83 view .LVU735
 2662 0192 3C32     		adds	r2, r2, #60
 967:Drivers/STM32G0xx_HAL_Driver/Src/stm32g0xx_hal_tim_ex.c ****                            Length) != HAL_OK)
 2663              		.loc 1 967 11 view .LVU736
 2664 0194 F06A     		ldr	r0, [r6, #44]
 2665 0196 FFF7FEFF 		bl	HAL_DMA_Start_IT
 2666              	.LVL186:
 967:Drivers/STM32G0xx_HAL_Driver/Src/stm32g0xx_hal_tim_ex.c ****                            Length) != HAL_OK)
 2667              		.loc 1 967 10 discriminator 1 view .LVU737
 2668 019a 0028     		cmp	r0, #0
 2669 019c 20D1     		bne	.L176
 974:Drivers/STM32G0xx_HAL_Driver/Src/stm32g0xx_hal_tim_ex.c ****       break;
 2670              		.loc 1 974 7 is_stmt 1 view .LVU738
 2671 019e 3268     		ldr	r2, [r6]
 2672 01a0 D168     		ldr	r1, [r2, #12]
 2673 01a2 8023     		movs	r3, #128
 2674 01a4 1B01     		lsls	r3, r3, #4
 2675 01a6 0B43     		orrs	r3, r1
 2676 01a8 D360     		str	r3, [r2, #12]
 975:Drivers/STM32G0xx_HAL_Driver/Src/stm32g0xx_hal_tim_ex.c ****     }
 2677              		.loc 1 975 7 view .LVU739
 983:Drivers/STM32G0xx_HAL_Driver/Src/stm32g0xx_hal_tim_ex.c ****   {
ARM GAS  C:\Users\sante\AppData\Local\Temp\cc9r4gT1.s 			page 110


 2678              		.loc 1 983 3 view .LVU740
 2679 01aa 65E7     		b	.L166
 2680              	.L167:
 994:Drivers/STM32G0xx_HAL_Driver/Src/stm32g0xx_hal_tim_ex.c ****       if (!IS_TIM_SLAVEMODE_TRIGGER_ENABLED(tmpsmcr))
 2681              		.loc 1 994 7 view .LVU741
 994:Drivers/STM32G0xx_HAL_Driver/Src/stm32g0xx_hal_tim_ex.c ****       if (!IS_TIM_SLAVEMODE_TRIGGER_ENABLED(tmpsmcr))
 2682              		.loc 1 994 31 is_stmt 0 view .LVU742
 2683 01ac 9A68     		ldr	r2, [r3, #8]
 994:Drivers/STM32G0xx_HAL_Driver/Src/stm32g0xx_hal_tim_ex.c ****       if (!IS_TIM_SLAVEMODE_TRIGGER_ENABLED(tmpsmcr))
 2684              		.loc 1 994 15 view .LVU743
 2685 01ae 1649     		ldr	r1, .L185+28
 2686 01b0 0A40     		ands	r2, r1
 2687              	.LVL187:
 995:Drivers/STM32G0xx_HAL_Driver/Src/stm32g0xx_hal_tim_ex.c ****       {
 2688              		.loc 1 995 7 is_stmt 1 view .LVU744
 995:Drivers/STM32G0xx_HAL_Driver/Src/stm32g0xx_hal_tim_ex.c ****       {
 2689              		.loc 1 995 10 is_stmt 0 view .LVU745
 2690 01b2 062A     		cmp	r2, #6
 2691 01b4 16D0     		beq	.L177
 995:Drivers/STM32G0xx_HAL_Driver/Src/stm32g0xx_hal_tim_ex.c ****       {
 2692              		.loc 1 995 11 discriminator 1 view .LVU746
 2693 01b6 0739     		subs	r1, r1, #7
 2694 01b8 8A42     		cmp	r2, r1
 2695 01ba 15D0     		beq	.L178
 997:Drivers/STM32G0xx_HAL_Driver/Src/stm32g0xx_hal_tim_ex.c ****       }
 2696              		.loc 1 997 9 is_stmt 1 view .LVU747
 2697 01bc 1A68     		ldr	r2, [r3]
 2698              	.LVL188:
 997:Drivers/STM32G0xx_HAL_Driver/Src/stm32g0xx_hal_tim_ex.c ****       }
 2699              		.loc 1 997 9 is_stmt 0 view .LVU748
 2700 01be 0121     		movs	r1, #1
 2701 01c0 0A43     		orrs	r2, r1
 2702 01c2 1A60     		str	r2, [r3]
 2703 01c4 0020     		movs	r0, #0
 2704 01c6 02E0     		b	.L155
 2705              	.LVL189:
 2706              	.L169:
 895:Drivers/STM32G0xx_HAL_Driver/Src/stm32g0xx_hal_tim_ex.c ****   }
 2707              		.loc 1 895 12 view .LVU749
 2708 01c8 0220     		movs	r0, #2
 2709              	.LVL190:
 895:Drivers/STM32G0xx_HAL_Driver/Src/stm32g0xx_hal_tim_ex.c ****   }
 2710              		.loc 1 895 12 view .LVU750
 2711 01ca 00E0     		b	.L155
 2712              	.L170:
 910:Drivers/STM32G0xx_HAL_Driver/Src/stm32g0xx_hal_tim_ex.c ****   }
 2713              		.loc 1 910 12 view .LVU751
 2714 01cc 0120     		movs	r0, #1
 2715              	.LVL191:
 2716              	.L155:
1008:Drivers/STM32G0xx_HAL_Driver/Src/stm32g0xx_hal_tim_ex.c **** 
 2717              		.loc 1 1008 1 view .LVU752
 2718              		@ sp needed
 2719              	.LVL192:
 2720              	.LVL193:
1008:Drivers/STM32G0xx_HAL_Driver/Src/stm32g0xx_hal_tim_ex.c **** 
 2721              		.loc 1 1008 1 view .LVU753
ARM GAS  C:\Users\sante\AppData\Local\Temp\cc9r4gT1.s 			page 111


 2722 01ce 70BD     		pop	{r4, r5, r6, pc}
 2723              	.LVL194:
 2724              	.L171:
 901:Drivers/STM32G0xx_HAL_Driver/Src/stm32g0xx_hal_tim_ex.c ****     }
 2725              		.loc 1 901 14 view .LVU754
 2726 01d0 0120     		movs	r0, #1
 2727 01d2 FCE7     		b	.L155
 2728              	.L172:
 2729 01d4 0120     		movs	r0, #1
 2730 01d6 FAE7     		b	.L155
 2731              	.LVL195:
 2732              	.L174:
 929:Drivers/STM32G0xx_HAL_Driver/Src/stm32g0xx_hal_tim_ex.c ****       }
 2733              		.loc 1 929 16 view .LVU755
 2734 01d8 0120     		movs	r0, #1
 2735 01da F8E7     		b	.L155
 2736              	.L175:
 950:Drivers/STM32G0xx_HAL_Driver/Src/stm32g0xx_hal_tim_ex.c ****       }
 2737              		.loc 1 950 16 view .LVU756
 2738 01dc 0120     		movs	r0, #1
 2739 01de F6E7     		b	.L155
 2740              	.L176:
 971:Drivers/STM32G0xx_HAL_Driver/Src/stm32g0xx_hal_tim_ex.c ****       }
 2741              		.loc 1 971 16 view .LVU757
 2742 01e0 0120     		movs	r0, #1
 2743 01e2 F4E7     		b	.L155
 2744              	.LVL196:
 2745              	.L177:
 971:Drivers/STM32G0xx_HAL_Driver/Src/stm32g0xx_hal_tim_ex.c ****       }
 2746              		.loc 1 971 16 view .LVU758
 2747 01e4 0020     		movs	r0, #0
 2748 01e6 F2E7     		b	.L155
 2749              	.L178:
 2750 01e8 0020     		movs	r0, #0
 2751 01ea F0E7     		b	.L155
 2752              	.L186:
 2753              		.align	2
 2754              	.L185:
 2755 01ec 00000000 		.word	TIM_DMADelayPulseNCplt
 2756 01f0 00000000 		.word	TIM_DMADelayPulseHalfCplt
 2757 01f4 00000000 		.word	TIM_DMAErrorCCxN
 2758 01f8 002C0140 		.word	1073818624
 2759 01fc 00040040 		.word	1073742848
 2760 0200 00080040 		.word	1073743872
 2761 0204 00400140 		.word	1073823744
 2762 0208 07000100 		.word	65543
 2763              		.cfi_endproc
 2764              	.LFE507:
 2766              		.section	.text.HAL_TIMEx_OCN_Stop_DMA,"ax",%progbits
 2767              		.align	1
 2768              		.global	HAL_TIMEx_OCN_Stop_DMA
 2769              		.syntax unified
 2770              		.code	16
 2771              		.thumb_func
 2773              	HAL_TIMEx_OCN_Stop_DMA:
 2774              	.LVL197:
 2775              	.LFB508:
ARM GAS  C:\Users\sante\AppData\Local\Temp\cc9r4gT1.s 			page 112


1022:Drivers/STM32G0xx_HAL_Driver/Src/stm32g0xx_hal_tim_ex.c ****   HAL_StatusTypeDef status = HAL_OK;
 2776              		.loc 1 1022 1 is_stmt 1 view -0
 2777              		.cfi_startproc
 2778              		@ args = 0, pretend = 0, frame = 0
 2779              		@ frame_needed = 0, uses_anonymous_args = 0
1022:Drivers/STM32G0xx_HAL_Driver/Src/stm32g0xx_hal_tim_ex.c ****   HAL_StatusTypeDef status = HAL_OK;
 2780              		.loc 1 1022 1 is_stmt 0 view .LVU760
 2781 0000 70B5     		push	{r4, r5, r6, lr}
 2782              		.cfi_def_cfa_offset 16
 2783              		.cfi_offset 4, -16
 2784              		.cfi_offset 5, -12
 2785              		.cfi_offset 6, -8
 2786              		.cfi_offset 14, -4
 2787 0002 0400     		movs	r4, r0
 2788 0004 0D00     		movs	r5, r1
1023:Drivers/STM32G0xx_HAL_Driver/Src/stm32g0xx_hal_tim_ex.c **** 
 2789              		.loc 1 1023 3 is_stmt 1 view .LVU761
 2790              	.LVL198:
1026:Drivers/STM32G0xx_HAL_Driver/Src/stm32g0xx_hal_tim_ex.c **** 
 2791              		.loc 1 1026 3 view .LVU762
1028:Drivers/STM32G0xx_HAL_Driver/Src/stm32g0xx_hal_tim_ex.c ****   {
 2792              		.loc 1 1028 3 view .LVU763
 2793 0006 0429     		cmp	r1, #4
 2794 0008 31D0     		beq	.L188
 2795 000a 0829     		cmp	r1, #8
 2796 000c 38D0     		beq	.L189
 2797 000e 0029     		cmp	r1, #0
 2798 0010 52D1     		bne	.L197
1033:Drivers/STM32G0xx_HAL_Driver/Src/stm32g0xx_hal_tim_ex.c ****       (void)HAL_DMA_Abort_IT(htim->hdma[TIM_DMA_ID_CC1]);
 2799              		.loc 1 1033 7 view .LVU764
 2800 0012 0268     		ldr	r2, [r0]
 2801 0014 D368     		ldr	r3, [r2, #12]
 2802 0016 2949     		ldr	r1, .L200
 2803              	.LVL199:
1033:Drivers/STM32G0xx_HAL_Driver/Src/stm32g0xx_hal_tim_ex.c ****       (void)HAL_DMA_Abort_IT(htim->hdma[TIM_DMA_ID_CC1]);
 2804              		.loc 1 1033 7 is_stmt 0 view .LVU765
 2805 0018 0B40     		ands	r3, r1
 2806 001a D360     		str	r3, [r2, #12]
1034:Drivers/STM32G0xx_HAL_Driver/Src/stm32g0xx_hal_tim_ex.c ****       break;
 2807              		.loc 1 1034 7 is_stmt 1 view .LVU766
1034:Drivers/STM32G0xx_HAL_Driver/Src/stm32g0xx_hal_tim_ex.c ****       break;
 2808              		.loc 1 1034 13 is_stmt 0 view .LVU767
 2809 001c 406A     		ldr	r0, [r0, #36]
 2810              	.LVL200:
1034:Drivers/STM32G0xx_HAL_Driver/Src/stm32g0xx_hal_tim_ex.c ****       break;
 2811              		.loc 1 1034 13 view .LVU768
 2812 001e FFF7FEFF 		bl	HAL_DMA_Abort_IT
 2813              	.LVL201:
1035:Drivers/STM32G0xx_HAL_Driver/Src/stm32g0xx_hal_tim_ex.c ****     }
 2814              		.loc 1 1035 7 is_stmt 1 view .LVU769
1059:Drivers/STM32G0xx_HAL_Driver/Src/stm32g0xx_hal_tim_ex.c ****   {
 2815              		.loc 1 1059 3 view .LVU770
 2816              	.L191:
1062:Drivers/STM32G0xx_HAL_Driver/Src/stm32g0xx_hal_tim_ex.c **** 
 2817              		.loc 1 1062 5 view .LVU771
 2818 0022 2068     		ldr	r0, [r4]
 2819 0024 0022     		movs	r2, #0
ARM GAS  C:\Users\sante\AppData\Local\Temp\cc9r4gT1.s 			page 113


 2820 0026 2900     		movs	r1, r5
 2821 0028 FFF7FEFF 		bl	TIM_CCxNChannelCmd
 2822              	.LVL202:
1065:Drivers/STM32G0xx_HAL_Driver/Src/stm32g0xx_hal_tim_ex.c **** 
 2823              		.loc 1 1065 5 view .LVU772
1065:Drivers/STM32G0xx_HAL_Driver/Src/stm32g0xx_hal_tim_ex.c **** 
 2824              		.loc 1 1065 5 view .LVU773
 2825 002c 2368     		ldr	r3, [r4]
 2826 002e 196A     		ldr	r1, [r3, #32]
 2827 0030 234A     		ldr	r2, .L200+4
 2828 0032 1142     		tst	r1, r2
 2829 0034 07D1     		bne	.L192
1065:Drivers/STM32G0xx_HAL_Driver/Src/stm32g0xx_hal_tim_ex.c **** 
 2830              		.loc 1 1065 5 discriminator 1 view .LVU774
 2831 0036 196A     		ldr	r1, [r3, #32]
 2832 0038 224A     		ldr	r2, .L200+8
 2833 003a 1142     		tst	r1, r2
 2834 003c 03D1     		bne	.L192
1065:Drivers/STM32G0xx_HAL_Driver/Src/stm32g0xx_hal_tim_ex.c **** 
 2835              		.loc 1 1065 5 discriminator 3 view .LVU775
 2836 003e 5A6C     		ldr	r2, [r3, #68]
 2837 0040 2149     		ldr	r1, .L200+12
 2838 0042 0A40     		ands	r2, r1
 2839 0044 5A64     		str	r2, [r3, #68]
 2840              	.L192:
1065:Drivers/STM32G0xx_HAL_Driver/Src/stm32g0xx_hal_tim_ex.c **** 
 2841              		.loc 1 1065 5 discriminator 5 view .LVU776
1068:Drivers/STM32G0xx_HAL_Driver/Src/stm32g0xx_hal_tim_ex.c **** 
 2842              		.loc 1 1068 5 view .LVU777
1068:Drivers/STM32G0xx_HAL_Driver/Src/stm32g0xx_hal_tim_ex.c **** 
 2843              		.loc 1 1068 5 view .LVU778
 2844 0046 2368     		ldr	r3, [r4]
 2845 0048 196A     		ldr	r1, [r3, #32]
 2846 004a 1D4A     		ldr	r2, .L200+4
 2847 004c 1142     		tst	r1, r2
 2848 004e 07D1     		bne	.L193
1068:Drivers/STM32G0xx_HAL_Driver/Src/stm32g0xx_hal_tim_ex.c **** 
 2849              		.loc 1 1068 5 discriminator 1 view .LVU779
 2850 0050 196A     		ldr	r1, [r3, #32]
 2851 0052 1C4A     		ldr	r2, .L200+8
 2852 0054 1142     		tst	r1, r2
 2853 0056 03D1     		bne	.L193
1068:Drivers/STM32G0xx_HAL_Driver/Src/stm32g0xx_hal_tim_ex.c **** 
 2854              		.loc 1 1068 5 discriminator 3 view .LVU780
 2855 0058 1A68     		ldr	r2, [r3]
 2856 005a 0121     		movs	r1, #1
 2857 005c 8A43     		bics	r2, r1
 2858 005e 1A60     		str	r2, [r3]
 2859              	.L193:
1068:Drivers/STM32G0xx_HAL_Driver/Src/stm32g0xx_hal_tim_ex.c **** 
 2860              		.loc 1 1068 5 discriminator 5 view .LVU781
1071:Drivers/STM32G0xx_HAL_Driver/Src/stm32g0xx_hal_tim_ex.c ****   }
 2861              		.loc 1 1071 5 view .LVU782
 2862 0060 002D     		cmp	r5, #0
 2863 0062 16D1     		bne	.L194
1071:Drivers/STM32G0xx_HAL_Driver/Src/stm32g0xx_hal_tim_ex.c ****   }
 2864              		.loc 1 1071 5 is_stmt 0 discriminator 1 view .LVU783
ARM GAS  C:\Users\sante\AppData\Local\Temp\cc9r4gT1.s 			page 114


 2865 0064 4423     		movs	r3, #68
 2866 0066 0122     		movs	r2, #1
 2867 0068 E254     		strb	r2, [r4, r3]
 2868 006a 0020     		movs	r0, #0
 2869              	.L190:
 2870              	.LVL203:
1075:Drivers/STM32G0xx_HAL_Driver/Src/stm32g0xx_hal_tim_ex.c **** }
 2871              		.loc 1 1075 3 is_stmt 1 view .LVU784
1076:Drivers/STM32G0xx_HAL_Driver/Src/stm32g0xx_hal_tim_ex.c **** 
 2872              		.loc 1 1076 1 is_stmt 0 view .LVU785
 2873              		@ sp needed
 2874              	.LVL204:
 2875              	.LVL205:
1076:Drivers/STM32G0xx_HAL_Driver/Src/stm32g0xx_hal_tim_ex.c **** 
 2876              		.loc 1 1076 1 view .LVU786
 2877 006c 70BD     		pop	{r4, r5, r6, pc}
 2878              	.LVL206:
 2879              	.L188:
1041:Drivers/STM32G0xx_HAL_Driver/Src/stm32g0xx_hal_tim_ex.c ****       (void)HAL_DMA_Abort_IT(htim->hdma[TIM_DMA_ID_CC2]);
 2880              		.loc 1 1041 7 is_stmt 1 view .LVU787
 2881 006e 0268     		ldr	r2, [r0]
 2882 0070 D368     		ldr	r3, [r2, #12]
 2883 0072 1649     		ldr	r1, .L200+16
 2884              	.LVL207:
1041:Drivers/STM32G0xx_HAL_Driver/Src/stm32g0xx_hal_tim_ex.c ****       (void)HAL_DMA_Abort_IT(htim->hdma[TIM_DMA_ID_CC2]);
 2885              		.loc 1 1041 7 is_stmt 0 view .LVU788
 2886 0074 0B40     		ands	r3, r1
 2887 0076 D360     		str	r3, [r2, #12]
1042:Drivers/STM32G0xx_HAL_Driver/Src/stm32g0xx_hal_tim_ex.c ****       break;
 2888              		.loc 1 1042 7 is_stmt 1 view .LVU789
1042:Drivers/STM32G0xx_HAL_Driver/Src/stm32g0xx_hal_tim_ex.c ****       break;
 2889              		.loc 1 1042 13 is_stmt 0 view .LVU790
 2890 0078 806A     		ldr	r0, [r0, #40]
 2891              	.LVL208:
1042:Drivers/STM32G0xx_HAL_Driver/Src/stm32g0xx_hal_tim_ex.c ****       break;
 2892              		.loc 1 1042 13 view .LVU791
 2893 007a FFF7FEFF 		bl	HAL_DMA_Abort_IT
 2894              	.LVL209:
1043:Drivers/STM32G0xx_HAL_Driver/Src/stm32g0xx_hal_tim_ex.c ****     }
 2895              		.loc 1 1043 7 is_stmt 1 view .LVU792
1059:Drivers/STM32G0xx_HAL_Driver/Src/stm32g0xx_hal_tim_ex.c ****   {
 2896              		.loc 1 1059 3 view .LVU793
 2897 007e D0E7     		b	.L191
 2898              	.LVL210:
 2899              	.L189:
1049:Drivers/STM32G0xx_HAL_Driver/Src/stm32g0xx_hal_tim_ex.c ****       (void)HAL_DMA_Abort_IT(htim->hdma[TIM_DMA_ID_CC3]);
 2900              		.loc 1 1049 7 view .LVU794
 2901 0080 0268     		ldr	r2, [r0]
 2902 0082 D368     		ldr	r3, [r2, #12]
 2903 0084 1249     		ldr	r1, .L200+20
 2904              	.LVL211:
1049:Drivers/STM32G0xx_HAL_Driver/Src/stm32g0xx_hal_tim_ex.c ****       (void)HAL_DMA_Abort_IT(htim->hdma[TIM_DMA_ID_CC3]);
 2905              		.loc 1 1049 7 is_stmt 0 view .LVU795
 2906 0086 0B40     		ands	r3, r1
 2907 0088 D360     		str	r3, [r2, #12]
1050:Drivers/STM32G0xx_HAL_Driver/Src/stm32g0xx_hal_tim_ex.c ****       break;
 2908              		.loc 1 1050 7 is_stmt 1 view .LVU796
ARM GAS  C:\Users\sante\AppData\Local\Temp\cc9r4gT1.s 			page 115


1050:Drivers/STM32G0xx_HAL_Driver/Src/stm32g0xx_hal_tim_ex.c ****       break;
 2909              		.loc 1 1050 13 is_stmt 0 view .LVU797
 2910 008a C06A     		ldr	r0, [r0, #44]
 2911              	.LVL212:
1050:Drivers/STM32G0xx_HAL_Driver/Src/stm32g0xx_hal_tim_ex.c ****       break;
 2912              		.loc 1 1050 13 view .LVU798
 2913 008c FFF7FEFF 		bl	HAL_DMA_Abort_IT
 2914              	.LVL213:
1051:Drivers/STM32G0xx_HAL_Driver/Src/stm32g0xx_hal_tim_ex.c ****     }
 2915              		.loc 1 1051 7 is_stmt 1 view .LVU799
1059:Drivers/STM32G0xx_HAL_Driver/Src/stm32g0xx_hal_tim_ex.c ****   {
 2916              		.loc 1 1059 3 view .LVU800
 2917 0090 C7E7     		b	.L191
 2918              	.L194:
1071:Drivers/STM32G0xx_HAL_Driver/Src/stm32g0xx_hal_tim_ex.c ****   }
 2919              		.loc 1 1071 5 is_stmt 0 discriminator 2 view .LVU801
 2920 0092 042D     		cmp	r5, #4
 2921 0094 06D0     		beq	.L198
1071:Drivers/STM32G0xx_HAL_Driver/Src/stm32g0xx_hal_tim_ex.c ****   }
 2922              		.loc 1 1071 5 discriminator 4 view .LVU802
 2923 0096 082D     		cmp	r5, #8
 2924 0098 09D0     		beq	.L199
1071:Drivers/STM32G0xx_HAL_Driver/Src/stm32g0xx_hal_tim_ex.c ****   }
 2925              		.loc 1 1071 5 discriminator 7 view .LVU803
 2926 009a 4723     		movs	r3, #71
 2927 009c 0122     		movs	r2, #1
 2928 009e E254     		strb	r2, [r4, r3]
 2929 00a0 0020     		movs	r0, #0
 2930 00a2 E3E7     		b	.L190
 2931              	.L198:
1071:Drivers/STM32G0xx_HAL_Driver/Src/stm32g0xx_hal_tim_ex.c ****   }
 2932              		.loc 1 1071 5 discriminator 3 view .LVU804
 2933 00a4 4523     		movs	r3, #69
 2934 00a6 0122     		movs	r2, #1
 2935 00a8 E254     		strb	r2, [r4, r3]
 2936 00aa 0020     		movs	r0, #0
 2937 00ac DEE7     		b	.L190
 2938              	.L199:
1071:Drivers/STM32G0xx_HAL_Driver/Src/stm32g0xx_hal_tim_ex.c ****   }
 2939              		.loc 1 1071 5 discriminator 6 view .LVU805
 2940 00ae 4623     		movs	r3, #70
 2941 00b0 0122     		movs	r2, #1
 2942 00b2 E254     		strb	r2, [r4, r3]
 2943 00b4 0020     		movs	r0, #0
 2944 00b6 D9E7     		b	.L190
 2945              	.LVL214:
 2946              	.L197:
1028:Drivers/STM32G0xx_HAL_Driver/Src/stm32g0xx_hal_tim_ex.c ****   {
 2947              		.loc 1 1028 3 view .LVU806
 2948 00b8 0120     		movs	r0, #1
 2949              	.LVL215:
1028:Drivers/STM32G0xx_HAL_Driver/Src/stm32g0xx_hal_tim_ex.c ****   {
 2950              		.loc 1 1028 3 view .LVU807
 2951 00ba D7E7     		b	.L190
 2952              	.L201:
 2953              		.align	2
 2954              	.L200:
ARM GAS  C:\Users\sante\AppData\Local\Temp\cc9r4gT1.s 			page 116


 2955 00bc FFFDFFFF 		.word	-513
 2956 00c0 11110000 		.word	4369
 2957 00c4 44040000 		.word	1092
 2958 00c8 FF7FFFFF 		.word	-32769
 2959 00cc FFFBFFFF 		.word	-1025
 2960 00d0 FFF7FFFF 		.word	-2049
 2961              		.cfi_endproc
 2962              	.LFE508:
 2964              		.section	.text.HAL_TIMEx_PWMN_Start,"ax",%progbits
 2965              		.align	1
 2966              		.global	HAL_TIMEx_PWMN_Start
 2967              		.syntax unified
 2968              		.code	16
 2969              		.thumb_func
 2971              	HAL_TIMEx_PWMN_Start:
 2972              	.LVL216:
 2973              	.LFB509:
1112:Drivers/STM32G0xx_HAL_Driver/Src/stm32g0xx_hal_tim_ex.c ****   uint32_t tmpsmcr;
 2974              		.loc 1 1112 1 is_stmt 1 view -0
 2975              		.cfi_startproc
 2976              		@ args = 0, pretend = 0, frame = 0
 2977              		@ frame_needed = 0, uses_anonymous_args = 0
1112:Drivers/STM32G0xx_HAL_Driver/Src/stm32g0xx_hal_tim_ex.c ****   uint32_t tmpsmcr;
 2978              		.loc 1 1112 1 is_stmt 0 view .LVU809
 2979 0000 10B5     		push	{r4, lr}
 2980              		.cfi_def_cfa_offset 8
 2981              		.cfi_offset 4, -8
 2982              		.cfi_offset 14, -4
 2983 0002 0400     		movs	r4, r0
1113:Drivers/STM32G0xx_HAL_Driver/Src/stm32g0xx_hal_tim_ex.c **** 
 2984              		.loc 1 1113 3 is_stmt 1 view .LVU810
1116:Drivers/STM32G0xx_HAL_Driver/Src/stm32g0xx_hal_tim_ex.c **** 
 2985              		.loc 1 1116 3 view .LVU811
1119:Drivers/STM32G0xx_HAL_Driver/Src/stm32g0xx_hal_tim_ex.c ****   {
 2986              		.loc 1 1119 3 view .LVU812
1119:Drivers/STM32G0xx_HAL_Driver/Src/stm32g0xx_hal_tim_ex.c ****   {
 2987              		.loc 1 1119 46 is_stmt 0 view .LVU813
 2988 0004 0029     		cmp	r1, #0
 2989 0006 2DD1     		bne	.L203
1119:Drivers/STM32G0xx_HAL_Driver/Src/stm32g0xx_hal_tim_ex.c ****   {
 2990              		.loc 1 1119 7 discriminator 1 view .LVU814
 2991 0008 4423     		movs	r3, #68
 2992 000a C35C     		ldrb	r3, [r0, r3]
1119:Drivers/STM32G0xx_HAL_Driver/Src/stm32g0xx_hal_tim_ex.c ****   {
 2993              		.loc 1 1119 46 discriminator 1 view .LVU815
 2994 000c 013B     		subs	r3, r3, #1
 2995 000e 5A1E     		subs	r2, r3, #1
 2996 0010 9341     		sbcs	r3, r3, r2
 2997 0012 DBB2     		uxtb	r3, r3
 2998              	.L204:
1119:Drivers/STM32G0xx_HAL_Driver/Src/stm32g0xx_hal_tim_ex.c ****   {
 2999              		.loc 1 1119 6 discriminator 12 view .LVU816
 3000 0014 002B     		cmp	r3, #0
 3001 0016 5CD1     		bne	.L214
1125:Drivers/STM32G0xx_HAL_Driver/Src/stm32g0xx_hal_tim_ex.c **** 
 3002              		.loc 1 1125 3 is_stmt 1 view .LVU817
 3003 0018 0029     		cmp	r1, #0
ARM GAS  C:\Users\sante\AppData\Local\Temp\cc9r4gT1.s 			page 117


 3004 001a 3CD1     		bne	.L208
1125:Drivers/STM32G0xx_HAL_Driver/Src/stm32g0xx_hal_tim_ex.c **** 
 3005              		.loc 1 1125 3 is_stmt 0 discriminator 1 view .LVU818
 3006 001c 4433     		adds	r3, r3, #68
 3007 001e 0222     		movs	r2, #2
 3008 0020 E254     		strb	r2, [r4, r3]
 3009              	.L209:
1128:Drivers/STM32G0xx_HAL_Driver/Src/stm32g0xx_hal_tim_ex.c **** 
 3010              		.loc 1 1128 3 is_stmt 1 view .LVU819
 3011 0022 2068     		ldr	r0, [r4]
 3012              	.LVL217:
1128:Drivers/STM32G0xx_HAL_Driver/Src/stm32g0xx_hal_tim_ex.c **** 
 3013              		.loc 1 1128 3 is_stmt 0 view .LVU820
 3014 0024 0422     		movs	r2, #4
 3015 0026 FFF7FEFF 		bl	TIM_CCxNChannelCmd
 3016              	.LVL218:
1131:Drivers/STM32G0xx_HAL_Driver/Src/stm32g0xx_hal_tim_ex.c **** 
 3017              		.loc 1 1131 3 is_stmt 1 view .LVU821
 3018 002a 2268     		ldr	r2, [r4]
 3019 002c 516C     		ldr	r1, [r2, #68]
 3020 002e 8023     		movs	r3, #128
 3021 0030 1B02     		lsls	r3, r3, #8
 3022 0032 0B43     		orrs	r3, r1
 3023 0034 5364     		str	r3, [r2, #68]
1134:Drivers/STM32G0xx_HAL_Driver/Src/stm32g0xx_hal_tim_ex.c ****   {
 3024              		.loc 1 1134 3 view .LVU822
1134:Drivers/STM32G0xx_HAL_Driver/Src/stm32g0xx_hal_tim_ex.c ****   {
 3025              		.loc 1 1134 7 is_stmt 0 view .LVU823
 3026 0036 2368     		ldr	r3, [r4]
1134:Drivers/STM32G0xx_HAL_Driver/Src/stm32g0xx_hal_tim_ex.c ****   {
 3027              		.loc 1 1134 6 view .LVU824
 3028 0038 294A     		ldr	r2, .L221
 3029 003a 9342     		cmp	r3, r2
 3030 003c 3BD0     		beq	.L212
1134:Drivers/STM32G0xx_HAL_Driver/Src/stm32g0xx_hal_tim_ex.c ****   {
 3031              		.loc 1 1134 7 discriminator 1 view .LVU825
 3032 003e 8022     		movs	r2, #128
 3033 0040 D205     		lsls	r2, r2, #23
 3034 0042 9342     		cmp	r3, r2
 3035 0044 37D0     		beq	.L212
1134:Drivers/STM32G0xx_HAL_Driver/Src/stm32g0xx_hal_tim_ex.c ****   {
 3036              		.loc 1 1134 7 discriminator 2 view .LVU826
 3037 0046 274A     		ldr	r2, .L221+4
 3038 0048 9342     		cmp	r3, r2
 3039 004a 34D0     		beq	.L212
1134:Drivers/STM32G0xx_HAL_Driver/Src/stm32g0xx_hal_tim_ex.c ****   {
 3040              		.loc 1 1134 7 discriminator 3 view .LVU827
 3041 004c 264A     		ldr	r2, .L221+8
 3042 004e 9342     		cmp	r3, r2
 3043 0050 31D0     		beq	.L212
1134:Drivers/STM32G0xx_HAL_Driver/Src/stm32g0xx_hal_tim_ex.c ****   {
 3044              		.loc 1 1134 7 discriminator 4 view .LVU828
 3045 0052 264A     		ldr	r2, .L221+12
 3046 0054 9342     		cmp	r3, r2
 3047 0056 2ED0     		beq	.L212
1144:Drivers/STM32G0xx_HAL_Driver/Src/stm32g0xx_hal_tim_ex.c ****   }
 3048              		.loc 1 1144 5 is_stmt 1 view .LVU829
ARM GAS  C:\Users\sante\AppData\Local\Temp\cc9r4gT1.s 			page 118


 3049 0058 1A68     		ldr	r2, [r3]
 3050 005a 0121     		movs	r1, #1
 3051 005c 0A43     		orrs	r2, r1
 3052 005e 1A60     		str	r2, [r3]
1148:Drivers/STM32G0xx_HAL_Driver/Src/stm32g0xx_hal_tim_ex.c **** }
 3053              		.loc 1 1148 10 is_stmt 0 view .LVU830
 3054 0060 0020     		movs	r0, #0
 3055 0062 37E0     		b	.L207
 3056              	.LVL219:
 3057              	.L203:
1119:Drivers/STM32G0xx_HAL_Driver/Src/stm32g0xx_hal_tim_ex.c ****   {
 3058              		.loc 1 1119 46 discriminator 2 view .LVU831
 3059 0064 0429     		cmp	r1, #4
 3060 0066 08D0     		beq	.L217
1119:Drivers/STM32G0xx_HAL_Driver/Src/stm32g0xx_hal_tim_ex.c ****   {
 3061              		.loc 1 1119 46 discriminator 5 view .LVU832
 3062 0068 0829     		cmp	r1, #8
 3063 006a 0DD0     		beq	.L218
1119:Drivers/STM32G0xx_HAL_Driver/Src/stm32g0xx_hal_tim_ex.c ****   {
 3064              		.loc 1 1119 7 discriminator 8 view .LVU833
 3065 006c 4723     		movs	r3, #71
 3066 006e C35C     		ldrb	r3, [r0, r3]
1119:Drivers/STM32G0xx_HAL_Driver/Src/stm32g0xx_hal_tim_ex.c ****   {
 3067              		.loc 1 1119 46 discriminator 8 view .LVU834
 3068 0070 013B     		subs	r3, r3, #1
 3069 0072 5A1E     		subs	r2, r3, #1
 3070 0074 9341     		sbcs	r3, r3, r2
 3071 0076 DBB2     		uxtb	r3, r3
 3072 0078 CCE7     		b	.L204
 3073              	.L217:
1119:Drivers/STM32G0xx_HAL_Driver/Src/stm32g0xx_hal_tim_ex.c ****   {
 3074              		.loc 1 1119 7 discriminator 4 view .LVU835
 3075 007a 4523     		movs	r3, #69
 3076 007c C35C     		ldrb	r3, [r0, r3]
1119:Drivers/STM32G0xx_HAL_Driver/Src/stm32g0xx_hal_tim_ex.c ****   {
 3077              		.loc 1 1119 46 discriminator 4 view .LVU836
 3078 007e 013B     		subs	r3, r3, #1
 3079 0080 5A1E     		subs	r2, r3, #1
 3080 0082 9341     		sbcs	r3, r3, r2
 3081 0084 DBB2     		uxtb	r3, r3
 3082 0086 C5E7     		b	.L204
 3083              	.L218:
1119:Drivers/STM32G0xx_HAL_Driver/Src/stm32g0xx_hal_tim_ex.c ****   {
 3084              		.loc 1 1119 7 discriminator 7 view .LVU837
 3085 0088 4623     		movs	r3, #70
 3086 008a C35C     		ldrb	r3, [r0, r3]
1119:Drivers/STM32G0xx_HAL_Driver/Src/stm32g0xx_hal_tim_ex.c ****   {
 3087              		.loc 1 1119 46 discriminator 7 view .LVU838
 3088 008c 013B     		subs	r3, r3, #1
 3089 008e 5A1E     		subs	r2, r3, #1
 3090 0090 9341     		sbcs	r3, r3, r2
 3091 0092 DBB2     		uxtb	r3, r3
 3092 0094 BEE7     		b	.L204
 3093              	.L208:
1125:Drivers/STM32G0xx_HAL_Driver/Src/stm32g0xx_hal_tim_ex.c **** 
 3094              		.loc 1 1125 3 discriminator 2 view .LVU839
 3095 0096 0429     		cmp	r1, #4
ARM GAS  C:\Users\sante\AppData\Local\Temp\cc9r4gT1.s 			page 119


 3096 0098 05D0     		beq	.L219
1125:Drivers/STM32G0xx_HAL_Driver/Src/stm32g0xx_hal_tim_ex.c **** 
 3097              		.loc 1 1125 3 discriminator 4 view .LVU840
 3098 009a 0829     		cmp	r1, #8
 3099 009c 07D0     		beq	.L220
1125:Drivers/STM32G0xx_HAL_Driver/Src/stm32g0xx_hal_tim_ex.c **** 
 3100              		.loc 1 1125 3 discriminator 7 view .LVU841
 3101 009e 4723     		movs	r3, #71
 3102 00a0 0222     		movs	r2, #2
 3103 00a2 E254     		strb	r2, [r4, r3]
 3104 00a4 BDE7     		b	.L209
 3105              	.L219:
1125:Drivers/STM32G0xx_HAL_Driver/Src/stm32g0xx_hal_tim_ex.c **** 
 3106              		.loc 1 1125 3 discriminator 3 view .LVU842
 3107 00a6 4523     		movs	r3, #69
 3108 00a8 0222     		movs	r2, #2
 3109 00aa E254     		strb	r2, [r4, r3]
 3110 00ac B9E7     		b	.L209
 3111              	.L220:
1125:Drivers/STM32G0xx_HAL_Driver/Src/stm32g0xx_hal_tim_ex.c **** 
 3112              		.loc 1 1125 3 discriminator 6 view .LVU843
 3113 00ae 4623     		movs	r3, #70
 3114 00b0 0222     		movs	r2, #2
 3115 00b2 E254     		strb	r2, [r4, r3]
 3116 00b4 B5E7     		b	.L209
 3117              	.LVL220:
 3118              	.L212:
1136:Drivers/STM32G0xx_HAL_Driver/Src/stm32g0xx_hal_tim_ex.c ****     if (!IS_TIM_SLAVEMODE_TRIGGER_ENABLED(tmpsmcr))
 3119              		.loc 1 1136 5 is_stmt 1 view .LVU844
1136:Drivers/STM32G0xx_HAL_Driver/Src/stm32g0xx_hal_tim_ex.c ****     if (!IS_TIM_SLAVEMODE_TRIGGER_ENABLED(tmpsmcr))
 3120              		.loc 1 1136 29 is_stmt 0 view .LVU845
 3121 00b6 9A68     		ldr	r2, [r3, #8]
1136:Drivers/STM32G0xx_HAL_Driver/Src/stm32g0xx_hal_tim_ex.c ****     if (!IS_TIM_SLAVEMODE_TRIGGER_ENABLED(tmpsmcr))
 3122              		.loc 1 1136 13 view .LVU846
 3123 00b8 0D49     		ldr	r1, .L221+16
 3124 00ba 0A40     		ands	r2, r1
 3125              	.LVL221:
1137:Drivers/STM32G0xx_HAL_Driver/Src/stm32g0xx_hal_tim_ex.c ****     {
 3126              		.loc 1 1137 5 is_stmt 1 view .LVU847
1137:Drivers/STM32G0xx_HAL_Driver/Src/stm32g0xx_hal_tim_ex.c ****     {
 3127              		.loc 1 1137 8 is_stmt 0 view .LVU848
 3128 00bc 062A     		cmp	r2, #6
 3129 00be 0AD0     		beq	.L215
1137:Drivers/STM32G0xx_HAL_Driver/Src/stm32g0xx_hal_tim_ex.c ****     {
 3130              		.loc 1 1137 9 discriminator 1 view .LVU849
 3131 00c0 0739     		subs	r1, r1, #7
 3132 00c2 8A42     		cmp	r2, r1
 3133 00c4 09D0     		beq	.L216
1139:Drivers/STM32G0xx_HAL_Driver/Src/stm32g0xx_hal_tim_ex.c ****     }
 3134              		.loc 1 1139 7 is_stmt 1 view .LVU850
 3135 00c6 1A68     		ldr	r2, [r3]
 3136              	.LVL222:
1139:Drivers/STM32G0xx_HAL_Driver/Src/stm32g0xx_hal_tim_ex.c ****     }
 3137              		.loc 1 1139 7 is_stmt 0 view .LVU851
 3138 00c8 0121     		movs	r1, #1
 3139 00ca 0A43     		orrs	r2, r1
 3140 00cc 1A60     		str	r2, [r3]
ARM GAS  C:\Users\sante\AppData\Local\Temp\cc9r4gT1.s 			page 120


1148:Drivers/STM32G0xx_HAL_Driver/Src/stm32g0xx_hal_tim_ex.c **** }
 3141              		.loc 1 1148 10 view .LVU852
 3142 00ce 0020     		movs	r0, #0
 3143 00d0 00E0     		b	.L207
 3144              	.LVL223:
 3145              	.L214:
1121:Drivers/STM32G0xx_HAL_Driver/Src/stm32g0xx_hal_tim_ex.c ****   }
 3146              		.loc 1 1121 12 view .LVU853
 3147 00d2 0120     		movs	r0, #1
 3148              	.LVL224:
 3149              	.L207:
1149:Drivers/STM32G0xx_HAL_Driver/Src/stm32g0xx_hal_tim_ex.c **** 
 3150              		.loc 1 1149 1 view .LVU854
 3151              		@ sp needed
 3152              	.LVL225:
1149:Drivers/STM32G0xx_HAL_Driver/Src/stm32g0xx_hal_tim_ex.c **** 
 3153              		.loc 1 1149 1 view .LVU855
 3154 00d4 10BD     		pop	{r4, pc}
 3155              	.LVL226:
 3156              	.L215:
1148:Drivers/STM32G0xx_HAL_Driver/Src/stm32g0xx_hal_tim_ex.c **** }
 3157              		.loc 1 1148 10 view .LVU856
 3158 00d6 0020     		movs	r0, #0
 3159 00d8 FCE7     		b	.L207
 3160              	.L216:
 3161 00da 0020     		movs	r0, #0
 3162 00dc FAE7     		b	.L207
 3163              	.L222:
 3164 00de C046     		.align	2
 3165              	.L221:
 3166 00e0 002C0140 		.word	1073818624
 3167 00e4 00040040 		.word	1073742848
 3168 00e8 00080040 		.word	1073743872
 3169 00ec 00400140 		.word	1073823744
 3170 00f0 07000100 		.word	65543
 3171              		.cfi_endproc
 3172              	.LFE509:
 3174              		.section	.text.HAL_TIMEx_PWMN_Stop,"ax",%progbits
 3175              		.align	1
 3176              		.global	HAL_TIMEx_PWMN_Stop
 3177              		.syntax unified
 3178              		.code	16
 3179              		.thumb_func
 3181              	HAL_TIMEx_PWMN_Stop:
 3182              	.LVL227:
 3183              	.LFB510:
1162:Drivers/STM32G0xx_HAL_Driver/Src/stm32g0xx_hal_tim_ex.c ****   /* Check the parameters */
 3184              		.loc 1 1162 1 is_stmt 1 view -0
 3185              		.cfi_startproc
 3186              		@ args = 0, pretend = 0, frame = 0
 3187              		@ frame_needed = 0, uses_anonymous_args = 0
1162:Drivers/STM32G0xx_HAL_Driver/Src/stm32g0xx_hal_tim_ex.c ****   /* Check the parameters */
 3188              		.loc 1 1162 1 is_stmt 0 view .LVU858
 3189 0000 70B5     		push	{r4, r5, r6, lr}
 3190              		.cfi_def_cfa_offset 16
 3191              		.cfi_offset 4, -16
 3192              		.cfi_offset 5, -12
ARM GAS  C:\Users\sante\AppData\Local\Temp\cc9r4gT1.s 			page 121


 3193              		.cfi_offset 6, -8
 3194              		.cfi_offset 14, -4
 3195 0002 0400     		movs	r4, r0
 3196 0004 0D00     		movs	r5, r1
1164:Drivers/STM32G0xx_HAL_Driver/Src/stm32g0xx_hal_tim_ex.c **** 
 3197              		.loc 1 1164 3 is_stmt 1 view .LVU859
1167:Drivers/STM32G0xx_HAL_Driver/Src/stm32g0xx_hal_tim_ex.c **** 
 3198              		.loc 1 1167 3 view .LVU860
 3199 0006 0068     		ldr	r0, [r0]
 3200              	.LVL228:
1167:Drivers/STM32G0xx_HAL_Driver/Src/stm32g0xx_hal_tim_ex.c **** 
 3201              		.loc 1 1167 3 is_stmt 0 view .LVU861
 3202 0008 0022     		movs	r2, #0
 3203 000a FFF7FEFF 		bl	TIM_CCxNChannelCmd
 3204              	.LVL229:
1170:Drivers/STM32G0xx_HAL_Driver/Src/stm32g0xx_hal_tim_ex.c **** 
 3205              		.loc 1 1170 3 is_stmt 1 view .LVU862
1170:Drivers/STM32G0xx_HAL_Driver/Src/stm32g0xx_hal_tim_ex.c **** 
 3206              		.loc 1 1170 3 view .LVU863
 3207 000e 2368     		ldr	r3, [r4]
 3208 0010 196A     		ldr	r1, [r3, #32]
 3209 0012 174A     		ldr	r2, .L232
 3210 0014 1142     		tst	r1, r2
 3211 0016 07D1     		bne	.L224
1170:Drivers/STM32G0xx_HAL_Driver/Src/stm32g0xx_hal_tim_ex.c **** 
 3212              		.loc 1 1170 3 discriminator 1 view .LVU864
 3213 0018 196A     		ldr	r1, [r3, #32]
 3214 001a 164A     		ldr	r2, .L232+4
 3215 001c 1142     		tst	r1, r2
 3216 001e 03D1     		bne	.L224
1170:Drivers/STM32G0xx_HAL_Driver/Src/stm32g0xx_hal_tim_ex.c **** 
 3217              		.loc 1 1170 3 discriminator 3 view .LVU865
 3218 0020 5A6C     		ldr	r2, [r3, #68]
 3219 0022 1549     		ldr	r1, .L232+8
 3220 0024 0A40     		ands	r2, r1
 3221 0026 5A64     		str	r2, [r3, #68]
 3222              	.L224:
1170:Drivers/STM32G0xx_HAL_Driver/Src/stm32g0xx_hal_tim_ex.c **** 
 3223              		.loc 1 1170 3 discriminator 5 view .LVU866
1173:Drivers/STM32G0xx_HAL_Driver/Src/stm32g0xx_hal_tim_ex.c **** 
 3224              		.loc 1 1173 3 view .LVU867
1173:Drivers/STM32G0xx_HAL_Driver/Src/stm32g0xx_hal_tim_ex.c **** 
 3225              		.loc 1 1173 3 view .LVU868
 3226 0028 2368     		ldr	r3, [r4]
 3227 002a 196A     		ldr	r1, [r3, #32]
 3228 002c 104A     		ldr	r2, .L232
 3229 002e 1142     		tst	r1, r2
 3230 0030 07D1     		bne	.L225
1173:Drivers/STM32G0xx_HAL_Driver/Src/stm32g0xx_hal_tim_ex.c **** 
 3231              		.loc 1 1173 3 discriminator 1 view .LVU869
 3232 0032 196A     		ldr	r1, [r3, #32]
 3233 0034 0F4A     		ldr	r2, .L232+4
 3234 0036 1142     		tst	r1, r2
 3235 0038 03D1     		bne	.L225
1173:Drivers/STM32G0xx_HAL_Driver/Src/stm32g0xx_hal_tim_ex.c **** 
 3236              		.loc 1 1173 3 discriminator 3 view .LVU870
 3237 003a 1A68     		ldr	r2, [r3]
ARM GAS  C:\Users\sante\AppData\Local\Temp\cc9r4gT1.s 			page 122


 3238 003c 0121     		movs	r1, #1
 3239 003e 8A43     		bics	r2, r1
 3240 0040 1A60     		str	r2, [r3]
 3241              	.L225:
1173:Drivers/STM32G0xx_HAL_Driver/Src/stm32g0xx_hal_tim_ex.c **** 
 3242              		.loc 1 1173 3 discriminator 5 view .LVU871
1176:Drivers/STM32G0xx_HAL_Driver/Src/stm32g0xx_hal_tim_ex.c **** 
 3243              		.loc 1 1176 3 view .LVU872
 3244 0042 002D     		cmp	r5, #0
 3245 0044 04D1     		bne	.L226
1176:Drivers/STM32G0xx_HAL_Driver/Src/stm32g0xx_hal_tim_ex.c **** 
 3246              		.loc 1 1176 3 is_stmt 0 discriminator 1 view .LVU873
 3247 0046 4423     		movs	r3, #68
 3248 0048 0122     		movs	r2, #1
 3249 004a E254     		strb	r2, [r4, r3]
 3250              	.L227:
1179:Drivers/STM32G0xx_HAL_Driver/Src/stm32g0xx_hal_tim_ex.c **** }
 3251              		.loc 1 1179 3 is_stmt 1 view .LVU874
1180:Drivers/STM32G0xx_HAL_Driver/Src/stm32g0xx_hal_tim_ex.c **** 
 3252              		.loc 1 1180 1 is_stmt 0 view .LVU875
 3253 004c 0020     		movs	r0, #0
 3254              		@ sp needed
 3255              	.LVL230:
 3256              	.LVL231:
1180:Drivers/STM32G0xx_HAL_Driver/Src/stm32g0xx_hal_tim_ex.c **** 
 3257              		.loc 1 1180 1 view .LVU876
 3258 004e 70BD     		pop	{r4, r5, r6, pc}
 3259              	.LVL232:
 3260              	.L226:
1176:Drivers/STM32G0xx_HAL_Driver/Src/stm32g0xx_hal_tim_ex.c **** 
 3261              		.loc 1 1176 3 discriminator 2 view .LVU877
 3262 0050 042D     		cmp	r5, #4
 3263 0052 05D0     		beq	.L230
1176:Drivers/STM32G0xx_HAL_Driver/Src/stm32g0xx_hal_tim_ex.c **** 
 3264              		.loc 1 1176 3 discriminator 4 view .LVU878
 3265 0054 082D     		cmp	r5, #8
 3266 0056 07D0     		beq	.L231
1176:Drivers/STM32G0xx_HAL_Driver/Src/stm32g0xx_hal_tim_ex.c **** 
 3267              		.loc 1 1176 3 discriminator 7 view .LVU879
 3268 0058 4723     		movs	r3, #71
 3269 005a 0122     		movs	r2, #1
 3270 005c E254     		strb	r2, [r4, r3]
 3271 005e F5E7     		b	.L227
 3272              	.L230:
1176:Drivers/STM32G0xx_HAL_Driver/Src/stm32g0xx_hal_tim_ex.c **** 
 3273              		.loc 1 1176 3 discriminator 3 view .LVU880
 3274 0060 4523     		movs	r3, #69
 3275 0062 0122     		movs	r2, #1
 3276 0064 E254     		strb	r2, [r4, r3]
 3277 0066 F1E7     		b	.L227
 3278              	.L231:
1176:Drivers/STM32G0xx_HAL_Driver/Src/stm32g0xx_hal_tim_ex.c **** 
 3279              		.loc 1 1176 3 discriminator 6 view .LVU881
 3280 0068 4623     		movs	r3, #70
 3281 006a 0122     		movs	r2, #1
 3282 006c E254     		strb	r2, [r4, r3]
 3283 006e EDE7     		b	.L227
ARM GAS  C:\Users\sante\AppData\Local\Temp\cc9r4gT1.s 			page 123


 3284              	.L233:
 3285              		.align	2
 3286              	.L232:
 3287 0070 11110000 		.word	4369
 3288 0074 44040000 		.word	1092
 3289 0078 FF7FFFFF 		.word	-32769
 3290              		.cfi_endproc
 3291              	.LFE510:
 3293              		.section	.text.HAL_TIMEx_PWMN_Start_IT,"ax",%progbits
 3294              		.align	1
 3295              		.global	HAL_TIMEx_PWMN_Start_IT
 3296              		.syntax unified
 3297              		.code	16
 3298              		.thumb_func
 3300              	HAL_TIMEx_PWMN_Start_IT:
 3301              	.LVL233:
 3302              	.LFB511:
1194:Drivers/STM32G0xx_HAL_Driver/Src/stm32g0xx_hal_tim_ex.c ****   HAL_StatusTypeDef status = HAL_OK;
 3303              		.loc 1 1194 1 is_stmt 1 view -0
 3304              		.cfi_startproc
 3305              		@ args = 0, pretend = 0, frame = 0
 3306              		@ frame_needed = 0, uses_anonymous_args = 0
1194:Drivers/STM32G0xx_HAL_Driver/Src/stm32g0xx_hal_tim_ex.c ****   HAL_StatusTypeDef status = HAL_OK;
 3307              		.loc 1 1194 1 is_stmt 0 view .LVU883
 3308 0000 10B5     		push	{r4, lr}
 3309              		.cfi_def_cfa_offset 8
 3310              		.cfi_offset 4, -8
 3311              		.cfi_offset 14, -4
 3312 0002 0400     		movs	r4, r0
1195:Drivers/STM32G0xx_HAL_Driver/Src/stm32g0xx_hal_tim_ex.c ****   uint32_t tmpsmcr;
 3313              		.loc 1 1195 3 is_stmt 1 view .LVU884
 3314              	.LVL234:
1196:Drivers/STM32G0xx_HAL_Driver/Src/stm32g0xx_hal_tim_ex.c **** 
 3315              		.loc 1 1196 3 view .LVU885
1199:Drivers/STM32G0xx_HAL_Driver/Src/stm32g0xx_hal_tim_ex.c **** 
 3316              		.loc 1 1199 3 view .LVU886
1202:Drivers/STM32G0xx_HAL_Driver/Src/stm32g0xx_hal_tim_ex.c ****   {
 3317              		.loc 1 1202 3 view .LVU887
1202:Drivers/STM32G0xx_HAL_Driver/Src/stm32g0xx_hal_tim_ex.c ****   {
 3318              		.loc 1 1202 46 is_stmt 0 view .LVU888
 3319 0004 0029     		cmp	r1, #0
 3320 0006 37D1     		bne	.L235
1202:Drivers/STM32G0xx_HAL_Driver/Src/stm32g0xx_hal_tim_ex.c ****   {
 3321              		.loc 1 1202 7 discriminator 1 view .LVU889
 3322 0008 4423     		movs	r3, #68
 3323 000a C35C     		ldrb	r3, [r0, r3]
1202:Drivers/STM32G0xx_HAL_Driver/Src/stm32g0xx_hal_tim_ex.c ****   {
 3324              		.loc 1 1202 46 discriminator 1 view .LVU890
 3325 000c 013B     		subs	r3, r3, #1
 3326 000e 5A1E     		subs	r2, r3, #1
 3327 0010 9341     		sbcs	r3, r3, r2
 3328 0012 DBB2     		uxtb	r3, r3
 3329              	.L236:
1202:Drivers/STM32G0xx_HAL_Driver/Src/stm32g0xx_hal_tim_ex.c ****   {
 3330              		.loc 1 1202 6 discriminator 12 view .LVU891
 3331 0014 002B     		cmp	r3, #0
 3332 0016 77D1     		bne	.L249
ARM GAS  C:\Users\sante\AppData\Local\Temp\cc9r4gT1.s 			page 124


1208:Drivers/STM32G0xx_HAL_Driver/Src/stm32g0xx_hal_tim_ex.c **** 
 3333              		.loc 1 1208 3 is_stmt 1 view .LVU892
 3334 0018 0029     		cmp	r1, #0
 3335 001a 46D1     		bne	.L240
1208:Drivers/STM32G0xx_HAL_Driver/Src/stm32g0xx_hal_tim_ex.c **** 
 3336              		.loc 1 1208 3 is_stmt 0 discriminator 1 view .LVU893
 3337 001c 4433     		adds	r3, r3, #68
 3338 001e 0222     		movs	r2, #2
 3339 0020 E254     		strb	r2, [r4, r3]
1210:Drivers/STM32G0xx_HAL_Driver/Src/stm32g0xx_hal_tim_ex.c ****   {
 3340              		.loc 1 1210 3 is_stmt 1 view .LVU894
 3341              	.L241:
1215:Drivers/STM32G0xx_HAL_Driver/Src/stm32g0xx_hal_tim_ex.c ****       break;
 3342              		.loc 1 1215 7 view .LVU895
 3343 0022 2268     		ldr	r2, [r4]
 3344 0024 D368     		ldr	r3, [r2, #12]
 3345 0026 0220     		movs	r0, #2
 3346              	.LVL235:
1215:Drivers/STM32G0xx_HAL_Driver/Src/stm32g0xx_hal_tim_ex.c ****       break;
 3347              		.loc 1 1215 7 is_stmt 0 view .LVU896
 3348 0028 0343     		orrs	r3, r0
 3349 002a D360     		str	r3, [r2, #12]
1216:Drivers/STM32G0xx_HAL_Driver/Src/stm32g0xx_hal_tim_ex.c ****     }
 3350              		.loc 1 1216 7 is_stmt 1 view .LVU897
1238:Drivers/STM32G0xx_HAL_Driver/Src/stm32g0xx_hal_tim_ex.c ****   {
 3351              		.loc 1 1238 3 view .LVU898
 3352              	.L246:
1241:Drivers/STM32G0xx_HAL_Driver/Src/stm32g0xx_hal_tim_ex.c **** 
 3353              		.loc 1 1241 5 view .LVU899
 3354 002c 2268     		ldr	r2, [r4]
 3355 002e D368     		ldr	r3, [r2, #12]
 3356 0030 8020     		movs	r0, #128
 3357 0032 0343     		orrs	r3, r0
 3358 0034 D360     		str	r3, [r2, #12]
1244:Drivers/STM32G0xx_HAL_Driver/Src/stm32g0xx_hal_tim_ex.c **** 
 3359              		.loc 1 1244 5 view .LVU900
 3360 0036 2068     		ldr	r0, [r4]
 3361 0038 0422     		movs	r2, #4
 3362 003a FFF7FEFF 		bl	TIM_CCxNChannelCmd
 3363              	.LVL236:
1247:Drivers/STM32G0xx_HAL_Driver/Src/stm32g0xx_hal_tim_ex.c **** 
 3364              		.loc 1 1247 5 view .LVU901
 3365 003e 2268     		ldr	r2, [r4]
 3366 0040 516C     		ldr	r1, [r2, #68]
 3367 0042 8023     		movs	r3, #128
 3368 0044 1B02     		lsls	r3, r3, #8
 3369 0046 0B43     		orrs	r3, r1
 3370 0048 5364     		str	r3, [r2, #68]
1250:Drivers/STM32G0xx_HAL_Driver/Src/stm32g0xx_hal_tim_ex.c ****     {
 3371              		.loc 1 1250 5 view .LVU902
1250:Drivers/STM32G0xx_HAL_Driver/Src/stm32g0xx_hal_tim_ex.c ****     {
 3372              		.loc 1 1250 9 is_stmt 0 view .LVU903
 3373 004a 2368     		ldr	r3, [r4]
1250:Drivers/STM32G0xx_HAL_Driver/Src/stm32g0xx_hal_tim_ex.c ****     {
 3374              		.loc 1 1250 8 view .LVU904
 3375 004c 314A     		ldr	r2, .L257
 3376 004e 9342     		cmp	r3, r2
ARM GAS  C:\Users\sante\AppData\Local\Temp\cc9r4gT1.s 			page 125


 3377 0050 4CD0     		beq	.L247
1250:Drivers/STM32G0xx_HAL_Driver/Src/stm32g0xx_hal_tim_ex.c ****     {
 3378              		.loc 1 1250 9 discriminator 1 view .LVU905
 3379 0052 8022     		movs	r2, #128
 3380 0054 D205     		lsls	r2, r2, #23
 3381 0056 9342     		cmp	r3, r2
 3382 0058 48D0     		beq	.L247
1250:Drivers/STM32G0xx_HAL_Driver/Src/stm32g0xx_hal_tim_ex.c ****     {
 3383              		.loc 1 1250 9 discriminator 2 view .LVU906
 3384 005a 2F4A     		ldr	r2, .L257+4
 3385 005c 9342     		cmp	r3, r2
 3386 005e 45D0     		beq	.L247
1250:Drivers/STM32G0xx_HAL_Driver/Src/stm32g0xx_hal_tim_ex.c ****     {
 3387              		.loc 1 1250 9 discriminator 3 view .LVU907
 3388 0060 2E4A     		ldr	r2, .L257+8
 3389 0062 9342     		cmp	r3, r2
 3390 0064 42D0     		beq	.L247
1250:Drivers/STM32G0xx_HAL_Driver/Src/stm32g0xx_hal_tim_ex.c ****     {
 3391              		.loc 1 1250 9 discriminator 4 view .LVU908
 3392 0066 2E4A     		ldr	r2, .L257+12
 3393 0068 9342     		cmp	r3, r2
 3394 006a 3FD0     		beq	.L247
1260:Drivers/STM32G0xx_HAL_Driver/Src/stm32g0xx_hal_tim_ex.c ****     }
 3395              		.loc 1 1260 7 is_stmt 1 view .LVU909
 3396 006c 1A68     		ldr	r2, [r3]
 3397 006e 0121     		movs	r1, #1
 3398 0070 0A43     		orrs	r2, r1
 3399 0072 1A60     		str	r2, [r3]
 3400 0074 0020     		movs	r0, #0
 3401 0076 48E0     		b	.L239
 3402              	.LVL237:
 3403              	.L235:
1202:Drivers/STM32G0xx_HAL_Driver/Src/stm32g0xx_hal_tim_ex.c ****   {
 3404              		.loc 1 1202 46 is_stmt 0 discriminator 2 view .LVU910
 3405 0078 0429     		cmp	r1, #4
 3406 007a 08D0     		beq	.L253
1202:Drivers/STM32G0xx_HAL_Driver/Src/stm32g0xx_hal_tim_ex.c ****   {
 3407              		.loc 1 1202 46 discriminator 5 view .LVU911
 3408 007c 0829     		cmp	r1, #8
 3409 007e 0DD0     		beq	.L254
1202:Drivers/STM32G0xx_HAL_Driver/Src/stm32g0xx_hal_tim_ex.c ****   {
 3410              		.loc 1 1202 7 discriminator 8 view .LVU912
 3411 0080 4723     		movs	r3, #71
 3412 0082 C35C     		ldrb	r3, [r0, r3]
1202:Drivers/STM32G0xx_HAL_Driver/Src/stm32g0xx_hal_tim_ex.c ****   {
 3413              		.loc 1 1202 46 discriminator 8 view .LVU913
 3414 0084 013B     		subs	r3, r3, #1
 3415 0086 5A1E     		subs	r2, r3, #1
 3416 0088 9341     		sbcs	r3, r3, r2
 3417 008a DBB2     		uxtb	r3, r3
 3418 008c C2E7     		b	.L236
 3419              	.L253:
1202:Drivers/STM32G0xx_HAL_Driver/Src/stm32g0xx_hal_tim_ex.c ****   {
 3420              		.loc 1 1202 7 discriminator 4 view .LVU914
 3421 008e 4523     		movs	r3, #69
 3422 0090 C35C     		ldrb	r3, [r0, r3]
1202:Drivers/STM32G0xx_HAL_Driver/Src/stm32g0xx_hal_tim_ex.c ****   {
ARM GAS  C:\Users\sante\AppData\Local\Temp\cc9r4gT1.s 			page 126


 3423              		.loc 1 1202 46 discriminator 4 view .LVU915
 3424 0092 013B     		subs	r3, r3, #1
 3425 0094 5A1E     		subs	r2, r3, #1
 3426 0096 9341     		sbcs	r3, r3, r2
 3427 0098 DBB2     		uxtb	r3, r3
 3428 009a BBE7     		b	.L236
 3429              	.L254:
1202:Drivers/STM32G0xx_HAL_Driver/Src/stm32g0xx_hal_tim_ex.c ****   {
 3430              		.loc 1 1202 7 discriminator 7 view .LVU916
 3431 009c 4623     		movs	r3, #70
 3432 009e C35C     		ldrb	r3, [r0, r3]
1202:Drivers/STM32G0xx_HAL_Driver/Src/stm32g0xx_hal_tim_ex.c ****   {
 3433              		.loc 1 1202 46 discriminator 7 view .LVU917
 3434 00a0 013B     		subs	r3, r3, #1
 3435 00a2 5A1E     		subs	r2, r3, #1
 3436 00a4 9341     		sbcs	r3, r3, r2
 3437 00a6 DBB2     		uxtb	r3, r3
 3438 00a8 B4E7     		b	.L236
 3439              	.L240:
1208:Drivers/STM32G0xx_HAL_Driver/Src/stm32g0xx_hal_tim_ex.c **** 
 3440              		.loc 1 1208 3 discriminator 2 view .LVU918
 3441 00aa 0429     		cmp	r1, #4
 3442 00ac 0CD0     		beq	.L255
1208:Drivers/STM32G0xx_HAL_Driver/Src/stm32g0xx_hal_tim_ex.c **** 
 3443              		.loc 1 1208 3 discriminator 4 view .LVU919
 3444 00ae 0829     		cmp	r1, #8
 3445 00b0 13D0     		beq	.L256
1208:Drivers/STM32G0xx_HAL_Driver/Src/stm32g0xx_hal_tim_ex.c **** 
 3446              		.loc 1 1208 3 discriminator 7 view .LVU920
 3447 00b2 4723     		movs	r3, #71
 3448 00b4 0222     		movs	r2, #2
 3449 00b6 E254     		strb	r2, [r4, r3]
1210:Drivers/STM32G0xx_HAL_Driver/Src/stm32g0xx_hal_tim_ex.c ****   {
 3450              		.loc 1 1210 3 is_stmt 1 view .LVU921
 3451 00b8 0429     		cmp	r1, #4
 3452 00ba 08D0     		beq	.L243
 3453 00bc 0829     		cmp	r1, #8
 3454 00be 0FD0     		beq	.L245
 3455 00c0 0029     		cmp	r1, #0
 3456 00c2 AED0     		beq	.L241
 3457 00c4 0120     		movs	r0, #1
 3458              	.LVL238:
1210:Drivers/STM32G0xx_HAL_Driver/Src/stm32g0xx_hal_tim_ex.c ****   {
 3459              		.loc 1 1210 3 is_stmt 0 view .LVU922
 3460 00c6 20E0     		b	.L239
 3461              	.LVL239:
 3462              	.L255:
1208:Drivers/STM32G0xx_HAL_Driver/Src/stm32g0xx_hal_tim_ex.c **** 
 3463              		.loc 1 1208 3 discriminator 3 view .LVU923
 3464 00c8 4523     		movs	r3, #69
 3465 00ca 0222     		movs	r2, #2
 3466 00cc E254     		strb	r2, [r4, r3]
1210:Drivers/STM32G0xx_HAL_Driver/Src/stm32g0xx_hal_tim_ex.c ****   {
 3467              		.loc 1 1210 3 is_stmt 1 view .LVU924
 3468              	.L243:
1222:Drivers/STM32G0xx_HAL_Driver/Src/stm32g0xx_hal_tim_ex.c ****       break;
 3469              		.loc 1 1222 7 view .LVU925
ARM GAS  C:\Users\sante\AppData\Local\Temp\cc9r4gT1.s 			page 127


 3470 00ce 2268     		ldr	r2, [r4]
 3471 00d0 D368     		ldr	r3, [r2, #12]
 3472 00d2 0420     		movs	r0, #4
 3473              	.LVL240:
1222:Drivers/STM32G0xx_HAL_Driver/Src/stm32g0xx_hal_tim_ex.c ****       break;
 3474              		.loc 1 1222 7 is_stmt 0 view .LVU926
 3475 00d4 0343     		orrs	r3, r0
 3476 00d6 D360     		str	r3, [r2, #12]
1223:Drivers/STM32G0xx_HAL_Driver/Src/stm32g0xx_hal_tim_ex.c ****     }
 3477              		.loc 1 1223 7 is_stmt 1 view .LVU927
1238:Drivers/STM32G0xx_HAL_Driver/Src/stm32g0xx_hal_tim_ex.c ****   {
 3478              		.loc 1 1238 3 view .LVU928
 3479 00d8 A8E7     		b	.L246
 3480              	.LVL241:
 3481              	.L256:
1208:Drivers/STM32G0xx_HAL_Driver/Src/stm32g0xx_hal_tim_ex.c **** 
 3482              		.loc 1 1208 3 is_stmt 0 discriminator 6 view .LVU929
 3483 00da 4623     		movs	r3, #70
 3484 00dc 0222     		movs	r2, #2
 3485 00de E254     		strb	r2, [r4, r3]
1210:Drivers/STM32G0xx_HAL_Driver/Src/stm32g0xx_hal_tim_ex.c ****   {
 3486              		.loc 1 1210 3 is_stmt 1 view .LVU930
 3487              	.L245:
1229:Drivers/STM32G0xx_HAL_Driver/Src/stm32g0xx_hal_tim_ex.c ****       break;
 3488              		.loc 1 1229 7 view .LVU931
 3489 00e0 2268     		ldr	r2, [r4]
 3490 00e2 D368     		ldr	r3, [r2, #12]
 3491 00e4 0820     		movs	r0, #8
 3492              	.LVL242:
1229:Drivers/STM32G0xx_HAL_Driver/Src/stm32g0xx_hal_tim_ex.c ****       break;
 3493              		.loc 1 1229 7 is_stmt 0 view .LVU932
 3494 00e6 0343     		orrs	r3, r0
 3495 00e8 D360     		str	r3, [r2, #12]
1230:Drivers/STM32G0xx_HAL_Driver/Src/stm32g0xx_hal_tim_ex.c ****     }
 3496              		.loc 1 1230 7 is_stmt 1 view .LVU933
1238:Drivers/STM32G0xx_HAL_Driver/Src/stm32g0xx_hal_tim_ex.c ****   {
 3497              		.loc 1 1238 3 view .LVU934
 3498 00ea 9FE7     		b	.L246
 3499              	.LVL243:
 3500              	.L247:
1252:Drivers/STM32G0xx_HAL_Driver/Src/stm32g0xx_hal_tim_ex.c ****       if (!IS_TIM_SLAVEMODE_TRIGGER_ENABLED(tmpsmcr))
 3501              		.loc 1 1252 7 view .LVU935
1252:Drivers/STM32G0xx_HAL_Driver/Src/stm32g0xx_hal_tim_ex.c ****       if (!IS_TIM_SLAVEMODE_TRIGGER_ENABLED(tmpsmcr))
 3502              		.loc 1 1252 31 is_stmt 0 view .LVU936
 3503 00ec 9A68     		ldr	r2, [r3, #8]
1252:Drivers/STM32G0xx_HAL_Driver/Src/stm32g0xx_hal_tim_ex.c ****       if (!IS_TIM_SLAVEMODE_TRIGGER_ENABLED(tmpsmcr))
 3504              		.loc 1 1252 15 view .LVU937
 3505 00ee 0D49     		ldr	r1, .L257+16
 3506 00f0 0A40     		ands	r2, r1
 3507              	.LVL244:
1253:Drivers/STM32G0xx_HAL_Driver/Src/stm32g0xx_hal_tim_ex.c ****       {
 3508              		.loc 1 1253 7 is_stmt 1 view .LVU938
1253:Drivers/STM32G0xx_HAL_Driver/Src/stm32g0xx_hal_tim_ex.c ****       {
 3509              		.loc 1 1253 10 is_stmt 0 view .LVU939
 3510 00f2 062A     		cmp	r2, #6
 3511 00f4 0AD0     		beq	.L251
1253:Drivers/STM32G0xx_HAL_Driver/Src/stm32g0xx_hal_tim_ex.c ****       {
ARM GAS  C:\Users\sante\AppData\Local\Temp\cc9r4gT1.s 			page 128


 3512              		.loc 1 1253 11 discriminator 1 view .LVU940
 3513 00f6 0739     		subs	r1, r1, #7
 3514 00f8 8A42     		cmp	r2, r1
 3515 00fa 09D0     		beq	.L252
1255:Drivers/STM32G0xx_HAL_Driver/Src/stm32g0xx_hal_tim_ex.c ****       }
 3516              		.loc 1 1255 9 is_stmt 1 view .LVU941
 3517 00fc 1A68     		ldr	r2, [r3]
 3518              	.LVL245:
1255:Drivers/STM32G0xx_HAL_Driver/Src/stm32g0xx_hal_tim_ex.c ****       }
 3519              		.loc 1 1255 9 is_stmt 0 view .LVU942
 3520 00fe 0121     		movs	r1, #1
 3521 0100 0A43     		orrs	r2, r1
 3522 0102 1A60     		str	r2, [r3]
 3523 0104 0020     		movs	r0, #0
 3524 0106 00E0     		b	.L239
 3525              	.LVL246:
 3526              	.L249:
1204:Drivers/STM32G0xx_HAL_Driver/Src/stm32g0xx_hal_tim_ex.c ****   }
 3527              		.loc 1 1204 12 view .LVU943
 3528 0108 0120     		movs	r0, #1
 3529              	.LVL247:
 3530              	.L239:
1266:Drivers/STM32G0xx_HAL_Driver/Src/stm32g0xx_hal_tim_ex.c **** 
 3531              		.loc 1 1266 1 view .LVU944
 3532              		@ sp needed
 3533              	.LVL248:
1266:Drivers/STM32G0xx_HAL_Driver/Src/stm32g0xx_hal_tim_ex.c **** 
 3534              		.loc 1 1266 1 view .LVU945
 3535 010a 10BD     		pop	{r4, pc}
 3536              	.LVL249:
 3537              	.L251:
1266:Drivers/STM32G0xx_HAL_Driver/Src/stm32g0xx_hal_tim_ex.c **** 
 3538              		.loc 1 1266 1 view .LVU946
 3539 010c 0020     		movs	r0, #0
 3540 010e FCE7     		b	.L239
 3541              	.L252:
 3542 0110 0020     		movs	r0, #0
 3543 0112 FAE7     		b	.L239
 3544              	.L258:
 3545              		.align	2
 3546              	.L257:
 3547 0114 002C0140 		.word	1073818624
 3548 0118 00040040 		.word	1073742848
 3549 011c 00080040 		.word	1073743872
 3550 0120 00400140 		.word	1073823744
 3551 0124 07000100 		.word	65543
 3552              		.cfi_endproc
 3553              	.LFE511:
 3555              		.section	.text.HAL_TIMEx_PWMN_Stop_IT,"ax",%progbits
 3556              		.align	1
 3557              		.global	HAL_TIMEx_PWMN_Stop_IT
 3558              		.syntax unified
 3559              		.code	16
 3560              		.thumb_func
 3562              	HAL_TIMEx_PWMN_Stop_IT:
 3563              	.LVL250:
 3564              	.LFB512:
ARM GAS  C:\Users\sante\AppData\Local\Temp\cc9r4gT1.s 			page 129


1280:Drivers/STM32G0xx_HAL_Driver/Src/stm32g0xx_hal_tim_ex.c ****   HAL_StatusTypeDef status = HAL_OK;
 3565              		.loc 1 1280 1 is_stmt 1 view -0
 3566              		.cfi_startproc
 3567              		@ args = 0, pretend = 0, frame = 0
 3568              		@ frame_needed = 0, uses_anonymous_args = 0
1280:Drivers/STM32G0xx_HAL_Driver/Src/stm32g0xx_hal_tim_ex.c ****   HAL_StatusTypeDef status = HAL_OK;
 3569              		.loc 1 1280 1 is_stmt 0 view .LVU948
 3570 0000 70B5     		push	{r4, r5, r6, lr}
 3571              		.cfi_def_cfa_offset 16
 3572              		.cfi_offset 4, -16
 3573              		.cfi_offset 5, -12
 3574              		.cfi_offset 6, -8
 3575              		.cfi_offset 14, -4
 3576 0002 0400     		movs	r4, r0
 3577 0004 0D00     		movs	r5, r1
1281:Drivers/STM32G0xx_HAL_Driver/Src/stm32g0xx_hal_tim_ex.c ****   uint32_t tmpccer;
 3578              		.loc 1 1281 3 is_stmt 1 view .LVU949
 3579              	.LVL251:
1282:Drivers/STM32G0xx_HAL_Driver/Src/stm32g0xx_hal_tim_ex.c **** 
 3580              		.loc 1 1282 3 view .LVU950
1285:Drivers/STM32G0xx_HAL_Driver/Src/stm32g0xx_hal_tim_ex.c **** 
 3581              		.loc 1 1285 3 view .LVU951
1287:Drivers/STM32G0xx_HAL_Driver/Src/stm32g0xx_hal_tim_ex.c ****   {
 3582              		.loc 1 1287 3 view .LVU952
 3583 0006 0429     		cmp	r1, #4
 3584 0008 37D0     		beq	.L260
 3585 000a 0829     		cmp	r1, #8
 3586 000c 3BD0     		beq	.L261
 3587 000e 0029     		cmp	r1, #0
 3588 0010 52D1     		bne	.L270
1292:Drivers/STM32G0xx_HAL_Driver/Src/stm32g0xx_hal_tim_ex.c ****       break;
 3589              		.loc 1 1292 7 view .LVU953
 3590 0012 0268     		ldr	r2, [r0]
 3591 0014 D368     		ldr	r3, [r2, #12]
 3592 0016 0221     		movs	r1, #2
 3593              	.LVL252:
1292:Drivers/STM32G0xx_HAL_Driver/Src/stm32g0xx_hal_tim_ex.c ****       break;
 3594              		.loc 1 1292 7 is_stmt 0 view .LVU954
 3595 0018 8B43     		bics	r3, r1
 3596 001a D360     		str	r3, [r2, #12]
1293:Drivers/STM32G0xx_HAL_Driver/Src/stm32g0xx_hal_tim_ex.c ****     }
 3597              		.loc 1 1293 7 is_stmt 1 view .LVU955
1315:Drivers/STM32G0xx_HAL_Driver/Src/stm32g0xx_hal_tim_ex.c ****   {
 3598              		.loc 1 1315 3 view .LVU956
 3599              	.L263:
1318:Drivers/STM32G0xx_HAL_Driver/Src/stm32g0xx_hal_tim_ex.c **** 
 3600              		.loc 1 1318 5 view .LVU957
 3601 001c 2068     		ldr	r0, [r4]
 3602              	.LVL253:
1318:Drivers/STM32G0xx_HAL_Driver/Src/stm32g0xx_hal_tim_ex.c **** 
 3603              		.loc 1 1318 5 is_stmt 0 view .LVU958
 3604 001e 0022     		movs	r2, #0
 3605 0020 2900     		movs	r1, r5
 3606 0022 FFF7FEFF 		bl	TIM_CCxNChannelCmd
 3607              	.LVL254:
1321:Drivers/STM32G0xx_HAL_Driver/Src/stm32g0xx_hal_tim_ex.c ****     if ((tmpccer & TIM_CCER_CCxNE_MASK) == (uint32_t)RESET)
 3608              		.loc 1 1321 5 is_stmt 1 view .LVU959
ARM GAS  C:\Users\sante\AppData\Local\Temp\cc9r4gT1.s 			page 130


1321:Drivers/STM32G0xx_HAL_Driver/Src/stm32g0xx_hal_tim_ex.c ****     if ((tmpccer & TIM_CCER_CCxNE_MASK) == (uint32_t)RESET)
 3609              		.loc 1 1321 19 is_stmt 0 view .LVU960
 3610 0026 2368     		ldr	r3, [r4]
1321:Drivers/STM32G0xx_HAL_Driver/Src/stm32g0xx_hal_tim_ex.c ****     if ((tmpccer & TIM_CCER_CCxNE_MASK) == (uint32_t)RESET)
 3611              		.loc 1 1321 13 view .LVU961
 3612 0028 196A     		ldr	r1, [r3, #32]
 3613              	.LVL255:
1322:Drivers/STM32G0xx_HAL_Driver/Src/stm32g0xx_hal_tim_ex.c ****     {
 3614              		.loc 1 1322 5 is_stmt 1 view .LVU962
1322:Drivers/STM32G0xx_HAL_Driver/Src/stm32g0xx_hal_tim_ex.c ****     {
 3615              		.loc 1 1322 18 is_stmt 0 view .LVU963
 3616 002a 244A     		ldr	r2, .L273
1322:Drivers/STM32G0xx_HAL_Driver/Src/stm32g0xx_hal_tim_ex.c ****     {
 3617              		.loc 1 1322 8 view .LVU964
 3618 002c 1142     		tst	r1, r2
 3619 002e 03D1     		bne	.L264
1324:Drivers/STM32G0xx_HAL_Driver/Src/stm32g0xx_hal_tim_ex.c ****     }
 3620              		.loc 1 1324 7 is_stmt 1 view .LVU965
 3621 0030 DA68     		ldr	r2, [r3, #12]
 3622 0032 8021     		movs	r1, #128
 3623              	.LVL256:
1324:Drivers/STM32G0xx_HAL_Driver/Src/stm32g0xx_hal_tim_ex.c ****     }
 3624              		.loc 1 1324 7 is_stmt 0 view .LVU966
 3625 0034 8A43     		bics	r2, r1
 3626 0036 DA60     		str	r2, [r3, #12]
 3627              	.L264:
1328:Drivers/STM32G0xx_HAL_Driver/Src/stm32g0xx_hal_tim_ex.c **** 
 3628              		.loc 1 1328 5 is_stmt 1 view .LVU967
1328:Drivers/STM32G0xx_HAL_Driver/Src/stm32g0xx_hal_tim_ex.c **** 
 3629              		.loc 1 1328 5 view .LVU968
 3630 0038 2368     		ldr	r3, [r4]
 3631 003a 196A     		ldr	r1, [r3, #32]
 3632 003c 204A     		ldr	r2, .L273+4
 3633 003e 1142     		tst	r1, r2
 3634 0040 07D1     		bne	.L265
1328:Drivers/STM32G0xx_HAL_Driver/Src/stm32g0xx_hal_tim_ex.c **** 
 3635              		.loc 1 1328 5 discriminator 1 view .LVU969
 3636 0042 196A     		ldr	r1, [r3, #32]
 3637 0044 1D4A     		ldr	r2, .L273
 3638 0046 1142     		tst	r1, r2
 3639 0048 03D1     		bne	.L265
1328:Drivers/STM32G0xx_HAL_Driver/Src/stm32g0xx_hal_tim_ex.c **** 
 3640              		.loc 1 1328 5 discriminator 3 view .LVU970
 3641 004a 5A6C     		ldr	r2, [r3, #68]
 3642 004c 1D49     		ldr	r1, .L273+8
 3643 004e 0A40     		ands	r2, r1
 3644 0050 5A64     		str	r2, [r3, #68]
 3645              	.L265:
1328:Drivers/STM32G0xx_HAL_Driver/Src/stm32g0xx_hal_tim_ex.c **** 
 3646              		.loc 1 1328 5 discriminator 5 view .LVU971
1331:Drivers/STM32G0xx_HAL_Driver/Src/stm32g0xx_hal_tim_ex.c **** 
 3647              		.loc 1 1331 5 view .LVU972
1331:Drivers/STM32G0xx_HAL_Driver/Src/stm32g0xx_hal_tim_ex.c **** 
 3648              		.loc 1 1331 5 view .LVU973
 3649 0052 2368     		ldr	r3, [r4]
 3650 0054 196A     		ldr	r1, [r3, #32]
 3651 0056 1A4A     		ldr	r2, .L273+4
ARM GAS  C:\Users\sante\AppData\Local\Temp\cc9r4gT1.s 			page 131


 3652 0058 1142     		tst	r1, r2
 3653 005a 07D1     		bne	.L266
1331:Drivers/STM32G0xx_HAL_Driver/Src/stm32g0xx_hal_tim_ex.c **** 
 3654              		.loc 1 1331 5 discriminator 1 view .LVU974
 3655 005c 196A     		ldr	r1, [r3, #32]
 3656 005e 174A     		ldr	r2, .L273
 3657 0060 1142     		tst	r1, r2
 3658 0062 03D1     		bne	.L266
1331:Drivers/STM32G0xx_HAL_Driver/Src/stm32g0xx_hal_tim_ex.c **** 
 3659              		.loc 1 1331 5 discriminator 3 view .LVU975
 3660 0064 1A68     		ldr	r2, [r3]
 3661 0066 0121     		movs	r1, #1
 3662 0068 8A43     		bics	r2, r1
 3663 006a 1A60     		str	r2, [r3]
 3664              	.L266:
1331:Drivers/STM32G0xx_HAL_Driver/Src/stm32g0xx_hal_tim_ex.c **** 
 3665              		.loc 1 1331 5 discriminator 5 view .LVU976
1334:Drivers/STM32G0xx_HAL_Driver/Src/stm32g0xx_hal_tim_ex.c ****   }
 3666              		.loc 1 1334 5 view .LVU977
 3667 006c 002D     		cmp	r5, #0
 3668 006e 10D1     		bne	.L267
1334:Drivers/STM32G0xx_HAL_Driver/Src/stm32g0xx_hal_tim_ex.c ****   }
 3669              		.loc 1 1334 5 is_stmt 0 discriminator 1 view .LVU978
 3670 0070 4423     		movs	r3, #68
 3671 0072 0122     		movs	r2, #1
 3672 0074 E254     		strb	r2, [r4, r3]
 3673 0076 0020     		movs	r0, #0
 3674              	.LVL257:
 3675              	.L262:
1338:Drivers/STM32G0xx_HAL_Driver/Src/stm32g0xx_hal_tim_ex.c **** }
 3676              		.loc 1 1338 3 is_stmt 1 view .LVU979
1339:Drivers/STM32G0xx_HAL_Driver/Src/stm32g0xx_hal_tim_ex.c **** 
 3677              		.loc 1 1339 1 is_stmt 0 view .LVU980
 3678              		@ sp needed
 3679              	.LVL258:
 3680              	.LVL259:
1339:Drivers/STM32G0xx_HAL_Driver/Src/stm32g0xx_hal_tim_ex.c **** 
 3681              		.loc 1 1339 1 view .LVU981
 3682 0078 70BD     		pop	{r4, r5, r6, pc}
 3683              	.LVL260:
 3684              	.L260:
1299:Drivers/STM32G0xx_HAL_Driver/Src/stm32g0xx_hal_tim_ex.c ****       break;
 3685              		.loc 1 1299 7 is_stmt 1 view .LVU982
 3686 007a 0268     		ldr	r2, [r0]
 3687 007c D368     		ldr	r3, [r2, #12]
 3688 007e 0421     		movs	r1, #4
 3689              	.LVL261:
1299:Drivers/STM32G0xx_HAL_Driver/Src/stm32g0xx_hal_tim_ex.c ****       break;
 3690              		.loc 1 1299 7 is_stmt 0 view .LVU983
 3691 0080 8B43     		bics	r3, r1
 3692 0082 D360     		str	r3, [r2, #12]
1300:Drivers/STM32G0xx_HAL_Driver/Src/stm32g0xx_hal_tim_ex.c ****     }
 3693              		.loc 1 1300 7 is_stmt 1 view .LVU984
1315:Drivers/STM32G0xx_HAL_Driver/Src/stm32g0xx_hal_tim_ex.c ****   {
 3694              		.loc 1 1315 3 view .LVU985
 3695 0084 CAE7     		b	.L263
 3696              	.LVL262:
ARM GAS  C:\Users\sante\AppData\Local\Temp\cc9r4gT1.s 			page 132


 3697              	.L261:
1306:Drivers/STM32G0xx_HAL_Driver/Src/stm32g0xx_hal_tim_ex.c ****       break;
 3698              		.loc 1 1306 7 view .LVU986
 3699 0086 0268     		ldr	r2, [r0]
 3700 0088 D368     		ldr	r3, [r2, #12]
 3701 008a 0821     		movs	r1, #8
 3702              	.LVL263:
1306:Drivers/STM32G0xx_HAL_Driver/Src/stm32g0xx_hal_tim_ex.c ****       break;
 3703              		.loc 1 1306 7 is_stmt 0 view .LVU987
 3704 008c 8B43     		bics	r3, r1
 3705 008e D360     		str	r3, [r2, #12]
1307:Drivers/STM32G0xx_HAL_Driver/Src/stm32g0xx_hal_tim_ex.c ****     }
 3706              		.loc 1 1307 7 is_stmt 1 view .LVU988
1315:Drivers/STM32G0xx_HAL_Driver/Src/stm32g0xx_hal_tim_ex.c ****   {
 3707              		.loc 1 1315 3 view .LVU989
 3708 0090 C4E7     		b	.L263
 3709              	.LVL264:
 3710              	.L267:
1334:Drivers/STM32G0xx_HAL_Driver/Src/stm32g0xx_hal_tim_ex.c ****   }
 3711              		.loc 1 1334 5 is_stmt 0 discriminator 2 view .LVU990
 3712 0092 042D     		cmp	r5, #4
 3713 0094 06D0     		beq	.L271
1334:Drivers/STM32G0xx_HAL_Driver/Src/stm32g0xx_hal_tim_ex.c ****   }
 3714              		.loc 1 1334 5 discriminator 4 view .LVU991
 3715 0096 082D     		cmp	r5, #8
 3716 0098 09D0     		beq	.L272
1334:Drivers/STM32G0xx_HAL_Driver/Src/stm32g0xx_hal_tim_ex.c ****   }
 3717              		.loc 1 1334 5 discriminator 7 view .LVU992
 3718 009a 4723     		movs	r3, #71
 3719 009c 0122     		movs	r2, #1
 3720 009e E254     		strb	r2, [r4, r3]
 3721 00a0 0020     		movs	r0, #0
 3722 00a2 E9E7     		b	.L262
 3723              	.L271:
1334:Drivers/STM32G0xx_HAL_Driver/Src/stm32g0xx_hal_tim_ex.c ****   }
 3724              		.loc 1 1334 5 discriminator 3 view .LVU993
 3725 00a4 4523     		movs	r3, #69
 3726 00a6 0122     		movs	r2, #1
 3727 00a8 E254     		strb	r2, [r4, r3]
 3728 00aa 0020     		movs	r0, #0
 3729 00ac E4E7     		b	.L262
 3730              	.L272:
1334:Drivers/STM32G0xx_HAL_Driver/Src/stm32g0xx_hal_tim_ex.c ****   }
 3731              		.loc 1 1334 5 discriminator 6 view .LVU994
 3732 00ae 4623     		movs	r3, #70
 3733 00b0 0122     		movs	r2, #1
 3734 00b2 E254     		strb	r2, [r4, r3]
 3735 00b4 0020     		movs	r0, #0
 3736 00b6 DFE7     		b	.L262
 3737              	.LVL265:
 3738              	.L270:
1287:Drivers/STM32G0xx_HAL_Driver/Src/stm32g0xx_hal_tim_ex.c ****   {
 3739              		.loc 1 1287 3 view .LVU995
 3740 00b8 0120     		movs	r0, #1
 3741              	.LVL266:
1287:Drivers/STM32G0xx_HAL_Driver/Src/stm32g0xx_hal_tim_ex.c ****   {
 3742              		.loc 1 1287 3 view .LVU996
ARM GAS  C:\Users\sante\AppData\Local\Temp\cc9r4gT1.s 			page 133


 3743 00ba DDE7     		b	.L262
 3744              	.L274:
 3745              		.align	2
 3746              	.L273:
 3747 00bc 44040000 		.word	1092
 3748 00c0 11110000 		.word	4369
 3749 00c4 FF7FFFFF 		.word	-32769
 3750              		.cfi_endproc
 3751              	.LFE512:
 3753              		.section	.text.HAL_TIMEx_PWMN_Start_DMA,"ax",%progbits
 3754              		.align	1
 3755              		.global	HAL_TIMEx_PWMN_Start_DMA
 3756              		.syntax unified
 3757              		.code	16
 3758              		.thumb_func
 3760              	HAL_TIMEx_PWMN_Start_DMA:
 3761              	.LVL267:
 3762              	.LFB513:
1356:Drivers/STM32G0xx_HAL_Driver/Src/stm32g0xx_hal_tim_ex.c ****   HAL_StatusTypeDef status = HAL_OK;
 3763              		.loc 1 1356 1 is_stmt 1 view -0
 3764              		.cfi_startproc
 3765              		@ args = 0, pretend = 0, frame = 0
 3766              		@ frame_needed = 0, uses_anonymous_args = 0
1356:Drivers/STM32G0xx_HAL_Driver/Src/stm32g0xx_hal_tim_ex.c ****   HAL_StatusTypeDef status = HAL_OK;
 3767              		.loc 1 1356 1 is_stmt 0 view .LVU998
 3768 0000 70B5     		push	{r4, r5, r6, lr}
 3769              		.cfi_def_cfa_offset 16
 3770              		.cfi_offset 4, -16
 3771              		.cfi_offset 5, -12
 3772              		.cfi_offset 6, -8
 3773              		.cfi_offset 14, -4
 3774 0002 0600     		movs	r6, r0
 3775 0004 0D00     		movs	r5, r1
 3776 0006 1100     		movs	r1, r2
 3777              	.LVL268:
1357:Drivers/STM32G0xx_HAL_Driver/Src/stm32g0xx_hal_tim_ex.c ****   uint32_t tmpsmcr;
 3778              		.loc 1 1357 3 is_stmt 1 view .LVU999
1358:Drivers/STM32G0xx_HAL_Driver/Src/stm32g0xx_hal_tim_ex.c **** 
 3779              		.loc 1 1358 3 view .LVU1000
1361:Drivers/STM32G0xx_HAL_Driver/Src/stm32g0xx_hal_tim_ex.c **** 
 3780              		.loc 1 1361 3 view .LVU1001
1364:Drivers/STM32G0xx_HAL_Driver/Src/stm32g0xx_hal_tim_ex.c ****   {
 3781              		.loc 1 1364 3 view .LVU1002
1364:Drivers/STM32G0xx_HAL_Driver/Src/stm32g0xx_hal_tim_ex.c ****   {
 3782              		.loc 1 1364 46 is_stmt 0 view .LVU1003
 3783 0008 002D     		cmp	r5, #0
 3784 000a 5AD1     		bne	.L276
1364:Drivers/STM32G0xx_HAL_Driver/Src/stm32g0xx_hal_tim_ex.c ****   {
 3785              		.loc 1 1364 7 discriminator 1 view .LVU1004
 3786 000c 4422     		movs	r2, #68
 3787              	.LVL269:
1364:Drivers/STM32G0xx_HAL_Driver/Src/stm32g0xx_hal_tim_ex.c ****   {
 3788              		.loc 1 1364 7 discriminator 1 view .LVU1005
 3789 000e 845C     		ldrb	r4, [r0, r2]
1364:Drivers/STM32G0xx_HAL_Driver/Src/stm32g0xx_hal_tim_ex.c ****   {
 3790              		.loc 1 1364 46 discriminator 1 view .LVU1006
 3791 0010 023C     		subs	r4, r4, #2
ARM GAS  C:\Users\sante\AppData\Local\Temp\cc9r4gT1.s 			page 134


 3792 0012 6242     		rsbs	r2, r4, #0
 3793 0014 5441     		adcs	r4, r4, r2
 3794 0016 E4B2     		uxtb	r4, r4
 3795              	.L277:
1364:Drivers/STM32G0xx_HAL_Driver/Src/stm32g0xx_hal_tim_ex.c ****   {
 3796              		.loc 1 1364 6 discriminator 12 view .LVU1007
 3797 0018 002C     		cmp	r4, #0
 3798 001a 00D0     		beq	.LCB3585
 3799 001c D4E0     		b	.L294	@long jump
 3800              	.LCB3585:
1368:Drivers/STM32G0xx_HAL_Driver/Src/stm32g0xx_hal_tim_ex.c ****   {
 3801              		.loc 1 1368 8 is_stmt 1 view .LVU1008
1368:Drivers/STM32G0xx_HAL_Driver/Src/stm32g0xx_hal_tim_ex.c ****   {
 3802              		.loc 1 1368 51 is_stmt 0 view .LVU1009
 3803 001e 002D     		cmp	r5, #0
 3804 0020 68D1     		bne	.L281
1368:Drivers/STM32G0xx_HAL_Driver/Src/stm32g0xx_hal_tim_ex.c ****   {
 3805              		.loc 1 1368 12 discriminator 1 view .LVU1010
 3806 0022 4422     		movs	r2, #68
 3807 0024 B25C     		ldrb	r2, [r6, r2]
1368:Drivers/STM32G0xx_HAL_Driver/Src/stm32g0xx_hal_tim_ex.c ****   {
 3808              		.loc 1 1368 51 discriminator 1 view .LVU1011
 3809 0026 013A     		subs	r2, r2, #1
 3810 0028 5042     		rsbs	r0, r2, #0
 3811 002a 4241     		adcs	r2, r2, r0
 3812              	.LVL270:
1368:Drivers/STM32G0xx_HAL_Driver/Src/stm32g0xx_hal_tim_ex.c ****   {
 3813              		.loc 1 1368 51 discriminator 1 view .LVU1012
 3814 002c D2B2     		uxtb	r2, r2
 3815              	.L282:
1368:Drivers/STM32G0xx_HAL_Driver/Src/stm32g0xx_hal_tim_ex.c ****   {
 3816              		.loc 1 1368 11 discriminator 12 view .LVU1013
 3817 002e 002A     		cmp	r2, #0
 3818 0030 00D1     		bne	.LCB3599
 3819 0032 CBE0     		b	.L295	@long jump
 3820              	.LCB3599:
1370:Drivers/STM32G0xx_HAL_Driver/Src/stm32g0xx_hal_tim_ex.c ****     {
 3821              		.loc 1 1370 5 is_stmt 1 view .LVU1014
1370:Drivers/STM32G0xx_HAL_Driver/Src/stm32g0xx_hal_tim_ex.c ****     {
 3822              		.loc 1 1370 8 is_stmt 0 view .LVU1015
 3823 0034 0029     		cmp	r1, #0
 3824 0036 00D1     		bne	.LCB3602
 3825 0038 CAE0     		b	.L296	@long jump
 3826              	.LCB3602:
1370:Drivers/STM32G0xx_HAL_Driver/Src/stm32g0xx_hal_tim_ex.c ****     {
 3827              		.loc 1 1370 25 discriminator 1 view .LVU1016
 3828 003a 002B     		cmp	r3, #0
 3829 003c 00D1     		bne	.LCB3604
 3830 003e C9E0     		b	.L297	@long jump
 3831              	.LCB3604:
1376:Drivers/STM32G0xx_HAL_Driver/Src/stm32g0xx_hal_tim_ex.c ****     }
 3832              		.loc 1 1376 7 is_stmt 1 view .LVU1017
 3833 0040 002D     		cmp	r5, #0
 3834 0042 70D1     		bne	.L285
1376:Drivers/STM32G0xx_HAL_Driver/Src/stm32g0xx_hal_tim_ex.c ****     }
 3835              		.loc 1 1376 7 is_stmt 0 discriminator 1 view .LVU1018
 3836 0044 4422     		movs	r2, #68
ARM GAS  C:\Users\sante\AppData\Local\Temp\cc9r4gT1.s 			page 135


 3837 0046 0220     		movs	r0, #2
 3838 0048 B054     		strb	r0, [r6, r2]
1384:Drivers/STM32G0xx_HAL_Driver/Src/stm32g0xx_hal_tim_ex.c ****   {
 3839              		.loc 1 1384 3 is_stmt 1 view .LVU1019
 3840              	.L286:
1389:Drivers/STM32G0xx_HAL_Driver/Src/stm32g0xx_hal_tim_ex.c ****       htim->hdma[TIM_DMA_ID_CC1]->XferHalfCpltCallback = TIM_DMADelayPulseHalfCplt;
 3841              		.loc 1 1389 7 view .LVU1020
1389:Drivers/STM32G0xx_HAL_Driver/Src/stm32g0xx_hal_tim_ex.c ****       htim->hdma[TIM_DMA_ID_CC1]->XferHalfCpltCallback = TIM_DMADelayPulseHalfCplt;
 3842              		.loc 1 1389 17 is_stmt 0 view .LVU1021
 3843 004a 726A     		ldr	r2, [r6, #36]
1389:Drivers/STM32G0xx_HAL_Driver/Src/stm32g0xx_hal_tim_ex.c ****       htim->hdma[TIM_DMA_ID_CC1]->XferHalfCpltCallback = TIM_DMADelayPulseHalfCplt;
 3844              		.loc 1 1389 52 view .LVU1022
 3845 004c 6748     		ldr	r0, .L310
 3846 004e D062     		str	r0, [r2, #44]
1390:Drivers/STM32G0xx_HAL_Driver/Src/stm32g0xx_hal_tim_ex.c **** 
 3847              		.loc 1 1390 7 is_stmt 1 view .LVU1023
1390:Drivers/STM32G0xx_HAL_Driver/Src/stm32g0xx_hal_tim_ex.c **** 
 3848              		.loc 1 1390 17 is_stmt 0 view .LVU1024
 3849 0050 726A     		ldr	r2, [r6, #36]
1390:Drivers/STM32G0xx_HAL_Driver/Src/stm32g0xx_hal_tim_ex.c **** 
 3850              		.loc 1 1390 56 view .LVU1025
 3851 0052 6748     		ldr	r0, .L310+4
 3852 0054 1063     		str	r0, [r2, #48]
1393:Drivers/STM32G0xx_HAL_Driver/Src/stm32g0xx_hal_tim_ex.c **** 
 3853              		.loc 1 1393 7 is_stmt 1 view .LVU1026
1393:Drivers/STM32G0xx_HAL_Driver/Src/stm32g0xx_hal_tim_ex.c **** 
 3854              		.loc 1 1393 17 is_stmt 0 view .LVU1027
 3855 0056 726A     		ldr	r2, [r6, #36]
1393:Drivers/STM32G0xx_HAL_Driver/Src/stm32g0xx_hal_tim_ex.c **** 
 3856              		.loc 1 1393 53 view .LVU1028
 3857 0058 6648     		ldr	r0, .L310+8
 3858 005a 5063     		str	r0, [r2, #52]
1396:Drivers/STM32G0xx_HAL_Driver/Src/stm32g0xx_hal_tim_ex.c ****                            Length) != HAL_OK)
 3859              		.loc 1 1396 7 is_stmt 1 view .LVU1029
1396:Drivers/STM32G0xx_HAL_Driver/Src/stm32g0xx_hal_tim_ex.c ****                            Length) != HAL_OK)
 3860              		.loc 1 1396 88 is_stmt 0 view .LVU1030
 3861 005c 3268     		ldr	r2, [r6]
1396:Drivers/STM32G0xx_HAL_Driver/Src/stm32g0xx_hal_tim_ex.c ****                            Length) != HAL_OK)
 3862              		.loc 1 1396 83 view .LVU1031
 3863 005e 3432     		adds	r2, r2, #52
1396:Drivers/STM32G0xx_HAL_Driver/Src/stm32g0xx_hal_tim_ex.c ****                            Length) != HAL_OK)
 3864              		.loc 1 1396 11 view .LVU1032
 3865 0060 706A     		ldr	r0, [r6, #36]
 3866 0062 FFF7FEFF 		bl	HAL_DMA_Start_IT
 3867              	.LVL271:
1396:Drivers/STM32G0xx_HAL_Driver/Src/stm32g0xx_hal_tim_ex.c ****                            Length) != HAL_OK)
 3868              		.loc 1 1396 10 discriminator 1 view .LVU1033
 3869 0066 0028     		cmp	r0, #0
 3870 0068 00D0     		beq	.LCB3636
 3871 006a B5E0     		b	.L299	@long jump
 3872              	.LCB3636:
1403:Drivers/STM32G0xx_HAL_Driver/Src/stm32g0xx_hal_tim_ex.c ****       break;
 3873              		.loc 1 1403 7 is_stmt 1 view .LVU1034
 3874 006c 3268     		ldr	r2, [r6]
 3875 006e D168     		ldr	r1, [r2, #12]
 3876 0070 8023     		movs	r3, #128
 3877 0072 9B00     		lsls	r3, r3, #2
ARM GAS  C:\Users\sante\AppData\Local\Temp\cc9r4gT1.s 			page 136


 3878 0074 0B43     		orrs	r3, r1
 3879 0076 D360     		str	r3, [r2, #12]
1404:Drivers/STM32G0xx_HAL_Driver/Src/stm32g0xx_hal_tim_ex.c ****     }
 3880              		.loc 1 1404 7 view .LVU1035
1454:Drivers/STM32G0xx_HAL_Driver/Src/stm32g0xx_hal_tim_ex.c ****   {
 3881              		.loc 1 1454 3 view .LVU1036
 3882              	.L291:
1457:Drivers/STM32G0xx_HAL_Driver/Src/stm32g0xx_hal_tim_ex.c **** 
 3883              		.loc 1 1457 5 view .LVU1037
 3884 0078 3068     		ldr	r0, [r6]
 3885 007a 0422     		movs	r2, #4
 3886 007c 2900     		movs	r1, r5
 3887 007e FFF7FEFF 		bl	TIM_CCxNChannelCmd
 3888              	.LVL272:
1460:Drivers/STM32G0xx_HAL_Driver/Src/stm32g0xx_hal_tim_ex.c **** 
 3889              		.loc 1 1460 5 view .LVU1038
 3890 0082 3268     		ldr	r2, [r6]
 3891 0084 516C     		ldr	r1, [r2, #68]
 3892 0086 8023     		movs	r3, #128
 3893 0088 1B02     		lsls	r3, r3, #8
 3894 008a 0B43     		orrs	r3, r1
 3895 008c 5364     		str	r3, [r2, #68]
1463:Drivers/STM32G0xx_HAL_Driver/Src/stm32g0xx_hal_tim_ex.c ****     {
 3896              		.loc 1 1463 5 view .LVU1039
1463:Drivers/STM32G0xx_HAL_Driver/Src/stm32g0xx_hal_tim_ex.c ****     {
 3897              		.loc 1 1463 9 is_stmt 0 view .LVU1040
 3898 008e 3368     		ldr	r3, [r6]
1463:Drivers/STM32G0xx_HAL_Driver/Src/stm32g0xx_hal_tim_ex.c ****     {
 3899              		.loc 1 1463 8 view .LVU1041
 3900 0090 594A     		ldr	r2, .L310+12
 3901 0092 9342     		cmp	r3, r2
 3902 0094 00D1     		bne	.LCB3666
 3903 0096 89E0     		b	.L292	@long jump
 3904              	.LCB3666:
1463:Drivers/STM32G0xx_HAL_Driver/Src/stm32g0xx_hal_tim_ex.c ****     {
 3905              		.loc 1 1463 9 discriminator 1 view .LVU1042
 3906 0098 8022     		movs	r2, #128
 3907 009a D205     		lsls	r2, r2, #23
 3908 009c 9342     		cmp	r3, r2
 3909 009e 00D1     		bne	.LCB3670
 3910 00a0 84E0     		b	.L292	@long jump
 3911              	.LCB3670:
1463:Drivers/STM32G0xx_HAL_Driver/Src/stm32g0xx_hal_tim_ex.c ****     {
 3912              		.loc 1 1463 9 discriminator 2 view .LVU1043
 3913 00a2 564A     		ldr	r2, .L310+16
 3914 00a4 9342     		cmp	r3, r2
 3915 00a6 00D1     		bne	.LCB3673
 3916 00a8 80E0     		b	.L292	@long jump
 3917              	.LCB3673:
1463:Drivers/STM32G0xx_HAL_Driver/Src/stm32g0xx_hal_tim_ex.c ****     {
 3918              		.loc 1 1463 9 discriminator 3 view .LVU1044
 3919 00aa 554A     		ldr	r2, .L310+20
 3920 00ac 9342     		cmp	r3, r2
 3921 00ae 7DD0     		beq	.L292
1463:Drivers/STM32G0xx_HAL_Driver/Src/stm32g0xx_hal_tim_ex.c ****     {
 3922              		.loc 1 1463 9 discriminator 4 view .LVU1045
 3923 00b0 544A     		ldr	r2, .L310+24
ARM GAS  C:\Users\sante\AppData\Local\Temp\cc9r4gT1.s 			page 137


 3924 00b2 9342     		cmp	r3, r2
 3925 00b4 7AD0     		beq	.L292
1473:Drivers/STM32G0xx_HAL_Driver/Src/stm32g0xx_hal_tim_ex.c ****     }
 3926              		.loc 1 1473 7 is_stmt 1 view .LVU1046
 3927 00b6 1A68     		ldr	r2, [r3]
 3928 00b8 0121     		movs	r1, #1
 3929 00ba 0A43     		orrs	r2, r1
 3930 00bc 1A60     		str	r2, [r3]
 3931 00be 0020     		movs	r0, #0
 3932 00c0 85E0     		b	.L280
 3933              	.LVL273:
 3934              	.L276:
1364:Drivers/STM32G0xx_HAL_Driver/Src/stm32g0xx_hal_tim_ex.c ****   {
 3935              		.loc 1 1364 46 is_stmt 0 discriminator 2 view .LVU1047
 3936 00c2 042D     		cmp	r5, #4
 3937 00c4 08D0     		beq	.L304
1364:Drivers/STM32G0xx_HAL_Driver/Src/stm32g0xx_hal_tim_ex.c ****   {
 3938              		.loc 1 1364 46 discriminator 5 view .LVU1048
 3939 00c6 082D     		cmp	r5, #8
 3940 00c8 0DD0     		beq	.L305
1364:Drivers/STM32G0xx_HAL_Driver/Src/stm32g0xx_hal_tim_ex.c ****   {
 3941              		.loc 1 1364 7 discriminator 8 view .LVU1049
 3942 00ca 4722     		movs	r2, #71
 3943 00cc 845C     		ldrb	r4, [r0, r2]
1364:Drivers/STM32G0xx_HAL_Driver/Src/stm32g0xx_hal_tim_ex.c ****   {
 3944              		.loc 1 1364 46 discriminator 8 view .LVU1050
 3945 00ce 023C     		subs	r4, r4, #2
 3946 00d0 6242     		rsbs	r2, r4, #0
 3947 00d2 5441     		adcs	r4, r4, r2
 3948 00d4 E4B2     		uxtb	r4, r4
 3949 00d6 9FE7     		b	.L277
 3950              	.L304:
1364:Drivers/STM32G0xx_HAL_Driver/Src/stm32g0xx_hal_tim_ex.c ****   {
 3951              		.loc 1 1364 7 discriminator 4 view .LVU1051
 3952 00d8 4522     		movs	r2, #69
 3953 00da 845C     		ldrb	r4, [r0, r2]
1364:Drivers/STM32G0xx_HAL_Driver/Src/stm32g0xx_hal_tim_ex.c ****   {
 3954              		.loc 1 1364 46 discriminator 4 view .LVU1052
 3955 00dc 023C     		subs	r4, r4, #2
 3956 00de 6242     		rsbs	r2, r4, #0
 3957 00e0 5441     		adcs	r4, r4, r2
 3958 00e2 E4B2     		uxtb	r4, r4
 3959 00e4 98E7     		b	.L277
 3960              	.L305:
1364:Drivers/STM32G0xx_HAL_Driver/Src/stm32g0xx_hal_tim_ex.c ****   {
 3961              		.loc 1 1364 7 discriminator 7 view .LVU1053
 3962 00e6 4622     		movs	r2, #70
 3963 00e8 845C     		ldrb	r4, [r0, r2]
1364:Drivers/STM32G0xx_HAL_Driver/Src/stm32g0xx_hal_tim_ex.c ****   {
 3964              		.loc 1 1364 46 discriminator 7 view .LVU1054
 3965 00ea 023C     		subs	r4, r4, #2
 3966 00ec 6242     		rsbs	r2, r4, #0
 3967 00ee 5441     		adcs	r4, r4, r2
 3968 00f0 E4B2     		uxtb	r4, r4
 3969 00f2 91E7     		b	.L277
 3970              	.L281:
1368:Drivers/STM32G0xx_HAL_Driver/Src/stm32g0xx_hal_tim_ex.c ****   {
ARM GAS  C:\Users\sante\AppData\Local\Temp\cc9r4gT1.s 			page 138


 3971              		.loc 1 1368 51 discriminator 2 view .LVU1055
 3972 00f4 042D     		cmp	r5, #4
 3973 00f6 08D0     		beq	.L306
1368:Drivers/STM32G0xx_HAL_Driver/Src/stm32g0xx_hal_tim_ex.c ****   {
 3974              		.loc 1 1368 51 discriminator 5 view .LVU1056
 3975 00f8 082D     		cmp	r5, #8
 3976 00fa 0DD0     		beq	.L307
1368:Drivers/STM32G0xx_HAL_Driver/Src/stm32g0xx_hal_tim_ex.c ****   {
 3977              		.loc 1 1368 12 discriminator 8 view .LVU1057
 3978 00fc 4722     		movs	r2, #71
 3979 00fe B25C     		ldrb	r2, [r6, r2]
1368:Drivers/STM32G0xx_HAL_Driver/Src/stm32g0xx_hal_tim_ex.c ****   {
 3980              		.loc 1 1368 51 discriminator 8 view .LVU1058
 3981 0100 013A     		subs	r2, r2, #1
 3982 0102 5042     		rsbs	r0, r2, #0
 3983 0104 4241     		adcs	r2, r2, r0
 3984              	.LVL274:
1368:Drivers/STM32G0xx_HAL_Driver/Src/stm32g0xx_hal_tim_ex.c ****   {
 3985              		.loc 1 1368 51 discriminator 8 view .LVU1059
 3986 0106 D2B2     		uxtb	r2, r2
 3987 0108 91E7     		b	.L282
 3988              	.LVL275:
 3989              	.L306:
1368:Drivers/STM32G0xx_HAL_Driver/Src/stm32g0xx_hal_tim_ex.c ****   {
 3990              		.loc 1 1368 12 discriminator 4 view .LVU1060
 3991 010a 4522     		movs	r2, #69
 3992 010c B25C     		ldrb	r2, [r6, r2]
1368:Drivers/STM32G0xx_HAL_Driver/Src/stm32g0xx_hal_tim_ex.c ****   {
 3993              		.loc 1 1368 51 discriminator 4 view .LVU1061
 3994 010e 013A     		subs	r2, r2, #1
 3995 0110 5042     		rsbs	r0, r2, #0
 3996 0112 4241     		adcs	r2, r2, r0
 3997              	.LVL276:
1368:Drivers/STM32G0xx_HAL_Driver/Src/stm32g0xx_hal_tim_ex.c ****   {
 3998              		.loc 1 1368 51 discriminator 4 view .LVU1062
 3999 0114 D2B2     		uxtb	r2, r2
 4000 0116 8AE7     		b	.L282
 4001              	.LVL277:
 4002              	.L307:
1368:Drivers/STM32G0xx_HAL_Driver/Src/stm32g0xx_hal_tim_ex.c ****   {
 4003              		.loc 1 1368 12 discriminator 7 view .LVU1063
 4004 0118 4622     		movs	r2, #70
 4005 011a B25C     		ldrb	r2, [r6, r2]
1368:Drivers/STM32G0xx_HAL_Driver/Src/stm32g0xx_hal_tim_ex.c ****   {
 4006              		.loc 1 1368 51 discriminator 7 view .LVU1064
 4007 011c 013A     		subs	r2, r2, #1
 4008 011e 5042     		rsbs	r0, r2, #0
 4009 0120 4241     		adcs	r2, r2, r0
 4010              	.LVL278:
1368:Drivers/STM32G0xx_HAL_Driver/Src/stm32g0xx_hal_tim_ex.c ****   {
 4011              		.loc 1 1368 51 discriminator 7 view .LVU1065
 4012 0122 D2B2     		uxtb	r2, r2
 4013 0124 83E7     		b	.L282
 4014              	.L285:
1376:Drivers/STM32G0xx_HAL_Driver/Src/stm32g0xx_hal_tim_ex.c ****     }
 4015              		.loc 1 1376 7 discriminator 2 view .LVU1066
 4016 0126 042D     		cmp	r5, #4
ARM GAS  C:\Users\sante\AppData\Local\Temp\cc9r4gT1.s 			page 139


 4017 0128 0CD0     		beq	.L308
1376:Drivers/STM32G0xx_HAL_Driver/Src/stm32g0xx_hal_tim_ex.c ****     }
 4018              		.loc 1 1376 7 discriminator 4 view .LVU1067
 4019 012a 082D     		cmp	r5, #8
 4020 012c 24D0     		beq	.L309
1376:Drivers/STM32G0xx_HAL_Driver/Src/stm32g0xx_hal_tim_ex.c ****     }
 4021              		.loc 1 1376 7 discriminator 7 view .LVU1068
 4022 012e 4722     		movs	r2, #71
 4023 0130 0220     		movs	r0, #2
 4024 0132 B054     		strb	r0, [r6, r2]
1384:Drivers/STM32G0xx_HAL_Driver/Src/stm32g0xx_hal_tim_ex.c ****   {
 4025              		.loc 1 1384 3 is_stmt 1 view .LVU1069
 4026 0134 042D     		cmp	r5, #4
 4027 0136 08D0     		beq	.L288
 4028 0138 082D     		cmp	r5, #8
 4029 013a 20D0     		beq	.L290
 4030 013c 002D     		cmp	r5, #0
 4031 013e 84D0     		beq	.L286
 4032 0140 0120     		movs	r0, #1
 4033 0142 44E0     		b	.L280
 4034              	.L308:
1376:Drivers/STM32G0xx_HAL_Driver/Src/stm32g0xx_hal_tim_ex.c ****     }
 4035              		.loc 1 1376 7 is_stmt 0 discriminator 3 view .LVU1070
 4036 0144 4522     		movs	r2, #69
 4037 0146 0220     		movs	r0, #2
 4038 0148 B054     		strb	r0, [r6, r2]
1384:Drivers/STM32G0xx_HAL_Driver/Src/stm32g0xx_hal_tim_ex.c ****   {
 4039              		.loc 1 1384 3 is_stmt 1 view .LVU1071
 4040              	.L288:
1410:Drivers/STM32G0xx_HAL_Driver/Src/stm32g0xx_hal_tim_ex.c ****       htim->hdma[TIM_DMA_ID_CC2]->XferHalfCpltCallback = TIM_DMADelayPulseHalfCplt;
 4041              		.loc 1 1410 7 view .LVU1072
1410:Drivers/STM32G0xx_HAL_Driver/Src/stm32g0xx_hal_tim_ex.c ****       htim->hdma[TIM_DMA_ID_CC2]->XferHalfCpltCallback = TIM_DMADelayPulseHalfCplt;
 4042              		.loc 1 1410 17 is_stmt 0 view .LVU1073
 4043 014a B26A     		ldr	r2, [r6, #40]
1410:Drivers/STM32G0xx_HAL_Driver/Src/stm32g0xx_hal_tim_ex.c ****       htim->hdma[TIM_DMA_ID_CC2]->XferHalfCpltCallback = TIM_DMADelayPulseHalfCplt;
 4044              		.loc 1 1410 52 view .LVU1074
 4045 014c 2748     		ldr	r0, .L310
 4046 014e D062     		str	r0, [r2, #44]
1411:Drivers/STM32G0xx_HAL_Driver/Src/stm32g0xx_hal_tim_ex.c **** 
 4047              		.loc 1 1411 7 is_stmt 1 view .LVU1075
1411:Drivers/STM32G0xx_HAL_Driver/Src/stm32g0xx_hal_tim_ex.c **** 
 4048              		.loc 1 1411 17 is_stmt 0 view .LVU1076
 4049 0150 B26A     		ldr	r2, [r6, #40]
1411:Drivers/STM32G0xx_HAL_Driver/Src/stm32g0xx_hal_tim_ex.c **** 
 4050              		.loc 1 1411 56 view .LVU1077
 4051 0152 2748     		ldr	r0, .L310+4
 4052 0154 1063     		str	r0, [r2, #48]
1414:Drivers/STM32G0xx_HAL_Driver/Src/stm32g0xx_hal_tim_ex.c **** 
 4053              		.loc 1 1414 7 is_stmt 1 view .LVU1078
1414:Drivers/STM32G0xx_HAL_Driver/Src/stm32g0xx_hal_tim_ex.c **** 
 4054              		.loc 1 1414 17 is_stmt 0 view .LVU1079
 4055 0156 B26A     		ldr	r2, [r6, #40]
1414:Drivers/STM32G0xx_HAL_Driver/Src/stm32g0xx_hal_tim_ex.c **** 
 4056              		.loc 1 1414 53 view .LVU1080
 4057 0158 2648     		ldr	r0, .L310+8
 4058 015a 5063     		str	r0, [r2, #52]
1417:Drivers/STM32G0xx_HAL_Driver/Src/stm32g0xx_hal_tim_ex.c ****                            Length) != HAL_OK)
ARM GAS  C:\Users\sante\AppData\Local\Temp\cc9r4gT1.s 			page 140


 4059              		.loc 1 1417 7 is_stmt 1 view .LVU1081
1417:Drivers/STM32G0xx_HAL_Driver/Src/stm32g0xx_hal_tim_ex.c ****                            Length) != HAL_OK)
 4060              		.loc 1 1417 88 is_stmt 0 view .LVU1082
 4061 015c 3268     		ldr	r2, [r6]
1417:Drivers/STM32G0xx_HAL_Driver/Src/stm32g0xx_hal_tim_ex.c ****                            Length) != HAL_OK)
 4062              		.loc 1 1417 83 view .LVU1083
 4063 015e 3832     		adds	r2, r2, #56
1417:Drivers/STM32G0xx_HAL_Driver/Src/stm32g0xx_hal_tim_ex.c ****                            Length) != HAL_OK)
 4064              		.loc 1 1417 11 view .LVU1084
 4065 0160 B06A     		ldr	r0, [r6, #40]
 4066 0162 FFF7FEFF 		bl	HAL_DMA_Start_IT
 4067              	.LVL279:
1417:Drivers/STM32G0xx_HAL_Driver/Src/stm32g0xx_hal_tim_ex.c ****                            Length) != HAL_OK)
 4068              		.loc 1 1417 10 discriminator 1 view .LVU1085
 4069 0166 0028     		cmp	r0, #0
 4070 0168 38D1     		bne	.L300
1424:Drivers/STM32G0xx_HAL_Driver/Src/stm32g0xx_hal_tim_ex.c ****       break;
 4071              		.loc 1 1424 7 is_stmt 1 view .LVU1086
 4072 016a 3268     		ldr	r2, [r6]
 4073 016c D168     		ldr	r1, [r2, #12]
 4074 016e 8023     		movs	r3, #128
 4075 0170 DB00     		lsls	r3, r3, #3
 4076 0172 0B43     		orrs	r3, r1
 4077 0174 D360     		str	r3, [r2, #12]
1425:Drivers/STM32G0xx_HAL_Driver/Src/stm32g0xx_hal_tim_ex.c ****     }
 4078              		.loc 1 1425 7 view .LVU1087
1454:Drivers/STM32G0xx_HAL_Driver/Src/stm32g0xx_hal_tim_ex.c ****   {
 4079              		.loc 1 1454 3 view .LVU1088
 4080 0176 7FE7     		b	.L291
 4081              	.LVL280:
 4082              	.L309:
1376:Drivers/STM32G0xx_HAL_Driver/Src/stm32g0xx_hal_tim_ex.c ****     }
 4083              		.loc 1 1376 7 is_stmt 0 discriminator 6 view .LVU1089
 4084 0178 4622     		movs	r2, #70
 4085 017a 0220     		movs	r0, #2
 4086 017c B054     		strb	r0, [r6, r2]
1384:Drivers/STM32G0xx_HAL_Driver/Src/stm32g0xx_hal_tim_ex.c ****   {
 4087              		.loc 1 1384 3 is_stmt 1 view .LVU1090
 4088              	.L290:
1431:Drivers/STM32G0xx_HAL_Driver/Src/stm32g0xx_hal_tim_ex.c ****       htim->hdma[TIM_DMA_ID_CC3]->XferHalfCpltCallback = TIM_DMADelayPulseHalfCplt;
 4089              		.loc 1 1431 7 view .LVU1091
1431:Drivers/STM32G0xx_HAL_Driver/Src/stm32g0xx_hal_tim_ex.c ****       htim->hdma[TIM_DMA_ID_CC3]->XferHalfCpltCallback = TIM_DMADelayPulseHalfCplt;
 4090              		.loc 1 1431 17 is_stmt 0 view .LVU1092
 4091 017e F26A     		ldr	r2, [r6, #44]
1431:Drivers/STM32G0xx_HAL_Driver/Src/stm32g0xx_hal_tim_ex.c ****       htim->hdma[TIM_DMA_ID_CC3]->XferHalfCpltCallback = TIM_DMADelayPulseHalfCplt;
 4092              		.loc 1 1431 52 view .LVU1093
 4093 0180 1A48     		ldr	r0, .L310
 4094 0182 D062     		str	r0, [r2, #44]
1432:Drivers/STM32G0xx_HAL_Driver/Src/stm32g0xx_hal_tim_ex.c **** 
 4095              		.loc 1 1432 7 is_stmt 1 view .LVU1094
1432:Drivers/STM32G0xx_HAL_Driver/Src/stm32g0xx_hal_tim_ex.c **** 
 4096              		.loc 1 1432 17 is_stmt 0 view .LVU1095
 4097 0184 F26A     		ldr	r2, [r6, #44]
1432:Drivers/STM32G0xx_HAL_Driver/Src/stm32g0xx_hal_tim_ex.c **** 
 4098              		.loc 1 1432 56 view .LVU1096
 4099 0186 1A48     		ldr	r0, .L310+4
 4100 0188 1063     		str	r0, [r2, #48]
ARM GAS  C:\Users\sante\AppData\Local\Temp\cc9r4gT1.s 			page 141


1435:Drivers/STM32G0xx_HAL_Driver/Src/stm32g0xx_hal_tim_ex.c **** 
 4101              		.loc 1 1435 7 is_stmt 1 view .LVU1097
1435:Drivers/STM32G0xx_HAL_Driver/Src/stm32g0xx_hal_tim_ex.c **** 
 4102              		.loc 1 1435 17 is_stmt 0 view .LVU1098
 4103 018a F26A     		ldr	r2, [r6, #44]
1435:Drivers/STM32G0xx_HAL_Driver/Src/stm32g0xx_hal_tim_ex.c **** 
 4104              		.loc 1 1435 53 view .LVU1099
 4105 018c 1948     		ldr	r0, .L310+8
 4106 018e 5063     		str	r0, [r2, #52]
1438:Drivers/STM32G0xx_HAL_Driver/Src/stm32g0xx_hal_tim_ex.c ****                            Length) != HAL_OK)
 4107              		.loc 1 1438 7 is_stmt 1 view .LVU1100
1438:Drivers/STM32G0xx_HAL_Driver/Src/stm32g0xx_hal_tim_ex.c ****                            Length) != HAL_OK)
 4108              		.loc 1 1438 88 is_stmt 0 view .LVU1101
 4109 0190 3268     		ldr	r2, [r6]
1438:Drivers/STM32G0xx_HAL_Driver/Src/stm32g0xx_hal_tim_ex.c ****                            Length) != HAL_OK)
 4110              		.loc 1 1438 83 view .LVU1102
 4111 0192 3C32     		adds	r2, r2, #60
1438:Drivers/STM32G0xx_HAL_Driver/Src/stm32g0xx_hal_tim_ex.c ****                            Length) != HAL_OK)
 4112              		.loc 1 1438 11 view .LVU1103
 4113 0194 F06A     		ldr	r0, [r6, #44]
 4114 0196 FFF7FEFF 		bl	HAL_DMA_Start_IT
 4115              	.LVL281:
1438:Drivers/STM32G0xx_HAL_Driver/Src/stm32g0xx_hal_tim_ex.c ****                            Length) != HAL_OK)
 4116              		.loc 1 1438 10 discriminator 1 view .LVU1104
 4117 019a 0028     		cmp	r0, #0
 4118 019c 20D1     		bne	.L301
1445:Drivers/STM32G0xx_HAL_Driver/Src/stm32g0xx_hal_tim_ex.c ****       break;
 4119              		.loc 1 1445 7 is_stmt 1 view .LVU1105
 4120 019e 3268     		ldr	r2, [r6]
 4121 01a0 D168     		ldr	r1, [r2, #12]
 4122 01a2 8023     		movs	r3, #128
 4123 01a4 1B01     		lsls	r3, r3, #4
 4124 01a6 0B43     		orrs	r3, r1
 4125 01a8 D360     		str	r3, [r2, #12]
1446:Drivers/STM32G0xx_HAL_Driver/Src/stm32g0xx_hal_tim_ex.c ****     }
 4126              		.loc 1 1446 7 view .LVU1106
1454:Drivers/STM32G0xx_HAL_Driver/Src/stm32g0xx_hal_tim_ex.c ****   {
 4127              		.loc 1 1454 3 view .LVU1107
 4128 01aa 65E7     		b	.L291
 4129              	.L292:
1465:Drivers/STM32G0xx_HAL_Driver/Src/stm32g0xx_hal_tim_ex.c ****       if (!IS_TIM_SLAVEMODE_TRIGGER_ENABLED(tmpsmcr))
 4130              		.loc 1 1465 7 view .LVU1108
1465:Drivers/STM32G0xx_HAL_Driver/Src/stm32g0xx_hal_tim_ex.c ****       if (!IS_TIM_SLAVEMODE_TRIGGER_ENABLED(tmpsmcr))
 4131              		.loc 1 1465 31 is_stmt 0 view .LVU1109
 4132 01ac 9A68     		ldr	r2, [r3, #8]
1465:Drivers/STM32G0xx_HAL_Driver/Src/stm32g0xx_hal_tim_ex.c ****       if (!IS_TIM_SLAVEMODE_TRIGGER_ENABLED(tmpsmcr))
 4133              		.loc 1 1465 15 view .LVU1110
 4134 01ae 1649     		ldr	r1, .L310+28
 4135 01b0 0A40     		ands	r2, r1
 4136              	.LVL282:
1466:Drivers/STM32G0xx_HAL_Driver/Src/stm32g0xx_hal_tim_ex.c ****       {
 4137              		.loc 1 1466 7 is_stmt 1 view .LVU1111
1466:Drivers/STM32G0xx_HAL_Driver/Src/stm32g0xx_hal_tim_ex.c ****       {
 4138              		.loc 1 1466 10 is_stmt 0 view .LVU1112
 4139 01b2 062A     		cmp	r2, #6
 4140 01b4 16D0     		beq	.L302
1466:Drivers/STM32G0xx_HAL_Driver/Src/stm32g0xx_hal_tim_ex.c ****       {
ARM GAS  C:\Users\sante\AppData\Local\Temp\cc9r4gT1.s 			page 142


 4141              		.loc 1 1466 11 discriminator 1 view .LVU1113
 4142 01b6 0739     		subs	r1, r1, #7
 4143 01b8 8A42     		cmp	r2, r1
 4144 01ba 15D0     		beq	.L303
1468:Drivers/STM32G0xx_HAL_Driver/Src/stm32g0xx_hal_tim_ex.c ****       }
 4145              		.loc 1 1468 9 is_stmt 1 view .LVU1114
 4146 01bc 1A68     		ldr	r2, [r3]
 4147              	.LVL283:
1468:Drivers/STM32G0xx_HAL_Driver/Src/stm32g0xx_hal_tim_ex.c ****       }
 4148              		.loc 1 1468 9 is_stmt 0 view .LVU1115
 4149 01be 0121     		movs	r1, #1
 4150 01c0 0A43     		orrs	r2, r1
 4151 01c2 1A60     		str	r2, [r3]
 4152 01c4 0020     		movs	r0, #0
 4153 01c6 02E0     		b	.L280
 4154              	.LVL284:
 4155              	.L294:
1366:Drivers/STM32G0xx_HAL_Driver/Src/stm32g0xx_hal_tim_ex.c ****   }
 4156              		.loc 1 1366 12 view .LVU1116
 4157 01c8 0220     		movs	r0, #2
 4158              	.LVL285:
1366:Drivers/STM32G0xx_HAL_Driver/Src/stm32g0xx_hal_tim_ex.c ****   }
 4159              		.loc 1 1366 12 view .LVU1117
 4160 01ca 00E0     		b	.L280
 4161              	.L295:
1381:Drivers/STM32G0xx_HAL_Driver/Src/stm32g0xx_hal_tim_ex.c ****   }
 4162              		.loc 1 1381 12 view .LVU1118
 4163 01cc 0120     		movs	r0, #1
 4164              	.LVL286:
 4165              	.L280:
1479:Drivers/STM32G0xx_HAL_Driver/Src/stm32g0xx_hal_tim_ex.c **** 
 4166              		.loc 1 1479 1 view .LVU1119
 4167              		@ sp needed
 4168              	.LVL287:
 4169              	.LVL288:
1479:Drivers/STM32G0xx_HAL_Driver/Src/stm32g0xx_hal_tim_ex.c **** 
 4170              		.loc 1 1479 1 view .LVU1120
 4171 01ce 70BD     		pop	{r4, r5, r6, pc}
 4172              	.LVL289:
 4173              	.L296:
1372:Drivers/STM32G0xx_HAL_Driver/Src/stm32g0xx_hal_tim_ex.c ****     }
 4174              		.loc 1 1372 14 view .LVU1121
 4175 01d0 0120     		movs	r0, #1
 4176 01d2 FCE7     		b	.L280
 4177              	.L297:
 4178 01d4 0120     		movs	r0, #1
 4179 01d6 FAE7     		b	.L280
 4180              	.LVL290:
 4181              	.L299:
1400:Drivers/STM32G0xx_HAL_Driver/Src/stm32g0xx_hal_tim_ex.c ****       }
 4182              		.loc 1 1400 16 view .LVU1122
 4183 01d8 0120     		movs	r0, #1
 4184 01da F8E7     		b	.L280
 4185              	.L300:
1421:Drivers/STM32G0xx_HAL_Driver/Src/stm32g0xx_hal_tim_ex.c ****       }
 4186              		.loc 1 1421 16 view .LVU1123
 4187 01dc 0120     		movs	r0, #1
ARM GAS  C:\Users\sante\AppData\Local\Temp\cc9r4gT1.s 			page 143


 4188 01de F6E7     		b	.L280
 4189              	.L301:
1442:Drivers/STM32G0xx_HAL_Driver/Src/stm32g0xx_hal_tim_ex.c ****       }
 4190              		.loc 1 1442 16 view .LVU1124
 4191 01e0 0120     		movs	r0, #1
 4192 01e2 F4E7     		b	.L280
 4193              	.LVL291:
 4194              	.L302:
1442:Drivers/STM32G0xx_HAL_Driver/Src/stm32g0xx_hal_tim_ex.c ****       }
 4195              		.loc 1 1442 16 view .LVU1125
 4196 01e4 0020     		movs	r0, #0
 4197 01e6 F2E7     		b	.L280
 4198              	.L303:
 4199 01e8 0020     		movs	r0, #0
 4200 01ea F0E7     		b	.L280
 4201              	.L311:
 4202              		.align	2
 4203              	.L310:
 4204 01ec 00000000 		.word	TIM_DMADelayPulseNCplt
 4205 01f0 00000000 		.word	TIM_DMADelayPulseHalfCplt
 4206 01f4 00000000 		.word	TIM_DMAErrorCCxN
 4207 01f8 002C0140 		.word	1073818624
 4208 01fc 00040040 		.word	1073742848
 4209 0200 00080040 		.word	1073743872
 4210 0204 00400140 		.word	1073823744
 4211 0208 07000100 		.word	65543
 4212              		.cfi_endproc
 4213              	.LFE513:
 4215              		.section	.text.HAL_TIMEx_PWMN_Stop_DMA,"ax",%progbits
 4216              		.align	1
 4217              		.global	HAL_TIMEx_PWMN_Stop_DMA
 4218              		.syntax unified
 4219              		.code	16
 4220              		.thumb_func
 4222              	HAL_TIMEx_PWMN_Stop_DMA:
 4223              	.LVL292:
 4224              	.LFB514:
1493:Drivers/STM32G0xx_HAL_Driver/Src/stm32g0xx_hal_tim_ex.c ****   HAL_StatusTypeDef status = HAL_OK;
 4225              		.loc 1 1493 1 is_stmt 1 view -0
 4226              		.cfi_startproc
 4227              		@ args = 0, pretend = 0, frame = 0
 4228              		@ frame_needed = 0, uses_anonymous_args = 0
1493:Drivers/STM32G0xx_HAL_Driver/Src/stm32g0xx_hal_tim_ex.c ****   HAL_StatusTypeDef status = HAL_OK;
 4229              		.loc 1 1493 1 is_stmt 0 view .LVU1127
 4230 0000 70B5     		push	{r4, r5, r6, lr}
 4231              		.cfi_def_cfa_offset 16
 4232              		.cfi_offset 4, -16
 4233              		.cfi_offset 5, -12
 4234              		.cfi_offset 6, -8
 4235              		.cfi_offset 14, -4
 4236 0002 0400     		movs	r4, r0
 4237 0004 0D00     		movs	r5, r1
1494:Drivers/STM32G0xx_HAL_Driver/Src/stm32g0xx_hal_tim_ex.c **** 
 4238              		.loc 1 1494 3 is_stmt 1 view .LVU1128
 4239              	.LVL293:
1497:Drivers/STM32G0xx_HAL_Driver/Src/stm32g0xx_hal_tim_ex.c **** 
 4240              		.loc 1 1497 3 view .LVU1129
ARM GAS  C:\Users\sante\AppData\Local\Temp\cc9r4gT1.s 			page 144


1499:Drivers/STM32G0xx_HAL_Driver/Src/stm32g0xx_hal_tim_ex.c ****   {
 4241              		.loc 1 1499 3 view .LVU1130
 4242 0006 0429     		cmp	r1, #4
 4243 0008 31D0     		beq	.L313
 4244 000a 0829     		cmp	r1, #8
 4245 000c 38D0     		beq	.L314
 4246 000e 0029     		cmp	r1, #0
 4247 0010 52D1     		bne	.L322
1504:Drivers/STM32G0xx_HAL_Driver/Src/stm32g0xx_hal_tim_ex.c ****       (void)HAL_DMA_Abort_IT(htim->hdma[TIM_DMA_ID_CC1]);
 4248              		.loc 1 1504 7 view .LVU1131
 4249 0012 0268     		ldr	r2, [r0]
 4250 0014 D368     		ldr	r3, [r2, #12]
 4251 0016 2949     		ldr	r1, .L325
 4252              	.LVL294:
1504:Drivers/STM32G0xx_HAL_Driver/Src/stm32g0xx_hal_tim_ex.c ****       (void)HAL_DMA_Abort_IT(htim->hdma[TIM_DMA_ID_CC1]);
 4253              		.loc 1 1504 7 is_stmt 0 view .LVU1132
 4254 0018 0B40     		ands	r3, r1
 4255 001a D360     		str	r3, [r2, #12]
1505:Drivers/STM32G0xx_HAL_Driver/Src/stm32g0xx_hal_tim_ex.c ****       break;
 4256              		.loc 1 1505 7 is_stmt 1 view .LVU1133
1505:Drivers/STM32G0xx_HAL_Driver/Src/stm32g0xx_hal_tim_ex.c ****       break;
 4257              		.loc 1 1505 13 is_stmt 0 view .LVU1134
 4258 001c 406A     		ldr	r0, [r0, #36]
 4259              	.LVL295:
1505:Drivers/STM32G0xx_HAL_Driver/Src/stm32g0xx_hal_tim_ex.c ****       break;
 4260              		.loc 1 1505 13 view .LVU1135
 4261 001e FFF7FEFF 		bl	HAL_DMA_Abort_IT
 4262              	.LVL296:
1506:Drivers/STM32G0xx_HAL_Driver/Src/stm32g0xx_hal_tim_ex.c ****     }
 4263              		.loc 1 1506 7 is_stmt 1 view .LVU1136
1530:Drivers/STM32G0xx_HAL_Driver/Src/stm32g0xx_hal_tim_ex.c ****   {
 4264              		.loc 1 1530 3 view .LVU1137
 4265              	.L316:
1533:Drivers/STM32G0xx_HAL_Driver/Src/stm32g0xx_hal_tim_ex.c **** 
 4266              		.loc 1 1533 5 view .LVU1138
 4267 0022 2068     		ldr	r0, [r4]
 4268 0024 0022     		movs	r2, #0
 4269 0026 2900     		movs	r1, r5
 4270 0028 FFF7FEFF 		bl	TIM_CCxNChannelCmd
 4271              	.LVL297:
1536:Drivers/STM32G0xx_HAL_Driver/Src/stm32g0xx_hal_tim_ex.c **** 
 4272              		.loc 1 1536 5 view .LVU1139
1536:Drivers/STM32G0xx_HAL_Driver/Src/stm32g0xx_hal_tim_ex.c **** 
 4273              		.loc 1 1536 5 view .LVU1140
 4274 002c 2368     		ldr	r3, [r4]
 4275 002e 196A     		ldr	r1, [r3, #32]
 4276 0030 234A     		ldr	r2, .L325+4
 4277 0032 1142     		tst	r1, r2
 4278 0034 07D1     		bne	.L317
1536:Drivers/STM32G0xx_HAL_Driver/Src/stm32g0xx_hal_tim_ex.c **** 
 4279              		.loc 1 1536 5 discriminator 1 view .LVU1141
 4280 0036 196A     		ldr	r1, [r3, #32]
 4281 0038 224A     		ldr	r2, .L325+8
 4282 003a 1142     		tst	r1, r2
 4283 003c 03D1     		bne	.L317
1536:Drivers/STM32G0xx_HAL_Driver/Src/stm32g0xx_hal_tim_ex.c **** 
 4284              		.loc 1 1536 5 discriminator 3 view .LVU1142
ARM GAS  C:\Users\sante\AppData\Local\Temp\cc9r4gT1.s 			page 145


 4285 003e 5A6C     		ldr	r2, [r3, #68]
 4286 0040 2149     		ldr	r1, .L325+12
 4287 0042 0A40     		ands	r2, r1
 4288 0044 5A64     		str	r2, [r3, #68]
 4289              	.L317:
1536:Drivers/STM32G0xx_HAL_Driver/Src/stm32g0xx_hal_tim_ex.c **** 
 4290              		.loc 1 1536 5 discriminator 5 view .LVU1143
1539:Drivers/STM32G0xx_HAL_Driver/Src/stm32g0xx_hal_tim_ex.c **** 
 4291              		.loc 1 1539 5 view .LVU1144
1539:Drivers/STM32G0xx_HAL_Driver/Src/stm32g0xx_hal_tim_ex.c **** 
 4292              		.loc 1 1539 5 view .LVU1145
 4293 0046 2368     		ldr	r3, [r4]
 4294 0048 196A     		ldr	r1, [r3, #32]
 4295 004a 1D4A     		ldr	r2, .L325+4
 4296 004c 1142     		tst	r1, r2
 4297 004e 07D1     		bne	.L318
1539:Drivers/STM32G0xx_HAL_Driver/Src/stm32g0xx_hal_tim_ex.c **** 
 4298              		.loc 1 1539 5 discriminator 1 view .LVU1146
 4299 0050 196A     		ldr	r1, [r3, #32]
 4300 0052 1C4A     		ldr	r2, .L325+8
 4301 0054 1142     		tst	r1, r2
 4302 0056 03D1     		bne	.L318
1539:Drivers/STM32G0xx_HAL_Driver/Src/stm32g0xx_hal_tim_ex.c **** 
 4303              		.loc 1 1539 5 discriminator 3 view .LVU1147
 4304 0058 1A68     		ldr	r2, [r3]
 4305 005a 0121     		movs	r1, #1
 4306 005c 8A43     		bics	r2, r1
 4307 005e 1A60     		str	r2, [r3]
 4308              	.L318:
1539:Drivers/STM32G0xx_HAL_Driver/Src/stm32g0xx_hal_tim_ex.c **** 
 4309              		.loc 1 1539 5 discriminator 5 view .LVU1148
1542:Drivers/STM32G0xx_HAL_Driver/Src/stm32g0xx_hal_tim_ex.c ****   }
 4310              		.loc 1 1542 5 view .LVU1149
 4311 0060 002D     		cmp	r5, #0
 4312 0062 16D1     		bne	.L319
1542:Drivers/STM32G0xx_HAL_Driver/Src/stm32g0xx_hal_tim_ex.c ****   }
 4313              		.loc 1 1542 5 is_stmt 0 discriminator 1 view .LVU1150
 4314 0064 4423     		movs	r3, #68
 4315 0066 0122     		movs	r2, #1
 4316 0068 E254     		strb	r2, [r4, r3]
 4317 006a 0020     		movs	r0, #0
 4318              	.L315:
 4319              	.LVL298:
1546:Drivers/STM32G0xx_HAL_Driver/Src/stm32g0xx_hal_tim_ex.c **** }
 4320              		.loc 1 1546 3 is_stmt 1 view .LVU1151
1547:Drivers/STM32G0xx_HAL_Driver/Src/stm32g0xx_hal_tim_ex.c **** 
 4321              		.loc 1 1547 1 is_stmt 0 view .LVU1152
 4322              		@ sp needed
 4323              	.LVL299:
 4324              	.LVL300:
1547:Drivers/STM32G0xx_HAL_Driver/Src/stm32g0xx_hal_tim_ex.c **** 
 4325              		.loc 1 1547 1 view .LVU1153
 4326 006c 70BD     		pop	{r4, r5, r6, pc}
 4327              	.LVL301:
 4328              	.L313:
1512:Drivers/STM32G0xx_HAL_Driver/Src/stm32g0xx_hal_tim_ex.c ****       (void)HAL_DMA_Abort_IT(htim->hdma[TIM_DMA_ID_CC2]);
 4329              		.loc 1 1512 7 is_stmt 1 view .LVU1154
ARM GAS  C:\Users\sante\AppData\Local\Temp\cc9r4gT1.s 			page 146


 4330 006e 0268     		ldr	r2, [r0]
 4331 0070 D368     		ldr	r3, [r2, #12]
 4332 0072 1649     		ldr	r1, .L325+16
 4333              	.LVL302:
1512:Drivers/STM32G0xx_HAL_Driver/Src/stm32g0xx_hal_tim_ex.c ****       (void)HAL_DMA_Abort_IT(htim->hdma[TIM_DMA_ID_CC2]);
 4334              		.loc 1 1512 7 is_stmt 0 view .LVU1155
 4335 0074 0B40     		ands	r3, r1
 4336 0076 D360     		str	r3, [r2, #12]
1513:Drivers/STM32G0xx_HAL_Driver/Src/stm32g0xx_hal_tim_ex.c ****       break;
 4337              		.loc 1 1513 7 is_stmt 1 view .LVU1156
1513:Drivers/STM32G0xx_HAL_Driver/Src/stm32g0xx_hal_tim_ex.c ****       break;
 4338              		.loc 1 1513 13 is_stmt 0 view .LVU1157
 4339 0078 806A     		ldr	r0, [r0, #40]
 4340              	.LVL303:
1513:Drivers/STM32G0xx_HAL_Driver/Src/stm32g0xx_hal_tim_ex.c ****       break;
 4341              		.loc 1 1513 13 view .LVU1158
 4342 007a FFF7FEFF 		bl	HAL_DMA_Abort_IT
 4343              	.LVL304:
1514:Drivers/STM32G0xx_HAL_Driver/Src/stm32g0xx_hal_tim_ex.c ****     }
 4344              		.loc 1 1514 7 is_stmt 1 view .LVU1159
1530:Drivers/STM32G0xx_HAL_Driver/Src/stm32g0xx_hal_tim_ex.c ****   {
 4345              		.loc 1 1530 3 view .LVU1160
 4346 007e D0E7     		b	.L316
 4347              	.LVL305:
 4348              	.L314:
1520:Drivers/STM32G0xx_HAL_Driver/Src/stm32g0xx_hal_tim_ex.c ****       (void)HAL_DMA_Abort_IT(htim->hdma[TIM_DMA_ID_CC3]);
 4349              		.loc 1 1520 7 view .LVU1161
 4350 0080 0268     		ldr	r2, [r0]
 4351 0082 D368     		ldr	r3, [r2, #12]
 4352 0084 1249     		ldr	r1, .L325+20
 4353              	.LVL306:
1520:Drivers/STM32G0xx_HAL_Driver/Src/stm32g0xx_hal_tim_ex.c ****       (void)HAL_DMA_Abort_IT(htim->hdma[TIM_DMA_ID_CC3]);
 4354              		.loc 1 1520 7 is_stmt 0 view .LVU1162
 4355 0086 0B40     		ands	r3, r1
 4356 0088 D360     		str	r3, [r2, #12]
1521:Drivers/STM32G0xx_HAL_Driver/Src/stm32g0xx_hal_tim_ex.c ****       break;
 4357              		.loc 1 1521 7 is_stmt 1 view .LVU1163
1521:Drivers/STM32G0xx_HAL_Driver/Src/stm32g0xx_hal_tim_ex.c ****       break;
 4358              		.loc 1 1521 13 is_stmt 0 view .LVU1164
 4359 008a C06A     		ldr	r0, [r0, #44]
 4360              	.LVL307:
1521:Drivers/STM32G0xx_HAL_Driver/Src/stm32g0xx_hal_tim_ex.c ****       break;
 4361              		.loc 1 1521 13 view .LVU1165
 4362 008c FFF7FEFF 		bl	HAL_DMA_Abort_IT
 4363              	.LVL308:
1522:Drivers/STM32G0xx_HAL_Driver/Src/stm32g0xx_hal_tim_ex.c ****     }
 4364              		.loc 1 1522 7 is_stmt 1 view .LVU1166
1530:Drivers/STM32G0xx_HAL_Driver/Src/stm32g0xx_hal_tim_ex.c ****   {
 4365              		.loc 1 1530 3 view .LVU1167
 4366 0090 C7E7     		b	.L316
 4367              	.L319:
1542:Drivers/STM32G0xx_HAL_Driver/Src/stm32g0xx_hal_tim_ex.c ****   }
 4368              		.loc 1 1542 5 is_stmt 0 discriminator 2 view .LVU1168
 4369 0092 042D     		cmp	r5, #4
 4370 0094 06D0     		beq	.L323
1542:Drivers/STM32G0xx_HAL_Driver/Src/stm32g0xx_hal_tim_ex.c ****   }
 4371              		.loc 1 1542 5 discriminator 4 view .LVU1169
ARM GAS  C:\Users\sante\AppData\Local\Temp\cc9r4gT1.s 			page 147


 4372 0096 082D     		cmp	r5, #8
 4373 0098 09D0     		beq	.L324
1542:Drivers/STM32G0xx_HAL_Driver/Src/stm32g0xx_hal_tim_ex.c ****   }
 4374              		.loc 1 1542 5 discriminator 7 view .LVU1170
 4375 009a 4723     		movs	r3, #71
 4376 009c 0122     		movs	r2, #1
 4377 009e E254     		strb	r2, [r4, r3]
 4378 00a0 0020     		movs	r0, #0
 4379 00a2 E3E7     		b	.L315
 4380              	.L323:
1542:Drivers/STM32G0xx_HAL_Driver/Src/stm32g0xx_hal_tim_ex.c ****   }
 4381              		.loc 1 1542 5 discriminator 3 view .LVU1171
 4382 00a4 4523     		movs	r3, #69
 4383 00a6 0122     		movs	r2, #1
 4384 00a8 E254     		strb	r2, [r4, r3]
 4385 00aa 0020     		movs	r0, #0
 4386 00ac DEE7     		b	.L315
 4387              	.L324:
1542:Drivers/STM32G0xx_HAL_Driver/Src/stm32g0xx_hal_tim_ex.c ****   }
 4388              		.loc 1 1542 5 discriminator 6 view .LVU1172
 4389 00ae 4623     		movs	r3, #70
 4390 00b0 0122     		movs	r2, #1
 4391 00b2 E254     		strb	r2, [r4, r3]
 4392 00b4 0020     		movs	r0, #0
 4393 00b6 D9E7     		b	.L315
 4394              	.LVL309:
 4395              	.L322:
1499:Drivers/STM32G0xx_HAL_Driver/Src/stm32g0xx_hal_tim_ex.c ****   {
 4396              		.loc 1 1499 3 view .LVU1173
 4397 00b8 0120     		movs	r0, #1
 4398              	.LVL310:
1499:Drivers/STM32G0xx_HAL_Driver/Src/stm32g0xx_hal_tim_ex.c ****   {
 4399              		.loc 1 1499 3 view .LVU1174
 4400 00ba D7E7     		b	.L315
 4401              	.L326:
 4402              		.align	2
 4403              	.L325:
 4404 00bc FFFDFFFF 		.word	-513
 4405 00c0 11110000 		.word	4369
 4406 00c4 44040000 		.word	1092
 4407 00c8 FF7FFFFF 		.word	-32769
 4408 00cc FFFBFFFF 		.word	-1025
 4409 00d0 FFF7FFFF 		.word	-2049
 4410              		.cfi_endproc
 4411              	.LFE514:
 4413              		.section	.text.HAL_TIMEx_OnePulseN_Start,"ax",%progbits
 4414              		.align	1
 4415              		.global	HAL_TIMEx_OnePulseN_Start
 4416              		.syntax unified
 4417              		.code	16
 4418              		.thumb_func
 4420              	HAL_TIMEx_OnePulseN_Start:
 4421              	.LVL311:
 4422              	.LFB515:
1584:Drivers/STM32G0xx_HAL_Driver/Src/stm32g0xx_hal_tim_ex.c ****   uint32_t input_channel = (OutputChannel == TIM_CHANNEL_1) ? TIM_CHANNEL_2 : TIM_CHANNEL_1;
 4423              		.loc 1 1584 1 is_stmt 1 view -0
 4424              		.cfi_startproc
ARM GAS  C:\Users\sante\AppData\Local\Temp\cc9r4gT1.s 			page 148


 4425              		@ args = 0, pretend = 0, frame = 0
 4426              		@ frame_needed = 0, uses_anonymous_args = 0
1584:Drivers/STM32G0xx_HAL_Driver/Src/stm32g0xx_hal_tim_ex.c ****   uint32_t input_channel = (OutputChannel == TIM_CHANNEL_1) ? TIM_CHANNEL_2 : TIM_CHANNEL_1;
 4427              		.loc 1 1584 1 is_stmt 0 view .LVU1176
 4428 0000 F8B5     		push	{r3, r4, r5, r6, r7, lr}
 4429              		.cfi_def_cfa_offset 24
 4430              		.cfi_offset 3, -24
 4431              		.cfi_offset 4, -20
 4432              		.cfi_offset 5, -16
 4433              		.cfi_offset 6, -12
 4434              		.cfi_offset 7, -8
 4435              		.cfi_offset 14, -4
 4436 0002 0400     		movs	r4, r0
1585:Drivers/STM32G0xx_HAL_Driver/Src/stm32g0xx_hal_tim_ex.c ****   HAL_TIM_ChannelStateTypeDef channel_1_state = TIM_CHANNEL_STATE_GET(htim, TIM_CHANNEL_1);
 4437              		.loc 1 1585 3 is_stmt 1 view .LVU1177
1585:Drivers/STM32G0xx_HAL_Driver/Src/stm32g0xx_hal_tim_ex.c ****   HAL_TIM_ChannelStateTypeDef channel_1_state = TIM_CHANNEL_STATE_GET(htim, TIM_CHANNEL_1);
 4438              		.loc 1 1585 77 is_stmt 0 view .LVU1178
 4439 0004 0029     		cmp	r1, #0
 4440 0006 16D1     		bne	.L330
1585:Drivers/STM32G0xx_HAL_Driver/Src/stm32g0xx_hal_tim_ex.c ****   HAL_TIM_ChannelStateTypeDef channel_1_state = TIM_CHANNEL_STATE_GET(htim, TIM_CHANNEL_1);
 4441              		.loc 1 1585 77 discriminator 1 view .LVU1179
 4442 0008 0426     		movs	r6, #4
 4443              	.L328:
 4444              	.LVL312:
1586:Drivers/STM32G0xx_HAL_Driver/Src/stm32g0xx_hal_tim_ex.c ****   HAL_TIM_ChannelStateTypeDef channel_2_state = TIM_CHANNEL_STATE_GET(htim, TIM_CHANNEL_2);
 4445              		.loc 1 1586 3 is_stmt 1 view .LVU1180
1586:Drivers/STM32G0xx_HAL_Driver/Src/stm32g0xx_hal_tim_ex.c ****   HAL_TIM_ChannelStateTypeDef channel_2_state = TIM_CHANNEL_STATE_GET(htim, TIM_CHANNEL_2);
 4446              		.loc 1 1586 31 is_stmt 0 view .LVU1181
 4447 000a 3E23     		movs	r3, #62
 4448 000c E75C     		ldrb	r7, [r4, r3]
 4449 000e F8B2     		uxtb	r0, r7
 4450              	.LVL313:
1587:Drivers/STM32G0xx_HAL_Driver/Src/stm32g0xx_hal_tim_ex.c ****   HAL_TIM_ChannelStateTypeDef complementary_channel_1_state = TIM_CHANNEL_N_STATE_GET(htim, TIM_CHA
 4451              		.loc 1 1587 3 is_stmt 1 view .LVU1182
1587:Drivers/STM32G0xx_HAL_Driver/Src/stm32g0xx_hal_tim_ex.c ****   HAL_TIM_ChannelStateTypeDef complementary_channel_1_state = TIM_CHANNEL_N_STATE_GET(htim, TIM_CHA
 4452              		.loc 1 1587 31 is_stmt 0 view .LVU1183
 4453 0010 0133     		adds	r3, r3, #1
 4454 0012 E35C     		ldrb	r3, [r4, r3]
 4455 0014 DBB2     		uxtb	r3, r3
 4456              	.LVL314:
1588:Drivers/STM32G0xx_HAL_Driver/Src/stm32g0xx_hal_tim_ex.c ****   HAL_TIM_ChannelStateTypeDef complementary_channel_2_state = TIM_CHANNEL_N_STATE_GET(htim, TIM_CHA
 4457              		.loc 1 1588 3 is_stmt 1 view .LVU1184
1588:Drivers/STM32G0xx_HAL_Driver/Src/stm32g0xx_hal_tim_ex.c ****   HAL_TIM_ChannelStateTypeDef complementary_channel_2_state = TIM_CHANNEL_N_STATE_GET(htim, TIM_CHA
 4458              		.loc 1 1588 31 is_stmt 0 view .LVU1185
 4459 0016 4422     		movs	r2, #68
 4460 0018 A25C     		ldrb	r2, [r4, r2]
 4461 001a D2B2     		uxtb	r2, r2
 4462              	.LVL315:
1589:Drivers/STM32G0xx_HAL_Driver/Src/stm32g0xx_hal_tim_ex.c **** 
 4463              		.loc 1 1589 3 is_stmt 1 view .LVU1186
1589:Drivers/STM32G0xx_HAL_Driver/Src/stm32g0xx_hal_tim_ex.c **** 
 4464              		.loc 1 1589 31 is_stmt 0 view .LVU1187
 4465 001c 4525     		movs	r5, #69
 4466 001e 655D     		ldrb	r5, [r4, r5]
 4467 0020 EDB2     		uxtb	r5, r5
 4468              	.LVL316:
1592:Drivers/STM32G0xx_HAL_Driver/Src/stm32g0xx_hal_tim_ex.c **** 
ARM GAS  C:\Users\sante\AppData\Local\Temp\cc9r4gT1.s 			page 149


 4469              		.loc 1 1592 3 is_stmt 1 view .LVU1188
1595:Drivers/STM32G0xx_HAL_Driver/Src/stm32g0xx_hal_tim_ex.c ****       || (channel_2_state != HAL_TIM_CHANNEL_STATE_READY)
 4470              		.loc 1 1595 3 view .LVU1189
1595:Drivers/STM32G0xx_HAL_Driver/Src/stm32g0xx_hal_tim_ex.c ****       || (channel_2_state != HAL_TIM_CHANNEL_STATE_READY)
 4471              		.loc 1 1595 6 is_stmt 0 view .LVU1190
 4472 0022 012F     		cmp	r7, #1
 4473 0024 23D1     		bne	.L331
1596:Drivers/STM32G0xx_HAL_Driver/Src/stm32g0xx_hal_tim_ex.c ****       || (complementary_channel_1_state != HAL_TIM_CHANNEL_STATE_READY)
 4474              		.loc 1 1596 7 view .LVU1191
 4475 0026 012B     		cmp	r3, #1
 4476 0028 22D1     		bne	.L329
1597:Drivers/STM32G0xx_HAL_Driver/Src/stm32g0xx_hal_tim_ex.c ****       || (complementary_channel_2_state != HAL_TIM_CHANNEL_STATE_READY))
 4477              		.loc 1 1597 7 view .LVU1192
 4478 002a 012A     		cmp	r2, #1
 4479 002c 21D1     		bne	.L332
1598:Drivers/STM32G0xx_HAL_Driver/Src/stm32g0xx_hal_tim_ex.c ****   {
 4480              		.loc 1 1598 7 view .LVU1193
 4481 002e 012D     		cmp	r5, #1
 4482 0030 03D0     		beq	.L334
1600:Drivers/STM32G0xx_HAL_Driver/Src/stm32g0xx_hal_tim_ex.c ****   }
 4483              		.loc 1 1600 12 view .LVU1194
 4484 0032 1000     		movs	r0, r2
 4485              	.LVL317:
1600:Drivers/STM32G0xx_HAL_Driver/Src/stm32g0xx_hal_tim_ex.c ****   }
 4486              		.loc 1 1600 12 view .LVU1195
 4487 0034 1CE0     		b	.L329
 4488              	.LVL318:
 4489              	.L330:
1585:Drivers/STM32G0xx_HAL_Driver/Src/stm32g0xx_hal_tim_ex.c ****   HAL_TIM_ChannelStateTypeDef channel_1_state = TIM_CHANNEL_STATE_GET(htim, TIM_CHANNEL_1);
 4490              		.loc 1 1585 77 discriminator 2 view .LVU1196
 4491 0036 0026     		movs	r6, #0
 4492 0038 E7E7     		b	.L328
 4493              	.LVL319:
 4494              	.L334:
1604:Drivers/STM32G0xx_HAL_Driver/Src/stm32g0xx_hal_tim_ex.c ****   TIM_CHANNEL_STATE_SET(htim, TIM_CHANNEL_2, HAL_TIM_CHANNEL_STATE_BUSY);
 4495              		.loc 1 1604 3 is_stmt 1 view .LVU1197
 4496 003a 0133     		adds	r3, r3, #1
 4497              	.LVL320:
1604:Drivers/STM32G0xx_HAL_Driver/Src/stm32g0xx_hal_tim_ex.c ****   TIM_CHANNEL_STATE_SET(htim, TIM_CHANNEL_2, HAL_TIM_CHANNEL_STATE_BUSY);
 4498              		.loc 1 1604 3 is_stmt 0 view .LVU1198
 4499 003c 3D32     		adds	r2, r2, #61
 4500              	.LVL321:
1604:Drivers/STM32G0xx_HAL_Driver/Src/stm32g0xx_hal_tim_ex.c ****   TIM_CHANNEL_STATE_SET(htim, TIM_CHANNEL_2, HAL_TIM_CHANNEL_STATE_BUSY);
 4501              		.loc 1 1604 3 view .LVU1199
 4502 003e A354     		strb	r3, [r4, r2]
1605:Drivers/STM32G0xx_HAL_Driver/Src/stm32g0xx_hal_tim_ex.c ****   TIM_CHANNEL_N_STATE_SET(htim, TIM_CHANNEL_1, HAL_TIM_CHANNEL_STATE_BUSY);
 4503              		.loc 1 1605 3 is_stmt 1 view .LVU1200
 4504 0040 0132     		adds	r2, r2, #1
 4505              	.LVL322:
1605:Drivers/STM32G0xx_HAL_Driver/Src/stm32g0xx_hal_tim_ex.c ****   TIM_CHANNEL_N_STATE_SET(htim, TIM_CHANNEL_1, HAL_TIM_CHANNEL_STATE_BUSY);
 4506              		.loc 1 1605 3 is_stmt 0 view .LVU1201
 4507 0042 A354     		strb	r3, [r4, r2]
1606:Drivers/STM32G0xx_HAL_Driver/Src/stm32g0xx_hal_tim_ex.c ****   TIM_CHANNEL_N_STATE_SET(htim, TIM_CHANNEL_2, HAL_TIM_CHANNEL_STATE_BUSY);
 4508              		.loc 1 1606 3 is_stmt 1 view .LVU1202
 4509 0044 0532     		adds	r2, r2, #5
 4510              	.LVL323:
1606:Drivers/STM32G0xx_HAL_Driver/Src/stm32g0xx_hal_tim_ex.c ****   TIM_CHANNEL_N_STATE_SET(htim, TIM_CHANNEL_2, HAL_TIM_CHANNEL_STATE_BUSY);
ARM GAS  C:\Users\sante\AppData\Local\Temp\cc9r4gT1.s 			page 150


 4511              		.loc 1 1606 3 is_stmt 0 view .LVU1203
 4512 0046 A354     		strb	r3, [r4, r2]
1607:Drivers/STM32G0xx_HAL_Driver/Src/stm32g0xx_hal_tim_ex.c **** 
 4513              		.loc 1 1607 3 is_stmt 1 view .LVU1204
 4514 0048 0132     		adds	r2, r2, #1
 4515              	.LVL324:
1607:Drivers/STM32G0xx_HAL_Driver/Src/stm32g0xx_hal_tim_ex.c **** 
 4516              		.loc 1 1607 3 is_stmt 0 view .LVU1205
 4517 004a A354     		strb	r3, [r4, r2]
1610:Drivers/STM32G0xx_HAL_Driver/Src/stm32g0xx_hal_tim_ex.c ****   TIM_CCxChannelCmd(htim->Instance, input_channel, TIM_CCx_ENABLE);
 4518              		.loc 1 1610 3 is_stmt 1 view .LVU1206
 4519 004c 2068     		ldr	r0, [r4]
 4520              	.LVL325:
1610:Drivers/STM32G0xx_HAL_Driver/Src/stm32g0xx_hal_tim_ex.c ****   TIM_CCxChannelCmd(htim->Instance, input_channel, TIM_CCx_ENABLE);
 4521              		.loc 1 1610 3 is_stmt 0 view .LVU1207
 4522 004e 413A     		subs	r2, r2, #65
 4523              	.LVL326:
1610:Drivers/STM32G0xx_HAL_Driver/Src/stm32g0xx_hal_tim_ex.c ****   TIM_CCxChannelCmd(htim->Instance, input_channel, TIM_CCx_ENABLE);
 4524              		.loc 1 1610 3 view .LVU1208
 4525 0050 FFF7FEFF 		bl	TIM_CCxNChannelCmd
 4526              	.LVL327:
1611:Drivers/STM32G0xx_HAL_Driver/Src/stm32g0xx_hal_tim_ex.c **** 
 4527              		.loc 1 1611 3 is_stmt 1 view .LVU1209
 4528 0054 2068     		ldr	r0, [r4]
 4529 0056 0122     		movs	r2, #1
 4530 0058 3100     		movs	r1, r6
 4531 005a FFF7FEFF 		bl	TIM_CCxChannelCmd
 4532              	.LVL328:
1614:Drivers/STM32G0xx_HAL_Driver/Src/stm32g0xx_hal_tim_ex.c **** 
 4533              		.loc 1 1614 3 view .LVU1210
 4534 005e 2268     		ldr	r2, [r4]
 4535 0060 516C     		ldr	r1, [r2, #68]
 4536 0062 8023     		movs	r3, #128
 4537 0064 1B02     		lsls	r3, r3, #8
 4538 0066 0B43     		orrs	r3, r1
 4539 0068 5364     		str	r3, [r2, #68]
1617:Drivers/STM32G0xx_HAL_Driver/Src/stm32g0xx_hal_tim_ex.c **** }
 4540              		.loc 1 1617 3 view .LVU1211
1617:Drivers/STM32G0xx_HAL_Driver/Src/stm32g0xx_hal_tim_ex.c **** }
 4541              		.loc 1 1617 10 is_stmt 0 view .LVU1212
 4542 006a 0020     		movs	r0, #0
 4543 006c 00E0     		b	.L329
 4544              	.LVL329:
 4545              	.L331:
1600:Drivers/STM32G0xx_HAL_Driver/Src/stm32g0xx_hal_tim_ex.c ****   }
 4546              		.loc 1 1600 12 view .LVU1213
 4547 006e 0120     		movs	r0, #1
 4548              	.LVL330:
 4549              	.L329:
1618:Drivers/STM32G0xx_HAL_Driver/Src/stm32g0xx_hal_tim_ex.c **** 
 4550              		.loc 1 1618 1 view .LVU1214
 4551              		@ sp needed
 4552              	.LVL331:
 4553              	.LVL332:
 4554              	.LVL333:
 4555              	.LVL334:
1618:Drivers/STM32G0xx_HAL_Driver/Src/stm32g0xx_hal_tim_ex.c **** 
ARM GAS  C:\Users\sante\AppData\Local\Temp\cc9r4gT1.s 			page 151


 4556              		.loc 1 1618 1 view .LVU1215
 4557 0070 F8BD     		pop	{r3, r4, r5, r6, r7, pc}
 4558              	.LVL335:
 4559              	.L332:
1600:Drivers/STM32G0xx_HAL_Driver/Src/stm32g0xx_hal_tim_ex.c ****   }
 4560              		.loc 1 1600 12 view .LVU1216
 4561 0072 1800     		movs	r0, r3
 4562              	.LVL336:
1600:Drivers/STM32G0xx_HAL_Driver/Src/stm32g0xx_hal_tim_ex.c ****   }
 4563              		.loc 1 1600 12 view .LVU1217
 4564 0074 FCE7     		b	.L329
 4565              		.cfi_endproc
 4566              	.LFE515:
 4568              		.section	.text.HAL_TIMEx_OnePulseN_Stop,"ax",%progbits
 4569              		.align	1
 4570              		.global	HAL_TIMEx_OnePulseN_Stop
 4571              		.syntax unified
 4572              		.code	16
 4573              		.thumb_func
 4575              	HAL_TIMEx_OnePulseN_Stop:
 4576              	.LVL337:
 4577              	.LFB516:
1633:Drivers/STM32G0xx_HAL_Driver/Src/stm32g0xx_hal_tim_ex.c ****   uint32_t input_channel = (OutputChannel == TIM_CHANNEL_1) ? TIM_CHANNEL_2 : TIM_CHANNEL_1;
 4578              		.loc 1 1633 1 is_stmt 1 view -0
 4579              		.cfi_startproc
 4580              		@ args = 0, pretend = 0, frame = 0
 4581              		@ frame_needed = 0, uses_anonymous_args = 0
1633:Drivers/STM32G0xx_HAL_Driver/Src/stm32g0xx_hal_tim_ex.c ****   uint32_t input_channel = (OutputChannel == TIM_CHANNEL_1) ? TIM_CHANNEL_2 : TIM_CHANNEL_1;
 4582              		.loc 1 1633 1 is_stmt 0 view .LVU1219
 4583 0000 70B5     		push	{r4, r5, r6, lr}
 4584              		.cfi_def_cfa_offset 16
 4585              		.cfi_offset 4, -16
 4586              		.cfi_offset 5, -12
 4587              		.cfi_offset 6, -8
 4588              		.cfi_offset 14, -4
 4589 0002 0400     		movs	r4, r0
1634:Drivers/STM32G0xx_HAL_Driver/Src/stm32g0xx_hal_tim_ex.c **** 
 4590              		.loc 1 1634 3 is_stmt 1 view .LVU1220
1634:Drivers/STM32G0xx_HAL_Driver/Src/stm32g0xx_hal_tim_ex.c **** 
 4591              		.loc 1 1634 77 is_stmt 0 view .LVU1221
 4592 0004 0029     		cmp	r1, #0
 4593 0006 2ED1     		bne	.L339
1634:Drivers/STM32G0xx_HAL_Driver/Src/stm32g0xx_hal_tim_ex.c **** 
 4594              		.loc 1 1634 77 discriminator 1 view .LVU1222
 4595 0008 0425     		movs	r5, #4
 4596              	.L336:
 4597              	.LVL338:
1637:Drivers/STM32G0xx_HAL_Driver/Src/stm32g0xx_hal_tim_ex.c **** 
 4598              		.loc 1 1637 3 is_stmt 1 view .LVU1223
1640:Drivers/STM32G0xx_HAL_Driver/Src/stm32g0xx_hal_tim_ex.c ****   TIM_CCxChannelCmd(htim->Instance, input_channel, TIM_CCx_DISABLE);
 4599              		.loc 1 1640 3 view .LVU1224
 4600 000a 2068     		ldr	r0, [r4]
 4601              	.LVL339:
1640:Drivers/STM32G0xx_HAL_Driver/Src/stm32g0xx_hal_tim_ex.c ****   TIM_CCxChannelCmd(htim->Instance, input_channel, TIM_CCx_DISABLE);
 4602              		.loc 1 1640 3 is_stmt 0 view .LVU1225
 4603 000c 0022     		movs	r2, #0
 4604 000e FFF7FEFF 		bl	TIM_CCxNChannelCmd
ARM GAS  C:\Users\sante\AppData\Local\Temp\cc9r4gT1.s 			page 152


 4605              	.LVL340:
1641:Drivers/STM32G0xx_HAL_Driver/Src/stm32g0xx_hal_tim_ex.c **** 
 4606              		.loc 1 1641 3 is_stmt 1 view .LVU1226
 4607 0012 2068     		ldr	r0, [r4]
 4608 0014 0022     		movs	r2, #0
 4609 0016 2900     		movs	r1, r5
 4610 0018 FFF7FEFF 		bl	TIM_CCxChannelCmd
 4611              	.LVL341:
1644:Drivers/STM32G0xx_HAL_Driver/Src/stm32g0xx_hal_tim_ex.c **** 
 4612              		.loc 1 1644 3 view .LVU1227
1644:Drivers/STM32G0xx_HAL_Driver/Src/stm32g0xx_hal_tim_ex.c **** 
 4613              		.loc 1 1644 3 view .LVU1228
 4614 001c 2368     		ldr	r3, [r4]
 4615 001e 196A     		ldr	r1, [r3, #32]
 4616 0020 124A     		ldr	r2, .L340
 4617 0022 1142     		tst	r1, r2
 4618 0024 07D1     		bne	.L337
1644:Drivers/STM32G0xx_HAL_Driver/Src/stm32g0xx_hal_tim_ex.c **** 
 4619              		.loc 1 1644 3 discriminator 1 view .LVU1229
 4620 0026 196A     		ldr	r1, [r3, #32]
 4621 0028 114A     		ldr	r2, .L340+4
 4622 002a 1142     		tst	r1, r2
 4623 002c 03D1     		bne	.L337
1644:Drivers/STM32G0xx_HAL_Driver/Src/stm32g0xx_hal_tim_ex.c **** 
 4624              		.loc 1 1644 3 discriminator 3 view .LVU1230
 4625 002e 5A6C     		ldr	r2, [r3, #68]
 4626 0030 1049     		ldr	r1, .L340+8
 4627 0032 0A40     		ands	r2, r1
 4628 0034 5A64     		str	r2, [r3, #68]
 4629              	.L337:
1644:Drivers/STM32G0xx_HAL_Driver/Src/stm32g0xx_hal_tim_ex.c **** 
 4630              		.loc 1 1644 3 discriminator 5 view .LVU1231
1647:Drivers/STM32G0xx_HAL_Driver/Src/stm32g0xx_hal_tim_ex.c **** 
 4631              		.loc 1 1647 3 view .LVU1232
1647:Drivers/STM32G0xx_HAL_Driver/Src/stm32g0xx_hal_tim_ex.c **** 
 4632              		.loc 1 1647 3 view .LVU1233
 4633 0036 2368     		ldr	r3, [r4]
 4634 0038 196A     		ldr	r1, [r3, #32]
 4635 003a 0C4A     		ldr	r2, .L340
 4636 003c 1142     		tst	r1, r2
 4637 003e 07D1     		bne	.L338
1647:Drivers/STM32G0xx_HAL_Driver/Src/stm32g0xx_hal_tim_ex.c **** 
 4638              		.loc 1 1647 3 discriminator 1 view .LVU1234
 4639 0040 196A     		ldr	r1, [r3, #32]
 4640 0042 0B4A     		ldr	r2, .L340+4
 4641 0044 1142     		tst	r1, r2
 4642 0046 03D1     		bne	.L338
1647:Drivers/STM32G0xx_HAL_Driver/Src/stm32g0xx_hal_tim_ex.c **** 
 4643              		.loc 1 1647 3 discriminator 3 view .LVU1235
 4644 0048 1A68     		ldr	r2, [r3]
 4645 004a 0121     		movs	r1, #1
 4646 004c 8A43     		bics	r2, r1
 4647 004e 1A60     		str	r2, [r3]
 4648              	.L338:
1647:Drivers/STM32G0xx_HAL_Driver/Src/stm32g0xx_hal_tim_ex.c **** 
 4649              		.loc 1 1647 3 discriminator 5 view .LVU1236
1650:Drivers/STM32G0xx_HAL_Driver/Src/stm32g0xx_hal_tim_ex.c ****   TIM_CHANNEL_STATE_SET(htim, TIM_CHANNEL_2, HAL_TIM_CHANNEL_STATE_READY);
ARM GAS  C:\Users\sante\AppData\Local\Temp\cc9r4gT1.s 			page 153


 4650              		.loc 1 1650 3 view .LVU1237
 4651 0050 0123     		movs	r3, #1
 4652 0052 3E22     		movs	r2, #62
 4653 0054 A354     		strb	r3, [r4, r2]
1651:Drivers/STM32G0xx_HAL_Driver/Src/stm32g0xx_hal_tim_ex.c ****   TIM_CHANNEL_N_STATE_SET(htim, TIM_CHANNEL_1, HAL_TIM_CHANNEL_STATE_READY);
 4654              		.loc 1 1651 3 view .LVU1238
 4655 0056 0132     		adds	r2, r2, #1
 4656 0058 A354     		strb	r3, [r4, r2]
1652:Drivers/STM32G0xx_HAL_Driver/Src/stm32g0xx_hal_tim_ex.c ****   TIM_CHANNEL_N_STATE_SET(htim, TIM_CHANNEL_2, HAL_TIM_CHANNEL_STATE_READY);
 4657              		.loc 1 1652 3 view .LVU1239
 4658 005a 0532     		adds	r2, r2, #5
 4659 005c A354     		strb	r3, [r4, r2]
1653:Drivers/STM32G0xx_HAL_Driver/Src/stm32g0xx_hal_tim_ex.c **** 
 4660              		.loc 1 1653 3 view .LVU1240
 4661 005e 0132     		adds	r2, r2, #1
 4662 0060 A354     		strb	r3, [r4, r2]
1656:Drivers/STM32G0xx_HAL_Driver/Src/stm32g0xx_hal_tim_ex.c **** }
 4663              		.loc 1 1656 3 view .LVU1241
1657:Drivers/STM32G0xx_HAL_Driver/Src/stm32g0xx_hal_tim_ex.c **** 
 4664              		.loc 1 1657 1 is_stmt 0 view .LVU1242
 4665 0062 0020     		movs	r0, #0
 4666              		@ sp needed
 4667              	.LVL342:
 4668              	.LVL343:
1657:Drivers/STM32G0xx_HAL_Driver/Src/stm32g0xx_hal_tim_ex.c **** 
 4669              		.loc 1 1657 1 view .LVU1243
 4670 0064 70BD     		pop	{r4, r5, r6, pc}
 4671              	.LVL344:
 4672              	.L339:
1634:Drivers/STM32G0xx_HAL_Driver/Src/stm32g0xx_hal_tim_ex.c **** 
 4673              		.loc 1 1634 77 discriminator 2 view .LVU1244
 4674 0066 0025     		movs	r5, #0
 4675 0068 CFE7     		b	.L336
 4676              	.L341:
 4677 006a C046     		.align	2
 4678              	.L340:
 4679 006c 11110000 		.word	4369
 4680 0070 44040000 		.word	1092
 4681 0074 FF7FFFFF 		.word	-32769
 4682              		.cfi_endproc
 4683              	.LFE516:
 4685              		.section	.text.HAL_TIMEx_OnePulseN_Start_IT,"ax",%progbits
 4686              		.align	1
 4687              		.global	HAL_TIMEx_OnePulseN_Start_IT
 4688              		.syntax unified
 4689              		.code	16
 4690              		.thumb_func
 4692              	HAL_TIMEx_OnePulseN_Start_IT:
 4693              	.LVL345:
 4694              	.LFB517:
1672:Drivers/STM32G0xx_HAL_Driver/Src/stm32g0xx_hal_tim_ex.c ****   uint32_t input_channel = (OutputChannel == TIM_CHANNEL_1) ? TIM_CHANNEL_2 : TIM_CHANNEL_1;
 4695              		.loc 1 1672 1 is_stmt 1 view -0
 4696              		.cfi_startproc
 4697              		@ args = 0, pretend = 0, frame = 0
 4698              		@ frame_needed = 0, uses_anonymous_args = 0
1672:Drivers/STM32G0xx_HAL_Driver/Src/stm32g0xx_hal_tim_ex.c ****   uint32_t input_channel = (OutputChannel == TIM_CHANNEL_1) ? TIM_CHANNEL_2 : TIM_CHANNEL_1;
 4699              		.loc 1 1672 1 is_stmt 0 view .LVU1246
ARM GAS  C:\Users\sante\AppData\Local\Temp\cc9r4gT1.s 			page 154


 4700 0000 F8B5     		push	{r3, r4, r5, r6, r7, lr}
 4701              		.cfi_def_cfa_offset 24
 4702              		.cfi_offset 3, -24
 4703              		.cfi_offset 4, -20
 4704              		.cfi_offset 5, -16
 4705              		.cfi_offset 6, -12
 4706              		.cfi_offset 7, -8
 4707              		.cfi_offset 14, -4
 4708 0002 0400     		movs	r4, r0
1673:Drivers/STM32G0xx_HAL_Driver/Src/stm32g0xx_hal_tim_ex.c ****   HAL_TIM_ChannelStateTypeDef channel_1_state = TIM_CHANNEL_STATE_GET(htim, TIM_CHANNEL_1);
 4709              		.loc 1 1673 3 is_stmt 1 view .LVU1247
1673:Drivers/STM32G0xx_HAL_Driver/Src/stm32g0xx_hal_tim_ex.c ****   HAL_TIM_ChannelStateTypeDef channel_1_state = TIM_CHANNEL_STATE_GET(htim, TIM_CHANNEL_1);
 4710              		.loc 1 1673 77 is_stmt 0 view .LVU1248
 4711 0004 0029     		cmp	r1, #0
 4712 0006 16D1     		bne	.L345
1673:Drivers/STM32G0xx_HAL_Driver/Src/stm32g0xx_hal_tim_ex.c ****   HAL_TIM_ChannelStateTypeDef channel_1_state = TIM_CHANNEL_STATE_GET(htim, TIM_CHANNEL_1);
 4713              		.loc 1 1673 77 discriminator 1 view .LVU1249
 4714 0008 0426     		movs	r6, #4
 4715              	.L343:
 4716              	.LVL346:
1674:Drivers/STM32G0xx_HAL_Driver/Src/stm32g0xx_hal_tim_ex.c ****   HAL_TIM_ChannelStateTypeDef channel_2_state = TIM_CHANNEL_STATE_GET(htim, TIM_CHANNEL_2);
 4717              		.loc 1 1674 3 is_stmt 1 view .LVU1250
1674:Drivers/STM32G0xx_HAL_Driver/Src/stm32g0xx_hal_tim_ex.c ****   HAL_TIM_ChannelStateTypeDef channel_2_state = TIM_CHANNEL_STATE_GET(htim, TIM_CHANNEL_2);
 4718              		.loc 1 1674 31 is_stmt 0 view .LVU1251
 4719 000a 3E23     		movs	r3, #62
 4720 000c E75C     		ldrb	r7, [r4, r3]
 4721 000e F8B2     		uxtb	r0, r7
 4722              	.LVL347:
1675:Drivers/STM32G0xx_HAL_Driver/Src/stm32g0xx_hal_tim_ex.c ****   HAL_TIM_ChannelStateTypeDef complementary_channel_1_state = TIM_CHANNEL_N_STATE_GET(htim, TIM_CHA
 4723              		.loc 1 1675 3 is_stmt 1 view .LVU1252
1675:Drivers/STM32G0xx_HAL_Driver/Src/stm32g0xx_hal_tim_ex.c ****   HAL_TIM_ChannelStateTypeDef complementary_channel_1_state = TIM_CHANNEL_N_STATE_GET(htim, TIM_CHA
 4724              		.loc 1 1675 31 is_stmt 0 view .LVU1253
 4725 0010 0133     		adds	r3, r3, #1
 4726 0012 E35C     		ldrb	r3, [r4, r3]
 4727 0014 DBB2     		uxtb	r3, r3
 4728              	.LVL348:
1676:Drivers/STM32G0xx_HAL_Driver/Src/stm32g0xx_hal_tim_ex.c ****   HAL_TIM_ChannelStateTypeDef complementary_channel_2_state = TIM_CHANNEL_N_STATE_GET(htim, TIM_CHA
 4729              		.loc 1 1676 3 is_stmt 1 view .LVU1254
1676:Drivers/STM32G0xx_HAL_Driver/Src/stm32g0xx_hal_tim_ex.c ****   HAL_TIM_ChannelStateTypeDef complementary_channel_2_state = TIM_CHANNEL_N_STATE_GET(htim, TIM_CHA
 4730              		.loc 1 1676 31 is_stmt 0 view .LVU1255
 4731 0016 4422     		movs	r2, #68
 4732 0018 A25C     		ldrb	r2, [r4, r2]
 4733 001a D2B2     		uxtb	r2, r2
 4734              	.LVL349:
1677:Drivers/STM32G0xx_HAL_Driver/Src/stm32g0xx_hal_tim_ex.c **** 
 4735              		.loc 1 1677 3 is_stmt 1 view .LVU1256
1677:Drivers/STM32G0xx_HAL_Driver/Src/stm32g0xx_hal_tim_ex.c **** 
 4736              		.loc 1 1677 31 is_stmt 0 view .LVU1257
 4737 001c 4525     		movs	r5, #69
 4738 001e 655D     		ldrb	r5, [r4, r5]
 4739 0020 EDB2     		uxtb	r5, r5
 4740              	.LVL350:
1680:Drivers/STM32G0xx_HAL_Driver/Src/stm32g0xx_hal_tim_ex.c **** 
 4741              		.loc 1 1680 3 is_stmt 1 view .LVU1258
1683:Drivers/STM32G0xx_HAL_Driver/Src/stm32g0xx_hal_tim_ex.c ****       || (channel_2_state != HAL_TIM_CHANNEL_STATE_READY)
 4742              		.loc 1 1683 3 view .LVU1259
1683:Drivers/STM32G0xx_HAL_Driver/Src/stm32g0xx_hal_tim_ex.c ****       || (channel_2_state != HAL_TIM_CHANNEL_STATE_READY)
ARM GAS  C:\Users\sante\AppData\Local\Temp\cc9r4gT1.s 			page 155


 4743              		.loc 1 1683 6 is_stmt 0 view .LVU1260
 4744 0022 012F     		cmp	r7, #1
 4745 0024 2CD1     		bne	.L346
1684:Drivers/STM32G0xx_HAL_Driver/Src/stm32g0xx_hal_tim_ex.c ****       || (complementary_channel_1_state != HAL_TIM_CHANNEL_STATE_READY)
 4746              		.loc 1 1684 7 view .LVU1261
 4747 0026 012B     		cmp	r3, #1
 4748 0028 2BD1     		bne	.L344
1685:Drivers/STM32G0xx_HAL_Driver/Src/stm32g0xx_hal_tim_ex.c ****       || (complementary_channel_2_state != HAL_TIM_CHANNEL_STATE_READY))
 4749              		.loc 1 1685 7 view .LVU1262
 4750 002a 012A     		cmp	r2, #1
 4751 002c 2AD1     		bne	.L347
1686:Drivers/STM32G0xx_HAL_Driver/Src/stm32g0xx_hal_tim_ex.c ****   {
 4752              		.loc 1 1686 7 view .LVU1263
 4753 002e 012D     		cmp	r5, #1
 4754 0030 03D0     		beq	.L349
1688:Drivers/STM32G0xx_HAL_Driver/Src/stm32g0xx_hal_tim_ex.c ****   }
 4755              		.loc 1 1688 12 view .LVU1264
 4756 0032 1000     		movs	r0, r2
 4757              	.LVL351:
1688:Drivers/STM32G0xx_HAL_Driver/Src/stm32g0xx_hal_tim_ex.c ****   }
 4758              		.loc 1 1688 12 view .LVU1265
 4759 0034 25E0     		b	.L344
 4760              	.LVL352:
 4761              	.L345:
1673:Drivers/STM32G0xx_HAL_Driver/Src/stm32g0xx_hal_tim_ex.c ****   HAL_TIM_ChannelStateTypeDef channel_1_state = TIM_CHANNEL_STATE_GET(htim, TIM_CHANNEL_1);
 4762              		.loc 1 1673 77 discriminator 2 view .LVU1266
 4763 0036 0026     		movs	r6, #0
 4764 0038 E7E7     		b	.L343
 4765              	.LVL353:
 4766              	.L349:
1692:Drivers/STM32G0xx_HAL_Driver/Src/stm32g0xx_hal_tim_ex.c ****   TIM_CHANNEL_STATE_SET(htim, TIM_CHANNEL_2, HAL_TIM_CHANNEL_STATE_BUSY);
 4767              		.loc 1 1692 3 is_stmt 1 view .LVU1267
 4768 003a 0133     		adds	r3, r3, #1
 4769              	.LVL354:
1692:Drivers/STM32G0xx_HAL_Driver/Src/stm32g0xx_hal_tim_ex.c ****   TIM_CHANNEL_STATE_SET(htim, TIM_CHANNEL_2, HAL_TIM_CHANNEL_STATE_BUSY);
 4770              		.loc 1 1692 3 is_stmt 0 view .LVU1268
 4771 003c 3D32     		adds	r2, r2, #61
 4772              	.LVL355:
1692:Drivers/STM32G0xx_HAL_Driver/Src/stm32g0xx_hal_tim_ex.c ****   TIM_CHANNEL_STATE_SET(htim, TIM_CHANNEL_2, HAL_TIM_CHANNEL_STATE_BUSY);
 4773              		.loc 1 1692 3 view .LVU1269
 4774 003e A354     		strb	r3, [r4, r2]
1693:Drivers/STM32G0xx_HAL_Driver/Src/stm32g0xx_hal_tim_ex.c ****   TIM_CHANNEL_N_STATE_SET(htim, TIM_CHANNEL_1, HAL_TIM_CHANNEL_STATE_BUSY);
 4775              		.loc 1 1693 3 is_stmt 1 view .LVU1270
 4776 0040 0132     		adds	r2, r2, #1
 4777              	.LVL356:
1693:Drivers/STM32G0xx_HAL_Driver/Src/stm32g0xx_hal_tim_ex.c ****   TIM_CHANNEL_N_STATE_SET(htim, TIM_CHANNEL_1, HAL_TIM_CHANNEL_STATE_BUSY);
 4778              		.loc 1 1693 3 is_stmt 0 view .LVU1271
 4779 0042 A354     		strb	r3, [r4, r2]
1694:Drivers/STM32G0xx_HAL_Driver/Src/stm32g0xx_hal_tim_ex.c ****   TIM_CHANNEL_N_STATE_SET(htim, TIM_CHANNEL_2, HAL_TIM_CHANNEL_STATE_BUSY);
 4780              		.loc 1 1694 3 is_stmt 1 view .LVU1272
 4781 0044 0532     		adds	r2, r2, #5
 4782              	.LVL357:
1694:Drivers/STM32G0xx_HAL_Driver/Src/stm32g0xx_hal_tim_ex.c ****   TIM_CHANNEL_N_STATE_SET(htim, TIM_CHANNEL_2, HAL_TIM_CHANNEL_STATE_BUSY);
 4783              		.loc 1 1694 3 is_stmt 0 view .LVU1273
 4784 0046 A354     		strb	r3, [r4, r2]
1695:Drivers/STM32G0xx_HAL_Driver/Src/stm32g0xx_hal_tim_ex.c **** 
 4785              		.loc 1 1695 3 is_stmt 1 view .LVU1274
ARM GAS  C:\Users\sante\AppData\Local\Temp\cc9r4gT1.s 			page 156


 4786 0048 0132     		adds	r2, r2, #1
 4787              	.LVL358:
1695:Drivers/STM32G0xx_HAL_Driver/Src/stm32g0xx_hal_tim_ex.c **** 
 4788              		.loc 1 1695 3 is_stmt 0 view .LVU1275
 4789 004a A354     		strb	r3, [r4, r2]
1698:Drivers/STM32G0xx_HAL_Driver/Src/stm32g0xx_hal_tim_ex.c **** 
 4790              		.loc 1 1698 3 is_stmt 1 view .LVU1276
 4791 004c 2068     		ldr	r0, [r4]
 4792              	.LVL359:
1698:Drivers/STM32G0xx_HAL_Driver/Src/stm32g0xx_hal_tim_ex.c **** 
 4793              		.loc 1 1698 3 is_stmt 0 view .LVU1277
 4794 004e C268     		ldr	r2, [r0, #12]
 4795              	.LVL360:
1698:Drivers/STM32G0xx_HAL_Driver/Src/stm32g0xx_hal_tim_ex.c **** 
 4796              		.loc 1 1698 3 view .LVU1278
 4797 0050 1343     		orrs	r3, r2
 4798              	.LVL361:
1698:Drivers/STM32G0xx_HAL_Driver/Src/stm32g0xx_hal_tim_ex.c **** 
 4799              		.loc 1 1698 3 view .LVU1279
 4800 0052 C360     		str	r3, [r0, #12]
1701:Drivers/STM32G0xx_HAL_Driver/Src/stm32g0xx_hal_tim_ex.c **** 
 4801              		.loc 1 1701 3 is_stmt 1 view .LVU1280
 4802 0054 2268     		ldr	r2, [r4]
 4803 0056 D368     		ldr	r3, [r2, #12]
 4804 0058 0420     		movs	r0, #4
 4805 005a 0343     		orrs	r3, r0
 4806 005c D360     		str	r3, [r2, #12]
1704:Drivers/STM32G0xx_HAL_Driver/Src/stm32g0xx_hal_tim_ex.c ****   TIM_CCxChannelCmd(htim->Instance, input_channel, TIM_CCx_ENABLE);
 4807              		.loc 1 1704 3 view .LVU1281
 4808 005e 2068     		ldr	r0, [r4]
 4809 0060 0422     		movs	r2, #4
 4810 0062 FFF7FEFF 		bl	TIM_CCxNChannelCmd
 4811              	.LVL362:
1705:Drivers/STM32G0xx_HAL_Driver/Src/stm32g0xx_hal_tim_ex.c **** 
 4812              		.loc 1 1705 3 view .LVU1282
 4813 0066 2068     		ldr	r0, [r4]
 4814 0068 0122     		movs	r2, #1
 4815 006a 3100     		movs	r1, r6
 4816 006c FFF7FEFF 		bl	TIM_CCxChannelCmd
 4817              	.LVL363:
1708:Drivers/STM32G0xx_HAL_Driver/Src/stm32g0xx_hal_tim_ex.c **** 
 4818              		.loc 1 1708 3 view .LVU1283
 4819 0070 2268     		ldr	r2, [r4]
 4820 0072 516C     		ldr	r1, [r2, #68]
 4821 0074 8023     		movs	r3, #128
 4822 0076 1B02     		lsls	r3, r3, #8
 4823 0078 0B43     		orrs	r3, r1
 4824 007a 5364     		str	r3, [r2, #68]
1711:Drivers/STM32G0xx_HAL_Driver/Src/stm32g0xx_hal_tim_ex.c **** }
 4825              		.loc 1 1711 3 view .LVU1284
1711:Drivers/STM32G0xx_HAL_Driver/Src/stm32g0xx_hal_tim_ex.c **** }
 4826              		.loc 1 1711 10 is_stmt 0 view .LVU1285
 4827 007c 0020     		movs	r0, #0
 4828 007e 00E0     		b	.L344
 4829              	.LVL364:
 4830              	.L346:
1688:Drivers/STM32G0xx_HAL_Driver/Src/stm32g0xx_hal_tim_ex.c ****   }
ARM GAS  C:\Users\sante\AppData\Local\Temp\cc9r4gT1.s 			page 157


 4831              		.loc 1 1688 12 view .LVU1286
 4832 0080 0120     		movs	r0, #1
 4833              	.LVL365:
 4834              	.L344:
1712:Drivers/STM32G0xx_HAL_Driver/Src/stm32g0xx_hal_tim_ex.c **** 
 4835              		.loc 1 1712 1 view .LVU1287
 4836              		@ sp needed
 4837              	.LVL366:
 4838              	.LVL367:
 4839              	.LVL368:
 4840              	.LVL369:
1712:Drivers/STM32G0xx_HAL_Driver/Src/stm32g0xx_hal_tim_ex.c **** 
 4841              		.loc 1 1712 1 view .LVU1288
 4842 0082 F8BD     		pop	{r3, r4, r5, r6, r7, pc}
 4843              	.LVL370:
 4844              	.L347:
1688:Drivers/STM32G0xx_HAL_Driver/Src/stm32g0xx_hal_tim_ex.c ****   }
 4845              		.loc 1 1688 12 view .LVU1289
 4846 0084 1800     		movs	r0, r3
 4847              	.LVL371:
1688:Drivers/STM32G0xx_HAL_Driver/Src/stm32g0xx_hal_tim_ex.c ****   }
 4848              		.loc 1 1688 12 view .LVU1290
 4849 0086 FCE7     		b	.L344
 4850              		.cfi_endproc
 4851              	.LFE517:
 4853              		.section	.text.HAL_TIMEx_OnePulseN_Stop_IT,"ax",%progbits
 4854              		.align	1
 4855              		.global	HAL_TIMEx_OnePulseN_Stop_IT
 4856              		.syntax unified
 4857              		.code	16
 4858              		.thumb_func
 4860              	HAL_TIMEx_OnePulseN_Stop_IT:
 4861              	.LVL372:
 4862              	.LFB518:
1727:Drivers/STM32G0xx_HAL_Driver/Src/stm32g0xx_hal_tim_ex.c ****   uint32_t input_channel = (OutputChannel == TIM_CHANNEL_1) ? TIM_CHANNEL_2 : TIM_CHANNEL_1;
 4863              		.loc 1 1727 1 is_stmt 1 view -0
 4864              		.cfi_startproc
 4865              		@ args = 0, pretend = 0, frame = 0
 4866              		@ frame_needed = 0, uses_anonymous_args = 0
1727:Drivers/STM32G0xx_HAL_Driver/Src/stm32g0xx_hal_tim_ex.c ****   uint32_t input_channel = (OutputChannel == TIM_CHANNEL_1) ? TIM_CHANNEL_2 : TIM_CHANNEL_1;
 4867              		.loc 1 1727 1 is_stmt 0 view .LVU1292
 4868 0000 70B5     		push	{r4, r5, r6, lr}
 4869              		.cfi_def_cfa_offset 16
 4870              		.cfi_offset 4, -16
 4871              		.cfi_offset 5, -12
 4872              		.cfi_offset 6, -8
 4873              		.cfi_offset 14, -4
 4874 0002 0400     		movs	r4, r0
1728:Drivers/STM32G0xx_HAL_Driver/Src/stm32g0xx_hal_tim_ex.c **** 
 4875              		.loc 1 1728 3 is_stmt 1 view .LVU1293
1728:Drivers/STM32G0xx_HAL_Driver/Src/stm32g0xx_hal_tim_ex.c **** 
 4876              		.loc 1 1728 77 is_stmt 0 view .LVU1294
 4877 0004 0029     		cmp	r1, #0
 4878 0006 38D1     		bne	.L354
1728:Drivers/STM32G0xx_HAL_Driver/Src/stm32g0xx_hal_tim_ex.c **** 
 4879              		.loc 1 1728 77 discriminator 1 view .LVU1295
 4880 0008 0425     		movs	r5, #4
ARM GAS  C:\Users\sante\AppData\Local\Temp\cc9r4gT1.s 			page 158


 4881              	.L351:
 4882              	.LVL373:
1731:Drivers/STM32G0xx_HAL_Driver/Src/stm32g0xx_hal_tim_ex.c **** 
 4883              		.loc 1 1731 3 is_stmt 1 view .LVU1296
1734:Drivers/STM32G0xx_HAL_Driver/Src/stm32g0xx_hal_tim_ex.c **** 
 4884              		.loc 1 1734 3 view .LVU1297
 4885 000a 2268     		ldr	r2, [r4]
 4886 000c D368     		ldr	r3, [r2, #12]
 4887 000e 0220     		movs	r0, #2
 4888              	.LVL374:
1734:Drivers/STM32G0xx_HAL_Driver/Src/stm32g0xx_hal_tim_ex.c **** 
 4889              		.loc 1 1734 3 is_stmt 0 view .LVU1298
 4890 0010 8343     		bics	r3, r0
 4891 0012 D360     		str	r3, [r2, #12]
1737:Drivers/STM32G0xx_HAL_Driver/Src/stm32g0xx_hal_tim_ex.c **** 
 4892              		.loc 1 1737 3 is_stmt 1 view .LVU1299
 4893 0014 2268     		ldr	r2, [r4]
 4894 0016 D368     		ldr	r3, [r2, #12]
 4895 0018 0230     		adds	r0, r0, #2
 4896 001a 8343     		bics	r3, r0
 4897 001c D360     		str	r3, [r2, #12]
1740:Drivers/STM32G0xx_HAL_Driver/Src/stm32g0xx_hal_tim_ex.c ****   TIM_CCxChannelCmd(htim->Instance, input_channel, TIM_CCx_DISABLE);
 4898              		.loc 1 1740 3 view .LVU1300
 4899 001e 2068     		ldr	r0, [r4]
 4900 0020 0022     		movs	r2, #0
 4901 0022 FFF7FEFF 		bl	TIM_CCxNChannelCmd
 4902              	.LVL375:
1741:Drivers/STM32G0xx_HAL_Driver/Src/stm32g0xx_hal_tim_ex.c **** 
 4903              		.loc 1 1741 3 view .LVU1301
 4904 0026 2068     		ldr	r0, [r4]
 4905 0028 0022     		movs	r2, #0
 4906 002a 2900     		movs	r1, r5
 4907 002c FFF7FEFF 		bl	TIM_CCxChannelCmd
 4908              	.LVL376:
1744:Drivers/STM32G0xx_HAL_Driver/Src/stm32g0xx_hal_tim_ex.c **** 
 4909              		.loc 1 1744 3 view .LVU1302
1744:Drivers/STM32G0xx_HAL_Driver/Src/stm32g0xx_hal_tim_ex.c **** 
 4910              		.loc 1 1744 3 view .LVU1303
 4911 0030 2368     		ldr	r3, [r4]
 4912 0032 196A     		ldr	r1, [r3, #32]
 4913 0034 124A     		ldr	r2, .L355
 4914 0036 1142     		tst	r1, r2
 4915 0038 07D1     		bne	.L352
1744:Drivers/STM32G0xx_HAL_Driver/Src/stm32g0xx_hal_tim_ex.c **** 
 4916              		.loc 1 1744 3 discriminator 1 view .LVU1304
 4917 003a 196A     		ldr	r1, [r3, #32]
 4918 003c 114A     		ldr	r2, .L355+4
 4919 003e 1142     		tst	r1, r2
 4920 0040 03D1     		bne	.L352
1744:Drivers/STM32G0xx_HAL_Driver/Src/stm32g0xx_hal_tim_ex.c **** 
 4921              		.loc 1 1744 3 discriminator 3 view .LVU1305
 4922 0042 5A6C     		ldr	r2, [r3, #68]
 4923 0044 1049     		ldr	r1, .L355+8
 4924 0046 0A40     		ands	r2, r1
 4925 0048 5A64     		str	r2, [r3, #68]
 4926              	.L352:
1744:Drivers/STM32G0xx_HAL_Driver/Src/stm32g0xx_hal_tim_ex.c **** 
ARM GAS  C:\Users\sante\AppData\Local\Temp\cc9r4gT1.s 			page 159


 4927              		.loc 1 1744 3 discriminator 5 view .LVU1306
1747:Drivers/STM32G0xx_HAL_Driver/Src/stm32g0xx_hal_tim_ex.c **** 
 4928              		.loc 1 1747 3 view .LVU1307
1747:Drivers/STM32G0xx_HAL_Driver/Src/stm32g0xx_hal_tim_ex.c **** 
 4929              		.loc 1 1747 3 view .LVU1308
 4930 004a 2368     		ldr	r3, [r4]
 4931 004c 196A     		ldr	r1, [r3, #32]
 4932 004e 0C4A     		ldr	r2, .L355
 4933 0050 1142     		tst	r1, r2
 4934 0052 07D1     		bne	.L353
1747:Drivers/STM32G0xx_HAL_Driver/Src/stm32g0xx_hal_tim_ex.c **** 
 4935              		.loc 1 1747 3 discriminator 1 view .LVU1309
 4936 0054 196A     		ldr	r1, [r3, #32]
 4937 0056 0B4A     		ldr	r2, .L355+4
 4938 0058 1142     		tst	r1, r2
 4939 005a 03D1     		bne	.L353
1747:Drivers/STM32G0xx_HAL_Driver/Src/stm32g0xx_hal_tim_ex.c **** 
 4940              		.loc 1 1747 3 discriminator 3 view .LVU1310
 4941 005c 1A68     		ldr	r2, [r3]
 4942 005e 0121     		movs	r1, #1
 4943 0060 8A43     		bics	r2, r1
 4944 0062 1A60     		str	r2, [r3]
 4945              	.L353:
1747:Drivers/STM32G0xx_HAL_Driver/Src/stm32g0xx_hal_tim_ex.c **** 
 4946              		.loc 1 1747 3 discriminator 5 view .LVU1311
1750:Drivers/STM32G0xx_HAL_Driver/Src/stm32g0xx_hal_tim_ex.c ****   TIM_CHANNEL_STATE_SET(htim, TIM_CHANNEL_2, HAL_TIM_CHANNEL_STATE_READY);
 4947              		.loc 1 1750 3 view .LVU1312
 4948 0064 0123     		movs	r3, #1
 4949 0066 3E22     		movs	r2, #62
 4950 0068 A354     		strb	r3, [r4, r2]
1751:Drivers/STM32G0xx_HAL_Driver/Src/stm32g0xx_hal_tim_ex.c ****   TIM_CHANNEL_N_STATE_SET(htim, TIM_CHANNEL_1, HAL_TIM_CHANNEL_STATE_READY);
 4951              		.loc 1 1751 3 view .LVU1313
 4952 006a 0132     		adds	r2, r2, #1
 4953 006c A354     		strb	r3, [r4, r2]
1752:Drivers/STM32G0xx_HAL_Driver/Src/stm32g0xx_hal_tim_ex.c ****   TIM_CHANNEL_N_STATE_SET(htim, TIM_CHANNEL_2, HAL_TIM_CHANNEL_STATE_READY);
 4954              		.loc 1 1752 3 view .LVU1314
 4955 006e 0532     		adds	r2, r2, #5
 4956 0070 A354     		strb	r3, [r4, r2]
1753:Drivers/STM32G0xx_HAL_Driver/Src/stm32g0xx_hal_tim_ex.c **** 
 4957              		.loc 1 1753 3 view .LVU1315
 4958 0072 0132     		adds	r2, r2, #1
 4959 0074 A354     		strb	r3, [r4, r2]
1756:Drivers/STM32G0xx_HAL_Driver/Src/stm32g0xx_hal_tim_ex.c **** }
 4960              		.loc 1 1756 3 view .LVU1316
1757:Drivers/STM32G0xx_HAL_Driver/Src/stm32g0xx_hal_tim_ex.c **** 
 4961              		.loc 1 1757 1 is_stmt 0 view .LVU1317
 4962 0076 0020     		movs	r0, #0
 4963              		@ sp needed
 4964              	.LVL377:
 4965              	.LVL378:
1757:Drivers/STM32G0xx_HAL_Driver/Src/stm32g0xx_hal_tim_ex.c **** 
 4966              		.loc 1 1757 1 view .LVU1318
 4967 0078 70BD     		pop	{r4, r5, r6, pc}
 4968              	.LVL379:
 4969              	.L354:
1728:Drivers/STM32G0xx_HAL_Driver/Src/stm32g0xx_hal_tim_ex.c **** 
 4970              		.loc 1 1728 77 discriminator 2 view .LVU1319
ARM GAS  C:\Users\sante\AppData\Local\Temp\cc9r4gT1.s 			page 160


 4971 007a 0025     		movs	r5, #0
 4972 007c C5E7     		b	.L351
 4973              	.L356:
 4974 007e C046     		.align	2
 4975              	.L355:
 4976 0080 11110000 		.word	4369
 4977 0084 44040000 		.word	1092
 4978 0088 FF7FFFFF 		.word	-32769
 4979              		.cfi_endproc
 4980              	.LFE518:
 4982              		.section	.text.HAL_TIMEx_ConfigCommutEvent,"ax",%progbits
 4983              		.align	1
 4984              		.global	HAL_TIMEx_ConfigCommutEvent
 4985              		.syntax unified
 4986              		.code	16
 4987              		.thumb_func
 4989              	HAL_TIMEx_ConfigCommutEvent:
 4990              	.LVL380:
 4991              	.LFB519:
1809:Drivers/STM32G0xx_HAL_Driver/Src/stm32g0xx_hal_tim_ex.c ****   /* Check the parameters */
 4992              		.loc 1 1809 1 is_stmt 1 view -0
 4993              		.cfi_startproc
 4994              		@ args = 0, pretend = 0, frame = 0
 4995              		@ frame_needed = 0, uses_anonymous_args = 0
1809:Drivers/STM32G0xx_HAL_Driver/Src/stm32g0xx_hal_tim_ex.c ****   /* Check the parameters */
 4996              		.loc 1 1809 1 is_stmt 0 view .LVU1321
 4997 0000 30B5     		push	{r4, r5, lr}
 4998              		.cfi_def_cfa_offset 12
 4999              		.cfi_offset 4, -12
 5000              		.cfi_offset 5, -8
 5001              		.cfi_offset 14, -4
1811:Drivers/STM32G0xx_HAL_Driver/Src/stm32g0xx_hal_tim_ex.c ****   assert_param(IS_TIM_INTERNAL_TRIGGEREVENT_SELECTION(InputTrigger));
 5002              		.loc 1 1811 3 is_stmt 1 view .LVU1322
1812:Drivers/STM32G0xx_HAL_Driver/Src/stm32g0xx_hal_tim_ex.c **** 
 5003              		.loc 1 1812 3 view .LVU1323
1814:Drivers/STM32G0xx_HAL_Driver/Src/stm32g0xx_hal_tim_ex.c **** 
 5004              		.loc 1 1814 3 view .LVU1324
1814:Drivers/STM32G0xx_HAL_Driver/Src/stm32g0xx_hal_tim_ex.c **** 
 5005              		.loc 1 1814 3 view .LVU1325
 5006 0002 3C23     		movs	r3, #60
 5007 0004 C35C     		ldrb	r3, [r0, r3]
 5008 0006 012B     		cmp	r3, #1
 5009 0008 30D0     		beq	.L361
1814:Drivers/STM32G0xx_HAL_Driver/Src/stm32g0xx_hal_tim_ex.c **** 
 5010              		.loc 1 1814 3 discriminator 2 view .LVU1326
 5011 000a 3C23     		movs	r3, #60
 5012 000c 0124     		movs	r4, #1
 5013 000e C454     		strb	r4, [r0, r3]
1814:Drivers/STM32G0xx_HAL_Driver/Src/stm32g0xx_hal_tim_ex.c **** 
 5014              		.loc 1 1814 3 view .LVU1327
1816:Drivers/STM32G0xx_HAL_Driver/Src/stm32g0xx_hal_tim_ex.c ****       (InputTrigger == TIM_TS_ITR2) || (InputTrigger == TIM_TS_ITR3))
 5015              		.loc 1 1816 3 view .LVU1328
1816:Drivers/STM32G0xx_HAL_Driver/Src/stm32g0xx_hal_tim_ex.c ****       (InputTrigger == TIM_TS_ITR2) || (InputTrigger == TIM_TS_ITR3))
 5016              		.loc 1 1816 6 is_stmt 0 view .LVU1329
 5017 0010 0029     		cmp	r1, #0
 5018 0012 05D0     		beq	.L359
1816:Drivers/STM32G0xx_HAL_Driver/Src/stm32g0xx_hal_tim_ex.c ****       (InputTrigger == TIM_TS_ITR2) || (InputTrigger == TIM_TS_ITR3))
ARM GAS  C:\Users\sante\AppData\Local\Temp\cc9r4gT1.s 			page 161


 5019              		.loc 1 1816 37 discriminator 1 view .LVU1330
 5020 0014 1029     		cmp	r1, #16
 5021 0016 03D0     		beq	.L359
1816:Drivers/STM32G0xx_HAL_Driver/Src/stm32g0xx_hal_tim_ex.c ****       (InputTrigger == TIM_TS_ITR2) || (InputTrigger == TIM_TS_ITR3))
 5022              		.loc 1 1816 70 discriminator 2 view .LVU1331
 5023 0018 2029     		cmp	r1, #32
 5024 001a 01D0     		beq	.L359
1817:Drivers/STM32G0xx_HAL_Driver/Src/stm32g0xx_hal_tim_ex.c ****   {
 5025              		.loc 1 1817 37 view .LVU1332
 5026 001c 3029     		cmp	r1, #48
 5027 001e 08D1     		bne	.L360
 5028              	.L359:
1820:Drivers/STM32G0xx_HAL_Driver/Src/stm32g0xx_hal_tim_ex.c ****     htim->Instance->SMCR |= InputTrigger;
 5029              		.loc 1 1820 5 is_stmt 1 view .LVU1333
1820:Drivers/STM32G0xx_HAL_Driver/Src/stm32g0xx_hal_tim_ex.c ****     htim->Instance->SMCR |= InputTrigger;
 5030              		.loc 1 1820 9 is_stmt 0 view .LVU1334
 5031 0020 0468     		ldr	r4, [r0]
1820:Drivers/STM32G0xx_HAL_Driver/Src/stm32g0xx_hal_tim_ex.c ****     htim->Instance->SMCR |= InputTrigger;
 5032              		.loc 1 1820 19 view .LVU1335
 5033 0022 A368     		ldr	r3, [r4, #8]
1820:Drivers/STM32G0xx_HAL_Driver/Src/stm32g0xx_hal_tim_ex.c ****     htim->Instance->SMCR |= InputTrigger;
 5034              		.loc 1 1820 26 view .LVU1336
 5035 0024 124D     		ldr	r5, .L362
 5036 0026 2B40     		ands	r3, r5
 5037 0028 A360     		str	r3, [r4, #8]
1821:Drivers/STM32G0xx_HAL_Driver/Src/stm32g0xx_hal_tim_ex.c ****   }
 5038              		.loc 1 1821 5 is_stmt 1 view .LVU1337
1821:Drivers/STM32G0xx_HAL_Driver/Src/stm32g0xx_hal_tim_ex.c ****   }
 5039              		.loc 1 1821 9 is_stmt 0 view .LVU1338
 5040 002a 0468     		ldr	r4, [r0]
1821:Drivers/STM32G0xx_HAL_Driver/Src/stm32g0xx_hal_tim_ex.c ****   }
 5041              		.loc 1 1821 19 view .LVU1339
 5042 002c A368     		ldr	r3, [r4, #8]
1821:Drivers/STM32G0xx_HAL_Driver/Src/stm32g0xx_hal_tim_ex.c ****   }
 5043              		.loc 1 1821 26 view .LVU1340
 5044 002e 0B43     		orrs	r3, r1
 5045 0030 A360     		str	r3, [r4, #8]
 5046              	.L360:
1825:Drivers/STM32G0xx_HAL_Driver/Src/stm32g0xx_hal_tim_ex.c ****   /* Select the Commutation event source */
 5047              		.loc 1 1825 3 is_stmt 1 view .LVU1341
1825:Drivers/STM32G0xx_HAL_Driver/Src/stm32g0xx_hal_tim_ex.c ****   /* Select the Commutation event source */
 5048              		.loc 1 1825 7 is_stmt 0 view .LVU1342
 5049 0032 0168     		ldr	r1, [r0]
 5050              	.LVL381:
1825:Drivers/STM32G0xx_HAL_Driver/Src/stm32g0xx_hal_tim_ex.c ****   /* Select the Commutation event source */
 5051              		.loc 1 1825 17 view .LVU1343
 5052 0034 4B68     		ldr	r3, [r1, #4]
1825:Drivers/STM32G0xx_HAL_Driver/Src/stm32g0xx_hal_tim_ex.c ****   /* Select the Commutation event source */
 5053              		.loc 1 1825 23 view .LVU1344
 5054 0036 0124     		movs	r4, #1
 5055 0038 2343     		orrs	r3, r4
 5056 003a 4B60     		str	r3, [r1, #4]
1827:Drivers/STM32G0xx_HAL_Driver/Src/stm32g0xx_hal_tim_ex.c ****   htim->Instance->CR2 |= CommutationSource;
 5057              		.loc 1 1827 3 is_stmt 1 view .LVU1345
1827:Drivers/STM32G0xx_HAL_Driver/Src/stm32g0xx_hal_tim_ex.c ****   htim->Instance->CR2 |= CommutationSource;
 5058              		.loc 1 1827 7 is_stmt 0 view .LVU1346
 5059 003c 0168     		ldr	r1, [r0]
ARM GAS  C:\Users\sante\AppData\Local\Temp\cc9r4gT1.s 			page 162


1827:Drivers/STM32G0xx_HAL_Driver/Src/stm32g0xx_hal_tim_ex.c ****   htim->Instance->CR2 |= CommutationSource;
 5060              		.loc 1 1827 17 view .LVU1347
 5061 003e 4B68     		ldr	r3, [r1, #4]
1827:Drivers/STM32G0xx_HAL_Driver/Src/stm32g0xx_hal_tim_ex.c ****   htim->Instance->CR2 |= CommutationSource;
 5062              		.loc 1 1827 23 view .LVU1348
 5063 0040 0334     		adds	r4, r4, #3
 5064 0042 A343     		bics	r3, r4
 5065 0044 4B60     		str	r3, [r1, #4]
1828:Drivers/STM32G0xx_HAL_Driver/Src/stm32g0xx_hal_tim_ex.c **** 
 5066              		.loc 1 1828 3 is_stmt 1 view .LVU1349
1828:Drivers/STM32G0xx_HAL_Driver/Src/stm32g0xx_hal_tim_ex.c **** 
 5067              		.loc 1 1828 7 is_stmt 0 view .LVU1350
 5068 0046 0168     		ldr	r1, [r0]
1828:Drivers/STM32G0xx_HAL_Driver/Src/stm32g0xx_hal_tim_ex.c **** 
 5069              		.loc 1 1828 17 view .LVU1351
 5070 0048 4B68     		ldr	r3, [r1, #4]
1828:Drivers/STM32G0xx_HAL_Driver/Src/stm32g0xx_hal_tim_ex.c **** 
 5071              		.loc 1 1828 23 view .LVU1352
 5072 004a 1343     		orrs	r3, r2
 5073 004c 4B60     		str	r3, [r1, #4]
1831:Drivers/STM32G0xx_HAL_Driver/Src/stm32g0xx_hal_tim_ex.c **** 
 5074              		.loc 1 1831 3 is_stmt 1 view .LVU1353
 5075 004e 0268     		ldr	r2, [r0]
 5076              	.LVL382:
1831:Drivers/STM32G0xx_HAL_Driver/Src/stm32g0xx_hal_tim_ex.c **** 
 5077              		.loc 1 1831 3 is_stmt 0 view .LVU1354
 5078 0050 D368     		ldr	r3, [r2, #12]
 5079 0052 2021     		movs	r1, #32
 5080 0054 8B43     		bics	r3, r1
 5081 0056 D360     		str	r3, [r2, #12]
1834:Drivers/STM32G0xx_HAL_Driver/Src/stm32g0xx_hal_tim_ex.c **** 
 5082              		.loc 1 1834 3 is_stmt 1 view .LVU1355
 5083 0058 0268     		ldr	r2, [r0]
 5084 005a D368     		ldr	r3, [r2, #12]
 5085 005c 0549     		ldr	r1, .L362+4
 5086 005e 0B40     		ands	r3, r1
 5087 0060 D360     		str	r3, [r2, #12]
1836:Drivers/STM32G0xx_HAL_Driver/Src/stm32g0xx_hal_tim_ex.c **** 
 5088              		.loc 1 1836 3 view .LVU1356
1836:Drivers/STM32G0xx_HAL_Driver/Src/stm32g0xx_hal_tim_ex.c **** 
 5089              		.loc 1 1836 3 view .LVU1357
 5090 0062 3C23     		movs	r3, #60
 5091 0064 0022     		movs	r2, #0
 5092 0066 C254     		strb	r2, [r0, r3]
1836:Drivers/STM32G0xx_HAL_Driver/Src/stm32g0xx_hal_tim_ex.c **** 
 5093              		.loc 1 1836 3 view .LVU1358
1838:Drivers/STM32G0xx_HAL_Driver/Src/stm32g0xx_hal_tim_ex.c **** }
 5094              		.loc 1 1838 3 view .LVU1359
1838:Drivers/STM32G0xx_HAL_Driver/Src/stm32g0xx_hal_tim_ex.c **** }
 5095              		.loc 1 1838 10 is_stmt 0 view .LVU1360
 5096 0068 0020     		movs	r0, #0
 5097              	.LVL383:
 5098              	.L358:
1839:Drivers/STM32G0xx_HAL_Driver/Src/stm32g0xx_hal_tim_ex.c **** 
 5099              		.loc 1 1839 1 view .LVU1361
 5100              		@ sp needed
 5101 006a 30BD     		pop	{r4, r5, pc}
ARM GAS  C:\Users\sante\AppData\Local\Temp\cc9r4gT1.s 			page 163


 5102              	.LVL384:
 5103              	.L361:
1814:Drivers/STM32G0xx_HAL_Driver/Src/stm32g0xx_hal_tim_ex.c **** 
 5104              		.loc 1 1814 3 discriminator 1 view .LVU1362
 5105 006c 0220     		movs	r0, #2
 5106              	.LVL385:
1814:Drivers/STM32G0xx_HAL_Driver/Src/stm32g0xx_hal_tim_ex.c **** 
 5107              		.loc 1 1814 3 discriminator 1 view .LVU1363
 5108 006e FCE7     		b	.L358
 5109              	.L363:
 5110              		.align	2
 5111              	.L362:
 5112 0070 8FFFCFFF 		.word	-3145841
 5113 0074 FFDFFFFF 		.word	-8193
 5114              		.cfi_endproc
 5115              	.LFE519:
 5117              		.section	.text.HAL_TIMEx_ConfigCommutEvent_IT,"ax",%progbits
 5118              		.align	1
 5119              		.global	HAL_TIMEx_ConfigCommutEvent_IT
 5120              		.syntax unified
 5121              		.code	16
 5122              		.thumb_func
 5124              	HAL_TIMEx_ConfigCommutEvent_IT:
 5125              	.LVL386:
 5126              	.LFB520:
1865:Drivers/STM32G0xx_HAL_Driver/Src/stm32g0xx_hal_tim_ex.c ****   /* Check the parameters */
 5127              		.loc 1 1865 1 is_stmt 1 view -0
 5128              		.cfi_startproc
 5129              		@ args = 0, pretend = 0, frame = 0
 5130              		@ frame_needed = 0, uses_anonymous_args = 0
1865:Drivers/STM32G0xx_HAL_Driver/Src/stm32g0xx_hal_tim_ex.c ****   /* Check the parameters */
 5131              		.loc 1 1865 1 is_stmt 0 view .LVU1365
 5132 0000 30B5     		push	{r4, r5, lr}
 5133              		.cfi_def_cfa_offset 12
 5134              		.cfi_offset 4, -12
 5135              		.cfi_offset 5, -8
 5136              		.cfi_offset 14, -4
1867:Drivers/STM32G0xx_HAL_Driver/Src/stm32g0xx_hal_tim_ex.c ****   assert_param(IS_TIM_INTERNAL_TRIGGEREVENT_SELECTION(InputTrigger));
 5137              		.loc 1 1867 3 is_stmt 1 view .LVU1366
1868:Drivers/STM32G0xx_HAL_Driver/Src/stm32g0xx_hal_tim_ex.c **** 
 5138              		.loc 1 1868 3 view .LVU1367
1870:Drivers/STM32G0xx_HAL_Driver/Src/stm32g0xx_hal_tim_ex.c **** 
 5139              		.loc 1 1870 3 view .LVU1368
1870:Drivers/STM32G0xx_HAL_Driver/Src/stm32g0xx_hal_tim_ex.c **** 
 5140              		.loc 1 1870 3 view .LVU1369
 5141 0002 3C23     		movs	r3, #60
 5142 0004 C35C     		ldrb	r3, [r0, r3]
 5143 0006 012B     		cmp	r3, #1
 5144 0008 30D0     		beq	.L368
1870:Drivers/STM32G0xx_HAL_Driver/Src/stm32g0xx_hal_tim_ex.c **** 
 5145              		.loc 1 1870 3 discriminator 2 view .LVU1370
 5146 000a 3C23     		movs	r3, #60
 5147 000c 0124     		movs	r4, #1
 5148 000e C454     		strb	r4, [r0, r3]
1870:Drivers/STM32G0xx_HAL_Driver/Src/stm32g0xx_hal_tim_ex.c **** 
 5149              		.loc 1 1870 3 view .LVU1371
1872:Drivers/STM32G0xx_HAL_Driver/Src/stm32g0xx_hal_tim_ex.c ****       (InputTrigger == TIM_TS_ITR2) || (InputTrigger == TIM_TS_ITR3))
ARM GAS  C:\Users\sante\AppData\Local\Temp\cc9r4gT1.s 			page 164


 5150              		.loc 1 1872 3 view .LVU1372
1872:Drivers/STM32G0xx_HAL_Driver/Src/stm32g0xx_hal_tim_ex.c ****       (InputTrigger == TIM_TS_ITR2) || (InputTrigger == TIM_TS_ITR3))
 5151              		.loc 1 1872 6 is_stmt 0 view .LVU1373
 5152 0010 0029     		cmp	r1, #0
 5153 0012 05D0     		beq	.L366
1872:Drivers/STM32G0xx_HAL_Driver/Src/stm32g0xx_hal_tim_ex.c ****       (InputTrigger == TIM_TS_ITR2) || (InputTrigger == TIM_TS_ITR3))
 5154              		.loc 1 1872 37 discriminator 1 view .LVU1374
 5155 0014 1029     		cmp	r1, #16
 5156 0016 03D0     		beq	.L366
1872:Drivers/STM32G0xx_HAL_Driver/Src/stm32g0xx_hal_tim_ex.c ****       (InputTrigger == TIM_TS_ITR2) || (InputTrigger == TIM_TS_ITR3))
 5157              		.loc 1 1872 70 discriminator 2 view .LVU1375
 5158 0018 2029     		cmp	r1, #32
 5159 001a 01D0     		beq	.L366
1873:Drivers/STM32G0xx_HAL_Driver/Src/stm32g0xx_hal_tim_ex.c ****   {
 5160              		.loc 1 1873 37 view .LVU1376
 5161 001c 3029     		cmp	r1, #48
 5162 001e 08D1     		bne	.L367
 5163              	.L366:
1876:Drivers/STM32G0xx_HAL_Driver/Src/stm32g0xx_hal_tim_ex.c ****     htim->Instance->SMCR |= InputTrigger;
 5164              		.loc 1 1876 5 is_stmt 1 view .LVU1377
1876:Drivers/STM32G0xx_HAL_Driver/Src/stm32g0xx_hal_tim_ex.c ****     htim->Instance->SMCR |= InputTrigger;
 5165              		.loc 1 1876 9 is_stmt 0 view .LVU1378
 5166 0020 0468     		ldr	r4, [r0]
1876:Drivers/STM32G0xx_HAL_Driver/Src/stm32g0xx_hal_tim_ex.c ****     htim->Instance->SMCR |= InputTrigger;
 5167              		.loc 1 1876 19 view .LVU1379
 5168 0022 A368     		ldr	r3, [r4, #8]
1876:Drivers/STM32G0xx_HAL_Driver/Src/stm32g0xx_hal_tim_ex.c ****     htim->Instance->SMCR |= InputTrigger;
 5169              		.loc 1 1876 26 view .LVU1380
 5170 0024 124D     		ldr	r5, .L369
 5171 0026 2B40     		ands	r3, r5
 5172 0028 A360     		str	r3, [r4, #8]
1877:Drivers/STM32G0xx_HAL_Driver/Src/stm32g0xx_hal_tim_ex.c ****   }
 5173              		.loc 1 1877 5 is_stmt 1 view .LVU1381
1877:Drivers/STM32G0xx_HAL_Driver/Src/stm32g0xx_hal_tim_ex.c ****   }
 5174              		.loc 1 1877 9 is_stmt 0 view .LVU1382
 5175 002a 0468     		ldr	r4, [r0]
1877:Drivers/STM32G0xx_HAL_Driver/Src/stm32g0xx_hal_tim_ex.c ****   }
 5176              		.loc 1 1877 19 view .LVU1383
 5177 002c A368     		ldr	r3, [r4, #8]
1877:Drivers/STM32G0xx_HAL_Driver/Src/stm32g0xx_hal_tim_ex.c ****   }
 5178              		.loc 1 1877 26 view .LVU1384
 5179 002e 0B43     		orrs	r3, r1
 5180 0030 A360     		str	r3, [r4, #8]
 5181              	.L367:
1881:Drivers/STM32G0xx_HAL_Driver/Src/stm32g0xx_hal_tim_ex.c ****   /* Select the Commutation event source */
 5182              		.loc 1 1881 3 is_stmt 1 view .LVU1385
1881:Drivers/STM32G0xx_HAL_Driver/Src/stm32g0xx_hal_tim_ex.c ****   /* Select the Commutation event source */
 5183              		.loc 1 1881 7 is_stmt 0 view .LVU1386
 5184 0032 0168     		ldr	r1, [r0]
 5185              	.LVL387:
1881:Drivers/STM32G0xx_HAL_Driver/Src/stm32g0xx_hal_tim_ex.c ****   /* Select the Commutation event source */
 5186              		.loc 1 1881 17 view .LVU1387
 5187 0034 4B68     		ldr	r3, [r1, #4]
1881:Drivers/STM32G0xx_HAL_Driver/Src/stm32g0xx_hal_tim_ex.c ****   /* Select the Commutation event source */
 5188              		.loc 1 1881 23 view .LVU1388
 5189 0036 0124     		movs	r4, #1
 5190 0038 2343     		orrs	r3, r4
ARM GAS  C:\Users\sante\AppData\Local\Temp\cc9r4gT1.s 			page 165


 5191 003a 4B60     		str	r3, [r1, #4]
1883:Drivers/STM32G0xx_HAL_Driver/Src/stm32g0xx_hal_tim_ex.c ****   htim->Instance->CR2 |= CommutationSource;
 5192              		.loc 1 1883 3 is_stmt 1 view .LVU1389
1883:Drivers/STM32G0xx_HAL_Driver/Src/stm32g0xx_hal_tim_ex.c ****   htim->Instance->CR2 |= CommutationSource;
 5193              		.loc 1 1883 7 is_stmt 0 view .LVU1390
 5194 003c 0168     		ldr	r1, [r0]
1883:Drivers/STM32G0xx_HAL_Driver/Src/stm32g0xx_hal_tim_ex.c ****   htim->Instance->CR2 |= CommutationSource;
 5195              		.loc 1 1883 17 view .LVU1391
 5196 003e 4B68     		ldr	r3, [r1, #4]
1883:Drivers/STM32G0xx_HAL_Driver/Src/stm32g0xx_hal_tim_ex.c ****   htim->Instance->CR2 |= CommutationSource;
 5197              		.loc 1 1883 23 view .LVU1392
 5198 0040 0334     		adds	r4, r4, #3
 5199 0042 A343     		bics	r3, r4
 5200 0044 4B60     		str	r3, [r1, #4]
1884:Drivers/STM32G0xx_HAL_Driver/Src/stm32g0xx_hal_tim_ex.c **** 
 5201              		.loc 1 1884 3 is_stmt 1 view .LVU1393
1884:Drivers/STM32G0xx_HAL_Driver/Src/stm32g0xx_hal_tim_ex.c **** 
 5202              		.loc 1 1884 7 is_stmt 0 view .LVU1394
 5203 0046 0168     		ldr	r1, [r0]
1884:Drivers/STM32G0xx_HAL_Driver/Src/stm32g0xx_hal_tim_ex.c **** 
 5204              		.loc 1 1884 17 view .LVU1395
 5205 0048 4B68     		ldr	r3, [r1, #4]
1884:Drivers/STM32G0xx_HAL_Driver/Src/stm32g0xx_hal_tim_ex.c **** 
 5206              		.loc 1 1884 23 view .LVU1396
 5207 004a 1343     		orrs	r3, r2
 5208 004c 4B60     		str	r3, [r1, #4]
1887:Drivers/STM32G0xx_HAL_Driver/Src/stm32g0xx_hal_tim_ex.c **** 
 5209              		.loc 1 1887 3 is_stmt 1 view .LVU1397
 5210 004e 0268     		ldr	r2, [r0]
 5211              	.LVL388:
1887:Drivers/STM32G0xx_HAL_Driver/Src/stm32g0xx_hal_tim_ex.c **** 
 5212              		.loc 1 1887 3 is_stmt 0 view .LVU1398
 5213 0050 D368     		ldr	r3, [r2, #12]
 5214 0052 0849     		ldr	r1, .L369+4
 5215 0054 0B40     		ands	r3, r1
 5216 0056 D360     		str	r3, [r2, #12]
1890:Drivers/STM32G0xx_HAL_Driver/Src/stm32g0xx_hal_tim_ex.c **** 
 5217              		.loc 1 1890 3 is_stmt 1 view .LVU1399
 5218 0058 0268     		ldr	r2, [r0]
 5219 005a D368     		ldr	r3, [r2, #12]
 5220 005c 2021     		movs	r1, #32
 5221 005e 0B43     		orrs	r3, r1
 5222 0060 D360     		str	r3, [r2, #12]
1892:Drivers/STM32G0xx_HAL_Driver/Src/stm32g0xx_hal_tim_ex.c **** 
 5223              		.loc 1 1892 3 view .LVU1400
1892:Drivers/STM32G0xx_HAL_Driver/Src/stm32g0xx_hal_tim_ex.c **** 
 5224              		.loc 1 1892 3 view .LVU1401
 5225 0062 3C23     		movs	r3, #60
 5226 0064 0022     		movs	r2, #0
 5227 0066 C254     		strb	r2, [r0, r3]
1892:Drivers/STM32G0xx_HAL_Driver/Src/stm32g0xx_hal_tim_ex.c **** 
 5228              		.loc 1 1892 3 view .LVU1402
1894:Drivers/STM32G0xx_HAL_Driver/Src/stm32g0xx_hal_tim_ex.c **** }
 5229              		.loc 1 1894 3 view .LVU1403
1894:Drivers/STM32G0xx_HAL_Driver/Src/stm32g0xx_hal_tim_ex.c **** }
 5230              		.loc 1 1894 10 is_stmt 0 view .LVU1404
 5231 0068 0020     		movs	r0, #0
ARM GAS  C:\Users\sante\AppData\Local\Temp\cc9r4gT1.s 			page 166


 5232              	.LVL389:
 5233              	.L365:
1895:Drivers/STM32G0xx_HAL_Driver/Src/stm32g0xx_hal_tim_ex.c **** 
 5234              		.loc 1 1895 1 view .LVU1405
 5235              		@ sp needed
 5236 006a 30BD     		pop	{r4, r5, pc}
 5237              	.LVL390:
 5238              	.L368:
1870:Drivers/STM32G0xx_HAL_Driver/Src/stm32g0xx_hal_tim_ex.c **** 
 5239              		.loc 1 1870 3 discriminator 1 view .LVU1406
 5240 006c 0220     		movs	r0, #2
 5241              	.LVL391:
1870:Drivers/STM32G0xx_HAL_Driver/Src/stm32g0xx_hal_tim_ex.c **** 
 5242              		.loc 1 1870 3 discriminator 1 view .LVU1407
 5243 006e FCE7     		b	.L365
 5244              	.L370:
 5245              		.align	2
 5246              	.L369:
 5247 0070 8FFFCFFF 		.word	-3145841
 5248 0074 FFDFFFFF 		.word	-8193
 5249              		.cfi_endproc
 5250              	.LFE520:
 5252              		.section	.text.HAL_TIMEx_ConfigCommutEvent_DMA,"ax",%progbits
 5253              		.align	1
 5254              		.global	HAL_TIMEx_ConfigCommutEvent_DMA
 5255              		.syntax unified
 5256              		.code	16
 5257              		.thumb_func
 5259              	HAL_TIMEx_ConfigCommutEvent_DMA:
 5260              	.LVL392:
 5261              	.LFB521:
1922:Drivers/STM32G0xx_HAL_Driver/Src/stm32g0xx_hal_tim_ex.c ****   /* Check the parameters */
 5262              		.loc 1 1922 1 is_stmt 1 view -0
 5263              		.cfi_startproc
 5264              		@ args = 0, pretend = 0, frame = 0
 5265              		@ frame_needed = 0, uses_anonymous_args = 0
1922:Drivers/STM32G0xx_HAL_Driver/Src/stm32g0xx_hal_tim_ex.c ****   /* Check the parameters */
 5266              		.loc 1 1922 1 is_stmt 0 view .LVU1409
 5267 0000 30B5     		push	{r4, r5, lr}
 5268              		.cfi_def_cfa_offset 12
 5269              		.cfi_offset 4, -12
 5270              		.cfi_offset 5, -8
 5271              		.cfi_offset 14, -4
1924:Drivers/STM32G0xx_HAL_Driver/Src/stm32g0xx_hal_tim_ex.c ****   assert_param(IS_TIM_INTERNAL_TRIGGEREVENT_SELECTION(InputTrigger));
 5272              		.loc 1 1924 3 is_stmt 1 view .LVU1410
1925:Drivers/STM32G0xx_HAL_Driver/Src/stm32g0xx_hal_tim_ex.c **** 
 5273              		.loc 1 1925 3 view .LVU1411
1927:Drivers/STM32G0xx_HAL_Driver/Src/stm32g0xx_hal_tim_ex.c **** 
 5274              		.loc 1 1927 3 view .LVU1412
1927:Drivers/STM32G0xx_HAL_Driver/Src/stm32g0xx_hal_tim_ex.c **** 
 5275              		.loc 1 1927 3 view .LVU1413
 5276 0002 3C23     		movs	r3, #60
 5277 0004 C35C     		ldrb	r3, [r0, r3]
 5278 0006 012B     		cmp	r3, #1
 5279 0008 3AD0     		beq	.L375
1927:Drivers/STM32G0xx_HAL_Driver/Src/stm32g0xx_hal_tim_ex.c **** 
 5280              		.loc 1 1927 3 discriminator 2 view .LVU1414
ARM GAS  C:\Users\sante\AppData\Local\Temp\cc9r4gT1.s 			page 167


 5281 000a 3C23     		movs	r3, #60
 5282 000c 0124     		movs	r4, #1
 5283 000e C454     		strb	r4, [r0, r3]
1927:Drivers/STM32G0xx_HAL_Driver/Src/stm32g0xx_hal_tim_ex.c **** 
 5284              		.loc 1 1927 3 view .LVU1415
1929:Drivers/STM32G0xx_HAL_Driver/Src/stm32g0xx_hal_tim_ex.c ****       (InputTrigger == TIM_TS_ITR2) || (InputTrigger == TIM_TS_ITR3))
 5285              		.loc 1 1929 3 view .LVU1416
1929:Drivers/STM32G0xx_HAL_Driver/Src/stm32g0xx_hal_tim_ex.c ****       (InputTrigger == TIM_TS_ITR2) || (InputTrigger == TIM_TS_ITR3))
 5286              		.loc 1 1929 6 is_stmt 0 view .LVU1417
 5287 0010 0029     		cmp	r1, #0
 5288 0012 05D0     		beq	.L373
1929:Drivers/STM32G0xx_HAL_Driver/Src/stm32g0xx_hal_tim_ex.c ****       (InputTrigger == TIM_TS_ITR2) || (InputTrigger == TIM_TS_ITR3))
 5289              		.loc 1 1929 37 discriminator 1 view .LVU1418
 5290 0014 1029     		cmp	r1, #16
 5291 0016 03D0     		beq	.L373
1929:Drivers/STM32G0xx_HAL_Driver/Src/stm32g0xx_hal_tim_ex.c ****       (InputTrigger == TIM_TS_ITR2) || (InputTrigger == TIM_TS_ITR3))
 5292              		.loc 1 1929 70 discriminator 2 view .LVU1419
 5293 0018 2029     		cmp	r1, #32
 5294 001a 01D0     		beq	.L373
1930:Drivers/STM32G0xx_HAL_Driver/Src/stm32g0xx_hal_tim_ex.c ****   {
 5295              		.loc 1 1930 37 view .LVU1420
 5296 001c 3029     		cmp	r1, #48
 5297 001e 08D1     		bne	.L374
 5298              	.L373:
1933:Drivers/STM32G0xx_HAL_Driver/Src/stm32g0xx_hal_tim_ex.c ****     htim->Instance->SMCR |= InputTrigger;
 5299              		.loc 1 1933 5 is_stmt 1 view .LVU1421
1933:Drivers/STM32G0xx_HAL_Driver/Src/stm32g0xx_hal_tim_ex.c ****     htim->Instance->SMCR |= InputTrigger;
 5300              		.loc 1 1933 9 is_stmt 0 view .LVU1422
 5301 0020 0468     		ldr	r4, [r0]
1933:Drivers/STM32G0xx_HAL_Driver/Src/stm32g0xx_hal_tim_ex.c ****     htim->Instance->SMCR |= InputTrigger;
 5302              		.loc 1 1933 19 view .LVU1423
 5303 0022 A368     		ldr	r3, [r4, #8]
1933:Drivers/STM32G0xx_HAL_Driver/Src/stm32g0xx_hal_tim_ex.c ****     htim->Instance->SMCR |= InputTrigger;
 5304              		.loc 1 1933 26 view .LVU1424
 5305 0024 174D     		ldr	r5, .L376
 5306 0026 2B40     		ands	r3, r5
 5307 0028 A360     		str	r3, [r4, #8]
1934:Drivers/STM32G0xx_HAL_Driver/Src/stm32g0xx_hal_tim_ex.c ****   }
 5308              		.loc 1 1934 5 is_stmt 1 view .LVU1425
1934:Drivers/STM32G0xx_HAL_Driver/Src/stm32g0xx_hal_tim_ex.c ****   }
 5309              		.loc 1 1934 9 is_stmt 0 view .LVU1426
 5310 002a 0468     		ldr	r4, [r0]
1934:Drivers/STM32G0xx_HAL_Driver/Src/stm32g0xx_hal_tim_ex.c ****   }
 5311              		.loc 1 1934 19 view .LVU1427
 5312 002c A368     		ldr	r3, [r4, #8]
1934:Drivers/STM32G0xx_HAL_Driver/Src/stm32g0xx_hal_tim_ex.c ****   }
 5313              		.loc 1 1934 26 view .LVU1428
 5314 002e 0B43     		orrs	r3, r1
 5315 0030 A360     		str	r3, [r4, #8]
 5316              	.L374:
1938:Drivers/STM32G0xx_HAL_Driver/Src/stm32g0xx_hal_tim_ex.c ****   /* Select the Commutation event source */
 5317              		.loc 1 1938 3 is_stmt 1 view .LVU1429
1938:Drivers/STM32G0xx_HAL_Driver/Src/stm32g0xx_hal_tim_ex.c ****   /* Select the Commutation event source */
 5318              		.loc 1 1938 7 is_stmt 0 view .LVU1430
 5319 0032 0168     		ldr	r1, [r0]
 5320              	.LVL393:
1938:Drivers/STM32G0xx_HAL_Driver/Src/stm32g0xx_hal_tim_ex.c ****   /* Select the Commutation event source */
ARM GAS  C:\Users\sante\AppData\Local\Temp\cc9r4gT1.s 			page 168


 5321              		.loc 1 1938 17 view .LVU1431
 5322 0034 4B68     		ldr	r3, [r1, #4]
1938:Drivers/STM32G0xx_HAL_Driver/Src/stm32g0xx_hal_tim_ex.c ****   /* Select the Commutation event source */
 5323              		.loc 1 1938 23 view .LVU1432
 5324 0036 0124     		movs	r4, #1
 5325 0038 2343     		orrs	r3, r4
 5326 003a 4B60     		str	r3, [r1, #4]
1940:Drivers/STM32G0xx_HAL_Driver/Src/stm32g0xx_hal_tim_ex.c ****   htim->Instance->CR2 |= CommutationSource;
 5327              		.loc 1 1940 3 is_stmt 1 view .LVU1433
1940:Drivers/STM32G0xx_HAL_Driver/Src/stm32g0xx_hal_tim_ex.c ****   htim->Instance->CR2 |= CommutationSource;
 5328              		.loc 1 1940 7 is_stmt 0 view .LVU1434
 5329 003c 0168     		ldr	r1, [r0]
1940:Drivers/STM32G0xx_HAL_Driver/Src/stm32g0xx_hal_tim_ex.c ****   htim->Instance->CR2 |= CommutationSource;
 5330              		.loc 1 1940 17 view .LVU1435
 5331 003e 4B68     		ldr	r3, [r1, #4]
1940:Drivers/STM32G0xx_HAL_Driver/Src/stm32g0xx_hal_tim_ex.c ****   htim->Instance->CR2 |= CommutationSource;
 5332              		.loc 1 1940 23 view .LVU1436
 5333 0040 0334     		adds	r4, r4, #3
 5334 0042 A343     		bics	r3, r4
 5335 0044 4B60     		str	r3, [r1, #4]
1941:Drivers/STM32G0xx_HAL_Driver/Src/stm32g0xx_hal_tim_ex.c **** 
 5336              		.loc 1 1941 3 is_stmt 1 view .LVU1437
1941:Drivers/STM32G0xx_HAL_Driver/Src/stm32g0xx_hal_tim_ex.c **** 
 5337              		.loc 1 1941 7 is_stmt 0 view .LVU1438
 5338 0046 0168     		ldr	r1, [r0]
1941:Drivers/STM32G0xx_HAL_Driver/Src/stm32g0xx_hal_tim_ex.c **** 
 5339              		.loc 1 1941 17 view .LVU1439
 5340 0048 4B68     		ldr	r3, [r1, #4]
1941:Drivers/STM32G0xx_HAL_Driver/Src/stm32g0xx_hal_tim_ex.c **** 
 5341              		.loc 1 1941 23 view .LVU1440
 5342 004a 1343     		orrs	r3, r2
 5343 004c 4B60     		str	r3, [r1, #4]
1945:Drivers/STM32G0xx_HAL_Driver/Src/stm32g0xx_hal_tim_ex.c ****   htim->hdma[TIM_DMA_ID_COMMUTATION]->XferHalfCpltCallback = TIMEx_DMACommutationHalfCplt;
 5344              		.loc 1 1945 3 is_stmt 1 view .LVU1441
1945:Drivers/STM32G0xx_HAL_Driver/Src/stm32g0xx_hal_tim_ex.c ****   htim->hdma[TIM_DMA_ID_COMMUTATION]->XferHalfCpltCallback = TIMEx_DMACommutationHalfCplt;
 5345              		.loc 1 1945 13 is_stmt 0 view .LVU1442
 5346 004e 436B     		ldr	r3, [r0, #52]
1945:Drivers/STM32G0xx_HAL_Driver/Src/stm32g0xx_hal_tim_ex.c ****   htim->hdma[TIM_DMA_ID_COMMUTATION]->XferHalfCpltCallback = TIMEx_DMACommutationHalfCplt;
 5347              		.loc 1 1945 56 view .LVU1443
 5348 0050 0D4A     		ldr	r2, .L376+4
 5349              	.LVL394:
1945:Drivers/STM32G0xx_HAL_Driver/Src/stm32g0xx_hal_tim_ex.c ****   htim->hdma[TIM_DMA_ID_COMMUTATION]->XferHalfCpltCallback = TIMEx_DMACommutationHalfCplt;
 5350              		.loc 1 1945 56 view .LVU1444
 5351 0052 DA62     		str	r2, [r3, #44]
1946:Drivers/STM32G0xx_HAL_Driver/Src/stm32g0xx_hal_tim_ex.c ****   /* Set the DMA error callback */
 5352              		.loc 1 1946 3 is_stmt 1 view .LVU1445
1946:Drivers/STM32G0xx_HAL_Driver/Src/stm32g0xx_hal_tim_ex.c ****   /* Set the DMA error callback */
 5353              		.loc 1 1946 13 is_stmt 0 view .LVU1446
 5354 0054 436B     		ldr	r3, [r0, #52]
1946:Drivers/STM32G0xx_HAL_Driver/Src/stm32g0xx_hal_tim_ex.c ****   /* Set the DMA error callback */
 5355              		.loc 1 1946 60 view .LVU1447
 5356 0056 0D4A     		ldr	r2, .L376+8
 5357 0058 1A63     		str	r2, [r3, #48]
1948:Drivers/STM32G0xx_HAL_Driver/Src/stm32g0xx_hal_tim_ex.c **** 
 5358              		.loc 1 1948 3 is_stmt 1 view .LVU1448
1948:Drivers/STM32G0xx_HAL_Driver/Src/stm32g0xx_hal_tim_ex.c **** 
 5359              		.loc 1 1948 13 is_stmt 0 view .LVU1449
ARM GAS  C:\Users\sante\AppData\Local\Temp\cc9r4gT1.s 			page 169


 5360 005a 436B     		ldr	r3, [r0, #52]
1948:Drivers/STM32G0xx_HAL_Driver/Src/stm32g0xx_hal_tim_ex.c **** 
 5361              		.loc 1 1948 57 view .LVU1450
 5362 005c 0C4A     		ldr	r2, .L376+12
 5363 005e 5A63     		str	r2, [r3, #52]
1951:Drivers/STM32G0xx_HAL_Driver/Src/stm32g0xx_hal_tim_ex.c **** 
 5364              		.loc 1 1951 3 is_stmt 1 view .LVU1451
 5365 0060 0268     		ldr	r2, [r0]
 5366 0062 D368     		ldr	r3, [r2, #12]
 5367 0064 2021     		movs	r1, #32
 5368 0066 8B43     		bics	r3, r1
 5369 0068 D360     		str	r3, [r2, #12]
1954:Drivers/STM32G0xx_HAL_Driver/Src/stm32g0xx_hal_tim_ex.c **** 
 5370              		.loc 1 1954 3 view .LVU1452
 5371 006a 0268     		ldr	r2, [r0]
 5372 006c D168     		ldr	r1, [r2, #12]
 5373 006e 8023     		movs	r3, #128
 5374 0070 9B01     		lsls	r3, r3, #6
 5375 0072 0B43     		orrs	r3, r1
 5376 0074 D360     		str	r3, [r2, #12]
1956:Drivers/STM32G0xx_HAL_Driver/Src/stm32g0xx_hal_tim_ex.c **** 
 5377              		.loc 1 1956 3 view .LVU1453
1956:Drivers/STM32G0xx_HAL_Driver/Src/stm32g0xx_hal_tim_ex.c **** 
 5378              		.loc 1 1956 3 view .LVU1454
 5379 0076 3C23     		movs	r3, #60
 5380 0078 0022     		movs	r2, #0
 5381 007a C254     		strb	r2, [r0, r3]
1956:Drivers/STM32G0xx_HAL_Driver/Src/stm32g0xx_hal_tim_ex.c **** 
 5382              		.loc 1 1956 3 view .LVU1455
1958:Drivers/STM32G0xx_HAL_Driver/Src/stm32g0xx_hal_tim_ex.c **** }
 5383              		.loc 1 1958 3 view .LVU1456
1958:Drivers/STM32G0xx_HAL_Driver/Src/stm32g0xx_hal_tim_ex.c **** }
 5384              		.loc 1 1958 10 is_stmt 0 view .LVU1457
 5385 007c 0020     		movs	r0, #0
 5386              	.LVL395:
 5387              	.L372:
1959:Drivers/STM32G0xx_HAL_Driver/Src/stm32g0xx_hal_tim_ex.c **** 
 5388              		.loc 1 1959 1 view .LVU1458
 5389              		@ sp needed
 5390 007e 30BD     		pop	{r4, r5, pc}
 5391              	.LVL396:
 5392              	.L375:
1927:Drivers/STM32G0xx_HAL_Driver/Src/stm32g0xx_hal_tim_ex.c **** 
 5393              		.loc 1 1927 3 discriminator 1 view .LVU1459
 5394 0080 0220     		movs	r0, #2
 5395              	.LVL397:
1927:Drivers/STM32G0xx_HAL_Driver/Src/stm32g0xx_hal_tim_ex.c **** 
 5396              		.loc 1 1927 3 discriminator 1 view .LVU1460
 5397 0082 FCE7     		b	.L372
 5398              	.L377:
 5399              		.align	2
 5400              	.L376:
 5401 0084 8FFFCFFF 		.word	-3145841
 5402 0088 00000000 		.word	TIMEx_DMACommutationCplt
 5403 008c 00000000 		.word	TIMEx_DMACommutationHalfCplt
 5404 0090 00000000 		.word	TIM_DMAError
 5405              		.cfi_endproc
ARM GAS  C:\Users\sante\AppData\Local\Temp\cc9r4gT1.s 			page 170


 5406              	.LFE521:
 5408              		.section	.text.HAL_TIMEx_MasterConfigSynchronization,"ax",%progbits
 5409              		.align	1
 5410              		.global	HAL_TIMEx_MasterConfigSynchronization
 5411              		.syntax unified
 5412              		.code	16
 5413              		.thumb_func
 5415              	HAL_TIMEx_MasterConfigSynchronization:
 5416              	.LVL398:
 5417              	.LFB522:
1971:Drivers/STM32G0xx_HAL_Driver/Src/stm32g0xx_hal_tim_ex.c ****   uint32_t tmpcr2;
 5418              		.loc 1 1971 1 is_stmt 1 view -0
 5419              		.cfi_startproc
 5420              		@ args = 0, pretend = 0, frame = 0
 5421              		@ frame_needed = 0, uses_anonymous_args = 0
1971:Drivers/STM32G0xx_HAL_Driver/Src/stm32g0xx_hal_tim_ex.c ****   uint32_t tmpcr2;
 5422              		.loc 1 1971 1 is_stmt 0 view .LVU1462
 5423 0000 30B5     		push	{r4, r5, lr}
 5424              		.cfi_def_cfa_offset 12
 5425              		.cfi_offset 4, -12
 5426              		.cfi_offset 5, -8
 5427              		.cfi_offset 14, -4
1972:Drivers/STM32G0xx_HAL_Driver/Src/stm32g0xx_hal_tim_ex.c ****   uint32_t tmpsmcr;
 5428              		.loc 1 1972 3 is_stmt 1 view .LVU1463
1973:Drivers/STM32G0xx_HAL_Driver/Src/stm32g0xx_hal_tim_ex.c **** 
 5429              		.loc 1 1973 3 view .LVU1464
1976:Drivers/STM32G0xx_HAL_Driver/Src/stm32g0xx_hal_tim_ex.c ****   assert_param(IS_TIM_TRGO_SOURCE(sMasterConfig->MasterOutputTrigger));
 5430              		.loc 1 1976 3 view .LVU1465
1977:Drivers/STM32G0xx_HAL_Driver/Src/stm32g0xx_hal_tim_ex.c ****   assert_param(IS_TIM_MSM_STATE(sMasterConfig->MasterSlaveMode));
 5431              		.loc 1 1977 3 view .LVU1466
1978:Drivers/STM32G0xx_HAL_Driver/Src/stm32g0xx_hal_tim_ex.c **** 
 5432              		.loc 1 1978 3 view .LVU1467
1981:Drivers/STM32G0xx_HAL_Driver/Src/stm32g0xx_hal_tim_ex.c **** 
 5433              		.loc 1 1981 3 view .LVU1468
1981:Drivers/STM32G0xx_HAL_Driver/Src/stm32g0xx_hal_tim_ex.c **** 
 5434              		.loc 1 1981 3 view .LVU1469
 5435 0002 3C23     		movs	r3, #60
 5436 0004 C35C     		ldrb	r3, [r0, r3]
 5437 0006 012B     		cmp	r3, #1
 5438 0008 33D0     		beq	.L383
1981:Drivers/STM32G0xx_HAL_Driver/Src/stm32g0xx_hal_tim_ex.c **** 
 5439              		.loc 1 1981 3 discriminator 2 view .LVU1470
 5440 000a 3C23     		movs	r3, #60
 5441 000c 0122     		movs	r2, #1
 5442 000e C254     		strb	r2, [r0, r3]
1981:Drivers/STM32G0xx_HAL_Driver/Src/stm32g0xx_hal_tim_ex.c **** 
 5443              		.loc 1 1981 3 view .LVU1471
1984:Drivers/STM32G0xx_HAL_Driver/Src/stm32g0xx_hal_tim_ex.c **** 
 5444              		.loc 1 1984 3 view .LVU1472
1984:Drivers/STM32G0xx_HAL_Driver/Src/stm32g0xx_hal_tim_ex.c **** 
 5445              		.loc 1 1984 15 is_stmt 0 view .LVU1473
 5446 0010 0133     		adds	r3, r3, #1
 5447 0012 0132     		adds	r2, r2, #1
 5448 0014 C254     		strb	r2, [r0, r3]
1987:Drivers/STM32G0xx_HAL_Driver/Src/stm32g0xx_hal_tim_ex.c **** 
 5449              		.loc 1 1987 3 is_stmt 1 view .LVU1474
1987:Drivers/STM32G0xx_HAL_Driver/Src/stm32g0xx_hal_tim_ex.c **** 
ARM GAS  C:\Users\sante\AppData\Local\Temp\cc9r4gT1.s 			page 171


 5450              		.loc 1 1987 16 is_stmt 0 view .LVU1475
 5451 0016 0268     		ldr	r2, [r0]
1987:Drivers/STM32G0xx_HAL_Driver/Src/stm32g0xx_hal_tim_ex.c **** 
 5452              		.loc 1 1987 10 view .LVU1476
 5453 0018 5368     		ldr	r3, [r2, #4]
 5454              	.LVL399:
1990:Drivers/STM32G0xx_HAL_Driver/Src/stm32g0xx_hal_tim_ex.c **** 
 5455              		.loc 1 1990 3 is_stmt 1 view .LVU1477
1990:Drivers/STM32G0xx_HAL_Driver/Src/stm32g0xx_hal_tim_ex.c **** 
 5456              		.loc 1 1990 11 is_stmt 0 view .LVU1478
 5457 001a 9568     		ldr	r5, [r2, #8]
 5458              	.LVL400:
1993:Drivers/STM32G0xx_HAL_Driver/Src/stm32g0xx_hal_tim_ex.c ****   {
 5459              		.loc 1 1993 3 is_stmt 1 view .LVU1479
1993:Drivers/STM32G0xx_HAL_Driver/Src/stm32g0xx_hal_tim_ex.c ****   {
 5460              		.loc 1 1993 6 is_stmt 0 view .LVU1480
 5461 001c 164C     		ldr	r4, .L385
 5462 001e A242     		cmp	r2, r4
 5463 0020 22D0     		beq	.L384
 5464              	.LVL401:
 5465              	.L380:
2005:Drivers/STM32G0xx_HAL_Driver/Src/stm32g0xx_hal_tim_ex.c ****   /* Select the TRGO source */
 5466              		.loc 1 2005 3 is_stmt 1 view .LVU1481
2005:Drivers/STM32G0xx_HAL_Driver/Src/stm32g0xx_hal_tim_ex.c ****   /* Select the TRGO source */
 5467              		.loc 1 2005 10 is_stmt 0 view .LVU1482
 5468 0022 7024     		movs	r4, #112
 5469 0024 A343     		bics	r3, r4
 5470              	.LVL402:
2007:Drivers/STM32G0xx_HAL_Driver/Src/stm32g0xx_hal_tim_ex.c **** 
 5471              		.loc 1 2007 3 is_stmt 1 view .LVU1483
2007:Drivers/STM32G0xx_HAL_Driver/Src/stm32g0xx_hal_tim_ex.c **** 
 5472              		.loc 1 2007 27 is_stmt 0 view .LVU1484
 5473 0026 0C68     		ldr	r4, [r1]
2007:Drivers/STM32G0xx_HAL_Driver/Src/stm32g0xx_hal_tim_ex.c **** 
 5474              		.loc 1 2007 10 view .LVU1485
 5475 0028 2343     		orrs	r3, r4
 5476              	.LVL403:
2010:Drivers/STM32G0xx_HAL_Driver/Src/stm32g0xx_hal_tim_ex.c **** 
 5477              		.loc 1 2010 3 is_stmt 1 view .LVU1486
2010:Drivers/STM32G0xx_HAL_Driver/Src/stm32g0xx_hal_tim_ex.c **** 
 5478              		.loc 1 2010 23 is_stmt 0 view .LVU1487
 5479 002a 5360     		str	r3, [r2, #4]
2012:Drivers/STM32G0xx_HAL_Driver/Src/stm32g0xx_hal_tim_ex.c ****   {
 5480              		.loc 1 2012 3 is_stmt 1 view .LVU1488
2012:Drivers/STM32G0xx_HAL_Driver/Src/stm32g0xx_hal_tim_ex.c ****   {
 5481              		.loc 1 2012 7 is_stmt 0 view .LVU1489
 5482 002c 0368     		ldr	r3, [r0]
 5483              	.LVL404:
2012:Drivers/STM32G0xx_HAL_Driver/Src/stm32g0xx_hal_tim_ex.c ****   {
 5484              		.loc 1 2012 6 view .LVU1490
 5485 002e 124A     		ldr	r2, .L385
 5486              	.LVL405:
2012:Drivers/STM32G0xx_HAL_Driver/Src/stm32g0xx_hal_tim_ex.c ****   {
 5487              		.loc 1 2012 6 view .LVU1491
 5488 0030 9342     		cmp	r3, r2
 5489 0032 0CD0     		beq	.L381
2012:Drivers/STM32G0xx_HAL_Driver/Src/stm32g0xx_hal_tim_ex.c ****   {
ARM GAS  C:\Users\sante\AppData\Local\Temp\cc9r4gT1.s 			page 172


 5490              		.loc 1 2012 7 discriminator 1 view .LVU1492
 5491 0034 8022     		movs	r2, #128
 5492 0036 D205     		lsls	r2, r2, #23
 5493 0038 9342     		cmp	r3, r2
 5494 003a 08D0     		beq	.L381
2012:Drivers/STM32G0xx_HAL_Driver/Src/stm32g0xx_hal_tim_ex.c ****   {
 5495              		.loc 1 2012 7 discriminator 2 view .LVU1493
 5496 003c 0F4A     		ldr	r2, .L385+4
 5497 003e 9342     		cmp	r3, r2
 5498 0040 05D0     		beq	.L381
2012:Drivers/STM32G0xx_HAL_Driver/Src/stm32g0xx_hal_tim_ex.c ****   {
 5499              		.loc 1 2012 7 discriminator 3 view .LVU1494
 5500 0042 0F4A     		ldr	r2, .L385+8
 5501 0044 9342     		cmp	r3, r2
 5502 0046 02D0     		beq	.L381
2012:Drivers/STM32G0xx_HAL_Driver/Src/stm32g0xx_hal_tim_ex.c ****   {
 5503              		.loc 1 2012 7 discriminator 4 view .LVU1495
 5504 0048 0E4A     		ldr	r2, .L385+12
 5505 004a 9342     		cmp	r3, r2
 5506 004c 04D1     		bne	.L382
 5507              	.L381:
2015:Drivers/STM32G0xx_HAL_Driver/Src/stm32g0xx_hal_tim_ex.c ****     /* Set master mode */
 5508              		.loc 1 2015 5 is_stmt 1 view .LVU1496
2015:Drivers/STM32G0xx_HAL_Driver/Src/stm32g0xx_hal_tim_ex.c ****     /* Set master mode */
 5509              		.loc 1 2015 13 is_stmt 0 view .LVU1497
 5510 004e 8022     		movs	r2, #128
 5511 0050 9543     		bics	r5, r2
 5512              	.LVL406:
2017:Drivers/STM32G0xx_HAL_Driver/Src/stm32g0xx_hal_tim_ex.c **** 
 5513              		.loc 1 2017 5 is_stmt 1 view .LVU1498
2017:Drivers/STM32G0xx_HAL_Driver/Src/stm32g0xx_hal_tim_ex.c **** 
 5514              		.loc 1 2017 29 is_stmt 0 view .LVU1499
 5515 0052 8A68     		ldr	r2, [r1, #8]
2017:Drivers/STM32G0xx_HAL_Driver/Src/stm32g0xx_hal_tim_ex.c **** 
 5516              		.loc 1 2017 13 view .LVU1500
 5517 0054 2A43     		orrs	r2, r5
 5518              	.LVL407:
2020:Drivers/STM32G0xx_HAL_Driver/Src/stm32g0xx_hal_tim_ex.c ****   }
 5519              		.loc 1 2020 5 is_stmt 1 view .LVU1501
2020:Drivers/STM32G0xx_HAL_Driver/Src/stm32g0xx_hal_tim_ex.c ****   }
 5520              		.loc 1 2020 26 is_stmt 0 view .LVU1502
 5521 0056 9A60     		str	r2, [r3, #8]
 5522              	.LVL408:
 5523              	.L382:
2024:Drivers/STM32G0xx_HAL_Driver/Src/stm32g0xx_hal_tim_ex.c **** 
 5524              		.loc 1 2024 3 is_stmt 1 view .LVU1503
2024:Drivers/STM32G0xx_HAL_Driver/Src/stm32g0xx_hal_tim_ex.c **** 
 5525              		.loc 1 2024 15 is_stmt 0 view .LVU1504
 5526 0058 3D23     		movs	r3, #61
 5527 005a 0122     		movs	r2, #1
 5528 005c C254     		strb	r2, [r0, r3]
2026:Drivers/STM32G0xx_HAL_Driver/Src/stm32g0xx_hal_tim_ex.c **** 
 5529              		.loc 1 2026 3 is_stmt 1 view .LVU1505
2026:Drivers/STM32G0xx_HAL_Driver/Src/stm32g0xx_hal_tim_ex.c **** 
 5530              		.loc 1 2026 3 view .LVU1506
 5531 005e 013B     		subs	r3, r3, #1
 5532 0060 0022     		movs	r2, #0
ARM GAS  C:\Users\sante\AppData\Local\Temp\cc9r4gT1.s 			page 173


 5533 0062 C254     		strb	r2, [r0, r3]
2026:Drivers/STM32G0xx_HAL_Driver/Src/stm32g0xx_hal_tim_ex.c **** 
 5534              		.loc 1 2026 3 view .LVU1507
2028:Drivers/STM32G0xx_HAL_Driver/Src/stm32g0xx_hal_tim_ex.c **** }
 5535              		.loc 1 2028 3 view .LVU1508
2028:Drivers/STM32G0xx_HAL_Driver/Src/stm32g0xx_hal_tim_ex.c **** }
 5536              		.loc 1 2028 10 is_stmt 0 view .LVU1509
 5537 0064 0020     		movs	r0, #0
 5538              	.LVL409:
 5539              	.L379:
2029:Drivers/STM32G0xx_HAL_Driver/Src/stm32g0xx_hal_tim_ex.c **** 
 5540              		.loc 1 2029 1 view .LVU1510
 5541              		@ sp needed
 5542 0066 30BD     		pop	{r4, r5, pc}
 5543              	.LVL410:
 5544              	.L384:
1996:Drivers/STM32G0xx_HAL_Driver/Src/stm32g0xx_hal_tim_ex.c **** 
 5545              		.loc 1 1996 5 is_stmt 1 view .LVU1511
1999:Drivers/STM32G0xx_HAL_Driver/Src/stm32g0xx_hal_tim_ex.c ****     /* Select the TRGO2 source*/
 5546              		.loc 1 1999 5 view .LVU1512
1999:Drivers/STM32G0xx_HAL_Driver/Src/stm32g0xx_hal_tim_ex.c ****     /* Select the TRGO2 source*/
 5547              		.loc 1 1999 12 is_stmt 0 view .LVU1513
 5548 0068 074C     		ldr	r4, .L385+16
 5549 006a 2340     		ands	r3, r4
 5550              	.LVL411:
2001:Drivers/STM32G0xx_HAL_Driver/Src/stm32g0xx_hal_tim_ex.c ****   }
 5551              		.loc 1 2001 5 is_stmt 1 view .LVU1514
2001:Drivers/STM32G0xx_HAL_Driver/Src/stm32g0xx_hal_tim_ex.c ****   }
 5552              		.loc 1 2001 28 is_stmt 0 view .LVU1515
 5553 006c 4C68     		ldr	r4, [r1, #4]
2001:Drivers/STM32G0xx_HAL_Driver/Src/stm32g0xx_hal_tim_ex.c ****   }
 5554              		.loc 1 2001 12 view .LVU1516
 5555 006e 2343     		orrs	r3, r4
 5556              	.LVL412:
2001:Drivers/STM32G0xx_HAL_Driver/Src/stm32g0xx_hal_tim_ex.c ****   }
 5557              		.loc 1 2001 12 view .LVU1517
 5558 0070 D7E7     		b	.L380
 5559              	.LVL413:
 5560              	.L383:
1981:Drivers/STM32G0xx_HAL_Driver/Src/stm32g0xx_hal_tim_ex.c **** 
 5561              		.loc 1 1981 3 discriminator 1 view .LVU1518
 5562 0072 0220     		movs	r0, #2
 5563              	.LVL414:
1981:Drivers/STM32G0xx_HAL_Driver/Src/stm32g0xx_hal_tim_ex.c **** 
 5564              		.loc 1 1981 3 discriminator 1 view .LVU1519
 5565 0074 F7E7     		b	.L379
 5566              	.L386:
 5567 0076 C046     		.align	2
 5568              	.L385:
 5569 0078 002C0140 		.word	1073818624
 5570 007c 00040040 		.word	1073742848
 5571 0080 00080040 		.word	1073743872
 5572 0084 00400140 		.word	1073823744
 5573 0088 FFFF0FFF 		.word	-15728641
 5574              		.cfi_endproc
 5575              	.LFE522:
 5577              		.section	.text.HAL_TIMEx_ConfigBreakDeadTime,"ax",%progbits
ARM GAS  C:\Users\sante\AppData\Local\Temp\cc9r4gT1.s 			page 174


 5578              		.align	1
 5579              		.global	HAL_TIMEx_ConfigBreakDeadTime
 5580              		.syntax unified
 5581              		.code	16
 5582              		.thumb_func
 5584              	HAL_TIMEx_ConfigBreakDeadTime:
 5585              	.LVL415:
 5586              	.LFB523:
2044:Drivers/STM32G0xx_HAL_Driver/Src/stm32g0xx_hal_tim_ex.c ****   /* Keep this variable initialized to 0 as it is used to configure BDTR register */
 5587              		.loc 1 2044 1 is_stmt 1 view -0
 5588              		.cfi_startproc
 5589              		@ args = 0, pretend = 0, frame = 0
 5590              		@ frame_needed = 0, uses_anonymous_args = 0
2044:Drivers/STM32G0xx_HAL_Driver/Src/stm32g0xx_hal_tim_ex.c ****   /* Keep this variable initialized to 0 as it is used to configure BDTR register */
 5591              		.loc 1 2044 1 is_stmt 0 view .LVU1521
 5592 0000 10B5     		push	{r4, lr}
 5593              		.cfi_def_cfa_offset 8
 5594              		.cfi_offset 4, -8
 5595              		.cfi_offset 14, -4
2046:Drivers/STM32G0xx_HAL_Driver/Src/stm32g0xx_hal_tim_ex.c **** 
 5596              		.loc 1 2046 3 is_stmt 1 view .LVU1522
 5597              	.LVL416:
2049:Drivers/STM32G0xx_HAL_Driver/Src/stm32g0xx_hal_tim_ex.c ****   assert_param(IS_TIM_OSSR_STATE(sBreakDeadTimeConfig->OffStateRunMode));
 5598              		.loc 1 2049 3 view .LVU1523
2050:Drivers/STM32G0xx_HAL_Driver/Src/stm32g0xx_hal_tim_ex.c ****   assert_param(IS_TIM_OSSI_STATE(sBreakDeadTimeConfig->OffStateIDLEMode));
 5599              		.loc 1 2050 3 view .LVU1524
2051:Drivers/STM32G0xx_HAL_Driver/Src/stm32g0xx_hal_tim_ex.c ****   assert_param(IS_TIM_LOCK_LEVEL(sBreakDeadTimeConfig->LockLevel));
 5600              		.loc 1 2051 3 view .LVU1525
2052:Drivers/STM32G0xx_HAL_Driver/Src/stm32g0xx_hal_tim_ex.c ****   assert_param(IS_TIM_DEADTIME(sBreakDeadTimeConfig->DeadTime));
 5601              		.loc 1 2052 3 view .LVU1526
2053:Drivers/STM32G0xx_HAL_Driver/Src/stm32g0xx_hal_tim_ex.c ****   assert_param(IS_TIM_BREAK_STATE(sBreakDeadTimeConfig->BreakState));
 5602              		.loc 1 2053 3 view .LVU1527
2054:Drivers/STM32G0xx_HAL_Driver/Src/stm32g0xx_hal_tim_ex.c ****   assert_param(IS_TIM_BREAK_POLARITY(sBreakDeadTimeConfig->BreakPolarity));
 5603              		.loc 1 2054 3 view .LVU1528
2055:Drivers/STM32G0xx_HAL_Driver/Src/stm32g0xx_hal_tim_ex.c ****   assert_param(IS_TIM_BREAK_FILTER(sBreakDeadTimeConfig->BreakFilter));
 5604              		.loc 1 2055 3 view .LVU1529
2056:Drivers/STM32G0xx_HAL_Driver/Src/stm32g0xx_hal_tim_ex.c ****   assert_param(IS_TIM_AUTOMATIC_OUTPUT_STATE(sBreakDeadTimeConfig->AutomaticOutput));
 5605              		.loc 1 2056 3 view .LVU1530
2057:Drivers/STM32G0xx_HAL_Driver/Src/stm32g0xx_hal_tim_ex.c ****   assert_param(IS_TIM_BREAK_AFMODE(sBreakDeadTimeConfig->BreakAFMode));
 5606              		.loc 1 2057 3 view .LVU1531
2058:Drivers/STM32G0xx_HAL_Driver/Src/stm32g0xx_hal_tim_ex.c **** 
 5607              		.loc 1 2058 3 view .LVU1532
2061:Drivers/STM32G0xx_HAL_Driver/Src/stm32g0xx_hal_tim_ex.c **** 
 5608              		.loc 1 2061 3 view .LVU1533
2061:Drivers/STM32G0xx_HAL_Driver/Src/stm32g0xx_hal_tim_ex.c **** 
 5609              		.loc 1 2061 3 view .LVU1534
 5610 0002 3C23     		movs	r3, #60
 5611 0004 C35C     		ldrb	r3, [r0, r3]
 5612 0006 012B     		cmp	r3, #1
 5613 0008 40D0     		beq	.L390
2061:Drivers/STM32G0xx_HAL_Driver/Src/stm32g0xx_hal_tim_ex.c **** 
 5614              		.loc 1 2061 3 discriminator 2 view .LVU1535
 5615 000a 3C23     		movs	r3, #60
 5616 000c 0122     		movs	r2, #1
 5617 000e C254     		strb	r2, [r0, r3]
2061:Drivers/STM32G0xx_HAL_Driver/Src/stm32g0xx_hal_tim_ex.c **** 
 5618              		.loc 1 2061 3 view .LVU1536
ARM GAS  C:\Users\sante\AppData\Local\Temp\cc9r4gT1.s 			page 175


2067:Drivers/STM32G0xx_HAL_Driver/Src/stm32g0xx_hal_tim_ex.c ****   MODIFY_REG(tmpbdtr, TIM_BDTR_LOCK, sBreakDeadTimeConfig->LockLevel);
 5619              		.loc 1 2067 3 view .LVU1537
 5620 0010 CB68     		ldr	r3, [r1, #12]
 5621              	.LVL417:
2068:Drivers/STM32G0xx_HAL_Driver/Src/stm32g0xx_hal_tim_ex.c ****   MODIFY_REG(tmpbdtr, TIM_BDTR_OSSI, sBreakDeadTimeConfig->OffStateIDLEMode);
 5622              		.loc 1 2068 3 view .LVU1538
 5623 0012 1F4A     		ldr	r2, .L392
 5624 0014 1340     		ands	r3, r2
 5625              	.LVL418:
2068:Drivers/STM32G0xx_HAL_Driver/Src/stm32g0xx_hal_tim_ex.c ****   MODIFY_REG(tmpbdtr, TIM_BDTR_OSSI, sBreakDeadTimeConfig->OffStateIDLEMode);
 5626              		.loc 1 2068 3 is_stmt 0 view .LVU1539
 5627 0016 8A68     		ldr	r2, [r1, #8]
 5628 0018 1343     		orrs	r3, r2
 5629              	.LVL419:
2069:Drivers/STM32G0xx_HAL_Driver/Src/stm32g0xx_hal_tim_ex.c ****   MODIFY_REG(tmpbdtr, TIM_BDTR_OSSR, sBreakDeadTimeConfig->OffStateRunMode);
 5630              		.loc 1 2069 3 is_stmt 1 view .LVU1540
 5631 001a 1E4A     		ldr	r2, .L392+4
 5632 001c 1340     		ands	r3, r2
 5633              	.LVL420:
2069:Drivers/STM32G0xx_HAL_Driver/Src/stm32g0xx_hal_tim_ex.c ****   MODIFY_REG(tmpbdtr, TIM_BDTR_OSSR, sBreakDeadTimeConfig->OffStateRunMode);
 5634              		.loc 1 2069 3 is_stmt 0 view .LVU1541
 5635 001e 4A68     		ldr	r2, [r1, #4]
 5636 0020 1343     		orrs	r3, r2
 5637              	.LVL421:
2070:Drivers/STM32G0xx_HAL_Driver/Src/stm32g0xx_hal_tim_ex.c ****   MODIFY_REG(tmpbdtr, TIM_BDTR_BKE, sBreakDeadTimeConfig->BreakState);
 5638              		.loc 1 2070 3 is_stmt 1 view .LVU1542
 5639 0022 1D4A     		ldr	r2, .L392+8
 5640 0024 1340     		ands	r3, r2
 5641              	.LVL422:
2070:Drivers/STM32G0xx_HAL_Driver/Src/stm32g0xx_hal_tim_ex.c ****   MODIFY_REG(tmpbdtr, TIM_BDTR_BKE, sBreakDeadTimeConfig->BreakState);
 5642              		.loc 1 2070 3 is_stmt 0 view .LVU1543
 5643 0026 0A68     		ldr	r2, [r1]
 5644 0028 1343     		orrs	r3, r2
 5645              	.LVL423:
2071:Drivers/STM32G0xx_HAL_Driver/Src/stm32g0xx_hal_tim_ex.c ****   MODIFY_REG(tmpbdtr, TIM_BDTR_BKP, sBreakDeadTimeConfig->BreakPolarity);
 5646              		.loc 1 2071 3 is_stmt 1 view .LVU1544
 5647 002a 1C4A     		ldr	r2, .L392+12
 5648 002c 1340     		ands	r3, r2
 5649              	.LVL424:
2071:Drivers/STM32G0xx_HAL_Driver/Src/stm32g0xx_hal_tim_ex.c ****   MODIFY_REG(tmpbdtr, TIM_BDTR_BKP, sBreakDeadTimeConfig->BreakPolarity);
 5650              		.loc 1 2071 3 is_stmt 0 view .LVU1545
 5651 002e 0A69     		ldr	r2, [r1, #16]
 5652 0030 1343     		orrs	r3, r2
 5653              	.LVL425:
2072:Drivers/STM32G0xx_HAL_Driver/Src/stm32g0xx_hal_tim_ex.c ****   MODIFY_REG(tmpbdtr, TIM_BDTR_AOE, sBreakDeadTimeConfig->AutomaticOutput);
 5654              		.loc 1 2072 3 is_stmt 1 view .LVU1546
 5655 0032 1B4A     		ldr	r2, .L392+16
 5656 0034 1340     		ands	r3, r2
 5657              	.LVL426:
2072:Drivers/STM32G0xx_HAL_Driver/Src/stm32g0xx_hal_tim_ex.c ****   MODIFY_REG(tmpbdtr, TIM_BDTR_AOE, sBreakDeadTimeConfig->AutomaticOutput);
 5658              		.loc 1 2072 3 is_stmt 0 view .LVU1547
 5659 0036 4A69     		ldr	r2, [r1, #20]
 5660 0038 1343     		orrs	r3, r2
 5661              	.LVL427:
2073:Drivers/STM32G0xx_HAL_Driver/Src/stm32g0xx_hal_tim_ex.c ****   MODIFY_REG(tmpbdtr, TIM_BDTR_BKF, (sBreakDeadTimeConfig->BreakFilter << TIM_BDTR_BKF_Pos));
 5662              		.loc 1 2073 3 is_stmt 1 view .LVU1548
 5663 003a 1A4A     		ldr	r2, .L392+20
ARM GAS  C:\Users\sante\AppData\Local\Temp\cc9r4gT1.s 			page 176


 5664 003c 1340     		ands	r3, r2
 5665              	.LVL428:
2073:Drivers/STM32G0xx_HAL_Driver/Src/stm32g0xx_hal_tim_ex.c ****   MODIFY_REG(tmpbdtr, TIM_BDTR_BKF, (sBreakDeadTimeConfig->BreakFilter << TIM_BDTR_BKF_Pos));
 5666              		.loc 1 2073 3 is_stmt 0 view .LVU1549
 5667 003e 0A6B     		ldr	r2, [r1, #48]
 5668 0040 1343     		orrs	r3, r2
 5669              	.LVL429:
2074:Drivers/STM32G0xx_HAL_Driver/Src/stm32g0xx_hal_tim_ex.c ****   MODIFY_REG(tmpbdtr, TIM_BDTR_BKBID, sBreakDeadTimeConfig->BreakAFMode);
 5670              		.loc 1 2074 3 is_stmt 1 view .LVU1550
 5671 0042 194A     		ldr	r2, .L392+24
 5672 0044 1340     		ands	r3, r2
 5673              	.LVL430:
2074:Drivers/STM32G0xx_HAL_Driver/Src/stm32g0xx_hal_tim_ex.c ****   MODIFY_REG(tmpbdtr, TIM_BDTR_BKBID, sBreakDeadTimeConfig->BreakAFMode);
 5674              		.loc 1 2074 3 is_stmt 0 view .LVU1551
 5675 0046 8A69     		ldr	r2, [r1, #24]
 5676 0048 1204     		lsls	r2, r2, #16
 5677 004a 1343     		orrs	r3, r2
 5678              	.LVL431:
2075:Drivers/STM32G0xx_HAL_Driver/Src/stm32g0xx_hal_tim_ex.c **** 
 5679              		.loc 1 2075 3 is_stmt 1 view .LVU1552
 5680 004c 174A     		ldr	r2, .L392+28
 5681 004e 1340     		ands	r3, r2
 5682              	.LVL432:
2075:Drivers/STM32G0xx_HAL_Driver/Src/stm32g0xx_hal_tim_ex.c **** 
 5683              		.loc 1 2075 3 is_stmt 0 view .LVU1553
 5684 0050 CA69     		ldr	r2, [r1, #28]
 5685 0052 1343     		orrs	r3, r2
 5686              	.LVL433:
2077:Drivers/STM32G0xx_HAL_Driver/Src/stm32g0xx_hal_tim_ex.c ****   {
 5687              		.loc 1 2077 3 is_stmt 1 view .LVU1554
2077:Drivers/STM32G0xx_HAL_Driver/Src/stm32g0xx_hal_tim_ex.c ****   {
 5688              		.loc 1 2077 7 is_stmt 0 view .LVU1555
 5689 0054 0268     		ldr	r2, [r0]
2077:Drivers/STM32G0xx_HAL_Driver/Src/stm32g0xx_hal_tim_ex.c ****   {
 5690              		.loc 1 2077 6 view .LVU1556
 5691 0056 164C     		ldr	r4, .L392+32
 5692 0058 A242     		cmp	r2, r4
 5693 005a 05D0     		beq	.L391
 5694              	.LVL434:
 5695              	.L389:
2093:Drivers/STM32G0xx_HAL_Driver/Src/stm32g0xx_hal_tim_ex.c **** 
 5696              		.loc 1 2093 3 is_stmt 1 view .LVU1557
2093:Drivers/STM32G0xx_HAL_Driver/Src/stm32g0xx_hal_tim_ex.c **** 
 5697              		.loc 1 2093 24 is_stmt 0 view .LVU1558
 5698 005c 5364     		str	r3, [r2, #68]
2095:Drivers/STM32G0xx_HAL_Driver/Src/stm32g0xx_hal_tim_ex.c **** 
 5699              		.loc 1 2095 3 is_stmt 1 view .LVU1559
2095:Drivers/STM32G0xx_HAL_Driver/Src/stm32g0xx_hal_tim_ex.c **** 
 5700              		.loc 1 2095 3 view .LVU1560
 5701 005e 3C23     		movs	r3, #60
 5702              	.LVL435:
2095:Drivers/STM32G0xx_HAL_Driver/Src/stm32g0xx_hal_tim_ex.c **** 
 5703              		.loc 1 2095 3 is_stmt 0 view .LVU1561
 5704 0060 0022     		movs	r2, #0
 5705              	.LVL436:
2095:Drivers/STM32G0xx_HAL_Driver/Src/stm32g0xx_hal_tim_ex.c **** 
 5706              		.loc 1 2095 3 view .LVU1562
ARM GAS  C:\Users\sante\AppData\Local\Temp\cc9r4gT1.s 			page 177


 5707 0062 C254     		strb	r2, [r0, r3]
2095:Drivers/STM32G0xx_HAL_Driver/Src/stm32g0xx_hal_tim_ex.c **** 
 5708              		.loc 1 2095 3 is_stmt 1 view .LVU1563
2097:Drivers/STM32G0xx_HAL_Driver/Src/stm32g0xx_hal_tim_ex.c **** }
 5709              		.loc 1 2097 3 view .LVU1564
2097:Drivers/STM32G0xx_HAL_Driver/Src/stm32g0xx_hal_tim_ex.c **** }
 5710              		.loc 1 2097 10 is_stmt 0 view .LVU1565
 5711 0064 0020     		movs	r0, #0
 5712              	.LVL437:
 5713              	.L388:
2098:Drivers/STM32G0xx_HAL_Driver/Src/stm32g0xx_hal_tim_ex.c **** 
 5714              		.loc 1 2098 1 view .LVU1566
 5715              		@ sp needed
 5716 0066 10BD     		pop	{r4, pc}
 5717              	.LVL438:
 5718              	.L391:
2080:Drivers/STM32G0xx_HAL_Driver/Src/stm32g0xx_hal_tim_ex.c ****     assert_param(IS_TIM_BREAK2_POLARITY(sBreakDeadTimeConfig->Break2Polarity));
 5719              		.loc 1 2080 5 is_stmt 1 view .LVU1567
2081:Drivers/STM32G0xx_HAL_Driver/Src/stm32g0xx_hal_tim_ex.c ****     assert_param(IS_TIM_BREAK_FILTER(sBreakDeadTimeConfig->Break2Filter));
 5720              		.loc 1 2081 5 view .LVU1568
2082:Drivers/STM32G0xx_HAL_Driver/Src/stm32g0xx_hal_tim_ex.c ****     assert_param(IS_TIM_BREAK2_AFMODE(sBreakDeadTimeConfig->Break2AFMode));
 5721              		.loc 1 2082 5 view .LVU1569
2083:Drivers/STM32G0xx_HAL_Driver/Src/stm32g0xx_hal_tim_ex.c **** 
 5722              		.loc 1 2083 5 view .LVU1570
2086:Drivers/STM32G0xx_HAL_Driver/Src/stm32g0xx_hal_tim_ex.c ****     MODIFY_REG(tmpbdtr, TIM_BDTR_BK2E, sBreakDeadTimeConfig->Break2State);
 5723              		.loc 1 2086 5 view .LVU1571
 5724 0068 124C     		ldr	r4, .L392+36
 5725 006a 2340     		ands	r3, r4
 5726              	.LVL439:
2086:Drivers/STM32G0xx_HAL_Driver/Src/stm32g0xx_hal_tim_ex.c ****     MODIFY_REG(tmpbdtr, TIM_BDTR_BK2E, sBreakDeadTimeConfig->Break2State);
 5727              		.loc 1 2086 5 is_stmt 0 view .LVU1572
 5728 006c 8C6A     		ldr	r4, [r1, #40]
 5729 006e 2405     		lsls	r4, r4, #20
 5730 0070 2343     		orrs	r3, r4
 5731              	.LVL440:
2087:Drivers/STM32G0xx_HAL_Driver/Src/stm32g0xx_hal_tim_ex.c ****     MODIFY_REG(tmpbdtr, TIM_BDTR_BK2P, sBreakDeadTimeConfig->Break2Polarity);
 5732              		.loc 1 2087 5 is_stmt 1 view .LVU1573
 5733 0072 114C     		ldr	r4, .L392+40
 5734 0074 2340     		ands	r3, r4
 5735              	.LVL441:
2087:Drivers/STM32G0xx_HAL_Driver/Src/stm32g0xx_hal_tim_ex.c ****     MODIFY_REG(tmpbdtr, TIM_BDTR_BK2P, sBreakDeadTimeConfig->Break2Polarity);
 5736              		.loc 1 2087 5 is_stmt 0 view .LVU1574
 5737 0076 0C6A     		ldr	r4, [r1, #32]
 5738 0078 2343     		orrs	r3, r4
 5739              	.LVL442:
2088:Drivers/STM32G0xx_HAL_Driver/Src/stm32g0xx_hal_tim_ex.c ****     MODIFY_REG(tmpbdtr, TIM_BDTR_BK2BID, sBreakDeadTimeConfig->Break2AFMode);
 5740              		.loc 1 2088 5 is_stmt 1 view .LVU1575
 5741 007a 104C     		ldr	r4, .L392+44
 5742 007c 2340     		ands	r3, r4
 5743              	.LVL443:
2088:Drivers/STM32G0xx_HAL_Driver/Src/stm32g0xx_hal_tim_ex.c ****     MODIFY_REG(tmpbdtr, TIM_BDTR_BK2BID, sBreakDeadTimeConfig->Break2AFMode);
 5744              		.loc 1 2088 5 is_stmt 0 view .LVU1576
 5745 007e 4C6A     		ldr	r4, [r1, #36]
 5746 0080 2343     		orrs	r3, r4
 5747              	.LVL444:
2089:Drivers/STM32G0xx_HAL_Driver/Src/stm32g0xx_hal_tim_ex.c ****   }
 5748              		.loc 1 2089 5 is_stmt 1 view .LVU1577
ARM GAS  C:\Users\sante\AppData\Local\Temp\cc9r4gT1.s 			page 178


 5749 0082 0F4C     		ldr	r4, .L392+48
 5750 0084 2340     		ands	r3, r4
 5751              	.LVL445:
2089:Drivers/STM32G0xx_HAL_Driver/Src/stm32g0xx_hal_tim_ex.c ****   }
 5752              		.loc 1 2089 5 is_stmt 0 view .LVU1578
 5753 0086 C96A     		ldr	r1, [r1, #44]
 5754              	.LVL446:
2089:Drivers/STM32G0xx_HAL_Driver/Src/stm32g0xx_hal_tim_ex.c ****   }
 5755              		.loc 1 2089 5 view .LVU1579
 5756 0088 0B43     		orrs	r3, r1
 5757 008a E7E7     		b	.L389
 5758              	.LVL447:
 5759              	.L390:
2061:Drivers/STM32G0xx_HAL_Driver/Src/stm32g0xx_hal_tim_ex.c **** 
 5760              		.loc 1 2061 3 discriminator 1 view .LVU1580
 5761 008c 0220     		movs	r0, #2
 5762              	.LVL448:
2061:Drivers/STM32G0xx_HAL_Driver/Src/stm32g0xx_hal_tim_ex.c **** 
 5763              		.loc 1 2061 3 discriminator 1 view .LVU1581
 5764 008e EAE7     		b	.L388
 5765              	.L393:
 5766              		.align	2
 5767              	.L392:
 5768 0090 FFFCFFFF 		.word	-769
 5769 0094 FFFBFFFF 		.word	-1025
 5770 0098 FFF7FFFF 		.word	-2049
 5771 009c FFEFFFFF 		.word	-4097
 5772 00a0 FFDFFFFF 		.word	-8193
 5773 00a4 FFBFFFFF 		.word	-16385
 5774 00a8 FFFFF0FF 		.word	-983041
 5775 00ac FFFFFFEF 		.word	-268435457
 5776 00b0 002C0140 		.word	1073818624
 5777 00b4 FFFF0FFF 		.word	-15728641
 5778 00b8 FFFFFFFE 		.word	-16777217
 5779 00bc FFFFFFFD 		.word	-33554433
 5780 00c0 FFFFFFDF 		.word	-536870913
 5781              		.cfi_endproc
 5782              	.LFE523:
 5784              		.section	.text.HAL_TIMEx_ConfigBreakInput,"ax",%progbits
 5785              		.align	1
 5786              		.global	HAL_TIMEx_ConfigBreakInput
 5787              		.syntax unified
 5788              		.code	16
 5789              		.thumb_func
 5791              	HAL_TIMEx_ConfigBreakInput:
 5792              	.LVL449:
 5793              	.LFB524:
2113:Drivers/STM32G0xx_HAL_Driver/Src/stm32g0xx_hal_tim_ex.c ****   HAL_StatusTypeDef status = HAL_OK;
 5794              		.loc 1 2113 1 is_stmt 1 view -0
 5795              		.cfi_startproc
 5796              		@ args = 0, pretend = 0, frame = 0
 5797              		@ frame_needed = 0, uses_anonymous_args = 0
2113:Drivers/STM32G0xx_HAL_Driver/Src/stm32g0xx_hal_tim_ex.c ****   HAL_StatusTypeDef status = HAL_OK;
 5798              		.loc 1 2113 1 is_stmt 0 view .LVU1583
 5799 0000 F0B5     		push	{r4, r5, r6, r7, lr}
 5800              		.cfi_def_cfa_offset 20
 5801              		.cfi_offset 4, -20
ARM GAS  C:\Users\sante\AppData\Local\Temp\cc9r4gT1.s 			page 179


 5802              		.cfi_offset 5, -16
 5803              		.cfi_offset 6, -12
 5804              		.cfi_offset 7, -8
 5805              		.cfi_offset 14, -4
 5806 0002 C646     		mov	lr, r8
 5807 0004 00B5     		push	{lr}
 5808              		.cfi_def_cfa_offset 24
 5809              		.cfi_offset 8, -24
 5810 0006 0300     		movs	r3, r0
2114:Drivers/STM32G0xx_HAL_Driver/Src/stm32g0xx_hal_tim_ex.c ****   uint32_t tmporx;
 5811              		.loc 1 2114 3 is_stmt 1 view .LVU1584
 5812              	.LVL450:
2115:Drivers/STM32G0xx_HAL_Driver/Src/stm32g0xx_hal_tim_ex.c ****   uint32_t bkin_enable_mask;
 5813              		.loc 1 2115 3 view .LVU1585
2116:Drivers/STM32G0xx_HAL_Driver/Src/stm32g0xx_hal_tim_ex.c ****   uint32_t bkin_polarity_mask;
 5814              		.loc 1 2116 3 view .LVU1586
2117:Drivers/STM32G0xx_HAL_Driver/Src/stm32g0xx_hal_tim_ex.c ****   uint32_t bkin_enable_bitpos;
 5815              		.loc 1 2117 3 view .LVU1587
2118:Drivers/STM32G0xx_HAL_Driver/Src/stm32g0xx_hal_tim_ex.c ****   uint32_t bkin_polarity_bitpos;
 5816              		.loc 1 2118 3 view .LVU1588
2119:Drivers/STM32G0xx_HAL_Driver/Src/stm32g0xx_hal_tim_ex.c **** 
 5817              		.loc 1 2119 3 view .LVU1589
2122:Drivers/STM32G0xx_HAL_Driver/Src/stm32g0xx_hal_tim_ex.c ****   assert_param(IS_TIM_BREAKINPUT(BreakInput));
 5818              		.loc 1 2122 3 view .LVU1590
2123:Drivers/STM32G0xx_HAL_Driver/Src/stm32g0xx_hal_tim_ex.c ****   assert_param(IS_TIM_BREAKINPUTSOURCE(sBreakInputConfig->Source));
 5819              		.loc 1 2123 3 view .LVU1591
2124:Drivers/STM32G0xx_HAL_Driver/Src/stm32g0xx_hal_tim_ex.c ****   assert_param(IS_TIM_BREAKINPUTSOURCE_STATE(sBreakInputConfig->Enable));
 5820              		.loc 1 2124 3 view .LVU1592
2125:Drivers/STM32G0xx_HAL_Driver/Src/stm32g0xx_hal_tim_ex.c ****   assert_param(IS_TIM_BREAKINPUTSOURCE_POLARITY(sBreakInputConfig->Polarity));
 5821              		.loc 1 2125 3 view .LVU1593
2126:Drivers/STM32G0xx_HAL_Driver/Src/stm32g0xx_hal_tim_ex.c **** 
 5822              		.loc 1 2126 3 view .LVU1594
2129:Drivers/STM32G0xx_HAL_Driver/Src/stm32g0xx_hal_tim_ex.c **** 
 5823              		.loc 1 2129 3 view .LVU1595
2129:Drivers/STM32G0xx_HAL_Driver/Src/stm32g0xx_hal_tim_ex.c **** 
 5824              		.loc 1 2129 3 view .LVU1596
 5825 0008 3C20     		movs	r0, #60
 5826              	.LVL451:
2129:Drivers/STM32G0xx_HAL_Driver/Src/stm32g0xx_hal_tim_ex.c **** 
 5827              		.loc 1 2129 3 is_stmt 0 view .LVU1597
 5828 000a 185C     		ldrb	r0, [r3, r0]
 5829 000c 0128     		cmp	r0, #1
 5830 000e 5BD0     		beq	.L401
2129:Drivers/STM32G0xx_HAL_Driver/Src/stm32g0xx_hal_tim_ex.c **** 
 5831              		.loc 1 2129 3 is_stmt 1 discriminator 2 view .LVU1598
 5832 0010 3C20     		movs	r0, #60
 5833 0012 0124     		movs	r4, #1
 5834 0014 1C54     		strb	r4, [r3, r0]
2129:Drivers/STM32G0xx_HAL_Driver/Src/stm32g0xx_hal_tim_ex.c **** 
 5835              		.loc 1 2129 3 view .LVU1599
2131:Drivers/STM32G0xx_HAL_Driver/Src/stm32g0xx_hal_tim_ex.c ****   {
 5836              		.loc 1 2131 3 view .LVU1600
2131:Drivers/STM32G0xx_HAL_Driver/Src/stm32g0xx_hal_tim_ex.c ****   {
 5837              		.loc 1 2131 28 is_stmt 0 view .LVU1601
 5838 0016 1068     		ldr	r0, [r2]
2131:Drivers/STM32G0xx_HAL_Driver/Src/stm32g0xx_hal_tim_ex.c ****   {
 5839              		.loc 1 2131 3 view .LVU1602
ARM GAS  C:\Users\sante\AppData\Local\Temp\cc9r4gT1.s 			page 180


 5840 0018 0428     		cmp	r0, #4
 5841 001a 11D0     		beq	.L402
 5842 001c 08D8     		bhi	.L397
 5843 001e 0128     		cmp	r0, #1
 5844 0020 19D0     		beq	.L403
 5845 0022 0228     		cmp	r0, #2
 5846 0024 1DD1     		bne	.L404
2147:Drivers/STM32G0xx_HAL_Driver/Src/stm32g0xx_hal_tim_ex.c ****       break;
 5847              		.loc 1 2147 28 view .LVU1603
 5848 0026 0A26     		movs	r6, #10
2145:Drivers/STM32G0xx_HAL_Driver/Src/stm32g0xx_hal_tim_ex.c ****       bkin_polarity_mask = TIM1_AF1_BKCMP1P;
 5849              		.loc 1 2145 26 view .LVU1604
 5850 0028 A446     		mov	ip, r4
2146:Drivers/STM32G0xx_HAL_Driver/Src/stm32g0xx_hal_tim_ex.c ****       bkin_polarity_bitpos = TIM1_AF1_BKCMP1P_Pos;
 5851              		.loc 1 2146 26 view .LVU1605
 5852 002a 8024     		movs	r4, #128
 5853 002c E400     		lsls	r4, r4, #3
 5854 002e 0CE0     		b	.L396
 5855              	.L397:
2131:Drivers/STM32G0xx_HAL_Driver/Src/stm32g0xx_hal_tim_ex.c ****   {
 5856              		.loc 1 2131 3 view .LVU1606
 5857 0030 0828     		cmp	r0, #8
 5858 0032 1BD1     		bne	.L405
2165:Drivers/STM32G0xx_HAL_Driver/Src/stm32g0xx_hal_tim_ex.c ****       break;
 5859              		.loc 1 2165 28 view .LVU1607
 5860 0034 0C26     		movs	r6, #12
2163:Drivers/STM32G0xx_HAL_Driver/Src/stm32g0xx_hal_tim_ex.c ****       bkin_polarity_mask = TIM1_AF1_BKCMP3P;
 5861              		.loc 1 2163 26 view .LVU1608
 5862 0036 0324     		movs	r4, #3
 5863 0038 A446     		mov	ip, r4
2164:Drivers/STM32G0xx_HAL_Driver/Src/stm32g0xx_hal_tim_ex.c ****       bkin_polarity_bitpos = TIM1_AF1_BKCMP3P_Pos;
 5864              		.loc 1 2164 26 view .LVU1609
 5865 003a 8024     		movs	r4, #128
 5866 003c 6401     		lsls	r4, r4, #5
 5867 003e 04E0     		b	.L396
 5868              	.L402:
2155:Drivers/STM32G0xx_HAL_Driver/Src/stm32g0xx_hal_tim_ex.c ****       break;
 5869              		.loc 1 2155 28 view .LVU1610
 5870 0040 0B26     		movs	r6, #11
2153:Drivers/STM32G0xx_HAL_Driver/Src/stm32g0xx_hal_tim_ex.c ****       bkin_polarity_mask = TIM1_AF1_BKCMP2P;
 5871              		.loc 1 2153 26 view .LVU1611
 5872 0042 0224     		movs	r4, #2
 5873 0044 A446     		mov	ip, r4
2154:Drivers/STM32G0xx_HAL_Driver/Src/stm32g0xx_hal_tim_ex.c ****       bkin_polarity_bitpos = TIM1_AF1_BKCMP2P_Pos;
 5874              		.loc 1 2154 26 view .LVU1612
 5875 0046 8024     		movs	r4, #128
 5876 0048 2401     		lsls	r4, r4, #4
 5877              	.L396:
 5878              	.LVL452:
2180:Drivers/STM32G0xx_HAL_Driver/Src/stm32g0xx_hal_tim_ex.c ****   {
 5879              		.loc 1 2180 3 is_stmt 1 view .LVU1613
 5880 004a 0129     		cmp	r1, #1
 5881 004c 13D0     		beq	.L398
 5882 004e 0229     		cmp	r1, #2
 5883 0050 28D0     		beq	.L399
 5884 0052 0120     		movs	r0, #1
 5885              	.LVL453:
ARM GAS  C:\Users\sante\AppData\Local\Temp\cc9r4gT1.s 			page 181


2180:Drivers/STM32G0xx_HAL_Driver/Src/stm32g0xx_hal_tim_ex.c ****   {
 5886              		.loc 1 2180 3 is_stmt 0 view .LVU1614
 5887 0054 20E0     		b	.L400
 5888              	.LVL454:
 5889              	.L403:
2131:Drivers/STM32G0xx_HAL_Driver/Src/stm32g0xx_hal_tim_ex.c ****   {
 5890              		.loc 1 2131 3 view .LVU1615
 5891 0056 0926     		movs	r6, #9
 5892 0058 0024     		movs	r4, #0
 5893 005a A446     		mov	ip, r4
 5894 005c 8024     		movs	r4, #128
 5895 005e A400     		lsls	r4, r4, #2
 5896 0060 F3E7     		b	.L396
 5897              	.L404:
2175:Drivers/STM32G0xx_HAL_Driver/Src/stm32g0xx_hal_tim_ex.c ****       break;
 5898              		.loc 1 2175 28 view .LVU1616
 5899 0062 0026     		movs	r6, #0
2174:Drivers/STM32G0xx_HAL_Driver/Src/stm32g0xx_hal_tim_ex.c ****       bkin_polarity_bitpos = 0U;
 5900              		.loc 1 2174 26 view .LVU1617
 5901 0064 0020     		movs	r0, #0
 5902 0066 8446     		mov	ip, r0
2173:Drivers/STM32G0xx_HAL_Driver/Src/stm32g0xx_hal_tim_ex.c ****       bkin_enable_bitpos = 0U;
 5903              		.loc 1 2173 26 view .LVU1618
 5904 0068 0024     		movs	r4, #0
 5905 006a EEE7     		b	.L396
 5906              	.L405:
2175:Drivers/STM32G0xx_HAL_Driver/Src/stm32g0xx_hal_tim_ex.c ****       break;
 5907              		.loc 1 2175 28 view .LVU1619
 5908 006c 0026     		movs	r6, #0
2174:Drivers/STM32G0xx_HAL_Driver/Src/stm32g0xx_hal_tim_ex.c ****       bkin_polarity_bitpos = 0U;
 5909              		.loc 1 2174 26 view .LVU1620
 5910 006e 0020     		movs	r0, #0
 5911 0070 8446     		mov	ip, r0
2173:Drivers/STM32G0xx_HAL_Driver/Src/stm32g0xx_hal_tim_ex.c ****       bkin_enable_bitpos = 0U;
 5912              		.loc 1 2173 26 view .LVU1621
 5913 0072 0024     		movs	r4, #0
 5914 0074 E9E7     		b	.L396
 5915              	.LVL455:
 5916              	.L398:
2185:Drivers/STM32G0xx_HAL_Driver/Src/stm32g0xx_hal_tim_ex.c **** 
 5917              		.loc 1 2185 7 is_stmt 1 view .LVU1622
2185:Drivers/STM32G0xx_HAL_Driver/Src/stm32g0xx_hal_tim_ex.c **** 
 5918              		.loc 1 2185 20 is_stmt 0 view .LVU1623
 5919 0076 1968     		ldr	r1, [r3]
 5920              	.LVL456:
2185:Drivers/STM32G0xx_HAL_Driver/Src/stm32g0xx_hal_tim_ex.c **** 
 5921              		.loc 1 2185 20 view .LVU1624
 5922 0078 8846     		mov	r8, r1
2185:Drivers/STM32G0xx_HAL_Driver/Src/stm32g0xx_hal_tim_ex.c **** 
 5923              		.loc 1 2185 14 view .LVU1625
 5924 007a 0F6E     		ldr	r7, [r1, #96]
 5925              	.LVL457:
2188:Drivers/STM32G0xx_HAL_Driver/Src/stm32g0xx_hal_tim_ex.c ****       tmporx |= (sBreakInputConfig->Enable << bkin_enable_bitpos) & bkin_enable_mask;
 5926              		.loc 1 2188 7 is_stmt 1 view .LVU1626
2189:Drivers/STM32G0xx_HAL_Driver/Src/stm32g0xx_hal_tim_ex.c **** 
 5927              		.loc 1 2189 7 view .LVU1627
2189:Drivers/STM32G0xx_HAL_Driver/Src/stm32g0xx_hal_tim_ex.c **** 
ARM GAS  C:\Users\sante\AppData\Local\Temp\cc9r4gT1.s 			page 182


 5928              		.loc 1 2189 35 is_stmt 0 view .LVU1628
 5929 007c 5168     		ldr	r1, [r2, #4]
2189:Drivers/STM32G0xx_HAL_Driver/Src/stm32g0xx_hal_tim_ex.c **** 
 5930              		.loc 1 2189 44 view .LVU1629
 5931 007e 6546     		mov	r5, ip
 5932 0080 A940     		lsls	r1, r1, r5
 5933 0082 7940     		eors	r1, r7
 5934 0084 0140     		ands	r1, r0
2189:Drivers/STM32G0xx_HAL_Driver/Src/stm32g0xx_hal_tim_ex.c **** 
 5935              		.loc 1 2189 14 view .LVU1630
 5936 0086 7940     		eors	r1, r7
 5937              	.LVL458:
2192:Drivers/STM32G0xx_HAL_Driver/Src/stm32g0xx_hal_tim_ex.c ****       tmporx |= (sBreakInputConfig->Polarity << bkin_polarity_bitpos) & bkin_polarity_mask;
 5938              		.loc 1 2192 7 is_stmt 1 view .LVU1631
2193:Drivers/STM32G0xx_HAL_Driver/Src/stm32g0xx_hal_tim_ex.c **** 
 5939              		.loc 1 2193 7 view .LVU1632
2193:Drivers/STM32G0xx_HAL_Driver/Src/stm32g0xx_hal_tim_ex.c **** 
 5940              		.loc 1 2193 35 is_stmt 0 view .LVU1633
 5941 0088 9268     		ldr	r2, [r2, #8]
 5942              	.LVL459:
2193:Drivers/STM32G0xx_HAL_Driver/Src/stm32g0xx_hal_tim_ex.c **** 
 5943              		.loc 1 2193 46 view .LVU1634
 5944 008a B240     		lsls	r2, r2, r6
 5945 008c 4A40     		eors	r2, r1
 5946 008e 2240     		ands	r2, r4
2193:Drivers/STM32G0xx_HAL_Driver/Src/stm32g0xx_hal_tim_ex.c **** 
 5947              		.loc 1 2193 14 view .LVU1635
 5948 0090 4A40     		eors	r2, r1
 5949              	.LVL460:
2196:Drivers/STM32G0xx_HAL_Driver/Src/stm32g0xx_hal_tim_ex.c ****       break;
 5950              		.loc 1 2196 7 is_stmt 1 view .LVU1636
2196:Drivers/STM32G0xx_HAL_Driver/Src/stm32g0xx_hal_tim_ex.c ****       break;
 5951              		.loc 1 2196 27 is_stmt 0 view .LVU1637
 5952 0092 4146     		mov	r1, r8
 5953 0094 0A66     		str	r2, [r1, #96]
2197:Drivers/STM32G0xx_HAL_Driver/Src/stm32g0xx_hal_tim_ex.c ****     }
 5954              		.loc 1 2197 7 is_stmt 1 view .LVU1638
2114:Drivers/STM32G0xx_HAL_Driver/Src/stm32g0xx_hal_tim_ex.c ****   uint32_t tmporx;
 5955              		.loc 1 2114 21 is_stmt 0 view .LVU1639
 5956 0096 0020     		movs	r0, #0
 5957              	.LVL461:
 5958              	.L400:
2221:Drivers/STM32G0xx_HAL_Driver/Src/stm32g0xx_hal_tim_ex.c **** 
 5959              		.loc 1 2221 3 is_stmt 1 view .LVU1640
2221:Drivers/STM32G0xx_HAL_Driver/Src/stm32g0xx_hal_tim_ex.c **** 
 5960              		.loc 1 2221 3 view .LVU1641
 5961 0098 3C22     		movs	r2, #60
 5962 009a 0021     		movs	r1, #0
 5963 009c 9954     		strb	r1, [r3, r2]
2221:Drivers/STM32G0xx_HAL_Driver/Src/stm32g0xx_hal_tim_ex.c **** 
 5964              		.loc 1 2221 3 view .LVU1642
2223:Drivers/STM32G0xx_HAL_Driver/Src/stm32g0xx_hal_tim_ex.c **** }
 5965              		.loc 1 2223 3 view .LVU1643
 5966              	.LVL462:
 5967              	.L395:
2224:Drivers/STM32G0xx_HAL_Driver/Src/stm32g0xx_hal_tim_ex.c **** 
 5968              		.loc 1 2224 1 is_stmt 0 view .LVU1644
ARM GAS  C:\Users\sante\AppData\Local\Temp\cc9r4gT1.s 			page 183


 5969              		@ sp needed
 5970 009e 80BC     		pop	{r7}
 5971 00a0 B846     		mov	r8, r7
 5972 00a2 F0BD     		pop	{r4, r5, r6, r7, pc}
 5973              	.LVL463:
 5974              	.L399:
2202:Drivers/STM32G0xx_HAL_Driver/Src/stm32g0xx_hal_tim_ex.c **** 
 5975              		.loc 1 2202 7 is_stmt 1 view .LVU1645
2202:Drivers/STM32G0xx_HAL_Driver/Src/stm32g0xx_hal_tim_ex.c **** 
 5976              		.loc 1 2202 20 is_stmt 0 view .LVU1646
 5977 00a4 1D68     		ldr	r5, [r3]
2202:Drivers/STM32G0xx_HAL_Driver/Src/stm32g0xx_hal_tim_ex.c **** 
 5978              		.loc 1 2202 14 view .LVU1647
 5979 00a6 696E     		ldr	r1, [r5, #100]
 5980              	.LVL464:
2202:Drivers/STM32G0xx_HAL_Driver/Src/stm32g0xx_hal_tim_ex.c **** 
 5981              		.loc 1 2202 14 view .LVU1648
 5982 00a8 8846     		mov	r8, r1
 5983              	.LVL465:
2205:Drivers/STM32G0xx_HAL_Driver/Src/stm32g0xx_hal_tim_ex.c ****       tmporx |= (sBreakInputConfig->Enable << bkin_enable_bitpos) & bkin_enable_mask;
 5984              		.loc 1 2205 7 is_stmt 1 view .LVU1649
2206:Drivers/STM32G0xx_HAL_Driver/Src/stm32g0xx_hal_tim_ex.c **** 
 5985              		.loc 1 2206 7 view .LVU1650
2206:Drivers/STM32G0xx_HAL_Driver/Src/stm32g0xx_hal_tim_ex.c **** 
 5986              		.loc 1 2206 35 is_stmt 0 view .LVU1651
 5987 00aa 5768     		ldr	r7, [r2, #4]
2206:Drivers/STM32G0xx_HAL_Driver/Src/stm32g0xx_hal_tim_ex.c **** 
 5988              		.loc 1 2206 44 view .LVU1652
 5989 00ac 6146     		mov	r1, ip
 5990              	.LVL466:
2206:Drivers/STM32G0xx_HAL_Driver/Src/stm32g0xx_hal_tim_ex.c **** 
 5991              		.loc 1 2206 44 view .LVU1653
 5992 00ae 8F40     		lsls	r7, r7, r1
 5993 00b0 4146     		mov	r1, r8
 5994 00b2 4F40     		eors	r7, r1
 5995 00b4 3840     		ands	r0, r7
 5996              	.LVL467:
2206:Drivers/STM32G0xx_HAL_Driver/Src/stm32g0xx_hal_tim_ex.c **** 
 5997              		.loc 1 2206 14 view .LVU1654
 5998 00b6 4140     		eors	r1, r0
 5999              	.LVL468:
2209:Drivers/STM32G0xx_HAL_Driver/Src/stm32g0xx_hal_tim_ex.c ****       tmporx |= (sBreakInputConfig->Polarity << bkin_polarity_bitpos) & bkin_polarity_mask;
 6000              		.loc 1 2209 7 is_stmt 1 view .LVU1655
2210:Drivers/STM32G0xx_HAL_Driver/Src/stm32g0xx_hal_tim_ex.c **** 
 6001              		.loc 1 2210 7 view .LVU1656
2210:Drivers/STM32G0xx_HAL_Driver/Src/stm32g0xx_hal_tim_ex.c **** 
 6002              		.loc 1 2210 35 is_stmt 0 view .LVU1657
 6003 00b8 9268     		ldr	r2, [r2, #8]
 6004              	.LVL469:
2210:Drivers/STM32G0xx_HAL_Driver/Src/stm32g0xx_hal_tim_ex.c **** 
 6005              		.loc 1 2210 46 view .LVU1658
 6006 00ba B240     		lsls	r2, r2, r6
 6007 00bc 4A40     		eors	r2, r1
 6008 00be 1440     		ands	r4, r2
 6009              	.LVL470:
2210:Drivers/STM32G0xx_HAL_Driver/Src/stm32g0xx_hal_tim_ex.c **** 
 6010              		.loc 1 2210 14 view .LVU1659
ARM GAS  C:\Users\sante\AppData\Local\Temp\cc9r4gT1.s 			page 184


 6011 00c0 4C40     		eors	r4, r1
 6012              	.LVL471:
2213:Drivers/STM32G0xx_HAL_Driver/Src/stm32g0xx_hal_tim_ex.c ****       break;
 6013              		.loc 1 2213 7 is_stmt 1 view .LVU1660
2213:Drivers/STM32G0xx_HAL_Driver/Src/stm32g0xx_hal_tim_ex.c ****       break;
 6014              		.loc 1 2213 27 is_stmt 0 view .LVU1661
 6015 00c2 6C66     		str	r4, [r5, #100]
2214:Drivers/STM32G0xx_HAL_Driver/Src/stm32g0xx_hal_tim_ex.c ****     }
 6016              		.loc 1 2214 7 is_stmt 1 view .LVU1662
2114:Drivers/STM32G0xx_HAL_Driver/Src/stm32g0xx_hal_tim_ex.c ****   uint32_t tmporx;
 6017              		.loc 1 2114 21 is_stmt 0 view .LVU1663
 6018 00c4 0020     		movs	r0, #0
2214:Drivers/STM32G0xx_HAL_Driver/Src/stm32g0xx_hal_tim_ex.c ****     }
 6019              		.loc 1 2214 7 view .LVU1664
 6020 00c6 E7E7     		b	.L400
 6021              	.LVL472:
 6022              	.L401:
2129:Drivers/STM32G0xx_HAL_Driver/Src/stm32g0xx_hal_tim_ex.c **** 
 6023              		.loc 1 2129 3 discriminator 1 view .LVU1665
 6024 00c8 0220     		movs	r0, #2
 6025 00ca E8E7     		b	.L395
 6026              		.cfi_endproc
 6027              	.LFE524:
 6029              		.section	.text.HAL_TIMEx_RemapConfig,"ax",%progbits
 6030              		.align	1
 6031              		.global	HAL_TIMEx_RemapConfig
 6032              		.syntax unified
 6033              		.code	16
 6034              		.thumb_func
 6036              	HAL_TIMEx_RemapConfig:
 6037              	.LVL473:
 6038              	.LFB525:
2266:Drivers/STM32G0xx_HAL_Driver/Src/stm32g0xx_hal_tim_ex.c ****   /* Check parameters */
 6039              		.loc 1 2266 1 is_stmt 1 view -0
 6040              		.cfi_startproc
 6041              		@ args = 0, pretend = 0, frame = 0
 6042              		@ frame_needed = 0, uses_anonymous_args = 0
2266:Drivers/STM32G0xx_HAL_Driver/Src/stm32g0xx_hal_tim_ex.c ****   /* Check parameters */
 6043              		.loc 1 2266 1 is_stmt 0 view .LVU1667
 6044 0000 30B5     		push	{r4, r5, lr}
 6045              		.cfi_def_cfa_offset 12
 6046              		.cfi_offset 4, -12
 6047              		.cfi_offset 5, -8
 6048              		.cfi_offset 14, -4
 6049 0002 0B00     		movs	r3, r1
2268:Drivers/STM32G0xx_HAL_Driver/Src/stm32g0xx_hal_tim_ex.c ****   assert_param(IS_TIM_REMAP(Remap));
 6050              		.loc 1 2268 3 is_stmt 1 view .LVU1668
2269:Drivers/STM32G0xx_HAL_Driver/Src/stm32g0xx_hal_tim_ex.c **** 
 6051              		.loc 1 2269 3 view .LVU1669
2271:Drivers/STM32G0xx_HAL_Driver/Src/stm32g0xx_hal_tim_ex.c **** 
 6052              		.loc 1 2271 3 view .LVU1670
2271:Drivers/STM32G0xx_HAL_Driver/Src/stm32g0xx_hal_tim_ex.c **** 
 6053              		.loc 1 2271 3 view .LVU1671
 6054 0004 3C22     		movs	r2, #60
 6055 0006 825C     		ldrb	r2, [r0, r2]
 6056 0008 012A     		cmp	r2, #1
 6057 000a 0CD0     		beq	.L408
ARM GAS  C:\Users\sante\AppData\Local\Temp\cc9r4gT1.s 			page 185


2271:Drivers/STM32G0xx_HAL_Driver/Src/stm32g0xx_hal_tim_ex.c **** 
 6058              		.loc 1 2271 3 discriminator 2 view .LVU1672
 6059 000c 3C22     		movs	r2, #60
 6060 000e 0121     		movs	r1, #1
 6061              	.LVL474:
2271:Drivers/STM32G0xx_HAL_Driver/Src/stm32g0xx_hal_tim_ex.c **** 
 6062              		.loc 1 2271 3 is_stmt 0 discriminator 2 view .LVU1673
 6063 0010 8154     		strb	r1, [r0, r2]
2271:Drivers/STM32G0xx_HAL_Driver/Src/stm32g0xx_hal_tim_ex.c **** 
 6064              		.loc 1 2271 3 is_stmt 1 view .LVU1674
2273:Drivers/STM32G0xx_HAL_Driver/Src/stm32g0xx_hal_tim_ex.c **** 
 6065              		.loc 1 2273 3 view .LVU1675
 6066 0012 0468     		ldr	r4, [r0]
 6067 0014 216E     		ldr	r1, [r4, #96]
 6068 0016 054D     		ldr	r5, .L409
 6069 0018 2940     		ands	r1, r5
 6070 001a 1943     		orrs	r1, r3
 6071 001c 2166     		str	r1, [r4, #96]
2275:Drivers/STM32G0xx_HAL_Driver/Src/stm32g0xx_hal_tim_ex.c **** 
 6072              		.loc 1 2275 3 view .LVU1676
2275:Drivers/STM32G0xx_HAL_Driver/Src/stm32g0xx_hal_tim_ex.c **** 
 6073              		.loc 1 2275 3 view .LVU1677
 6074 001e 0023     		movs	r3, #0
 6075              	.LVL475:
2275:Drivers/STM32G0xx_HAL_Driver/Src/stm32g0xx_hal_tim_ex.c **** 
 6076              		.loc 1 2275 3 is_stmt 0 view .LVU1678
 6077 0020 8354     		strb	r3, [r0, r2]
2275:Drivers/STM32G0xx_HAL_Driver/Src/stm32g0xx_hal_tim_ex.c **** 
 6078              		.loc 1 2275 3 is_stmt 1 view .LVU1679
2277:Drivers/STM32G0xx_HAL_Driver/Src/stm32g0xx_hal_tim_ex.c **** }
 6079              		.loc 1 2277 3 view .LVU1680
2277:Drivers/STM32G0xx_HAL_Driver/Src/stm32g0xx_hal_tim_ex.c **** }
 6080              		.loc 1 2277 10 is_stmt 0 view .LVU1681
 6081 0022 0020     		movs	r0, #0
 6082              	.LVL476:
 6083              	.L407:
2278:Drivers/STM32G0xx_HAL_Driver/Src/stm32g0xx_hal_tim_ex.c **** 
 6084              		.loc 1 2278 1 view .LVU1682
 6085              		@ sp needed
 6086 0024 30BD     		pop	{r4, r5, pc}
 6087              	.LVL477:
 6088              	.L408:
2271:Drivers/STM32G0xx_HAL_Driver/Src/stm32g0xx_hal_tim_ex.c **** 
 6089              		.loc 1 2271 3 discriminator 1 view .LVU1683
 6090 0026 0220     		movs	r0, #2
 6091              	.LVL478:
2271:Drivers/STM32G0xx_HAL_Driver/Src/stm32g0xx_hal_tim_ex.c **** 
 6092              		.loc 1 2271 3 discriminator 1 view .LVU1684
 6093 0028 FCE7     		b	.L407
 6094              	.L410:
 6095 002a C046     		.align	2
 6096              	.L409:
 6097 002c FF3FFCFF 		.word	-245761
 6098              		.cfi_endproc
 6099              	.LFE525:
 6101              		.section	.text.HAL_TIMEx_TISelection,"ax",%progbits
 6102              		.align	1
ARM GAS  C:\Users\sante\AppData\Local\Temp\cc9r4gT1.s 			page 186


 6103              		.global	HAL_TIMEx_TISelection
 6104              		.syntax unified
 6105              		.code	16
 6106              		.thumb_func
 6108              	HAL_TIMEx_TISelection:
 6109              	.LVL479:
 6110              	.LFB526:
2357:Drivers/STM32G0xx_HAL_Driver/Src/stm32g0xx_hal_tim_ex.c ****   HAL_StatusTypeDef status = HAL_OK;
 6111              		.loc 1 2357 1 is_stmt 1 view -0
 6112              		.cfi_startproc
 6113              		@ args = 0, pretend = 0, frame = 0
 6114              		@ frame_needed = 0, uses_anonymous_args = 0
2357:Drivers/STM32G0xx_HAL_Driver/Src/stm32g0xx_hal_tim_ex.c ****   HAL_StatusTypeDef status = HAL_OK;
 6115              		.loc 1 2357 1 is_stmt 0 view .LVU1686
 6116 0000 10B5     		push	{r4, lr}
 6117              		.cfi_def_cfa_offset 8
 6118              		.cfi_offset 4, -8
 6119              		.cfi_offset 14, -4
 6120 0002 0300     		movs	r3, r0
2358:Drivers/STM32G0xx_HAL_Driver/Src/stm32g0xx_hal_tim_ex.c **** 
 6121              		.loc 1 2358 3 is_stmt 1 view .LVU1687
 6122              	.LVL480:
2361:Drivers/STM32G0xx_HAL_Driver/Src/stm32g0xx_hal_tim_ex.c ****   assert_param(IS_TIM_TISEL(TISelection));
 6123              		.loc 1 2361 3 view .LVU1688
2362:Drivers/STM32G0xx_HAL_Driver/Src/stm32g0xx_hal_tim_ex.c **** 
 6124              		.loc 1 2362 3 view .LVU1689
2364:Drivers/STM32G0xx_HAL_Driver/Src/stm32g0xx_hal_tim_ex.c **** 
 6125              		.loc 1 2364 3 view .LVU1690
2364:Drivers/STM32G0xx_HAL_Driver/Src/stm32g0xx_hal_tim_ex.c **** 
 6126              		.loc 1 2364 3 view .LVU1691
 6127 0004 3C20     		movs	r0, #60
 6128              	.LVL481:
2364:Drivers/STM32G0xx_HAL_Driver/Src/stm32g0xx_hal_tim_ex.c **** 
 6129              		.loc 1 2364 3 is_stmt 0 view .LVU1692
 6130 0006 185C     		ldrb	r0, [r3, r0]
 6131 0008 0128     		cmp	r0, #1
 6132 000a 25D0     		beq	.L416
2364:Drivers/STM32G0xx_HAL_Driver/Src/stm32g0xx_hal_tim_ex.c **** 
 6133              		.loc 1 2364 3 is_stmt 1 discriminator 2 view .LVU1693
 6134 000c 3C20     		movs	r0, #60
 6135 000e 0124     		movs	r4, #1
 6136 0010 1C54     		strb	r4, [r3, r0]
2364:Drivers/STM32G0xx_HAL_Driver/Src/stm32g0xx_hal_tim_ex.c **** 
 6137              		.loc 1 2364 3 view .LVU1694
2366:Drivers/STM32G0xx_HAL_Driver/Src/stm32g0xx_hal_tim_ex.c ****   {
 6138              		.loc 1 2366 3 view .LVU1695
 6139 0012 042A     		cmp	r2, #4
 6140 0014 0ED0     		beq	.L413
 6141 0016 082A     		cmp	r2, #8
 6142 0018 14D0     		beq	.L414
 6143 001a 002A     		cmp	r2, #0
 6144 001c 1AD1     		bne	.L417
2369:Drivers/STM32G0xx_HAL_Driver/Src/stm32g0xx_hal_tim_ex.c ****       break;
 6145              		.loc 1 2369 7 view .LVU1696
 6146 001e 1868     		ldr	r0, [r3]
 6147 0020 826E     		ldr	r2, [r0, #104]
 6148              	.LVL482:
ARM GAS  C:\Users\sante\AppData\Local\Temp\cc9r4gT1.s 			page 187


2369:Drivers/STM32G0xx_HAL_Driver/Src/stm32g0xx_hal_tim_ex.c ****       break;
 6149              		.loc 1 2369 7 is_stmt 0 view .LVU1697
 6150 0022 0E34     		adds	r4, r4, #14
 6151 0024 A243     		bics	r2, r4
 6152 0026 0A43     		orrs	r2, r1
 6153 0028 8266     		str	r2, [r0, #104]
2370:Drivers/STM32G0xx_HAL_Driver/Src/stm32g0xx_hal_tim_ex.c ****     case TIM_CHANNEL_2:
 6154              		.loc 1 2370 7 is_stmt 1 view .LVU1698
2358:Drivers/STM32G0xx_HAL_Driver/Src/stm32g0xx_hal_tim_ex.c **** 
 6155              		.loc 1 2358 21 is_stmt 0 view .LVU1699
 6156 002a 0020     		movs	r0, #0
 6157              	.L415:
 6158              	.LVL483:
2382:Drivers/STM32G0xx_HAL_Driver/Src/stm32g0xx_hal_tim_ex.c **** 
 6159              		.loc 1 2382 3 is_stmt 1 view .LVU1700
2382:Drivers/STM32G0xx_HAL_Driver/Src/stm32g0xx_hal_tim_ex.c **** 
 6160              		.loc 1 2382 3 view .LVU1701
 6161 002c 3C22     		movs	r2, #60
 6162 002e 0021     		movs	r1, #0
 6163              	.LVL484:
2382:Drivers/STM32G0xx_HAL_Driver/Src/stm32g0xx_hal_tim_ex.c **** 
 6164              		.loc 1 2382 3 is_stmt 0 view .LVU1702
 6165 0030 9954     		strb	r1, [r3, r2]
2382:Drivers/STM32G0xx_HAL_Driver/Src/stm32g0xx_hal_tim_ex.c **** 
 6166              		.loc 1 2382 3 is_stmt 1 view .LVU1703
2384:Drivers/STM32G0xx_HAL_Driver/Src/stm32g0xx_hal_tim_ex.c **** }
 6167              		.loc 1 2384 3 view .LVU1704
 6168              	.LVL485:
 6169              	.L412:
2385:Drivers/STM32G0xx_HAL_Driver/Src/stm32g0xx_hal_tim_ex.c **** 
 6170              		.loc 1 2385 1 is_stmt 0 view .LVU1705
 6171              		@ sp needed
 6172 0032 10BD     		pop	{r4, pc}
 6173              	.LVL486:
 6174              	.L413:
2372:Drivers/STM32G0xx_HAL_Driver/Src/stm32g0xx_hal_tim_ex.c ****       break;
 6175              		.loc 1 2372 7 is_stmt 1 view .LVU1706
 6176 0034 1868     		ldr	r0, [r3]
 6177 0036 826E     		ldr	r2, [r0, #104]
 6178              	.LVL487:
2372:Drivers/STM32G0xx_HAL_Driver/Src/stm32g0xx_hal_tim_ex.c ****       break;
 6179              		.loc 1 2372 7 is_stmt 0 view .LVU1707
 6180 0038 084C     		ldr	r4, .L418
 6181 003a 2240     		ands	r2, r4
 6182 003c 0A43     		orrs	r2, r1
 6183 003e 8266     		str	r2, [r0, #104]
2373:Drivers/STM32G0xx_HAL_Driver/Src/stm32g0xx_hal_tim_ex.c ****     case TIM_CHANNEL_3:
 6184              		.loc 1 2373 7 is_stmt 1 view .LVU1708
2358:Drivers/STM32G0xx_HAL_Driver/Src/stm32g0xx_hal_tim_ex.c **** 
 6185              		.loc 1 2358 21 is_stmt 0 view .LVU1709
 6186 0040 0020     		movs	r0, #0
2373:Drivers/STM32G0xx_HAL_Driver/Src/stm32g0xx_hal_tim_ex.c ****     case TIM_CHANNEL_3:
 6187              		.loc 1 2373 7 view .LVU1710
 6188 0042 F3E7     		b	.L415
 6189              	.LVL488:
 6190              	.L414:
2375:Drivers/STM32G0xx_HAL_Driver/Src/stm32g0xx_hal_tim_ex.c ****       break;
ARM GAS  C:\Users\sante\AppData\Local\Temp\cc9r4gT1.s 			page 188


 6191              		.loc 1 2375 7 is_stmt 1 view .LVU1711
 6192 0044 1868     		ldr	r0, [r3]
 6193 0046 826E     		ldr	r2, [r0, #104]
 6194              	.LVL489:
2375:Drivers/STM32G0xx_HAL_Driver/Src/stm32g0xx_hal_tim_ex.c ****       break;
 6195              		.loc 1 2375 7 is_stmt 0 view .LVU1712
 6196 0048 054C     		ldr	r4, .L418+4
 6197 004a 2240     		ands	r2, r4
 6198 004c 0A43     		orrs	r2, r1
 6199 004e 8266     		str	r2, [r0, #104]
2376:Drivers/STM32G0xx_HAL_Driver/Src/stm32g0xx_hal_tim_ex.c ****     default:
 6200              		.loc 1 2376 7 is_stmt 1 view .LVU1713
2358:Drivers/STM32G0xx_HAL_Driver/Src/stm32g0xx_hal_tim_ex.c **** 
 6201              		.loc 1 2358 21 is_stmt 0 view .LVU1714
 6202 0050 0020     		movs	r0, #0
2376:Drivers/STM32G0xx_HAL_Driver/Src/stm32g0xx_hal_tim_ex.c ****     default:
 6203              		.loc 1 2376 7 view .LVU1715
 6204 0052 EBE7     		b	.L415
 6205              	.LVL490:
 6206              	.L417:
2366:Drivers/STM32G0xx_HAL_Driver/Src/stm32g0xx_hal_tim_ex.c ****   {
 6207              		.loc 1 2366 3 view .LVU1716
 6208 0054 0120     		movs	r0, #1
 6209 0056 E9E7     		b	.L415
 6210              	.L416:
2364:Drivers/STM32G0xx_HAL_Driver/Src/stm32g0xx_hal_tim_ex.c **** 
 6211              		.loc 1 2364 3 discriminator 1 view .LVU1717
 6212 0058 0220     		movs	r0, #2
 6213 005a EAE7     		b	.L412
 6214              	.L419:
 6215              		.align	2
 6216              	.L418:
 6217 005c FFF0FFFF 		.word	-3841
 6218 0060 FFFFF0FF 		.word	-983041
 6219              		.cfi_endproc
 6220              	.LFE526:
 6222              		.section	.text.HAL_TIMEx_GroupChannel5,"ax",%progbits
 6223              		.align	1
 6224              		.global	HAL_TIMEx_GroupChannel5
 6225              		.syntax unified
 6226              		.code	16
 6227              		.thumb_func
 6229              	HAL_TIMEx_GroupChannel5:
 6230              	.LVL491:
 6231              	.LFB527:
2399:Drivers/STM32G0xx_HAL_Driver/Src/stm32g0xx_hal_tim_ex.c ****   /* Check parameters */
 6232              		.loc 1 2399 1 is_stmt 1 view -0
 6233              		.cfi_startproc
 6234              		@ args = 0, pretend = 0, frame = 0
 6235              		@ frame_needed = 0, uses_anonymous_args = 0
2399:Drivers/STM32G0xx_HAL_Driver/Src/stm32g0xx_hal_tim_ex.c ****   /* Check parameters */
 6236              		.loc 1 2399 1 is_stmt 0 view .LVU1719
 6237 0000 F0B5     		push	{r4, r5, r6, r7, lr}
 6238              		.cfi_def_cfa_offset 20
 6239              		.cfi_offset 4, -20
 6240              		.cfi_offset 5, -16
 6241              		.cfi_offset 6, -12
ARM GAS  C:\Users\sante\AppData\Local\Temp\cc9r4gT1.s 			page 189


 6242              		.cfi_offset 7, -8
 6243              		.cfi_offset 14, -4
 6244 0002 0F00     		movs	r7, r1
2401:Drivers/STM32G0xx_HAL_Driver/Src/stm32g0xx_hal_tim_ex.c ****   assert_param(IS_TIM_GROUPCH5(Channels));
 6245              		.loc 1 2401 3 is_stmt 1 view .LVU1720
2402:Drivers/STM32G0xx_HAL_Driver/Src/stm32g0xx_hal_tim_ex.c **** 
 6246              		.loc 1 2402 3 view .LVU1721
2405:Drivers/STM32G0xx_HAL_Driver/Src/stm32g0xx_hal_tim_ex.c **** 
 6247              		.loc 1 2405 3 view .LVU1722
2405:Drivers/STM32G0xx_HAL_Driver/Src/stm32g0xx_hal_tim_ex.c **** 
 6248              		.loc 1 2405 3 view .LVU1723
 6249 0004 3C23     		movs	r3, #60
 6250 0006 C35C     		ldrb	r3, [r0, r3]
 6251 0008 012B     		cmp	r3, #1
 6252 000a 13D0     		beq	.L422
2405:Drivers/STM32G0xx_HAL_Driver/Src/stm32g0xx_hal_tim_ex.c **** 
 6253              		.loc 1 2405 3 discriminator 2 view .LVU1724
 6254 000c 3C22     		movs	r2, #60
 6255 000e 0125     		movs	r5, #1
 6256 0010 8554     		strb	r5, [r0, r2]
2405:Drivers/STM32G0xx_HAL_Driver/Src/stm32g0xx_hal_tim_ex.c **** 
 6257              		.loc 1 2405 3 view .LVU1725
2407:Drivers/STM32G0xx_HAL_Driver/Src/stm32g0xx_hal_tim_ex.c **** 
 6258              		.loc 1 2407 3 view .LVU1726
2407:Drivers/STM32G0xx_HAL_Driver/Src/stm32g0xx_hal_tim_ex.c **** 
 6259              		.loc 1 2407 15 is_stmt 0 view .LVU1727
 6260 0012 3D24     		movs	r4, #61
 6261 0014 0223     		movs	r3, #2
 6262 0016 0355     		strb	r3, [r0, r4]
2410:Drivers/STM32G0xx_HAL_Driver/Src/stm32g0xx_hal_tim_ex.c **** 
 6263              		.loc 1 2410 3 is_stmt 1 view .LVU1728
2410:Drivers/STM32G0xx_HAL_Driver/Src/stm32g0xx_hal_tim_ex.c **** 
 6264              		.loc 1 2410 7 is_stmt 0 view .LVU1729
 6265 0018 0668     		ldr	r6, [r0]
2410:Drivers/STM32G0xx_HAL_Driver/Src/stm32g0xx_hal_tim_ex.c **** 
 6266              		.loc 1 2410 17 view .LVU1730
 6267 001a B36D     		ldr	r3, [r6, #88]
2410:Drivers/STM32G0xx_HAL_Driver/Src/stm32g0xx_hal_tim_ex.c **** 
 6268              		.loc 1 2410 24 view .LVU1731
 6269 001c DB00     		lsls	r3, r3, #3
 6270 001e DB08     		lsrs	r3, r3, #3
 6271 0020 B365     		str	r3, [r6, #88]
2413:Drivers/STM32G0xx_HAL_Driver/Src/stm32g0xx_hal_tim_ex.c **** 
 6272              		.loc 1 2413 3 is_stmt 1 view .LVU1732
2413:Drivers/STM32G0xx_HAL_Driver/Src/stm32g0xx_hal_tim_ex.c **** 
 6273              		.loc 1 2413 7 is_stmt 0 view .LVU1733
 6274 0022 0368     		ldr	r3, [r0]
2413:Drivers/STM32G0xx_HAL_Driver/Src/stm32g0xx_hal_tim_ex.c **** 
 6275              		.loc 1 2413 17 view .LVU1734
 6276 0024 996D     		ldr	r1, [r3, #88]
 6277              	.LVL492:
2413:Drivers/STM32G0xx_HAL_Driver/Src/stm32g0xx_hal_tim_ex.c **** 
 6278              		.loc 1 2413 24 view .LVU1735
 6279 0026 3943     		orrs	r1, r7
 6280 0028 9965     		str	r1, [r3, #88]
2416:Drivers/STM32G0xx_HAL_Driver/Src/stm32g0xx_hal_tim_ex.c **** 
 6281              		.loc 1 2416 3 is_stmt 1 view .LVU1736
ARM GAS  C:\Users\sante\AppData\Local\Temp\cc9r4gT1.s 			page 190


2416:Drivers/STM32G0xx_HAL_Driver/Src/stm32g0xx_hal_tim_ex.c **** 
 6282              		.loc 1 2416 15 is_stmt 0 view .LVU1737
 6283 002a 0555     		strb	r5, [r0, r4]
2418:Drivers/STM32G0xx_HAL_Driver/Src/stm32g0xx_hal_tim_ex.c **** 
 6284              		.loc 1 2418 3 is_stmt 1 view .LVU1738
2418:Drivers/STM32G0xx_HAL_Driver/Src/stm32g0xx_hal_tim_ex.c **** 
 6285              		.loc 1 2418 3 view .LVU1739
 6286 002c 0023     		movs	r3, #0
 6287 002e 8354     		strb	r3, [r0, r2]
2418:Drivers/STM32G0xx_HAL_Driver/Src/stm32g0xx_hal_tim_ex.c **** 
 6288              		.loc 1 2418 3 view .LVU1740
2420:Drivers/STM32G0xx_HAL_Driver/Src/stm32g0xx_hal_tim_ex.c **** }
 6289              		.loc 1 2420 3 view .LVU1741
2420:Drivers/STM32G0xx_HAL_Driver/Src/stm32g0xx_hal_tim_ex.c **** }
 6290              		.loc 1 2420 10 is_stmt 0 view .LVU1742
 6291 0030 0020     		movs	r0, #0
 6292              	.LVL493:
 6293              	.L421:
2421:Drivers/STM32G0xx_HAL_Driver/Src/stm32g0xx_hal_tim_ex.c **** 
 6294              		.loc 1 2421 1 view .LVU1743
 6295              		@ sp needed
 6296              	.LVL494:
2421:Drivers/STM32G0xx_HAL_Driver/Src/stm32g0xx_hal_tim_ex.c **** 
 6297              		.loc 1 2421 1 view .LVU1744
 6298 0032 F0BD     		pop	{r4, r5, r6, r7, pc}
 6299              	.LVL495:
 6300              	.L422:
2405:Drivers/STM32G0xx_HAL_Driver/Src/stm32g0xx_hal_tim_ex.c **** 
 6301              		.loc 1 2405 3 discriminator 1 view .LVU1745
 6302 0034 0220     		movs	r0, #2
 6303              	.LVL496:
2405:Drivers/STM32G0xx_HAL_Driver/Src/stm32g0xx_hal_tim_ex.c **** 
 6304              		.loc 1 2405 3 discriminator 1 view .LVU1746
 6305 0036 FCE7     		b	.L421
 6306              		.cfi_endproc
 6307              	.LFE527:
 6309              		.section	.text.HAL_TIMEx_DisarmBreakInput,"ax",%progbits
 6310              		.align	1
 6311              		.global	HAL_TIMEx_DisarmBreakInput
 6312              		.syntax unified
 6313              		.code	16
 6314              		.thumb_func
 6316              	HAL_TIMEx_DisarmBreakInput:
 6317              	.LVL497:
 6318              	.LFB528:
2437:Drivers/STM32G0xx_HAL_Driver/Src/stm32g0xx_hal_tim_ex.c ****   HAL_StatusTypeDef status = HAL_OK;
 6319              		.loc 1 2437 1 is_stmt 1 view -0
 6320              		.cfi_startproc
 6321              		@ args = 0, pretend = 0, frame = 0
 6322              		@ frame_needed = 0, uses_anonymous_args = 0
 6323              		@ link register save eliminated.
2438:Drivers/STM32G0xx_HAL_Driver/Src/stm32g0xx_hal_tim_ex.c ****   uint32_t tmpbdtr;
 6324              		.loc 1 2438 3 view .LVU1748
2439:Drivers/STM32G0xx_HAL_Driver/Src/stm32g0xx_hal_tim_ex.c **** 
 6325              		.loc 1 2439 3 view .LVU1749
2442:Drivers/STM32G0xx_HAL_Driver/Src/stm32g0xx_hal_tim_ex.c ****   assert_param(IS_TIM_BREAKINPUT(BreakInput));
 6326              		.loc 1 2442 3 view .LVU1750
ARM GAS  C:\Users\sante\AppData\Local\Temp\cc9r4gT1.s 			page 191


2443:Drivers/STM32G0xx_HAL_Driver/Src/stm32g0xx_hal_tim_ex.c **** 
 6327              		.loc 1 2443 3 view .LVU1751
2445:Drivers/STM32G0xx_HAL_Driver/Src/stm32g0xx_hal_tim_ex.c ****   {
 6328              		.loc 1 2445 3 view .LVU1752
 6329 0000 0129     		cmp	r1, #1
 6330 0002 03D0     		beq	.L424
 6331 0004 0229     		cmp	r1, #2
 6332 0006 12D0     		beq	.L425
 6333 0008 0120     		movs	r0, #1
 6334              	.LVL498:
 6335              	.L426:
2476:Drivers/STM32G0xx_HAL_Driver/Src/stm32g0xx_hal_tim_ex.c **** }
 6336              		.loc 1 2476 3 view .LVU1753
2477:Drivers/STM32G0xx_HAL_Driver/Src/stm32g0xx_hal_tim_ex.c **** 
 6337              		.loc 1 2477 1 is_stmt 0 view .LVU1754
 6338              		@ sp needed
 6339 000a 7047     		bx	lr
 6340              	.LVL499:
 6341              	.L424:
2450:Drivers/STM32G0xx_HAL_Driver/Src/stm32g0xx_hal_tim_ex.c ****       if ((READ_BIT(tmpbdtr, TIM_BDTR_BKBID) == TIM_BDTR_BKBID) &&
 6342              		.loc 1 2450 7 is_stmt 1 view .LVU1755
2450:Drivers/STM32G0xx_HAL_Driver/Src/stm32g0xx_hal_tim_ex.c ****       if ((READ_BIT(tmpbdtr, TIM_BDTR_BKBID) == TIM_BDTR_BKBID) &&
 6343              		.loc 1 2450 17 is_stmt 0 view .LVU1756
 6344 000c 0268     		ldr	r2, [r0]
2450:Drivers/STM32G0xx_HAL_Driver/Src/stm32g0xx_hal_tim_ex.c ****       if ((READ_BIT(tmpbdtr, TIM_BDTR_BKBID) == TIM_BDTR_BKBID) &&
 6345              		.loc 1 2450 15 view .LVU1757
 6346 000e 536C     		ldr	r3, [r2, #68]
 6347              	.LVL500:
2451:Drivers/STM32G0xx_HAL_Driver/Src/stm32g0xx_hal_tim_ex.c ****           (READ_BIT(tmpbdtr, TIM_BDTR_MOE) == 0U))
 6348              		.loc 1 2451 7 is_stmt 1 view .LVU1758
2451:Drivers/STM32G0xx_HAL_Driver/Src/stm32g0xx_hal_tim_ex.c ****           (READ_BIT(tmpbdtr, TIM_BDTR_MOE) == 0U))
 6349              		.loc 1 2451 65 is_stmt 0 view .LVU1759
 6350 0010 0F49     		ldr	r1, .L431
 6351              	.LVL501:
2451:Drivers/STM32G0xx_HAL_Driver/Src/stm32g0xx_hal_tim_ex.c ****           (READ_BIT(tmpbdtr, TIM_BDTR_MOE) == 0U))
 6352              		.loc 1 2451 65 view .LVU1760
 6353 0012 0B40     		ands	r3, r1
 6354              	.LVL502:
2451:Drivers/STM32G0xx_HAL_Driver/Src/stm32g0xx_hal_tim_ex.c ****           (READ_BIT(tmpbdtr, TIM_BDTR_MOE) == 0U))
 6355              		.loc 1 2451 10 view .LVU1761
 6356 0014 8021     		movs	r1, #128
 6357 0016 4905     		lsls	r1, r1, #21
 6358 0018 8B42     		cmp	r3, r1
 6359 001a 01D0     		beq	.L429
2438:Drivers/STM32G0xx_HAL_Driver/Src/stm32g0xx_hal_tim_ex.c ****   uint32_t tmpbdtr;
 6360              		.loc 1 2438 21 view .LVU1762
 6361 001c 0020     		movs	r0, #0
 6362              	.LVL503:
2438:Drivers/STM32G0xx_HAL_Driver/Src/stm32g0xx_hal_tim_ex.c ****   uint32_t tmpbdtr;
 6363              		.loc 1 2438 21 view .LVU1763
 6364 001e F4E7     		b	.L426
 6365              	.LVL504:
 6366              	.L429:
2455:Drivers/STM32G0xx_HAL_Driver/Src/stm32g0xx_hal_tim_ex.c ****       }
 6367              		.loc 1 2455 9 is_stmt 1 view .LVU1764
 6368 0020 516C     		ldr	r1, [r2, #68]
 6369 0022 8023     		movs	r3, #128
ARM GAS  C:\Users\sante\AppData\Local\Temp\cc9r4gT1.s 			page 192


 6370 0024 DB04     		lsls	r3, r3, #19
 6371 0026 0B43     		orrs	r3, r1
 6372 0028 5364     		str	r3, [r2, #68]
2438:Drivers/STM32G0xx_HAL_Driver/Src/stm32g0xx_hal_tim_ex.c ****   uint32_t tmpbdtr;
 6373              		.loc 1 2438 21 is_stmt 0 view .LVU1765
 6374 002a 0020     		movs	r0, #0
 6375              	.LVL505:
2438:Drivers/STM32G0xx_HAL_Driver/Src/stm32g0xx_hal_tim_ex.c ****   uint32_t tmpbdtr;
 6376              		.loc 1 2438 21 view .LVU1766
 6377 002c EDE7     		b	.L426
 6378              	.LVL506:
 6379              	.L425:
2462:Drivers/STM32G0xx_HAL_Driver/Src/stm32g0xx_hal_tim_ex.c ****       if ((READ_BIT(tmpbdtr, TIM_BDTR_BK2BID) == TIM_BDTR_BK2BID) &&
 6380              		.loc 1 2462 7 is_stmt 1 view .LVU1767
2462:Drivers/STM32G0xx_HAL_Driver/Src/stm32g0xx_hal_tim_ex.c ****       if ((READ_BIT(tmpbdtr, TIM_BDTR_BK2BID) == TIM_BDTR_BK2BID) &&
 6381              		.loc 1 2462 17 is_stmt 0 view .LVU1768
 6382 002e 0268     		ldr	r2, [r0]
2462:Drivers/STM32G0xx_HAL_Driver/Src/stm32g0xx_hal_tim_ex.c ****       if ((READ_BIT(tmpbdtr, TIM_BDTR_BK2BID) == TIM_BDTR_BK2BID) &&
 6383              		.loc 1 2462 15 view .LVU1769
 6384 0030 536C     		ldr	r3, [r2, #68]
 6385              	.LVL507:
2463:Drivers/STM32G0xx_HAL_Driver/Src/stm32g0xx_hal_tim_ex.c ****           (READ_BIT(tmpbdtr, TIM_BDTR_MOE) == 0U))
 6386              		.loc 1 2463 7 is_stmt 1 view .LVU1770
2463:Drivers/STM32G0xx_HAL_Driver/Src/stm32g0xx_hal_tim_ex.c ****           (READ_BIT(tmpbdtr, TIM_BDTR_MOE) == 0U))
 6387              		.loc 1 2463 67 is_stmt 0 view .LVU1771
 6388 0032 0849     		ldr	r1, .L431+4
 6389              	.LVL508:
2463:Drivers/STM32G0xx_HAL_Driver/Src/stm32g0xx_hal_tim_ex.c ****           (READ_BIT(tmpbdtr, TIM_BDTR_MOE) == 0U))
 6390              		.loc 1 2463 67 view .LVU1772
 6391 0034 0B40     		ands	r3, r1
 6392              	.LVL509:
2463:Drivers/STM32G0xx_HAL_Driver/Src/stm32g0xx_hal_tim_ex.c ****           (READ_BIT(tmpbdtr, TIM_BDTR_MOE) == 0U))
 6393              		.loc 1 2463 10 view .LVU1773
 6394 0036 8021     		movs	r1, #128
 6395 0038 8905     		lsls	r1, r1, #22
 6396 003a 8B42     		cmp	r3, r1
 6397 003c 01D0     		beq	.L430
2438:Drivers/STM32G0xx_HAL_Driver/Src/stm32g0xx_hal_tim_ex.c ****   uint32_t tmpbdtr;
 6398              		.loc 1 2438 21 view .LVU1774
 6399 003e 0020     		movs	r0, #0
 6400              	.LVL510:
2438:Drivers/STM32G0xx_HAL_Driver/Src/stm32g0xx_hal_tim_ex.c ****   uint32_t tmpbdtr;
 6401              		.loc 1 2438 21 view .LVU1775
 6402 0040 E3E7     		b	.L426
 6403              	.LVL511:
 6404              	.L430:
2467:Drivers/STM32G0xx_HAL_Driver/Src/stm32g0xx_hal_tim_ex.c ****       }
 6405              		.loc 1 2467 9 is_stmt 1 view .LVU1776
 6406 0042 516C     		ldr	r1, [r2, #68]
 6407 0044 8023     		movs	r3, #128
 6408 0046 1B05     		lsls	r3, r3, #20
 6409 0048 0B43     		orrs	r3, r1
 6410 004a 5364     		str	r3, [r2, #68]
2438:Drivers/STM32G0xx_HAL_Driver/Src/stm32g0xx_hal_tim_ex.c ****   uint32_t tmpbdtr;
 6411              		.loc 1 2438 21 is_stmt 0 view .LVU1777
 6412 004c 0020     		movs	r0, #0
 6413              	.LVL512:
ARM GAS  C:\Users\sante\AppData\Local\Temp\cc9r4gT1.s 			page 193


2438:Drivers/STM32G0xx_HAL_Driver/Src/stm32g0xx_hal_tim_ex.c ****   uint32_t tmpbdtr;
 6414              		.loc 1 2438 21 view .LVU1778
 6415 004e DCE7     		b	.L426
 6416              	.L432:
 6417              		.align	2
 6418              	.L431:
 6419 0050 00800010 		.word	268468224
 6420 0054 00800020 		.word	536903680
 6421              		.cfi_endproc
 6422              	.LFE528:
 6424              		.section	.text.HAL_TIMEx_ReArmBreakInput,"ax",%progbits
 6425              		.align	1
 6426              		.global	HAL_TIMEx_ReArmBreakInput
 6427              		.syntax unified
 6428              		.code	16
 6429              		.thumb_func
 6431              	HAL_TIMEx_ReArmBreakInput:
 6432              	.LVL513:
 6433              	.LFB529:
2491:Drivers/STM32G0xx_HAL_Driver/Src/stm32g0xx_hal_tim_ex.c ****   HAL_StatusTypeDef status = HAL_OK;
 6434              		.loc 1 2491 1 is_stmt 1 view -0
 6435              		.cfi_startproc
 6436              		@ args = 0, pretend = 0, frame = 0
 6437              		@ frame_needed = 0, uses_anonymous_args = 0
2491:Drivers/STM32G0xx_HAL_Driver/Src/stm32g0xx_hal_tim_ex.c ****   HAL_StatusTypeDef status = HAL_OK;
 6438              		.loc 1 2491 1 is_stmt 0 view .LVU1780
 6439 0000 70B5     		push	{r4, r5, r6, lr}
 6440              		.cfi_def_cfa_offset 16
 6441              		.cfi_offset 4, -16
 6442              		.cfi_offset 5, -12
 6443              		.cfi_offset 6, -8
 6444              		.cfi_offset 14, -4
 6445 0002 0400     		movs	r4, r0
2492:Drivers/STM32G0xx_HAL_Driver/Src/stm32g0xx_hal_tim_ex.c ****   uint32_t tickstart;
 6446              		.loc 1 2492 3 is_stmt 1 view .LVU1781
 6447              	.LVL514:
2493:Drivers/STM32G0xx_HAL_Driver/Src/stm32g0xx_hal_tim_ex.c **** 
 6448              		.loc 1 2493 3 view .LVU1782
2496:Drivers/STM32G0xx_HAL_Driver/Src/stm32g0xx_hal_tim_ex.c ****   assert_param(IS_TIM_BREAKINPUT(BreakInput));
 6449              		.loc 1 2496 3 view .LVU1783
2497:Drivers/STM32G0xx_HAL_Driver/Src/stm32g0xx_hal_tim_ex.c **** 
 6450              		.loc 1 2497 3 view .LVU1784
2499:Drivers/STM32G0xx_HAL_Driver/Src/stm32g0xx_hal_tim_ex.c ****   {
 6451              		.loc 1 2499 3 view .LVU1785
 6452 0004 0129     		cmp	r1, #1
 6453 0006 03D0     		beq	.L434
 6454 0008 0229     		cmp	r1, #2
 6455 000a 1BD0     		beq	.L435
 6456 000c 0120     		movs	r0, #1
 6457              	.LVL515:
 6458              	.L436:
2552:Drivers/STM32G0xx_HAL_Driver/Src/stm32g0xx_hal_tim_ex.c **** 
 6459              		.loc 1 2552 1 is_stmt 0 view .LVU1786
 6460              		@ sp needed
 6461              	.LVL516:
2552:Drivers/STM32G0xx_HAL_Driver/Src/stm32g0xx_hal_tim_ex.c **** 
 6462              		.loc 1 2552 1 view .LVU1787
ARM GAS  C:\Users\sante\AppData\Local\Temp\cc9r4gT1.s 			page 194


 6463 000e 70BD     		pop	{r4, r5, r6, pc}
 6464              	.LVL517:
 6465              	.L434:
2504:Drivers/STM32G0xx_HAL_Driver/Src/stm32g0xx_hal_tim_ex.c ****       {
 6466              		.loc 1 2504 7 is_stmt 1 view .LVU1788
2504:Drivers/STM32G0xx_HAL_Driver/Src/stm32g0xx_hal_tim_ex.c ****       {
 6467              		.loc 1 2504 11 is_stmt 0 view .LVU1789
 6468 0010 0368     		ldr	r3, [r0]
 6469 0012 5B6C     		ldr	r3, [r3, #68]
2504:Drivers/STM32G0xx_HAL_Driver/Src/stm32g0xx_hal_tim_ex.c ****       {
 6470              		.loc 1 2504 10 view .LVU1790
 6471 0014 DB00     		lsls	r3, r3, #3
 6472 0016 01D4     		bmi	.L445
2492:Drivers/STM32G0xx_HAL_Driver/Src/stm32g0xx_hal_tim_ex.c ****   uint32_t tickstart;
 6473              		.loc 1 2492 21 view .LVU1791
 6474 0018 0020     		movs	r0, #0
 6475              	.LVL518:
2492:Drivers/STM32G0xx_HAL_Driver/Src/stm32g0xx_hal_tim_ex.c ****   uint32_t tickstart;
 6476              		.loc 1 2492 21 view .LVU1792
 6477 001a F8E7     		b	.L436
 6478              	.LVL519:
 6479              	.L445:
2508:Drivers/STM32G0xx_HAL_Driver/Src/stm32g0xx_hal_tim_ex.c ****         while (READ_BIT(htim->Instance->BDTR, TIM_BDTR_BKDSRM) != 0UL)
 6480              		.loc 1 2508 9 is_stmt 1 view .LVU1793
2508:Drivers/STM32G0xx_HAL_Driver/Src/stm32g0xx_hal_tim_ex.c ****         while (READ_BIT(htim->Instance->BDTR, TIM_BDTR_BKDSRM) != 0UL)
 6481              		.loc 1 2508 21 is_stmt 0 view .LVU1794
 6482 001c FFF7FEFF 		bl	HAL_GetTick
 6483              	.LVL520:
2508:Drivers/STM32G0xx_HAL_Driver/Src/stm32g0xx_hal_tim_ex.c ****         while (READ_BIT(htim->Instance->BDTR, TIM_BDTR_BKDSRM) != 0UL)
 6484              		.loc 1 2508 21 view .LVU1795
 6485 0020 0500     		movs	r5, r0
 6486              	.LVL521:
2509:Drivers/STM32G0xx_HAL_Driver/Src/stm32g0xx_hal_tim_ex.c ****         {
 6487              		.loc 1 2509 9 is_stmt 1 view .LVU1796
 6488              	.L437:
2509:Drivers/STM32G0xx_HAL_Driver/Src/stm32g0xx_hal_tim_ex.c ****         {
 6489              		.loc 1 2509 64 view .LVU1797
2509:Drivers/STM32G0xx_HAL_Driver/Src/stm32g0xx_hal_tim_ex.c ****         {
 6490              		.loc 1 2509 16 is_stmt 0 view .LVU1798
 6491 0022 2368     		ldr	r3, [r4]
 6492 0024 5B6C     		ldr	r3, [r3, #68]
2509:Drivers/STM32G0xx_HAL_Driver/Src/stm32g0xx_hal_tim_ex.c ****         {
 6493              		.loc 1 2509 64 view .LVU1799
 6494 0026 5B01     		lsls	r3, r3, #5
 6495 0028 0AD5     		bpl	.L446
2511:Drivers/STM32G0xx_HAL_Driver/Src/stm32g0xx_hal_tim_ex.c ****           {
 6496              		.loc 1 2511 11 is_stmt 1 view .LVU1800
2511:Drivers/STM32G0xx_HAL_Driver/Src/stm32g0xx_hal_tim_ex.c ****           {
 6497              		.loc 1 2511 16 is_stmt 0 view .LVU1801
 6498 002a FFF7FEFF 		bl	HAL_GetTick
 6499              	.LVL522:
2511:Drivers/STM32G0xx_HAL_Driver/Src/stm32g0xx_hal_tim_ex.c ****           {
 6500              		.loc 1 2511 30 discriminator 1 view .LVU1802
 6501 002e 401B     		subs	r0, r0, r5
2511:Drivers/STM32G0xx_HAL_Driver/Src/stm32g0xx_hal_tim_ex.c ****           {
 6502              		.loc 1 2511 14 discriminator 1 view .LVU1803
 6503 0030 0528     		cmp	r0, #5
ARM GAS  C:\Users\sante\AppData\Local\Temp\cc9r4gT1.s 			page 195


 6504 0032 F6D9     		bls	.L437
2514:Drivers/STM32G0xx_HAL_Driver/Src/stm32g0xx_hal_tim_ex.c ****             {
 6505              		.loc 1 2514 13 is_stmt 1 view .LVU1804
2514:Drivers/STM32G0xx_HAL_Driver/Src/stm32g0xx_hal_tim_ex.c ****             {
 6506              		.loc 1 2514 17 is_stmt 0 view .LVU1805
 6507 0034 2368     		ldr	r3, [r4]
 6508 0036 5B6C     		ldr	r3, [r3, #68]
2514:Drivers/STM32G0xx_HAL_Driver/Src/stm32g0xx_hal_tim_ex.c ****             {
 6509              		.loc 1 2514 16 view .LVU1806
 6510 0038 5B01     		lsls	r3, r3, #5
 6511 003a F2D5     		bpl	.L437
2516:Drivers/STM32G0xx_HAL_Driver/Src/stm32g0xx_hal_tim_ex.c ****             }
 6512              		.loc 1 2516 22 view .LVU1807
 6513 003c 0320     		movs	r0, #3
 6514 003e E6E7     		b	.L436
 6515              	.L446:
2492:Drivers/STM32G0xx_HAL_Driver/Src/stm32g0xx_hal_tim_ex.c ****   uint32_t tickstart;
 6516              		.loc 1 2492 21 view .LVU1808
 6517 0040 0020     		movs	r0, #0
 6518 0042 E4E7     		b	.L436
 6519              	.LVL523:
 6520              	.L435:
2527:Drivers/STM32G0xx_HAL_Driver/Src/stm32g0xx_hal_tim_ex.c ****       {
 6521              		.loc 1 2527 7 is_stmt 1 view .LVU1809
2527:Drivers/STM32G0xx_HAL_Driver/Src/stm32g0xx_hal_tim_ex.c ****       {
 6522              		.loc 1 2527 11 is_stmt 0 view .LVU1810
 6523 0044 0368     		ldr	r3, [r0]
 6524 0046 5B6C     		ldr	r3, [r3, #68]
2527:Drivers/STM32G0xx_HAL_Driver/Src/stm32g0xx_hal_tim_ex.c ****       {
 6525              		.loc 1 2527 10 view .LVU1811
 6526 0048 9B00     		lsls	r3, r3, #2
 6527 004a 01D4     		bmi	.L447
2492:Drivers/STM32G0xx_HAL_Driver/Src/stm32g0xx_hal_tim_ex.c ****   uint32_t tickstart;
 6528              		.loc 1 2492 21 view .LVU1812
 6529 004c 0020     		movs	r0, #0
 6530              	.LVL524:
2492:Drivers/STM32G0xx_HAL_Driver/Src/stm32g0xx_hal_tim_ex.c ****   uint32_t tickstart;
 6531              		.loc 1 2492 21 view .LVU1813
 6532 004e DEE7     		b	.L436
 6533              	.LVL525:
 6534              	.L447:
2531:Drivers/STM32G0xx_HAL_Driver/Src/stm32g0xx_hal_tim_ex.c ****         while (READ_BIT(htim->Instance->BDTR, TIM_BDTR_BK2DSRM) != 0UL)
 6535              		.loc 1 2531 9 is_stmt 1 view .LVU1814
2531:Drivers/STM32G0xx_HAL_Driver/Src/stm32g0xx_hal_tim_ex.c ****         while (READ_BIT(htim->Instance->BDTR, TIM_BDTR_BK2DSRM) != 0UL)
 6536              		.loc 1 2531 21 is_stmt 0 view .LVU1815
 6537 0050 FFF7FEFF 		bl	HAL_GetTick
 6538              	.LVL526:
2531:Drivers/STM32G0xx_HAL_Driver/Src/stm32g0xx_hal_tim_ex.c ****         while (READ_BIT(htim->Instance->BDTR, TIM_BDTR_BK2DSRM) != 0UL)
 6539              		.loc 1 2531 21 view .LVU1816
 6540 0054 0500     		movs	r5, r0
 6541              	.LVL527:
2532:Drivers/STM32G0xx_HAL_Driver/Src/stm32g0xx_hal_tim_ex.c ****         {
 6542              		.loc 1 2532 9 is_stmt 1 view .LVU1817
 6543              	.L439:
2532:Drivers/STM32G0xx_HAL_Driver/Src/stm32g0xx_hal_tim_ex.c ****         {
 6544              		.loc 1 2532 65 view .LVU1818
2532:Drivers/STM32G0xx_HAL_Driver/Src/stm32g0xx_hal_tim_ex.c ****         {
ARM GAS  C:\Users\sante\AppData\Local\Temp\cc9r4gT1.s 			page 196


 6545              		.loc 1 2532 16 is_stmt 0 view .LVU1819
 6546 0056 2368     		ldr	r3, [r4]
 6547 0058 5B6C     		ldr	r3, [r3, #68]
2532:Drivers/STM32G0xx_HAL_Driver/Src/stm32g0xx_hal_tim_ex.c ****         {
 6548              		.loc 1 2532 65 view .LVU1820
 6549 005a 1B01     		lsls	r3, r3, #4
 6550 005c 0AD5     		bpl	.L448
2534:Drivers/STM32G0xx_HAL_Driver/Src/stm32g0xx_hal_tim_ex.c ****           {
 6551              		.loc 1 2534 11 is_stmt 1 view .LVU1821
2534:Drivers/STM32G0xx_HAL_Driver/Src/stm32g0xx_hal_tim_ex.c ****           {
 6552              		.loc 1 2534 16 is_stmt 0 view .LVU1822
 6553 005e FFF7FEFF 		bl	HAL_GetTick
 6554              	.LVL528:
2534:Drivers/STM32G0xx_HAL_Driver/Src/stm32g0xx_hal_tim_ex.c ****           {
 6555              		.loc 1 2534 30 discriminator 1 view .LVU1823
 6556 0062 401B     		subs	r0, r0, r5
2534:Drivers/STM32G0xx_HAL_Driver/Src/stm32g0xx_hal_tim_ex.c ****           {
 6557              		.loc 1 2534 14 discriminator 1 view .LVU1824
 6558 0064 0528     		cmp	r0, #5
 6559 0066 F6D9     		bls	.L439
2537:Drivers/STM32G0xx_HAL_Driver/Src/stm32g0xx_hal_tim_ex.c ****             {
 6560              		.loc 1 2537 13 is_stmt 1 view .LVU1825
2537:Drivers/STM32G0xx_HAL_Driver/Src/stm32g0xx_hal_tim_ex.c ****             {
 6561              		.loc 1 2537 17 is_stmt 0 view .LVU1826
 6562 0068 2368     		ldr	r3, [r4]
 6563 006a 5B6C     		ldr	r3, [r3, #68]
2537:Drivers/STM32G0xx_HAL_Driver/Src/stm32g0xx_hal_tim_ex.c ****             {
 6564              		.loc 1 2537 16 view .LVU1827
 6565 006c 1B01     		lsls	r3, r3, #4
 6566 006e F2D5     		bpl	.L439
2539:Drivers/STM32G0xx_HAL_Driver/Src/stm32g0xx_hal_tim_ex.c ****             }
 6567              		.loc 1 2539 22 view .LVU1828
 6568 0070 0320     		movs	r0, #3
 6569 0072 CCE7     		b	.L436
 6570              	.L448:
2492:Drivers/STM32G0xx_HAL_Driver/Src/stm32g0xx_hal_tim_ex.c ****   uint32_t tickstart;
 6571              		.loc 1 2492 21 view .LVU1829
 6572 0074 0020     		movs	r0, #0
 6573 0076 CAE7     		b	.L436
 6574              		.cfi_endproc
 6575              	.LFE529:
 6577              		.section	.text.HAL_TIMEx_CommutCallback,"ax",%progbits
 6578              		.align	1
 6579              		.weak	HAL_TIMEx_CommutCallback
 6580              		.syntax unified
 6581              		.code	16
 6582              		.thumb_func
 6584              	HAL_TIMEx_CommutCallback:
 6585              	.LVL529:
 6586              	.LFB530:
2580:Drivers/STM32G0xx_HAL_Driver/Src/stm32g0xx_hal_tim_ex.c ****   /* Prevent unused argument(s) compilation warning */
 6587              		.loc 1 2580 1 is_stmt 1 view -0
 6588              		.cfi_startproc
 6589              		@ args = 0, pretend = 0, frame = 0
 6590              		@ frame_needed = 0, uses_anonymous_args = 0
 6591              		@ link register save eliminated.
2582:Drivers/STM32G0xx_HAL_Driver/Src/stm32g0xx_hal_tim_ex.c **** 
ARM GAS  C:\Users\sante\AppData\Local\Temp\cc9r4gT1.s 			page 197


 6592              		.loc 1 2582 3 view .LVU1831
2587:Drivers/STM32G0xx_HAL_Driver/Src/stm32g0xx_hal_tim_ex.c **** /**
 6593              		.loc 1 2587 1 is_stmt 0 view .LVU1832
 6594              		@ sp needed
 6595 0000 7047     		bx	lr
 6596              		.cfi_endproc
 6597              	.LFE530:
 6599              		.section	.text.TIMEx_DMACommutationCplt,"ax",%progbits
 6600              		.align	1
 6601              		.global	TIMEx_DMACommutationCplt
 6602              		.syntax unified
 6603              		.code	16
 6604              		.thumb_func
 6606              	TIMEx_DMACommutationCplt:
 6607              	.LVL530:
 6608              	.LFB536:
2701:Drivers/STM32G0xx_HAL_Driver/Src/stm32g0xx_hal_tim_ex.c ****   TIM_HandleTypeDef *htim = (TIM_HandleTypeDef *)((DMA_HandleTypeDef *)hdma)->Parent;
 6609              		.loc 1 2701 1 is_stmt 1 view -0
 6610              		.cfi_startproc
 6611              		@ args = 0, pretend = 0, frame = 0
 6612              		@ frame_needed = 0, uses_anonymous_args = 0
2701:Drivers/STM32G0xx_HAL_Driver/Src/stm32g0xx_hal_tim_ex.c ****   TIM_HandleTypeDef *htim = (TIM_HandleTypeDef *)((DMA_HandleTypeDef *)hdma)->Parent;
 6613              		.loc 1 2701 1 is_stmt 0 view .LVU1834
 6614 0000 10B5     		push	{r4, lr}
 6615              		.cfi_def_cfa_offset 8
 6616              		.cfi_offset 4, -8
 6617              		.cfi_offset 14, -4
2702:Drivers/STM32G0xx_HAL_Driver/Src/stm32g0xx_hal_tim_ex.c **** 
 6618              		.loc 1 2702 3 is_stmt 1 view .LVU1835
2702:Drivers/STM32G0xx_HAL_Driver/Src/stm32g0xx_hal_tim_ex.c **** 
 6619              		.loc 1 2702 22 is_stmt 0 view .LVU1836
 6620 0002 806A     		ldr	r0, [r0, #40]
 6621              	.LVL531:
2705:Drivers/STM32G0xx_HAL_Driver/Src/stm32g0xx_hal_tim_ex.c **** 
 6622              		.loc 1 2705 3 is_stmt 1 view .LVU1837
2705:Drivers/STM32G0xx_HAL_Driver/Src/stm32g0xx_hal_tim_ex.c **** 
 6623              		.loc 1 2705 15 is_stmt 0 view .LVU1838
 6624 0004 3D23     		movs	r3, #61
 6625 0006 0122     		movs	r2, #1
 6626 0008 C254     		strb	r2, [r0, r3]
2710:Drivers/STM32G0xx_HAL_Driver/Src/stm32g0xx_hal_tim_ex.c **** #endif /* USE_HAL_TIM_REGISTER_CALLBACKS */
 6627              		.loc 1 2710 3 is_stmt 1 view .LVU1839
 6628 000a FFF7FEFF 		bl	HAL_TIMEx_CommutCallback
 6629              	.LVL532:
2712:Drivers/STM32G0xx_HAL_Driver/Src/stm32g0xx_hal_tim_ex.c **** 
 6630              		.loc 1 2712 1 is_stmt 0 view .LVU1840
 6631              		@ sp needed
 6632 000e 10BD     		pop	{r4, pc}
 6633              		.cfi_endproc
 6634              	.LFE536:
 6636              		.section	.text.HAL_TIMEx_CommutHalfCpltCallback,"ax",%progbits
 6637              		.align	1
 6638              		.weak	HAL_TIMEx_CommutHalfCpltCallback
 6639              		.syntax unified
 6640              		.code	16
 6641              		.thumb_func
 6643              	HAL_TIMEx_CommutHalfCpltCallback:
ARM GAS  C:\Users\sante\AppData\Local\Temp\cc9r4gT1.s 			page 198


 6644              	.LVL533:
 6645              	.LFB531:
2594:Drivers/STM32G0xx_HAL_Driver/Src/stm32g0xx_hal_tim_ex.c ****   /* Prevent unused argument(s) compilation warning */
 6646              		.loc 1 2594 1 is_stmt 1 view -0
 6647              		.cfi_startproc
 6648              		@ args = 0, pretend = 0, frame = 0
 6649              		@ frame_needed = 0, uses_anonymous_args = 0
 6650              		@ link register save eliminated.
2596:Drivers/STM32G0xx_HAL_Driver/Src/stm32g0xx_hal_tim_ex.c **** 
 6651              		.loc 1 2596 3 view .LVU1842
2601:Drivers/STM32G0xx_HAL_Driver/Src/stm32g0xx_hal_tim_ex.c **** 
 6652              		.loc 1 2601 1 is_stmt 0 view .LVU1843
 6653              		@ sp needed
 6654 0000 7047     		bx	lr
 6655              		.cfi_endproc
 6656              	.LFE531:
 6658              		.section	.text.TIMEx_DMACommutationHalfCplt,"ax",%progbits
 6659              		.align	1
 6660              		.global	TIMEx_DMACommutationHalfCplt
 6661              		.syntax unified
 6662              		.code	16
 6663              		.thumb_func
 6665              	TIMEx_DMACommutationHalfCplt:
 6666              	.LVL534:
 6667              	.LFB537:
2720:Drivers/STM32G0xx_HAL_Driver/Src/stm32g0xx_hal_tim_ex.c ****   TIM_HandleTypeDef *htim = (TIM_HandleTypeDef *)((DMA_HandleTypeDef *)hdma)->Parent;
 6668              		.loc 1 2720 1 is_stmt 1 view -0
 6669              		.cfi_startproc
 6670              		@ args = 0, pretend = 0, frame = 0
 6671              		@ frame_needed = 0, uses_anonymous_args = 0
2720:Drivers/STM32G0xx_HAL_Driver/Src/stm32g0xx_hal_tim_ex.c ****   TIM_HandleTypeDef *htim = (TIM_HandleTypeDef *)((DMA_HandleTypeDef *)hdma)->Parent;
 6672              		.loc 1 2720 1 is_stmt 0 view .LVU1845
 6673 0000 10B5     		push	{r4, lr}
 6674              		.cfi_def_cfa_offset 8
 6675              		.cfi_offset 4, -8
 6676              		.cfi_offset 14, -4
2721:Drivers/STM32G0xx_HAL_Driver/Src/stm32g0xx_hal_tim_ex.c **** 
 6677              		.loc 1 2721 3 is_stmt 1 view .LVU1846
2721:Drivers/STM32G0xx_HAL_Driver/Src/stm32g0xx_hal_tim_ex.c **** 
 6678              		.loc 1 2721 22 is_stmt 0 view .LVU1847
 6679 0002 806A     		ldr	r0, [r0, #40]
 6680              	.LVL535:
2724:Drivers/STM32G0xx_HAL_Driver/Src/stm32g0xx_hal_tim_ex.c **** 
 6681              		.loc 1 2724 3 is_stmt 1 view .LVU1848
2724:Drivers/STM32G0xx_HAL_Driver/Src/stm32g0xx_hal_tim_ex.c **** 
 6682              		.loc 1 2724 15 is_stmt 0 view .LVU1849
 6683 0004 3D23     		movs	r3, #61
 6684 0006 0122     		movs	r2, #1
 6685 0008 C254     		strb	r2, [r0, r3]
2729:Drivers/STM32G0xx_HAL_Driver/Src/stm32g0xx_hal_tim_ex.c **** #endif /* USE_HAL_TIM_REGISTER_CALLBACKS */
 6686              		.loc 1 2729 3 is_stmt 1 view .LVU1850
 6687 000a FFF7FEFF 		bl	HAL_TIMEx_CommutHalfCpltCallback
 6688              	.LVL536:
2731:Drivers/STM32G0xx_HAL_Driver/Src/stm32g0xx_hal_tim_ex.c **** 
 6689              		.loc 1 2731 1 is_stmt 0 view .LVU1851
 6690              		@ sp needed
 6691 000e 10BD     		pop	{r4, pc}
ARM GAS  C:\Users\sante\AppData\Local\Temp\cc9r4gT1.s 			page 199


 6692              		.cfi_endproc
 6693              	.LFE537:
 6695              		.section	.text.HAL_TIMEx_BreakCallback,"ax",%progbits
 6696              		.align	1
 6697              		.weak	HAL_TIMEx_BreakCallback
 6698              		.syntax unified
 6699              		.code	16
 6700              		.thumb_func
 6702              	HAL_TIMEx_BreakCallback:
 6703              	.LVL537:
 6704              	.LFB532:
2609:Drivers/STM32G0xx_HAL_Driver/Src/stm32g0xx_hal_tim_ex.c ****   /* Prevent unused argument(s) compilation warning */
 6705              		.loc 1 2609 1 is_stmt 1 view -0
 6706              		.cfi_startproc
 6707              		@ args = 0, pretend = 0, frame = 0
 6708              		@ frame_needed = 0, uses_anonymous_args = 0
 6709              		@ link register save eliminated.
2611:Drivers/STM32G0xx_HAL_Driver/Src/stm32g0xx_hal_tim_ex.c **** 
 6710              		.loc 1 2611 3 view .LVU1853
2616:Drivers/STM32G0xx_HAL_Driver/Src/stm32g0xx_hal_tim_ex.c **** 
 6711              		.loc 1 2616 1 is_stmt 0 view .LVU1854
 6712              		@ sp needed
 6713 0000 7047     		bx	lr
 6714              		.cfi_endproc
 6715              	.LFE532:
 6717              		.section	.text.HAL_TIMEx_Break2Callback,"ax",%progbits
 6718              		.align	1
 6719              		.weak	HAL_TIMEx_Break2Callback
 6720              		.syntax unified
 6721              		.code	16
 6722              		.thumb_func
 6724              	HAL_TIMEx_Break2Callback:
 6725              	.LVL538:
 6726              	.LFB533:
2624:Drivers/STM32G0xx_HAL_Driver/Src/stm32g0xx_hal_tim_ex.c ****   /* Prevent unused argument(s) compilation warning */
 6727              		.loc 1 2624 1 is_stmt 1 view -0
 6728              		.cfi_startproc
 6729              		@ args = 0, pretend = 0, frame = 0
 6730              		@ frame_needed = 0, uses_anonymous_args = 0
 6731              		@ link register save eliminated.
2626:Drivers/STM32G0xx_HAL_Driver/Src/stm32g0xx_hal_tim_ex.c **** 
 6732              		.loc 1 2626 3 view .LVU1856
2631:Drivers/STM32G0xx_HAL_Driver/Src/stm32g0xx_hal_tim_ex.c **** /**
 6733              		.loc 1 2631 1 is_stmt 0 view .LVU1857
 6734              		@ sp needed
 6735 0000 7047     		bx	lr
 6736              		.cfi_endproc
 6737              	.LFE533:
 6739              		.section	.text.HAL_TIMEx_HallSensor_GetState,"ax",%progbits
 6740              		.align	1
 6741              		.global	HAL_TIMEx_HallSensor_GetState
 6742              		.syntax unified
 6743              		.code	16
 6744              		.thumb_func
 6746              	HAL_TIMEx_HallSensor_GetState:
 6747              	.LVL539:
 6748              	.LFB534:
ARM GAS  C:\Users\sante\AppData\Local\Temp\cc9r4gT1.s 			page 200


2657:Drivers/STM32G0xx_HAL_Driver/Src/stm32g0xx_hal_tim_ex.c ****   return htim->State;
 6749              		.loc 1 2657 1 is_stmt 1 view -0
 6750              		.cfi_startproc
 6751              		@ args = 0, pretend = 0, frame = 0
 6752              		@ frame_needed = 0, uses_anonymous_args = 0
 6753              		@ link register save eliminated.
2658:Drivers/STM32G0xx_HAL_Driver/Src/stm32g0xx_hal_tim_ex.c **** }
 6754              		.loc 1 2658 3 view .LVU1859
2658:Drivers/STM32G0xx_HAL_Driver/Src/stm32g0xx_hal_tim_ex.c **** }
 6755              		.loc 1 2658 14 is_stmt 0 view .LVU1860
 6756 0000 3D23     		movs	r3, #61
 6757 0002 C05C     		ldrb	r0, [r0, r3]
 6758              	.LVL540:
2658:Drivers/STM32G0xx_HAL_Driver/Src/stm32g0xx_hal_tim_ex.c **** }
 6759              		.loc 1 2658 14 view .LVU1861
 6760 0004 C0B2     		uxtb	r0, r0
2659:Drivers/STM32G0xx_HAL_Driver/Src/stm32g0xx_hal_tim_ex.c **** 
 6761              		.loc 1 2659 1 view .LVU1862
 6762              		@ sp needed
 6763 0006 7047     		bx	lr
 6764              		.cfi_endproc
 6765              	.LFE534:
 6767              		.section	.text.HAL_TIMEx_GetChannelNState,"ax",%progbits
 6768              		.align	1
 6769              		.global	HAL_TIMEx_GetChannelNState
 6770              		.syntax unified
 6771              		.code	16
 6772              		.thumb_func
 6774              	HAL_TIMEx_GetChannelNState:
 6775              	.LVL541:
 6776              	.LFB535:
2672:Drivers/STM32G0xx_HAL_Driver/Src/stm32g0xx_hal_tim_ex.c ****   HAL_TIM_ChannelStateTypeDef channel_state;
 6777              		.loc 1 2672 1 is_stmt 1 view -0
 6778              		.cfi_startproc
 6779              		@ args = 0, pretend = 0, frame = 0
 6780              		@ frame_needed = 0, uses_anonymous_args = 0
 6781              		@ link register save eliminated.
2673:Drivers/STM32G0xx_HAL_Driver/Src/stm32g0xx_hal_tim_ex.c **** 
 6782              		.loc 1 2673 3 view .LVU1864
2676:Drivers/STM32G0xx_HAL_Driver/Src/stm32g0xx_hal_tim_ex.c **** 
 6783              		.loc 1 2676 3 view .LVU1865
2678:Drivers/STM32G0xx_HAL_Driver/Src/stm32g0xx_hal_tim_ex.c **** 
 6784              		.loc 1 2678 3 view .LVU1866
2678:Drivers/STM32G0xx_HAL_Driver/Src/stm32g0xx_hal_tim_ex.c **** 
 6785              		.loc 1 2678 19 is_stmt 0 view .LVU1867
 6786 0000 0029     		cmp	r1, #0
 6787 0002 03D1     		bne	.L457
2678:Drivers/STM32G0xx_HAL_Driver/Src/stm32g0xx_hal_tim_ex.c **** 
 6788              		.loc 1 2678 19 discriminator 1 view .LVU1868
 6789 0004 4423     		movs	r3, #68
 6790 0006 C05C     		ldrb	r0, [r0, r3]
 6791              	.LVL542:
2678:Drivers/STM32G0xx_HAL_Driver/Src/stm32g0xx_hal_tim_ex.c **** 
 6792              		.loc 1 2678 19 discriminator 1 view .LVU1869
 6793 0008 C0B2     		uxtb	r0, r0
 6794              	.L458:
 6795              	.LVL543:
ARM GAS  C:\Users\sante\AppData\Local\Temp\cc9r4gT1.s 			page 201


2680:Drivers/STM32G0xx_HAL_Driver/Src/stm32g0xx_hal_tim_ex.c **** }
 6796              		.loc 1 2680 3 is_stmt 1 view .LVU1870
2681:Drivers/STM32G0xx_HAL_Driver/Src/stm32g0xx_hal_tim_ex.c **** /**
 6797              		.loc 1 2681 1 is_stmt 0 view .LVU1871
 6798              		@ sp needed
 6799 000a 7047     		bx	lr
 6800              	.LVL544:
 6801              	.L457:
2678:Drivers/STM32G0xx_HAL_Driver/Src/stm32g0xx_hal_tim_ex.c **** 
 6802              		.loc 1 2678 19 discriminator 2 view .LVU1872
 6803 000c 0429     		cmp	r1, #4
 6804 000e 05D0     		beq	.L461
2678:Drivers/STM32G0xx_HAL_Driver/Src/stm32g0xx_hal_tim_ex.c **** 
 6805              		.loc 1 2678 19 discriminator 5 view .LVU1873
 6806 0010 0829     		cmp	r1, #8
 6807 0012 07D0     		beq	.L462
2678:Drivers/STM32G0xx_HAL_Driver/Src/stm32g0xx_hal_tim_ex.c **** 
 6808              		.loc 1 2678 19 discriminator 8 view .LVU1874
 6809 0014 4723     		movs	r3, #71
 6810 0016 C05C     		ldrb	r0, [r0, r3]
 6811              	.LVL545:
2678:Drivers/STM32G0xx_HAL_Driver/Src/stm32g0xx_hal_tim_ex.c **** 
 6812              		.loc 1 2678 19 discriminator 8 view .LVU1875
 6813 0018 C0B2     		uxtb	r0, r0
 6814 001a F6E7     		b	.L458
 6815              	.LVL546:
 6816              	.L461:
2678:Drivers/STM32G0xx_HAL_Driver/Src/stm32g0xx_hal_tim_ex.c **** 
 6817              		.loc 1 2678 19 discriminator 4 view .LVU1876
 6818 001c 4523     		movs	r3, #69
 6819 001e C05C     		ldrb	r0, [r0, r3]
 6820              	.LVL547:
2678:Drivers/STM32G0xx_HAL_Driver/Src/stm32g0xx_hal_tim_ex.c **** 
 6821              		.loc 1 2678 19 discriminator 4 view .LVU1877
 6822 0020 C0B2     		uxtb	r0, r0
 6823 0022 F2E7     		b	.L458
 6824              	.LVL548:
 6825              	.L462:
2678:Drivers/STM32G0xx_HAL_Driver/Src/stm32g0xx_hal_tim_ex.c **** 
 6826              		.loc 1 2678 19 discriminator 7 view .LVU1878
 6827 0024 4623     		movs	r3, #70
 6828 0026 C05C     		ldrb	r0, [r0, r3]
 6829              	.LVL549:
2678:Drivers/STM32G0xx_HAL_Driver/Src/stm32g0xx_hal_tim_ex.c **** 
 6830              		.loc 1 2678 19 discriminator 7 view .LVU1879
 6831 0028 C0B2     		uxtb	r0, r0
 6832 002a EEE7     		b	.L458
 6833              		.cfi_endproc
 6834              	.LFE535:
 6836              		.text
 6837              	.Letext0:
 6838              		.file 2 "C:/Users/sante/AppData/Roaming/Code/User/globalStorage/bmd.stm32-for-vscode/@xpack-dev-to
 6839              		.file 3 "C:/Users/sante/AppData/Roaming/Code/User/globalStorage/bmd.stm32-for-vscode/@xpack-dev-to
 6840              		.file 4 "Drivers/CMSIS/Device/ST/STM32G0xx/Include/stm32g0b1xx.h"
 6841              		.file 5 "Drivers/CMSIS/Device/ST/STM32G0xx/Include/stm32g0xx.h"
 6842              		.file 6 "Drivers/STM32G0xx_HAL_Driver/Inc/stm32g0xx_hal_def.h"
 6843              		.file 7 "Drivers/STM32G0xx_HAL_Driver/Inc/stm32g0xx_hal_dma.h"
ARM GAS  C:\Users\sante\AppData\Local\Temp\cc9r4gT1.s 			page 202


 6844              		.file 8 "Drivers/STM32G0xx_HAL_Driver/Inc/stm32g0xx_hal_tim.h"
 6845              		.file 9 "Drivers/STM32G0xx_HAL_Driver/Inc/stm32g0xx_hal_tim_ex.h"
 6846              		.file 10 "Drivers/STM32G0xx_HAL_Driver/Inc/stm32g0xx_ll_dma.h"
 6847              		.file 11 "Drivers/STM32G0xx_HAL_Driver/Inc/stm32g0xx_hal.h"
ARM GAS  C:\Users\sante\AppData\Local\Temp\cc9r4gT1.s 			page 203


DEFINED SYMBOLS
                            *ABS*:00000000 stm32g0xx_hal_tim_ex.c
C:\Users\sante\AppData\Local\Temp\cc9r4gT1.s:19     .text.TIM_CCxNChannelCmd:00000000 $t
C:\Users\sante\AppData\Local\Temp\cc9r4gT1.s:24     .text.TIM_CCxNChannelCmd:00000000 TIM_CCxNChannelCmd
C:\Users\sante\AppData\Local\Temp\cc9r4gT1.s:70     .text.TIM_DMAErrorCCxN:00000000 $t
C:\Users\sante\AppData\Local\Temp\cc9r4gT1.s:75     .text.TIM_DMAErrorCCxN:00000000 TIM_DMAErrorCCxN
C:\Users\sante\AppData\Local\Temp\cc9r4gT1.s:160    .text.TIM_DMADelayPulseNCplt:00000000 $t
C:\Users\sante\AppData\Local\Temp\cc9r4gT1.s:165    .text.TIM_DMADelayPulseNCplt:00000000 TIM_DMADelayPulseNCplt
C:\Users\sante\AppData\Local\Temp\cc9r4gT1.s:269    .text.HAL_TIMEx_HallSensor_MspInit:00000000 $t
C:\Users\sante\AppData\Local\Temp\cc9r4gT1.s:275    .text.HAL_TIMEx_HallSensor_MspInit:00000000 HAL_TIMEx_HallSensor_MspInit
C:\Users\sante\AppData\Local\Temp\cc9r4gT1.s:291    .text.HAL_TIMEx_HallSensor_Init:00000000 $t
C:\Users\sante\AppData\Local\Temp\cc9r4gT1.s:297    .text.HAL_TIMEx_HallSensor_Init:00000000 HAL_TIMEx_HallSensor_Init
C:\Users\sante\AppData\Local\Temp\cc9r4gT1.s:524    .text.HAL_TIMEx_HallSensor_Init:000000d0 $d
C:\Users\sante\AppData\Local\Temp\cc9r4gT1.s:530    .text.HAL_TIMEx_HallSensor_MspDeInit:00000000 $t
C:\Users\sante\AppData\Local\Temp\cc9r4gT1.s:536    .text.HAL_TIMEx_HallSensor_MspDeInit:00000000 HAL_TIMEx_HallSensor_MspDeInit
C:\Users\sante\AppData\Local\Temp\cc9r4gT1.s:552    .text.HAL_TIMEx_HallSensor_DeInit:00000000 $t
C:\Users\sante\AppData\Local\Temp\cc9r4gT1.s:558    .text.HAL_TIMEx_HallSensor_DeInit:00000000 HAL_TIMEx_HallSensor_DeInit
C:\Users\sante\AppData\Local\Temp\cc9r4gT1.s:638    .text.HAL_TIMEx_HallSensor_DeInit:0000004c $d
C:\Users\sante\AppData\Local\Temp\cc9r4gT1.s:644    .text.HAL_TIMEx_HallSensor_Start:00000000 $t
C:\Users\sante\AppData\Local\Temp\cc9r4gT1.s:650    .text.HAL_TIMEx_HallSensor_Start:00000000 HAL_TIMEx_HallSensor_Start
C:\Users\sante\AppData\Local\Temp\cc9r4gT1.s:834    .text.HAL_TIMEx_HallSensor_Start:000000a8 $d
C:\Users\sante\AppData\Local\Temp\cc9r4gT1.s:843    .text.HAL_TIMEx_HallSensor_Stop:00000000 $t
C:\Users\sante\AppData\Local\Temp\cc9r4gT1.s:849    .text.HAL_TIMEx_HallSensor_Stop:00000000 HAL_TIMEx_HallSensor_Stop
C:\Users\sante\AppData\Local\Temp\cc9r4gT1.s:913    .text.HAL_TIMEx_HallSensor_Stop:00000040 $d
C:\Users\sante\AppData\Local\Temp\cc9r4gT1.s:919    .text.HAL_TIMEx_HallSensor_Start_IT:00000000 $t
C:\Users\sante\AppData\Local\Temp\cc9r4gT1.s:925    .text.HAL_TIMEx_HallSensor_Start_IT:00000000 HAL_TIMEx_HallSensor_Start_IT
C:\Users\sante\AppData\Local\Temp\cc9r4gT1.s:1116   .text.HAL_TIMEx_HallSensor_Start_IT:000000b0 $d
C:\Users\sante\AppData\Local\Temp\cc9r4gT1.s:1125   .text.HAL_TIMEx_HallSensor_Stop_IT:00000000 $t
C:\Users\sante\AppData\Local\Temp\cc9r4gT1.s:1131   .text.HAL_TIMEx_HallSensor_Stop_IT:00000000 HAL_TIMEx_HallSensor_Stop_IT
C:\Users\sante\AppData\Local\Temp\cc9r4gT1.s:1201   .text.HAL_TIMEx_HallSensor_Stop_IT:00000048 $d
C:\Users\sante\AppData\Local\Temp\cc9r4gT1.s:1207   .text.HAL_TIMEx_HallSensor_Start_DMA:00000000 $t
C:\Users\sante\AppData\Local\Temp\cc9r4gT1.s:1213   .text.HAL_TIMEx_HallSensor_Start_DMA:00000000 HAL_TIMEx_HallSensor_Start_DMA
C:\Users\sante\AppData\Local\Temp\cc9r4gT1.s:1422   .text.HAL_TIMEx_HallSensor_Start_DMA:000000cc $d
C:\Users\sante\AppData\Local\Temp\cc9r4gT1.s:1434   .text.HAL_TIMEx_HallSensor_Stop_DMA:00000000 $t
C:\Users\sante\AppData\Local\Temp\cc9r4gT1.s:1440   .text.HAL_TIMEx_HallSensor_Stop_DMA:00000000 HAL_TIMEx_HallSensor_Stop_DMA
C:\Users\sante\AppData\Local\Temp\cc9r4gT1.s:1509   .text.HAL_TIMEx_HallSensor_Stop_DMA:00000048 $d
C:\Users\sante\AppData\Local\Temp\cc9r4gT1.s:1516   .text.HAL_TIMEx_OCN_Start:00000000 $t
C:\Users\sante\AppData\Local\Temp\cc9r4gT1.s:1522   .text.HAL_TIMEx_OCN_Start:00000000 HAL_TIMEx_OCN_Start
C:\Users\sante\AppData\Local\Temp\cc9r4gT1.s:1717   .text.HAL_TIMEx_OCN_Start:000000e0 $d
C:\Users\sante\AppData\Local\Temp\cc9r4gT1.s:1726   .text.HAL_TIMEx_OCN_Stop:00000000 $t
C:\Users\sante\AppData\Local\Temp\cc9r4gT1.s:1732   .text.HAL_TIMEx_OCN_Stop:00000000 HAL_TIMEx_OCN_Stop
C:\Users\sante\AppData\Local\Temp\cc9r4gT1.s:1838   .text.HAL_TIMEx_OCN_Stop:00000070 $d
C:\Users\sante\AppData\Local\Temp\cc9r4gT1.s:1845   .text.HAL_TIMEx_OCN_Start_IT:00000000 $t
C:\Users\sante\AppData\Local\Temp\cc9r4gT1.s:1851   .text.HAL_TIMEx_OCN_Start_IT:00000000 HAL_TIMEx_OCN_Start_IT
C:\Users\sante\AppData\Local\Temp\cc9r4gT1.s:2098   .text.HAL_TIMEx_OCN_Start_IT:00000114 $d
C:\Users\sante\AppData\Local\Temp\cc9r4gT1.s:2107   .text.HAL_TIMEx_OCN_Stop_IT:00000000 $t
C:\Users\sante\AppData\Local\Temp\cc9r4gT1.s:2113   .text.HAL_TIMEx_OCN_Stop_IT:00000000 HAL_TIMEx_OCN_Stop_IT
C:\Users\sante\AppData\Local\Temp\cc9r4gT1.s:2298   .text.HAL_TIMEx_OCN_Stop_IT:000000bc $d
C:\Users\sante\AppData\Local\Temp\cc9r4gT1.s:2305   .text.HAL_TIMEx_OCN_Start_DMA:00000000 $t
C:\Users\sante\AppData\Local\Temp\cc9r4gT1.s:2311   .text.HAL_TIMEx_OCN_Start_DMA:00000000 HAL_TIMEx_OCN_Start_DMA
C:\Users\sante\AppData\Local\Temp\cc9r4gT1.s:2755   .text.HAL_TIMEx_OCN_Start_DMA:000001ec $d
C:\Users\sante\AppData\Local\Temp\cc9r4gT1.s:2767   .text.HAL_TIMEx_OCN_Stop_DMA:00000000 $t
C:\Users\sante\AppData\Local\Temp\cc9r4gT1.s:2773   .text.HAL_TIMEx_OCN_Stop_DMA:00000000 HAL_TIMEx_OCN_Stop_DMA
C:\Users\sante\AppData\Local\Temp\cc9r4gT1.s:2955   .text.HAL_TIMEx_OCN_Stop_DMA:000000bc $d
C:\Users\sante\AppData\Local\Temp\cc9r4gT1.s:2965   .text.HAL_TIMEx_PWMN_Start:00000000 $t
C:\Users\sante\AppData\Local\Temp\cc9r4gT1.s:2971   .text.HAL_TIMEx_PWMN_Start:00000000 HAL_TIMEx_PWMN_Start
C:\Users\sante\AppData\Local\Temp\cc9r4gT1.s:3166   .text.HAL_TIMEx_PWMN_Start:000000e0 $d
ARM GAS  C:\Users\sante\AppData\Local\Temp\cc9r4gT1.s 			page 204


C:\Users\sante\AppData\Local\Temp\cc9r4gT1.s:3175   .text.HAL_TIMEx_PWMN_Stop:00000000 $t
C:\Users\sante\AppData\Local\Temp\cc9r4gT1.s:3181   .text.HAL_TIMEx_PWMN_Stop:00000000 HAL_TIMEx_PWMN_Stop
C:\Users\sante\AppData\Local\Temp\cc9r4gT1.s:3287   .text.HAL_TIMEx_PWMN_Stop:00000070 $d
C:\Users\sante\AppData\Local\Temp\cc9r4gT1.s:3294   .text.HAL_TIMEx_PWMN_Start_IT:00000000 $t
C:\Users\sante\AppData\Local\Temp\cc9r4gT1.s:3300   .text.HAL_TIMEx_PWMN_Start_IT:00000000 HAL_TIMEx_PWMN_Start_IT
C:\Users\sante\AppData\Local\Temp\cc9r4gT1.s:3547   .text.HAL_TIMEx_PWMN_Start_IT:00000114 $d
C:\Users\sante\AppData\Local\Temp\cc9r4gT1.s:3556   .text.HAL_TIMEx_PWMN_Stop_IT:00000000 $t
C:\Users\sante\AppData\Local\Temp\cc9r4gT1.s:3562   .text.HAL_TIMEx_PWMN_Stop_IT:00000000 HAL_TIMEx_PWMN_Stop_IT
C:\Users\sante\AppData\Local\Temp\cc9r4gT1.s:3747   .text.HAL_TIMEx_PWMN_Stop_IT:000000bc $d
C:\Users\sante\AppData\Local\Temp\cc9r4gT1.s:3754   .text.HAL_TIMEx_PWMN_Start_DMA:00000000 $t
C:\Users\sante\AppData\Local\Temp\cc9r4gT1.s:3760   .text.HAL_TIMEx_PWMN_Start_DMA:00000000 HAL_TIMEx_PWMN_Start_DMA
C:\Users\sante\AppData\Local\Temp\cc9r4gT1.s:4204   .text.HAL_TIMEx_PWMN_Start_DMA:000001ec $d
C:\Users\sante\AppData\Local\Temp\cc9r4gT1.s:4216   .text.HAL_TIMEx_PWMN_Stop_DMA:00000000 $t
C:\Users\sante\AppData\Local\Temp\cc9r4gT1.s:4222   .text.HAL_TIMEx_PWMN_Stop_DMA:00000000 HAL_TIMEx_PWMN_Stop_DMA
C:\Users\sante\AppData\Local\Temp\cc9r4gT1.s:4404   .text.HAL_TIMEx_PWMN_Stop_DMA:000000bc $d
C:\Users\sante\AppData\Local\Temp\cc9r4gT1.s:4414   .text.HAL_TIMEx_OnePulseN_Start:00000000 $t
C:\Users\sante\AppData\Local\Temp\cc9r4gT1.s:4420   .text.HAL_TIMEx_OnePulseN_Start:00000000 HAL_TIMEx_OnePulseN_Start
C:\Users\sante\AppData\Local\Temp\cc9r4gT1.s:4569   .text.HAL_TIMEx_OnePulseN_Stop:00000000 $t
C:\Users\sante\AppData\Local\Temp\cc9r4gT1.s:4575   .text.HAL_TIMEx_OnePulseN_Stop:00000000 HAL_TIMEx_OnePulseN_Stop
C:\Users\sante\AppData\Local\Temp\cc9r4gT1.s:4679   .text.HAL_TIMEx_OnePulseN_Stop:0000006c $d
C:\Users\sante\AppData\Local\Temp\cc9r4gT1.s:4686   .text.HAL_TIMEx_OnePulseN_Start_IT:00000000 $t
C:\Users\sante\AppData\Local\Temp\cc9r4gT1.s:4692   .text.HAL_TIMEx_OnePulseN_Start_IT:00000000 HAL_TIMEx_OnePulseN_Start_IT
C:\Users\sante\AppData\Local\Temp\cc9r4gT1.s:4854   .text.HAL_TIMEx_OnePulseN_Stop_IT:00000000 $t
C:\Users\sante\AppData\Local\Temp\cc9r4gT1.s:4860   .text.HAL_TIMEx_OnePulseN_Stop_IT:00000000 HAL_TIMEx_OnePulseN_Stop_IT
C:\Users\sante\AppData\Local\Temp\cc9r4gT1.s:4976   .text.HAL_TIMEx_OnePulseN_Stop_IT:00000080 $d
C:\Users\sante\AppData\Local\Temp\cc9r4gT1.s:4983   .text.HAL_TIMEx_ConfigCommutEvent:00000000 $t
C:\Users\sante\AppData\Local\Temp\cc9r4gT1.s:4989   .text.HAL_TIMEx_ConfigCommutEvent:00000000 HAL_TIMEx_ConfigCommutEvent
C:\Users\sante\AppData\Local\Temp\cc9r4gT1.s:5112   .text.HAL_TIMEx_ConfigCommutEvent:00000070 $d
C:\Users\sante\AppData\Local\Temp\cc9r4gT1.s:5118   .text.HAL_TIMEx_ConfigCommutEvent_IT:00000000 $t
C:\Users\sante\AppData\Local\Temp\cc9r4gT1.s:5124   .text.HAL_TIMEx_ConfigCommutEvent_IT:00000000 HAL_TIMEx_ConfigCommutEvent_IT
C:\Users\sante\AppData\Local\Temp\cc9r4gT1.s:5247   .text.HAL_TIMEx_ConfigCommutEvent_IT:00000070 $d
C:\Users\sante\AppData\Local\Temp\cc9r4gT1.s:5253   .text.HAL_TIMEx_ConfigCommutEvent_DMA:00000000 $t
C:\Users\sante\AppData\Local\Temp\cc9r4gT1.s:5259   .text.HAL_TIMEx_ConfigCommutEvent_DMA:00000000 HAL_TIMEx_ConfigCommutEvent_DMA
C:\Users\sante\AppData\Local\Temp\cc9r4gT1.s:5401   .text.HAL_TIMEx_ConfigCommutEvent_DMA:00000084 $d
C:\Users\sante\AppData\Local\Temp\cc9r4gT1.s:6606   .text.TIMEx_DMACommutationCplt:00000000 TIMEx_DMACommutationCplt
C:\Users\sante\AppData\Local\Temp\cc9r4gT1.s:6665   .text.TIMEx_DMACommutationHalfCplt:00000000 TIMEx_DMACommutationHalfCplt
C:\Users\sante\AppData\Local\Temp\cc9r4gT1.s:5409   .text.HAL_TIMEx_MasterConfigSynchronization:00000000 $t
C:\Users\sante\AppData\Local\Temp\cc9r4gT1.s:5415   .text.HAL_TIMEx_MasterConfigSynchronization:00000000 HAL_TIMEx_MasterConfigSynchronization
C:\Users\sante\AppData\Local\Temp\cc9r4gT1.s:5569   .text.HAL_TIMEx_MasterConfigSynchronization:00000078 $d
C:\Users\sante\AppData\Local\Temp\cc9r4gT1.s:5578   .text.HAL_TIMEx_ConfigBreakDeadTime:00000000 $t
C:\Users\sante\AppData\Local\Temp\cc9r4gT1.s:5584   .text.HAL_TIMEx_ConfigBreakDeadTime:00000000 HAL_TIMEx_ConfigBreakDeadTime
C:\Users\sante\AppData\Local\Temp\cc9r4gT1.s:5768   .text.HAL_TIMEx_ConfigBreakDeadTime:00000090 $d
C:\Users\sante\AppData\Local\Temp\cc9r4gT1.s:5785   .text.HAL_TIMEx_ConfigBreakInput:00000000 $t
C:\Users\sante\AppData\Local\Temp\cc9r4gT1.s:5791   .text.HAL_TIMEx_ConfigBreakInput:00000000 HAL_TIMEx_ConfigBreakInput
C:\Users\sante\AppData\Local\Temp\cc9r4gT1.s:6030   .text.HAL_TIMEx_RemapConfig:00000000 $t
C:\Users\sante\AppData\Local\Temp\cc9r4gT1.s:6036   .text.HAL_TIMEx_RemapConfig:00000000 HAL_TIMEx_RemapConfig
C:\Users\sante\AppData\Local\Temp\cc9r4gT1.s:6097   .text.HAL_TIMEx_RemapConfig:0000002c $d
C:\Users\sante\AppData\Local\Temp\cc9r4gT1.s:6102   .text.HAL_TIMEx_TISelection:00000000 $t
C:\Users\sante\AppData\Local\Temp\cc9r4gT1.s:6108   .text.HAL_TIMEx_TISelection:00000000 HAL_TIMEx_TISelection
C:\Users\sante\AppData\Local\Temp\cc9r4gT1.s:6217   .text.HAL_TIMEx_TISelection:0000005c $d
C:\Users\sante\AppData\Local\Temp\cc9r4gT1.s:6223   .text.HAL_TIMEx_GroupChannel5:00000000 $t
C:\Users\sante\AppData\Local\Temp\cc9r4gT1.s:6229   .text.HAL_TIMEx_GroupChannel5:00000000 HAL_TIMEx_GroupChannel5
C:\Users\sante\AppData\Local\Temp\cc9r4gT1.s:6310   .text.HAL_TIMEx_DisarmBreakInput:00000000 $t
C:\Users\sante\AppData\Local\Temp\cc9r4gT1.s:6316   .text.HAL_TIMEx_DisarmBreakInput:00000000 HAL_TIMEx_DisarmBreakInput
C:\Users\sante\AppData\Local\Temp\cc9r4gT1.s:6419   .text.HAL_TIMEx_DisarmBreakInput:00000050 $d
C:\Users\sante\AppData\Local\Temp\cc9r4gT1.s:6425   .text.HAL_TIMEx_ReArmBreakInput:00000000 $t
C:\Users\sante\AppData\Local\Temp\cc9r4gT1.s:6431   .text.HAL_TIMEx_ReArmBreakInput:00000000 HAL_TIMEx_ReArmBreakInput
ARM GAS  C:\Users\sante\AppData\Local\Temp\cc9r4gT1.s 			page 205


C:\Users\sante\AppData\Local\Temp\cc9r4gT1.s:6578   .text.HAL_TIMEx_CommutCallback:00000000 $t
C:\Users\sante\AppData\Local\Temp\cc9r4gT1.s:6584   .text.HAL_TIMEx_CommutCallback:00000000 HAL_TIMEx_CommutCallback
C:\Users\sante\AppData\Local\Temp\cc9r4gT1.s:6600   .text.TIMEx_DMACommutationCplt:00000000 $t
C:\Users\sante\AppData\Local\Temp\cc9r4gT1.s:6637   .text.HAL_TIMEx_CommutHalfCpltCallback:00000000 $t
C:\Users\sante\AppData\Local\Temp\cc9r4gT1.s:6643   .text.HAL_TIMEx_CommutHalfCpltCallback:00000000 HAL_TIMEx_CommutHalfCpltCallback
C:\Users\sante\AppData\Local\Temp\cc9r4gT1.s:6659   .text.TIMEx_DMACommutationHalfCplt:00000000 $t
C:\Users\sante\AppData\Local\Temp\cc9r4gT1.s:6696   .text.HAL_TIMEx_BreakCallback:00000000 $t
C:\Users\sante\AppData\Local\Temp\cc9r4gT1.s:6702   .text.HAL_TIMEx_BreakCallback:00000000 HAL_TIMEx_BreakCallback
C:\Users\sante\AppData\Local\Temp\cc9r4gT1.s:6718   .text.HAL_TIMEx_Break2Callback:00000000 $t
C:\Users\sante\AppData\Local\Temp\cc9r4gT1.s:6724   .text.HAL_TIMEx_Break2Callback:00000000 HAL_TIMEx_Break2Callback
C:\Users\sante\AppData\Local\Temp\cc9r4gT1.s:6740   .text.HAL_TIMEx_HallSensor_GetState:00000000 $t
C:\Users\sante\AppData\Local\Temp\cc9r4gT1.s:6746   .text.HAL_TIMEx_HallSensor_GetState:00000000 HAL_TIMEx_HallSensor_GetState
C:\Users\sante\AppData\Local\Temp\cc9r4gT1.s:6768   .text.HAL_TIMEx_GetChannelNState:00000000 $t
C:\Users\sante\AppData\Local\Temp\cc9r4gT1.s:6774   .text.HAL_TIMEx_GetChannelNState:00000000 HAL_TIMEx_GetChannelNState

UNDEFINED SYMBOLS
HAL_TIM_ErrorCallback
HAL_TIM_PWM_PulseFinishedCallback
TIM_Base_SetConfig
TIM_TI1_SetConfig
TIM_OC2_SetConfig
TIM_CCxChannelCmd
HAL_DMA_Start_IT
TIM_DMACaptureCplt
TIM_DMACaptureHalfCplt
TIM_DMAError
HAL_DMA_Abort_IT
TIM_DMADelayPulseHalfCplt
HAL_GetTick
