ARM GAS  C:\Users\sante\AppData\Local\Temp\ccnrVYVE.s 			page 1


   1              		.cpu cortex-m0plus
   2              		.arch armv6s-m
   3              		.fpu softvfp
   4              		.eabi_attribute 20, 1
   5              		.eabi_attribute 21, 1
   6              		.eabi_attribute 23, 3
   7              		.eabi_attribute 24, 1
   8              		.eabi_attribute 25, 1
   9              		.eabi_attribute 26, 1
  10              		.eabi_attribute 30, 1
  11              		.eabi_attribute 34, 0
  12              		.eabi_attribute 18, 4
  13              		.file	"stm32g0xx_hal_pwr_ex.c"
  14              		.text
  15              	.Ltext0:
  16              		.cfi_sections	.debug_frame
  17              		.file 1 "Drivers/STM32G0xx_HAL_Driver/Src/stm32g0xx_hal_pwr_ex.c"
  18              		.section	.text.HAL_PWREx_EnableBatteryCharging,"ax",%progbits
  19              		.align	1
  20              		.global	HAL_PWREx_EnableBatteryCharging
  21              		.syntax unified
  22              		.code	16
  23              		.thumb_func
  25              	HAL_PWREx_EnableBatteryCharging:
  26              	.LVL0:
  27              	.LFB493:
   1:Drivers/STM32G0xx_HAL_Driver/Src/stm32g0xx_hal_pwr_ex.c **** /**
   2:Drivers/STM32G0xx_HAL_Driver/Src/stm32g0xx_hal_pwr_ex.c ****   ******************************************************************************
   3:Drivers/STM32G0xx_HAL_Driver/Src/stm32g0xx_hal_pwr_ex.c ****   * @file    stm32g0xx_hal_pwr_ex.c
   4:Drivers/STM32G0xx_HAL_Driver/Src/stm32g0xx_hal_pwr_ex.c ****   * @author  MCD Application Team
   5:Drivers/STM32G0xx_HAL_Driver/Src/stm32g0xx_hal_pwr_ex.c ****   * @brief   Extended PWR HAL module driver.
   6:Drivers/STM32G0xx_HAL_Driver/Src/stm32g0xx_hal_pwr_ex.c ****   *          This file provides firmware functions to manage the following
   7:Drivers/STM32G0xx_HAL_Driver/Src/stm32g0xx_hal_pwr_ex.c ****   *          functionalities of the Power Controller (PWR) peripheral:
   8:Drivers/STM32G0xx_HAL_Driver/Src/stm32g0xx_hal_pwr_ex.c ****   *           + Extended Initialization and de-initialization functions
   9:Drivers/STM32G0xx_HAL_Driver/Src/stm32g0xx_hal_pwr_ex.c ****   *           + Extended Peripheral Control functions
  10:Drivers/STM32G0xx_HAL_Driver/Src/stm32g0xx_hal_pwr_ex.c ****   *
  11:Drivers/STM32G0xx_HAL_Driver/Src/stm32g0xx_hal_pwr_ex.c ****   ******************************************************************************
  12:Drivers/STM32G0xx_HAL_Driver/Src/stm32g0xx_hal_pwr_ex.c ****   * @attention
  13:Drivers/STM32G0xx_HAL_Driver/Src/stm32g0xx_hal_pwr_ex.c ****   *
  14:Drivers/STM32G0xx_HAL_Driver/Src/stm32g0xx_hal_pwr_ex.c ****   * Copyright (c) 2018 STMicroelectronics.
  15:Drivers/STM32G0xx_HAL_Driver/Src/stm32g0xx_hal_pwr_ex.c ****   * All rights reserved.
  16:Drivers/STM32G0xx_HAL_Driver/Src/stm32g0xx_hal_pwr_ex.c ****   *
  17:Drivers/STM32G0xx_HAL_Driver/Src/stm32g0xx_hal_pwr_ex.c ****   * This software is licensed under terms that can be found in the LICENSE file
  18:Drivers/STM32G0xx_HAL_Driver/Src/stm32g0xx_hal_pwr_ex.c ****   * in the root directory of this software component.
  19:Drivers/STM32G0xx_HAL_Driver/Src/stm32g0xx_hal_pwr_ex.c ****   * If no LICENSE file comes with this software, it is provided AS-IS.
  20:Drivers/STM32G0xx_HAL_Driver/Src/stm32g0xx_hal_pwr_ex.c ****   *
  21:Drivers/STM32G0xx_HAL_Driver/Src/stm32g0xx_hal_pwr_ex.c ****   ******************************************************************************
  22:Drivers/STM32G0xx_HAL_Driver/Src/stm32g0xx_hal_pwr_ex.c ****   */
  23:Drivers/STM32G0xx_HAL_Driver/Src/stm32g0xx_hal_pwr_ex.c **** 
  24:Drivers/STM32G0xx_HAL_Driver/Src/stm32g0xx_hal_pwr_ex.c **** /* Includes ------------------------------------------------------------------*/
  25:Drivers/STM32G0xx_HAL_Driver/Src/stm32g0xx_hal_pwr_ex.c **** #include "stm32g0xx_hal.h"
  26:Drivers/STM32G0xx_HAL_Driver/Src/stm32g0xx_hal_pwr_ex.c **** 
  27:Drivers/STM32G0xx_HAL_Driver/Src/stm32g0xx_hal_pwr_ex.c **** /** @addtogroup STM32G0xx_HAL_Driver
  28:Drivers/STM32G0xx_HAL_Driver/Src/stm32g0xx_hal_pwr_ex.c ****   * @{
  29:Drivers/STM32G0xx_HAL_Driver/Src/stm32g0xx_hal_pwr_ex.c ****   */
  30:Drivers/STM32G0xx_HAL_Driver/Src/stm32g0xx_hal_pwr_ex.c **** 
  31:Drivers/STM32G0xx_HAL_Driver/Src/stm32g0xx_hal_pwr_ex.c **** /** @addtogroup PWREx
ARM GAS  C:\Users\sante\AppData\Local\Temp\ccnrVYVE.s 			page 2


  32:Drivers/STM32G0xx_HAL_Driver/Src/stm32g0xx_hal_pwr_ex.c ****   * @{
  33:Drivers/STM32G0xx_HAL_Driver/Src/stm32g0xx_hal_pwr_ex.c ****   */
  34:Drivers/STM32G0xx_HAL_Driver/Src/stm32g0xx_hal_pwr_ex.c **** 
  35:Drivers/STM32G0xx_HAL_Driver/Src/stm32g0xx_hal_pwr_ex.c **** #ifdef HAL_PWR_MODULE_ENABLED
  36:Drivers/STM32G0xx_HAL_Driver/Src/stm32g0xx_hal_pwr_ex.c **** 
  37:Drivers/STM32G0xx_HAL_Driver/Src/stm32g0xx_hal_pwr_ex.c **** /* Private typedef -----------------------------------------------------------*/
  38:Drivers/STM32G0xx_HAL_Driver/Src/stm32g0xx_hal_pwr_ex.c **** /* Private define ------------------------------------------------------------*/
  39:Drivers/STM32G0xx_HAL_Driver/Src/stm32g0xx_hal_pwr_ex.c **** /** @defgroup PWR_Extended_Private_Defines PWR Extended Private Defines
  40:Drivers/STM32G0xx_HAL_Driver/Src/stm32g0xx_hal_pwr_ex.c ****   * @{
  41:Drivers/STM32G0xx_HAL_Driver/Src/stm32g0xx_hal_pwr_ex.c ****   */
  42:Drivers/STM32G0xx_HAL_Driver/Src/stm32g0xx_hal_pwr_ex.c **** 
  43:Drivers/STM32G0xx_HAL_Driver/Src/stm32g0xx_hal_pwr_ex.c **** #if defined(PWR_PVD_SUPPORT)
  44:Drivers/STM32G0xx_HAL_Driver/Src/stm32g0xx_hal_pwr_ex.c **** /** @defgroup PWR_PVD_Mode_Mask PWR PVD Mode Mask
  45:Drivers/STM32G0xx_HAL_Driver/Src/stm32g0xx_hal_pwr_ex.c ****   * @{
  46:Drivers/STM32G0xx_HAL_Driver/Src/stm32g0xx_hal_pwr_ex.c ****   */
  47:Drivers/STM32G0xx_HAL_Driver/Src/stm32g0xx_hal_pwr_ex.c **** #define PVD_MODE_IT           0x00010000U  /*!< Mask for interruption yielded
  48:Drivers/STM32G0xx_HAL_Driver/Src/stm32g0xx_hal_pwr_ex.c ****                                                 by PVD threshold crossing     */
  49:Drivers/STM32G0xx_HAL_Driver/Src/stm32g0xx_hal_pwr_ex.c **** #define PVD_MODE_EVT          0x00020000U  /*!< Mask for event yielded
  50:Drivers/STM32G0xx_HAL_Driver/Src/stm32g0xx_hal_pwr_ex.c ****                                                 by PVD threshold crossing     */
  51:Drivers/STM32G0xx_HAL_Driver/Src/stm32g0xx_hal_pwr_ex.c **** #define PVD_RISING_EDGE       0x00000001U  /*!< Mask for rising edge set as
  52:Drivers/STM32G0xx_HAL_Driver/Src/stm32g0xx_hal_pwr_ex.c ****                                                 PVD trigger                   */
  53:Drivers/STM32G0xx_HAL_Driver/Src/stm32g0xx_hal_pwr_ex.c **** #define PVD_FALLING_EDGE      0x00000002U  /*!< Mask for falling edge set as
  54:Drivers/STM32G0xx_HAL_Driver/Src/stm32g0xx_hal_pwr_ex.c ****                                                 PVD trigger                   */
  55:Drivers/STM32G0xx_HAL_Driver/Src/stm32g0xx_hal_pwr_ex.c **** /**
  56:Drivers/STM32G0xx_HAL_Driver/Src/stm32g0xx_hal_pwr_ex.c ****   * @}
  57:Drivers/STM32G0xx_HAL_Driver/Src/stm32g0xx_hal_pwr_ex.c ****   */
  58:Drivers/STM32G0xx_HAL_Driver/Src/stm32g0xx_hal_pwr_ex.c **** #endif /* PWR_PVD_SUPPORT */
  59:Drivers/STM32G0xx_HAL_Driver/Src/stm32g0xx_hal_pwr_ex.c **** 
  60:Drivers/STM32G0xx_HAL_Driver/Src/stm32g0xx_hal_pwr_ex.c **** /** @defgroup PWREx_TimeOut_Value  PWREx Flag Setting Time Out Value
  61:Drivers/STM32G0xx_HAL_Driver/Src/stm32g0xx_hal_pwr_ex.c ****   * @{
  62:Drivers/STM32G0xx_HAL_Driver/Src/stm32g0xx_hal_pwr_ex.c ****   */
  63:Drivers/STM32G0xx_HAL_Driver/Src/stm32g0xx_hal_pwr_ex.c **** #define PWR_REGLPF_SETTING_DELAY_6_US       6u  /*!< REGLPF should rise in about 5 us plus
  64:Drivers/STM32G0xx_HAL_Driver/Src/stm32g0xx_hal_pwr_ex.c ****                                                      2 APB clock. Taking in account max Sysclk at
  65:Drivers/STM32G0xx_HAL_Driver/Src/stm32g0xx_hal_pwr_ex.c ****                                                      2 MHz, and rounded to upper value */
  66:Drivers/STM32G0xx_HAL_Driver/Src/stm32g0xx_hal_pwr_ex.c **** 
  67:Drivers/STM32G0xx_HAL_Driver/Src/stm32g0xx_hal_pwr_ex.c **** #define PWR_VOSF_SETTING_DELAY_6_US         6u  /*!< VOSF should rise in about 5 us plus
  68:Drivers/STM32G0xx_HAL_Driver/Src/stm32g0xx_hal_pwr_ex.c ****                                                      2 APB clock. Taking in account max Sysclk at
  69:Drivers/STM32G0xx_HAL_Driver/Src/stm32g0xx_hal_pwr_ex.c ****                                                      16 MHz, and rounded to upper value */
  70:Drivers/STM32G0xx_HAL_Driver/Src/stm32g0xx_hal_pwr_ex.c **** /**
  71:Drivers/STM32G0xx_HAL_Driver/Src/stm32g0xx_hal_pwr_ex.c ****   * @}
  72:Drivers/STM32G0xx_HAL_Driver/Src/stm32g0xx_hal_pwr_ex.c ****   */
  73:Drivers/STM32G0xx_HAL_Driver/Src/stm32g0xx_hal_pwr_ex.c **** 
  74:Drivers/STM32G0xx_HAL_Driver/Src/stm32g0xx_hal_pwr_ex.c **** /** @defgroup PWREx_Gpio_Pin_Number  PWREx Gpio Pin Number
  75:Drivers/STM32G0xx_HAL_Driver/Src/stm32g0xx_hal_pwr_ex.c ****   * @{
  76:Drivers/STM32G0xx_HAL_Driver/Src/stm32g0xx_hal_pwr_ex.c ****   */
  77:Drivers/STM32G0xx_HAL_Driver/Src/stm32g0xx_hal_pwr_ex.c **** #define PWR_GPIO_PIN_NB                     16u  /*!< Number of gpio pin in bank */
  78:Drivers/STM32G0xx_HAL_Driver/Src/stm32g0xx_hal_pwr_ex.c **** /**
  79:Drivers/STM32G0xx_HAL_Driver/Src/stm32g0xx_hal_pwr_ex.c ****   * @}
  80:Drivers/STM32G0xx_HAL_Driver/Src/stm32g0xx_hal_pwr_ex.c ****   */
  81:Drivers/STM32G0xx_HAL_Driver/Src/stm32g0xx_hal_pwr_ex.c **** 
  82:Drivers/STM32G0xx_HAL_Driver/Src/stm32g0xx_hal_pwr_ex.c **** /**
  83:Drivers/STM32G0xx_HAL_Driver/Src/stm32g0xx_hal_pwr_ex.c ****   * @}
  84:Drivers/STM32G0xx_HAL_Driver/Src/stm32g0xx_hal_pwr_ex.c ****   */
  85:Drivers/STM32G0xx_HAL_Driver/Src/stm32g0xx_hal_pwr_ex.c **** 
  86:Drivers/STM32G0xx_HAL_Driver/Src/stm32g0xx_hal_pwr_ex.c **** /* Private macro -------------------------------------------------------------*/
  87:Drivers/STM32G0xx_HAL_Driver/Src/stm32g0xx_hal_pwr_ex.c **** /* Private variables ---------------------------------------------------------*/
  88:Drivers/STM32G0xx_HAL_Driver/Src/stm32g0xx_hal_pwr_ex.c **** /* Private function prototypes -----------------------------------------------*/
ARM GAS  C:\Users\sante\AppData\Local\Temp\ccnrVYVE.s 			page 3


  89:Drivers/STM32G0xx_HAL_Driver/Src/stm32g0xx_hal_pwr_ex.c **** /* Exported functions --------------------------------------------------------*/
  90:Drivers/STM32G0xx_HAL_Driver/Src/stm32g0xx_hal_pwr_ex.c **** /** @addtogroup PWREx_Exported_Functions PWR Extended Exported Functions
  91:Drivers/STM32G0xx_HAL_Driver/Src/stm32g0xx_hal_pwr_ex.c ****   * @{
  92:Drivers/STM32G0xx_HAL_Driver/Src/stm32g0xx_hal_pwr_ex.c ****   */
  93:Drivers/STM32G0xx_HAL_Driver/Src/stm32g0xx_hal_pwr_ex.c **** 
  94:Drivers/STM32G0xx_HAL_Driver/Src/stm32g0xx_hal_pwr_ex.c **** /** @addtogroup PWREx_Exported_Functions_Group1 Extended Peripheral Control functions
  95:Drivers/STM32G0xx_HAL_Driver/Src/stm32g0xx_hal_pwr_ex.c ****   *  @brief   Extended Peripheral Control functions
  96:Drivers/STM32G0xx_HAL_Driver/Src/stm32g0xx_hal_pwr_ex.c ****   *
  97:Drivers/STM32G0xx_HAL_Driver/Src/stm32g0xx_hal_pwr_ex.c **** @verbatim
  98:Drivers/STM32G0xx_HAL_Driver/Src/stm32g0xx_hal_pwr_ex.c ****  ===============================================================================
  99:Drivers/STM32G0xx_HAL_Driver/Src/stm32g0xx_hal_pwr_ex.c ****   ##### Extended Peripheral Initialization and de-initialization functions #####
 100:Drivers/STM32G0xx_HAL_Driver/Src/stm32g0xx_hal_pwr_ex.c ****  ===============================================================================
 101:Drivers/STM32G0xx_HAL_Driver/Src/stm32g0xx_hal_pwr_ex.c ****     [..]
 102:Drivers/STM32G0xx_HAL_Driver/Src/stm32g0xx_hal_pwr_ex.c ****      *** PVD configuration ***
 103:Drivers/STM32G0xx_HAL_Driver/Src/stm32g0xx_hal_pwr_ex.c ****     =========================
 104:Drivers/STM32G0xx_HAL_Driver/Src/stm32g0xx_hal_pwr_ex.c ****     [..]
 105:Drivers/STM32G0xx_HAL_Driver/Src/stm32g0xx_hal_pwr_ex.c ****       (+) The PVD is used to monitor the VDD power supply by comparing it to a
 106:Drivers/STM32G0xx_HAL_Driver/Src/stm32g0xx_hal_pwr_ex.c ****           threshold selected by the PVD Level (PVDRT[2:0] & PVDFT[2:0] bits in
 107:Drivers/STM32G0xx_HAL_Driver/Src/stm32g0xx_hal_pwr_ex.c ****           PWR CR2 register).
 108:Drivers/STM32G0xx_HAL_Driver/Src/stm32g0xx_hal_pwr_ex.c ****       (+) PVDO flag is available to indicate if VDD/VDDA is higher or lower
 109:Drivers/STM32G0xx_HAL_Driver/Src/stm32g0xx_hal_pwr_ex.c ****           than the PVD threshold. This event is internally connected to the EXTI
 110:Drivers/STM32G0xx_HAL_Driver/Src/stm32g0xx_hal_pwr_ex.c ****           line 16 and can generate an interrupt if enabled.
 111:Drivers/STM32G0xx_HAL_Driver/Src/stm32g0xx_hal_pwr_ex.c ****       (+) The PVD is stopped in Standby & Shutdown mode.
 112:Drivers/STM32G0xx_HAL_Driver/Src/stm32g0xx_hal_pwr_ex.c **** 
 113:Drivers/STM32G0xx_HAL_Driver/Src/stm32g0xx_hal_pwr_ex.c ****      *** PVM configuration ***
 114:Drivers/STM32G0xx_HAL_Driver/Src/stm32g0xx_hal_pwr_ex.c ****     =========================
 115:Drivers/STM32G0xx_HAL_Driver/Src/stm32g0xx_hal_pwr_ex.c ****     [..]
 116:Drivers/STM32G0xx_HAL_Driver/Src/stm32g0xx_hal_pwr_ex.c **** 
 117:Drivers/STM32G0xx_HAL_Driver/Src/stm32g0xx_hal_pwr_ex.c **** @endverbatim
 118:Drivers/STM32G0xx_HAL_Driver/Src/stm32g0xx_hal_pwr_ex.c ****   * @{
 119:Drivers/STM32G0xx_HAL_Driver/Src/stm32g0xx_hal_pwr_ex.c ****   */
 120:Drivers/STM32G0xx_HAL_Driver/Src/stm32g0xx_hal_pwr_ex.c **** 
 121:Drivers/STM32G0xx_HAL_Driver/Src/stm32g0xx_hal_pwr_ex.c **** /**
 122:Drivers/STM32G0xx_HAL_Driver/Src/stm32g0xx_hal_pwr_ex.c ****   * @brief  Enable battery charging.
 123:Drivers/STM32G0xx_HAL_Driver/Src/stm32g0xx_hal_pwr_ex.c ****   * @note   When VDD is present, charge the external battery on VBAT through an
 124:Drivers/STM32G0xx_HAL_Driver/Src/stm32g0xx_hal_pwr_ex.c ****   *         internal resistor.
 125:Drivers/STM32G0xx_HAL_Driver/Src/stm32g0xx_hal_pwr_ex.c ****   * @param  ResistorSelection specifies the resistor impedance.
 126:Drivers/STM32G0xx_HAL_Driver/Src/stm32g0xx_hal_pwr_ex.c ****   *         This parameter can be one of the following values:
 127:Drivers/STM32G0xx_HAL_Driver/Src/stm32g0xx_hal_pwr_ex.c ****   *           @arg @ref PWR_BATTERY_CHARGING_RESISTOR_5     5 kOhms resistor
 128:Drivers/STM32G0xx_HAL_Driver/Src/stm32g0xx_hal_pwr_ex.c ****   *           @arg @ref PWR_BATTERY_CHARGING_RESISTOR_1_5 1.5 kOhms resistor
 129:Drivers/STM32G0xx_HAL_Driver/Src/stm32g0xx_hal_pwr_ex.c ****   * @retval None
 130:Drivers/STM32G0xx_HAL_Driver/Src/stm32g0xx_hal_pwr_ex.c ****   */
 131:Drivers/STM32G0xx_HAL_Driver/Src/stm32g0xx_hal_pwr_ex.c **** void HAL_PWREx_EnableBatteryCharging(uint32_t ResistorSelection)
 132:Drivers/STM32G0xx_HAL_Driver/Src/stm32g0xx_hal_pwr_ex.c **** {
  28              		.loc 1 132 1 view -0
  29              		.cfi_startproc
  30              		@ args = 0, pretend = 0, frame = 0
  31              		@ frame_needed = 0, uses_anonymous_args = 0
  32              		@ link register save eliminated.
 133:Drivers/STM32G0xx_HAL_Driver/Src/stm32g0xx_hal_pwr_ex.c ****   uint32_t tmpreg;
  33              		.loc 1 133 3 view .LVU1
 134:Drivers/STM32G0xx_HAL_Driver/Src/stm32g0xx_hal_pwr_ex.c ****   assert_param(IS_PWR_BATTERY_RESISTOR_SELECT(ResistorSelection));
  34              		.loc 1 134 3 view .LVU2
 135:Drivers/STM32G0xx_HAL_Driver/Src/stm32g0xx_hal_pwr_ex.c **** 
 136:Drivers/STM32G0xx_HAL_Driver/Src/stm32g0xx_hal_pwr_ex.c ****   /* Specify resistor selection and enable battery charging */
 137:Drivers/STM32G0xx_HAL_Driver/Src/stm32g0xx_hal_pwr_ex.c ****   tmpreg = (PWR->CR4 & ~PWR_CR4_VBRS);
  35              		.loc 1 137 3 view .LVU3
ARM GAS  C:\Users\sante\AppData\Local\Temp\ccnrVYVE.s 			page 4


  36              		.loc 1 137 16 is_stmt 0 view .LVU4
  37 0000 0449     		ldr	r1, .L2
  38 0002 CB68     		ldr	r3, [r1, #12]
  39              		.loc 1 137 10 view .LVU5
  40 0004 044A     		ldr	r2, .L2+4
  41 0006 1340     		ands	r3, r2
  42              	.LVL1:
 138:Drivers/STM32G0xx_HAL_Driver/Src/stm32g0xx_hal_pwr_ex.c ****   PWR->CR4 = (tmpreg | ResistorSelection | PWR_CR4_VBE);
  43              		.loc 1 138 3 is_stmt 1 view .LVU6
  44              		.loc 1 138 22 is_stmt 0 view .LVU7
  45 0008 0343     		orrs	r3, r0
  46              	.LVL2:
  47              		.loc 1 138 42 view .LVU8
  48 000a 8022     		movs	r2, #128
  49 000c 5200     		lsls	r2, r2, #1
  50 000e 1343     		orrs	r3, r2
  51              		.loc 1 138 12 view .LVU9
  52 0010 CB60     		str	r3, [r1, #12]
 139:Drivers/STM32G0xx_HAL_Driver/Src/stm32g0xx_hal_pwr_ex.c **** }
  53              		.loc 1 139 1 view .LVU10
  54              		@ sp needed
  55 0012 7047     		bx	lr
  56              	.L3:
  57              		.align	2
  58              	.L2:
  59 0014 00700040 		.word	1073770496
  60 0018 FFFDFFFF 		.word	-513
  61              		.cfi_endproc
  62              	.LFE493:
  64              		.section	.text.HAL_PWREx_DisableBatteryCharging,"ax",%progbits
  65              		.align	1
  66              		.global	HAL_PWREx_DisableBatteryCharging
  67              		.syntax unified
  68              		.code	16
  69              		.thumb_func
  71              	HAL_PWREx_DisableBatteryCharging:
  72              	.LFB494:
 140:Drivers/STM32G0xx_HAL_Driver/Src/stm32g0xx_hal_pwr_ex.c **** 
 141:Drivers/STM32G0xx_HAL_Driver/Src/stm32g0xx_hal_pwr_ex.c **** 
 142:Drivers/STM32G0xx_HAL_Driver/Src/stm32g0xx_hal_pwr_ex.c **** /**
 143:Drivers/STM32G0xx_HAL_Driver/Src/stm32g0xx_hal_pwr_ex.c ****   * @brief Disable battery charging.
 144:Drivers/STM32G0xx_HAL_Driver/Src/stm32g0xx_hal_pwr_ex.c ****   * @retval None
 145:Drivers/STM32G0xx_HAL_Driver/Src/stm32g0xx_hal_pwr_ex.c ****   */
 146:Drivers/STM32G0xx_HAL_Driver/Src/stm32g0xx_hal_pwr_ex.c **** void HAL_PWREx_DisableBatteryCharging(void)
 147:Drivers/STM32G0xx_HAL_Driver/Src/stm32g0xx_hal_pwr_ex.c **** {
  73              		.loc 1 147 1 is_stmt 1 view -0
  74              		.cfi_startproc
  75              		@ args = 0, pretend = 0, frame = 0
  76              		@ frame_needed = 0, uses_anonymous_args = 0
  77              		@ link register save eliminated.
 148:Drivers/STM32G0xx_HAL_Driver/Src/stm32g0xx_hal_pwr_ex.c ****   CLEAR_BIT(PWR->CR4, PWR_CR4_VBE);
  78              		.loc 1 148 3 view .LVU12
  79 0000 024A     		ldr	r2, .L5
  80 0002 D368     		ldr	r3, [r2, #12]
  81 0004 0249     		ldr	r1, .L5+4
  82 0006 0B40     		ands	r3, r1
  83 0008 D360     		str	r3, [r2, #12]
ARM GAS  C:\Users\sante\AppData\Local\Temp\ccnrVYVE.s 			page 5


 149:Drivers/STM32G0xx_HAL_Driver/Src/stm32g0xx_hal_pwr_ex.c **** }
  84              		.loc 1 149 1 is_stmt 0 view .LVU13
  85              		@ sp needed
  86 000a 7047     		bx	lr
  87              	.L6:
  88              		.align	2
  89              	.L5:
  90 000c 00700040 		.word	1073770496
  91 0010 FFFEFFFF 		.word	-257
  92              		.cfi_endproc
  93              	.LFE494:
  95              		.section	.text.HAL_PWREx_EnablePORMonitorSampling,"ax",%progbits
  96              		.align	1
  97              		.global	HAL_PWREx_EnablePORMonitorSampling
  98              		.syntax unified
  99              		.code	16
 100              		.thumb_func
 102              	HAL_PWREx_EnablePORMonitorSampling:
 103              	.LFB495:
 150:Drivers/STM32G0xx_HAL_Driver/Src/stm32g0xx_hal_pwr_ex.c **** 
 151:Drivers/STM32G0xx_HAL_Driver/Src/stm32g0xx_hal_pwr_ex.c **** #if defined(PWR_CR3_ENB_ULP)
 152:Drivers/STM32G0xx_HAL_Driver/Src/stm32g0xx_hal_pwr_ex.c **** /**
 153:Drivers/STM32G0xx_HAL_Driver/Src/stm32g0xx_hal_pwr_ex.c ****   * @brief  Enable POR Monitor sampling mode.
 154:Drivers/STM32G0xx_HAL_Driver/Src/stm32g0xx_hal_pwr_ex.c ****   * @note   When entering ultra low power modes (standby, shutdown) this feature
 155:Drivers/STM32G0xx_HAL_Driver/Src/stm32g0xx_hal_pwr_ex.c ****   *         can be enabled to reduce further consumption: Power On Reset monitor
 156:Drivers/STM32G0xx_HAL_Driver/Src/stm32g0xx_hal_pwr_ex.c ****   *         is then set in sampling mode, and no more in always on mode.
 157:Drivers/STM32G0xx_HAL_Driver/Src/stm32g0xx_hal_pwr_ex.c ****   * @retval None
 158:Drivers/STM32G0xx_HAL_Driver/Src/stm32g0xx_hal_pwr_ex.c ****   */
 159:Drivers/STM32G0xx_HAL_Driver/Src/stm32g0xx_hal_pwr_ex.c **** void HAL_PWREx_EnablePORMonitorSampling(void)
 160:Drivers/STM32G0xx_HAL_Driver/Src/stm32g0xx_hal_pwr_ex.c **** {
 104              		.loc 1 160 1 is_stmt 1 view -0
 105              		.cfi_startproc
 106              		@ args = 0, pretend = 0, frame = 0
 107              		@ frame_needed = 0, uses_anonymous_args = 0
 108              		@ link register save eliminated.
 161:Drivers/STM32G0xx_HAL_Driver/Src/stm32g0xx_hal_pwr_ex.c ****   PWR->CR3 |= PWR_CR3_ENB_ULP;
 109              		.loc 1 161 3 view .LVU15
 110              		.loc 1 161 6 is_stmt 0 view .LVU16
 111 0000 034A     		ldr	r2, .L8
 112 0002 9168     		ldr	r1, [r2, #8]
 113              		.loc 1 161 12 view .LVU17
 114 0004 8023     		movs	r3, #128
 115 0006 9B00     		lsls	r3, r3, #2
 116 0008 0B43     		orrs	r3, r1
 117 000a 9360     		str	r3, [r2, #8]
 162:Drivers/STM32G0xx_HAL_Driver/Src/stm32g0xx_hal_pwr_ex.c **** }
 118              		.loc 1 162 1 view .LVU18
 119              		@ sp needed
 120 000c 7047     		bx	lr
 121              	.L9:
 122 000e C046     		.align	2
 123              	.L8:
 124 0010 00700040 		.word	1073770496
 125              		.cfi_endproc
 126              	.LFE495:
 128              		.section	.text.HAL_PWREx_DisablePORMonitorSampling,"ax",%progbits
 129              		.align	1
ARM GAS  C:\Users\sante\AppData\Local\Temp\ccnrVYVE.s 			page 6


 130              		.global	HAL_PWREx_DisablePORMonitorSampling
 131              		.syntax unified
 132              		.code	16
 133              		.thumb_func
 135              	HAL_PWREx_DisablePORMonitorSampling:
 136              	.LFB496:
 163:Drivers/STM32G0xx_HAL_Driver/Src/stm32g0xx_hal_pwr_ex.c **** 
 164:Drivers/STM32G0xx_HAL_Driver/Src/stm32g0xx_hal_pwr_ex.c **** 
 165:Drivers/STM32G0xx_HAL_Driver/Src/stm32g0xx_hal_pwr_ex.c **** /**
 166:Drivers/STM32G0xx_HAL_Driver/Src/stm32g0xx_hal_pwr_ex.c ****   * @brief  Disable POR Monitor sampling mode.
 167:Drivers/STM32G0xx_HAL_Driver/Src/stm32g0xx_hal_pwr_ex.c ****   * @retval None
 168:Drivers/STM32G0xx_HAL_Driver/Src/stm32g0xx_hal_pwr_ex.c ****   */
 169:Drivers/STM32G0xx_HAL_Driver/Src/stm32g0xx_hal_pwr_ex.c **** void HAL_PWREx_DisablePORMonitorSampling(void)
 170:Drivers/STM32G0xx_HAL_Driver/Src/stm32g0xx_hal_pwr_ex.c **** {
 137              		.loc 1 170 1 is_stmt 1 view -0
 138              		.cfi_startproc
 139              		@ args = 0, pretend = 0, frame = 0
 140              		@ frame_needed = 0, uses_anonymous_args = 0
 141              		@ link register save eliminated.
 171:Drivers/STM32G0xx_HAL_Driver/Src/stm32g0xx_hal_pwr_ex.c ****   PWR->CR3 &= ~PWR_CR3_ENB_ULP;
 142              		.loc 1 171 3 view .LVU20
 143              		.loc 1 171 6 is_stmt 0 view .LVU21
 144 0000 024A     		ldr	r2, .L11
 145 0002 9368     		ldr	r3, [r2, #8]
 146              		.loc 1 171 12 view .LVU22
 147 0004 0249     		ldr	r1, .L11+4
 148 0006 0B40     		ands	r3, r1
 149 0008 9360     		str	r3, [r2, #8]
 172:Drivers/STM32G0xx_HAL_Driver/Src/stm32g0xx_hal_pwr_ex.c **** }
 150              		.loc 1 172 1 view .LVU23
 151              		@ sp needed
 152 000a 7047     		bx	lr
 153              	.L12:
 154              		.align	2
 155              	.L11:
 156 000c 00700040 		.word	1073770496
 157 0010 FFFDFFFF 		.word	-513
 158              		.cfi_endproc
 159              	.LFE496:
 161              		.section	.text.HAL_PWREx_ConfigPVD,"ax",%progbits
 162              		.align	1
 163              		.global	HAL_PWREx_ConfigPVD
 164              		.syntax unified
 165              		.code	16
 166              		.thumb_func
 168              	HAL_PWREx_ConfigPVD:
 169              	.LVL3:
 170              	.LFB497:
 173:Drivers/STM32G0xx_HAL_Driver/Src/stm32g0xx_hal_pwr_ex.c **** #endif /* PWR_CR3_ENB_ULP */
 174:Drivers/STM32G0xx_HAL_Driver/Src/stm32g0xx_hal_pwr_ex.c **** 
 175:Drivers/STM32G0xx_HAL_Driver/Src/stm32g0xx_hal_pwr_ex.c **** #if defined(PWR_PVD_SUPPORT)
 176:Drivers/STM32G0xx_HAL_Driver/Src/stm32g0xx_hal_pwr_ex.c **** /**
 177:Drivers/STM32G0xx_HAL_Driver/Src/stm32g0xx_hal_pwr_ex.c ****   * @brief  Configure the Power Voltage Detector (PVD).
 178:Drivers/STM32G0xx_HAL_Driver/Src/stm32g0xx_hal_pwr_ex.c ****   * @param  sConfigPVD pointer to a PWR_PVDTypeDef structure that contains the
 179:Drivers/STM32G0xx_HAL_Driver/Src/stm32g0xx_hal_pwr_ex.c ****             PVD configuration information: threshold levels, operating mode.
 180:Drivers/STM32G0xx_HAL_Driver/Src/stm32g0xx_hal_pwr_ex.c ****   * @note   Refer to the electrical characteristics of your device datasheet for
 181:Drivers/STM32G0xx_HAL_Driver/Src/stm32g0xx_hal_pwr_ex.c ****   *         more details about the voltage thresholds corresponding to each
ARM GAS  C:\Users\sante\AppData\Local\Temp\ccnrVYVE.s 			page 7


 182:Drivers/STM32G0xx_HAL_Driver/Src/stm32g0xx_hal_pwr_ex.c ****   *         detection level.
 183:Drivers/STM32G0xx_HAL_Driver/Src/stm32g0xx_hal_pwr_ex.c ****   * @note   User should take care that rising threshold is higher than falling
 184:Drivers/STM32G0xx_HAL_Driver/Src/stm32g0xx_hal_pwr_ex.c ****   *         one in order to avoid having always PVDO output set.
 185:Drivers/STM32G0xx_HAL_Driver/Src/stm32g0xx_hal_pwr_ex.c ****   * @retval HAL_OK
 186:Drivers/STM32G0xx_HAL_Driver/Src/stm32g0xx_hal_pwr_ex.c ****   */
 187:Drivers/STM32G0xx_HAL_Driver/Src/stm32g0xx_hal_pwr_ex.c **** HAL_StatusTypeDef HAL_PWREx_ConfigPVD(PWR_PVDTypeDef *sConfigPVD)
 188:Drivers/STM32G0xx_HAL_Driver/Src/stm32g0xx_hal_pwr_ex.c **** {
 171              		.loc 1 188 1 is_stmt 1 view -0
 172              		.cfi_startproc
 173              		@ args = 0, pretend = 0, frame = 0
 174              		@ frame_needed = 0, uses_anonymous_args = 0
 175              		.loc 1 188 1 is_stmt 0 view .LVU25
 176 0000 10B5     		push	{r4, lr}
 177              		.cfi_def_cfa_offset 8
 178              		.cfi_offset 4, -8
 179              		.cfi_offset 14, -4
 189:Drivers/STM32G0xx_HAL_Driver/Src/stm32g0xx_hal_pwr_ex.c ****   /* Check the parameters */
 190:Drivers/STM32G0xx_HAL_Driver/Src/stm32g0xx_hal_pwr_ex.c ****   assert_param(IS_PWR_PVD_LEVEL(sConfigPVD->PVDLevel));
 180              		.loc 1 190 3 is_stmt 1 view .LVU26
 191:Drivers/STM32G0xx_HAL_Driver/Src/stm32g0xx_hal_pwr_ex.c ****   assert_param(IS_PWR_PVD_MODE(sConfigPVD->Mode));
 181              		.loc 1 191 3 view .LVU27
 192:Drivers/STM32G0xx_HAL_Driver/Src/stm32g0xx_hal_pwr_ex.c **** 
 193:Drivers/STM32G0xx_HAL_Driver/Src/stm32g0xx_hal_pwr_ex.c ****   /* Set PVD level bits only according to PVDLevel value */
 194:Drivers/STM32G0xx_HAL_Driver/Src/stm32g0xx_hal_pwr_ex.c ****   MODIFY_REG(PWR->CR2, (PWR_CR2_PVDFT | PWR_CR2_PVDRT), sConfigPVD->PVDLevel);
 182              		.loc 1 194 3 view .LVU28
 183 0002 1F4A     		ldr	r2, .L22
 184 0004 5368     		ldr	r3, [r2, #4]
 185 0006 7E21     		movs	r1, #126
 186 0008 8B43     		bics	r3, r1
 187 000a 0168     		ldr	r1, [r0]
 188 000c 0B43     		orrs	r3, r1
 189 000e 5360     		str	r3, [r2, #4]
 195:Drivers/STM32G0xx_HAL_Driver/Src/stm32g0xx_hal_pwr_ex.c **** 
 196:Drivers/STM32G0xx_HAL_Driver/Src/stm32g0xx_hal_pwr_ex.c ****   /* Clear any previous config, in case no event or IT mode is selected */
 197:Drivers/STM32G0xx_HAL_Driver/Src/stm32g0xx_hal_pwr_ex.c ****   __HAL_PWR_PVD_EXTI_DISABLE_EVENT();
 190              		.loc 1 197 3 view .LVU29
 191 0010 1C4B     		ldr	r3, .L22+4
 192 0012 8424     		movs	r4, #132
 193 0014 1959     		ldr	r1, [r3, r4]
 194 0016 1C4A     		ldr	r2, .L22+8
 195 0018 1140     		ands	r1, r2
 196 001a 1951     		str	r1, [r3, r4]
 198:Drivers/STM32G0xx_HAL_Driver/Src/stm32g0xx_hal_pwr_ex.c ****   __HAL_PWR_PVD_EXTI_DISABLE_IT();
 197              		.loc 1 198 3 view .LVU30
 198 001c 043C     		subs	r4, r4, #4
 199 001e 1959     		ldr	r1, [r3, r4]
 200 0020 1140     		ands	r1, r2
 201 0022 1951     		str	r1, [r3, r4]
 199:Drivers/STM32G0xx_HAL_Driver/Src/stm32g0xx_hal_pwr_ex.c ****   __HAL_PWR_PVD_EXTI_DISABLE_FALLING_EDGE();
 202              		.loc 1 199 3 view .LVU31
 203 0024 5968     		ldr	r1, [r3, #4]
 204 0026 1140     		ands	r1, r2
 205 0028 5960     		str	r1, [r3, #4]
 200:Drivers/STM32G0xx_HAL_Driver/Src/stm32g0xx_hal_pwr_ex.c ****   __HAL_PWR_PVD_EXTI_DISABLE_RISING_EDGE();
 206              		.loc 1 200 3 view .LVU32
 207 002a 1968     		ldr	r1, [r3]
 208 002c 0A40     		ands	r2, r1
ARM GAS  C:\Users\sante\AppData\Local\Temp\ccnrVYVE.s 			page 8


 209 002e 1A60     		str	r2, [r3]
 201:Drivers/STM32G0xx_HAL_Driver/Src/stm32g0xx_hal_pwr_ex.c **** 
 202:Drivers/STM32G0xx_HAL_Driver/Src/stm32g0xx_hal_pwr_ex.c ****   /* Configure interrupt mode */
 203:Drivers/STM32G0xx_HAL_Driver/Src/stm32g0xx_hal_pwr_ex.c ****   if ((sConfigPVD->Mode & PVD_MODE_IT) == PVD_MODE_IT)
 210              		.loc 1 203 3 view .LVU33
 211              		.loc 1 203 18 is_stmt 0 view .LVU34
 212 0030 4368     		ldr	r3, [r0, #4]
 213              		.loc 1 203 6 view .LVU35
 214 0032 DB03     		lsls	r3, r3, #15
 215 0034 06D5     		bpl	.L14
 204:Drivers/STM32G0xx_HAL_Driver/Src/stm32g0xx_hal_pwr_ex.c ****   {
 205:Drivers/STM32G0xx_HAL_Driver/Src/stm32g0xx_hal_pwr_ex.c ****     __HAL_PWR_PVD_EXTI_ENABLE_IT();
 216              		.loc 1 205 5 is_stmt 1 view .LVU36
 217 0036 1349     		ldr	r1, .L22+4
 218 0038 8022     		movs	r2, #128
 219 003a 8C58     		ldr	r4, [r1, r2]
 220 003c 8023     		movs	r3, #128
 221 003e 5B02     		lsls	r3, r3, #9
 222 0040 2343     		orrs	r3, r4
 223 0042 8B50     		str	r3, [r1, r2]
 224              	.L14:
 206:Drivers/STM32G0xx_HAL_Driver/Src/stm32g0xx_hal_pwr_ex.c ****   }
 207:Drivers/STM32G0xx_HAL_Driver/Src/stm32g0xx_hal_pwr_ex.c **** 
 208:Drivers/STM32G0xx_HAL_Driver/Src/stm32g0xx_hal_pwr_ex.c ****   /* Configure event mode */
 209:Drivers/STM32G0xx_HAL_Driver/Src/stm32g0xx_hal_pwr_ex.c ****   if ((sConfigPVD->Mode & PVD_MODE_EVT) == PVD_MODE_EVT)
 225              		.loc 1 209 3 view .LVU37
 226              		.loc 1 209 18 is_stmt 0 view .LVU38
 227 0044 4368     		ldr	r3, [r0, #4]
 228              		.loc 1 209 6 view .LVU39
 229 0046 9B03     		lsls	r3, r3, #14
 230 0048 06D5     		bpl	.L15
 210:Drivers/STM32G0xx_HAL_Driver/Src/stm32g0xx_hal_pwr_ex.c ****   {
 211:Drivers/STM32G0xx_HAL_Driver/Src/stm32g0xx_hal_pwr_ex.c ****     __HAL_PWR_PVD_EXTI_ENABLE_EVENT();
 231              		.loc 1 211 5 is_stmt 1 view .LVU40
 232 004a 0E49     		ldr	r1, .L22+4
 233 004c 8422     		movs	r2, #132
 234 004e 8C58     		ldr	r4, [r1, r2]
 235 0050 8023     		movs	r3, #128
 236 0052 5B02     		lsls	r3, r3, #9
 237 0054 2343     		orrs	r3, r4
 238 0056 8B50     		str	r3, [r1, r2]
 239              	.L15:
 212:Drivers/STM32G0xx_HAL_Driver/Src/stm32g0xx_hal_pwr_ex.c ****   }
 213:Drivers/STM32G0xx_HAL_Driver/Src/stm32g0xx_hal_pwr_ex.c **** 
 214:Drivers/STM32G0xx_HAL_Driver/Src/stm32g0xx_hal_pwr_ex.c ****   /* Configure the edge */
 215:Drivers/STM32G0xx_HAL_Driver/Src/stm32g0xx_hal_pwr_ex.c ****   if ((sConfigPVD->Mode & PVD_RISING_EDGE) == PVD_RISING_EDGE)
 240              		.loc 1 215 3 view .LVU41
 241              		.loc 1 215 18 is_stmt 0 view .LVU42
 242 0058 4368     		ldr	r3, [r0, #4]
 243              		.loc 1 215 6 view .LVU43
 244 005a DB07     		lsls	r3, r3, #31
 245 005c 05D5     		bpl	.L16
 216:Drivers/STM32G0xx_HAL_Driver/Src/stm32g0xx_hal_pwr_ex.c ****   {
 217:Drivers/STM32G0xx_HAL_Driver/Src/stm32g0xx_hal_pwr_ex.c ****     __HAL_PWR_PVD_EXTI_ENABLE_RISING_EDGE();
 246              		.loc 1 217 5 is_stmt 1 view .LVU44
 247 005e 094A     		ldr	r2, .L22+4
 248 0060 1168     		ldr	r1, [r2]
ARM GAS  C:\Users\sante\AppData\Local\Temp\ccnrVYVE.s 			page 9


 249 0062 8023     		movs	r3, #128
 250 0064 5B02     		lsls	r3, r3, #9
 251 0066 0B43     		orrs	r3, r1
 252 0068 1360     		str	r3, [r2]
 253              	.L16:
 218:Drivers/STM32G0xx_HAL_Driver/Src/stm32g0xx_hal_pwr_ex.c ****   }
 219:Drivers/STM32G0xx_HAL_Driver/Src/stm32g0xx_hal_pwr_ex.c **** 
 220:Drivers/STM32G0xx_HAL_Driver/Src/stm32g0xx_hal_pwr_ex.c ****   if ((sConfigPVD->Mode & PVD_FALLING_EDGE) == PVD_FALLING_EDGE)
 254              		.loc 1 220 3 view .LVU45
 255              		.loc 1 220 18 is_stmt 0 view .LVU46
 256 006a 4368     		ldr	r3, [r0, #4]
 257              		.loc 1 220 6 view .LVU47
 258 006c 9B07     		lsls	r3, r3, #30
 259 006e 05D5     		bpl	.L17
 221:Drivers/STM32G0xx_HAL_Driver/Src/stm32g0xx_hal_pwr_ex.c ****   {
 222:Drivers/STM32G0xx_HAL_Driver/Src/stm32g0xx_hal_pwr_ex.c ****     __HAL_PWR_PVD_EXTI_ENABLE_FALLING_EDGE();
 260              		.loc 1 222 5 is_stmt 1 view .LVU48
 261 0070 044A     		ldr	r2, .L22+4
 262 0072 5168     		ldr	r1, [r2, #4]
 263 0074 8023     		movs	r3, #128
 264 0076 5B02     		lsls	r3, r3, #9
 265 0078 0B43     		orrs	r3, r1
 266 007a 5360     		str	r3, [r2, #4]
 267              	.L17:
 223:Drivers/STM32G0xx_HAL_Driver/Src/stm32g0xx_hal_pwr_ex.c ****   }
 224:Drivers/STM32G0xx_HAL_Driver/Src/stm32g0xx_hal_pwr_ex.c **** 
 225:Drivers/STM32G0xx_HAL_Driver/Src/stm32g0xx_hal_pwr_ex.c ****   return HAL_OK;
 268              		.loc 1 225 3 view .LVU49
 226:Drivers/STM32G0xx_HAL_Driver/Src/stm32g0xx_hal_pwr_ex.c **** }
 269              		.loc 1 226 1 is_stmt 0 view .LVU50
 270 007c 0020     		movs	r0, #0
 271              	.LVL4:
 272              		.loc 1 226 1 view .LVU51
 273              		@ sp needed
 274 007e 10BD     		pop	{r4, pc}
 275              	.L23:
 276              		.align	2
 277              	.L22:
 278 0080 00700040 		.word	1073770496
 279 0084 00180240 		.word	1073879040
 280 0088 FFFFFEFF 		.word	-65537
 281              		.cfi_endproc
 282              	.LFE497:
 284              		.section	.text.HAL_PWREx_EnablePVD,"ax",%progbits
 285              		.align	1
 286              		.global	HAL_PWREx_EnablePVD
 287              		.syntax unified
 288              		.code	16
 289              		.thumb_func
 291              	HAL_PWREx_EnablePVD:
 292              	.LFB498:
 227:Drivers/STM32G0xx_HAL_Driver/Src/stm32g0xx_hal_pwr_ex.c **** 
 228:Drivers/STM32G0xx_HAL_Driver/Src/stm32g0xx_hal_pwr_ex.c **** 
 229:Drivers/STM32G0xx_HAL_Driver/Src/stm32g0xx_hal_pwr_ex.c **** /**
 230:Drivers/STM32G0xx_HAL_Driver/Src/stm32g0xx_hal_pwr_ex.c ****   * @brief  Enable the Power Voltage Detector (PVD).
 231:Drivers/STM32G0xx_HAL_Driver/Src/stm32g0xx_hal_pwr_ex.c ****   * @retval None
 232:Drivers/STM32G0xx_HAL_Driver/Src/stm32g0xx_hal_pwr_ex.c ****   */
ARM GAS  C:\Users\sante\AppData\Local\Temp\ccnrVYVE.s 			page 10


 233:Drivers/STM32G0xx_HAL_Driver/Src/stm32g0xx_hal_pwr_ex.c **** void HAL_PWREx_EnablePVD(void)
 234:Drivers/STM32G0xx_HAL_Driver/Src/stm32g0xx_hal_pwr_ex.c **** {
 293              		.loc 1 234 1 is_stmt 1 view -0
 294              		.cfi_startproc
 295              		@ args = 0, pretend = 0, frame = 0
 296              		@ frame_needed = 0, uses_anonymous_args = 0
 297              		@ link register save eliminated.
 235:Drivers/STM32G0xx_HAL_Driver/Src/stm32g0xx_hal_pwr_ex.c ****   SET_BIT(PWR->CR2, PWR_CR2_PVDE);
 298              		.loc 1 235 3 view .LVU53
 299 0000 024A     		ldr	r2, .L25
 300 0002 5368     		ldr	r3, [r2, #4]
 301 0004 0121     		movs	r1, #1
 302 0006 0B43     		orrs	r3, r1
 303 0008 5360     		str	r3, [r2, #4]
 236:Drivers/STM32G0xx_HAL_Driver/Src/stm32g0xx_hal_pwr_ex.c **** }
 304              		.loc 1 236 1 is_stmt 0 view .LVU54
 305              		@ sp needed
 306 000a 7047     		bx	lr
 307              	.L26:
 308              		.align	2
 309              	.L25:
 310 000c 00700040 		.word	1073770496
 311              		.cfi_endproc
 312              	.LFE498:
 314              		.section	.text.HAL_PWREx_DisablePVD,"ax",%progbits
 315              		.align	1
 316              		.global	HAL_PWREx_DisablePVD
 317              		.syntax unified
 318              		.code	16
 319              		.thumb_func
 321              	HAL_PWREx_DisablePVD:
 322              	.LFB499:
 237:Drivers/STM32G0xx_HAL_Driver/Src/stm32g0xx_hal_pwr_ex.c **** 
 238:Drivers/STM32G0xx_HAL_Driver/Src/stm32g0xx_hal_pwr_ex.c **** 
 239:Drivers/STM32G0xx_HAL_Driver/Src/stm32g0xx_hal_pwr_ex.c **** /**
 240:Drivers/STM32G0xx_HAL_Driver/Src/stm32g0xx_hal_pwr_ex.c ****   * @brief  Disable the Power Voltage Detector (PVD).
 241:Drivers/STM32G0xx_HAL_Driver/Src/stm32g0xx_hal_pwr_ex.c ****   * @retval None
 242:Drivers/STM32G0xx_HAL_Driver/Src/stm32g0xx_hal_pwr_ex.c ****   */
 243:Drivers/STM32G0xx_HAL_Driver/Src/stm32g0xx_hal_pwr_ex.c **** void HAL_PWREx_DisablePVD(void)
 244:Drivers/STM32G0xx_HAL_Driver/Src/stm32g0xx_hal_pwr_ex.c **** {
 323              		.loc 1 244 1 is_stmt 1 view -0
 324              		.cfi_startproc
 325              		@ args = 0, pretend = 0, frame = 0
 326              		@ frame_needed = 0, uses_anonymous_args = 0
 327              		@ link register save eliminated.
 245:Drivers/STM32G0xx_HAL_Driver/Src/stm32g0xx_hal_pwr_ex.c ****   CLEAR_BIT(PWR->CR2, PWR_CR2_PVDE);
 328              		.loc 1 245 3 view .LVU56
 329 0000 024A     		ldr	r2, .L28
 330 0002 5368     		ldr	r3, [r2, #4]
 331 0004 0121     		movs	r1, #1
 332 0006 8B43     		bics	r3, r1
 333 0008 5360     		str	r3, [r2, #4]
 246:Drivers/STM32G0xx_HAL_Driver/Src/stm32g0xx_hal_pwr_ex.c **** }
 334              		.loc 1 246 1 is_stmt 0 view .LVU57
 335              		@ sp needed
 336 000a 7047     		bx	lr
 337              	.L29:
ARM GAS  C:\Users\sante\AppData\Local\Temp\ccnrVYVE.s 			page 11


 338              		.align	2
 339              	.L28:
 340 000c 00700040 		.word	1073770496
 341              		.cfi_endproc
 342              	.LFE499:
 344              		.section	.text.HAL_PWREx_EnableVddUSB,"ax",%progbits
 345              		.align	1
 346              		.global	HAL_PWREx_EnableVddUSB
 347              		.syntax unified
 348              		.code	16
 349              		.thumb_func
 351              	HAL_PWREx_EnableVddUSB:
 352              	.LFB500:
 247:Drivers/STM32G0xx_HAL_Driver/Src/stm32g0xx_hal_pwr_ex.c **** #endif /* PWR_PVD_SUPPORT */
 248:Drivers/STM32G0xx_HAL_Driver/Src/stm32g0xx_hal_pwr_ex.c **** 
 249:Drivers/STM32G0xx_HAL_Driver/Src/stm32g0xx_hal_pwr_ex.c **** #if defined(PWR_CR2_USV)
 250:Drivers/STM32G0xx_HAL_Driver/Src/stm32g0xx_hal_pwr_ex.c **** /**
 251:Drivers/STM32G0xx_HAL_Driver/Src/stm32g0xx_hal_pwr_ex.c ****   * @brief Enable VDDUSB supply.
 252:Drivers/STM32G0xx_HAL_Driver/Src/stm32g0xx_hal_pwr_ex.c ****   * @note  Remove VDDUSB electrical and logical isolation, once VDDUSB supply is present.
 253:Drivers/STM32G0xx_HAL_Driver/Src/stm32g0xx_hal_pwr_ex.c ****   * @retval None
 254:Drivers/STM32G0xx_HAL_Driver/Src/stm32g0xx_hal_pwr_ex.c ****   */
 255:Drivers/STM32G0xx_HAL_Driver/Src/stm32g0xx_hal_pwr_ex.c **** void HAL_PWREx_EnableVddUSB(void)
 256:Drivers/STM32G0xx_HAL_Driver/Src/stm32g0xx_hal_pwr_ex.c **** {
 353              		.loc 1 256 1 is_stmt 1 view -0
 354              		.cfi_startproc
 355              		@ args = 0, pretend = 0, frame = 0
 356              		@ frame_needed = 0, uses_anonymous_args = 0
 357              		@ link register save eliminated.
 257:Drivers/STM32G0xx_HAL_Driver/Src/stm32g0xx_hal_pwr_ex.c ****   SET_BIT(PWR->CR2, PWR_CR2_USV);
 358              		.loc 1 257 3 view .LVU59
 359 0000 034A     		ldr	r2, .L31
 360 0002 5168     		ldr	r1, [r2, #4]
 361 0004 8023     		movs	r3, #128
 362 0006 DB00     		lsls	r3, r3, #3
 363 0008 0B43     		orrs	r3, r1
 364 000a 5360     		str	r3, [r2, #4]
 258:Drivers/STM32G0xx_HAL_Driver/Src/stm32g0xx_hal_pwr_ex.c **** }
 365              		.loc 1 258 1 is_stmt 0 view .LVU60
 366              		@ sp needed
 367 000c 7047     		bx	lr
 368              	.L32:
 369 000e C046     		.align	2
 370              	.L31:
 371 0010 00700040 		.word	1073770496
 372              		.cfi_endproc
 373              	.LFE500:
 375              		.section	.text.HAL_PWREx_DisableVddUSB,"ax",%progbits
 376              		.align	1
 377              		.global	HAL_PWREx_DisableVddUSB
 378              		.syntax unified
 379              		.code	16
 380              		.thumb_func
 382              	HAL_PWREx_DisableVddUSB:
 383              	.LFB501:
 259:Drivers/STM32G0xx_HAL_Driver/Src/stm32g0xx_hal_pwr_ex.c **** 
 260:Drivers/STM32G0xx_HAL_Driver/Src/stm32g0xx_hal_pwr_ex.c **** /**
 261:Drivers/STM32G0xx_HAL_Driver/Src/stm32g0xx_hal_pwr_ex.c ****   * @brief Disable VDDUSB supply.
ARM GAS  C:\Users\sante\AppData\Local\Temp\ccnrVYVE.s 			page 12


 262:Drivers/STM32G0xx_HAL_Driver/Src/stm32g0xx_hal_pwr_ex.c ****   * @retval None
 263:Drivers/STM32G0xx_HAL_Driver/Src/stm32g0xx_hal_pwr_ex.c ****   */
 264:Drivers/STM32G0xx_HAL_Driver/Src/stm32g0xx_hal_pwr_ex.c **** void HAL_PWREx_DisableVddUSB(void)
 265:Drivers/STM32G0xx_HAL_Driver/Src/stm32g0xx_hal_pwr_ex.c **** {
 384              		.loc 1 265 1 is_stmt 1 view -0
 385              		.cfi_startproc
 386              		@ args = 0, pretend = 0, frame = 0
 387              		@ frame_needed = 0, uses_anonymous_args = 0
 388              		@ link register save eliminated.
 266:Drivers/STM32G0xx_HAL_Driver/Src/stm32g0xx_hal_pwr_ex.c ****   CLEAR_BIT(PWR->CR2, PWR_CR2_USV);
 389              		.loc 1 266 3 view .LVU62
 390 0000 024A     		ldr	r2, .L34
 391 0002 5368     		ldr	r3, [r2, #4]
 392 0004 0249     		ldr	r1, .L34+4
 393 0006 0B40     		ands	r3, r1
 394 0008 5360     		str	r3, [r2, #4]
 267:Drivers/STM32G0xx_HAL_Driver/Src/stm32g0xx_hal_pwr_ex.c **** }
 395              		.loc 1 267 1 is_stmt 0 view .LVU63
 396              		@ sp needed
 397 000a 7047     		bx	lr
 398              	.L35:
 399              		.align	2
 400              	.L34:
 401 000c 00700040 		.word	1073770496
 402 0010 FFFBFFFF 		.word	-1025
 403              		.cfi_endproc
 404              	.LFE501:
 406              		.section	.text.HAL_PWREx_EnableVddIO2,"ax",%progbits
 407              		.align	1
 408              		.global	HAL_PWREx_EnableVddIO2
 409              		.syntax unified
 410              		.code	16
 411              		.thumb_func
 413              	HAL_PWREx_EnableVddIO2:
 414              	.LFB502:
 268:Drivers/STM32G0xx_HAL_Driver/Src/stm32g0xx_hal_pwr_ex.c **** #endif /* PWR_CR2_USV */
 269:Drivers/STM32G0xx_HAL_Driver/Src/stm32g0xx_hal_pwr_ex.c **** 
 270:Drivers/STM32G0xx_HAL_Driver/Src/stm32g0xx_hal_pwr_ex.c **** #if defined(PWR_CR2_IOSV)
 271:Drivers/STM32G0xx_HAL_Driver/Src/stm32g0xx_hal_pwr_ex.c **** /**
 272:Drivers/STM32G0xx_HAL_Driver/Src/stm32g0xx_hal_pwr_ex.c ****   * @brief Enable VDDIO2 supply.
 273:Drivers/STM32G0xx_HAL_Driver/Src/stm32g0xx_hal_pwr_ex.c ****   * @note  Remove VDDIO2 electrical and logical isolation, once VDDIO2 supply is present.
 274:Drivers/STM32G0xx_HAL_Driver/Src/stm32g0xx_hal_pwr_ex.c ****   * @retval None
 275:Drivers/STM32G0xx_HAL_Driver/Src/stm32g0xx_hal_pwr_ex.c ****   */
 276:Drivers/STM32G0xx_HAL_Driver/Src/stm32g0xx_hal_pwr_ex.c **** void HAL_PWREx_EnableVddIO2(void)
 277:Drivers/STM32G0xx_HAL_Driver/Src/stm32g0xx_hal_pwr_ex.c **** {
 415              		.loc 1 277 1 is_stmt 1 view -0
 416              		.cfi_startproc
 417              		@ args = 0, pretend = 0, frame = 0
 418              		@ frame_needed = 0, uses_anonymous_args = 0
 419              		@ link register save eliminated.
 278:Drivers/STM32G0xx_HAL_Driver/Src/stm32g0xx_hal_pwr_ex.c ****   SET_BIT(PWR->CR2, PWR_CR2_IOSV);
 420              		.loc 1 278 3 view .LVU65
 421 0000 034A     		ldr	r2, .L37
 422 0002 5168     		ldr	r1, [r2, #4]
 423 0004 8023     		movs	r3, #128
 424 0006 9B00     		lsls	r3, r3, #2
 425 0008 0B43     		orrs	r3, r1
ARM GAS  C:\Users\sante\AppData\Local\Temp\ccnrVYVE.s 			page 13


 426 000a 5360     		str	r3, [r2, #4]
 279:Drivers/STM32G0xx_HAL_Driver/Src/stm32g0xx_hal_pwr_ex.c **** }
 427              		.loc 1 279 1 is_stmt 0 view .LVU66
 428              		@ sp needed
 429 000c 7047     		bx	lr
 430              	.L38:
 431 000e C046     		.align	2
 432              	.L37:
 433 0010 00700040 		.word	1073770496
 434              		.cfi_endproc
 435              	.LFE502:
 437              		.section	.text.HAL_PWREx_DisableVddIO2,"ax",%progbits
 438              		.align	1
 439              		.global	HAL_PWREx_DisableVddIO2
 440              		.syntax unified
 441              		.code	16
 442              		.thumb_func
 444              	HAL_PWREx_DisableVddIO2:
 445              	.LFB503:
 280:Drivers/STM32G0xx_HAL_Driver/Src/stm32g0xx_hal_pwr_ex.c **** 
 281:Drivers/STM32G0xx_HAL_Driver/Src/stm32g0xx_hal_pwr_ex.c **** 
 282:Drivers/STM32G0xx_HAL_Driver/Src/stm32g0xx_hal_pwr_ex.c **** /**
 283:Drivers/STM32G0xx_HAL_Driver/Src/stm32g0xx_hal_pwr_ex.c ****   * @brief Disable VDDIO2 supply.
 284:Drivers/STM32G0xx_HAL_Driver/Src/stm32g0xx_hal_pwr_ex.c ****   * @retval None
 285:Drivers/STM32G0xx_HAL_Driver/Src/stm32g0xx_hal_pwr_ex.c ****   */
 286:Drivers/STM32G0xx_HAL_Driver/Src/stm32g0xx_hal_pwr_ex.c **** void HAL_PWREx_DisableVddIO2(void)
 287:Drivers/STM32G0xx_HAL_Driver/Src/stm32g0xx_hal_pwr_ex.c **** {
 446              		.loc 1 287 1 is_stmt 1 view -0
 447              		.cfi_startproc
 448              		@ args = 0, pretend = 0, frame = 0
 449              		@ frame_needed = 0, uses_anonymous_args = 0
 450              		@ link register save eliminated.
 288:Drivers/STM32G0xx_HAL_Driver/Src/stm32g0xx_hal_pwr_ex.c ****   CLEAR_BIT(PWR->CR2, PWR_CR2_IOSV);
 451              		.loc 1 288 3 view .LVU68
 452 0000 024A     		ldr	r2, .L40
 453 0002 5368     		ldr	r3, [r2, #4]
 454 0004 0249     		ldr	r1, .L40+4
 455 0006 0B40     		ands	r3, r1
 456 0008 5360     		str	r3, [r2, #4]
 289:Drivers/STM32G0xx_HAL_Driver/Src/stm32g0xx_hal_pwr_ex.c **** }
 457              		.loc 1 289 1 is_stmt 0 view .LVU69
 458              		@ sp needed
 459 000a 7047     		bx	lr
 460              	.L41:
 461              		.align	2
 462              	.L40:
 463 000c 00700040 		.word	1073770496
 464 0010 FFFDFFFF 		.word	-513
 465              		.cfi_endproc
 466              	.LFE503:
 468              		.section	.text.HAL_PWREx_EnablePVMUSB,"ax",%progbits
 469              		.align	1
 470              		.global	HAL_PWREx_EnablePVMUSB
 471              		.syntax unified
 472              		.code	16
 473              		.thumb_func
 475              	HAL_PWREx_EnablePVMUSB:
ARM GAS  C:\Users\sante\AppData\Local\Temp\ccnrVYVE.s 			page 14


 476              	.LFB504:
 290:Drivers/STM32G0xx_HAL_Driver/Src/stm32g0xx_hal_pwr_ex.c **** #endif /* PWR_CR2_IOSV */
 291:Drivers/STM32G0xx_HAL_Driver/Src/stm32g0xx_hal_pwr_ex.c **** 
 292:Drivers/STM32G0xx_HAL_Driver/Src/stm32g0xx_hal_pwr_ex.c **** #if defined (PWR_PVM_SUPPORT)
 293:Drivers/STM32G0xx_HAL_Driver/Src/stm32g0xx_hal_pwr_ex.c **** /**
 294:Drivers/STM32G0xx_HAL_Driver/Src/stm32g0xx_hal_pwr_ex.c ****   * @brief Enable the Power Voltage Monitoring for USB peripheral (power domain Vddio2)
 295:Drivers/STM32G0xx_HAL_Driver/Src/stm32g0xx_hal_pwr_ex.c ****   * @retval None
 296:Drivers/STM32G0xx_HAL_Driver/Src/stm32g0xx_hal_pwr_ex.c ****   */
 297:Drivers/STM32G0xx_HAL_Driver/Src/stm32g0xx_hal_pwr_ex.c **** void HAL_PWREx_EnablePVMUSB(void)
 298:Drivers/STM32G0xx_HAL_Driver/Src/stm32g0xx_hal_pwr_ex.c **** {
 477              		.loc 1 298 1 is_stmt 1 view -0
 478              		.cfi_startproc
 479              		@ args = 0, pretend = 0, frame = 0
 480              		@ frame_needed = 0, uses_anonymous_args = 0
 481              		@ link register save eliminated.
 299:Drivers/STM32G0xx_HAL_Driver/Src/stm32g0xx_hal_pwr_ex.c ****   SET_BIT(PWR->CR2, PWR_PVM_USB);
 482              		.loc 1 299 3 view .LVU71
 483 0000 034A     		ldr	r2, .L43
 484 0002 5168     		ldr	r1, [r2, #4]
 485 0004 8023     		movs	r3, #128
 486 0006 5B00     		lsls	r3, r3, #1
 487 0008 0B43     		orrs	r3, r1
 488 000a 5360     		str	r3, [r2, #4]
 300:Drivers/STM32G0xx_HAL_Driver/Src/stm32g0xx_hal_pwr_ex.c **** }
 489              		.loc 1 300 1 is_stmt 0 view .LVU72
 490              		@ sp needed
 491 000c 7047     		bx	lr
 492              	.L44:
 493 000e C046     		.align	2
 494              	.L43:
 495 0010 00700040 		.word	1073770496
 496              		.cfi_endproc
 497              	.LFE504:
 499              		.section	.text.HAL_PWREx_DisablePVMUSB,"ax",%progbits
 500              		.align	1
 501              		.global	HAL_PWREx_DisablePVMUSB
 502              		.syntax unified
 503              		.code	16
 504              		.thumb_func
 506              	HAL_PWREx_DisablePVMUSB:
 507              	.LFB505:
 301:Drivers/STM32G0xx_HAL_Driver/Src/stm32g0xx_hal_pwr_ex.c **** 
 302:Drivers/STM32G0xx_HAL_Driver/Src/stm32g0xx_hal_pwr_ex.c **** /**
 303:Drivers/STM32G0xx_HAL_Driver/Src/stm32g0xx_hal_pwr_ex.c ****   * @brief Disable the Power Voltage Monitoring for USB peripheral (power domain Vddio2)
 304:Drivers/STM32G0xx_HAL_Driver/Src/stm32g0xx_hal_pwr_ex.c ****   * @retval None
 305:Drivers/STM32G0xx_HAL_Driver/Src/stm32g0xx_hal_pwr_ex.c ****   */
 306:Drivers/STM32G0xx_HAL_Driver/Src/stm32g0xx_hal_pwr_ex.c **** void HAL_PWREx_DisablePVMUSB(void)
 307:Drivers/STM32G0xx_HAL_Driver/Src/stm32g0xx_hal_pwr_ex.c **** {
 508              		.loc 1 307 1 is_stmt 1 view -0
 509              		.cfi_startproc
 510              		@ args = 0, pretend = 0, frame = 0
 511              		@ frame_needed = 0, uses_anonymous_args = 0
 512              		@ link register save eliminated.
 308:Drivers/STM32G0xx_HAL_Driver/Src/stm32g0xx_hal_pwr_ex.c ****   CLEAR_BIT(PWR->CR2, PWR_PVM_USB);
 513              		.loc 1 308 3 view .LVU74
 514 0000 024A     		ldr	r2, .L46
 515 0002 5368     		ldr	r3, [r2, #4]
ARM GAS  C:\Users\sante\AppData\Local\Temp\ccnrVYVE.s 			page 15


 516 0004 0249     		ldr	r1, .L46+4
 517 0006 0B40     		ands	r3, r1
 518 0008 5360     		str	r3, [r2, #4]
 309:Drivers/STM32G0xx_HAL_Driver/Src/stm32g0xx_hal_pwr_ex.c **** }
 519              		.loc 1 309 1 is_stmt 0 view .LVU75
 520              		@ sp needed
 521 000a 7047     		bx	lr
 522              	.L47:
 523              		.align	2
 524              	.L46:
 525 000c 00700040 		.word	1073770496
 526 0010 FFFEFFFF 		.word	-257
 527              		.cfi_endproc
 528              	.LFE505:
 530              		.section	.text.HAL_PWREx_ConfigPVM,"ax",%progbits
 531              		.align	1
 532              		.global	HAL_PWREx_ConfigPVM
 533              		.syntax unified
 534              		.code	16
 535              		.thumb_func
 537              	HAL_PWREx_ConfigPVM:
 538              	.LVL5:
 539              	.LFB506:
 310:Drivers/STM32G0xx_HAL_Driver/Src/stm32g0xx_hal_pwr_ex.c **** #endif /* PWR_PVM_SUPPORT */
 311:Drivers/STM32G0xx_HAL_Driver/Src/stm32g0xx_hal_pwr_ex.c **** 
 312:Drivers/STM32G0xx_HAL_Driver/Src/stm32g0xx_hal_pwr_ex.c **** #if defined(PWR_PVM_SUPPORT)
 313:Drivers/STM32G0xx_HAL_Driver/Src/stm32g0xx_hal_pwr_ex.c **** /**
 314:Drivers/STM32G0xx_HAL_Driver/Src/stm32g0xx_hal_pwr_ex.c ****   * @brief Configure the Peripheral Voltage Monitoring (PVM).
 315:Drivers/STM32G0xx_HAL_Driver/Src/stm32g0xx_hal_pwr_ex.c ****   * @param sConfigPVM: pointer to a PWR_PVMTypeDef structure that contains the
 316:Drivers/STM32G0xx_HAL_Driver/Src/stm32g0xx_hal_pwr_ex.c ****   *        PVM configuration information.
 317:Drivers/STM32G0xx_HAL_Driver/Src/stm32g0xx_hal_pwr_ex.c ****   * @note The API configures a single PVM according to the information contained
 318:Drivers/STM32G0xx_HAL_Driver/Src/stm32g0xx_hal_pwr_ex.c ****   *       in the input structure. To configure several PVMs, the API must be singly
 319:Drivers/STM32G0xx_HAL_Driver/Src/stm32g0xx_hal_pwr_ex.c ****   *       called for each PVM used.
 320:Drivers/STM32G0xx_HAL_Driver/Src/stm32g0xx_hal_pwr_ex.c ****   * @note Refer to the electrical characteristics of your device datasheet for
 321:Drivers/STM32G0xx_HAL_Driver/Src/stm32g0xx_hal_pwr_ex.c ****   *         more details about the voltage thresholds corresponding to each
 322:Drivers/STM32G0xx_HAL_Driver/Src/stm32g0xx_hal_pwr_ex.c ****   *         detection level and to each monitored supply.
 323:Drivers/STM32G0xx_HAL_Driver/Src/stm32g0xx_hal_pwr_ex.c ****   * @retval HAL status
 324:Drivers/STM32G0xx_HAL_Driver/Src/stm32g0xx_hal_pwr_ex.c ****   */
 325:Drivers/STM32G0xx_HAL_Driver/Src/stm32g0xx_hal_pwr_ex.c **** HAL_StatusTypeDef HAL_PWREx_ConfigPVM(PWR_PVMTypeDef *sConfigPVM)
 326:Drivers/STM32G0xx_HAL_Driver/Src/stm32g0xx_hal_pwr_ex.c **** {
 540              		.loc 1 326 1 is_stmt 1 view -0
 541              		.cfi_startproc
 542              		@ args = 0, pretend = 0, frame = 0
 543              		@ frame_needed = 0, uses_anonymous_args = 0
 544              		.loc 1 326 1 is_stmt 0 view .LVU77
 545 0000 10B5     		push	{r4, lr}
 546              		.cfi_def_cfa_offset 8
 547              		.cfi_offset 4, -8
 548              		.cfi_offset 14, -4
 327:Drivers/STM32G0xx_HAL_Driver/Src/stm32g0xx_hal_pwr_ex.c ****   HAL_StatusTypeDef status = HAL_OK;
 549              		.loc 1 327 3 is_stmt 1 view .LVU78
 550              	.LVL6:
 328:Drivers/STM32G0xx_HAL_Driver/Src/stm32g0xx_hal_pwr_ex.c **** 
 329:Drivers/STM32G0xx_HAL_Driver/Src/stm32g0xx_hal_pwr_ex.c ****   /* Check the parameters */
 330:Drivers/STM32G0xx_HAL_Driver/Src/stm32g0xx_hal_pwr_ex.c ****   assert_param(IS_PWR_PVM_TYPE(sConfigPVM->PVMType));
 551              		.loc 1 330 3 view .LVU79
 331:Drivers/STM32G0xx_HAL_Driver/Src/stm32g0xx_hal_pwr_ex.c ****   assert_param(IS_PWR_PVM_MODE(sConfigPVM->Mode));
ARM GAS  C:\Users\sante\AppData\Local\Temp\ccnrVYVE.s 			page 16


 552              		.loc 1 331 3 view .LVU80
 332:Drivers/STM32G0xx_HAL_Driver/Src/stm32g0xx_hal_pwr_ex.c **** 
 333:Drivers/STM32G0xx_HAL_Driver/Src/stm32g0xx_hal_pwr_ex.c ****   /* Configure EXTI 34 interrupts if so required:
 334:Drivers/STM32G0xx_HAL_Driver/Src/stm32g0xx_hal_pwr_ex.c ****      scan through PVMType to detect which PVMx is set and
 335:Drivers/STM32G0xx_HAL_Driver/Src/stm32g0xx_hal_pwr_ex.c ****      configure the corresponding EXTI line accordingly. */
 336:Drivers/STM32G0xx_HAL_Driver/Src/stm32g0xx_hal_pwr_ex.c ****   switch (sConfigPVM->PVMType)
 553              		.loc 1 336 3 view .LVU81
 554              		.loc 1 336 21 is_stmt 0 view .LVU82
 555 0002 0268     		ldr	r2, [r0]
 556              		.loc 1 336 3 view .LVU83
 557 0004 8023     		movs	r3, #128
 558 0006 5B00     		lsls	r3, r3, #1
 559 0008 9A42     		cmp	r2, r3
 560 000a 01D0     		beq	.L58
 337:Drivers/STM32G0xx_HAL_Driver/Src/stm32g0xx_hal_pwr_ex.c ****   {
 338:Drivers/STM32G0xx_HAL_Driver/Src/stm32g0xx_hal_pwr_ex.c ****     case PWR_PVM_USB:
 339:Drivers/STM32G0xx_HAL_Driver/Src/stm32g0xx_hal_pwr_ex.c ****       /* Clear any previous config. Keep it clear if no event or IT mode is selected */
 340:Drivers/STM32G0xx_HAL_Driver/Src/stm32g0xx_hal_pwr_ex.c ****       __HAL_PWR_PVM_EXTI_DISABLE_EVENT();
 341:Drivers/STM32G0xx_HAL_Driver/Src/stm32g0xx_hal_pwr_ex.c ****       __HAL_PWR_PVM_EXTI_DISABLE_IT();
 342:Drivers/STM32G0xx_HAL_Driver/Src/stm32g0xx_hal_pwr_ex.c ****       __HAL_PWR_PVM_EXTI_DISABLE_FALLING_EDGE();
 343:Drivers/STM32G0xx_HAL_Driver/Src/stm32g0xx_hal_pwr_ex.c ****       __HAL_PWR_PVM_EXTI_DISABLE_RISING_EDGE();
 344:Drivers/STM32G0xx_HAL_Driver/Src/stm32g0xx_hal_pwr_ex.c **** 
 345:Drivers/STM32G0xx_HAL_Driver/Src/stm32g0xx_hal_pwr_ex.c ****       /* Configure interrupt mode */
 346:Drivers/STM32G0xx_HAL_Driver/Src/stm32g0xx_hal_pwr_ex.c ****       if ((sConfigPVM->Mode & PVM_MODE_IT) == PVM_MODE_IT)
 347:Drivers/STM32G0xx_HAL_Driver/Src/stm32g0xx_hal_pwr_ex.c ****       {
 348:Drivers/STM32G0xx_HAL_Driver/Src/stm32g0xx_hal_pwr_ex.c ****         __HAL_PWR_PVM_EXTI_ENABLE_IT();
 349:Drivers/STM32G0xx_HAL_Driver/Src/stm32g0xx_hal_pwr_ex.c ****       }
 350:Drivers/STM32G0xx_HAL_Driver/Src/stm32g0xx_hal_pwr_ex.c **** 
 351:Drivers/STM32G0xx_HAL_Driver/Src/stm32g0xx_hal_pwr_ex.c ****       /* Configure event mode */
 352:Drivers/STM32G0xx_HAL_Driver/Src/stm32g0xx_hal_pwr_ex.c ****       if ((sConfigPVM->Mode & PVM_MODE_EVT) == PVM_MODE_EVT)
 353:Drivers/STM32G0xx_HAL_Driver/Src/stm32g0xx_hal_pwr_ex.c ****       {
 354:Drivers/STM32G0xx_HAL_Driver/Src/stm32g0xx_hal_pwr_ex.c ****         __HAL_PWR_PVM_EXTI_ENABLE_EVENT();
 355:Drivers/STM32G0xx_HAL_Driver/Src/stm32g0xx_hal_pwr_ex.c ****       }
 356:Drivers/STM32G0xx_HAL_Driver/Src/stm32g0xx_hal_pwr_ex.c **** 
 357:Drivers/STM32G0xx_HAL_Driver/Src/stm32g0xx_hal_pwr_ex.c ****       /* Configure the edge */
 358:Drivers/STM32G0xx_HAL_Driver/Src/stm32g0xx_hal_pwr_ex.c ****       if ((sConfigPVM->Mode & PVM_RISING_EDGE) == PVM_RISING_EDGE)
 359:Drivers/STM32G0xx_HAL_Driver/Src/stm32g0xx_hal_pwr_ex.c ****       {
 360:Drivers/STM32G0xx_HAL_Driver/Src/stm32g0xx_hal_pwr_ex.c ****         __HAL_PWR_PVM_EXTI_ENABLE_RISING_EDGE();
 361:Drivers/STM32G0xx_HAL_Driver/Src/stm32g0xx_hal_pwr_ex.c ****       }
 362:Drivers/STM32G0xx_HAL_Driver/Src/stm32g0xx_hal_pwr_ex.c **** 
 363:Drivers/STM32G0xx_HAL_Driver/Src/stm32g0xx_hal_pwr_ex.c ****       if ((sConfigPVM->Mode & PVM_FALLING_EDGE) == PVM_FALLING_EDGE)
 364:Drivers/STM32G0xx_HAL_Driver/Src/stm32g0xx_hal_pwr_ex.c ****       {
 365:Drivers/STM32G0xx_HAL_Driver/Src/stm32g0xx_hal_pwr_ex.c ****         __HAL_PWR_PVM_EXTI_ENABLE_FALLING_EDGE();
 366:Drivers/STM32G0xx_HAL_Driver/Src/stm32g0xx_hal_pwr_ex.c ****       }
 367:Drivers/STM32G0xx_HAL_Driver/Src/stm32g0xx_hal_pwr_ex.c ****       break;
 368:Drivers/STM32G0xx_HAL_Driver/Src/stm32g0xx_hal_pwr_ex.c **** 
 369:Drivers/STM32G0xx_HAL_Driver/Src/stm32g0xx_hal_pwr_ex.c ****     default:
 370:Drivers/STM32G0xx_HAL_Driver/Src/stm32g0xx_hal_pwr_ex.c ****       status = HAL_ERROR;
 561              		.loc 1 370 14 view .LVU84
 562 000c 0120     		movs	r0, #1
 563              	.LVL7:
 564              	.L49:
 371:Drivers/STM32G0xx_HAL_Driver/Src/stm32g0xx_hal_pwr_ex.c ****       break;
 372:Drivers/STM32G0xx_HAL_Driver/Src/stm32g0xx_hal_pwr_ex.c ****   }
 373:Drivers/STM32G0xx_HAL_Driver/Src/stm32g0xx_hal_pwr_ex.c **** 
 374:Drivers/STM32G0xx_HAL_Driver/Src/stm32g0xx_hal_pwr_ex.c ****   return status;
 565              		.loc 1 374 3 is_stmt 1 view .LVU85
ARM GAS  C:\Users\sante\AppData\Local\Temp\ccnrVYVE.s 			page 17


 375:Drivers/STM32G0xx_HAL_Driver/Src/stm32g0xx_hal_pwr_ex.c **** }
 566              		.loc 1 375 1 is_stmt 0 view .LVU86
 567              		@ sp needed
 568 000e 10BD     		pop	{r4, pc}
 569              	.LVL8:
 570              	.L58:
 340:Drivers/STM32G0xx_HAL_Driver/Src/stm32g0xx_hal_pwr_ex.c ****       __HAL_PWR_PVM_EXTI_DISABLE_IT();
 571              		.loc 1 340 7 is_stmt 1 view .LVU87
 572 0010 1A4B     		ldr	r3, .L59
 573 0012 9424     		movs	r4, #148
 574 0014 1959     		ldr	r1, [r3, r4]
 575 0016 0422     		movs	r2, #4
 576 0018 9143     		bics	r1, r2
 577 001a 1951     		str	r1, [r3, r4]
 341:Drivers/STM32G0xx_HAL_Driver/Src/stm32g0xx_hal_pwr_ex.c ****       __HAL_PWR_PVM_EXTI_DISABLE_FALLING_EDGE();
 578              		.loc 1 341 7 view .LVU88
 579 001c 043C     		subs	r4, r4, #4
 580 001e 1959     		ldr	r1, [r3, r4]
 581 0020 9143     		bics	r1, r2
 582 0022 1951     		str	r1, [r3, r4]
 342:Drivers/STM32G0xx_HAL_Driver/Src/stm32g0xx_hal_pwr_ex.c ****       __HAL_PWR_PVM_EXTI_DISABLE_RISING_EDGE();
 583              		.loc 1 342 7 view .LVU89
 584 0024 596A     		ldr	r1, [r3, #36]
 585 0026 9143     		bics	r1, r2
 586 0028 5962     		str	r1, [r3, #36]
 343:Drivers/STM32G0xx_HAL_Driver/Src/stm32g0xx_hal_pwr_ex.c **** 
 587              		.loc 1 343 7 view .LVU90
 588 002a 196A     		ldr	r1, [r3, #32]
 589 002c 9143     		bics	r1, r2
 590 002e 1962     		str	r1, [r3, #32]
 346:Drivers/STM32G0xx_HAL_Driver/Src/stm32g0xx_hal_pwr_ex.c ****       {
 591              		.loc 1 346 7 view .LVU91
 346:Drivers/STM32G0xx_HAL_Driver/Src/stm32g0xx_hal_pwr_ex.c ****       {
 592              		.loc 1 346 22 is_stmt 0 view .LVU92
 593 0030 4368     		ldr	r3, [r0, #4]
 346:Drivers/STM32G0xx_HAL_Driver/Src/stm32g0xx_hal_pwr_ex.c ****       {
 594              		.loc 1 346 10 view .LVU93
 595 0032 DB03     		lsls	r3, r3, #15
 596 0034 05D5     		bpl	.L50
 348:Drivers/STM32G0xx_HAL_Driver/Src/stm32g0xx_hal_pwr_ex.c ****       }
 597              		.loc 1 348 9 is_stmt 1 view .LVU94
 598 0036 1149     		ldr	r1, .L59
 599 0038 8C32     		adds	r2, r2, #140
 600 003a 8B58     		ldr	r3, [r1, r2]
 601 003c 8C3C     		subs	r4, r4, #140
 602 003e 2343     		orrs	r3, r4
 603 0040 8B50     		str	r3, [r1, r2]
 604              	.L50:
 352:Drivers/STM32G0xx_HAL_Driver/Src/stm32g0xx_hal_pwr_ex.c ****       {
 605              		.loc 1 352 7 view .LVU95
 352:Drivers/STM32G0xx_HAL_Driver/Src/stm32g0xx_hal_pwr_ex.c ****       {
 606              		.loc 1 352 22 is_stmt 0 view .LVU96
 607 0042 4368     		ldr	r3, [r0, #4]
 352:Drivers/STM32G0xx_HAL_Driver/Src/stm32g0xx_hal_pwr_ex.c ****       {
 608              		.loc 1 352 10 view .LVU97
 609 0044 9B03     		lsls	r3, r3, #14
 610 0046 05D5     		bpl	.L51
ARM GAS  C:\Users\sante\AppData\Local\Temp\ccnrVYVE.s 			page 18


 354:Drivers/STM32G0xx_HAL_Driver/Src/stm32g0xx_hal_pwr_ex.c ****       }
 611              		.loc 1 354 9 is_stmt 1 view .LVU98
 612 0048 0C49     		ldr	r1, .L59
 613 004a 9422     		movs	r2, #148
 614 004c 8B58     		ldr	r3, [r1, r2]
 615 004e 0424     		movs	r4, #4
 616 0050 2343     		orrs	r3, r4
 617 0052 8B50     		str	r3, [r1, r2]
 618              	.L51:
 358:Drivers/STM32G0xx_HAL_Driver/Src/stm32g0xx_hal_pwr_ex.c ****       {
 619              		.loc 1 358 7 view .LVU99
 358:Drivers/STM32G0xx_HAL_Driver/Src/stm32g0xx_hal_pwr_ex.c ****       {
 620              		.loc 1 358 22 is_stmt 0 view .LVU100
 621 0054 4368     		ldr	r3, [r0, #4]
 358:Drivers/STM32G0xx_HAL_Driver/Src/stm32g0xx_hal_pwr_ex.c ****       {
 622              		.loc 1 358 10 view .LVU101
 623 0056 DB07     		lsls	r3, r3, #31
 624 0058 04D5     		bpl	.L52
 360:Drivers/STM32G0xx_HAL_Driver/Src/stm32g0xx_hal_pwr_ex.c ****       }
 625              		.loc 1 360 9 is_stmt 1 view .LVU102
 626 005a 084A     		ldr	r2, .L59
 627 005c 136A     		ldr	r3, [r2, #32]
 628 005e 0421     		movs	r1, #4
 629 0060 0B43     		orrs	r3, r1
 630 0062 1362     		str	r3, [r2, #32]
 631              	.L52:
 363:Drivers/STM32G0xx_HAL_Driver/Src/stm32g0xx_hal_pwr_ex.c ****       {
 632              		.loc 1 363 7 view .LVU103
 363:Drivers/STM32G0xx_HAL_Driver/Src/stm32g0xx_hal_pwr_ex.c ****       {
 633              		.loc 1 363 22 is_stmt 0 view .LVU104
 634 0064 4368     		ldr	r3, [r0, #4]
 363:Drivers/STM32G0xx_HAL_Driver/Src/stm32g0xx_hal_pwr_ex.c ****       {
 635              		.loc 1 363 10 view .LVU105
 636 0066 9B07     		lsls	r3, r3, #30
 637 0068 06D5     		bpl	.L54
 365:Drivers/STM32G0xx_HAL_Driver/Src/stm32g0xx_hal_pwr_ex.c ****       }
 638              		.loc 1 365 9 is_stmt 1 view .LVU106
 639 006a 044A     		ldr	r2, .L59
 640 006c 536A     		ldr	r3, [r2, #36]
 641 006e 0421     		movs	r1, #4
 642 0070 0B43     		orrs	r3, r1
 643 0072 5362     		str	r3, [r2, #36]
 327:Drivers/STM32G0xx_HAL_Driver/Src/stm32g0xx_hal_pwr_ex.c **** 
 644              		.loc 1 327 21 is_stmt 0 view .LVU107
 645 0074 0020     		movs	r0, #0
 646              	.LVL9:
 327:Drivers/STM32G0xx_HAL_Driver/Src/stm32g0xx_hal_pwr_ex.c **** 
 647              		.loc 1 327 21 view .LVU108
 648 0076 CAE7     		b	.L49
 649              	.LVL10:
 650              	.L54:
 327:Drivers/STM32G0xx_HAL_Driver/Src/stm32g0xx_hal_pwr_ex.c **** 
 651              		.loc 1 327 21 view .LVU109
 652 0078 0020     		movs	r0, #0
 653              	.LVL11:
 327:Drivers/STM32G0xx_HAL_Driver/Src/stm32g0xx_hal_pwr_ex.c **** 
 654              		.loc 1 327 21 view .LVU110
ARM GAS  C:\Users\sante\AppData\Local\Temp\ccnrVYVE.s 			page 19


 655 007a C8E7     		b	.L49
 656              	.L60:
 657              		.align	2
 658              	.L59:
 659 007c 00180240 		.word	1073879040
 660              		.cfi_endproc
 661              	.LFE506:
 663              		.section	.text.HAL_PWREx_EnableInternalWakeUpLine,"ax",%progbits
 664              		.align	1
 665              		.global	HAL_PWREx_EnableInternalWakeUpLine
 666              		.syntax unified
 667              		.code	16
 668              		.thumb_func
 670              	HAL_PWREx_EnableInternalWakeUpLine:
 671              	.LFB507:
 376:Drivers/STM32G0xx_HAL_Driver/Src/stm32g0xx_hal_pwr_ex.c **** #endif /* PWR_PVM_SUPPORT */
 377:Drivers/STM32G0xx_HAL_Driver/Src/stm32g0xx_hal_pwr_ex.c **** /**
 378:Drivers/STM32G0xx_HAL_Driver/Src/stm32g0xx_hal_pwr_ex.c ****   * @brief  Enable Internal Wake-up Line.
 379:Drivers/STM32G0xx_HAL_Driver/Src/stm32g0xx_hal_pwr_ex.c ****   * @retval None
 380:Drivers/STM32G0xx_HAL_Driver/Src/stm32g0xx_hal_pwr_ex.c ****   */
 381:Drivers/STM32G0xx_HAL_Driver/Src/stm32g0xx_hal_pwr_ex.c **** void HAL_PWREx_EnableInternalWakeUpLine(void)
 382:Drivers/STM32G0xx_HAL_Driver/Src/stm32g0xx_hal_pwr_ex.c **** {
 672              		.loc 1 382 1 is_stmt 1 view -0
 673              		.cfi_startproc
 674              		@ args = 0, pretend = 0, frame = 0
 675              		@ frame_needed = 0, uses_anonymous_args = 0
 676              		@ link register save eliminated.
 383:Drivers/STM32G0xx_HAL_Driver/Src/stm32g0xx_hal_pwr_ex.c ****   SET_BIT(PWR->CR3, PWR_CR3_EIWUL);
 677              		.loc 1 383 3 view .LVU112
 678 0000 034A     		ldr	r2, .L62
 679 0002 9168     		ldr	r1, [r2, #8]
 680 0004 8023     		movs	r3, #128
 681 0006 1B02     		lsls	r3, r3, #8
 682 0008 0B43     		orrs	r3, r1
 683 000a 9360     		str	r3, [r2, #8]
 384:Drivers/STM32G0xx_HAL_Driver/Src/stm32g0xx_hal_pwr_ex.c **** }
 684              		.loc 1 384 1 is_stmt 0 view .LVU113
 685              		@ sp needed
 686 000c 7047     		bx	lr
 687              	.L63:
 688 000e C046     		.align	2
 689              	.L62:
 690 0010 00700040 		.word	1073770496
 691              		.cfi_endproc
 692              	.LFE507:
 694              		.section	.text.HAL_PWREx_DisableInternalWakeUpLine,"ax",%progbits
 695              		.align	1
 696              		.global	HAL_PWREx_DisableInternalWakeUpLine
 697              		.syntax unified
 698              		.code	16
 699              		.thumb_func
 701              	HAL_PWREx_DisableInternalWakeUpLine:
 702              	.LFB508:
 385:Drivers/STM32G0xx_HAL_Driver/Src/stm32g0xx_hal_pwr_ex.c **** 
 386:Drivers/STM32G0xx_HAL_Driver/Src/stm32g0xx_hal_pwr_ex.c **** /**
 387:Drivers/STM32G0xx_HAL_Driver/Src/stm32g0xx_hal_pwr_ex.c ****   * @brief  Disable Internal Wake-up Line.
 388:Drivers/STM32G0xx_HAL_Driver/Src/stm32g0xx_hal_pwr_ex.c ****   * @retval None
ARM GAS  C:\Users\sante\AppData\Local\Temp\ccnrVYVE.s 			page 20


 389:Drivers/STM32G0xx_HAL_Driver/Src/stm32g0xx_hal_pwr_ex.c ****   */
 390:Drivers/STM32G0xx_HAL_Driver/Src/stm32g0xx_hal_pwr_ex.c **** void HAL_PWREx_DisableInternalWakeUpLine(void)
 391:Drivers/STM32G0xx_HAL_Driver/Src/stm32g0xx_hal_pwr_ex.c **** {
 703              		.loc 1 391 1 is_stmt 1 view -0
 704              		.cfi_startproc
 705              		@ args = 0, pretend = 0, frame = 0
 706              		@ frame_needed = 0, uses_anonymous_args = 0
 707              		@ link register save eliminated.
 392:Drivers/STM32G0xx_HAL_Driver/Src/stm32g0xx_hal_pwr_ex.c ****   CLEAR_BIT(PWR->CR3, PWR_CR3_EIWUL);
 708              		.loc 1 392 3 view .LVU115
 709 0000 024A     		ldr	r2, .L65
 710 0002 9368     		ldr	r3, [r2, #8]
 711 0004 0249     		ldr	r1, .L65+4
 712 0006 0B40     		ands	r3, r1
 713 0008 9360     		str	r3, [r2, #8]
 393:Drivers/STM32G0xx_HAL_Driver/Src/stm32g0xx_hal_pwr_ex.c **** }
 714              		.loc 1 393 1 is_stmt 0 view .LVU116
 715              		@ sp needed
 716 000a 7047     		bx	lr
 717              	.L66:
 718              		.align	2
 719              	.L65:
 720 000c 00700040 		.word	1073770496
 721 0010 FF7FFFFF 		.word	-32769
 722              		.cfi_endproc
 723              	.LFE508:
 725              		.section	.text.HAL_PWREx_EnableGPIOPullUp,"ax",%progbits
 726              		.align	1
 727              		.global	HAL_PWREx_EnableGPIOPullUp
 728              		.syntax unified
 729              		.code	16
 730              		.thumb_func
 732              	HAL_PWREx_EnableGPIOPullUp:
 733              	.LVL12:
 734              	.LFB509:
 394:Drivers/STM32G0xx_HAL_Driver/Src/stm32g0xx_hal_pwr_ex.c **** 
 395:Drivers/STM32G0xx_HAL_Driver/Src/stm32g0xx_hal_pwr_ex.c **** /**
 396:Drivers/STM32G0xx_HAL_Driver/Src/stm32g0xx_hal_pwr_ex.c ****   * @brief  Enable GPIO pull-up state in Standby and Shutdown modes.
 397:Drivers/STM32G0xx_HAL_Driver/Src/stm32g0xx_hal_pwr_ex.c ****   * @note   Set the relevant PUy bit of PWR_PUCRx register to configure the I/O in
 398:Drivers/STM32G0xx_HAL_Driver/Src/stm32g0xx_hal_pwr_ex.c ****   *         pull-up state in Standby and Shutdown modes.
 399:Drivers/STM32G0xx_HAL_Driver/Src/stm32g0xx_hal_pwr_ex.c ****   * @note   This state is effective in Standby and Shutdown modes only if APC bit
 400:Drivers/STM32G0xx_HAL_Driver/Src/stm32g0xx_hal_pwr_ex.c ****   *         is set through HAL_PWREx_EnablePullUpPullDownConfig() API.
 401:Drivers/STM32G0xx_HAL_Driver/Src/stm32g0xx_hal_pwr_ex.c ****   * @note   The configuration is lost when exiting the Shutdown mode due to the
 402:Drivers/STM32G0xx_HAL_Driver/Src/stm32g0xx_hal_pwr_ex.c ****   *         power-on reset, maintained when exiting the Standby mode.
 403:Drivers/STM32G0xx_HAL_Driver/Src/stm32g0xx_hal_pwr_ex.c ****   * @note   To avoid any conflict at Standby and Shutdown modes exits, the corresponding
 404:Drivers/STM32G0xx_HAL_Driver/Src/stm32g0xx_hal_pwr_ex.c ****   *         PDy bit of PWR_PDCRx register is cleared unless it is reserved.
 405:Drivers/STM32G0xx_HAL_Driver/Src/stm32g0xx_hal_pwr_ex.c ****   * @param  GPIO Specify the IO port. This parameter can be PWR_GPIO_A, ..., PWR_GPIO_F
 406:Drivers/STM32G0xx_HAL_Driver/Src/stm32g0xx_hal_pwr_ex.c ****   *         to select the GPIO peripheral.
 407:Drivers/STM32G0xx_HAL_Driver/Src/stm32g0xx_hal_pwr_ex.c ****   * @param  GPIONumber Specify the I/O pins numbers.
 408:Drivers/STM32G0xx_HAL_Driver/Src/stm32g0xx_hal_pwr_ex.c ****   *         This parameter can be one of the following values:
 409:Drivers/STM32G0xx_HAL_Driver/Src/stm32g0xx_hal_pwr_ex.c ****   *         PWR_GPIO_BIT_0, ..., PWR_GPIO_BIT_15 (except for ports where less
 410:Drivers/STM32G0xx_HAL_Driver/Src/stm32g0xx_hal_pwr_ex.c ****   *         I/O pins are available) or the logical OR of several of them to set
 411:Drivers/STM32G0xx_HAL_Driver/Src/stm32g0xx_hal_pwr_ex.c ****   *         several bits for a given port in a single API call.
 412:Drivers/STM32G0xx_HAL_Driver/Src/stm32g0xx_hal_pwr_ex.c ****   * @retval HAL Status
 413:Drivers/STM32G0xx_HAL_Driver/Src/stm32g0xx_hal_pwr_ex.c ****   */
 414:Drivers/STM32G0xx_HAL_Driver/Src/stm32g0xx_hal_pwr_ex.c **** HAL_StatusTypeDef HAL_PWREx_EnableGPIOPullUp(uint32_t GPIO, uint32_t GPIONumber)
 415:Drivers/STM32G0xx_HAL_Driver/Src/stm32g0xx_hal_pwr_ex.c **** {
ARM GAS  C:\Users\sante\AppData\Local\Temp\ccnrVYVE.s 			page 21


 735              		.loc 1 415 1 is_stmt 1 view -0
 736              		.cfi_startproc
 737              		@ args = 0, pretend = 0, frame = 0
 738              		@ frame_needed = 0, uses_anonymous_args = 0
 739              		@ link register save eliminated.
 416:Drivers/STM32G0xx_HAL_Driver/Src/stm32g0xx_hal_pwr_ex.c ****   HAL_StatusTypeDef status = HAL_OK;
 740              		.loc 1 416 3 view .LVU118
 417:Drivers/STM32G0xx_HAL_Driver/Src/stm32g0xx_hal_pwr_ex.c **** 
 418:Drivers/STM32G0xx_HAL_Driver/Src/stm32g0xx_hal_pwr_ex.c ****   assert_param(IS_PWR_GPIO(GPIO));
 741              		.loc 1 418 3 view .LVU119
 419:Drivers/STM32G0xx_HAL_Driver/Src/stm32g0xx_hal_pwr_ex.c ****   assert_param(IS_PWR_GPIO_BIT_NUMBER(GPIONumber));
 742              		.loc 1 419 3 view .LVU120
 420:Drivers/STM32G0xx_HAL_Driver/Src/stm32g0xx_hal_pwr_ex.c **** 
 421:Drivers/STM32G0xx_HAL_Driver/Src/stm32g0xx_hal_pwr_ex.c ****   switch (GPIO)
 743              		.loc 1 421 3 view .LVU121
 744 0000 0528     		cmp	r0, #5
 745 0002 34D8     		bhi	.L75
 746 0004 8000     		lsls	r0, r0, #2
 747              	.LVL13:
 748              		.loc 1 421 3 is_stmt 0 view .LVU122
 749 0006 1B4B     		ldr	r3, .L76
 750 0008 1B58     		ldr	r3, [r3, r0]
 751 000a 9F46     		mov	pc, r3
 752              		.section	.rodata.HAL_PWREx_EnableGPIOPullUp,"a",%progbits
 753              		.align	2
 754              	.L70:
 755 0000 0C000000 		.word	.L74
 756 0004 26000000 		.word	.L73
 757 0008 38000000 		.word	.L72
 758 000c 4A000000 		.word	.L71
 759 0010 6E000000 		.word	.L75
 760 0014 5C000000 		.word	.L69
 761              		.section	.text.HAL_PWREx_EnableGPIOPullUp
 762              	.L74:
 422:Drivers/STM32G0xx_HAL_Driver/Src/stm32g0xx_hal_pwr_ex.c ****   {
 423:Drivers/STM32G0xx_HAL_Driver/Src/stm32g0xx_hal_pwr_ex.c ****     case PWR_GPIO_A:
 424:Drivers/STM32G0xx_HAL_Driver/Src/stm32g0xx_hal_pwr_ex.c ****       SET_BIT(PWR->PUCRA, (GPIONumber & ~PWR_GPIO_BIT_14));
 763              		.loc 1 424 7 is_stmt 1 view .LVU123
 764 000c 1A4B     		ldr	r3, .L76+4
 765 000e 1A6A     		ldr	r2, [r3, #32]
 766 0010 1A48     		ldr	r0, .L76+8
 767 0012 0840     		ands	r0, r1
 768 0014 0243     		orrs	r2, r0
 769 0016 1A62     		str	r2, [r3, #32]
 425:Drivers/STM32G0xx_HAL_Driver/Src/stm32g0xx_hal_pwr_ex.c ****       CLEAR_BIT(PWR->PDCRA, (GPIONumber & ~PWR_GPIO_BIT_13));
 770              		.loc 1 425 7 view .LVU124
 771 0018 5A6A     		ldr	r2, [r3, #36]
 772 001a 1948     		ldr	r0, .L76+12
 773 001c 0140     		ands	r1, r0
 774              	.LVL14:
 775              		.loc 1 425 7 is_stmt 0 view .LVU125
 776 001e 8A43     		bics	r2, r1
 777 0020 5A62     		str	r2, [r3, #36]
 426:Drivers/STM32G0xx_HAL_Driver/Src/stm32g0xx_hal_pwr_ex.c ****       break;
 778              		.loc 1 426 7 is_stmt 1 view .LVU126
 416:Drivers/STM32G0xx_HAL_Driver/Src/stm32g0xx_hal_pwr_ex.c **** 
 779              		.loc 1 416 21 is_stmt 0 view .LVU127
ARM GAS  C:\Users\sante\AppData\Local\Temp\ccnrVYVE.s 			page 22


 780 0022 0020     		movs	r0, #0
 781              	.L68:
 782              	.LVL15:
 427:Drivers/STM32G0xx_HAL_Driver/Src/stm32g0xx_hal_pwr_ex.c **** 
 428:Drivers/STM32G0xx_HAL_Driver/Src/stm32g0xx_hal_pwr_ex.c ****     case PWR_GPIO_B:
 429:Drivers/STM32G0xx_HAL_Driver/Src/stm32g0xx_hal_pwr_ex.c ****       SET_BIT(PWR->PUCRB, GPIONumber);
 430:Drivers/STM32G0xx_HAL_Driver/Src/stm32g0xx_hal_pwr_ex.c ****       CLEAR_BIT(PWR->PDCRB, GPIONumber);
 431:Drivers/STM32G0xx_HAL_Driver/Src/stm32g0xx_hal_pwr_ex.c ****       break;
 432:Drivers/STM32G0xx_HAL_Driver/Src/stm32g0xx_hal_pwr_ex.c **** 
 433:Drivers/STM32G0xx_HAL_Driver/Src/stm32g0xx_hal_pwr_ex.c ****     case PWR_GPIO_C:
 434:Drivers/STM32G0xx_HAL_Driver/Src/stm32g0xx_hal_pwr_ex.c ****       SET_BIT(PWR->PUCRC, GPIONumber);
 435:Drivers/STM32G0xx_HAL_Driver/Src/stm32g0xx_hal_pwr_ex.c ****       CLEAR_BIT(PWR->PDCRC, GPIONumber);
 436:Drivers/STM32G0xx_HAL_Driver/Src/stm32g0xx_hal_pwr_ex.c ****       break;
 437:Drivers/STM32G0xx_HAL_Driver/Src/stm32g0xx_hal_pwr_ex.c **** 
 438:Drivers/STM32G0xx_HAL_Driver/Src/stm32g0xx_hal_pwr_ex.c ****     case PWR_GPIO_D:
 439:Drivers/STM32G0xx_HAL_Driver/Src/stm32g0xx_hal_pwr_ex.c ****       SET_BIT(PWR->PUCRD, GPIONumber);
 440:Drivers/STM32G0xx_HAL_Driver/Src/stm32g0xx_hal_pwr_ex.c ****       CLEAR_BIT(PWR->PDCRD, GPIONumber);
 441:Drivers/STM32G0xx_HAL_Driver/Src/stm32g0xx_hal_pwr_ex.c ****       break;
 442:Drivers/STM32G0xx_HAL_Driver/Src/stm32g0xx_hal_pwr_ex.c **** 
 443:Drivers/STM32G0xx_HAL_Driver/Src/stm32g0xx_hal_pwr_ex.c **** #if defined(GPI0E)
 444:Drivers/STM32G0xx_HAL_Driver/Src/stm32g0xx_hal_pwr_ex.c ****     case PWR_GPIO_E:
 445:Drivers/STM32G0xx_HAL_Driver/Src/stm32g0xx_hal_pwr_ex.c ****       SET_BIT(PWR->PUCRE, GPIONumber);
 446:Drivers/STM32G0xx_HAL_Driver/Src/stm32g0xx_hal_pwr_ex.c ****       CLEAR_BIT(PWR->PDCRE, GPIONumber);
 447:Drivers/STM32G0xx_HAL_Driver/Src/stm32g0xx_hal_pwr_ex.c ****       break;
 448:Drivers/STM32G0xx_HAL_Driver/Src/stm32g0xx_hal_pwr_ex.c **** #endif /* GPI0E */
 449:Drivers/STM32G0xx_HAL_Driver/Src/stm32g0xx_hal_pwr_ex.c ****     case PWR_GPIO_F:
 450:Drivers/STM32G0xx_HAL_Driver/Src/stm32g0xx_hal_pwr_ex.c ****       SET_BIT(PWR->PUCRF, GPIONumber);
 451:Drivers/STM32G0xx_HAL_Driver/Src/stm32g0xx_hal_pwr_ex.c ****       CLEAR_BIT(PWR->PDCRF, GPIONumber);
 452:Drivers/STM32G0xx_HAL_Driver/Src/stm32g0xx_hal_pwr_ex.c ****       break;
 453:Drivers/STM32G0xx_HAL_Driver/Src/stm32g0xx_hal_pwr_ex.c **** 
 454:Drivers/STM32G0xx_HAL_Driver/Src/stm32g0xx_hal_pwr_ex.c ****     default:
 455:Drivers/STM32G0xx_HAL_Driver/Src/stm32g0xx_hal_pwr_ex.c ****       status = HAL_ERROR;
 456:Drivers/STM32G0xx_HAL_Driver/Src/stm32g0xx_hal_pwr_ex.c ****       break;
 457:Drivers/STM32G0xx_HAL_Driver/Src/stm32g0xx_hal_pwr_ex.c ****   }
 458:Drivers/STM32G0xx_HAL_Driver/Src/stm32g0xx_hal_pwr_ex.c **** 
 459:Drivers/STM32G0xx_HAL_Driver/Src/stm32g0xx_hal_pwr_ex.c ****   return status;
 783              		.loc 1 459 3 is_stmt 1 view .LVU128
 460:Drivers/STM32G0xx_HAL_Driver/Src/stm32g0xx_hal_pwr_ex.c **** }
 784              		.loc 1 460 1 is_stmt 0 view .LVU129
 785              		@ sp needed
 786 0024 7047     		bx	lr
 787              	.LVL16:
 788              	.L73:
 429:Drivers/STM32G0xx_HAL_Driver/Src/stm32g0xx_hal_pwr_ex.c ****       CLEAR_BIT(PWR->PDCRB, GPIONumber);
 789              		.loc 1 429 7 is_stmt 1 view .LVU130
 790 0026 144B     		ldr	r3, .L76+4
 791 0028 9A6A     		ldr	r2, [r3, #40]
 792 002a 0A43     		orrs	r2, r1
 793 002c 9A62     		str	r2, [r3, #40]
 430:Drivers/STM32G0xx_HAL_Driver/Src/stm32g0xx_hal_pwr_ex.c ****       break;
 794              		.loc 1 430 7 view .LVU131
 795 002e DA6A     		ldr	r2, [r3, #44]
 796 0030 8A43     		bics	r2, r1
 797 0032 DA62     		str	r2, [r3, #44]
 431:Drivers/STM32G0xx_HAL_Driver/Src/stm32g0xx_hal_pwr_ex.c **** 
 798              		.loc 1 431 7 view .LVU132
 416:Drivers/STM32G0xx_HAL_Driver/Src/stm32g0xx_hal_pwr_ex.c **** 
ARM GAS  C:\Users\sante\AppData\Local\Temp\ccnrVYVE.s 			page 23


 799              		.loc 1 416 21 is_stmt 0 view .LVU133
 800 0034 0020     		movs	r0, #0
 431:Drivers/STM32G0xx_HAL_Driver/Src/stm32g0xx_hal_pwr_ex.c **** 
 801              		.loc 1 431 7 view .LVU134
 802 0036 F5E7     		b	.L68
 803              	.L72:
 434:Drivers/STM32G0xx_HAL_Driver/Src/stm32g0xx_hal_pwr_ex.c ****       CLEAR_BIT(PWR->PDCRC, GPIONumber);
 804              		.loc 1 434 7 is_stmt 1 view .LVU135
 805 0038 0F4B     		ldr	r3, .L76+4
 806 003a 1A6B     		ldr	r2, [r3, #48]
 807 003c 0A43     		orrs	r2, r1
 808 003e 1A63     		str	r2, [r3, #48]
 435:Drivers/STM32G0xx_HAL_Driver/Src/stm32g0xx_hal_pwr_ex.c ****       break;
 809              		.loc 1 435 7 view .LVU136
 810 0040 5A6B     		ldr	r2, [r3, #52]
 811 0042 8A43     		bics	r2, r1
 812 0044 5A63     		str	r2, [r3, #52]
 436:Drivers/STM32G0xx_HAL_Driver/Src/stm32g0xx_hal_pwr_ex.c **** 
 813              		.loc 1 436 7 view .LVU137
 416:Drivers/STM32G0xx_HAL_Driver/Src/stm32g0xx_hal_pwr_ex.c **** 
 814              		.loc 1 416 21 is_stmt 0 view .LVU138
 815 0046 0020     		movs	r0, #0
 436:Drivers/STM32G0xx_HAL_Driver/Src/stm32g0xx_hal_pwr_ex.c **** 
 816              		.loc 1 436 7 view .LVU139
 817 0048 ECE7     		b	.L68
 818              	.L71:
 439:Drivers/STM32G0xx_HAL_Driver/Src/stm32g0xx_hal_pwr_ex.c ****       CLEAR_BIT(PWR->PDCRD, GPIONumber);
 819              		.loc 1 439 7 is_stmt 1 view .LVU140
 820 004a 0B4B     		ldr	r3, .L76+4
 821 004c 9A6B     		ldr	r2, [r3, #56]
 822 004e 0A43     		orrs	r2, r1
 823 0050 9A63     		str	r2, [r3, #56]
 440:Drivers/STM32G0xx_HAL_Driver/Src/stm32g0xx_hal_pwr_ex.c ****       break;
 824              		.loc 1 440 7 view .LVU141
 825 0052 DA6B     		ldr	r2, [r3, #60]
 826 0054 8A43     		bics	r2, r1
 827 0056 DA63     		str	r2, [r3, #60]
 441:Drivers/STM32G0xx_HAL_Driver/Src/stm32g0xx_hal_pwr_ex.c **** 
 828              		.loc 1 441 7 view .LVU142
 416:Drivers/STM32G0xx_HAL_Driver/Src/stm32g0xx_hal_pwr_ex.c **** 
 829              		.loc 1 416 21 is_stmt 0 view .LVU143
 830 0058 0020     		movs	r0, #0
 441:Drivers/STM32G0xx_HAL_Driver/Src/stm32g0xx_hal_pwr_ex.c **** 
 831              		.loc 1 441 7 view .LVU144
 832 005a E3E7     		b	.L68
 833              	.L69:
 450:Drivers/STM32G0xx_HAL_Driver/Src/stm32g0xx_hal_pwr_ex.c ****       CLEAR_BIT(PWR->PDCRF, GPIONumber);
 834              		.loc 1 450 7 is_stmt 1 view .LVU145
 835 005c 064B     		ldr	r3, .L76+4
 836 005e 9A6C     		ldr	r2, [r3, #72]
 837 0060 0A43     		orrs	r2, r1
 838 0062 9A64     		str	r2, [r3, #72]
 451:Drivers/STM32G0xx_HAL_Driver/Src/stm32g0xx_hal_pwr_ex.c ****       break;
 839              		.loc 1 451 7 view .LVU146
 840 0064 DA6C     		ldr	r2, [r3, #76]
 841 0066 8A43     		bics	r2, r1
 842 0068 DA64     		str	r2, [r3, #76]
ARM GAS  C:\Users\sante\AppData\Local\Temp\ccnrVYVE.s 			page 24


 452:Drivers/STM32G0xx_HAL_Driver/Src/stm32g0xx_hal_pwr_ex.c **** 
 843              		.loc 1 452 7 view .LVU147
 416:Drivers/STM32G0xx_HAL_Driver/Src/stm32g0xx_hal_pwr_ex.c **** 
 844              		.loc 1 416 21 is_stmt 0 view .LVU148
 845 006a 0020     		movs	r0, #0
 452:Drivers/STM32G0xx_HAL_Driver/Src/stm32g0xx_hal_pwr_ex.c **** 
 846              		.loc 1 452 7 view .LVU149
 847 006c DAE7     		b	.L68
 848              	.L75:
 421:Drivers/STM32G0xx_HAL_Driver/Src/stm32g0xx_hal_pwr_ex.c ****   {
 849              		.loc 1 421 3 view .LVU150
 850 006e 0120     		movs	r0, #1
 851 0070 D8E7     		b	.L68
 852              	.L77:
 853 0072 C046     		.align	2
 854              	.L76:
 855 0074 00000000 		.word	.L70
 856 0078 00700040 		.word	1073770496
 857 007c FFBFFFFF 		.word	-16385
 858 0080 FFDFFFFF 		.word	-8193
 859              		.cfi_endproc
 860              	.LFE509:
 862              		.section	.text.HAL_PWREx_DisableGPIOPullUp,"ax",%progbits
 863              		.align	1
 864              		.global	HAL_PWREx_DisableGPIOPullUp
 865              		.syntax unified
 866              		.code	16
 867              		.thumb_func
 869              	HAL_PWREx_DisableGPIOPullUp:
 870              	.LVL17:
 871              	.LFB510:
 461:Drivers/STM32G0xx_HAL_Driver/Src/stm32g0xx_hal_pwr_ex.c **** 
 462:Drivers/STM32G0xx_HAL_Driver/Src/stm32g0xx_hal_pwr_ex.c **** 
 463:Drivers/STM32G0xx_HAL_Driver/Src/stm32g0xx_hal_pwr_ex.c **** /**
 464:Drivers/STM32G0xx_HAL_Driver/Src/stm32g0xx_hal_pwr_ex.c ****   * @brief  Disable GPIO pull-up state in Standby mode and Shutdown modes.
 465:Drivers/STM32G0xx_HAL_Driver/Src/stm32g0xx_hal_pwr_ex.c ****   * @note   Reset the relevant PUy bit of PWR_PUCRx register used to configure the I/O
 466:Drivers/STM32G0xx_HAL_Driver/Src/stm32g0xx_hal_pwr_ex.c ****   *         in pull-up state in Standby and Shutdown modes.
 467:Drivers/STM32G0xx_HAL_Driver/Src/stm32g0xx_hal_pwr_ex.c ****   * @param  GPIO Specifies the IO port. This parameter can be PWR_GPIO_A, ..., PWR_GPIO_F
 468:Drivers/STM32G0xx_HAL_Driver/Src/stm32g0xx_hal_pwr_ex.c ****   *         to select the GPIO peripheral.
 469:Drivers/STM32G0xx_HAL_Driver/Src/stm32g0xx_hal_pwr_ex.c ****   * @param  GPIONumber Specify the I/O pins numbers.
 470:Drivers/STM32G0xx_HAL_Driver/Src/stm32g0xx_hal_pwr_ex.c ****   *         This parameter can be one of the following values:
 471:Drivers/STM32G0xx_HAL_Driver/Src/stm32g0xx_hal_pwr_ex.c ****   *         PWR_GPIO_BIT_0, ..., PWR_GPIO_BIT_15 (except for ports where less
 472:Drivers/STM32G0xx_HAL_Driver/Src/stm32g0xx_hal_pwr_ex.c ****   *         I/O pins are available) or the logical OR of several of them to reset
 473:Drivers/STM32G0xx_HAL_Driver/Src/stm32g0xx_hal_pwr_ex.c ****   *         several bits for a given port in a single API call.
 474:Drivers/STM32G0xx_HAL_Driver/Src/stm32g0xx_hal_pwr_ex.c ****   * @retval HAL Status
 475:Drivers/STM32G0xx_HAL_Driver/Src/stm32g0xx_hal_pwr_ex.c ****   */
 476:Drivers/STM32G0xx_HAL_Driver/Src/stm32g0xx_hal_pwr_ex.c **** HAL_StatusTypeDef HAL_PWREx_DisableGPIOPullUp(uint32_t GPIO, uint32_t GPIONumber)
 477:Drivers/STM32G0xx_HAL_Driver/Src/stm32g0xx_hal_pwr_ex.c **** {
 872              		.loc 1 477 1 is_stmt 1 view -0
 873              		.cfi_startproc
 874              		@ args = 0, pretend = 0, frame = 0
 875              		@ frame_needed = 0, uses_anonymous_args = 0
 876              		@ link register save eliminated.
 478:Drivers/STM32G0xx_HAL_Driver/Src/stm32g0xx_hal_pwr_ex.c ****   HAL_StatusTypeDef status = HAL_OK;
 877              		.loc 1 478 3 view .LVU152
 479:Drivers/STM32G0xx_HAL_Driver/Src/stm32g0xx_hal_pwr_ex.c **** 
 480:Drivers/STM32G0xx_HAL_Driver/Src/stm32g0xx_hal_pwr_ex.c ****   assert_param(IS_PWR_GPIO(GPIO));
ARM GAS  C:\Users\sante\AppData\Local\Temp\ccnrVYVE.s 			page 25


 878              		.loc 1 480 3 view .LVU153
 481:Drivers/STM32G0xx_HAL_Driver/Src/stm32g0xx_hal_pwr_ex.c ****   assert_param(IS_PWR_GPIO_BIT_NUMBER(GPIONumber));
 879              		.loc 1 481 3 view .LVU154
 482:Drivers/STM32G0xx_HAL_Driver/Src/stm32g0xx_hal_pwr_ex.c **** 
 483:Drivers/STM32G0xx_HAL_Driver/Src/stm32g0xx_hal_pwr_ex.c ****   switch (GPIO)
 880              		.loc 1 483 3 view .LVU155
 881 0000 0528     		cmp	r0, #5
 882 0002 23D8     		bhi	.L86
 883 0004 8000     		lsls	r0, r0, #2
 884              	.LVL18:
 885              		.loc 1 483 3 is_stmt 0 view .LVU156
 886 0006 124B     		ldr	r3, .L87
 887 0008 1B58     		ldr	r3, [r3, r0]
 888 000a 9F46     		mov	pc, r3
 889              		.section	.rodata.HAL_PWREx_DisableGPIOPullUp,"a",%progbits
 890              		.align	2
 891              	.L81:
 892 0000 0C000000 		.word	.L85
 893 0004 1C000000 		.word	.L84
 894 0008 28000000 		.word	.L83
 895 000c 34000000 		.word	.L82
 896 0010 4C000000 		.word	.L86
 897 0014 40000000 		.word	.L80
 898              		.section	.text.HAL_PWREx_DisableGPIOPullUp
 899              	.L85:
 484:Drivers/STM32G0xx_HAL_Driver/Src/stm32g0xx_hal_pwr_ex.c ****   {
 485:Drivers/STM32G0xx_HAL_Driver/Src/stm32g0xx_hal_pwr_ex.c ****     case PWR_GPIO_A:
 486:Drivers/STM32G0xx_HAL_Driver/Src/stm32g0xx_hal_pwr_ex.c ****       CLEAR_BIT(PWR->PUCRA, (GPIONumber & ~PWR_GPIO_BIT_14));
 900              		.loc 1 486 7 is_stmt 1 view .LVU157
 901 000c 1148     		ldr	r0, .L87+4
 902 000e 036A     		ldr	r3, [r0, #32]
 903 0010 114A     		ldr	r2, .L87+8
 904 0012 0A40     		ands	r2, r1
 905 0014 9343     		bics	r3, r2
 906 0016 0362     		str	r3, [r0, #32]
 487:Drivers/STM32G0xx_HAL_Driver/Src/stm32g0xx_hal_pwr_ex.c ****       break;
 907              		.loc 1 487 7 view .LVU158
 478:Drivers/STM32G0xx_HAL_Driver/Src/stm32g0xx_hal_pwr_ex.c **** 
 908              		.loc 1 478 21 is_stmt 0 view .LVU159
 909 0018 0020     		movs	r0, #0
 910              	.L79:
 911              	.LVL19:
 488:Drivers/STM32G0xx_HAL_Driver/Src/stm32g0xx_hal_pwr_ex.c **** 
 489:Drivers/STM32G0xx_HAL_Driver/Src/stm32g0xx_hal_pwr_ex.c ****     case PWR_GPIO_B:
 490:Drivers/STM32G0xx_HAL_Driver/Src/stm32g0xx_hal_pwr_ex.c ****       CLEAR_BIT(PWR->PUCRB, GPIONumber);
 491:Drivers/STM32G0xx_HAL_Driver/Src/stm32g0xx_hal_pwr_ex.c ****       break;
 492:Drivers/STM32G0xx_HAL_Driver/Src/stm32g0xx_hal_pwr_ex.c **** 
 493:Drivers/STM32G0xx_HAL_Driver/Src/stm32g0xx_hal_pwr_ex.c ****     case PWR_GPIO_C:
 494:Drivers/STM32G0xx_HAL_Driver/Src/stm32g0xx_hal_pwr_ex.c ****       CLEAR_BIT(PWR->PUCRC, GPIONumber);
 495:Drivers/STM32G0xx_HAL_Driver/Src/stm32g0xx_hal_pwr_ex.c ****       break;
 496:Drivers/STM32G0xx_HAL_Driver/Src/stm32g0xx_hal_pwr_ex.c **** 
 497:Drivers/STM32G0xx_HAL_Driver/Src/stm32g0xx_hal_pwr_ex.c ****     case PWR_GPIO_D:
 498:Drivers/STM32G0xx_HAL_Driver/Src/stm32g0xx_hal_pwr_ex.c ****       CLEAR_BIT(PWR->PUCRD, GPIONumber);
 499:Drivers/STM32G0xx_HAL_Driver/Src/stm32g0xx_hal_pwr_ex.c ****       break;
 500:Drivers/STM32G0xx_HAL_Driver/Src/stm32g0xx_hal_pwr_ex.c **** 
 501:Drivers/STM32G0xx_HAL_Driver/Src/stm32g0xx_hal_pwr_ex.c **** #if defined(GPI0E)
 502:Drivers/STM32G0xx_HAL_Driver/Src/stm32g0xx_hal_pwr_ex.c ****     case PWR_GPIO_E:
ARM GAS  C:\Users\sante\AppData\Local\Temp\ccnrVYVE.s 			page 26


 503:Drivers/STM32G0xx_HAL_Driver/Src/stm32g0xx_hal_pwr_ex.c ****       CLEAR_BIT(PWR->PUCRE, GPIONumber);
 504:Drivers/STM32G0xx_HAL_Driver/Src/stm32g0xx_hal_pwr_ex.c ****       break;
 505:Drivers/STM32G0xx_HAL_Driver/Src/stm32g0xx_hal_pwr_ex.c **** #endif /* GPI0E */
 506:Drivers/STM32G0xx_HAL_Driver/Src/stm32g0xx_hal_pwr_ex.c ****     case PWR_GPIO_F:
 507:Drivers/STM32G0xx_HAL_Driver/Src/stm32g0xx_hal_pwr_ex.c ****       CLEAR_BIT(PWR->PUCRF, GPIONumber);
 508:Drivers/STM32G0xx_HAL_Driver/Src/stm32g0xx_hal_pwr_ex.c ****       break;
 509:Drivers/STM32G0xx_HAL_Driver/Src/stm32g0xx_hal_pwr_ex.c **** 
 510:Drivers/STM32G0xx_HAL_Driver/Src/stm32g0xx_hal_pwr_ex.c ****     default:
 511:Drivers/STM32G0xx_HAL_Driver/Src/stm32g0xx_hal_pwr_ex.c ****       status = HAL_ERROR;
 512:Drivers/STM32G0xx_HAL_Driver/Src/stm32g0xx_hal_pwr_ex.c ****       break;
 513:Drivers/STM32G0xx_HAL_Driver/Src/stm32g0xx_hal_pwr_ex.c ****   }
 514:Drivers/STM32G0xx_HAL_Driver/Src/stm32g0xx_hal_pwr_ex.c **** 
 515:Drivers/STM32G0xx_HAL_Driver/Src/stm32g0xx_hal_pwr_ex.c ****   return status;
 912              		.loc 1 515 3 is_stmt 1 view .LVU160
 516:Drivers/STM32G0xx_HAL_Driver/Src/stm32g0xx_hal_pwr_ex.c **** }
 913              		.loc 1 516 1 is_stmt 0 view .LVU161
 914              		@ sp needed
 915 001a 7047     		bx	lr
 916              	.LVL20:
 917              	.L84:
 490:Drivers/STM32G0xx_HAL_Driver/Src/stm32g0xx_hal_pwr_ex.c ****       break;
 918              		.loc 1 490 7 is_stmt 1 view .LVU162
 919 001c 0D4A     		ldr	r2, .L87+4
 920 001e 936A     		ldr	r3, [r2, #40]
 921 0020 8B43     		bics	r3, r1
 922 0022 9362     		str	r3, [r2, #40]
 491:Drivers/STM32G0xx_HAL_Driver/Src/stm32g0xx_hal_pwr_ex.c **** 
 923              		.loc 1 491 7 view .LVU163
 478:Drivers/STM32G0xx_HAL_Driver/Src/stm32g0xx_hal_pwr_ex.c **** 
 924              		.loc 1 478 21 is_stmt 0 view .LVU164
 925 0024 0020     		movs	r0, #0
 491:Drivers/STM32G0xx_HAL_Driver/Src/stm32g0xx_hal_pwr_ex.c **** 
 926              		.loc 1 491 7 view .LVU165
 927 0026 F8E7     		b	.L79
 928              	.L83:
 494:Drivers/STM32G0xx_HAL_Driver/Src/stm32g0xx_hal_pwr_ex.c ****       break;
 929              		.loc 1 494 7 is_stmt 1 view .LVU166
 930 0028 0A4A     		ldr	r2, .L87+4
 931 002a 136B     		ldr	r3, [r2, #48]
 932 002c 8B43     		bics	r3, r1
 933 002e 1363     		str	r3, [r2, #48]
 495:Drivers/STM32G0xx_HAL_Driver/Src/stm32g0xx_hal_pwr_ex.c **** 
 934              		.loc 1 495 7 view .LVU167
 478:Drivers/STM32G0xx_HAL_Driver/Src/stm32g0xx_hal_pwr_ex.c **** 
 935              		.loc 1 478 21 is_stmt 0 view .LVU168
 936 0030 0020     		movs	r0, #0
 495:Drivers/STM32G0xx_HAL_Driver/Src/stm32g0xx_hal_pwr_ex.c **** 
 937              		.loc 1 495 7 view .LVU169
 938 0032 F2E7     		b	.L79
 939              	.L82:
 498:Drivers/STM32G0xx_HAL_Driver/Src/stm32g0xx_hal_pwr_ex.c ****       break;
 940              		.loc 1 498 7 is_stmt 1 view .LVU170
 941 0034 074A     		ldr	r2, .L87+4
 942 0036 936B     		ldr	r3, [r2, #56]
 943 0038 8B43     		bics	r3, r1
 944 003a 9363     		str	r3, [r2, #56]
 499:Drivers/STM32G0xx_HAL_Driver/Src/stm32g0xx_hal_pwr_ex.c **** 
ARM GAS  C:\Users\sante\AppData\Local\Temp\ccnrVYVE.s 			page 27


 945              		.loc 1 499 7 view .LVU171
 478:Drivers/STM32G0xx_HAL_Driver/Src/stm32g0xx_hal_pwr_ex.c **** 
 946              		.loc 1 478 21 is_stmt 0 view .LVU172
 947 003c 0020     		movs	r0, #0
 499:Drivers/STM32G0xx_HAL_Driver/Src/stm32g0xx_hal_pwr_ex.c **** 
 948              		.loc 1 499 7 view .LVU173
 949 003e ECE7     		b	.L79
 950              	.L80:
 507:Drivers/STM32G0xx_HAL_Driver/Src/stm32g0xx_hal_pwr_ex.c ****       break;
 951              		.loc 1 507 7 is_stmt 1 view .LVU174
 952 0040 044A     		ldr	r2, .L87+4
 953 0042 936C     		ldr	r3, [r2, #72]
 954 0044 8B43     		bics	r3, r1
 955 0046 9364     		str	r3, [r2, #72]
 508:Drivers/STM32G0xx_HAL_Driver/Src/stm32g0xx_hal_pwr_ex.c **** 
 956              		.loc 1 508 7 view .LVU175
 478:Drivers/STM32G0xx_HAL_Driver/Src/stm32g0xx_hal_pwr_ex.c **** 
 957              		.loc 1 478 21 is_stmt 0 view .LVU176
 958 0048 0020     		movs	r0, #0
 508:Drivers/STM32G0xx_HAL_Driver/Src/stm32g0xx_hal_pwr_ex.c **** 
 959              		.loc 1 508 7 view .LVU177
 960 004a E6E7     		b	.L79
 961              	.L86:
 483:Drivers/STM32G0xx_HAL_Driver/Src/stm32g0xx_hal_pwr_ex.c ****   {
 962              		.loc 1 483 3 view .LVU178
 963 004c 0120     		movs	r0, #1
 964 004e E4E7     		b	.L79
 965              	.L88:
 966              		.align	2
 967              	.L87:
 968 0050 00000000 		.word	.L81
 969 0054 00700040 		.word	1073770496
 970 0058 FFBFFFFF 		.word	-16385
 971              		.cfi_endproc
 972              	.LFE510:
 974              		.section	.text.HAL_PWREx_EnableGPIOPullDown,"ax",%progbits
 975              		.align	1
 976              		.global	HAL_PWREx_EnableGPIOPullDown
 977              		.syntax unified
 978              		.code	16
 979              		.thumb_func
 981              	HAL_PWREx_EnableGPIOPullDown:
 982              	.LVL21:
 983              	.LFB511:
 517:Drivers/STM32G0xx_HAL_Driver/Src/stm32g0xx_hal_pwr_ex.c **** 
 518:Drivers/STM32G0xx_HAL_Driver/Src/stm32g0xx_hal_pwr_ex.c **** 
 519:Drivers/STM32G0xx_HAL_Driver/Src/stm32g0xx_hal_pwr_ex.c **** /**
 520:Drivers/STM32G0xx_HAL_Driver/Src/stm32g0xx_hal_pwr_ex.c ****   * @brief  Enable GPIO pull-down state in Standby and Shutdown modes.
 521:Drivers/STM32G0xx_HAL_Driver/Src/stm32g0xx_hal_pwr_ex.c ****   * @note   Set the relevant PDy bit of PWR_PDCRx register to configure the I/O in
 522:Drivers/STM32G0xx_HAL_Driver/Src/stm32g0xx_hal_pwr_ex.c ****   *         pull-down state in Standby and Shutdown modes.
 523:Drivers/STM32G0xx_HAL_Driver/Src/stm32g0xx_hal_pwr_ex.c ****   * @note   This state is effective in Standby and Shutdown modes only if APC bit
 524:Drivers/STM32G0xx_HAL_Driver/Src/stm32g0xx_hal_pwr_ex.c ****   *         is set through HAL_PWREx_EnablePullUpPullDownConfig() API.
 525:Drivers/STM32G0xx_HAL_Driver/Src/stm32g0xx_hal_pwr_ex.c ****   * @note   The configuration is lost when exiting the Shutdown mode due to the
 526:Drivers/STM32G0xx_HAL_Driver/Src/stm32g0xx_hal_pwr_ex.c ****   *         power-on reset, maintained when exiting the Standby mode.
 527:Drivers/STM32G0xx_HAL_Driver/Src/stm32g0xx_hal_pwr_ex.c ****   * @note   To avoid any conflict at Standby and Shutdown modes exits, the corresponding
 528:Drivers/STM32G0xx_HAL_Driver/Src/stm32g0xx_hal_pwr_ex.c ****   *         PUy bit of PWR_PUCRx register is cleared unless it is reserved.
 529:Drivers/STM32G0xx_HAL_Driver/Src/stm32g0xx_hal_pwr_ex.c ****   * @param  GPIO Specify the IO port. This parameter can be PWR_GPIO_A..PWR_GPIO_F
ARM GAS  C:\Users\sante\AppData\Local\Temp\ccnrVYVE.s 			page 28


 530:Drivers/STM32G0xx_HAL_Driver/Src/stm32g0xx_hal_pwr_ex.c ****   *         to select the GPIO peripheral.
 531:Drivers/STM32G0xx_HAL_Driver/Src/stm32g0xx_hal_pwr_ex.c ****   * @param  GPIONumber Specify the I/O pins numbers.
 532:Drivers/STM32G0xx_HAL_Driver/Src/stm32g0xx_hal_pwr_ex.c ****   *         This parameter can be one of the following values:
 533:Drivers/STM32G0xx_HAL_Driver/Src/stm32g0xx_hal_pwr_ex.c ****   *         PWR_GPIO_BIT_0, ..., PWR_GPIO_BIT_15 (except for ports where less
 534:Drivers/STM32G0xx_HAL_Driver/Src/stm32g0xx_hal_pwr_ex.c ****   *         I/O pins are available) or the logical OR of several of them to set
 535:Drivers/STM32G0xx_HAL_Driver/Src/stm32g0xx_hal_pwr_ex.c ****   *         several bits for a given port in a single API call.
 536:Drivers/STM32G0xx_HAL_Driver/Src/stm32g0xx_hal_pwr_ex.c ****   * @retval HAL Status
 537:Drivers/STM32G0xx_HAL_Driver/Src/stm32g0xx_hal_pwr_ex.c ****   */
 538:Drivers/STM32G0xx_HAL_Driver/Src/stm32g0xx_hal_pwr_ex.c **** HAL_StatusTypeDef HAL_PWREx_EnableGPIOPullDown(uint32_t GPIO, uint32_t GPIONumber)
 539:Drivers/STM32G0xx_HAL_Driver/Src/stm32g0xx_hal_pwr_ex.c **** {
 984              		.loc 1 539 1 is_stmt 1 view -0
 985              		.cfi_startproc
 986              		@ args = 0, pretend = 0, frame = 0
 987              		@ frame_needed = 0, uses_anonymous_args = 0
 988              		@ link register save eliminated.
 540:Drivers/STM32G0xx_HAL_Driver/Src/stm32g0xx_hal_pwr_ex.c ****   HAL_StatusTypeDef status = HAL_OK;
 989              		.loc 1 540 3 view .LVU180
 541:Drivers/STM32G0xx_HAL_Driver/Src/stm32g0xx_hal_pwr_ex.c **** 
 542:Drivers/STM32G0xx_HAL_Driver/Src/stm32g0xx_hal_pwr_ex.c ****   assert_param(IS_PWR_GPIO(GPIO));
 990              		.loc 1 542 3 view .LVU181
 543:Drivers/STM32G0xx_HAL_Driver/Src/stm32g0xx_hal_pwr_ex.c ****   assert_param(IS_PWR_GPIO_BIT_NUMBER(GPIONumber));
 991              		.loc 1 543 3 view .LVU182
 544:Drivers/STM32G0xx_HAL_Driver/Src/stm32g0xx_hal_pwr_ex.c **** 
 545:Drivers/STM32G0xx_HAL_Driver/Src/stm32g0xx_hal_pwr_ex.c ****   switch (GPIO)
 992              		.loc 1 545 3 view .LVU183
 993 0000 0528     		cmp	r0, #5
 994 0002 3DD8     		bhi	.L98
 995 0004 8000     		lsls	r0, r0, #2
 996              	.LVL22:
 997              		.loc 1 545 3 is_stmt 0 view .LVU184
 998 0006 1F4B     		ldr	r3, .L99
 999 0008 1B58     		ldr	r3, [r3, r0]
 1000 000a 9F46     		mov	pc, r3
 1001              		.section	.rodata.HAL_PWREx_EnableGPIOPullDown,"a",%progbits
 1002              		.align	2
 1003              	.L92:
 1004 0000 0C000000 		.word	.L97
 1005 0004 26000000 		.word	.L96
 1006 0008 38000000 		.word	.L95
 1007 000c 4A000000 		.word	.L94
 1008 0010 5C000000 		.word	.L93
 1009 0014 6E000000 		.word	.L91
 1010              		.section	.text.HAL_PWREx_EnableGPIOPullDown
 1011              	.L97:
 546:Drivers/STM32G0xx_HAL_Driver/Src/stm32g0xx_hal_pwr_ex.c ****   {
 547:Drivers/STM32G0xx_HAL_Driver/Src/stm32g0xx_hal_pwr_ex.c ****     case PWR_GPIO_A:
 548:Drivers/STM32G0xx_HAL_Driver/Src/stm32g0xx_hal_pwr_ex.c ****       SET_BIT(PWR->PDCRA, (GPIONumber & ~PWR_GPIO_BIT_13));
 1012              		.loc 1 548 7 is_stmt 1 view .LVU185
 1013 000c 1E4B     		ldr	r3, .L99+4
 1014 000e 5A6A     		ldr	r2, [r3, #36]
 1015 0010 1E48     		ldr	r0, .L99+8
 1016 0012 0840     		ands	r0, r1
 1017 0014 0243     		orrs	r2, r0
 1018 0016 5A62     		str	r2, [r3, #36]
 549:Drivers/STM32G0xx_HAL_Driver/Src/stm32g0xx_hal_pwr_ex.c ****       CLEAR_BIT(PWR->PUCRA, (GPIONumber & ~PWR_GPIO_BIT_14));
 1019              		.loc 1 549 7 view .LVU186
 1020 0018 1A6A     		ldr	r2, [r3, #32]
ARM GAS  C:\Users\sante\AppData\Local\Temp\ccnrVYVE.s 			page 29


 1021 001a 1D48     		ldr	r0, .L99+12
 1022 001c 0140     		ands	r1, r0
 1023              	.LVL23:
 1024              		.loc 1 549 7 is_stmt 0 view .LVU187
 1025 001e 8A43     		bics	r2, r1
 1026 0020 1A62     		str	r2, [r3, #32]
 550:Drivers/STM32G0xx_HAL_Driver/Src/stm32g0xx_hal_pwr_ex.c ****       break;
 1027              		.loc 1 550 7 is_stmt 1 view .LVU188
 540:Drivers/STM32G0xx_HAL_Driver/Src/stm32g0xx_hal_pwr_ex.c **** 
 1028              		.loc 1 540 21 is_stmt 0 view .LVU189
 1029 0022 0020     		movs	r0, #0
 1030              	.L90:
 1031              	.LVL24:
 551:Drivers/STM32G0xx_HAL_Driver/Src/stm32g0xx_hal_pwr_ex.c **** 
 552:Drivers/STM32G0xx_HAL_Driver/Src/stm32g0xx_hal_pwr_ex.c ****     case PWR_GPIO_B:
 553:Drivers/STM32G0xx_HAL_Driver/Src/stm32g0xx_hal_pwr_ex.c ****       SET_BIT(PWR->PDCRB, GPIONumber);
 554:Drivers/STM32G0xx_HAL_Driver/Src/stm32g0xx_hal_pwr_ex.c ****       CLEAR_BIT(PWR->PUCRB, GPIONumber);
 555:Drivers/STM32G0xx_HAL_Driver/Src/stm32g0xx_hal_pwr_ex.c ****       break;
 556:Drivers/STM32G0xx_HAL_Driver/Src/stm32g0xx_hal_pwr_ex.c **** 
 557:Drivers/STM32G0xx_HAL_Driver/Src/stm32g0xx_hal_pwr_ex.c ****     case PWR_GPIO_C:
 558:Drivers/STM32G0xx_HAL_Driver/Src/stm32g0xx_hal_pwr_ex.c ****       SET_BIT(PWR->PDCRC, GPIONumber);
 559:Drivers/STM32G0xx_HAL_Driver/Src/stm32g0xx_hal_pwr_ex.c ****       CLEAR_BIT(PWR->PUCRC, GPIONumber);
 560:Drivers/STM32G0xx_HAL_Driver/Src/stm32g0xx_hal_pwr_ex.c ****       break;
 561:Drivers/STM32G0xx_HAL_Driver/Src/stm32g0xx_hal_pwr_ex.c **** 
 562:Drivers/STM32G0xx_HAL_Driver/Src/stm32g0xx_hal_pwr_ex.c ****     case PWR_GPIO_D:
 563:Drivers/STM32G0xx_HAL_Driver/Src/stm32g0xx_hal_pwr_ex.c ****       SET_BIT(PWR->PDCRD, GPIONumber);
 564:Drivers/STM32G0xx_HAL_Driver/Src/stm32g0xx_hal_pwr_ex.c ****       CLEAR_BIT(PWR->PUCRD, GPIONumber);
 565:Drivers/STM32G0xx_HAL_Driver/Src/stm32g0xx_hal_pwr_ex.c ****       break;
 566:Drivers/STM32G0xx_HAL_Driver/Src/stm32g0xx_hal_pwr_ex.c **** 
 567:Drivers/STM32G0xx_HAL_Driver/Src/stm32g0xx_hal_pwr_ex.c **** #if defined(GPIOE)
 568:Drivers/STM32G0xx_HAL_Driver/Src/stm32g0xx_hal_pwr_ex.c ****     case PWR_GPIO_E:
 569:Drivers/STM32G0xx_HAL_Driver/Src/stm32g0xx_hal_pwr_ex.c ****       SET_BIT(PWR->PDCRE, GPIONumber);
 570:Drivers/STM32G0xx_HAL_Driver/Src/stm32g0xx_hal_pwr_ex.c ****       CLEAR_BIT(PWR->PUCRE, GPIONumber);
 571:Drivers/STM32G0xx_HAL_Driver/Src/stm32g0xx_hal_pwr_ex.c ****       break;
 572:Drivers/STM32G0xx_HAL_Driver/Src/stm32g0xx_hal_pwr_ex.c **** #endif /* GPI0E */
 573:Drivers/STM32G0xx_HAL_Driver/Src/stm32g0xx_hal_pwr_ex.c ****     case PWR_GPIO_F:
 574:Drivers/STM32G0xx_HAL_Driver/Src/stm32g0xx_hal_pwr_ex.c ****       SET_BIT(PWR->PDCRF, GPIONumber);
 575:Drivers/STM32G0xx_HAL_Driver/Src/stm32g0xx_hal_pwr_ex.c ****       CLEAR_BIT(PWR->PUCRF, GPIONumber);
 576:Drivers/STM32G0xx_HAL_Driver/Src/stm32g0xx_hal_pwr_ex.c ****       break;
 577:Drivers/STM32G0xx_HAL_Driver/Src/stm32g0xx_hal_pwr_ex.c **** 
 578:Drivers/STM32G0xx_HAL_Driver/Src/stm32g0xx_hal_pwr_ex.c ****     default:
 579:Drivers/STM32G0xx_HAL_Driver/Src/stm32g0xx_hal_pwr_ex.c ****       status = HAL_ERROR;
 580:Drivers/STM32G0xx_HAL_Driver/Src/stm32g0xx_hal_pwr_ex.c ****       break;
 581:Drivers/STM32G0xx_HAL_Driver/Src/stm32g0xx_hal_pwr_ex.c ****   }
 582:Drivers/STM32G0xx_HAL_Driver/Src/stm32g0xx_hal_pwr_ex.c **** 
 583:Drivers/STM32G0xx_HAL_Driver/Src/stm32g0xx_hal_pwr_ex.c ****   return status;
 1032              		.loc 1 583 3 is_stmt 1 view .LVU190
 584:Drivers/STM32G0xx_HAL_Driver/Src/stm32g0xx_hal_pwr_ex.c **** }
 1033              		.loc 1 584 1 is_stmt 0 view .LVU191
 1034              		@ sp needed
 1035 0024 7047     		bx	lr
 1036              	.LVL25:
 1037              	.L96:
 553:Drivers/STM32G0xx_HAL_Driver/Src/stm32g0xx_hal_pwr_ex.c ****       CLEAR_BIT(PWR->PUCRB, GPIONumber);
 1038              		.loc 1 553 7 is_stmt 1 view .LVU192
 1039 0026 184B     		ldr	r3, .L99+4
 1040 0028 DA6A     		ldr	r2, [r3, #44]
ARM GAS  C:\Users\sante\AppData\Local\Temp\ccnrVYVE.s 			page 30


 1041 002a 0A43     		orrs	r2, r1
 1042 002c DA62     		str	r2, [r3, #44]
 554:Drivers/STM32G0xx_HAL_Driver/Src/stm32g0xx_hal_pwr_ex.c ****       break;
 1043              		.loc 1 554 7 view .LVU193
 1044 002e 9A6A     		ldr	r2, [r3, #40]
 1045 0030 8A43     		bics	r2, r1
 1046 0032 9A62     		str	r2, [r3, #40]
 555:Drivers/STM32G0xx_HAL_Driver/Src/stm32g0xx_hal_pwr_ex.c **** 
 1047              		.loc 1 555 7 view .LVU194
 540:Drivers/STM32G0xx_HAL_Driver/Src/stm32g0xx_hal_pwr_ex.c **** 
 1048              		.loc 1 540 21 is_stmt 0 view .LVU195
 1049 0034 0020     		movs	r0, #0
 555:Drivers/STM32G0xx_HAL_Driver/Src/stm32g0xx_hal_pwr_ex.c **** 
 1050              		.loc 1 555 7 view .LVU196
 1051 0036 F5E7     		b	.L90
 1052              	.L95:
 558:Drivers/STM32G0xx_HAL_Driver/Src/stm32g0xx_hal_pwr_ex.c ****       CLEAR_BIT(PWR->PUCRC, GPIONumber);
 1053              		.loc 1 558 7 is_stmt 1 view .LVU197
 1054 0038 134B     		ldr	r3, .L99+4
 1055 003a 5A6B     		ldr	r2, [r3, #52]
 1056 003c 0A43     		orrs	r2, r1
 1057 003e 5A63     		str	r2, [r3, #52]
 559:Drivers/STM32G0xx_HAL_Driver/Src/stm32g0xx_hal_pwr_ex.c ****       break;
 1058              		.loc 1 559 7 view .LVU198
 1059 0040 1A6B     		ldr	r2, [r3, #48]
 1060 0042 8A43     		bics	r2, r1
 1061 0044 1A63     		str	r2, [r3, #48]
 560:Drivers/STM32G0xx_HAL_Driver/Src/stm32g0xx_hal_pwr_ex.c **** 
 1062              		.loc 1 560 7 view .LVU199
 540:Drivers/STM32G0xx_HAL_Driver/Src/stm32g0xx_hal_pwr_ex.c **** 
 1063              		.loc 1 540 21 is_stmt 0 view .LVU200
 1064 0046 0020     		movs	r0, #0
 560:Drivers/STM32G0xx_HAL_Driver/Src/stm32g0xx_hal_pwr_ex.c **** 
 1065              		.loc 1 560 7 view .LVU201
 1066 0048 ECE7     		b	.L90
 1067              	.L94:
 563:Drivers/STM32G0xx_HAL_Driver/Src/stm32g0xx_hal_pwr_ex.c ****       CLEAR_BIT(PWR->PUCRD, GPIONumber);
 1068              		.loc 1 563 7 is_stmt 1 view .LVU202
 1069 004a 0F4B     		ldr	r3, .L99+4
 1070 004c DA6B     		ldr	r2, [r3, #60]
 1071 004e 0A43     		orrs	r2, r1
 1072 0050 DA63     		str	r2, [r3, #60]
 564:Drivers/STM32G0xx_HAL_Driver/Src/stm32g0xx_hal_pwr_ex.c ****       break;
 1073              		.loc 1 564 7 view .LVU203
 1074 0052 9A6B     		ldr	r2, [r3, #56]
 1075 0054 8A43     		bics	r2, r1
 1076 0056 9A63     		str	r2, [r3, #56]
 565:Drivers/STM32G0xx_HAL_Driver/Src/stm32g0xx_hal_pwr_ex.c **** 
 1077              		.loc 1 565 7 view .LVU204
 540:Drivers/STM32G0xx_HAL_Driver/Src/stm32g0xx_hal_pwr_ex.c **** 
 1078              		.loc 1 540 21 is_stmt 0 view .LVU205
 1079 0058 0020     		movs	r0, #0
 565:Drivers/STM32G0xx_HAL_Driver/Src/stm32g0xx_hal_pwr_ex.c **** 
 1080              		.loc 1 565 7 view .LVU206
 1081 005a E3E7     		b	.L90
 1082              	.L93:
 569:Drivers/STM32G0xx_HAL_Driver/Src/stm32g0xx_hal_pwr_ex.c ****       CLEAR_BIT(PWR->PUCRE, GPIONumber);
ARM GAS  C:\Users\sante\AppData\Local\Temp\ccnrVYVE.s 			page 31


 1083              		.loc 1 569 7 is_stmt 1 view .LVU207
 1084 005c 0A4B     		ldr	r3, .L99+4
 1085 005e 5A6C     		ldr	r2, [r3, #68]
 1086 0060 0A43     		orrs	r2, r1
 1087 0062 5A64     		str	r2, [r3, #68]
 570:Drivers/STM32G0xx_HAL_Driver/Src/stm32g0xx_hal_pwr_ex.c ****       break;
 1088              		.loc 1 570 7 view .LVU208
 1089 0064 1A6C     		ldr	r2, [r3, #64]
 1090 0066 8A43     		bics	r2, r1
 1091 0068 1A64     		str	r2, [r3, #64]
 571:Drivers/STM32G0xx_HAL_Driver/Src/stm32g0xx_hal_pwr_ex.c **** #endif /* GPI0E */
 1092              		.loc 1 571 7 view .LVU209
 540:Drivers/STM32G0xx_HAL_Driver/Src/stm32g0xx_hal_pwr_ex.c **** 
 1093              		.loc 1 540 21 is_stmt 0 view .LVU210
 1094 006a 0020     		movs	r0, #0
 571:Drivers/STM32G0xx_HAL_Driver/Src/stm32g0xx_hal_pwr_ex.c **** #endif /* GPI0E */
 1095              		.loc 1 571 7 view .LVU211
 1096 006c DAE7     		b	.L90
 1097              	.L91:
 574:Drivers/STM32G0xx_HAL_Driver/Src/stm32g0xx_hal_pwr_ex.c ****       CLEAR_BIT(PWR->PUCRF, GPIONumber);
 1098              		.loc 1 574 7 is_stmt 1 view .LVU212
 1099 006e 064B     		ldr	r3, .L99+4
 1100 0070 DA6C     		ldr	r2, [r3, #76]
 1101 0072 0A43     		orrs	r2, r1
 1102 0074 DA64     		str	r2, [r3, #76]
 575:Drivers/STM32G0xx_HAL_Driver/Src/stm32g0xx_hal_pwr_ex.c ****       break;
 1103              		.loc 1 575 7 view .LVU213
 1104 0076 9A6C     		ldr	r2, [r3, #72]
 1105 0078 8A43     		bics	r2, r1
 1106 007a 9A64     		str	r2, [r3, #72]
 576:Drivers/STM32G0xx_HAL_Driver/Src/stm32g0xx_hal_pwr_ex.c **** 
 1107              		.loc 1 576 7 view .LVU214
 540:Drivers/STM32G0xx_HAL_Driver/Src/stm32g0xx_hal_pwr_ex.c **** 
 1108              		.loc 1 540 21 is_stmt 0 view .LVU215
 1109 007c 0020     		movs	r0, #0
 576:Drivers/STM32G0xx_HAL_Driver/Src/stm32g0xx_hal_pwr_ex.c **** 
 1110              		.loc 1 576 7 view .LVU216
 1111 007e D1E7     		b	.L90
 1112              	.LVL26:
 1113              	.L98:
 545:Drivers/STM32G0xx_HAL_Driver/Src/stm32g0xx_hal_pwr_ex.c ****   {
 1114              		.loc 1 545 3 view .LVU217
 1115 0080 0120     		movs	r0, #1
 1116              	.LVL27:
 545:Drivers/STM32G0xx_HAL_Driver/Src/stm32g0xx_hal_pwr_ex.c ****   {
 1117              		.loc 1 545 3 view .LVU218
 1118 0082 CFE7     		b	.L90
 1119              	.L100:
 1120              		.align	2
 1121              	.L99:
 1122 0084 00000000 		.word	.L92
 1123 0088 00700040 		.word	1073770496
 1124 008c FFDFFFFF 		.word	-8193
 1125 0090 FFBFFFFF 		.word	-16385
 1126              		.cfi_endproc
 1127              	.LFE511:
 1129              		.section	.text.HAL_PWREx_DisableGPIOPullDown,"ax",%progbits
ARM GAS  C:\Users\sante\AppData\Local\Temp\ccnrVYVE.s 			page 32


 1130              		.align	1
 1131              		.global	HAL_PWREx_DisableGPIOPullDown
 1132              		.syntax unified
 1133              		.code	16
 1134              		.thumb_func
 1136              	HAL_PWREx_DisableGPIOPullDown:
 1137              	.LVL28:
 1138              	.LFB512:
 585:Drivers/STM32G0xx_HAL_Driver/Src/stm32g0xx_hal_pwr_ex.c **** 
 586:Drivers/STM32G0xx_HAL_Driver/Src/stm32g0xx_hal_pwr_ex.c **** 
 587:Drivers/STM32G0xx_HAL_Driver/Src/stm32g0xx_hal_pwr_ex.c **** /**
 588:Drivers/STM32G0xx_HAL_Driver/Src/stm32g0xx_hal_pwr_ex.c ****   * @brief  Disable GPIO pull-down state in Standby and Shutdown modes.
 589:Drivers/STM32G0xx_HAL_Driver/Src/stm32g0xx_hal_pwr_ex.c ****   * @note   Reset the relevant PDy bit of PWR_PDCRx register used to configure the I/O
 590:Drivers/STM32G0xx_HAL_Driver/Src/stm32g0xx_hal_pwr_ex.c ****   *         in pull-down state in Standby and Shutdown modes.
 591:Drivers/STM32G0xx_HAL_Driver/Src/stm32g0xx_hal_pwr_ex.c ****   * @param  GPIO Specifies the IO port. This parameter can be PWR_GPIO_A..PWR_GPIO_F
 592:Drivers/STM32G0xx_HAL_Driver/Src/stm32g0xx_hal_pwr_ex.c ****   *         to select the GPIO peripheral.
 593:Drivers/STM32G0xx_HAL_Driver/Src/stm32g0xx_hal_pwr_ex.c ****   * @param  GPIONumber Specify the I/O pins numbers.
 594:Drivers/STM32G0xx_HAL_Driver/Src/stm32g0xx_hal_pwr_ex.c ****   *         This parameter can be one of the following values:
 595:Drivers/STM32G0xx_HAL_Driver/Src/stm32g0xx_hal_pwr_ex.c ****   *         PWR_GPIO_BIT_0, ..., PWR_GPIO_BIT_15 (except for ports where less
 596:Drivers/STM32G0xx_HAL_Driver/Src/stm32g0xx_hal_pwr_ex.c ****   *         I/O pins are available) or the logical OR of several of them to reset
 597:Drivers/STM32G0xx_HAL_Driver/Src/stm32g0xx_hal_pwr_ex.c ****   *         several bits for a given port in a single API call.
 598:Drivers/STM32G0xx_HAL_Driver/Src/stm32g0xx_hal_pwr_ex.c ****   * @retval HAL Status
 599:Drivers/STM32G0xx_HAL_Driver/Src/stm32g0xx_hal_pwr_ex.c ****   */
 600:Drivers/STM32G0xx_HAL_Driver/Src/stm32g0xx_hal_pwr_ex.c **** HAL_StatusTypeDef HAL_PWREx_DisableGPIOPullDown(uint32_t GPIO, uint32_t GPIONumber)
 601:Drivers/STM32G0xx_HAL_Driver/Src/stm32g0xx_hal_pwr_ex.c **** {
 1139              		.loc 1 601 1 is_stmt 1 view -0
 1140              		.cfi_startproc
 1141              		@ args = 0, pretend = 0, frame = 0
 1142              		@ frame_needed = 0, uses_anonymous_args = 0
 1143              		@ link register save eliminated.
 602:Drivers/STM32G0xx_HAL_Driver/Src/stm32g0xx_hal_pwr_ex.c ****   HAL_StatusTypeDef status = HAL_OK;
 1144              		.loc 1 602 3 view .LVU220
 603:Drivers/STM32G0xx_HAL_Driver/Src/stm32g0xx_hal_pwr_ex.c **** 
 604:Drivers/STM32G0xx_HAL_Driver/Src/stm32g0xx_hal_pwr_ex.c ****   assert_param(IS_PWR_GPIO(GPIO));
 1145              		.loc 1 604 3 view .LVU221
 605:Drivers/STM32G0xx_HAL_Driver/Src/stm32g0xx_hal_pwr_ex.c ****   assert_param(IS_PWR_GPIO_BIT_NUMBER(GPIONumber));
 1146              		.loc 1 605 3 view .LVU222
 606:Drivers/STM32G0xx_HAL_Driver/Src/stm32g0xx_hal_pwr_ex.c **** 
 607:Drivers/STM32G0xx_HAL_Driver/Src/stm32g0xx_hal_pwr_ex.c ****   switch (GPIO)
 1147              		.loc 1 607 3 view .LVU223
 1148 0000 0528     		cmp	r0, #5
 1149 0002 29D8     		bhi	.L110
 1150 0004 8000     		lsls	r0, r0, #2
 1151              	.LVL29:
 1152              		.loc 1 607 3 is_stmt 0 view .LVU224
 1153 0006 154B     		ldr	r3, .L111
 1154 0008 1B58     		ldr	r3, [r3, r0]
 1155 000a 9F46     		mov	pc, r3
 1156              		.section	.rodata.HAL_PWREx_DisableGPIOPullDown,"a",%progbits
 1157              		.align	2
 1158              	.L104:
 1159 0000 0C000000 		.word	.L109
 1160 0004 1C000000 		.word	.L108
 1161 0008 28000000 		.word	.L107
 1162 000c 34000000 		.word	.L106
 1163 0010 40000000 		.word	.L105
 1164 0014 4C000000 		.word	.L103
ARM GAS  C:\Users\sante\AppData\Local\Temp\ccnrVYVE.s 			page 33


 1165              		.section	.text.HAL_PWREx_DisableGPIOPullDown
 1166              	.L109:
 608:Drivers/STM32G0xx_HAL_Driver/Src/stm32g0xx_hal_pwr_ex.c ****   {
 609:Drivers/STM32G0xx_HAL_Driver/Src/stm32g0xx_hal_pwr_ex.c ****     case PWR_GPIO_A:
 610:Drivers/STM32G0xx_HAL_Driver/Src/stm32g0xx_hal_pwr_ex.c ****       CLEAR_BIT(PWR->PDCRA, (GPIONumber & ~PWR_GPIO_BIT_13));
 1167              		.loc 1 610 7 is_stmt 1 view .LVU225
 1168 000c 1448     		ldr	r0, .L111+4
 1169 000e 436A     		ldr	r3, [r0, #36]
 1170 0010 144A     		ldr	r2, .L111+8
 1171 0012 0A40     		ands	r2, r1
 1172 0014 9343     		bics	r3, r2
 1173 0016 4362     		str	r3, [r0, #36]
 611:Drivers/STM32G0xx_HAL_Driver/Src/stm32g0xx_hal_pwr_ex.c ****       break;
 1174              		.loc 1 611 7 view .LVU226
 602:Drivers/STM32G0xx_HAL_Driver/Src/stm32g0xx_hal_pwr_ex.c **** 
 1175              		.loc 1 602 21 is_stmt 0 view .LVU227
 1176 0018 0020     		movs	r0, #0
 1177              	.L102:
 1178              	.LVL30:
 612:Drivers/STM32G0xx_HAL_Driver/Src/stm32g0xx_hal_pwr_ex.c **** 
 613:Drivers/STM32G0xx_HAL_Driver/Src/stm32g0xx_hal_pwr_ex.c ****     case PWR_GPIO_B:
 614:Drivers/STM32G0xx_HAL_Driver/Src/stm32g0xx_hal_pwr_ex.c ****       CLEAR_BIT(PWR->PDCRB, GPIONumber);
 615:Drivers/STM32G0xx_HAL_Driver/Src/stm32g0xx_hal_pwr_ex.c ****       break;
 616:Drivers/STM32G0xx_HAL_Driver/Src/stm32g0xx_hal_pwr_ex.c **** 
 617:Drivers/STM32G0xx_HAL_Driver/Src/stm32g0xx_hal_pwr_ex.c ****     case PWR_GPIO_C:
 618:Drivers/STM32G0xx_HAL_Driver/Src/stm32g0xx_hal_pwr_ex.c ****       CLEAR_BIT(PWR->PDCRC, GPIONumber);
 619:Drivers/STM32G0xx_HAL_Driver/Src/stm32g0xx_hal_pwr_ex.c ****       break;
 620:Drivers/STM32G0xx_HAL_Driver/Src/stm32g0xx_hal_pwr_ex.c **** 
 621:Drivers/STM32G0xx_HAL_Driver/Src/stm32g0xx_hal_pwr_ex.c ****     case PWR_GPIO_D:
 622:Drivers/STM32G0xx_HAL_Driver/Src/stm32g0xx_hal_pwr_ex.c ****       CLEAR_BIT(PWR->PDCRD, GPIONumber);
 623:Drivers/STM32G0xx_HAL_Driver/Src/stm32g0xx_hal_pwr_ex.c ****       break;
 624:Drivers/STM32G0xx_HAL_Driver/Src/stm32g0xx_hal_pwr_ex.c **** 
 625:Drivers/STM32G0xx_HAL_Driver/Src/stm32g0xx_hal_pwr_ex.c **** #if defined(GPIOE)
 626:Drivers/STM32G0xx_HAL_Driver/Src/stm32g0xx_hal_pwr_ex.c ****     case PWR_GPIO_E:
 627:Drivers/STM32G0xx_HAL_Driver/Src/stm32g0xx_hal_pwr_ex.c ****       CLEAR_BIT(PWR->PDCRE, GPIONumber);
 628:Drivers/STM32G0xx_HAL_Driver/Src/stm32g0xx_hal_pwr_ex.c ****       break;
 629:Drivers/STM32G0xx_HAL_Driver/Src/stm32g0xx_hal_pwr_ex.c **** #endif /* GPI0E */
 630:Drivers/STM32G0xx_HAL_Driver/Src/stm32g0xx_hal_pwr_ex.c ****     case PWR_GPIO_F:
 631:Drivers/STM32G0xx_HAL_Driver/Src/stm32g0xx_hal_pwr_ex.c ****       CLEAR_BIT(PWR->PDCRF, GPIONumber);
 632:Drivers/STM32G0xx_HAL_Driver/Src/stm32g0xx_hal_pwr_ex.c ****       break;
 633:Drivers/STM32G0xx_HAL_Driver/Src/stm32g0xx_hal_pwr_ex.c **** 
 634:Drivers/STM32G0xx_HAL_Driver/Src/stm32g0xx_hal_pwr_ex.c ****     default:
 635:Drivers/STM32G0xx_HAL_Driver/Src/stm32g0xx_hal_pwr_ex.c ****       status = HAL_ERROR;
 636:Drivers/STM32G0xx_HAL_Driver/Src/stm32g0xx_hal_pwr_ex.c ****       break;
 637:Drivers/STM32G0xx_HAL_Driver/Src/stm32g0xx_hal_pwr_ex.c ****   }
 638:Drivers/STM32G0xx_HAL_Driver/Src/stm32g0xx_hal_pwr_ex.c **** 
 639:Drivers/STM32G0xx_HAL_Driver/Src/stm32g0xx_hal_pwr_ex.c ****   return status;
 1179              		.loc 1 639 3 is_stmt 1 view .LVU228
 640:Drivers/STM32G0xx_HAL_Driver/Src/stm32g0xx_hal_pwr_ex.c **** }
 1180              		.loc 1 640 1 is_stmt 0 view .LVU229
 1181              		@ sp needed
 1182 001a 7047     		bx	lr
 1183              	.LVL31:
 1184              	.L108:
 614:Drivers/STM32G0xx_HAL_Driver/Src/stm32g0xx_hal_pwr_ex.c ****       break;
 1185              		.loc 1 614 7 is_stmt 1 view .LVU230
 1186 001c 104A     		ldr	r2, .L111+4
ARM GAS  C:\Users\sante\AppData\Local\Temp\ccnrVYVE.s 			page 34


 1187 001e D36A     		ldr	r3, [r2, #44]
 1188 0020 8B43     		bics	r3, r1
 1189 0022 D362     		str	r3, [r2, #44]
 615:Drivers/STM32G0xx_HAL_Driver/Src/stm32g0xx_hal_pwr_ex.c **** 
 1190              		.loc 1 615 7 view .LVU231
 602:Drivers/STM32G0xx_HAL_Driver/Src/stm32g0xx_hal_pwr_ex.c **** 
 1191              		.loc 1 602 21 is_stmt 0 view .LVU232
 1192 0024 0020     		movs	r0, #0
 615:Drivers/STM32G0xx_HAL_Driver/Src/stm32g0xx_hal_pwr_ex.c **** 
 1193              		.loc 1 615 7 view .LVU233
 1194 0026 F8E7     		b	.L102
 1195              	.L107:
 618:Drivers/STM32G0xx_HAL_Driver/Src/stm32g0xx_hal_pwr_ex.c ****       break;
 1196              		.loc 1 618 7 is_stmt 1 view .LVU234
 1197 0028 0D4A     		ldr	r2, .L111+4
 1198 002a 536B     		ldr	r3, [r2, #52]
 1199 002c 8B43     		bics	r3, r1
 1200 002e 5363     		str	r3, [r2, #52]
 619:Drivers/STM32G0xx_HAL_Driver/Src/stm32g0xx_hal_pwr_ex.c **** 
 1201              		.loc 1 619 7 view .LVU235
 602:Drivers/STM32G0xx_HAL_Driver/Src/stm32g0xx_hal_pwr_ex.c **** 
 1202              		.loc 1 602 21 is_stmt 0 view .LVU236
 1203 0030 0020     		movs	r0, #0
 619:Drivers/STM32G0xx_HAL_Driver/Src/stm32g0xx_hal_pwr_ex.c **** 
 1204              		.loc 1 619 7 view .LVU237
 1205 0032 F2E7     		b	.L102
 1206              	.L106:
 622:Drivers/STM32G0xx_HAL_Driver/Src/stm32g0xx_hal_pwr_ex.c ****       break;
 1207              		.loc 1 622 7 is_stmt 1 view .LVU238
 1208 0034 0A4A     		ldr	r2, .L111+4
 1209 0036 D36B     		ldr	r3, [r2, #60]
 1210 0038 8B43     		bics	r3, r1
 1211 003a D363     		str	r3, [r2, #60]
 623:Drivers/STM32G0xx_HAL_Driver/Src/stm32g0xx_hal_pwr_ex.c **** 
 1212              		.loc 1 623 7 view .LVU239
 602:Drivers/STM32G0xx_HAL_Driver/Src/stm32g0xx_hal_pwr_ex.c **** 
 1213              		.loc 1 602 21 is_stmt 0 view .LVU240
 1214 003c 0020     		movs	r0, #0
 623:Drivers/STM32G0xx_HAL_Driver/Src/stm32g0xx_hal_pwr_ex.c **** 
 1215              		.loc 1 623 7 view .LVU241
 1216 003e ECE7     		b	.L102
 1217              	.L105:
 627:Drivers/STM32G0xx_HAL_Driver/Src/stm32g0xx_hal_pwr_ex.c ****       break;
 1218              		.loc 1 627 7 is_stmt 1 view .LVU242
 1219 0040 074A     		ldr	r2, .L111+4
 1220 0042 536C     		ldr	r3, [r2, #68]
 1221 0044 8B43     		bics	r3, r1
 1222 0046 5364     		str	r3, [r2, #68]
 628:Drivers/STM32G0xx_HAL_Driver/Src/stm32g0xx_hal_pwr_ex.c **** #endif /* GPI0E */
 1223              		.loc 1 628 7 view .LVU243
 602:Drivers/STM32G0xx_HAL_Driver/Src/stm32g0xx_hal_pwr_ex.c **** 
 1224              		.loc 1 602 21 is_stmt 0 view .LVU244
 1225 0048 0020     		movs	r0, #0
 628:Drivers/STM32G0xx_HAL_Driver/Src/stm32g0xx_hal_pwr_ex.c **** #endif /* GPI0E */
 1226              		.loc 1 628 7 view .LVU245
 1227 004a E6E7     		b	.L102
 1228              	.L103:
ARM GAS  C:\Users\sante\AppData\Local\Temp\ccnrVYVE.s 			page 35


 631:Drivers/STM32G0xx_HAL_Driver/Src/stm32g0xx_hal_pwr_ex.c ****       break;
 1229              		.loc 1 631 7 is_stmt 1 view .LVU246
 1230 004c 044A     		ldr	r2, .L111+4
 1231 004e D36C     		ldr	r3, [r2, #76]
 1232 0050 8B43     		bics	r3, r1
 1233 0052 D364     		str	r3, [r2, #76]
 632:Drivers/STM32G0xx_HAL_Driver/Src/stm32g0xx_hal_pwr_ex.c **** 
 1234              		.loc 1 632 7 view .LVU247
 602:Drivers/STM32G0xx_HAL_Driver/Src/stm32g0xx_hal_pwr_ex.c **** 
 1235              		.loc 1 602 21 is_stmt 0 view .LVU248
 1236 0054 0020     		movs	r0, #0
 632:Drivers/STM32G0xx_HAL_Driver/Src/stm32g0xx_hal_pwr_ex.c **** 
 1237              		.loc 1 632 7 view .LVU249
 1238 0056 E0E7     		b	.L102
 1239              	.LVL32:
 1240              	.L110:
 607:Drivers/STM32G0xx_HAL_Driver/Src/stm32g0xx_hal_pwr_ex.c ****   {
 1241              		.loc 1 607 3 view .LVU250
 1242 0058 0120     		movs	r0, #1
 1243              	.LVL33:
 607:Drivers/STM32G0xx_HAL_Driver/Src/stm32g0xx_hal_pwr_ex.c ****   {
 1244              		.loc 1 607 3 view .LVU251
 1245 005a DEE7     		b	.L102
 1246              	.L112:
 1247              		.align	2
 1248              	.L111:
 1249 005c 00000000 		.word	.L104
 1250 0060 00700040 		.word	1073770496
 1251 0064 FFDFFFFF 		.word	-8193
 1252              		.cfi_endproc
 1253              	.LFE512:
 1255              		.section	.text.HAL_PWREx_EnablePullUpPullDownConfig,"ax",%progbits
 1256              		.align	1
 1257              		.global	HAL_PWREx_EnablePullUpPullDownConfig
 1258              		.syntax unified
 1259              		.code	16
 1260              		.thumb_func
 1262              	HAL_PWREx_EnablePullUpPullDownConfig:
 1263              	.LFB513:
 641:Drivers/STM32G0xx_HAL_Driver/Src/stm32g0xx_hal_pwr_ex.c **** 
 642:Drivers/STM32G0xx_HAL_Driver/Src/stm32g0xx_hal_pwr_ex.c **** 
 643:Drivers/STM32G0xx_HAL_Driver/Src/stm32g0xx_hal_pwr_ex.c **** /**
 644:Drivers/STM32G0xx_HAL_Driver/Src/stm32g0xx_hal_pwr_ex.c ****   * @brief  Enable pull-up and pull-down configuration.
 645:Drivers/STM32G0xx_HAL_Driver/Src/stm32g0xx_hal_pwr_ex.c ****   * @note   When APC bit is set, the I/O pull-up and pull-down configurations defined in
 646:Drivers/STM32G0xx_HAL_Driver/Src/stm32g0xx_hal_pwr_ex.c ****   *         PWR_PUCRx and PWR_PDCRx registers are applied in Standby and Shutdown modes.
 647:Drivers/STM32G0xx_HAL_Driver/Src/stm32g0xx_hal_pwr_ex.c ****   * @note   Pull-up set by PUy bit of PWR_PUCRx register is not activated if the corresponding
 648:Drivers/STM32G0xx_HAL_Driver/Src/stm32g0xx_hal_pwr_ex.c ****   *         PDy bit of PWR_PDCRx register is also set (pull-down configuration priority is higher).
 649:Drivers/STM32G0xx_HAL_Driver/Src/stm32g0xx_hal_pwr_ex.c ****   *         HAL_PWREx_EnableGPIOPullUp() and HAL_PWREx_EnableGPIOPullDown() APIs ensure there
 650:Drivers/STM32G0xx_HAL_Driver/Src/stm32g0xx_hal_pwr_ex.c ****   *         is no conflict when setting PUy or PDy bit.
 651:Drivers/STM32G0xx_HAL_Driver/Src/stm32g0xx_hal_pwr_ex.c ****   * @retval None
 652:Drivers/STM32G0xx_HAL_Driver/Src/stm32g0xx_hal_pwr_ex.c ****   */
 653:Drivers/STM32G0xx_HAL_Driver/Src/stm32g0xx_hal_pwr_ex.c **** void HAL_PWREx_EnablePullUpPullDownConfig(void)
 654:Drivers/STM32G0xx_HAL_Driver/Src/stm32g0xx_hal_pwr_ex.c **** {
 1264              		.loc 1 654 1 is_stmt 1 view -0
 1265              		.cfi_startproc
 1266              		@ args = 0, pretend = 0, frame = 0
 1267              		@ frame_needed = 0, uses_anonymous_args = 0
ARM GAS  C:\Users\sante\AppData\Local\Temp\ccnrVYVE.s 			page 36


 1268              		@ link register save eliminated.
 655:Drivers/STM32G0xx_HAL_Driver/Src/stm32g0xx_hal_pwr_ex.c ****   SET_BIT(PWR->CR3, PWR_CR3_APC);
 1269              		.loc 1 655 3 view .LVU253
 1270 0000 034A     		ldr	r2, .L114
 1271 0002 9168     		ldr	r1, [r2, #8]
 1272 0004 8023     		movs	r3, #128
 1273 0006 DB00     		lsls	r3, r3, #3
 1274 0008 0B43     		orrs	r3, r1
 1275 000a 9360     		str	r3, [r2, #8]
 656:Drivers/STM32G0xx_HAL_Driver/Src/stm32g0xx_hal_pwr_ex.c **** }
 1276              		.loc 1 656 1 is_stmt 0 view .LVU254
 1277              		@ sp needed
 1278 000c 7047     		bx	lr
 1279              	.L115:
 1280 000e C046     		.align	2
 1281              	.L114:
 1282 0010 00700040 		.word	1073770496
 1283              		.cfi_endproc
 1284              	.LFE513:
 1286              		.section	.text.HAL_PWREx_DisablePullUpPullDownConfig,"ax",%progbits
 1287              		.align	1
 1288              		.global	HAL_PWREx_DisablePullUpPullDownConfig
 1289              		.syntax unified
 1290              		.code	16
 1291              		.thumb_func
 1293              	HAL_PWREx_DisablePullUpPullDownConfig:
 1294              	.LFB514:
 657:Drivers/STM32G0xx_HAL_Driver/Src/stm32g0xx_hal_pwr_ex.c **** 
 658:Drivers/STM32G0xx_HAL_Driver/Src/stm32g0xx_hal_pwr_ex.c **** /**
 659:Drivers/STM32G0xx_HAL_Driver/Src/stm32g0xx_hal_pwr_ex.c ****   * @brief  Disable pull-up and pull-down configuration.
 660:Drivers/STM32G0xx_HAL_Driver/Src/stm32g0xx_hal_pwr_ex.c ****   * @note   When APC bit is cleared, the I/O pull-up and pull-down configurations defined in
 661:Drivers/STM32G0xx_HAL_Driver/Src/stm32g0xx_hal_pwr_ex.c ****   *         PWR_PUCRx and PWR_PDCRx registers are not applied in Standby and Shutdown modes.
 662:Drivers/STM32G0xx_HAL_Driver/Src/stm32g0xx_hal_pwr_ex.c ****   * @retval None
 663:Drivers/STM32G0xx_HAL_Driver/Src/stm32g0xx_hal_pwr_ex.c ****   */
 664:Drivers/STM32G0xx_HAL_Driver/Src/stm32g0xx_hal_pwr_ex.c **** void HAL_PWREx_DisablePullUpPullDownConfig(void)
 665:Drivers/STM32G0xx_HAL_Driver/Src/stm32g0xx_hal_pwr_ex.c **** {
 1295              		.loc 1 665 1 is_stmt 1 view -0
 1296              		.cfi_startproc
 1297              		@ args = 0, pretend = 0, frame = 0
 1298              		@ frame_needed = 0, uses_anonymous_args = 0
 1299              		@ link register save eliminated.
 666:Drivers/STM32G0xx_HAL_Driver/Src/stm32g0xx_hal_pwr_ex.c ****   CLEAR_BIT(PWR->CR3, PWR_CR3_APC);
 1300              		.loc 1 666 3 view .LVU256
 1301 0000 024A     		ldr	r2, .L117
 1302 0002 9368     		ldr	r3, [r2, #8]
 1303 0004 0249     		ldr	r1, .L117+4
 1304 0006 0B40     		ands	r3, r1
 1305 0008 9360     		str	r3, [r2, #8]
 667:Drivers/STM32G0xx_HAL_Driver/Src/stm32g0xx_hal_pwr_ex.c **** }
 1306              		.loc 1 667 1 is_stmt 0 view .LVU257
 1307              		@ sp needed
 1308 000a 7047     		bx	lr
 1309              	.L118:
 1310              		.align	2
 1311              	.L117:
 1312 000c 00700040 		.word	1073770496
 1313 0010 FFFBFFFF 		.word	-1025
ARM GAS  C:\Users\sante\AppData\Local\Temp\ccnrVYVE.s 			page 37


 1314              		.cfi_endproc
 1315              	.LFE514:
 1317              		.section	.text.HAL_PWREx_EnableSRAMRetention,"ax",%progbits
 1318              		.align	1
 1319              		.global	HAL_PWREx_EnableSRAMRetention
 1320              		.syntax unified
 1321              		.code	16
 1322              		.thumb_func
 1324              	HAL_PWREx_EnableSRAMRetention:
 1325              	.LFB515:
 668:Drivers/STM32G0xx_HAL_Driver/Src/stm32g0xx_hal_pwr_ex.c **** 
 669:Drivers/STM32G0xx_HAL_Driver/Src/stm32g0xx_hal_pwr_ex.c **** #if defined(PWR_CR3_RRS)
 670:Drivers/STM32G0xx_HAL_Driver/Src/stm32g0xx_hal_pwr_ex.c **** /**
 671:Drivers/STM32G0xx_HAL_Driver/Src/stm32g0xx_hal_pwr_ex.c ****   * @brief Enable SRAM content retention in Standby mode.
 672:Drivers/STM32G0xx_HAL_Driver/Src/stm32g0xx_hal_pwr_ex.c ****   * @note  When RRS bit is set, SRAM is powered by the low-power regulator in
 673:Drivers/STM32G0xx_HAL_Driver/Src/stm32g0xx_hal_pwr_ex.c ****   *         Standby mode and its content is kept.
 674:Drivers/STM32G0xx_HAL_Driver/Src/stm32g0xx_hal_pwr_ex.c ****   * @retval None
 675:Drivers/STM32G0xx_HAL_Driver/Src/stm32g0xx_hal_pwr_ex.c ****   */
 676:Drivers/STM32G0xx_HAL_Driver/Src/stm32g0xx_hal_pwr_ex.c **** void HAL_PWREx_EnableSRAMRetention(void)
 677:Drivers/STM32G0xx_HAL_Driver/Src/stm32g0xx_hal_pwr_ex.c **** {
 1326              		.loc 1 677 1 is_stmt 1 view -0
 1327              		.cfi_startproc
 1328              		@ args = 0, pretend = 0, frame = 0
 1329              		@ frame_needed = 0, uses_anonymous_args = 0
 1330              		@ link register save eliminated.
 678:Drivers/STM32G0xx_HAL_Driver/Src/stm32g0xx_hal_pwr_ex.c ****   SET_BIT(PWR->CR3, PWR_CR3_RRS);
 1331              		.loc 1 678 3 view .LVU259
 1332 0000 034A     		ldr	r2, .L120
 1333 0002 9168     		ldr	r1, [r2, #8]
 1334 0004 8023     		movs	r3, #128
 1335 0006 5B00     		lsls	r3, r3, #1
 1336 0008 0B43     		orrs	r3, r1
 1337 000a 9360     		str	r3, [r2, #8]
 679:Drivers/STM32G0xx_HAL_Driver/Src/stm32g0xx_hal_pwr_ex.c **** }
 1338              		.loc 1 679 1 is_stmt 0 view .LVU260
 1339              		@ sp needed
 1340 000c 7047     		bx	lr
 1341              	.L121:
 1342 000e C046     		.align	2
 1343              	.L120:
 1344 0010 00700040 		.word	1073770496
 1345              		.cfi_endproc
 1346              	.LFE515:
 1348              		.section	.text.HAL_PWREx_DisableSRAMRetention,"ax",%progbits
 1349              		.align	1
 1350              		.global	HAL_PWREx_DisableSRAMRetention
 1351              		.syntax unified
 1352              		.code	16
 1353              		.thumb_func
 1355              	HAL_PWREx_DisableSRAMRetention:
 1356              	.LFB516:
 680:Drivers/STM32G0xx_HAL_Driver/Src/stm32g0xx_hal_pwr_ex.c **** 
 681:Drivers/STM32G0xx_HAL_Driver/Src/stm32g0xx_hal_pwr_ex.c **** 
 682:Drivers/STM32G0xx_HAL_Driver/Src/stm32g0xx_hal_pwr_ex.c **** /**
 683:Drivers/STM32G0xx_HAL_Driver/Src/stm32g0xx_hal_pwr_ex.c ****   * @brief Disable SRAM content retention in Standby mode.
 684:Drivers/STM32G0xx_HAL_Driver/Src/stm32g0xx_hal_pwr_ex.c ****   * @note  When RRS bit is reset, SRAM is powered off in Standby mode
 685:Drivers/STM32G0xx_HAL_Driver/Src/stm32g0xx_hal_pwr_ex.c ****   *        and its content is lost.
ARM GAS  C:\Users\sante\AppData\Local\Temp\ccnrVYVE.s 			page 38


 686:Drivers/STM32G0xx_HAL_Driver/Src/stm32g0xx_hal_pwr_ex.c ****   * @retval None
 687:Drivers/STM32G0xx_HAL_Driver/Src/stm32g0xx_hal_pwr_ex.c ****   */
 688:Drivers/STM32G0xx_HAL_Driver/Src/stm32g0xx_hal_pwr_ex.c **** void HAL_PWREx_DisableSRAMRetention(void)
 689:Drivers/STM32G0xx_HAL_Driver/Src/stm32g0xx_hal_pwr_ex.c **** {
 1357              		.loc 1 689 1 is_stmt 1 view -0
 1358              		.cfi_startproc
 1359              		@ args = 0, pretend = 0, frame = 0
 1360              		@ frame_needed = 0, uses_anonymous_args = 0
 1361              		@ link register save eliminated.
 690:Drivers/STM32G0xx_HAL_Driver/Src/stm32g0xx_hal_pwr_ex.c ****   CLEAR_BIT(PWR->CR3, PWR_CR3_RRS);
 1362              		.loc 1 690 3 view .LVU262
 1363 0000 024A     		ldr	r2, .L123
 1364 0002 9368     		ldr	r3, [r2, #8]
 1365 0004 0249     		ldr	r1, .L123+4
 1366 0006 0B40     		ands	r3, r1
 1367 0008 9360     		str	r3, [r2, #8]
 691:Drivers/STM32G0xx_HAL_Driver/Src/stm32g0xx_hal_pwr_ex.c **** }
 1368              		.loc 1 691 1 is_stmt 0 view .LVU263
 1369              		@ sp needed
 1370 000a 7047     		bx	lr
 1371              	.L124:
 1372              		.align	2
 1373              	.L123:
 1374 000c 00700040 		.word	1073770496
 1375 0010 FFFEFFFF 		.word	-257
 1376              		.cfi_endproc
 1377              	.LFE516:
 1379              		.section	.text.HAL_PWREx_EnableFlashPowerDown,"ax",%progbits
 1380              		.align	1
 1381              		.global	HAL_PWREx_EnableFlashPowerDown
 1382              		.syntax unified
 1383              		.code	16
 1384              		.thumb_func
 1386              	HAL_PWREx_EnableFlashPowerDown:
 1387              	.LVL34:
 1388              	.LFB517:
 692:Drivers/STM32G0xx_HAL_Driver/Src/stm32g0xx_hal_pwr_ex.c **** #endif /* PWR_CR3_RRS */
 693:Drivers/STM32G0xx_HAL_Driver/Src/stm32g0xx_hal_pwr_ex.c **** 
 694:Drivers/STM32G0xx_HAL_Driver/Src/stm32g0xx_hal_pwr_ex.c **** /**
 695:Drivers/STM32G0xx_HAL_Driver/Src/stm32g0xx_hal_pwr_ex.c ****   * @brief  Enable Flash Power Down.
 696:Drivers/STM32G0xx_HAL_Driver/Src/stm32g0xx_hal_pwr_ex.c ****   * @note   This API allows to enable flash power down capabilities in low power
 697:Drivers/STM32G0xx_HAL_Driver/Src/stm32g0xx_hal_pwr_ex.c ****   *         run, low power sleep and stop modes.
 698:Drivers/STM32G0xx_HAL_Driver/Src/stm32g0xx_hal_pwr_ex.c ****   * @param  PowerMode this can be a combination of following values:
 699:Drivers/STM32G0xx_HAL_Driver/Src/stm32g0xx_hal_pwr_ex.c ****   *           @arg @ref PWR_FLASHPD_LPRUN
 700:Drivers/STM32G0xx_HAL_Driver/Src/stm32g0xx_hal_pwr_ex.c ****   *           @arg @ref PWR_FLASHPD_LPSLEEP
 701:Drivers/STM32G0xx_HAL_Driver/Src/stm32g0xx_hal_pwr_ex.c ****   *           @arg @ref PWR_FLASHPD_STOP
 702:Drivers/STM32G0xx_HAL_Driver/Src/stm32g0xx_hal_pwr_ex.c ****   * @retval None
 703:Drivers/STM32G0xx_HAL_Driver/Src/stm32g0xx_hal_pwr_ex.c ****   */
 704:Drivers/STM32G0xx_HAL_Driver/Src/stm32g0xx_hal_pwr_ex.c **** void HAL_PWREx_EnableFlashPowerDown(uint32_t PowerMode)
 705:Drivers/STM32G0xx_HAL_Driver/Src/stm32g0xx_hal_pwr_ex.c **** {
 1389              		.loc 1 705 1 is_stmt 1 view -0
 1390              		.cfi_startproc
 1391              		@ args = 0, pretend = 0, frame = 0
 1392              		@ frame_needed = 0, uses_anonymous_args = 0
 1393              		@ link register save eliminated.
 706:Drivers/STM32G0xx_HAL_Driver/Src/stm32g0xx_hal_pwr_ex.c ****   assert_param(IS_PWR_FLASH_POWERDOWN(PowerMode));
 1394              		.loc 1 706 3 view .LVU265
ARM GAS  C:\Users\sante\AppData\Local\Temp\ccnrVYVE.s 			page 39


 707:Drivers/STM32G0xx_HAL_Driver/Src/stm32g0xx_hal_pwr_ex.c **** 
 708:Drivers/STM32G0xx_HAL_Driver/Src/stm32g0xx_hal_pwr_ex.c ****   PWR->CR1 |= PowerMode;
 1395              		.loc 1 708 3 view .LVU266
 1396              		.loc 1 708 6 is_stmt 0 view .LVU267
 1397 0000 024A     		ldr	r2, .L126
 1398 0002 1368     		ldr	r3, [r2]
 1399              		.loc 1 708 12 view .LVU268
 1400 0004 0343     		orrs	r3, r0
 1401 0006 1360     		str	r3, [r2]
 709:Drivers/STM32G0xx_HAL_Driver/Src/stm32g0xx_hal_pwr_ex.c **** }
 1402              		.loc 1 709 1 view .LVU269
 1403              		@ sp needed
 1404 0008 7047     		bx	lr
 1405              	.L127:
 1406 000a C046     		.align	2
 1407              	.L126:
 1408 000c 00700040 		.word	1073770496
 1409              		.cfi_endproc
 1410              	.LFE517:
 1412              		.section	.text.HAL_PWREx_DisableFlashPowerDown,"ax",%progbits
 1413              		.align	1
 1414              		.global	HAL_PWREx_DisableFlashPowerDown
 1415              		.syntax unified
 1416              		.code	16
 1417              		.thumb_func
 1419              	HAL_PWREx_DisableFlashPowerDown:
 1420              	.LVL35:
 1421              	.LFB518:
 710:Drivers/STM32G0xx_HAL_Driver/Src/stm32g0xx_hal_pwr_ex.c **** 
 711:Drivers/STM32G0xx_HAL_Driver/Src/stm32g0xx_hal_pwr_ex.c **** 
 712:Drivers/STM32G0xx_HAL_Driver/Src/stm32g0xx_hal_pwr_ex.c **** /**
 713:Drivers/STM32G0xx_HAL_Driver/Src/stm32g0xx_hal_pwr_ex.c ****   * @brief  Disable Flash Power Down.
 714:Drivers/STM32G0xx_HAL_Driver/Src/stm32g0xx_hal_pwr_ex.c ****   * @note   This API allows to disable flash power down capabilities in low power
 715:Drivers/STM32G0xx_HAL_Driver/Src/stm32g0xx_hal_pwr_ex.c ****   *         run, low power sleep and stop modes.
 716:Drivers/STM32G0xx_HAL_Driver/Src/stm32g0xx_hal_pwr_ex.c ****   * @param  PowerMode this can be a combination of following values:
 717:Drivers/STM32G0xx_HAL_Driver/Src/stm32g0xx_hal_pwr_ex.c ****   *           @arg @ref PWR_FLASHPD_LPRUN
 718:Drivers/STM32G0xx_HAL_Driver/Src/stm32g0xx_hal_pwr_ex.c ****   *           @arg @ref PWR_FLASHPD_LPSLEEP
 719:Drivers/STM32G0xx_HAL_Driver/Src/stm32g0xx_hal_pwr_ex.c ****   *           @arg @ref PWR_FLASHPD_STOP
 720:Drivers/STM32G0xx_HAL_Driver/Src/stm32g0xx_hal_pwr_ex.c ****   * @retval None
 721:Drivers/STM32G0xx_HAL_Driver/Src/stm32g0xx_hal_pwr_ex.c ****   */
 722:Drivers/STM32G0xx_HAL_Driver/Src/stm32g0xx_hal_pwr_ex.c **** void HAL_PWREx_DisableFlashPowerDown(uint32_t PowerMode)
 723:Drivers/STM32G0xx_HAL_Driver/Src/stm32g0xx_hal_pwr_ex.c **** {
 1422              		.loc 1 723 1 is_stmt 1 view -0
 1423              		.cfi_startproc
 1424              		@ args = 0, pretend = 0, frame = 0
 1425              		@ frame_needed = 0, uses_anonymous_args = 0
 1426              		@ link register save eliminated.
 724:Drivers/STM32G0xx_HAL_Driver/Src/stm32g0xx_hal_pwr_ex.c ****   assert_param(IS_PWR_FLASH_POWERDOWN(PowerMode));
 1427              		.loc 1 724 3 view .LVU271
 725:Drivers/STM32G0xx_HAL_Driver/Src/stm32g0xx_hal_pwr_ex.c **** 
 726:Drivers/STM32G0xx_HAL_Driver/Src/stm32g0xx_hal_pwr_ex.c ****   PWR->CR1 &= ~PowerMode;
 1428              		.loc 1 726 3 view .LVU272
 1429              		.loc 1 726 6 is_stmt 0 view .LVU273
 1430 0000 024A     		ldr	r2, .L129
 1431 0002 1368     		ldr	r3, [r2]
 1432              		.loc 1 726 12 view .LVU274
 1433 0004 8343     		bics	r3, r0
ARM GAS  C:\Users\sante\AppData\Local\Temp\ccnrVYVE.s 			page 40


 1434 0006 1360     		str	r3, [r2]
 727:Drivers/STM32G0xx_HAL_Driver/Src/stm32g0xx_hal_pwr_ex.c **** }
 1435              		.loc 1 727 1 view .LVU275
 1436              		@ sp needed
 1437 0008 7047     		bx	lr
 1438              	.L130:
 1439 000a C046     		.align	2
 1440              	.L129:
 1441 000c 00700040 		.word	1073770496
 1442              		.cfi_endproc
 1443              	.LFE518:
 1445              		.section	.text.HAL_PWREx_GetVoltageRange,"ax",%progbits
 1446              		.align	1
 1447              		.global	HAL_PWREx_GetVoltageRange
 1448              		.syntax unified
 1449              		.code	16
 1450              		.thumb_func
 1452              	HAL_PWREx_GetVoltageRange:
 1453              	.LFB519:
 728:Drivers/STM32G0xx_HAL_Driver/Src/stm32g0xx_hal_pwr_ex.c **** 
 729:Drivers/STM32G0xx_HAL_Driver/Src/stm32g0xx_hal_pwr_ex.c **** 
 730:Drivers/STM32G0xx_HAL_Driver/Src/stm32g0xx_hal_pwr_ex.c **** /**
 731:Drivers/STM32G0xx_HAL_Driver/Src/stm32g0xx_hal_pwr_ex.c ****   * @brief   Return Voltage Scaling Range.
 732:Drivers/STM32G0xx_HAL_Driver/Src/stm32g0xx_hal_pwr_ex.c ****   * @retval  VOS bit field:
 733:Drivers/STM32G0xx_HAL_Driver/Src/stm32g0xx_hal_pwr_ex.c ****   *         @arg @ref PWR_REGULATOR_VOLTAGE_SCALE1
 734:Drivers/STM32G0xx_HAL_Driver/Src/stm32g0xx_hal_pwr_ex.c ****   *         @arg @ref PWR_REGULATOR_VOLTAGE_SCALE2
 735:Drivers/STM32G0xx_HAL_Driver/Src/stm32g0xx_hal_pwr_ex.c ****   */
 736:Drivers/STM32G0xx_HAL_Driver/Src/stm32g0xx_hal_pwr_ex.c **** uint32_t HAL_PWREx_GetVoltageRange(void)
 737:Drivers/STM32G0xx_HAL_Driver/Src/stm32g0xx_hal_pwr_ex.c **** {
 1454              		.loc 1 737 1 is_stmt 1 view -0
 1455              		.cfi_startproc
 1456              		@ args = 0, pretend = 0, frame = 0
 1457              		@ frame_needed = 0, uses_anonymous_args = 0
 1458              		@ link register save eliminated.
 738:Drivers/STM32G0xx_HAL_Driver/Src/stm32g0xx_hal_pwr_ex.c ****   return (PWR->CR1 & PWR_CR1_VOS);
 1459              		.loc 1 738 3 view .LVU277
 1460              		.loc 1 738 14 is_stmt 0 view .LVU278
 1461 0000 024B     		ldr	r3, .L132
 1462 0002 1868     		ldr	r0, [r3]
 1463              		.loc 1 738 20 view .LVU279
 1464 0004 C023     		movs	r3, #192
 1465 0006 DB00     		lsls	r3, r3, #3
 1466 0008 1840     		ands	r0, r3
 739:Drivers/STM32G0xx_HAL_Driver/Src/stm32g0xx_hal_pwr_ex.c **** }
 1467              		.loc 1 739 1 view .LVU280
 1468              		@ sp needed
 1469 000a 7047     		bx	lr
 1470              	.L133:
 1471              		.align	2
 1472              	.L132:
 1473 000c 00700040 		.word	1073770496
 1474              		.cfi_endproc
 1475              	.LFE519:
 1477              		.section	.text.HAL_PWREx_ControlVoltageScaling,"ax",%progbits
 1478              		.align	1
 1479              		.global	HAL_PWREx_ControlVoltageScaling
 1480              		.syntax unified
ARM GAS  C:\Users\sante\AppData\Local\Temp\ccnrVYVE.s 			page 41


 1481              		.code	16
 1482              		.thumb_func
 1484              	HAL_PWREx_ControlVoltageScaling:
 1485              	.LVL36:
 1486              	.LFB520:
 740:Drivers/STM32G0xx_HAL_Driver/Src/stm32g0xx_hal_pwr_ex.c **** 
 741:Drivers/STM32G0xx_HAL_Driver/Src/stm32g0xx_hal_pwr_ex.c **** 
 742:Drivers/STM32G0xx_HAL_Driver/Src/stm32g0xx_hal_pwr_ex.c **** /**
 743:Drivers/STM32G0xx_HAL_Driver/Src/stm32g0xx_hal_pwr_ex.c ****   * @brief Configure the main regulator output voltage.
 744:Drivers/STM32G0xx_HAL_Driver/Src/stm32g0xx_hal_pwr_ex.c ****   * @param  VoltageScaling specifies the regulator output voltage to achieve
 745:Drivers/STM32G0xx_HAL_Driver/Src/stm32g0xx_hal_pwr_ex.c ****   *         a tradeoff between performance and power consumption.
 746:Drivers/STM32G0xx_HAL_Driver/Src/stm32g0xx_hal_pwr_ex.c ****   *         This parameter can be one of the following values:
 747:Drivers/STM32G0xx_HAL_Driver/Src/stm32g0xx_hal_pwr_ex.c ****   *          @arg @ref PWR_REGULATOR_VOLTAGE_SCALE1 Regulator voltage output range 1 mode,
 748:Drivers/STM32G0xx_HAL_Driver/Src/stm32g0xx_hal_pwr_ex.c ****   *                                                typical output voltage at 1.2 V,
 749:Drivers/STM32G0xx_HAL_Driver/Src/stm32g0xx_hal_pwr_ex.c ****   *                                                system frequency up to 64 MHz.
 750:Drivers/STM32G0xx_HAL_Driver/Src/stm32g0xx_hal_pwr_ex.c ****   *          @arg @ref PWR_REGULATOR_VOLTAGE_SCALE2 Regulator voltage output range 2 mode,
 751:Drivers/STM32G0xx_HAL_Driver/Src/stm32g0xx_hal_pwr_ex.c ****   *                                                typical output voltage at 1.0 V,
 752:Drivers/STM32G0xx_HAL_Driver/Src/stm32g0xx_hal_pwr_ex.c ****   *                                                system frequency up to 16 MHz.
 753:Drivers/STM32G0xx_HAL_Driver/Src/stm32g0xx_hal_pwr_ex.c ****   * @note  When moving from Range 1 to Range 2, the system frequency must be decreased to
 754:Drivers/STM32G0xx_HAL_Driver/Src/stm32g0xx_hal_pwr_ex.c ****   *        a value below 16 MHz before calling HAL_PWREx_ControlVoltageScaling() API.
 755:Drivers/STM32G0xx_HAL_Driver/Src/stm32g0xx_hal_pwr_ex.c ****   *        When moving from Range 2 to Range 1, the system frequency can be increased to
 756:Drivers/STM32G0xx_HAL_Driver/Src/stm32g0xx_hal_pwr_ex.c ****   *        a value up to 64 MHz after calling HAL_PWREx_ControlVoltageScaling() API.
 757:Drivers/STM32G0xx_HAL_Driver/Src/stm32g0xx_hal_pwr_ex.c ****   * @note  When moving from Range 2 to Range 1, the API waits for VOSF flag to be
 758:Drivers/STM32G0xx_HAL_Driver/Src/stm32g0xx_hal_pwr_ex.c ****   *        cleared before returning the status. If the flag is not cleared within
 759:Drivers/STM32G0xx_HAL_Driver/Src/stm32g0xx_hal_pwr_ex.c ****   *        6 microseconds, HAL_TIMEOUT status is reported.
 760:Drivers/STM32G0xx_HAL_Driver/Src/stm32g0xx_hal_pwr_ex.c ****   * @retval HAL Status
 761:Drivers/STM32G0xx_HAL_Driver/Src/stm32g0xx_hal_pwr_ex.c ****   */
 762:Drivers/STM32G0xx_HAL_Driver/Src/stm32g0xx_hal_pwr_ex.c **** HAL_StatusTypeDef HAL_PWREx_ControlVoltageScaling(uint32_t VoltageScaling)
 763:Drivers/STM32G0xx_HAL_Driver/Src/stm32g0xx_hal_pwr_ex.c **** {
 1487              		.loc 1 763 1 is_stmt 1 view -0
 1488              		.cfi_startproc
 1489              		@ args = 0, pretend = 0, frame = 0
 1490              		@ frame_needed = 0, uses_anonymous_args = 0
 1491              		.loc 1 763 1 is_stmt 0 view .LVU282
 1492 0000 10B5     		push	{r4, lr}
 1493              		.cfi_def_cfa_offset 8
 1494              		.cfi_offset 4, -8
 1495              		.cfi_offset 14, -4
 764:Drivers/STM32G0xx_HAL_Driver/Src/stm32g0xx_hal_pwr_ex.c ****   uint32_t wait_loop_index;
 1496              		.loc 1 764 3 is_stmt 1 view .LVU283
 765:Drivers/STM32G0xx_HAL_Driver/Src/stm32g0xx_hal_pwr_ex.c **** 
 766:Drivers/STM32G0xx_HAL_Driver/Src/stm32g0xx_hal_pwr_ex.c ****   assert_param(IS_PWR_VOLTAGE_SCALING_RANGE(VoltageScaling));
 1497              		.loc 1 766 3 view .LVU284
 767:Drivers/STM32G0xx_HAL_Driver/Src/stm32g0xx_hal_pwr_ex.c **** 
 768:Drivers/STM32G0xx_HAL_Driver/Src/stm32g0xx_hal_pwr_ex.c ****   /* Modify voltage scaling range */
 769:Drivers/STM32G0xx_HAL_Driver/Src/stm32g0xx_hal_pwr_ex.c ****   MODIFY_REG(PWR->CR1, PWR_CR1_VOS, VoltageScaling);
 1498              		.loc 1 769 3 view .LVU285
 1499 0002 104A     		ldr	r2, .L142
 1500 0004 1368     		ldr	r3, [r2]
 1501 0006 1049     		ldr	r1, .L142+4
 1502 0008 0B40     		ands	r3, r1
 1503 000a 0343     		orrs	r3, r0
 1504 000c 1360     		str	r3, [r2]
 770:Drivers/STM32G0xx_HAL_Driver/Src/stm32g0xx_hal_pwr_ex.c **** 
 771:Drivers/STM32G0xx_HAL_Driver/Src/stm32g0xx_hal_pwr_ex.c ****   /* In case of Range 1 selected, we need to ensure that main regulator reaches new value */
 772:Drivers/STM32G0xx_HAL_Driver/Src/stm32g0xx_hal_pwr_ex.c ****   if (VoltageScaling == PWR_REGULATOR_VOLTAGE_SCALE1)
 1505              		.loc 1 772 3 view .LVU286
ARM GAS  C:\Users\sante\AppData\Local\Temp\ccnrVYVE.s 			page 42


 1506              		.loc 1 772 6 is_stmt 0 view .LVU287
 1507 000e 8023     		movs	r3, #128
 1508 0010 9B00     		lsls	r3, r3, #2
 1509 0012 9842     		cmp	r0, r3
 1510 0014 01D0     		beq	.L140
 773:Drivers/STM32G0xx_HAL_Driver/Src/stm32g0xx_hal_pwr_ex.c ****   {
 774:Drivers/STM32G0xx_HAL_Driver/Src/stm32g0xx_hal_pwr_ex.c ****     /* Set timeout value */
 775:Drivers/STM32G0xx_HAL_Driver/Src/stm32g0xx_hal_pwr_ex.c ****     wait_loop_index = ((PWR_VOSF_SETTING_DELAY_6_US * SystemCoreClock) / 1000000U) + 1U;
 776:Drivers/STM32G0xx_HAL_Driver/Src/stm32g0xx_hal_pwr_ex.c **** 
 777:Drivers/STM32G0xx_HAL_Driver/Src/stm32g0xx_hal_pwr_ex.c ****     /* Wait until VOSF is reset */
 778:Drivers/STM32G0xx_HAL_Driver/Src/stm32g0xx_hal_pwr_ex.c ****     while (HAL_IS_BIT_SET(PWR->SR2, PWR_SR2_VOSF))
 779:Drivers/STM32G0xx_HAL_Driver/Src/stm32g0xx_hal_pwr_ex.c ****     {
 780:Drivers/STM32G0xx_HAL_Driver/Src/stm32g0xx_hal_pwr_ex.c ****       if (wait_loop_index != 0U)
 781:Drivers/STM32G0xx_HAL_Driver/Src/stm32g0xx_hal_pwr_ex.c ****       {
 782:Drivers/STM32G0xx_HAL_Driver/Src/stm32g0xx_hal_pwr_ex.c ****         wait_loop_index--;
 783:Drivers/STM32G0xx_HAL_Driver/Src/stm32g0xx_hal_pwr_ex.c ****       }
 784:Drivers/STM32G0xx_HAL_Driver/Src/stm32g0xx_hal_pwr_ex.c ****       else
 785:Drivers/STM32G0xx_HAL_Driver/Src/stm32g0xx_hal_pwr_ex.c ****       {
 786:Drivers/STM32G0xx_HAL_Driver/Src/stm32g0xx_hal_pwr_ex.c ****         return HAL_TIMEOUT;
 787:Drivers/STM32G0xx_HAL_Driver/Src/stm32g0xx_hal_pwr_ex.c ****       }
 788:Drivers/STM32G0xx_HAL_Driver/Src/stm32g0xx_hal_pwr_ex.c ****     }
 789:Drivers/STM32G0xx_HAL_Driver/Src/stm32g0xx_hal_pwr_ex.c ****   }
 790:Drivers/STM32G0xx_HAL_Driver/Src/stm32g0xx_hal_pwr_ex.c **** 
 791:Drivers/STM32G0xx_HAL_Driver/Src/stm32g0xx_hal_pwr_ex.c ****   return HAL_OK;
 1511              		.loc 1 791 10 view .LVU288
 1512 0016 0020     		movs	r0, #0
 1513              	.LVL37:
 1514              	.L135:
 792:Drivers/STM32G0xx_HAL_Driver/Src/stm32g0xx_hal_pwr_ex.c **** }
 1515              		.loc 1 792 1 view .LVU289
 1516              		@ sp needed
 1517 0018 10BD     		pop	{r4, pc}
 1518              	.LVL38:
 1519              	.L140:
 775:Drivers/STM32G0xx_HAL_Driver/Src/stm32g0xx_hal_pwr_ex.c **** 
 1520              		.loc 1 775 5 is_stmt 1 view .LVU290
 775:Drivers/STM32G0xx_HAL_Driver/Src/stm32g0xx_hal_pwr_ex.c **** 
 1521              		.loc 1 775 53 is_stmt 0 view .LVU291
 1522 001a 0C4B     		ldr	r3, .L142+8
 1523 001c 1B68     		ldr	r3, [r3]
 1524 001e 5800     		lsls	r0, r3, #1
 1525              	.LVL39:
 775:Drivers/STM32G0xx_HAL_Driver/Src/stm32g0xx_hal_pwr_ex.c **** 
 1526              		.loc 1 775 53 view .LVU292
 1527 0020 C018     		adds	r0, r0, r3
 1528 0022 4000     		lsls	r0, r0, #1
 775:Drivers/STM32G0xx_HAL_Driver/Src/stm32g0xx_hal_pwr_ex.c **** 
 1529              		.loc 1 775 72 view .LVU293
 1530 0024 0A49     		ldr	r1, .L142+12
 1531 0026 FFF7FEFF 		bl	__aeabi_uidiv
 1532              	.LVL40:
 775:Drivers/STM32G0xx_HAL_Driver/Src/stm32g0xx_hal_pwr_ex.c **** 
 1533              		.loc 1 775 21 view .LVU294
 1534 002a 0130     		adds	r0, r0, #1
 1535              	.LVL41:
 778:Drivers/STM32G0xx_HAL_Driver/Src/stm32g0xx_hal_pwr_ex.c ****     {
 1536              		.loc 1 778 5 is_stmt 1 view .LVU295
ARM GAS  C:\Users\sante\AppData\Local\Temp\ccnrVYVE.s 			page 43


 1537              	.L136:
 778:Drivers/STM32G0xx_HAL_Driver/Src/stm32g0xx_hal_pwr_ex.c ****     {
 1538              		.loc 1 778 12 view .LVU296
 1539 002c 054B     		ldr	r3, .L142
 1540 002e 5B69     		ldr	r3, [r3, #20]
 1541 0030 5B05     		lsls	r3, r3, #21
 1542 0032 03D5     		bpl	.L141
 780:Drivers/STM32G0xx_HAL_Driver/Src/stm32g0xx_hal_pwr_ex.c ****       {
 1543              		.loc 1 780 7 view .LVU297
 780:Drivers/STM32G0xx_HAL_Driver/Src/stm32g0xx_hal_pwr_ex.c ****       {
 1544              		.loc 1 780 10 is_stmt 0 view .LVU298
 1545 0034 0028     		cmp	r0, #0
 1546 0036 03D0     		beq	.L139
 782:Drivers/STM32G0xx_HAL_Driver/Src/stm32g0xx_hal_pwr_ex.c ****       }
 1547              		.loc 1 782 9 is_stmt 1 view .LVU299
 782:Drivers/STM32G0xx_HAL_Driver/Src/stm32g0xx_hal_pwr_ex.c ****       }
 1548              		.loc 1 782 24 is_stmt 0 view .LVU300
 1549 0038 0138     		subs	r0, r0, #1
 1550              	.LVL42:
 782:Drivers/STM32G0xx_HAL_Driver/Src/stm32g0xx_hal_pwr_ex.c ****       }
 1551              		.loc 1 782 24 view .LVU301
 1552 003a F7E7     		b	.L136
 1553              	.LVL43:
 1554              	.L141:
 791:Drivers/STM32G0xx_HAL_Driver/Src/stm32g0xx_hal_pwr_ex.c **** }
 1555              		.loc 1 791 10 view .LVU302
 1556 003c 0020     		movs	r0, #0
 1557              	.LVL44:
 791:Drivers/STM32G0xx_HAL_Driver/Src/stm32g0xx_hal_pwr_ex.c **** }
 1558              		.loc 1 791 10 view .LVU303
 1559 003e EBE7     		b	.L135
 1560              	.LVL45:
 1561              	.L139:
 786:Drivers/STM32G0xx_HAL_Driver/Src/stm32g0xx_hal_pwr_ex.c ****       }
 1562              		.loc 1 786 16 view .LVU304
 1563 0040 0320     		movs	r0, #3
 1564              	.LVL46:
 786:Drivers/STM32G0xx_HAL_Driver/Src/stm32g0xx_hal_pwr_ex.c ****       }
 1565              		.loc 1 786 16 view .LVU305
 1566 0042 E9E7     		b	.L135
 1567              	.L143:
 1568              		.align	2
 1569              	.L142:
 1570 0044 00700040 		.word	1073770496
 1571 0048 FFF9FFFF 		.word	-1537
 1572 004c 00000000 		.word	SystemCoreClock
 1573 0050 40420F00 		.word	1000000
 1574              		.cfi_endproc
 1575              	.LFE520:
 1577              		.section	.text.HAL_PWREx_EnableLowPowerRunMode,"ax",%progbits
 1578              		.align	1
 1579              		.global	HAL_PWREx_EnableLowPowerRunMode
 1580              		.syntax unified
 1581              		.code	16
 1582              		.thumb_func
 1584              	HAL_PWREx_EnableLowPowerRunMode:
 1585              	.LFB521:
ARM GAS  C:\Users\sante\AppData\Local\Temp\ccnrVYVE.s 			page 44


 793:Drivers/STM32G0xx_HAL_Driver/Src/stm32g0xx_hal_pwr_ex.c **** 
 794:Drivers/STM32G0xx_HAL_Driver/Src/stm32g0xx_hal_pwr_ex.c **** 
 795:Drivers/STM32G0xx_HAL_Driver/Src/stm32g0xx_hal_pwr_ex.c **** 
 796:Drivers/STM32G0xx_HAL_Driver/Src/stm32g0xx_hal_pwr_ex.c **** /**
 797:Drivers/STM32G0xx_HAL_Driver/Src/stm32g0xx_hal_pwr_ex.c ****   * @brief Enter Low-power Run mode
 798:Drivers/STM32G0xx_HAL_Driver/Src/stm32g0xx_hal_pwr_ex.c ****   * @note  System clock frequency has to be decreased below 2 MHz before entering
 799:Drivers/STM32G0xx_HAL_Driver/Src/stm32g0xx_hal_pwr_ex.c ****   *        low power run mode
 800:Drivers/STM32G0xx_HAL_Driver/Src/stm32g0xx_hal_pwr_ex.c ****   * @note  In Low-power Run mode, all I/O pins keep the same state as in Run mode.
 801:Drivers/STM32G0xx_HAL_Driver/Src/stm32g0xx_hal_pwr_ex.c ****   * @retval None
 802:Drivers/STM32G0xx_HAL_Driver/Src/stm32g0xx_hal_pwr_ex.c ****   */
 803:Drivers/STM32G0xx_HAL_Driver/Src/stm32g0xx_hal_pwr_ex.c **** void HAL_PWREx_EnableLowPowerRunMode(void)
 804:Drivers/STM32G0xx_HAL_Driver/Src/stm32g0xx_hal_pwr_ex.c **** {
 1586              		.loc 1 804 1 is_stmt 1 view -0
 1587              		.cfi_startproc
 1588              		@ args = 0, pretend = 0, frame = 0
 1589              		@ frame_needed = 0, uses_anonymous_args = 0
 1590              		@ link register save eliminated.
 805:Drivers/STM32G0xx_HAL_Driver/Src/stm32g0xx_hal_pwr_ex.c ****   /* Set Regulator parameter */
 806:Drivers/STM32G0xx_HAL_Driver/Src/stm32g0xx_hal_pwr_ex.c ****   SET_BIT(PWR->CR1, PWR_CR1_LPR);
 1591              		.loc 1 806 3 view .LVU307
 1592 0000 034A     		ldr	r2, .L145
 1593 0002 1168     		ldr	r1, [r2]
 1594 0004 8023     		movs	r3, #128
 1595 0006 DB01     		lsls	r3, r3, #7
 1596 0008 0B43     		orrs	r3, r1
 1597 000a 1360     		str	r3, [r2]
 807:Drivers/STM32G0xx_HAL_Driver/Src/stm32g0xx_hal_pwr_ex.c **** }
 1598              		.loc 1 807 1 is_stmt 0 view .LVU308
 1599              		@ sp needed
 1600 000c 7047     		bx	lr
 1601              	.L146:
 1602 000e C046     		.align	2
 1603              	.L145:
 1604 0010 00700040 		.word	1073770496
 1605              		.cfi_endproc
 1606              	.LFE521:
 1608              		.section	.text.HAL_PWREx_DisableLowPowerRunMode,"ax",%progbits
 1609              		.align	1
 1610              		.global	HAL_PWREx_DisableLowPowerRunMode
 1611              		.syntax unified
 1612              		.code	16
 1613              		.thumb_func
 1615              	HAL_PWREx_DisableLowPowerRunMode:
 1616              	.LFB522:
 808:Drivers/STM32G0xx_HAL_Driver/Src/stm32g0xx_hal_pwr_ex.c **** 
 809:Drivers/STM32G0xx_HAL_Driver/Src/stm32g0xx_hal_pwr_ex.c **** 
 810:Drivers/STM32G0xx_HAL_Driver/Src/stm32g0xx_hal_pwr_ex.c **** /**
 811:Drivers/STM32G0xx_HAL_Driver/Src/stm32g0xx_hal_pwr_ex.c ****   * @brief Exit Low-power Run mode.
 812:Drivers/STM32G0xx_HAL_Driver/Src/stm32g0xx_hal_pwr_ex.c ****   * @note  Before HAL_PWREx_DisableLowPowerRunMode() completion, the function checks that
 813:Drivers/STM32G0xx_HAL_Driver/Src/stm32g0xx_hal_pwr_ex.c ****   *        REGLPF has been properly reset (otherwise, HAL_PWREx_DisableLowPowerRunMode
 814:Drivers/STM32G0xx_HAL_Driver/Src/stm32g0xx_hal_pwr_ex.c ****   *        returns HAL_TIMEOUT status). The system clock frequency can then be
 815:Drivers/STM32G0xx_HAL_Driver/Src/stm32g0xx_hal_pwr_ex.c ****   *        increased above 2 MHz.
 816:Drivers/STM32G0xx_HAL_Driver/Src/stm32g0xx_hal_pwr_ex.c ****   * @retval HAL Status
 817:Drivers/STM32G0xx_HAL_Driver/Src/stm32g0xx_hal_pwr_ex.c ****   */
 818:Drivers/STM32G0xx_HAL_Driver/Src/stm32g0xx_hal_pwr_ex.c **** HAL_StatusTypeDef HAL_PWREx_DisableLowPowerRunMode(void)
 819:Drivers/STM32G0xx_HAL_Driver/Src/stm32g0xx_hal_pwr_ex.c **** {
 1617              		.loc 1 819 1 is_stmt 1 view -0
ARM GAS  C:\Users\sante\AppData\Local\Temp\ccnrVYVE.s 			page 45


 1618              		.cfi_startproc
 1619              		@ args = 0, pretend = 0, frame = 0
 1620              		@ frame_needed = 0, uses_anonymous_args = 0
 1621 0000 10B5     		push	{r4, lr}
 1622              		.cfi_def_cfa_offset 8
 1623              		.cfi_offset 4, -8
 1624              		.cfi_offset 14, -4
 820:Drivers/STM32G0xx_HAL_Driver/Src/stm32g0xx_hal_pwr_ex.c ****   uint32_t wait_loop_index = ((PWR_REGLPF_SETTING_DELAY_6_US * SystemCoreClock) / 1000000U) + 1U;
 1625              		.loc 1 820 3 view .LVU310
 1626              		.loc 1 820 62 is_stmt 0 view .LVU311
 1627 0002 0D4B     		ldr	r3, .L154
 1628 0004 1B68     		ldr	r3, [r3]
 1629 0006 5800     		lsls	r0, r3, #1
 1630 0008 C018     		adds	r0, r0, r3
 1631 000a 4000     		lsls	r0, r0, #1
 1632              		.loc 1 820 81 view .LVU312
 1633 000c 0B49     		ldr	r1, .L154+4
 1634 000e FFF7FEFF 		bl	__aeabi_uidiv
 1635              	.LVL47:
 1636              		.loc 1 820 12 view .LVU313
 1637 0012 0130     		adds	r0, r0, #1
 1638              	.LVL48:
 821:Drivers/STM32G0xx_HAL_Driver/Src/stm32g0xx_hal_pwr_ex.c **** 
 822:Drivers/STM32G0xx_HAL_Driver/Src/stm32g0xx_hal_pwr_ex.c ****   /* Clear LPR bit */
 823:Drivers/STM32G0xx_HAL_Driver/Src/stm32g0xx_hal_pwr_ex.c ****   CLEAR_BIT(PWR->CR1, PWR_CR1_LPR);
 1639              		.loc 1 823 3 is_stmt 1 view .LVU314
 1640 0014 0A4A     		ldr	r2, .L154+8
 1641 0016 1368     		ldr	r3, [r2]
 1642 0018 0A49     		ldr	r1, .L154+12
 1643 001a 0B40     		ands	r3, r1
 1644 001c 1360     		str	r3, [r2]
 824:Drivers/STM32G0xx_HAL_Driver/Src/stm32g0xx_hal_pwr_ex.c **** 
 825:Drivers/STM32G0xx_HAL_Driver/Src/stm32g0xx_hal_pwr_ex.c ****   /* Wait until REGLPF is reset */
 826:Drivers/STM32G0xx_HAL_Driver/Src/stm32g0xx_hal_pwr_ex.c ****   while (HAL_IS_BIT_SET(PWR->SR2, PWR_SR2_REGLPF))
 1645              		.loc 1 826 3 view .LVU315
 1646              		.loc 1 826 9 is_stmt 0 view .LVU316
 1647 001e 00E0     		b	.L148
 1648              	.L153:
 827:Drivers/STM32G0xx_HAL_Driver/Src/stm32g0xx_hal_pwr_ex.c ****   {
 828:Drivers/STM32G0xx_HAL_Driver/Src/stm32g0xx_hal_pwr_ex.c ****     if (wait_loop_index != 0U)
 829:Drivers/STM32G0xx_HAL_Driver/Src/stm32g0xx_hal_pwr_ex.c ****     {
 830:Drivers/STM32G0xx_HAL_Driver/Src/stm32g0xx_hal_pwr_ex.c ****       wait_loop_index--;
 1649              		.loc 1 830 7 is_stmt 1 view .LVU317
 1650              		.loc 1 830 22 is_stmt 0 view .LVU318
 1651 0020 0138     		subs	r0, r0, #1
 1652              	.LVL49:
 1653              	.L148:
 826:Drivers/STM32G0xx_HAL_Driver/Src/stm32g0xx_hal_pwr_ex.c ****   {
 1654              		.loc 1 826 10 is_stmt 1 view .LVU319
 1655 0022 074B     		ldr	r3, .L154+8
 1656 0024 5B69     		ldr	r3, [r3, #20]
 1657 0026 9B05     		lsls	r3, r3, #22
 1658 0028 03D5     		bpl	.L152
 828:Drivers/STM32G0xx_HAL_Driver/Src/stm32g0xx_hal_pwr_ex.c ****     {
 1659              		.loc 1 828 5 view .LVU320
 828:Drivers/STM32G0xx_HAL_Driver/Src/stm32g0xx_hal_pwr_ex.c ****     {
 1660              		.loc 1 828 8 is_stmt 0 view .LVU321
ARM GAS  C:\Users\sante\AppData\Local\Temp\ccnrVYVE.s 			page 46


 1661 002a 0028     		cmp	r0, #0
 1662 002c F8D1     		bne	.L153
 831:Drivers/STM32G0xx_HAL_Driver/Src/stm32g0xx_hal_pwr_ex.c ****     }
 832:Drivers/STM32G0xx_HAL_Driver/Src/stm32g0xx_hal_pwr_ex.c ****     else
 833:Drivers/STM32G0xx_HAL_Driver/Src/stm32g0xx_hal_pwr_ex.c ****     {
 834:Drivers/STM32G0xx_HAL_Driver/Src/stm32g0xx_hal_pwr_ex.c ****       return HAL_TIMEOUT;
 1663              		.loc 1 834 14 view .LVU322
 1664 002e 0320     		movs	r0, #3
 1665              	.LVL50:
 1666              		.loc 1 834 14 view .LVU323
 1667 0030 00E0     		b	.L149
 1668              	.LVL51:
 1669              	.L152:
 835:Drivers/STM32G0xx_HAL_Driver/Src/stm32g0xx_hal_pwr_ex.c ****     }
 836:Drivers/STM32G0xx_HAL_Driver/Src/stm32g0xx_hal_pwr_ex.c ****   }
 837:Drivers/STM32G0xx_HAL_Driver/Src/stm32g0xx_hal_pwr_ex.c **** 
 838:Drivers/STM32G0xx_HAL_Driver/Src/stm32g0xx_hal_pwr_ex.c ****   return HAL_OK;
 1670              		.loc 1 838 10 view .LVU324
 1671 0032 0020     		movs	r0, #0
 1672              	.LVL52:
 1673              	.L149:
 839:Drivers/STM32G0xx_HAL_Driver/Src/stm32g0xx_hal_pwr_ex.c **** }
 1674              		.loc 1 839 1 view .LVU325
 1675              		@ sp needed
 1676 0034 10BD     		pop	{r4, pc}
 1677              	.L155:
 1678 0036 C046     		.align	2
 1679              	.L154:
 1680 0038 00000000 		.word	SystemCoreClock
 1681 003c 40420F00 		.word	1000000
 1682 0040 00700040 		.word	1073770496
 1683 0044 FFBFFFFF 		.word	-16385
 1684              		.cfi_endproc
 1685              	.LFE522:
 1687              		.section	.text.HAL_PWREx_EnterSHUTDOWNMode,"ax",%progbits
 1688              		.align	1
 1689              		.global	HAL_PWREx_EnterSHUTDOWNMode
 1690              		.syntax unified
 1691              		.code	16
 1692              		.thumb_func
 1694              	HAL_PWREx_EnterSHUTDOWNMode:
 1695              	.LFB523:
 840:Drivers/STM32G0xx_HAL_Driver/Src/stm32g0xx_hal_pwr_ex.c **** 
 841:Drivers/STM32G0xx_HAL_Driver/Src/stm32g0xx_hal_pwr_ex.c **** 
 842:Drivers/STM32G0xx_HAL_Driver/Src/stm32g0xx_hal_pwr_ex.c **** #if defined(PWR_SHDW_SUPPORT)
 843:Drivers/STM32G0xx_HAL_Driver/Src/stm32g0xx_hal_pwr_ex.c **** /**
 844:Drivers/STM32G0xx_HAL_Driver/Src/stm32g0xx_hal_pwr_ex.c ****   * @brief  Enter Shutdown mode.
 845:Drivers/STM32G0xx_HAL_Driver/Src/stm32g0xx_hal_pwr_ex.c ****   * @note   In Shutdown mode, the PLL, the HSI, the LSI and the HSE oscillators are switched
 846:Drivers/STM32G0xx_HAL_Driver/Src/stm32g0xx_hal_pwr_ex.c ****   *         off. The voltage regulator is disabled and Vcore domain is powered off.
 847:Drivers/STM32G0xx_HAL_Driver/Src/stm32g0xx_hal_pwr_ex.c ****   *         SRAM and registers contents are lost except for registers in the Backup domain.
 848:Drivers/STM32G0xx_HAL_Driver/Src/stm32g0xx_hal_pwr_ex.c ****   *         The BOR is not available.
 849:Drivers/STM32G0xx_HAL_Driver/Src/stm32g0xx_hal_pwr_ex.c ****   * @note   The I/Os can be configured either with a pull-up or pull-down or can
 850:Drivers/STM32G0xx_HAL_Driver/Src/stm32g0xx_hal_pwr_ex.c ****   *         be kept in analog state.
 851:Drivers/STM32G0xx_HAL_Driver/Src/stm32g0xx_hal_pwr_ex.c ****   *         HAL_PWREx_EnableGPIOPullUp() and HAL_PWREx_EnableGPIOPullDown()
 852:Drivers/STM32G0xx_HAL_Driver/Src/stm32g0xx_hal_pwr_ex.c ****   *         respectively enable Pull Up and PullDown state.
 853:Drivers/STM32G0xx_HAL_Driver/Src/stm32g0xx_hal_pwr_ex.c ****   *         HAL_PWREx_DisableGPIOPullUp() & HAL_PWREx_DisableGPIOPullDown()
 854:Drivers/STM32G0xx_HAL_Driver/Src/stm32g0xx_hal_pwr_ex.c ****   *         disable the same. These states are effective in Standby mode only if
ARM GAS  C:\Users\sante\AppData\Local\Temp\ccnrVYVE.s 			page 47


 855:Drivers/STM32G0xx_HAL_Driver/Src/stm32g0xx_hal_pwr_ex.c ****   *         APC bit is set through HAL_PWREx_EnablePullUpPullDownConfig() API.
 856:Drivers/STM32G0xx_HAL_Driver/Src/stm32g0xx_hal_pwr_ex.c ****   * @retval None
 857:Drivers/STM32G0xx_HAL_Driver/Src/stm32g0xx_hal_pwr_ex.c **** 
 858:Drivers/STM32G0xx_HAL_Driver/Src/stm32g0xx_hal_pwr_ex.c ****   * @retval None
 859:Drivers/STM32G0xx_HAL_Driver/Src/stm32g0xx_hal_pwr_ex.c ****   */
 860:Drivers/STM32G0xx_HAL_Driver/Src/stm32g0xx_hal_pwr_ex.c **** void HAL_PWREx_EnterSHUTDOWNMode(void)
 861:Drivers/STM32G0xx_HAL_Driver/Src/stm32g0xx_hal_pwr_ex.c **** {
 1696              		.loc 1 861 1 is_stmt 1 view -0
 1697              		.cfi_startproc
 1698              		@ args = 0, pretend = 0, frame = 0
 1699              		@ frame_needed = 0, uses_anonymous_args = 0
 1700              		@ link register save eliminated.
 862:Drivers/STM32G0xx_HAL_Driver/Src/stm32g0xx_hal_pwr_ex.c ****   /* Set Shutdown mode */
 863:Drivers/STM32G0xx_HAL_Driver/Src/stm32g0xx_hal_pwr_ex.c ****   MODIFY_REG(PWR->CR1, PWR_CR1_LPMS, PWR_LOWPOWERMODE_SHUTDOWN);
 1701              		.loc 1 863 3 view .LVU327
 1702 0000 064A     		ldr	r2, .L157
 1703 0002 1368     		ldr	r3, [r2]
 1704 0004 0721     		movs	r1, #7
 1705 0006 8B43     		bics	r3, r1
 1706 0008 0339     		subs	r1, r1, #3
 1707 000a 0B43     		orrs	r3, r1
 1708 000c 1360     		str	r3, [r2]
 864:Drivers/STM32G0xx_HAL_Driver/Src/stm32g0xx_hal_pwr_ex.c **** 
 865:Drivers/STM32G0xx_HAL_Driver/Src/stm32g0xx_hal_pwr_ex.c ****   /* Set SLEEPDEEP bit of Cortex System Control Register */
 866:Drivers/STM32G0xx_HAL_Driver/Src/stm32g0xx_hal_pwr_ex.c ****   SET_BIT(SCB->SCR, ((uint32_t)SCB_SCR_SLEEPDEEP_Msk));
 1709              		.loc 1 866 3 view .LVU328
 1710 000e 044A     		ldr	r2, .L157+4
 1711 0010 1369     		ldr	r3, [r2, #16]
 1712 0012 0B43     		orrs	r3, r1
 1713 0014 1361     		str	r3, [r2, #16]
 867:Drivers/STM32G0xx_HAL_Driver/Src/stm32g0xx_hal_pwr_ex.c **** 
 868:Drivers/STM32G0xx_HAL_Driver/Src/stm32g0xx_hal_pwr_ex.c ****   /* This option is used to ensure that store operations are completed */
 869:Drivers/STM32G0xx_HAL_Driver/Src/stm32g0xx_hal_pwr_ex.c **** #if defined ( __CC_ARM)
 870:Drivers/STM32G0xx_HAL_Driver/Src/stm32g0xx_hal_pwr_ex.c ****   __force_stores();
 871:Drivers/STM32G0xx_HAL_Driver/Src/stm32g0xx_hal_pwr_ex.c **** #endif /* __CC_ARM */
 872:Drivers/STM32G0xx_HAL_Driver/Src/stm32g0xx_hal_pwr_ex.c **** 
 873:Drivers/STM32G0xx_HAL_Driver/Src/stm32g0xx_hal_pwr_ex.c ****   /* Request Wait For Interrupt */
 874:Drivers/STM32G0xx_HAL_Driver/Src/stm32g0xx_hal_pwr_ex.c ****   __WFI();
 1714              		.loc 1 874 3 view .LVU329
 1715              		.syntax divided
 1716              	@ 874 "Drivers/STM32G0xx_HAL_Driver/Src/stm32g0xx_hal_pwr_ex.c" 1
 1717 0016 30BF     		wfi
 1718              	@ 0 "" 2
 875:Drivers/STM32G0xx_HAL_Driver/Src/stm32g0xx_hal_pwr_ex.c **** }
 1719              		.loc 1 875 1 is_stmt 0 view .LVU330
 1720              		.thumb
 1721              		.syntax unified
 1722              		@ sp needed
 1723 0018 7047     		bx	lr
 1724              	.L158:
 1725 001a C046     		.align	2
 1726              	.L157:
 1727 001c 00700040 		.word	1073770496
 1728 0020 00ED00E0 		.word	-536810240
 1729              		.cfi_endproc
 1730              	.LFE523:
 1732              		.section	.text.HAL_PWREx_PVD_PVM_Rising_Callback,"ax",%progbits
ARM GAS  C:\Users\sante\AppData\Local\Temp\ccnrVYVE.s 			page 48


 1733              		.align	1
 1734              		.weak	HAL_PWREx_PVD_PVM_Rising_Callback
 1735              		.syntax unified
 1736              		.code	16
 1737              		.thumb_func
 1739              	HAL_PWREx_PVD_PVM_Rising_Callback:
 1740              	.LFB525:
 876:Drivers/STM32G0xx_HAL_Driver/Src/stm32g0xx_hal_pwr_ex.c **** #endif /* PWR_SHDW_SUPPORT */
 877:Drivers/STM32G0xx_HAL_Driver/Src/stm32g0xx_hal_pwr_ex.c **** 
 878:Drivers/STM32G0xx_HAL_Driver/Src/stm32g0xx_hal_pwr_ex.c **** #if defined(PWR_PVD_SUPPORT) && defined(PWR_PVM_SUPPORT)
 879:Drivers/STM32G0xx_HAL_Driver/Src/stm32g0xx_hal_pwr_ex.c **** /**
 880:Drivers/STM32G0xx_HAL_Driver/Src/stm32g0xx_hal_pwr_ex.c ****   * @brief  This function handles the PWR PVD interrupt request.
 881:Drivers/STM32G0xx_HAL_Driver/Src/stm32g0xx_hal_pwr_ex.c ****   * @note   This API should be called under the PVD_IRQHandler().
 882:Drivers/STM32G0xx_HAL_Driver/Src/stm32g0xx_hal_pwr_ex.c ****   * @retval None
 883:Drivers/STM32G0xx_HAL_Driver/Src/stm32g0xx_hal_pwr_ex.c ****   */
 884:Drivers/STM32G0xx_HAL_Driver/Src/stm32g0xx_hal_pwr_ex.c **** void HAL_PWREx_PVD_PVM_IRQHandler(void)
 885:Drivers/STM32G0xx_HAL_Driver/Src/stm32g0xx_hal_pwr_ex.c **** {
 886:Drivers/STM32G0xx_HAL_Driver/Src/stm32g0xx_hal_pwr_ex.c ****   /* Check PWR PVD exti Rising flag */
 887:Drivers/STM32G0xx_HAL_Driver/Src/stm32g0xx_hal_pwr_ex.c ****   if (__HAL_PWR_PVD_EXTI_GET_RISING_FLAG() != 0x0U)
 888:Drivers/STM32G0xx_HAL_Driver/Src/stm32g0xx_hal_pwr_ex.c ****   {
 889:Drivers/STM32G0xx_HAL_Driver/Src/stm32g0xx_hal_pwr_ex.c ****     /* Clear PVD exti pending bit */
 890:Drivers/STM32G0xx_HAL_Driver/Src/stm32g0xx_hal_pwr_ex.c ****     __HAL_PWR_PVD_EXTI_CLEAR_RISING_FLAG();
 891:Drivers/STM32G0xx_HAL_Driver/Src/stm32g0xx_hal_pwr_ex.c **** 
 892:Drivers/STM32G0xx_HAL_Driver/Src/stm32g0xx_hal_pwr_ex.c ****     /* PWR PVD interrupt rising user callback */
 893:Drivers/STM32G0xx_HAL_Driver/Src/stm32g0xx_hal_pwr_ex.c ****     HAL_PWREx_PVD_PVM_Rising_Callback();
 894:Drivers/STM32G0xx_HAL_Driver/Src/stm32g0xx_hal_pwr_ex.c ****   }
 895:Drivers/STM32G0xx_HAL_Driver/Src/stm32g0xx_hal_pwr_ex.c **** 
 896:Drivers/STM32G0xx_HAL_Driver/Src/stm32g0xx_hal_pwr_ex.c ****   /* Check PWR exti fallling flag */
 897:Drivers/STM32G0xx_HAL_Driver/Src/stm32g0xx_hal_pwr_ex.c ****   if (__HAL_PWR_PVD_EXTI_GET_FALLING_FLAG() != 0x0U)
 898:Drivers/STM32G0xx_HAL_Driver/Src/stm32g0xx_hal_pwr_ex.c ****   {
 899:Drivers/STM32G0xx_HAL_Driver/Src/stm32g0xx_hal_pwr_ex.c ****     /* Clear PVD exti pending bit */
 900:Drivers/STM32G0xx_HAL_Driver/Src/stm32g0xx_hal_pwr_ex.c ****     __HAL_PWR_PVD_EXTI_CLEAR_FALLING_FLAG();
 901:Drivers/STM32G0xx_HAL_Driver/Src/stm32g0xx_hal_pwr_ex.c **** 
 902:Drivers/STM32G0xx_HAL_Driver/Src/stm32g0xx_hal_pwr_ex.c ****     /* PWR PVD interrupt falling user callback */
 903:Drivers/STM32G0xx_HAL_Driver/Src/stm32g0xx_hal_pwr_ex.c ****     HAL_PWREx_PVD_PVM_Falling_Callback();
 904:Drivers/STM32G0xx_HAL_Driver/Src/stm32g0xx_hal_pwr_ex.c ****   }
 905:Drivers/STM32G0xx_HAL_Driver/Src/stm32g0xx_hal_pwr_ex.c **** 
 906:Drivers/STM32G0xx_HAL_Driver/Src/stm32g0xx_hal_pwr_ex.c ****   /* Check PWR PVM exti Rising flag */
 907:Drivers/STM32G0xx_HAL_Driver/Src/stm32g0xx_hal_pwr_ex.c ****   if (__HAL_PWR_PVM_EXTI_GET_RISING_FLAG() != 0x0U)
 908:Drivers/STM32G0xx_HAL_Driver/Src/stm32g0xx_hal_pwr_ex.c ****   {
 909:Drivers/STM32G0xx_HAL_Driver/Src/stm32g0xx_hal_pwr_ex.c ****     /* Clear PVM exti pending bit */
 910:Drivers/STM32G0xx_HAL_Driver/Src/stm32g0xx_hal_pwr_ex.c ****     __HAL_PWR_PVM_EXTI_CLEAR_RISING_FLAG();
 911:Drivers/STM32G0xx_HAL_Driver/Src/stm32g0xx_hal_pwr_ex.c **** 
 912:Drivers/STM32G0xx_HAL_Driver/Src/stm32g0xx_hal_pwr_ex.c ****     /* PWR PVD PVM interrupt rising user callback */
 913:Drivers/STM32G0xx_HAL_Driver/Src/stm32g0xx_hal_pwr_ex.c ****     HAL_PWREx_PVD_PVM_Rising_Callback();
 914:Drivers/STM32G0xx_HAL_Driver/Src/stm32g0xx_hal_pwr_ex.c ****   }
 915:Drivers/STM32G0xx_HAL_Driver/Src/stm32g0xx_hal_pwr_ex.c **** 
 916:Drivers/STM32G0xx_HAL_Driver/Src/stm32g0xx_hal_pwr_ex.c ****   /* Check PWR PVM exti fallling flag */
 917:Drivers/STM32G0xx_HAL_Driver/Src/stm32g0xx_hal_pwr_ex.c ****   if (__HAL_PWR_PVM_EXTI_GET_FALLING_FLAG() != 0x0U)
 918:Drivers/STM32G0xx_HAL_Driver/Src/stm32g0xx_hal_pwr_ex.c ****   {
 919:Drivers/STM32G0xx_HAL_Driver/Src/stm32g0xx_hal_pwr_ex.c ****     /* Clear PVM exti pending bit */
 920:Drivers/STM32G0xx_HAL_Driver/Src/stm32g0xx_hal_pwr_ex.c ****     __HAL_PWR_PVM_EXTI_CLEAR_FALLING_FLAG();
 921:Drivers/STM32G0xx_HAL_Driver/Src/stm32g0xx_hal_pwr_ex.c **** 
 922:Drivers/STM32G0xx_HAL_Driver/Src/stm32g0xx_hal_pwr_ex.c ****     /* PWR PVM interrupt falling user callback */
 923:Drivers/STM32G0xx_HAL_Driver/Src/stm32g0xx_hal_pwr_ex.c ****     HAL_PWREx_PVD_PVM_Falling_Callback();
 924:Drivers/STM32G0xx_HAL_Driver/Src/stm32g0xx_hal_pwr_ex.c ****   }
 925:Drivers/STM32G0xx_HAL_Driver/Src/stm32g0xx_hal_pwr_ex.c **** }
ARM GAS  C:\Users\sante\AppData\Local\Temp\ccnrVYVE.s 			page 49


 926:Drivers/STM32G0xx_HAL_Driver/Src/stm32g0xx_hal_pwr_ex.c **** 
 927:Drivers/STM32G0xx_HAL_Driver/Src/stm32g0xx_hal_pwr_ex.c **** /**
 928:Drivers/STM32G0xx_HAL_Driver/Src/stm32g0xx_hal_pwr_ex.c ****   * @brief  PWR PVD interrupt rising callback
 929:Drivers/STM32G0xx_HAL_Driver/Src/stm32g0xx_hal_pwr_ex.c ****   * @retval None
 930:Drivers/STM32G0xx_HAL_Driver/Src/stm32g0xx_hal_pwr_ex.c ****   */
 931:Drivers/STM32G0xx_HAL_Driver/Src/stm32g0xx_hal_pwr_ex.c **** __weak void HAL_PWREx_PVD_PVM_Rising_Callback(void)
 932:Drivers/STM32G0xx_HAL_Driver/Src/stm32g0xx_hal_pwr_ex.c **** {
 1741              		.loc 1 932 1 is_stmt 1 view -0
 1742              		.cfi_startproc
 1743              		@ args = 0, pretend = 0, frame = 0
 1744              		@ frame_needed = 0, uses_anonymous_args = 0
 1745              		@ link register save eliminated.
 933:Drivers/STM32G0xx_HAL_Driver/Src/stm32g0xx_hal_pwr_ex.c ****   /* NOTE : This function should not be modified; when the callback is needed,
 934:Drivers/STM32G0xx_HAL_Driver/Src/stm32g0xx_hal_pwr_ex.c ****             the HAL_PWR_PVD_Rising_Callback can be implemented in the user file
 935:Drivers/STM32G0xx_HAL_Driver/Src/stm32g0xx_hal_pwr_ex.c ****   */
 936:Drivers/STM32G0xx_HAL_Driver/Src/stm32g0xx_hal_pwr_ex.c **** }
 1746              		.loc 1 936 1 view .LVU332
 1747              		@ sp needed
 1748 0000 7047     		bx	lr
 1749              		.cfi_endproc
 1750              	.LFE525:
 1752              		.section	.text.HAL_PWREx_PVD_PVM_Falling_Callback,"ax",%progbits
 1753              		.align	1
 1754              		.weak	HAL_PWREx_PVD_PVM_Falling_Callback
 1755              		.syntax unified
 1756              		.code	16
 1757              		.thumb_func
 1759              	HAL_PWREx_PVD_PVM_Falling_Callback:
 1760              	.LFB526:
 937:Drivers/STM32G0xx_HAL_Driver/Src/stm32g0xx_hal_pwr_ex.c **** 
 938:Drivers/STM32G0xx_HAL_Driver/Src/stm32g0xx_hal_pwr_ex.c **** /**
 939:Drivers/STM32G0xx_HAL_Driver/Src/stm32g0xx_hal_pwr_ex.c ****   * @brief  PWR PVD interrupt Falling callback
 940:Drivers/STM32G0xx_HAL_Driver/Src/stm32g0xx_hal_pwr_ex.c ****   * @retval None
 941:Drivers/STM32G0xx_HAL_Driver/Src/stm32g0xx_hal_pwr_ex.c ****   */
 942:Drivers/STM32G0xx_HAL_Driver/Src/stm32g0xx_hal_pwr_ex.c **** __weak void HAL_PWREx_PVD_PVM_Falling_Callback(void)
 943:Drivers/STM32G0xx_HAL_Driver/Src/stm32g0xx_hal_pwr_ex.c **** {
 1761              		.loc 1 943 1 view -0
 1762              		.cfi_startproc
 1763              		@ args = 0, pretend = 0, frame = 0
 1764              		@ frame_needed = 0, uses_anonymous_args = 0
 1765              		@ link register save eliminated.
 944:Drivers/STM32G0xx_HAL_Driver/Src/stm32g0xx_hal_pwr_ex.c ****   /* NOTE : This function should not be modified; when the callback is needed,
 945:Drivers/STM32G0xx_HAL_Driver/Src/stm32g0xx_hal_pwr_ex.c ****             the HAL_PWR_PVD_Falling_Callback can be implemented in the user file
 946:Drivers/STM32G0xx_HAL_Driver/Src/stm32g0xx_hal_pwr_ex.c ****   */
 947:Drivers/STM32G0xx_HAL_Driver/Src/stm32g0xx_hal_pwr_ex.c **** }
 1766              		.loc 1 947 1 view .LVU334
 1767              		@ sp needed
 1768 0000 7047     		bx	lr
 1769              		.cfi_endproc
 1770              	.LFE526:
 1772              		.section	.text.HAL_PWREx_PVD_PVM_IRQHandler,"ax",%progbits
 1773              		.align	1
 1774              		.global	HAL_PWREx_PVD_PVM_IRQHandler
 1775              		.syntax unified
 1776              		.code	16
 1777              		.thumb_func
 1779              	HAL_PWREx_PVD_PVM_IRQHandler:
ARM GAS  C:\Users\sante\AppData\Local\Temp\ccnrVYVE.s 			page 50


 1780              	.LFB524:
 885:Drivers/STM32G0xx_HAL_Driver/Src/stm32g0xx_hal_pwr_ex.c ****   /* Check PWR PVD exti Rising flag */
 1781              		.loc 1 885 1 view -0
 1782              		.cfi_startproc
 1783              		@ args = 0, pretend = 0, frame = 0
 1784              		@ frame_needed = 0, uses_anonymous_args = 0
 1785 0000 10B5     		push	{r4, lr}
 1786              		.cfi_def_cfa_offset 8
 1787              		.cfi_offset 4, -8
 1788              		.cfi_offset 14, -4
 887:Drivers/STM32G0xx_HAL_Driver/Src/stm32g0xx_hal_pwr_ex.c ****   {
 1789              		.loc 1 887 3 view .LVU336
 887:Drivers/STM32G0xx_HAL_Driver/Src/stm32g0xx_hal_pwr_ex.c ****   {
 1790              		.loc 1 887 7 is_stmt 0 view .LVU337
 1791 0002 154B     		ldr	r3, .L174
 1792 0004 DB68     		ldr	r3, [r3, #12]
 887:Drivers/STM32G0xx_HAL_Driver/Src/stm32g0xx_hal_pwr_ex.c ****   {
 1793              		.loc 1 887 6 view .LVU338
 1794 0006 DB03     		lsls	r3, r3, #15
 1795 0008 0CD4     		bmi	.L170
 1796              	.L162:
 897:Drivers/STM32G0xx_HAL_Driver/Src/stm32g0xx_hal_pwr_ex.c ****   {
 1797              		.loc 1 897 3 is_stmt 1 view .LVU339
 897:Drivers/STM32G0xx_HAL_Driver/Src/stm32g0xx_hal_pwr_ex.c ****   {
 1798              		.loc 1 897 7 is_stmt 0 view .LVU340
 1799 000a 134B     		ldr	r3, .L174
 1800 000c 1B69     		ldr	r3, [r3, #16]
 897:Drivers/STM32G0xx_HAL_Driver/Src/stm32g0xx_hal_pwr_ex.c ****   {
 1801              		.loc 1 897 6 view .LVU341
 1802 000e DB03     		lsls	r3, r3, #15
 1803 0010 0FD4     		bmi	.L171
 1804              	.L163:
 907:Drivers/STM32G0xx_HAL_Driver/Src/stm32g0xx_hal_pwr_ex.c ****   {
 1805              		.loc 1 907 3 is_stmt 1 view .LVU342
 907:Drivers/STM32G0xx_HAL_Driver/Src/stm32g0xx_hal_pwr_ex.c ****   {
 1806              		.loc 1 907 7 is_stmt 0 view .LVU343
 1807 0012 114B     		ldr	r3, .L174
 1808 0014 DB6A     		ldr	r3, [r3, #44]
 907:Drivers/STM32G0xx_HAL_Driver/Src/stm32g0xx_hal_pwr_ex.c ****   {
 1809              		.loc 1 907 6 view .LVU344
 1810 0016 5B07     		lsls	r3, r3, #29
 1811 0018 12D4     		bmi	.L172
 1812              	.L164:
 917:Drivers/STM32G0xx_HAL_Driver/Src/stm32g0xx_hal_pwr_ex.c ****   {
 1813              		.loc 1 917 3 is_stmt 1 view .LVU345
 917:Drivers/STM32G0xx_HAL_Driver/Src/stm32g0xx_hal_pwr_ex.c ****   {
 1814              		.loc 1 917 7 is_stmt 0 view .LVU346
 1815 001a 0F4B     		ldr	r3, .L174
 1816 001c 1B6B     		ldr	r3, [r3, #48]
 917:Drivers/STM32G0xx_HAL_Driver/Src/stm32g0xx_hal_pwr_ex.c ****   {
 1817              		.loc 1 917 6 view .LVU347
 1818 001e 5B07     		lsls	r3, r3, #29
 1819 0020 14D4     		bmi	.L173
 1820              	.L161:
 925:Drivers/STM32G0xx_HAL_Driver/Src/stm32g0xx_hal_pwr_ex.c **** 
 1821              		.loc 1 925 1 view .LVU348
 1822              		@ sp needed
ARM GAS  C:\Users\sante\AppData\Local\Temp\ccnrVYVE.s 			page 51


 1823 0022 10BD     		pop	{r4, pc}
 1824              	.L170:
 890:Drivers/STM32G0xx_HAL_Driver/Src/stm32g0xx_hal_pwr_ex.c **** 
 1825              		.loc 1 890 5 is_stmt 1 view .LVU349
 1826 0024 0C4B     		ldr	r3, .L174
 1827 0026 8022     		movs	r2, #128
 1828 0028 5202     		lsls	r2, r2, #9
 1829 002a DA60     		str	r2, [r3, #12]
 893:Drivers/STM32G0xx_HAL_Driver/Src/stm32g0xx_hal_pwr_ex.c ****   }
 1830              		.loc 1 893 5 view .LVU350
 1831 002c FFF7FEFF 		bl	HAL_PWREx_PVD_PVM_Rising_Callback
 1832              	.LVL53:
 1833 0030 EBE7     		b	.L162
 1834              	.L171:
 900:Drivers/STM32G0xx_HAL_Driver/Src/stm32g0xx_hal_pwr_ex.c **** 
 1835              		.loc 1 900 5 view .LVU351
 1836 0032 094B     		ldr	r3, .L174
 1837 0034 8022     		movs	r2, #128
 1838 0036 5202     		lsls	r2, r2, #9
 1839 0038 1A61     		str	r2, [r3, #16]
 903:Drivers/STM32G0xx_HAL_Driver/Src/stm32g0xx_hal_pwr_ex.c ****   }
 1840              		.loc 1 903 5 view .LVU352
 1841 003a FFF7FEFF 		bl	HAL_PWREx_PVD_PVM_Falling_Callback
 1842              	.LVL54:
 1843 003e E8E7     		b	.L163
 1844              	.L172:
 910:Drivers/STM32G0xx_HAL_Driver/Src/stm32g0xx_hal_pwr_ex.c **** 
 1845              		.loc 1 910 5 view .LVU353
 1846 0040 054B     		ldr	r3, .L174
 1847 0042 0422     		movs	r2, #4
 1848 0044 DA62     		str	r2, [r3, #44]
 913:Drivers/STM32G0xx_HAL_Driver/Src/stm32g0xx_hal_pwr_ex.c ****   }
 1849              		.loc 1 913 5 view .LVU354
 1850 0046 FFF7FEFF 		bl	HAL_PWREx_PVD_PVM_Rising_Callback
 1851              	.LVL55:
 1852 004a E6E7     		b	.L164
 1853              	.L173:
 920:Drivers/STM32G0xx_HAL_Driver/Src/stm32g0xx_hal_pwr_ex.c **** 
 1854              		.loc 1 920 5 view .LVU355
 1855 004c 024B     		ldr	r3, .L174
 1856 004e 0422     		movs	r2, #4
 1857 0050 1A63     		str	r2, [r3, #48]
 923:Drivers/STM32G0xx_HAL_Driver/Src/stm32g0xx_hal_pwr_ex.c ****   }
 1858              		.loc 1 923 5 view .LVU356
 1859 0052 FFF7FEFF 		bl	HAL_PWREx_PVD_PVM_Falling_Callback
 1860              	.LVL56:
 925:Drivers/STM32G0xx_HAL_Driver/Src/stm32g0xx_hal_pwr_ex.c **** 
 1861              		.loc 1 925 1 is_stmt 0 view .LVU357
 1862 0056 E4E7     		b	.L161
 1863              	.L175:
 1864              		.align	2
 1865              	.L174:
 1866 0058 00180240 		.word	1073879040
 1867              		.cfi_endproc
 1868              	.LFE524:
 1870              		.text
 1871              	.Letext0:
ARM GAS  C:\Users\sante\AppData\Local\Temp\ccnrVYVE.s 			page 52


 1872              		.file 2 "C:/Users/sante/AppData/Roaming/Code/User/globalStorage/bmd.stm32-for-vscode/@xpack-dev-to
 1873              		.file 3 "C:/Users/sante/AppData/Roaming/Code/User/globalStorage/bmd.stm32-for-vscode/@xpack-dev-to
 1874              		.file 4 "Drivers/CMSIS/Include/core_cm0plus.h"
 1875              		.file 5 "Drivers/CMSIS/Device/ST/STM32G0xx/Include/stm32g0b1xx.h"
 1876              		.file 6 "Drivers/STM32G0xx_HAL_Driver/Inc/stm32g0xx_hal_def.h"
 1877              		.file 7 "Drivers/STM32G0xx_HAL_Driver/Inc/stm32g0xx_hal_pwr_ex.h"
 1878              		.file 8 "Drivers/CMSIS/Device/ST/STM32G0xx/Include/system_stm32g0xx.h"
 1879              		.file 9 "Drivers/STM32G0xx_HAL_Driver/Inc/stm32g0xx_ll_dma.h"
ARM GAS  C:\Users\sante\AppData\Local\Temp\ccnrVYVE.s 			page 53


DEFINED SYMBOLS
                            *ABS*:00000000 stm32g0xx_hal_pwr_ex.c
C:\Users\sante\AppData\Local\Temp\ccnrVYVE.s:19     .text.HAL_PWREx_EnableBatteryCharging:00000000 $t
C:\Users\sante\AppData\Local\Temp\ccnrVYVE.s:25     .text.HAL_PWREx_EnableBatteryCharging:00000000 HAL_PWREx_EnableBatteryCharging
C:\Users\sante\AppData\Local\Temp\ccnrVYVE.s:59     .text.HAL_PWREx_EnableBatteryCharging:00000014 $d
C:\Users\sante\AppData\Local\Temp\ccnrVYVE.s:65     .text.HAL_PWREx_DisableBatteryCharging:00000000 $t
C:\Users\sante\AppData\Local\Temp\ccnrVYVE.s:71     .text.HAL_PWREx_DisableBatteryCharging:00000000 HAL_PWREx_DisableBatteryCharging
C:\Users\sante\AppData\Local\Temp\ccnrVYVE.s:90     .text.HAL_PWREx_DisableBatteryCharging:0000000c $d
C:\Users\sante\AppData\Local\Temp\ccnrVYVE.s:96     .text.HAL_PWREx_EnablePORMonitorSampling:00000000 $t
C:\Users\sante\AppData\Local\Temp\ccnrVYVE.s:102    .text.HAL_PWREx_EnablePORMonitorSampling:00000000 HAL_PWREx_EnablePORMonitorSampling
C:\Users\sante\AppData\Local\Temp\ccnrVYVE.s:124    .text.HAL_PWREx_EnablePORMonitorSampling:00000010 $d
C:\Users\sante\AppData\Local\Temp\ccnrVYVE.s:129    .text.HAL_PWREx_DisablePORMonitorSampling:00000000 $t
C:\Users\sante\AppData\Local\Temp\ccnrVYVE.s:135    .text.HAL_PWREx_DisablePORMonitorSampling:00000000 HAL_PWREx_DisablePORMonitorSampling
C:\Users\sante\AppData\Local\Temp\ccnrVYVE.s:156    .text.HAL_PWREx_DisablePORMonitorSampling:0000000c $d
C:\Users\sante\AppData\Local\Temp\ccnrVYVE.s:162    .text.HAL_PWREx_ConfigPVD:00000000 $t
C:\Users\sante\AppData\Local\Temp\ccnrVYVE.s:168    .text.HAL_PWREx_ConfigPVD:00000000 HAL_PWREx_ConfigPVD
C:\Users\sante\AppData\Local\Temp\ccnrVYVE.s:278    .text.HAL_PWREx_ConfigPVD:00000080 $d
C:\Users\sante\AppData\Local\Temp\ccnrVYVE.s:285    .text.HAL_PWREx_EnablePVD:00000000 $t
C:\Users\sante\AppData\Local\Temp\ccnrVYVE.s:291    .text.HAL_PWREx_EnablePVD:00000000 HAL_PWREx_EnablePVD
C:\Users\sante\AppData\Local\Temp\ccnrVYVE.s:310    .text.HAL_PWREx_EnablePVD:0000000c $d
C:\Users\sante\AppData\Local\Temp\ccnrVYVE.s:315    .text.HAL_PWREx_DisablePVD:00000000 $t
C:\Users\sante\AppData\Local\Temp\ccnrVYVE.s:321    .text.HAL_PWREx_DisablePVD:00000000 HAL_PWREx_DisablePVD
C:\Users\sante\AppData\Local\Temp\ccnrVYVE.s:340    .text.HAL_PWREx_DisablePVD:0000000c $d
C:\Users\sante\AppData\Local\Temp\ccnrVYVE.s:345    .text.HAL_PWREx_EnableVddUSB:00000000 $t
C:\Users\sante\AppData\Local\Temp\ccnrVYVE.s:351    .text.HAL_PWREx_EnableVddUSB:00000000 HAL_PWREx_EnableVddUSB
C:\Users\sante\AppData\Local\Temp\ccnrVYVE.s:371    .text.HAL_PWREx_EnableVddUSB:00000010 $d
C:\Users\sante\AppData\Local\Temp\ccnrVYVE.s:376    .text.HAL_PWREx_DisableVddUSB:00000000 $t
C:\Users\sante\AppData\Local\Temp\ccnrVYVE.s:382    .text.HAL_PWREx_DisableVddUSB:00000000 HAL_PWREx_DisableVddUSB
C:\Users\sante\AppData\Local\Temp\ccnrVYVE.s:401    .text.HAL_PWREx_DisableVddUSB:0000000c $d
C:\Users\sante\AppData\Local\Temp\ccnrVYVE.s:407    .text.HAL_PWREx_EnableVddIO2:00000000 $t
C:\Users\sante\AppData\Local\Temp\ccnrVYVE.s:413    .text.HAL_PWREx_EnableVddIO2:00000000 HAL_PWREx_EnableVddIO2
C:\Users\sante\AppData\Local\Temp\ccnrVYVE.s:433    .text.HAL_PWREx_EnableVddIO2:00000010 $d
C:\Users\sante\AppData\Local\Temp\ccnrVYVE.s:438    .text.HAL_PWREx_DisableVddIO2:00000000 $t
C:\Users\sante\AppData\Local\Temp\ccnrVYVE.s:444    .text.HAL_PWREx_DisableVddIO2:00000000 HAL_PWREx_DisableVddIO2
C:\Users\sante\AppData\Local\Temp\ccnrVYVE.s:463    .text.HAL_PWREx_DisableVddIO2:0000000c $d
C:\Users\sante\AppData\Local\Temp\ccnrVYVE.s:469    .text.HAL_PWREx_EnablePVMUSB:00000000 $t
C:\Users\sante\AppData\Local\Temp\ccnrVYVE.s:475    .text.HAL_PWREx_EnablePVMUSB:00000000 HAL_PWREx_EnablePVMUSB
C:\Users\sante\AppData\Local\Temp\ccnrVYVE.s:495    .text.HAL_PWREx_EnablePVMUSB:00000010 $d
C:\Users\sante\AppData\Local\Temp\ccnrVYVE.s:500    .text.HAL_PWREx_DisablePVMUSB:00000000 $t
C:\Users\sante\AppData\Local\Temp\ccnrVYVE.s:506    .text.HAL_PWREx_DisablePVMUSB:00000000 HAL_PWREx_DisablePVMUSB
C:\Users\sante\AppData\Local\Temp\ccnrVYVE.s:525    .text.HAL_PWREx_DisablePVMUSB:0000000c $d
C:\Users\sante\AppData\Local\Temp\ccnrVYVE.s:531    .text.HAL_PWREx_ConfigPVM:00000000 $t
C:\Users\sante\AppData\Local\Temp\ccnrVYVE.s:537    .text.HAL_PWREx_ConfigPVM:00000000 HAL_PWREx_ConfigPVM
C:\Users\sante\AppData\Local\Temp\ccnrVYVE.s:659    .text.HAL_PWREx_ConfigPVM:0000007c $d
C:\Users\sante\AppData\Local\Temp\ccnrVYVE.s:664    .text.HAL_PWREx_EnableInternalWakeUpLine:00000000 $t
C:\Users\sante\AppData\Local\Temp\ccnrVYVE.s:670    .text.HAL_PWREx_EnableInternalWakeUpLine:00000000 HAL_PWREx_EnableInternalWakeUpLine
C:\Users\sante\AppData\Local\Temp\ccnrVYVE.s:690    .text.HAL_PWREx_EnableInternalWakeUpLine:00000010 $d
C:\Users\sante\AppData\Local\Temp\ccnrVYVE.s:695    .text.HAL_PWREx_DisableInternalWakeUpLine:00000000 $t
C:\Users\sante\AppData\Local\Temp\ccnrVYVE.s:701    .text.HAL_PWREx_DisableInternalWakeUpLine:00000000 HAL_PWREx_DisableInternalWakeUpLine
C:\Users\sante\AppData\Local\Temp\ccnrVYVE.s:720    .text.HAL_PWREx_DisableInternalWakeUpLine:0000000c $d
C:\Users\sante\AppData\Local\Temp\ccnrVYVE.s:726    .text.HAL_PWREx_EnableGPIOPullUp:00000000 $t
C:\Users\sante\AppData\Local\Temp\ccnrVYVE.s:732    .text.HAL_PWREx_EnableGPIOPullUp:00000000 HAL_PWREx_EnableGPIOPullUp
C:\Users\sante\AppData\Local\Temp\ccnrVYVE.s:753    .rodata.HAL_PWREx_EnableGPIOPullUp:00000000 $d
C:\Users\sante\AppData\Local\Temp\ccnrVYVE.s:855    .text.HAL_PWREx_EnableGPIOPullUp:00000074 $d
C:\Users\sante\AppData\Local\Temp\ccnrVYVE.s:863    .text.HAL_PWREx_DisableGPIOPullUp:00000000 $t
C:\Users\sante\AppData\Local\Temp\ccnrVYVE.s:869    .text.HAL_PWREx_DisableGPIOPullUp:00000000 HAL_PWREx_DisableGPIOPullUp
C:\Users\sante\AppData\Local\Temp\ccnrVYVE.s:890    .rodata.HAL_PWREx_DisableGPIOPullUp:00000000 $d
ARM GAS  C:\Users\sante\AppData\Local\Temp\ccnrVYVE.s 			page 54


C:\Users\sante\AppData\Local\Temp\ccnrVYVE.s:968    .text.HAL_PWREx_DisableGPIOPullUp:00000050 $d
C:\Users\sante\AppData\Local\Temp\ccnrVYVE.s:975    .text.HAL_PWREx_EnableGPIOPullDown:00000000 $t
C:\Users\sante\AppData\Local\Temp\ccnrVYVE.s:981    .text.HAL_PWREx_EnableGPIOPullDown:00000000 HAL_PWREx_EnableGPIOPullDown
C:\Users\sante\AppData\Local\Temp\ccnrVYVE.s:1002   .rodata.HAL_PWREx_EnableGPIOPullDown:00000000 $d
C:\Users\sante\AppData\Local\Temp\ccnrVYVE.s:1122   .text.HAL_PWREx_EnableGPIOPullDown:00000084 $d
C:\Users\sante\AppData\Local\Temp\ccnrVYVE.s:1130   .text.HAL_PWREx_DisableGPIOPullDown:00000000 $t
C:\Users\sante\AppData\Local\Temp\ccnrVYVE.s:1136   .text.HAL_PWREx_DisableGPIOPullDown:00000000 HAL_PWREx_DisableGPIOPullDown
C:\Users\sante\AppData\Local\Temp\ccnrVYVE.s:1157   .rodata.HAL_PWREx_DisableGPIOPullDown:00000000 $d
C:\Users\sante\AppData\Local\Temp\ccnrVYVE.s:1249   .text.HAL_PWREx_DisableGPIOPullDown:0000005c $d
C:\Users\sante\AppData\Local\Temp\ccnrVYVE.s:1256   .text.HAL_PWREx_EnablePullUpPullDownConfig:00000000 $t
C:\Users\sante\AppData\Local\Temp\ccnrVYVE.s:1262   .text.HAL_PWREx_EnablePullUpPullDownConfig:00000000 HAL_PWREx_EnablePullUpPullDownConfig
C:\Users\sante\AppData\Local\Temp\ccnrVYVE.s:1282   .text.HAL_PWREx_EnablePullUpPullDownConfig:00000010 $d
C:\Users\sante\AppData\Local\Temp\ccnrVYVE.s:1287   .text.HAL_PWREx_DisablePullUpPullDownConfig:00000000 $t
C:\Users\sante\AppData\Local\Temp\ccnrVYVE.s:1293   .text.HAL_PWREx_DisablePullUpPullDownConfig:00000000 HAL_PWREx_DisablePullUpPullDownConfig
C:\Users\sante\AppData\Local\Temp\ccnrVYVE.s:1312   .text.HAL_PWREx_DisablePullUpPullDownConfig:0000000c $d
C:\Users\sante\AppData\Local\Temp\ccnrVYVE.s:1318   .text.HAL_PWREx_EnableSRAMRetention:00000000 $t
C:\Users\sante\AppData\Local\Temp\ccnrVYVE.s:1324   .text.HAL_PWREx_EnableSRAMRetention:00000000 HAL_PWREx_EnableSRAMRetention
C:\Users\sante\AppData\Local\Temp\ccnrVYVE.s:1344   .text.HAL_PWREx_EnableSRAMRetention:00000010 $d
C:\Users\sante\AppData\Local\Temp\ccnrVYVE.s:1349   .text.HAL_PWREx_DisableSRAMRetention:00000000 $t
C:\Users\sante\AppData\Local\Temp\ccnrVYVE.s:1355   .text.HAL_PWREx_DisableSRAMRetention:00000000 HAL_PWREx_DisableSRAMRetention
C:\Users\sante\AppData\Local\Temp\ccnrVYVE.s:1374   .text.HAL_PWREx_DisableSRAMRetention:0000000c $d
C:\Users\sante\AppData\Local\Temp\ccnrVYVE.s:1380   .text.HAL_PWREx_EnableFlashPowerDown:00000000 $t
C:\Users\sante\AppData\Local\Temp\ccnrVYVE.s:1386   .text.HAL_PWREx_EnableFlashPowerDown:00000000 HAL_PWREx_EnableFlashPowerDown
C:\Users\sante\AppData\Local\Temp\ccnrVYVE.s:1408   .text.HAL_PWREx_EnableFlashPowerDown:0000000c $d
C:\Users\sante\AppData\Local\Temp\ccnrVYVE.s:1413   .text.HAL_PWREx_DisableFlashPowerDown:00000000 $t
C:\Users\sante\AppData\Local\Temp\ccnrVYVE.s:1419   .text.HAL_PWREx_DisableFlashPowerDown:00000000 HAL_PWREx_DisableFlashPowerDown
C:\Users\sante\AppData\Local\Temp\ccnrVYVE.s:1441   .text.HAL_PWREx_DisableFlashPowerDown:0000000c $d
C:\Users\sante\AppData\Local\Temp\ccnrVYVE.s:1446   .text.HAL_PWREx_GetVoltageRange:00000000 $t
C:\Users\sante\AppData\Local\Temp\ccnrVYVE.s:1452   .text.HAL_PWREx_GetVoltageRange:00000000 HAL_PWREx_GetVoltageRange
C:\Users\sante\AppData\Local\Temp\ccnrVYVE.s:1473   .text.HAL_PWREx_GetVoltageRange:0000000c $d
C:\Users\sante\AppData\Local\Temp\ccnrVYVE.s:1478   .text.HAL_PWREx_ControlVoltageScaling:00000000 $t
C:\Users\sante\AppData\Local\Temp\ccnrVYVE.s:1484   .text.HAL_PWREx_ControlVoltageScaling:00000000 HAL_PWREx_ControlVoltageScaling
C:\Users\sante\AppData\Local\Temp\ccnrVYVE.s:1570   .text.HAL_PWREx_ControlVoltageScaling:00000044 $d
C:\Users\sante\AppData\Local\Temp\ccnrVYVE.s:1578   .text.HAL_PWREx_EnableLowPowerRunMode:00000000 $t
C:\Users\sante\AppData\Local\Temp\ccnrVYVE.s:1584   .text.HAL_PWREx_EnableLowPowerRunMode:00000000 HAL_PWREx_EnableLowPowerRunMode
C:\Users\sante\AppData\Local\Temp\ccnrVYVE.s:1604   .text.HAL_PWREx_EnableLowPowerRunMode:00000010 $d
C:\Users\sante\AppData\Local\Temp\ccnrVYVE.s:1609   .text.HAL_PWREx_DisableLowPowerRunMode:00000000 $t
C:\Users\sante\AppData\Local\Temp\ccnrVYVE.s:1615   .text.HAL_PWREx_DisableLowPowerRunMode:00000000 HAL_PWREx_DisableLowPowerRunMode
C:\Users\sante\AppData\Local\Temp\ccnrVYVE.s:1680   .text.HAL_PWREx_DisableLowPowerRunMode:00000038 $d
C:\Users\sante\AppData\Local\Temp\ccnrVYVE.s:1688   .text.HAL_PWREx_EnterSHUTDOWNMode:00000000 $t
C:\Users\sante\AppData\Local\Temp\ccnrVYVE.s:1694   .text.HAL_PWREx_EnterSHUTDOWNMode:00000000 HAL_PWREx_EnterSHUTDOWNMode
C:\Users\sante\AppData\Local\Temp\ccnrVYVE.s:1727   .text.HAL_PWREx_EnterSHUTDOWNMode:0000001c $d
C:\Users\sante\AppData\Local\Temp\ccnrVYVE.s:1733   .text.HAL_PWREx_PVD_PVM_Rising_Callback:00000000 $t
C:\Users\sante\AppData\Local\Temp\ccnrVYVE.s:1739   .text.HAL_PWREx_PVD_PVM_Rising_Callback:00000000 HAL_PWREx_PVD_PVM_Rising_Callback
C:\Users\sante\AppData\Local\Temp\ccnrVYVE.s:1753   .text.HAL_PWREx_PVD_PVM_Falling_Callback:00000000 $t
C:\Users\sante\AppData\Local\Temp\ccnrVYVE.s:1759   .text.HAL_PWREx_PVD_PVM_Falling_Callback:00000000 HAL_PWREx_PVD_PVM_Falling_Callback
C:\Users\sante\AppData\Local\Temp\ccnrVYVE.s:1773   .text.HAL_PWREx_PVD_PVM_IRQHandler:00000000 $t
C:\Users\sante\AppData\Local\Temp\ccnrVYVE.s:1779   .text.HAL_PWREx_PVD_PVM_IRQHandler:00000000 HAL_PWREx_PVD_PVM_IRQHandler
C:\Users\sante\AppData\Local\Temp\ccnrVYVE.s:1866   .text.HAL_PWREx_PVD_PVM_IRQHandler:00000058 $d

UNDEFINED SYMBOLS
__aeabi_uidiv
SystemCoreClock
