ARM GAS  C:\Users\sante\AppData\Local\Temp\ccY0eX5e.s 			page 1


   1              		.cpu cortex-m0plus
   2              		.arch armv6s-m
   3              		.fpu softvfp
   4              		.eabi_attribute 20, 1
   5              		.eabi_attribute 21, 1
   6              		.eabi_attribute 23, 3
   7              		.eabi_attribute 24, 1
   8              		.eabi_attribute 25, 1
   9              		.eabi_attribute 26, 1
  10              		.eabi_attribute 30, 1
  11              		.eabi_attribute 34, 0
  12              		.eabi_attribute 18, 4
  13              		.file	"stm32g0xx_hal_dma.c"
  14              		.text
  15              	.Ltext0:
  16              		.cfi_sections	.debug_frame
  17              		.file 1 "Drivers/STM32G0xx_HAL_Driver/Src/stm32g0xx_hal_dma.c"
  18              		.section	.text.DMA_SetConfig,"ax",%progbits
  19              		.align	1
  20              		.syntax unified
  21              		.code	16
  22              		.thumb_func
  24              	DMA_SetConfig:
  25              	.LVL0:
  26              	.LFB505:
   1:Drivers/STM32G0xx_HAL_Driver/Src/stm32g0xx_hal_dma.c **** /**
   2:Drivers/STM32G0xx_HAL_Driver/Src/stm32g0xx_hal_dma.c ****   ******************************************************************************
   3:Drivers/STM32G0xx_HAL_Driver/Src/stm32g0xx_hal_dma.c ****   * @file    stm32g0xx_hal_dma.c
   4:Drivers/STM32G0xx_HAL_Driver/Src/stm32g0xx_hal_dma.c ****   * @author  MCD Application Team
   5:Drivers/STM32G0xx_HAL_Driver/Src/stm32g0xx_hal_dma.c ****   * @brief   DMA HAL module driver.
   6:Drivers/STM32G0xx_HAL_Driver/Src/stm32g0xx_hal_dma.c ****   *          This file provides firmware functions to manage the following
   7:Drivers/STM32G0xx_HAL_Driver/Src/stm32g0xx_hal_dma.c ****   *          functionalities of the Direct Memory Access (DMA) peripheral:
   8:Drivers/STM32G0xx_HAL_Driver/Src/stm32g0xx_hal_dma.c ****   *           + Initialization and de-initialization functions
   9:Drivers/STM32G0xx_HAL_Driver/Src/stm32g0xx_hal_dma.c ****   *           + IO operation functions
  10:Drivers/STM32G0xx_HAL_Driver/Src/stm32g0xx_hal_dma.c ****   *           + Peripheral State and errors functions
  11:Drivers/STM32G0xx_HAL_Driver/Src/stm32g0xx_hal_dma.c ****   *
  12:Drivers/STM32G0xx_HAL_Driver/Src/stm32g0xx_hal_dma.c ****   ******************************************************************************
  13:Drivers/STM32G0xx_HAL_Driver/Src/stm32g0xx_hal_dma.c ****   * @attention
  14:Drivers/STM32G0xx_HAL_Driver/Src/stm32g0xx_hal_dma.c ****   *
  15:Drivers/STM32G0xx_HAL_Driver/Src/stm32g0xx_hal_dma.c ****   * Copyright (c) 2018 STMicroelectronics.
  16:Drivers/STM32G0xx_HAL_Driver/Src/stm32g0xx_hal_dma.c ****   * All rights reserved.
  17:Drivers/STM32G0xx_HAL_Driver/Src/stm32g0xx_hal_dma.c ****   *
  18:Drivers/STM32G0xx_HAL_Driver/Src/stm32g0xx_hal_dma.c ****   * This software is licensed under terms that can be found in the LICENSE file
  19:Drivers/STM32G0xx_HAL_Driver/Src/stm32g0xx_hal_dma.c ****   * in the root directory of this software component.
  20:Drivers/STM32G0xx_HAL_Driver/Src/stm32g0xx_hal_dma.c ****   * If no LICENSE file comes with this software, it is provided AS-IS.
  21:Drivers/STM32G0xx_HAL_Driver/Src/stm32g0xx_hal_dma.c ****   *
  22:Drivers/STM32G0xx_HAL_Driver/Src/stm32g0xx_hal_dma.c ****   ******************************************************************************
  23:Drivers/STM32G0xx_HAL_Driver/Src/stm32g0xx_hal_dma.c ****   @verbatim
  24:Drivers/STM32G0xx_HAL_Driver/Src/stm32g0xx_hal_dma.c ****   ==============================================================================
  25:Drivers/STM32G0xx_HAL_Driver/Src/stm32g0xx_hal_dma.c ****                         ##### How to use this driver #####
  26:Drivers/STM32G0xx_HAL_Driver/Src/stm32g0xx_hal_dma.c ****   ==============================================================================
  27:Drivers/STM32G0xx_HAL_Driver/Src/stm32g0xx_hal_dma.c ****   [..]
  28:Drivers/STM32G0xx_HAL_Driver/Src/stm32g0xx_hal_dma.c ****    (#) Enable and configure the peripheral to be connected to the DMA Channel
  29:Drivers/STM32G0xx_HAL_Driver/Src/stm32g0xx_hal_dma.c ****        (except for internal SRAM / FLASH memories: no initialization is
  30:Drivers/STM32G0xx_HAL_Driver/Src/stm32g0xx_hal_dma.c ****        necessary). Please refer to the Reference manual for connection between peripherals
  31:Drivers/STM32G0xx_HAL_Driver/Src/stm32g0xx_hal_dma.c ****        and DMA requests.
  32:Drivers/STM32G0xx_HAL_Driver/Src/stm32g0xx_hal_dma.c **** 
ARM GAS  C:\Users\sante\AppData\Local\Temp\ccY0eX5e.s 			page 2


  33:Drivers/STM32G0xx_HAL_Driver/Src/stm32g0xx_hal_dma.c ****    (#) For a given Channel, program the required configuration through the following parameters:
  34:Drivers/STM32G0xx_HAL_Driver/Src/stm32g0xx_hal_dma.c ****        Channel request, Transfer Direction, Source and Destination data formats,
  35:Drivers/STM32G0xx_HAL_Driver/Src/stm32g0xx_hal_dma.c ****        Circular or Normal mode, Channel Priority level, Source and Destination Increment mode
  36:Drivers/STM32G0xx_HAL_Driver/Src/stm32g0xx_hal_dma.c ****        using HAL_DMA_Init() function.
  37:Drivers/STM32G0xx_HAL_Driver/Src/stm32g0xx_hal_dma.c **** 
  38:Drivers/STM32G0xx_HAL_Driver/Src/stm32g0xx_hal_dma.c ****        Prior to HAL_DMA_Init the peripheral clock shall be enabled for both DMA & DMAMUX
  39:Drivers/STM32G0xx_HAL_Driver/Src/stm32g0xx_hal_dma.c ****        thanks to:
  40:Drivers/STM32G0xx_HAL_Driver/Src/stm32g0xx_hal_dma.c ****       (##) DMA1 or DMA2: __HAL_RCC_DMA1_CLK_ENABLE() or  __HAL_RCC_DMA2_CLK_ENABLE();
  41:Drivers/STM32G0xx_HAL_Driver/Src/stm32g0xx_hal_dma.c **** 
  42:Drivers/STM32G0xx_HAL_Driver/Src/stm32g0xx_hal_dma.c ****    (#) Use HAL_DMA_GetState() function to return the DMA state and HAL_DMA_GetError() in case of er
  43:Drivers/STM32G0xx_HAL_Driver/Src/stm32g0xx_hal_dma.c ****        detection.
  44:Drivers/STM32G0xx_HAL_Driver/Src/stm32g0xx_hal_dma.c **** 
  45:Drivers/STM32G0xx_HAL_Driver/Src/stm32g0xx_hal_dma.c ****    (#) Use HAL_DMA_Abort() function to abort the current transfer
  46:Drivers/STM32G0xx_HAL_Driver/Src/stm32g0xx_hal_dma.c **** 
  47:Drivers/STM32G0xx_HAL_Driver/Src/stm32g0xx_hal_dma.c ****      -@-   In Memory-to-Memory transfer mode, Circular mode is not allowed.
  48:Drivers/STM32G0xx_HAL_Driver/Src/stm32g0xx_hal_dma.c **** 
  49:Drivers/STM32G0xx_HAL_Driver/Src/stm32g0xx_hal_dma.c ****      *** Polling mode IO operation ***
  50:Drivers/STM32G0xx_HAL_Driver/Src/stm32g0xx_hal_dma.c ****      =================================
  51:Drivers/STM32G0xx_HAL_Driver/Src/stm32g0xx_hal_dma.c ****      [..]
  52:Drivers/STM32G0xx_HAL_Driver/Src/stm32g0xx_hal_dma.c ****        (+) Use HAL_DMA_Start() to start DMA transfer after the configuration of Source
  53:Drivers/STM32G0xx_HAL_Driver/Src/stm32g0xx_hal_dma.c ****            address and destination address and the Length of data to be transferred
  54:Drivers/STM32G0xx_HAL_Driver/Src/stm32g0xx_hal_dma.c ****        (+) Use HAL_DMA_PollForTransfer() to poll for the end of current transfer, in this
  55:Drivers/STM32G0xx_HAL_Driver/Src/stm32g0xx_hal_dma.c ****            case a fixed Timeout can be configured by User depending from his application.
  56:Drivers/STM32G0xx_HAL_Driver/Src/stm32g0xx_hal_dma.c **** 
  57:Drivers/STM32G0xx_HAL_Driver/Src/stm32g0xx_hal_dma.c ****      *** Interrupt mode IO operation ***
  58:Drivers/STM32G0xx_HAL_Driver/Src/stm32g0xx_hal_dma.c ****      ===================================
  59:Drivers/STM32G0xx_HAL_Driver/Src/stm32g0xx_hal_dma.c ****      [..]
  60:Drivers/STM32G0xx_HAL_Driver/Src/stm32g0xx_hal_dma.c ****        (+) Configure the DMA interrupt priority using HAL_NVIC_SetPriority()
  61:Drivers/STM32G0xx_HAL_Driver/Src/stm32g0xx_hal_dma.c ****        (+) Enable the DMA IRQ handler using HAL_NVIC_EnableIRQ()
  62:Drivers/STM32G0xx_HAL_Driver/Src/stm32g0xx_hal_dma.c ****        (+) Use HAL_DMA_Start_IT() to start DMA transfer after the configuration of
  63:Drivers/STM32G0xx_HAL_Driver/Src/stm32g0xx_hal_dma.c ****            Source address and destination address and the Length of data to be transferred.
  64:Drivers/STM32G0xx_HAL_Driver/Src/stm32g0xx_hal_dma.c ****            In this case the DMA interrupt is configured
  65:Drivers/STM32G0xx_HAL_Driver/Src/stm32g0xx_hal_dma.c ****        (+) Use HAL_DMA_IRQHandler() called under DMA_IRQHandler() Interrupt subroutine
  66:Drivers/STM32G0xx_HAL_Driver/Src/stm32g0xx_hal_dma.c ****        (+) At the end of data transfer HAL_DMA_IRQHandler() function is executed and user can
  67:Drivers/STM32G0xx_HAL_Driver/Src/stm32g0xx_hal_dma.c ****               add his own function to register callbacks with HAL_DMA_RegisterCallback().
  68:Drivers/STM32G0xx_HAL_Driver/Src/stm32g0xx_hal_dma.c **** 
  69:Drivers/STM32G0xx_HAL_Driver/Src/stm32g0xx_hal_dma.c ****      *** DMA HAL driver macros list ***
  70:Drivers/STM32G0xx_HAL_Driver/Src/stm32g0xx_hal_dma.c ****      =============================================
  71:Drivers/STM32G0xx_HAL_Driver/Src/stm32g0xx_hal_dma.c ****      [..]
  72:Drivers/STM32G0xx_HAL_Driver/Src/stm32g0xx_hal_dma.c ****        Below the list of macros in DMA HAL driver.
  73:Drivers/STM32G0xx_HAL_Driver/Src/stm32g0xx_hal_dma.c **** 
  74:Drivers/STM32G0xx_HAL_Driver/Src/stm32g0xx_hal_dma.c ****        (+) __HAL_DMA_ENABLE: Enable the specified DMA Channel.
  75:Drivers/STM32G0xx_HAL_Driver/Src/stm32g0xx_hal_dma.c ****        (+) __HAL_DMA_DISABLE: Disable the specified DMA Channel.
  76:Drivers/STM32G0xx_HAL_Driver/Src/stm32g0xx_hal_dma.c ****        (+) __HAL_DMA_GET_FLAG: Get the DMA Channel pending flags.
  77:Drivers/STM32G0xx_HAL_Driver/Src/stm32g0xx_hal_dma.c ****        (+) __HAL_DMA_CLEAR_FLAG: Clear the DMA Channel pending flags.
  78:Drivers/STM32G0xx_HAL_Driver/Src/stm32g0xx_hal_dma.c ****        (+) __HAL_DMA_ENABLE_IT: Enable the specified DMA Channel interrupts.
  79:Drivers/STM32G0xx_HAL_Driver/Src/stm32g0xx_hal_dma.c ****        (+) __HAL_DMA_DISABLE_IT: Disable the specified DMA Channel interrupts.
  80:Drivers/STM32G0xx_HAL_Driver/Src/stm32g0xx_hal_dma.c ****        (+) __HAL_DMA_GET_IT_SOURCE: Check whether the specified DMA Channel interrupt is enabled or
  81:Drivers/STM32G0xx_HAL_Driver/Src/stm32g0xx_hal_dma.c **** 
  82:Drivers/STM32G0xx_HAL_Driver/Src/stm32g0xx_hal_dma.c ****      [..]
  83:Drivers/STM32G0xx_HAL_Driver/Src/stm32g0xx_hal_dma.c ****       (@) You can refer to the DMA HAL driver header file for more useful macros
  84:Drivers/STM32G0xx_HAL_Driver/Src/stm32g0xx_hal_dma.c **** 
  85:Drivers/STM32G0xx_HAL_Driver/Src/stm32g0xx_hal_dma.c ****   @endverbatim
  86:Drivers/STM32G0xx_HAL_Driver/Src/stm32g0xx_hal_dma.c ****   ******************************************************************************
  87:Drivers/STM32G0xx_HAL_Driver/Src/stm32g0xx_hal_dma.c ****   */
  88:Drivers/STM32G0xx_HAL_Driver/Src/stm32g0xx_hal_dma.c **** 
  89:Drivers/STM32G0xx_HAL_Driver/Src/stm32g0xx_hal_dma.c **** /* Includes ------------------------------------------------------------------*/
ARM GAS  C:\Users\sante\AppData\Local\Temp\ccY0eX5e.s 			page 3


  90:Drivers/STM32G0xx_HAL_Driver/Src/stm32g0xx_hal_dma.c **** #include "stm32g0xx_hal.h"
  91:Drivers/STM32G0xx_HAL_Driver/Src/stm32g0xx_hal_dma.c **** 
  92:Drivers/STM32G0xx_HAL_Driver/Src/stm32g0xx_hal_dma.c **** /** @addtogroup STM32G0xx_HAL_Driver
  93:Drivers/STM32G0xx_HAL_Driver/Src/stm32g0xx_hal_dma.c ****   * @{
  94:Drivers/STM32G0xx_HAL_Driver/Src/stm32g0xx_hal_dma.c ****   */
  95:Drivers/STM32G0xx_HAL_Driver/Src/stm32g0xx_hal_dma.c **** 
  96:Drivers/STM32G0xx_HAL_Driver/Src/stm32g0xx_hal_dma.c **** /** @defgroup DMA DMA
  97:Drivers/STM32G0xx_HAL_Driver/Src/stm32g0xx_hal_dma.c ****   * @brief DMA HAL module driver
  98:Drivers/STM32G0xx_HAL_Driver/Src/stm32g0xx_hal_dma.c ****   * @{
  99:Drivers/STM32G0xx_HAL_Driver/Src/stm32g0xx_hal_dma.c ****   */
 100:Drivers/STM32G0xx_HAL_Driver/Src/stm32g0xx_hal_dma.c **** 
 101:Drivers/STM32G0xx_HAL_Driver/Src/stm32g0xx_hal_dma.c **** #ifdef HAL_DMA_MODULE_ENABLED
 102:Drivers/STM32G0xx_HAL_Driver/Src/stm32g0xx_hal_dma.c **** 
 103:Drivers/STM32G0xx_HAL_Driver/Src/stm32g0xx_hal_dma.c **** /* Private typedef -----------------------------------------------------------*/
 104:Drivers/STM32G0xx_HAL_Driver/Src/stm32g0xx_hal_dma.c **** /* Private define ------------------------------------------------------------*/
 105:Drivers/STM32G0xx_HAL_Driver/Src/stm32g0xx_hal_dma.c **** /* Private macro -------------------------------------------------------------*/
 106:Drivers/STM32G0xx_HAL_Driver/Src/stm32g0xx_hal_dma.c **** /* Private variables ---------------------------------------------------------*/
 107:Drivers/STM32G0xx_HAL_Driver/Src/stm32g0xx_hal_dma.c **** /* Private function prototypes -----------------------------------------------*/
 108:Drivers/STM32G0xx_HAL_Driver/Src/stm32g0xx_hal_dma.c **** 
 109:Drivers/STM32G0xx_HAL_Driver/Src/stm32g0xx_hal_dma.c **** /** @defgroup DMA_Private_Functions DMA Private Functions
 110:Drivers/STM32G0xx_HAL_Driver/Src/stm32g0xx_hal_dma.c ****   * @{
 111:Drivers/STM32G0xx_HAL_Driver/Src/stm32g0xx_hal_dma.c ****   */
 112:Drivers/STM32G0xx_HAL_Driver/Src/stm32g0xx_hal_dma.c **** static void DMA_SetConfig(DMA_HandleTypeDef *hdma, uint32_t SrcAddress, uint32_t DstAddress, uint32
 113:Drivers/STM32G0xx_HAL_Driver/Src/stm32g0xx_hal_dma.c **** static void DMA_CalcDMAMUXChannelBaseAndMask(DMA_HandleTypeDef *hdma);
 114:Drivers/STM32G0xx_HAL_Driver/Src/stm32g0xx_hal_dma.c **** static void DMA_CalcDMAMUXRequestGenBaseAndMask(DMA_HandleTypeDef *hdma);
 115:Drivers/STM32G0xx_HAL_Driver/Src/stm32g0xx_hal_dma.c **** 
 116:Drivers/STM32G0xx_HAL_Driver/Src/stm32g0xx_hal_dma.c **** /**
 117:Drivers/STM32G0xx_HAL_Driver/Src/stm32g0xx_hal_dma.c ****   * @}
 118:Drivers/STM32G0xx_HAL_Driver/Src/stm32g0xx_hal_dma.c ****   */
 119:Drivers/STM32G0xx_HAL_Driver/Src/stm32g0xx_hal_dma.c **** 
 120:Drivers/STM32G0xx_HAL_Driver/Src/stm32g0xx_hal_dma.c **** /* Exported functions ---------------------------------------------------------*/
 121:Drivers/STM32G0xx_HAL_Driver/Src/stm32g0xx_hal_dma.c **** 
 122:Drivers/STM32G0xx_HAL_Driver/Src/stm32g0xx_hal_dma.c **** /** @defgroup DMA_Exported_Functions DMA Exported Functions
 123:Drivers/STM32G0xx_HAL_Driver/Src/stm32g0xx_hal_dma.c ****   * @{
 124:Drivers/STM32G0xx_HAL_Driver/Src/stm32g0xx_hal_dma.c ****   */
 125:Drivers/STM32G0xx_HAL_Driver/Src/stm32g0xx_hal_dma.c **** 
 126:Drivers/STM32G0xx_HAL_Driver/Src/stm32g0xx_hal_dma.c **** /** @defgroup DMA_Exported_Functions_Group1 Initialization and de-initialization functions
 127:Drivers/STM32G0xx_HAL_Driver/Src/stm32g0xx_hal_dma.c ****   *  @brief   Initialization and de-initialization functions
 128:Drivers/STM32G0xx_HAL_Driver/Src/stm32g0xx_hal_dma.c ****   *
 129:Drivers/STM32G0xx_HAL_Driver/Src/stm32g0xx_hal_dma.c **** @verbatim
 130:Drivers/STM32G0xx_HAL_Driver/Src/stm32g0xx_hal_dma.c ****  ===============================================================================
 131:Drivers/STM32G0xx_HAL_Driver/Src/stm32g0xx_hal_dma.c ****              ##### Initialization and de-initialization functions  #####
 132:Drivers/STM32G0xx_HAL_Driver/Src/stm32g0xx_hal_dma.c ****  ===============================================================================
 133:Drivers/STM32G0xx_HAL_Driver/Src/stm32g0xx_hal_dma.c ****     [..]
 134:Drivers/STM32G0xx_HAL_Driver/Src/stm32g0xx_hal_dma.c ****     This section provides functions allowing to initialize the DMA Channel source
 135:Drivers/STM32G0xx_HAL_Driver/Src/stm32g0xx_hal_dma.c ****     and destination addresses, incrementation and data sizes, transfer direction,
 136:Drivers/STM32G0xx_HAL_Driver/Src/stm32g0xx_hal_dma.c ****     circular/normal mode selection, memory-to-memory mode selection and Channel priority value.
 137:Drivers/STM32G0xx_HAL_Driver/Src/stm32g0xx_hal_dma.c ****     [..]
 138:Drivers/STM32G0xx_HAL_Driver/Src/stm32g0xx_hal_dma.c ****     The HAL_DMA_Init() function follows the DMA configuration procedures as described in
 139:Drivers/STM32G0xx_HAL_Driver/Src/stm32g0xx_hal_dma.c ****     reference manual.
 140:Drivers/STM32G0xx_HAL_Driver/Src/stm32g0xx_hal_dma.c **** 
 141:Drivers/STM32G0xx_HAL_Driver/Src/stm32g0xx_hal_dma.c **** @endverbatim
 142:Drivers/STM32G0xx_HAL_Driver/Src/stm32g0xx_hal_dma.c ****   * @{
 143:Drivers/STM32G0xx_HAL_Driver/Src/stm32g0xx_hal_dma.c ****   */
 144:Drivers/STM32G0xx_HAL_Driver/Src/stm32g0xx_hal_dma.c **** 
 145:Drivers/STM32G0xx_HAL_Driver/Src/stm32g0xx_hal_dma.c **** /**
 146:Drivers/STM32G0xx_HAL_Driver/Src/stm32g0xx_hal_dma.c ****   * @brief Initialize the DMA according to the specified
ARM GAS  C:\Users\sante\AppData\Local\Temp\ccY0eX5e.s 			page 4


 147:Drivers/STM32G0xx_HAL_Driver/Src/stm32g0xx_hal_dma.c ****   *        parameters in the DMA_InitTypeDef and initialize the associated handle.
 148:Drivers/STM32G0xx_HAL_Driver/Src/stm32g0xx_hal_dma.c ****   * @param hdma Pointer to a DMA_HandleTypeDef structure that contains
 149:Drivers/STM32G0xx_HAL_Driver/Src/stm32g0xx_hal_dma.c ****   *             the configuration information for the specified DMA Channel.
 150:Drivers/STM32G0xx_HAL_Driver/Src/stm32g0xx_hal_dma.c ****   * @retval HAL status
 151:Drivers/STM32G0xx_HAL_Driver/Src/stm32g0xx_hal_dma.c ****   */
 152:Drivers/STM32G0xx_HAL_Driver/Src/stm32g0xx_hal_dma.c **** HAL_StatusTypeDef HAL_DMA_Init(DMA_HandleTypeDef *hdma)
 153:Drivers/STM32G0xx_HAL_Driver/Src/stm32g0xx_hal_dma.c **** {
 154:Drivers/STM32G0xx_HAL_Driver/Src/stm32g0xx_hal_dma.c ****   /* Check the DMA handle allocation */
 155:Drivers/STM32G0xx_HAL_Driver/Src/stm32g0xx_hal_dma.c ****   if (hdma == NULL)
 156:Drivers/STM32G0xx_HAL_Driver/Src/stm32g0xx_hal_dma.c ****   {
 157:Drivers/STM32G0xx_HAL_Driver/Src/stm32g0xx_hal_dma.c ****     return HAL_ERROR;
 158:Drivers/STM32G0xx_HAL_Driver/Src/stm32g0xx_hal_dma.c ****   }
 159:Drivers/STM32G0xx_HAL_Driver/Src/stm32g0xx_hal_dma.c **** 
 160:Drivers/STM32G0xx_HAL_Driver/Src/stm32g0xx_hal_dma.c ****   /* Check the parameters */
 161:Drivers/STM32G0xx_HAL_Driver/Src/stm32g0xx_hal_dma.c ****   assert_param(IS_DMA_ALL_INSTANCE(hdma->Instance));
 162:Drivers/STM32G0xx_HAL_Driver/Src/stm32g0xx_hal_dma.c ****   assert_param(IS_DMA_DIRECTION(hdma->Init.Direction));
 163:Drivers/STM32G0xx_HAL_Driver/Src/stm32g0xx_hal_dma.c ****   assert_param(IS_DMA_PERIPHERAL_INC_STATE(hdma->Init.PeriphInc));
 164:Drivers/STM32G0xx_HAL_Driver/Src/stm32g0xx_hal_dma.c ****   assert_param(IS_DMA_MEMORY_INC_STATE(hdma->Init.MemInc));
 165:Drivers/STM32G0xx_HAL_Driver/Src/stm32g0xx_hal_dma.c ****   assert_param(IS_DMA_PERIPHERAL_DATA_SIZE(hdma->Init.PeriphDataAlignment));
 166:Drivers/STM32G0xx_HAL_Driver/Src/stm32g0xx_hal_dma.c ****   assert_param(IS_DMA_MEMORY_DATA_SIZE(hdma->Init.MemDataAlignment));
 167:Drivers/STM32G0xx_HAL_Driver/Src/stm32g0xx_hal_dma.c ****   assert_param(IS_DMA_MODE(hdma->Init.Mode));
 168:Drivers/STM32G0xx_HAL_Driver/Src/stm32g0xx_hal_dma.c ****   assert_param(IS_DMA_PRIORITY(hdma->Init.Priority));
 169:Drivers/STM32G0xx_HAL_Driver/Src/stm32g0xx_hal_dma.c **** 
 170:Drivers/STM32G0xx_HAL_Driver/Src/stm32g0xx_hal_dma.c ****   assert_param(IS_DMA_ALL_REQUEST(hdma->Init.Request));
 171:Drivers/STM32G0xx_HAL_Driver/Src/stm32g0xx_hal_dma.c **** 
 172:Drivers/STM32G0xx_HAL_Driver/Src/stm32g0xx_hal_dma.c ****   /* Compute the channel index */
 173:Drivers/STM32G0xx_HAL_Driver/Src/stm32g0xx_hal_dma.c **** #if defined(DMA2)
 174:Drivers/STM32G0xx_HAL_Driver/Src/stm32g0xx_hal_dma.c ****   if ((uint32_t)(hdma->Instance) < (uint32_t)(DMA2_Channel1))
 175:Drivers/STM32G0xx_HAL_Driver/Src/stm32g0xx_hal_dma.c ****   {
 176:Drivers/STM32G0xx_HAL_Driver/Src/stm32g0xx_hal_dma.c ****     /* DMA1 */
 177:Drivers/STM32G0xx_HAL_Driver/Src/stm32g0xx_hal_dma.c ****     hdma->ChannelIndex = (((uint32_t)hdma->Instance - (uint32_t)DMA1_Channel1) / ((uint32_t)DMA1_Ch
 178:Drivers/STM32G0xx_HAL_Driver/Src/stm32g0xx_hal_dma.c ****     hdma->DmaBaseAddress = DMA1;
 179:Drivers/STM32G0xx_HAL_Driver/Src/stm32g0xx_hal_dma.c ****   }
 180:Drivers/STM32G0xx_HAL_Driver/Src/stm32g0xx_hal_dma.c ****   else
 181:Drivers/STM32G0xx_HAL_Driver/Src/stm32g0xx_hal_dma.c ****   {
 182:Drivers/STM32G0xx_HAL_Driver/Src/stm32g0xx_hal_dma.c ****     /* DMA2 */
 183:Drivers/STM32G0xx_HAL_Driver/Src/stm32g0xx_hal_dma.c ****     hdma->ChannelIndex = (((uint32_t)hdma->Instance - (uint32_t)DMA2_Channel1) / ((uint32_t)DMA2_Ch
 184:Drivers/STM32G0xx_HAL_Driver/Src/stm32g0xx_hal_dma.c ****     hdma->DmaBaseAddress = DMA2;
 185:Drivers/STM32G0xx_HAL_Driver/Src/stm32g0xx_hal_dma.c ****   }
 186:Drivers/STM32G0xx_HAL_Driver/Src/stm32g0xx_hal_dma.c **** #else
 187:Drivers/STM32G0xx_HAL_Driver/Src/stm32g0xx_hal_dma.c ****   hdma->ChannelIndex = (((uint32_t)hdma->Instance - (uint32_t)DMA1_Channel1) / ((uint32_t)DMA1_Chan
 188:Drivers/STM32G0xx_HAL_Driver/Src/stm32g0xx_hal_dma.c **** #endif /* DMA2 */
 189:Drivers/STM32G0xx_HAL_Driver/Src/stm32g0xx_hal_dma.c **** 
 190:Drivers/STM32G0xx_HAL_Driver/Src/stm32g0xx_hal_dma.c ****   /* Change DMA peripheral state */
 191:Drivers/STM32G0xx_HAL_Driver/Src/stm32g0xx_hal_dma.c ****   hdma->State = HAL_DMA_STATE_BUSY;
 192:Drivers/STM32G0xx_HAL_Driver/Src/stm32g0xx_hal_dma.c **** 
 193:Drivers/STM32G0xx_HAL_Driver/Src/stm32g0xx_hal_dma.c ****   /* Clear PL, MSIZE, PSIZE, MINC, PINC, CIRC, DIR and MEM2MEM bits */
 194:Drivers/STM32G0xx_HAL_Driver/Src/stm32g0xx_hal_dma.c ****   CLEAR_BIT(hdma->Instance->CCR, (DMA_CCR_PL    | DMA_CCR_MSIZE  | DMA_CCR_PSIZE  | \
 195:Drivers/STM32G0xx_HAL_Driver/Src/stm32g0xx_hal_dma.c ****                                   DMA_CCR_MINC  | DMA_CCR_PINC   | DMA_CCR_CIRC   | \
 196:Drivers/STM32G0xx_HAL_Driver/Src/stm32g0xx_hal_dma.c ****                                   DMA_CCR_DIR   | DMA_CCR_MEM2MEM));
 197:Drivers/STM32G0xx_HAL_Driver/Src/stm32g0xx_hal_dma.c **** 
 198:Drivers/STM32G0xx_HAL_Driver/Src/stm32g0xx_hal_dma.c ****   /* Set the DMA Channel configuration */
 199:Drivers/STM32G0xx_HAL_Driver/Src/stm32g0xx_hal_dma.c ****   SET_BIT(hdma->Instance->CCR, (hdma->Init.Direction           |                               \
 200:Drivers/STM32G0xx_HAL_Driver/Src/stm32g0xx_hal_dma.c ****                                 hdma->Init.PeriphInc           | hdma->Init.MemInc           | \
 201:Drivers/STM32G0xx_HAL_Driver/Src/stm32g0xx_hal_dma.c ****                                 hdma->Init.PeriphDataAlignment | hdma->Init.MemDataAlignment | \
 202:Drivers/STM32G0xx_HAL_Driver/Src/stm32g0xx_hal_dma.c ****                                 hdma->Init.Mode                | hdma->Init.Priority));
 203:Drivers/STM32G0xx_HAL_Driver/Src/stm32g0xx_hal_dma.c **** 
ARM GAS  C:\Users\sante\AppData\Local\Temp\ccY0eX5e.s 			page 5


 204:Drivers/STM32G0xx_HAL_Driver/Src/stm32g0xx_hal_dma.c ****   /* Initialize parameters for DMAMUX channel :
 205:Drivers/STM32G0xx_HAL_Driver/Src/stm32g0xx_hal_dma.c ****      DMAmuxChannel, DMAmuxChannelStatus and DMAmuxChannelStatusMask
 206:Drivers/STM32G0xx_HAL_Driver/Src/stm32g0xx_hal_dma.c ****   */
 207:Drivers/STM32G0xx_HAL_Driver/Src/stm32g0xx_hal_dma.c ****   DMA_CalcDMAMUXChannelBaseAndMask(hdma);
 208:Drivers/STM32G0xx_HAL_Driver/Src/stm32g0xx_hal_dma.c **** 
 209:Drivers/STM32G0xx_HAL_Driver/Src/stm32g0xx_hal_dma.c ****   if (hdma->Init.Direction == DMA_MEMORY_TO_MEMORY)
 210:Drivers/STM32G0xx_HAL_Driver/Src/stm32g0xx_hal_dma.c ****   {
 211:Drivers/STM32G0xx_HAL_Driver/Src/stm32g0xx_hal_dma.c ****     /* if memory to memory force the request to 0*/
 212:Drivers/STM32G0xx_HAL_Driver/Src/stm32g0xx_hal_dma.c ****     hdma->Init.Request = DMA_REQUEST_MEM2MEM;
 213:Drivers/STM32G0xx_HAL_Driver/Src/stm32g0xx_hal_dma.c ****   }
 214:Drivers/STM32G0xx_HAL_Driver/Src/stm32g0xx_hal_dma.c **** 
 215:Drivers/STM32G0xx_HAL_Driver/Src/stm32g0xx_hal_dma.c ****   /* Set peripheral request  to DMAMUX channel */
 216:Drivers/STM32G0xx_HAL_Driver/Src/stm32g0xx_hal_dma.c ****   hdma->DMAmuxChannel->CCR = (hdma->Init.Request & DMAMUX_CxCR_DMAREQ_ID);
 217:Drivers/STM32G0xx_HAL_Driver/Src/stm32g0xx_hal_dma.c **** 
 218:Drivers/STM32G0xx_HAL_Driver/Src/stm32g0xx_hal_dma.c ****   /* Clear the DMAMUX synchro overrun flag */
 219:Drivers/STM32G0xx_HAL_Driver/Src/stm32g0xx_hal_dma.c ****   hdma->DMAmuxChannelStatus->CFR = hdma->DMAmuxChannelStatusMask;
 220:Drivers/STM32G0xx_HAL_Driver/Src/stm32g0xx_hal_dma.c **** 
 221:Drivers/STM32G0xx_HAL_Driver/Src/stm32g0xx_hal_dma.c ****   if (((hdma->Init.Request >  0UL) && (hdma->Init.Request <= DMA_REQUEST_GENERATOR3)))
 222:Drivers/STM32G0xx_HAL_Driver/Src/stm32g0xx_hal_dma.c ****   {
 223:Drivers/STM32G0xx_HAL_Driver/Src/stm32g0xx_hal_dma.c ****     /* Initialize parameters for DMAMUX request generator :
 224:Drivers/STM32G0xx_HAL_Driver/Src/stm32g0xx_hal_dma.c ****        DMAmuxRequestGen, DMAmuxRequestGenStatus and DMAmuxRequestGenStatusMask
 225:Drivers/STM32G0xx_HAL_Driver/Src/stm32g0xx_hal_dma.c ****     */
 226:Drivers/STM32G0xx_HAL_Driver/Src/stm32g0xx_hal_dma.c ****     DMA_CalcDMAMUXRequestGenBaseAndMask(hdma);
 227:Drivers/STM32G0xx_HAL_Driver/Src/stm32g0xx_hal_dma.c **** 
 228:Drivers/STM32G0xx_HAL_Driver/Src/stm32g0xx_hal_dma.c ****     /* Reset the DMAMUX request generator register*/
 229:Drivers/STM32G0xx_HAL_Driver/Src/stm32g0xx_hal_dma.c ****     hdma->DMAmuxRequestGen->RGCR = 0U;
 230:Drivers/STM32G0xx_HAL_Driver/Src/stm32g0xx_hal_dma.c **** 
 231:Drivers/STM32G0xx_HAL_Driver/Src/stm32g0xx_hal_dma.c ****     /* Clear the DMAMUX request generator overrun flag */
 232:Drivers/STM32G0xx_HAL_Driver/Src/stm32g0xx_hal_dma.c ****     hdma->DMAmuxRequestGenStatus->RGCFR = hdma->DMAmuxRequestGenStatusMask;
 233:Drivers/STM32G0xx_HAL_Driver/Src/stm32g0xx_hal_dma.c ****   }
 234:Drivers/STM32G0xx_HAL_Driver/Src/stm32g0xx_hal_dma.c ****   else
 235:Drivers/STM32G0xx_HAL_Driver/Src/stm32g0xx_hal_dma.c ****   {
 236:Drivers/STM32G0xx_HAL_Driver/Src/stm32g0xx_hal_dma.c ****     hdma->DMAmuxRequestGen = 0U;
 237:Drivers/STM32G0xx_HAL_Driver/Src/stm32g0xx_hal_dma.c ****     hdma->DMAmuxRequestGenStatus = 0U;
 238:Drivers/STM32G0xx_HAL_Driver/Src/stm32g0xx_hal_dma.c ****     hdma->DMAmuxRequestGenStatusMask = 0U;
 239:Drivers/STM32G0xx_HAL_Driver/Src/stm32g0xx_hal_dma.c ****   }
 240:Drivers/STM32G0xx_HAL_Driver/Src/stm32g0xx_hal_dma.c **** 
 241:Drivers/STM32G0xx_HAL_Driver/Src/stm32g0xx_hal_dma.c ****   /* Initialize the error code */
 242:Drivers/STM32G0xx_HAL_Driver/Src/stm32g0xx_hal_dma.c ****   hdma->ErrorCode = HAL_DMA_ERROR_NONE;
 243:Drivers/STM32G0xx_HAL_Driver/Src/stm32g0xx_hal_dma.c **** 
 244:Drivers/STM32G0xx_HAL_Driver/Src/stm32g0xx_hal_dma.c ****   /* Initialize the DMA state*/
 245:Drivers/STM32G0xx_HAL_Driver/Src/stm32g0xx_hal_dma.c ****   hdma->State = HAL_DMA_STATE_READY;
 246:Drivers/STM32G0xx_HAL_Driver/Src/stm32g0xx_hal_dma.c **** 
 247:Drivers/STM32G0xx_HAL_Driver/Src/stm32g0xx_hal_dma.c ****   /* Release Lock */
 248:Drivers/STM32G0xx_HAL_Driver/Src/stm32g0xx_hal_dma.c ****   __HAL_UNLOCK(hdma);
 249:Drivers/STM32G0xx_HAL_Driver/Src/stm32g0xx_hal_dma.c **** 
 250:Drivers/STM32G0xx_HAL_Driver/Src/stm32g0xx_hal_dma.c ****   return HAL_OK;
 251:Drivers/STM32G0xx_HAL_Driver/Src/stm32g0xx_hal_dma.c **** }
 252:Drivers/STM32G0xx_HAL_Driver/Src/stm32g0xx_hal_dma.c **** 
 253:Drivers/STM32G0xx_HAL_Driver/Src/stm32g0xx_hal_dma.c **** /**
 254:Drivers/STM32G0xx_HAL_Driver/Src/stm32g0xx_hal_dma.c ****   * @brief DeInitialize the DMA peripheral.
 255:Drivers/STM32G0xx_HAL_Driver/Src/stm32g0xx_hal_dma.c ****   * @param hdma Pointer to a DMA_HandleTypeDef structure that contains
 256:Drivers/STM32G0xx_HAL_Driver/Src/stm32g0xx_hal_dma.c ****   *             the configuration information for the specified DMA Channel.
 257:Drivers/STM32G0xx_HAL_Driver/Src/stm32g0xx_hal_dma.c ****   * @retval HAL status
 258:Drivers/STM32G0xx_HAL_Driver/Src/stm32g0xx_hal_dma.c ****   */
 259:Drivers/STM32G0xx_HAL_Driver/Src/stm32g0xx_hal_dma.c **** HAL_StatusTypeDef HAL_DMA_DeInit(DMA_HandleTypeDef *hdma)
 260:Drivers/STM32G0xx_HAL_Driver/Src/stm32g0xx_hal_dma.c **** {
ARM GAS  C:\Users\sante\AppData\Local\Temp\ccY0eX5e.s 			page 6


 261:Drivers/STM32G0xx_HAL_Driver/Src/stm32g0xx_hal_dma.c ****   /* Check the DMA handle allocation */
 262:Drivers/STM32G0xx_HAL_Driver/Src/stm32g0xx_hal_dma.c ****   if (NULL == hdma)
 263:Drivers/STM32G0xx_HAL_Driver/Src/stm32g0xx_hal_dma.c ****   {
 264:Drivers/STM32G0xx_HAL_Driver/Src/stm32g0xx_hal_dma.c ****     return HAL_ERROR;
 265:Drivers/STM32G0xx_HAL_Driver/Src/stm32g0xx_hal_dma.c ****   }
 266:Drivers/STM32G0xx_HAL_Driver/Src/stm32g0xx_hal_dma.c **** 
 267:Drivers/STM32G0xx_HAL_Driver/Src/stm32g0xx_hal_dma.c ****   /* Check the parameters */
 268:Drivers/STM32G0xx_HAL_Driver/Src/stm32g0xx_hal_dma.c ****   assert_param(IS_DMA_ALL_INSTANCE(hdma->Instance));
 269:Drivers/STM32G0xx_HAL_Driver/Src/stm32g0xx_hal_dma.c **** 
 270:Drivers/STM32G0xx_HAL_Driver/Src/stm32g0xx_hal_dma.c ****   /* Disable the selected DMA Channelx */
 271:Drivers/STM32G0xx_HAL_Driver/Src/stm32g0xx_hal_dma.c ****   __HAL_DMA_DISABLE(hdma);
 272:Drivers/STM32G0xx_HAL_Driver/Src/stm32g0xx_hal_dma.c **** 
 273:Drivers/STM32G0xx_HAL_Driver/Src/stm32g0xx_hal_dma.c ****   /* Compute the channel index */
 274:Drivers/STM32G0xx_HAL_Driver/Src/stm32g0xx_hal_dma.c **** #if defined(DMA2)
 275:Drivers/STM32G0xx_HAL_Driver/Src/stm32g0xx_hal_dma.c ****   if ((uint32_t)(hdma->Instance) < (uint32_t)(DMA2_Channel1))
 276:Drivers/STM32G0xx_HAL_Driver/Src/stm32g0xx_hal_dma.c ****   {
 277:Drivers/STM32G0xx_HAL_Driver/Src/stm32g0xx_hal_dma.c ****     /* DMA1 */
 278:Drivers/STM32G0xx_HAL_Driver/Src/stm32g0xx_hal_dma.c ****     hdma->ChannelIndex = (((uint32_t)hdma->Instance - (uint32_t)DMA1_Channel1) / ((uint32_t)DMA1_Ch
 279:Drivers/STM32G0xx_HAL_Driver/Src/stm32g0xx_hal_dma.c ****     hdma->DmaBaseAddress = DMA1;
 280:Drivers/STM32G0xx_HAL_Driver/Src/stm32g0xx_hal_dma.c ****   }
 281:Drivers/STM32G0xx_HAL_Driver/Src/stm32g0xx_hal_dma.c ****   else
 282:Drivers/STM32G0xx_HAL_Driver/Src/stm32g0xx_hal_dma.c ****   {
 283:Drivers/STM32G0xx_HAL_Driver/Src/stm32g0xx_hal_dma.c ****     /* DMA2 */
 284:Drivers/STM32G0xx_HAL_Driver/Src/stm32g0xx_hal_dma.c ****     hdma->ChannelIndex = (((uint32_t)hdma->Instance - (uint32_t)DMA2_Channel1) / ((uint32_t)DMA2_Ch
 285:Drivers/STM32G0xx_HAL_Driver/Src/stm32g0xx_hal_dma.c ****     hdma->DmaBaseAddress = DMA2;
 286:Drivers/STM32G0xx_HAL_Driver/Src/stm32g0xx_hal_dma.c ****   }
 287:Drivers/STM32G0xx_HAL_Driver/Src/stm32g0xx_hal_dma.c **** #else
 288:Drivers/STM32G0xx_HAL_Driver/Src/stm32g0xx_hal_dma.c ****   hdma->ChannelIndex = (((uint32_t)hdma->Instance - (uint32_t)DMA1_Channel1) / ((uint32_t)DMA1_Chan
 289:Drivers/STM32G0xx_HAL_Driver/Src/stm32g0xx_hal_dma.c **** #endif /* DMA2 */
 290:Drivers/STM32G0xx_HAL_Driver/Src/stm32g0xx_hal_dma.c **** 
 291:Drivers/STM32G0xx_HAL_Driver/Src/stm32g0xx_hal_dma.c ****   /* Reset DMA Channel control register */
 292:Drivers/STM32G0xx_HAL_Driver/Src/stm32g0xx_hal_dma.c ****   hdma->Instance->CCR = 0U;
 293:Drivers/STM32G0xx_HAL_Driver/Src/stm32g0xx_hal_dma.c **** 
 294:Drivers/STM32G0xx_HAL_Driver/Src/stm32g0xx_hal_dma.c ****   /* Clear all flags */
 295:Drivers/STM32G0xx_HAL_Driver/Src/stm32g0xx_hal_dma.c **** #if defined(DMA2)
 296:Drivers/STM32G0xx_HAL_Driver/Src/stm32g0xx_hal_dma.c ****   hdma->DmaBaseAddress->IFCR = (DMA_ISR_GIF1 << (hdma->ChannelIndex & 0x1CU));
 297:Drivers/STM32G0xx_HAL_Driver/Src/stm32g0xx_hal_dma.c **** #else
 298:Drivers/STM32G0xx_HAL_Driver/Src/stm32g0xx_hal_dma.c ****   __HAL_DMA_CLEAR_FLAG(hdma, (DMA_FLAG_GI1 << (hdma->ChannelIndex & 0x1CU)));
 299:Drivers/STM32G0xx_HAL_Driver/Src/stm32g0xx_hal_dma.c **** #endif /* DMA2 */
 300:Drivers/STM32G0xx_HAL_Driver/Src/stm32g0xx_hal_dma.c **** 
 301:Drivers/STM32G0xx_HAL_Driver/Src/stm32g0xx_hal_dma.c ****   /* Initialize parameters for DMAMUX channel :
 302:Drivers/STM32G0xx_HAL_Driver/Src/stm32g0xx_hal_dma.c ****      DMAmuxChannel, DMAmuxChannelStatus and DMAmuxChannelStatusMask */
 303:Drivers/STM32G0xx_HAL_Driver/Src/stm32g0xx_hal_dma.c **** 
 304:Drivers/STM32G0xx_HAL_Driver/Src/stm32g0xx_hal_dma.c ****   DMA_CalcDMAMUXChannelBaseAndMask(hdma);
 305:Drivers/STM32G0xx_HAL_Driver/Src/stm32g0xx_hal_dma.c **** 
 306:Drivers/STM32G0xx_HAL_Driver/Src/stm32g0xx_hal_dma.c ****   /* Reset the DMAMUX channel that corresponds to the DMA channel */
 307:Drivers/STM32G0xx_HAL_Driver/Src/stm32g0xx_hal_dma.c ****   hdma->DMAmuxChannel->CCR = 0U;
 308:Drivers/STM32G0xx_HAL_Driver/Src/stm32g0xx_hal_dma.c **** 
 309:Drivers/STM32G0xx_HAL_Driver/Src/stm32g0xx_hal_dma.c ****   /* Clear the DMAMUX synchro overrun flag */
 310:Drivers/STM32G0xx_HAL_Driver/Src/stm32g0xx_hal_dma.c ****   hdma->DMAmuxChannelStatus->CFR = hdma->DMAmuxChannelStatusMask;
 311:Drivers/STM32G0xx_HAL_Driver/Src/stm32g0xx_hal_dma.c **** 
 312:Drivers/STM32G0xx_HAL_Driver/Src/stm32g0xx_hal_dma.c ****   /* Reset Request generator parameters if any */
 313:Drivers/STM32G0xx_HAL_Driver/Src/stm32g0xx_hal_dma.c ****   if (((hdma->Init.Request >  0UL) && (hdma->Init.Request <= DMA_REQUEST_GENERATOR3)))
 314:Drivers/STM32G0xx_HAL_Driver/Src/stm32g0xx_hal_dma.c ****   {
 315:Drivers/STM32G0xx_HAL_Driver/Src/stm32g0xx_hal_dma.c ****     /* Initialize parameters for DMAMUX request generator :
 316:Drivers/STM32G0xx_HAL_Driver/Src/stm32g0xx_hal_dma.c ****        DMAmuxRequestGen, DMAmuxRequestGenStatus and DMAmuxRequestGenStatusMask
 317:Drivers/STM32G0xx_HAL_Driver/Src/stm32g0xx_hal_dma.c ****     */
ARM GAS  C:\Users\sante\AppData\Local\Temp\ccY0eX5e.s 			page 7


 318:Drivers/STM32G0xx_HAL_Driver/Src/stm32g0xx_hal_dma.c ****     DMA_CalcDMAMUXRequestGenBaseAndMask(hdma);
 319:Drivers/STM32G0xx_HAL_Driver/Src/stm32g0xx_hal_dma.c **** 
 320:Drivers/STM32G0xx_HAL_Driver/Src/stm32g0xx_hal_dma.c ****     /* Reset the DMAMUX request generator register*/
 321:Drivers/STM32G0xx_HAL_Driver/Src/stm32g0xx_hal_dma.c ****     hdma->DMAmuxRequestGen->RGCR = 0U;
 322:Drivers/STM32G0xx_HAL_Driver/Src/stm32g0xx_hal_dma.c **** 
 323:Drivers/STM32G0xx_HAL_Driver/Src/stm32g0xx_hal_dma.c ****     /* Clear the DMAMUX request generator overrun flag */
 324:Drivers/STM32G0xx_HAL_Driver/Src/stm32g0xx_hal_dma.c ****     hdma->DMAmuxRequestGenStatus->RGCFR = hdma->DMAmuxRequestGenStatusMask;
 325:Drivers/STM32G0xx_HAL_Driver/Src/stm32g0xx_hal_dma.c ****   }
 326:Drivers/STM32G0xx_HAL_Driver/Src/stm32g0xx_hal_dma.c **** 
 327:Drivers/STM32G0xx_HAL_Driver/Src/stm32g0xx_hal_dma.c ****   hdma->DMAmuxRequestGen = 0U;
 328:Drivers/STM32G0xx_HAL_Driver/Src/stm32g0xx_hal_dma.c ****   hdma->DMAmuxRequestGenStatus = 0U;
 329:Drivers/STM32G0xx_HAL_Driver/Src/stm32g0xx_hal_dma.c ****   hdma->DMAmuxRequestGenStatusMask = 0U;
 330:Drivers/STM32G0xx_HAL_Driver/Src/stm32g0xx_hal_dma.c **** 
 331:Drivers/STM32G0xx_HAL_Driver/Src/stm32g0xx_hal_dma.c ****   /* Clean callbacks */
 332:Drivers/STM32G0xx_HAL_Driver/Src/stm32g0xx_hal_dma.c ****   hdma->XferCpltCallback = NULL;
 333:Drivers/STM32G0xx_HAL_Driver/Src/stm32g0xx_hal_dma.c ****   hdma->XferHalfCpltCallback = NULL;
 334:Drivers/STM32G0xx_HAL_Driver/Src/stm32g0xx_hal_dma.c ****   hdma->XferErrorCallback = NULL;
 335:Drivers/STM32G0xx_HAL_Driver/Src/stm32g0xx_hal_dma.c ****   hdma->XferAbortCallback = NULL;
 336:Drivers/STM32G0xx_HAL_Driver/Src/stm32g0xx_hal_dma.c **** 
 337:Drivers/STM32G0xx_HAL_Driver/Src/stm32g0xx_hal_dma.c ****   /* Initialize the error code */
 338:Drivers/STM32G0xx_HAL_Driver/Src/stm32g0xx_hal_dma.c ****   hdma->ErrorCode = HAL_DMA_ERROR_NONE;
 339:Drivers/STM32G0xx_HAL_Driver/Src/stm32g0xx_hal_dma.c **** 
 340:Drivers/STM32G0xx_HAL_Driver/Src/stm32g0xx_hal_dma.c ****   /* Initialize the DMA state */
 341:Drivers/STM32G0xx_HAL_Driver/Src/stm32g0xx_hal_dma.c ****   hdma->State = HAL_DMA_STATE_RESET;
 342:Drivers/STM32G0xx_HAL_Driver/Src/stm32g0xx_hal_dma.c **** 
 343:Drivers/STM32G0xx_HAL_Driver/Src/stm32g0xx_hal_dma.c ****   /* Release Lock */
 344:Drivers/STM32G0xx_HAL_Driver/Src/stm32g0xx_hal_dma.c ****   __HAL_UNLOCK(hdma);
 345:Drivers/STM32G0xx_HAL_Driver/Src/stm32g0xx_hal_dma.c **** 
 346:Drivers/STM32G0xx_HAL_Driver/Src/stm32g0xx_hal_dma.c ****   return HAL_OK;
 347:Drivers/STM32G0xx_HAL_Driver/Src/stm32g0xx_hal_dma.c **** }
 348:Drivers/STM32G0xx_HAL_Driver/Src/stm32g0xx_hal_dma.c **** 
 349:Drivers/STM32G0xx_HAL_Driver/Src/stm32g0xx_hal_dma.c **** /**
 350:Drivers/STM32G0xx_HAL_Driver/Src/stm32g0xx_hal_dma.c ****   * @}
 351:Drivers/STM32G0xx_HAL_Driver/Src/stm32g0xx_hal_dma.c ****   */
 352:Drivers/STM32G0xx_HAL_Driver/Src/stm32g0xx_hal_dma.c **** 
 353:Drivers/STM32G0xx_HAL_Driver/Src/stm32g0xx_hal_dma.c **** /** @defgroup DMA_Exported_Functions_Group2 Input and Output operation functions
 354:Drivers/STM32G0xx_HAL_Driver/Src/stm32g0xx_hal_dma.c ****   *  @brief   Input and Output operation functions
 355:Drivers/STM32G0xx_HAL_Driver/Src/stm32g0xx_hal_dma.c ****   *
 356:Drivers/STM32G0xx_HAL_Driver/Src/stm32g0xx_hal_dma.c **** @verbatim
 357:Drivers/STM32G0xx_HAL_Driver/Src/stm32g0xx_hal_dma.c ****  ===============================================================================
 358:Drivers/STM32G0xx_HAL_Driver/Src/stm32g0xx_hal_dma.c ****                       #####  IO operation functions  #####
 359:Drivers/STM32G0xx_HAL_Driver/Src/stm32g0xx_hal_dma.c ****  ===============================================================================
 360:Drivers/STM32G0xx_HAL_Driver/Src/stm32g0xx_hal_dma.c ****     [..]  This section provides functions allowing to:
 361:Drivers/STM32G0xx_HAL_Driver/Src/stm32g0xx_hal_dma.c ****       (+) Configure the source, destination address and data length and Start DMA transfer
 362:Drivers/STM32G0xx_HAL_Driver/Src/stm32g0xx_hal_dma.c ****       (+) Configure the source, destination address and data length and
 363:Drivers/STM32G0xx_HAL_Driver/Src/stm32g0xx_hal_dma.c ****           Start DMA transfer with interrupt
 364:Drivers/STM32G0xx_HAL_Driver/Src/stm32g0xx_hal_dma.c ****       (+) Abort DMA transfer
 365:Drivers/STM32G0xx_HAL_Driver/Src/stm32g0xx_hal_dma.c ****       (+) Poll for transfer complete
 366:Drivers/STM32G0xx_HAL_Driver/Src/stm32g0xx_hal_dma.c ****       (+) Handle DMA interrupt request
 367:Drivers/STM32G0xx_HAL_Driver/Src/stm32g0xx_hal_dma.c ****       (+) Register and Unregister DMA callbacks
 368:Drivers/STM32G0xx_HAL_Driver/Src/stm32g0xx_hal_dma.c **** 
 369:Drivers/STM32G0xx_HAL_Driver/Src/stm32g0xx_hal_dma.c **** @endverbatim
 370:Drivers/STM32G0xx_HAL_Driver/Src/stm32g0xx_hal_dma.c ****   * @{
 371:Drivers/STM32G0xx_HAL_Driver/Src/stm32g0xx_hal_dma.c ****   */
 372:Drivers/STM32G0xx_HAL_Driver/Src/stm32g0xx_hal_dma.c **** 
 373:Drivers/STM32G0xx_HAL_Driver/Src/stm32g0xx_hal_dma.c **** /**
 374:Drivers/STM32G0xx_HAL_Driver/Src/stm32g0xx_hal_dma.c ****   * @brief Start the DMA Transfer.
ARM GAS  C:\Users\sante\AppData\Local\Temp\ccY0eX5e.s 			page 8


 375:Drivers/STM32G0xx_HAL_Driver/Src/stm32g0xx_hal_dma.c ****   * @param hdma Pointer to a DMA_HandleTypeDef structure that contains
 376:Drivers/STM32G0xx_HAL_Driver/Src/stm32g0xx_hal_dma.c ****   *             the configuration information for the specified DMA Channel.
 377:Drivers/STM32G0xx_HAL_Driver/Src/stm32g0xx_hal_dma.c ****   * @param SrcAddress The source memory Buffer address
 378:Drivers/STM32G0xx_HAL_Driver/Src/stm32g0xx_hal_dma.c ****   * @param DstAddress The destination memory Buffer address
 379:Drivers/STM32G0xx_HAL_Driver/Src/stm32g0xx_hal_dma.c ****   * @param DataLength The length of data to be transferred from source to destination
 380:Drivers/STM32G0xx_HAL_Driver/Src/stm32g0xx_hal_dma.c ****   * @retval HAL status
 381:Drivers/STM32G0xx_HAL_Driver/Src/stm32g0xx_hal_dma.c ****   */
 382:Drivers/STM32G0xx_HAL_Driver/Src/stm32g0xx_hal_dma.c **** HAL_StatusTypeDef HAL_DMA_Start(DMA_HandleTypeDef *hdma, uint32_t SrcAddress, uint32_t DstAddress, 
 383:Drivers/STM32G0xx_HAL_Driver/Src/stm32g0xx_hal_dma.c **** {
 384:Drivers/STM32G0xx_HAL_Driver/Src/stm32g0xx_hal_dma.c ****   HAL_StatusTypeDef status = HAL_OK;
 385:Drivers/STM32G0xx_HAL_Driver/Src/stm32g0xx_hal_dma.c **** 
 386:Drivers/STM32G0xx_HAL_Driver/Src/stm32g0xx_hal_dma.c ****   /* Check the parameters */
 387:Drivers/STM32G0xx_HAL_Driver/Src/stm32g0xx_hal_dma.c ****   assert_param(IS_DMA_BUFFER_SIZE(DataLength));
 388:Drivers/STM32G0xx_HAL_Driver/Src/stm32g0xx_hal_dma.c **** 
 389:Drivers/STM32G0xx_HAL_Driver/Src/stm32g0xx_hal_dma.c ****   /* Process locked */
 390:Drivers/STM32G0xx_HAL_Driver/Src/stm32g0xx_hal_dma.c ****   __HAL_LOCK(hdma);
 391:Drivers/STM32G0xx_HAL_Driver/Src/stm32g0xx_hal_dma.c **** 
 392:Drivers/STM32G0xx_HAL_Driver/Src/stm32g0xx_hal_dma.c ****   if (hdma->State == HAL_DMA_STATE_READY)
 393:Drivers/STM32G0xx_HAL_Driver/Src/stm32g0xx_hal_dma.c ****   {
 394:Drivers/STM32G0xx_HAL_Driver/Src/stm32g0xx_hal_dma.c ****     /* Change DMA peripheral state */
 395:Drivers/STM32G0xx_HAL_Driver/Src/stm32g0xx_hal_dma.c ****     hdma->State = HAL_DMA_STATE_BUSY;
 396:Drivers/STM32G0xx_HAL_Driver/Src/stm32g0xx_hal_dma.c **** 
 397:Drivers/STM32G0xx_HAL_Driver/Src/stm32g0xx_hal_dma.c ****     /* Initialize the error code */
 398:Drivers/STM32G0xx_HAL_Driver/Src/stm32g0xx_hal_dma.c ****     hdma->ErrorCode = HAL_DMA_ERROR_NONE;
 399:Drivers/STM32G0xx_HAL_Driver/Src/stm32g0xx_hal_dma.c **** 
 400:Drivers/STM32G0xx_HAL_Driver/Src/stm32g0xx_hal_dma.c ****     /* Disable the peripheral */
 401:Drivers/STM32G0xx_HAL_Driver/Src/stm32g0xx_hal_dma.c ****     __HAL_DMA_DISABLE(hdma);
 402:Drivers/STM32G0xx_HAL_Driver/Src/stm32g0xx_hal_dma.c **** 
 403:Drivers/STM32G0xx_HAL_Driver/Src/stm32g0xx_hal_dma.c ****     /* Configure the source, destination address and the data length & clear flags*/
 404:Drivers/STM32G0xx_HAL_Driver/Src/stm32g0xx_hal_dma.c ****     DMA_SetConfig(hdma, SrcAddress, DstAddress, DataLength);
 405:Drivers/STM32G0xx_HAL_Driver/Src/stm32g0xx_hal_dma.c **** 
 406:Drivers/STM32G0xx_HAL_Driver/Src/stm32g0xx_hal_dma.c ****     /* Enable the Peripheral */
 407:Drivers/STM32G0xx_HAL_Driver/Src/stm32g0xx_hal_dma.c ****     __HAL_DMA_ENABLE(hdma);
 408:Drivers/STM32G0xx_HAL_Driver/Src/stm32g0xx_hal_dma.c ****   }
 409:Drivers/STM32G0xx_HAL_Driver/Src/stm32g0xx_hal_dma.c ****   else
 410:Drivers/STM32G0xx_HAL_Driver/Src/stm32g0xx_hal_dma.c ****   {
 411:Drivers/STM32G0xx_HAL_Driver/Src/stm32g0xx_hal_dma.c ****     /* Change the error code */
 412:Drivers/STM32G0xx_HAL_Driver/Src/stm32g0xx_hal_dma.c ****     hdma->ErrorCode = HAL_DMA_ERROR_BUSY;
 413:Drivers/STM32G0xx_HAL_Driver/Src/stm32g0xx_hal_dma.c **** 
 414:Drivers/STM32G0xx_HAL_Driver/Src/stm32g0xx_hal_dma.c ****     /* Process Unlocked */
 415:Drivers/STM32G0xx_HAL_Driver/Src/stm32g0xx_hal_dma.c ****     __HAL_UNLOCK(hdma);
 416:Drivers/STM32G0xx_HAL_Driver/Src/stm32g0xx_hal_dma.c **** 
 417:Drivers/STM32G0xx_HAL_Driver/Src/stm32g0xx_hal_dma.c ****     /* Return error status */
 418:Drivers/STM32G0xx_HAL_Driver/Src/stm32g0xx_hal_dma.c ****     status = HAL_ERROR;
 419:Drivers/STM32G0xx_HAL_Driver/Src/stm32g0xx_hal_dma.c ****   }
 420:Drivers/STM32G0xx_HAL_Driver/Src/stm32g0xx_hal_dma.c **** 
 421:Drivers/STM32G0xx_HAL_Driver/Src/stm32g0xx_hal_dma.c ****   return status;
 422:Drivers/STM32G0xx_HAL_Driver/Src/stm32g0xx_hal_dma.c **** }
 423:Drivers/STM32G0xx_HAL_Driver/Src/stm32g0xx_hal_dma.c **** 
 424:Drivers/STM32G0xx_HAL_Driver/Src/stm32g0xx_hal_dma.c **** /**
 425:Drivers/STM32G0xx_HAL_Driver/Src/stm32g0xx_hal_dma.c ****   * @brief Start the DMA Transfer with interrupt enabled.
 426:Drivers/STM32G0xx_HAL_Driver/Src/stm32g0xx_hal_dma.c ****   * @param hdma Pointer to a DMA_HandleTypeDef structure that contains
 427:Drivers/STM32G0xx_HAL_Driver/Src/stm32g0xx_hal_dma.c ****   *             the configuration information for the specified DMA Channel.
 428:Drivers/STM32G0xx_HAL_Driver/Src/stm32g0xx_hal_dma.c ****   * @param SrcAddress The source memory Buffer address
 429:Drivers/STM32G0xx_HAL_Driver/Src/stm32g0xx_hal_dma.c ****   * @param DstAddress The destination memory Buffer address
 430:Drivers/STM32G0xx_HAL_Driver/Src/stm32g0xx_hal_dma.c ****   * @param DataLength The length of data to be transferred from source to destination
 431:Drivers/STM32G0xx_HAL_Driver/Src/stm32g0xx_hal_dma.c ****   * @retval HAL status
ARM GAS  C:\Users\sante\AppData\Local\Temp\ccY0eX5e.s 			page 9


 432:Drivers/STM32G0xx_HAL_Driver/Src/stm32g0xx_hal_dma.c ****   */
 433:Drivers/STM32G0xx_HAL_Driver/Src/stm32g0xx_hal_dma.c **** HAL_StatusTypeDef HAL_DMA_Start_IT(DMA_HandleTypeDef *hdma, uint32_t SrcAddress, uint32_t DstAddres
 434:Drivers/STM32G0xx_HAL_Driver/Src/stm32g0xx_hal_dma.c ****                                    uint32_t DataLength)
 435:Drivers/STM32G0xx_HAL_Driver/Src/stm32g0xx_hal_dma.c **** {
 436:Drivers/STM32G0xx_HAL_Driver/Src/stm32g0xx_hal_dma.c ****   HAL_StatusTypeDef status = HAL_OK;
 437:Drivers/STM32G0xx_HAL_Driver/Src/stm32g0xx_hal_dma.c **** 
 438:Drivers/STM32G0xx_HAL_Driver/Src/stm32g0xx_hal_dma.c ****   /* Check the parameters */
 439:Drivers/STM32G0xx_HAL_Driver/Src/stm32g0xx_hal_dma.c ****   assert_param(IS_DMA_BUFFER_SIZE(DataLength));
 440:Drivers/STM32G0xx_HAL_Driver/Src/stm32g0xx_hal_dma.c **** 
 441:Drivers/STM32G0xx_HAL_Driver/Src/stm32g0xx_hal_dma.c ****   /* Process locked */
 442:Drivers/STM32G0xx_HAL_Driver/Src/stm32g0xx_hal_dma.c ****   __HAL_LOCK(hdma);
 443:Drivers/STM32G0xx_HAL_Driver/Src/stm32g0xx_hal_dma.c **** 
 444:Drivers/STM32G0xx_HAL_Driver/Src/stm32g0xx_hal_dma.c ****   if (hdma->State == HAL_DMA_STATE_READY)
 445:Drivers/STM32G0xx_HAL_Driver/Src/stm32g0xx_hal_dma.c ****   {
 446:Drivers/STM32G0xx_HAL_Driver/Src/stm32g0xx_hal_dma.c ****     /* Change DMA peripheral state */
 447:Drivers/STM32G0xx_HAL_Driver/Src/stm32g0xx_hal_dma.c ****     hdma->State = HAL_DMA_STATE_BUSY;
 448:Drivers/STM32G0xx_HAL_Driver/Src/stm32g0xx_hal_dma.c ****     hdma->ErrorCode = HAL_DMA_ERROR_NONE;
 449:Drivers/STM32G0xx_HAL_Driver/Src/stm32g0xx_hal_dma.c **** 
 450:Drivers/STM32G0xx_HAL_Driver/Src/stm32g0xx_hal_dma.c ****     /* Disable the peripheral */
 451:Drivers/STM32G0xx_HAL_Driver/Src/stm32g0xx_hal_dma.c ****     __HAL_DMA_DISABLE(hdma);
 452:Drivers/STM32G0xx_HAL_Driver/Src/stm32g0xx_hal_dma.c **** 
 453:Drivers/STM32G0xx_HAL_Driver/Src/stm32g0xx_hal_dma.c ****     /* Configure the source, destination address and the data length & clear flags*/
 454:Drivers/STM32G0xx_HAL_Driver/Src/stm32g0xx_hal_dma.c ****     DMA_SetConfig(hdma, SrcAddress, DstAddress, DataLength);
 455:Drivers/STM32G0xx_HAL_Driver/Src/stm32g0xx_hal_dma.c **** 
 456:Drivers/STM32G0xx_HAL_Driver/Src/stm32g0xx_hal_dma.c ****     /* Enable the transfer complete interrupt */
 457:Drivers/STM32G0xx_HAL_Driver/Src/stm32g0xx_hal_dma.c ****     /* Enable the transfer Error interrupt */
 458:Drivers/STM32G0xx_HAL_Driver/Src/stm32g0xx_hal_dma.c ****     if (NULL != hdma->XferHalfCpltCallback)
 459:Drivers/STM32G0xx_HAL_Driver/Src/stm32g0xx_hal_dma.c ****     {
 460:Drivers/STM32G0xx_HAL_Driver/Src/stm32g0xx_hal_dma.c ****       /* Enable the Half transfer complete interrupt as well */
 461:Drivers/STM32G0xx_HAL_Driver/Src/stm32g0xx_hal_dma.c ****       __HAL_DMA_ENABLE_IT(hdma, (DMA_IT_TC | DMA_IT_HT | DMA_IT_TE));
 462:Drivers/STM32G0xx_HAL_Driver/Src/stm32g0xx_hal_dma.c ****     }
 463:Drivers/STM32G0xx_HAL_Driver/Src/stm32g0xx_hal_dma.c ****     else
 464:Drivers/STM32G0xx_HAL_Driver/Src/stm32g0xx_hal_dma.c ****     {
 465:Drivers/STM32G0xx_HAL_Driver/Src/stm32g0xx_hal_dma.c ****       __HAL_DMA_DISABLE_IT(hdma, DMA_IT_HT);
 466:Drivers/STM32G0xx_HAL_Driver/Src/stm32g0xx_hal_dma.c ****       __HAL_DMA_ENABLE_IT(hdma, (DMA_IT_TC | DMA_IT_TE));
 467:Drivers/STM32G0xx_HAL_Driver/Src/stm32g0xx_hal_dma.c ****     }
 468:Drivers/STM32G0xx_HAL_Driver/Src/stm32g0xx_hal_dma.c **** 
 469:Drivers/STM32G0xx_HAL_Driver/Src/stm32g0xx_hal_dma.c ****     /* Check if DMAMUX Synchronization is enabled*/
 470:Drivers/STM32G0xx_HAL_Driver/Src/stm32g0xx_hal_dma.c ****     if ((hdma->DMAmuxChannel->CCR & DMAMUX_CxCR_SE) != 0U)
 471:Drivers/STM32G0xx_HAL_Driver/Src/stm32g0xx_hal_dma.c ****     {
 472:Drivers/STM32G0xx_HAL_Driver/Src/stm32g0xx_hal_dma.c ****       /* Enable DMAMUX sync overrun IT*/
 473:Drivers/STM32G0xx_HAL_Driver/Src/stm32g0xx_hal_dma.c ****       hdma->DMAmuxChannel->CCR |= DMAMUX_CxCR_SOIE;
 474:Drivers/STM32G0xx_HAL_Driver/Src/stm32g0xx_hal_dma.c ****     }
 475:Drivers/STM32G0xx_HAL_Driver/Src/stm32g0xx_hal_dma.c **** 
 476:Drivers/STM32G0xx_HAL_Driver/Src/stm32g0xx_hal_dma.c ****     if (hdma->DMAmuxRequestGen != 0U)
 477:Drivers/STM32G0xx_HAL_Driver/Src/stm32g0xx_hal_dma.c ****     {
 478:Drivers/STM32G0xx_HAL_Driver/Src/stm32g0xx_hal_dma.c ****       /* if using DMAMUX request generator, enable the DMAMUX request generator overrun IT*/
 479:Drivers/STM32G0xx_HAL_Driver/Src/stm32g0xx_hal_dma.c ****       /* enable the request gen overrun IT*/
 480:Drivers/STM32G0xx_HAL_Driver/Src/stm32g0xx_hal_dma.c ****       hdma->DMAmuxRequestGen->RGCR |= DMAMUX_RGxCR_OIE;
 481:Drivers/STM32G0xx_HAL_Driver/Src/stm32g0xx_hal_dma.c ****     }
 482:Drivers/STM32G0xx_HAL_Driver/Src/stm32g0xx_hal_dma.c **** 
 483:Drivers/STM32G0xx_HAL_Driver/Src/stm32g0xx_hal_dma.c ****     /* Enable the Peripheral */
 484:Drivers/STM32G0xx_HAL_Driver/Src/stm32g0xx_hal_dma.c ****     __HAL_DMA_ENABLE(hdma);
 485:Drivers/STM32G0xx_HAL_Driver/Src/stm32g0xx_hal_dma.c ****   }
 486:Drivers/STM32G0xx_HAL_Driver/Src/stm32g0xx_hal_dma.c ****   else
 487:Drivers/STM32G0xx_HAL_Driver/Src/stm32g0xx_hal_dma.c ****   {
 488:Drivers/STM32G0xx_HAL_Driver/Src/stm32g0xx_hal_dma.c ****     /* Change the error code */
ARM GAS  C:\Users\sante\AppData\Local\Temp\ccY0eX5e.s 			page 10


 489:Drivers/STM32G0xx_HAL_Driver/Src/stm32g0xx_hal_dma.c ****     hdma->ErrorCode = HAL_DMA_ERROR_BUSY;
 490:Drivers/STM32G0xx_HAL_Driver/Src/stm32g0xx_hal_dma.c **** 
 491:Drivers/STM32G0xx_HAL_Driver/Src/stm32g0xx_hal_dma.c ****     /* Process Unlocked */
 492:Drivers/STM32G0xx_HAL_Driver/Src/stm32g0xx_hal_dma.c ****     __HAL_UNLOCK(hdma);
 493:Drivers/STM32G0xx_HAL_Driver/Src/stm32g0xx_hal_dma.c **** 
 494:Drivers/STM32G0xx_HAL_Driver/Src/stm32g0xx_hal_dma.c ****     /* Return error status */
 495:Drivers/STM32G0xx_HAL_Driver/Src/stm32g0xx_hal_dma.c ****     status = HAL_ERROR;
 496:Drivers/STM32G0xx_HAL_Driver/Src/stm32g0xx_hal_dma.c ****   }
 497:Drivers/STM32G0xx_HAL_Driver/Src/stm32g0xx_hal_dma.c **** 
 498:Drivers/STM32G0xx_HAL_Driver/Src/stm32g0xx_hal_dma.c ****   return status;
 499:Drivers/STM32G0xx_HAL_Driver/Src/stm32g0xx_hal_dma.c **** }
 500:Drivers/STM32G0xx_HAL_Driver/Src/stm32g0xx_hal_dma.c **** 
 501:Drivers/STM32G0xx_HAL_Driver/Src/stm32g0xx_hal_dma.c **** /**
 502:Drivers/STM32G0xx_HAL_Driver/Src/stm32g0xx_hal_dma.c ****   * @brief Abort the DMA Transfer.
 503:Drivers/STM32G0xx_HAL_Driver/Src/stm32g0xx_hal_dma.c ****   * @param hdma Pointer to a DMA_HandleTypeDef structure that contains
 504:Drivers/STM32G0xx_HAL_Driver/Src/stm32g0xx_hal_dma.c ****   *             the configuration information for the specified DMA Channel.
 505:Drivers/STM32G0xx_HAL_Driver/Src/stm32g0xx_hal_dma.c ****   * @retval HAL status
 506:Drivers/STM32G0xx_HAL_Driver/Src/stm32g0xx_hal_dma.c ****   */
 507:Drivers/STM32G0xx_HAL_Driver/Src/stm32g0xx_hal_dma.c **** HAL_StatusTypeDef HAL_DMA_Abort(DMA_HandleTypeDef *hdma)
 508:Drivers/STM32G0xx_HAL_Driver/Src/stm32g0xx_hal_dma.c **** {
 509:Drivers/STM32G0xx_HAL_Driver/Src/stm32g0xx_hal_dma.c ****   /* Check the DMA peripheral handle */
 510:Drivers/STM32G0xx_HAL_Driver/Src/stm32g0xx_hal_dma.c ****   if (NULL == hdma)
 511:Drivers/STM32G0xx_HAL_Driver/Src/stm32g0xx_hal_dma.c ****   {
 512:Drivers/STM32G0xx_HAL_Driver/Src/stm32g0xx_hal_dma.c ****     return HAL_ERROR;
 513:Drivers/STM32G0xx_HAL_Driver/Src/stm32g0xx_hal_dma.c ****   }
 514:Drivers/STM32G0xx_HAL_Driver/Src/stm32g0xx_hal_dma.c **** 
 515:Drivers/STM32G0xx_HAL_Driver/Src/stm32g0xx_hal_dma.c ****   /* Check the DMA peripheral state */
 516:Drivers/STM32G0xx_HAL_Driver/Src/stm32g0xx_hal_dma.c ****   if (hdma->State != HAL_DMA_STATE_BUSY)
 517:Drivers/STM32G0xx_HAL_Driver/Src/stm32g0xx_hal_dma.c ****   {
 518:Drivers/STM32G0xx_HAL_Driver/Src/stm32g0xx_hal_dma.c ****     hdma->ErrorCode = HAL_DMA_ERROR_NO_XFER;
 519:Drivers/STM32G0xx_HAL_Driver/Src/stm32g0xx_hal_dma.c **** 
 520:Drivers/STM32G0xx_HAL_Driver/Src/stm32g0xx_hal_dma.c ****     /* Process Unlocked */
 521:Drivers/STM32G0xx_HAL_Driver/Src/stm32g0xx_hal_dma.c ****     __HAL_UNLOCK(hdma);
 522:Drivers/STM32G0xx_HAL_Driver/Src/stm32g0xx_hal_dma.c **** 
 523:Drivers/STM32G0xx_HAL_Driver/Src/stm32g0xx_hal_dma.c ****     return HAL_ERROR;
 524:Drivers/STM32G0xx_HAL_Driver/Src/stm32g0xx_hal_dma.c ****   }
 525:Drivers/STM32G0xx_HAL_Driver/Src/stm32g0xx_hal_dma.c ****   else
 526:Drivers/STM32G0xx_HAL_Driver/Src/stm32g0xx_hal_dma.c ****   {
 527:Drivers/STM32G0xx_HAL_Driver/Src/stm32g0xx_hal_dma.c ****     /* Disable DMA IT */
 528:Drivers/STM32G0xx_HAL_Driver/Src/stm32g0xx_hal_dma.c ****     __HAL_DMA_DISABLE_IT(hdma, (DMA_IT_TC | DMA_IT_HT | DMA_IT_TE));
 529:Drivers/STM32G0xx_HAL_Driver/Src/stm32g0xx_hal_dma.c **** 
 530:Drivers/STM32G0xx_HAL_Driver/Src/stm32g0xx_hal_dma.c ****     /* disable the DMAMUX sync overrun IT*/
 531:Drivers/STM32G0xx_HAL_Driver/Src/stm32g0xx_hal_dma.c ****     hdma->DMAmuxChannel->CCR &= ~DMAMUX_CxCR_SOIE;
 532:Drivers/STM32G0xx_HAL_Driver/Src/stm32g0xx_hal_dma.c **** 
 533:Drivers/STM32G0xx_HAL_Driver/Src/stm32g0xx_hal_dma.c ****     /* Disable the channel */
 534:Drivers/STM32G0xx_HAL_Driver/Src/stm32g0xx_hal_dma.c ****     __HAL_DMA_DISABLE(hdma);
 535:Drivers/STM32G0xx_HAL_Driver/Src/stm32g0xx_hal_dma.c **** 
 536:Drivers/STM32G0xx_HAL_Driver/Src/stm32g0xx_hal_dma.c ****     /* Clear all flags */
 537:Drivers/STM32G0xx_HAL_Driver/Src/stm32g0xx_hal_dma.c **** #if defined(DMA2)
 538:Drivers/STM32G0xx_HAL_Driver/Src/stm32g0xx_hal_dma.c ****     hdma->DmaBaseAddress->IFCR = (DMA_ISR_GIF1 << (hdma->ChannelIndex & 0x1CU));
 539:Drivers/STM32G0xx_HAL_Driver/Src/stm32g0xx_hal_dma.c **** #else
 540:Drivers/STM32G0xx_HAL_Driver/Src/stm32g0xx_hal_dma.c ****     __HAL_DMA_CLEAR_FLAG(hdma, ((DMA_FLAG_GI1) << (hdma->ChannelIndex  & 0x1CU)));
 541:Drivers/STM32G0xx_HAL_Driver/Src/stm32g0xx_hal_dma.c **** #endif /* DMA2 */
 542:Drivers/STM32G0xx_HAL_Driver/Src/stm32g0xx_hal_dma.c **** 
 543:Drivers/STM32G0xx_HAL_Driver/Src/stm32g0xx_hal_dma.c ****     /* Clear the DMAMUX synchro overrun flag */
 544:Drivers/STM32G0xx_HAL_Driver/Src/stm32g0xx_hal_dma.c ****     hdma->DMAmuxChannelStatus->CFR = hdma->DMAmuxChannelStatusMask;
 545:Drivers/STM32G0xx_HAL_Driver/Src/stm32g0xx_hal_dma.c **** 
ARM GAS  C:\Users\sante\AppData\Local\Temp\ccY0eX5e.s 			page 11


 546:Drivers/STM32G0xx_HAL_Driver/Src/stm32g0xx_hal_dma.c ****     if (hdma->DMAmuxRequestGen != 0U)
 547:Drivers/STM32G0xx_HAL_Driver/Src/stm32g0xx_hal_dma.c ****     {
 548:Drivers/STM32G0xx_HAL_Driver/Src/stm32g0xx_hal_dma.c ****       /* if using DMAMUX request generator, disable the DMAMUX request generator overrun IT*/
 549:Drivers/STM32G0xx_HAL_Driver/Src/stm32g0xx_hal_dma.c ****       /* disable the request gen overrun IT*/
 550:Drivers/STM32G0xx_HAL_Driver/Src/stm32g0xx_hal_dma.c ****       hdma->DMAmuxRequestGen->RGCR &= ~DMAMUX_RGxCR_OIE;
 551:Drivers/STM32G0xx_HAL_Driver/Src/stm32g0xx_hal_dma.c **** 
 552:Drivers/STM32G0xx_HAL_Driver/Src/stm32g0xx_hal_dma.c ****       /* Clear the DMAMUX request generator overrun flag */
 553:Drivers/STM32G0xx_HAL_Driver/Src/stm32g0xx_hal_dma.c ****       hdma->DMAmuxRequestGenStatus->RGCFR = hdma->DMAmuxRequestGenStatusMask;
 554:Drivers/STM32G0xx_HAL_Driver/Src/stm32g0xx_hal_dma.c ****     }
 555:Drivers/STM32G0xx_HAL_Driver/Src/stm32g0xx_hal_dma.c **** 
 556:Drivers/STM32G0xx_HAL_Driver/Src/stm32g0xx_hal_dma.c ****     /* Change the DMA state */
 557:Drivers/STM32G0xx_HAL_Driver/Src/stm32g0xx_hal_dma.c ****     hdma->State = HAL_DMA_STATE_READY;
 558:Drivers/STM32G0xx_HAL_Driver/Src/stm32g0xx_hal_dma.c **** 
 559:Drivers/STM32G0xx_HAL_Driver/Src/stm32g0xx_hal_dma.c ****     /* Process Unlocked */
 560:Drivers/STM32G0xx_HAL_Driver/Src/stm32g0xx_hal_dma.c ****     __HAL_UNLOCK(hdma);
 561:Drivers/STM32G0xx_HAL_Driver/Src/stm32g0xx_hal_dma.c ****   }
 562:Drivers/STM32G0xx_HAL_Driver/Src/stm32g0xx_hal_dma.c **** 
 563:Drivers/STM32G0xx_HAL_Driver/Src/stm32g0xx_hal_dma.c ****   return HAL_OK;
 564:Drivers/STM32G0xx_HAL_Driver/Src/stm32g0xx_hal_dma.c **** }
 565:Drivers/STM32G0xx_HAL_Driver/Src/stm32g0xx_hal_dma.c **** 
 566:Drivers/STM32G0xx_HAL_Driver/Src/stm32g0xx_hal_dma.c **** /**
 567:Drivers/STM32G0xx_HAL_Driver/Src/stm32g0xx_hal_dma.c ****   * @brief Aborts the DMA Transfer in Interrupt mode.
 568:Drivers/STM32G0xx_HAL_Driver/Src/stm32g0xx_hal_dma.c ****   * @param hdma Pointer to a DMA_HandleTypeDef structure that contains
 569:Drivers/STM32G0xx_HAL_Driver/Src/stm32g0xx_hal_dma.c ****   *             the configuration information for the specified DMA Channel.
 570:Drivers/STM32G0xx_HAL_Driver/Src/stm32g0xx_hal_dma.c ****   * @retval HAL status
 571:Drivers/STM32G0xx_HAL_Driver/Src/stm32g0xx_hal_dma.c ****   */
 572:Drivers/STM32G0xx_HAL_Driver/Src/stm32g0xx_hal_dma.c **** HAL_StatusTypeDef HAL_DMA_Abort_IT(DMA_HandleTypeDef *hdma)
 573:Drivers/STM32G0xx_HAL_Driver/Src/stm32g0xx_hal_dma.c **** {
 574:Drivers/STM32G0xx_HAL_Driver/Src/stm32g0xx_hal_dma.c ****   HAL_StatusTypeDef status = HAL_OK;
 575:Drivers/STM32G0xx_HAL_Driver/Src/stm32g0xx_hal_dma.c **** 
 576:Drivers/STM32G0xx_HAL_Driver/Src/stm32g0xx_hal_dma.c ****   if (hdma->State != HAL_DMA_STATE_BUSY)
 577:Drivers/STM32G0xx_HAL_Driver/Src/stm32g0xx_hal_dma.c ****   {
 578:Drivers/STM32G0xx_HAL_Driver/Src/stm32g0xx_hal_dma.c ****     /* no transfer ongoing */
 579:Drivers/STM32G0xx_HAL_Driver/Src/stm32g0xx_hal_dma.c ****     hdma->ErrorCode = HAL_DMA_ERROR_NO_XFER;
 580:Drivers/STM32G0xx_HAL_Driver/Src/stm32g0xx_hal_dma.c **** 
 581:Drivers/STM32G0xx_HAL_Driver/Src/stm32g0xx_hal_dma.c ****     status = HAL_ERROR;
 582:Drivers/STM32G0xx_HAL_Driver/Src/stm32g0xx_hal_dma.c ****   }
 583:Drivers/STM32G0xx_HAL_Driver/Src/stm32g0xx_hal_dma.c ****   else
 584:Drivers/STM32G0xx_HAL_Driver/Src/stm32g0xx_hal_dma.c ****   {
 585:Drivers/STM32G0xx_HAL_Driver/Src/stm32g0xx_hal_dma.c ****     /* Disable DMA IT */
 586:Drivers/STM32G0xx_HAL_Driver/Src/stm32g0xx_hal_dma.c ****     __HAL_DMA_DISABLE_IT(hdma, (DMA_IT_TC | DMA_IT_HT | DMA_IT_TE));
 587:Drivers/STM32G0xx_HAL_Driver/Src/stm32g0xx_hal_dma.c **** 
 588:Drivers/STM32G0xx_HAL_Driver/Src/stm32g0xx_hal_dma.c ****     /* Disable the channel */
 589:Drivers/STM32G0xx_HAL_Driver/Src/stm32g0xx_hal_dma.c ****     __HAL_DMA_DISABLE(hdma);
 590:Drivers/STM32G0xx_HAL_Driver/Src/stm32g0xx_hal_dma.c **** 
 591:Drivers/STM32G0xx_HAL_Driver/Src/stm32g0xx_hal_dma.c ****     /* disable the DMAMUX sync overrun IT*/
 592:Drivers/STM32G0xx_HAL_Driver/Src/stm32g0xx_hal_dma.c ****     hdma->DMAmuxChannel->CCR &= ~DMAMUX_CxCR_SOIE;
 593:Drivers/STM32G0xx_HAL_Driver/Src/stm32g0xx_hal_dma.c **** 
 594:Drivers/STM32G0xx_HAL_Driver/Src/stm32g0xx_hal_dma.c ****     /* Clear all flags */
 595:Drivers/STM32G0xx_HAL_Driver/Src/stm32g0xx_hal_dma.c **** #if defined(DMA2)
 596:Drivers/STM32G0xx_HAL_Driver/Src/stm32g0xx_hal_dma.c ****     hdma->DmaBaseAddress->IFCR = (DMA_ISR_GIF1 << (hdma->ChannelIndex & 0x1CU));
 597:Drivers/STM32G0xx_HAL_Driver/Src/stm32g0xx_hal_dma.c **** #else
 598:Drivers/STM32G0xx_HAL_Driver/Src/stm32g0xx_hal_dma.c ****     __HAL_DMA_CLEAR_FLAG(hdma, ((DMA_FLAG_GI1) << (hdma->ChannelIndex & 0x1CU)));
 599:Drivers/STM32G0xx_HAL_Driver/Src/stm32g0xx_hal_dma.c **** #endif /* DMA2 */
 600:Drivers/STM32G0xx_HAL_Driver/Src/stm32g0xx_hal_dma.c **** 
 601:Drivers/STM32G0xx_HAL_Driver/Src/stm32g0xx_hal_dma.c ****     /* Clear the DMAMUX synchro overrun flag */
 602:Drivers/STM32G0xx_HAL_Driver/Src/stm32g0xx_hal_dma.c ****     hdma->DMAmuxChannelStatus->CFR = hdma->DMAmuxChannelStatusMask;
ARM GAS  C:\Users\sante\AppData\Local\Temp\ccY0eX5e.s 			page 12


 603:Drivers/STM32G0xx_HAL_Driver/Src/stm32g0xx_hal_dma.c **** 
 604:Drivers/STM32G0xx_HAL_Driver/Src/stm32g0xx_hal_dma.c ****     if (hdma->DMAmuxRequestGen != 0U)
 605:Drivers/STM32G0xx_HAL_Driver/Src/stm32g0xx_hal_dma.c ****     {
 606:Drivers/STM32G0xx_HAL_Driver/Src/stm32g0xx_hal_dma.c ****       /* if using DMAMUX request generator, disable the DMAMUX request generator overrun IT*/
 607:Drivers/STM32G0xx_HAL_Driver/Src/stm32g0xx_hal_dma.c ****       /* disable the request gen overrun IT*/
 608:Drivers/STM32G0xx_HAL_Driver/Src/stm32g0xx_hal_dma.c ****       hdma->DMAmuxRequestGen->RGCR &= ~DMAMUX_RGxCR_OIE;
 609:Drivers/STM32G0xx_HAL_Driver/Src/stm32g0xx_hal_dma.c **** 
 610:Drivers/STM32G0xx_HAL_Driver/Src/stm32g0xx_hal_dma.c ****       /* Clear the DMAMUX request generator overrun flag */
 611:Drivers/STM32G0xx_HAL_Driver/Src/stm32g0xx_hal_dma.c ****       hdma->DMAmuxRequestGenStatus->RGCFR = hdma->DMAmuxRequestGenStatusMask;
 612:Drivers/STM32G0xx_HAL_Driver/Src/stm32g0xx_hal_dma.c ****     }
 613:Drivers/STM32G0xx_HAL_Driver/Src/stm32g0xx_hal_dma.c **** 
 614:Drivers/STM32G0xx_HAL_Driver/Src/stm32g0xx_hal_dma.c ****     /* Change the DMA state */
 615:Drivers/STM32G0xx_HAL_Driver/Src/stm32g0xx_hal_dma.c ****     hdma->State = HAL_DMA_STATE_READY;
 616:Drivers/STM32G0xx_HAL_Driver/Src/stm32g0xx_hal_dma.c **** 
 617:Drivers/STM32G0xx_HAL_Driver/Src/stm32g0xx_hal_dma.c ****     /* Process Unlocked */
 618:Drivers/STM32G0xx_HAL_Driver/Src/stm32g0xx_hal_dma.c ****     __HAL_UNLOCK(hdma);
 619:Drivers/STM32G0xx_HAL_Driver/Src/stm32g0xx_hal_dma.c **** 
 620:Drivers/STM32G0xx_HAL_Driver/Src/stm32g0xx_hal_dma.c ****     /* Call User Abort callback */
 621:Drivers/STM32G0xx_HAL_Driver/Src/stm32g0xx_hal_dma.c ****     if (hdma->XferAbortCallback != NULL)
 622:Drivers/STM32G0xx_HAL_Driver/Src/stm32g0xx_hal_dma.c ****     {
 623:Drivers/STM32G0xx_HAL_Driver/Src/stm32g0xx_hal_dma.c ****       hdma->XferAbortCallback(hdma);
 624:Drivers/STM32G0xx_HAL_Driver/Src/stm32g0xx_hal_dma.c ****     }
 625:Drivers/STM32G0xx_HAL_Driver/Src/stm32g0xx_hal_dma.c ****   }
 626:Drivers/STM32G0xx_HAL_Driver/Src/stm32g0xx_hal_dma.c ****   return status;
 627:Drivers/STM32G0xx_HAL_Driver/Src/stm32g0xx_hal_dma.c **** }
 628:Drivers/STM32G0xx_HAL_Driver/Src/stm32g0xx_hal_dma.c **** 
 629:Drivers/STM32G0xx_HAL_Driver/Src/stm32g0xx_hal_dma.c **** /**
 630:Drivers/STM32G0xx_HAL_Driver/Src/stm32g0xx_hal_dma.c ****   * @brief Polling for transfer complete.
 631:Drivers/STM32G0xx_HAL_Driver/Src/stm32g0xx_hal_dma.c ****   * @param hdma Pointer to a DMA_HandleTypeDef structure that contains
 632:Drivers/STM32G0xx_HAL_Driver/Src/stm32g0xx_hal_dma.c ****   *             the configuration information for the specified DMA Channel.
 633:Drivers/STM32G0xx_HAL_Driver/Src/stm32g0xx_hal_dma.c ****   * @param CompleteLevel Specifies the DMA level complete.
 634:Drivers/STM32G0xx_HAL_Driver/Src/stm32g0xx_hal_dma.c ****   * @param Timeout Timeout duration.
 635:Drivers/STM32G0xx_HAL_Driver/Src/stm32g0xx_hal_dma.c ****   * @retval HAL status
 636:Drivers/STM32G0xx_HAL_Driver/Src/stm32g0xx_hal_dma.c ****   */
 637:Drivers/STM32G0xx_HAL_Driver/Src/stm32g0xx_hal_dma.c **** HAL_StatusTypeDef HAL_DMA_PollForTransfer(DMA_HandleTypeDef *hdma, HAL_DMA_LevelCompleteTypeDef Com
 638:Drivers/STM32G0xx_HAL_Driver/Src/stm32g0xx_hal_dma.c ****                                           uint32_t Timeout)
 639:Drivers/STM32G0xx_HAL_Driver/Src/stm32g0xx_hal_dma.c **** {
 640:Drivers/STM32G0xx_HAL_Driver/Src/stm32g0xx_hal_dma.c ****   uint32_t temp;
 641:Drivers/STM32G0xx_HAL_Driver/Src/stm32g0xx_hal_dma.c ****   uint32_t tickstart;
 642:Drivers/STM32G0xx_HAL_Driver/Src/stm32g0xx_hal_dma.c **** 
 643:Drivers/STM32G0xx_HAL_Driver/Src/stm32g0xx_hal_dma.c ****   if (hdma->State != HAL_DMA_STATE_BUSY)
 644:Drivers/STM32G0xx_HAL_Driver/Src/stm32g0xx_hal_dma.c ****   {
 645:Drivers/STM32G0xx_HAL_Driver/Src/stm32g0xx_hal_dma.c ****     /* no transfer ongoing */
 646:Drivers/STM32G0xx_HAL_Driver/Src/stm32g0xx_hal_dma.c ****     hdma->ErrorCode = HAL_DMA_ERROR_NO_XFER;
 647:Drivers/STM32G0xx_HAL_Driver/Src/stm32g0xx_hal_dma.c ****     __HAL_UNLOCK(hdma);
 648:Drivers/STM32G0xx_HAL_Driver/Src/stm32g0xx_hal_dma.c ****     return HAL_ERROR;
 649:Drivers/STM32G0xx_HAL_Driver/Src/stm32g0xx_hal_dma.c ****   }
 650:Drivers/STM32G0xx_HAL_Driver/Src/stm32g0xx_hal_dma.c **** 
 651:Drivers/STM32G0xx_HAL_Driver/Src/stm32g0xx_hal_dma.c ****   /* Polling mode not supported in circular mode */
 652:Drivers/STM32G0xx_HAL_Driver/Src/stm32g0xx_hal_dma.c ****   if ((hdma->Instance->CCR & DMA_CCR_CIRC) != 0U)
 653:Drivers/STM32G0xx_HAL_Driver/Src/stm32g0xx_hal_dma.c ****   {
 654:Drivers/STM32G0xx_HAL_Driver/Src/stm32g0xx_hal_dma.c ****     hdma->ErrorCode = HAL_DMA_ERROR_NOT_SUPPORTED;
 655:Drivers/STM32G0xx_HAL_Driver/Src/stm32g0xx_hal_dma.c ****     return HAL_ERROR;
 656:Drivers/STM32G0xx_HAL_Driver/Src/stm32g0xx_hal_dma.c ****   }
 657:Drivers/STM32G0xx_HAL_Driver/Src/stm32g0xx_hal_dma.c **** 
 658:Drivers/STM32G0xx_HAL_Driver/Src/stm32g0xx_hal_dma.c ****   /* Get the level transfer complete flag */
 659:Drivers/STM32G0xx_HAL_Driver/Src/stm32g0xx_hal_dma.c ****   if (HAL_DMA_FULL_TRANSFER == CompleteLevel)
ARM GAS  C:\Users\sante\AppData\Local\Temp\ccY0eX5e.s 			page 13


 660:Drivers/STM32G0xx_HAL_Driver/Src/stm32g0xx_hal_dma.c ****   {
 661:Drivers/STM32G0xx_HAL_Driver/Src/stm32g0xx_hal_dma.c ****     /* Transfer Complete flag */
 662:Drivers/STM32G0xx_HAL_Driver/Src/stm32g0xx_hal_dma.c ****     temp = DMA_FLAG_TC1 << (hdma->ChannelIndex & 0x1CU);
 663:Drivers/STM32G0xx_HAL_Driver/Src/stm32g0xx_hal_dma.c ****   }
 664:Drivers/STM32G0xx_HAL_Driver/Src/stm32g0xx_hal_dma.c ****   else
 665:Drivers/STM32G0xx_HAL_Driver/Src/stm32g0xx_hal_dma.c ****   {
 666:Drivers/STM32G0xx_HAL_Driver/Src/stm32g0xx_hal_dma.c ****     /* Half Transfer Complete flag */
 667:Drivers/STM32G0xx_HAL_Driver/Src/stm32g0xx_hal_dma.c ****     temp = DMA_FLAG_HT1 << (hdma->ChannelIndex & 0x1CU);
 668:Drivers/STM32G0xx_HAL_Driver/Src/stm32g0xx_hal_dma.c ****   }
 669:Drivers/STM32G0xx_HAL_Driver/Src/stm32g0xx_hal_dma.c **** 
 670:Drivers/STM32G0xx_HAL_Driver/Src/stm32g0xx_hal_dma.c ****   /* Get tick */
 671:Drivers/STM32G0xx_HAL_Driver/Src/stm32g0xx_hal_dma.c ****   tickstart = HAL_GetTick();
 672:Drivers/STM32G0xx_HAL_Driver/Src/stm32g0xx_hal_dma.c **** 
 673:Drivers/STM32G0xx_HAL_Driver/Src/stm32g0xx_hal_dma.c **** #if defined(DMA2)
 674:Drivers/STM32G0xx_HAL_Driver/Src/stm32g0xx_hal_dma.c ****   while ((hdma->DmaBaseAddress->ISR & temp) == 0U)
 675:Drivers/STM32G0xx_HAL_Driver/Src/stm32g0xx_hal_dma.c ****   {
 676:Drivers/STM32G0xx_HAL_Driver/Src/stm32g0xx_hal_dma.c ****     if ((hdma->DmaBaseAddress->ISR & (DMA_FLAG_TE1 << (hdma->ChannelIndex & 0x1CU))) != 0U)
 677:Drivers/STM32G0xx_HAL_Driver/Src/stm32g0xx_hal_dma.c ****     {
 678:Drivers/STM32G0xx_HAL_Driver/Src/stm32g0xx_hal_dma.c ****       /* When a DMA transfer error occurs */
 679:Drivers/STM32G0xx_HAL_Driver/Src/stm32g0xx_hal_dma.c ****       /* A hardware clear of its EN bits is performed */
 680:Drivers/STM32G0xx_HAL_Driver/Src/stm32g0xx_hal_dma.c ****       /* Clear all flags */
 681:Drivers/STM32G0xx_HAL_Driver/Src/stm32g0xx_hal_dma.c ****       hdma->DmaBaseAddress->IFCR = (DMA_ISR_GIF1 << (hdma->ChannelIndex & 0x1CU));
 682:Drivers/STM32G0xx_HAL_Driver/Src/stm32g0xx_hal_dma.c **** 
 683:Drivers/STM32G0xx_HAL_Driver/Src/stm32g0xx_hal_dma.c ****       /* Update error code */
 684:Drivers/STM32G0xx_HAL_Driver/Src/stm32g0xx_hal_dma.c ****       hdma->ErrorCode = HAL_DMA_ERROR_TE;
 685:Drivers/STM32G0xx_HAL_Driver/Src/stm32g0xx_hal_dma.c **** 
 686:Drivers/STM32G0xx_HAL_Driver/Src/stm32g0xx_hal_dma.c ****       /* Change the DMA state */
 687:Drivers/STM32G0xx_HAL_Driver/Src/stm32g0xx_hal_dma.c ****       hdma->State = HAL_DMA_STATE_READY;
 688:Drivers/STM32G0xx_HAL_Driver/Src/stm32g0xx_hal_dma.c **** 
 689:Drivers/STM32G0xx_HAL_Driver/Src/stm32g0xx_hal_dma.c ****       /* Process Unlocked */
 690:Drivers/STM32G0xx_HAL_Driver/Src/stm32g0xx_hal_dma.c ****       __HAL_UNLOCK(hdma);
 691:Drivers/STM32G0xx_HAL_Driver/Src/stm32g0xx_hal_dma.c **** 
 692:Drivers/STM32G0xx_HAL_Driver/Src/stm32g0xx_hal_dma.c ****       return HAL_ERROR;
 693:Drivers/STM32G0xx_HAL_Driver/Src/stm32g0xx_hal_dma.c ****     }
 694:Drivers/STM32G0xx_HAL_Driver/Src/stm32g0xx_hal_dma.c **** #else
 695:Drivers/STM32G0xx_HAL_Driver/Src/stm32g0xx_hal_dma.c ****   while (0U == __HAL_DMA_GET_FLAG(hdma, temp))
 696:Drivers/STM32G0xx_HAL_Driver/Src/stm32g0xx_hal_dma.c ****   {
 697:Drivers/STM32G0xx_HAL_Driver/Src/stm32g0xx_hal_dma.c ****     if (0U != __HAL_DMA_GET_FLAG(hdma, (DMA_FLAG_TE1 << (hdma->ChannelIndex & 0x1CU))))
 698:Drivers/STM32G0xx_HAL_Driver/Src/stm32g0xx_hal_dma.c ****     {
 699:Drivers/STM32G0xx_HAL_Driver/Src/stm32g0xx_hal_dma.c ****       /* When a DMA transfer error occurs */
 700:Drivers/STM32G0xx_HAL_Driver/Src/stm32g0xx_hal_dma.c ****       /* A hardware clear of its EN bits is performed */
 701:Drivers/STM32G0xx_HAL_Driver/Src/stm32g0xx_hal_dma.c ****       /* Clear all flags */
 702:Drivers/STM32G0xx_HAL_Driver/Src/stm32g0xx_hal_dma.c ****       __HAL_DMA_CLEAR_FLAG(hdma, ((DMA_FLAG_GI1) << (hdma->ChannelIndex & 0x1CU)));
 703:Drivers/STM32G0xx_HAL_Driver/Src/stm32g0xx_hal_dma.c **** 
 704:Drivers/STM32G0xx_HAL_Driver/Src/stm32g0xx_hal_dma.c ****       /* Update error code */
 705:Drivers/STM32G0xx_HAL_Driver/Src/stm32g0xx_hal_dma.c ****       hdma->ErrorCode = HAL_DMA_ERROR_TE;
 706:Drivers/STM32G0xx_HAL_Driver/Src/stm32g0xx_hal_dma.c **** 
 707:Drivers/STM32G0xx_HAL_Driver/Src/stm32g0xx_hal_dma.c ****       /* Change the DMA state */
 708:Drivers/STM32G0xx_HAL_Driver/Src/stm32g0xx_hal_dma.c ****       hdma->State = HAL_DMA_STATE_READY;
 709:Drivers/STM32G0xx_HAL_Driver/Src/stm32g0xx_hal_dma.c **** 
 710:Drivers/STM32G0xx_HAL_Driver/Src/stm32g0xx_hal_dma.c ****       /* Process Unlocked */
 711:Drivers/STM32G0xx_HAL_Driver/Src/stm32g0xx_hal_dma.c ****       __HAL_UNLOCK(hdma);
 712:Drivers/STM32G0xx_HAL_Driver/Src/stm32g0xx_hal_dma.c **** 
 713:Drivers/STM32G0xx_HAL_Driver/Src/stm32g0xx_hal_dma.c ****       return HAL_ERROR;
 714:Drivers/STM32G0xx_HAL_Driver/Src/stm32g0xx_hal_dma.c ****     }
 715:Drivers/STM32G0xx_HAL_Driver/Src/stm32g0xx_hal_dma.c **** #endif /* DMA2 */
 716:Drivers/STM32G0xx_HAL_Driver/Src/stm32g0xx_hal_dma.c ****     /* Check for the Timeout */
ARM GAS  C:\Users\sante\AppData\Local\Temp\ccY0eX5e.s 			page 14


 717:Drivers/STM32G0xx_HAL_Driver/Src/stm32g0xx_hal_dma.c ****     if (Timeout != HAL_MAX_DELAY)
 718:Drivers/STM32G0xx_HAL_Driver/Src/stm32g0xx_hal_dma.c ****     {
 719:Drivers/STM32G0xx_HAL_Driver/Src/stm32g0xx_hal_dma.c ****       if (((HAL_GetTick() - tickstart) > Timeout) || (Timeout == 0U))
 720:Drivers/STM32G0xx_HAL_Driver/Src/stm32g0xx_hal_dma.c ****       {
 721:Drivers/STM32G0xx_HAL_Driver/Src/stm32g0xx_hal_dma.c ****         /* Update error code */
 722:Drivers/STM32G0xx_HAL_Driver/Src/stm32g0xx_hal_dma.c ****         hdma->ErrorCode = HAL_DMA_ERROR_TIMEOUT;
 723:Drivers/STM32G0xx_HAL_Driver/Src/stm32g0xx_hal_dma.c **** 
 724:Drivers/STM32G0xx_HAL_Driver/Src/stm32g0xx_hal_dma.c ****         /* Change the DMA state */
 725:Drivers/STM32G0xx_HAL_Driver/Src/stm32g0xx_hal_dma.c ****         hdma->State = HAL_DMA_STATE_READY;
 726:Drivers/STM32G0xx_HAL_Driver/Src/stm32g0xx_hal_dma.c **** 
 727:Drivers/STM32G0xx_HAL_Driver/Src/stm32g0xx_hal_dma.c ****         /* Process Unlocked */
 728:Drivers/STM32G0xx_HAL_Driver/Src/stm32g0xx_hal_dma.c ****         __HAL_UNLOCK(hdma);
 729:Drivers/STM32G0xx_HAL_Driver/Src/stm32g0xx_hal_dma.c **** 
 730:Drivers/STM32G0xx_HAL_Driver/Src/stm32g0xx_hal_dma.c ****         return HAL_ERROR;
 731:Drivers/STM32G0xx_HAL_Driver/Src/stm32g0xx_hal_dma.c ****       }
 732:Drivers/STM32G0xx_HAL_Driver/Src/stm32g0xx_hal_dma.c ****     }
 733:Drivers/STM32G0xx_HAL_Driver/Src/stm32g0xx_hal_dma.c ****   }
 734:Drivers/STM32G0xx_HAL_Driver/Src/stm32g0xx_hal_dma.c **** 
 735:Drivers/STM32G0xx_HAL_Driver/Src/stm32g0xx_hal_dma.c ****   /*Check for DMAMUX Request generator (if used) overrun status */
 736:Drivers/STM32G0xx_HAL_Driver/Src/stm32g0xx_hal_dma.c ****   if (hdma->DMAmuxRequestGen != 0U)
 737:Drivers/STM32G0xx_HAL_Driver/Src/stm32g0xx_hal_dma.c ****   {
 738:Drivers/STM32G0xx_HAL_Driver/Src/stm32g0xx_hal_dma.c ****     /* if using DMAMUX request generator Check for DMAMUX request generator overrun */
 739:Drivers/STM32G0xx_HAL_Driver/Src/stm32g0xx_hal_dma.c ****     if ((hdma->DMAmuxRequestGenStatus->RGSR & hdma->DMAmuxRequestGenStatusMask) != 0U)
 740:Drivers/STM32G0xx_HAL_Driver/Src/stm32g0xx_hal_dma.c ****     {
 741:Drivers/STM32G0xx_HAL_Driver/Src/stm32g0xx_hal_dma.c ****       /* Disable the request gen overrun interrupt */
 742:Drivers/STM32G0xx_HAL_Driver/Src/stm32g0xx_hal_dma.c ****       hdma->DMAmuxRequestGen->RGCR |= DMAMUX_RGxCR_OIE;
 743:Drivers/STM32G0xx_HAL_Driver/Src/stm32g0xx_hal_dma.c **** 
 744:Drivers/STM32G0xx_HAL_Driver/Src/stm32g0xx_hal_dma.c ****       /* Clear the DMAMUX request generator overrun flag */
 745:Drivers/STM32G0xx_HAL_Driver/Src/stm32g0xx_hal_dma.c ****       hdma->DMAmuxRequestGenStatus->RGCFR = hdma->DMAmuxRequestGenStatusMask;
 746:Drivers/STM32G0xx_HAL_Driver/Src/stm32g0xx_hal_dma.c **** 
 747:Drivers/STM32G0xx_HAL_Driver/Src/stm32g0xx_hal_dma.c ****       /* Update error code */
 748:Drivers/STM32G0xx_HAL_Driver/Src/stm32g0xx_hal_dma.c ****       hdma->ErrorCode |= HAL_DMA_ERROR_REQGEN;
 749:Drivers/STM32G0xx_HAL_Driver/Src/stm32g0xx_hal_dma.c ****     }
 750:Drivers/STM32G0xx_HAL_Driver/Src/stm32g0xx_hal_dma.c ****   }
 751:Drivers/STM32G0xx_HAL_Driver/Src/stm32g0xx_hal_dma.c **** 
 752:Drivers/STM32G0xx_HAL_Driver/Src/stm32g0xx_hal_dma.c ****   /* Check for DMAMUX Synchronization overrun */
 753:Drivers/STM32G0xx_HAL_Driver/Src/stm32g0xx_hal_dma.c ****   if ((hdma->DMAmuxChannelStatus->CSR & hdma->DMAmuxChannelStatusMask) != 0U)
 754:Drivers/STM32G0xx_HAL_Driver/Src/stm32g0xx_hal_dma.c ****   {
 755:Drivers/STM32G0xx_HAL_Driver/Src/stm32g0xx_hal_dma.c ****     /* Clear the DMAMUX synchro overrun flag */
 756:Drivers/STM32G0xx_HAL_Driver/Src/stm32g0xx_hal_dma.c ****     hdma->DMAmuxChannelStatus->CFR = hdma->DMAmuxChannelStatusMask;
 757:Drivers/STM32G0xx_HAL_Driver/Src/stm32g0xx_hal_dma.c **** 
 758:Drivers/STM32G0xx_HAL_Driver/Src/stm32g0xx_hal_dma.c ****     /* Update error code */
 759:Drivers/STM32G0xx_HAL_Driver/Src/stm32g0xx_hal_dma.c ****     hdma->ErrorCode |= HAL_DMA_ERROR_SYNC;
 760:Drivers/STM32G0xx_HAL_Driver/Src/stm32g0xx_hal_dma.c ****   }
 761:Drivers/STM32G0xx_HAL_Driver/Src/stm32g0xx_hal_dma.c **** 
 762:Drivers/STM32G0xx_HAL_Driver/Src/stm32g0xx_hal_dma.c ****   if (HAL_DMA_FULL_TRANSFER == CompleteLevel)
 763:Drivers/STM32G0xx_HAL_Driver/Src/stm32g0xx_hal_dma.c ****   {
 764:Drivers/STM32G0xx_HAL_Driver/Src/stm32g0xx_hal_dma.c ****     /* Clear the transfer complete flag */
 765:Drivers/STM32G0xx_HAL_Driver/Src/stm32g0xx_hal_dma.c **** #if defined(DMA2)
 766:Drivers/STM32G0xx_HAL_Driver/Src/stm32g0xx_hal_dma.c ****     hdma->DmaBaseAddress->IFCR = (DMA_FLAG_TC1 << (hdma->ChannelIndex & 0x1CU));
 767:Drivers/STM32G0xx_HAL_Driver/Src/stm32g0xx_hal_dma.c **** #else
 768:Drivers/STM32G0xx_HAL_Driver/Src/stm32g0xx_hal_dma.c ****     __HAL_DMA_CLEAR_FLAG(hdma, (DMA_FLAG_TC1 << (hdma->ChannelIndex & 0x1CU)));
 769:Drivers/STM32G0xx_HAL_Driver/Src/stm32g0xx_hal_dma.c **** #endif /* DMA2 */
 770:Drivers/STM32G0xx_HAL_Driver/Src/stm32g0xx_hal_dma.c **** 
 771:Drivers/STM32G0xx_HAL_Driver/Src/stm32g0xx_hal_dma.c ****     /* Process unlocked */
 772:Drivers/STM32G0xx_HAL_Driver/Src/stm32g0xx_hal_dma.c ****     __HAL_UNLOCK(hdma);
 773:Drivers/STM32G0xx_HAL_Driver/Src/stm32g0xx_hal_dma.c **** 
ARM GAS  C:\Users\sante\AppData\Local\Temp\ccY0eX5e.s 			page 15


 774:Drivers/STM32G0xx_HAL_Driver/Src/stm32g0xx_hal_dma.c ****     /* The selected Channelx EN bit is cleared (DMA is disabled and
 775:Drivers/STM32G0xx_HAL_Driver/Src/stm32g0xx_hal_dma.c ****     all transfers are complete) */
 776:Drivers/STM32G0xx_HAL_Driver/Src/stm32g0xx_hal_dma.c ****     hdma->State = HAL_DMA_STATE_READY;
 777:Drivers/STM32G0xx_HAL_Driver/Src/stm32g0xx_hal_dma.c ****   }
 778:Drivers/STM32G0xx_HAL_Driver/Src/stm32g0xx_hal_dma.c ****   else
 779:Drivers/STM32G0xx_HAL_Driver/Src/stm32g0xx_hal_dma.c ****   {
 780:Drivers/STM32G0xx_HAL_Driver/Src/stm32g0xx_hal_dma.c ****     /* Clear the half transfer complete flag */
 781:Drivers/STM32G0xx_HAL_Driver/Src/stm32g0xx_hal_dma.c **** #if defined(DMA2)
 782:Drivers/STM32G0xx_HAL_Driver/Src/stm32g0xx_hal_dma.c ****     hdma->DmaBaseAddress->IFCR = (DMA_FLAG_HT1 << (hdma->ChannelIndex & 0x1CU));
 783:Drivers/STM32G0xx_HAL_Driver/Src/stm32g0xx_hal_dma.c **** #else
 784:Drivers/STM32G0xx_HAL_Driver/Src/stm32g0xx_hal_dma.c ****     __HAL_DMA_CLEAR_FLAG(hdma, (DMA_FLAG_HT1 << (hdma->ChannelIndex & 0x1CU)));
 785:Drivers/STM32G0xx_HAL_Driver/Src/stm32g0xx_hal_dma.c **** #endif /* DMA2 */
 786:Drivers/STM32G0xx_HAL_Driver/Src/stm32g0xx_hal_dma.c ****   }
 787:Drivers/STM32G0xx_HAL_Driver/Src/stm32g0xx_hal_dma.c **** 
 788:Drivers/STM32G0xx_HAL_Driver/Src/stm32g0xx_hal_dma.c ****   return HAL_OK;
 789:Drivers/STM32G0xx_HAL_Driver/Src/stm32g0xx_hal_dma.c **** }
 790:Drivers/STM32G0xx_HAL_Driver/Src/stm32g0xx_hal_dma.c **** 
 791:Drivers/STM32G0xx_HAL_Driver/Src/stm32g0xx_hal_dma.c **** /**
 792:Drivers/STM32G0xx_HAL_Driver/Src/stm32g0xx_hal_dma.c ****   * @brief Handle DMA interrupt request.
 793:Drivers/STM32G0xx_HAL_Driver/Src/stm32g0xx_hal_dma.c ****   * @param hdma Pointer to a DMA_HandleTypeDef structure that contains
 794:Drivers/STM32G0xx_HAL_Driver/Src/stm32g0xx_hal_dma.c ****   *             the configuration information for the specified DMA Channel.
 795:Drivers/STM32G0xx_HAL_Driver/Src/stm32g0xx_hal_dma.c ****   * @retval None
 796:Drivers/STM32G0xx_HAL_Driver/Src/stm32g0xx_hal_dma.c ****   */
 797:Drivers/STM32G0xx_HAL_Driver/Src/stm32g0xx_hal_dma.c **** void HAL_DMA_IRQHandler(DMA_HandleTypeDef *hdma)
 798:Drivers/STM32G0xx_HAL_Driver/Src/stm32g0xx_hal_dma.c **** {
 799:Drivers/STM32G0xx_HAL_Driver/Src/stm32g0xx_hal_dma.c **** #if defined(DMA2)
 800:Drivers/STM32G0xx_HAL_Driver/Src/stm32g0xx_hal_dma.c ****   uint32_t flag_it = hdma->DmaBaseAddress->ISR;
 801:Drivers/STM32G0xx_HAL_Driver/Src/stm32g0xx_hal_dma.c **** #else
 802:Drivers/STM32G0xx_HAL_Driver/Src/stm32g0xx_hal_dma.c ****   uint32_t flag_it = DMA1->ISR;
 803:Drivers/STM32G0xx_HAL_Driver/Src/stm32g0xx_hal_dma.c **** #endif /* DMA2 */
 804:Drivers/STM32G0xx_HAL_Driver/Src/stm32g0xx_hal_dma.c ****   uint32_t source_it = hdma->Instance->CCR;
 805:Drivers/STM32G0xx_HAL_Driver/Src/stm32g0xx_hal_dma.c **** 
 806:Drivers/STM32G0xx_HAL_Driver/Src/stm32g0xx_hal_dma.c ****   /* Half Transfer Complete Interrupt management ******************************/
 807:Drivers/STM32G0xx_HAL_Driver/Src/stm32g0xx_hal_dma.c ****   if (((flag_it & (DMA_FLAG_HT1 << (hdma->ChannelIndex & 0x1CU))) != 0U) && ((source_it & DMA_IT_HT
 808:Drivers/STM32G0xx_HAL_Driver/Src/stm32g0xx_hal_dma.c ****   {
 809:Drivers/STM32G0xx_HAL_Driver/Src/stm32g0xx_hal_dma.c ****       /* Disable the half transfer interrupt if the DMA mode is not CIRCULAR */
 810:Drivers/STM32G0xx_HAL_Driver/Src/stm32g0xx_hal_dma.c ****       if ((hdma->Instance->CCR & DMA_CCR_CIRC) == 0U)
 811:Drivers/STM32G0xx_HAL_Driver/Src/stm32g0xx_hal_dma.c ****       {
 812:Drivers/STM32G0xx_HAL_Driver/Src/stm32g0xx_hal_dma.c ****         /* Disable the half transfer interrupt */
 813:Drivers/STM32G0xx_HAL_Driver/Src/stm32g0xx_hal_dma.c ****         __HAL_DMA_DISABLE_IT(hdma, DMA_IT_HT);
 814:Drivers/STM32G0xx_HAL_Driver/Src/stm32g0xx_hal_dma.c ****       }
 815:Drivers/STM32G0xx_HAL_Driver/Src/stm32g0xx_hal_dma.c ****       /* Clear the half transfer complete flag */
 816:Drivers/STM32G0xx_HAL_Driver/Src/stm32g0xx_hal_dma.c **** #if defined(DMA2)
 817:Drivers/STM32G0xx_HAL_Driver/Src/stm32g0xx_hal_dma.c ****       hdma->DmaBaseAddress->IFCR = DMA_ISR_HTIF1 << (hdma->ChannelIndex & 0x1CU);
 818:Drivers/STM32G0xx_HAL_Driver/Src/stm32g0xx_hal_dma.c **** #else
 819:Drivers/STM32G0xx_HAL_Driver/Src/stm32g0xx_hal_dma.c ****       __HAL_DMA_CLEAR_FLAG(hdma, (DMA_FLAG_HT1 << (hdma->ChannelIndex & 0x1CU)));
 820:Drivers/STM32G0xx_HAL_Driver/Src/stm32g0xx_hal_dma.c **** #endif /* DMA2 */
 821:Drivers/STM32G0xx_HAL_Driver/Src/stm32g0xx_hal_dma.c **** 
 822:Drivers/STM32G0xx_HAL_Driver/Src/stm32g0xx_hal_dma.c ****       /* DMA peripheral state is not updated in Half Transfer */
 823:Drivers/STM32G0xx_HAL_Driver/Src/stm32g0xx_hal_dma.c ****       /* but in Transfer Complete case */
 824:Drivers/STM32G0xx_HAL_Driver/Src/stm32g0xx_hal_dma.c **** 
 825:Drivers/STM32G0xx_HAL_Driver/Src/stm32g0xx_hal_dma.c ****       if (hdma->XferHalfCpltCallback != NULL)
 826:Drivers/STM32G0xx_HAL_Driver/Src/stm32g0xx_hal_dma.c ****       {
 827:Drivers/STM32G0xx_HAL_Driver/Src/stm32g0xx_hal_dma.c ****         /* Half transfer callback */
 828:Drivers/STM32G0xx_HAL_Driver/Src/stm32g0xx_hal_dma.c ****         hdma->XferHalfCpltCallback(hdma);
 829:Drivers/STM32G0xx_HAL_Driver/Src/stm32g0xx_hal_dma.c ****       }
 830:Drivers/STM32G0xx_HAL_Driver/Src/stm32g0xx_hal_dma.c ****   }
ARM GAS  C:\Users\sante\AppData\Local\Temp\ccY0eX5e.s 			page 16


 831:Drivers/STM32G0xx_HAL_Driver/Src/stm32g0xx_hal_dma.c **** 
 832:Drivers/STM32G0xx_HAL_Driver/Src/stm32g0xx_hal_dma.c ****   /* Transfer Complete Interrupt management ***********************************/
 833:Drivers/STM32G0xx_HAL_Driver/Src/stm32g0xx_hal_dma.c ****   else if ((0U != (flag_it & (DMA_FLAG_TC1 << (hdma->ChannelIndex & 0x1CU)))) && (0U != (source_it 
 834:Drivers/STM32G0xx_HAL_Driver/Src/stm32g0xx_hal_dma.c ****   {
 835:Drivers/STM32G0xx_HAL_Driver/Src/stm32g0xx_hal_dma.c ****       if ((hdma->Instance->CCR & DMA_CCR_CIRC) == 0U)
 836:Drivers/STM32G0xx_HAL_Driver/Src/stm32g0xx_hal_dma.c ****       {
 837:Drivers/STM32G0xx_HAL_Driver/Src/stm32g0xx_hal_dma.c ****         /* Disable the transfer complete and error interrupt */
 838:Drivers/STM32G0xx_HAL_Driver/Src/stm32g0xx_hal_dma.c ****         __HAL_DMA_DISABLE_IT(hdma, DMA_IT_TE | DMA_IT_TC);
 839:Drivers/STM32G0xx_HAL_Driver/Src/stm32g0xx_hal_dma.c **** 
 840:Drivers/STM32G0xx_HAL_Driver/Src/stm32g0xx_hal_dma.c ****         /* Change the DMA state */
 841:Drivers/STM32G0xx_HAL_Driver/Src/stm32g0xx_hal_dma.c ****         hdma->State = HAL_DMA_STATE_READY;
 842:Drivers/STM32G0xx_HAL_Driver/Src/stm32g0xx_hal_dma.c ****       }
 843:Drivers/STM32G0xx_HAL_Driver/Src/stm32g0xx_hal_dma.c ****       /* Clear the transfer complete flag */
 844:Drivers/STM32G0xx_HAL_Driver/Src/stm32g0xx_hal_dma.c ****       __HAL_DMA_CLEAR_FLAG(hdma, (DMA_FLAG_TC1 << (hdma->ChannelIndex & 0x1CU)));
 845:Drivers/STM32G0xx_HAL_Driver/Src/stm32g0xx_hal_dma.c **** 
 846:Drivers/STM32G0xx_HAL_Driver/Src/stm32g0xx_hal_dma.c ****       /* Process Unlocked */
 847:Drivers/STM32G0xx_HAL_Driver/Src/stm32g0xx_hal_dma.c ****       __HAL_UNLOCK(hdma);
 848:Drivers/STM32G0xx_HAL_Driver/Src/stm32g0xx_hal_dma.c **** 
 849:Drivers/STM32G0xx_HAL_Driver/Src/stm32g0xx_hal_dma.c ****       if (hdma->XferCpltCallback != NULL)
 850:Drivers/STM32G0xx_HAL_Driver/Src/stm32g0xx_hal_dma.c ****       {
 851:Drivers/STM32G0xx_HAL_Driver/Src/stm32g0xx_hal_dma.c ****         /* Transfer complete callback */
 852:Drivers/STM32G0xx_HAL_Driver/Src/stm32g0xx_hal_dma.c ****         hdma->XferCpltCallback(hdma);
 853:Drivers/STM32G0xx_HAL_Driver/Src/stm32g0xx_hal_dma.c ****       }
 854:Drivers/STM32G0xx_HAL_Driver/Src/stm32g0xx_hal_dma.c ****   }
 855:Drivers/STM32G0xx_HAL_Driver/Src/stm32g0xx_hal_dma.c **** 
 856:Drivers/STM32G0xx_HAL_Driver/Src/stm32g0xx_hal_dma.c ****   /* Transfer Error Interrupt management **************************************/
 857:Drivers/STM32G0xx_HAL_Driver/Src/stm32g0xx_hal_dma.c ****   else if (((flag_it & (DMA_FLAG_TE1 << (hdma->ChannelIndex & 0x1CU))) != 0U) && ((source_it & DMA_
 858:Drivers/STM32G0xx_HAL_Driver/Src/stm32g0xx_hal_dma.c ****   {
 859:Drivers/STM32G0xx_HAL_Driver/Src/stm32g0xx_hal_dma.c ****     /* When a DMA transfer error occurs */
 860:Drivers/STM32G0xx_HAL_Driver/Src/stm32g0xx_hal_dma.c ****     /* A hardware clear of its EN bits is performed */
 861:Drivers/STM32G0xx_HAL_Driver/Src/stm32g0xx_hal_dma.c ****     /* Disable ALL DMA IT */
 862:Drivers/STM32G0xx_HAL_Driver/Src/stm32g0xx_hal_dma.c ****     __HAL_DMA_DISABLE_IT(hdma, (DMA_IT_TC | DMA_IT_HT | DMA_IT_TE));
 863:Drivers/STM32G0xx_HAL_Driver/Src/stm32g0xx_hal_dma.c **** 
 864:Drivers/STM32G0xx_HAL_Driver/Src/stm32g0xx_hal_dma.c ****     /* Clear all flags */
 865:Drivers/STM32G0xx_HAL_Driver/Src/stm32g0xx_hal_dma.c **** #if defined(DMA2)
 866:Drivers/STM32G0xx_HAL_Driver/Src/stm32g0xx_hal_dma.c ****     hdma->DmaBaseAddress->IFCR = (DMA_ISR_GIF1 << (hdma->ChannelIndex & 0x1CU));
 867:Drivers/STM32G0xx_HAL_Driver/Src/stm32g0xx_hal_dma.c **** #else
 868:Drivers/STM32G0xx_HAL_Driver/Src/stm32g0xx_hal_dma.c ****     __HAL_DMA_CLEAR_FLAG(hdma, (DMA_FLAG_GI1 << (hdma->ChannelIndex & 0x1CU)));
 869:Drivers/STM32G0xx_HAL_Driver/Src/stm32g0xx_hal_dma.c **** #endif /* DMA2 */
 870:Drivers/STM32G0xx_HAL_Driver/Src/stm32g0xx_hal_dma.c **** 
 871:Drivers/STM32G0xx_HAL_Driver/Src/stm32g0xx_hal_dma.c ****     /* Update error code */
 872:Drivers/STM32G0xx_HAL_Driver/Src/stm32g0xx_hal_dma.c ****     hdma->ErrorCode = HAL_DMA_ERROR_TE;
 873:Drivers/STM32G0xx_HAL_Driver/Src/stm32g0xx_hal_dma.c **** 
 874:Drivers/STM32G0xx_HAL_Driver/Src/stm32g0xx_hal_dma.c ****     /* Change the DMA state */
 875:Drivers/STM32G0xx_HAL_Driver/Src/stm32g0xx_hal_dma.c ****     hdma->State = HAL_DMA_STATE_READY;
 876:Drivers/STM32G0xx_HAL_Driver/Src/stm32g0xx_hal_dma.c **** 
 877:Drivers/STM32G0xx_HAL_Driver/Src/stm32g0xx_hal_dma.c ****     /* Process Unlocked */
 878:Drivers/STM32G0xx_HAL_Driver/Src/stm32g0xx_hal_dma.c ****     __HAL_UNLOCK(hdma);
 879:Drivers/STM32G0xx_HAL_Driver/Src/stm32g0xx_hal_dma.c **** 
 880:Drivers/STM32G0xx_HAL_Driver/Src/stm32g0xx_hal_dma.c ****     if (hdma->XferErrorCallback != NULL)
 881:Drivers/STM32G0xx_HAL_Driver/Src/stm32g0xx_hal_dma.c ****     {
 882:Drivers/STM32G0xx_HAL_Driver/Src/stm32g0xx_hal_dma.c ****       /* Transfer error callback */
 883:Drivers/STM32G0xx_HAL_Driver/Src/stm32g0xx_hal_dma.c ****       hdma->XferErrorCallback(hdma);
 884:Drivers/STM32G0xx_HAL_Driver/Src/stm32g0xx_hal_dma.c ****     }
 885:Drivers/STM32G0xx_HAL_Driver/Src/stm32g0xx_hal_dma.c ****   }
 886:Drivers/STM32G0xx_HAL_Driver/Src/stm32g0xx_hal_dma.c ****   else
 887:Drivers/STM32G0xx_HAL_Driver/Src/stm32g0xx_hal_dma.c ****   {
ARM GAS  C:\Users\sante\AppData\Local\Temp\ccY0eX5e.s 			page 17


 888:Drivers/STM32G0xx_HAL_Driver/Src/stm32g0xx_hal_dma.c ****     /* Nothing To Do */
 889:Drivers/STM32G0xx_HAL_Driver/Src/stm32g0xx_hal_dma.c ****   }
 890:Drivers/STM32G0xx_HAL_Driver/Src/stm32g0xx_hal_dma.c ****   return;
 891:Drivers/STM32G0xx_HAL_Driver/Src/stm32g0xx_hal_dma.c **** }
 892:Drivers/STM32G0xx_HAL_Driver/Src/stm32g0xx_hal_dma.c **** 
 893:Drivers/STM32G0xx_HAL_Driver/Src/stm32g0xx_hal_dma.c **** /**
 894:Drivers/STM32G0xx_HAL_Driver/Src/stm32g0xx_hal_dma.c ****   * @brief Register callbacks
 895:Drivers/STM32G0xx_HAL_Driver/Src/stm32g0xx_hal_dma.c ****   * @param hdma Pointer to a DMA_HandleTypeDef structure that contains
 896:Drivers/STM32G0xx_HAL_Driver/Src/stm32g0xx_hal_dma.c ****   *             the configuration information for the specified DMA Channel.
 897:Drivers/STM32G0xx_HAL_Driver/Src/stm32g0xx_hal_dma.c ****   * @param CallbackID User Callback identifier
 898:Drivers/STM32G0xx_HAL_Driver/Src/stm32g0xx_hal_dma.c ****   *                   a HAL_DMA_CallbackIDTypeDef ENUM as parameter.
 899:Drivers/STM32G0xx_HAL_Driver/Src/stm32g0xx_hal_dma.c ****   * @param pCallback Pointer to private callback function which has pointer to
 900:Drivers/STM32G0xx_HAL_Driver/Src/stm32g0xx_hal_dma.c ****   *                  a DMA_HandleTypeDef structure as parameter.
 901:Drivers/STM32G0xx_HAL_Driver/Src/stm32g0xx_hal_dma.c ****   * @retval HAL status
 902:Drivers/STM32G0xx_HAL_Driver/Src/stm32g0xx_hal_dma.c ****   */
 903:Drivers/STM32G0xx_HAL_Driver/Src/stm32g0xx_hal_dma.c **** HAL_StatusTypeDef HAL_DMA_RegisterCallback(DMA_HandleTypeDef *hdma, HAL_DMA_CallbackIDTypeDef Callb
 904:Drivers/STM32G0xx_HAL_Driver/Src/stm32g0xx_hal_dma.c **** {
 905:Drivers/STM32G0xx_HAL_Driver/Src/stm32g0xx_hal_dma.c ****   HAL_StatusTypeDef status = HAL_OK;
 906:Drivers/STM32G0xx_HAL_Driver/Src/stm32g0xx_hal_dma.c **** 
 907:Drivers/STM32G0xx_HAL_Driver/Src/stm32g0xx_hal_dma.c ****   /* Process locked */
 908:Drivers/STM32G0xx_HAL_Driver/Src/stm32g0xx_hal_dma.c ****   __HAL_LOCK(hdma);
 909:Drivers/STM32G0xx_HAL_Driver/Src/stm32g0xx_hal_dma.c **** 
 910:Drivers/STM32G0xx_HAL_Driver/Src/stm32g0xx_hal_dma.c ****   if (hdma->State == HAL_DMA_STATE_READY)
 911:Drivers/STM32G0xx_HAL_Driver/Src/stm32g0xx_hal_dma.c ****   {
 912:Drivers/STM32G0xx_HAL_Driver/Src/stm32g0xx_hal_dma.c ****     switch (CallbackID)
 913:Drivers/STM32G0xx_HAL_Driver/Src/stm32g0xx_hal_dma.c ****     {
 914:Drivers/STM32G0xx_HAL_Driver/Src/stm32g0xx_hal_dma.c ****       case  HAL_DMA_XFER_CPLT_CB_ID:
 915:Drivers/STM32G0xx_HAL_Driver/Src/stm32g0xx_hal_dma.c ****         hdma->XferCpltCallback = pCallback;
 916:Drivers/STM32G0xx_HAL_Driver/Src/stm32g0xx_hal_dma.c ****         break;
 917:Drivers/STM32G0xx_HAL_Driver/Src/stm32g0xx_hal_dma.c **** 
 918:Drivers/STM32G0xx_HAL_Driver/Src/stm32g0xx_hal_dma.c ****       case  HAL_DMA_XFER_HALFCPLT_CB_ID:
 919:Drivers/STM32G0xx_HAL_Driver/Src/stm32g0xx_hal_dma.c ****         hdma->XferHalfCpltCallback = pCallback;
 920:Drivers/STM32G0xx_HAL_Driver/Src/stm32g0xx_hal_dma.c ****         break;
 921:Drivers/STM32G0xx_HAL_Driver/Src/stm32g0xx_hal_dma.c **** 
 922:Drivers/STM32G0xx_HAL_Driver/Src/stm32g0xx_hal_dma.c ****       case  HAL_DMA_XFER_ERROR_CB_ID:
 923:Drivers/STM32G0xx_HAL_Driver/Src/stm32g0xx_hal_dma.c ****         hdma->XferErrorCallback = pCallback;
 924:Drivers/STM32G0xx_HAL_Driver/Src/stm32g0xx_hal_dma.c ****         break;
 925:Drivers/STM32G0xx_HAL_Driver/Src/stm32g0xx_hal_dma.c **** 
 926:Drivers/STM32G0xx_HAL_Driver/Src/stm32g0xx_hal_dma.c ****       case  HAL_DMA_XFER_ABORT_CB_ID:
 927:Drivers/STM32G0xx_HAL_Driver/Src/stm32g0xx_hal_dma.c ****         hdma->XferAbortCallback = pCallback;
 928:Drivers/STM32G0xx_HAL_Driver/Src/stm32g0xx_hal_dma.c ****         break;
 929:Drivers/STM32G0xx_HAL_Driver/Src/stm32g0xx_hal_dma.c **** 
 930:Drivers/STM32G0xx_HAL_Driver/Src/stm32g0xx_hal_dma.c ****       default:
 931:Drivers/STM32G0xx_HAL_Driver/Src/stm32g0xx_hal_dma.c ****         status = HAL_ERROR;
 932:Drivers/STM32G0xx_HAL_Driver/Src/stm32g0xx_hal_dma.c ****         break;
 933:Drivers/STM32G0xx_HAL_Driver/Src/stm32g0xx_hal_dma.c ****     }
 934:Drivers/STM32G0xx_HAL_Driver/Src/stm32g0xx_hal_dma.c ****   }
 935:Drivers/STM32G0xx_HAL_Driver/Src/stm32g0xx_hal_dma.c ****   else
 936:Drivers/STM32G0xx_HAL_Driver/Src/stm32g0xx_hal_dma.c ****   {
 937:Drivers/STM32G0xx_HAL_Driver/Src/stm32g0xx_hal_dma.c ****     status = HAL_ERROR;
 938:Drivers/STM32G0xx_HAL_Driver/Src/stm32g0xx_hal_dma.c ****   }
 939:Drivers/STM32G0xx_HAL_Driver/Src/stm32g0xx_hal_dma.c **** 
 940:Drivers/STM32G0xx_HAL_Driver/Src/stm32g0xx_hal_dma.c ****   /* Release Lock */
 941:Drivers/STM32G0xx_HAL_Driver/Src/stm32g0xx_hal_dma.c ****   __HAL_UNLOCK(hdma);
 942:Drivers/STM32G0xx_HAL_Driver/Src/stm32g0xx_hal_dma.c **** 
 943:Drivers/STM32G0xx_HAL_Driver/Src/stm32g0xx_hal_dma.c ****   return status;
 944:Drivers/STM32G0xx_HAL_Driver/Src/stm32g0xx_hal_dma.c **** }
ARM GAS  C:\Users\sante\AppData\Local\Temp\ccY0eX5e.s 			page 18


 945:Drivers/STM32G0xx_HAL_Driver/Src/stm32g0xx_hal_dma.c **** 
 946:Drivers/STM32G0xx_HAL_Driver/Src/stm32g0xx_hal_dma.c **** /**
 947:Drivers/STM32G0xx_HAL_Driver/Src/stm32g0xx_hal_dma.c ****   * @brief UnRegister callbacks
 948:Drivers/STM32G0xx_HAL_Driver/Src/stm32g0xx_hal_dma.c ****   * @param hdma Pointer to a DMA_HandleTypeDef structure that contains
 949:Drivers/STM32G0xx_HAL_Driver/Src/stm32g0xx_hal_dma.c ****   *             the configuration information for the specified DMA Channel.
 950:Drivers/STM32G0xx_HAL_Driver/Src/stm32g0xx_hal_dma.c ****   * @param CallbackID User Callback identifier
 951:Drivers/STM32G0xx_HAL_Driver/Src/stm32g0xx_hal_dma.c ****   *                   a HAL_DMA_CallbackIDTypeDef ENUM as parameter.
 952:Drivers/STM32G0xx_HAL_Driver/Src/stm32g0xx_hal_dma.c ****   * @retval HAL status
 953:Drivers/STM32G0xx_HAL_Driver/Src/stm32g0xx_hal_dma.c ****   */
 954:Drivers/STM32G0xx_HAL_Driver/Src/stm32g0xx_hal_dma.c **** HAL_StatusTypeDef HAL_DMA_UnRegisterCallback(DMA_HandleTypeDef *hdma, HAL_DMA_CallbackIDTypeDef Cal
 955:Drivers/STM32G0xx_HAL_Driver/Src/stm32g0xx_hal_dma.c **** {
 956:Drivers/STM32G0xx_HAL_Driver/Src/stm32g0xx_hal_dma.c ****   HAL_StatusTypeDef status = HAL_OK;
 957:Drivers/STM32G0xx_HAL_Driver/Src/stm32g0xx_hal_dma.c **** 
 958:Drivers/STM32G0xx_HAL_Driver/Src/stm32g0xx_hal_dma.c ****   /* Process locked */
 959:Drivers/STM32G0xx_HAL_Driver/Src/stm32g0xx_hal_dma.c ****   __HAL_LOCK(hdma);
 960:Drivers/STM32G0xx_HAL_Driver/Src/stm32g0xx_hal_dma.c **** 
 961:Drivers/STM32G0xx_HAL_Driver/Src/stm32g0xx_hal_dma.c ****   if (hdma->State == HAL_DMA_STATE_READY)
 962:Drivers/STM32G0xx_HAL_Driver/Src/stm32g0xx_hal_dma.c ****   {
 963:Drivers/STM32G0xx_HAL_Driver/Src/stm32g0xx_hal_dma.c ****     switch (CallbackID)
 964:Drivers/STM32G0xx_HAL_Driver/Src/stm32g0xx_hal_dma.c ****     {
 965:Drivers/STM32G0xx_HAL_Driver/Src/stm32g0xx_hal_dma.c ****       case  HAL_DMA_XFER_CPLT_CB_ID:
 966:Drivers/STM32G0xx_HAL_Driver/Src/stm32g0xx_hal_dma.c ****         hdma->XferCpltCallback = NULL;
 967:Drivers/STM32G0xx_HAL_Driver/Src/stm32g0xx_hal_dma.c ****         break;
 968:Drivers/STM32G0xx_HAL_Driver/Src/stm32g0xx_hal_dma.c **** 
 969:Drivers/STM32G0xx_HAL_Driver/Src/stm32g0xx_hal_dma.c ****       case  HAL_DMA_XFER_HALFCPLT_CB_ID:
 970:Drivers/STM32G0xx_HAL_Driver/Src/stm32g0xx_hal_dma.c ****         hdma->XferHalfCpltCallback = NULL;
 971:Drivers/STM32G0xx_HAL_Driver/Src/stm32g0xx_hal_dma.c ****         break;
 972:Drivers/STM32G0xx_HAL_Driver/Src/stm32g0xx_hal_dma.c **** 
 973:Drivers/STM32G0xx_HAL_Driver/Src/stm32g0xx_hal_dma.c ****       case  HAL_DMA_XFER_ERROR_CB_ID:
 974:Drivers/STM32G0xx_HAL_Driver/Src/stm32g0xx_hal_dma.c ****         hdma->XferErrorCallback = NULL;
 975:Drivers/STM32G0xx_HAL_Driver/Src/stm32g0xx_hal_dma.c ****         break;
 976:Drivers/STM32G0xx_HAL_Driver/Src/stm32g0xx_hal_dma.c **** 
 977:Drivers/STM32G0xx_HAL_Driver/Src/stm32g0xx_hal_dma.c ****       case  HAL_DMA_XFER_ABORT_CB_ID:
 978:Drivers/STM32G0xx_HAL_Driver/Src/stm32g0xx_hal_dma.c ****         hdma->XferAbortCallback = NULL;
 979:Drivers/STM32G0xx_HAL_Driver/Src/stm32g0xx_hal_dma.c ****         break;
 980:Drivers/STM32G0xx_HAL_Driver/Src/stm32g0xx_hal_dma.c **** 
 981:Drivers/STM32G0xx_HAL_Driver/Src/stm32g0xx_hal_dma.c ****       case   HAL_DMA_XFER_ALL_CB_ID:
 982:Drivers/STM32G0xx_HAL_Driver/Src/stm32g0xx_hal_dma.c ****         hdma->XferCpltCallback = NULL;
 983:Drivers/STM32G0xx_HAL_Driver/Src/stm32g0xx_hal_dma.c ****         hdma->XferHalfCpltCallback = NULL;
 984:Drivers/STM32G0xx_HAL_Driver/Src/stm32g0xx_hal_dma.c ****         hdma->XferErrorCallback = NULL;
 985:Drivers/STM32G0xx_HAL_Driver/Src/stm32g0xx_hal_dma.c ****         hdma->XferAbortCallback = NULL;
 986:Drivers/STM32G0xx_HAL_Driver/Src/stm32g0xx_hal_dma.c ****         break;
 987:Drivers/STM32G0xx_HAL_Driver/Src/stm32g0xx_hal_dma.c **** 
 988:Drivers/STM32G0xx_HAL_Driver/Src/stm32g0xx_hal_dma.c ****       default:
 989:Drivers/STM32G0xx_HAL_Driver/Src/stm32g0xx_hal_dma.c ****         status = HAL_ERROR;
 990:Drivers/STM32G0xx_HAL_Driver/Src/stm32g0xx_hal_dma.c ****         break;
 991:Drivers/STM32G0xx_HAL_Driver/Src/stm32g0xx_hal_dma.c ****     }
 992:Drivers/STM32G0xx_HAL_Driver/Src/stm32g0xx_hal_dma.c ****   }
 993:Drivers/STM32G0xx_HAL_Driver/Src/stm32g0xx_hal_dma.c ****   else
 994:Drivers/STM32G0xx_HAL_Driver/Src/stm32g0xx_hal_dma.c ****   {
 995:Drivers/STM32G0xx_HAL_Driver/Src/stm32g0xx_hal_dma.c ****     status = HAL_ERROR;
 996:Drivers/STM32G0xx_HAL_Driver/Src/stm32g0xx_hal_dma.c ****   }
 997:Drivers/STM32G0xx_HAL_Driver/Src/stm32g0xx_hal_dma.c **** 
 998:Drivers/STM32G0xx_HAL_Driver/Src/stm32g0xx_hal_dma.c ****   /* Release Lock */
 999:Drivers/STM32G0xx_HAL_Driver/Src/stm32g0xx_hal_dma.c ****   __HAL_UNLOCK(hdma);
1000:Drivers/STM32G0xx_HAL_Driver/Src/stm32g0xx_hal_dma.c **** 
1001:Drivers/STM32G0xx_HAL_Driver/Src/stm32g0xx_hal_dma.c ****   return status;
ARM GAS  C:\Users\sante\AppData\Local\Temp\ccY0eX5e.s 			page 19


1002:Drivers/STM32G0xx_HAL_Driver/Src/stm32g0xx_hal_dma.c **** }
1003:Drivers/STM32G0xx_HAL_Driver/Src/stm32g0xx_hal_dma.c **** 
1004:Drivers/STM32G0xx_HAL_Driver/Src/stm32g0xx_hal_dma.c **** /**
1005:Drivers/STM32G0xx_HAL_Driver/Src/stm32g0xx_hal_dma.c ****   * @}
1006:Drivers/STM32G0xx_HAL_Driver/Src/stm32g0xx_hal_dma.c ****   */
1007:Drivers/STM32G0xx_HAL_Driver/Src/stm32g0xx_hal_dma.c **** 
1008:Drivers/STM32G0xx_HAL_Driver/Src/stm32g0xx_hal_dma.c **** 
1009:Drivers/STM32G0xx_HAL_Driver/Src/stm32g0xx_hal_dma.c **** 
1010:Drivers/STM32G0xx_HAL_Driver/Src/stm32g0xx_hal_dma.c **** /** @defgroup DMA_Exported_Functions_Group3 Peripheral State and Errors functions
1011:Drivers/STM32G0xx_HAL_Driver/Src/stm32g0xx_hal_dma.c ****   *  @brief    Peripheral State and Errors functions
1012:Drivers/STM32G0xx_HAL_Driver/Src/stm32g0xx_hal_dma.c ****   *
1013:Drivers/STM32G0xx_HAL_Driver/Src/stm32g0xx_hal_dma.c **** @verbatim
1014:Drivers/STM32G0xx_HAL_Driver/Src/stm32g0xx_hal_dma.c ****  ===============================================================================
1015:Drivers/STM32G0xx_HAL_Driver/Src/stm32g0xx_hal_dma.c ****             ##### Peripheral State and Errors functions #####
1016:Drivers/STM32G0xx_HAL_Driver/Src/stm32g0xx_hal_dma.c ****  ===============================================================================
1017:Drivers/STM32G0xx_HAL_Driver/Src/stm32g0xx_hal_dma.c ****     [..]
1018:Drivers/STM32G0xx_HAL_Driver/Src/stm32g0xx_hal_dma.c ****     This subsection provides functions allowing to
1019:Drivers/STM32G0xx_HAL_Driver/Src/stm32g0xx_hal_dma.c ****       (+) Check the DMA state
1020:Drivers/STM32G0xx_HAL_Driver/Src/stm32g0xx_hal_dma.c ****       (+) Get error code
1021:Drivers/STM32G0xx_HAL_Driver/Src/stm32g0xx_hal_dma.c **** 
1022:Drivers/STM32G0xx_HAL_Driver/Src/stm32g0xx_hal_dma.c **** @endverbatim
1023:Drivers/STM32G0xx_HAL_Driver/Src/stm32g0xx_hal_dma.c ****   * @{
1024:Drivers/STM32G0xx_HAL_Driver/Src/stm32g0xx_hal_dma.c ****   */
1025:Drivers/STM32G0xx_HAL_Driver/Src/stm32g0xx_hal_dma.c **** 
1026:Drivers/STM32G0xx_HAL_Driver/Src/stm32g0xx_hal_dma.c **** /**
1027:Drivers/STM32G0xx_HAL_Driver/Src/stm32g0xx_hal_dma.c ****   * @brief Return the DMA handle state.
1028:Drivers/STM32G0xx_HAL_Driver/Src/stm32g0xx_hal_dma.c ****   * @param hdma Pointer to a DMA_HandleTypeDef structure that contains
1029:Drivers/STM32G0xx_HAL_Driver/Src/stm32g0xx_hal_dma.c ****   *             the configuration information for the specified DMA Channel.
1030:Drivers/STM32G0xx_HAL_Driver/Src/stm32g0xx_hal_dma.c ****   * @retval HAL state
1031:Drivers/STM32G0xx_HAL_Driver/Src/stm32g0xx_hal_dma.c ****   */
1032:Drivers/STM32G0xx_HAL_Driver/Src/stm32g0xx_hal_dma.c **** HAL_DMA_StateTypeDef HAL_DMA_GetState(DMA_HandleTypeDef *hdma)
1033:Drivers/STM32G0xx_HAL_Driver/Src/stm32g0xx_hal_dma.c **** {
1034:Drivers/STM32G0xx_HAL_Driver/Src/stm32g0xx_hal_dma.c ****   /* Return DMA handle state */
1035:Drivers/STM32G0xx_HAL_Driver/Src/stm32g0xx_hal_dma.c ****   return hdma->State;
1036:Drivers/STM32G0xx_HAL_Driver/Src/stm32g0xx_hal_dma.c **** }
1037:Drivers/STM32G0xx_HAL_Driver/Src/stm32g0xx_hal_dma.c **** 
1038:Drivers/STM32G0xx_HAL_Driver/Src/stm32g0xx_hal_dma.c **** /**
1039:Drivers/STM32G0xx_HAL_Driver/Src/stm32g0xx_hal_dma.c ****   * @brief Return the DMA error code.
1040:Drivers/STM32G0xx_HAL_Driver/Src/stm32g0xx_hal_dma.c ****   * @param hdma Pointer to a DMA_HandleTypeDef structure that contains
1041:Drivers/STM32G0xx_HAL_Driver/Src/stm32g0xx_hal_dma.c ****   *             the configuration information for the specified DMA Channel.
1042:Drivers/STM32G0xx_HAL_Driver/Src/stm32g0xx_hal_dma.c ****   * @retval DMA Error Code
1043:Drivers/STM32G0xx_HAL_Driver/Src/stm32g0xx_hal_dma.c ****   */
1044:Drivers/STM32G0xx_HAL_Driver/Src/stm32g0xx_hal_dma.c **** uint32_t HAL_DMA_GetError(DMA_HandleTypeDef *hdma)
1045:Drivers/STM32G0xx_HAL_Driver/Src/stm32g0xx_hal_dma.c **** {
1046:Drivers/STM32G0xx_HAL_Driver/Src/stm32g0xx_hal_dma.c ****   /* Return the DMA error code */
1047:Drivers/STM32G0xx_HAL_Driver/Src/stm32g0xx_hal_dma.c ****   return hdma->ErrorCode;
1048:Drivers/STM32G0xx_HAL_Driver/Src/stm32g0xx_hal_dma.c **** }
1049:Drivers/STM32G0xx_HAL_Driver/Src/stm32g0xx_hal_dma.c **** 
1050:Drivers/STM32G0xx_HAL_Driver/Src/stm32g0xx_hal_dma.c **** /**
1051:Drivers/STM32G0xx_HAL_Driver/Src/stm32g0xx_hal_dma.c ****   * @}
1052:Drivers/STM32G0xx_HAL_Driver/Src/stm32g0xx_hal_dma.c ****   */
1053:Drivers/STM32G0xx_HAL_Driver/Src/stm32g0xx_hal_dma.c **** 
1054:Drivers/STM32G0xx_HAL_Driver/Src/stm32g0xx_hal_dma.c **** /**
1055:Drivers/STM32G0xx_HAL_Driver/Src/stm32g0xx_hal_dma.c ****   * @}
1056:Drivers/STM32G0xx_HAL_Driver/Src/stm32g0xx_hal_dma.c ****   */
1057:Drivers/STM32G0xx_HAL_Driver/Src/stm32g0xx_hal_dma.c **** 
1058:Drivers/STM32G0xx_HAL_Driver/Src/stm32g0xx_hal_dma.c **** /** @addtogroup DMA_Private_Functions
ARM GAS  C:\Users\sante\AppData\Local\Temp\ccY0eX5e.s 			page 20


1059:Drivers/STM32G0xx_HAL_Driver/Src/stm32g0xx_hal_dma.c ****   * @{
1060:Drivers/STM32G0xx_HAL_Driver/Src/stm32g0xx_hal_dma.c ****   */
1061:Drivers/STM32G0xx_HAL_Driver/Src/stm32g0xx_hal_dma.c **** 
1062:Drivers/STM32G0xx_HAL_Driver/Src/stm32g0xx_hal_dma.c **** /**
1063:Drivers/STM32G0xx_HAL_Driver/Src/stm32g0xx_hal_dma.c ****   * @brief Sets the DMA Transfer parameter.
1064:Drivers/STM32G0xx_HAL_Driver/Src/stm32g0xx_hal_dma.c ****   * @param hdma Pointer to a DMA_HandleTypeDef structure that contains
1065:Drivers/STM32G0xx_HAL_Driver/Src/stm32g0xx_hal_dma.c ****   *             the configuration information for the specified DMA Channel.
1066:Drivers/STM32G0xx_HAL_Driver/Src/stm32g0xx_hal_dma.c ****   * @param SrcAddress The source memory Buffer address
1067:Drivers/STM32G0xx_HAL_Driver/Src/stm32g0xx_hal_dma.c ****   * @param DstAddress The destination memory Buffer address
1068:Drivers/STM32G0xx_HAL_Driver/Src/stm32g0xx_hal_dma.c ****   * @param DataLength The length of data to be transferred from source to destination
1069:Drivers/STM32G0xx_HAL_Driver/Src/stm32g0xx_hal_dma.c ****   * @retval HAL status
1070:Drivers/STM32G0xx_HAL_Driver/Src/stm32g0xx_hal_dma.c ****   */
1071:Drivers/STM32G0xx_HAL_Driver/Src/stm32g0xx_hal_dma.c **** static void DMA_SetConfig(DMA_HandleTypeDef *hdma, uint32_t SrcAddress, uint32_t DstAddress, uint32
1072:Drivers/STM32G0xx_HAL_Driver/Src/stm32g0xx_hal_dma.c **** {
  27              		.loc 1 1072 1 view -0
  28              		.cfi_startproc
  29              		@ args = 0, pretend = 0, frame = 0
  30              		@ frame_needed = 0, uses_anonymous_args = 0
  31              		.loc 1 1072 1 is_stmt 0 view .LVU1
  32 0000 70B5     		push	{r4, r5, r6, lr}
  33              		.cfi_def_cfa_offset 16
  34              		.cfi_offset 4, -16
  35              		.cfi_offset 5, -12
  36              		.cfi_offset 6, -8
  37              		.cfi_offset 14, -4
1073:Drivers/STM32G0xx_HAL_Driver/Src/stm32g0xx_hal_dma.c ****   /* Clear the DMAMUX synchro overrun flag */
1074:Drivers/STM32G0xx_HAL_Driver/Src/stm32g0xx_hal_dma.c ****   hdma->DMAmuxChannelStatus->CFR = hdma->DMAmuxChannelStatusMask;
  38              		.loc 1 1074 3 is_stmt 1 view .LVU2
  39              		.loc 1 1074 7 is_stmt 0 view .LVU3
  40 0002 C46C     		ldr	r4, [r0, #76]
  41              		.loc 1 1074 40 view .LVU4
  42 0004 056D     		ldr	r5, [r0, #80]
  43              		.loc 1 1074 34 view .LVU5
  44 0006 6560     		str	r5, [r4, #4]
1075:Drivers/STM32G0xx_HAL_Driver/Src/stm32g0xx_hal_dma.c **** 
1076:Drivers/STM32G0xx_HAL_Driver/Src/stm32g0xx_hal_dma.c ****   if (hdma->DMAmuxRequestGen != 0U)
  45              		.loc 1 1076 3 is_stmt 1 view .LVU6
  46              		.loc 1 1076 11 is_stmt 0 view .LVU7
  47 0008 446D     		ldr	r4, [r0, #84]
  48              		.loc 1 1076 6 view .LVU8
  49 000a 002C     		cmp	r4, #0
  50 000c 02D0     		beq	.L2
1077:Drivers/STM32G0xx_HAL_Driver/Src/stm32g0xx_hal_dma.c ****   {
1078:Drivers/STM32G0xx_HAL_Driver/Src/stm32g0xx_hal_dma.c ****     /* Clear the DMAMUX request generator overrun flag */
1079:Drivers/STM32G0xx_HAL_Driver/Src/stm32g0xx_hal_dma.c ****     hdma->DMAmuxRequestGenStatus->RGCFR = hdma->DMAmuxRequestGenStatusMask;
  51              		.loc 1 1079 5 is_stmt 1 view .LVU9
  52              		.loc 1 1079 9 is_stmt 0 view .LVU10
  53 000e 846D     		ldr	r4, [r0, #88]
  54              		.loc 1 1079 47 view .LVU11
  55 0010 C56D     		ldr	r5, [r0, #92]
  56              		.loc 1 1079 41 view .LVU12
  57 0012 6560     		str	r5, [r4, #4]
  58              	.L2:
1080:Drivers/STM32G0xx_HAL_Driver/Src/stm32g0xx_hal_dma.c ****   }
1081:Drivers/STM32G0xx_HAL_Driver/Src/stm32g0xx_hal_dma.c **** 
1082:Drivers/STM32G0xx_HAL_Driver/Src/stm32g0xx_hal_dma.c ****   /* Clear all flags */
1083:Drivers/STM32G0xx_HAL_Driver/Src/stm32g0xx_hal_dma.c **** #if defined(DMA2)
ARM GAS  C:\Users\sante\AppData\Local\Temp\ccY0eX5e.s 			page 21


1084:Drivers/STM32G0xx_HAL_Driver/Src/stm32g0xx_hal_dma.c ****   hdma->DmaBaseAddress->IFCR = (DMA_ISR_GIF1 << (hdma->ChannelIndex & 0x1CU));
  59              		.loc 1 1084 3 is_stmt 1 view .LVU13
  60              		.loc 1 1084 54 is_stmt 0 view .LVU14
  61 0014 446C     		ldr	r4, [r0, #68]
  62              		.loc 1 1084 69 view .LVU15
  63 0016 1C25     		movs	r5, #28
  64 0018 2540     		ands	r5, r4
  65              		.loc 1 1084 7 view .LVU16
  66 001a 066C     		ldr	r6, [r0, #64]
  67              		.loc 1 1084 46 view .LVU17
  68 001c 0124     		movs	r4, #1
  69 001e AC40     		lsls	r4, r4, r5
  70              		.loc 1 1084 30 view .LVU18
  71 0020 7460     		str	r4, [r6, #4]
1085:Drivers/STM32G0xx_HAL_Driver/Src/stm32g0xx_hal_dma.c **** #else
1086:Drivers/STM32G0xx_HAL_Driver/Src/stm32g0xx_hal_dma.c ****   __HAL_DMA_CLEAR_FLAG(hdma, (DMA_FLAG_GI1 << (hdma->ChannelIndex & 0x1CU)));
1087:Drivers/STM32G0xx_HAL_Driver/Src/stm32g0xx_hal_dma.c **** #endif /* DMA2 */
1088:Drivers/STM32G0xx_HAL_Driver/Src/stm32g0xx_hal_dma.c **** 
1089:Drivers/STM32G0xx_HAL_Driver/Src/stm32g0xx_hal_dma.c ****   /* Configure DMA Channel data length */
1090:Drivers/STM32G0xx_HAL_Driver/Src/stm32g0xx_hal_dma.c ****   hdma->Instance->CNDTR = DataLength;
  72              		.loc 1 1090 3 is_stmt 1 view .LVU19
  73              		.loc 1 1090 7 is_stmt 0 view .LVU20
  74 0022 0468     		ldr	r4, [r0]
  75              		.loc 1 1090 25 view .LVU21
  76 0024 6360     		str	r3, [r4, #4]
1091:Drivers/STM32G0xx_HAL_Driver/Src/stm32g0xx_hal_dma.c **** 
1092:Drivers/STM32G0xx_HAL_Driver/Src/stm32g0xx_hal_dma.c ****   /* Memory to Peripheral */
1093:Drivers/STM32G0xx_HAL_Driver/Src/stm32g0xx_hal_dma.c ****   if ((hdma->Init.Direction) == DMA_MEMORY_TO_PERIPH)
  77              		.loc 1 1093 3 is_stmt 1 view .LVU22
  78              		.loc 1 1093 18 is_stmt 0 view .LVU23
  79 0026 8368     		ldr	r3, [r0, #8]
  80              	.LVL1:
  81              		.loc 1 1093 6 view .LVU24
  82 0028 102B     		cmp	r3, #16
  83 002a 04D0     		beq	.L5
1094:Drivers/STM32G0xx_HAL_Driver/Src/stm32g0xx_hal_dma.c ****   {
1095:Drivers/STM32G0xx_HAL_Driver/Src/stm32g0xx_hal_dma.c ****     /* Configure DMA Channel destination address */
1096:Drivers/STM32G0xx_HAL_Driver/Src/stm32g0xx_hal_dma.c ****     hdma->Instance->CPAR = DstAddress;
1097:Drivers/STM32G0xx_HAL_Driver/Src/stm32g0xx_hal_dma.c **** 
1098:Drivers/STM32G0xx_HAL_Driver/Src/stm32g0xx_hal_dma.c ****     /* Configure DMA Channel source address */
1099:Drivers/STM32G0xx_HAL_Driver/Src/stm32g0xx_hal_dma.c ****     hdma->Instance->CMAR = SrcAddress;
1100:Drivers/STM32G0xx_HAL_Driver/Src/stm32g0xx_hal_dma.c ****   }
1101:Drivers/STM32G0xx_HAL_Driver/Src/stm32g0xx_hal_dma.c ****   /* Peripheral to Memory */
1102:Drivers/STM32G0xx_HAL_Driver/Src/stm32g0xx_hal_dma.c ****   else
1103:Drivers/STM32G0xx_HAL_Driver/Src/stm32g0xx_hal_dma.c ****   {
1104:Drivers/STM32G0xx_HAL_Driver/Src/stm32g0xx_hal_dma.c ****     /* Configure DMA Channel source address */
1105:Drivers/STM32G0xx_HAL_Driver/Src/stm32g0xx_hal_dma.c ****     hdma->Instance->CPAR = SrcAddress;
  84              		.loc 1 1105 5 is_stmt 1 view .LVU25
  85              		.loc 1 1105 9 is_stmt 0 view .LVU26
  86 002c 0368     		ldr	r3, [r0]
  87              		.loc 1 1105 26 view .LVU27
  88 002e 9960     		str	r1, [r3, #8]
  89              	.LVL2:
1106:Drivers/STM32G0xx_HAL_Driver/Src/stm32g0xx_hal_dma.c **** 
1107:Drivers/STM32G0xx_HAL_Driver/Src/stm32g0xx_hal_dma.c ****     /* Configure DMA Channel destination address */
1108:Drivers/STM32G0xx_HAL_Driver/Src/stm32g0xx_hal_dma.c ****     hdma->Instance->CMAR = DstAddress;
  90              		.loc 1 1108 5 is_stmt 1 view .LVU28
ARM GAS  C:\Users\sante\AppData\Local\Temp\ccY0eX5e.s 			page 22


  91              		.loc 1 1108 9 is_stmt 0 view .LVU29
  92 0030 0368     		ldr	r3, [r0]
  93              		.loc 1 1108 26 view .LVU30
  94 0032 DA60     		str	r2, [r3, #12]
  95              	.L1:
1109:Drivers/STM32G0xx_HAL_Driver/Src/stm32g0xx_hal_dma.c ****   }
1110:Drivers/STM32G0xx_HAL_Driver/Src/stm32g0xx_hal_dma.c **** }
  96              		.loc 1 1110 1 view .LVU31
  97              		@ sp needed
  98 0034 70BD     		pop	{r4, r5, r6, pc}
  99              	.LVL3:
 100              	.L5:
1096:Drivers/STM32G0xx_HAL_Driver/Src/stm32g0xx_hal_dma.c **** 
 101              		.loc 1 1096 5 is_stmt 1 view .LVU32
1096:Drivers/STM32G0xx_HAL_Driver/Src/stm32g0xx_hal_dma.c **** 
 102              		.loc 1 1096 9 is_stmt 0 view .LVU33
 103 0036 0368     		ldr	r3, [r0]
1096:Drivers/STM32G0xx_HAL_Driver/Src/stm32g0xx_hal_dma.c **** 
 104              		.loc 1 1096 26 view .LVU34
 105 0038 9A60     		str	r2, [r3, #8]
 106              	.LVL4:
1099:Drivers/STM32G0xx_HAL_Driver/Src/stm32g0xx_hal_dma.c ****   }
 107              		.loc 1 1099 5 is_stmt 1 view .LVU35
1099:Drivers/STM32G0xx_HAL_Driver/Src/stm32g0xx_hal_dma.c ****   }
 108              		.loc 1 1099 9 is_stmt 0 view .LVU36
 109 003a 0368     		ldr	r3, [r0]
1099:Drivers/STM32G0xx_HAL_Driver/Src/stm32g0xx_hal_dma.c ****   }
 110              		.loc 1 1099 26 view .LVU37
 111 003c D960     		str	r1, [r3, #12]
 112 003e F9E7     		b	.L1
 113              		.cfi_endproc
 114              	.LFE505:
 116              		.section	.text.DMA_CalcDMAMUXChannelBaseAndMask,"ax",%progbits
 117              		.align	1
 118              		.syntax unified
 119              		.code	16
 120              		.thumb_func
 122              	DMA_CalcDMAMUXChannelBaseAndMask:
 123              	.LVL5:
 124              	.LFB506:
1111:Drivers/STM32G0xx_HAL_Driver/Src/stm32g0xx_hal_dma.c **** 
1112:Drivers/STM32G0xx_HAL_Driver/Src/stm32g0xx_hal_dma.c **** /**
1113:Drivers/STM32G0xx_HAL_Driver/Src/stm32g0xx_hal_dma.c ****   * @brief Updates the DMA handle with the DMAMUX  channel and status mask depending on channel num
1114:Drivers/STM32G0xx_HAL_Driver/Src/stm32g0xx_hal_dma.c ****   * @param hdma Pointer to a DMA_HandleTypeDef structure that contains
1115:Drivers/STM32G0xx_HAL_Driver/Src/stm32g0xx_hal_dma.c ****   *             the configuration information for the specified DMA Channel.
1116:Drivers/STM32G0xx_HAL_Driver/Src/stm32g0xx_hal_dma.c ****   * @retval None
1117:Drivers/STM32G0xx_HAL_Driver/Src/stm32g0xx_hal_dma.c ****   */
1118:Drivers/STM32G0xx_HAL_Driver/Src/stm32g0xx_hal_dma.c **** static void DMA_CalcDMAMUXChannelBaseAndMask(DMA_HandleTypeDef *hdma)
1119:Drivers/STM32G0xx_HAL_Driver/Src/stm32g0xx_hal_dma.c **** {
 125              		.loc 1 1119 1 is_stmt 1 view -0
 126              		.cfi_startproc
 127              		@ args = 0, pretend = 0, frame = 0
 128              		@ frame_needed = 0, uses_anonymous_args = 0
 129              		.loc 1 1119 1 is_stmt 0 view .LVU39
 130 0000 10B5     		push	{r4, lr}
 131              		.cfi_def_cfa_offset 8
 132              		.cfi_offset 4, -8
ARM GAS  C:\Users\sante\AppData\Local\Temp\ccY0eX5e.s 			page 23


 133              		.cfi_offset 14, -4
 134 0002 0400     		movs	r4, r0
1120:Drivers/STM32G0xx_HAL_Driver/Src/stm32g0xx_hal_dma.c ****   uint32_t channel_number;
 135              		.loc 1 1120 3 is_stmt 1 view .LVU40
1121:Drivers/STM32G0xx_HAL_Driver/Src/stm32g0xx_hal_dma.c **** 
1122:Drivers/STM32G0xx_HAL_Driver/Src/stm32g0xx_hal_dma.c **** #if defined(DMA2)
1123:Drivers/STM32G0xx_HAL_Driver/Src/stm32g0xx_hal_dma.c ****   /* check if instance is not outside the DMA channel range */
1124:Drivers/STM32G0xx_HAL_Driver/Src/stm32g0xx_hal_dma.c ****   if ((uint32_t)hdma->Instance < (uint32_t)DMA2_Channel1)
 136              		.loc 1 1124 3 view .LVU41
 137              		.loc 1 1124 21 is_stmt 0 view .LVU42
 138 0004 0268     		ldr	r2, [r0]
 139              		.loc 1 1124 6 view .LVU43
 140 0006 144B     		ldr	r3, .L9
 141 0008 9A42     		cmp	r2, r3
 142 000a 15D8     		bhi	.L7
1125:Drivers/STM32G0xx_HAL_Driver/Src/stm32g0xx_hal_dma.c ****   {
1126:Drivers/STM32G0xx_HAL_Driver/Src/stm32g0xx_hal_dma.c ****     /* DMA1 */
1127:Drivers/STM32G0xx_HAL_Driver/Src/stm32g0xx_hal_dma.c ****     /* Associate a DMA Channel to a DMAMUX channel */
1128:Drivers/STM32G0xx_HAL_Driver/Src/stm32g0xx_hal_dma.c ****     hdma->DMAmuxChannel = (DMAMUX1_Channel0 + (hdma->ChannelIndex >> 2U));
 143              		.loc 1 1128 5 is_stmt 1 view .LVU44
 144              		.loc 1 1128 52 is_stmt 0 view .LVU45
 145 000c 436C     		ldr	r3, [r0, #68]
 146              		.loc 1 1128 67 view .LVU46
 147 000e 9B08     		lsrs	r3, r3, #2
 148              		.loc 1 1128 45 view .LVU47
 149 0010 9B00     		lsls	r3, r3, #2
 150 0012 1249     		ldr	r1, .L9+4
 151 0014 8C46     		mov	ip, r1
 152 0016 6344     		add	r3, r3, ip
 153              		.loc 1 1128 25 view .LVU48
 154 0018 8364     		str	r3, [r0, #72]
1129:Drivers/STM32G0xx_HAL_Driver/Src/stm32g0xx_hal_dma.c **** 
1130:Drivers/STM32G0xx_HAL_Driver/Src/stm32g0xx_hal_dma.c ****     /* Prepare channel_number used for DMAmuxChannelStatusMask computation */
1131:Drivers/STM32G0xx_HAL_Driver/Src/stm32g0xx_hal_dma.c ****     channel_number = (((uint32_t)hdma->Instance & 0xFFU) - 8U) / 20U;
 155              		.loc 1 1131 5 is_stmt 1 view .LVU49
 156              		.loc 1 1131 49 is_stmt 0 view .LVU50
 157 001a FF20     		movs	r0, #255
 158              	.LVL6:
 159              		.loc 1 1131 49 view .LVU51
 160 001c 1040     		ands	r0, r2
 161              		.loc 1 1131 58 view .LVU52
 162 001e 0838     		subs	r0, r0, #8
 163              		.loc 1 1131 20 view .LVU53
 164 0020 1421     		movs	r1, #20
 165 0022 FFF7FEFF 		bl	__aeabi_uidiv
 166              	.LVL7:
 167 0026 0300     		movs	r3, r0
 168              	.LVL8:
 169              	.L8:
1132:Drivers/STM32G0xx_HAL_Driver/Src/stm32g0xx_hal_dma.c ****   }
1133:Drivers/STM32G0xx_HAL_Driver/Src/stm32g0xx_hal_dma.c ****   else
1134:Drivers/STM32G0xx_HAL_Driver/Src/stm32g0xx_hal_dma.c ****   {
1135:Drivers/STM32G0xx_HAL_Driver/Src/stm32g0xx_hal_dma.c ****     /* DMA2 */
1136:Drivers/STM32G0xx_HAL_Driver/Src/stm32g0xx_hal_dma.c ****     /* Associate a DMA Channel to a DMAMUX channel */
1137:Drivers/STM32G0xx_HAL_Driver/Src/stm32g0xx_hal_dma.c ****     hdma->DMAmuxChannel = (DMAMUX1_Channel7 + (hdma->ChannelIndex >> 2U));
1138:Drivers/STM32G0xx_HAL_Driver/Src/stm32g0xx_hal_dma.c **** 
1139:Drivers/STM32G0xx_HAL_Driver/Src/stm32g0xx_hal_dma.c ****     /* Prepare channel_number used for DMAmuxChannelStatusMask computation */
ARM GAS  C:\Users\sante\AppData\Local\Temp\ccY0eX5e.s 			page 24


1140:Drivers/STM32G0xx_HAL_Driver/Src/stm32g0xx_hal_dma.c ****     channel_number = (((((uint32_t)hdma->Instance & 0xFFU) - 8U) / 20U) + 7U);
1141:Drivers/STM32G0xx_HAL_Driver/Src/stm32g0xx_hal_dma.c ****   }
1142:Drivers/STM32G0xx_HAL_Driver/Src/stm32g0xx_hal_dma.c **** #else
1143:Drivers/STM32G0xx_HAL_Driver/Src/stm32g0xx_hal_dma.c ****   /* Associate a DMA Channel to a DMAMUX channel */
1144:Drivers/STM32G0xx_HAL_Driver/Src/stm32g0xx_hal_dma.c ****   hdma->DMAmuxChannel = (DMAMUX_Channel_TypeDef *)(uint32_t)((uint32_t)DMAMUX1_Channel0 + ((hdma->C
1145:Drivers/STM32G0xx_HAL_Driver/Src/stm32g0xx_hal_dma.c **** 
1146:Drivers/STM32G0xx_HAL_Driver/Src/stm32g0xx_hal_dma.c ****   /* Prepare channel_number used for DMAmuxChannelStatusMask computation */
1147:Drivers/STM32G0xx_HAL_Driver/Src/stm32g0xx_hal_dma.c ****   channel_number = (((uint32_t)hdma->Instance & 0xFFU) - 8U) / 20U;
1148:Drivers/STM32G0xx_HAL_Driver/Src/stm32g0xx_hal_dma.c **** #endif /* DMA2 */
1149:Drivers/STM32G0xx_HAL_Driver/Src/stm32g0xx_hal_dma.c **** 
1150:Drivers/STM32G0xx_HAL_Driver/Src/stm32g0xx_hal_dma.c ****   /* Initialize the field DMAmuxChannelStatus to DMAMUX1_ChannelStatus base */
1151:Drivers/STM32G0xx_HAL_Driver/Src/stm32g0xx_hal_dma.c ****   hdma->DMAmuxChannelStatus = DMAMUX1_ChannelStatus;
 170              		.loc 1 1151 3 is_stmt 1 view .LVU54
 171              		.loc 1 1151 29 is_stmt 0 view .LVU55
 172 0028 0D4A     		ldr	r2, .L9+8
 173 002a E264     		str	r2, [r4, #76]
1152:Drivers/STM32G0xx_HAL_Driver/Src/stm32g0xx_hal_dma.c **** 
1153:Drivers/STM32G0xx_HAL_Driver/Src/stm32g0xx_hal_dma.c ****   /* Initialize the field DMAmuxChannelStatusMask with the corresponding index of the DMAMUX channe
1154:Drivers/STM32G0xx_HAL_Driver/Src/stm32g0xx_hal_dma.c ****   hdma->DMAmuxChannelStatusMask = 1UL << (channel_number & 0x1FU);
 174              		.loc 1 1154 3 is_stmt 1 view .LVU56
 175              		.loc 1 1154 58 is_stmt 0 view .LVU57
 176 002c 1F20     		movs	r0, #31
 177 002e 1840     		ands	r0, r3
 178              		.loc 1 1154 39 view .LVU58
 179 0030 0123     		movs	r3, #1
 180              	.LVL9:
 181              		.loc 1 1154 39 view .LVU59
 182 0032 8340     		lsls	r3, r3, r0
 183              		.loc 1 1154 33 view .LVU60
 184 0034 2365     		str	r3, [r4, #80]
1155:Drivers/STM32G0xx_HAL_Driver/Src/stm32g0xx_hal_dma.c **** }
 185              		.loc 1 1155 1 view .LVU61
 186              		@ sp needed
 187              	.LVL10:
 188              		.loc 1 1155 1 view .LVU62
 189 0036 10BD     		pop	{r4, pc}
 190              	.LVL11:
 191              	.L7:
1137:Drivers/STM32G0xx_HAL_Driver/Src/stm32g0xx_hal_dma.c **** 
 192              		.loc 1 1137 5 is_stmt 1 view .LVU63
1137:Drivers/STM32G0xx_HAL_Driver/Src/stm32g0xx_hal_dma.c **** 
 193              		.loc 1 1137 52 is_stmt 0 view .LVU64
 194 0038 436C     		ldr	r3, [r0, #68]
1137:Drivers/STM32G0xx_HAL_Driver/Src/stm32g0xx_hal_dma.c **** 
 195              		.loc 1 1137 67 view .LVU65
 196 003a 9B08     		lsrs	r3, r3, #2
1137:Drivers/STM32G0xx_HAL_Driver/Src/stm32g0xx_hal_dma.c **** 
 197              		.loc 1 1137 45 view .LVU66
 198 003c 9B00     		lsls	r3, r3, #2
 199 003e 0949     		ldr	r1, .L9+12
 200 0040 8C46     		mov	ip, r1
 201 0042 6344     		add	r3, r3, ip
1137:Drivers/STM32G0xx_HAL_Driver/Src/stm32g0xx_hal_dma.c **** 
 202              		.loc 1 1137 25 view .LVU67
 203 0044 8364     		str	r3, [r0, #72]
1140:Drivers/STM32G0xx_HAL_Driver/Src/stm32g0xx_hal_dma.c ****   }
 204              		.loc 1 1140 5 is_stmt 1 view .LVU68
ARM GAS  C:\Users\sante\AppData\Local\Temp\ccY0eX5e.s 			page 25


1140:Drivers/STM32G0xx_HAL_Driver/Src/stm32g0xx_hal_dma.c ****   }
 205              		.loc 1 1140 51 is_stmt 0 view .LVU69
 206 0046 FF20     		movs	r0, #255
 207              	.LVL12:
1140:Drivers/STM32G0xx_HAL_Driver/Src/stm32g0xx_hal_dma.c ****   }
 208              		.loc 1 1140 51 view .LVU70
 209 0048 1040     		ands	r0, r2
1140:Drivers/STM32G0xx_HAL_Driver/Src/stm32g0xx_hal_dma.c ****   }
 210              		.loc 1 1140 60 view .LVU71
 211 004a 0838     		subs	r0, r0, #8
1140:Drivers/STM32G0xx_HAL_Driver/Src/stm32g0xx_hal_dma.c ****   }
 212              		.loc 1 1140 66 view .LVU72
 213 004c 1421     		movs	r1, #20
 214 004e FFF7FEFF 		bl	__aeabi_uidiv
 215              	.LVL13:
1140:Drivers/STM32G0xx_HAL_Driver/Src/stm32g0xx_hal_dma.c ****   }
 216              		.loc 1 1140 20 view .LVU73
 217 0052 C31D     		adds	r3, r0, #7
 218 0054 E8E7     		b	.L8
 219              	.L10:
 220 0056 C046     		.align	2
 221              	.L9:
 222 0058 07040240 		.word	1073873927
 223 005c 00080240 		.word	1073874944
 224 0060 80080240 		.word	1073875072
 225 0064 1C080240 		.word	1073874972
 226              		.cfi_endproc
 227              	.LFE506:
 229              		.section	.text.DMA_CalcDMAMUXRequestGenBaseAndMask,"ax",%progbits
 230              		.align	1
 231              		.syntax unified
 232              		.code	16
 233              		.thumb_func
 235              	DMA_CalcDMAMUXRequestGenBaseAndMask:
 236              	.LVL14:
 237              	.LFB507:
1156:Drivers/STM32G0xx_HAL_Driver/Src/stm32g0xx_hal_dma.c **** 
1157:Drivers/STM32G0xx_HAL_Driver/Src/stm32g0xx_hal_dma.c **** /**
1158:Drivers/STM32G0xx_HAL_Driver/Src/stm32g0xx_hal_dma.c ****   * @brief Updates the DMA handle with the DMAMUX  request generator params
1159:Drivers/STM32G0xx_HAL_Driver/Src/stm32g0xx_hal_dma.c ****   * @param hdma Pointer to a DMA_HandleTypeDef structure that contains
1160:Drivers/STM32G0xx_HAL_Driver/Src/stm32g0xx_hal_dma.c ****   *             the configuration information for the specified DMA Channel.
1161:Drivers/STM32G0xx_HAL_Driver/Src/stm32g0xx_hal_dma.c ****   * @retval None
1162:Drivers/STM32G0xx_HAL_Driver/Src/stm32g0xx_hal_dma.c ****   */
1163:Drivers/STM32G0xx_HAL_Driver/Src/stm32g0xx_hal_dma.c **** 
1164:Drivers/STM32G0xx_HAL_Driver/Src/stm32g0xx_hal_dma.c **** static void DMA_CalcDMAMUXRequestGenBaseAndMask(DMA_HandleTypeDef *hdma)
1165:Drivers/STM32G0xx_HAL_Driver/Src/stm32g0xx_hal_dma.c **** {
 238              		.loc 1 1165 1 is_stmt 1 view -0
 239              		.cfi_startproc
 240              		@ args = 0, pretend = 0, frame = 0
 241              		@ frame_needed = 0, uses_anonymous_args = 0
 242              		@ link register save eliminated.
1166:Drivers/STM32G0xx_HAL_Driver/Src/stm32g0xx_hal_dma.c ****   uint32_t request =  hdma->Init.Request & DMAMUX_CxCR_DMAREQ_ID;
 243              		.loc 1 1166 3 view .LVU75
 244              		.loc 1 1166 33 is_stmt 0 view .LVU76
 245 0000 4268     		ldr	r2, [r0, #4]
 246              		.loc 1 1166 12 view .LVU77
 247 0002 7F23     		movs	r3, #127
ARM GAS  C:\Users\sante\AppData\Local\Temp\ccY0eX5e.s 			page 26


 248 0004 1340     		ands	r3, r2
 249              	.LVL15:
1167:Drivers/STM32G0xx_HAL_Driver/Src/stm32g0xx_hal_dma.c **** 
1168:Drivers/STM32G0xx_HAL_Driver/Src/stm32g0xx_hal_dma.c ****   /* DMA Channels are connected to DMAMUX1 request generator blocks*/
1169:Drivers/STM32G0xx_HAL_Driver/Src/stm32g0xx_hal_dma.c ****   hdma->DMAmuxRequestGen = (DMAMUX_RequestGen_TypeDef *)((uint32_t)(((uint32_t)DMAMUX1_RequestGener
 250              		.loc 1 1169 3 is_stmt 1 view .LVU78
 251              		.loc 1 1169 58 is_stmt 0 view .LVU79
 252 0006 064A     		ldr	r2, .L12
 253 0008 9A18     		adds	r2, r3, r2
 254 000a 9200     		lsls	r2, r2, #2
 255              		.loc 1 1169 26 view .LVU80
 256 000c 4265     		str	r2, [r0, #84]
1170:Drivers/STM32G0xx_HAL_Driver/Src/stm32g0xx_hal_dma.c **** 
1171:Drivers/STM32G0xx_HAL_Driver/Src/stm32g0xx_hal_dma.c ****   hdma->DMAmuxRequestGenStatus = DMAMUX1_RequestGenStatus;
 257              		.loc 1 1171 3 is_stmt 1 view .LVU81
 258              		.loc 1 1171 32 is_stmt 0 view .LVU82
 259 000e 054A     		ldr	r2, .L12+4
 260 0010 8265     		str	r2, [r0, #88]
1172:Drivers/STM32G0xx_HAL_Driver/Src/stm32g0xx_hal_dma.c **** 
1173:Drivers/STM32G0xx_HAL_Driver/Src/stm32g0xx_hal_dma.c ****   /* here "Request" is either DMA_REQUEST_GENERATOR0 to DMA_REQUEST_GENERATOR3, i.e. <= 4*/
1174:Drivers/STM32G0xx_HAL_Driver/Src/stm32g0xx_hal_dma.c ****   hdma->DMAmuxRequestGenStatusMask = 1UL << ((request - 1U) & 0x3U);
 261              		.loc 1 1174 3 is_stmt 1 view .LVU83
 262              		.loc 1 1174 55 is_stmt 0 view .LVU84
 263 0012 013B     		subs	r3, r3, #1
 264              	.LVL16:
 265              		.loc 1 1174 61 view .LVU85
 266 0014 0322     		movs	r2, #3
 267 0016 1A40     		ands	r2, r3
 268              		.loc 1 1174 42 view .LVU86
 269 0018 0123     		movs	r3, #1
 270              	.LVL17:
 271              		.loc 1 1174 42 view .LVU87
 272 001a 9340     		lsls	r3, r3, r2
 273              		.loc 1 1174 36 view .LVU88
 274 001c C365     		str	r3, [r0, #92]
1175:Drivers/STM32G0xx_HAL_Driver/Src/stm32g0xx_hal_dma.c **** }
 275              		.loc 1 1175 1 view .LVU89
 276              		@ sp needed
 277 001e 7047     		bx	lr
 278              	.L13:
 279              		.align	2
 280              	.L12:
 281 0020 3F820010 		.word	268468799
 282 0024 40090240 		.word	1073875264
 283              		.cfi_endproc
 284              	.LFE507:
 286              		.section	.text.HAL_DMA_Init,"ax",%progbits
 287              		.align	1
 288              		.global	HAL_DMA_Init
 289              		.syntax unified
 290              		.code	16
 291              		.thumb_func
 293              	HAL_DMA_Init:
 294              	.LVL18:
 295              	.LFB493:
 153:Drivers/STM32G0xx_HAL_Driver/Src/stm32g0xx_hal_dma.c ****   /* Check the DMA handle allocation */
 296              		.loc 1 153 1 is_stmt 1 view -0
ARM GAS  C:\Users\sante\AppData\Local\Temp\ccY0eX5e.s 			page 27


 297              		.cfi_startproc
 298              		@ args = 0, pretend = 0, frame = 0
 299              		@ frame_needed = 0, uses_anonymous_args = 0
 153:Drivers/STM32G0xx_HAL_Driver/Src/stm32g0xx_hal_dma.c ****   /* Check the DMA handle allocation */
 300              		.loc 1 153 1 is_stmt 0 view .LVU91
 301 0000 70B5     		push	{r4, r5, r6, lr}
 302              		.cfi_def_cfa_offset 16
 303              		.cfi_offset 4, -16
 304              		.cfi_offset 5, -12
 305              		.cfi_offset 6, -8
 306              		.cfi_offset 14, -4
 307 0002 041E     		subs	r4, r0, #0
 155:Drivers/STM32G0xx_HAL_Driver/Src/stm32g0xx_hal_dma.c ****   {
 308              		.loc 1 155 3 is_stmt 1 view .LVU92
 155:Drivers/STM32G0xx_HAL_Driver/Src/stm32g0xx_hal_dma.c ****   {
 309              		.loc 1 155 6 is_stmt 0 view .LVU93
 310 0004 5CD0     		beq	.L21
 161:Drivers/STM32G0xx_HAL_Driver/Src/stm32g0xx_hal_dma.c ****   assert_param(IS_DMA_DIRECTION(hdma->Init.Direction));
 311              		.loc 1 161 3 is_stmt 1 view .LVU94
 162:Drivers/STM32G0xx_HAL_Driver/Src/stm32g0xx_hal_dma.c ****   assert_param(IS_DMA_PERIPHERAL_INC_STATE(hdma->Init.PeriphInc));
 312              		.loc 1 162 3 view .LVU95
 163:Drivers/STM32G0xx_HAL_Driver/Src/stm32g0xx_hal_dma.c ****   assert_param(IS_DMA_MEMORY_INC_STATE(hdma->Init.MemInc));
 313              		.loc 1 163 3 view .LVU96
 164:Drivers/STM32G0xx_HAL_Driver/Src/stm32g0xx_hal_dma.c ****   assert_param(IS_DMA_PERIPHERAL_DATA_SIZE(hdma->Init.PeriphDataAlignment));
 314              		.loc 1 164 3 view .LVU97
 165:Drivers/STM32G0xx_HAL_Driver/Src/stm32g0xx_hal_dma.c ****   assert_param(IS_DMA_MEMORY_DATA_SIZE(hdma->Init.MemDataAlignment));
 315              		.loc 1 165 3 view .LVU98
 166:Drivers/STM32G0xx_HAL_Driver/Src/stm32g0xx_hal_dma.c ****   assert_param(IS_DMA_MODE(hdma->Init.Mode));
 316              		.loc 1 166 3 view .LVU99
 167:Drivers/STM32G0xx_HAL_Driver/Src/stm32g0xx_hal_dma.c ****   assert_param(IS_DMA_PRIORITY(hdma->Init.Priority));
 317              		.loc 1 167 3 view .LVU100
 168:Drivers/STM32G0xx_HAL_Driver/Src/stm32g0xx_hal_dma.c **** 
 318              		.loc 1 168 3 view .LVU101
 170:Drivers/STM32G0xx_HAL_Driver/Src/stm32g0xx_hal_dma.c **** 
 319              		.loc 1 170 3 view .LVU102
 174:Drivers/STM32G0xx_HAL_Driver/Src/stm32g0xx_hal_dma.c ****   {
 320              		.loc 1 174 3 view .LVU103
 174:Drivers/STM32G0xx_HAL_Driver/Src/stm32g0xx_hal_dma.c ****   {
 321              		.loc 1 174 22 is_stmt 0 view .LVU104
 322 0006 0568     		ldr	r5, [r0]
 174:Drivers/STM32G0xx_HAL_Driver/Src/stm32g0xx_hal_dma.c ****   {
 323              		.loc 1 174 6 view .LVU105
 324 0008 2E4B     		ldr	r3, .L24
 325 000a 9D42     		cmp	r5, r3
 326 000c 41D8     		bhi	.L16
 177:Drivers/STM32G0xx_HAL_Driver/Src/stm32g0xx_hal_dma.c ****     hdma->DmaBaseAddress = DMA1;
 327              		.loc 1 177 5 is_stmt 1 view .LVU106
 177:Drivers/STM32G0xx_HAL_Driver/Src/stm32g0xx_hal_dma.c ****     hdma->DmaBaseAddress = DMA1;
 328              		.loc 1 177 80 is_stmt 0 view .LVU107
 329 000e 1421     		movs	r1, #20
 330 0010 2D4B     		ldr	r3, .L24+4
 331 0012 E818     		adds	r0, r5, r3
 332              	.LVL19:
 177:Drivers/STM32G0xx_HAL_Driver/Src/stm32g0xx_hal_dma.c ****     hdma->DmaBaseAddress = DMA1;
 333              		.loc 1 177 80 view .LVU108
 334 0014 FFF7FEFF 		bl	__aeabi_uidiv
 335              	.LVL20:
ARM GAS  C:\Users\sante\AppData\Local\Temp\ccY0eX5e.s 			page 28


 177:Drivers/STM32G0xx_HAL_Driver/Src/stm32g0xx_hal_dma.c ****     hdma->DmaBaseAddress = DMA1;
 336              		.loc 1 177 135 view .LVU109
 337 0018 8000     		lsls	r0, r0, #2
 177:Drivers/STM32G0xx_HAL_Driver/Src/stm32g0xx_hal_dma.c ****     hdma->DmaBaseAddress = DMA1;
 338              		.loc 1 177 24 view .LVU110
 339 001a 6064     		str	r0, [r4, #68]
 178:Drivers/STM32G0xx_HAL_Driver/Src/stm32g0xx_hal_dma.c ****   }
 340              		.loc 1 178 5 is_stmt 1 view .LVU111
 178:Drivers/STM32G0xx_HAL_Driver/Src/stm32g0xx_hal_dma.c ****   }
 341              		.loc 1 178 26 is_stmt 0 view .LVU112
 342 001c 2B4B     		ldr	r3, .L24+8
 343 001e 2364     		str	r3, [r4, #64]
 344              	.L17:
 191:Drivers/STM32G0xx_HAL_Driver/Src/stm32g0xx_hal_dma.c **** 
 345              		.loc 1 191 3 is_stmt 1 view .LVU113
 191:Drivers/STM32G0xx_HAL_Driver/Src/stm32g0xx_hal_dma.c **** 
 346              		.loc 1 191 15 is_stmt 0 view .LVU114
 347 0020 2523     		movs	r3, #37
 348 0022 0222     		movs	r2, #2
 349 0024 E254     		strb	r2, [r4, r3]
 194:Drivers/STM32G0xx_HAL_Driver/Src/stm32g0xx_hal_dma.c ****                                   DMA_CCR_MINC  | DMA_CCR_PINC   | DMA_CCR_CIRC   | \
 350              		.loc 1 194 3 is_stmt 1 view .LVU115
 351 0026 2B68     		ldr	r3, [r5]
 352 0028 294A     		ldr	r2, .L24+12
 353 002a 1340     		ands	r3, r2
 354 002c 2B60     		str	r3, [r5]
 199:Drivers/STM32G0xx_HAL_Driver/Src/stm32g0xx_hal_dma.c ****                                 hdma->Init.PeriphInc           | hdma->Init.MemInc           | \
 355              		.loc 1 199 3 view .LVU116
 356 002e 2168     		ldr	r1, [r4]
 357 0030 0A68     		ldr	r2, [r1]
 358 0032 A368     		ldr	r3, [r4, #8]
 359 0034 E068     		ldr	r0, [r4, #12]
 360 0036 0343     		orrs	r3, r0
 361 0038 2069     		ldr	r0, [r4, #16]
 362 003a 0343     		orrs	r3, r0
 363 003c 6069     		ldr	r0, [r4, #20]
 364 003e 0343     		orrs	r3, r0
 365 0040 A069     		ldr	r0, [r4, #24]
 366 0042 0343     		orrs	r3, r0
 367 0044 E069     		ldr	r0, [r4, #28]
 368 0046 0343     		orrs	r3, r0
 369 0048 206A     		ldr	r0, [r4, #32]
 370 004a 0343     		orrs	r3, r0
 371 004c 1343     		orrs	r3, r2
 372 004e 0B60     		str	r3, [r1]
 207:Drivers/STM32G0xx_HAL_Driver/Src/stm32g0xx_hal_dma.c **** 
 373              		.loc 1 207 3 view .LVU117
 374 0050 2000     		movs	r0, r4
 375 0052 FFF7FEFF 		bl	DMA_CalcDMAMUXChannelBaseAndMask
 376              	.LVL21:
 209:Drivers/STM32G0xx_HAL_Driver/Src/stm32g0xx_hal_dma.c ****   {
 377              		.loc 1 209 3 view .LVU118
 209:Drivers/STM32G0xx_HAL_Driver/Src/stm32g0xx_hal_dma.c ****   {
 378              		.loc 1 209 17 is_stmt 0 view .LVU119
 379 0056 A268     		ldr	r2, [r4, #8]
 209:Drivers/STM32G0xx_HAL_Driver/Src/stm32g0xx_hal_dma.c ****   {
 380              		.loc 1 209 6 view .LVU120
ARM GAS  C:\Users\sante\AppData\Local\Temp\ccY0eX5e.s 			page 29


 381 0058 8023     		movs	r3, #128
 382 005a DB01     		lsls	r3, r3, #7
 383 005c 9A42     		cmp	r2, r3
 384 005e 22D0     		beq	.L22
 385              	.L18:
 216:Drivers/STM32G0xx_HAL_Driver/Src/stm32g0xx_hal_dma.c **** 
 386              		.loc 1 216 3 is_stmt 1 view .LVU121
 216:Drivers/STM32G0xx_HAL_Driver/Src/stm32g0xx_hal_dma.c **** 
 387              		.loc 1 216 41 is_stmt 0 view .LVU122
 388 0060 6168     		ldr	r1, [r4, #4]
 216:Drivers/STM32G0xx_HAL_Driver/Src/stm32g0xx_hal_dma.c **** 
 389              		.loc 1 216 7 view .LVU123
 390 0062 A26C     		ldr	r2, [r4, #72]
 216:Drivers/STM32G0xx_HAL_Driver/Src/stm32g0xx_hal_dma.c **** 
 391              		.loc 1 216 50 view .LVU124
 392 0064 7F23     		movs	r3, #127
 393 0066 0B40     		ands	r3, r1
 216:Drivers/STM32G0xx_HAL_Driver/Src/stm32g0xx_hal_dma.c **** 
 394              		.loc 1 216 28 view .LVU125
 395 0068 1360     		str	r3, [r2]
 219:Drivers/STM32G0xx_HAL_Driver/Src/stm32g0xx_hal_dma.c **** 
 396              		.loc 1 219 3 is_stmt 1 view .LVU126
 219:Drivers/STM32G0xx_HAL_Driver/Src/stm32g0xx_hal_dma.c **** 
 397              		.loc 1 219 7 is_stmt 0 view .LVU127
 398 006a E36C     		ldr	r3, [r4, #76]
 219:Drivers/STM32G0xx_HAL_Driver/Src/stm32g0xx_hal_dma.c **** 
 399              		.loc 1 219 40 view .LVU128
 400 006c 226D     		ldr	r2, [r4, #80]
 219:Drivers/STM32G0xx_HAL_Driver/Src/stm32g0xx_hal_dma.c **** 
 401              		.loc 1 219 34 view .LVU129
 402 006e 5A60     		str	r2, [r3, #4]
 221:Drivers/STM32G0xx_HAL_Driver/Src/stm32g0xx_hal_dma.c ****   {
 403              		.loc 1 221 3 is_stmt 1 view .LVU130
 221:Drivers/STM32G0xx_HAL_Driver/Src/stm32g0xx_hal_dma.c ****   {
 404              		.loc 1 221 19 is_stmt 0 view .LVU131
 405 0070 6368     		ldr	r3, [r4, #4]
 221:Drivers/STM32G0xx_HAL_Driver/Src/stm32g0xx_hal_dma.c ****   {
 406              		.loc 1 221 36 view .LVU132
 407 0072 013B     		subs	r3, r3, #1
 221:Drivers/STM32G0xx_HAL_Driver/Src/stm32g0xx_hal_dma.c ****   {
 408              		.loc 1 221 6 view .LVU133
 409 0074 032B     		cmp	r3, #3
 410 0076 19D9     		bls	.L23
 236:Drivers/STM32G0xx_HAL_Driver/Src/stm32g0xx_hal_dma.c ****     hdma->DMAmuxRequestGenStatus = 0U;
 411              		.loc 1 236 5 is_stmt 1 view .LVU134
 236:Drivers/STM32G0xx_HAL_Driver/Src/stm32g0xx_hal_dma.c ****     hdma->DMAmuxRequestGenStatus = 0U;
 412              		.loc 1 236 28 is_stmt 0 view .LVU135
 413 0078 0023     		movs	r3, #0
 414 007a 6365     		str	r3, [r4, #84]
 237:Drivers/STM32G0xx_HAL_Driver/Src/stm32g0xx_hal_dma.c ****     hdma->DMAmuxRequestGenStatusMask = 0U;
 415              		.loc 1 237 5 is_stmt 1 view .LVU136
 237:Drivers/STM32G0xx_HAL_Driver/Src/stm32g0xx_hal_dma.c ****     hdma->DMAmuxRequestGenStatusMask = 0U;
 416              		.loc 1 237 34 is_stmt 0 view .LVU137
 417 007c A365     		str	r3, [r4, #88]
 238:Drivers/STM32G0xx_HAL_Driver/Src/stm32g0xx_hal_dma.c ****   }
 418              		.loc 1 238 5 is_stmt 1 view .LVU138
 238:Drivers/STM32G0xx_HAL_Driver/Src/stm32g0xx_hal_dma.c ****   }
ARM GAS  C:\Users\sante\AppData\Local\Temp\ccY0eX5e.s 			page 30


 419              		.loc 1 238 38 is_stmt 0 view .LVU139
 420 007e E365     		str	r3, [r4, #92]
 421              	.L20:
 242:Drivers/STM32G0xx_HAL_Driver/Src/stm32g0xx_hal_dma.c **** 
 422              		.loc 1 242 3 is_stmt 1 view .LVU140
 242:Drivers/STM32G0xx_HAL_Driver/Src/stm32g0xx_hal_dma.c **** 
 423              		.loc 1 242 19 is_stmt 0 view .LVU141
 424 0080 0023     		movs	r3, #0
 425 0082 E363     		str	r3, [r4, #60]
 245:Drivers/STM32G0xx_HAL_Driver/Src/stm32g0xx_hal_dma.c **** 
 426              		.loc 1 245 3 is_stmt 1 view .LVU142
 245:Drivers/STM32G0xx_HAL_Driver/Src/stm32g0xx_hal_dma.c **** 
 427              		.loc 1 245 15 is_stmt 0 view .LVU143
 428 0084 2522     		movs	r2, #37
 429 0086 0121     		movs	r1, #1
 430 0088 A154     		strb	r1, [r4, r2]
 248:Drivers/STM32G0xx_HAL_Driver/Src/stm32g0xx_hal_dma.c **** 
 431              		.loc 1 248 3 is_stmt 1 view .LVU144
 248:Drivers/STM32G0xx_HAL_Driver/Src/stm32g0xx_hal_dma.c **** 
 432              		.loc 1 248 3 view .LVU145
 433 008a 013A     		subs	r2, r2, #1
 434 008c A354     		strb	r3, [r4, r2]
 248:Drivers/STM32G0xx_HAL_Driver/Src/stm32g0xx_hal_dma.c **** 
 435              		.loc 1 248 3 view .LVU146
 250:Drivers/STM32G0xx_HAL_Driver/Src/stm32g0xx_hal_dma.c **** }
 436              		.loc 1 250 3 view .LVU147
 250:Drivers/STM32G0xx_HAL_Driver/Src/stm32g0xx_hal_dma.c **** }
 437              		.loc 1 250 10 is_stmt 0 view .LVU148
 438 008e 0020     		movs	r0, #0
 439              	.L15:
 251:Drivers/STM32G0xx_HAL_Driver/Src/stm32g0xx_hal_dma.c **** 
 440              		.loc 1 251 1 view .LVU149
 441              		@ sp needed
 442              	.LVL22:
 251:Drivers/STM32G0xx_HAL_Driver/Src/stm32g0xx_hal_dma.c **** 
 443              		.loc 1 251 1 view .LVU150
 444 0090 70BD     		pop	{r4, r5, r6, pc}
 445              	.LVL23:
 446              	.L16:
 183:Drivers/STM32G0xx_HAL_Driver/Src/stm32g0xx_hal_dma.c ****     hdma->DmaBaseAddress = DMA2;
 447              		.loc 1 183 5 is_stmt 1 view .LVU151
 183:Drivers/STM32G0xx_HAL_Driver/Src/stm32g0xx_hal_dma.c ****     hdma->DmaBaseAddress = DMA2;
 448              		.loc 1 183 80 is_stmt 0 view .LVU152
 449 0092 1421     		movs	r1, #20
 450 0094 0F4B     		ldr	r3, .L24+16
 451 0096 E818     		adds	r0, r5, r3
 452              	.LVL24:
 183:Drivers/STM32G0xx_HAL_Driver/Src/stm32g0xx_hal_dma.c ****     hdma->DmaBaseAddress = DMA2;
 453              		.loc 1 183 80 view .LVU153
 454 0098 FFF7FEFF 		bl	__aeabi_uidiv
 455              	.LVL25:
 183:Drivers/STM32G0xx_HAL_Driver/Src/stm32g0xx_hal_dma.c ****     hdma->DmaBaseAddress = DMA2;
 456              		.loc 1 183 135 view .LVU154
 457 009c 8000     		lsls	r0, r0, #2
 183:Drivers/STM32G0xx_HAL_Driver/Src/stm32g0xx_hal_dma.c ****     hdma->DmaBaseAddress = DMA2;
 458              		.loc 1 183 24 view .LVU155
 459 009e 6064     		str	r0, [r4, #68]
ARM GAS  C:\Users\sante\AppData\Local\Temp\ccY0eX5e.s 			page 31


 184:Drivers/STM32G0xx_HAL_Driver/Src/stm32g0xx_hal_dma.c ****   }
 460              		.loc 1 184 5 is_stmt 1 view .LVU156
 184:Drivers/STM32G0xx_HAL_Driver/Src/stm32g0xx_hal_dma.c ****   }
 461              		.loc 1 184 26 is_stmt 0 view .LVU157
 462 00a0 0D4B     		ldr	r3, .L24+20
 463 00a2 2364     		str	r3, [r4, #64]
 464 00a4 BCE7     		b	.L17
 465              	.L22:
 212:Drivers/STM32G0xx_HAL_Driver/Src/stm32g0xx_hal_dma.c ****   }
 466              		.loc 1 212 5 is_stmt 1 view .LVU158
 212:Drivers/STM32G0xx_HAL_Driver/Src/stm32g0xx_hal_dma.c ****   }
 467              		.loc 1 212 24 is_stmt 0 view .LVU159
 468 00a6 0023     		movs	r3, #0
 469 00a8 6360     		str	r3, [r4, #4]
 470 00aa D9E7     		b	.L18
 471              	.L23:
 226:Drivers/STM32G0xx_HAL_Driver/Src/stm32g0xx_hal_dma.c **** 
 472              		.loc 1 226 5 is_stmt 1 view .LVU160
 473 00ac 2000     		movs	r0, r4
 474 00ae FFF7FEFF 		bl	DMA_CalcDMAMUXRequestGenBaseAndMask
 475              	.LVL26:
 229:Drivers/STM32G0xx_HAL_Driver/Src/stm32g0xx_hal_dma.c **** 
 476              		.loc 1 229 5 view .LVU161
 229:Drivers/STM32G0xx_HAL_Driver/Src/stm32g0xx_hal_dma.c **** 
 477              		.loc 1 229 9 is_stmt 0 view .LVU162
 478 00b2 636D     		ldr	r3, [r4, #84]
 229:Drivers/STM32G0xx_HAL_Driver/Src/stm32g0xx_hal_dma.c **** 
 479              		.loc 1 229 34 view .LVU163
 480 00b4 0022     		movs	r2, #0
 481 00b6 1A60     		str	r2, [r3]
 232:Drivers/STM32G0xx_HAL_Driver/Src/stm32g0xx_hal_dma.c ****   }
 482              		.loc 1 232 5 is_stmt 1 view .LVU164
 232:Drivers/STM32G0xx_HAL_Driver/Src/stm32g0xx_hal_dma.c ****   }
 483              		.loc 1 232 9 is_stmt 0 view .LVU165
 484 00b8 A36D     		ldr	r3, [r4, #88]
 232:Drivers/STM32G0xx_HAL_Driver/Src/stm32g0xx_hal_dma.c ****   }
 485              		.loc 1 232 47 view .LVU166
 486 00ba E26D     		ldr	r2, [r4, #92]
 232:Drivers/STM32G0xx_HAL_Driver/Src/stm32g0xx_hal_dma.c ****   }
 487              		.loc 1 232 41 view .LVU167
 488 00bc 5A60     		str	r2, [r3, #4]
 489 00be DFE7     		b	.L20
 490              	.LVL27:
 491              	.L21:
 157:Drivers/STM32G0xx_HAL_Driver/Src/stm32g0xx_hal_dma.c ****   }
 492              		.loc 1 157 12 view .LVU168
 493 00c0 0120     		movs	r0, #1
 494              	.LVL28:
 157:Drivers/STM32G0xx_HAL_Driver/Src/stm32g0xx_hal_dma.c ****   }
 495              		.loc 1 157 12 view .LVU169
 496 00c2 E5E7     		b	.L15
 497              	.L25:
 498              		.align	2
 499              	.L24:
 500 00c4 07040240 		.word	1073873927
 501 00c8 F8FFFDBF 		.word	-1073872904
 502 00cc 00000240 		.word	1073872896
ARM GAS  C:\Users\sante\AppData\Local\Temp\ccY0eX5e.s 			page 32


 503 00d0 0F80FFFF 		.word	-32753
 504 00d4 F8FBFDBF 		.word	-1073873928
 505 00d8 00040240 		.word	1073873920
 506              		.cfi_endproc
 507              	.LFE493:
 509              		.section	.text.HAL_DMA_DeInit,"ax",%progbits
 510              		.align	1
 511              		.global	HAL_DMA_DeInit
 512              		.syntax unified
 513              		.code	16
 514              		.thumb_func
 516              	HAL_DMA_DeInit:
 517              	.LVL29:
 518              	.LFB494:
 260:Drivers/STM32G0xx_HAL_Driver/Src/stm32g0xx_hal_dma.c ****   /* Check the DMA handle allocation */
 519              		.loc 1 260 1 is_stmt 1 view -0
 520              		.cfi_startproc
 521              		@ args = 0, pretend = 0, frame = 0
 522              		@ frame_needed = 0, uses_anonymous_args = 0
 260:Drivers/STM32G0xx_HAL_Driver/Src/stm32g0xx_hal_dma.c ****   /* Check the DMA handle allocation */
 523              		.loc 1 260 1 is_stmt 0 view .LVU171
 524 0000 70B5     		push	{r4, r5, r6, lr}
 525              		.cfi_def_cfa_offset 16
 526              		.cfi_offset 4, -16
 527              		.cfi_offset 5, -12
 528              		.cfi_offset 6, -8
 529              		.cfi_offset 14, -4
 530 0002 041E     		subs	r4, r0, #0
 262:Drivers/STM32G0xx_HAL_Driver/Src/stm32g0xx_hal_dma.c ****   {
 531              		.loc 1 262 3 is_stmt 1 view .LVU172
 262:Drivers/STM32G0xx_HAL_Driver/Src/stm32g0xx_hal_dma.c ****   {
 532              		.loc 1 262 6 is_stmt 0 view .LVU173
 533 0004 49D0     		beq	.L31
 268:Drivers/STM32G0xx_HAL_Driver/Src/stm32g0xx_hal_dma.c **** 
 534              		.loc 1 268 3 is_stmt 1 view .LVU174
 271:Drivers/STM32G0xx_HAL_Driver/Src/stm32g0xx_hal_dma.c **** 
 535              		.loc 1 271 3 view .LVU175
 536 0006 0268     		ldr	r2, [r0]
 537 0008 1368     		ldr	r3, [r2]
 538 000a 0121     		movs	r1, #1
 539 000c 8B43     		bics	r3, r1
 540 000e 1360     		str	r3, [r2]
 275:Drivers/STM32G0xx_HAL_Driver/Src/stm32g0xx_hal_dma.c ****   {
 541              		.loc 1 275 3 view .LVU176
 275:Drivers/STM32G0xx_HAL_Driver/Src/stm32g0xx_hal_dma.c ****   {
 542              		.loc 1 275 22 is_stmt 0 view .LVU177
 543 0010 0568     		ldr	r5, [r0]
 275:Drivers/STM32G0xx_HAL_Driver/Src/stm32g0xx_hal_dma.c ****   {
 544              		.loc 1 275 6 view .LVU178
 545 0012 234B     		ldr	r3, .L33
 546 0014 9D42     		cmp	r5, r3
 547 0016 2CD8     		bhi	.L28
 278:Drivers/STM32G0xx_HAL_Driver/Src/stm32g0xx_hal_dma.c ****     hdma->DmaBaseAddress = DMA1;
 548              		.loc 1 278 5 is_stmt 1 view .LVU179
 278:Drivers/STM32G0xx_HAL_Driver/Src/stm32g0xx_hal_dma.c ****     hdma->DmaBaseAddress = DMA1;
 549              		.loc 1 278 80 is_stmt 0 view .LVU180
 550 0018 1331     		adds	r1, r1, #19
ARM GAS  C:\Users\sante\AppData\Local\Temp\ccY0eX5e.s 			page 33


 551 001a 224B     		ldr	r3, .L33+4
 552 001c E818     		adds	r0, r5, r3
 553              	.LVL30:
 278:Drivers/STM32G0xx_HAL_Driver/Src/stm32g0xx_hal_dma.c ****     hdma->DmaBaseAddress = DMA1;
 554              		.loc 1 278 80 view .LVU181
 555 001e FFF7FEFF 		bl	__aeabi_uidiv
 556              	.LVL31:
 278:Drivers/STM32G0xx_HAL_Driver/Src/stm32g0xx_hal_dma.c ****     hdma->DmaBaseAddress = DMA1;
 557              		.loc 1 278 135 view .LVU182
 558 0022 8000     		lsls	r0, r0, #2
 278:Drivers/STM32G0xx_HAL_Driver/Src/stm32g0xx_hal_dma.c ****     hdma->DmaBaseAddress = DMA1;
 559              		.loc 1 278 24 view .LVU183
 560 0024 6064     		str	r0, [r4, #68]
 279:Drivers/STM32G0xx_HAL_Driver/Src/stm32g0xx_hal_dma.c ****   }
 561              		.loc 1 279 5 is_stmt 1 view .LVU184
 279:Drivers/STM32G0xx_HAL_Driver/Src/stm32g0xx_hal_dma.c ****   }
 562              		.loc 1 279 26 is_stmt 0 view .LVU185
 563 0026 204B     		ldr	r3, .L33+8
 564 0028 2364     		str	r3, [r4, #64]
 565              	.L29:
 292:Drivers/STM32G0xx_HAL_Driver/Src/stm32g0xx_hal_dma.c **** 
 566              		.loc 1 292 3 is_stmt 1 view .LVU186
 292:Drivers/STM32G0xx_HAL_Driver/Src/stm32g0xx_hal_dma.c **** 
 567              		.loc 1 292 23 is_stmt 0 view .LVU187
 568 002a 0026     		movs	r6, #0
 569 002c 2E60     		str	r6, [r5]
 296:Drivers/STM32G0xx_HAL_Driver/Src/stm32g0xx_hal_dma.c **** #else
 570              		.loc 1 296 3 is_stmt 1 view .LVU188
 296:Drivers/STM32G0xx_HAL_Driver/Src/stm32g0xx_hal_dma.c **** #else
 571              		.loc 1 296 54 is_stmt 0 view .LVU189
 572 002e 636C     		ldr	r3, [r4, #68]
 296:Drivers/STM32G0xx_HAL_Driver/Src/stm32g0xx_hal_dma.c **** #else
 573              		.loc 1 296 69 view .LVU190
 574 0030 1C22     		movs	r2, #28
 575 0032 1A40     		ands	r2, r3
 296:Drivers/STM32G0xx_HAL_Driver/Src/stm32g0xx_hal_dma.c **** #else
 576              		.loc 1 296 7 view .LVU191
 577 0034 216C     		ldr	r1, [r4, #64]
 296:Drivers/STM32G0xx_HAL_Driver/Src/stm32g0xx_hal_dma.c **** #else
 578              		.loc 1 296 46 view .LVU192
 579 0036 0123     		movs	r3, #1
 580 0038 9340     		lsls	r3, r3, r2
 296:Drivers/STM32G0xx_HAL_Driver/Src/stm32g0xx_hal_dma.c **** #else
 581              		.loc 1 296 30 view .LVU193
 582 003a 4B60     		str	r3, [r1, #4]
 304:Drivers/STM32G0xx_HAL_Driver/Src/stm32g0xx_hal_dma.c **** 
 583              		.loc 1 304 3 is_stmt 1 view .LVU194
 584 003c 2000     		movs	r0, r4
 585 003e FFF7FEFF 		bl	DMA_CalcDMAMUXChannelBaseAndMask
 586              	.LVL32:
 307:Drivers/STM32G0xx_HAL_Driver/Src/stm32g0xx_hal_dma.c **** 
 587              		.loc 1 307 3 view .LVU195
 307:Drivers/STM32G0xx_HAL_Driver/Src/stm32g0xx_hal_dma.c **** 
 588              		.loc 1 307 7 is_stmt 0 view .LVU196
 589 0042 A36C     		ldr	r3, [r4, #72]
 307:Drivers/STM32G0xx_HAL_Driver/Src/stm32g0xx_hal_dma.c **** 
 590              		.loc 1 307 28 view .LVU197
ARM GAS  C:\Users\sante\AppData\Local\Temp\ccY0eX5e.s 			page 34


 591 0044 1E60     		str	r6, [r3]
 310:Drivers/STM32G0xx_HAL_Driver/Src/stm32g0xx_hal_dma.c **** 
 592              		.loc 1 310 3 is_stmt 1 view .LVU198
 310:Drivers/STM32G0xx_HAL_Driver/Src/stm32g0xx_hal_dma.c **** 
 593              		.loc 1 310 7 is_stmt 0 view .LVU199
 594 0046 E36C     		ldr	r3, [r4, #76]
 310:Drivers/STM32G0xx_HAL_Driver/Src/stm32g0xx_hal_dma.c **** 
 595              		.loc 1 310 40 view .LVU200
 596 0048 226D     		ldr	r2, [r4, #80]
 310:Drivers/STM32G0xx_HAL_Driver/Src/stm32g0xx_hal_dma.c **** 
 597              		.loc 1 310 34 view .LVU201
 598 004a 5A60     		str	r2, [r3, #4]
 313:Drivers/STM32G0xx_HAL_Driver/Src/stm32g0xx_hal_dma.c ****   {
 599              		.loc 1 313 3 is_stmt 1 view .LVU202
 313:Drivers/STM32G0xx_HAL_Driver/Src/stm32g0xx_hal_dma.c ****   {
 600              		.loc 1 313 19 is_stmt 0 view .LVU203
 601 004c 6368     		ldr	r3, [r4, #4]
 313:Drivers/STM32G0xx_HAL_Driver/Src/stm32g0xx_hal_dma.c ****   {
 602              		.loc 1 313 36 view .LVU204
 603 004e 013B     		subs	r3, r3, #1
 313:Drivers/STM32G0xx_HAL_Driver/Src/stm32g0xx_hal_dma.c ****   {
 604              		.loc 1 313 6 view .LVU205
 605 0050 032B     		cmp	r3, #3
 606 0052 18D9     		bls	.L32
 607              	.L30:
 327:Drivers/STM32G0xx_HAL_Driver/Src/stm32g0xx_hal_dma.c ****   hdma->DMAmuxRequestGenStatus = 0U;
 608              		.loc 1 327 3 is_stmt 1 view .LVU206
 327:Drivers/STM32G0xx_HAL_Driver/Src/stm32g0xx_hal_dma.c ****   hdma->DMAmuxRequestGenStatus = 0U;
 609              		.loc 1 327 26 is_stmt 0 view .LVU207
 610 0054 0023     		movs	r3, #0
 611 0056 6365     		str	r3, [r4, #84]
 328:Drivers/STM32G0xx_HAL_Driver/Src/stm32g0xx_hal_dma.c ****   hdma->DMAmuxRequestGenStatusMask = 0U;
 612              		.loc 1 328 3 is_stmt 1 view .LVU208
 328:Drivers/STM32G0xx_HAL_Driver/Src/stm32g0xx_hal_dma.c ****   hdma->DMAmuxRequestGenStatusMask = 0U;
 613              		.loc 1 328 32 is_stmt 0 view .LVU209
 614 0058 A365     		str	r3, [r4, #88]
 329:Drivers/STM32G0xx_HAL_Driver/Src/stm32g0xx_hal_dma.c **** 
 615              		.loc 1 329 3 is_stmt 1 view .LVU210
 329:Drivers/STM32G0xx_HAL_Driver/Src/stm32g0xx_hal_dma.c **** 
 616              		.loc 1 329 36 is_stmt 0 view .LVU211
 617 005a E365     		str	r3, [r4, #92]
 332:Drivers/STM32G0xx_HAL_Driver/Src/stm32g0xx_hal_dma.c ****   hdma->XferHalfCpltCallback = NULL;
 618              		.loc 1 332 3 is_stmt 1 view .LVU212
 332:Drivers/STM32G0xx_HAL_Driver/Src/stm32g0xx_hal_dma.c ****   hdma->XferHalfCpltCallback = NULL;
 619              		.loc 1 332 26 is_stmt 0 view .LVU213
 620 005c E362     		str	r3, [r4, #44]
 333:Drivers/STM32G0xx_HAL_Driver/Src/stm32g0xx_hal_dma.c ****   hdma->XferErrorCallback = NULL;
 621              		.loc 1 333 3 is_stmt 1 view .LVU214
 333:Drivers/STM32G0xx_HAL_Driver/Src/stm32g0xx_hal_dma.c ****   hdma->XferErrorCallback = NULL;
 622              		.loc 1 333 30 is_stmt 0 view .LVU215
 623 005e 2363     		str	r3, [r4, #48]
 334:Drivers/STM32G0xx_HAL_Driver/Src/stm32g0xx_hal_dma.c ****   hdma->XferAbortCallback = NULL;
 624              		.loc 1 334 3 is_stmt 1 view .LVU216
 334:Drivers/STM32G0xx_HAL_Driver/Src/stm32g0xx_hal_dma.c ****   hdma->XferAbortCallback = NULL;
 625              		.loc 1 334 27 is_stmt 0 view .LVU217
 626 0060 6363     		str	r3, [r4, #52]
 335:Drivers/STM32G0xx_HAL_Driver/Src/stm32g0xx_hal_dma.c **** 
ARM GAS  C:\Users\sante\AppData\Local\Temp\ccY0eX5e.s 			page 35


 627              		.loc 1 335 3 is_stmt 1 view .LVU218
 335:Drivers/STM32G0xx_HAL_Driver/Src/stm32g0xx_hal_dma.c **** 
 628              		.loc 1 335 27 is_stmt 0 view .LVU219
 629 0062 A363     		str	r3, [r4, #56]
 338:Drivers/STM32G0xx_HAL_Driver/Src/stm32g0xx_hal_dma.c **** 
 630              		.loc 1 338 3 is_stmt 1 view .LVU220
 338:Drivers/STM32G0xx_HAL_Driver/Src/stm32g0xx_hal_dma.c **** 
 631              		.loc 1 338 19 is_stmt 0 view .LVU221
 632 0064 E363     		str	r3, [r4, #60]
 341:Drivers/STM32G0xx_HAL_Driver/Src/stm32g0xx_hal_dma.c **** 
 633              		.loc 1 341 3 is_stmt 1 view .LVU222
 341:Drivers/STM32G0xx_HAL_Driver/Src/stm32g0xx_hal_dma.c **** 
 634              		.loc 1 341 15 is_stmt 0 view .LVU223
 635 0066 2522     		movs	r2, #37
 636 0068 A354     		strb	r3, [r4, r2]
 344:Drivers/STM32G0xx_HAL_Driver/Src/stm32g0xx_hal_dma.c **** 
 637              		.loc 1 344 3 is_stmt 1 view .LVU224
 344:Drivers/STM32G0xx_HAL_Driver/Src/stm32g0xx_hal_dma.c **** 
 638              		.loc 1 344 3 view .LVU225
 639 006a 013A     		subs	r2, r2, #1
 640 006c A354     		strb	r3, [r4, r2]
 344:Drivers/STM32G0xx_HAL_Driver/Src/stm32g0xx_hal_dma.c **** 
 641              		.loc 1 344 3 view .LVU226
 346:Drivers/STM32G0xx_HAL_Driver/Src/stm32g0xx_hal_dma.c **** }
 642              		.loc 1 346 3 view .LVU227
 346:Drivers/STM32G0xx_HAL_Driver/Src/stm32g0xx_hal_dma.c **** }
 643              		.loc 1 346 10 is_stmt 0 view .LVU228
 644 006e 0020     		movs	r0, #0
 645              	.L27:
 347:Drivers/STM32G0xx_HAL_Driver/Src/stm32g0xx_hal_dma.c **** 
 646              		.loc 1 347 1 view .LVU229
 647              		@ sp needed
 648              	.LVL33:
 347:Drivers/STM32G0xx_HAL_Driver/Src/stm32g0xx_hal_dma.c **** 
 649              		.loc 1 347 1 view .LVU230
 650 0070 70BD     		pop	{r4, r5, r6, pc}
 651              	.LVL34:
 652              	.L28:
 284:Drivers/STM32G0xx_HAL_Driver/Src/stm32g0xx_hal_dma.c ****     hdma->DmaBaseAddress = DMA2;
 653              		.loc 1 284 5 is_stmt 1 view .LVU231
 284:Drivers/STM32G0xx_HAL_Driver/Src/stm32g0xx_hal_dma.c ****     hdma->DmaBaseAddress = DMA2;
 654              		.loc 1 284 80 is_stmt 0 view .LVU232
 655 0072 1421     		movs	r1, #20
 656 0074 0D4B     		ldr	r3, .L33+12
 657 0076 E818     		adds	r0, r5, r3
 658              	.LVL35:
 284:Drivers/STM32G0xx_HAL_Driver/Src/stm32g0xx_hal_dma.c ****     hdma->DmaBaseAddress = DMA2;
 659              		.loc 1 284 80 view .LVU233
 660 0078 FFF7FEFF 		bl	__aeabi_uidiv
 661              	.LVL36:
 284:Drivers/STM32G0xx_HAL_Driver/Src/stm32g0xx_hal_dma.c ****     hdma->DmaBaseAddress = DMA2;
 662              		.loc 1 284 135 view .LVU234
 663 007c 8000     		lsls	r0, r0, #2
 284:Drivers/STM32G0xx_HAL_Driver/Src/stm32g0xx_hal_dma.c ****     hdma->DmaBaseAddress = DMA2;
 664              		.loc 1 284 24 view .LVU235
 665 007e 6064     		str	r0, [r4, #68]
 285:Drivers/STM32G0xx_HAL_Driver/Src/stm32g0xx_hal_dma.c ****   }
ARM GAS  C:\Users\sante\AppData\Local\Temp\ccY0eX5e.s 			page 36


 666              		.loc 1 285 5 is_stmt 1 view .LVU236
 285:Drivers/STM32G0xx_HAL_Driver/Src/stm32g0xx_hal_dma.c ****   }
 667              		.loc 1 285 26 is_stmt 0 view .LVU237
 668 0080 0B4B     		ldr	r3, .L33+16
 669 0082 2364     		str	r3, [r4, #64]
 670 0084 D1E7     		b	.L29
 671              	.L32:
 318:Drivers/STM32G0xx_HAL_Driver/Src/stm32g0xx_hal_dma.c **** 
 672              		.loc 1 318 5 is_stmt 1 view .LVU238
 673 0086 2000     		movs	r0, r4
 674 0088 FFF7FEFF 		bl	DMA_CalcDMAMUXRequestGenBaseAndMask
 675              	.LVL37:
 321:Drivers/STM32G0xx_HAL_Driver/Src/stm32g0xx_hal_dma.c **** 
 676              		.loc 1 321 5 view .LVU239
 321:Drivers/STM32G0xx_HAL_Driver/Src/stm32g0xx_hal_dma.c **** 
 677              		.loc 1 321 9 is_stmt 0 view .LVU240
 678 008c 636D     		ldr	r3, [r4, #84]
 321:Drivers/STM32G0xx_HAL_Driver/Src/stm32g0xx_hal_dma.c **** 
 679              		.loc 1 321 34 view .LVU241
 680 008e 0022     		movs	r2, #0
 681 0090 1A60     		str	r2, [r3]
 324:Drivers/STM32G0xx_HAL_Driver/Src/stm32g0xx_hal_dma.c ****   }
 682              		.loc 1 324 5 is_stmt 1 view .LVU242
 324:Drivers/STM32G0xx_HAL_Driver/Src/stm32g0xx_hal_dma.c ****   }
 683              		.loc 1 324 9 is_stmt 0 view .LVU243
 684 0092 A36D     		ldr	r3, [r4, #88]
 324:Drivers/STM32G0xx_HAL_Driver/Src/stm32g0xx_hal_dma.c ****   }
 685              		.loc 1 324 47 view .LVU244
 686 0094 E26D     		ldr	r2, [r4, #92]
 324:Drivers/STM32G0xx_HAL_Driver/Src/stm32g0xx_hal_dma.c ****   }
 687              		.loc 1 324 41 view .LVU245
 688 0096 5A60     		str	r2, [r3, #4]
 689 0098 DCE7     		b	.L30
 690              	.LVL38:
 691              	.L31:
 264:Drivers/STM32G0xx_HAL_Driver/Src/stm32g0xx_hal_dma.c ****   }
 692              		.loc 1 264 12 view .LVU246
 693 009a 0120     		movs	r0, #1
 694              	.LVL39:
 264:Drivers/STM32G0xx_HAL_Driver/Src/stm32g0xx_hal_dma.c ****   }
 695              		.loc 1 264 12 view .LVU247
 696 009c E8E7     		b	.L27
 697              	.L34:
 698 009e C046     		.align	2
 699              	.L33:
 700 00a0 07040240 		.word	1073873927
 701 00a4 F8FFFDBF 		.word	-1073872904
 702 00a8 00000240 		.word	1073872896
 703 00ac F8FBFDBF 		.word	-1073873928
 704 00b0 00040240 		.word	1073873920
 705              		.cfi_endproc
 706              	.LFE494:
 708              		.section	.text.HAL_DMA_Start,"ax",%progbits
 709              		.align	1
 710              		.global	HAL_DMA_Start
 711              		.syntax unified
 712              		.code	16
ARM GAS  C:\Users\sante\AppData\Local\Temp\ccY0eX5e.s 			page 37


 713              		.thumb_func
 715              	HAL_DMA_Start:
 716              	.LVL40:
 717              	.LFB495:
 383:Drivers/STM32G0xx_HAL_Driver/Src/stm32g0xx_hal_dma.c ****   HAL_StatusTypeDef status = HAL_OK;
 718              		.loc 1 383 1 is_stmt 1 view -0
 719              		.cfi_startproc
 720              		@ args = 0, pretend = 0, frame = 0
 721              		@ frame_needed = 0, uses_anonymous_args = 0
 383:Drivers/STM32G0xx_HAL_Driver/Src/stm32g0xx_hal_dma.c ****   HAL_StatusTypeDef status = HAL_OK;
 722              		.loc 1 383 1 is_stmt 0 view .LVU249
 723 0000 70B5     		push	{r4, r5, r6, lr}
 724              		.cfi_def_cfa_offset 16
 725              		.cfi_offset 4, -16
 726              		.cfi_offset 5, -12
 727              		.cfi_offset 6, -8
 728              		.cfi_offset 14, -4
 729 0002 0400     		movs	r4, r0
 384:Drivers/STM32G0xx_HAL_Driver/Src/stm32g0xx_hal_dma.c **** 
 730              		.loc 1 384 3 is_stmt 1 view .LVU250
 731              	.LVL41:
 387:Drivers/STM32G0xx_HAL_Driver/Src/stm32g0xx_hal_dma.c **** 
 732              		.loc 1 387 3 view .LVU251
 390:Drivers/STM32G0xx_HAL_Driver/Src/stm32g0xx_hal_dma.c **** 
 733              		.loc 1 390 3 view .LVU252
 390:Drivers/STM32G0xx_HAL_Driver/Src/stm32g0xx_hal_dma.c **** 
 734              		.loc 1 390 3 view .LVU253
 735 0004 2420     		movs	r0, #36
 736              	.LVL42:
 390:Drivers/STM32G0xx_HAL_Driver/Src/stm32g0xx_hal_dma.c **** 
 737              		.loc 1 390 3 is_stmt 0 view .LVU254
 738 0006 205C     		ldrb	r0, [r4, r0]
 739 0008 0128     		cmp	r0, #1
 740 000a 20D0     		beq	.L38
 390:Drivers/STM32G0xx_HAL_Driver/Src/stm32g0xx_hal_dma.c **** 
 741              		.loc 1 390 3 is_stmt 1 discriminator 2 view .LVU255
 742 000c 2420     		movs	r0, #36
 743 000e 0125     		movs	r5, #1
 744 0010 2554     		strb	r5, [r4, r0]
 390:Drivers/STM32G0xx_HAL_Driver/Src/stm32g0xx_hal_dma.c **** 
 745              		.loc 1 390 3 view .LVU256
 392:Drivers/STM32G0xx_HAL_Driver/Src/stm32g0xx_hal_dma.c ****   {
 746              		.loc 1 392 3 view .LVU257
 392:Drivers/STM32G0xx_HAL_Driver/Src/stm32g0xx_hal_dma.c ****   {
 747              		.loc 1 392 11 is_stmt 0 view .LVU258
 748 0012 0130     		adds	r0, r0, #1
 749 0014 205C     		ldrb	r0, [r4, r0]
 392:Drivers/STM32G0xx_HAL_Driver/Src/stm32g0xx_hal_dma.c ****   {
 750              		.loc 1 392 6 view .LVU259
 751 0016 0128     		cmp	r0, #1
 752 0018 06D0     		beq	.L39
 412:Drivers/STM32G0xx_HAL_Driver/Src/stm32g0xx_hal_dma.c **** 
 753              		.loc 1 412 5 is_stmt 1 view .LVU260
 412:Drivers/STM32G0xx_HAL_Driver/Src/stm32g0xx_hal_dma.c **** 
 754              		.loc 1 412 21 is_stmt 0 view .LVU261
 755 001a 8023     		movs	r3, #128
 756              	.LVL43:
ARM GAS  C:\Users\sante\AppData\Local\Temp\ccY0eX5e.s 			page 38


 412:Drivers/STM32G0xx_HAL_Driver/Src/stm32g0xx_hal_dma.c **** 
 757              		.loc 1 412 21 view .LVU262
 758 001c E363     		str	r3, [r4, #60]
 415:Drivers/STM32G0xx_HAL_Driver/Src/stm32g0xx_hal_dma.c **** 
 759              		.loc 1 415 5 is_stmt 1 view .LVU263
 415:Drivers/STM32G0xx_HAL_Driver/Src/stm32g0xx_hal_dma.c **** 
 760              		.loc 1 415 5 view .LVU264
 761 001e 5C3B     		subs	r3, r3, #92
 762 0020 0022     		movs	r2, #0
 763              	.LVL44:
 415:Drivers/STM32G0xx_HAL_Driver/Src/stm32g0xx_hal_dma.c **** 
 764              		.loc 1 415 5 is_stmt 0 view .LVU265
 765 0022 E254     		strb	r2, [r4, r3]
 415:Drivers/STM32G0xx_HAL_Driver/Src/stm32g0xx_hal_dma.c **** 
 766              		.loc 1 415 5 is_stmt 1 view .LVU266
 418:Drivers/STM32G0xx_HAL_Driver/Src/stm32g0xx_hal_dma.c ****   }
 767              		.loc 1 418 5 view .LVU267
 768              	.LVL45:
 418:Drivers/STM32G0xx_HAL_Driver/Src/stm32g0xx_hal_dma.c ****   }
 769              		.loc 1 418 12 is_stmt 0 view .LVU268
 770 0024 0120     		movs	r0, #1
 771              	.LVL46:
 772              	.L36:
 422:Drivers/STM32G0xx_HAL_Driver/Src/stm32g0xx_hal_dma.c **** 
 773              		.loc 1 422 1 view .LVU269
 774              		@ sp needed
 775              	.LVL47:
 422:Drivers/STM32G0xx_HAL_Driver/Src/stm32g0xx_hal_dma.c **** 
 776              		.loc 1 422 1 view .LVU270
 777 0026 70BD     		pop	{r4, r5, r6, pc}
 778              	.LVL48:
 779              	.L39:
 395:Drivers/STM32G0xx_HAL_Driver/Src/stm32g0xx_hal_dma.c **** 
 780              		.loc 1 395 5 is_stmt 1 view .LVU271
 395:Drivers/STM32G0xx_HAL_Driver/Src/stm32g0xx_hal_dma.c **** 
 781              		.loc 1 395 17 is_stmt 0 view .LVU272
 782 0028 2430     		adds	r0, r0, #36
 783 002a 0135     		adds	r5, r5, #1
 784 002c 2554     		strb	r5, [r4, r0]
 398:Drivers/STM32G0xx_HAL_Driver/Src/stm32g0xx_hal_dma.c **** 
 785              		.loc 1 398 5 is_stmt 1 view .LVU273
 398:Drivers/STM32G0xx_HAL_Driver/Src/stm32g0xx_hal_dma.c **** 
 786              		.loc 1 398 21 is_stmt 0 view .LVU274
 787 002e 0020     		movs	r0, #0
 788 0030 E063     		str	r0, [r4, #60]
 401:Drivers/STM32G0xx_HAL_Driver/Src/stm32g0xx_hal_dma.c **** 
 789              		.loc 1 401 5 is_stmt 1 view .LVU275
 790 0032 2668     		ldr	r6, [r4]
 791 0034 3068     		ldr	r0, [r6]
 792 0036 013D     		subs	r5, r5, #1
 793 0038 A843     		bics	r0, r5
 794 003a 3060     		str	r0, [r6]
 404:Drivers/STM32G0xx_HAL_Driver/Src/stm32g0xx_hal_dma.c **** 
 795              		.loc 1 404 5 view .LVU276
 796 003c 2000     		movs	r0, r4
 797 003e FFF7FEFF 		bl	DMA_SetConfig
 798              	.LVL49:
ARM GAS  C:\Users\sante\AppData\Local\Temp\ccY0eX5e.s 			page 39


 407:Drivers/STM32G0xx_HAL_Driver/Src/stm32g0xx_hal_dma.c ****   }
 799              		.loc 1 407 5 view .LVU277
 800 0042 2268     		ldr	r2, [r4]
 801 0044 1368     		ldr	r3, [r2]
 802 0046 2B43     		orrs	r3, r5
 803 0048 1360     		str	r3, [r2]
 384:Drivers/STM32G0xx_HAL_Driver/Src/stm32g0xx_hal_dma.c **** 
 804              		.loc 1 384 21 is_stmt 0 view .LVU278
 805 004a 0020     		movs	r0, #0
 806 004c EBE7     		b	.L36
 807              	.LVL50:
 808              	.L38:
 390:Drivers/STM32G0xx_HAL_Driver/Src/stm32g0xx_hal_dma.c **** 
 809              		.loc 1 390 3 discriminator 1 view .LVU279
 810 004e 0220     		movs	r0, #2
 811 0050 E9E7     		b	.L36
 812              		.cfi_endproc
 813              	.LFE495:
 815              		.section	.text.HAL_DMA_Start_IT,"ax",%progbits
 816              		.align	1
 817              		.global	HAL_DMA_Start_IT
 818              		.syntax unified
 819              		.code	16
 820              		.thumb_func
 822              	HAL_DMA_Start_IT:
 823              	.LVL51:
 824              	.LFB496:
 435:Drivers/STM32G0xx_HAL_Driver/Src/stm32g0xx_hal_dma.c ****   HAL_StatusTypeDef status = HAL_OK;
 825              		.loc 1 435 1 is_stmt 1 view -0
 826              		.cfi_startproc
 827              		@ args = 0, pretend = 0, frame = 0
 828              		@ frame_needed = 0, uses_anonymous_args = 0
 435:Drivers/STM32G0xx_HAL_Driver/Src/stm32g0xx_hal_dma.c ****   HAL_StatusTypeDef status = HAL_OK;
 829              		.loc 1 435 1 is_stmt 0 view .LVU281
 830 0000 70B5     		push	{r4, r5, r6, lr}
 831              		.cfi_def_cfa_offset 16
 832              		.cfi_offset 4, -16
 833              		.cfi_offset 5, -12
 834              		.cfi_offset 6, -8
 835              		.cfi_offset 14, -4
 836 0002 0400     		movs	r4, r0
 436:Drivers/STM32G0xx_HAL_Driver/Src/stm32g0xx_hal_dma.c **** 
 837              		.loc 1 436 3 is_stmt 1 view .LVU282
 838              	.LVL52:
 439:Drivers/STM32G0xx_HAL_Driver/Src/stm32g0xx_hal_dma.c **** 
 839              		.loc 1 439 3 view .LVU283
 442:Drivers/STM32G0xx_HAL_Driver/Src/stm32g0xx_hal_dma.c **** 
 840              		.loc 1 442 3 view .LVU284
 442:Drivers/STM32G0xx_HAL_Driver/Src/stm32g0xx_hal_dma.c **** 
 841              		.loc 1 442 3 view .LVU285
 842 0004 2420     		movs	r0, #36
 843              	.LVL53:
 442:Drivers/STM32G0xx_HAL_Driver/Src/stm32g0xx_hal_dma.c **** 
 844              		.loc 1 442 3 is_stmt 0 view .LVU286
 845 0006 205C     		ldrb	r0, [r4, r0]
 846 0008 0128     		cmp	r0, #1
 847 000a 45D0     		beq	.L47
ARM GAS  C:\Users\sante\AppData\Local\Temp\ccY0eX5e.s 			page 40


 442:Drivers/STM32G0xx_HAL_Driver/Src/stm32g0xx_hal_dma.c **** 
 848              		.loc 1 442 3 is_stmt 1 discriminator 2 view .LVU287
 849 000c 2420     		movs	r0, #36
 850 000e 0125     		movs	r5, #1
 851 0010 2554     		strb	r5, [r4, r0]
 442:Drivers/STM32G0xx_HAL_Driver/Src/stm32g0xx_hal_dma.c **** 
 852              		.loc 1 442 3 view .LVU288
 444:Drivers/STM32G0xx_HAL_Driver/Src/stm32g0xx_hal_dma.c ****   {
 853              		.loc 1 444 3 view .LVU289
 444:Drivers/STM32G0xx_HAL_Driver/Src/stm32g0xx_hal_dma.c ****   {
 854              		.loc 1 444 11 is_stmt 0 view .LVU290
 855 0012 0130     		adds	r0, r0, #1
 856 0014 205C     		ldrb	r0, [r4, r0]
 444:Drivers/STM32G0xx_HAL_Driver/Src/stm32g0xx_hal_dma.c ****   {
 857              		.loc 1 444 6 view .LVU291
 858 0016 0128     		cmp	r0, #1
 859 0018 06D0     		beq	.L49
 489:Drivers/STM32G0xx_HAL_Driver/Src/stm32g0xx_hal_dma.c **** 
 860              		.loc 1 489 5 is_stmt 1 view .LVU292
 489:Drivers/STM32G0xx_HAL_Driver/Src/stm32g0xx_hal_dma.c **** 
 861              		.loc 1 489 21 is_stmt 0 view .LVU293
 862 001a 8023     		movs	r3, #128
 863              	.LVL54:
 489:Drivers/STM32G0xx_HAL_Driver/Src/stm32g0xx_hal_dma.c **** 
 864              		.loc 1 489 21 view .LVU294
 865 001c E363     		str	r3, [r4, #60]
 492:Drivers/STM32G0xx_HAL_Driver/Src/stm32g0xx_hal_dma.c **** 
 866              		.loc 1 492 5 is_stmt 1 view .LVU295
 492:Drivers/STM32G0xx_HAL_Driver/Src/stm32g0xx_hal_dma.c **** 
 867              		.loc 1 492 5 view .LVU296
 868 001e 5C3B     		subs	r3, r3, #92
 869 0020 0022     		movs	r2, #0
 870              	.LVL55:
 492:Drivers/STM32G0xx_HAL_Driver/Src/stm32g0xx_hal_dma.c **** 
 871              		.loc 1 492 5 is_stmt 0 view .LVU297
 872 0022 E254     		strb	r2, [r4, r3]
 492:Drivers/STM32G0xx_HAL_Driver/Src/stm32g0xx_hal_dma.c **** 
 873              		.loc 1 492 5 is_stmt 1 view .LVU298
 495:Drivers/STM32G0xx_HAL_Driver/Src/stm32g0xx_hal_dma.c ****   }
 874              		.loc 1 495 5 view .LVU299
 875              	.LVL56:
 495:Drivers/STM32G0xx_HAL_Driver/Src/stm32g0xx_hal_dma.c ****   }
 876              		.loc 1 495 12 is_stmt 0 view .LVU300
 877 0024 0120     		movs	r0, #1
 878              	.LVL57:
 879              	.L41:
 499:Drivers/STM32G0xx_HAL_Driver/Src/stm32g0xx_hal_dma.c **** 
 880              		.loc 1 499 1 view .LVU301
 881              		@ sp needed
 882              	.LVL58:
 499:Drivers/STM32G0xx_HAL_Driver/Src/stm32g0xx_hal_dma.c **** 
 883              		.loc 1 499 1 view .LVU302
 884 0026 70BD     		pop	{r4, r5, r6, pc}
 885              	.LVL59:
 886              	.L49:
 447:Drivers/STM32G0xx_HAL_Driver/Src/stm32g0xx_hal_dma.c ****     hdma->ErrorCode = HAL_DMA_ERROR_NONE;
 887              		.loc 1 447 5 is_stmt 1 view .LVU303
ARM GAS  C:\Users\sante\AppData\Local\Temp\ccY0eX5e.s 			page 41


 447:Drivers/STM32G0xx_HAL_Driver/Src/stm32g0xx_hal_dma.c ****     hdma->ErrorCode = HAL_DMA_ERROR_NONE;
 888              		.loc 1 447 17 is_stmt 0 view .LVU304
 889 0028 2430     		adds	r0, r0, #36
 890 002a 0135     		adds	r5, r5, #1
 891 002c 2554     		strb	r5, [r4, r0]
 448:Drivers/STM32G0xx_HAL_Driver/Src/stm32g0xx_hal_dma.c **** 
 892              		.loc 1 448 5 is_stmt 1 view .LVU305
 448:Drivers/STM32G0xx_HAL_Driver/Src/stm32g0xx_hal_dma.c **** 
 893              		.loc 1 448 21 is_stmt 0 view .LVU306
 894 002e 0020     		movs	r0, #0
 895 0030 E063     		str	r0, [r4, #60]
 451:Drivers/STM32G0xx_HAL_Driver/Src/stm32g0xx_hal_dma.c **** 
 896              		.loc 1 451 5 is_stmt 1 view .LVU307
 897 0032 2568     		ldr	r5, [r4]
 898 0034 2868     		ldr	r0, [r5]
 899 0036 0126     		movs	r6, #1
 900 0038 B043     		bics	r0, r6
 901 003a 2860     		str	r0, [r5]
 454:Drivers/STM32G0xx_HAL_Driver/Src/stm32g0xx_hal_dma.c **** 
 902              		.loc 1 454 5 view .LVU308
 903 003c 2000     		movs	r0, r4
 904 003e FFF7FEFF 		bl	DMA_SetConfig
 905              	.LVL60:
 458:Drivers/STM32G0xx_HAL_Driver/Src/stm32g0xx_hal_dma.c ****     {
 906              		.loc 1 458 5 view .LVU309
 458:Drivers/STM32G0xx_HAL_Driver/Src/stm32g0xx_hal_dma.c ****     {
 907              		.loc 1 458 21 is_stmt 0 view .LVU310
 908 0042 236B     		ldr	r3, [r4, #48]
 458:Drivers/STM32G0xx_HAL_Driver/Src/stm32g0xx_hal_dma.c ****     {
 909              		.loc 1 458 8 view .LVU311
 910 0044 002B     		cmp	r3, #0
 911 0046 1CD0     		beq	.L43
 461:Drivers/STM32G0xx_HAL_Driver/Src/stm32g0xx_hal_dma.c ****     }
 912              		.loc 1 461 7 is_stmt 1 view .LVU312
 913 0048 2268     		ldr	r2, [r4]
 914 004a 1368     		ldr	r3, [r2]
 915 004c 0E21     		movs	r1, #14
 916 004e 0B43     		orrs	r3, r1
 917 0050 1360     		str	r3, [r2]
 918              	.L44:
 470:Drivers/STM32G0xx_HAL_Driver/Src/stm32g0xx_hal_dma.c ****     {
 919              		.loc 1 470 5 view .LVU313
 470:Drivers/STM32G0xx_HAL_Driver/Src/stm32g0xx_hal_dma.c ****     {
 920              		.loc 1 470 14 is_stmt 0 view .LVU314
 921 0052 A26C     		ldr	r2, [r4, #72]
 470:Drivers/STM32G0xx_HAL_Driver/Src/stm32g0xx_hal_dma.c ****     {
 922              		.loc 1 470 29 view .LVU315
 923 0054 1368     		ldr	r3, [r2]
 470:Drivers/STM32G0xx_HAL_Driver/Src/stm32g0xx_hal_dma.c ****     {
 924              		.loc 1 470 8 view .LVU316
 925 0056 DB03     		lsls	r3, r3, #15
 926 0058 04D5     		bpl	.L45
 473:Drivers/STM32G0xx_HAL_Driver/Src/stm32g0xx_hal_dma.c ****     }
 927              		.loc 1 473 7 is_stmt 1 view .LVU317
 473:Drivers/STM32G0xx_HAL_Driver/Src/stm32g0xx_hal_dma.c ****     }
 928              		.loc 1 473 26 is_stmt 0 view .LVU318
 929 005a 1168     		ldr	r1, [r2]
ARM GAS  C:\Users\sante\AppData\Local\Temp\ccY0eX5e.s 			page 42


 473:Drivers/STM32G0xx_HAL_Driver/Src/stm32g0xx_hal_dma.c ****     }
 930              		.loc 1 473 32 view .LVU319
 931 005c 8023     		movs	r3, #128
 932 005e 5B00     		lsls	r3, r3, #1
 933 0060 0B43     		orrs	r3, r1
 934 0062 1360     		str	r3, [r2]
 935              	.L45:
 476:Drivers/STM32G0xx_HAL_Driver/Src/stm32g0xx_hal_dma.c ****     {
 936              		.loc 1 476 5 is_stmt 1 view .LVU320
 476:Drivers/STM32G0xx_HAL_Driver/Src/stm32g0xx_hal_dma.c ****     {
 937              		.loc 1 476 13 is_stmt 0 view .LVU321
 938 0064 636D     		ldr	r3, [r4, #84]
 476:Drivers/STM32G0xx_HAL_Driver/Src/stm32g0xx_hal_dma.c ****     {
 939              		.loc 1 476 8 view .LVU322
 940 0066 002B     		cmp	r3, #0
 941 0068 04D0     		beq	.L46
 480:Drivers/STM32G0xx_HAL_Driver/Src/stm32g0xx_hal_dma.c ****     }
 942              		.loc 1 480 7 is_stmt 1 view .LVU323
 480:Drivers/STM32G0xx_HAL_Driver/Src/stm32g0xx_hal_dma.c ****     }
 943              		.loc 1 480 29 is_stmt 0 view .LVU324
 944 006a 1968     		ldr	r1, [r3]
 480:Drivers/STM32G0xx_HAL_Driver/Src/stm32g0xx_hal_dma.c ****     }
 945              		.loc 1 480 36 view .LVU325
 946 006c 8022     		movs	r2, #128
 947 006e 5200     		lsls	r2, r2, #1
 948 0070 0A43     		orrs	r2, r1
 949 0072 1A60     		str	r2, [r3]
 950              	.L46:
 484:Drivers/STM32G0xx_HAL_Driver/Src/stm32g0xx_hal_dma.c ****   }
 951              		.loc 1 484 5 is_stmt 1 view .LVU326
 952 0074 2268     		ldr	r2, [r4]
 953 0076 1368     		ldr	r3, [r2]
 954 0078 0121     		movs	r1, #1
 955 007a 0B43     		orrs	r3, r1
 956 007c 1360     		str	r3, [r2]
 436:Drivers/STM32G0xx_HAL_Driver/Src/stm32g0xx_hal_dma.c **** 
 957              		.loc 1 436 21 is_stmt 0 view .LVU327
 958 007e 0020     		movs	r0, #0
 959 0080 D1E7     		b	.L41
 960              	.L43:
 465:Drivers/STM32G0xx_HAL_Driver/Src/stm32g0xx_hal_dma.c ****       __HAL_DMA_ENABLE_IT(hdma, (DMA_IT_TC | DMA_IT_TE));
 961              		.loc 1 465 7 is_stmt 1 view .LVU328
 962 0082 2268     		ldr	r2, [r4]
 963 0084 1368     		ldr	r3, [r2]
 964 0086 0421     		movs	r1, #4
 965 0088 8B43     		bics	r3, r1
 966 008a 1360     		str	r3, [r2]
 466:Drivers/STM32G0xx_HAL_Driver/Src/stm32g0xx_hal_dma.c ****     }
 967              		.loc 1 466 7 view .LVU329
 968 008c 2268     		ldr	r2, [r4]
 969 008e 1368     		ldr	r3, [r2]
 970 0090 0631     		adds	r1, r1, #6
 971 0092 0B43     		orrs	r3, r1
 972 0094 1360     		str	r3, [r2]
 973 0096 DCE7     		b	.L44
 974              	.LVL61:
 975              	.L47:
ARM GAS  C:\Users\sante\AppData\Local\Temp\ccY0eX5e.s 			page 43


 442:Drivers/STM32G0xx_HAL_Driver/Src/stm32g0xx_hal_dma.c **** 
 976              		.loc 1 442 3 is_stmt 0 discriminator 1 view .LVU330
 977 0098 0220     		movs	r0, #2
 978 009a C4E7     		b	.L41
 979              		.cfi_endproc
 980              	.LFE496:
 982              		.section	.text.HAL_DMA_Abort,"ax",%progbits
 983              		.align	1
 984              		.global	HAL_DMA_Abort
 985              		.syntax unified
 986              		.code	16
 987              		.thumb_func
 989              	HAL_DMA_Abort:
 990              	.LVL62:
 991              	.LFB497:
 508:Drivers/STM32G0xx_HAL_Driver/Src/stm32g0xx_hal_dma.c ****   /* Check the DMA peripheral handle */
 992              		.loc 1 508 1 is_stmt 1 view -0
 993              		.cfi_startproc
 994              		@ args = 0, pretend = 0, frame = 0
 995              		@ frame_needed = 0, uses_anonymous_args = 0
 996              		@ link register save eliminated.
 510:Drivers/STM32G0xx_HAL_Driver/Src/stm32g0xx_hal_dma.c ****   {
 997              		.loc 1 510 3 view .LVU332
 510:Drivers/STM32G0xx_HAL_Driver/Src/stm32g0xx_hal_dma.c ****   {
 998              		.loc 1 510 6 is_stmt 0 view .LVU333
 999 0000 0028     		cmp	r0, #0
 1000 0002 34D0     		beq	.L54
 516:Drivers/STM32G0xx_HAL_Driver/Src/stm32g0xx_hal_dma.c ****   {
 1001              		.loc 1 516 3 is_stmt 1 view .LVU334
 516:Drivers/STM32G0xx_HAL_Driver/Src/stm32g0xx_hal_dma.c ****   {
 1002              		.loc 1 516 11 is_stmt 0 view .LVU335
 1003 0004 2523     		movs	r3, #37
 1004 0006 C35C     		ldrb	r3, [r0, r3]
 516:Drivers/STM32G0xx_HAL_Driver/Src/stm32g0xx_hal_dma.c ****   {
 1005              		.loc 1 516 6 view .LVU336
 1006 0008 022B     		cmp	r3, #2
 1007 000a 06D0     		beq	.L52
 518:Drivers/STM32G0xx_HAL_Driver/Src/stm32g0xx_hal_dma.c **** 
 1008              		.loc 1 518 5 is_stmt 1 view .LVU337
 518:Drivers/STM32G0xx_HAL_Driver/Src/stm32g0xx_hal_dma.c **** 
 1009              		.loc 1 518 21 is_stmt 0 view .LVU338
 1010 000c 0423     		movs	r3, #4
 1011 000e C363     		str	r3, [r0, #60]
 521:Drivers/STM32G0xx_HAL_Driver/Src/stm32g0xx_hal_dma.c **** 
 1012              		.loc 1 521 5 is_stmt 1 view .LVU339
 521:Drivers/STM32G0xx_HAL_Driver/Src/stm32g0xx_hal_dma.c **** 
 1013              		.loc 1 521 5 view .LVU340
 1014 0010 2033     		adds	r3, r3, #32
 1015 0012 0022     		movs	r2, #0
 1016 0014 C254     		strb	r2, [r0, r3]
 521:Drivers/STM32G0xx_HAL_Driver/Src/stm32g0xx_hal_dma.c **** 
 1017              		.loc 1 521 5 view .LVU341
 523:Drivers/STM32G0xx_HAL_Driver/Src/stm32g0xx_hal_dma.c ****   }
 1018              		.loc 1 523 5 view .LVU342
 523:Drivers/STM32G0xx_HAL_Driver/Src/stm32g0xx_hal_dma.c ****   }
 1019              		.loc 1 523 12 is_stmt 0 view .LVU343
 1020 0016 0120     		movs	r0, #1
ARM GAS  C:\Users\sante\AppData\Local\Temp\ccY0eX5e.s 			page 44


 1021              	.LVL63:
 1022              	.L51:
 564:Drivers/STM32G0xx_HAL_Driver/Src/stm32g0xx_hal_dma.c **** 
 1023              		.loc 1 564 1 view .LVU344
 1024              		@ sp needed
 1025 0018 7047     		bx	lr
 1026              	.LVL64:
 1027              	.L52:
 528:Drivers/STM32G0xx_HAL_Driver/Src/stm32g0xx_hal_dma.c **** 
 1028              		.loc 1 528 5 is_stmt 1 view .LVU345
 1029 001a 0268     		ldr	r2, [r0]
 1030 001c 1368     		ldr	r3, [r2]
 1031 001e 0E21     		movs	r1, #14
 1032 0020 8B43     		bics	r3, r1
 1033 0022 1360     		str	r3, [r2]
 531:Drivers/STM32G0xx_HAL_Driver/Src/stm32g0xx_hal_dma.c **** 
 1034              		.loc 1 531 5 view .LVU346
 531:Drivers/STM32G0xx_HAL_Driver/Src/stm32g0xx_hal_dma.c **** 
 1035              		.loc 1 531 9 is_stmt 0 view .LVU347
 1036 0024 826C     		ldr	r2, [r0, #72]
 531:Drivers/STM32G0xx_HAL_Driver/Src/stm32g0xx_hal_dma.c **** 
 1037              		.loc 1 531 24 view .LVU348
 1038 0026 1368     		ldr	r3, [r2]
 531:Drivers/STM32G0xx_HAL_Driver/Src/stm32g0xx_hal_dma.c **** 
 1039              		.loc 1 531 30 view .LVU349
 1040 0028 1249     		ldr	r1, .L55
 1041 002a 0B40     		ands	r3, r1
 1042 002c 1360     		str	r3, [r2]
 534:Drivers/STM32G0xx_HAL_Driver/Src/stm32g0xx_hal_dma.c **** 
 1043              		.loc 1 534 5 is_stmt 1 view .LVU350
 1044 002e 0168     		ldr	r1, [r0]
 1045 0030 0A68     		ldr	r2, [r1]
 1046 0032 0123     		movs	r3, #1
 1047 0034 9A43     		bics	r2, r3
 1048 0036 0A60     		str	r2, [r1]
 538:Drivers/STM32G0xx_HAL_Driver/Src/stm32g0xx_hal_dma.c **** #else
 1049              		.loc 1 538 5 view .LVU351
 538:Drivers/STM32G0xx_HAL_Driver/Src/stm32g0xx_hal_dma.c **** #else
 1050              		.loc 1 538 56 is_stmt 0 view .LVU352
 1051 0038 416C     		ldr	r1, [r0, #68]
 538:Drivers/STM32G0xx_HAL_Driver/Src/stm32g0xx_hal_dma.c **** #else
 1052              		.loc 1 538 71 view .LVU353
 1053 003a 1C22     		movs	r2, #28
 1054 003c 0A40     		ands	r2, r1
 538:Drivers/STM32G0xx_HAL_Driver/Src/stm32g0xx_hal_dma.c **** #else
 1055              		.loc 1 538 9 view .LVU354
 1056 003e 016C     		ldr	r1, [r0, #64]
 538:Drivers/STM32G0xx_HAL_Driver/Src/stm32g0xx_hal_dma.c **** #else
 1057              		.loc 1 538 48 view .LVU355
 1058 0040 9340     		lsls	r3, r3, r2
 538:Drivers/STM32G0xx_HAL_Driver/Src/stm32g0xx_hal_dma.c **** #else
 1059              		.loc 1 538 32 view .LVU356
 1060 0042 4B60     		str	r3, [r1, #4]
 544:Drivers/STM32G0xx_HAL_Driver/Src/stm32g0xx_hal_dma.c **** 
 1061              		.loc 1 544 5 is_stmt 1 view .LVU357
 544:Drivers/STM32G0xx_HAL_Driver/Src/stm32g0xx_hal_dma.c **** 
 1062              		.loc 1 544 9 is_stmt 0 view .LVU358
ARM GAS  C:\Users\sante\AppData\Local\Temp\ccY0eX5e.s 			page 45


 1063 0044 C36C     		ldr	r3, [r0, #76]
 544:Drivers/STM32G0xx_HAL_Driver/Src/stm32g0xx_hal_dma.c **** 
 1064              		.loc 1 544 42 view .LVU359
 1065 0046 026D     		ldr	r2, [r0, #80]
 544:Drivers/STM32G0xx_HAL_Driver/Src/stm32g0xx_hal_dma.c **** 
 1066              		.loc 1 544 36 view .LVU360
 1067 0048 5A60     		str	r2, [r3, #4]
 546:Drivers/STM32G0xx_HAL_Driver/Src/stm32g0xx_hal_dma.c ****     {
 1068              		.loc 1 546 5 is_stmt 1 view .LVU361
 546:Drivers/STM32G0xx_HAL_Driver/Src/stm32g0xx_hal_dma.c ****     {
 1069              		.loc 1 546 13 is_stmt 0 view .LVU362
 1070 004a 436D     		ldr	r3, [r0, #84]
 546:Drivers/STM32G0xx_HAL_Driver/Src/stm32g0xx_hal_dma.c ****     {
 1071              		.loc 1 546 8 view .LVU363
 1072 004c 002B     		cmp	r3, #0
 1073 004e 06D0     		beq	.L53
 550:Drivers/STM32G0xx_HAL_Driver/Src/stm32g0xx_hal_dma.c **** 
 1074              		.loc 1 550 7 is_stmt 1 view .LVU364
 550:Drivers/STM32G0xx_HAL_Driver/Src/stm32g0xx_hal_dma.c **** 
 1075              		.loc 1 550 29 is_stmt 0 view .LVU365
 1076 0050 1A68     		ldr	r2, [r3]
 550:Drivers/STM32G0xx_HAL_Driver/Src/stm32g0xx_hal_dma.c **** 
 1077              		.loc 1 550 36 view .LVU366
 1078 0052 0849     		ldr	r1, .L55
 1079 0054 0A40     		ands	r2, r1
 1080 0056 1A60     		str	r2, [r3]
 553:Drivers/STM32G0xx_HAL_Driver/Src/stm32g0xx_hal_dma.c ****     }
 1081              		.loc 1 553 7 is_stmt 1 view .LVU367
 553:Drivers/STM32G0xx_HAL_Driver/Src/stm32g0xx_hal_dma.c ****     }
 1082              		.loc 1 553 11 is_stmt 0 view .LVU368
 1083 0058 836D     		ldr	r3, [r0, #88]
 553:Drivers/STM32G0xx_HAL_Driver/Src/stm32g0xx_hal_dma.c ****     }
 1084              		.loc 1 553 49 view .LVU369
 1085 005a C26D     		ldr	r2, [r0, #92]
 553:Drivers/STM32G0xx_HAL_Driver/Src/stm32g0xx_hal_dma.c ****     }
 1086              		.loc 1 553 43 view .LVU370
 1087 005c 5A60     		str	r2, [r3, #4]
 1088              	.L53:
 557:Drivers/STM32G0xx_HAL_Driver/Src/stm32g0xx_hal_dma.c **** 
 1089              		.loc 1 557 5 is_stmt 1 view .LVU371
 557:Drivers/STM32G0xx_HAL_Driver/Src/stm32g0xx_hal_dma.c **** 
 1090              		.loc 1 557 17 is_stmt 0 view .LVU372
 1091 005e 2523     		movs	r3, #37
 1092 0060 0122     		movs	r2, #1
 1093 0062 C254     		strb	r2, [r0, r3]
 560:Drivers/STM32G0xx_HAL_Driver/Src/stm32g0xx_hal_dma.c ****   }
 1094              		.loc 1 560 5 is_stmt 1 view .LVU373
 560:Drivers/STM32G0xx_HAL_Driver/Src/stm32g0xx_hal_dma.c ****   }
 1095              		.loc 1 560 5 view .LVU374
 1096 0064 013B     		subs	r3, r3, #1
 1097 0066 0022     		movs	r2, #0
 1098 0068 C254     		strb	r2, [r0, r3]
 560:Drivers/STM32G0xx_HAL_Driver/Src/stm32g0xx_hal_dma.c ****   }
 1099              		.loc 1 560 5 view .LVU375
 563:Drivers/STM32G0xx_HAL_Driver/Src/stm32g0xx_hal_dma.c **** }
 1100              		.loc 1 563 3 view .LVU376
 563:Drivers/STM32G0xx_HAL_Driver/Src/stm32g0xx_hal_dma.c **** }
ARM GAS  C:\Users\sante\AppData\Local\Temp\ccY0eX5e.s 			page 46


 1101              		.loc 1 563 10 is_stmt 0 view .LVU377
 1102 006a 0020     		movs	r0, #0
 1103              	.LVL65:
 563:Drivers/STM32G0xx_HAL_Driver/Src/stm32g0xx_hal_dma.c **** }
 1104              		.loc 1 563 10 view .LVU378
 1105 006c D4E7     		b	.L51
 1106              	.LVL66:
 1107              	.L54:
 512:Drivers/STM32G0xx_HAL_Driver/Src/stm32g0xx_hal_dma.c ****   }
 1108              		.loc 1 512 12 view .LVU379
 1109 006e 0120     		movs	r0, #1
 1110              	.LVL67:
 512:Drivers/STM32G0xx_HAL_Driver/Src/stm32g0xx_hal_dma.c ****   }
 1111              		.loc 1 512 12 view .LVU380
 1112 0070 D2E7     		b	.L51
 1113              	.L56:
 1114 0072 C046     		.align	2
 1115              	.L55:
 1116 0074 FFFEFFFF 		.word	-257
 1117              		.cfi_endproc
 1118              	.LFE497:
 1120              		.section	.text.HAL_DMA_Abort_IT,"ax",%progbits
 1121              		.align	1
 1122              		.global	HAL_DMA_Abort_IT
 1123              		.syntax unified
 1124              		.code	16
 1125              		.thumb_func
 1127              	HAL_DMA_Abort_IT:
 1128              	.LVL68:
 1129              	.LFB498:
 573:Drivers/STM32G0xx_HAL_Driver/Src/stm32g0xx_hal_dma.c ****   HAL_StatusTypeDef status = HAL_OK;
 1130              		.loc 1 573 1 is_stmt 1 view -0
 1131              		.cfi_startproc
 1132              		@ args = 0, pretend = 0, frame = 0
 1133              		@ frame_needed = 0, uses_anonymous_args = 0
 573:Drivers/STM32G0xx_HAL_Driver/Src/stm32g0xx_hal_dma.c ****   HAL_StatusTypeDef status = HAL_OK;
 1134              		.loc 1 573 1 is_stmt 0 view .LVU382
 1135 0000 10B5     		push	{r4, lr}
 1136              		.cfi_def_cfa_offset 8
 1137              		.cfi_offset 4, -8
 1138              		.cfi_offset 14, -4
 574:Drivers/STM32G0xx_HAL_Driver/Src/stm32g0xx_hal_dma.c **** 
 1139              		.loc 1 574 3 is_stmt 1 view .LVU383
 1140              	.LVL69:
 576:Drivers/STM32G0xx_HAL_Driver/Src/stm32g0xx_hal_dma.c ****   {
 1141              		.loc 1 576 3 view .LVU384
 576:Drivers/STM32G0xx_HAL_Driver/Src/stm32g0xx_hal_dma.c ****   {
 1142              		.loc 1 576 11 is_stmt 0 view .LVU385
 1143 0002 2523     		movs	r3, #37
 1144 0004 C35C     		ldrb	r3, [r0, r3]
 576:Drivers/STM32G0xx_HAL_Driver/Src/stm32g0xx_hal_dma.c ****   {
 1145              		.loc 1 576 6 view .LVU386
 1146 0006 022B     		cmp	r3, #2
 1147 0008 03D0     		beq	.L58
 579:Drivers/STM32G0xx_HAL_Driver/Src/stm32g0xx_hal_dma.c **** 
 1148              		.loc 1 579 5 is_stmt 1 view .LVU387
 579:Drivers/STM32G0xx_HAL_Driver/Src/stm32g0xx_hal_dma.c **** 
ARM GAS  C:\Users\sante\AppData\Local\Temp\ccY0eX5e.s 			page 47


 1149              		.loc 1 579 21 is_stmt 0 view .LVU388
 1150 000a 0423     		movs	r3, #4
 1151 000c C363     		str	r3, [r0, #60]
 581:Drivers/STM32G0xx_HAL_Driver/Src/stm32g0xx_hal_dma.c ****   }
 1152              		.loc 1 581 5 is_stmt 1 view .LVU389
 1153              	.LVL70:
 581:Drivers/STM32G0xx_HAL_Driver/Src/stm32g0xx_hal_dma.c ****   }
 1154              		.loc 1 581 12 is_stmt 0 view .LVU390
 1155 000e 0120     		movs	r0, #1
 1156              	.LVL71:
 1157              	.L59:
 626:Drivers/STM32G0xx_HAL_Driver/Src/stm32g0xx_hal_dma.c **** }
 1158              		.loc 1 626 3 is_stmt 1 view .LVU391
 627:Drivers/STM32G0xx_HAL_Driver/Src/stm32g0xx_hal_dma.c **** 
 1159              		.loc 1 627 1 is_stmt 0 view .LVU392
 1160              		@ sp needed
 1161 0010 10BD     		pop	{r4, pc}
 1162              	.LVL72:
 1163              	.L58:
 586:Drivers/STM32G0xx_HAL_Driver/Src/stm32g0xx_hal_dma.c **** 
 1164              		.loc 1 586 5 is_stmt 1 view .LVU393
 1165 0012 0268     		ldr	r2, [r0]
 1166 0014 1368     		ldr	r3, [r2]
 1167 0016 0E21     		movs	r1, #14
 1168 0018 8B43     		bics	r3, r1
 1169 001a 1360     		str	r3, [r2]
 589:Drivers/STM32G0xx_HAL_Driver/Src/stm32g0xx_hal_dma.c **** 
 1170              		.loc 1 589 5 view .LVU394
 1171 001c 0168     		ldr	r1, [r0]
 1172 001e 0A68     		ldr	r2, [r1]
 1173 0020 0123     		movs	r3, #1
 1174 0022 9A43     		bics	r2, r3
 1175 0024 0A60     		str	r2, [r1]
 592:Drivers/STM32G0xx_HAL_Driver/Src/stm32g0xx_hal_dma.c **** 
 1176              		.loc 1 592 5 view .LVU395
 592:Drivers/STM32G0xx_HAL_Driver/Src/stm32g0xx_hal_dma.c **** 
 1177              		.loc 1 592 9 is_stmt 0 view .LVU396
 1178 0026 816C     		ldr	r1, [r0, #72]
 592:Drivers/STM32G0xx_HAL_Driver/Src/stm32g0xx_hal_dma.c **** 
 1179              		.loc 1 592 24 view .LVU397
 1180 0028 0A68     		ldr	r2, [r1]
 592:Drivers/STM32G0xx_HAL_Driver/Src/stm32g0xx_hal_dma.c **** 
 1181              		.loc 1 592 30 view .LVU398
 1182 002a 114C     		ldr	r4, .L62
 1183 002c 2240     		ands	r2, r4
 1184 002e 0A60     		str	r2, [r1]
 596:Drivers/STM32G0xx_HAL_Driver/Src/stm32g0xx_hal_dma.c **** #else
 1185              		.loc 1 596 5 is_stmt 1 view .LVU399
 596:Drivers/STM32G0xx_HAL_Driver/Src/stm32g0xx_hal_dma.c **** #else
 1186              		.loc 1 596 56 is_stmt 0 view .LVU400
 1187 0030 416C     		ldr	r1, [r0, #68]
 596:Drivers/STM32G0xx_HAL_Driver/Src/stm32g0xx_hal_dma.c **** #else
 1188              		.loc 1 596 71 view .LVU401
 1189 0032 1C22     		movs	r2, #28
 1190 0034 0A40     		ands	r2, r1
 596:Drivers/STM32G0xx_HAL_Driver/Src/stm32g0xx_hal_dma.c **** #else
 1191              		.loc 1 596 9 view .LVU402
ARM GAS  C:\Users\sante\AppData\Local\Temp\ccY0eX5e.s 			page 48


 1192 0036 016C     		ldr	r1, [r0, #64]
 596:Drivers/STM32G0xx_HAL_Driver/Src/stm32g0xx_hal_dma.c **** #else
 1193              		.loc 1 596 48 view .LVU403
 1194 0038 9340     		lsls	r3, r3, r2
 596:Drivers/STM32G0xx_HAL_Driver/Src/stm32g0xx_hal_dma.c **** #else
 1195              		.loc 1 596 32 view .LVU404
 1196 003a 4B60     		str	r3, [r1, #4]
 602:Drivers/STM32G0xx_HAL_Driver/Src/stm32g0xx_hal_dma.c **** 
 1197              		.loc 1 602 5 is_stmt 1 view .LVU405
 602:Drivers/STM32G0xx_HAL_Driver/Src/stm32g0xx_hal_dma.c **** 
 1198              		.loc 1 602 9 is_stmt 0 view .LVU406
 1199 003c C36C     		ldr	r3, [r0, #76]
 602:Drivers/STM32G0xx_HAL_Driver/Src/stm32g0xx_hal_dma.c **** 
 1200              		.loc 1 602 42 view .LVU407
 1201 003e 026D     		ldr	r2, [r0, #80]
 602:Drivers/STM32G0xx_HAL_Driver/Src/stm32g0xx_hal_dma.c **** 
 1202              		.loc 1 602 36 view .LVU408
 1203 0040 5A60     		str	r2, [r3, #4]
 604:Drivers/STM32G0xx_HAL_Driver/Src/stm32g0xx_hal_dma.c ****     {
 1204              		.loc 1 604 5 is_stmt 1 view .LVU409
 604:Drivers/STM32G0xx_HAL_Driver/Src/stm32g0xx_hal_dma.c ****     {
 1205              		.loc 1 604 13 is_stmt 0 view .LVU410
 1206 0042 436D     		ldr	r3, [r0, #84]
 604:Drivers/STM32G0xx_HAL_Driver/Src/stm32g0xx_hal_dma.c ****     {
 1207              		.loc 1 604 8 view .LVU411
 1208 0044 002B     		cmp	r3, #0
 1209 0046 05D0     		beq	.L60
 608:Drivers/STM32G0xx_HAL_Driver/Src/stm32g0xx_hal_dma.c **** 
 1210              		.loc 1 608 7 is_stmt 1 view .LVU412
 608:Drivers/STM32G0xx_HAL_Driver/Src/stm32g0xx_hal_dma.c **** 
 1211              		.loc 1 608 29 is_stmt 0 view .LVU413
 1212 0048 1A68     		ldr	r2, [r3]
 608:Drivers/STM32G0xx_HAL_Driver/Src/stm32g0xx_hal_dma.c **** 
 1213              		.loc 1 608 36 view .LVU414
 1214 004a 2240     		ands	r2, r4
 1215 004c 1A60     		str	r2, [r3]
 611:Drivers/STM32G0xx_HAL_Driver/Src/stm32g0xx_hal_dma.c ****     }
 1216              		.loc 1 611 7 is_stmt 1 view .LVU415
 611:Drivers/STM32G0xx_HAL_Driver/Src/stm32g0xx_hal_dma.c ****     }
 1217              		.loc 1 611 11 is_stmt 0 view .LVU416
 1218 004e 836D     		ldr	r3, [r0, #88]
 611:Drivers/STM32G0xx_HAL_Driver/Src/stm32g0xx_hal_dma.c ****     }
 1219              		.loc 1 611 49 view .LVU417
 1220 0050 C26D     		ldr	r2, [r0, #92]
 611:Drivers/STM32G0xx_HAL_Driver/Src/stm32g0xx_hal_dma.c ****     }
 1221              		.loc 1 611 43 view .LVU418
 1222 0052 5A60     		str	r2, [r3, #4]
 1223              	.L60:
 615:Drivers/STM32G0xx_HAL_Driver/Src/stm32g0xx_hal_dma.c **** 
 1224              		.loc 1 615 5 is_stmt 1 view .LVU419
 615:Drivers/STM32G0xx_HAL_Driver/Src/stm32g0xx_hal_dma.c **** 
 1225              		.loc 1 615 17 is_stmt 0 view .LVU420
 1226 0054 2523     		movs	r3, #37
 1227 0056 0122     		movs	r2, #1
 1228 0058 C254     		strb	r2, [r0, r3]
 618:Drivers/STM32G0xx_HAL_Driver/Src/stm32g0xx_hal_dma.c **** 
 1229              		.loc 1 618 5 is_stmt 1 view .LVU421
ARM GAS  C:\Users\sante\AppData\Local\Temp\ccY0eX5e.s 			page 49


 618:Drivers/STM32G0xx_HAL_Driver/Src/stm32g0xx_hal_dma.c **** 
 1230              		.loc 1 618 5 view .LVU422
 1231 005a 013B     		subs	r3, r3, #1
 1232 005c 0022     		movs	r2, #0
 1233 005e C254     		strb	r2, [r0, r3]
 618:Drivers/STM32G0xx_HAL_Driver/Src/stm32g0xx_hal_dma.c **** 
 1234              		.loc 1 618 5 view .LVU423
 621:Drivers/STM32G0xx_HAL_Driver/Src/stm32g0xx_hal_dma.c ****     {
 1235              		.loc 1 621 5 view .LVU424
 621:Drivers/STM32G0xx_HAL_Driver/Src/stm32g0xx_hal_dma.c ****     {
 1236              		.loc 1 621 13 is_stmt 0 view .LVU425
 1237 0060 836B     		ldr	r3, [r0, #56]
 621:Drivers/STM32G0xx_HAL_Driver/Src/stm32g0xx_hal_dma.c ****     {
 1238              		.loc 1 621 8 view .LVU426
 1239 0062 002B     		cmp	r3, #0
 1240 0064 02D0     		beq	.L61
 623:Drivers/STM32G0xx_HAL_Driver/Src/stm32g0xx_hal_dma.c ****     }
 1241              		.loc 1 623 7 is_stmt 1 view .LVU427
 1242 0066 9847     		blx	r3
 1243              	.LVL73:
 574:Drivers/STM32G0xx_HAL_Driver/Src/stm32g0xx_hal_dma.c **** 
 1244              		.loc 1 574 21 is_stmt 0 view .LVU428
 1245 0068 0020     		movs	r0, #0
 1246 006a D1E7     		b	.L59
 1247              	.LVL74:
 1248              	.L61:
 574:Drivers/STM32G0xx_HAL_Driver/Src/stm32g0xx_hal_dma.c **** 
 1249              		.loc 1 574 21 view .LVU429
 1250 006c 0020     		movs	r0, #0
 1251              	.LVL75:
 574:Drivers/STM32G0xx_HAL_Driver/Src/stm32g0xx_hal_dma.c **** 
 1252              		.loc 1 574 21 view .LVU430
 1253 006e CFE7     		b	.L59
 1254              	.L63:
 1255              		.align	2
 1256              	.L62:
 1257 0070 FFFEFFFF 		.word	-257
 1258              		.cfi_endproc
 1259              	.LFE498:
 1261              		.section	.text.HAL_DMA_PollForTransfer,"ax",%progbits
 1262              		.align	1
 1263              		.global	HAL_DMA_PollForTransfer
 1264              		.syntax unified
 1265              		.code	16
 1266              		.thumb_func
 1268              	HAL_DMA_PollForTransfer:
 1269              	.LVL76:
 1270              	.LFB499:
 639:Drivers/STM32G0xx_HAL_Driver/Src/stm32g0xx_hal_dma.c ****   uint32_t temp;
 1271              		.loc 1 639 1 is_stmt 1 view -0
 1272              		.cfi_startproc
 1273              		@ args = 0, pretend = 0, frame = 8
 1274              		@ frame_needed = 0, uses_anonymous_args = 0
 639:Drivers/STM32G0xx_HAL_Driver/Src/stm32g0xx_hal_dma.c ****   uint32_t temp;
 1275              		.loc 1 639 1 is_stmt 0 view .LVU432
 1276 0000 F0B5     		push	{r4, r5, r6, r7, lr}
 1277              		.cfi_def_cfa_offset 20
ARM GAS  C:\Users\sante\AppData\Local\Temp\ccY0eX5e.s 			page 50


 1278              		.cfi_offset 4, -20
 1279              		.cfi_offset 5, -16
 1280              		.cfi_offset 6, -12
 1281              		.cfi_offset 7, -8
 1282              		.cfi_offset 14, -4
 1283 0002 83B0     		sub	sp, sp, #12
 1284              		.cfi_def_cfa_offset 32
 1285 0004 0600     		movs	r6, r0
 1286 0006 0C00     		movs	r4, r1
 1287 0008 1700     		movs	r7, r2
 640:Drivers/STM32G0xx_HAL_Driver/Src/stm32g0xx_hal_dma.c ****   uint32_t tickstart;
 1288              		.loc 1 640 3 is_stmt 1 view .LVU433
 641:Drivers/STM32G0xx_HAL_Driver/Src/stm32g0xx_hal_dma.c **** 
 1289              		.loc 1 641 3 view .LVU434
 643:Drivers/STM32G0xx_HAL_Driver/Src/stm32g0xx_hal_dma.c ****   {
 1290              		.loc 1 643 3 view .LVU435
 643:Drivers/STM32G0xx_HAL_Driver/Src/stm32g0xx_hal_dma.c ****   {
 1291              		.loc 1 643 11 is_stmt 0 view .LVU436
 1292 000a 2523     		movs	r3, #37
 1293 000c C35C     		ldrb	r3, [r0, r3]
 643:Drivers/STM32G0xx_HAL_Driver/Src/stm32g0xx_hal_dma.c ****   {
 1294              		.loc 1 643 6 view .LVU437
 1295 000e 022B     		cmp	r3, #2
 1296 0010 07D0     		beq	.L65
 646:Drivers/STM32G0xx_HAL_Driver/Src/stm32g0xx_hal_dma.c ****     __HAL_UNLOCK(hdma);
 1297              		.loc 1 646 5 is_stmt 1 view .LVU438
 646:Drivers/STM32G0xx_HAL_Driver/Src/stm32g0xx_hal_dma.c ****     __HAL_UNLOCK(hdma);
 1298              		.loc 1 646 21 is_stmt 0 view .LVU439
 1299 0012 0423     		movs	r3, #4
 1300 0014 C363     		str	r3, [r0, #60]
 647:Drivers/STM32G0xx_HAL_Driver/Src/stm32g0xx_hal_dma.c ****     return HAL_ERROR;
 1301              		.loc 1 647 5 is_stmt 1 view .LVU440
 647:Drivers/STM32G0xx_HAL_Driver/Src/stm32g0xx_hal_dma.c ****     return HAL_ERROR;
 1302              		.loc 1 647 5 view .LVU441
 1303 0016 2033     		adds	r3, r3, #32
 1304 0018 0022     		movs	r2, #0
 1305              	.LVL77:
 647:Drivers/STM32G0xx_HAL_Driver/Src/stm32g0xx_hal_dma.c ****     return HAL_ERROR;
 1306              		.loc 1 647 5 is_stmt 0 view .LVU442
 1307 001a C254     		strb	r2, [r0, r3]
 647:Drivers/STM32G0xx_HAL_Driver/Src/stm32g0xx_hal_dma.c ****     return HAL_ERROR;
 1308              		.loc 1 647 5 is_stmt 1 view .LVU443
 648:Drivers/STM32G0xx_HAL_Driver/Src/stm32g0xx_hal_dma.c ****   }
 1309              		.loc 1 648 5 view .LVU444
 648:Drivers/STM32G0xx_HAL_Driver/Src/stm32g0xx_hal_dma.c ****   }
 1310              		.loc 1 648 12 is_stmt 0 view .LVU445
 1311 001c 0120     		movs	r0, #1
 1312              	.LVL78:
 1313              	.L66:
 789:Drivers/STM32G0xx_HAL_Driver/Src/stm32g0xx_hal_dma.c **** 
 1314              		.loc 1 789 1 view .LVU446
 1315 001e 03B0     		add	sp, sp, #12
 1316              		@ sp needed
 1317              	.LVL79:
 1318              	.LVL80:
 1319              	.LVL81:
 789:Drivers/STM32G0xx_HAL_Driver/Src/stm32g0xx_hal_dma.c **** 
ARM GAS  C:\Users\sante\AppData\Local\Temp\ccY0eX5e.s 			page 51


 1320              		.loc 1 789 1 view .LVU447
 1321 0020 F0BD     		pop	{r4, r5, r6, r7, pc}
 1322              	.LVL82:
 1323              	.L65:
 652:Drivers/STM32G0xx_HAL_Driver/Src/stm32g0xx_hal_dma.c ****   {
 1324              		.loc 1 652 3 is_stmt 1 view .LVU448
 652:Drivers/STM32G0xx_HAL_Driver/Src/stm32g0xx_hal_dma.c ****   {
 1325              		.loc 1 652 12 is_stmt 0 view .LVU449
 1326 0022 0368     		ldr	r3, [r0]
 652:Drivers/STM32G0xx_HAL_Driver/Src/stm32g0xx_hal_dma.c ****   {
 1327              		.loc 1 652 22 view .LVU450
 1328 0024 1B68     		ldr	r3, [r3]
 652:Drivers/STM32G0xx_HAL_Driver/Src/stm32g0xx_hal_dma.c ****   {
 1329              		.loc 1 652 6 view .LVU451
 1330 0026 9B06     		lsls	r3, r3, #26
 1331 0028 29D4     		bmi	.L79
 659:Drivers/STM32G0xx_HAL_Driver/Src/stm32g0xx_hal_dma.c ****   {
 1332              		.loc 1 659 3 is_stmt 1 view .LVU452
 659:Drivers/STM32G0xx_HAL_Driver/Src/stm32g0xx_hal_dma.c ****   {
 1333              		.loc 1 659 6 is_stmt 0 view .LVU453
 1334 002a 0029     		cmp	r1, #0
 1335 002c 2CD1     		bne	.L68
 662:Drivers/STM32G0xx_HAL_Driver/Src/stm32g0xx_hal_dma.c ****   }
 1336              		.loc 1 662 5 is_stmt 1 view .LVU454
 662:Drivers/STM32G0xx_HAL_Driver/Src/stm32g0xx_hal_dma.c ****   }
 1337              		.loc 1 662 33 is_stmt 0 view .LVU455
 1338 002e 426C     		ldr	r2, [r0, #68]
 1339              	.LVL83:
 662:Drivers/STM32G0xx_HAL_Driver/Src/stm32g0xx_hal_dma.c ****   }
 1340              		.loc 1 662 48 view .LVU456
 1341 0030 1C23     		movs	r3, #28
 1342 0032 1340     		ands	r3, r2
 662:Drivers/STM32G0xx_HAL_Driver/Src/stm32g0xx_hal_dma.c ****   }
 1343              		.loc 1 662 10 view .LVU457
 1344 0034 0225     		movs	r5, #2
 1345 0036 9D40     		lsls	r5, r5, r3
 1346              	.LVL84:
 1347              	.L69:
 671:Drivers/STM32G0xx_HAL_Driver/Src/stm32g0xx_hal_dma.c **** 
 1348              		.loc 1 671 3 is_stmt 1 view .LVU458
 671:Drivers/STM32G0xx_HAL_Driver/Src/stm32g0xx_hal_dma.c **** 
 1349              		.loc 1 671 15 is_stmt 0 view .LVU459
 1350 0038 FFF7FEFF 		bl	HAL_GetTick
 1351              	.LVL85:
 671:Drivers/STM32G0xx_HAL_Driver/Src/stm32g0xx_hal_dma.c **** 
 1352              		.loc 1 671 15 view .LVU460
 1353 003c 0190     		str	r0, [sp, #4]
 1354              	.LVL86:
 674:Drivers/STM32G0xx_HAL_Driver/Src/stm32g0xx_hal_dma.c ****   {
 1355              		.loc 1 674 3 is_stmt 1 view .LVU461
 1356              	.L72:
 674:Drivers/STM32G0xx_HAL_Driver/Src/stm32g0xx_hal_dma.c ****   {
 1357              		.loc 1 674 45 view .LVU462
 674:Drivers/STM32G0xx_HAL_Driver/Src/stm32g0xx_hal_dma.c ****   {
 1358              		.loc 1 674 15 is_stmt 0 view .LVU463
 1359 003e 326C     		ldr	r2, [r6, #64]
 674:Drivers/STM32G0xx_HAL_Driver/Src/stm32g0xx_hal_dma.c ****   {
ARM GAS  C:\Users\sante\AppData\Local\Temp\ccY0eX5e.s 			page 52


 1360              		.loc 1 674 31 view .LVU464
 1361 0040 1368     		ldr	r3, [r2]
 674:Drivers/STM32G0xx_HAL_Driver/Src/stm32g0xx_hal_dma.c ****   {
 1362              		.loc 1 674 45 view .LVU465
 1363 0042 1D42     		tst	r5, r3
 1364 0044 32D1     		bne	.L80
 676:Drivers/STM32G0xx_HAL_Driver/Src/stm32g0xx_hal_dma.c ****     {
 1365              		.loc 1 676 5 is_stmt 1 view .LVU466
 676:Drivers/STM32G0xx_HAL_Driver/Src/stm32g0xx_hal_dma.c ****     {
 1366              		.loc 1 676 30 is_stmt 0 view .LVU467
 1367 0046 1068     		ldr	r0, [r2]
 676:Drivers/STM32G0xx_HAL_Driver/Src/stm32g0xx_hal_dma.c ****     {
 1368              		.loc 1 676 60 view .LVU468
 1369 0048 716C     		ldr	r1, [r6, #68]
 676:Drivers/STM32G0xx_HAL_Driver/Src/stm32g0xx_hal_dma.c ****     {
 1370              		.loc 1 676 75 view .LVU469
 1371 004a 1C23     		movs	r3, #28
 1372 004c 0B40     		ands	r3, r1
 676:Drivers/STM32G0xx_HAL_Driver/Src/stm32g0xx_hal_dma.c ****     {
 1373              		.loc 1 676 52 view .LVU470
 1374 004e 0821     		movs	r1, #8
 1375 0050 9940     		lsls	r1, r1, r3
 676:Drivers/STM32G0xx_HAL_Driver/Src/stm32g0xx_hal_dma.c ****     {
 1376              		.loc 1 676 8 view .LVU471
 1377 0052 0142     		tst	r1, r0
 1378 0054 1ED1     		bne	.L81
 717:Drivers/STM32G0xx_HAL_Driver/Src/stm32g0xx_hal_dma.c ****     {
 1379              		.loc 1 717 5 is_stmt 1 view .LVU472
 717:Drivers/STM32G0xx_HAL_Driver/Src/stm32g0xx_hal_dma.c ****     {
 1380              		.loc 1 717 8 is_stmt 0 view .LVU473
 1381 0056 7B1C     		adds	r3, r7, #1
 1382 0058 F1D0     		beq	.L72
 719:Drivers/STM32G0xx_HAL_Driver/Src/stm32g0xx_hal_dma.c ****       {
 1383              		.loc 1 719 7 is_stmt 1 view .LVU474
 719:Drivers/STM32G0xx_HAL_Driver/Src/stm32g0xx_hal_dma.c ****       {
 1384              		.loc 1 719 13 is_stmt 0 view .LVU475
 1385 005a FFF7FEFF 		bl	HAL_GetTick
 1386              	.LVL87:
 719:Drivers/STM32G0xx_HAL_Driver/Src/stm32g0xx_hal_dma.c ****       {
 1387              		.loc 1 719 27 discriminator 1 view .LVU476
 1388 005e 019B     		ldr	r3, [sp, #4]
 1389 0060 C01A     		subs	r0, r0, r3
 719:Drivers/STM32G0xx_HAL_Driver/Src/stm32g0xx_hal_dma.c ****       {
 1390              		.loc 1 719 10 discriminator 1 view .LVU477
 1391 0062 B842     		cmp	r0, r7
 1392 0064 01D8     		bhi	.L73
 719:Drivers/STM32G0xx_HAL_Driver/Src/stm32g0xx_hal_dma.c ****       {
 1393              		.loc 1 719 51 discriminator 1 view .LVU478
 1394 0066 002F     		cmp	r7, #0
 1395 0068 E9D1     		bne	.L72
 1396              	.L73:
 722:Drivers/STM32G0xx_HAL_Driver/Src/stm32g0xx_hal_dma.c **** 
 1397              		.loc 1 722 9 is_stmt 1 view .LVU479
 722:Drivers/STM32G0xx_HAL_Driver/Src/stm32g0xx_hal_dma.c **** 
 1398              		.loc 1 722 25 is_stmt 0 view .LVU480
 1399 006a 2023     		movs	r3, #32
 1400 006c F363     		str	r3, [r6, #60]
ARM GAS  C:\Users\sante\AppData\Local\Temp\ccY0eX5e.s 			page 53


 725:Drivers/STM32G0xx_HAL_Driver/Src/stm32g0xx_hal_dma.c **** 
 1401              		.loc 1 725 9 is_stmt 1 view .LVU481
 725:Drivers/STM32G0xx_HAL_Driver/Src/stm32g0xx_hal_dma.c **** 
 1402              		.loc 1 725 21 is_stmt 0 view .LVU482
 1403 006e 0533     		adds	r3, r3, #5
 1404 0070 0122     		movs	r2, #1
 1405 0072 F254     		strb	r2, [r6, r3]
 728:Drivers/STM32G0xx_HAL_Driver/Src/stm32g0xx_hal_dma.c **** 
 1406              		.loc 1 728 9 is_stmt 1 view .LVU483
 728:Drivers/STM32G0xx_HAL_Driver/Src/stm32g0xx_hal_dma.c **** 
 1407              		.loc 1 728 9 view .LVU484
 1408 0074 013B     		subs	r3, r3, #1
 1409 0076 0022     		movs	r2, #0
 1410 0078 F254     		strb	r2, [r6, r3]
 728:Drivers/STM32G0xx_HAL_Driver/Src/stm32g0xx_hal_dma.c **** 
 1411              		.loc 1 728 9 view .LVU485
 730:Drivers/STM32G0xx_HAL_Driver/Src/stm32g0xx_hal_dma.c ****       }
 1412              		.loc 1 730 9 view .LVU486
 730:Drivers/STM32G0xx_HAL_Driver/Src/stm32g0xx_hal_dma.c ****       }
 1413              		.loc 1 730 16 is_stmt 0 view .LVU487
 1414 007a 0120     		movs	r0, #1
 1415 007c CFE7     		b	.L66
 1416              	.LVL88:
 1417              	.L79:
 654:Drivers/STM32G0xx_HAL_Driver/Src/stm32g0xx_hal_dma.c ****     return HAL_ERROR;
 1418              		.loc 1 654 5 is_stmt 1 view .LVU488
 654:Drivers/STM32G0xx_HAL_Driver/Src/stm32g0xx_hal_dma.c ****     return HAL_ERROR;
 1419              		.loc 1 654 21 is_stmt 0 view .LVU489
 1420 007e 8023     		movs	r3, #128
 1421 0080 5B00     		lsls	r3, r3, #1
 1422 0082 C363     		str	r3, [r0, #60]
 655:Drivers/STM32G0xx_HAL_Driver/Src/stm32g0xx_hal_dma.c ****   }
 1423              		.loc 1 655 5 is_stmt 1 view .LVU490
 655:Drivers/STM32G0xx_HAL_Driver/Src/stm32g0xx_hal_dma.c ****   }
 1424              		.loc 1 655 12 is_stmt 0 view .LVU491
 1425 0084 0120     		movs	r0, #1
 1426              	.LVL89:
 655:Drivers/STM32G0xx_HAL_Driver/Src/stm32g0xx_hal_dma.c ****   }
 1427              		.loc 1 655 12 view .LVU492
 1428 0086 CAE7     		b	.L66
 1429              	.LVL90:
 1430              	.L68:
 667:Drivers/STM32G0xx_HAL_Driver/Src/stm32g0xx_hal_dma.c ****   }
 1431              		.loc 1 667 5 is_stmt 1 view .LVU493
 667:Drivers/STM32G0xx_HAL_Driver/Src/stm32g0xx_hal_dma.c ****   }
 1432              		.loc 1 667 33 is_stmt 0 view .LVU494
 1433 0088 426C     		ldr	r2, [r0, #68]
 1434              	.LVL91:
 667:Drivers/STM32G0xx_HAL_Driver/Src/stm32g0xx_hal_dma.c ****   }
 1435              		.loc 1 667 48 view .LVU495
 1436 008a 1C23     		movs	r3, #28
 1437 008c 1340     		ands	r3, r2
 667:Drivers/STM32G0xx_HAL_Driver/Src/stm32g0xx_hal_dma.c ****   }
 1438              		.loc 1 667 10 view .LVU496
 1439 008e 0425     		movs	r5, #4
 1440 0090 9D40     		lsls	r5, r5, r3
 1441 0092 D1E7     		b	.L69
ARM GAS  C:\Users\sante\AppData\Local\Temp\ccY0eX5e.s 			page 54


 1442              	.LVL92:
 1443              	.L81:
 681:Drivers/STM32G0xx_HAL_Driver/Src/stm32g0xx_hal_dma.c **** 
 1444              		.loc 1 681 7 is_stmt 1 view .LVU497
 681:Drivers/STM32G0xx_HAL_Driver/Src/stm32g0xx_hal_dma.c **** 
 1445              		.loc 1 681 50 is_stmt 0 view .LVU498
 1446 0094 0121     		movs	r1, #1
 1447 0096 0800     		movs	r0, r1
 1448 0098 9840     		lsls	r0, r0, r3
 681:Drivers/STM32G0xx_HAL_Driver/Src/stm32g0xx_hal_dma.c **** 
 1449              		.loc 1 681 34 view .LVU499
 1450 009a 5060     		str	r0, [r2, #4]
 684:Drivers/STM32G0xx_HAL_Driver/Src/stm32g0xx_hal_dma.c **** 
 1451              		.loc 1 684 7 is_stmt 1 view .LVU500
 684:Drivers/STM32G0xx_HAL_Driver/Src/stm32g0xx_hal_dma.c **** 
 1452              		.loc 1 684 23 is_stmt 0 view .LVU501
 1453 009c F163     		str	r1, [r6, #60]
 687:Drivers/STM32G0xx_HAL_Driver/Src/stm32g0xx_hal_dma.c **** 
 1454              		.loc 1 687 7 is_stmt 1 view .LVU502
 687:Drivers/STM32G0xx_HAL_Driver/Src/stm32g0xx_hal_dma.c **** 
 1455              		.loc 1 687 19 is_stmt 0 view .LVU503
 1456 009e 2523     		movs	r3, #37
 1457 00a0 F154     		strb	r1, [r6, r3]
 690:Drivers/STM32G0xx_HAL_Driver/Src/stm32g0xx_hal_dma.c **** 
 1458              		.loc 1 690 7 is_stmt 1 view .LVU504
 690:Drivers/STM32G0xx_HAL_Driver/Src/stm32g0xx_hal_dma.c **** 
 1459              		.loc 1 690 7 view .LVU505
 1460 00a2 013B     		subs	r3, r3, #1
 1461 00a4 0022     		movs	r2, #0
 1462 00a6 F254     		strb	r2, [r6, r3]
 690:Drivers/STM32G0xx_HAL_Driver/Src/stm32g0xx_hal_dma.c **** 
 1463              		.loc 1 690 7 view .LVU506
 692:Drivers/STM32G0xx_HAL_Driver/Src/stm32g0xx_hal_dma.c ****     }
 1464              		.loc 1 692 7 view .LVU507
 692:Drivers/STM32G0xx_HAL_Driver/Src/stm32g0xx_hal_dma.c ****     }
 1465              		.loc 1 692 14 is_stmt 0 view .LVU508
 1466 00a8 0120     		movs	r0, #1
 1467 00aa B8E7     		b	.L66
 1468              	.L80:
 736:Drivers/STM32G0xx_HAL_Driver/Src/stm32g0xx_hal_dma.c ****   {
 1469              		.loc 1 736 3 is_stmt 1 view .LVU509
 736:Drivers/STM32G0xx_HAL_Driver/Src/stm32g0xx_hal_dma.c ****   {
 1470              		.loc 1 736 11 is_stmt 0 view .LVU510
 1471 00ac 736D     		ldr	r3, [r6, #84]
 736:Drivers/STM32G0xx_HAL_Driver/Src/stm32g0xx_hal_dma.c ****   {
 1472              		.loc 1 736 6 view .LVU511
 1473 00ae 002B     		cmp	r3, #0
 1474 00b0 11D0     		beq	.L75
 739:Drivers/STM32G0xx_HAL_Driver/Src/stm32g0xx_hal_dma.c ****     {
 1475              		.loc 1 739 5 is_stmt 1 view .LVU512
 739:Drivers/STM32G0xx_HAL_Driver/Src/stm32g0xx_hal_dma.c ****     {
 1476              		.loc 1 739 14 is_stmt 0 view .LVU513
 1477 00b2 B26D     		ldr	r2, [r6, #88]
 739:Drivers/STM32G0xx_HAL_Driver/Src/stm32g0xx_hal_dma.c ****     {
 1478              		.loc 1 739 38 view .LVU514
 1479 00b4 1268     		ldr	r2, [r2]
 739:Drivers/STM32G0xx_HAL_Driver/Src/stm32g0xx_hal_dma.c ****     {
ARM GAS  C:\Users\sante\AppData\Local\Temp\ccY0eX5e.s 			page 55


 1480              		.loc 1 739 51 view .LVU515
 1481 00b6 F16D     		ldr	r1, [r6, #92]
 739:Drivers/STM32G0xx_HAL_Driver/Src/stm32g0xx_hal_dma.c ****     {
 1482              		.loc 1 739 8 view .LVU516
 1483 00b8 1142     		tst	r1, r2
 1484 00ba 0CD0     		beq	.L75
 742:Drivers/STM32G0xx_HAL_Driver/Src/stm32g0xx_hal_dma.c **** 
 1485              		.loc 1 742 7 is_stmt 1 view .LVU517
 742:Drivers/STM32G0xx_HAL_Driver/Src/stm32g0xx_hal_dma.c **** 
 1486              		.loc 1 742 29 is_stmt 0 view .LVU518
 1487 00bc 1968     		ldr	r1, [r3]
 742:Drivers/STM32G0xx_HAL_Driver/Src/stm32g0xx_hal_dma.c **** 
 1488              		.loc 1 742 36 view .LVU519
 1489 00be 8022     		movs	r2, #128
 1490 00c0 5200     		lsls	r2, r2, #1
 1491 00c2 0A43     		orrs	r2, r1
 1492 00c4 1A60     		str	r2, [r3]
 745:Drivers/STM32G0xx_HAL_Driver/Src/stm32g0xx_hal_dma.c **** 
 1493              		.loc 1 745 7 is_stmt 1 view .LVU520
 745:Drivers/STM32G0xx_HAL_Driver/Src/stm32g0xx_hal_dma.c **** 
 1494              		.loc 1 745 11 is_stmt 0 view .LVU521
 1495 00c6 B36D     		ldr	r3, [r6, #88]
 745:Drivers/STM32G0xx_HAL_Driver/Src/stm32g0xx_hal_dma.c **** 
 1496              		.loc 1 745 49 view .LVU522
 1497 00c8 F26D     		ldr	r2, [r6, #92]
 745:Drivers/STM32G0xx_HAL_Driver/Src/stm32g0xx_hal_dma.c **** 
 1498              		.loc 1 745 43 view .LVU523
 1499 00ca 5A60     		str	r2, [r3, #4]
 748:Drivers/STM32G0xx_HAL_Driver/Src/stm32g0xx_hal_dma.c ****     }
 1500              		.loc 1 748 7 is_stmt 1 view .LVU524
 748:Drivers/STM32G0xx_HAL_Driver/Src/stm32g0xx_hal_dma.c ****     }
 1501              		.loc 1 748 11 is_stmt 0 view .LVU525
 1502 00cc F26B     		ldr	r2, [r6, #60]
 748:Drivers/STM32G0xx_HAL_Driver/Src/stm32g0xx_hal_dma.c ****     }
 1503              		.loc 1 748 23 view .LVU526
 1504 00ce 8023     		movs	r3, #128
 1505 00d0 DB00     		lsls	r3, r3, #3
 1506 00d2 1343     		orrs	r3, r2
 1507 00d4 F363     		str	r3, [r6, #60]
 1508              	.L75:
 753:Drivers/STM32G0xx_HAL_Driver/Src/stm32g0xx_hal_dma.c ****   {
 1509              		.loc 1 753 3 is_stmt 1 view .LVU527
 753:Drivers/STM32G0xx_HAL_Driver/Src/stm32g0xx_hal_dma.c ****   {
 1510              		.loc 1 753 12 is_stmt 0 view .LVU528
 1511 00d6 F36C     		ldr	r3, [r6, #76]
 753:Drivers/STM32G0xx_HAL_Driver/Src/stm32g0xx_hal_dma.c ****   {
 1512              		.loc 1 753 33 view .LVU529
 1513 00d8 1968     		ldr	r1, [r3]
 753:Drivers/STM32G0xx_HAL_Driver/Src/stm32g0xx_hal_dma.c ****   {
 1514              		.loc 1 753 45 view .LVU530
 1515 00da 326D     		ldr	r2, [r6, #80]
 753:Drivers/STM32G0xx_HAL_Driver/Src/stm32g0xx_hal_dma.c ****   {
 1516              		.loc 1 753 6 view .LVU531
 1517 00dc 0A42     		tst	r2, r1
 1518 00de 05D0     		beq	.L76
 756:Drivers/STM32G0xx_HAL_Driver/Src/stm32g0xx_hal_dma.c **** 
 1519              		.loc 1 756 5 is_stmt 1 view .LVU532
ARM GAS  C:\Users\sante\AppData\Local\Temp\ccY0eX5e.s 			page 56


 756:Drivers/STM32G0xx_HAL_Driver/Src/stm32g0xx_hal_dma.c **** 
 1520              		.loc 1 756 36 is_stmt 0 view .LVU533
 1521 00e0 5A60     		str	r2, [r3, #4]
 759:Drivers/STM32G0xx_HAL_Driver/Src/stm32g0xx_hal_dma.c ****   }
 1522              		.loc 1 759 5 is_stmt 1 view .LVU534
 759:Drivers/STM32G0xx_HAL_Driver/Src/stm32g0xx_hal_dma.c ****   }
 1523              		.loc 1 759 9 is_stmt 0 view .LVU535
 1524 00e2 F26B     		ldr	r2, [r6, #60]
 759:Drivers/STM32G0xx_HAL_Driver/Src/stm32g0xx_hal_dma.c ****   }
 1525              		.loc 1 759 21 view .LVU536
 1526 00e4 8023     		movs	r3, #128
 1527 00e6 9B00     		lsls	r3, r3, #2
 1528 00e8 1343     		orrs	r3, r2
 1529 00ea F363     		str	r3, [r6, #60]
 1530              	.L76:
 762:Drivers/STM32G0xx_HAL_Driver/Src/stm32g0xx_hal_dma.c ****   {
 1531              		.loc 1 762 3 is_stmt 1 view .LVU537
 762:Drivers/STM32G0xx_HAL_Driver/Src/stm32g0xx_hal_dma.c ****   {
 1532              		.loc 1 762 6 is_stmt 0 view .LVU538
 1533 00ec 002C     		cmp	r4, #0
 1534 00ee 0ED1     		bne	.L77
 766:Drivers/STM32G0xx_HAL_Driver/Src/stm32g0xx_hal_dma.c **** #else
 1535              		.loc 1 766 5 is_stmt 1 view .LVU539
 766:Drivers/STM32G0xx_HAL_Driver/Src/stm32g0xx_hal_dma.c **** #else
 1536              		.loc 1 766 56 is_stmt 0 view .LVU540
 1537 00f0 736C     		ldr	r3, [r6, #68]
 766:Drivers/STM32G0xx_HAL_Driver/Src/stm32g0xx_hal_dma.c **** #else
 1538              		.loc 1 766 71 view .LVU541
 1539 00f2 1C22     		movs	r2, #28
 1540 00f4 1A40     		ands	r2, r3
 766:Drivers/STM32G0xx_HAL_Driver/Src/stm32g0xx_hal_dma.c **** #else
 1541              		.loc 1 766 9 view .LVU542
 1542 00f6 316C     		ldr	r1, [r6, #64]
 766:Drivers/STM32G0xx_HAL_Driver/Src/stm32g0xx_hal_dma.c **** #else
 1543              		.loc 1 766 48 view .LVU543
 1544 00f8 0223     		movs	r3, #2
 1545 00fa 9340     		lsls	r3, r3, r2
 766:Drivers/STM32G0xx_HAL_Driver/Src/stm32g0xx_hal_dma.c **** #else
 1546              		.loc 1 766 32 view .LVU544
 1547 00fc 4B60     		str	r3, [r1, #4]
 772:Drivers/STM32G0xx_HAL_Driver/Src/stm32g0xx_hal_dma.c **** 
 1548              		.loc 1 772 5 is_stmt 1 view .LVU545
 772:Drivers/STM32G0xx_HAL_Driver/Src/stm32g0xx_hal_dma.c **** 
 1549              		.loc 1 772 5 view .LVU546
 1550 00fe 2423     		movs	r3, #36
 1551 0100 0022     		movs	r2, #0
 1552 0102 F254     		strb	r2, [r6, r3]
 772:Drivers/STM32G0xx_HAL_Driver/Src/stm32g0xx_hal_dma.c **** 
 1553              		.loc 1 772 5 view .LVU547
 776:Drivers/STM32G0xx_HAL_Driver/Src/stm32g0xx_hal_dma.c ****   }
 1554              		.loc 1 776 5 view .LVU548
 776:Drivers/STM32G0xx_HAL_Driver/Src/stm32g0xx_hal_dma.c ****   }
 1555              		.loc 1 776 17 is_stmt 0 view .LVU549
 1556 0104 0133     		adds	r3, r3, #1
 1557 0106 0132     		adds	r2, r2, #1
 1558 0108 F254     		strb	r2, [r6, r3]
 788:Drivers/STM32G0xx_HAL_Driver/Src/stm32g0xx_hal_dma.c **** }
ARM GAS  C:\Users\sante\AppData\Local\Temp\ccY0eX5e.s 			page 57


 1559              		.loc 1 788 10 view .LVU550
 1560 010a 2000     		movs	r0, r4
 1561 010c 87E7     		b	.L66
 1562              	.L77:
 782:Drivers/STM32G0xx_HAL_Driver/Src/stm32g0xx_hal_dma.c **** #else
 1563              		.loc 1 782 5 is_stmt 1 view .LVU551
 782:Drivers/STM32G0xx_HAL_Driver/Src/stm32g0xx_hal_dma.c **** #else
 1564              		.loc 1 782 56 is_stmt 0 view .LVU552
 1565 010e 736C     		ldr	r3, [r6, #68]
 782:Drivers/STM32G0xx_HAL_Driver/Src/stm32g0xx_hal_dma.c **** #else
 1566              		.loc 1 782 71 view .LVU553
 1567 0110 1C22     		movs	r2, #28
 1568 0112 1A40     		ands	r2, r3
 782:Drivers/STM32G0xx_HAL_Driver/Src/stm32g0xx_hal_dma.c **** #else
 1569              		.loc 1 782 9 view .LVU554
 1570 0114 316C     		ldr	r1, [r6, #64]
 782:Drivers/STM32G0xx_HAL_Driver/Src/stm32g0xx_hal_dma.c **** #else
 1571              		.loc 1 782 48 view .LVU555
 1572 0116 0423     		movs	r3, #4
 1573 0118 9340     		lsls	r3, r3, r2
 782:Drivers/STM32G0xx_HAL_Driver/Src/stm32g0xx_hal_dma.c **** #else
 1574              		.loc 1 782 32 view .LVU556
 1575 011a 4B60     		str	r3, [r1, #4]
 788:Drivers/STM32G0xx_HAL_Driver/Src/stm32g0xx_hal_dma.c **** }
 1576              		.loc 1 788 10 view .LVU557
 1577 011c 0020     		movs	r0, #0
 1578 011e 7EE7     		b	.L66
 1579              		.cfi_endproc
 1580              	.LFE499:
 1582              		.section	.text.HAL_DMA_IRQHandler,"ax",%progbits
 1583              		.align	1
 1584              		.global	HAL_DMA_IRQHandler
 1585              		.syntax unified
 1586              		.code	16
 1587              		.thumb_func
 1589              	HAL_DMA_IRQHandler:
 1590              	.LVL93:
 1591              	.LFB500:
 798:Drivers/STM32G0xx_HAL_Driver/Src/stm32g0xx_hal_dma.c **** #if defined(DMA2)
 1592              		.loc 1 798 1 is_stmt 1 view -0
 1593              		.cfi_startproc
 1594              		@ args = 0, pretend = 0, frame = 0
 1595              		@ frame_needed = 0, uses_anonymous_args = 0
 798:Drivers/STM32G0xx_HAL_Driver/Src/stm32g0xx_hal_dma.c **** #if defined(DMA2)
 1596              		.loc 1 798 1 is_stmt 0 view .LVU559
 1597 0000 70B5     		push	{r4, r5, r6, lr}
 1598              		.cfi_def_cfa_offset 16
 1599              		.cfi_offset 4, -16
 1600              		.cfi_offset 5, -12
 1601              		.cfi_offset 6, -8
 1602              		.cfi_offset 14, -4
 800:Drivers/STM32G0xx_HAL_Driver/Src/stm32g0xx_hal_dma.c **** #else
 1603              		.loc 1 800 3 is_stmt 1 view .LVU560
 800:Drivers/STM32G0xx_HAL_Driver/Src/stm32g0xx_hal_dma.c **** #else
 1604              		.loc 1 800 26 is_stmt 0 view .LVU561
 1605 0002 036C     		ldr	r3, [r0, #64]
 800:Drivers/STM32G0xx_HAL_Driver/Src/stm32g0xx_hal_dma.c **** #else
ARM GAS  C:\Users\sante\AppData\Local\Temp\ccY0eX5e.s 			page 58


 1606              		.loc 1 800 12 view .LVU562
 1607 0004 1968     		ldr	r1, [r3]
 1608              	.LVL94:
 804:Drivers/STM32G0xx_HAL_Driver/Src/stm32g0xx_hal_dma.c **** 
 1609              		.loc 1 804 3 is_stmt 1 view .LVU563
 804:Drivers/STM32G0xx_HAL_Driver/Src/stm32g0xx_hal_dma.c **** 
 1610              		.loc 1 804 28 is_stmt 0 view .LVU564
 1611 0006 0468     		ldr	r4, [r0]
 804:Drivers/STM32G0xx_HAL_Driver/Src/stm32g0xx_hal_dma.c **** 
 1612              		.loc 1 804 12 view .LVU565
 1613 0008 2568     		ldr	r5, [r4]
 1614              	.LVL95:
 807:Drivers/STM32G0xx_HAL_Driver/Src/stm32g0xx_hal_dma.c ****   {
 1615              		.loc 1 807 3 is_stmt 1 view .LVU566
 807:Drivers/STM32G0xx_HAL_Driver/Src/stm32g0xx_hal_dma.c ****   {
 1616              		.loc 1 807 41 is_stmt 0 view .LVU567
 1617 000a 426C     		ldr	r2, [r0, #68]
 807:Drivers/STM32G0xx_HAL_Driver/Src/stm32g0xx_hal_dma.c ****   {
 1618              		.loc 1 807 56 view .LVU568
 1619 000c 1C23     		movs	r3, #28
 1620 000e 1340     		ands	r3, r2
 807:Drivers/STM32G0xx_HAL_Driver/Src/stm32g0xx_hal_dma.c ****   {
 1621              		.loc 1 807 33 view .LVU569
 1622 0010 0422     		movs	r2, #4
 1623 0012 9A40     		lsls	r2, r2, r3
 807:Drivers/STM32G0xx_HAL_Driver/Src/stm32g0xx_hal_dma.c ****   {
 1624              		.loc 1 807 6 view .LVU570
 1625 0014 1142     		tst	r1, r2
 1626 0016 14D0     		beq	.L83
 807:Drivers/STM32G0xx_HAL_Driver/Src/stm32g0xx_hal_dma.c ****   {
 1627              		.loc 1 807 74 discriminator 1 view .LVU571
 1628 0018 6A07     		lsls	r2, r5, #29
 1629 001a 12D5     		bpl	.L83
 810:Drivers/STM32G0xx_HAL_Driver/Src/stm32g0xx_hal_dma.c ****       {
 1630              		.loc 1 810 7 is_stmt 1 view .LVU572
 810:Drivers/STM32G0xx_HAL_Driver/Src/stm32g0xx_hal_dma.c ****       {
 1631              		.loc 1 810 26 is_stmt 0 view .LVU573
 1632 001c 2368     		ldr	r3, [r4]
 810:Drivers/STM32G0xx_HAL_Driver/Src/stm32g0xx_hal_dma.c ****       {
 1633              		.loc 1 810 10 view .LVU574
 1634 001e 9B06     		lsls	r3, r3, #26
 1635 0020 03D4     		bmi	.L84
 813:Drivers/STM32G0xx_HAL_Driver/Src/stm32g0xx_hal_dma.c ****       }
 1636              		.loc 1 813 9 is_stmt 1 view .LVU575
 1637 0022 2368     		ldr	r3, [r4]
 1638 0024 0422     		movs	r2, #4
 1639 0026 9343     		bics	r3, r2
 1640 0028 2360     		str	r3, [r4]
 1641              	.L84:
 817:Drivers/STM32G0xx_HAL_Driver/Src/stm32g0xx_hal_dma.c **** #else
 1642              		.loc 1 817 7 view .LVU576
 817:Drivers/STM32G0xx_HAL_Driver/Src/stm32g0xx_hal_dma.c **** #else
 1643              		.loc 1 817 58 is_stmt 0 view .LVU577
 1644 002a 436C     		ldr	r3, [r0, #68]
 817:Drivers/STM32G0xx_HAL_Driver/Src/stm32g0xx_hal_dma.c **** #else
 1645              		.loc 1 817 73 view .LVU578
 1646 002c 1C22     		movs	r2, #28
ARM GAS  C:\Users\sante\AppData\Local\Temp\ccY0eX5e.s 			page 59


 1647 002e 1A40     		ands	r2, r3
 817:Drivers/STM32G0xx_HAL_Driver/Src/stm32g0xx_hal_dma.c **** #else
 1648              		.loc 1 817 11 view .LVU579
 1649 0030 016C     		ldr	r1, [r0, #64]
 1650              	.LVL96:
 817:Drivers/STM32G0xx_HAL_Driver/Src/stm32g0xx_hal_dma.c **** #else
 1651              		.loc 1 817 50 view .LVU580
 1652 0032 0423     		movs	r3, #4
 1653 0034 9340     		lsls	r3, r3, r2
 817:Drivers/STM32G0xx_HAL_Driver/Src/stm32g0xx_hal_dma.c **** #else
 1654              		.loc 1 817 34 view .LVU581
 1655 0036 4B60     		str	r3, [r1, #4]
 825:Drivers/STM32G0xx_HAL_Driver/Src/stm32g0xx_hal_dma.c ****       {
 1656              		.loc 1 825 7 is_stmt 1 view .LVU582
 825:Drivers/STM32G0xx_HAL_Driver/Src/stm32g0xx_hal_dma.c ****       {
 1657              		.loc 1 825 15 is_stmt 0 view .LVU583
 1658 0038 036B     		ldr	r3, [r0, #48]
 825:Drivers/STM32G0xx_HAL_Driver/Src/stm32g0xx_hal_dma.c ****       {
 1659              		.loc 1 825 10 view .LVU584
 1660 003a 002B     		cmp	r3, #0
 1661 003c 00D0     		beq	.L82
 828:Drivers/STM32G0xx_HAL_Driver/Src/stm32g0xx_hal_dma.c ****       }
 1662              		.loc 1 828 9 is_stmt 1 view .LVU585
 1663 003e 9847     		blx	r3
 1664              	.LVL97:
 1665              	.L82:
 891:Drivers/STM32G0xx_HAL_Driver/Src/stm32g0xx_hal_dma.c **** 
 1666              		.loc 1 891 1 is_stmt 0 view .LVU586
 1667              		@ sp needed
 1668 0040 70BD     		pop	{r4, r5, r6, pc}
 1669              	.LVL98:
 1670              	.L83:
 833:Drivers/STM32G0xx_HAL_Driver/Src/stm32g0xx_hal_dma.c ****   {
 1671              		.loc 1 833 8 is_stmt 1 view .LVU587
 833:Drivers/STM32G0xx_HAL_Driver/Src/stm32g0xx_hal_dma.c ****   {
 1672              		.loc 1 833 44 is_stmt 0 view .LVU588
 1673 0042 0222     		movs	r2, #2
 1674 0044 9A40     		lsls	r2, r2, r3
 833:Drivers/STM32G0xx_HAL_Driver/Src/stm32g0xx_hal_dma.c ****   {
 1675              		.loc 1 833 11 view .LVU589
 1676 0046 1142     		tst	r1, r2
 1677 0048 26D0     		beq	.L86
 833:Drivers/STM32G0xx_HAL_Driver/Src/stm32g0xx_hal_dma.c ****   {
 1678              		.loc 1 833 79 discriminator 1 view .LVU590
 1679 004a AA07     		lsls	r2, r5, #30
 1680 004c 24D5     		bpl	.L86
 835:Drivers/STM32G0xx_HAL_Driver/Src/stm32g0xx_hal_dma.c ****       {
 1681              		.loc 1 835 7 is_stmt 1 view .LVU591
 835:Drivers/STM32G0xx_HAL_Driver/Src/stm32g0xx_hal_dma.c ****       {
 1682              		.loc 1 835 26 is_stmt 0 view .LVU592
 1683 004e 2368     		ldr	r3, [r4]
 835:Drivers/STM32G0xx_HAL_Driver/Src/stm32g0xx_hal_dma.c ****       {
 1684              		.loc 1 835 10 view .LVU593
 1685 0050 9B06     		lsls	r3, r3, #26
 1686 0052 06D4     		bmi	.L87
 838:Drivers/STM32G0xx_HAL_Driver/Src/stm32g0xx_hal_dma.c **** 
 1687              		.loc 1 838 9 is_stmt 1 view .LVU594
ARM GAS  C:\Users\sante\AppData\Local\Temp\ccY0eX5e.s 			page 60


 1688 0054 2368     		ldr	r3, [r4]
 1689 0056 0A22     		movs	r2, #10
 1690 0058 9343     		bics	r3, r2
 1691 005a 2360     		str	r3, [r4]
 841:Drivers/STM32G0xx_HAL_Driver/Src/stm32g0xx_hal_dma.c ****       }
 1692              		.loc 1 841 9 view .LVU595
 841:Drivers/STM32G0xx_HAL_Driver/Src/stm32g0xx_hal_dma.c ****       }
 1693              		.loc 1 841 21 is_stmt 0 view .LVU596
 1694 005c 2523     		movs	r3, #37
 1695 005e 093A     		subs	r2, r2, #9
 1696 0060 C254     		strb	r2, [r0, r3]
 1697              	.L87:
 844:Drivers/STM32G0xx_HAL_Driver/Src/stm32g0xx_hal_dma.c **** 
 1698              		.loc 1 844 7 is_stmt 1 view .LVU597
 1699 0062 0268     		ldr	r2, [r0]
 1700 0064 1B4B     		ldr	r3, .L95
 1701 0066 9A42     		cmp	r2, r3
 1702 0068 0ED9     		bls	.L88
 844:Drivers/STM32G0xx_HAL_Driver/Src/stm32g0xx_hal_dma.c **** 
 1703              		.loc 1 844 7 is_stmt 0 discriminator 1 view .LVU598
 1704 006a 436C     		ldr	r3, [r0, #68]
 1705 006c 1C22     		movs	r2, #28
 1706 006e 1A40     		ands	r2, r3
 1707 0070 0223     		movs	r3, #2
 1708 0072 9340     		lsls	r3, r3, r2
 1709 0074 184A     		ldr	r2, .L95+4
 1710 0076 5360     		str	r3, [r2, #4]
 1711              	.L89:
 847:Drivers/STM32G0xx_HAL_Driver/Src/stm32g0xx_hal_dma.c **** 
 1712              		.loc 1 847 7 is_stmt 1 view .LVU599
 847:Drivers/STM32G0xx_HAL_Driver/Src/stm32g0xx_hal_dma.c **** 
 1713              		.loc 1 847 7 view .LVU600
 1714 0078 2423     		movs	r3, #36
 1715 007a 0022     		movs	r2, #0
 1716 007c C254     		strb	r2, [r0, r3]
 847:Drivers/STM32G0xx_HAL_Driver/Src/stm32g0xx_hal_dma.c **** 
 1717              		.loc 1 847 7 view .LVU601
 849:Drivers/STM32G0xx_HAL_Driver/Src/stm32g0xx_hal_dma.c ****       {
 1718              		.loc 1 849 7 view .LVU602
 849:Drivers/STM32G0xx_HAL_Driver/Src/stm32g0xx_hal_dma.c ****       {
 1719              		.loc 1 849 15 is_stmt 0 view .LVU603
 1720 007e C36A     		ldr	r3, [r0, #44]
 849:Drivers/STM32G0xx_HAL_Driver/Src/stm32g0xx_hal_dma.c ****       {
 1721              		.loc 1 849 10 view .LVU604
 1722 0080 002B     		cmp	r3, #0
 1723 0082 DDD0     		beq	.L82
 852:Drivers/STM32G0xx_HAL_Driver/Src/stm32g0xx_hal_dma.c ****       }
 1724              		.loc 1 852 9 is_stmt 1 view .LVU605
 1725 0084 9847     		blx	r3
 1726              	.LVL99:
 852:Drivers/STM32G0xx_HAL_Driver/Src/stm32g0xx_hal_dma.c ****       }
 1727              		.loc 1 852 9 is_stmt 0 view .LVU606
 1728 0086 DBE7     		b	.L82
 1729              	.LVL100:
 1730              	.L88:
 844:Drivers/STM32G0xx_HAL_Driver/Src/stm32g0xx_hal_dma.c **** 
 1731              		.loc 1 844 7 discriminator 2 view .LVU607
ARM GAS  C:\Users\sante\AppData\Local\Temp\ccY0eX5e.s 			page 61


 1732 0088 436C     		ldr	r3, [r0, #68]
 1733 008a 1C22     		movs	r2, #28
 1734 008c 1A40     		ands	r2, r3
 1735 008e 0223     		movs	r3, #2
 1736 0090 9340     		lsls	r3, r3, r2
 1737 0092 124A     		ldr	r2, .L95+8
 1738 0094 5360     		str	r3, [r2, #4]
 1739 0096 EFE7     		b	.L89
 1740              	.L86:
 857:Drivers/STM32G0xx_HAL_Driver/Src/stm32g0xx_hal_dma.c ****   {
 1741              		.loc 1 857 8 is_stmt 1 view .LVU608
 857:Drivers/STM32G0xx_HAL_Driver/Src/stm32g0xx_hal_dma.c ****   {
 1742              		.loc 1 857 38 is_stmt 0 view .LVU609
 1743 0098 0822     		movs	r2, #8
 1744 009a 9A40     		lsls	r2, r2, r3
 857:Drivers/STM32G0xx_HAL_Driver/Src/stm32g0xx_hal_dma.c ****   {
 1745              		.loc 1 857 11 view .LVU610
 1746 009c 1142     		tst	r1, r2
 1747 009e CFD0     		beq	.L82
 857:Drivers/STM32G0xx_HAL_Driver/Src/stm32g0xx_hal_dma.c ****   {
 1748              		.loc 1 857 79 discriminator 1 view .LVU611
 1749 00a0 2D07     		lsls	r5, r5, #28
 1750 00a2 CDD5     		bpl	.L82
 1751              	.LVL101:
 862:Drivers/STM32G0xx_HAL_Driver/Src/stm32g0xx_hal_dma.c **** 
 1752              		.loc 1 862 5 is_stmt 1 view .LVU612
 1753 00a4 2368     		ldr	r3, [r4]
 1754 00a6 0E22     		movs	r2, #14
 1755 00a8 9343     		bics	r3, r2
 1756 00aa 2360     		str	r3, [r4]
 866:Drivers/STM32G0xx_HAL_Driver/Src/stm32g0xx_hal_dma.c **** #else
 1757              		.loc 1 866 5 view .LVU613
 866:Drivers/STM32G0xx_HAL_Driver/Src/stm32g0xx_hal_dma.c **** #else
 1758              		.loc 1 866 56 is_stmt 0 view .LVU614
 1759 00ac 436C     		ldr	r3, [r0, #68]
 866:Drivers/STM32G0xx_HAL_Driver/Src/stm32g0xx_hal_dma.c **** #else
 1760              		.loc 1 866 71 view .LVU615
 1761 00ae 0E32     		adds	r2, r2, #14
 1762 00b0 1A40     		ands	r2, r3
 866:Drivers/STM32G0xx_HAL_Driver/Src/stm32g0xx_hal_dma.c **** #else
 1763              		.loc 1 866 9 view .LVU616
 1764 00b2 016C     		ldr	r1, [r0, #64]
 1765              	.LVL102:
 866:Drivers/STM32G0xx_HAL_Driver/Src/stm32g0xx_hal_dma.c **** #else
 1766              		.loc 1 866 48 view .LVU617
 1767 00b4 0123     		movs	r3, #1
 1768 00b6 1C00     		movs	r4, r3
 1769 00b8 9440     		lsls	r4, r4, r2
 866:Drivers/STM32G0xx_HAL_Driver/Src/stm32g0xx_hal_dma.c **** #else
 1770              		.loc 1 866 32 view .LVU618
 1771 00ba 4C60     		str	r4, [r1, #4]
 872:Drivers/STM32G0xx_HAL_Driver/Src/stm32g0xx_hal_dma.c **** 
 1772              		.loc 1 872 5 is_stmt 1 view .LVU619
 872:Drivers/STM32G0xx_HAL_Driver/Src/stm32g0xx_hal_dma.c **** 
 1773              		.loc 1 872 21 is_stmt 0 view .LVU620
 1774 00bc C363     		str	r3, [r0, #60]
 875:Drivers/STM32G0xx_HAL_Driver/Src/stm32g0xx_hal_dma.c **** 
ARM GAS  C:\Users\sante\AppData\Local\Temp\ccY0eX5e.s 			page 62


 1775              		.loc 1 875 5 is_stmt 1 view .LVU621
 875:Drivers/STM32G0xx_HAL_Driver/Src/stm32g0xx_hal_dma.c **** 
 1776              		.loc 1 875 17 is_stmt 0 view .LVU622
 1777 00be 2522     		movs	r2, #37
 1778 00c0 8354     		strb	r3, [r0, r2]
 878:Drivers/STM32G0xx_HAL_Driver/Src/stm32g0xx_hal_dma.c **** 
 1779              		.loc 1 878 5 is_stmt 1 view .LVU623
 878:Drivers/STM32G0xx_HAL_Driver/Src/stm32g0xx_hal_dma.c **** 
 1780              		.loc 1 878 5 view .LVU624
 1781 00c2 2333     		adds	r3, r3, #35
 1782 00c4 0022     		movs	r2, #0
 1783 00c6 C254     		strb	r2, [r0, r3]
 878:Drivers/STM32G0xx_HAL_Driver/Src/stm32g0xx_hal_dma.c **** 
 1784              		.loc 1 878 5 view .LVU625
 880:Drivers/STM32G0xx_HAL_Driver/Src/stm32g0xx_hal_dma.c ****     {
 1785              		.loc 1 880 5 view .LVU626
 880:Drivers/STM32G0xx_HAL_Driver/Src/stm32g0xx_hal_dma.c ****     {
 1786              		.loc 1 880 13 is_stmt 0 view .LVU627
 1787 00c8 436B     		ldr	r3, [r0, #52]
 880:Drivers/STM32G0xx_HAL_Driver/Src/stm32g0xx_hal_dma.c ****     {
 1788              		.loc 1 880 8 view .LVU628
 1789 00ca 002B     		cmp	r3, #0
 1790 00cc B8D0     		beq	.L82
 883:Drivers/STM32G0xx_HAL_Driver/Src/stm32g0xx_hal_dma.c ****     }
 1791              		.loc 1 883 7 is_stmt 1 view .LVU629
 1792 00ce 9847     		blx	r3
 1793              	.LVL103:
 889:Drivers/STM32G0xx_HAL_Driver/Src/stm32g0xx_hal_dma.c ****   return;
 1794              		.loc 1 889 3 view .LVU630
 890:Drivers/STM32G0xx_HAL_Driver/Src/stm32g0xx_hal_dma.c **** }
 1795              		.loc 1 890 3 view .LVU631
 1796 00d0 B6E7     		b	.L82
 1797              	.L96:
 1798 00d2 C046     		.align	2
 1799              	.L95:
 1800 00d4 80000240 		.word	1073873024
 1801 00d8 00040240 		.word	1073873920
 1802 00dc 00000240 		.word	1073872896
 1803              		.cfi_endproc
 1804              	.LFE500:
 1806              		.section	.text.HAL_DMA_RegisterCallback,"ax",%progbits
 1807              		.align	1
 1808              		.global	HAL_DMA_RegisterCallback
 1809              		.syntax unified
 1810              		.code	16
 1811              		.thumb_func
 1813              	HAL_DMA_RegisterCallback:
 1814              	.LVL104:
 1815              	.LFB501:
 904:Drivers/STM32G0xx_HAL_Driver/Src/stm32g0xx_hal_dma.c ****   HAL_StatusTypeDef status = HAL_OK;
 1816              		.loc 1 904 1 view -0
 1817              		.cfi_startproc
 1818              		@ args = 0, pretend = 0, frame = 0
 1819              		@ frame_needed = 0, uses_anonymous_args = 0
 904:Drivers/STM32G0xx_HAL_Driver/Src/stm32g0xx_hal_dma.c ****   HAL_StatusTypeDef status = HAL_OK;
 1820              		.loc 1 904 1 is_stmt 0 view .LVU633
 1821 0000 10B5     		push	{r4, lr}
ARM GAS  C:\Users\sante\AppData\Local\Temp\ccY0eX5e.s 			page 63


 1822              		.cfi_def_cfa_offset 8
 1823              		.cfi_offset 4, -8
 1824              		.cfi_offset 14, -4
 1825 0002 0300     		movs	r3, r0
 905:Drivers/STM32G0xx_HAL_Driver/Src/stm32g0xx_hal_dma.c **** 
 1826              		.loc 1 905 3 is_stmt 1 view .LVU634
 1827              	.LVL105:
 908:Drivers/STM32G0xx_HAL_Driver/Src/stm32g0xx_hal_dma.c **** 
 1828              		.loc 1 908 3 view .LVU635
 908:Drivers/STM32G0xx_HAL_Driver/Src/stm32g0xx_hal_dma.c **** 
 1829              		.loc 1 908 3 view .LVU636
 1830 0004 2420     		movs	r0, #36
 1831              	.LVL106:
 908:Drivers/STM32G0xx_HAL_Driver/Src/stm32g0xx_hal_dma.c **** 
 1832              		.loc 1 908 3 is_stmt 0 view .LVU637
 1833 0006 185C     		ldrb	r0, [r3, r0]
 1834 0008 0128     		cmp	r0, #1
 1835 000a 21D0     		beq	.L105
 908:Drivers/STM32G0xx_HAL_Driver/Src/stm32g0xx_hal_dma.c **** 
 1836              		.loc 1 908 3 is_stmt 1 discriminator 2 view .LVU638
 1837 000c 2420     		movs	r0, #36
 1838 000e 0124     		movs	r4, #1
 1839 0010 1C54     		strb	r4, [r3, r0]
 908:Drivers/STM32G0xx_HAL_Driver/Src/stm32g0xx_hal_dma.c **** 
 1840              		.loc 1 908 3 view .LVU639
 910:Drivers/STM32G0xx_HAL_Driver/Src/stm32g0xx_hal_dma.c ****   {
 1841              		.loc 1 910 3 view .LVU640
 910:Drivers/STM32G0xx_HAL_Driver/Src/stm32g0xx_hal_dma.c ****   {
 1842              		.loc 1 910 11 is_stmt 0 view .LVU641
 1843 0012 0130     		adds	r0, r0, #1
 1844 0014 1C5C     		ldrb	r4, [r3, r0]
 1845 0016 E0B2     		uxtb	r0, r4
 910:Drivers/STM32G0xx_HAL_Driver/Src/stm32g0xx_hal_dma.c ****   {
 1846              		.loc 1 910 6 view .LVU642
 1847 0018 012C     		cmp	r4, #1
 1848 001a 04D0     		beq	.L107
 937:Drivers/STM32G0xx_HAL_Driver/Src/stm32g0xx_hal_dma.c ****   }
 1849              		.loc 1 937 12 view .LVU643
 1850 001c 0120     		movs	r0, #1
 1851              	.L99:
 1852              	.LVL107:
 941:Drivers/STM32G0xx_HAL_Driver/Src/stm32g0xx_hal_dma.c **** 
 1853              		.loc 1 941 3 is_stmt 1 view .LVU644
 941:Drivers/STM32G0xx_HAL_Driver/Src/stm32g0xx_hal_dma.c **** 
 1854              		.loc 1 941 3 view .LVU645
 1855 001e 2422     		movs	r2, #36
 1856              	.LVL108:
 941:Drivers/STM32G0xx_HAL_Driver/Src/stm32g0xx_hal_dma.c **** 
 1857              		.loc 1 941 3 is_stmt 0 view .LVU646
 1858 0020 0021     		movs	r1, #0
 1859              	.LVL109:
 941:Drivers/STM32G0xx_HAL_Driver/Src/stm32g0xx_hal_dma.c **** 
 1860              		.loc 1 941 3 view .LVU647
 1861 0022 9954     		strb	r1, [r3, r2]
 941:Drivers/STM32G0xx_HAL_Driver/Src/stm32g0xx_hal_dma.c **** 
 1862              		.loc 1 941 3 is_stmt 1 view .LVU648
 943:Drivers/STM32G0xx_HAL_Driver/Src/stm32g0xx_hal_dma.c **** }
ARM GAS  C:\Users\sante\AppData\Local\Temp\ccY0eX5e.s 			page 64


 1863              		.loc 1 943 3 view .LVU649
 1864              	.LVL110:
 1865              	.L98:
 944:Drivers/STM32G0xx_HAL_Driver/Src/stm32g0xx_hal_dma.c **** 
 1866              		.loc 1 944 1 is_stmt 0 view .LVU650
 1867              		@ sp needed
 1868 0024 10BD     		pop	{r4, pc}
 1869              	.LVL111:
 1870              	.L107:
 912:Drivers/STM32G0xx_HAL_Driver/Src/stm32g0xx_hal_dma.c ****     {
 1871              		.loc 1 912 5 is_stmt 1 view .LVU651
 1872 0026 0229     		cmp	r1, #2
 1873 0028 0FD0     		beq	.L100
 1874 002a 06D8     		bhi	.L101
 1875 002c 0029     		cmp	r1, #0
 1876 002e 09D0     		beq	.L102
 1877 0030 0129     		cmp	r1, #1
 1878 0032 F4D1     		bne	.L99
 919:Drivers/STM32G0xx_HAL_Driver/Src/stm32g0xx_hal_dma.c ****         break;
 1879              		.loc 1 919 9 view .LVU652
 919:Drivers/STM32G0xx_HAL_Driver/Src/stm32g0xx_hal_dma.c ****         break;
 1880              		.loc 1 919 36 is_stmt 0 view .LVU653
 1881 0034 1A63     		str	r2, [r3, #48]
 920:Drivers/STM32G0xx_HAL_Driver/Src/stm32g0xx_hal_dma.c **** 
 1882              		.loc 1 920 9 is_stmt 1 view .LVU654
 905:Drivers/STM32G0xx_HAL_Driver/Src/stm32g0xx_hal_dma.c **** 
 1883              		.loc 1 905 21 is_stmt 0 view .LVU655
 1884 0036 0020     		movs	r0, #0
 920:Drivers/STM32G0xx_HAL_Driver/Src/stm32g0xx_hal_dma.c **** 
 1885              		.loc 1 920 9 view .LVU656
 1886 0038 F1E7     		b	.L99
 1887              	.L101:
 912:Drivers/STM32G0xx_HAL_Driver/Src/stm32g0xx_hal_dma.c ****     {
 1888              		.loc 1 912 5 view .LVU657
 1889 003a 0329     		cmp	r1, #3
 1890 003c EFD1     		bne	.L99
 927:Drivers/STM32G0xx_HAL_Driver/Src/stm32g0xx_hal_dma.c ****         break;
 1891              		.loc 1 927 9 is_stmt 1 view .LVU658
 927:Drivers/STM32G0xx_HAL_Driver/Src/stm32g0xx_hal_dma.c ****         break;
 1892              		.loc 1 927 33 is_stmt 0 view .LVU659
 1893 003e 9A63     		str	r2, [r3, #56]
 928:Drivers/STM32G0xx_HAL_Driver/Src/stm32g0xx_hal_dma.c **** 
 1894              		.loc 1 928 9 is_stmt 1 view .LVU660
 905:Drivers/STM32G0xx_HAL_Driver/Src/stm32g0xx_hal_dma.c **** 
 1895              		.loc 1 905 21 is_stmt 0 view .LVU661
 1896 0040 0020     		movs	r0, #0
 928:Drivers/STM32G0xx_HAL_Driver/Src/stm32g0xx_hal_dma.c **** 
 1897              		.loc 1 928 9 view .LVU662
 1898 0042 ECE7     		b	.L99
 1899              	.L102:
 915:Drivers/STM32G0xx_HAL_Driver/Src/stm32g0xx_hal_dma.c ****         break;
 1900              		.loc 1 915 9 is_stmt 1 view .LVU663
 915:Drivers/STM32G0xx_HAL_Driver/Src/stm32g0xx_hal_dma.c ****         break;
 1901              		.loc 1 915 32 is_stmt 0 view .LVU664
 1902 0044 DA62     		str	r2, [r3, #44]
 916:Drivers/STM32G0xx_HAL_Driver/Src/stm32g0xx_hal_dma.c **** 
 1903              		.loc 1 916 9 is_stmt 1 view .LVU665
ARM GAS  C:\Users\sante\AppData\Local\Temp\ccY0eX5e.s 			page 65


 905:Drivers/STM32G0xx_HAL_Driver/Src/stm32g0xx_hal_dma.c **** 
 1904              		.loc 1 905 21 is_stmt 0 view .LVU666
 1905 0046 0800     		movs	r0, r1
 916:Drivers/STM32G0xx_HAL_Driver/Src/stm32g0xx_hal_dma.c **** 
 1906              		.loc 1 916 9 view .LVU667
 1907 0048 E9E7     		b	.L99
 1908              	.L100:
 923:Drivers/STM32G0xx_HAL_Driver/Src/stm32g0xx_hal_dma.c ****         break;
 1909              		.loc 1 923 9 is_stmt 1 view .LVU668
 923:Drivers/STM32G0xx_HAL_Driver/Src/stm32g0xx_hal_dma.c ****         break;
 1910              		.loc 1 923 33 is_stmt 0 view .LVU669
 1911 004a 5A63     		str	r2, [r3, #52]
 924:Drivers/STM32G0xx_HAL_Driver/Src/stm32g0xx_hal_dma.c **** 
 1912              		.loc 1 924 9 is_stmt 1 view .LVU670
 905:Drivers/STM32G0xx_HAL_Driver/Src/stm32g0xx_hal_dma.c **** 
 1913              		.loc 1 905 21 is_stmt 0 view .LVU671
 1914 004c 0020     		movs	r0, #0
 924:Drivers/STM32G0xx_HAL_Driver/Src/stm32g0xx_hal_dma.c **** 
 1915              		.loc 1 924 9 view .LVU672
 1916 004e E6E7     		b	.L99
 1917              	.L105:
 908:Drivers/STM32G0xx_HAL_Driver/Src/stm32g0xx_hal_dma.c **** 
 1918              		.loc 1 908 3 discriminator 1 view .LVU673
 1919 0050 0220     		movs	r0, #2
 1920 0052 E7E7     		b	.L98
 1921              		.cfi_endproc
 1922              	.LFE501:
 1924              		.section	.text.HAL_DMA_UnRegisterCallback,"ax",%progbits
 1925              		.align	1
 1926              		.global	HAL_DMA_UnRegisterCallback
 1927              		.syntax unified
 1928              		.code	16
 1929              		.thumb_func
 1931              	HAL_DMA_UnRegisterCallback:
 1932              	.LVL112:
 1933              	.LFB502:
 955:Drivers/STM32G0xx_HAL_Driver/Src/stm32g0xx_hal_dma.c ****   HAL_StatusTypeDef status = HAL_OK;
 1934              		.loc 1 955 1 is_stmt 1 view -0
 1935              		.cfi_startproc
 1936              		@ args = 0, pretend = 0, frame = 0
 1937              		@ frame_needed = 0, uses_anonymous_args = 0
 1938              		@ link register save eliminated.
 955:Drivers/STM32G0xx_HAL_Driver/Src/stm32g0xx_hal_dma.c ****   HAL_StatusTypeDef status = HAL_OK;
 1939              		.loc 1 955 1 is_stmt 0 view .LVU675
 1940 0000 0300     		movs	r3, r0
 956:Drivers/STM32G0xx_HAL_Driver/Src/stm32g0xx_hal_dma.c **** 
 1941              		.loc 1 956 3 is_stmt 1 view .LVU676
 1942              	.LVL113:
 959:Drivers/STM32G0xx_HAL_Driver/Src/stm32g0xx_hal_dma.c **** 
 1943              		.loc 1 959 3 view .LVU677
 959:Drivers/STM32G0xx_HAL_Driver/Src/stm32g0xx_hal_dma.c **** 
 1944              		.loc 1 959 3 view .LVU678
 1945 0002 2422     		movs	r2, #36
 1946 0004 825C     		ldrb	r2, [r0, r2]
 1947 0006 012A     		cmp	r2, #1
 1948 0008 29D0     		beq	.L117
 959:Drivers/STM32G0xx_HAL_Driver/Src/stm32g0xx_hal_dma.c **** 
ARM GAS  C:\Users\sante\AppData\Local\Temp\ccY0eX5e.s 			page 66


 1949              		.loc 1 959 3 discriminator 2 view .LVU679
 1950 000a 2422     		movs	r2, #36
 1951 000c 0120     		movs	r0, #1
 1952              	.LVL114:
 959:Drivers/STM32G0xx_HAL_Driver/Src/stm32g0xx_hal_dma.c **** 
 1953              		.loc 1 959 3 is_stmt 0 discriminator 2 view .LVU680
 1954 000e 9854     		strb	r0, [r3, r2]
 959:Drivers/STM32G0xx_HAL_Driver/Src/stm32g0xx_hal_dma.c **** 
 1955              		.loc 1 959 3 is_stmt 1 view .LVU681
 961:Drivers/STM32G0xx_HAL_Driver/Src/stm32g0xx_hal_dma.c ****   {
 1956              		.loc 1 961 3 view .LVU682
 961:Drivers/STM32G0xx_HAL_Driver/Src/stm32g0xx_hal_dma.c ****   {
 1957              		.loc 1 961 11 is_stmt 0 view .LVU683
 1958 0010 0132     		adds	r2, r2, #1
 1959 0012 9A5C     		ldrb	r2, [r3, r2]
 1960 0014 D0B2     		uxtb	r0, r2
 961:Drivers/STM32G0xx_HAL_Driver/Src/stm32g0xx_hal_dma.c ****   {
 1961              		.loc 1 961 6 view .LVU684
 1962 0016 012A     		cmp	r2, #1
 1963 0018 04D0     		beq	.L119
 995:Drivers/STM32G0xx_HAL_Driver/Src/stm32g0xx_hal_dma.c ****   }
 1964              		.loc 1 995 12 view .LVU685
 1965 001a 0120     		movs	r0, #1
 1966              	.L110:
 1967              	.LVL115:
 999:Drivers/STM32G0xx_HAL_Driver/Src/stm32g0xx_hal_dma.c **** 
 1968              		.loc 1 999 3 is_stmt 1 view .LVU686
 999:Drivers/STM32G0xx_HAL_Driver/Src/stm32g0xx_hal_dma.c **** 
 1969              		.loc 1 999 3 view .LVU687
 1970 001c 2422     		movs	r2, #36
 1971 001e 0021     		movs	r1, #0
 1972              	.LVL116:
 999:Drivers/STM32G0xx_HAL_Driver/Src/stm32g0xx_hal_dma.c **** 
 1973              		.loc 1 999 3 is_stmt 0 view .LVU688
 1974 0020 9954     		strb	r1, [r3, r2]
 999:Drivers/STM32G0xx_HAL_Driver/Src/stm32g0xx_hal_dma.c **** 
 1975              		.loc 1 999 3 is_stmt 1 view .LVU689
1001:Drivers/STM32G0xx_HAL_Driver/Src/stm32g0xx_hal_dma.c **** }
 1976              		.loc 1 1001 3 view .LVU690
 1977              	.LVL117:
 1978              	.L109:
1002:Drivers/STM32G0xx_HAL_Driver/Src/stm32g0xx_hal_dma.c **** 
 1979              		.loc 1 1002 1 is_stmt 0 view .LVU691
 1980              		@ sp needed
 1981 0022 7047     		bx	lr
 1982              	.LVL118:
 1983              	.L119:
 963:Drivers/STM32G0xx_HAL_Driver/Src/stm32g0xx_hal_dma.c ****     {
 1984              		.loc 1 963 5 is_stmt 1 view .LVU692
 1985 0024 0429     		cmp	r1, #4
 1986 0026 F9D8     		bhi	.L110
 1987 0028 8A00     		lsls	r2, r1, #2
 1988 002a 0E48     		ldr	r0, .L120
 1989 002c 8258     		ldr	r2, [r0, r2]
 1990 002e 9746     		mov	pc, r2
 1991              		.section	.rodata.HAL_DMA_UnRegisterCallback,"a",%progbits
 1992              		.align	2
ARM GAS  C:\Users\sante\AppData\Local\Temp\ccY0eX5e.s 			page 67


 1993              	.L112:
 1994 0000 30000000 		.word	.L116
 1995 0004 38000000 		.word	.L115
 1996 0008 40000000 		.word	.L114
 1997 000c 48000000 		.word	.L113
 1998 0010 50000000 		.word	.L111
 1999              		.section	.text.HAL_DMA_UnRegisterCallback
 2000              	.L116:
 966:Drivers/STM32G0xx_HAL_Driver/Src/stm32g0xx_hal_dma.c ****         break;
 2001              		.loc 1 966 9 view .LVU693
 966:Drivers/STM32G0xx_HAL_Driver/Src/stm32g0xx_hal_dma.c ****         break;
 2002              		.loc 1 966 32 is_stmt 0 view .LVU694
 2003 0030 0022     		movs	r2, #0
 2004 0032 DA62     		str	r2, [r3, #44]
 967:Drivers/STM32G0xx_HAL_Driver/Src/stm32g0xx_hal_dma.c **** 
 2005              		.loc 1 967 9 is_stmt 1 view .LVU695
 956:Drivers/STM32G0xx_HAL_Driver/Src/stm32g0xx_hal_dma.c **** 
 2006              		.loc 1 956 21 is_stmt 0 view .LVU696
 2007 0034 0800     		movs	r0, r1
 967:Drivers/STM32G0xx_HAL_Driver/Src/stm32g0xx_hal_dma.c **** 
 2008              		.loc 1 967 9 view .LVU697
 2009 0036 F1E7     		b	.L110
 2010              	.L115:
 970:Drivers/STM32G0xx_HAL_Driver/Src/stm32g0xx_hal_dma.c ****         break;
 2011              		.loc 1 970 9 is_stmt 1 view .LVU698
 970:Drivers/STM32G0xx_HAL_Driver/Src/stm32g0xx_hal_dma.c ****         break;
 2012              		.loc 1 970 36 is_stmt 0 view .LVU699
 2013 0038 0022     		movs	r2, #0
 2014 003a 1A63     		str	r2, [r3, #48]
 971:Drivers/STM32G0xx_HAL_Driver/Src/stm32g0xx_hal_dma.c **** 
 2015              		.loc 1 971 9 is_stmt 1 view .LVU700
 956:Drivers/STM32G0xx_HAL_Driver/Src/stm32g0xx_hal_dma.c **** 
 2016              		.loc 1 956 21 is_stmt 0 view .LVU701
 2017 003c 0020     		movs	r0, #0
 971:Drivers/STM32G0xx_HAL_Driver/Src/stm32g0xx_hal_dma.c **** 
 2018              		.loc 1 971 9 view .LVU702
 2019 003e EDE7     		b	.L110
 2020              	.L114:
 974:Drivers/STM32G0xx_HAL_Driver/Src/stm32g0xx_hal_dma.c ****         break;
 2021              		.loc 1 974 9 is_stmt 1 view .LVU703
 974:Drivers/STM32G0xx_HAL_Driver/Src/stm32g0xx_hal_dma.c ****         break;
 2022              		.loc 1 974 33 is_stmt 0 view .LVU704
 2023 0040 0022     		movs	r2, #0
 2024 0042 5A63     		str	r2, [r3, #52]
 975:Drivers/STM32G0xx_HAL_Driver/Src/stm32g0xx_hal_dma.c **** 
 2025              		.loc 1 975 9 is_stmt 1 view .LVU705
 956:Drivers/STM32G0xx_HAL_Driver/Src/stm32g0xx_hal_dma.c **** 
 2026              		.loc 1 956 21 is_stmt 0 view .LVU706
 2027 0044 0020     		movs	r0, #0
 975:Drivers/STM32G0xx_HAL_Driver/Src/stm32g0xx_hal_dma.c **** 
 2028              		.loc 1 975 9 view .LVU707
 2029 0046 E9E7     		b	.L110
 2030              	.L113:
 978:Drivers/STM32G0xx_HAL_Driver/Src/stm32g0xx_hal_dma.c ****         break;
 2031              		.loc 1 978 9 is_stmt 1 view .LVU708
 978:Drivers/STM32G0xx_HAL_Driver/Src/stm32g0xx_hal_dma.c ****         break;
 2032              		.loc 1 978 33 is_stmt 0 view .LVU709
ARM GAS  C:\Users\sante\AppData\Local\Temp\ccY0eX5e.s 			page 68


 2033 0048 0022     		movs	r2, #0
 2034 004a 9A63     		str	r2, [r3, #56]
 979:Drivers/STM32G0xx_HAL_Driver/Src/stm32g0xx_hal_dma.c **** 
 2035              		.loc 1 979 9 is_stmt 1 view .LVU710
 956:Drivers/STM32G0xx_HAL_Driver/Src/stm32g0xx_hal_dma.c **** 
 2036              		.loc 1 956 21 is_stmt 0 view .LVU711
 2037 004c 0020     		movs	r0, #0
 979:Drivers/STM32G0xx_HAL_Driver/Src/stm32g0xx_hal_dma.c **** 
 2038              		.loc 1 979 9 view .LVU712
 2039 004e E5E7     		b	.L110
 2040              	.L111:
 982:Drivers/STM32G0xx_HAL_Driver/Src/stm32g0xx_hal_dma.c ****         hdma->XferHalfCpltCallback = NULL;
 2041              		.loc 1 982 9 is_stmt 1 view .LVU713
 982:Drivers/STM32G0xx_HAL_Driver/Src/stm32g0xx_hal_dma.c ****         hdma->XferHalfCpltCallback = NULL;
 2042              		.loc 1 982 32 is_stmt 0 view .LVU714
 2043 0050 0022     		movs	r2, #0
 2044 0052 DA62     		str	r2, [r3, #44]
 983:Drivers/STM32G0xx_HAL_Driver/Src/stm32g0xx_hal_dma.c ****         hdma->XferErrorCallback = NULL;
 2045              		.loc 1 983 9 is_stmt 1 view .LVU715
 983:Drivers/STM32G0xx_HAL_Driver/Src/stm32g0xx_hal_dma.c ****         hdma->XferErrorCallback = NULL;
 2046              		.loc 1 983 36 is_stmt 0 view .LVU716
 2047 0054 1A63     		str	r2, [r3, #48]
 984:Drivers/STM32G0xx_HAL_Driver/Src/stm32g0xx_hal_dma.c ****         hdma->XferAbortCallback = NULL;
 2048              		.loc 1 984 9 is_stmt 1 view .LVU717
 984:Drivers/STM32G0xx_HAL_Driver/Src/stm32g0xx_hal_dma.c ****         hdma->XferAbortCallback = NULL;
 2049              		.loc 1 984 33 is_stmt 0 view .LVU718
 2050 0056 5A63     		str	r2, [r3, #52]
 985:Drivers/STM32G0xx_HAL_Driver/Src/stm32g0xx_hal_dma.c ****         break;
 2051              		.loc 1 985 9 is_stmt 1 view .LVU719
 985:Drivers/STM32G0xx_HAL_Driver/Src/stm32g0xx_hal_dma.c ****         break;
 2052              		.loc 1 985 33 is_stmt 0 view .LVU720
 2053 0058 9A63     		str	r2, [r3, #56]
 986:Drivers/STM32G0xx_HAL_Driver/Src/stm32g0xx_hal_dma.c **** 
 2054              		.loc 1 986 9 is_stmt 1 view .LVU721
 956:Drivers/STM32G0xx_HAL_Driver/Src/stm32g0xx_hal_dma.c **** 
 2055              		.loc 1 956 21 is_stmt 0 view .LVU722
 2056 005a 0020     		movs	r0, #0
 986:Drivers/STM32G0xx_HAL_Driver/Src/stm32g0xx_hal_dma.c **** 
 2057              		.loc 1 986 9 view .LVU723
 2058 005c DEE7     		b	.L110
 2059              	.LVL119:
 2060              	.L117:
 959:Drivers/STM32G0xx_HAL_Driver/Src/stm32g0xx_hal_dma.c **** 
 2061              		.loc 1 959 3 discriminator 1 view .LVU724
 2062 005e 0220     		movs	r0, #2
 2063              	.LVL120:
 959:Drivers/STM32G0xx_HAL_Driver/Src/stm32g0xx_hal_dma.c **** 
 2064              		.loc 1 959 3 discriminator 1 view .LVU725
 2065 0060 DFE7     		b	.L109
 2066              	.L121:
 2067 0062 C046     		.align	2
 2068              	.L120:
 2069 0064 00000000 		.word	.L112
 2070              		.cfi_endproc
 2071              	.LFE502:
 2073              		.section	.text.HAL_DMA_GetState,"ax",%progbits
 2074              		.align	1
ARM GAS  C:\Users\sante\AppData\Local\Temp\ccY0eX5e.s 			page 69


 2075              		.global	HAL_DMA_GetState
 2076              		.syntax unified
 2077              		.code	16
 2078              		.thumb_func
 2080              	HAL_DMA_GetState:
 2081              	.LVL121:
 2082              	.LFB503:
1033:Drivers/STM32G0xx_HAL_Driver/Src/stm32g0xx_hal_dma.c ****   /* Return DMA handle state */
 2083              		.loc 1 1033 1 is_stmt 1 view -0
 2084              		.cfi_startproc
 2085              		@ args = 0, pretend = 0, frame = 0
 2086              		@ frame_needed = 0, uses_anonymous_args = 0
 2087              		@ link register save eliminated.
1035:Drivers/STM32G0xx_HAL_Driver/Src/stm32g0xx_hal_dma.c **** }
 2088              		.loc 1 1035 3 view .LVU727
1035:Drivers/STM32G0xx_HAL_Driver/Src/stm32g0xx_hal_dma.c **** }
 2089              		.loc 1 1035 14 is_stmt 0 view .LVU728
 2090 0000 2523     		movs	r3, #37
 2091 0002 C05C     		ldrb	r0, [r0, r3]
 2092              	.LVL122:
1035:Drivers/STM32G0xx_HAL_Driver/Src/stm32g0xx_hal_dma.c **** }
 2093              		.loc 1 1035 14 view .LVU729
 2094 0004 C0B2     		uxtb	r0, r0
1036:Drivers/STM32G0xx_HAL_Driver/Src/stm32g0xx_hal_dma.c **** 
 2095              		.loc 1 1036 1 view .LVU730
 2096              		@ sp needed
 2097 0006 7047     		bx	lr
 2098              		.cfi_endproc
 2099              	.LFE503:
 2101              		.section	.text.HAL_DMA_GetError,"ax",%progbits
 2102              		.align	1
 2103              		.global	HAL_DMA_GetError
 2104              		.syntax unified
 2105              		.code	16
 2106              		.thumb_func
 2108              	HAL_DMA_GetError:
 2109              	.LVL123:
 2110              	.LFB504:
1045:Drivers/STM32G0xx_HAL_Driver/Src/stm32g0xx_hal_dma.c ****   /* Return the DMA error code */
 2111              		.loc 1 1045 1 is_stmt 1 view -0
 2112              		.cfi_startproc
 2113              		@ args = 0, pretend = 0, frame = 0
 2114              		@ frame_needed = 0, uses_anonymous_args = 0
 2115              		@ link register save eliminated.
1047:Drivers/STM32G0xx_HAL_Driver/Src/stm32g0xx_hal_dma.c **** }
 2116              		.loc 1 1047 3 view .LVU732
1047:Drivers/STM32G0xx_HAL_Driver/Src/stm32g0xx_hal_dma.c **** }
 2117              		.loc 1 1047 14 is_stmt 0 view .LVU733
 2118 0000 C06B     		ldr	r0, [r0, #60]
 2119              	.LVL124:
1048:Drivers/STM32G0xx_HAL_Driver/Src/stm32g0xx_hal_dma.c **** 
 2120              		.loc 1 1048 1 view .LVU734
 2121              		@ sp needed
 2122 0002 7047     		bx	lr
 2123              		.cfi_endproc
 2124              	.LFE504:
 2126              		.text
ARM GAS  C:\Users\sante\AppData\Local\Temp\ccY0eX5e.s 			page 70


 2127              	.Letext0:
 2128              		.file 2 "C:/Users/sante/AppData/Roaming/Code/User/globalStorage/bmd.stm32-for-vscode/@xpack-dev-to
 2129              		.file 3 "C:/Users/sante/AppData/Roaming/Code/User/globalStorage/bmd.stm32-for-vscode/@xpack-dev-to
 2130              		.file 4 "Drivers/CMSIS/Device/ST/STM32G0xx/Include/stm32g0b1xx.h"
 2131              		.file 5 "Drivers/STM32G0xx_HAL_Driver/Inc/stm32g0xx_hal_def.h"
 2132              		.file 6 "Drivers/STM32G0xx_HAL_Driver/Inc/stm32g0xx_hal_dma.h"
 2133              		.file 7 "Drivers/STM32G0xx_HAL_Driver/Inc/stm32g0xx_ll_dma.h"
 2134              		.file 8 "Drivers/STM32G0xx_HAL_Driver/Inc/stm32g0xx_hal.h"
ARM GAS  C:\Users\sante\AppData\Local\Temp\ccY0eX5e.s 			page 71


DEFINED SYMBOLS
                            *ABS*:00000000 stm32g0xx_hal_dma.c
C:\Users\sante\AppData\Local\Temp\ccY0eX5e.s:19     .text.DMA_SetConfig:00000000 $t
C:\Users\sante\AppData\Local\Temp\ccY0eX5e.s:24     .text.DMA_SetConfig:00000000 DMA_SetConfig
C:\Users\sante\AppData\Local\Temp\ccY0eX5e.s:117    .text.DMA_CalcDMAMUXChannelBaseAndMask:00000000 $t
C:\Users\sante\AppData\Local\Temp\ccY0eX5e.s:122    .text.DMA_CalcDMAMUXChannelBaseAndMask:00000000 DMA_CalcDMAMUXChannelBaseAndMask
C:\Users\sante\AppData\Local\Temp\ccY0eX5e.s:222    .text.DMA_CalcDMAMUXChannelBaseAndMask:00000058 $d
C:\Users\sante\AppData\Local\Temp\ccY0eX5e.s:230    .text.DMA_CalcDMAMUXRequestGenBaseAndMask:00000000 $t
C:\Users\sante\AppData\Local\Temp\ccY0eX5e.s:235    .text.DMA_CalcDMAMUXRequestGenBaseAndMask:00000000 DMA_CalcDMAMUXRequestGenBaseAndMask
C:\Users\sante\AppData\Local\Temp\ccY0eX5e.s:281    .text.DMA_CalcDMAMUXRequestGenBaseAndMask:00000020 $d
C:\Users\sante\AppData\Local\Temp\ccY0eX5e.s:287    .text.HAL_DMA_Init:00000000 $t
C:\Users\sante\AppData\Local\Temp\ccY0eX5e.s:293    .text.HAL_DMA_Init:00000000 HAL_DMA_Init
C:\Users\sante\AppData\Local\Temp\ccY0eX5e.s:500    .text.HAL_DMA_Init:000000c4 $d
C:\Users\sante\AppData\Local\Temp\ccY0eX5e.s:510    .text.HAL_DMA_DeInit:00000000 $t
C:\Users\sante\AppData\Local\Temp\ccY0eX5e.s:516    .text.HAL_DMA_DeInit:00000000 HAL_DMA_DeInit
C:\Users\sante\AppData\Local\Temp\ccY0eX5e.s:700    .text.HAL_DMA_DeInit:000000a0 $d
C:\Users\sante\AppData\Local\Temp\ccY0eX5e.s:709    .text.HAL_DMA_Start:00000000 $t
C:\Users\sante\AppData\Local\Temp\ccY0eX5e.s:715    .text.HAL_DMA_Start:00000000 HAL_DMA_Start
C:\Users\sante\AppData\Local\Temp\ccY0eX5e.s:816    .text.HAL_DMA_Start_IT:00000000 $t
C:\Users\sante\AppData\Local\Temp\ccY0eX5e.s:822    .text.HAL_DMA_Start_IT:00000000 HAL_DMA_Start_IT
C:\Users\sante\AppData\Local\Temp\ccY0eX5e.s:983    .text.HAL_DMA_Abort:00000000 $t
C:\Users\sante\AppData\Local\Temp\ccY0eX5e.s:989    .text.HAL_DMA_Abort:00000000 HAL_DMA_Abort
C:\Users\sante\AppData\Local\Temp\ccY0eX5e.s:1116   .text.HAL_DMA_Abort:00000074 $d
C:\Users\sante\AppData\Local\Temp\ccY0eX5e.s:1121   .text.HAL_DMA_Abort_IT:00000000 $t
C:\Users\sante\AppData\Local\Temp\ccY0eX5e.s:1127   .text.HAL_DMA_Abort_IT:00000000 HAL_DMA_Abort_IT
C:\Users\sante\AppData\Local\Temp\ccY0eX5e.s:1257   .text.HAL_DMA_Abort_IT:00000070 $d
C:\Users\sante\AppData\Local\Temp\ccY0eX5e.s:1262   .text.HAL_DMA_PollForTransfer:00000000 $t
C:\Users\sante\AppData\Local\Temp\ccY0eX5e.s:1268   .text.HAL_DMA_PollForTransfer:00000000 HAL_DMA_PollForTransfer
C:\Users\sante\AppData\Local\Temp\ccY0eX5e.s:1583   .text.HAL_DMA_IRQHandler:00000000 $t
C:\Users\sante\AppData\Local\Temp\ccY0eX5e.s:1589   .text.HAL_DMA_IRQHandler:00000000 HAL_DMA_IRQHandler
C:\Users\sante\AppData\Local\Temp\ccY0eX5e.s:1800   .text.HAL_DMA_IRQHandler:000000d4 $d
C:\Users\sante\AppData\Local\Temp\ccY0eX5e.s:1807   .text.HAL_DMA_RegisterCallback:00000000 $t
C:\Users\sante\AppData\Local\Temp\ccY0eX5e.s:1813   .text.HAL_DMA_RegisterCallback:00000000 HAL_DMA_RegisterCallback
C:\Users\sante\AppData\Local\Temp\ccY0eX5e.s:1925   .text.HAL_DMA_UnRegisterCallback:00000000 $t
C:\Users\sante\AppData\Local\Temp\ccY0eX5e.s:1931   .text.HAL_DMA_UnRegisterCallback:00000000 HAL_DMA_UnRegisterCallback
C:\Users\sante\AppData\Local\Temp\ccY0eX5e.s:1992   .rodata.HAL_DMA_UnRegisterCallback:00000000 $d
C:\Users\sante\AppData\Local\Temp\ccY0eX5e.s:2069   .text.HAL_DMA_UnRegisterCallback:00000064 $d
C:\Users\sante\AppData\Local\Temp\ccY0eX5e.s:2074   .text.HAL_DMA_GetState:00000000 $t
C:\Users\sante\AppData\Local\Temp\ccY0eX5e.s:2080   .text.HAL_DMA_GetState:00000000 HAL_DMA_GetState
C:\Users\sante\AppData\Local\Temp\ccY0eX5e.s:2102   .text.HAL_DMA_GetError:00000000 $t
C:\Users\sante\AppData\Local\Temp\ccY0eX5e.s:2108   .text.HAL_DMA_GetError:00000000 HAL_DMA_GetError

UNDEFINED SYMBOLS
__aeabi_uidiv
HAL_GetTick
