ARM GAS  C:\Users\sante\AppData\Local\Temp\cc59nu4g.s 			page 1


   1              		.cpu cortex-m0plus
   2              		.arch armv6s-m
   3              		.fpu softvfp
   4              		.eabi_attribute 20, 1
   5              		.eabi_attribute 21, 1
   6              		.eabi_attribute 23, 3
   7              		.eabi_attribute 24, 1
   8              		.eabi_attribute 25, 1
   9              		.eabi_attribute 26, 1
  10              		.eabi_attribute 30, 1
  11              		.eabi_attribute 34, 0
  12              		.eabi_attribute 18, 4
  13              		.file	"stm32g0xx_hal_fdcan.c"
  14              		.text
  15              	.Ltext0:
  16              		.cfi_sections	.debug_frame
  17              		.file 1 "Drivers/STM32G0xx_HAL_Driver/Src/stm32g0xx_hal_fdcan.c"
  18              		.section	.text.FDCAN_CalcultateRamBlockAddresses,"ax",%progbits
  19              		.align	1
  20              		.syntax unified
  21              		.code	16
  22              		.thumb_func
  24              	FDCAN_CalcultateRamBlockAddresses:
  25              	.LVL0:
  26              	.LFB553:
   1:Drivers/STM32G0xx_HAL_Driver/Src/stm32g0xx_hal_fdcan.c **** /**
   2:Drivers/STM32G0xx_HAL_Driver/Src/stm32g0xx_hal_fdcan.c ****   ******************************************************************************
   3:Drivers/STM32G0xx_HAL_Driver/Src/stm32g0xx_hal_fdcan.c ****   * @file    stm32g0xx_hal_fdcan.c
   4:Drivers/STM32G0xx_HAL_Driver/Src/stm32g0xx_hal_fdcan.c ****   * @author  MCD Application Team
   5:Drivers/STM32G0xx_HAL_Driver/Src/stm32g0xx_hal_fdcan.c ****   * @brief   FDCAN HAL module driver.
   6:Drivers/STM32G0xx_HAL_Driver/Src/stm32g0xx_hal_fdcan.c ****   *          This file provides firmware functions to manage the following
   7:Drivers/STM32G0xx_HAL_Driver/Src/stm32g0xx_hal_fdcan.c ****   *          functionalities of the Flexible DataRate Controller Area Network
   8:Drivers/STM32G0xx_HAL_Driver/Src/stm32g0xx_hal_fdcan.c ****   *          (FDCAN) peripheral:
   9:Drivers/STM32G0xx_HAL_Driver/Src/stm32g0xx_hal_fdcan.c ****   *           + Initialization and de-initialization functions
  10:Drivers/STM32G0xx_HAL_Driver/Src/stm32g0xx_hal_fdcan.c ****   *           + IO operation functions
  11:Drivers/STM32G0xx_HAL_Driver/Src/stm32g0xx_hal_fdcan.c ****   *           + Peripheral Configuration and Control functions
  12:Drivers/STM32G0xx_HAL_Driver/Src/stm32g0xx_hal_fdcan.c ****   *           + Peripheral State and Error functions
  13:Drivers/STM32G0xx_HAL_Driver/Src/stm32g0xx_hal_fdcan.c ****   ******************************************************************************
  14:Drivers/STM32G0xx_HAL_Driver/Src/stm32g0xx_hal_fdcan.c ****   * @attention
  15:Drivers/STM32G0xx_HAL_Driver/Src/stm32g0xx_hal_fdcan.c ****   *
  16:Drivers/STM32G0xx_HAL_Driver/Src/stm32g0xx_hal_fdcan.c ****   * Copyright (c) 2018 STMicroelectronics.
  17:Drivers/STM32G0xx_HAL_Driver/Src/stm32g0xx_hal_fdcan.c ****   * All rights reserved.
  18:Drivers/STM32G0xx_HAL_Driver/Src/stm32g0xx_hal_fdcan.c ****   *
  19:Drivers/STM32G0xx_HAL_Driver/Src/stm32g0xx_hal_fdcan.c ****   * This software is licensed under terms that can be found in the LICENSE file
  20:Drivers/STM32G0xx_HAL_Driver/Src/stm32g0xx_hal_fdcan.c ****   * in the root directory of this software component.
  21:Drivers/STM32G0xx_HAL_Driver/Src/stm32g0xx_hal_fdcan.c ****   * If no LICENSE file comes with this software, it is provided AS-IS.
  22:Drivers/STM32G0xx_HAL_Driver/Src/stm32g0xx_hal_fdcan.c ****   *
  23:Drivers/STM32G0xx_HAL_Driver/Src/stm32g0xx_hal_fdcan.c ****   ******************************************************************************
  24:Drivers/STM32G0xx_HAL_Driver/Src/stm32g0xx_hal_fdcan.c ****   @verbatim
  25:Drivers/STM32G0xx_HAL_Driver/Src/stm32g0xx_hal_fdcan.c ****   ==============================================================================
  26:Drivers/STM32G0xx_HAL_Driver/Src/stm32g0xx_hal_fdcan.c ****                         ##### How to use this driver #####
  27:Drivers/STM32G0xx_HAL_Driver/Src/stm32g0xx_hal_fdcan.c ****   ==============================================================================
  28:Drivers/STM32G0xx_HAL_Driver/Src/stm32g0xx_hal_fdcan.c ****     [..]
  29:Drivers/STM32G0xx_HAL_Driver/Src/stm32g0xx_hal_fdcan.c ****       (#) Initialize the FDCAN peripheral using HAL_FDCAN_Init function.
  30:Drivers/STM32G0xx_HAL_Driver/Src/stm32g0xx_hal_fdcan.c **** 
  31:Drivers/STM32G0xx_HAL_Driver/Src/stm32g0xx_hal_fdcan.c ****       (#) If needed , configure the reception filters and optional features using
  32:Drivers/STM32G0xx_HAL_Driver/Src/stm32g0xx_hal_fdcan.c ****           the following configuration functions:
ARM GAS  C:\Users\sante\AppData\Local\Temp\cc59nu4g.s 			page 2


  33:Drivers/STM32G0xx_HAL_Driver/Src/stm32g0xx_hal_fdcan.c ****             (++) HAL_FDCAN_ConfigFilter
  34:Drivers/STM32G0xx_HAL_Driver/Src/stm32g0xx_hal_fdcan.c ****             (++) HAL_FDCAN_ConfigGlobalFilter
  35:Drivers/STM32G0xx_HAL_Driver/Src/stm32g0xx_hal_fdcan.c ****             (++) HAL_FDCAN_ConfigExtendedIdMask
  36:Drivers/STM32G0xx_HAL_Driver/Src/stm32g0xx_hal_fdcan.c ****             (++) HAL_FDCAN_ConfigRxFifoOverwrite
  37:Drivers/STM32G0xx_HAL_Driver/Src/stm32g0xx_hal_fdcan.c ****             (++) HAL_FDCAN_ConfigRamWatchdog
  38:Drivers/STM32G0xx_HAL_Driver/Src/stm32g0xx_hal_fdcan.c ****             (++) HAL_FDCAN_ConfigTimestampCounter
  39:Drivers/STM32G0xx_HAL_Driver/Src/stm32g0xx_hal_fdcan.c ****             (++) HAL_FDCAN_EnableTimestampCounter
  40:Drivers/STM32G0xx_HAL_Driver/Src/stm32g0xx_hal_fdcan.c ****             (++) HAL_FDCAN_DisableTimestampCounter
  41:Drivers/STM32G0xx_HAL_Driver/Src/stm32g0xx_hal_fdcan.c ****             (++) HAL_FDCAN_ConfigTimeoutCounter
  42:Drivers/STM32G0xx_HAL_Driver/Src/stm32g0xx_hal_fdcan.c ****             (++) HAL_FDCAN_EnableTimeoutCounter
  43:Drivers/STM32G0xx_HAL_Driver/Src/stm32g0xx_hal_fdcan.c ****             (++) HAL_FDCAN_DisableTimeoutCounter
  44:Drivers/STM32G0xx_HAL_Driver/Src/stm32g0xx_hal_fdcan.c ****             (++) HAL_FDCAN_ConfigTxDelayCompensation
  45:Drivers/STM32G0xx_HAL_Driver/Src/stm32g0xx_hal_fdcan.c ****             (++) HAL_FDCAN_EnableTxDelayCompensation
  46:Drivers/STM32G0xx_HAL_Driver/Src/stm32g0xx_hal_fdcan.c ****             (++) HAL_FDCAN_DisableTxDelayCompensation
  47:Drivers/STM32G0xx_HAL_Driver/Src/stm32g0xx_hal_fdcan.c ****             (++) HAL_FDCAN_EnableISOMode
  48:Drivers/STM32G0xx_HAL_Driver/Src/stm32g0xx_hal_fdcan.c ****             (++) HAL_FDCAN_DisableISOMode
  49:Drivers/STM32G0xx_HAL_Driver/Src/stm32g0xx_hal_fdcan.c ****             (++) HAL_FDCAN_EnableEdgeFiltering
  50:Drivers/STM32G0xx_HAL_Driver/Src/stm32g0xx_hal_fdcan.c ****             (++) HAL_FDCAN_DisableEdgeFiltering
  51:Drivers/STM32G0xx_HAL_Driver/Src/stm32g0xx_hal_fdcan.c **** 
  52:Drivers/STM32G0xx_HAL_Driver/Src/stm32g0xx_hal_fdcan.c ****       (#) Start the FDCAN module using HAL_FDCAN_Start function. At this level
  53:Drivers/STM32G0xx_HAL_Driver/Src/stm32g0xx_hal_fdcan.c ****           the node is active on the bus: it can send and receive messages.
  54:Drivers/STM32G0xx_HAL_Driver/Src/stm32g0xx_hal_fdcan.c **** 
  55:Drivers/STM32G0xx_HAL_Driver/Src/stm32g0xx_hal_fdcan.c ****       (#) The following Tx control functions can only be called when the FDCAN
  56:Drivers/STM32G0xx_HAL_Driver/Src/stm32g0xx_hal_fdcan.c ****           module is started:
  57:Drivers/STM32G0xx_HAL_Driver/Src/stm32g0xx_hal_fdcan.c ****             (++) HAL_FDCAN_AddMessageToTxFifoQ
  58:Drivers/STM32G0xx_HAL_Driver/Src/stm32g0xx_hal_fdcan.c ****             (++) HAL_FDCAN_AbortTxRequest
  59:Drivers/STM32G0xx_HAL_Driver/Src/stm32g0xx_hal_fdcan.c **** 
  60:Drivers/STM32G0xx_HAL_Driver/Src/stm32g0xx_hal_fdcan.c ****       (#) After having submitted a Tx request in Tx Fifo or Queue, it is possible to
  61:Drivers/STM32G0xx_HAL_Driver/Src/stm32g0xx_hal_fdcan.c ****           get Tx buffer location used to place the Tx request thanks to
  62:Drivers/STM32G0xx_HAL_Driver/Src/stm32g0xx_hal_fdcan.c ****           HAL_FDCAN_GetLatestTxFifoQRequestBuffer API.
  63:Drivers/STM32G0xx_HAL_Driver/Src/stm32g0xx_hal_fdcan.c ****           It is then possible to abort later on the corresponding Tx Request using
  64:Drivers/STM32G0xx_HAL_Driver/Src/stm32g0xx_hal_fdcan.c ****           HAL_FDCAN_AbortTxRequest API.
  65:Drivers/STM32G0xx_HAL_Driver/Src/stm32g0xx_hal_fdcan.c **** 
  66:Drivers/STM32G0xx_HAL_Driver/Src/stm32g0xx_hal_fdcan.c ****       (#) When a message is received into the FDCAN message RAM, it can be
  67:Drivers/STM32G0xx_HAL_Driver/Src/stm32g0xx_hal_fdcan.c ****           retrieved using the HAL_FDCAN_GetRxMessage function.
  68:Drivers/STM32G0xx_HAL_Driver/Src/stm32g0xx_hal_fdcan.c **** 
  69:Drivers/STM32G0xx_HAL_Driver/Src/stm32g0xx_hal_fdcan.c ****       (#) Calling the HAL_FDCAN_Stop function stops the FDCAN module by entering
  70:Drivers/STM32G0xx_HAL_Driver/Src/stm32g0xx_hal_fdcan.c ****           it to initialization mode and re-enabling access to configuration
  71:Drivers/STM32G0xx_HAL_Driver/Src/stm32g0xx_hal_fdcan.c ****           registers through the configuration functions listed here above.
  72:Drivers/STM32G0xx_HAL_Driver/Src/stm32g0xx_hal_fdcan.c **** 
  73:Drivers/STM32G0xx_HAL_Driver/Src/stm32g0xx_hal_fdcan.c ****       (#) All other control functions can be called any time after initialization
  74:Drivers/STM32G0xx_HAL_Driver/Src/stm32g0xx_hal_fdcan.c ****           phase, no matter if the FDCAN module is started or stopped.
  75:Drivers/STM32G0xx_HAL_Driver/Src/stm32g0xx_hal_fdcan.c **** 
  76:Drivers/STM32G0xx_HAL_Driver/Src/stm32g0xx_hal_fdcan.c ****       *** Polling mode operation ***
  77:Drivers/STM32G0xx_HAL_Driver/Src/stm32g0xx_hal_fdcan.c ****       ==============================
  78:Drivers/STM32G0xx_HAL_Driver/Src/stm32g0xx_hal_fdcan.c ****     [..]
  79:Drivers/STM32G0xx_HAL_Driver/Src/stm32g0xx_hal_fdcan.c ****         (#) Reception and transmission states can be monitored via the following
  80:Drivers/STM32G0xx_HAL_Driver/Src/stm32g0xx_hal_fdcan.c ****             functions:
  81:Drivers/STM32G0xx_HAL_Driver/Src/stm32g0xx_hal_fdcan.c ****               (++) HAL_FDCAN_IsTxBufferMessagePending
  82:Drivers/STM32G0xx_HAL_Driver/Src/stm32g0xx_hal_fdcan.c ****               (++) HAL_FDCAN_GetRxFifoFillLevel
  83:Drivers/STM32G0xx_HAL_Driver/Src/stm32g0xx_hal_fdcan.c ****               (++) HAL_FDCAN_GetTxFifoFreeLevel
  84:Drivers/STM32G0xx_HAL_Driver/Src/stm32g0xx_hal_fdcan.c **** 
  85:Drivers/STM32G0xx_HAL_Driver/Src/stm32g0xx_hal_fdcan.c ****       *** Interrupt mode operation ***
  86:Drivers/STM32G0xx_HAL_Driver/Src/stm32g0xx_hal_fdcan.c ****       ================================
  87:Drivers/STM32G0xx_HAL_Driver/Src/stm32g0xx_hal_fdcan.c ****       [..]
  88:Drivers/STM32G0xx_HAL_Driver/Src/stm32g0xx_hal_fdcan.c ****         (#) There are two interrupt lines: line 0 and 1.
  89:Drivers/STM32G0xx_HAL_Driver/Src/stm32g0xx_hal_fdcan.c ****             By default, all interrupts are assigned to line 0. Interrupt lines
ARM GAS  C:\Users\sante\AppData\Local\Temp\cc59nu4g.s 			page 3


  90:Drivers/STM32G0xx_HAL_Driver/Src/stm32g0xx_hal_fdcan.c ****             can be configured using HAL_FDCAN_ConfigInterruptLines function.
  91:Drivers/STM32G0xx_HAL_Driver/Src/stm32g0xx_hal_fdcan.c **** 
  92:Drivers/STM32G0xx_HAL_Driver/Src/stm32g0xx_hal_fdcan.c ****         (#) Notifications are activated using HAL_FDCAN_ActivateNotification
  93:Drivers/STM32G0xx_HAL_Driver/Src/stm32g0xx_hal_fdcan.c ****             function. Then, the process can be controlled through one of the
  94:Drivers/STM32G0xx_HAL_Driver/Src/stm32g0xx_hal_fdcan.c ****             available user callbacks: HAL_FDCAN_xxxCallback.
  95:Drivers/STM32G0xx_HAL_Driver/Src/stm32g0xx_hal_fdcan.c **** 
  96:Drivers/STM32G0xx_HAL_Driver/Src/stm32g0xx_hal_fdcan.c ****   *** Callback registration ***
  97:Drivers/STM32G0xx_HAL_Driver/Src/stm32g0xx_hal_fdcan.c ****   =============================================
  98:Drivers/STM32G0xx_HAL_Driver/Src/stm32g0xx_hal_fdcan.c **** 
  99:Drivers/STM32G0xx_HAL_Driver/Src/stm32g0xx_hal_fdcan.c ****   The compilation define USE_HAL_FDCAN_REGISTER_CALLBACKS when set to 1
 100:Drivers/STM32G0xx_HAL_Driver/Src/stm32g0xx_hal_fdcan.c ****   allows the user to configure dynamically the driver callbacks.
 101:Drivers/STM32G0xx_HAL_Driver/Src/stm32g0xx_hal_fdcan.c ****   Use Function HAL_FDCAN_RegisterCallback() or HAL_FDCAN_RegisterXXXCallback()
 102:Drivers/STM32G0xx_HAL_Driver/Src/stm32g0xx_hal_fdcan.c ****   to register an interrupt callback.
 103:Drivers/STM32G0xx_HAL_Driver/Src/stm32g0xx_hal_fdcan.c **** 
 104:Drivers/STM32G0xx_HAL_Driver/Src/stm32g0xx_hal_fdcan.c ****   Function HAL_FDCAN_RegisterCallback() allows to register following callbacks:
 105:Drivers/STM32G0xx_HAL_Driver/Src/stm32g0xx_hal_fdcan.c ****     (+) TxFifoEmptyCallback          : Tx Fifo Empty Callback.
 106:Drivers/STM32G0xx_HAL_Driver/Src/stm32g0xx_hal_fdcan.c ****     (+) HighPriorityMessageCallback  : High Priority Message Callback.
 107:Drivers/STM32G0xx_HAL_Driver/Src/stm32g0xx_hal_fdcan.c ****     (+) TimestampWraparoundCallback  : Timestamp Wraparound Callback.
 108:Drivers/STM32G0xx_HAL_Driver/Src/stm32g0xx_hal_fdcan.c ****     (+) TimeoutOccurredCallback      : Timeout Occurred Callback.
 109:Drivers/STM32G0xx_HAL_Driver/Src/stm32g0xx_hal_fdcan.c ****     (+) ErrorCallback                : Error Callback.
 110:Drivers/STM32G0xx_HAL_Driver/Src/stm32g0xx_hal_fdcan.c ****     (+) MspInitCallback              : FDCAN MspInit.
 111:Drivers/STM32G0xx_HAL_Driver/Src/stm32g0xx_hal_fdcan.c ****     (+) MspDeInitCallback            : FDCAN MspDeInit.
 112:Drivers/STM32G0xx_HAL_Driver/Src/stm32g0xx_hal_fdcan.c ****   This function takes as parameters the HAL peripheral handle, the Callback ID
 113:Drivers/STM32G0xx_HAL_Driver/Src/stm32g0xx_hal_fdcan.c ****   and a pointer to the user callback function.
 114:Drivers/STM32G0xx_HAL_Driver/Src/stm32g0xx_hal_fdcan.c **** 
 115:Drivers/STM32G0xx_HAL_Driver/Src/stm32g0xx_hal_fdcan.c ****   For specific callbacks TxEventFifoCallback, RxFifo0Callback, RxFifo1Callback,
 116:Drivers/STM32G0xx_HAL_Driver/Src/stm32g0xx_hal_fdcan.c ****   TxBufferCompleteCallback, TxBufferAbortCallback and ErrorStatusCallback use dedicated
 117:Drivers/STM32G0xx_HAL_Driver/Src/stm32g0xx_hal_fdcan.c ****   register callbacks: respectively HAL_FDCAN_RegisterTxEventFifoCallback(),
 118:Drivers/STM32G0xx_HAL_Driver/Src/stm32g0xx_hal_fdcan.c ****   HAL_FDCAN_RegisterRxFifo0Callback(), HAL_FDCAN_RegisterRxFifo1Callback(),
 119:Drivers/STM32G0xx_HAL_Driver/Src/stm32g0xx_hal_fdcan.c ****   HAL_FDCAN_RegisterTxBufferCompleteCallback(), HAL_FDCAN_RegisterTxBufferAbortCallback()
 120:Drivers/STM32G0xx_HAL_Driver/Src/stm32g0xx_hal_fdcan.c ****   and HAL_FDCAN_RegisterErrorStatusCallback().
 121:Drivers/STM32G0xx_HAL_Driver/Src/stm32g0xx_hal_fdcan.c **** 
 122:Drivers/STM32G0xx_HAL_Driver/Src/stm32g0xx_hal_fdcan.c ****   Use function HAL_FDCAN_UnRegisterCallback() to reset a callback to the default
 123:Drivers/STM32G0xx_HAL_Driver/Src/stm32g0xx_hal_fdcan.c ****   weak function.
 124:Drivers/STM32G0xx_HAL_Driver/Src/stm32g0xx_hal_fdcan.c ****   HAL_FDCAN_UnRegisterCallback takes as parameters the HAL peripheral handle,
 125:Drivers/STM32G0xx_HAL_Driver/Src/stm32g0xx_hal_fdcan.c ****   and the Callback ID.
 126:Drivers/STM32G0xx_HAL_Driver/Src/stm32g0xx_hal_fdcan.c ****   This function allows to reset following callbacks:
 127:Drivers/STM32G0xx_HAL_Driver/Src/stm32g0xx_hal_fdcan.c ****     (+) TxFifoEmptyCallback          : Tx Fifo Empty Callback.
 128:Drivers/STM32G0xx_HAL_Driver/Src/stm32g0xx_hal_fdcan.c ****     (+) HighPriorityMessageCallback  : High Priority Message Callback.
 129:Drivers/STM32G0xx_HAL_Driver/Src/stm32g0xx_hal_fdcan.c ****     (+) TimestampWraparoundCallback  : Timestamp Wraparound Callback.
 130:Drivers/STM32G0xx_HAL_Driver/Src/stm32g0xx_hal_fdcan.c ****     (+) TimeoutOccurredCallback      : Timeout Occurred Callback.
 131:Drivers/STM32G0xx_HAL_Driver/Src/stm32g0xx_hal_fdcan.c ****     (+) ErrorCallback                : Error Callback.
 132:Drivers/STM32G0xx_HAL_Driver/Src/stm32g0xx_hal_fdcan.c ****     (+) MspInitCallback              : FDCAN MspInit.
 133:Drivers/STM32G0xx_HAL_Driver/Src/stm32g0xx_hal_fdcan.c ****     (+) MspDeInitCallback            : FDCAN MspDeInit.
 134:Drivers/STM32G0xx_HAL_Driver/Src/stm32g0xx_hal_fdcan.c **** 
 135:Drivers/STM32G0xx_HAL_Driver/Src/stm32g0xx_hal_fdcan.c ****   For specific callbacks TxEventFifoCallback, RxFifo0Callback, RxFifo1Callback,
 136:Drivers/STM32G0xx_HAL_Driver/Src/stm32g0xx_hal_fdcan.c ****   TxBufferCompleteCallback and TxBufferAbortCallback, use dedicated
 137:Drivers/STM32G0xx_HAL_Driver/Src/stm32g0xx_hal_fdcan.c ****   unregister callbacks: respectively HAL_FDCAN_UnRegisterTxEventFifoCallback(),
 138:Drivers/STM32G0xx_HAL_Driver/Src/stm32g0xx_hal_fdcan.c ****   HAL_FDCAN_UnRegisterRxFifo0Callback(), HAL_FDCAN_UnRegisterRxFifo1Callback(),
 139:Drivers/STM32G0xx_HAL_Driver/Src/stm32g0xx_hal_fdcan.c ****   HAL_FDCAN_UnRegisterTxBufferCompleteCallback(), HAL_FDCAN_UnRegisterTxBufferAbortCallback()
 140:Drivers/STM32G0xx_HAL_Driver/Src/stm32g0xx_hal_fdcan.c ****   and HAL_FDCAN_UnRegisterErrorStatusCallback().
 141:Drivers/STM32G0xx_HAL_Driver/Src/stm32g0xx_hal_fdcan.c **** 
 142:Drivers/STM32G0xx_HAL_Driver/Src/stm32g0xx_hal_fdcan.c ****   By default, after the HAL_FDCAN_Init() and when the state is HAL_FDCAN_STATE_RESET,
 143:Drivers/STM32G0xx_HAL_Driver/Src/stm32g0xx_hal_fdcan.c ****   all callbacks are set to the corresponding weak functions:
 144:Drivers/STM32G0xx_HAL_Driver/Src/stm32g0xx_hal_fdcan.c ****   examples HAL_FDCAN_ErrorCallback().
 145:Drivers/STM32G0xx_HAL_Driver/Src/stm32g0xx_hal_fdcan.c ****   Exception done for MspInit and MspDeInit functions that are
 146:Drivers/STM32G0xx_HAL_Driver/Src/stm32g0xx_hal_fdcan.c ****   reset to the legacy weak function in the HAL_FDCAN_Init()/ HAL_FDCAN_DeInit() only when
ARM GAS  C:\Users\sante\AppData\Local\Temp\cc59nu4g.s 			page 4


 147:Drivers/STM32G0xx_HAL_Driver/Src/stm32g0xx_hal_fdcan.c ****   these callbacks are null (not registered beforehand).
 148:Drivers/STM32G0xx_HAL_Driver/Src/stm32g0xx_hal_fdcan.c ****   if not, MspInit or MspDeInit are not null, the HAL_FDCAN_Init()/ HAL_FDCAN_DeInit()
 149:Drivers/STM32G0xx_HAL_Driver/Src/stm32g0xx_hal_fdcan.c ****   keep and use the user MspInit/MspDeInit callbacks (registered beforehand)
 150:Drivers/STM32G0xx_HAL_Driver/Src/stm32g0xx_hal_fdcan.c **** 
 151:Drivers/STM32G0xx_HAL_Driver/Src/stm32g0xx_hal_fdcan.c ****   Callbacks can be registered/unregistered in HAL_FDCAN_STATE_READY state only.
 152:Drivers/STM32G0xx_HAL_Driver/Src/stm32g0xx_hal_fdcan.c ****   Exception done MspInit/MspDeInit that can be registered/unregistered
 153:Drivers/STM32G0xx_HAL_Driver/Src/stm32g0xx_hal_fdcan.c ****   in HAL_FDCAN_STATE_READY or HAL_FDCAN_STATE_RESET state,
 154:Drivers/STM32G0xx_HAL_Driver/Src/stm32g0xx_hal_fdcan.c ****   thus registered (user) MspInit/DeInit callbacks can be used during the Init/DeInit.
 155:Drivers/STM32G0xx_HAL_Driver/Src/stm32g0xx_hal_fdcan.c ****   In that case first register the MspInit/MspDeInit user callbacks
 156:Drivers/STM32G0xx_HAL_Driver/Src/stm32g0xx_hal_fdcan.c ****   using HAL_FDCAN_RegisterCallback() before calling HAL_FDCAN_DeInit()
 157:Drivers/STM32G0xx_HAL_Driver/Src/stm32g0xx_hal_fdcan.c ****   or HAL_FDCAN_Init() function.
 158:Drivers/STM32G0xx_HAL_Driver/Src/stm32g0xx_hal_fdcan.c **** 
 159:Drivers/STM32G0xx_HAL_Driver/Src/stm32g0xx_hal_fdcan.c ****   When The compilation define USE_HAL_FDCAN_REGISTER_CALLBACKS is set to 0 or
 160:Drivers/STM32G0xx_HAL_Driver/Src/stm32g0xx_hal_fdcan.c ****   not defined, the callback registration feature is not available and all callbacks
 161:Drivers/STM32G0xx_HAL_Driver/Src/stm32g0xx_hal_fdcan.c ****   are set to the corresponding weak functions.
 162:Drivers/STM32G0xx_HAL_Driver/Src/stm32g0xx_hal_fdcan.c **** 
 163:Drivers/STM32G0xx_HAL_Driver/Src/stm32g0xx_hal_fdcan.c ****   @endverbatim
 164:Drivers/STM32G0xx_HAL_Driver/Src/stm32g0xx_hal_fdcan.c ****   ******************************************************************************
 165:Drivers/STM32G0xx_HAL_Driver/Src/stm32g0xx_hal_fdcan.c ****   */
 166:Drivers/STM32G0xx_HAL_Driver/Src/stm32g0xx_hal_fdcan.c **** 
 167:Drivers/STM32G0xx_HAL_Driver/Src/stm32g0xx_hal_fdcan.c **** /* Includes ------------------------------------------------------------------*/
 168:Drivers/STM32G0xx_HAL_Driver/Src/stm32g0xx_hal_fdcan.c **** #include "stm32g0xx_hal.h"
 169:Drivers/STM32G0xx_HAL_Driver/Src/stm32g0xx_hal_fdcan.c **** 
 170:Drivers/STM32G0xx_HAL_Driver/Src/stm32g0xx_hal_fdcan.c **** #if defined(FDCAN1)
 171:Drivers/STM32G0xx_HAL_Driver/Src/stm32g0xx_hal_fdcan.c **** 
 172:Drivers/STM32G0xx_HAL_Driver/Src/stm32g0xx_hal_fdcan.c **** /** @addtogroup STM32G0xx_HAL_Driver
 173:Drivers/STM32G0xx_HAL_Driver/Src/stm32g0xx_hal_fdcan.c ****   * @{
 174:Drivers/STM32G0xx_HAL_Driver/Src/stm32g0xx_hal_fdcan.c ****   */
 175:Drivers/STM32G0xx_HAL_Driver/Src/stm32g0xx_hal_fdcan.c **** 
 176:Drivers/STM32G0xx_HAL_Driver/Src/stm32g0xx_hal_fdcan.c **** /** @defgroup FDCAN FDCAN
 177:Drivers/STM32G0xx_HAL_Driver/Src/stm32g0xx_hal_fdcan.c ****   * @brief FDCAN HAL module driver
 178:Drivers/STM32G0xx_HAL_Driver/Src/stm32g0xx_hal_fdcan.c ****   * @{
 179:Drivers/STM32G0xx_HAL_Driver/Src/stm32g0xx_hal_fdcan.c ****   */
 180:Drivers/STM32G0xx_HAL_Driver/Src/stm32g0xx_hal_fdcan.c **** 
 181:Drivers/STM32G0xx_HAL_Driver/Src/stm32g0xx_hal_fdcan.c **** #ifdef HAL_FDCAN_MODULE_ENABLED
 182:Drivers/STM32G0xx_HAL_Driver/Src/stm32g0xx_hal_fdcan.c **** 
 183:Drivers/STM32G0xx_HAL_Driver/Src/stm32g0xx_hal_fdcan.c **** /* Private typedef -----------------------------------------------------------*/
 184:Drivers/STM32G0xx_HAL_Driver/Src/stm32g0xx_hal_fdcan.c **** /* Private define ------------------------------------------------------------*/
 185:Drivers/STM32G0xx_HAL_Driver/Src/stm32g0xx_hal_fdcan.c **** /** @addtogroup FDCAN_Private_Constants
 186:Drivers/STM32G0xx_HAL_Driver/Src/stm32g0xx_hal_fdcan.c ****   * @{
 187:Drivers/STM32G0xx_HAL_Driver/Src/stm32g0xx_hal_fdcan.c ****   */
 188:Drivers/STM32G0xx_HAL_Driver/Src/stm32g0xx_hal_fdcan.c **** #define FDCAN_TIMEOUT_VALUE 10U
 189:Drivers/STM32G0xx_HAL_Driver/Src/stm32g0xx_hal_fdcan.c **** 
 190:Drivers/STM32G0xx_HAL_Driver/Src/stm32g0xx_hal_fdcan.c **** #define FDCAN_TX_EVENT_FIFO_MASK (FDCAN_IR_TEFL | FDCAN_IR_TEFF | FDCAN_IR_TEFN)
 191:Drivers/STM32G0xx_HAL_Driver/Src/stm32g0xx_hal_fdcan.c **** #define FDCAN_RX_FIFO0_MASK (FDCAN_IR_RF0L | FDCAN_IR_RF0F | FDCAN_IR_RF0N)
 192:Drivers/STM32G0xx_HAL_Driver/Src/stm32g0xx_hal_fdcan.c **** #define FDCAN_RX_FIFO1_MASK (FDCAN_IR_RF1L | FDCAN_IR_RF1F | FDCAN_IR_RF1N)
 193:Drivers/STM32G0xx_HAL_Driver/Src/stm32g0xx_hal_fdcan.c **** #define FDCAN_ERROR_MASK (FDCAN_IR_ELO | FDCAN_IR_WDI | FDCAN_IR_PEA | FDCAN_IR_PED | FDCAN_IR_ARA)
 194:Drivers/STM32G0xx_HAL_Driver/Src/stm32g0xx_hal_fdcan.c **** #define FDCAN_ERROR_STATUS_MASK (FDCAN_IR_EP | FDCAN_IR_EW | FDCAN_IR_BO)
 195:Drivers/STM32G0xx_HAL_Driver/Src/stm32g0xx_hal_fdcan.c **** 
 196:Drivers/STM32G0xx_HAL_Driver/Src/stm32g0xx_hal_fdcan.c **** #define FDCAN_ELEMENT_MASK_STDID ((uint32_t)0x1FFC0000U) /* Standard Identifier         */
 197:Drivers/STM32G0xx_HAL_Driver/Src/stm32g0xx_hal_fdcan.c **** #define FDCAN_ELEMENT_MASK_EXTID ((uint32_t)0x1FFFFFFFU) /* Extended Identifier         */
 198:Drivers/STM32G0xx_HAL_Driver/Src/stm32g0xx_hal_fdcan.c **** #define FDCAN_ELEMENT_MASK_RTR   ((uint32_t)0x20000000U) /* Remote Transmission Request */
 199:Drivers/STM32G0xx_HAL_Driver/Src/stm32g0xx_hal_fdcan.c **** #define FDCAN_ELEMENT_MASK_XTD   ((uint32_t)0x40000000U) /* Extended Identifier         */
 200:Drivers/STM32G0xx_HAL_Driver/Src/stm32g0xx_hal_fdcan.c **** #define FDCAN_ELEMENT_MASK_ESI   ((uint32_t)0x80000000U) /* Error State Indicator       */
 201:Drivers/STM32G0xx_HAL_Driver/Src/stm32g0xx_hal_fdcan.c **** #define FDCAN_ELEMENT_MASK_TS    ((uint32_t)0x0000FFFFU) /* Timestamp                   */
 202:Drivers/STM32G0xx_HAL_Driver/Src/stm32g0xx_hal_fdcan.c **** #define FDCAN_ELEMENT_MASK_DLC   ((uint32_t)0x000F0000U) /* Data Length Code            */
 203:Drivers/STM32G0xx_HAL_Driver/Src/stm32g0xx_hal_fdcan.c **** #define FDCAN_ELEMENT_MASK_BRS   ((uint32_t)0x00100000U) /* Bit Rate Switch             */
ARM GAS  C:\Users\sante\AppData\Local\Temp\cc59nu4g.s 			page 5


 204:Drivers/STM32G0xx_HAL_Driver/Src/stm32g0xx_hal_fdcan.c **** #define FDCAN_ELEMENT_MASK_FDF   ((uint32_t)0x00200000U) /* FD Format                   */
 205:Drivers/STM32G0xx_HAL_Driver/Src/stm32g0xx_hal_fdcan.c **** #define FDCAN_ELEMENT_MASK_EFC   ((uint32_t)0x00800000U) /* Event FIFO Control          */
 206:Drivers/STM32G0xx_HAL_Driver/Src/stm32g0xx_hal_fdcan.c **** #define FDCAN_ELEMENT_MASK_MM    ((uint32_t)0xFF000000U) /* Message Marker              */
 207:Drivers/STM32G0xx_HAL_Driver/Src/stm32g0xx_hal_fdcan.c **** #define FDCAN_ELEMENT_MASK_FIDX  ((uint32_t)0x7F000000U) /* Filter Index                */
 208:Drivers/STM32G0xx_HAL_Driver/Src/stm32g0xx_hal_fdcan.c **** #define FDCAN_ELEMENT_MASK_ANMF  ((uint32_t)0x80000000U) /* Accepted Non-matching Frame */
 209:Drivers/STM32G0xx_HAL_Driver/Src/stm32g0xx_hal_fdcan.c **** #define FDCAN_ELEMENT_MASK_ET    ((uint32_t)0x00C00000U) /* Event type                  */
 210:Drivers/STM32G0xx_HAL_Driver/Src/stm32g0xx_hal_fdcan.c **** 
 211:Drivers/STM32G0xx_HAL_Driver/Src/stm32g0xx_hal_fdcan.c **** #define SRAMCAN_FLS_NBR                  (28U)         /* Max. Filter List Standard Number      */
 212:Drivers/STM32G0xx_HAL_Driver/Src/stm32g0xx_hal_fdcan.c **** #define SRAMCAN_FLE_NBR                  ( 8U)         /* Max. Filter List Extended Number      */
 213:Drivers/STM32G0xx_HAL_Driver/Src/stm32g0xx_hal_fdcan.c **** #define SRAMCAN_RF0_NBR                  ( 3U)         /* RX FIFO 0 Elements Number             */
 214:Drivers/STM32G0xx_HAL_Driver/Src/stm32g0xx_hal_fdcan.c **** #define SRAMCAN_RF1_NBR                  ( 3U)         /* RX FIFO 1 Elements Number             */
 215:Drivers/STM32G0xx_HAL_Driver/Src/stm32g0xx_hal_fdcan.c **** #define SRAMCAN_TEF_NBR                  ( 3U)         /* TX Event FIFO Elements Number         */
 216:Drivers/STM32G0xx_HAL_Driver/Src/stm32g0xx_hal_fdcan.c **** #define SRAMCAN_TFQ_NBR                  ( 3U)         /* TX FIFO/Queue Elements Number         */
 217:Drivers/STM32G0xx_HAL_Driver/Src/stm32g0xx_hal_fdcan.c **** 
 218:Drivers/STM32G0xx_HAL_Driver/Src/stm32g0xx_hal_fdcan.c **** #define SRAMCAN_FLS_SIZE            ( 1U * 4U)         /* Filter Standard Element Size in bytes */
 219:Drivers/STM32G0xx_HAL_Driver/Src/stm32g0xx_hal_fdcan.c **** #define SRAMCAN_FLE_SIZE            ( 2U * 4U)         /* Filter Extended Element Size in bytes */
 220:Drivers/STM32G0xx_HAL_Driver/Src/stm32g0xx_hal_fdcan.c **** #define SRAMCAN_RF0_SIZE            (18U * 4U)         /* RX FIFO 0 Elements Size in bytes      */
 221:Drivers/STM32G0xx_HAL_Driver/Src/stm32g0xx_hal_fdcan.c **** #define SRAMCAN_RF1_SIZE            (18U * 4U)         /* RX FIFO 1 Elements Size in bytes      */
 222:Drivers/STM32G0xx_HAL_Driver/Src/stm32g0xx_hal_fdcan.c **** #define SRAMCAN_TEF_SIZE            ( 2U * 4U)         /* TX Event FIFO Elements Size in bytes  */
 223:Drivers/STM32G0xx_HAL_Driver/Src/stm32g0xx_hal_fdcan.c **** #define SRAMCAN_TFQ_SIZE            (18U * 4U)         /* TX FIFO/Queue Elements Size in bytes  */
 224:Drivers/STM32G0xx_HAL_Driver/Src/stm32g0xx_hal_fdcan.c **** 
 225:Drivers/STM32G0xx_HAL_Driver/Src/stm32g0xx_hal_fdcan.c **** #define SRAMCAN_FLSSA ((uint32_t)0)                                                      /* Filter 
 226:Drivers/STM32G0xx_HAL_Driver/Src/stm32g0xx_hal_fdcan.c ****                                                                                             Address
 227:Drivers/STM32G0xx_HAL_Driver/Src/stm32g0xx_hal_fdcan.c **** #define SRAMCAN_FLESA ((uint32_t)(SRAMCAN_FLSSA + (SRAMCAN_FLS_NBR * SRAMCAN_FLS_SIZE))) /* Filter 
 228:Drivers/STM32G0xx_HAL_Driver/Src/stm32g0xx_hal_fdcan.c ****                                                                                             Address
 229:Drivers/STM32G0xx_HAL_Driver/Src/stm32g0xx_hal_fdcan.c **** #define SRAMCAN_RF0SA ((uint32_t)(SRAMCAN_FLESA + (SRAMCAN_FLE_NBR * SRAMCAN_FLE_SIZE))) /* Rx FIFO
 230:Drivers/STM32G0xx_HAL_Driver/Src/stm32g0xx_hal_fdcan.c **** #define SRAMCAN_RF1SA ((uint32_t)(SRAMCAN_RF0SA + (SRAMCAN_RF0_NBR * SRAMCAN_RF0_SIZE))) /* Rx FIFO
 231:Drivers/STM32G0xx_HAL_Driver/Src/stm32g0xx_hal_fdcan.c **** #define SRAMCAN_TEFSA ((uint32_t)(SRAMCAN_RF1SA + (SRAMCAN_RF1_NBR * SRAMCAN_RF1_SIZE))) /* Tx Even
 232:Drivers/STM32G0xx_HAL_Driver/Src/stm32g0xx_hal_fdcan.c ****                                                                                             Address
 233:Drivers/STM32G0xx_HAL_Driver/Src/stm32g0xx_hal_fdcan.c **** #define SRAMCAN_TFQSA ((uint32_t)(SRAMCAN_TEFSA + (SRAMCAN_TEF_NBR * SRAMCAN_TEF_SIZE))) /* Tx FIFO
 234:Drivers/STM32G0xx_HAL_Driver/Src/stm32g0xx_hal_fdcan.c ****                                                                                             Address
 235:Drivers/STM32G0xx_HAL_Driver/Src/stm32g0xx_hal_fdcan.c **** #define SRAMCAN_SIZE  ((uint32_t)(SRAMCAN_TFQSA + (SRAMCAN_TFQ_NBR * SRAMCAN_TFQ_SIZE))) /* Message
 236:Drivers/STM32G0xx_HAL_Driver/Src/stm32g0xx_hal_fdcan.c **** 
 237:Drivers/STM32G0xx_HAL_Driver/Src/stm32g0xx_hal_fdcan.c **** /**
 238:Drivers/STM32G0xx_HAL_Driver/Src/stm32g0xx_hal_fdcan.c ****   * @}
 239:Drivers/STM32G0xx_HAL_Driver/Src/stm32g0xx_hal_fdcan.c ****   */
 240:Drivers/STM32G0xx_HAL_Driver/Src/stm32g0xx_hal_fdcan.c **** 
 241:Drivers/STM32G0xx_HAL_Driver/Src/stm32g0xx_hal_fdcan.c **** /* Private macro -------------------------------------------------------------*/
 242:Drivers/STM32G0xx_HAL_Driver/Src/stm32g0xx_hal_fdcan.c **** /* Private variables ---------------------------------------------------------*/
 243:Drivers/STM32G0xx_HAL_Driver/Src/stm32g0xx_hal_fdcan.c **** /** @addtogroup FDCAN_Private_Variables
 244:Drivers/STM32G0xx_HAL_Driver/Src/stm32g0xx_hal_fdcan.c ****   * @{
 245:Drivers/STM32G0xx_HAL_Driver/Src/stm32g0xx_hal_fdcan.c ****   */
 246:Drivers/STM32G0xx_HAL_Driver/Src/stm32g0xx_hal_fdcan.c **** static const uint8_t DLCtoBytes[] = {0, 1, 2, 3, 4, 5, 6, 7, 8, 12, 16, 20, 24, 32, 48, 64};
 247:Drivers/STM32G0xx_HAL_Driver/Src/stm32g0xx_hal_fdcan.c **** /**
 248:Drivers/STM32G0xx_HAL_Driver/Src/stm32g0xx_hal_fdcan.c ****   * @}
 249:Drivers/STM32G0xx_HAL_Driver/Src/stm32g0xx_hal_fdcan.c ****   */
 250:Drivers/STM32G0xx_HAL_Driver/Src/stm32g0xx_hal_fdcan.c **** 
 251:Drivers/STM32G0xx_HAL_Driver/Src/stm32g0xx_hal_fdcan.c **** /* Private function prototypes -----------------------------------------------*/
 252:Drivers/STM32G0xx_HAL_Driver/Src/stm32g0xx_hal_fdcan.c **** /** @addtogroup FDCAN_Private_Functions_Prototypes
 253:Drivers/STM32G0xx_HAL_Driver/Src/stm32g0xx_hal_fdcan.c ****   * @{
 254:Drivers/STM32G0xx_HAL_Driver/Src/stm32g0xx_hal_fdcan.c ****   */
 255:Drivers/STM32G0xx_HAL_Driver/Src/stm32g0xx_hal_fdcan.c **** static void FDCAN_CalcultateRamBlockAddresses(FDCAN_HandleTypeDef *hfdcan);
 256:Drivers/STM32G0xx_HAL_Driver/Src/stm32g0xx_hal_fdcan.c **** static void FDCAN_CopyMessageToRAM(const FDCAN_HandleTypeDef *hfdcan, const FDCAN_TxHeaderTypeDef *
 257:Drivers/STM32G0xx_HAL_Driver/Src/stm32g0xx_hal_fdcan.c ****                                    const uint8_t *pTxData, uint32_t BufferIndex);
 258:Drivers/STM32G0xx_HAL_Driver/Src/stm32g0xx_hal_fdcan.c **** /**
 259:Drivers/STM32G0xx_HAL_Driver/Src/stm32g0xx_hal_fdcan.c ****   * @}
 260:Drivers/STM32G0xx_HAL_Driver/Src/stm32g0xx_hal_fdcan.c ****   */
ARM GAS  C:\Users\sante\AppData\Local\Temp\cc59nu4g.s 			page 6


 261:Drivers/STM32G0xx_HAL_Driver/Src/stm32g0xx_hal_fdcan.c **** 
 262:Drivers/STM32G0xx_HAL_Driver/Src/stm32g0xx_hal_fdcan.c **** /* Exported functions --------------------------------------------------------*/
 263:Drivers/STM32G0xx_HAL_Driver/Src/stm32g0xx_hal_fdcan.c **** /** @defgroup FDCAN_Exported_Functions FDCAN Exported Functions
 264:Drivers/STM32G0xx_HAL_Driver/Src/stm32g0xx_hal_fdcan.c ****   * @{
 265:Drivers/STM32G0xx_HAL_Driver/Src/stm32g0xx_hal_fdcan.c ****   */
 266:Drivers/STM32G0xx_HAL_Driver/Src/stm32g0xx_hal_fdcan.c **** 
 267:Drivers/STM32G0xx_HAL_Driver/Src/stm32g0xx_hal_fdcan.c **** /** @defgroup FDCAN_Exported_Functions_Group1 Initialization and de-initialization functions
 268:Drivers/STM32G0xx_HAL_Driver/Src/stm32g0xx_hal_fdcan.c ****   *  @brief    Initialization and Configuration functions
 269:Drivers/STM32G0xx_HAL_Driver/Src/stm32g0xx_hal_fdcan.c ****   *
 270:Drivers/STM32G0xx_HAL_Driver/Src/stm32g0xx_hal_fdcan.c **** @verbatim
 271:Drivers/STM32G0xx_HAL_Driver/Src/stm32g0xx_hal_fdcan.c ****   ==============================================================================
 272:Drivers/STM32G0xx_HAL_Driver/Src/stm32g0xx_hal_fdcan.c ****               ##### Initialization and de-initialization functions #####
 273:Drivers/STM32G0xx_HAL_Driver/Src/stm32g0xx_hal_fdcan.c ****   ==============================================================================
 274:Drivers/STM32G0xx_HAL_Driver/Src/stm32g0xx_hal_fdcan.c ****     [..]  This section provides functions allowing to:
 275:Drivers/STM32G0xx_HAL_Driver/Src/stm32g0xx_hal_fdcan.c ****       (+) Initialize and configure the FDCAN.
 276:Drivers/STM32G0xx_HAL_Driver/Src/stm32g0xx_hal_fdcan.c ****       (+) De-initialize the FDCAN.
 277:Drivers/STM32G0xx_HAL_Driver/Src/stm32g0xx_hal_fdcan.c ****       (+) Enter FDCAN peripheral in power down mode.
 278:Drivers/STM32G0xx_HAL_Driver/Src/stm32g0xx_hal_fdcan.c ****       (+) Exit power down mode.
 279:Drivers/STM32G0xx_HAL_Driver/Src/stm32g0xx_hal_fdcan.c ****       (+) Register callbacks.
 280:Drivers/STM32G0xx_HAL_Driver/Src/stm32g0xx_hal_fdcan.c ****       (+) Unregister callbacks.
 281:Drivers/STM32G0xx_HAL_Driver/Src/stm32g0xx_hal_fdcan.c **** 
 282:Drivers/STM32G0xx_HAL_Driver/Src/stm32g0xx_hal_fdcan.c **** @endverbatim
 283:Drivers/STM32G0xx_HAL_Driver/Src/stm32g0xx_hal_fdcan.c ****   * @{
 284:Drivers/STM32G0xx_HAL_Driver/Src/stm32g0xx_hal_fdcan.c ****   */
 285:Drivers/STM32G0xx_HAL_Driver/Src/stm32g0xx_hal_fdcan.c **** 
 286:Drivers/STM32G0xx_HAL_Driver/Src/stm32g0xx_hal_fdcan.c **** /**
 287:Drivers/STM32G0xx_HAL_Driver/Src/stm32g0xx_hal_fdcan.c ****   * @brief  Initializes the FDCAN peripheral according to the specified
 288:Drivers/STM32G0xx_HAL_Driver/Src/stm32g0xx_hal_fdcan.c ****   *         parameters in the FDCAN_InitTypeDef structure.
 289:Drivers/STM32G0xx_HAL_Driver/Src/stm32g0xx_hal_fdcan.c ****   * @param  hfdcan pointer to an FDCAN_HandleTypeDef structure that contains
 290:Drivers/STM32G0xx_HAL_Driver/Src/stm32g0xx_hal_fdcan.c ****   *         the configuration information for the specified FDCAN.
 291:Drivers/STM32G0xx_HAL_Driver/Src/stm32g0xx_hal_fdcan.c ****   * @retval HAL status
 292:Drivers/STM32G0xx_HAL_Driver/Src/stm32g0xx_hal_fdcan.c ****   */
 293:Drivers/STM32G0xx_HAL_Driver/Src/stm32g0xx_hal_fdcan.c **** HAL_StatusTypeDef HAL_FDCAN_Init(FDCAN_HandleTypeDef *hfdcan)
 294:Drivers/STM32G0xx_HAL_Driver/Src/stm32g0xx_hal_fdcan.c **** {
 295:Drivers/STM32G0xx_HAL_Driver/Src/stm32g0xx_hal_fdcan.c ****   uint32_t tickstart;
 296:Drivers/STM32G0xx_HAL_Driver/Src/stm32g0xx_hal_fdcan.c **** 
 297:Drivers/STM32G0xx_HAL_Driver/Src/stm32g0xx_hal_fdcan.c ****   /* Check FDCAN handle */
 298:Drivers/STM32G0xx_HAL_Driver/Src/stm32g0xx_hal_fdcan.c ****   if (hfdcan == NULL)
 299:Drivers/STM32G0xx_HAL_Driver/Src/stm32g0xx_hal_fdcan.c ****   {
 300:Drivers/STM32G0xx_HAL_Driver/Src/stm32g0xx_hal_fdcan.c ****     return HAL_ERROR;
 301:Drivers/STM32G0xx_HAL_Driver/Src/stm32g0xx_hal_fdcan.c ****   }
 302:Drivers/STM32G0xx_HAL_Driver/Src/stm32g0xx_hal_fdcan.c **** 
 303:Drivers/STM32G0xx_HAL_Driver/Src/stm32g0xx_hal_fdcan.c ****   /* Check function parameters */
 304:Drivers/STM32G0xx_HAL_Driver/Src/stm32g0xx_hal_fdcan.c ****   assert_param(IS_FDCAN_ALL_INSTANCE(hfdcan->Instance));
 305:Drivers/STM32G0xx_HAL_Driver/Src/stm32g0xx_hal_fdcan.c ****   if (hfdcan->Instance == FDCAN1)
 306:Drivers/STM32G0xx_HAL_Driver/Src/stm32g0xx_hal_fdcan.c ****   {
 307:Drivers/STM32G0xx_HAL_Driver/Src/stm32g0xx_hal_fdcan.c ****     assert_param(IS_FDCAN_CKDIV(hfdcan->Init.ClockDivider));
 308:Drivers/STM32G0xx_HAL_Driver/Src/stm32g0xx_hal_fdcan.c ****   }
 309:Drivers/STM32G0xx_HAL_Driver/Src/stm32g0xx_hal_fdcan.c ****   assert_param(IS_FDCAN_FRAME_FORMAT(hfdcan->Init.FrameFormat));
 310:Drivers/STM32G0xx_HAL_Driver/Src/stm32g0xx_hal_fdcan.c ****   assert_param(IS_FDCAN_MODE(hfdcan->Init.Mode));
 311:Drivers/STM32G0xx_HAL_Driver/Src/stm32g0xx_hal_fdcan.c ****   assert_param(IS_FUNCTIONAL_STATE(hfdcan->Init.AutoRetransmission));
 312:Drivers/STM32G0xx_HAL_Driver/Src/stm32g0xx_hal_fdcan.c ****   assert_param(IS_FUNCTIONAL_STATE(hfdcan->Init.TransmitPause));
 313:Drivers/STM32G0xx_HAL_Driver/Src/stm32g0xx_hal_fdcan.c ****   assert_param(IS_FUNCTIONAL_STATE(hfdcan->Init.ProtocolException));
 314:Drivers/STM32G0xx_HAL_Driver/Src/stm32g0xx_hal_fdcan.c ****   assert_param(IS_FDCAN_NOMINAL_PRESCALER(hfdcan->Init.NominalPrescaler));
 315:Drivers/STM32G0xx_HAL_Driver/Src/stm32g0xx_hal_fdcan.c ****   assert_param(IS_FDCAN_NOMINAL_SJW(hfdcan->Init.NominalSyncJumpWidth));
 316:Drivers/STM32G0xx_HAL_Driver/Src/stm32g0xx_hal_fdcan.c ****   assert_param(IS_FDCAN_NOMINAL_TSEG1(hfdcan->Init.NominalTimeSeg1));
 317:Drivers/STM32G0xx_HAL_Driver/Src/stm32g0xx_hal_fdcan.c ****   assert_param(IS_FDCAN_NOMINAL_TSEG2(hfdcan->Init.NominalTimeSeg2));
ARM GAS  C:\Users\sante\AppData\Local\Temp\cc59nu4g.s 			page 7


 318:Drivers/STM32G0xx_HAL_Driver/Src/stm32g0xx_hal_fdcan.c ****   if (hfdcan->Init.FrameFormat == FDCAN_FRAME_FD_BRS)
 319:Drivers/STM32G0xx_HAL_Driver/Src/stm32g0xx_hal_fdcan.c ****   {
 320:Drivers/STM32G0xx_HAL_Driver/Src/stm32g0xx_hal_fdcan.c ****     assert_param(IS_FDCAN_DATA_PRESCALER(hfdcan->Init.DataPrescaler));
 321:Drivers/STM32G0xx_HAL_Driver/Src/stm32g0xx_hal_fdcan.c ****     assert_param(IS_FDCAN_DATA_SJW(hfdcan->Init.DataSyncJumpWidth));
 322:Drivers/STM32G0xx_HAL_Driver/Src/stm32g0xx_hal_fdcan.c ****     assert_param(IS_FDCAN_DATA_TSEG1(hfdcan->Init.DataTimeSeg1));
 323:Drivers/STM32G0xx_HAL_Driver/Src/stm32g0xx_hal_fdcan.c ****     assert_param(IS_FDCAN_DATA_TSEG2(hfdcan->Init.DataTimeSeg2));
 324:Drivers/STM32G0xx_HAL_Driver/Src/stm32g0xx_hal_fdcan.c ****   }
 325:Drivers/STM32G0xx_HAL_Driver/Src/stm32g0xx_hal_fdcan.c ****   assert_param(IS_FDCAN_MAX_VALUE(hfdcan->Init.StdFiltersNbr, SRAMCAN_FLS_NBR));
 326:Drivers/STM32G0xx_HAL_Driver/Src/stm32g0xx_hal_fdcan.c ****   assert_param(IS_FDCAN_MAX_VALUE(hfdcan->Init.ExtFiltersNbr, SRAMCAN_FLE_NBR));
 327:Drivers/STM32G0xx_HAL_Driver/Src/stm32g0xx_hal_fdcan.c ****   assert_param(IS_FDCAN_TX_FIFO_QUEUE_MODE(hfdcan->Init.TxFifoQueueMode));
 328:Drivers/STM32G0xx_HAL_Driver/Src/stm32g0xx_hal_fdcan.c **** 
 329:Drivers/STM32G0xx_HAL_Driver/Src/stm32g0xx_hal_fdcan.c **** #if USE_HAL_FDCAN_REGISTER_CALLBACKS == 1
 330:Drivers/STM32G0xx_HAL_Driver/Src/stm32g0xx_hal_fdcan.c ****   if (hfdcan->State == HAL_FDCAN_STATE_RESET)
 331:Drivers/STM32G0xx_HAL_Driver/Src/stm32g0xx_hal_fdcan.c ****   {
 332:Drivers/STM32G0xx_HAL_Driver/Src/stm32g0xx_hal_fdcan.c ****     /* Allocate lock resource and initialize it */
 333:Drivers/STM32G0xx_HAL_Driver/Src/stm32g0xx_hal_fdcan.c ****     hfdcan->Lock = HAL_UNLOCKED;
 334:Drivers/STM32G0xx_HAL_Driver/Src/stm32g0xx_hal_fdcan.c **** 
 335:Drivers/STM32G0xx_HAL_Driver/Src/stm32g0xx_hal_fdcan.c ****     /* Reset callbacks to legacy functions */
 336:Drivers/STM32G0xx_HAL_Driver/Src/stm32g0xx_hal_fdcan.c ****     hfdcan->TxEventFifoCallback         = HAL_FDCAN_TxEventFifoCallback;         /* TxEventFifoCall
 337:Drivers/STM32G0xx_HAL_Driver/Src/stm32g0xx_hal_fdcan.c ****     hfdcan->RxFifo0Callback             = HAL_FDCAN_RxFifo0Callback;             /* RxFifo0Callback
 338:Drivers/STM32G0xx_HAL_Driver/Src/stm32g0xx_hal_fdcan.c ****     hfdcan->RxFifo1Callback             = HAL_FDCAN_RxFifo1Callback;             /* RxFifo1Callback
 339:Drivers/STM32G0xx_HAL_Driver/Src/stm32g0xx_hal_fdcan.c ****     hfdcan->TxFifoEmptyCallback         = HAL_FDCAN_TxFifoEmptyCallback;         /* TxFifoEmptyCall
 340:Drivers/STM32G0xx_HAL_Driver/Src/stm32g0xx_hal_fdcan.c ****     hfdcan->TxBufferCompleteCallback    = HAL_FDCAN_TxBufferCompleteCallback;    /* TxBufferComplet
 341:Drivers/STM32G0xx_HAL_Driver/Src/stm32g0xx_hal_fdcan.c ****     hfdcan->TxBufferAbortCallback       = HAL_FDCAN_TxBufferAbortCallback;       /* TxBufferAbortCa
 342:Drivers/STM32G0xx_HAL_Driver/Src/stm32g0xx_hal_fdcan.c ****     hfdcan->HighPriorityMessageCallback = HAL_FDCAN_HighPriorityMessageCallback; /* HighPriorityMes
 343:Drivers/STM32G0xx_HAL_Driver/Src/stm32g0xx_hal_fdcan.c ****     hfdcan->TimestampWraparoundCallback = HAL_FDCAN_TimestampWraparoundCallback; /* TimestampWrapar
 344:Drivers/STM32G0xx_HAL_Driver/Src/stm32g0xx_hal_fdcan.c ****     hfdcan->TimeoutOccurredCallback     = HAL_FDCAN_TimeoutOccurredCallback;     /* TimeoutOccurred
 345:Drivers/STM32G0xx_HAL_Driver/Src/stm32g0xx_hal_fdcan.c ****     hfdcan->ErrorCallback               = HAL_FDCAN_ErrorCallback;               /* ErrorCallback  
 346:Drivers/STM32G0xx_HAL_Driver/Src/stm32g0xx_hal_fdcan.c ****     hfdcan->ErrorStatusCallback         = HAL_FDCAN_ErrorStatusCallback;         /* ErrorStatusCall
 347:Drivers/STM32G0xx_HAL_Driver/Src/stm32g0xx_hal_fdcan.c **** 
 348:Drivers/STM32G0xx_HAL_Driver/Src/stm32g0xx_hal_fdcan.c ****     if (hfdcan->MspInitCallback == NULL)
 349:Drivers/STM32G0xx_HAL_Driver/Src/stm32g0xx_hal_fdcan.c ****     {
 350:Drivers/STM32G0xx_HAL_Driver/Src/stm32g0xx_hal_fdcan.c ****       hfdcan->MspInitCallback = HAL_FDCAN_MspInit;  /* Legacy weak MspInit */
 351:Drivers/STM32G0xx_HAL_Driver/Src/stm32g0xx_hal_fdcan.c ****     }
 352:Drivers/STM32G0xx_HAL_Driver/Src/stm32g0xx_hal_fdcan.c **** 
 353:Drivers/STM32G0xx_HAL_Driver/Src/stm32g0xx_hal_fdcan.c ****     /* Init the low level hardware: CLOCK, NVIC */
 354:Drivers/STM32G0xx_HAL_Driver/Src/stm32g0xx_hal_fdcan.c ****     hfdcan->MspInitCallback(hfdcan);
 355:Drivers/STM32G0xx_HAL_Driver/Src/stm32g0xx_hal_fdcan.c ****   }
 356:Drivers/STM32G0xx_HAL_Driver/Src/stm32g0xx_hal_fdcan.c **** #else
 357:Drivers/STM32G0xx_HAL_Driver/Src/stm32g0xx_hal_fdcan.c ****   if (hfdcan->State == HAL_FDCAN_STATE_RESET)
 358:Drivers/STM32G0xx_HAL_Driver/Src/stm32g0xx_hal_fdcan.c ****   {
 359:Drivers/STM32G0xx_HAL_Driver/Src/stm32g0xx_hal_fdcan.c ****     /* Allocate lock resource and initialize it */
 360:Drivers/STM32G0xx_HAL_Driver/Src/stm32g0xx_hal_fdcan.c ****     hfdcan->Lock = HAL_UNLOCKED;
 361:Drivers/STM32G0xx_HAL_Driver/Src/stm32g0xx_hal_fdcan.c **** 
 362:Drivers/STM32G0xx_HAL_Driver/Src/stm32g0xx_hal_fdcan.c ****     /* Init the low level hardware: CLOCK, NVIC */
 363:Drivers/STM32G0xx_HAL_Driver/Src/stm32g0xx_hal_fdcan.c ****     HAL_FDCAN_MspInit(hfdcan);
 364:Drivers/STM32G0xx_HAL_Driver/Src/stm32g0xx_hal_fdcan.c ****   }
 365:Drivers/STM32G0xx_HAL_Driver/Src/stm32g0xx_hal_fdcan.c **** #endif /* USE_HAL_FDCAN_REGISTER_CALLBACKS */
 366:Drivers/STM32G0xx_HAL_Driver/Src/stm32g0xx_hal_fdcan.c **** 
 367:Drivers/STM32G0xx_HAL_Driver/Src/stm32g0xx_hal_fdcan.c ****   /* Exit from Sleep mode */
 368:Drivers/STM32G0xx_HAL_Driver/Src/stm32g0xx_hal_fdcan.c ****   CLEAR_BIT(hfdcan->Instance->CCCR, FDCAN_CCCR_CSR);
 369:Drivers/STM32G0xx_HAL_Driver/Src/stm32g0xx_hal_fdcan.c **** 
 370:Drivers/STM32G0xx_HAL_Driver/Src/stm32g0xx_hal_fdcan.c ****   /* Get tick */
 371:Drivers/STM32G0xx_HAL_Driver/Src/stm32g0xx_hal_fdcan.c ****   tickstart = HAL_GetTick();
 372:Drivers/STM32G0xx_HAL_Driver/Src/stm32g0xx_hal_fdcan.c **** 
 373:Drivers/STM32G0xx_HAL_Driver/Src/stm32g0xx_hal_fdcan.c ****   /* Check Sleep mode acknowledge */
 374:Drivers/STM32G0xx_HAL_Driver/Src/stm32g0xx_hal_fdcan.c ****   while ((hfdcan->Instance->CCCR & FDCAN_CCCR_CSA) == FDCAN_CCCR_CSA)
ARM GAS  C:\Users\sante\AppData\Local\Temp\cc59nu4g.s 			page 8


 375:Drivers/STM32G0xx_HAL_Driver/Src/stm32g0xx_hal_fdcan.c ****   {
 376:Drivers/STM32G0xx_HAL_Driver/Src/stm32g0xx_hal_fdcan.c ****     if ((HAL_GetTick() - tickstart) > FDCAN_TIMEOUT_VALUE)
 377:Drivers/STM32G0xx_HAL_Driver/Src/stm32g0xx_hal_fdcan.c ****     {
 378:Drivers/STM32G0xx_HAL_Driver/Src/stm32g0xx_hal_fdcan.c ****       /* Update error code */
 379:Drivers/STM32G0xx_HAL_Driver/Src/stm32g0xx_hal_fdcan.c ****       hfdcan->ErrorCode |= HAL_FDCAN_ERROR_TIMEOUT;
 380:Drivers/STM32G0xx_HAL_Driver/Src/stm32g0xx_hal_fdcan.c **** 
 381:Drivers/STM32G0xx_HAL_Driver/Src/stm32g0xx_hal_fdcan.c ****       /* Change FDCAN state */
 382:Drivers/STM32G0xx_HAL_Driver/Src/stm32g0xx_hal_fdcan.c ****       hfdcan->State = HAL_FDCAN_STATE_ERROR;
 383:Drivers/STM32G0xx_HAL_Driver/Src/stm32g0xx_hal_fdcan.c **** 
 384:Drivers/STM32G0xx_HAL_Driver/Src/stm32g0xx_hal_fdcan.c ****       return HAL_ERROR;
 385:Drivers/STM32G0xx_HAL_Driver/Src/stm32g0xx_hal_fdcan.c ****     }
 386:Drivers/STM32G0xx_HAL_Driver/Src/stm32g0xx_hal_fdcan.c ****   }
 387:Drivers/STM32G0xx_HAL_Driver/Src/stm32g0xx_hal_fdcan.c **** 
 388:Drivers/STM32G0xx_HAL_Driver/Src/stm32g0xx_hal_fdcan.c ****   /* Request initialisation */
 389:Drivers/STM32G0xx_HAL_Driver/Src/stm32g0xx_hal_fdcan.c ****   SET_BIT(hfdcan->Instance->CCCR, FDCAN_CCCR_INIT);
 390:Drivers/STM32G0xx_HAL_Driver/Src/stm32g0xx_hal_fdcan.c **** 
 391:Drivers/STM32G0xx_HAL_Driver/Src/stm32g0xx_hal_fdcan.c ****   /* Get tick */
 392:Drivers/STM32G0xx_HAL_Driver/Src/stm32g0xx_hal_fdcan.c ****   tickstart = HAL_GetTick();
 393:Drivers/STM32G0xx_HAL_Driver/Src/stm32g0xx_hal_fdcan.c **** 
 394:Drivers/STM32G0xx_HAL_Driver/Src/stm32g0xx_hal_fdcan.c ****   /* Wait until the INIT bit into CCCR register is set */
 395:Drivers/STM32G0xx_HAL_Driver/Src/stm32g0xx_hal_fdcan.c ****   while ((hfdcan->Instance->CCCR & FDCAN_CCCR_INIT) == 0U)
 396:Drivers/STM32G0xx_HAL_Driver/Src/stm32g0xx_hal_fdcan.c ****   {
 397:Drivers/STM32G0xx_HAL_Driver/Src/stm32g0xx_hal_fdcan.c ****     /* Check for the Timeout */
 398:Drivers/STM32G0xx_HAL_Driver/Src/stm32g0xx_hal_fdcan.c ****     if ((HAL_GetTick() - tickstart) > FDCAN_TIMEOUT_VALUE)
 399:Drivers/STM32G0xx_HAL_Driver/Src/stm32g0xx_hal_fdcan.c ****     {
 400:Drivers/STM32G0xx_HAL_Driver/Src/stm32g0xx_hal_fdcan.c ****       /* Update error code */
 401:Drivers/STM32G0xx_HAL_Driver/Src/stm32g0xx_hal_fdcan.c ****       hfdcan->ErrorCode |= HAL_FDCAN_ERROR_TIMEOUT;
 402:Drivers/STM32G0xx_HAL_Driver/Src/stm32g0xx_hal_fdcan.c **** 
 403:Drivers/STM32G0xx_HAL_Driver/Src/stm32g0xx_hal_fdcan.c ****       /* Change FDCAN state */
 404:Drivers/STM32G0xx_HAL_Driver/Src/stm32g0xx_hal_fdcan.c ****       hfdcan->State = HAL_FDCAN_STATE_ERROR;
 405:Drivers/STM32G0xx_HAL_Driver/Src/stm32g0xx_hal_fdcan.c **** 
 406:Drivers/STM32G0xx_HAL_Driver/Src/stm32g0xx_hal_fdcan.c ****       return HAL_ERROR;
 407:Drivers/STM32G0xx_HAL_Driver/Src/stm32g0xx_hal_fdcan.c ****     }
 408:Drivers/STM32G0xx_HAL_Driver/Src/stm32g0xx_hal_fdcan.c ****   }
 409:Drivers/STM32G0xx_HAL_Driver/Src/stm32g0xx_hal_fdcan.c **** 
 410:Drivers/STM32G0xx_HAL_Driver/Src/stm32g0xx_hal_fdcan.c ****   /* Enable configuration change */
 411:Drivers/STM32G0xx_HAL_Driver/Src/stm32g0xx_hal_fdcan.c ****   SET_BIT(hfdcan->Instance->CCCR, FDCAN_CCCR_CCE);
 412:Drivers/STM32G0xx_HAL_Driver/Src/stm32g0xx_hal_fdcan.c **** 
 413:Drivers/STM32G0xx_HAL_Driver/Src/stm32g0xx_hal_fdcan.c ****   /* Check FDCAN instance */
 414:Drivers/STM32G0xx_HAL_Driver/Src/stm32g0xx_hal_fdcan.c ****   if (hfdcan->Instance == FDCAN1)
 415:Drivers/STM32G0xx_HAL_Driver/Src/stm32g0xx_hal_fdcan.c ****   {
 416:Drivers/STM32G0xx_HAL_Driver/Src/stm32g0xx_hal_fdcan.c ****     /* Configure Clock divider */
 417:Drivers/STM32G0xx_HAL_Driver/Src/stm32g0xx_hal_fdcan.c ****     FDCAN_CONFIG->CKDIV = hfdcan->Init.ClockDivider;
 418:Drivers/STM32G0xx_HAL_Driver/Src/stm32g0xx_hal_fdcan.c ****   }
 419:Drivers/STM32G0xx_HAL_Driver/Src/stm32g0xx_hal_fdcan.c **** 
 420:Drivers/STM32G0xx_HAL_Driver/Src/stm32g0xx_hal_fdcan.c ****   /* Set the no automatic retransmission */
 421:Drivers/STM32G0xx_HAL_Driver/Src/stm32g0xx_hal_fdcan.c ****   if (hfdcan->Init.AutoRetransmission == ENABLE)
 422:Drivers/STM32G0xx_HAL_Driver/Src/stm32g0xx_hal_fdcan.c ****   {
 423:Drivers/STM32G0xx_HAL_Driver/Src/stm32g0xx_hal_fdcan.c ****     CLEAR_BIT(hfdcan->Instance->CCCR, FDCAN_CCCR_DAR);
 424:Drivers/STM32G0xx_HAL_Driver/Src/stm32g0xx_hal_fdcan.c ****   }
 425:Drivers/STM32G0xx_HAL_Driver/Src/stm32g0xx_hal_fdcan.c ****   else
 426:Drivers/STM32G0xx_HAL_Driver/Src/stm32g0xx_hal_fdcan.c ****   {
 427:Drivers/STM32G0xx_HAL_Driver/Src/stm32g0xx_hal_fdcan.c ****     SET_BIT(hfdcan->Instance->CCCR, FDCAN_CCCR_DAR);
 428:Drivers/STM32G0xx_HAL_Driver/Src/stm32g0xx_hal_fdcan.c ****   }
 429:Drivers/STM32G0xx_HAL_Driver/Src/stm32g0xx_hal_fdcan.c **** 
 430:Drivers/STM32G0xx_HAL_Driver/Src/stm32g0xx_hal_fdcan.c ****   /* Set the transmit pause feature */
 431:Drivers/STM32G0xx_HAL_Driver/Src/stm32g0xx_hal_fdcan.c ****   if (hfdcan->Init.TransmitPause == ENABLE)
ARM GAS  C:\Users\sante\AppData\Local\Temp\cc59nu4g.s 			page 9


 432:Drivers/STM32G0xx_HAL_Driver/Src/stm32g0xx_hal_fdcan.c ****   {
 433:Drivers/STM32G0xx_HAL_Driver/Src/stm32g0xx_hal_fdcan.c ****     SET_BIT(hfdcan->Instance->CCCR, FDCAN_CCCR_TXP);
 434:Drivers/STM32G0xx_HAL_Driver/Src/stm32g0xx_hal_fdcan.c ****   }
 435:Drivers/STM32G0xx_HAL_Driver/Src/stm32g0xx_hal_fdcan.c ****   else
 436:Drivers/STM32G0xx_HAL_Driver/Src/stm32g0xx_hal_fdcan.c ****   {
 437:Drivers/STM32G0xx_HAL_Driver/Src/stm32g0xx_hal_fdcan.c ****     CLEAR_BIT(hfdcan->Instance->CCCR, FDCAN_CCCR_TXP);
 438:Drivers/STM32G0xx_HAL_Driver/Src/stm32g0xx_hal_fdcan.c ****   }
 439:Drivers/STM32G0xx_HAL_Driver/Src/stm32g0xx_hal_fdcan.c **** 
 440:Drivers/STM32G0xx_HAL_Driver/Src/stm32g0xx_hal_fdcan.c ****   /* Set the Protocol Exception Handling */
 441:Drivers/STM32G0xx_HAL_Driver/Src/stm32g0xx_hal_fdcan.c ****   if (hfdcan->Init.ProtocolException == ENABLE)
 442:Drivers/STM32G0xx_HAL_Driver/Src/stm32g0xx_hal_fdcan.c ****   {
 443:Drivers/STM32G0xx_HAL_Driver/Src/stm32g0xx_hal_fdcan.c ****     CLEAR_BIT(hfdcan->Instance->CCCR, FDCAN_CCCR_PXHD);
 444:Drivers/STM32G0xx_HAL_Driver/Src/stm32g0xx_hal_fdcan.c ****   }
 445:Drivers/STM32G0xx_HAL_Driver/Src/stm32g0xx_hal_fdcan.c ****   else
 446:Drivers/STM32G0xx_HAL_Driver/Src/stm32g0xx_hal_fdcan.c ****   {
 447:Drivers/STM32G0xx_HAL_Driver/Src/stm32g0xx_hal_fdcan.c ****     SET_BIT(hfdcan->Instance->CCCR, FDCAN_CCCR_PXHD);
 448:Drivers/STM32G0xx_HAL_Driver/Src/stm32g0xx_hal_fdcan.c ****   }
 449:Drivers/STM32G0xx_HAL_Driver/Src/stm32g0xx_hal_fdcan.c **** 
 450:Drivers/STM32G0xx_HAL_Driver/Src/stm32g0xx_hal_fdcan.c ****   /* Set FDCAN Frame Format */
 451:Drivers/STM32G0xx_HAL_Driver/Src/stm32g0xx_hal_fdcan.c ****   MODIFY_REG(hfdcan->Instance->CCCR, FDCAN_FRAME_FD_BRS, hfdcan->Init.FrameFormat);
 452:Drivers/STM32G0xx_HAL_Driver/Src/stm32g0xx_hal_fdcan.c **** 
 453:Drivers/STM32G0xx_HAL_Driver/Src/stm32g0xx_hal_fdcan.c ****   /* Reset FDCAN Operation Mode */
 454:Drivers/STM32G0xx_HAL_Driver/Src/stm32g0xx_hal_fdcan.c ****   CLEAR_BIT(hfdcan->Instance->CCCR, (FDCAN_CCCR_TEST | FDCAN_CCCR_MON | FDCAN_CCCR_ASM));
 455:Drivers/STM32G0xx_HAL_Driver/Src/stm32g0xx_hal_fdcan.c ****   CLEAR_BIT(hfdcan->Instance->TEST, FDCAN_TEST_LBCK);
 456:Drivers/STM32G0xx_HAL_Driver/Src/stm32g0xx_hal_fdcan.c **** 
 457:Drivers/STM32G0xx_HAL_Driver/Src/stm32g0xx_hal_fdcan.c ****   /* Set FDCAN Operating Mode:
 458:Drivers/STM32G0xx_HAL_Driver/Src/stm32g0xx_hal_fdcan.c ****                | Normal | Restricted |    Bus     | Internal | External
 459:Drivers/STM32G0xx_HAL_Driver/Src/stm32g0xx_hal_fdcan.c ****                |        | Operation  | Monitoring | LoopBack | LoopBack
 460:Drivers/STM32G0xx_HAL_Driver/Src/stm32g0xx_hal_fdcan.c ****      CCCR.TEST |   0    |     0      |     0      |    1     |    1
 461:Drivers/STM32G0xx_HAL_Driver/Src/stm32g0xx_hal_fdcan.c ****      CCCR.MON  |   0    |     0      |     1      |    1     |    0
 462:Drivers/STM32G0xx_HAL_Driver/Src/stm32g0xx_hal_fdcan.c ****      TEST.LBCK |   0    |     0      |     0      |    1     |    1
 463:Drivers/STM32G0xx_HAL_Driver/Src/stm32g0xx_hal_fdcan.c ****      CCCR.ASM  |   0    |     1      |     0      |    0     |    0
 464:Drivers/STM32G0xx_HAL_Driver/Src/stm32g0xx_hal_fdcan.c ****   */
 465:Drivers/STM32G0xx_HAL_Driver/Src/stm32g0xx_hal_fdcan.c ****   if (hfdcan->Init.Mode == FDCAN_MODE_RESTRICTED_OPERATION)
 466:Drivers/STM32G0xx_HAL_Driver/Src/stm32g0xx_hal_fdcan.c ****   {
 467:Drivers/STM32G0xx_HAL_Driver/Src/stm32g0xx_hal_fdcan.c ****     /* Enable Restricted Operation mode */
 468:Drivers/STM32G0xx_HAL_Driver/Src/stm32g0xx_hal_fdcan.c ****     SET_BIT(hfdcan->Instance->CCCR, FDCAN_CCCR_ASM);
 469:Drivers/STM32G0xx_HAL_Driver/Src/stm32g0xx_hal_fdcan.c ****   }
 470:Drivers/STM32G0xx_HAL_Driver/Src/stm32g0xx_hal_fdcan.c ****   else if (hfdcan->Init.Mode != FDCAN_MODE_NORMAL)
 471:Drivers/STM32G0xx_HAL_Driver/Src/stm32g0xx_hal_fdcan.c ****   {
 472:Drivers/STM32G0xx_HAL_Driver/Src/stm32g0xx_hal_fdcan.c ****     if (hfdcan->Init.Mode != FDCAN_MODE_BUS_MONITORING)
 473:Drivers/STM32G0xx_HAL_Driver/Src/stm32g0xx_hal_fdcan.c ****     {
 474:Drivers/STM32G0xx_HAL_Driver/Src/stm32g0xx_hal_fdcan.c ****       /* Enable write access to TEST register */
 475:Drivers/STM32G0xx_HAL_Driver/Src/stm32g0xx_hal_fdcan.c ****       SET_BIT(hfdcan->Instance->CCCR, FDCAN_CCCR_TEST);
 476:Drivers/STM32G0xx_HAL_Driver/Src/stm32g0xx_hal_fdcan.c **** 
 477:Drivers/STM32G0xx_HAL_Driver/Src/stm32g0xx_hal_fdcan.c ****       /* Enable LoopBack mode */
 478:Drivers/STM32G0xx_HAL_Driver/Src/stm32g0xx_hal_fdcan.c ****       SET_BIT(hfdcan->Instance->TEST, FDCAN_TEST_LBCK);
 479:Drivers/STM32G0xx_HAL_Driver/Src/stm32g0xx_hal_fdcan.c **** 
 480:Drivers/STM32G0xx_HAL_Driver/Src/stm32g0xx_hal_fdcan.c ****       if (hfdcan->Init.Mode == FDCAN_MODE_INTERNAL_LOOPBACK)
 481:Drivers/STM32G0xx_HAL_Driver/Src/stm32g0xx_hal_fdcan.c ****       {
 482:Drivers/STM32G0xx_HAL_Driver/Src/stm32g0xx_hal_fdcan.c ****         SET_BIT(hfdcan->Instance->CCCR, FDCAN_CCCR_MON);
 483:Drivers/STM32G0xx_HAL_Driver/Src/stm32g0xx_hal_fdcan.c ****       }
 484:Drivers/STM32G0xx_HAL_Driver/Src/stm32g0xx_hal_fdcan.c ****     }
 485:Drivers/STM32G0xx_HAL_Driver/Src/stm32g0xx_hal_fdcan.c ****     else
 486:Drivers/STM32G0xx_HAL_Driver/Src/stm32g0xx_hal_fdcan.c ****     {
 487:Drivers/STM32G0xx_HAL_Driver/Src/stm32g0xx_hal_fdcan.c ****       /* Enable bus monitoring mode */
 488:Drivers/STM32G0xx_HAL_Driver/Src/stm32g0xx_hal_fdcan.c ****       SET_BIT(hfdcan->Instance->CCCR, FDCAN_CCCR_MON);
ARM GAS  C:\Users\sante\AppData\Local\Temp\cc59nu4g.s 			page 10


 489:Drivers/STM32G0xx_HAL_Driver/Src/stm32g0xx_hal_fdcan.c ****     }
 490:Drivers/STM32G0xx_HAL_Driver/Src/stm32g0xx_hal_fdcan.c ****   }
 491:Drivers/STM32G0xx_HAL_Driver/Src/stm32g0xx_hal_fdcan.c ****   else
 492:Drivers/STM32G0xx_HAL_Driver/Src/stm32g0xx_hal_fdcan.c ****   {
 493:Drivers/STM32G0xx_HAL_Driver/Src/stm32g0xx_hal_fdcan.c ****     /* Nothing to do: normal mode */
 494:Drivers/STM32G0xx_HAL_Driver/Src/stm32g0xx_hal_fdcan.c ****   }
 495:Drivers/STM32G0xx_HAL_Driver/Src/stm32g0xx_hal_fdcan.c **** 
 496:Drivers/STM32G0xx_HAL_Driver/Src/stm32g0xx_hal_fdcan.c ****   /* Set the nominal bit timing register */
 497:Drivers/STM32G0xx_HAL_Driver/Src/stm32g0xx_hal_fdcan.c ****   hfdcan->Instance->NBTP = ((((uint32_t)hfdcan->Init.NominalSyncJumpWidth - 1U) << FDCAN_NBTP_NSJW_
 498:Drivers/STM32G0xx_HAL_Driver/Src/stm32g0xx_hal_fdcan.c ****                             (((uint32_t)hfdcan->Init.NominalTimeSeg1 - 1U) << FDCAN_NBTP_NTSEG1_Pos
 499:Drivers/STM32G0xx_HAL_Driver/Src/stm32g0xx_hal_fdcan.c ****                             (((uint32_t)hfdcan->Init.NominalTimeSeg2 - 1U) << FDCAN_NBTP_NTSEG2_Pos
 500:Drivers/STM32G0xx_HAL_Driver/Src/stm32g0xx_hal_fdcan.c ****                             (((uint32_t)hfdcan->Init.NominalPrescaler - 1U) << FDCAN_NBTP_NBRP_Pos)
 501:Drivers/STM32G0xx_HAL_Driver/Src/stm32g0xx_hal_fdcan.c **** 
 502:Drivers/STM32G0xx_HAL_Driver/Src/stm32g0xx_hal_fdcan.c ****   /* If FD operation with BRS is selected, set the data bit timing register */
 503:Drivers/STM32G0xx_HAL_Driver/Src/stm32g0xx_hal_fdcan.c ****   if (hfdcan->Init.FrameFormat == FDCAN_FRAME_FD_BRS)
 504:Drivers/STM32G0xx_HAL_Driver/Src/stm32g0xx_hal_fdcan.c ****   {
 505:Drivers/STM32G0xx_HAL_Driver/Src/stm32g0xx_hal_fdcan.c ****     hfdcan->Instance->DBTP = ((((uint32_t)hfdcan->Init.DataSyncJumpWidth - 1U) << FDCAN_DBTP_DSJW_P
 506:Drivers/STM32G0xx_HAL_Driver/Src/stm32g0xx_hal_fdcan.c ****                               (((uint32_t)hfdcan->Init.DataTimeSeg1 - 1U) << FDCAN_DBTP_DTSEG1_Pos)
 507:Drivers/STM32G0xx_HAL_Driver/Src/stm32g0xx_hal_fdcan.c ****                               (((uint32_t)hfdcan->Init.DataTimeSeg2 - 1U) << FDCAN_DBTP_DTSEG2_Pos)
 508:Drivers/STM32G0xx_HAL_Driver/Src/stm32g0xx_hal_fdcan.c ****                               (((uint32_t)hfdcan->Init.DataPrescaler - 1U) << FDCAN_DBTP_DBRP_Pos))
 509:Drivers/STM32G0xx_HAL_Driver/Src/stm32g0xx_hal_fdcan.c ****   }
 510:Drivers/STM32G0xx_HAL_Driver/Src/stm32g0xx_hal_fdcan.c **** 
 511:Drivers/STM32G0xx_HAL_Driver/Src/stm32g0xx_hal_fdcan.c ****   /* Select between Tx FIFO and Tx Queue operation modes */
 512:Drivers/STM32G0xx_HAL_Driver/Src/stm32g0xx_hal_fdcan.c ****   SET_BIT(hfdcan->Instance->TXBC, hfdcan->Init.TxFifoQueueMode);
 513:Drivers/STM32G0xx_HAL_Driver/Src/stm32g0xx_hal_fdcan.c **** 
 514:Drivers/STM32G0xx_HAL_Driver/Src/stm32g0xx_hal_fdcan.c ****   /* Calculate each RAM block address */
 515:Drivers/STM32G0xx_HAL_Driver/Src/stm32g0xx_hal_fdcan.c ****   FDCAN_CalcultateRamBlockAddresses(hfdcan);
 516:Drivers/STM32G0xx_HAL_Driver/Src/stm32g0xx_hal_fdcan.c **** 
 517:Drivers/STM32G0xx_HAL_Driver/Src/stm32g0xx_hal_fdcan.c ****   /* Initialize the Latest Tx request buffer index */
 518:Drivers/STM32G0xx_HAL_Driver/Src/stm32g0xx_hal_fdcan.c ****   hfdcan->LatestTxFifoQRequest = 0U;
 519:Drivers/STM32G0xx_HAL_Driver/Src/stm32g0xx_hal_fdcan.c **** 
 520:Drivers/STM32G0xx_HAL_Driver/Src/stm32g0xx_hal_fdcan.c ****   /* Initialize the error code */
 521:Drivers/STM32G0xx_HAL_Driver/Src/stm32g0xx_hal_fdcan.c ****   hfdcan->ErrorCode = HAL_FDCAN_ERROR_NONE;
 522:Drivers/STM32G0xx_HAL_Driver/Src/stm32g0xx_hal_fdcan.c **** 
 523:Drivers/STM32G0xx_HAL_Driver/Src/stm32g0xx_hal_fdcan.c ****   /* Initialize the FDCAN state */
 524:Drivers/STM32G0xx_HAL_Driver/Src/stm32g0xx_hal_fdcan.c ****   hfdcan->State = HAL_FDCAN_STATE_READY;
 525:Drivers/STM32G0xx_HAL_Driver/Src/stm32g0xx_hal_fdcan.c **** 
 526:Drivers/STM32G0xx_HAL_Driver/Src/stm32g0xx_hal_fdcan.c ****   /* Return function status */
 527:Drivers/STM32G0xx_HAL_Driver/Src/stm32g0xx_hal_fdcan.c ****   return HAL_OK;
 528:Drivers/STM32G0xx_HAL_Driver/Src/stm32g0xx_hal_fdcan.c **** }
 529:Drivers/STM32G0xx_HAL_Driver/Src/stm32g0xx_hal_fdcan.c **** 
 530:Drivers/STM32G0xx_HAL_Driver/Src/stm32g0xx_hal_fdcan.c **** /**
 531:Drivers/STM32G0xx_HAL_Driver/Src/stm32g0xx_hal_fdcan.c ****   * @brief  Deinitializes the FDCAN peripheral registers to their default reset values.
 532:Drivers/STM32G0xx_HAL_Driver/Src/stm32g0xx_hal_fdcan.c ****   * @param  hfdcan pointer to an FDCAN_HandleTypeDef structure that contains
 533:Drivers/STM32G0xx_HAL_Driver/Src/stm32g0xx_hal_fdcan.c ****   *         the configuration information for the specified FDCAN.
 534:Drivers/STM32G0xx_HAL_Driver/Src/stm32g0xx_hal_fdcan.c ****   * @retval HAL status
 535:Drivers/STM32G0xx_HAL_Driver/Src/stm32g0xx_hal_fdcan.c ****   */
 536:Drivers/STM32G0xx_HAL_Driver/Src/stm32g0xx_hal_fdcan.c **** HAL_StatusTypeDef HAL_FDCAN_DeInit(FDCAN_HandleTypeDef *hfdcan)
 537:Drivers/STM32G0xx_HAL_Driver/Src/stm32g0xx_hal_fdcan.c **** {
 538:Drivers/STM32G0xx_HAL_Driver/Src/stm32g0xx_hal_fdcan.c ****   /* Check FDCAN handle */
 539:Drivers/STM32G0xx_HAL_Driver/Src/stm32g0xx_hal_fdcan.c ****   if (hfdcan == NULL)
 540:Drivers/STM32G0xx_HAL_Driver/Src/stm32g0xx_hal_fdcan.c ****   {
 541:Drivers/STM32G0xx_HAL_Driver/Src/stm32g0xx_hal_fdcan.c ****     return HAL_ERROR;
 542:Drivers/STM32G0xx_HAL_Driver/Src/stm32g0xx_hal_fdcan.c ****   }
 543:Drivers/STM32G0xx_HAL_Driver/Src/stm32g0xx_hal_fdcan.c **** 
 544:Drivers/STM32G0xx_HAL_Driver/Src/stm32g0xx_hal_fdcan.c ****   /* Check function parameters */
 545:Drivers/STM32G0xx_HAL_Driver/Src/stm32g0xx_hal_fdcan.c ****   assert_param(IS_FDCAN_ALL_INSTANCE(hfdcan->Instance));
ARM GAS  C:\Users\sante\AppData\Local\Temp\cc59nu4g.s 			page 11


 546:Drivers/STM32G0xx_HAL_Driver/Src/stm32g0xx_hal_fdcan.c **** 
 547:Drivers/STM32G0xx_HAL_Driver/Src/stm32g0xx_hal_fdcan.c ****   /* Stop the FDCAN module: return value is voluntary ignored */
 548:Drivers/STM32G0xx_HAL_Driver/Src/stm32g0xx_hal_fdcan.c ****   (void)HAL_FDCAN_Stop(hfdcan);
 549:Drivers/STM32G0xx_HAL_Driver/Src/stm32g0xx_hal_fdcan.c **** 
 550:Drivers/STM32G0xx_HAL_Driver/Src/stm32g0xx_hal_fdcan.c ****   /* Disable Interrupt lines */
 551:Drivers/STM32G0xx_HAL_Driver/Src/stm32g0xx_hal_fdcan.c ****   CLEAR_BIT(hfdcan->Instance->ILE, (FDCAN_INTERRUPT_LINE0 | FDCAN_INTERRUPT_LINE1));
 552:Drivers/STM32G0xx_HAL_Driver/Src/stm32g0xx_hal_fdcan.c **** 
 553:Drivers/STM32G0xx_HAL_Driver/Src/stm32g0xx_hal_fdcan.c **** #if USE_HAL_FDCAN_REGISTER_CALLBACKS == 1
 554:Drivers/STM32G0xx_HAL_Driver/Src/stm32g0xx_hal_fdcan.c ****   if (hfdcan->MspDeInitCallback == NULL)
 555:Drivers/STM32G0xx_HAL_Driver/Src/stm32g0xx_hal_fdcan.c ****   {
 556:Drivers/STM32G0xx_HAL_Driver/Src/stm32g0xx_hal_fdcan.c ****     hfdcan->MspDeInitCallback = HAL_FDCAN_MspDeInit; /* Legacy weak MspDeInit */
 557:Drivers/STM32G0xx_HAL_Driver/Src/stm32g0xx_hal_fdcan.c ****   }
 558:Drivers/STM32G0xx_HAL_Driver/Src/stm32g0xx_hal_fdcan.c **** 
 559:Drivers/STM32G0xx_HAL_Driver/Src/stm32g0xx_hal_fdcan.c ****   /* DeInit the low level hardware: CLOCK, NVIC */
 560:Drivers/STM32G0xx_HAL_Driver/Src/stm32g0xx_hal_fdcan.c ****   hfdcan->MspDeInitCallback(hfdcan);
 561:Drivers/STM32G0xx_HAL_Driver/Src/stm32g0xx_hal_fdcan.c **** #else
 562:Drivers/STM32G0xx_HAL_Driver/Src/stm32g0xx_hal_fdcan.c ****   /* DeInit the low level hardware: CLOCK, NVIC */
 563:Drivers/STM32G0xx_HAL_Driver/Src/stm32g0xx_hal_fdcan.c ****   HAL_FDCAN_MspDeInit(hfdcan);
 564:Drivers/STM32G0xx_HAL_Driver/Src/stm32g0xx_hal_fdcan.c **** #endif /* USE_HAL_FDCAN_REGISTER_CALLBACKS */
 565:Drivers/STM32G0xx_HAL_Driver/Src/stm32g0xx_hal_fdcan.c **** 
 566:Drivers/STM32G0xx_HAL_Driver/Src/stm32g0xx_hal_fdcan.c ****   /* Reset the FDCAN ErrorCode */
 567:Drivers/STM32G0xx_HAL_Driver/Src/stm32g0xx_hal_fdcan.c ****   hfdcan->ErrorCode = HAL_FDCAN_ERROR_NONE;
 568:Drivers/STM32G0xx_HAL_Driver/Src/stm32g0xx_hal_fdcan.c **** 
 569:Drivers/STM32G0xx_HAL_Driver/Src/stm32g0xx_hal_fdcan.c ****   /* Change FDCAN state */
 570:Drivers/STM32G0xx_HAL_Driver/Src/stm32g0xx_hal_fdcan.c ****   hfdcan->State = HAL_FDCAN_STATE_RESET;
 571:Drivers/STM32G0xx_HAL_Driver/Src/stm32g0xx_hal_fdcan.c **** 
 572:Drivers/STM32G0xx_HAL_Driver/Src/stm32g0xx_hal_fdcan.c ****   /* Return function status */
 573:Drivers/STM32G0xx_HAL_Driver/Src/stm32g0xx_hal_fdcan.c ****   return HAL_OK;
 574:Drivers/STM32G0xx_HAL_Driver/Src/stm32g0xx_hal_fdcan.c **** }
 575:Drivers/STM32G0xx_HAL_Driver/Src/stm32g0xx_hal_fdcan.c **** 
 576:Drivers/STM32G0xx_HAL_Driver/Src/stm32g0xx_hal_fdcan.c **** /**
 577:Drivers/STM32G0xx_HAL_Driver/Src/stm32g0xx_hal_fdcan.c ****   * @brief  Initializes the FDCAN MSP.
 578:Drivers/STM32G0xx_HAL_Driver/Src/stm32g0xx_hal_fdcan.c ****   * @param  hfdcan pointer to an FDCAN_HandleTypeDef structure that contains
 579:Drivers/STM32G0xx_HAL_Driver/Src/stm32g0xx_hal_fdcan.c ****   *         the configuration information for the specified FDCAN.
 580:Drivers/STM32G0xx_HAL_Driver/Src/stm32g0xx_hal_fdcan.c ****   * @retval None
 581:Drivers/STM32G0xx_HAL_Driver/Src/stm32g0xx_hal_fdcan.c ****   */
 582:Drivers/STM32G0xx_HAL_Driver/Src/stm32g0xx_hal_fdcan.c **** __weak void HAL_FDCAN_MspInit(FDCAN_HandleTypeDef *hfdcan)
 583:Drivers/STM32G0xx_HAL_Driver/Src/stm32g0xx_hal_fdcan.c **** {
 584:Drivers/STM32G0xx_HAL_Driver/Src/stm32g0xx_hal_fdcan.c ****   /* Prevent unused argument(s) compilation warning */
 585:Drivers/STM32G0xx_HAL_Driver/Src/stm32g0xx_hal_fdcan.c ****   UNUSED(hfdcan);
 586:Drivers/STM32G0xx_HAL_Driver/Src/stm32g0xx_hal_fdcan.c ****   /* NOTE: This function Should not be modified, when the callback is needed,
 587:Drivers/STM32G0xx_HAL_Driver/Src/stm32g0xx_hal_fdcan.c ****             the HAL_FDCAN_MspInit could be implemented in the user file
 588:Drivers/STM32G0xx_HAL_Driver/Src/stm32g0xx_hal_fdcan.c ****    */
 589:Drivers/STM32G0xx_HAL_Driver/Src/stm32g0xx_hal_fdcan.c **** }
 590:Drivers/STM32G0xx_HAL_Driver/Src/stm32g0xx_hal_fdcan.c **** 
 591:Drivers/STM32G0xx_HAL_Driver/Src/stm32g0xx_hal_fdcan.c **** /**
 592:Drivers/STM32G0xx_HAL_Driver/Src/stm32g0xx_hal_fdcan.c ****   * @brief  DeInitializes the FDCAN MSP.
 593:Drivers/STM32G0xx_HAL_Driver/Src/stm32g0xx_hal_fdcan.c ****   * @param  hfdcan pointer to an FDCAN_HandleTypeDef structure that contains
 594:Drivers/STM32G0xx_HAL_Driver/Src/stm32g0xx_hal_fdcan.c ****   *         the configuration information for the specified FDCAN.
 595:Drivers/STM32G0xx_HAL_Driver/Src/stm32g0xx_hal_fdcan.c ****   * @retval None
 596:Drivers/STM32G0xx_HAL_Driver/Src/stm32g0xx_hal_fdcan.c ****   */
 597:Drivers/STM32G0xx_HAL_Driver/Src/stm32g0xx_hal_fdcan.c **** __weak void HAL_FDCAN_MspDeInit(FDCAN_HandleTypeDef *hfdcan)
 598:Drivers/STM32G0xx_HAL_Driver/Src/stm32g0xx_hal_fdcan.c **** {
 599:Drivers/STM32G0xx_HAL_Driver/Src/stm32g0xx_hal_fdcan.c ****   /* Prevent unused argument(s) compilation warning */
 600:Drivers/STM32G0xx_HAL_Driver/Src/stm32g0xx_hal_fdcan.c ****   UNUSED(hfdcan);
 601:Drivers/STM32G0xx_HAL_Driver/Src/stm32g0xx_hal_fdcan.c ****   /* NOTE: This function Should not be modified, when the callback is needed,
 602:Drivers/STM32G0xx_HAL_Driver/Src/stm32g0xx_hal_fdcan.c ****             the HAL_FDCAN_MspDeInit could be implemented in the user file
ARM GAS  C:\Users\sante\AppData\Local\Temp\cc59nu4g.s 			page 12


 603:Drivers/STM32G0xx_HAL_Driver/Src/stm32g0xx_hal_fdcan.c ****    */
 604:Drivers/STM32G0xx_HAL_Driver/Src/stm32g0xx_hal_fdcan.c **** }
 605:Drivers/STM32G0xx_HAL_Driver/Src/stm32g0xx_hal_fdcan.c **** 
 606:Drivers/STM32G0xx_HAL_Driver/Src/stm32g0xx_hal_fdcan.c **** /**
 607:Drivers/STM32G0xx_HAL_Driver/Src/stm32g0xx_hal_fdcan.c ****   * @brief  Enter FDCAN peripheral in sleep mode.
 608:Drivers/STM32G0xx_HAL_Driver/Src/stm32g0xx_hal_fdcan.c ****   * @param  hfdcan pointer to an FDCAN_HandleTypeDef structure that contains
 609:Drivers/STM32G0xx_HAL_Driver/Src/stm32g0xx_hal_fdcan.c ****   *         the configuration information for the specified FDCAN.
 610:Drivers/STM32G0xx_HAL_Driver/Src/stm32g0xx_hal_fdcan.c ****   * @retval HAL status
 611:Drivers/STM32G0xx_HAL_Driver/Src/stm32g0xx_hal_fdcan.c ****   */
 612:Drivers/STM32G0xx_HAL_Driver/Src/stm32g0xx_hal_fdcan.c **** HAL_StatusTypeDef HAL_FDCAN_EnterPowerDownMode(FDCAN_HandleTypeDef *hfdcan)
 613:Drivers/STM32G0xx_HAL_Driver/Src/stm32g0xx_hal_fdcan.c **** {
 614:Drivers/STM32G0xx_HAL_Driver/Src/stm32g0xx_hal_fdcan.c ****   uint32_t tickstart;
 615:Drivers/STM32G0xx_HAL_Driver/Src/stm32g0xx_hal_fdcan.c **** 
 616:Drivers/STM32G0xx_HAL_Driver/Src/stm32g0xx_hal_fdcan.c ****   /* Request clock stop */
 617:Drivers/STM32G0xx_HAL_Driver/Src/stm32g0xx_hal_fdcan.c ****   SET_BIT(hfdcan->Instance->CCCR, FDCAN_CCCR_CSR);
 618:Drivers/STM32G0xx_HAL_Driver/Src/stm32g0xx_hal_fdcan.c **** 
 619:Drivers/STM32G0xx_HAL_Driver/Src/stm32g0xx_hal_fdcan.c ****   /* Get tick */
 620:Drivers/STM32G0xx_HAL_Driver/Src/stm32g0xx_hal_fdcan.c ****   tickstart = HAL_GetTick();
 621:Drivers/STM32G0xx_HAL_Driver/Src/stm32g0xx_hal_fdcan.c **** 
 622:Drivers/STM32G0xx_HAL_Driver/Src/stm32g0xx_hal_fdcan.c ****   /* Wait until FDCAN is ready for power down */
 623:Drivers/STM32G0xx_HAL_Driver/Src/stm32g0xx_hal_fdcan.c ****   while ((hfdcan->Instance->CCCR & FDCAN_CCCR_CSA) == 0U)
 624:Drivers/STM32G0xx_HAL_Driver/Src/stm32g0xx_hal_fdcan.c ****   {
 625:Drivers/STM32G0xx_HAL_Driver/Src/stm32g0xx_hal_fdcan.c ****     if ((HAL_GetTick() - tickstart) > FDCAN_TIMEOUT_VALUE)
 626:Drivers/STM32G0xx_HAL_Driver/Src/stm32g0xx_hal_fdcan.c ****     {
 627:Drivers/STM32G0xx_HAL_Driver/Src/stm32g0xx_hal_fdcan.c ****       /* Update error code */
 628:Drivers/STM32G0xx_HAL_Driver/Src/stm32g0xx_hal_fdcan.c ****       hfdcan->ErrorCode |= HAL_FDCAN_ERROR_TIMEOUT;
 629:Drivers/STM32G0xx_HAL_Driver/Src/stm32g0xx_hal_fdcan.c **** 
 630:Drivers/STM32G0xx_HAL_Driver/Src/stm32g0xx_hal_fdcan.c ****       /* Change FDCAN state */
 631:Drivers/STM32G0xx_HAL_Driver/Src/stm32g0xx_hal_fdcan.c ****       hfdcan->State = HAL_FDCAN_STATE_ERROR;
 632:Drivers/STM32G0xx_HAL_Driver/Src/stm32g0xx_hal_fdcan.c **** 
 633:Drivers/STM32G0xx_HAL_Driver/Src/stm32g0xx_hal_fdcan.c ****       return HAL_ERROR;
 634:Drivers/STM32G0xx_HAL_Driver/Src/stm32g0xx_hal_fdcan.c ****     }
 635:Drivers/STM32G0xx_HAL_Driver/Src/stm32g0xx_hal_fdcan.c ****   }
 636:Drivers/STM32G0xx_HAL_Driver/Src/stm32g0xx_hal_fdcan.c **** 
 637:Drivers/STM32G0xx_HAL_Driver/Src/stm32g0xx_hal_fdcan.c ****   /* Return function status */
 638:Drivers/STM32G0xx_HAL_Driver/Src/stm32g0xx_hal_fdcan.c ****   return HAL_OK;
 639:Drivers/STM32G0xx_HAL_Driver/Src/stm32g0xx_hal_fdcan.c **** }
 640:Drivers/STM32G0xx_HAL_Driver/Src/stm32g0xx_hal_fdcan.c **** 
 641:Drivers/STM32G0xx_HAL_Driver/Src/stm32g0xx_hal_fdcan.c **** /**
 642:Drivers/STM32G0xx_HAL_Driver/Src/stm32g0xx_hal_fdcan.c ****   * @brief  Exit power down mode.
 643:Drivers/STM32G0xx_HAL_Driver/Src/stm32g0xx_hal_fdcan.c ****   * @param  hfdcan pointer to an FDCAN_HandleTypeDef structure that contains
 644:Drivers/STM32G0xx_HAL_Driver/Src/stm32g0xx_hal_fdcan.c ****   *         the configuration information for the specified FDCAN.
 645:Drivers/STM32G0xx_HAL_Driver/Src/stm32g0xx_hal_fdcan.c ****   * @retval HAL status
 646:Drivers/STM32G0xx_HAL_Driver/Src/stm32g0xx_hal_fdcan.c ****   */
 647:Drivers/STM32G0xx_HAL_Driver/Src/stm32g0xx_hal_fdcan.c **** HAL_StatusTypeDef HAL_FDCAN_ExitPowerDownMode(FDCAN_HandleTypeDef *hfdcan)
 648:Drivers/STM32G0xx_HAL_Driver/Src/stm32g0xx_hal_fdcan.c **** {
 649:Drivers/STM32G0xx_HAL_Driver/Src/stm32g0xx_hal_fdcan.c ****   uint32_t tickstart;
 650:Drivers/STM32G0xx_HAL_Driver/Src/stm32g0xx_hal_fdcan.c **** 
 651:Drivers/STM32G0xx_HAL_Driver/Src/stm32g0xx_hal_fdcan.c ****   /* Reset clock stop request */
 652:Drivers/STM32G0xx_HAL_Driver/Src/stm32g0xx_hal_fdcan.c ****   CLEAR_BIT(hfdcan->Instance->CCCR, FDCAN_CCCR_CSR);
 653:Drivers/STM32G0xx_HAL_Driver/Src/stm32g0xx_hal_fdcan.c **** 
 654:Drivers/STM32G0xx_HAL_Driver/Src/stm32g0xx_hal_fdcan.c ****   /* Get tick */
 655:Drivers/STM32G0xx_HAL_Driver/Src/stm32g0xx_hal_fdcan.c ****   tickstart = HAL_GetTick();
 656:Drivers/STM32G0xx_HAL_Driver/Src/stm32g0xx_hal_fdcan.c **** 
 657:Drivers/STM32G0xx_HAL_Driver/Src/stm32g0xx_hal_fdcan.c ****   /* Wait until FDCAN exits sleep mode */
 658:Drivers/STM32G0xx_HAL_Driver/Src/stm32g0xx_hal_fdcan.c ****   while ((hfdcan->Instance->CCCR & FDCAN_CCCR_CSA) == FDCAN_CCCR_CSA)
 659:Drivers/STM32G0xx_HAL_Driver/Src/stm32g0xx_hal_fdcan.c ****   {
ARM GAS  C:\Users\sante\AppData\Local\Temp\cc59nu4g.s 			page 13


 660:Drivers/STM32G0xx_HAL_Driver/Src/stm32g0xx_hal_fdcan.c ****     if ((HAL_GetTick() - tickstart) > FDCAN_TIMEOUT_VALUE)
 661:Drivers/STM32G0xx_HAL_Driver/Src/stm32g0xx_hal_fdcan.c ****     {
 662:Drivers/STM32G0xx_HAL_Driver/Src/stm32g0xx_hal_fdcan.c ****       /* Update error code */
 663:Drivers/STM32G0xx_HAL_Driver/Src/stm32g0xx_hal_fdcan.c ****       hfdcan->ErrorCode |= HAL_FDCAN_ERROR_TIMEOUT;
 664:Drivers/STM32G0xx_HAL_Driver/Src/stm32g0xx_hal_fdcan.c **** 
 665:Drivers/STM32G0xx_HAL_Driver/Src/stm32g0xx_hal_fdcan.c ****       /* Change FDCAN state */
 666:Drivers/STM32G0xx_HAL_Driver/Src/stm32g0xx_hal_fdcan.c ****       hfdcan->State = HAL_FDCAN_STATE_ERROR;
 667:Drivers/STM32G0xx_HAL_Driver/Src/stm32g0xx_hal_fdcan.c **** 
 668:Drivers/STM32G0xx_HAL_Driver/Src/stm32g0xx_hal_fdcan.c ****       return HAL_ERROR;
 669:Drivers/STM32G0xx_HAL_Driver/Src/stm32g0xx_hal_fdcan.c ****     }
 670:Drivers/STM32G0xx_HAL_Driver/Src/stm32g0xx_hal_fdcan.c ****   }
 671:Drivers/STM32G0xx_HAL_Driver/Src/stm32g0xx_hal_fdcan.c **** 
 672:Drivers/STM32G0xx_HAL_Driver/Src/stm32g0xx_hal_fdcan.c ****   /* Enter normal operation */
 673:Drivers/STM32G0xx_HAL_Driver/Src/stm32g0xx_hal_fdcan.c ****   CLEAR_BIT(hfdcan->Instance->CCCR, FDCAN_CCCR_INIT);
 674:Drivers/STM32G0xx_HAL_Driver/Src/stm32g0xx_hal_fdcan.c **** 
 675:Drivers/STM32G0xx_HAL_Driver/Src/stm32g0xx_hal_fdcan.c ****   /* Return function status */
 676:Drivers/STM32G0xx_HAL_Driver/Src/stm32g0xx_hal_fdcan.c ****   return HAL_OK;
 677:Drivers/STM32G0xx_HAL_Driver/Src/stm32g0xx_hal_fdcan.c **** }
 678:Drivers/STM32G0xx_HAL_Driver/Src/stm32g0xx_hal_fdcan.c **** 
 679:Drivers/STM32G0xx_HAL_Driver/Src/stm32g0xx_hal_fdcan.c **** #if USE_HAL_FDCAN_REGISTER_CALLBACKS == 1
 680:Drivers/STM32G0xx_HAL_Driver/Src/stm32g0xx_hal_fdcan.c **** /**
 681:Drivers/STM32G0xx_HAL_Driver/Src/stm32g0xx_hal_fdcan.c ****   * @brief  Register a FDCAN CallBack.
 682:Drivers/STM32G0xx_HAL_Driver/Src/stm32g0xx_hal_fdcan.c ****   *         To be used instead of the weak predefined callback
 683:Drivers/STM32G0xx_HAL_Driver/Src/stm32g0xx_hal_fdcan.c ****   * @param  hfdcan pointer to a FDCAN_HandleTypeDef structure that contains
 684:Drivers/STM32G0xx_HAL_Driver/Src/stm32g0xx_hal_fdcan.c ****   *         the configuration information for FDCAN module
 685:Drivers/STM32G0xx_HAL_Driver/Src/stm32g0xx_hal_fdcan.c ****   * @param  CallbackID ID of the callback to be registered
 686:Drivers/STM32G0xx_HAL_Driver/Src/stm32g0xx_hal_fdcan.c ****   *         This parameter can be one of the following values:
 687:Drivers/STM32G0xx_HAL_Driver/Src/stm32g0xx_hal_fdcan.c ****   *           @arg @ref HAL_FDCAN_TX_FIFO_EMPTY_CB_ID Tx Fifo Empty callback ID
 688:Drivers/STM32G0xx_HAL_Driver/Src/stm32g0xx_hal_fdcan.c ****   *           @arg @ref HAL_FDCAN_HIGH_PRIO_MESSAGE_CB_ID High priority message callback ID
 689:Drivers/STM32G0xx_HAL_Driver/Src/stm32g0xx_hal_fdcan.c ****   *           @arg @ref HAL_FDCAN_TIMESTAMP_WRAPAROUND_CB_ID Timestamp wraparound callback ID
 690:Drivers/STM32G0xx_HAL_Driver/Src/stm32g0xx_hal_fdcan.c ****   *           @arg @ref HAL_FDCAN_TIMEOUT_OCCURRED_CB_ID Timeout occurred callback ID
 691:Drivers/STM32G0xx_HAL_Driver/Src/stm32g0xx_hal_fdcan.c ****   *           @arg @ref HAL_FDCAN_ERROR_CALLBACK_CB_ID Error callback ID
 692:Drivers/STM32G0xx_HAL_Driver/Src/stm32g0xx_hal_fdcan.c ****   *           @arg @ref HAL_FDCAN_MSPINIT_CB_ID MspInit callback ID
 693:Drivers/STM32G0xx_HAL_Driver/Src/stm32g0xx_hal_fdcan.c ****   *           @arg @ref HAL_FDCAN_MSPDEINIT_CB_ID MspDeInit callback ID
 694:Drivers/STM32G0xx_HAL_Driver/Src/stm32g0xx_hal_fdcan.c ****   * @param  pCallback pointer to the Callback function
 695:Drivers/STM32G0xx_HAL_Driver/Src/stm32g0xx_hal_fdcan.c ****   * @retval HAL status
 696:Drivers/STM32G0xx_HAL_Driver/Src/stm32g0xx_hal_fdcan.c ****   */
 697:Drivers/STM32G0xx_HAL_Driver/Src/stm32g0xx_hal_fdcan.c **** HAL_StatusTypeDef HAL_FDCAN_RegisterCallback(FDCAN_HandleTypeDef *hfdcan, HAL_FDCAN_CallbackIDTypeD
 698:Drivers/STM32G0xx_HAL_Driver/Src/stm32g0xx_hal_fdcan.c ****                                              void (* pCallback)(FDCAN_HandleTypeDef *_hFDCAN))
 699:Drivers/STM32G0xx_HAL_Driver/Src/stm32g0xx_hal_fdcan.c **** {
 700:Drivers/STM32G0xx_HAL_Driver/Src/stm32g0xx_hal_fdcan.c ****   HAL_StatusTypeDef status = HAL_OK;
 701:Drivers/STM32G0xx_HAL_Driver/Src/stm32g0xx_hal_fdcan.c **** 
 702:Drivers/STM32G0xx_HAL_Driver/Src/stm32g0xx_hal_fdcan.c ****   if (pCallback == NULL)
 703:Drivers/STM32G0xx_HAL_Driver/Src/stm32g0xx_hal_fdcan.c ****   {
 704:Drivers/STM32G0xx_HAL_Driver/Src/stm32g0xx_hal_fdcan.c ****     /* Update the error code */
 705:Drivers/STM32G0xx_HAL_Driver/Src/stm32g0xx_hal_fdcan.c ****     hfdcan->ErrorCode |= HAL_FDCAN_ERROR_INVALID_CALLBACK;
 706:Drivers/STM32G0xx_HAL_Driver/Src/stm32g0xx_hal_fdcan.c **** 
 707:Drivers/STM32G0xx_HAL_Driver/Src/stm32g0xx_hal_fdcan.c ****     return HAL_ERROR;
 708:Drivers/STM32G0xx_HAL_Driver/Src/stm32g0xx_hal_fdcan.c ****   }
 709:Drivers/STM32G0xx_HAL_Driver/Src/stm32g0xx_hal_fdcan.c **** 
 710:Drivers/STM32G0xx_HAL_Driver/Src/stm32g0xx_hal_fdcan.c ****   if (hfdcan->State == HAL_FDCAN_STATE_READY)
 711:Drivers/STM32G0xx_HAL_Driver/Src/stm32g0xx_hal_fdcan.c ****   {
 712:Drivers/STM32G0xx_HAL_Driver/Src/stm32g0xx_hal_fdcan.c ****     switch (CallbackID)
 713:Drivers/STM32G0xx_HAL_Driver/Src/stm32g0xx_hal_fdcan.c ****     {
 714:Drivers/STM32G0xx_HAL_Driver/Src/stm32g0xx_hal_fdcan.c ****       case HAL_FDCAN_TX_FIFO_EMPTY_CB_ID :
 715:Drivers/STM32G0xx_HAL_Driver/Src/stm32g0xx_hal_fdcan.c ****         hfdcan->TxFifoEmptyCallback = pCallback;
 716:Drivers/STM32G0xx_HAL_Driver/Src/stm32g0xx_hal_fdcan.c ****         break;
ARM GAS  C:\Users\sante\AppData\Local\Temp\cc59nu4g.s 			page 14


 717:Drivers/STM32G0xx_HAL_Driver/Src/stm32g0xx_hal_fdcan.c **** 
 718:Drivers/STM32G0xx_HAL_Driver/Src/stm32g0xx_hal_fdcan.c ****       case HAL_FDCAN_HIGH_PRIO_MESSAGE_CB_ID :
 719:Drivers/STM32G0xx_HAL_Driver/Src/stm32g0xx_hal_fdcan.c ****         hfdcan->HighPriorityMessageCallback = pCallback;
 720:Drivers/STM32G0xx_HAL_Driver/Src/stm32g0xx_hal_fdcan.c ****         break;
 721:Drivers/STM32G0xx_HAL_Driver/Src/stm32g0xx_hal_fdcan.c **** 
 722:Drivers/STM32G0xx_HAL_Driver/Src/stm32g0xx_hal_fdcan.c ****       case HAL_FDCAN_TIMESTAMP_WRAPAROUND_CB_ID :
 723:Drivers/STM32G0xx_HAL_Driver/Src/stm32g0xx_hal_fdcan.c ****         hfdcan->TimestampWraparoundCallback = pCallback;
 724:Drivers/STM32G0xx_HAL_Driver/Src/stm32g0xx_hal_fdcan.c ****         break;
 725:Drivers/STM32G0xx_HAL_Driver/Src/stm32g0xx_hal_fdcan.c **** 
 726:Drivers/STM32G0xx_HAL_Driver/Src/stm32g0xx_hal_fdcan.c ****       case HAL_FDCAN_TIMEOUT_OCCURRED_CB_ID :
 727:Drivers/STM32G0xx_HAL_Driver/Src/stm32g0xx_hal_fdcan.c ****         hfdcan->TimeoutOccurredCallback = pCallback;
 728:Drivers/STM32G0xx_HAL_Driver/Src/stm32g0xx_hal_fdcan.c ****         break;
 729:Drivers/STM32G0xx_HAL_Driver/Src/stm32g0xx_hal_fdcan.c **** 
 730:Drivers/STM32G0xx_HAL_Driver/Src/stm32g0xx_hal_fdcan.c ****       case HAL_FDCAN_ERROR_CALLBACK_CB_ID :
 731:Drivers/STM32G0xx_HAL_Driver/Src/stm32g0xx_hal_fdcan.c ****         hfdcan->ErrorCallback = pCallback;
 732:Drivers/STM32G0xx_HAL_Driver/Src/stm32g0xx_hal_fdcan.c ****         break;
 733:Drivers/STM32G0xx_HAL_Driver/Src/stm32g0xx_hal_fdcan.c **** 
 734:Drivers/STM32G0xx_HAL_Driver/Src/stm32g0xx_hal_fdcan.c ****       case HAL_FDCAN_MSPINIT_CB_ID :
 735:Drivers/STM32G0xx_HAL_Driver/Src/stm32g0xx_hal_fdcan.c ****         hfdcan->MspInitCallback = pCallback;
 736:Drivers/STM32G0xx_HAL_Driver/Src/stm32g0xx_hal_fdcan.c ****         break;
 737:Drivers/STM32G0xx_HAL_Driver/Src/stm32g0xx_hal_fdcan.c **** 
 738:Drivers/STM32G0xx_HAL_Driver/Src/stm32g0xx_hal_fdcan.c ****       case HAL_FDCAN_MSPDEINIT_CB_ID :
 739:Drivers/STM32G0xx_HAL_Driver/Src/stm32g0xx_hal_fdcan.c ****         hfdcan->MspDeInitCallback = pCallback;
 740:Drivers/STM32G0xx_HAL_Driver/Src/stm32g0xx_hal_fdcan.c ****         break;
 741:Drivers/STM32G0xx_HAL_Driver/Src/stm32g0xx_hal_fdcan.c **** 
 742:Drivers/STM32G0xx_HAL_Driver/Src/stm32g0xx_hal_fdcan.c ****       default :
 743:Drivers/STM32G0xx_HAL_Driver/Src/stm32g0xx_hal_fdcan.c ****         /* Update the error code */
 744:Drivers/STM32G0xx_HAL_Driver/Src/stm32g0xx_hal_fdcan.c ****         hfdcan->ErrorCode |= HAL_FDCAN_ERROR_INVALID_CALLBACK;
 745:Drivers/STM32G0xx_HAL_Driver/Src/stm32g0xx_hal_fdcan.c **** 
 746:Drivers/STM32G0xx_HAL_Driver/Src/stm32g0xx_hal_fdcan.c ****         /* Return error status */
 747:Drivers/STM32G0xx_HAL_Driver/Src/stm32g0xx_hal_fdcan.c ****         status =  HAL_ERROR;
 748:Drivers/STM32G0xx_HAL_Driver/Src/stm32g0xx_hal_fdcan.c ****         break;
 749:Drivers/STM32G0xx_HAL_Driver/Src/stm32g0xx_hal_fdcan.c ****     }
 750:Drivers/STM32G0xx_HAL_Driver/Src/stm32g0xx_hal_fdcan.c ****   }
 751:Drivers/STM32G0xx_HAL_Driver/Src/stm32g0xx_hal_fdcan.c ****   else if (hfdcan->State == HAL_FDCAN_STATE_RESET)
 752:Drivers/STM32G0xx_HAL_Driver/Src/stm32g0xx_hal_fdcan.c ****   {
 753:Drivers/STM32G0xx_HAL_Driver/Src/stm32g0xx_hal_fdcan.c ****     switch (CallbackID)
 754:Drivers/STM32G0xx_HAL_Driver/Src/stm32g0xx_hal_fdcan.c ****     {
 755:Drivers/STM32G0xx_HAL_Driver/Src/stm32g0xx_hal_fdcan.c ****       case HAL_FDCAN_MSPINIT_CB_ID :
 756:Drivers/STM32G0xx_HAL_Driver/Src/stm32g0xx_hal_fdcan.c ****         hfdcan->MspInitCallback = pCallback;
 757:Drivers/STM32G0xx_HAL_Driver/Src/stm32g0xx_hal_fdcan.c ****         break;
 758:Drivers/STM32G0xx_HAL_Driver/Src/stm32g0xx_hal_fdcan.c **** 
 759:Drivers/STM32G0xx_HAL_Driver/Src/stm32g0xx_hal_fdcan.c ****       case HAL_FDCAN_MSPDEINIT_CB_ID :
 760:Drivers/STM32G0xx_HAL_Driver/Src/stm32g0xx_hal_fdcan.c ****         hfdcan->MspDeInitCallback = pCallback;
 761:Drivers/STM32G0xx_HAL_Driver/Src/stm32g0xx_hal_fdcan.c ****         break;
 762:Drivers/STM32G0xx_HAL_Driver/Src/stm32g0xx_hal_fdcan.c **** 
 763:Drivers/STM32G0xx_HAL_Driver/Src/stm32g0xx_hal_fdcan.c ****       default :
 764:Drivers/STM32G0xx_HAL_Driver/Src/stm32g0xx_hal_fdcan.c ****         /* Update the error code */
 765:Drivers/STM32G0xx_HAL_Driver/Src/stm32g0xx_hal_fdcan.c ****         hfdcan->ErrorCode |= HAL_FDCAN_ERROR_INVALID_CALLBACK;
 766:Drivers/STM32G0xx_HAL_Driver/Src/stm32g0xx_hal_fdcan.c **** 
 767:Drivers/STM32G0xx_HAL_Driver/Src/stm32g0xx_hal_fdcan.c ****         /* Return error status */
 768:Drivers/STM32G0xx_HAL_Driver/Src/stm32g0xx_hal_fdcan.c ****         status =  HAL_ERROR;
 769:Drivers/STM32G0xx_HAL_Driver/Src/stm32g0xx_hal_fdcan.c ****         break;
 770:Drivers/STM32G0xx_HAL_Driver/Src/stm32g0xx_hal_fdcan.c ****     }
 771:Drivers/STM32G0xx_HAL_Driver/Src/stm32g0xx_hal_fdcan.c ****   }
 772:Drivers/STM32G0xx_HAL_Driver/Src/stm32g0xx_hal_fdcan.c ****   else
 773:Drivers/STM32G0xx_HAL_Driver/Src/stm32g0xx_hal_fdcan.c ****   {
ARM GAS  C:\Users\sante\AppData\Local\Temp\cc59nu4g.s 			page 15


 774:Drivers/STM32G0xx_HAL_Driver/Src/stm32g0xx_hal_fdcan.c ****     /* Update the error code */
 775:Drivers/STM32G0xx_HAL_Driver/Src/stm32g0xx_hal_fdcan.c ****     hfdcan->ErrorCode |= HAL_FDCAN_ERROR_INVALID_CALLBACK;
 776:Drivers/STM32G0xx_HAL_Driver/Src/stm32g0xx_hal_fdcan.c **** 
 777:Drivers/STM32G0xx_HAL_Driver/Src/stm32g0xx_hal_fdcan.c ****     /* Return error status */
 778:Drivers/STM32G0xx_HAL_Driver/Src/stm32g0xx_hal_fdcan.c ****     status =  HAL_ERROR;
 779:Drivers/STM32G0xx_HAL_Driver/Src/stm32g0xx_hal_fdcan.c ****   }
 780:Drivers/STM32G0xx_HAL_Driver/Src/stm32g0xx_hal_fdcan.c **** 
 781:Drivers/STM32G0xx_HAL_Driver/Src/stm32g0xx_hal_fdcan.c ****   return status;
 782:Drivers/STM32G0xx_HAL_Driver/Src/stm32g0xx_hal_fdcan.c **** }
 783:Drivers/STM32G0xx_HAL_Driver/Src/stm32g0xx_hal_fdcan.c **** 
 784:Drivers/STM32G0xx_HAL_Driver/Src/stm32g0xx_hal_fdcan.c **** /**
 785:Drivers/STM32G0xx_HAL_Driver/Src/stm32g0xx_hal_fdcan.c ****   * @brief  Unregister a FDCAN CallBack.
 786:Drivers/STM32G0xx_HAL_Driver/Src/stm32g0xx_hal_fdcan.c ****   *         FDCAN callback is redirected to the weak predefined callback
 787:Drivers/STM32G0xx_HAL_Driver/Src/stm32g0xx_hal_fdcan.c ****   * @param  hfdcan pointer to a FDCAN_HandleTypeDef structure that contains
 788:Drivers/STM32G0xx_HAL_Driver/Src/stm32g0xx_hal_fdcan.c ****   *         the configuration information for FDCAN module
 789:Drivers/STM32G0xx_HAL_Driver/Src/stm32g0xx_hal_fdcan.c ****   * @param  CallbackID ID of the callback to be unregistered
 790:Drivers/STM32G0xx_HAL_Driver/Src/stm32g0xx_hal_fdcan.c ****   *         This parameter can be one of the following values:
 791:Drivers/STM32G0xx_HAL_Driver/Src/stm32g0xx_hal_fdcan.c ****   *           @arg @ref HAL_FDCAN_TX_FIFO_EMPTY_CB_ID Tx Fifo Empty callback ID
 792:Drivers/STM32G0xx_HAL_Driver/Src/stm32g0xx_hal_fdcan.c ****   *           @arg @ref HAL_FDCAN_HIGH_PRIO_MESSAGE_CB_ID High priority message callback ID
 793:Drivers/STM32G0xx_HAL_Driver/Src/stm32g0xx_hal_fdcan.c ****   *           @arg @ref HAL_FDCAN_TIMESTAMP_WRAPAROUND_CB_ID Timestamp wraparound callback ID
 794:Drivers/STM32G0xx_HAL_Driver/Src/stm32g0xx_hal_fdcan.c ****   *           @arg @ref HAL_FDCAN_TIMEOUT_OCCURRED_CB_ID Timeout occurred callback ID
 795:Drivers/STM32G0xx_HAL_Driver/Src/stm32g0xx_hal_fdcan.c ****   *           @arg @ref HAL_FDCAN_ERROR_CALLBACK_CB_ID Error callback ID
 796:Drivers/STM32G0xx_HAL_Driver/Src/stm32g0xx_hal_fdcan.c ****   *           @arg @ref HAL_FDCAN_MSPINIT_CB_ID MspInit callback ID
 797:Drivers/STM32G0xx_HAL_Driver/Src/stm32g0xx_hal_fdcan.c ****   *           @arg @ref HAL_FDCAN_MSPDEINIT_CB_ID MspDeInit callback ID
 798:Drivers/STM32G0xx_HAL_Driver/Src/stm32g0xx_hal_fdcan.c ****   * @retval HAL status
 799:Drivers/STM32G0xx_HAL_Driver/Src/stm32g0xx_hal_fdcan.c ****   */
 800:Drivers/STM32G0xx_HAL_Driver/Src/stm32g0xx_hal_fdcan.c **** HAL_StatusTypeDef HAL_FDCAN_UnRegisterCallback(FDCAN_HandleTypeDef *hfdcan, HAL_FDCAN_CallbackIDTyp
 801:Drivers/STM32G0xx_HAL_Driver/Src/stm32g0xx_hal_fdcan.c **** {
 802:Drivers/STM32G0xx_HAL_Driver/Src/stm32g0xx_hal_fdcan.c ****   HAL_StatusTypeDef status = HAL_OK;
 803:Drivers/STM32G0xx_HAL_Driver/Src/stm32g0xx_hal_fdcan.c **** 
 804:Drivers/STM32G0xx_HAL_Driver/Src/stm32g0xx_hal_fdcan.c ****   if (hfdcan->State == HAL_FDCAN_STATE_READY)
 805:Drivers/STM32G0xx_HAL_Driver/Src/stm32g0xx_hal_fdcan.c ****   {
 806:Drivers/STM32G0xx_HAL_Driver/Src/stm32g0xx_hal_fdcan.c ****     switch (CallbackID)
 807:Drivers/STM32G0xx_HAL_Driver/Src/stm32g0xx_hal_fdcan.c ****     {
 808:Drivers/STM32G0xx_HAL_Driver/Src/stm32g0xx_hal_fdcan.c ****       case HAL_FDCAN_TX_FIFO_EMPTY_CB_ID :
 809:Drivers/STM32G0xx_HAL_Driver/Src/stm32g0xx_hal_fdcan.c ****         hfdcan->TxFifoEmptyCallback = HAL_FDCAN_TxFifoEmptyCallback;
 810:Drivers/STM32G0xx_HAL_Driver/Src/stm32g0xx_hal_fdcan.c ****         break;
 811:Drivers/STM32G0xx_HAL_Driver/Src/stm32g0xx_hal_fdcan.c **** 
 812:Drivers/STM32G0xx_HAL_Driver/Src/stm32g0xx_hal_fdcan.c ****       case HAL_FDCAN_HIGH_PRIO_MESSAGE_CB_ID :
 813:Drivers/STM32G0xx_HAL_Driver/Src/stm32g0xx_hal_fdcan.c ****         hfdcan->HighPriorityMessageCallback = HAL_FDCAN_HighPriorityMessageCallback;
 814:Drivers/STM32G0xx_HAL_Driver/Src/stm32g0xx_hal_fdcan.c ****         break;
 815:Drivers/STM32G0xx_HAL_Driver/Src/stm32g0xx_hal_fdcan.c **** 
 816:Drivers/STM32G0xx_HAL_Driver/Src/stm32g0xx_hal_fdcan.c ****       case HAL_FDCAN_TIMESTAMP_WRAPAROUND_CB_ID :
 817:Drivers/STM32G0xx_HAL_Driver/Src/stm32g0xx_hal_fdcan.c ****         hfdcan->TimestampWraparoundCallback = HAL_FDCAN_TimestampWraparoundCallback;
 818:Drivers/STM32G0xx_HAL_Driver/Src/stm32g0xx_hal_fdcan.c ****         break;
 819:Drivers/STM32G0xx_HAL_Driver/Src/stm32g0xx_hal_fdcan.c **** 
 820:Drivers/STM32G0xx_HAL_Driver/Src/stm32g0xx_hal_fdcan.c ****       case HAL_FDCAN_TIMEOUT_OCCURRED_CB_ID :
 821:Drivers/STM32G0xx_HAL_Driver/Src/stm32g0xx_hal_fdcan.c ****         hfdcan->TimeoutOccurredCallback = HAL_FDCAN_TimeoutOccurredCallback;
 822:Drivers/STM32G0xx_HAL_Driver/Src/stm32g0xx_hal_fdcan.c ****         break;
 823:Drivers/STM32G0xx_HAL_Driver/Src/stm32g0xx_hal_fdcan.c **** 
 824:Drivers/STM32G0xx_HAL_Driver/Src/stm32g0xx_hal_fdcan.c ****       case HAL_FDCAN_ERROR_CALLBACK_CB_ID :
 825:Drivers/STM32G0xx_HAL_Driver/Src/stm32g0xx_hal_fdcan.c ****         hfdcan->ErrorCallback = HAL_FDCAN_ErrorCallback;
 826:Drivers/STM32G0xx_HAL_Driver/Src/stm32g0xx_hal_fdcan.c ****         break;
 827:Drivers/STM32G0xx_HAL_Driver/Src/stm32g0xx_hal_fdcan.c **** 
 828:Drivers/STM32G0xx_HAL_Driver/Src/stm32g0xx_hal_fdcan.c ****       case HAL_FDCAN_MSPINIT_CB_ID :
 829:Drivers/STM32G0xx_HAL_Driver/Src/stm32g0xx_hal_fdcan.c ****         hfdcan->MspInitCallback = HAL_FDCAN_MspInit;
 830:Drivers/STM32G0xx_HAL_Driver/Src/stm32g0xx_hal_fdcan.c ****         break;
ARM GAS  C:\Users\sante\AppData\Local\Temp\cc59nu4g.s 			page 16


 831:Drivers/STM32G0xx_HAL_Driver/Src/stm32g0xx_hal_fdcan.c **** 
 832:Drivers/STM32G0xx_HAL_Driver/Src/stm32g0xx_hal_fdcan.c ****       case HAL_FDCAN_MSPDEINIT_CB_ID :
 833:Drivers/STM32G0xx_HAL_Driver/Src/stm32g0xx_hal_fdcan.c ****         hfdcan->MspDeInitCallback = HAL_FDCAN_MspDeInit;
 834:Drivers/STM32G0xx_HAL_Driver/Src/stm32g0xx_hal_fdcan.c ****         break;
 835:Drivers/STM32G0xx_HAL_Driver/Src/stm32g0xx_hal_fdcan.c **** 
 836:Drivers/STM32G0xx_HAL_Driver/Src/stm32g0xx_hal_fdcan.c ****       default :
 837:Drivers/STM32G0xx_HAL_Driver/Src/stm32g0xx_hal_fdcan.c ****         /* Update the error code */
 838:Drivers/STM32G0xx_HAL_Driver/Src/stm32g0xx_hal_fdcan.c ****         hfdcan->ErrorCode |= HAL_FDCAN_ERROR_INVALID_CALLBACK;
 839:Drivers/STM32G0xx_HAL_Driver/Src/stm32g0xx_hal_fdcan.c **** 
 840:Drivers/STM32G0xx_HAL_Driver/Src/stm32g0xx_hal_fdcan.c ****         /* Return error status */
 841:Drivers/STM32G0xx_HAL_Driver/Src/stm32g0xx_hal_fdcan.c ****         status =  HAL_ERROR;
 842:Drivers/STM32G0xx_HAL_Driver/Src/stm32g0xx_hal_fdcan.c ****         break;
 843:Drivers/STM32G0xx_HAL_Driver/Src/stm32g0xx_hal_fdcan.c ****     }
 844:Drivers/STM32G0xx_HAL_Driver/Src/stm32g0xx_hal_fdcan.c ****   }
 845:Drivers/STM32G0xx_HAL_Driver/Src/stm32g0xx_hal_fdcan.c ****   else if (hfdcan->State == HAL_FDCAN_STATE_RESET)
 846:Drivers/STM32G0xx_HAL_Driver/Src/stm32g0xx_hal_fdcan.c ****   {
 847:Drivers/STM32G0xx_HAL_Driver/Src/stm32g0xx_hal_fdcan.c ****     switch (CallbackID)
 848:Drivers/STM32G0xx_HAL_Driver/Src/stm32g0xx_hal_fdcan.c ****     {
 849:Drivers/STM32G0xx_HAL_Driver/Src/stm32g0xx_hal_fdcan.c ****       case HAL_FDCAN_MSPINIT_CB_ID :
 850:Drivers/STM32G0xx_HAL_Driver/Src/stm32g0xx_hal_fdcan.c ****         hfdcan->MspInitCallback = HAL_FDCAN_MspInit;
 851:Drivers/STM32G0xx_HAL_Driver/Src/stm32g0xx_hal_fdcan.c ****         break;
 852:Drivers/STM32G0xx_HAL_Driver/Src/stm32g0xx_hal_fdcan.c **** 
 853:Drivers/STM32G0xx_HAL_Driver/Src/stm32g0xx_hal_fdcan.c ****       case HAL_FDCAN_MSPDEINIT_CB_ID :
 854:Drivers/STM32G0xx_HAL_Driver/Src/stm32g0xx_hal_fdcan.c ****         hfdcan->MspDeInitCallback = HAL_FDCAN_MspDeInit;
 855:Drivers/STM32G0xx_HAL_Driver/Src/stm32g0xx_hal_fdcan.c ****         break;
 856:Drivers/STM32G0xx_HAL_Driver/Src/stm32g0xx_hal_fdcan.c **** 
 857:Drivers/STM32G0xx_HAL_Driver/Src/stm32g0xx_hal_fdcan.c ****       default :
 858:Drivers/STM32G0xx_HAL_Driver/Src/stm32g0xx_hal_fdcan.c ****         /* Update the error code */
 859:Drivers/STM32G0xx_HAL_Driver/Src/stm32g0xx_hal_fdcan.c ****         hfdcan->ErrorCode |= HAL_FDCAN_ERROR_INVALID_CALLBACK;
 860:Drivers/STM32G0xx_HAL_Driver/Src/stm32g0xx_hal_fdcan.c **** 
 861:Drivers/STM32G0xx_HAL_Driver/Src/stm32g0xx_hal_fdcan.c ****         /* Return error status */
 862:Drivers/STM32G0xx_HAL_Driver/Src/stm32g0xx_hal_fdcan.c ****         status =  HAL_ERROR;
 863:Drivers/STM32G0xx_HAL_Driver/Src/stm32g0xx_hal_fdcan.c ****         break;
 864:Drivers/STM32G0xx_HAL_Driver/Src/stm32g0xx_hal_fdcan.c ****     }
 865:Drivers/STM32G0xx_HAL_Driver/Src/stm32g0xx_hal_fdcan.c ****   }
 866:Drivers/STM32G0xx_HAL_Driver/Src/stm32g0xx_hal_fdcan.c ****   else
 867:Drivers/STM32G0xx_HAL_Driver/Src/stm32g0xx_hal_fdcan.c ****   {
 868:Drivers/STM32G0xx_HAL_Driver/Src/stm32g0xx_hal_fdcan.c ****     /* Update the error code */
 869:Drivers/STM32G0xx_HAL_Driver/Src/stm32g0xx_hal_fdcan.c ****     hfdcan->ErrorCode |= HAL_FDCAN_ERROR_INVALID_CALLBACK;
 870:Drivers/STM32G0xx_HAL_Driver/Src/stm32g0xx_hal_fdcan.c **** 
 871:Drivers/STM32G0xx_HAL_Driver/Src/stm32g0xx_hal_fdcan.c ****     /* Return error status */
 872:Drivers/STM32G0xx_HAL_Driver/Src/stm32g0xx_hal_fdcan.c ****     status =  HAL_ERROR;
 873:Drivers/STM32G0xx_HAL_Driver/Src/stm32g0xx_hal_fdcan.c ****   }
 874:Drivers/STM32G0xx_HAL_Driver/Src/stm32g0xx_hal_fdcan.c **** 
 875:Drivers/STM32G0xx_HAL_Driver/Src/stm32g0xx_hal_fdcan.c ****   return status;
 876:Drivers/STM32G0xx_HAL_Driver/Src/stm32g0xx_hal_fdcan.c **** }
 877:Drivers/STM32G0xx_HAL_Driver/Src/stm32g0xx_hal_fdcan.c **** 
 878:Drivers/STM32G0xx_HAL_Driver/Src/stm32g0xx_hal_fdcan.c **** /**
 879:Drivers/STM32G0xx_HAL_Driver/Src/stm32g0xx_hal_fdcan.c ****   * @brief  Register Tx Event Fifo FDCAN Callback
 880:Drivers/STM32G0xx_HAL_Driver/Src/stm32g0xx_hal_fdcan.c ****   *         To be used instead of the weak HAL_FDCAN_TxEventFifoCallback() predefined callback
 881:Drivers/STM32G0xx_HAL_Driver/Src/stm32g0xx_hal_fdcan.c ****   * @param  hfdcan FDCAN handle
 882:Drivers/STM32G0xx_HAL_Driver/Src/stm32g0xx_hal_fdcan.c ****   * @param  pCallback pointer to the Tx Event Fifo Callback function
 883:Drivers/STM32G0xx_HAL_Driver/Src/stm32g0xx_hal_fdcan.c ****   * @retval HAL status
 884:Drivers/STM32G0xx_HAL_Driver/Src/stm32g0xx_hal_fdcan.c ****   */
 885:Drivers/STM32G0xx_HAL_Driver/Src/stm32g0xx_hal_fdcan.c **** HAL_StatusTypeDef HAL_FDCAN_RegisterTxEventFifoCallback(FDCAN_HandleTypeDef *hfdcan,
 886:Drivers/STM32G0xx_HAL_Driver/Src/stm32g0xx_hal_fdcan.c ****                                                         pFDCAN_TxEventFifoCallbackTypeDef pCallback
 887:Drivers/STM32G0xx_HAL_Driver/Src/stm32g0xx_hal_fdcan.c **** {
ARM GAS  C:\Users\sante\AppData\Local\Temp\cc59nu4g.s 			page 17


 888:Drivers/STM32G0xx_HAL_Driver/Src/stm32g0xx_hal_fdcan.c ****   HAL_StatusTypeDef status = HAL_OK;
 889:Drivers/STM32G0xx_HAL_Driver/Src/stm32g0xx_hal_fdcan.c **** 
 890:Drivers/STM32G0xx_HAL_Driver/Src/stm32g0xx_hal_fdcan.c ****   if (pCallback == NULL)
 891:Drivers/STM32G0xx_HAL_Driver/Src/stm32g0xx_hal_fdcan.c ****   {
 892:Drivers/STM32G0xx_HAL_Driver/Src/stm32g0xx_hal_fdcan.c ****     /* Update the error code */
 893:Drivers/STM32G0xx_HAL_Driver/Src/stm32g0xx_hal_fdcan.c ****     hfdcan->ErrorCode |= HAL_FDCAN_ERROR_INVALID_CALLBACK;
 894:Drivers/STM32G0xx_HAL_Driver/Src/stm32g0xx_hal_fdcan.c ****     return HAL_ERROR;
 895:Drivers/STM32G0xx_HAL_Driver/Src/stm32g0xx_hal_fdcan.c ****   }
 896:Drivers/STM32G0xx_HAL_Driver/Src/stm32g0xx_hal_fdcan.c **** 
 897:Drivers/STM32G0xx_HAL_Driver/Src/stm32g0xx_hal_fdcan.c ****   if (hfdcan->State == HAL_FDCAN_STATE_READY)
 898:Drivers/STM32G0xx_HAL_Driver/Src/stm32g0xx_hal_fdcan.c ****   {
 899:Drivers/STM32G0xx_HAL_Driver/Src/stm32g0xx_hal_fdcan.c ****     hfdcan->TxEventFifoCallback = pCallback;
 900:Drivers/STM32G0xx_HAL_Driver/Src/stm32g0xx_hal_fdcan.c ****   }
 901:Drivers/STM32G0xx_HAL_Driver/Src/stm32g0xx_hal_fdcan.c ****   else
 902:Drivers/STM32G0xx_HAL_Driver/Src/stm32g0xx_hal_fdcan.c ****   {
 903:Drivers/STM32G0xx_HAL_Driver/Src/stm32g0xx_hal_fdcan.c ****     /* Update the error code */
 904:Drivers/STM32G0xx_HAL_Driver/Src/stm32g0xx_hal_fdcan.c ****     hfdcan->ErrorCode |= HAL_FDCAN_ERROR_INVALID_CALLBACK;
 905:Drivers/STM32G0xx_HAL_Driver/Src/stm32g0xx_hal_fdcan.c **** 
 906:Drivers/STM32G0xx_HAL_Driver/Src/stm32g0xx_hal_fdcan.c ****     /* Return error status */
 907:Drivers/STM32G0xx_HAL_Driver/Src/stm32g0xx_hal_fdcan.c ****     status =  HAL_ERROR;
 908:Drivers/STM32G0xx_HAL_Driver/Src/stm32g0xx_hal_fdcan.c ****   }
 909:Drivers/STM32G0xx_HAL_Driver/Src/stm32g0xx_hal_fdcan.c **** 
 910:Drivers/STM32G0xx_HAL_Driver/Src/stm32g0xx_hal_fdcan.c ****   return status;
 911:Drivers/STM32G0xx_HAL_Driver/Src/stm32g0xx_hal_fdcan.c **** }
 912:Drivers/STM32G0xx_HAL_Driver/Src/stm32g0xx_hal_fdcan.c **** 
 913:Drivers/STM32G0xx_HAL_Driver/Src/stm32g0xx_hal_fdcan.c **** /**
 914:Drivers/STM32G0xx_HAL_Driver/Src/stm32g0xx_hal_fdcan.c ****   * @brief  UnRegister the Tx Event Fifo FDCAN Callback
 915:Drivers/STM32G0xx_HAL_Driver/Src/stm32g0xx_hal_fdcan.c ****   *         Tx Event Fifo FDCAN Callback is redirected to the weak HAL_FDCAN_TxEventFifoCallback() 
 916:Drivers/STM32G0xx_HAL_Driver/Src/stm32g0xx_hal_fdcan.c ****   * @param  hfdcan FDCAN handle
 917:Drivers/STM32G0xx_HAL_Driver/Src/stm32g0xx_hal_fdcan.c ****   * @retval HAL status
 918:Drivers/STM32G0xx_HAL_Driver/Src/stm32g0xx_hal_fdcan.c ****   */
 919:Drivers/STM32G0xx_HAL_Driver/Src/stm32g0xx_hal_fdcan.c **** HAL_StatusTypeDef HAL_FDCAN_UnRegisterTxEventFifoCallback(FDCAN_HandleTypeDef *hfdcan)
 920:Drivers/STM32G0xx_HAL_Driver/Src/stm32g0xx_hal_fdcan.c **** {
 921:Drivers/STM32G0xx_HAL_Driver/Src/stm32g0xx_hal_fdcan.c ****   HAL_StatusTypeDef status = HAL_OK;
 922:Drivers/STM32G0xx_HAL_Driver/Src/stm32g0xx_hal_fdcan.c **** 
 923:Drivers/STM32G0xx_HAL_Driver/Src/stm32g0xx_hal_fdcan.c ****   if (hfdcan->State == HAL_FDCAN_STATE_READY)
 924:Drivers/STM32G0xx_HAL_Driver/Src/stm32g0xx_hal_fdcan.c ****   {
 925:Drivers/STM32G0xx_HAL_Driver/Src/stm32g0xx_hal_fdcan.c ****     hfdcan->TxEventFifoCallback = HAL_FDCAN_TxEventFifoCallback; /* Legacy weak TxEventFifoCallback
 926:Drivers/STM32G0xx_HAL_Driver/Src/stm32g0xx_hal_fdcan.c ****   }
 927:Drivers/STM32G0xx_HAL_Driver/Src/stm32g0xx_hal_fdcan.c ****   else
 928:Drivers/STM32G0xx_HAL_Driver/Src/stm32g0xx_hal_fdcan.c ****   {
 929:Drivers/STM32G0xx_HAL_Driver/Src/stm32g0xx_hal_fdcan.c ****     /* Update the error code */
 930:Drivers/STM32G0xx_HAL_Driver/Src/stm32g0xx_hal_fdcan.c ****     hfdcan->ErrorCode |= HAL_FDCAN_ERROR_INVALID_CALLBACK;
 931:Drivers/STM32G0xx_HAL_Driver/Src/stm32g0xx_hal_fdcan.c **** 
 932:Drivers/STM32G0xx_HAL_Driver/Src/stm32g0xx_hal_fdcan.c ****     /* Return error status */
 933:Drivers/STM32G0xx_HAL_Driver/Src/stm32g0xx_hal_fdcan.c ****     status =  HAL_ERROR;
 934:Drivers/STM32G0xx_HAL_Driver/Src/stm32g0xx_hal_fdcan.c ****   }
 935:Drivers/STM32G0xx_HAL_Driver/Src/stm32g0xx_hal_fdcan.c **** 
 936:Drivers/STM32G0xx_HAL_Driver/Src/stm32g0xx_hal_fdcan.c ****   return status;
 937:Drivers/STM32G0xx_HAL_Driver/Src/stm32g0xx_hal_fdcan.c **** }
 938:Drivers/STM32G0xx_HAL_Driver/Src/stm32g0xx_hal_fdcan.c **** 
 939:Drivers/STM32G0xx_HAL_Driver/Src/stm32g0xx_hal_fdcan.c **** /**
 940:Drivers/STM32G0xx_HAL_Driver/Src/stm32g0xx_hal_fdcan.c ****   * @brief  Register Rx Fifo 0 FDCAN Callback
 941:Drivers/STM32G0xx_HAL_Driver/Src/stm32g0xx_hal_fdcan.c ****   *         To be used instead of the weak HAL_FDCAN_RxFifo0Callback() predefined callback
 942:Drivers/STM32G0xx_HAL_Driver/Src/stm32g0xx_hal_fdcan.c ****   * @param  hfdcan FDCAN handle
 943:Drivers/STM32G0xx_HAL_Driver/Src/stm32g0xx_hal_fdcan.c ****   * @param  pCallback pointer to the Rx Fifo 0 Callback function
 944:Drivers/STM32G0xx_HAL_Driver/Src/stm32g0xx_hal_fdcan.c ****   * @retval HAL status
ARM GAS  C:\Users\sante\AppData\Local\Temp\cc59nu4g.s 			page 18


 945:Drivers/STM32G0xx_HAL_Driver/Src/stm32g0xx_hal_fdcan.c ****   */
 946:Drivers/STM32G0xx_HAL_Driver/Src/stm32g0xx_hal_fdcan.c **** HAL_StatusTypeDef HAL_FDCAN_RegisterRxFifo0Callback(FDCAN_HandleTypeDef *hfdcan,
 947:Drivers/STM32G0xx_HAL_Driver/Src/stm32g0xx_hal_fdcan.c ****                                                     pFDCAN_RxFifo0CallbackTypeDef pCallback)
 948:Drivers/STM32G0xx_HAL_Driver/Src/stm32g0xx_hal_fdcan.c **** {
 949:Drivers/STM32G0xx_HAL_Driver/Src/stm32g0xx_hal_fdcan.c ****   HAL_StatusTypeDef status = HAL_OK;
 950:Drivers/STM32G0xx_HAL_Driver/Src/stm32g0xx_hal_fdcan.c **** 
 951:Drivers/STM32G0xx_HAL_Driver/Src/stm32g0xx_hal_fdcan.c ****   if (pCallback == NULL)
 952:Drivers/STM32G0xx_HAL_Driver/Src/stm32g0xx_hal_fdcan.c ****   {
 953:Drivers/STM32G0xx_HAL_Driver/Src/stm32g0xx_hal_fdcan.c ****     /* Update the error code */
 954:Drivers/STM32G0xx_HAL_Driver/Src/stm32g0xx_hal_fdcan.c ****     hfdcan->ErrorCode |= HAL_FDCAN_ERROR_INVALID_CALLBACK;
 955:Drivers/STM32G0xx_HAL_Driver/Src/stm32g0xx_hal_fdcan.c ****     return HAL_ERROR;
 956:Drivers/STM32G0xx_HAL_Driver/Src/stm32g0xx_hal_fdcan.c ****   }
 957:Drivers/STM32G0xx_HAL_Driver/Src/stm32g0xx_hal_fdcan.c **** 
 958:Drivers/STM32G0xx_HAL_Driver/Src/stm32g0xx_hal_fdcan.c ****   if (hfdcan->State == HAL_FDCAN_STATE_READY)
 959:Drivers/STM32G0xx_HAL_Driver/Src/stm32g0xx_hal_fdcan.c ****   {
 960:Drivers/STM32G0xx_HAL_Driver/Src/stm32g0xx_hal_fdcan.c ****     hfdcan->RxFifo0Callback = pCallback;
 961:Drivers/STM32G0xx_HAL_Driver/Src/stm32g0xx_hal_fdcan.c ****   }
 962:Drivers/STM32G0xx_HAL_Driver/Src/stm32g0xx_hal_fdcan.c ****   else
 963:Drivers/STM32G0xx_HAL_Driver/Src/stm32g0xx_hal_fdcan.c ****   {
 964:Drivers/STM32G0xx_HAL_Driver/Src/stm32g0xx_hal_fdcan.c ****     /* Update the error code */
 965:Drivers/STM32G0xx_HAL_Driver/Src/stm32g0xx_hal_fdcan.c ****     hfdcan->ErrorCode |= HAL_FDCAN_ERROR_INVALID_CALLBACK;
 966:Drivers/STM32G0xx_HAL_Driver/Src/stm32g0xx_hal_fdcan.c **** 
 967:Drivers/STM32G0xx_HAL_Driver/Src/stm32g0xx_hal_fdcan.c ****     /* Return error status */
 968:Drivers/STM32G0xx_HAL_Driver/Src/stm32g0xx_hal_fdcan.c ****     status =  HAL_ERROR;
 969:Drivers/STM32G0xx_HAL_Driver/Src/stm32g0xx_hal_fdcan.c ****   }
 970:Drivers/STM32G0xx_HAL_Driver/Src/stm32g0xx_hal_fdcan.c **** 
 971:Drivers/STM32G0xx_HAL_Driver/Src/stm32g0xx_hal_fdcan.c ****   return status;
 972:Drivers/STM32G0xx_HAL_Driver/Src/stm32g0xx_hal_fdcan.c **** }
 973:Drivers/STM32G0xx_HAL_Driver/Src/stm32g0xx_hal_fdcan.c **** 
 974:Drivers/STM32G0xx_HAL_Driver/Src/stm32g0xx_hal_fdcan.c **** /**
 975:Drivers/STM32G0xx_HAL_Driver/Src/stm32g0xx_hal_fdcan.c ****   * @brief  UnRegister the Rx Fifo 0 FDCAN Callback
 976:Drivers/STM32G0xx_HAL_Driver/Src/stm32g0xx_hal_fdcan.c ****   *         Rx Fifo 0 FDCAN Callback is redirected to the weak HAL_FDCAN_RxFifo0Callback() predefin
 977:Drivers/STM32G0xx_HAL_Driver/Src/stm32g0xx_hal_fdcan.c ****   * @param  hfdcan FDCAN handle
 978:Drivers/STM32G0xx_HAL_Driver/Src/stm32g0xx_hal_fdcan.c ****   * @retval HAL status
 979:Drivers/STM32G0xx_HAL_Driver/Src/stm32g0xx_hal_fdcan.c ****   */
 980:Drivers/STM32G0xx_HAL_Driver/Src/stm32g0xx_hal_fdcan.c **** HAL_StatusTypeDef HAL_FDCAN_UnRegisterRxFifo0Callback(FDCAN_HandleTypeDef *hfdcan)
 981:Drivers/STM32G0xx_HAL_Driver/Src/stm32g0xx_hal_fdcan.c **** {
 982:Drivers/STM32G0xx_HAL_Driver/Src/stm32g0xx_hal_fdcan.c ****   HAL_StatusTypeDef status = HAL_OK;
 983:Drivers/STM32G0xx_HAL_Driver/Src/stm32g0xx_hal_fdcan.c **** 
 984:Drivers/STM32G0xx_HAL_Driver/Src/stm32g0xx_hal_fdcan.c ****   if (hfdcan->State == HAL_FDCAN_STATE_READY)
 985:Drivers/STM32G0xx_HAL_Driver/Src/stm32g0xx_hal_fdcan.c ****   {
 986:Drivers/STM32G0xx_HAL_Driver/Src/stm32g0xx_hal_fdcan.c ****     hfdcan->RxFifo0Callback = HAL_FDCAN_RxFifo0Callback; /* Legacy weak RxFifo0Callback  */
 987:Drivers/STM32G0xx_HAL_Driver/Src/stm32g0xx_hal_fdcan.c ****   }
 988:Drivers/STM32G0xx_HAL_Driver/Src/stm32g0xx_hal_fdcan.c ****   else
 989:Drivers/STM32G0xx_HAL_Driver/Src/stm32g0xx_hal_fdcan.c ****   {
 990:Drivers/STM32G0xx_HAL_Driver/Src/stm32g0xx_hal_fdcan.c ****     /* Update the error code */
 991:Drivers/STM32G0xx_HAL_Driver/Src/stm32g0xx_hal_fdcan.c ****     hfdcan->ErrorCode |= HAL_FDCAN_ERROR_INVALID_CALLBACK;
 992:Drivers/STM32G0xx_HAL_Driver/Src/stm32g0xx_hal_fdcan.c **** 
 993:Drivers/STM32G0xx_HAL_Driver/Src/stm32g0xx_hal_fdcan.c ****     /* Return error status */
 994:Drivers/STM32G0xx_HAL_Driver/Src/stm32g0xx_hal_fdcan.c ****     status =  HAL_ERROR;
 995:Drivers/STM32G0xx_HAL_Driver/Src/stm32g0xx_hal_fdcan.c ****   }
 996:Drivers/STM32G0xx_HAL_Driver/Src/stm32g0xx_hal_fdcan.c **** 
 997:Drivers/STM32G0xx_HAL_Driver/Src/stm32g0xx_hal_fdcan.c ****   return status;
 998:Drivers/STM32G0xx_HAL_Driver/Src/stm32g0xx_hal_fdcan.c **** }
 999:Drivers/STM32G0xx_HAL_Driver/Src/stm32g0xx_hal_fdcan.c **** 
1000:Drivers/STM32G0xx_HAL_Driver/Src/stm32g0xx_hal_fdcan.c **** /**
1001:Drivers/STM32G0xx_HAL_Driver/Src/stm32g0xx_hal_fdcan.c ****   * @brief  Register Rx Fifo 1 FDCAN Callback
ARM GAS  C:\Users\sante\AppData\Local\Temp\cc59nu4g.s 			page 19


1002:Drivers/STM32G0xx_HAL_Driver/Src/stm32g0xx_hal_fdcan.c ****   *         To be used instead of the weak HAL_FDCAN_RxFifo1Callback() predefined callback
1003:Drivers/STM32G0xx_HAL_Driver/Src/stm32g0xx_hal_fdcan.c ****   * @param  hfdcan FDCAN handle
1004:Drivers/STM32G0xx_HAL_Driver/Src/stm32g0xx_hal_fdcan.c ****   * @param  pCallback pointer to the Rx Fifo 1 Callback function
1005:Drivers/STM32G0xx_HAL_Driver/Src/stm32g0xx_hal_fdcan.c ****   * @retval HAL status
1006:Drivers/STM32G0xx_HAL_Driver/Src/stm32g0xx_hal_fdcan.c ****   */
1007:Drivers/STM32G0xx_HAL_Driver/Src/stm32g0xx_hal_fdcan.c **** HAL_StatusTypeDef HAL_FDCAN_RegisterRxFifo1Callback(FDCAN_HandleTypeDef *hfdcan,
1008:Drivers/STM32G0xx_HAL_Driver/Src/stm32g0xx_hal_fdcan.c ****                                                     pFDCAN_RxFifo1CallbackTypeDef pCallback)
1009:Drivers/STM32G0xx_HAL_Driver/Src/stm32g0xx_hal_fdcan.c **** {
1010:Drivers/STM32G0xx_HAL_Driver/Src/stm32g0xx_hal_fdcan.c ****   HAL_StatusTypeDef status = HAL_OK;
1011:Drivers/STM32G0xx_HAL_Driver/Src/stm32g0xx_hal_fdcan.c **** 
1012:Drivers/STM32G0xx_HAL_Driver/Src/stm32g0xx_hal_fdcan.c ****   if (pCallback == NULL)
1013:Drivers/STM32G0xx_HAL_Driver/Src/stm32g0xx_hal_fdcan.c ****   {
1014:Drivers/STM32G0xx_HAL_Driver/Src/stm32g0xx_hal_fdcan.c ****     /* Update the error code */
1015:Drivers/STM32G0xx_HAL_Driver/Src/stm32g0xx_hal_fdcan.c ****     hfdcan->ErrorCode |= HAL_FDCAN_ERROR_INVALID_CALLBACK;
1016:Drivers/STM32G0xx_HAL_Driver/Src/stm32g0xx_hal_fdcan.c ****     return HAL_ERROR;
1017:Drivers/STM32G0xx_HAL_Driver/Src/stm32g0xx_hal_fdcan.c ****   }
1018:Drivers/STM32G0xx_HAL_Driver/Src/stm32g0xx_hal_fdcan.c **** 
1019:Drivers/STM32G0xx_HAL_Driver/Src/stm32g0xx_hal_fdcan.c ****   if (hfdcan->State == HAL_FDCAN_STATE_READY)
1020:Drivers/STM32G0xx_HAL_Driver/Src/stm32g0xx_hal_fdcan.c ****   {
1021:Drivers/STM32G0xx_HAL_Driver/Src/stm32g0xx_hal_fdcan.c ****     hfdcan->RxFifo1Callback = pCallback;
1022:Drivers/STM32G0xx_HAL_Driver/Src/stm32g0xx_hal_fdcan.c ****   }
1023:Drivers/STM32G0xx_HAL_Driver/Src/stm32g0xx_hal_fdcan.c ****   else
1024:Drivers/STM32G0xx_HAL_Driver/Src/stm32g0xx_hal_fdcan.c ****   {
1025:Drivers/STM32G0xx_HAL_Driver/Src/stm32g0xx_hal_fdcan.c ****     /* Update the error code */
1026:Drivers/STM32G0xx_HAL_Driver/Src/stm32g0xx_hal_fdcan.c ****     hfdcan->ErrorCode |= HAL_FDCAN_ERROR_INVALID_CALLBACK;
1027:Drivers/STM32G0xx_HAL_Driver/Src/stm32g0xx_hal_fdcan.c **** 
1028:Drivers/STM32G0xx_HAL_Driver/Src/stm32g0xx_hal_fdcan.c ****     /* Return error status */
1029:Drivers/STM32G0xx_HAL_Driver/Src/stm32g0xx_hal_fdcan.c ****     status =  HAL_ERROR;
1030:Drivers/STM32G0xx_HAL_Driver/Src/stm32g0xx_hal_fdcan.c ****   }
1031:Drivers/STM32G0xx_HAL_Driver/Src/stm32g0xx_hal_fdcan.c **** 
1032:Drivers/STM32G0xx_HAL_Driver/Src/stm32g0xx_hal_fdcan.c ****   return status;
1033:Drivers/STM32G0xx_HAL_Driver/Src/stm32g0xx_hal_fdcan.c **** }
1034:Drivers/STM32G0xx_HAL_Driver/Src/stm32g0xx_hal_fdcan.c **** 
1035:Drivers/STM32G0xx_HAL_Driver/Src/stm32g0xx_hal_fdcan.c **** /**
1036:Drivers/STM32G0xx_HAL_Driver/Src/stm32g0xx_hal_fdcan.c ****   * @brief  UnRegister the Rx Fifo 1 FDCAN Callback
1037:Drivers/STM32G0xx_HAL_Driver/Src/stm32g0xx_hal_fdcan.c ****   *         Rx Fifo 1 FDCAN Callback is redirected to the weak HAL_FDCAN_RxFifo1Callback() predefin
1038:Drivers/STM32G0xx_HAL_Driver/Src/stm32g0xx_hal_fdcan.c ****   * @param  hfdcan FDCAN handle
1039:Drivers/STM32G0xx_HAL_Driver/Src/stm32g0xx_hal_fdcan.c ****   * @retval HAL status
1040:Drivers/STM32G0xx_HAL_Driver/Src/stm32g0xx_hal_fdcan.c ****   */
1041:Drivers/STM32G0xx_HAL_Driver/Src/stm32g0xx_hal_fdcan.c **** HAL_StatusTypeDef HAL_FDCAN_UnRegisterRxFifo1Callback(FDCAN_HandleTypeDef *hfdcan)
1042:Drivers/STM32G0xx_HAL_Driver/Src/stm32g0xx_hal_fdcan.c **** {
1043:Drivers/STM32G0xx_HAL_Driver/Src/stm32g0xx_hal_fdcan.c ****   HAL_StatusTypeDef status = HAL_OK;
1044:Drivers/STM32G0xx_HAL_Driver/Src/stm32g0xx_hal_fdcan.c **** 
1045:Drivers/STM32G0xx_HAL_Driver/Src/stm32g0xx_hal_fdcan.c ****   if (hfdcan->State == HAL_FDCAN_STATE_READY)
1046:Drivers/STM32G0xx_HAL_Driver/Src/stm32g0xx_hal_fdcan.c ****   {
1047:Drivers/STM32G0xx_HAL_Driver/Src/stm32g0xx_hal_fdcan.c ****     hfdcan->RxFifo1Callback = HAL_FDCAN_RxFifo1Callback; /* Legacy weak RxFifo1Callback  */
1048:Drivers/STM32G0xx_HAL_Driver/Src/stm32g0xx_hal_fdcan.c ****   }
1049:Drivers/STM32G0xx_HAL_Driver/Src/stm32g0xx_hal_fdcan.c ****   else
1050:Drivers/STM32G0xx_HAL_Driver/Src/stm32g0xx_hal_fdcan.c ****   {
1051:Drivers/STM32G0xx_HAL_Driver/Src/stm32g0xx_hal_fdcan.c ****     /* Update the error code */
1052:Drivers/STM32G0xx_HAL_Driver/Src/stm32g0xx_hal_fdcan.c ****     hfdcan->ErrorCode |= HAL_FDCAN_ERROR_INVALID_CALLBACK;
1053:Drivers/STM32G0xx_HAL_Driver/Src/stm32g0xx_hal_fdcan.c **** 
1054:Drivers/STM32G0xx_HAL_Driver/Src/stm32g0xx_hal_fdcan.c ****     /* Return error status */
1055:Drivers/STM32G0xx_HAL_Driver/Src/stm32g0xx_hal_fdcan.c ****     status =  HAL_ERROR;
1056:Drivers/STM32G0xx_HAL_Driver/Src/stm32g0xx_hal_fdcan.c ****   }
1057:Drivers/STM32G0xx_HAL_Driver/Src/stm32g0xx_hal_fdcan.c **** 
1058:Drivers/STM32G0xx_HAL_Driver/Src/stm32g0xx_hal_fdcan.c ****   return status;
ARM GAS  C:\Users\sante\AppData\Local\Temp\cc59nu4g.s 			page 20


1059:Drivers/STM32G0xx_HAL_Driver/Src/stm32g0xx_hal_fdcan.c **** }
1060:Drivers/STM32G0xx_HAL_Driver/Src/stm32g0xx_hal_fdcan.c **** 
1061:Drivers/STM32G0xx_HAL_Driver/Src/stm32g0xx_hal_fdcan.c **** /**
1062:Drivers/STM32G0xx_HAL_Driver/Src/stm32g0xx_hal_fdcan.c ****   * @brief  Register Tx Buffer Complete FDCAN Callback
1063:Drivers/STM32G0xx_HAL_Driver/Src/stm32g0xx_hal_fdcan.c ****   *         To be used instead of the weak HAL_FDCAN_TxBufferCompleteCallback() predefined callback
1064:Drivers/STM32G0xx_HAL_Driver/Src/stm32g0xx_hal_fdcan.c ****   * @param  hfdcan FDCAN handle
1065:Drivers/STM32G0xx_HAL_Driver/Src/stm32g0xx_hal_fdcan.c ****   * @param  pCallback pointer to the Tx Buffer Complete Callback function
1066:Drivers/STM32G0xx_HAL_Driver/Src/stm32g0xx_hal_fdcan.c ****   * @retval HAL status
1067:Drivers/STM32G0xx_HAL_Driver/Src/stm32g0xx_hal_fdcan.c ****   */
1068:Drivers/STM32G0xx_HAL_Driver/Src/stm32g0xx_hal_fdcan.c **** HAL_StatusTypeDef HAL_FDCAN_RegisterTxBufferCompleteCallback(FDCAN_HandleTypeDef *hfdcan,
1069:Drivers/STM32G0xx_HAL_Driver/Src/stm32g0xx_hal_fdcan.c ****                                                              pFDCAN_TxBufferCompleteCallbackTypeDef
1070:Drivers/STM32G0xx_HAL_Driver/Src/stm32g0xx_hal_fdcan.c **** {
1071:Drivers/STM32G0xx_HAL_Driver/Src/stm32g0xx_hal_fdcan.c ****   HAL_StatusTypeDef status = HAL_OK;
1072:Drivers/STM32G0xx_HAL_Driver/Src/stm32g0xx_hal_fdcan.c **** 
1073:Drivers/STM32G0xx_HAL_Driver/Src/stm32g0xx_hal_fdcan.c ****   if (pCallback == NULL)
1074:Drivers/STM32G0xx_HAL_Driver/Src/stm32g0xx_hal_fdcan.c ****   {
1075:Drivers/STM32G0xx_HAL_Driver/Src/stm32g0xx_hal_fdcan.c ****     /* Update the error code */
1076:Drivers/STM32G0xx_HAL_Driver/Src/stm32g0xx_hal_fdcan.c ****     hfdcan->ErrorCode |= HAL_FDCAN_ERROR_INVALID_CALLBACK;
1077:Drivers/STM32G0xx_HAL_Driver/Src/stm32g0xx_hal_fdcan.c ****     return HAL_ERROR;
1078:Drivers/STM32G0xx_HAL_Driver/Src/stm32g0xx_hal_fdcan.c ****   }
1079:Drivers/STM32G0xx_HAL_Driver/Src/stm32g0xx_hal_fdcan.c **** 
1080:Drivers/STM32G0xx_HAL_Driver/Src/stm32g0xx_hal_fdcan.c ****   if (hfdcan->State == HAL_FDCAN_STATE_READY)
1081:Drivers/STM32G0xx_HAL_Driver/Src/stm32g0xx_hal_fdcan.c ****   {
1082:Drivers/STM32G0xx_HAL_Driver/Src/stm32g0xx_hal_fdcan.c ****     hfdcan->TxBufferCompleteCallback = pCallback;
1083:Drivers/STM32G0xx_HAL_Driver/Src/stm32g0xx_hal_fdcan.c ****   }
1084:Drivers/STM32G0xx_HAL_Driver/Src/stm32g0xx_hal_fdcan.c ****   else
1085:Drivers/STM32G0xx_HAL_Driver/Src/stm32g0xx_hal_fdcan.c ****   {
1086:Drivers/STM32G0xx_HAL_Driver/Src/stm32g0xx_hal_fdcan.c ****     /* Update the error code */
1087:Drivers/STM32G0xx_HAL_Driver/Src/stm32g0xx_hal_fdcan.c ****     hfdcan->ErrorCode |= HAL_FDCAN_ERROR_INVALID_CALLBACK;
1088:Drivers/STM32G0xx_HAL_Driver/Src/stm32g0xx_hal_fdcan.c **** 
1089:Drivers/STM32G0xx_HAL_Driver/Src/stm32g0xx_hal_fdcan.c ****     /* Return error status */
1090:Drivers/STM32G0xx_HAL_Driver/Src/stm32g0xx_hal_fdcan.c ****     status =  HAL_ERROR;
1091:Drivers/STM32G0xx_HAL_Driver/Src/stm32g0xx_hal_fdcan.c ****   }
1092:Drivers/STM32G0xx_HAL_Driver/Src/stm32g0xx_hal_fdcan.c **** 
1093:Drivers/STM32G0xx_HAL_Driver/Src/stm32g0xx_hal_fdcan.c ****   return status;
1094:Drivers/STM32G0xx_HAL_Driver/Src/stm32g0xx_hal_fdcan.c **** }
1095:Drivers/STM32G0xx_HAL_Driver/Src/stm32g0xx_hal_fdcan.c **** 
1096:Drivers/STM32G0xx_HAL_Driver/Src/stm32g0xx_hal_fdcan.c **** /**
1097:Drivers/STM32G0xx_HAL_Driver/Src/stm32g0xx_hal_fdcan.c ****   * @brief  UnRegister the Tx Buffer Complete FDCAN Callback
1098:Drivers/STM32G0xx_HAL_Driver/Src/stm32g0xx_hal_fdcan.c ****   *         Tx Buffer Complete FDCAN Callback is redirected to
1099:Drivers/STM32G0xx_HAL_Driver/Src/stm32g0xx_hal_fdcan.c ****   *         the weak HAL_FDCAN_TxBufferCompleteCallback() predefined callback
1100:Drivers/STM32G0xx_HAL_Driver/Src/stm32g0xx_hal_fdcan.c ****   * @param  hfdcan FDCAN handle
1101:Drivers/STM32G0xx_HAL_Driver/Src/stm32g0xx_hal_fdcan.c ****   * @retval HAL status
1102:Drivers/STM32G0xx_HAL_Driver/Src/stm32g0xx_hal_fdcan.c ****   */
1103:Drivers/STM32G0xx_HAL_Driver/Src/stm32g0xx_hal_fdcan.c **** HAL_StatusTypeDef HAL_FDCAN_UnRegisterTxBufferCompleteCallback(FDCAN_HandleTypeDef *hfdcan)
1104:Drivers/STM32G0xx_HAL_Driver/Src/stm32g0xx_hal_fdcan.c **** {
1105:Drivers/STM32G0xx_HAL_Driver/Src/stm32g0xx_hal_fdcan.c ****   HAL_StatusTypeDef status = HAL_OK;
1106:Drivers/STM32G0xx_HAL_Driver/Src/stm32g0xx_hal_fdcan.c **** 
1107:Drivers/STM32G0xx_HAL_Driver/Src/stm32g0xx_hal_fdcan.c ****   if (hfdcan->State == HAL_FDCAN_STATE_READY)
1108:Drivers/STM32G0xx_HAL_Driver/Src/stm32g0xx_hal_fdcan.c ****   {
1109:Drivers/STM32G0xx_HAL_Driver/Src/stm32g0xx_hal_fdcan.c ****     hfdcan->TxBufferCompleteCallback = HAL_FDCAN_TxBufferCompleteCallback; /* Legacy weak TxBufferC
1110:Drivers/STM32G0xx_HAL_Driver/Src/stm32g0xx_hal_fdcan.c ****   }
1111:Drivers/STM32G0xx_HAL_Driver/Src/stm32g0xx_hal_fdcan.c ****   else
1112:Drivers/STM32G0xx_HAL_Driver/Src/stm32g0xx_hal_fdcan.c ****   {
1113:Drivers/STM32G0xx_HAL_Driver/Src/stm32g0xx_hal_fdcan.c ****     /* Update the error code */
1114:Drivers/STM32G0xx_HAL_Driver/Src/stm32g0xx_hal_fdcan.c ****     hfdcan->ErrorCode |= HAL_FDCAN_ERROR_INVALID_CALLBACK;
1115:Drivers/STM32G0xx_HAL_Driver/Src/stm32g0xx_hal_fdcan.c **** 
ARM GAS  C:\Users\sante\AppData\Local\Temp\cc59nu4g.s 			page 21


1116:Drivers/STM32G0xx_HAL_Driver/Src/stm32g0xx_hal_fdcan.c ****     /* Return error status */
1117:Drivers/STM32G0xx_HAL_Driver/Src/stm32g0xx_hal_fdcan.c ****     status =  HAL_ERROR;
1118:Drivers/STM32G0xx_HAL_Driver/Src/stm32g0xx_hal_fdcan.c ****   }
1119:Drivers/STM32G0xx_HAL_Driver/Src/stm32g0xx_hal_fdcan.c **** 
1120:Drivers/STM32G0xx_HAL_Driver/Src/stm32g0xx_hal_fdcan.c ****   return status;
1121:Drivers/STM32G0xx_HAL_Driver/Src/stm32g0xx_hal_fdcan.c **** }
1122:Drivers/STM32G0xx_HAL_Driver/Src/stm32g0xx_hal_fdcan.c **** 
1123:Drivers/STM32G0xx_HAL_Driver/Src/stm32g0xx_hal_fdcan.c **** /**
1124:Drivers/STM32G0xx_HAL_Driver/Src/stm32g0xx_hal_fdcan.c ****   * @brief  Register Tx Buffer Abort FDCAN Callback
1125:Drivers/STM32G0xx_HAL_Driver/Src/stm32g0xx_hal_fdcan.c ****   *         To be used instead of the weak HAL_FDCAN_TxBufferAbortCallback() predefined callback
1126:Drivers/STM32G0xx_HAL_Driver/Src/stm32g0xx_hal_fdcan.c ****   * @param  hfdcan FDCAN handle
1127:Drivers/STM32G0xx_HAL_Driver/Src/stm32g0xx_hal_fdcan.c ****   * @param  pCallback pointer to the Tx Buffer Abort Callback function
1128:Drivers/STM32G0xx_HAL_Driver/Src/stm32g0xx_hal_fdcan.c ****   * @retval HAL status
1129:Drivers/STM32G0xx_HAL_Driver/Src/stm32g0xx_hal_fdcan.c ****   */
1130:Drivers/STM32G0xx_HAL_Driver/Src/stm32g0xx_hal_fdcan.c **** HAL_StatusTypeDef HAL_FDCAN_RegisterTxBufferAbortCallback(FDCAN_HandleTypeDef *hfdcan,
1131:Drivers/STM32G0xx_HAL_Driver/Src/stm32g0xx_hal_fdcan.c ****                                                           pFDCAN_TxBufferAbortCallbackTypeDef pCall
1132:Drivers/STM32G0xx_HAL_Driver/Src/stm32g0xx_hal_fdcan.c **** {
1133:Drivers/STM32G0xx_HAL_Driver/Src/stm32g0xx_hal_fdcan.c ****   HAL_StatusTypeDef status = HAL_OK;
1134:Drivers/STM32G0xx_HAL_Driver/Src/stm32g0xx_hal_fdcan.c **** 
1135:Drivers/STM32G0xx_HAL_Driver/Src/stm32g0xx_hal_fdcan.c ****   if (pCallback == NULL)
1136:Drivers/STM32G0xx_HAL_Driver/Src/stm32g0xx_hal_fdcan.c ****   {
1137:Drivers/STM32G0xx_HAL_Driver/Src/stm32g0xx_hal_fdcan.c ****     /* Update the error code */
1138:Drivers/STM32G0xx_HAL_Driver/Src/stm32g0xx_hal_fdcan.c ****     hfdcan->ErrorCode |= HAL_FDCAN_ERROR_INVALID_CALLBACK;
1139:Drivers/STM32G0xx_HAL_Driver/Src/stm32g0xx_hal_fdcan.c ****     return HAL_ERROR;
1140:Drivers/STM32G0xx_HAL_Driver/Src/stm32g0xx_hal_fdcan.c ****   }
1141:Drivers/STM32G0xx_HAL_Driver/Src/stm32g0xx_hal_fdcan.c **** 
1142:Drivers/STM32G0xx_HAL_Driver/Src/stm32g0xx_hal_fdcan.c ****   if (hfdcan->State == HAL_FDCAN_STATE_READY)
1143:Drivers/STM32G0xx_HAL_Driver/Src/stm32g0xx_hal_fdcan.c ****   {
1144:Drivers/STM32G0xx_HAL_Driver/Src/stm32g0xx_hal_fdcan.c ****     hfdcan->TxBufferAbortCallback = pCallback;
1145:Drivers/STM32G0xx_HAL_Driver/Src/stm32g0xx_hal_fdcan.c ****   }
1146:Drivers/STM32G0xx_HAL_Driver/Src/stm32g0xx_hal_fdcan.c ****   else
1147:Drivers/STM32G0xx_HAL_Driver/Src/stm32g0xx_hal_fdcan.c ****   {
1148:Drivers/STM32G0xx_HAL_Driver/Src/stm32g0xx_hal_fdcan.c ****     /* Update the error code */
1149:Drivers/STM32G0xx_HAL_Driver/Src/stm32g0xx_hal_fdcan.c ****     hfdcan->ErrorCode |= HAL_FDCAN_ERROR_INVALID_CALLBACK;
1150:Drivers/STM32G0xx_HAL_Driver/Src/stm32g0xx_hal_fdcan.c **** 
1151:Drivers/STM32G0xx_HAL_Driver/Src/stm32g0xx_hal_fdcan.c ****     /* Return error status */
1152:Drivers/STM32G0xx_HAL_Driver/Src/stm32g0xx_hal_fdcan.c ****     status =  HAL_ERROR;
1153:Drivers/STM32G0xx_HAL_Driver/Src/stm32g0xx_hal_fdcan.c ****   }
1154:Drivers/STM32G0xx_HAL_Driver/Src/stm32g0xx_hal_fdcan.c **** 
1155:Drivers/STM32G0xx_HAL_Driver/Src/stm32g0xx_hal_fdcan.c ****   return status;
1156:Drivers/STM32G0xx_HAL_Driver/Src/stm32g0xx_hal_fdcan.c **** }
1157:Drivers/STM32G0xx_HAL_Driver/Src/stm32g0xx_hal_fdcan.c **** 
1158:Drivers/STM32G0xx_HAL_Driver/Src/stm32g0xx_hal_fdcan.c **** /**
1159:Drivers/STM32G0xx_HAL_Driver/Src/stm32g0xx_hal_fdcan.c ****   * @brief  UnRegister the Tx Buffer Abort FDCAN Callback
1160:Drivers/STM32G0xx_HAL_Driver/Src/stm32g0xx_hal_fdcan.c ****   *         Tx Buffer Abort FDCAN Callback is redirected to
1161:Drivers/STM32G0xx_HAL_Driver/Src/stm32g0xx_hal_fdcan.c ****   *         the weak HAL_FDCAN_TxBufferAbortCallback() predefined callback
1162:Drivers/STM32G0xx_HAL_Driver/Src/stm32g0xx_hal_fdcan.c ****   * @param  hfdcan FDCAN handle
1163:Drivers/STM32G0xx_HAL_Driver/Src/stm32g0xx_hal_fdcan.c ****   * @retval HAL status
1164:Drivers/STM32G0xx_HAL_Driver/Src/stm32g0xx_hal_fdcan.c ****   */
1165:Drivers/STM32G0xx_HAL_Driver/Src/stm32g0xx_hal_fdcan.c **** HAL_StatusTypeDef HAL_FDCAN_UnRegisterTxBufferAbortCallback(FDCAN_HandleTypeDef *hfdcan)
1166:Drivers/STM32G0xx_HAL_Driver/Src/stm32g0xx_hal_fdcan.c **** {
1167:Drivers/STM32G0xx_HAL_Driver/Src/stm32g0xx_hal_fdcan.c ****   HAL_StatusTypeDef status = HAL_OK;
1168:Drivers/STM32G0xx_HAL_Driver/Src/stm32g0xx_hal_fdcan.c **** 
1169:Drivers/STM32G0xx_HAL_Driver/Src/stm32g0xx_hal_fdcan.c ****   if (hfdcan->State == HAL_FDCAN_STATE_READY)
1170:Drivers/STM32G0xx_HAL_Driver/Src/stm32g0xx_hal_fdcan.c ****   {
1171:Drivers/STM32G0xx_HAL_Driver/Src/stm32g0xx_hal_fdcan.c ****     hfdcan->TxBufferAbortCallback = HAL_FDCAN_TxBufferAbortCallback; /* Legacy weak TxBufferAbortCa
1172:Drivers/STM32G0xx_HAL_Driver/Src/stm32g0xx_hal_fdcan.c ****   }
ARM GAS  C:\Users\sante\AppData\Local\Temp\cc59nu4g.s 			page 22


1173:Drivers/STM32G0xx_HAL_Driver/Src/stm32g0xx_hal_fdcan.c ****   else
1174:Drivers/STM32G0xx_HAL_Driver/Src/stm32g0xx_hal_fdcan.c ****   {
1175:Drivers/STM32G0xx_HAL_Driver/Src/stm32g0xx_hal_fdcan.c ****     /* Update the error code */
1176:Drivers/STM32G0xx_HAL_Driver/Src/stm32g0xx_hal_fdcan.c ****     hfdcan->ErrorCode |= HAL_FDCAN_ERROR_INVALID_CALLBACK;
1177:Drivers/STM32G0xx_HAL_Driver/Src/stm32g0xx_hal_fdcan.c **** 
1178:Drivers/STM32G0xx_HAL_Driver/Src/stm32g0xx_hal_fdcan.c ****     /* Return error status */
1179:Drivers/STM32G0xx_HAL_Driver/Src/stm32g0xx_hal_fdcan.c ****     status =  HAL_ERROR;
1180:Drivers/STM32G0xx_HAL_Driver/Src/stm32g0xx_hal_fdcan.c ****   }
1181:Drivers/STM32G0xx_HAL_Driver/Src/stm32g0xx_hal_fdcan.c **** 
1182:Drivers/STM32G0xx_HAL_Driver/Src/stm32g0xx_hal_fdcan.c ****   return status;
1183:Drivers/STM32G0xx_HAL_Driver/Src/stm32g0xx_hal_fdcan.c **** }
1184:Drivers/STM32G0xx_HAL_Driver/Src/stm32g0xx_hal_fdcan.c **** 
1185:Drivers/STM32G0xx_HAL_Driver/Src/stm32g0xx_hal_fdcan.c **** /**
1186:Drivers/STM32G0xx_HAL_Driver/Src/stm32g0xx_hal_fdcan.c ****   * @brief  Register Error Status FDCAN Callback
1187:Drivers/STM32G0xx_HAL_Driver/Src/stm32g0xx_hal_fdcan.c ****   *         To be used instead of the weak HAL_FDCAN_ErrorStatusCallback() predefined callback
1188:Drivers/STM32G0xx_HAL_Driver/Src/stm32g0xx_hal_fdcan.c ****   * @param  hfdcan FDCAN handle
1189:Drivers/STM32G0xx_HAL_Driver/Src/stm32g0xx_hal_fdcan.c ****   * @param  pCallback pointer to the Error Status Callback function
1190:Drivers/STM32G0xx_HAL_Driver/Src/stm32g0xx_hal_fdcan.c ****   * @retval HAL status
1191:Drivers/STM32G0xx_HAL_Driver/Src/stm32g0xx_hal_fdcan.c ****   */
1192:Drivers/STM32G0xx_HAL_Driver/Src/stm32g0xx_hal_fdcan.c **** HAL_StatusTypeDef HAL_FDCAN_RegisterErrorStatusCallback(FDCAN_HandleTypeDef *hfdcan,
1193:Drivers/STM32G0xx_HAL_Driver/Src/stm32g0xx_hal_fdcan.c ****                                                         pFDCAN_ErrorStatusCallbackTypeDef pCallback
1194:Drivers/STM32G0xx_HAL_Driver/Src/stm32g0xx_hal_fdcan.c **** {
1195:Drivers/STM32G0xx_HAL_Driver/Src/stm32g0xx_hal_fdcan.c ****   HAL_StatusTypeDef status = HAL_OK;
1196:Drivers/STM32G0xx_HAL_Driver/Src/stm32g0xx_hal_fdcan.c **** 
1197:Drivers/STM32G0xx_HAL_Driver/Src/stm32g0xx_hal_fdcan.c ****   if (pCallback == NULL)
1198:Drivers/STM32G0xx_HAL_Driver/Src/stm32g0xx_hal_fdcan.c ****   {
1199:Drivers/STM32G0xx_HAL_Driver/Src/stm32g0xx_hal_fdcan.c ****     /* Update the error code */
1200:Drivers/STM32G0xx_HAL_Driver/Src/stm32g0xx_hal_fdcan.c ****     hfdcan->ErrorCode |= HAL_FDCAN_ERROR_INVALID_CALLBACK;
1201:Drivers/STM32G0xx_HAL_Driver/Src/stm32g0xx_hal_fdcan.c ****     return HAL_ERROR;
1202:Drivers/STM32G0xx_HAL_Driver/Src/stm32g0xx_hal_fdcan.c ****   }
1203:Drivers/STM32G0xx_HAL_Driver/Src/stm32g0xx_hal_fdcan.c **** 
1204:Drivers/STM32G0xx_HAL_Driver/Src/stm32g0xx_hal_fdcan.c ****   if (hfdcan->State == HAL_FDCAN_STATE_READY)
1205:Drivers/STM32G0xx_HAL_Driver/Src/stm32g0xx_hal_fdcan.c ****   {
1206:Drivers/STM32G0xx_HAL_Driver/Src/stm32g0xx_hal_fdcan.c ****     hfdcan->ErrorStatusCallback = pCallback;
1207:Drivers/STM32G0xx_HAL_Driver/Src/stm32g0xx_hal_fdcan.c ****   }
1208:Drivers/STM32G0xx_HAL_Driver/Src/stm32g0xx_hal_fdcan.c ****   else
1209:Drivers/STM32G0xx_HAL_Driver/Src/stm32g0xx_hal_fdcan.c ****   {
1210:Drivers/STM32G0xx_HAL_Driver/Src/stm32g0xx_hal_fdcan.c ****     /* Update the error code */
1211:Drivers/STM32G0xx_HAL_Driver/Src/stm32g0xx_hal_fdcan.c ****     hfdcan->ErrorCode |= HAL_FDCAN_ERROR_INVALID_CALLBACK;
1212:Drivers/STM32G0xx_HAL_Driver/Src/stm32g0xx_hal_fdcan.c **** 
1213:Drivers/STM32G0xx_HAL_Driver/Src/stm32g0xx_hal_fdcan.c ****     /* Return error status */
1214:Drivers/STM32G0xx_HAL_Driver/Src/stm32g0xx_hal_fdcan.c ****     status =  HAL_ERROR;
1215:Drivers/STM32G0xx_HAL_Driver/Src/stm32g0xx_hal_fdcan.c ****   }
1216:Drivers/STM32G0xx_HAL_Driver/Src/stm32g0xx_hal_fdcan.c **** 
1217:Drivers/STM32G0xx_HAL_Driver/Src/stm32g0xx_hal_fdcan.c ****   return status;
1218:Drivers/STM32G0xx_HAL_Driver/Src/stm32g0xx_hal_fdcan.c **** }
1219:Drivers/STM32G0xx_HAL_Driver/Src/stm32g0xx_hal_fdcan.c **** 
1220:Drivers/STM32G0xx_HAL_Driver/Src/stm32g0xx_hal_fdcan.c **** /**
1221:Drivers/STM32G0xx_HAL_Driver/Src/stm32g0xx_hal_fdcan.c ****   * @brief  UnRegister the Error Status FDCAN Callback
1222:Drivers/STM32G0xx_HAL_Driver/Src/stm32g0xx_hal_fdcan.c ****   *         Error Status FDCAN Callback is redirected to the weak HAL_FDCAN_ErrorStatusCallback() p
1223:Drivers/STM32G0xx_HAL_Driver/Src/stm32g0xx_hal_fdcan.c ****   * @param  hfdcan FDCAN handle
1224:Drivers/STM32G0xx_HAL_Driver/Src/stm32g0xx_hal_fdcan.c ****   * @retval HAL status
1225:Drivers/STM32G0xx_HAL_Driver/Src/stm32g0xx_hal_fdcan.c ****   */
1226:Drivers/STM32G0xx_HAL_Driver/Src/stm32g0xx_hal_fdcan.c **** HAL_StatusTypeDef HAL_FDCAN_UnRegisterErrorStatusCallback(FDCAN_HandleTypeDef *hfdcan)
1227:Drivers/STM32G0xx_HAL_Driver/Src/stm32g0xx_hal_fdcan.c **** {
1228:Drivers/STM32G0xx_HAL_Driver/Src/stm32g0xx_hal_fdcan.c ****   HAL_StatusTypeDef status = HAL_OK;
1229:Drivers/STM32G0xx_HAL_Driver/Src/stm32g0xx_hal_fdcan.c **** 
ARM GAS  C:\Users\sante\AppData\Local\Temp\cc59nu4g.s 			page 23


1230:Drivers/STM32G0xx_HAL_Driver/Src/stm32g0xx_hal_fdcan.c ****   if (hfdcan->State == HAL_FDCAN_STATE_READY)
1231:Drivers/STM32G0xx_HAL_Driver/Src/stm32g0xx_hal_fdcan.c ****   {
1232:Drivers/STM32G0xx_HAL_Driver/Src/stm32g0xx_hal_fdcan.c ****     hfdcan->ErrorStatusCallback = HAL_FDCAN_ErrorStatusCallback; /* Legacy weak ErrorStatusCallback
1233:Drivers/STM32G0xx_HAL_Driver/Src/stm32g0xx_hal_fdcan.c ****   }
1234:Drivers/STM32G0xx_HAL_Driver/Src/stm32g0xx_hal_fdcan.c ****   else
1235:Drivers/STM32G0xx_HAL_Driver/Src/stm32g0xx_hal_fdcan.c ****   {
1236:Drivers/STM32G0xx_HAL_Driver/Src/stm32g0xx_hal_fdcan.c ****     /* Update the error code */
1237:Drivers/STM32G0xx_HAL_Driver/Src/stm32g0xx_hal_fdcan.c ****     hfdcan->ErrorCode |= HAL_FDCAN_ERROR_INVALID_CALLBACK;
1238:Drivers/STM32G0xx_HAL_Driver/Src/stm32g0xx_hal_fdcan.c **** 
1239:Drivers/STM32G0xx_HAL_Driver/Src/stm32g0xx_hal_fdcan.c ****     /* Return error status */
1240:Drivers/STM32G0xx_HAL_Driver/Src/stm32g0xx_hal_fdcan.c ****     status =  HAL_ERROR;
1241:Drivers/STM32G0xx_HAL_Driver/Src/stm32g0xx_hal_fdcan.c ****   }
1242:Drivers/STM32G0xx_HAL_Driver/Src/stm32g0xx_hal_fdcan.c **** 
1243:Drivers/STM32G0xx_HAL_Driver/Src/stm32g0xx_hal_fdcan.c ****   return status;
1244:Drivers/STM32G0xx_HAL_Driver/Src/stm32g0xx_hal_fdcan.c **** }
1245:Drivers/STM32G0xx_HAL_Driver/Src/stm32g0xx_hal_fdcan.c **** 
1246:Drivers/STM32G0xx_HAL_Driver/Src/stm32g0xx_hal_fdcan.c **** #endif /* USE_HAL_FDCAN_REGISTER_CALLBACKS */
1247:Drivers/STM32G0xx_HAL_Driver/Src/stm32g0xx_hal_fdcan.c **** 
1248:Drivers/STM32G0xx_HAL_Driver/Src/stm32g0xx_hal_fdcan.c **** /**
1249:Drivers/STM32G0xx_HAL_Driver/Src/stm32g0xx_hal_fdcan.c ****   * @}
1250:Drivers/STM32G0xx_HAL_Driver/Src/stm32g0xx_hal_fdcan.c ****   */
1251:Drivers/STM32G0xx_HAL_Driver/Src/stm32g0xx_hal_fdcan.c **** 
1252:Drivers/STM32G0xx_HAL_Driver/Src/stm32g0xx_hal_fdcan.c **** /** @defgroup FDCAN_Exported_Functions_Group2 Configuration functions
1253:Drivers/STM32G0xx_HAL_Driver/Src/stm32g0xx_hal_fdcan.c ****   *  @brief    FDCAN Configuration functions.
1254:Drivers/STM32G0xx_HAL_Driver/Src/stm32g0xx_hal_fdcan.c ****   *
1255:Drivers/STM32G0xx_HAL_Driver/Src/stm32g0xx_hal_fdcan.c **** @verbatim
1256:Drivers/STM32G0xx_HAL_Driver/Src/stm32g0xx_hal_fdcan.c ****   ==============================================================================
1257:Drivers/STM32G0xx_HAL_Driver/Src/stm32g0xx_hal_fdcan.c ****               ##### Configuration functions #####
1258:Drivers/STM32G0xx_HAL_Driver/Src/stm32g0xx_hal_fdcan.c ****   ==============================================================================
1259:Drivers/STM32G0xx_HAL_Driver/Src/stm32g0xx_hal_fdcan.c ****     [..]  This section provides functions allowing to:
1260:Drivers/STM32G0xx_HAL_Driver/Src/stm32g0xx_hal_fdcan.c ****       (+) HAL_FDCAN_ConfigFilter                  : Configure the FDCAN reception filters
1261:Drivers/STM32G0xx_HAL_Driver/Src/stm32g0xx_hal_fdcan.c ****       (+) HAL_FDCAN_ConfigGlobalFilter            : Configure the FDCAN global filter
1262:Drivers/STM32G0xx_HAL_Driver/Src/stm32g0xx_hal_fdcan.c ****       (+) HAL_FDCAN_ConfigExtendedIdMask          : Configure the extended ID mask
1263:Drivers/STM32G0xx_HAL_Driver/Src/stm32g0xx_hal_fdcan.c ****       (+) HAL_FDCAN_ConfigRxFifoOverwrite         : Configure the Rx FIFO operation mode
1264:Drivers/STM32G0xx_HAL_Driver/Src/stm32g0xx_hal_fdcan.c ****       (+) HAL_FDCAN_ConfigRamWatchdog             : Configure the RAM watchdog
1265:Drivers/STM32G0xx_HAL_Driver/Src/stm32g0xx_hal_fdcan.c ****       (+) HAL_FDCAN_ConfigTimestampCounter        : Configure the timestamp counter
1266:Drivers/STM32G0xx_HAL_Driver/Src/stm32g0xx_hal_fdcan.c ****         (+) HAL_FDCAN_EnableTimestampCounter        : Enable the timestamp counter
1267:Drivers/STM32G0xx_HAL_Driver/Src/stm32g0xx_hal_fdcan.c ****         (+) HAL_FDCAN_DisableTimestampCounter       : Disable the timestamp counter
1268:Drivers/STM32G0xx_HAL_Driver/Src/stm32g0xx_hal_fdcan.c ****         (+) HAL_FDCAN_GetTimestampCounter           : Get the timestamp counter value
1269:Drivers/STM32G0xx_HAL_Driver/Src/stm32g0xx_hal_fdcan.c ****         (+) HAL_FDCAN_ResetTimestampCounter         : Reset the timestamp counter to zero
1270:Drivers/STM32G0xx_HAL_Driver/Src/stm32g0xx_hal_fdcan.c ****       (+) HAL_FDCAN_ConfigTimeoutCounter          : Configure the timeout counter
1271:Drivers/STM32G0xx_HAL_Driver/Src/stm32g0xx_hal_fdcan.c ****         (+) HAL_FDCAN_EnableTimeoutCounter          : Enable the timeout counter
1272:Drivers/STM32G0xx_HAL_Driver/Src/stm32g0xx_hal_fdcan.c ****         (+) HAL_FDCAN_DisableTimeoutCounter         : Disable the timeout counter
1273:Drivers/STM32G0xx_HAL_Driver/Src/stm32g0xx_hal_fdcan.c ****         (+) HAL_FDCAN_GetTimeoutCounter             : Get the timeout counter value
1274:Drivers/STM32G0xx_HAL_Driver/Src/stm32g0xx_hal_fdcan.c ****         (+) HAL_FDCAN_ResetTimeoutCounter           : Reset the timeout counter to its start value
1275:Drivers/STM32G0xx_HAL_Driver/Src/stm32g0xx_hal_fdcan.c ****       (+) HAL_FDCAN_ConfigTxDelayCompensation     : Configure the transmitter delay compensation
1276:Drivers/STM32G0xx_HAL_Driver/Src/stm32g0xx_hal_fdcan.c ****         (+) HAL_FDCAN_EnableTxDelayCompensation     : Enable the transmitter delay compensation
1277:Drivers/STM32G0xx_HAL_Driver/Src/stm32g0xx_hal_fdcan.c ****         (+) HAL_FDCAN_DisableTxDelayCompensation    : Disable the transmitter delay compensation
1278:Drivers/STM32G0xx_HAL_Driver/Src/stm32g0xx_hal_fdcan.c ****       (+) HAL_FDCAN_EnableISOMode                 : Enable ISO 11898-1 protocol mode
1279:Drivers/STM32G0xx_HAL_Driver/Src/stm32g0xx_hal_fdcan.c ****       (+) HAL_FDCAN_DisableISOMode                : Disable ISO 11898-1 protocol mode
1280:Drivers/STM32G0xx_HAL_Driver/Src/stm32g0xx_hal_fdcan.c ****       (+) HAL_FDCAN_EnableEdgeFiltering           : Enable edge filtering during bus integration
1281:Drivers/STM32G0xx_HAL_Driver/Src/stm32g0xx_hal_fdcan.c ****       (+) HAL_FDCAN_DisableEdgeFiltering          : Disable edge filtering during bus integration
1282:Drivers/STM32G0xx_HAL_Driver/Src/stm32g0xx_hal_fdcan.c **** 
1283:Drivers/STM32G0xx_HAL_Driver/Src/stm32g0xx_hal_fdcan.c **** @endverbatim
1284:Drivers/STM32G0xx_HAL_Driver/Src/stm32g0xx_hal_fdcan.c ****   * @{
1285:Drivers/STM32G0xx_HAL_Driver/Src/stm32g0xx_hal_fdcan.c ****   */
1286:Drivers/STM32G0xx_HAL_Driver/Src/stm32g0xx_hal_fdcan.c **** 
ARM GAS  C:\Users\sante\AppData\Local\Temp\cc59nu4g.s 			page 24


1287:Drivers/STM32G0xx_HAL_Driver/Src/stm32g0xx_hal_fdcan.c **** /**
1288:Drivers/STM32G0xx_HAL_Driver/Src/stm32g0xx_hal_fdcan.c ****   * @brief  Configure the FDCAN reception filter according to the specified
1289:Drivers/STM32G0xx_HAL_Driver/Src/stm32g0xx_hal_fdcan.c ****   *         parameters in the FDCAN_FilterTypeDef structure.
1290:Drivers/STM32G0xx_HAL_Driver/Src/stm32g0xx_hal_fdcan.c ****   * @param  hfdcan pointer to an FDCAN_HandleTypeDef structure that contains
1291:Drivers/STM32G0xx_HAL_Driver/Src/stm32g0xx_hal_fdcan.c ****   *         the configuration information for the specified FDCAN.
1292:Drivers/STM32G0xx_HAL_Driver/Src/stm32g0xx_hal_fdcan.c ****   * @param  sFilterConfig pointer to an FDCAN_FilterTypeDef structure that
1293:Drivers/STM32G0xx_HAL_Driver/Src/stm32g0xx_hal_fdcan.c ****   *         contains the filter configuration information
1294:Drivers/STM32G0xx_HAL_Driver/Src/stm32g0xx_hal_fdcan.c ****   * @retval HAL status
1295:Drivers/STM32G0xx_HAL_Driver/Src/stm32g0xx_hal_fdcan.c ****   */
1296:Drivers/STM32G0xx_HAL_Driver/Src/stm32g0xx_hal_fdcan.c **** HAL_StatusTypeDef HAL_FDCAN_ConfigFilter(FDCAN_HandleTypeDef *hfdcan, const FDCAN_FilterTypeDef *sF
1297:Drivers/STM32G0xx_HAL_Driver/Src/stm32g0xx_hal_fdcan.c **** {
1298:Drivers/STM32G0xx_HAL_Driver/Src/stm32g0xx_hal_fdcan.c ****   uint32_t FilterElementW1;
1299:Drivers/STM32G0xx_HAL_Driver/Src/stm32g0xx_hal_fdcan.c ****   uint32_t FilterElementW2;
1300:Drivers/STM32G0xx_HAL_Driver/Src/stm32g0xx_hal_fdcan.c ****   uint32_t *FilterAddress;
1301:Drivers/STM32G0xx_HAL_Driver/Src/stm32g0xx_hal_fdcan.c ****   HAL_FDCAN_StateTypeDef state = hfdcan->State;
1302:Drivers/STM32G0xx_HAL_Driver/Src/stm32g0xx_hal_fdcan.c **** 
1303:Drivers/STM32G0xx_HAL_Driver/Src/stm32g0xx_hal_fdcan.c ****   if ((state == HAL_FDCAN_STATE_READY) || (state == HAL_FDCAN_STATE_BUSY))
1304:Drivers/STM32G0xx_HAL_Driver/Src/stm32g0xx_hal_fdcan.c ****   {
1305:Drivers/STM32G0xx_HAL_Driver/Src/stm32g0xx_hal_fdcan.c ****     /* Check function parameters */
1306:Drivers/STM32G0xx_HAL_Driver/Src/stm32g0xx_hal_fdcan.c ****     assert_param(IS_FDCAN_ID_TYPE(sFilterConfig->IdType));
1307:Drivers/STM32G0xx_HAL_Driver/Src/stm32g0xx_hal_fdcan.c ****     assert_param(IS_FDCAN_FILTER_CFG(sFilterConfig->FilterConfig));
1308:Drivers/STM32G0xx_HAL_Driver/Src/stm32g0xx_hal_fdcan.c **** 
1309:Drivers/STM32G0xx_HAL_Driver/Src/stm32g0xx_hal_fdcan.c ****     if (sFilterConfig->IdType == FDCAN_STANDARD_ID)
1310:Drivers/STM32G0xx_HAL_Driver/Src/stm32g0xx_hal_fdcan.c ****     {
1311:Drivers/STM32G0xx_HAL_Driver/Src/stm32g0xx_hal_fdcan.c ****       /* Check function parameters */
1312:Drivers/STM32G0xx_HAL_Driver/Src/stm32g0xx_hal_fdcan.c ****       assert_param(IS_FDCAN_MAX_VALUE(sFilterConfig->FilterIndex, (hfdcan->Init.StdFiltersNbr - 1U)
1313:Drivers/STM32G0xx_HAL_Driver/Src/stm32g0xx_hal_fdcan.c ****       assert_param(IS_FDCAN_MAX_VALUE(sFilterConfig->FilterID1, 0x7FFU));
1314:Drivers/STM32G0xx_HAL_Driver/Src/stm32g0xx_hal_fdcan.c ****       assert_param(IS_FDCAN_MAX_VALUE(sFilterConfig->FilterID2, 0x7FFU));
1315:Drivers/STM32G0xx_HAL_Driver/Src/stm32g0xx_hal_fdcan.c ****       assert_param(IS_FDCAN_STD_FILTER_TYPE(sFilterConfig->FilterType));
1316:Drivers/STM32G0xx_HAL_Driver/Src/stm32g0xx_hal_fdcan.c **** 
1317:Drivers/STM32G0xx_HAL_Driver/Src/stm32g0xx_hal_fdcan.c ****       /* Build filter element */
1318:Drivers/STM32G0xx_HAL_Driver/Src/stm32g0xx_hal_fdcan.c ****       FilterElementW1 = ((sFilterConfig->FilterType << 30U)   |
1319:Drivers/STM32G0xx_HAL_Driver/Src/stm32g0xx_hal_fdcan.c ****                          (sFilterConfig->FilterConfig << 27U) |
1320:Drivers/STM32G0xx_HAL_Driver/Src/stm32g0xx_hal_fdcan.c ****                          (sFilterConfig->FilterID1 << 16U)    |
1321:Drivers/STM32G0xx_HAL_Driver/Src/stm32g0xx_hal_fdcan.c ****                          sFilterConfig->FilterID2);
1322:Drivers/STM32G0xx_HAL_Driver/Src/stm32g0xx_hal_fdcan.c **** 
1323:Drivers/STM32G0xx_HAL_Driver/Src/stm32g0xx_hal_fdcan.c ****       /* Calculate filter address */
1324:Drivers/STM32G0xx_HAL_Driver/Src/stm32g0xx_hal_fdcan.c ****       FilterAddress = (uint32_t *)(hfdcan->msgRam.StandardFilterSA + (sFilterConfig->FilterIndex * 
1325:Drivers/STM32G0xx_HAL_Driver/Src/stm32g0xx_hal_fdcan.c **** 
1326:Drivers/STM32G0xx_HAL_Driver/Src/stm32g0xx_hal_fdcan.c ****       /* Write filter element to the message RAM */
1327:Drivers/STM32G0xx_HAL_Driver/Src/stm32g0xx_hal_fdcan.c ****       *FilterAddress = FilterElementW1;
1328:Drivers/STM32G0xx_HAL_Driver/Src/stm32g0xx_hal_fdcan.c ****     }
1329:Drivers/STM32G0xx_HAL_Driver/Src/stm32g0xx_hal_fdcan.c ****     else /* sFilterConfig->IdType == FDCAN_EXTENDED_ID */
1330:Drivers/STM32G0xx_HAL_Driver/Src/stm32g0xx_hal_fdcan.c ****     {
1331:Drivers/STM32G0xx_HAL_Driver/Src/stm32g0xx_hal_fdcan.c ****       /* Check function parameters */
1332:Drivers/STM32G0xx_HAL_Driver/Src/stm32g0xx_hal_fdcan.c ****       assert_param(IS_FDCAN_MAX_VALUE(sFilterConfig->FilterIndex, (hfdcan->Init.ExtFiltersNbr - 1U)
1333:Drivers/STM32G0xx_HAL_Driver/Src/stm32g0xx_hal_fdcan.c ****       assert_param(IS_FDCAN_MAX_VALUE(sFilterConfig->FilterID1, 0x1FFFFFFFU));
1334:Drivers/STM32G0xx_HAL_Driver/Src/stm32g0xx_hal_fdcan.c ****       assert_param(IS_FDCAN_MAX_VALUE(sFilterConfig->FilterID2, 0x1FFFFFFFU));
1335:Drivers/STM32G0xx_HAL_Driver/Src/stm32g0xx_hal_fdcan.c ****       assert_param(IS_FDCAN_EXT_FILTER_TYPE(sFilterConfig->FilterType));
1336:Drivers/STM32G0xx_HAL_Driver/Src/stm32g0xx_hal_fdcan.c **** 
1337:Drivers/STM32G0xx_HAL_Driver/Src/stm32g0xx_hal_fdcan.c ****       /* Build first word of filter element */
1338:Drivers/STM32G0xx_HAL_Driver/Src/stm32g0xx_hal_fdcan.c ****       FilterElementW1 = ((sFilterConfig->FilterConfig << 29U) | sFilterConfig->FilterID1);
1339:Drivers/STM32G0xx_HAL_Driver/Src/stm32g0xx_hal_fdcan.c **** 
1340:Drivers/STM32G0xx_HAL_Driver/Src/stm32g0xx_hal_fdcan.c ****       /* Build second word of filter element */
1341:Drivers/STM32G0xx_HAL_Driver/Src/stm32g0xx_hal_fdcan.c ****       FilterElementW2 = ((sFilterConfig->FilterType << 30U) | sFilterConfig->FilterID2);
1342:Drivers/STM32G0xx_HAL_Driver/Src/stm32g0xx_hal_fdcan.c **** 
1343:Drivers/STM32G0xx_HAL_Driver/Src/stm32g0xx_hal_fdcan.c ****       /* Calculate filter address */
ARM GAS  C:\Users\sante\AppData\Local\Temp\cc59nu4g.s 			page 25


1344:Drivers/STM32G0xx_HAL_Driver/Src/stm32g0xx_hal_fdcan.c ****       FilterAddress = (uint32_t *)(hfdcan->msgRam.ExtendedFilterSA + (sFilterConfig->FilterIndex * 
1345:Drivers/STM32G0xx_HAL_Driver/Src/stm32g0xx_hal_fdcan.c **** 
1346:Drivers/STM32G0xx_HAL_Driver/Src/stm32g0xx_hal_fdcan.c ****       /* Write filter element to the message RAM */
1347:Drivers/STM32G0xx_HAL_Driver/Src/stm32g0xx_hal_fdcan.c ****       *FilterAddress = FilterElementW1;
1348:Drivers/STM32G0xx_HAL_Driver/Src/stm32g0xx_hal_fdcan.c ****       FilterAddress++;
1349:Drivers/STM32G0xx_HAL_Driver/Src/stm32g0xx_hal_fdcan.c ****       *FilterAddress = FilterElementW2;
1350:Drivers/STM32G0xx_HAL_Driver/Src/stm32g0xx_hal_fdcan.c ****     }
1351:Drivers/STM32G0xx_HAL_Driver/Src/stm32g0xx_hal_fdcan.c **** 
1352:Drivers/STM32G0xx_HAL_Driver/Src/stm32g0xx_hal_fdcan.c ****     /* Return function status */
1353:Drivers/STM32G0xx_HAL_Driver/Src/stm32g0xx_hal_fdcan.c ****     return HAL_OK;
1354:Drivers/STM32G0xx_HAL_Driver/Src/stm32g0xx_hal_fdcan.c ****   }
1355:Drivers/STM32G0xx_HAL_Driver/Src/stm32g0xx_hal_fdcan.c ****   else
1356:Drivers/STM32G0xx_HAL_Driver/Src/stm32g0xx_hal_fdcan.c ****   {
1357:Drivers/STM32G0xx_HAL_Driver/Src/stm32g0xx_hal_fdcan.c ****     /* Update error code */
1358:Drivers/STM32G0xx_HAL_Driver/Src/stm32g0xx_hal_fdcan.c ****     hfdcan->ErrorCode |= HAL_FDCAN_ERROR_NOT_INITIALIZED;
1359:Drivers/STM32G0xx_HAL_Driver/Src/stm32g0xx_hal_fdcan.c **** 
1360:Drivers/STM32G0xx_HAL_Driver/Src/stm32g0xx_hal_fdcan.c ****     return HAL_ERROR;
1361:Drivers/STM32G0xx_HAL_Driver/Src/stm32g0xx_hal_fdcan.c ****   }
1362:Drivers/STM32G0xx_HAL_Driver/Src/stm32g0xx_hal_fdcan.c **** }
1363:Drivers/STM32G0xx_HAL_Driver/Src/stm32g0xx_hal_fdcan.c **** 
1364:Drivers/STM32G0xx_HAL_Driver/Src/stm32g0xx_hal_fdcan.c **** /**
1365:Drivers/STM32G0xx_HAL_Driver/Src/stm32g0xx_hal_fdcan.c ****   * @brief  Configure the FDCAN global filter.
1366:Drivers/STM32G0xx_HAL_Driver/Src/stm32g0xx_hal_fdcan.c ****   * @param  hfdcan pointer to an FDCAN_HandleTypeDef structure that contains
1367:Drivers/STM32G0xx_HAL_Driver/Src/stm32g0xx_hal_fdcan.c ****   *         the configuration information for the specified FDCAN.
1368:Drivers/STM32G0xx_HAL_Driver/Src/stm32g0xx_hal_fdcan.c ****   * @param  NonMatchingStd Defines how received messages with 11-bit IDs that
1369:Drivers/STM32G0xx_HAL_Driver/Src/stm32g0xx_hal_fdcan.c ****   *         do not match any element of the filter list are treated.
1370:Drivers/STM32G0xx_HAL_Driver/Src/stm32g0xx_hal_fdcan.c ****   *         This parameter can be a value of @arg FDCAN_Non_Matching_Frames.
1371:Drivers/STM32G0xx_HAL_Driver/Src/stm32g0xx_hal_fdcan.c ****   * @param  NonMatchingExt Defines how received messages with 29-bit IDs that
1372:Drivers/STM32G0xx_HAL_Driver/Src/stm32g0xx_hal_fdcan.c ****   *         do not match any element of the filter list are treated.
1373:Drivers/STM32G0xx_HAL_Driver/Src/stm32g0xx_hal_fdcan.c ****   *         This parameter can be a value of @arg FDCAN_Non_Matching_Frames.
1374:Drivers/STM32G0xx_HAL_Driver/Src/stm32g0xx_hal_fdcan.c ****   * @param  RejectRemoteStd Filter or reject all the remote 11-bit IDs frames.
1375:Drivers/STM32G0xx_HAL_Driver/Src/stm32g0xx_hal_fdcan.c ****   *         This parameter can be a value of @arg FDCAN_Reject_Remote_Frames.
1376:Drivers/STM32G0xx_HAL_Driver/Src/stm32g0xx_hal_fdcan.c ****   * @param  RejectRemoteExt Filter or reject all the remote 29-bit IDs frames.
1377:Drivers/STM32G0xx_HAL_Driver/Src/stm32g0xx_hal_fdcan.c ****   *         This parameter can be a value of @arg FDCAN_Reject_Remote_Frames.
1378:Drivers/STM32G0xx_HAL_Driver/Src/stm32g0xx_hal_fdcan.c ****   * @retval HAL status
1379:Drivers/STM32G0xx_HAL_Driver/Src/stm32g0xx_hal_fdcan.c ****   */
1380:Drivers/STM32G0xx_HAL_Driver/Src/stm32g0xx_hal_fdcan.c **** HAL_StatusTypeDef HAL_FDCAN_ConfigGlobalFilter(FDCAN_HandleTypeDef *hfdcan,
1381:Drivers/STM32G0xx_HAL_Driver/Src/stm32g0xx_hal_fdcan.c ****                                                uint32_t NonMatchingStd,
1382:Drivers/STM32G0xx_HAL_Driver/Src/stm32g0xx_hal_fdcan.c ****                                                uint32_t NonMatchingExt,
1383:Drivers/STM32G0xx_HAL_Driver/Src/stm32g0xx_hal_fdcan.c ****                                                uint32_t RejectRemoteStd,
1384:Drivers/STM32G0xx_HAL_Driver/Src/stm32g0xx_hal_fdcan.c ****                                                uint32_t RejectRemoteExt)
1385:Drivers/STM32G0xx_HAL_Driver/Src/stm32g0xx_hal_fdcan.c **** {
1386:Drivers/STM32G0xx_HAL_Driver/Src/stm32g0xx_hal_fdcan.c ****   /* Check function parameters */
1387:Drivers/STM32G0xx_HAL_Driver/Src/stm32g0xx_hal_fdcan.c ****   assert_param(IS_FDCAN_NON_MATCHING(NonMatchingStd));
1388:Drivers/STM32G0xx_HAL_Driver/Src/stm32g0xx_hal_fdcan.c ****   assert_param(IS_FDCAN_NON_MATCHING(NonMatchingExt));
1389:Drivers/STM32G0xx_HAL_Driver/Src/stm32g0xx_hal_fdcan.c ****   assert_param(IS_FDCAN_REJECT_REMOTE(RejectRemoteStd));
1390:Drivers/STM32G0xx_HAL_Driver/Src/stm32g0xx_hal_fdcan.c ****   assert_param(IS_FDCAN_REJECT_REMOTE(RejectRemoteExt));
1391:Drivers/STM32G0xx_HAL_Driver/Src/stm32g0xx_hal_fdcan.c **** 
1392:Drivers/STM32G0xx_HAL_Driver/Src/stm32g0xx_hal_fdcan.c ****   if (hfdcan->State == HAL_FDCAN_STATE_READY)
1393:Drivers/STM32G0xx_HAL_Driver/Src/stm32g0xx_hal_fdcan.c ****   {
1394:Drivers/STM32G0xx_HAL_Driver/Src/stm32g0xx_hal_fdcan.c ****     /* Configure global filter */
1395:Drivers/STM32G0xx_HAL_Driver/Src/stm32g0xx_hal_fdcan.c ****     MODIFY_REG(hfdcan->Instance->RXGFC, (FDCAN_RXGFC_ANFS |
1396:Drivers/STM32G0xx_HAL_Driver/Src/stm32g0xx_hal_fdcan.c ****                                          FDCAN_RXGFC_ANFE |
1397:Drivers/STM32G0xx_HAL_Driver/Src/stm32g0xx_hal_fdcan.c ****                                          FDCAN_RXGFC_RRFS |
1398:Drivers/STM32G0xx_HAL_Driver/Src/stm32g0xx_hal_fdcan.c ****                                          FDCAN_RXGFC_RRFE),
1399:Drivers/STM32G0xx_HAL_Driver/Src/stm32g0xx_hal_fdcan.c ****                ((NonMatchingStd << FDCAN_RXGFC_ANFS_Pos)  |
1400:Drivers/STM32G0xx_HAL_Driver/Src/stm32g0xx_hal_fdcan.c ****                 (NonMatchingExt << FDCAN_RXGFC_ANFE_Pos)  |
ARM GAS  C:\Users\sante\AppData\Local\Temp\cc59nu4g.s 			page 26


1401:Drivers/STM32G0xx_HAL_Driver/Src/stm32g0xx_hal_fdcan.c ****                 (RejectRemoteStd << FDCAN_RXGFC_RRFS_Pos) |
1402:Drivers/STM32G0xx_HAL_Driver/Src/stm32g0xx_hal_fdcan.c ****                 (RejectRemoteExt << FDCAN_RXGFC_RRFE_Pos)));
1403:Drivers/STM32G0xx_HAL_Driver/Src/stm32g0xx_hal_fdcan.c **** 
1404:Drivers/STM32G0xx_HAL_Driver/Src/stm32g0xx_hal_fdcan.c ****     /* Return function status */
1405:Drivers/STM32G0xx_HAL_Driver/Src/stm32g0xx_hal_fdcan.c ****     return HAL_OK;
1406:Drivers/STM32G0xx_HAL_Driver/Src/stm32g0xx_hal_fdcan.c ****   }
1407:Drivers/STM32G0xx_HAL_Driver/Src/stm32g0xx_hal_fdcan.c ****   else
1408:Drivers/STM32G0xx_HAL_Driver/Src/stm32g0xx_hal_fdcan.c ****   {
1409:Drivers/STM32G0xx_HAL_Driver/Src/stm32g0xx_hal_fdcan.c ****     /* Update error code */
1410:Drivers/STM32G0xx_HAL_Driver/Src/stm32g0xx_hal_fdcan.c ****     hfdcan->ErrorCode |= HAL_FDCAN_ERROR_NOT_READY;
1411:Drivers/STM32G0xx_HAL_Driver/Src/stm32g0xx_hal_fdcan.c **** 
1412:Drivers/STM32G0xx_HAL_Driver/Src/stm32g0xx_hal_fdcan.c ****     return HAL_ERROR;
1413:Drivers/STM32G0xx_HAL_Driver/Src/stm32g0xx_hal_fdcan.c ****   }
1414:Drivers/STM32G0xx_HAL_Driver/Src/stm32g0xx_hal_fdcan.c **** }
1415:Drivers/STM32G0xx_HAL_Driver/Src/stm32g0xx_hal_fdcan.c **** 
1416:Drivers/STM32G0xx_HAL_Driver/Src/stm32g0xx_hal_fdcan.c **** /**
1417:Drivers/STM32G0xx_HAL_Driver/Src/stm32g0xx_hal_fdcan.c ****   * @brief  Configure the extended ID mask.
1418:Drivers/STM32G0xx_HAL_Driver/Src/stm32g0xx_hal_fdcan.c ****   * @param  hfdcan pointer to an FDCAN_HandleTypeDef structure that contains
1419:Drivers/STM32G0xx_HAL_Driver/Src/stm32g0xx_hal_fdcan.c ****   *         the configuration information for the specified FDCAN.
1420:Drivers/STM32G0xx_HAL_Driver/Src/stm32g0xx_hal_fdcan.c ****   * @param  Mask Extended ID Mask.
1421:Drivers/STM32G0xx_HAL_Driver/Src/stm32g0xx_hal_fdcan.c ****   *         This parameter must be a number between 0 and 0x1FFFFFFF.
1422:Drivers/STM32G0xx_HAL_Driver/Src/stm32g0xx_hal_fdcan.c ****   * @retval HAL status
1423:Drivers/STM32G0xx_HAL_Driver/Src/stm32g0xx_hal_fdcan.c ****   */
1424:Drivers/STM32G0xx_HAL_Driver/Src/stm32g0xx_hal_fdcan.c **** HAL_StatusTypeDef HAL_FDCAN_ConfigExtendedIdMask(FDCAN_HandleTypeDef *hfdcan, uint32_t Mask)
1425:Drivers/STM32G0xx_HAL_Driver/Src/stm32g0xx_hal_fdcan.c **** {
1426:Drivers/STM32G0xx_HAL_Driver/Src/stm32g0xx_hal_fdcan.c ****   /* Check function parameters */
1427:Drivers/STM32G0xx_HAL_Driver/Src/stm32g0xx_hal_fdcan.c ****   assert_param(IS_FDCAN_MAX_VALUE(Mask, 0x1FFFFFFFU));
1428:Drivers/STM32G0xx_HAL_Driver/Src/stm32g0xx_hal_fdcan.c **** 
1429:Drivers/STM32G0xx_HAL_Driver/Src/stm32g0xx_hal_fdcan.c ****   if (hfdcan->State == HAL_FDCAN_STATE_READY)
1430:Drivers/STM32G0xx_HAL_Driver/Src/stm32g0xx_hal_fdcan.c ****   {
1431:Drivers/STM32G0xx_HAL_Driver/Src/stm32g0xx_hal_fdcan.c ****     /* Configure the extended ID mask */
1432:Drivers/STM32G0xx_HAL_Driver/Src/stm32g0xx_hal_fdcan.c ****     hfdcan->Instance->XIDAM = Mask;
1433:Drivers/STM32G0xx_HAL_Driver/Src/stm32g0xx_hal_fdcan.c **** 
1434:Drivers/STM32G0xx_HAL_Driver/Src/stm32g0xx_hal_fdcan.c ****     /* Return function status */
1435:Drivers/STM32G0xx_HAL_Driver/Src/stm32g0xx_hal_fdcan.c ****     return HAL_OK;
1436:Drivers/STM32G0xx_HAL_Driver/Src/stm32g0xx_hal_fdcan.c ****   }
1437:Drivers/STM32G0xx_HAL_Driver/Src/stm32g0xx_hal_fdcan.c ****   else
1438:Drivers/STM32G0xx_HAL_Driver/Src/stm32g0xx_hal_fdcan.c ****   {
1439:Drivers/STM32G0xx_HAL_Driver/Src/stm32g0xx_hal_fdcan.c ****     /* Update error code */
1440:Drivers/STM32G0xx_HAL_Driver/Src/stm32g0xx_hal_fdcan.c ****     hfdcan->ErrorCode |= HAL_FDCAN_ERROR_NOT_READY;
1441:Drivers/STM32G0xx_HAL_Driver/Src/stm32g0xx_hal_fdcan.c **** 
1442:Drivers/STM32G0xx_HAL_Driver/Src/stm32g0xx_hal_fdcan.c ****     return HAL_ERROR;
1443:Drivers/STM32G0xx_HAL_Driver/Src/stm32g0xx_hal_fdcan.c ****   }
1444:Drivers/STM32G0xx_HAL_Driver/Src/stm32g0xx_hal_fdcan.c **** }
1445:Drivers/STM32G0xx_HAL_Driver/Src/stm32g0xx_hal_fdcan.c **** 
1446:Drivers/STM32G0xx_HAL_Driver/Src/stm32g0xx_hal_fdcan.c **** /**
1447:Drivers/STM32G0xx_HAL_Driver/Src/stm32g0xx_hal_fdcan.c ****   * @brief  Configure the Rx FIFO operation mode.
1448:Drivers/STM32G0xx_HAL_Driver/Src/stm32g0xx_hal_fdcan.c ****   * @param  hfdcan pointer to an FDCAN_HandleTypeDef structure that contains
1449:Drivers/STM32G0xx_HAL_Driver/Src/stm32g0xx_hal_fdcan.c ****   *         the configuration information for the specified FDCAN.
1450:Drivers/STM32G0xx_HAL_Driver/Src/stm32g0xx_hal_fdcan.c ****   * @param  RxFifo Rx FIFO.
1451:Drivers/STM32G0xx_HAL_Driver/Src/stm32g0xx_hal_fdcan.c ****   *         This parameter can be one of the following values:
1452:Drivers/STM32G0xx_HAL_Driver/Src/stm32g0xx_hal_fdcan.c ****   *           @arg FDCAN_RX_FIFO0: Rx FIFO 0
1453:Drivers/STM32G0xx_HAL_Driver/Src/stm32g0xx_hal_fdcan.c ****   *           @arg FDCAN_RX_FIFO1: Rx FIFO 1
1454:Drivers/STM32G0xx_HAL_Driver/Src/stm32g0xx_hal_fdcan.c ****   * @param  OperationMode operation mode.
1455:Drivers/STM32G0xx_HAL_Driver/Src/stm32g0xx_hal_fdcan.c ****   *         This parameter can be a value of @arg FDCAN_Rx_FIFO_operation_mode.
1456:Drivers/STM32G0xx_HAL_Driver/Src/stm32g0xx_hal_fdcan.c ****   * @retval HAL status
1457:Drivers/STM32G0xx_HAL_Driver/Src/stm32g0xx_hal_fdcan.c ****   */
ARM GAS  C:\Users\sante\AppData\Local\Temp\cc59nu4g.s 			page 27


1458:Drivers/STM32G0xx_HAL_Driver/Src/stm32g0xx_hal_fdcan.c **** HAL_StatusTypeDef HAL_FDCAN_ConfigRxFifoOverwrite(FDCAN_HandleTypeDef *hfdcan, uint32_t RxFifo, uin
1459:Drivers/STM32G0xx_HAL_Driver/Src/stm32g0xx_hal_fdcan.c **** {
1460:Drivers/STM32G0xx_HAL_Driver/Src/stm32g0xx_hal_fdcan.c ****   /* Check function parameters */
1461:Drivers/STM32G0xx_HAL_Driver/Src/stm32g0xx_hal_fdcan.c ****   assert_param(IS_FDCAN_RX_FIFO(RxFifo));
1462:Drivers/STM32G0xx_HAL_Driver/Src/stm32g0xx_hal_fdcan.c ****   assert_param(IS_FDCAN_RX_FIFO_MODE(OperationMode));
1463:Drivers/STM32G0xx_HAL_Driver/Src/stm32g0xx_hal_fdcan.c **** 
1464:Drivers/STM32G0xx_HAL_Driver/Src/stm32g0xx_hal_fdcan.c ****   if (hfdcan->State == HAL_FDCAN_STATE_READY)
1465:Drivers/STM32G0xx_HAL_Driver/Src/stm32g0xx_hal_fdcan.c ****   {
1466:Drivers/STM32G0xx_HAL_Driver/Src/stm32g0xx_hal_fdcan.c ****     if (RxFifo == FDCAN_RX_FIFO0)
1467:Drivers/STM32G0xx_HAL_Driver/Src/stm32g0xx_hal_fdcan.c ****     {
1468:Drivers/STM32G0xx_HAL_Driver/Src/stm32g0xx_hal_fdcan.c ****       /* Select FIFO 0 Operation Mode */
1469:Drivers/STM32G0xx_HAL_Driver/Src/stm32g0xx_hal_fdcan.c ****       MODIFY_REG(hfdcan->Instance->RXGFC, FDCAN_RXGFC_F0OM, (OperationMode << FDCAN_RXGFC_F0OM_Pos)
1470:Drivers/STM32G0xx_HAL_Driver/Src/stm32g0xx_hal_fdcan.c ****     }
1471:Drivers/STM32G0xx_HAL_Driver/Src/stm32g0xx_hal_fdcan.c ****     else /* RxFifo == FDCAN_RX_FIFO1 */
1472:Drivers/STM32G0xx_HAL_Driver/Src/stm32g0xx_hal_fdcan.c ****     {
1473:Drivers/STM32G0xx_HAL_Driver/Src/stm32g0xx_hal_fdcan.c ****       /* Select FIFO 1 Operation Mode */
1474:Drivers/STM32G0xx_HAL_Driver/Src/stm32g0xx_hal_fdcan.c ****       MODIFY_REG(hfdcan->Instance->RXGFC, FDCAN_RXGFC_F1OM, (OperationMode << FDCAN_RXGFC_F1OM_Pos)
1475:Drivers/STM32G0xx_HAL_Driver/Src/stm32g0xx_hal_fdcan.c ****     }
1476:Drivers/STM32G0xx_HAL_Driver/Src/stm32g0xx_hal_fdcan.c **** 
1477:Drivers/STM32G0xx_HAL_Driver/Src/stm32g0xx_hal_fdcan.c ****     /* Return function status */
1478:Drivers/STM32G0xx_HAL_Driver/Src/stm32g0xx_hal_fdcan.c ****     return HAL_OK;
1479:Drivers/STM32G0xx_HAL_Driver/Src/stm32g0xx_hal_fdcan.c ****   }
1480:Drivers/STM32G0xx_HAL_Driver/Src/stm32g0xx_hal_fdcan.c ****   else
1481:Drivers/STM32G0xx_HAL_Driver/Src/stm32g0xx_hal_fdcan.c ****   {
1482:Drivers/STM32G0xx_HAL_Driver/Src/stm32g0xx_hal_fdcan.c ****     /* Update error code */
1483:Drivers/STM32G0xx_HAL_Driver/Src/stm32g0xx_hal_fdcan.c ****     hfdcan->ErrorCode |= HAL_FDCAN_ERROR_NOT_READY;
1484:Drivers/STM32G0xx_HAL_Driver/Src/stm32g0xx_hal_fdcan.c **** 
1485:Drivers/STM32G0xx_HAL_Driver/Src/stm32g0xx_hal_fdcan.c ****     return HAL_ERROR;
1486:Drivers/STM32G0xx_HAL_Driver/Src/stm32g0xx_hal_fdcan.c ****   }
1487:Drivers/STM32G0xx_HAL_Driver/Src/stm32g0xx_hal_fdcan.c **** }
1488:Drivers/STM32G0xx_HAL_Driver/Src/stm32g0xx_hal_fdcan.c **** 
1489:Drivers/STM32G0xx_HAL_Driver/Src/stm32g0xx_hal_fdcan.c **** /**
1490:Drivers/STM32G0xx_HAL_Driver/Src/stm32g0xx_hal_fdcan.c ****   * @brief  Configure the RAM watchdog.
1491:Drivers/STM32G0xx_HAL_Driver/Src/stm32g0xx_hal_fdcan.c ****   * @param  hfdcan pointer to an FDCAN_HandleTypeDef structure that contains
1492:Drivers/STM32G0xx_HAL_Driver/Src/stm32g0xx_hal_fdcan.c ****   *         the configuration information for the specified FDCAN.
1493:Drivers/STM32G0xx_HAL_Driver/Src/stm32g0xx_hal_fdcan.c ****   * @param  CounterStartValue Start value of the Message RAM Watchdog Counter,
1494:Drivers/STM32G0xx_HAL_Driver/Src/stm32g0xx_hal_fdcan.c ****   *         This parameter must be a number between 0x00 and 0xFF,
1495:Drivers/STM32G0xx_HAL_Driver/Src/stm32g0xx_hal_fdcan.c ****   *         with the reset value of 0x00 the counter is disabled.
1496:Drivers/STM32G0xx_HAL_Driver/Src/stm32g0xx_hal_fdcan.c ****   * @retval HAL status
1497:Drivers/STM32G0xx_HAL_Driver/Src/stm32g0xx_hal_fdcan.c ****   */
1498:Drivers/STM32G0xx_HAL_Driver/Src/stm32g0xx_hal_fdcan.c **** HAL_StatusTypeDef HAL_FDCAN_ConfigRamWatchdog(FDCAN_HandleTypeDef *hfdcan, uint32_t CounterStartVal
1499:Drivers/STM32G0xx_HAL_Driver/Src/stm32g0xx_hal_fdcan.c **** {
1500:Drivers/STM32G0xx_HAL_Driver/Src/stm32g0xx_hal_fdcan.c ****   /* Check function parameters */
1501:Drivers/STM32G0xx_HAL_Driver/Src/stm32g0xx_hal_fdcan.c ****   assert_param(IS_FDCAN_MAX_VALUE(CounterStartValue, 0xFFU));
1502:Drivers/STM32G0xx_HAL_Driver/Src/stm32g0xx_hal_fdcan.c **** 
1503:Drivers/STM32G0xx_HAL_Driver/Src/stm32g0xx_hal_fdcan.c ****   if (hfdcan->State == HAL_FDCAN_STATE_READY)
1504:Drivers/STM32G0xx_HAL_Driver/Src/stm32g0xx_hal_fdcan.c ****   {
1505:Drivers/STM32G0xx_HAL_Driver/Src/stm32g0xx_hal_fdcan.c ****     /* Configure the RAM watchdog counter start value */
1506:Drivers/STM32G0xx_HAL_Driver/Src/stm32g0xx_hal_fdcan.c ****     MODIFY_REG(hfdcan->Instance->RWD, FDCAN_RWD_WDC, CounterStartValue);
1507:Drivers/STM32G0xx_HAL_Driver/Src/stm32g0xx_hal_fdcan.c **** 
1508:Drivers/STM32G0xx_HAL_Driver/Src/stm32g0xx_hal_fdcan.c ****     /* Return function status */
1509:Drivers/STM32G0xx_HAL_Driver/Src/stm32g0xx_hal_fdcan.c ****     return HAL_OK;
1510:Drivers/STM32G0xx_HAL_Driver/Src/stm32g0xx_hal_fdcan.c ****   }
1511:Drivers/STM32G0xx_HAL_Driver/Src/stm32g0xx_hal_fdcan.c ****   else
1512:Drivers/STM32G0xx_HAL_Driver/Src/stm32g0xx_hal_fdcan.c ****   {
1513:Drivers/STM32G0xx_HAL_Driver/Src/stm32g0xx_hal_fdcan.c ****     /* Update error code */
1514:Drivers/STM32G0xx_HAL_Driver/Src/stm32g0xx_hal_fdcan.c ****     hfdcan->ErrorCode |= HAL_FDCAN_ERROR_NOT_READY;
ARM GAS  C:\Users\sante\AppData\Local\Temp\cc59nu4g.s 			page 28


1515:Drivers/STM32G0xx_HAL_Driver/Src/stm32g0xx_hal_fdcan.c **** 
1516:Drivers/STM32G0xx_HAL_Driver/Src/stm32g0xx_hal_fdcan.c ****     return HAL_ERROR;
1517:Drivers/STM32G0xx_HAL_Driver/Src/stm32g0xx_hal_fdcan.c ****   }
1518:Drivers/STM32G0xx_HAL_Driver/Src/stm32g0xx_hal_fdcan.c **** }
1519:Drivers/STM32G0xx_HAL_Driver/Src/stm32g0xx_hal_fdcan.c **** 
1520:Drivers/STM32G0xx_HAL_Driver/Src/stm32g0xx_hal_fdcan.c **** /**
1521:Drivers/STM32G0xx_HAL_Driver/Src/stm32g0xx_hal_fdcan.c ****   * @brief  Configure the timestamp counter.
1522:Drivers/STM32G0xx_HAL_Driver/Src/stm32g0xx_hal_fdcan.c ****   * @param  hfdcan pointer to an FDCAN_HandleTypeDef structure that contains
1523:Drivers/STM32G0xx_HAL_Driver/Src/stm32g0xx_hal_fdcan.c ****   *         the configuration information for the specified FDCAN.
1524:Drivers/STM32G0xx_HAL_Driver/Src/stm32g0xx_hal_fdcan.c ****   * @param  TimestampPrescaler Timestamp Counter Prescaler.
1525:Drivers/STM32G0xx_HAL_Driver/Src/stm32g0xx_hal_fdcan.c ****   *         This parameter can be a value of @arg FDCAN_Timestamp_Prescaler.
1526:Drivers/STM32G0xx_HAL_Driver/Src/stm32g0xx_hal_fdcan.c ****   * @retval HAL status
1527:Drivers/STM32G0xx_HAL_Driver/Src/stm32g0xx_hal_fdcan.c ****   */
1528:Drivers/STM32G0xx_HAL_Driver/Src/stm32g0xx_hal_fdcan.c **** HAL_StatusTypeDef HAL_FDCAN_ConfigTimestampCounter(FDCAN_HandleTypeDef *hfdcan, uint32_t TimestampP
1529:Drivers/STM32G0xx_HAL_Driver/Src/stm32g0xx_hal_fdcan.c **** {
1530:Drivers/STM32G0xx_HAL_Driver/Src/stm32g0xx_hal_fdcan.c ****   /* Check function parameters */
1531:Drivers/STM32G0xx_HAL_Driver/Src/stm32g0xx_hal_fdcan.c ****   assert_param(IS_FDCAN_TIMESTAMP_PRESCALER(TimestampPrescaler));
1532:Drivers/STM32G0xx_HAL_Driver/Src/stm32g0xx_hal_fdcan.c **** 
1533:Drivers/STM32G0xx_HAL_Driver/Src/stm32g0xx_hal_fdcan.c ****   if (hfdcan->State == HAL_FDCAN_STATE_READY)
1534:Drivers/STM32G0xx_HAL_Driver/Src/stm32g0xx_hal_fdcan.c ****   {
1535:Drivers/STM32G0xx_HAL_Driver/Src/stm32g0xx_hal_fdcan.c ****     /* Configure prescaler */
1536:Drivers/STM32G0xx_HAL_Driver/Src/stm32g0xx_hal_fdcan.c ****     MODIFY_REG(hfdcan->Instance->TSCC, FDCAN_TSCC_TCP, TimestampPrescaler);
1537:Drivers/STM32G0xx_HAL_Driver/Src/stm32g0xx_hal_fdcan.c **** 
1538:Drivers/STM32G0xx_HAL_Driver/Src/stm32g0xx_hal_fdcan.c ****     /* Return function status */
1539:Drivers/STM32G0xx_HAL_Driver/Src/stm32g0xx_hal_fdcan.c ****     return HAL_OK;
1540:Drivers/STM32G0xx_HAL_Driver/Src/stm32g0xx_hal_fdcan.c ****   }
1541:Drivers/STM32G0xx_HAL_Driver/Src/stm32g0xx_hal_fdcan.c ****   else
1542:Drivers/STM32G0xx_HAL_Driver/Src/stm32g0xx_hal_fdcan.c ****   {
1543:Drivers/STM32G0xx_HAL_Driver/Src/stm32g0xx_hal_fdcan.c ****     /* Update error code */
1544:Drivers/STM32G0xx_HAL_Driver/Src/stm32g0xx_hal_fdcan.c ****     hfdcan->ErrorCode |= HAL_FDCAN_ERROR_NOT_READY;
1545:Drivers/STM32G0xx_HAL_Driver/Src/stm32g0xx_hal_fdcan.c **** 
1546:Drivers/STM32G0xx_HAL_Driver/Src/stm32g0xx_hal_fdcan.c ****     return HAL_ERROR;
1547:Drivers/STM32G0xx_HAL_Driver/Src/stm32g0xx_hal_fdcan.c ****   }
1548:Drivers/STM32G0xx_HAL_Driver/Src/stm32g0xx_hal_fdcan.c **** }
1549:Drivers/STM32G0xx_HAL_Driver/Src/stm32g0xx_hal_fdcan.c **** 
1550:Drivers/STM32G0xx_HAL_Driver/Src/stm32g0xx_hal_fdcan.c **** /**
1551:Drivers/STM32G0xx_HAL_Driver/Src/stm32g0xx_hal_fdcan.c ****   * @brief  Enable the timestamp counter.
1552:Drivers/STM32G0xx_HAL_Driver/Src/stm32g0xx_hal_fdcan.c ****   * @param  hfdcan pointer to an FDCAN_HandleTypeDef structure that contains
1553:Drivers/STM32G0xx_HAL_Driver/Src/stm32g0xx_hal_fdcan.c ****   *         the configuration information for the specified FDCAN.
1554:Drivers/STM32G0xx_HAL_Driver/Src/stm32g0xx_hal_fdcan.c ****   * @param  TimestampOperation Timestamp counter operation.
1555:Drivers/STM32G0xx_HAL_Driver/Src/stm32g0xx_hal_fdcan.c ****   *         This parameter can be a value of @arg FDCAN_Timestamp.
1556:Drivers/STM32G0xx_HAL_Driver/Src/stm32g0xx_hal_fdcan.c ****   * @retval HAL status
1557:Drivers/STM32G0xx_HAL_Driver/Src/stm32g0xx_hal_fdcan.c ****   */
1558:Drivers/STM32G0xx_HAL_Driver/Src/stm32g0xx_hal_fdcan.c **** HAL_StatusTypeDef HAL_FDCAN_EnableTimestampCounter(FDCAN_HandleTypeDef *hfdcan, uint32_t TimestampO
1559:Drivers/STM32G0xx_HAL_Driver/Src/stm32g0xx_hal_fdcan.c **** {
1560:Drivers/STM32G0xx_HAL_Driver/Src/stm32g0xx_hal_fdcan.c ****   /* Check function parameters */
1561:Drivers/STM32G0xx_HAL_Driver/Src/stm32g0xx_hal_fdcan.c ****   assert_param(IS_FDCAN_TIMESTAMP(TimestampOperation));
1562:Drivers/STM32G0xx_HAL_Driver/Src/stm32g0xx_hal_fdcan.c **** 
1563:Drivers/STM32G0xx_HAL_Driver/Src/stm32g0xx_hal_fdcan.c ****   if (hfdcan->State == HAL_FDCAN_STATE_READY)
1564:Drivers/STM32G0xx_HAL_Driver/Src/stm32g0xx_hal_fdcan.c ****   {
1565:Drivers/STM32G0xx_HAL_Driver/Src/stm32g0xx_hal_fdcan.c ****     /* Enable timestamp counter */
1566:Drivers/STM32G0xx_HAL_Driver/Src/stm32g0xx_hal_fdcan.c ****     MODIFY_REG(hfdcan->Instance->TSCC, FDCAN_TSCC_TSS, TimestampOperation);
1567:Drivers/STM32G0xx_HAL_Driver/Src/stm32g0xx_hal_fdcan.c **** 
1568:Drivers/STM32G0xx_HAL_Driver/Src/stm32g0xx_hal_fdcan.c ****     /* Return function status */
1569:Drivers/STM32G0xx_HAL_Driver/Src/stm32g0xx_hal_fdcan.c ****     return HAL_OK;
1570:Drivers/STM32G0xx_HAL_Driver/Src/stm32g0xx_hal_fdcan.c ****   }
1571:Drivers/STM32G0xx_HAL_Driver/Src/stm32g0xx_hal_fdcan.c ****   else
ARM GAS  C:\Users\sante\AppData\Local\Temp\cc59nu4g.s 			page 29


1572:Drivers/STM32G0xx_HAL_Driver/Src/stm32g0xx_hal_fdcan.c ****   {
1573:Drivers/STM32G0xx_HAL_Driver/Src/stm32g0xx_hal_fdcan.c ****     /* Update error code */
1574:Drivers/STM32G0xx_HAL_Driver/Src/stm32g0xx_hal_fdcan.c ****     hfdcan->ErrorCode |= HAL_FDCAN_ERROR_NOT_READY;
1575:Drivers/STM32G0xx_HAL_Driver/Src/stm32g0xx_hal_fdcan.c **** 
1576:Drivers/STM32G0xx_HAL_Driver/Src/stm32g0xx_hal_fdcan.c ****     return HAL_ERROR;
1577:Drivers/STM32G0xx_HAL_Driver/Src/stm32g0xx_hal_fdcan.c ****   }
1578:Drivers/STM32G0xx_HAL_Driver/Src/stm32g0xx_hal_fdcan.c **** }
1579:Drivers/STM32G0xx_HAL_Driver/Src/stm32g0xx_hal_fdcan.c **** 
1580:Drivers/STM32G0xx_HAL_Driver/Src/stm32g0xx_hal_fdcan.c **** /**
1581:Drivers/STM32G0xx_HAL_Driver/Src/stm32g0xx_hal_fdcan.c ****   * @brief  Disable the timestamp counter.
1582:Drivers/STM32G0xx_HAL_Driver/Src/stm32g0xx_hal_fdcan.c ****   * @param  hfdcan pointer to an FDCAN_HandleTypeDef structure that contains
1583:Drivers/STM32G0xx_HAL_Driver/Src/stm32g0xx_hal_fdcan.c ****   *         the configuration information for the specified FDCAN.
1584:Drivers/STM32G0xx_HAL_Driver/Src/stm32g0xx_hal_fdcan.c ****   * @retval HAL status
1585:Drivers/STM32G0xx_HAL_Driver/Src/stm32g0xx_hal_fdcan.c ****   */
1586:Drivers/STM32G0xx_HAL_Driver/Src/stm32g0xx_hal_fdcan.c **** HAL_StatusTypeDef HAL_FDCAN_DisableTimestampCounter(FDCAN_HandleTypeDef *hfdcan)
1587:Drivers/STM32G0xx_HAL_Driver/Src/stm32g0xx_hal_fdcan.c **** {
1588:Drivers/STM32G0xx_HAL_Driver/Src/stm32g0xx_hal_fdcan.c ****   if (hfdcan->State == HAL_FDCAN_STATE_READY)
1589:Drivers/STM32G0xx_HAL_Driver/Src/stm32g0xx_hal_fdcan.c ****   {
1590:Drivers/STM32G0xx_HAL_Driver/Src/stm32g0xx_hal_fdcan.c ****     /* Disable timestamp counter */
1591:Drivers/STM32G0xx_HAL_Driver/Src/stm32g0xx_hal_fdcan.c ****     CLEAR_BIT(hfdcan->Instance->TSCC, FDCAN_TSCC_TSS);
1592:Drivers/STM32G0xx_HAL_Driver/Src/stm32g0xx_hal_fdcan.c **** 
1593:Drivers/STM32G0xx_HAL_Driver/Src/stm32g0xx_hal_fdcan.c ****     /* Return function status */
1594:Drivers/STM32G0xx_HAL_Driver/Src/stm32g0xx_hal_fdcan.c ****     return HAL_OK;
1595:Drivers/STM32G0xx_HAL_Driver/Src/stm32g0xx_hal_fdcan.c ****   }
1596:Drivers/STM32G0xx_HAL_Driver/Src/stm32g0xx_hal_fdcan.c ****   else
1597:Drivers/STM32G0xx_HAL_Driver/Src/stm32g0xx_hal_fdcan.c ****   {
1598:Drivers/STM32G0xx_HAL_Driver/Src/stm32g0xx_hal_fdcan.c ****     /* Update error code */
1599:Drivers/STM32G0xx_HAL_Driver/Src/stm32g0xx_hal_fdcan.c ****     hfdcan->ErrorCode |= HAL_FDCAN_ERROR_NOT_READY;
1600:Drivers/STM32G0xx_HAL_Driver/Src/stm32g0xx_hal_fdcan.c **** 
1601:Drivers/STM32G0xx_HAL_Driver/Src/stm32g0xx_hal_fdcan.c ****     return HAL_ERROR;
1602:Drivers/STM32G0xx_HAL_Driver/Src/stm32g0xx_hal_fdcan.c ****   }
1603:Drivers/STM32G0xx_HAL_Driver/Src/stm32g0xx_hal_fdcan.c **** }
1604:Drivers/STM32G0xx_HAL_Driver/Src/stm32g0xx_hal_fdcan.c **** 
1605:Drivers/STM32G0xx_HAL_Driver/Src/stm32g0xx_hal_fdcan.c **** /**
1606:Drivers/STM32G0xx_HAL_Driver/Src/stm32g0xx_hal_fdcan.c ****   * @brief  Get the timestamp counter value.
1607:Drivers/STM32G0xx_HAL_Driver/Src/stm32g0xx_hal_fdcan.c ****   * @param  hfdcan pointer to an FDCAN_HandleTypeDef structure that contains
1608:Drivers/STM32G0xx_HAL_Driver/Src/stm32g0xx_hal_fdcan.c ****   *         the configuration information for the specified FDCAN.
1609:Drivers/STM32G0xx_HAL_Driver/Src/stm32g0xx_hal_fdcan.c ****   * @retval Timestamp counter value
1610:Drivers/STM32G0xx_HAL_Driver/Src/stm32g0xx_hal_fdcan.c ****   */
1611:Drivers/STM32G0xx_HAL_Driver/Src/stm32g0xx_hal_fdcan.c **** uint16_t HAL_FDCAN_GetTimestampCounter(const FDCAN_HandleTypeDef *hfdcan)
1612:Drivers/STM32G0xx_HAL_Driver/Src/stm32g0xx_hal_fdcan.c **** {
1613:Drivers/STM32G0xx_HAL_Driver/Src/stm32g0xx_hal_fdcan.c ****   return (uint16_t)(hfdcan->Instance->TSCV);
1614:Drivers/STM32G0xx_HAL_Driver/Src/stm32g0xx_hal_fdcan.c **** }
1615:Drivers/STM32G0xx_HAL_Driver/Src/stm32g0xx_hal_fdcan.c **** 
1616:Drivers/STM32G0xx_HAL_Driver/Src/stm32g0xx_hal_fdcan.c **** /**
1617:Drivers/STM32G0xx_HAL_Driver/Src/stm32g0xx_hal_fdcan.c ****   * @brief  Reset the timestamp counter to zero.
1618:Drivers/STM32G0xx_HAL_Driver/Src/stm32g0xx_hal_fdcan.c ****   * @param  hfdcan pointer to an FDCAN_HandleTypeDef structure that contains
1619:Drivers/STM32G0xx_HAL_Driver/Src/stm32g0xx_hal_fdcan.c ****   *         the configuration information for the specified FDCAN.
1620:Drivers/STM32G0xx_HAL_Driver/Src/stm32g0xx_hal_fdcan.c ****   * @retval HAL status
1621:Drivers/STM32G0xx_HAL_Driver/Src/stm32g0xx_hal_fdcan.c ****   */
1622:Drivers/STM32G0xx_HAL_Driver/Src/stm32g0xx_hal_fdcan.c **** HAL_StatusTypeDef HAL_FDCAN_ResetTimestampCounter(FDCAN_HandleTypeDef *hfdcan)
1623:Drivers/STM32G0xx_HAL_Driver/Src/stm32g0xx_hal_fdcan.c **** {
1624:Drivers/STM32G0xx_HAL_Driver/Src/stm32g0xx_hal_fdcan.c ****   if ((hfdcan->Instance->TSCC & FDCAN_TSCC_TSS) != FDCAN_TIMESTAMP_EXTERNAL)
1625:Drivers/STM32G0xx_HAL_Driver/Src/stm32g0xx_hal_fdcan.c ****   {
1626:Drivers/STM32G0xx_HAL_Driver/Src/stm32g0xx_hal_fdcan.c ****     /* Reset timestamp counter.
1627:Drivers/STM32G0xx_HAL_Driver/Src/stm32g0xx_hal_fdcan.c ****        Actually any write operation to TSCV clears the counter */
1628:Drivers/STM32G0xx_HAL_Driver/Src/stm32g0xx_hal_fdcan.c ****     CLEAR_REG(hfdcan->Instance->TSCV);
ARM GAS  C:\Users\sante\AppData\Local\Temp\cc59nu4g.s 			page 30


1629:Drivers/STM32G0xx_HAL_Driver/Src/stm32g0xx_hal_fdcan.c ****   }
1630:Drivers/STM32G0xx_HAL_Driver/Src/stm32g0xx_hal_fdcan.c ****   else
1631:Drivers/STM32G0xx_HAL_Driver/Src/stm32g0xx_hal_fdcan.c ****   {
1632:Drivers/STM32G0xx_HAL_Driver/Src/stm32g0xx_hal_fdcan.c ****     /* Update error code.
1633:Drivers/STM32G0xx_HAL_Driver/Src/stm32g0xx_hal_fdcan.c ****        Unable to reset external counter */
1634:Drivers/STM32G0xx_HAL_Driver/Src/stm32g0xx_hal_fdcan.c ****     hfdcan->ErrorCode |= HAL_FDCAN_ERROR_NOT_SUPPORTED;
1635:Drivers/STM32G0xx_HAL_Driver/Src/stm32g0xx_hal_fdcan.c **** 
1636:Drivers/STM32G0xx_HAL_Driver/Src/stm32g0xx_hal_fdcan.c ****     return HAL_ERROR;
1637:Drivers/STM32G0xx_HAL_Driver/Src/stm32g0xx_hal_fdcan.c ****   }
1638:Drivers/STM32G0xx_HAL_Driver/Src/stm32g0xx_hal_fdcan.c **** 
1639:Drivers/STM32G0xx_HAL_Driver/Src/stm32g0xx_hal_fdcan.c ****   /* Return function status */
1640:Drivers/STM32G0xx_HAL_Driver/Src/stm32g0xx_hal_fdcan.c ****   return HAL_OK;
1641:Drivers/STM32G0xx_HAL_Driver/Src/stm32g0xx_hal_fdcan.c **** }
1642:Drivers/STM32G0xx_HAL_Driver/Src/stm32g0xx_hal_fdcan.c **** 
1643:Drivers/STM32G0xx_HAL_Driver/Src/stm32g0xx_hal_fdcan.c **** /**
1644:Drivers/STM32G0xx_HAL_Driver/Src/stm32g0xx_hal_fdcan.c ****   * @brief  Configure the timeout counter.
1645:Drivers/STM32G0xx_HAL_Driver/Src/stm32g0xx_hal_fdcan.c ****   * @param  hfdcan pointer to an FDCAN_HandleTypeDef structure that contains
1646:Drivers/STM32G0xx_HAL_Driver/Src/stm32g0xx_hal_fdcan.c ****   *         the configuration information for the specified FDCAN.
1647:Drivers/STM32G0xx_HAL_Driver/Src/stm32g0xx_hal_fdcan.c ****   * @param  TimeoutOperation Timeout counter operation.
1648:Drivers/STM32G0xx_HAL_Driver/Src/stm32g0xx_hal_fdcan.c ****   *         This parameter can be a value of @arg FDCAN_Timeout_Operation.
1649:Drivers/STM32G0xx_HAL_Driver/Src/stm32g0xx_hal_fdcan.c ****   * @param  TimeoutPeriod Start value of the timeout down-counter.
1650:Drivers/STM32G0xx_HAL_Driver/Src/stm32g0xx_hal_fdcan.c ****   *         This parameter must be a number between 0x0000 and 0xFFFF
1651:Drivers/STM32G0xx_HAL_Driver/Src/stm32g0xx_hal_fdcan.c ****   * @retval HAL status
1652:Drivers/STM32G0xx_HAL_Driver/Src/stm32g0xx_hal_fdcan.c ****   */
1653:Drivers/STM32G0xx_HAL_Driver/Src/stm32g0xx_hal_fdcan.c **** HAL_StatusTypeDef HAL_FDCAN_ConfigTimeoutCounter(FDCAN_HandleTypeDef *hfdcan, uint32_t TimeoutOpera
1654:Drivers/STM32G0xx_HAL_Driver/Src/stm32g0xx_hal_fdcan.c ****                                                  uint32_t TimeoutPeriod)
1655:Drivers/STM32G0xx_HAL_Driver/Src/stm32g0xx_hal_fdcan.c **** {
1656:Drivers/STM32G0xx_HAL_Driver/Src/stm32g0xx_hal_fdcan.c ****   /* Check function parameters */
1657:Drivers/STM32G0xx_HAL_Driver/Src/stm32g0xx_hal_fdcan.c ****   assert_param(IS_FDCAN_TIMEOUT(TimeoutOperation));
1658:Drivers/STM32G0xx_HAL_Driver/Src/stm32g0xx_hal_fdcan.c ****   assert_param(IS_FDCAN_MAX_VALUE(TimeoutPeriod, 0xFFFFU));
1659:Drivers/STM32G0xx_HAL_Driver/Src/stm32g0xx_hal_fdcan.c **** 
1660:Drivers/STM32G0xx_HAL_Driver/Src/stm32g0xx_hal_fdcan.c ****   if (hfdcan->State == HAL_FDCAN_STATE_READY)
1661:Drivers/STM32G0xx_HAL_Driver/Src/stm32g0xx_hal_fdcan.c ****   {
1662:Drivers/STM32G0xx_HAL_Driver/Src/stm32g0xx_hal_fdcan.c ****     /* Select timeout operation and configure period */
1663:Drivers/STM32G0xx_HAL_Driver/Src/stm32g0xx_hal_fdcan.c ****     MODIFY_REG(hfdcan->Instance->TOCC,
1664:Drivers/STM32G0xx_HAL_Driver/Src/stm32g0xx_hal_fdcan.c ****                (FDCAN_TOCC_TOS | FDCAN_TOCC_TOP), (TimeoutOperation | (TimeoutPeriod << FDCAN_TOCC_
1665:Drivers/STM32G0xx_HAL_Driver/Src/stm32g0xx_hal_fdcan.c **** 
1666:Drivers/STM32G0xx_HAL_Driver/Src/stm32g0xx_hal_fdcan.c ****     /* Return function status */
1667:Drivers/STM32G0xx_HAL_Driver/Src/stm32g0xx_hal_fdcan.c ****     return HAL_OK;
1668:Drivers/STM32G0xx_HAL_Driver/Src/stm32g0xx_hal_fdcan.c ****   }
1669:Drivers/STM32G0xx_HAL_Driver/Src/stm32g0xx_hal_fdcan.c ****   else
1670:Drivers/STM32G0xx_HAL_Driver/Src/stm32g0xx_hal_fdcan.c ****   {
1671:Drivers/STM32G0xx_HAL_Driver/Src/stm32g0xx_hal_fdcan.c ****     /* Update error code */
1672:Drivers/STM32G0xx_HAL_Driver/Src/stm32g0xx_hal_fdcan.c ****     hfdcan->ErrorCode |= HAL_FDCAN_ERROR_NOT_READY;
1673:Drivers/STM32G0xx_HAL_Driver/Src/stm32g0xx_hal_fdcan.c **** 
1674:Drivers/STM32G0xx_HAL_Driver/Src/stm32g0xx_hal_fdcan.c ****     return HAL_ERROR;
1675:Drivers/STM32G0xx_HAL_Driver/Src/stm32g0xx_hal_fdcan.c ****   }
1676:Drivers/STM32G0xx_HAL_Driver/Src/stm32g0xx_hal_fdcan.c **** }
1677:Drivers/STM32G0xx_HAL_Driver/Src/stm32g0xx_hal_fdcan.c **** 
1678:Drivers/STM32G0xx_HAL_Driver/Src/stm32g0xx_hal_fdcan.c **** /**
1679:Drivers/STM32G0xx_HAL_Driver/Src/stm32g0xx_hal_fdcan.c ****   * @brief  Enable the timeout counter.
1680:Drivers/STM32G0xx_HAL_Driver/Src/stm32g0xx_hal_fdcan.c ****   * @param  hfdcan pointer to an FDCAN_HandleTypeDef structure that contains
1681:Drivers/STM32G0xx_HAL_Driver/Src/stm32g0xx_hal_fdcan.c ****   *         the configuration information for the specified FDCAN.
1682:Drivers/STM32G0xx_HAL_Driver/Src/stm32g0xx_hal_fdcan.c ****   * @retval HAL status
1683:Drivers/STM32G0xx_HAL_Driver/Src/stm32g0xx_hal_fdcan.c ****   */
1684:Drivers/STM32G0xx_HAL_Driver/Src/stm32g0xx_hal_fdcan.c **** HAL_StatusTypeDef HAL_FDCAN_EnableTimeoutCounter(FDCAN_HandleTypeDef *hfdcan)
1685:Drivers/STM32G0xx_HAL_Driver/Src/stm32g0xx_hal_fdcan.c **** {
ARM GAS  C:\Users\sante\AppData\Local\Temp\cc59nu4g.s 			page 31


1686:Drivers/STM32G0xx_HAL_Driver/Src/stm32g0xx_hal_fdcan.c ****   if (hfdcan->State == HAL_FDCAN_STATE_READY)
1687:Drivers/STM32G0xx_HAL_Driver/Src/stm32g0xx_hal_fdcan.c ****   {
1688:Drivers/STM32G0xx_HAL_Driver/Src/stm32g0xx_hal_fdcan.c ****     /* Enable timeout counter */
1689:Drivers/STM32G0xx_HAL_Driver/Src/stm32g0xx_hal_fdcan.c ****     SET_BIT(hfdcan->Instance->TOCC, FDCAN_TOCC_ETOC);
1690:Drivers/STM32G0xx_HAL_Driver/Src/stm32g0xx_hal_fdcan.c **** 
1691:Drivers/STM32G0xx_HAL_Driver/Src/stm32g0xx_hal_fdcan.c ****     /* Return function status */
1692:Drivers/STM32G0xx_HAL_Driver/Src/stm32g0xx_hal_fdcan.c ****     return HAL_OK;
1693:Drivers/STM32G0xx_HAL_Driver/Src/stm32g0xx_hal_fdcan.c ****   }
1694:Drivers/STM32G0xx_HAL_Driver/Src/stm32g0xx_hal_fdcan.c ****   else
1695:Drivers/STM32G0xx_HAL_Driver/Src/stm32g0xx_hal_fdcan.c ****   {
1696:Drivers/STM32G0xx_HAL_Driver/Src/stm32g0xx_hal_fdcan.c ****     /* Update error code */
1697:Drivers/STM32G0xx_HAL_Driver/Src/stm32g0xx_hal_fdcan.c ****     hfdcan->ErrorCode |= HAL_FDCAN_ERROR_NOT_READY;
1698:Drivers/STM32G0xx_HAL_Driver/Src/stm32g0xx_hal_fdcan.c **** 
1699:Drivers/STM32G0xx_HAL_Driver/Src/stm32g0xx_hal_fdcan.c ****     return HAL_ERROR;
1700:Drivers/STM32G0xx_HAL_Driver/Src/stm32g0xx_hal_fdcan.c ****   }
1701:Drivers/STM32G0xx_HAL_Driver/Src/stm32g0xx_hal_fdcan.c **** }
1702:Drivers/STM32G0xx_HAL_Driver/Src/stm32g0xx_hal_fdcan.c **** 
1703:Drivers/STM32G0xx_HAL_Driver/Src/stm32g0xx_hal_fdcan.c **** /**
1704:Drivers/STM32G0xx_HAL_Driver/Src/stm32g0xx_hal_fdcan.c ****   * @brief  Disable the timeout counter.
1705:Drivers/STM32G0xx_HAL_Driver/Src/stm32g0xx_hal_fdcan.c ****   * @param  hfdcan pointer to an FDCAN_HandleTypeDef structure that contains
1706:Drivers/STM32G0xx_HAL_Driver/Src/stm32g0xx_hal_fdcan.c ****   *         the configuration information for the specified FDCAN.
1707:Drivers/STM32G0xx_HAL_Driver/Src/stm32g0xx_hal_fdcan.c ****   * @retval HAL status
1708:Drivers/STM32G0xx_HAL_Driver/Src/stm32g0xx_hal_fdcan.c ****   */
1709:Drivers/STM32G0xx_HAL_Driver/Src/stm32g0xx_hal_fdcan.c **** HAL_StatusTypeDef HAL_FDCAN_DisableTimeoutCounter(FDCAN_HandleTypeDef *hfdcan)
1710:Drivers/STM32G0xx_HAL_Driver/Src/stm32g0xx_hal_fdcan.c **** {
1711:Drivers/STM32G0xx_HAL_Driver/Src/stm32g0xx_hal_fdcan.c ****   if (hfdcan->State == HAL_FDCAN_STATE_READY)
1712:Drivers/STM32G0xx_HAL_Driver/Src/stm32g0xx_hal_fdcan.c ****   {
1713:Drivers/STM32G0xx_HAL_Driver/Src/stm32g0xx_hal_fdcan.c ****     /* Disable timeout counter */
1714:Drivers/STM32G0xx_HAL_Driver/Src/stm32g0xx_hal_fdcan.c ****     CLEAR_BIT(hfdcan->Instance->TOCC, FDCAN_TOCC_ETOC);
1715:Drivers/STM32G0xx_HAL_Driver/Src/stm32g0xx_hal_fdcan.c **** 
1716:Drivers/STM32G0xx_HAL_Driver/Src/stm32g0xx_hal_fdcan.c ****     /* Return function status */
1717:Drivers/STM32G0xx_HAL_Driver/Src/stm32g0xx_hal_fdcan.c ****     return HAL_OK;
1718:Drivers/STM32G0xx_HAL_Driver/Src/stm32g0xx_hal_fdcan.c ****   }
1719:Drivers/STM32G0xx_HAL_Driver/Src/stm32g0xx_hal_fdcan.c ****   else
1720:Drivers/STM32G0xx_HAL_Driver/Src/stm32g0xx_hal_fdcan.c ****   {
1721:Drivers/STM32G0xx_HAL_Driver/Src/stm32g0xx_hal_fdcan.c ****     /* Update error code */
1722:Drivers/STM32G0xx_HAL_Driver/Src/stm32g0xx_hal_fdcan.c ****     hfdcan->ErrorCode |= HAL_FDCAN_ERROR_NOT_READY;
1723:Drivers/STM32G0xx_HAL_Driver/Src/stm32g0xx_hal_fdcan.c **** 
1724:Drivers/STM32G0xx_HAL_Driver/Src/stm32g0xx_hal_fdcan.c ****     return HAL_ERROR;
1725:Drivers/STM32G0xx_HAL_Driver/Src/stm32g0xx_hal_fdcan.c ****   }
1726:Drivers/STM32G0xx_HAL_Driver/Src/stm32g0xx_hal_fdcan.c **** }
1727:Drivers/STM32G0xx_HAL_Driver/Src/stm32g0xx_hal_fdcan.c **** 
1728:Drivers/STM32G0xx_HAL_Driver/Src/stm32g0xx_hal_fdcan.c **** /**
1729:Drivers/STM32G0xx_HAL_Driver/Src/stm32g0xx_hal_fdcan.c ****   * @brief  Get the timeout counter value.
1730:Drivers/STM32G0xx_HAL_Driver/Src/stm32g0xx_hal_fdcan.c ****   * @param  hfdcan pointer to an FDCAN_HandleTypeDef structure that contains
1731:Drivers/STM32G0xx_HAL_Driver/Src/stm32g0xx_hal_fdcan.c ****   *         the configuration information for the specified FDCAN.
1732:Drivers/STM32G0xx_HAL_Driver/Src/stm32g0xx_hal_fdcan.c ****   * @retval Timeout counter value
1733:Drivers/STM32G0xx_HAL_Driver/Src/stm32g0xx_hal_fdcan.c ****   */
1734:Drivers/STM32G0xx_HAL_Driver/Src/stm32g0xx_hal_fdcan.c **** uint16_t HAL_FDCAN_GetTimeoutCounter(const FDCAN_HandleTypeDef *hfdcan)
1735:Drivers/STM32G0xx_HAL_Driver/Src/stm32g0xx_hal_fdcan.c **** {
1736:Drivers/STM32G0xx_HAL_Driver/Src/stm32g0xx_hal_fdcan.c ****   return (uint16_t)(hfdcan->Instance->TOCV);
1737:Drivers/STM32G0xx_HAL_Driver/Src/stm32g0xx_hal_fdcan.c **** }
1738:Drivers/STM32G0xx_HAL_Driver/Src/stm32g0xx_hal_fdcan.c **** 
1739:Drivers/STM32G0xx_HAL_Driver/Src/stm32g0xx_hal_fdcan.c **** /**
1740:Drivers/STM32G0xx_HAL_Driver/Src/stm32g0xx_hal_fdcan.c ****   * @brief  Reset the timeout counter to its start value.
1741:Drivers/STM32G0xx_HAL_Driver/Src/stm32g0xx_hal_fdcan.c ****   * @param  hfdcan pointer to an FDCAN_HandleTypeDef structure that contains
1742:Drivers/STM32G0xx_HAL_Driver/Src/stm32g0xx_hal_fdcan.c ****   *         the configuration information for the specified FDCAN.
ARM GAS  C:\Users\sante\AppData\Local\Temp\cc59nu4g.s 			page 32


1743:Drivers/STM32G0xx_HAL_Driver/Src/stm32g0xx_hal_fdcan.c ****   * @retval HAL status
1744:Drivers/STM32G0xx_HAL_Driver/Src/stm32g0xx_hal_fdcan.c ****   */
1745:Drivers/STM32G0xx_HAL_Driver/Src/stm32g0xx_hal_fdcan.c **** HAL_StatusTypeDef HAL_FDCAN_ResetTimeoutCounter(FDCAN_HandleTypeDef *hfdcan)
1746:Drivers/STM32G0xx_HAL_Driver/Src/stm32g0xx_hal_fdcan.c **** {
1747:Drivers/STM32G0xx_HAL_Driver/Src/stm32g0xx_hal_fdcan.c ****   if ((hfdcan->Instance->TOCC & FDCAN_TOCC_TOS) == FDCAN_TIMEOUT_CONTINUOUS)
1748:Drivers/STM32G0xx_HAL_Driver/Src/stm32g0xx_hal_fdcan.c ****   {
1749:Drivers/STM32G0xx_HAL_Driver/Src/stm32g0xx_hal_fdcan.c ****     /* Reset timeout counter to start value */
1750:Drivers/STM32G0xx_HAL_Driver/Src/stm32g0xx_hal_fdcan.c ****     CLEAR_REG(hfdcan->Instance->TOCV);
1751:Drivers/STM32G0xx_HAL_Driver/Src/stm32g0xx_hal_fdcan.c **** 
1752:Drivers/STM32G0xx_HAL_Driver/Src/stm32g0xx_hal_fdcan.c ****     /* Return function status */
1753:Drivers/STM32G0xx_HAL_Driver/Src/stm32g0xx_hal_fdcan.c ****     return HAL_OK;
1754:Drivers/STM32G0xx_HAL_Driver/Src/stm32g0xx_hal_fdcan.c ****   }
1755:Drivers/STM32G0xx_HAL_Driver/Src/stm32g0xx_hal_fdcan.c ****   else
1756:Drivers/STM32G0xx_HAL_Driver/Src/stm32g0xx_hal_fdcan.c ****   {
1757:Drivers/STM32G0xx_HAL_Driver/Src/stm32g0xx_hal_fdcan.c ****     /* Update error code.
1758:Drivers/STM32G0xx_HAL_Driver/Src/stm32g0xx_hal_fdcan.c ****        Unable to reset counter: controlled only by FIFO empty state */
1759:Drivers/STM32G0xx_HAL_Driver/Src/stm32g0xx_hal_fdcan.c ****     hfdcan->ErrorCode |= HAL_FDCAN_ERROR_NOT_SUPPORTED;
1760:Drivers/STM32G0xx_HAL_Driver/Src/stm32g0xx_hal_fdcan.c **** 
1761:Drivers/STM32G0xx_HAL_Driver/Src/stm32g0xx_hal_fdcan.c ****     return HAL_ERROR;
1762:Drivers/STM32G0xx_HAL_Driver/Src/stm32g0xx_hal_fdcan.c ****   }
1763:Drivers/STM32G0xx_HAL_Driver/Src/stm32g0xx_hal_fdcan.c **** }
1764:Drivers/STM32G0xx_HAL_Driver/Src/stm32g0xx_hal_fdcan.c **** 
1765:Drivers/STM32G0xx_HAL_Driver/Src/stm32g0xx_hal_fdcan.c **** /**
1766:Drivers/STM32G0xx_HAL_Driver/Src/stm32g0xx_hal_fdcan.c ****   * @brief  Configure the transmitter delay compensation.
1767:Drivers/STM32G0xx_HAL_Driver/Src/stm32g0xx_hal_fdcan.c ****   * @param  hfdcan pointer to an FDCAN_HandleTypeDef structure that contains
1768:Drivers/STM32G0xx_HAL_Driver/Src/stm32g0xx_hal_fdcan.c ****   *         the configuration information for the specified FDCAN.
1769:Drivers/STM32G0xx_HAL_Driver/Src/stm32g0xx_hal_fdcan.c ****   * @param  TdcOffset Transmitter Delay Compensation Offset.
1770:Drivers/STM32G0xx_HAL_Driver/Src/stm32g0xx_hal_fdcan.c ****   *         This parameter must be a number between 0x00 and 0x7F.
1771:Drivers/STM32G0xx_HAL_Driver/Src/stm32g0xx_hal_fdcan.c ****   * @param  TdcFilter Transmitter Delay Compensation Filter Window Length.
1772:Drivers/STM32G0xx_HAL_Driver/Src/stm32g0xx_hal_fdcan.c ****   *         This parameter must be a number between 0x00 and 0x7F.
1773:Drivers/STM32G0xx_HAL_Driver/Src/stm32g0xx_hal_fdcan.c ****   * @retval HAL status
1774:Drivers/STM32G0xx_HAL_Driver/Src/stm32g0xx_hal_fdcan.c ****   */
1775:Drivers/STM32G0xx_HAL_Driver/Src/stm32g0xx_hal_fdcan.c **** HAL_StatusTypeDef HAL_FDCAN_ConfigTxDelayCompensation(FDCAN_HandleTypeDef *hfdcan, uint32_t TdcOffs
1776:Drivers/STM32G0xx_HAL_Driver/Src/stm32g0xx_hal_fdcan.c ****                                                       uint32_t TdcFilter)
1777:Drivers/STM32G0xx_HAL_Driver/Src/stm32g0xx_hal_fdcan.c **** {
1778:Drivers/STM32G0xx_HAL_Driver/Src/stm32g0xx_hal_fdcan.c ****   /* Check function parameters */
1779:Drivers/STM32G0xx_HAL_Driver/Src/stm32g0xx_hal_fdcan.c ****   assert_param(IS_FDCAN_MAX_VALUE(TdcOffset, 0x7FU));
1780:Drivers/STM32G0xx_HAL_Driver/Src/stm32g0xx_hal_fdcan.c ****   assert_param(IS_FDCAN_MAX_VALUE(TdcFilter, 0x7FU));
1781:Drivers/STM32G0xx_HAL_Driver/Src/stm32g0xx_hal_fdcan.c **** 
1782:Drivers/STM32G0xx_HAL_Driver/Src/stm32g0xx_hal_fdcan.c ****   if (hfdcan->State == HAL_FDCAN_STATE_READY)
1783:Drivers/STM32G0xx_HAL_Driver/Src/stm32g0xx_hal_fdcan.c ****   {
1784:Drivers/STM32G0xx_HAL_Driver/Src/stm32g0xx_hal_fdcan.c ****     /* Configure TDC offset and filter window */
1785:Drivers/STM32G0xx_HAL_Driver/Src/stm32g0xx_hal_fdcan.c ****     hfdcan->Instance->TDCR = ((TdcFilter << FDCAN_TDCR_TDCF_Pos) | (TdcOffset << FDCAN_TDCR_TDCO_Po
1786:Drivers/STM32G0xx_HAL_Driver/Src/stm32g0xx_hal_fdcan.c **** 
1787:Drivers/STM32G0xx_HAL_Driver/Src/stm32g0xx_hal_fdcan.c ****     /* Return function status */
1788:Drivers/STM32G0xx_HAL_Driver/Src/stm32g0xx_hal_fdcan.c ****     return HAL_OK;
1789:Drivers/STM32G0xx_HAL_Driver/Src/stm32g0xx_hal_fdcan.c ****   }
1790:Drivers/STM32G0xx_HAL_Driver/Src/stm32g0xx_hal_fdcan.c ****   else
1791:Drivers/STM32G0xx_HAL_Driver/Src/stm32g0xx_hal_fdcan.c ****   {
1792:Drivers/STM32G0xx_HAL_Driver/Src/stm32g0xx_hal_fdcan.c ****     /* Update error code */
1793:Drivers/STM32G0xx_HAL_Driver/Src/stm32g0xx_hal_fdcan.c ****     hfdcan->ErrorCode |= HAL_FDCAN_ERROR_NOT_READY;
1794:Drivers/STM32G0xx_HAL_Driver/Src/stm32g0xx_hal_fdcan.c **** 
1795:Drivers/STM32G0xx_HAL_Driver/Src/stm32g0xx_hal_fdcan.c ****     return HAL_ERROR;
1796:Drivers/STM32G0xx_HAL_Driver/Src/stm32g0xx_hal_fdcan.c ****   }
1797:Drivers/STM32G0xx_HAL_Driver/Src/stm32g0xx_hal_fdcan.c **** }
1798:Drivers/STM32G0xx_HAL_Driver/Src/stm32g0xx_hal_fdcan.c **** 
1799:Drivers/STM32G0xx_HAL_Driver/Src/stm32g0xx_hal_fdcan.c **** /**
ARM GAS  C:\Users\sante\AppData\Local\Temp\cc59nu4g.s 			page 33


1800:Drivers/STM32G0xx_HAL_Driver/Src/stm32g0xx_hal_fdcan.c ****   * @brief  Enable the transmitter delay compensation.
1801:Drivers/STM32G0xx_HAL_Driver/Src/stm32g0xx_hal_fdcan.c ****   * @param  hfdcan pointer to an FDCAN_HandleTypeDef structure that contains
1802:Drivers/STM32G0xx_HAL_Driver/Src/stm32g0xx_hal_fdcan.c ****   *         the configuration information for the specified FDCAN.
1803:Drivers/STM32G0xx_HAL_Driver/Src/stm32g0xx_hal_fdcan.c ****   * @retval HAL status
1804:Drivers/STM32G0xx_HAL_Driver/Src/stm32g0xx_hal_fdcan.c ****   */
1805:Drivers/STM32G0xx_HAL_Driver/Src/stm32g0xx_hal_fdcan.c **** HAL_StatusTypeDef HAL_FDCAN_EnableTxDelayCompensation(FDCAN_HandleTypeDef *hfdcan)
1806:Drivers/STM32G0xx_HAL_Driver/Src/stm32g0xx_hal_fdcan.c **** {
1807:Drivers/STM32G0xx_HAL_Driver/Src/stm32g0xx_hal_fdcan.c ****   if (hfdcan->State == HAL_FDCAN_STATE_READY)
1808:Drivers/STM32G0xx_HAL_Driver/Src/stm32g0xx_hal_fdcan.c ****   {
1809:Drivers/STM32G0xx_HAL_Driver/Src/stm32g0xx_hal_fdcan.c ****     /* Enable transmitter delay compensation */
1810:Drivers/STM32G0xx_HAL_Driver/Src/stm32g0xx_hal_fdcan.c ****     SET_BIT(hfdcan->Instance->DBTP, FDCAN_DBTP_TDC);
1811:Drivers/STM32G0xx_HAL_Driver/Src/stm32g0xx_hal_fdcan.c **** 
1812:Drivers/STM32G0xx_HAL_Driver/Src/stm32g0xx_hal_fdcan.c ****     /* Return function status */
1813:Drivers/STM32G0xx_HAL_Driver/Src/stm32g0xx_hal_fdcan.c ****     return HAL_OK;
1814:Drivers/STM32G0xx_HAL_Driver/Src/stm32g0xx_hal_fdcan.c ****   }
1815:Drivers/STM32G0xx_HAL_Driver/Src/stm32g0xx_hal_fdcan.c ****   else
1816:Drivers/STM32G0xx_HAL_Driver/Src/stm32g0xx_hal_fdcan.c ****   {
1817:Drivers/STM32G0xx_HAL_Driver/Src/stm32g0xx_hal_fdcan.c ****     /* Update error code */
1818:Drivers/STM32G0xx_HAL_Driver/Src/stm32g0xx_hal_fdcan.c ****     hfdcan->ErrorCode |= HAL_FDCAN_ERROR_NOT_READY;
1819:Drivers/STM32G0xx_HAL_Driver/Src/stm32g0xx_hal_fdcan.c **** 
1820:Drivers/STM32G0xx_HAL_Driver/Src/stm32g0xx_hal_fdcan.c ****     return HAL_ERROR;
1821:Drivers/STM32G0xx_HAL_Driver/Src/stm32g0xx_hal_fdcan.c ****   }
1822:Drivers/STM32G0xx_HAL_Driver/Src/stm32g0xx_hal_fdcan.c **** }
1823:Drivers/STM32G0xx_HAL_Driver/Src/stm32g0xx_hal_fdcan.c **** 
1824:Drivers/STM32G0xx_HAL_Driver/Src/stm32g0xx_hal_fdcan.c **** /**
1825:Drivers/STM32G0xx_HAL_Driver/Src/stm32g0xx_hal_fdcan.c ****   * @brief  Disable the transmitter delay compensation.
1826:Drivers/STM32G0xx_HAL_Driver/Src/stm32g0xx_hal_fdcan.c ****   * @param  hfdcan pointer to an FDCAN_HandleTypeDef structure that contains
1827:Drivers/STM32G0xx_HAL_Driver/Src/stm32g0xx_hal_fdcan.c ****   *         the configuration information for the specified FDCAN.
1828:Drivers/STM32G0xx_HAL_Driver/Src/stm32g0xx_hal_fdcan.c ****   * @retval HAL status
1829:Drivers/STM32G0xx_HAL_Driver/Src/stm32g0xx_hal_fdcan.c ****   */
1830:Drivers/STM32G0xx_HAL_Driver/Src/stm32g0xx_hal_fdcan.c **** HAL_StatusTypeDef HAL_FDCAN_DisableTxDelayCompensation(FDCAN_HandleTypeDef *hfdcan)
1831:Drivers/STM32G0xx_HAL_Driver/Src/stm32g0xx_hal_fdcan.c **** {
1832:Drivers/STM32G0xx_HAL_Driver/Src/stm32g0xx_hal_fdcan.c ****   if (hfdcan->State == HAL_FDCAN_STATE_READY)
1833:Drivers/STM32G0xx_HAL_Driver/Src/stm32g0xx_hal_fdcan.c ****   {
1834:Drivers/STM32G0xx_HAL_Driver/Src/stm32g0xx_hal_fdcan.c ****     /* Disable transmitter delay compensation */
1835:Drivers/STM32G0xx_HAL_Driver/Src/stm32g0xx_hal_fdcan.c ****     CLEAR_BIT(hfdcan->Instance->DBTP, FDCAN_DBTP_TDC);
1836:Drivers/STM32G0xx_HAL_Driver/Src/stm32g0xx_hal_fdcan.c **** 
1837:Drivers/STM32G0xx_HAL_Driver/Src/stm32g0xx_hal_fdcan.c ****     /* Return function status */
1838:Drivers/STM32G0xx_HAL_Driver/Src/stm32g0xx_hal_fdcan.c ****     return HAL_OK;
1839:Drivers/STM32G0xx_HAL_Driver/Src/stm32g0xx_hal_fdcan.c ****   }
1840:Drivers/STM32G0xx_HAL_Driver/Src/stm32g0xx_hal_fdcan.c ****   else
1841:Drivers/STM32G0xx_HAL_Driver/Src/stm32g0xx_hal_fdcan.c ****   {
1842:Drivers/STM32G0xx_HAL_Driver/Src/stm32g0xx_hal_fdcan.c ****     /* Update error code */
1843:Drivers/STM32G0xx_HAL_Driver/Src/stm32g0xx_hal_fdcan.c ****     hfdcan->ErrorCode |= HAL_FDCAN_ERROR_NOT_READY;
1844:Drivers/STM32G0xx_HAL_Driver/Src/stm32g0xx_hal_fdcan.c **** 
1845:Drivers/STM32G0xx_HAL_Driver/Src/stm32g0xx_hal_fdcan.c ****     return HAL_ERROR;
1846:Drivers/STM32G0xx_HAL_Driver/Src/stm32g0xx_hal_fdcan.c ****   }
1847:Drivers/STM32G0xx_HAL_Driver/Src/stm32g0xx_hal_fdcan.c **** }
1848:Drivers/STM32G0xx_HAL_Driver/Src/stm32g0xx_hal_fdcan.c **** 
1849:Drivers/STM32G0xx_HAL_Driver/Src/stm32g0xx_hal_fdcan.c **** /**
1850:Drivers/STM32G0xx_HAL_Driver/Src/stm32g0xx_hal_fdcan.c ****   * @brief  Enable ISO 11898-1 protocol mode.
1851:Drivers/STM32G0xx_HAL_Driver/Src/stm32g0xx_hal_fdcan.c ****   *         CAN FD frame format is according to ISO 11898-1 standard.
1852:Drivers/STM32G0xx_HAL_Driver/Src/stm32g0xx_hal_fdcan.c ****   * @param  hfdcan pointer to an FDCAN_HandleTypeDef structure that contains
1853:Drivers/STM32G0xx_HAL_Driver/Src/stm32g0xx_hal_fdcan.c ****   *         the configuration information for the specified FDCAN.
1854:Drivers/STM32G0xx_HAL_Driver/Src/stm32g0xx_hal_fdcan.c ****   * @retval HAL status
1855:Drivers/STM32G0xx_HAL_Driver/Src/stm32g0xx_hal_fdcan.c ****   */
1856:Drivers/STM32G0xx_HAL_Driver/Src/stm32g0xx_hal_fdcan.c **** HAL_StatusTypeDef HAL_FDCAN_EnableISOMode(FDCAN_HandleTypeDef *hfdcan)
ARM GAS  C:\Users\sante\AppData\Local\Temp\cc59nu4g.s 			page 34


1857:Drivers/STM32G0xx_HAL_Driver/Src/stm32g0xx_hal_fdcan.c **** {
1858:Drivers/STM32G0xx_HAL_Driver/Src/stm32g0xx_hal_fdcan.c ****   if (hfdcan->State == HAL_FDCAN_STATE_READY)
1859:Drivers/STM32G0xx_HAL_Driver/Src/stm32g0xx_hal_fdcan.c ****   {
1860:Drivers/STM32G0xx_HAL_Driver/Src/stm32g0xx_hal_fdcan.c ****     /* Disable Non ISO protocol mode */
1861:Drivers/STM32G0xx_HAL_Driver/Src/stm32g0xx_hal_fdcan.c ****     CLEAR_BIT(hfdcan->Instance->CCCR, FDCAN_CCCR_NISO);
1862:Drivers/STM32G0xx_HAL_Driver/Src/stm32g0xx_hal_fdcan.c **** 
1863:Drivers/STM32G0xx_HAL_Driver/Src/stm32g0xx_hal_fdcan.c ****     /* Return function status */
1864:Drivers/STM32G0xx_HAL_Driver/Src/stm32g0xx_hal_fdcan.c ****     return HAL_OK;
1865:Drivers/STM32G0xx_HAL_Driver/Src/stm32g0xx_hal_fdcan.c ****   }
1866:Drivers/STM32G0xx_HAL_Driver/Src/stm32g0xx_hal_fdcan.c ****   else
1867:Drivers/STM32G0xx_HAL_Driver/Src/stm32g0xx_hal_fdcan.c ****   {
1868:Drivers/STM32G0xx_HAL_Driver/Src/stm32g0xx_hal_fdcan.c ****     /* Update error code */
1869:Drivers/STM32G0xx_HAL_Driver/Src/stm32g0xx_hal_fdcan.c ****     hfdcan->ErrorCode |= HAL_FDCAN_ERROR_NOT_READY;
1870:Drivers/STM32G0xx_HAL_Driver/Src/stm32g0xx_hal_fdcan.c **** 
1871:Drivers/STM32G0xx_HAL_Driver/Src/stm32g0xx_hal_fdcan.c ****     return HAL_ERROR;
1872:Drivers/STM32G0xx_HAL_Driver/Src/stm32g0xx_hal_fdcan.c ****   }
1873:Drivers/STM32G0xx_HAL_Driver/Src/stm32g0xx_hal_fdcan.c **** }
1874:Drivers/STM32G0xx_HAL_Driver/Src/stm32g0xx_hal_fdcan.c **** 
1875:Drivers/STM32G0xx_HAL_Driver/Src/stm32g0xx_hal_fdcan.c **** /**
1876:Drivers/STM32G0xx_HAL_Driver/Src/stm32g0xx_hal_fdcan.c ****   * @brief  Disable ISO 11898-1 protocol mode.
1877:Drivers/STM32G0xx_HAL_Driver/Src/stm32g0xx_hal_fdcan.c ****   *         CAN FD frame format is according to Bosch CAN FD specification V1.0.
1878:Drivers/STM32G0xx_HAL_Driver/Src/stm32g0xx_hal_fdcan.c ****   * @param  hfdcan pointer to an FDCAN_HandleTypeDef structure that contains
1879:Drivers/STM32G0xx_HAL_Driver/Src/stm32g0xx_hal_fdcan.c ****   *         the configuration information for the specified FDCAN.
1880:Drivers/STM32G0xx_HAL_Driver/Src/stm32g0xx_hal_fdcan.c ****   * @retval HAL status
1881:Drivers/STM32G0xx_HAL_Driver/Src/stm32g0xx_hal_fdcan.c ****   */
1882:Drivers/STM32G0xx_HAL_Driver/Src/stm32g0xx_hal_fdcan.c **** HAL_StatusTypeDef HAL_FDCAN_DisableISOMode(FDCAN_HandleTypeDef *hfdcan)
1883:Drivers/STM32G0xx_HAL_Driver/Src/stm32g0xx_hal_fdcan.c **** {
1884:Drivers/STM32G0xx_HAL_Driver/Src/stm32g0xx_hal_fdcan.c ****   if (hfdcan->State == HAL_FDCAN_STATE_READY)
1885:Drivers/STM32G0xx_HAL_Driver/Src/stm32g0xx_hal_fdcan.c ****   {
1886:Drivers/STM32G0xx_HAL_Driver/Src/stm32g0xx_hal_fdcan.c ****     /* Enable Non ISO protocol mode */
1887:Drivers/STM32G0xx_HAL_Driver/Src/stm32g0xx_hal_fdcan.c ****     SET_BIT(hfdcan->Instance->CCCR, FDCAN_CCCR_NISO);
1888:Drivers/STM32G0xx_HAL_Driver/Src/stm32g0xx_hal_fdcan.c **** 
1889:Drivers/STM32G0xx_HAL_Driver/Src/stm32g0xx_hal_fdcan.c ****     /* Return function status */
1890:Drivers/STM32G0xx_HAL_Driver/Src/stm32g0xx_hal_fdcan.c ****     return HAL_OK;
1891:Drivers/STM32G0xx_HAL_Driver/Src/stm32g0xx_hal_fdcan.c ****   }
1892:Drivers/STM32G0xx_HAL_Driver/Src/stm32g0xx_hal_fdcan.c ****   else
1893:Drivers/STM32G0xx_HAL_Driver/Src/stm32g0xx_hal_fdcan.c ****   {
1894:Drivers/STM32G0xx_HAL_Driver/Src/stm32g0xx_hal_fdcan.c ****     /* Update error code */
1895:Drivers/STM32G0xx_HAL_Driver/Src/stm32g0xx_hal_fdcan.c ****     hfdcan->ErrorCode |= HAL_FDCAN_ERROR_NOT_READY;
1896:Drivers/STM32G0xx_HAL_Driver/Src/stm32g0xx_hal_fdcan.c **** 
1897:Drivers/STM32G0xx_HAL_Driver/Src/stm32g0xx_hal_fdcan.c ****     return HAL_ERROR;
1898:Drivers/STM32G0xx_HAL_Driver/Src/stm32g0xx_hal_fdcan.c ****   }
1899:Drivers/STM32G0xx_HAL_Driver/Src/stm32g0xx_hal_fdcan.c **** }
1900:Drivers/STM32G0xx_HAL_Driver/Src/stm32g0xx_hal_fdcan.c **** 
1901:Drivers/STM32G0xx_HAL_Driver/Src/stm32g0xx_hal_fdcan.c **** /**
1902:Drivers/STM32G0xx_HAL_Driver/Src/stm32g0xx_hal_fdcan.c ****   * @brief  Enable edge filtering during bus integration.
1903:Drivers/STM32G0xx_HAL_Driver/Src/stm32g0xx_hal_fdcan.c ****   *         Two consecutive dominant tq are required to detect an edge for hard synchronization.
1904:Drivers/STM32G0xx_HAL_Driver/Src/stm32g0xx_hal_fdcan.c ****   * @param  hfdcan pointer to an FDCAN_HandleTypeDef structure that contains
1905:Drivers/STM32G0xx_HAL_Driver/Src/stm32g0xx_hal_fdcan.c ****   *         the configuration information for the specified FDCAN.
1906:Drivers/STM32G0xx_HAL_Driver/Src/stm32g0xx_hal_fdcan.c ****   * @retval HAL status
1907:Drivers/STM32G0xx_HAL_Driver/Src/stm32g0xx_hal_fdcan.c ****   */
1908:Drivers/STM32G0xx_HAL_Driver/Src/stm32g0xx_hal_fdcan.c **** HAL_StatusTypeDef HAL_FDCAN_EnableEdgeFiltering(FDCAN_HandleTypeDef *hfdcan)
1909:Drivers/STM32G0xx_HAL_Driver/Src/stm32g0xx_hal_fdcan.c **** {
1910:Drivers/STM32G0xx_HAL_Driver/Src/stm32g0xx_hal_fdcan.c ****   if (hfdcan->State == HAL_FDCAN_STATE_READY)
1911:Drivers/STM32G0xx_HAL_Driver/Src/stm32g0xx_hal_fdcan.c ****   {
1912:Drivers/STM32G0xx_HAL_Driver/Src/stm32g0xx_hal_fdcan.c ****     /* Enable edge filtering */
1913:Drivers/STM32G0xx_HAL_Driver/Src/stm32g0xx_hal_fdcan.c ****     SET_BIT(hfdcan->Instance->CCCR, FDCAN_CCCR_EFBI);
ARM GAS  C:\Users\sante\AppData\Local\Temp\cc59nu4g.s 			page 35


1914:Drivers/STM32G0xx_HAL_Driver/Src/stm32g0xx_hal_fdcan.c **** 
1915:Drivers/STM32G0xx_HAL_Driver/Src/stm32g0xx_hal_fdcan.c ****     /* Return function status */
1916:Drivers/STM32G0xx_HAL_Driver/Src/stm32g0xx_hal_fdcan.c ****     return HAL_OK;
1917:Drivers/STM32G0xx_HAL_Driver/Src/stm32g0xx_hal_fdcan.c ****   }
1918:Drivers/STM32G0xx_HAL_Driver/Src/stm32g0xx_hal_fdcan.c ****   else
1919:Drivers/STM32G0xx_HAL_Driver/Src/stm32g0xx_hal_fdcan.c ****   {
1920:Drivers/STM32G0xx_HAL_Driver/Src/stm32g0xx_hal_fdcan.c ****     /* Update error code */
1921:Drivers/STM32G0xx_HAL_Driver/Src/stm32g0xx_hal_fdcan.c ****     hfdcan->ErrorCode |= HAL_FDCAN_ERROR_NOT_READY;
1922:Drivers/STM32G0xx_HAL_Driver/Src/stm32g0xx_hal_fdcan.c **** 
1923:Drivers/STM32G0xx_HAL_Driver/Src/stm32g0xx_hal_fdcan.c ****     return HAL_ERROR;
1924:Drivers/STM32G0xx_HAL_Driver/Src/stm32g0xx_hal_fdcan.c ****   }
1925:Drivers/STM32G0xx_HAL_Driver/Src/stm32g0xx_hal_fdcan.c **** }
1926:Drivers/STM32G0xx_HAL_Driver/Src/stm32g0xx_hal_fdcan.c **** 
1927:Drivers/STM32G0xx_HAL_Driver/Src/stm32g0xx_hal_fdcan.c **** /**
1928:Drivers/STM32G0xx_HAL_Driver/Src/stm32g0xx_hal_fdcan.c ****   * @brief  Disable edge filtering during bus integration.
1929:Drivers/STM32G0xx_HAL_Driver/Src/stm32g0xx_hal_fdcan.c ****   *         One dominant tq is required to detect an edge for hard synchronization.
1930:Drivers/STM32G0xx_HAL_Driver/Src/stm32g0xx_hal_fdcan.c ****   * @param  hfdcan pointer to an FDCAN_HandleTypeDef structure that contains
1931:Drivers/STM32G0xx_HAL_Driver/Src/stm32g0xx_hal_fdcan.c ****   *         the configuration information for the specified FDCAN.
1932:Drivers/STM32G0xx_HAL_Driver/Src/stm32g0xx_hal_fdcan.c ****   * @retval HAL status
1933:Drivers/STM32G0xx_HAL_Driver/Src/stm32g0xx_hal_fdcan.c ****   */
1934:Drivers/STM32G0xx_HAL_Driver/Src/stm32g0xx_hal_fdcan.c **** HAL_StatusTypeDef HAL_FDCAN_DisableEdgeFiltering(FDCAN_HandleTypeDef *hfdcan)
1935:Drivers/STM32G0xx_HAL_Driver/Src/stm32g0xx_hal_fdcan.c **** {
1936:Drivers/STM32G0xx_HAL_Driver/Src/stm32g0xx_hal_fdcan.c ****   if (hfdcan->State == HAL_FDCAN_STATE_READY)
1937:Drivers/STM32G0xx_HAL_Driver/Src/stm32g0xx_hal_fdcan.c ****   {
1938:Drivers/STM32G0xx_HAL_Driver/Src/stm32g0xx_hal_fdcan.c ****     /* Disable edge filtering */
1939:Drivers/STM32G0xx_HAL_Driver/Src/stm32g0xx_hal_fdcan.c ****     CLEAR_BIT(hfdcan->Instance->CCCR, FDCAN_CCCR_EFBI);
1940:Drivers/STM32G0xx_HAL_Driver/Src/stm32g0xx_hal_fdcan.c **** 
1941:Drivers/STM32G0xx_HAL_Driver/Src/stm32g0xx_hal_fdcan.c ****     /* Return function status */
1942:Drivers/STM32G0xx_HAL_Driver/Src/stm32g0xx_hal_fdcan.c ****     return HAL_OK;
1943:Drivers/STM32G0xx_HAL_Driver/Src/stm32g0xx_hal_fdcan.c ****   }
1944:Drivers/STM32G0xx_HAL_Driver/Src/stm32g0xx_hal_fdcan.c ****   else
1945:Drivers/STM32G0xx_HAL_Driver/Src/stm32g0xx_hal_fdcan.c ****   {
1946:Drivers/STM32G0xx_HAL_Driver/Src/stm32g0xx_hal_fdcan.c ****     /* Update error code */
1947:Drivers/STM32G0xx_HAL_Driver/Src/stm32g0xx_hal_fdcan.c ****     hfdcan->ErrorCode |= HAL_FDCAN_ERROR_NOT_READY;
1948:Drivers/STM32G0xx_HAL_Driver/Src/stm32g0xx_hal_fdcan.c **** 
1949:Drivers/STM32G0xx_HAL_Driver/Src/stm32g0xx_hal_fdcan.c ****     return HAL_ERROR;
1950:Drivers/STM32G0xx_HAL_Driver/Src/stm32g0xx_hal_fdcan.c ****   }
1951:Drivers/STM32G0xx_HAL_Driver/Src/stm32g0xx_hal_fdcan.c **** }
1952:Drivers/STM32G0xx_HAL_Driver/Src/stm32g0xx_hal_fdcan.c **** 
1953:Drivers/STM32G0xx_HAL_Driver/Src/stm32g0xx_hal_fdcan.c **** /**
1954:Drivers/STM32G0xx_HAL_Driver/Src/stm32g0xx_hal_fdcan.c ****   * @}
1955:Drivers/STM32G0xx_HAL_Driver/Src/stm32g0xx_hal_fdcan.c ****   */
1956:Drivers/STM32G0xx_HAL_Driver/Src/stm32g0xx_hal_fdcan.c **** 
1957:Drivers/STM32G0xx_HAL_Driver/Src/stm32g0xx_hal_fdcan.c **** /** @defgroup FDCAN_Exported_Functions_Group3 Control functions
1958:Drivers/STM32G0xx_HAL_Driver/Src/stm32g0xx_hal_fdcan.c ****   *  @brief    Control functions
1959:Drivers/STM32G0xx_HAL_Driver/Src/stm32g0xx_hal_fdcan.c ****   *
1960:Drivers/STM32G0xx_HAL_Driver/Src/stm32g0xx_hal_fdcan.c **** @verbatim
1961:Drivers/STM32G0xx_HAL_Driver/Src/stm32g0xx_hal_fdcan.c ****   ==============================================================================
1962:Drivers/STM32G0xx_HAL_Driver/Src/stm32g0xx_hal_fdcan.c ****                           ##### Control functions #####
1963:Drivers/STM32G0xx_HAL_Driver/Src/stm32g0xx_hal_fdcan.c ****   ==============================================================================
1964:Drivers/STM32G0xx_HAL_Driver/Src/stm32g0xx_hal_fdcan.c ****     [..]  This section provides functions allowing to:
1965:Drivers/STM32G0xx_HAL_Driver/Src/stm32g0xx_hal_fdcan.c ****       (+) HAL_FDCAN_Start                         : Start the FDCAN module
1966:Drivers/STM32G0xx_HAL_Driver/Src/stm32g0xx_hal_fdcan.c ****       (+) HAL_FDCAN_Stop                          : Stop the FDCAN module and enable access to conf
1967:Drivers/STM32G0xx_HAL_Driver/Src/stm32g0xx_hal_fdcan.c ****       (+) HAL_FDCAN_AddMessageToTxFifoQ           : Add a message to the Tx FIFO/Queue and activate
1968:Drivers/STM32G0xx_HAL_Driver/Src/stm32g0xx_hal_fdcan.c ****                                                     transmission request
1969:Drivers/STM32G0xx_HAL_Driver/Src/stm32g0xx_hal_fdcan.c ****       (+) HAL_FDCAN_GetLatestTxFifoQRequestBuffer : Get Tx buffer index of latest Tx FIFO/Queue req
1970:Drivers/STM32G0xx_HAL_Driver/Src/stm32g0xx_hal_fdcan.c ****       (+) HAL_FDCAN_AbortTxRequest                : Abort transmission request
ARM GAS  C:\Users\sante\AppData\Local\Temp\cc59nu4g.s 			page 36


1971:Drivers/STM32G0xx_HAL_Driver/Src/stm32g0xx_hal_fdcan.c ****       (+) HAL_FDCAN_GetRxMessage                  : Get an FDCAN frame from the Rx FIFO zone into t
1972:Drivers/STM32G0xx_HAL_Driver/Src/stm32g0xx_hal_fdcan.c ****       (+) HAL_FDCAN_GetTxEvent                    : Get an FDCAN Tx event from the Tx Event FIFO zo
1973:Drivers/STM32G0xx_HAL_Driver/Src/stm32g0xx_hal_fdcan.c ****                                                     into the message RAM
1974:Drivers/STM32G0xx_HAL_Driver/Src/stm32g0xx_hal_fdcan.c ****       (+) HAL_FDCAN_GetHighPriorityMessageStatus  : Get high priority message status
1975:Drivers/STM32G0xx_HAL_Driver/Src/stm32g0xx_hal_fdcan.c ****       (+) HAL_FDCAN_GetProtocolStatus             : Get protocol status
1976:Drivers/STM32G0xx_HAL_Driver/Src/stm32g0xx_hal_fdcan.c ****       (+) HAL_FDCAN_GetErrorCounters              : Get error counter values
1977:Drivers/STM32G0xx_HAL_Driver/Src/stm32g0xx_hal_fdcan.c ****       (+) HAL_FDCAN_IsTxBufferMessagePending      : Check if a transmission request is pending
1978:Drivers/STM32G0xx_HAL_Driver/Src/stm32g0xx_hal_fdcan.c ****                                                     on the selected Tx buffer
1979:Drivers/STM32G0xx_HAL_Driver/Src/stm32g0xx_hal_fdcan.c ****       (+) HAL_FDCAN_GetRxFifoFillLevel            : Return Rx FIFO fill level
1980:Drivers/STM32G0xx_HAL_Driver/Src/stm32g0xx_hal_fdcan.c ****       (+) HAL_FDCAN_GetTxFifoFreeLevel            : Return Tx FIFO free level
1981:Drivers/STM32G0xx_HAL_Driver/Src/stm32g0xx_hal_fdcan.c ****       (+) HAL_FDCAN_IsRestrictedOperationMode     : Check if the FDCAN peripheral entered Restricte
1982:Drivers/STM32G0xx_HAL_Driver/Src/stm32g0xx_hal_fdcan.c ****       (+) HAL_FDCAN_ExitRestrictedOperationMode   : Exit Restricted Operation Mode
1983:Drivers/STM32G0xx_HAL_Driver/Src/stm32g0xx_hal_fdcan.c **** 
1984:Drivers/STM32G0xx_HAL_Driver/Src/stm32g0xx_hal_fdcan.c **** @endverbatim
1985:Drivers/STM32G0xx_HAL_Driver/Src/stm32g0xx_hal_fdcan.c ****   * @{
1986:Drivers/STM32G0xx_HAL_Driver/Src/stm32g0xx_hal_fdcan.c ****   */
1987:Drivers/STM32G0xx_HAL_Driver/Src/stm32g0xx_hal_fdcan.c **** 
1988:Drivers/STM32G0xx_HAL_Driver/Src/stm32g0xx_hal_fdcan.c **** /**
1989:Drivers/STM32G0xx_HAL_Driver/Src/stm32g0xx_hal_fdcan.c ****   * @brief  Start the FDCAN module.
1990:Drivers/STM32G0xx_HAL_Driver/Src/stm32g0xx_hal_fdcan.c ****   * @param  hfdcan pointer to an FDCAN_HandleTypeDef structure that contains
1991:Drivers/STM32G0xx_HAL_Driver/Src/stm32g0xx_hal_fdcan.c ****   *         the configuration information for the specified FDCAN.
1992:Drivers/STM32G0xx_HAL_Driver/Src/stm32g0xx_hal_fdcan.c ****   * @retval HAL status
1993:Drivers/STM32G0xx_HAL_Driver/Src/stm32g0xx_hal_fdcan.c ****   */
1994:Drivers/STM32G0xx_HAL_Driver/Src/stm32g0xx_hal_fdcan.c **** HAL_StatusTypeDef HAL_FDCAN_Start(FDCAN_HandleTypeDef *hfdcan)
1995:Drivers/STM32G0xx_HAL_Driver/Src/stm32g0xx_hal_fdcan.c **** {
1996:Drivers/STM32G0xx_HAL_Driver/Src/stm32g0xx_hal_fdcan.c ****   if (hfdcan->State == HAL_FDCAN_STATE_READY)
1997:Drivers/STM32G0xx_HAL_Driver/Src/stm32g0xx_hal_fdcan.c ****   {
1998:Drivers/STM32G0xx_HAL_Driver/Src/stm32g0xx_hal_fdcan.c ****     /* Change FDCAN peripheral state */
1999:Drivers/STM32G0xx_HAL_Driver/Src/stm32g0xx_hal_fdcan.c ****     hfdcan->State = HAL_FDCAN_STATE_BUSY;
2000:Drivers/STM32G0xx_HAL_Driver/Src/stm32g0xx_hal_fdcan.c **** 
2001:Drivers/STM32G0xx_HAL_Driver/Src/stm32g0xx_hal_fdcan.c ****     /* Request leave initialisation */
2002:Drivers/STM32G0xx_HAL_Driver/Src/stm32g0xx_hal_fdcan.c ****     CLEAR_BIT(hfdcan->Instance->CCCR, FDCAN_CCCR_INIT);
2003:Drivers/STM32G0xx_HAL_Driver/Src/stm32g0xx_hal_fdcan.c **** 
2004:Drivers/STM32G0xx_HAL_Driver/Src/stm32g0xx_hal_fdcan.c ****     /* Reset the FDCAN ErrorCode */
2005:Drivers/STM32G0xx_HAL_Driver/Src/stm32g0xx_hal_fdcan.c ****     hfdcan->ErrorCode = HAL_FDCAN_ERROR_NONE;
2006:Drivers/STM32G0xx_HAL_Driver/Src/stm32g0xx_hal_fdcan.c **** 
2007:Drivers/STM32G0xx_HAL_Driver/Src/stm32g0xx_hal_fdcan.c ****     /* Return function status */
2008:Drivers/STM32G0xx_HAL_Driver/Src/stm32g0xx_hal_fdcan.c ****     return HAL_OK;
2009:Drivers/STM32G0xx_HAL_Driver/Src/stm32g0xx_hal_fdcan.c ****   }
2010:Drivers/STM32G0xx_HAL_Driver/Src/stm32g0xx_hal_fdcan.c ****   else
2011:Drivers/STM32G0xx_HAL_Driver/Src/stm32g0xx_hal_fdcan.c ****   {
2012:Drivers/STM32G0xx_HAL_Driver/Src/stm32g0xx_hal_fdcan.c ****     /* Update error code */
2013:Drivers/STM32G0xx_HAL_Driver/Src/stm32g0xx_hal_fdcan.c ****     hfdcan->ErrorCode |= HAL_FDCAN_ERROR_NOT_READY;
2014:Drivers/STM32G0xx_HAL_Driver/Src/stm32g0xx_hal_fdcan.c **** 
2015:Drivers/STM32G0xx_HAL_Driver/Src/stm32g0xx_hal_fdcan.c ****     return HAL_ERROR;
2016:Drivers/STM32G0xx_HAL_Driver/Src/stm32g0xx_hal_fdcan.c ****   }
2017:Drivers/STM32G0xx_HAL_Driver/Src/stm32g0xx_hal_fdcan.c **** }
2018:Drivers/STM32G0xx_HAL_Driver/Src/stm32g0xx_hal_fdcan.c **** 
2019:Drivers/STM32G0xx_HAL_Driver/Src/stm32g0xx_hal_fdcan.c **** /**
2020:Drivers/STM32G0xx_HAL_Driver/Src/stm32g0xx_hal_fdcan.c ****   * @brief  Stop the FDCAN module and enable access to configuration registers.
2021:Drivers/STM32G0xx_HAL_Driver/Src/stm32g0xx_hal_fdcan.c ****   * @param  hfdcan pointer to an FDCAN_HandleTypeDef structure that contains
2022:Drivers/STM32G0xx_HAL_Driver/Src/stm32g0xx_hal_fdcan.c ****   *         the configuration information for the specified FDCAN.
2023:Drivers/STM32G0xx_HAL_Driver/Src/stm32g0xx_hal_fdcan.c ****   * @retval HAL status
2024:Drivers/STM32G0xx_HAL_Driver/Src/stm32g0xx_hal_fdcan.c ****   */
2025:Drivers/STM32G0xx_HAL_Driver/Src/stm32g0xx_hal_fdcan.c **** HAL_StatusTypeDef HAL_FDCAN_Stop(FDCAN_HandleTypeDef *hfdcan)
2026:Drivers/STM32G0xx_HAL_Driver/Src/stm32g0xx_hal_fdcan.c **** {
2027:Drivers/STM32G0xx_HAL_Driver/Src/stm32g0xx_hal_fdcan.c ****   uint32_t Counter = 0U;
ARM GAS  C:\Users\sante\AppData\Local\Temp\cc59nu4g.s 			page 37


2028:Drivers/STM32G0xx_HAL_Driver/Src/stm32g0xx_hal_fdcan.c **** 
2029:Drivers/STM32G0xx_HAL_Driver/Src/stm32g0xx_hal_fdcan.c ****   if (hfdcan->State == HAL_FDCAN_STATE_BUSY)
2030:Drivers/STM32G0xx_HAL_Driver/Src/stm32g0xx_hal_fdcan.c ****   {
2031:Drivers/STM32G0xx_HAL_Driver/Src/stm32g0xx_hal_fdcan.c ****     /* Request initialisation */
2032:Drivers/STM32G0xx_HAL_Driver/Src/stm32g0xx_hal_fdcan.c ****     SET_BIT(hfdcan->Instance->CCCR, FDCAN_CCCR_INIT);
2033:Drivers/STM32G0xx_HAL_Driver/Src/stm32g0xx_hal_fdcan.c **** 
2034:Drivers/STM32G0xx_HAL_Driver/Src/stm32g0xx_hal_fdcan.c ****     /* Wait until the INIT bit into CCCR register is set */
2035:Drivers/STM32G0xx_HAL_Driver/Src/stm32g0xx_hal_fdcan.c ****     while ((hfdcan->Instance->CCCR & FDCAN_CCCR_INIT) == 0U)
2036:Drivers/STM32G0xx_HAL_Driver/Src/stm32g0xx_hal_fdcan.c ****     {
2037:Drivers/STM32G0xx_HAL_Driver/Src/stm32g0xx_hal_fdcan.c ****       /* Check for the Timeout */
2038:Drivers/STM32G0xx_HAL_Driver/Src/stm32g0xx_hal_fdcan.c ****       if (Counter > FDCAN_TIMEOUT_VALUE)
2039:Drivers/STM32G0xx_HAL_Driver/Src/stm32g0xx_hal_fdcan.c ****       {
2040:Drivers/STM32G0xx_HAL_Driver/Src/stm32g0xx_hal_fdcan.c ****         /* Update error code */
2041:Drivers/STM32G0xx_HAL_Driver/Src/stm32g0xx_hal_fdcan.c ****         hfdcan->ErrorCode |= HAL_FDCAN_ERROR_TIMEOUT;
2042:Drivers/STM32G0xx_HAL_Driver/Src/stm32g0xx_hal_fdcan.c **** 
2043:Drivers/STM32G0xx_HAL_Driver/Src/stm32g0xx_hal_fdcan.c ****         /* Change FDCAN state */
2044:Drivers/STM32G0xx_HAL_Driver/Src/stm32g0xx_hal_fdcan.c ****         hfdcan->State = HAL_FDCAN_STATE_ERROR;
2045:Drivers/STM32G0xx_HAL_Driver/Src/stm32g0xx_hal_fdcan.c **** 
2046:Drivers/STM32G0xx_HAL_Driver/Src/stm32g0xx_hal_fdcan.c ****         return HAL_ERROR;
2047:Drivers/STM32G0xx_HAL_Driver/Src/stm32g0xx_hal_fdcan.c ****       }
2048:Drivers/STM32G0xx_HAL_Driver/Src/stm32g0xx_hal_fdcan.c **** 
2049:Drivers/STM32G0xx_HAL_Driver/Src/stm32g0xx_hal_fdcan.c ****       /* Increment counter */
2050:Drivers/STM32G0xx_HAL_Driver/Src/stm32g0xx_hal_fdcan.c ****       Counter++;
2051:Drivers/STM32G0xx_HAL_Driver/Src/stm32g0xx_hal_fdcan.c ****     }
2052:Drivers/STM32G0xx_HAL_Driver/Src/stm32g0xx_hal_fdcan.c **** 
2053:Drivers/STM32G0xx_HAL_Driver/Src/stm32g0xx_hal_fdcan.c ****     /* Reset counter */
2054:Drivers/STM32G0xx_HAL_Driver/Src/stm32g0xx_hal_fdcan.c ****     Counter = 0U;
2055:Drivers/STM32G0xx_HAL_Driver/Src/stm32g0xx_hal_fdcan.c **** 
2056:Drivers/STM32G0xx_HAL_Driver/Src/stm32g0xx_hal_fdcan.c ****     /* Exit from Sleep mode */
2057:Drivers/STM32G0xx_HAL_Driver/Src/stm32g0xx_hal_fdcan.c ****     CLEAR_BIT(hfdcan->Instance->CCCR, FDCAN_CCCR_CSR);
2058:Drivers/STM32G0xx_HAL_Driver/Src/stm32g0xx_hal_fdcan.c **** 
2059:Drivers/STM32G0xx_HAL_Driver/Src/stm32g0xx_hal_fdcan.c ****     /* Wait until FDCAN exits sleep mode */
2060:Drivers/STM32G0xx_HAL_Driver/Src/stm32g0xx_hal_fdcan.c ****     while ((hfdcan->Instance->CCCR & FDCAN_CCCR_CSA) == FDCAN_CCCR_CSA)
2061:Drivers/STM32G0xx_HAL_Driver/Src/stm32g0xx_hal_fdcan.c ****     {
2062:Drivers/STM32G0xx_HAL_Driver/Src/stm32g0xx_hal_fdcan.c ****       /* Check for the Timeout */
2063:Drivers/STM32G0xx_HAL_Driver/Src/stm32g0xx_hal_fdcan.c ****       if (Counter > FDCAN_TIMEOUT_VALUE)
2064:Drivers/STM32G0xx_HAL_Driver/Src/stm32g0xx_hal_fdcan.c ****       {
2065:Drivers/STM32G0xx_HAL_Driver/Src/stm32g0xx_hal_fdcan.c ****         /* Update error code */
2066:Drivers/STM32G0xx_HAL_Driver/Src/stm32g0xx_hal_fdcan.c ****         hfdcan->ErrorCode |= HAL_FDCAN_ERROR_TIMEOUT;
2067:Drivers/STM32G0xx_HAL_Driver/Src/stm32g0xx_hal_fdcan.c **** 
2068:Drivers/STM32G0xx_HAL_Driver/Src/stm32g0xx_hal_fdcan.c ****         /* Change FDCAN state */
2069:Drivers/STM32G0xx_HAL_Driver/Src/stm32g0xx_hal_fdcan.c ****         hfdcan->State = HAL_FDCAN_STATE_ERROR;
2070:Drivers/STM32G0xx_HAL_Driver/Src/stm32g0xx_hal_fdcan.c **** 
2071:Drivers/STM32G0xx_HAL_Driver/Src/stm32g0xx_hal_fdcan.c ****         return HAL_ERROR;
2072:Drivers/STM32G0xx_HAL_Driver/Src/stm32g0xx_hal_fdcan.c ****       }
2073:Drivers/STM32G0xx_HAL_Driver/Src/stm32g0xx_hal_fdcan.c **** 
2074:Drivers/STM32G0xx_HAL_Driver/Src/stm32g0xx_hal_fdcan.c ****       /* Increment counter */
2075:Drivers/STM32G0xx_HAL_Driver/Src/stm32g0xx_hal_fdcan.c ****       Counter++;
2076:Drivers/STM32G0xx_HAL_Driver/Src/stm32g0xx_hal_fdcan.c ****     }
2077:Drivers/STM32G0xx_HAL_Driver/Src/stm32g0xx_hal_fdcan.c **** 
2078:Drivers/STM32G0xx_HAL_Driver/Src/stm32g0xx_hal_fdcan.c ****     /* Enable configuration change */
2079:Drivers/STM32G0xx_HAL_Driver/Src/stm32g0xx_hal_fdcan.c ****     SET_BIT(hfdcan->Instance->CCCR, FDCAN_CCCR_CCE);
2080:Drivers/STM32G0xx_HAL_Driver/Src/stm32g0xx_hal_fdcan.c **** 
2081:Drivers/STM32G0xx_HAL_Driver/Src/stm32g0xx_hal_fdcan.c ****     /* Reset Latest Tx FIFO/Queue Request Buffer Index */
2082:Drivers/STM32G0xx_HAL_Driver/Src/stm32g0xx_hal_fdcan.c ****     hfdcan->LatestTxFifoQRequest = 0U;
2083:Drivers/STM32G0xx_HAL_Driver/Src/stm32g0xx_hal_fdcan.c **** 
2084:Drivers/STM32G0xx_HAL_Driver/Src/stm32g0xx_hal_fdcan.c ****     /* Change FDCAN peripheral state */
ARM GAS  C:\Users\sante\AppData\Local\Temp\cc59nu4g.s 			page 38


2085:Drivers/STM32G0xx_HAL_Driver/Src/stm32g0xx_hal_fdcan.c ****     hfdcan->State = HAL_FDCAN_STATE_READY;
2086:Drivers/STM32G0xx_HAL_Driver/Src/stm32g0xx_hal_fdcan.c **** 
2087:Drivers/STM32G0xx_HAL_Driver/Src/stm32g0xx_hal_fdcan.c ****     /* Return function status */
2088:Drivers/STM32G0xx_HAL_Driver/Src/stm32g0xx_hal_fdcan.c ****     return HAL_OK;
2089:Drivers/STM32G0xx_HAL_Driver/Src/stm32g0xx_hal_fdcan.c ****   }
2090:Drivers/STM32G0xx_HAL_Driver/Src/stm32g0xx_hal_fdcan.c ****   else
2091:Drivers/STM32G0xx_HAL_Driver/Src/stm32g0xx_hal_fdcan.c ****   {
2092:Drivers/STM32G0xx_HAL_Driver/Src/stm32g0xx_hal_fdcan.c ****     /* Update error code */
2093:Drivers/STM32G0xx_HAL_Driver/Src/stm32g0xx_hal_fdcan.c ****     hfdcan->ErrorCode |= HAL_FDCAN_ERROR_NOT_STARTED;
2094:Drivers/STM32G0xx_HAL_Driver/Src/stm32g0xx_hal_fdcan.c **** 
2095:Drivers/STM32G0xx_HAL_Driver/Src/stm32g0xx_hal_fdcan.c ****     return HAL_ERROR;
2096:Drivers/STM32G0xx_HAL_Driver/Src/stm32g0xx_hal_fdcan.c ****   }
2097:Drivers/STM32G0xx_HAL_Driver/Src/stm32g0xx_hal_fdcan.c **** }
2098:Drivers/STM32G0xx_HAL_Driver/Src/stm32g0xx_hal_fdcan.c **** 
2099:Drivers/STM32G0xx_HAL_Driver/Src/stm32g0xx_hal_fdcan.c **** /**
2100:Drivers/STM32G0xx_HAL_Driver/Src/stm32g0xx_hal_fdcan.c ****   * @brief  Add a message to the Tx FIFO/Queue and activate the corresponding transmission request
2101:Drivers/STM32G0xx_HAL_Driver/Src/stm32g0xx_hal_fdcan.c ****   * @param  hfdcan pointer to an FDCAN_HandleTypeDef structure that contains
2102:Drivers/STM32G0xx_HAL_Driver/Src/stm32g0xx_hal_fdcan.c ****   *         the configuration information for the specified FDCAN.
2103:Drivers/STM32G0xx_HAL_Driver/Src/stm32g0xx_hal_fdcan.c ****   * @param  pTxHeader pointer to a FDCAN_TxHeaderTypeDef structure.
2104:Drivers/STM32G0xx_HAL_Driver/Src/stm32g0xx_hal_fdcan.c ****   * @param  pTxData pointer to a buffer containing the payload of the Tx frame.
2105:Drivers/STM32G0xx_HAL_Driver/Src/stm32g0xx_hal_fdcan.c ****   * @retval HAL status
2106:Drivers/STM32G0xx_HAL_Driver/Src/stm32g0xx_hal_fdcan.c ****   */
2107:Drivers/STM32G0xx_HAL_Driver/Src/stm32g0xx_hal_fdcan.c **** HAL_StatusTypeDef HAL_FDCAN_AddMessageToTxFifoQ(FDCAN_HandleTypeDef *hfdcan, const FDCAN_TxHeaderTy
2108:Drivers/STM32G0xx_HAL_Driver/Src/stm32g0xx_hal_fdcan.c ****                                                 const uint8_t *pTxData)
2109:Drivers/STM32G0xx_HAL_Driver/Src/stm32g0xx_hal_fdcan.c **** {
2110:Drivers/STM32G0xx_HAL_Driver/Src/stm32g0xx_hal_fdcan.c ****   uint32_t PutIndex;
2111:Drivers/STM32G0xx_HAL_Driver/Src/stm32g0xx_hal_fdcan.c **** 
2112:Drivers/STM32G0xx_HAL_Driver/Src/stm32g0xx_hal_fdcan.c ****   /* Check function parameters */
2113:Drivers/STM32G0xx_HAL_Driver/Src/stm32g0xx_hal_fdcan.c ****   assert_param(IS_FDCAN_ID_TYPE(pTxHeader->IdType));
2114:Drivers/STM32G0xx_HAL_Driver/Src/stm32g0xx_hal_fdcan.c ****   if (pTxHeader->IdType == FDCAN_STANDARD_ID)
2115:Drivers/STM32G0xx_HAL_Driver/Src/stm32g0xx_hal_fdcan.c ****   {
2116:Drivers/STM32G0xx_HAL_Driver/Src/stm32g0xx_hal_fdcan.c ****     assert_param(IS_FDCAN_MAX_VALUE(pTxHeader->Identifier, 0x7FFU));
2117:Drivers/STM32G0xx_HAL_Driver/Src/stm32g0xx_hal_fdcan.c ****   }
2118:Drivers/STM32G0xx_HAL_Driver/Src/stm32g0xx_hal_fdcan.c ****   else /* pTxHeader->IdType == FDCAN_EXTENDED_ID */
2119:Drivers/STM32G0xx_HAL_Driver/Src/stm32g0xx_hal_fdcan.c ****   {
2120:Drivers/STM32G0xx_HAL_Driver/Src/stm32g0xx_hal_fdcan.c ****     assert_param(IS_FDCAN_MAX_VALUE(pTxHeader->Identifier, 0x1FFFFFFFU));
2121:Drivers/STM32G0xx_HAL_Driver/Src/stm32g0xx_hal_fdcan.c ****   }
2122:Drivers/STM32G0xx_HAL_Driver/Src/stm32g0xx_hal_fdcan.c ****   assert_param(IS_FDCAN_FRAME_TYPE(pTxHeader->TxFrameType));
2123:Drivers/STM32G0xx_HAL_Driver/Src/stm32g0xx_hal_fdcan.c ****   assert_param(IS_FDCAN_DLC(pTxHeader->DataLength));
2124:Drivers/STM32G0xx_HAL_Driver/Src/stm32g0xx_hal_fdcan.c ****   assert_param(IS_FDCAN_ESI(pTxHeader->ErrorStateIndicator));
2125:Drivers/STM32G0xx_HAL_Driver/Src/stm32g0xx_hal_fdcan.c ****   assert_param(IS_FDCAN_BRS(pTxHeader->BitRateSwitch));
2126:Drivers/STM32G0xx_HAL_Driver/Src/stm32g0xx_hal_fdcan.c ****   assert_param(IS_FDCAN_FDF(pTxHeader->FDFormat));
2127:Drivers/STM32G0xx_HAL_Driver/Src/stm32g0xx_hal_fdcan.c ****   assert_param(IS_FDCAN_EFC(pTxHeader->TxEventFifoControl));
2128:Drivers/STM32G0xx_HAL_Driver/Src/stm32g0xx_hal_fdcan.c ****   assert_param(IS_FDCAN_MAX_VALUE(pTxHeader->MessageMarker, 0xFFU));
2129:Drivers/STM32G0xx_HAL_Driver/Src/stm32g0xx_hal_fdcan.c **** 
2130:Drivers/STM32G0xx_HAL_Driver/Src/stm32g0xx_hal_fdcan.c ****   if (hfdcan->State == HAL_FDCAN_STATE_BUSY)
2131:Drivers/STM32G0xx_HAL_Driver/Src/stm32g0xx_hal_fdcan.c ****   {
2132:Drivers/STM32G0xx_HAL_Driver/Src/stm32g0xx_hal_fdcan.c ****     /* Check that the Tx FIFO/Queue is not full */
2133:Drivers/STM32G0xx_HAL_Driver/Src/stm32g0xx_hal_fdcan.c ****     if ((hfdcan->Instance->TXFQS & FDCAN_TXFQS_TFQF) != 0U)
2134:Drivers/STM32G0xx_HAL_Driver/Src/stm32g0xx_hal_fdcan.c ****     {
2135:Drivers/STM32G0xx_HAL_Driver/Src/stm32g0xx_hal_fdcan.c ****       /* Update error code */
2136:Drivers/STM32G0xx_HAL_Driver/Src/stm32g0xx_hal_fdcan.c ****       hfdcan->ErrorCode |= HAL_FDCAN_ERROR_FIFO_FULL;
2137:Drivers/STM32G0xx_HAL_Driver/Src/stm32g0xx_hal_fdcan.c **** 
2138:Drivers/STM32G0xx_HAL_Driver/Src/stm32g0xx_hal_fdcan.c ****       return HAL_ERROR;
2139:Drivers/STM32G0xx_HAL_Driver/Src/stm32g0xx_hal_fdcan.c ****     }
2140:Drivers/STM32G0xx_HAL_Driver/Src/stm32g0xx_hal_fdcan.c ****     else
2141:Drivers/STM32G0xx_HAL_Driver/Src/stm32g0xx_hal_fdcan.c ****     {
ARM GAS  C:\Users\sante\AppData\Local\Temp\cc59nu4g.s 			page 39


2142:Drivers/STM32G0xx_HAL_Driver/Src/stm32g0xx_hal_fdcan.c ****       /* Retrieve the Tx FIFO PutIndex */
2143:Drivers/STM32G0xx_HAL_Driver/Src/stm32g0xx_hal_fdcan.c ****       PutIndex = ((hfdcan->Instance->TXFQS & FDCAN_TXFQS_TFQPI) >> FDCAN_TXFQS_TFQPI_Pos);
2144:Drivers/STM32G0xx_HAL_Driver/Src/stm32g0xx_hal_fdcan.c **** 
2145:Drivers/STM32G0xx_HAL_Driver/Src/stm32g0xx_hal_fdcan.c ****       /* Add the message to the Tx FIFO/Queue */
2146:Drivers/STM32G0xx_HAL_Driver/Src/stm32g0xx_hal_fdcan.c ****       FDCAN_CopyMessageToRAM(hfdcan, pTxHeader, pTxData, PutIndex);
2147:Drivers/STM32G0xx_HAL_Driver/Src/stm32g0xx_hal_fdcan.c **** 
2148:Drivers/STM32G0xx_HAL_Driver/Src/stm32g0xx_hal_fdcan.c ****       /* Activate the corresponding transmission request */
2149:Drivers/STM32G0xx_HAL_Driver/Src/stm32g0xx_hal_fdcan.c ****       hfdcan->Instance->TXBAR = ((uint32_t)1 << PutIndex);
2150:Drivers/STM32G0xx_HAL_Driver/Src/stm32g0xx_hal_fdcan.c **** 
2151:Drivers/STM32G0xx_HAL_Driver/Src/stm32g0xx_hal_fdcan.c ****       /* Store the Latest Tx FIFO/Queue Request Buffer Index */
2152:Drivers/STM32G0xx_HAL_Driver/Src/stm32g0xx_hal_fdcan.c ****       hfdcan->LatestTxFifoQRequest = ((uint32_t)1 << PutIndex);
2153:Drivers/STM32G0xx_HAL_Driver/Src/stm32g0xx_hal_fdcan.c ****     }
2154:Drivers/STM32G0xx_HAL_Driver/Src/stm32g0xx_hal_fdcan.c **** 
2155:Drivers/STM32G0xx_HAL_Driver/Src/stm32g0xx_hal_fdcan.c ****     /* Return function status */
2156:Drivers/STM32G0xx_HAL_Driver/Src/stm32g0xx_hal_fdcan.c ****     return HAL_OK;
2157:Drivers/STM32G0xx_HAL_Driver/Src/stm32g0xx_hal_fdcan.c ****   }
2158:Drivers/STM32G0xx_HAL_Driver/Src/stm32g0xx_hal_fdcan.c ****   else
2159:Drivers/STM32G0xx_HAL_Driver/Src/stm32g0xx_hal_fdcan.c ****   {
2160:Drivers/STM32G0xx_HAL_Driver/Src/stm32g0xx_hal_fdcan.c ****     /* Update error code */
2161:Drivers/STM32G0xx_HAL_Driver/Src/stm32g0xx_hal_fdcan.c ****     hfdcan->ErrorCode |= HAL_FDCAN_ERROR_NOT_STARTED;
2162:Drivers/STM32G0xx_HAL_Driver/Src/stm32g0xx_hal_fdcan.c **** 
2163:Drivers/STM32G0xx_HAL_Driver/Src/stm32g0xx_hal_fdcan.c ****     return HAL_ERROR;
2164:Drivers/STM32G0xx_HAL_Driver/Src/stm32g0xx_hal_fdcan.c ****   }
2165:Drivers/STM32G0xx_HAL_Driver/Src/stm32g0xx_hal_fdcan.c **** }
2166:Drivers/STM32G0xx_HAL_Driver/Src/stm32g0xx_hal_fdcan.c **** 
2167:Drivers/STM32G0xx_HAL_Driver/Src/stm32g0xx_hal_fdcan.c **** /**
2168:Drivers/STM32G0xx_HAL_Driver/Src/stm32g0xx_hal_fdcan.c ****   * @brief  Get Tx buffer index of latest Tx FIFO/Queue request
2169:Drivers/STM32G0xx_HAL_Driver/Src/stm32g0xx_hal_fdcan.c ****   * @param  hfdcan pointer to an FDCAN_HandleTypeDef structure that contains
2170:Drivers/STM32G0xx_HAL_Driver/Src/stm32g0xx_hal_fdcan.c ****   *         the configuration information for the specified FDCAN.
2171:Drivers/STM32G0xx_HAL_Driver/Src/stm32g0xx_hal_fdcan.c ****   * @retval Tx buffer index of last Tx FIFO/Queue request
2172:Drivers/STM32G0xx_HAL_Driver/Src/stm32g0xx_hal_fdcan.c ****   *          - Any value of @arg FDCAN_Tx_location if Tx request has been submitted.
2173:Drivers/STM32G0xx_HAL_Driver/Src/stm32g0xx_hal_fdcan.c ****   *          - 0 if no Tx FIFO/Queue request have been submitted.
2174:Drivers/STM32G0xx_HAL_Driver/Src/stm32g0xx_hal_fdcan.c ****   */
2175:Drivers/STM32G0xx_HAL_Driver/Src/stm32g0xx_hal_fdcan.c **** uint32_t HAL_FDCAN_GetLatestTxFifoQRequestBuffer(const FDCAN_HandleTypeDef *hfdcan)
2176:Drivers/STM32G0xx_HAL_Driver/Src/stm32g0xx_hal_fdcan.c **** {
2177:Drivers/STM32G0xx_HAL_Driver/Src/stm32g0xx_hal_fdcan.c ****   /* Return Last Tx FIFO/Queue Request Buffer */
2178:Drivers/STM32G0xx_HAL_Driver/Src/stm32g0xx_hal_fdcan.c ****   return hfdcan->LatestTxFifoQRequest;
2179:Drivers/STM32G0xx_HAL_Driver/Src/stm32g0xx_hal_fdcan.c **** }
2180:Drivers/STM32G0xx_HAL_Driver/Src/stm32g0xx_hal_fdcan.c **** 
2181:Drivers/STM32G0xx_HAL_Driver/Src/stm32g0xx_hal_fdcan.c **** /**
2182:Drivers/STM32G0xx_HAL_Driver/Src/stm32g0xx_hal_fdcan.c ****   * @brief  Abort transmission request
2183:Drivers/STM32G0xx_HAL_Driver/Src/stm32g0xx_hal_fdcan.c ****   * @param  hfdcan pointer to an FDCAN_HandleTypeDef structure that contains
2184:Drivers/STM32G0xx_HAL_Driver/Src/stm32g0xx_hal_fdcan.c ****   *         the configuration information for the specified FDCAN.
2185:Drivers/STM32G0xx_HAL_Driver/Src/stm32g0xx_hal_fdcan.c ****   * @param  BufferIndex buffer index.
2186:Drivers/STM32G0xx_HAL_Driver/Src/stm32g0xx_hal_fdcan.c ****   *         This parameter can be any combination of @arg FDCAN_Tx_location.
2187:Drivers/STM32G0xx_HAL_Driver/Src/stm32g0xx_hal_fdcan.c ****   * @retval HAL status
2188:Drivers/STM32G0xx_HAL_Driver/Src/stm32g0xx_hal_fdcan.c ****   */
2189:Drivers/STM32G0xx_HAL_Driver/Src/stm32g0xx_hal_fdcan.c **** HAL_StatusTypeDef HAL_FDCAN_AbortTxRequest(FDCAN_HandleTypeDef *hfdcan, uint32_t BufferIndex)
2190:Drivers/STM32G0xx_HAL_Driver/Src/stm32g0xx_hal_fdcan.c **** {
2191:Drivers/STM32G0xx_HAL_Driver/Src/stm32g0xx_hal_fdcan.c ****   /* Check function parameters */
2192:Drivers/STM32G0xx_HAL_Driver/Src/stm32g0xx_hal_fdcan.c ****   assert_param(IS_FDCAN_TX_LOCATION_LIST(BufferIndex));
2193:Drivers/STM32G0xx_HAL_Driver/Src/stm32g0xx_hal_fdcan.c **** 
2194:Drivers/STM32G0xx_HAL_Driver/Src/stm32g0xx_hal_fdcan.c ****   if (hfdcan->State == HAL_FDCAN_STATE_BUSY)
2195:Drivers/STM32G0xx_HAL_Driver/Src/stm32g0xx_hal_fdcan.c ****   {
2196:Drivers/STM32G0xx_HAL_Driver/Src/stm32g0xx_hal_fdcan.c ****     /* Add cancellation request */
2197:Drivers/STM32G0xx_HAL_Driver/Src/stm32g0xx_hal_fdcan.c ****     hfdcan->Instance->TXBCR = BufferIndex;
2198:Drivers/STM32G0xx_HAL_Driver/Src/stm32g0xx_hal_fdcan.c **** 
ARM GAS  C:\Users\sante\AppData\Local\Temp\cc59nu4g.s 			page 40


2199:Drivers/STM32G0xx_HAL_Driver/Src/stm32g0xx_hal_fdcan.c ****     /* Return function status */
2200:Drivers/STM32G0xx_HAL_Driver/Src/stm32g0xx_hal_fdcan.c ****     return HAL_OK;
2201:Drivers/STM32G0xx_HAL_Driver/Src/stm32g0xx_hal_fdcan.c ****   }
2202:Drivers/STM32G0xx_HAL_Driver/Src/stm32g0xx_hal_fdcan.c ****   else
2203:Drivers/STM32G0xx_HAL_Driver/Src/stm32g0xx_hal_fdcan.c ****   {
2204:Drivers/STM32G0xx_HAL_Driver/Src/stm32g0xx_hal_fdcan.c ****     /* Update error code */
2205:Drivers/STM32G0xx_HAL_Driver/Src/stm32g0xx_hal_fdcan.c ****     hfdcan->ErrorCode |= HAL_FDCAN_ERROR_NOT_STARTED;
2206:Drivers/STM32G0xx_HAL_Driver/Src/stm32g0xx_hal_fdcan.c **** 
2207:Drivers/STM32G0xx_HAL_Driver/Src/stm32g0xx_hal_fdcan.c ****     return HAL_ERROR;
2208:Drivers/STM32G0xx_HAL_Driver/Src/stm32g0xx_hal_fdcan.c ****   }
2209:Drivers/STM32G0xx_HAL_Driver/Src/stm32g0xx_hal_fdcan.c **** }
2210:Drivers/STM32G0xx_HAL_Driver/Src/stm32g0xx_hal_fdcan.c **** 
2211:Drivers/STM32G0xx_HAL_Driver/Src/stm32g0xx_hal_fdcan.c **** /**
2212:Drivers/STM32G0xx_HAL_Driver/Src/stm32g0xx_hal_fdcan.c ****   * @brief  Get an FDCAN frame from the Rx FIFO zone into the message RAM.
2213:Drivers/STM32G0xx_HAL_Driver/Src/stm32g0xx_hal_fdcan.c ****   * @param  hfdcan pointer to an FDCAN_HandleTypeDef structure that contains
2214:Drivers/STM32G0xx_HAL_Driver/Src/stm32g0xx_hal_fdcan.c ****   *         the configuration information for the specified FDCAN.
2215:Drivers/STM32G0xx_HAL_Driver/Src/stm32g0xx_hal_fdcan.c ****   * @param  RxLocation Location of the received message to be read.
2216:Drivers/STM32G0xx_HAL_Driver/Src/stm32g0xx_hal_fdcan.c ****   *         This parameter can be a value of @arg FDCAN_Rx_location.
2217:Drivers/STM32G0xx_HAL_Driver/Src/stm32g0xx_hal_fdcan.c ****   * @param  pRxHeader pointer to a FDCAN_RxHeaderTypeDef structure.
2218:Drivers/STM32G0xx_HAL_Driver/Src/stm32g0xx_hal_fdcan.c ****   * @param  pRxData pointer to a buffer where the payload of the Rx frame will be stored.
2219:Drivers/STM32G0xx_HAL_Driver/Src/stm32g0xx_hal_fdcan.c ****   * @retval HAL status
2220:Drivers/STM32G0xx_HAL_Driver/Src/stm32g0xx_hal_fdcan.c ****   */
2221:Drivers/STM32G0xx_HAL_Driver/Src/stm32g0xx_hal_fdcan.c **** HAL_StatusTypeDef HAL_FDCAN_GetRxMessage(FDCAN_HandleTypeDef *hfdcan, uint32_t RxLocation,
2222:Drivers/STM32G0xx_HAL_Driver/Src/stm32g0xx_hal_fdcan.c ****                                          FDCAN_RxHeaderTypeDef *pRxHeader, uint8_t *pRxData)
2223:Drivers/STM32G0xx_HAL_Driver/Src/stm32g0xx_hal_fdcan.c **** {
2224:Drivers/STM32G0xx_HAL_Driver/Src/stm32g0xx_hal_fdcan.c ****   uint32_t *RxAddress;
2225:Drivers/STM32G0xx_HAL_Driver/Src/stm32g0xx_hal_fdcan.c ****   uint8_t  *pData;
2226:Drivers/STM32G0xx_HAL_Driver/Src/stm32g0xx_hal_fdcan.c ****   uint32_t ByteCounter;
2227:Drivers/STM32G0xx_HAL_Driver/Src/stm32g0xx_hal_fdcan.c ****   uint32_t GetIndex = 0;
2228:Drivers/STM32G0xx_HAL_Driver/Src/stm32g0xx_hal_fdcan.c ****   HAL_FDCAN_StateTypeDef state = hfdcan->State;
2229:Drivers/STM32G0xx_HAL_Driver/Src/stm32g0xx_hal_fdcan.c **** 
2230:Drivers/STM32G0xx_HAL_Driver/Src/stm32g0xx_hal_fdcan.c ****   /* Check function parameters */
2231:Drivers/STM32G0xx_HAL_Driver/Src/stm32g0xx_hal_fdcan.c ****   assert_param(IS_FDCAN_RX_FIFO(RxLocation));
2232:Drivers/STM32G0xx_HAL_Driver/Src/stm32g0xx_hal_fdcan.c **** 
2233:Drivers/STM32G0xx_HAL_Driver/Src/stm32g0xx_hal_fdcan.c ****   if (state == HAL_FDCAN_STATE_BUSY)
2234:Drivers/STM32G0xx_HAL_Driver/Src/stm32g0xx_hal_fdcan.c ****   {
2235:Drivers/STM32G0xx_HAL_Driver/Src/stm32g0xx_hal_fdcan.c ****     if (RxLocation == FDCAN_RX_FIFO0) /* Rx element is assigned to the Rx FIFO 0 */
2236:Drivers/STM32G0xx_HAL_Driver/Src/stm32g0xx_hal_fdcan.c ****     {
2237:Drivers/STM32G0xx_HAL_Driver/Src/stm32g0xx_hal_fdcan.c ****       /* Check that the Rx FIFO 0 is not empty */
2238:Drivers/STM32G0xx_HAL_Driver/Src/stm32g0xx_hal_fdcan.c ****       if ((hfdcan->Instance->RXF0S & FDCAN_RXF0S_F0FL) == 0U)
2239:Drivers/STM32G0xx_HAL_Driver/Src/stm32g0xx_hal_fdcan.c ****       {
2240:Drivers/STM32G0xx_HAL_Driver/Src/stm32g0xx_hal_fdcan.c ****         /* Update error code */
2241:Drivers/STM32G0xx_HAL_Driver/Src/stm32g0xx_hal_fdcan.c ****         hfdcan->ErrorCode |= HAL_FDCAN_ERROR_FIFO_EMPTY;
2242:Drivers/STM32G0xx_HAL_Driver/Src/stm32g0xx_hal_fdcan.c **** 
2243:Drivers/STM32G0xx_HAL_Driver/Src/stm32g0xx_hal_fdcan.c ****         return HAL_ERROR;
2244:Drivers/STM32G0xx_HAL_Driver/Src/stm32g0xx_hal_fdcan.c ****       }
2245:Drivers/STM32G0xx_HAL_Driver/Src/stm32g0xx_hal_fdcan.c ****       else
2246:Drivers/STM32G0xx_HAL_Driver/Src/stm32g0xx_hal_fdcan.c ****       {
2247:Drivers/STM32G0xx_HAL_Driver/Src/stm32g0xx_hal_fdcan.c ****         /* Check that the Rx FIFO 0 is full & overwrite mode is on */
2248:Drivers/STM32G0xx_HAL_Driver/Src/stm32g0xx_hal_fdcan.c ****         if (((hfdcan->Instance->RXF0S & FDCAN_RXF0S_F0F) >> FDCAN_RXF0S_F0F_Pos) == 1U)
2249:Drivers/STM32G0xx_HAL_Driver/Src/stm32g0xx_hal_fdcan.c ****         {
2250:Drivers/STM32G0xx_HAL_Driver/Src/stm32g0xx_hal_fdcan.c ****           if (((hfdcan->Instance->RXGFC & FDCAN_RXGFC_F0OM) >> FDCAN_RXGFC_F0OM_Pos) == FDCAN_RX_FI
2251:Drivers/STM32G0xx_HAL_Driver/Src/stm32g0xx_hal_fdcan.c ****           {
2252:Drivers/STM32G0xx_HAL_Driver/Src/stm32g0xx_hal_fdcan.c ****             /* When overwrite status is on discard first message in FIFO */
2253:Drivers/STM32G0xx_HAL_Driver/Src/stm32g0xx_hal_fdcan.c ****             GetIndex = 1U;
2254:Drivers/STM32G0xx_HAL_Driver/Src/stm32g0xx_hal_fdcan.c ****           }
2255:Drivers/STM32G0xx_HAL_Driver/Src/stm32g0xx_hal_fdcan.c ****         }
ARM GAS  C:\Users\sante\AppData\Local\Temp\cc59nu4g.s 			page 41


2256:Drivers/STM32G0xx_HAL_Driver/Src/stm32g0xx_hal_fdcan.c **** 
2257:Drivers/STM32G0xx_HAL_Driver/Src/stm32g0xx_hal_fdcan.c ****         /* Calculate Rx FIFO 0 element index */
2258:Drivers/STM32G0xx_HAL_Driver/Src/stm32g0xx_hal_fdcan.c ****         GetIndex += ((hfdcan->Instance->RXF0S & FDCAN_RXF0S_F0GI) >> FDCAN_RXF0S_F0GI_Pos);
2259:Drivers/STM32G0xx_HAL_Driver/Src/stm32g0xx_hal_fdcan.c **** 
2260:Drivers/STM32G0xx_HAL_Driver/Src/stm32g0xx_hal_fdcan.c ****         /* Calculate Rx FIFO 0 element address */
2261:Drivers/STM32G0xx_HAL_Driver/Src/stm32g0xx_hal_fdcan.c ****         RxAddress = (uint32_t *)(hfdcan->msgRam.RxFIFO0SA + (GetIndex * SRAMCAN_RF0_SIZE));
2262:Drivers/STM32G0xx_HAL_Driver/Src/stm32g0xx_hal_fdcan.c ****       }
2263:Drivers/STM32G0xx_HAL_Driver/Src/stm32g0xx_hal_fdcan.c ****     }
2264:Drivers/STM32G0xx_HAL_Driver/Src/stm32g0xx_hal_fdcan.c ****     else /* Rx element is assigned to the Rx FIFO 1 */
2265:Drivers/STM32G0xx_HAL_Driver/Src/stm32g0xx_hal_fdcan.c ****     {
2266:Drivers/STM32G0xx_HAL_Driver/Src/stm32g0xx_hal_fdcan.c ****       /* Check that the Rx FIFO 1 is not empty */
2267:Drivers/STM32G0xx_HAL_Driver/Src/stm32g0xx_hal_fdcan.c ****       if ((hfdcan->Instance->RXF1S & FDCAN_RXF1S_F1FL) == 0U)
2268:Drivers/STM32G0xx_HAL_Driver/Src/stm32g0xx_hal_fdcan.c ****       {
2269:Drivers/STM32G0xx_HAL_Driver/Src/stm32g0xx_hal_fdcan.c ****         /* Update error code */
2270:Drivers/STM32G0xx_HAL_Driver/Src/stm32g0xx_hal_fdcan.c ****         hfdcan->ErrorCode |= HAL_FDCAN_ERROR_FIFO_EMPTY;
2271:Drivers/STM32G0xx_HAL_Driver/Src/stm32g0xx_hal_fdcan.c **** 
2272:Drivers/STM32G0xx_HAL_Driver/Src/stm32g0xx_hal_fdcan.c ****         return HAL_ERROR;
2273:Drivers/STM32G0xx_HAL_Driver/Src/stm32g0xx_hal_fdcan.c ****       }
2274:Drivers/STM32G0xx_HAL_Driver/Src/stm32g0xx_hal_fdcan.c ****       else
2275:Drivers/STM32G0xx_HAL_Driver/Src/stm32g0xx_hal_fdcan.c ****       {
2276:Drivers/STM32G0xx_HAL_Driver/Src/stm32g0xx_hal_fdcan.c ****         /* Check that the Rx FIFO 1 is full & overwrite mode is on */
2277:Drivers/STM32G0xx_HAL_Driver/Src/stm32g0xx_hal_fdcan.c ****         if (((hfdcan->Instance->RXF1S & FDCAN_RXF1S_F1F) >> FDCAN_RXF1S_F1F_Pos) == 1U)
2278:Drivers/STM32G0xx_HAL_Driver/Src/stm32g0xx_hal_fdcan.c ****         {
2279:Drivers/STM32G0xx_HAL_Driver/Src/stm32g0xx_hal_fdcan.c ****           if (((hfdcan->Instance->RXGFC & FDCAN_RXGFC_F1OM) >> FDCAN_RXGFC_F1OM_Pos) == FDCAN_RX_FI
2280:Drivers/STM32G0xx_HAL_Driver/Src/stm32g0xx_hal_fdcan.c ****           {
2281:Drivers/STM32G0xx_HAL_Driver/Src/stm32g0xx_hal_fdcan.c ****             /* When overwrite status is on discard first message in FIFO */
2282:Drivers/STM32G0xx_HAL_Driver/Src/stm32g0xx_hal_fdcan.c ****             GetIndex = 1U;
2283:Drivers/STM32G0xx_HAL_Driver/Src/stm32g0xx_hal_fdcan.c ****           }
2284:Drivers/STM32G0xx_HAL_Driver/Src/stm32g0xx_hal_fdcan.c ****         }
2285:Drivers/STM32G0xx_HAL_Driver/Src/stm32g0xx_hal_fdcan.c **** 
2286:Drivers/STM32G0xx_HAL_Driver/Src/stm32g0xx_hal_fdcan.c ****         /* Calculate Rx FIFO 1 element index */
2287:Drivers/STM32G0xx_HAL_Driver/Src/stm32g0xx_hal_fdcan.c ****         GetIndex += ((hfdcan->Instance->RXF1S & FDCAN_RXF1S_F1GI) >> FDCAN_RXF1S_F1GI_Pos);
2288:Drivers/STM32G0xx_HAL_Driver/Src/stm32g0xx_hal_fdcan.c ****         /* Calculate Rx FIFO 1 element address */
2289:Drivers/STM32G0xx_HAL_Driver/Src/stm32g0xx_hal_fdcan.c ****         RxAddress = (uint32_t *)(hfdcan->msgRam.RxFIFO1SA + (GetIndex * SRAMCAN_RF1_SIZE));
2290:Drivers/STM32G0xx_HAL_Driver/Src/stm32g0xx_hal_fdcan.c ****       }
2291:Drivers/STM32G0xx_HAL_Driver/Src/stm32g0xx_hal_fdcan.c ****     }
2292:Drivers/STM32G0xx_HAL_Driver/Src/stm32g0xx_hal_fdcan.c **** 
2293:Drivers/STM32G0xx_HAL_Driver/Src/stm32g0xx_hal_fdcan.c ****     /* Retrieve IdType */
2294:Drivers/STM32G0xx_HAL_Driver/Src/stm32g0xx_hal_fdcan.c ****     pRxHeader->IdType = *RxAddress & FDCAN_ELEMENT_MASK_XTD;
2295:Drivers/STM32G0xx_HAL_Driver/Src/stm32g0xx_hal_fdcan.c **** 
2296:Drivers/STM32G0xx_HAL_Driver/Src/stm32g0xx_hal_fdcan.c ****     /* Retrieve Identifier */
2297:Drivers/STM32G0xx_HAL_Driver/Src/stm32g0xx_hal_fdcan.c ****     if (pRxHeader->IdType == FDCAN_STANDARD_ID) /* Standard ID element */
2298:Drivers/STM32G0xx_HAL_Driver/Src/stm32g0xx_hal_fdcan.c ****     {
2299:Drivers/STM32G0xx_HAL_Driver/Src/stm32g0xx_hal_fdcan.c ****       pRxHeader->Identifier = ((*RxAddress & FDCAN_ELEMENT_MASK_STDID) >> 18U);
2300:Drivers/STM32G0xx_HAL_Driver/Src/stm32g0xx_hal_fdcan.c ****     }
2301:Drivers/STM32G0xx_HAL_Driver/Src/stm32g0xx_hal_fdcan.c ****     else /* Extended ID element */
2302:Drivers/STM32G0xx_HAL_Driver/Src/stm32g0xx_hal_fdcan.c ****     {
2303:Drivers/STM32G0xx_HAL_Driver/Src/stm32g0xx_hal_fdcan.c ****       pRxHeader->Identifier = (*RxAddress & FDCAN_ELEMENT_MASK_EXTID);
2304:Drivers/STM32G0xx_HAL_Driver/Src/stm32g0xx_hal_fdcan.c ****     }
2305:Drivers/STM32G0xx_HAL_Driver/Src/stm32g0xx_hal_fdcan.c **** 
2306:Drivers/STM32G0xx_HAL_Driver/Src/stm32g0xx_hal_fdcan.c ****     /* Retrieve RxFrameType */
2307:Drivers/STM32G0xx_HAL_Driver/Src/stm32g0xx_hal_fdcan.c ****     pRxHeader->RxFrameType = (*RxAddress & FDCAN_ELEMENT_MASK_RTR);
2308:Drivers/STM32G0xx_HAL_Driver/Src/stm32g0xx_hal_fdcan.c **** 
2309:Drivers/STM32G0xx_HAL_Driver/Src/stm32g0xx_hal_fdcan.c ****     /* Retrieve ErrorStateIndicator */
2310:Drivers/STM32G0xx_HAL_Driver/Src/stm32g0xx_hal_fdcan.c ****     pRxHeader->ErrorStateIndicator = (*RxAddress & FDCAN_ELEMENT_MASK_ESI);
2311:Drivers/STM32G0xx_HAL_Driver/Src/stm32g0xx_hal_fdcan.c **** 
2312:Drivers/STM32G0xx_HAL_Driver/Src/stm32g0xx_hal_fdcan.c ****     /* Increment RxAddress pointer to second word of Rx FIFO element */
ARM GAS  C:\Users\sante\AppData\Local\Temp\cc59nu4g.s 			page 42


2313:Drivers/STM32G0xx_HAL_Driver/Src/stm32g0xx_hal_fdcan.c ****     RxAddress++;
2314:Drivers/STM32G0xx_HAL_Driver/Src/stm32g0xx_hal_fdcan.c **** 
2315:Drivers/STM32G0xx_HAL_Driver/Src/stm32g0xx_hal_fdcan.c ****     /* Retrieve RxTimestamp */
2316:Drivers/STM32G0xx_HAL_Driver/Src/stm32g0xx_hal_fdcan.c ****     pRxHeader->RxTimestamp = (*RxAddress & FDCAN_ELEMENT_MASK_TS);
2317:Drivers/STM32G0xx_HAL_Driver/Src/stm32g0xx_hal_fdcan.c **** 
2318:Drivers/STM32G0xx_HAL_Driver/Src/stm32g0xx_hal_fdcan.c ****     /* Retrieve DataLength */
2319:Drivers/STM32G0xx_HAL_Driver/Src/stm32g0xx_hal_fdcan.c ****     pRxHeader->DataLength = ((*RxAddress & FDCAN_ELEMENT_MASK_DLC) >> 16U);
2320:Drivers/STM32G0xx_HAL_Driver/Src/stm32g0xx_hal_fdcan.c **** 
2321:Drivers/STM32G0xx_HAL_Driver/Src/stm32g0xx_hal_fdcan.c ****     /* Retrieve BitRateSwitch */
2322:Drivers/STM32G0xx_HAL_Driver/Src/stm32g0xx_hal_fdcan.c ****     pRxHeader->BitRateSwitch = (*RxAddress & FDCAN_ELEMENT_MASK_BRS);
2323:Drivers/STM32G0xx_HAL_Driver/Src/stm32g0xx_hal_fdcan.c **** 
2324:Drivers/STM32G0xx_HAL_Driver/Src/stm32g0xx_hal_fdcan.c ****     /* Retrieve FDFormat */
2325:Drivers/STM32G0xx_HAL_Driver/Src/stm32g0xx_hal_fdcan.c ****     pRxHeader->FDFormat = (*RxAddress & FDCAN_ELEMENT_MASK_FDF);
2326:Drivers/STM32G0xx_HAL_Driver/Src/stm32g0xx_hal_fdcan.c **** 
2327:Drivers/STM32G0xx_HAL_Driver/Src/stm32g0xx_hal_fdcan.c ****     /* Retrieve FilterIndex */
2328:Drivers/STM32G0xx_HAL_Driver/Src/stm32g0xx_hal_fdcan.c ****     pRxHeader->FilterIndex = ((*RxAddress & FDCAN_ELEMENT_MASK_FIDX) >> 24U);
2329:Drivers/STM32G0xx_HAL_Driver/Src/stm32g0xx_hal_fdcan.c **** 
2330:Drivers/STM32G0xx_HAL_Driver/Src/stm32g0xx_hal_fdcan.c ****     /* Retrieve NonMatchingFrame */
2331:Drivers/STM32G0xx_HAL_Driver/Src/stm32g0xx_hal_fdcan.c ****     pRxHeader->IsFilterMatchingFrame = ((*RxAddress & FDCAN_ELEMENT_MASK_ANMF) >> 31U);
2332:Drivers/STM32G0xx_HAL_Driver/Src/stm32g0xx_hal_fdcan.c **** 
2333:Drivers/STM32G0xx_HAL_Driver/Src/stm32g0xx_hal_fdcan.c ****     /* Increment RxAddress pointer to payload of Rx FIFO element */
2334:Drivers/STM32G0xx_HAL_Driver/Src/stm32g0xx_hal_fdcan.c ****     RxAddress++;
2335:Drivers/STM32G0xx_HAL_Driver/Src/stm32g0xx_hal_fdcan.c **** 
2336:Drivers/STM32G0xx_HAL_Driver/Src/stm32g0xx_hal_fdcan.c ****     /* Retrieve Rx payload */
2337:Drivers/STM32G0xx_HAL_Driver/Src/stm32g0xx_hal_fdcan.c ****     pData = (uint8_t *)RxAddress;
2338:Drivers/STM32G0xx_HAL_Driver/Src/stm32g0xx_hal_fdcan.c ****     for (ByteCounter = 0; ByteCounter < DLCtoBytes[pRxHeader->DataLength]; ByteCounter++)
2339:Drivers/STM32G0xx_HAL_Driver/Src/stm32g0xx_hal_fdcan.c ****     {
2340:Drivers/STM32G0xx_HAL_Driver/Src/stm32g0xx_hal_fdcan.c ****       pRxData[ByteCounter] = pData[ByteCounter];
2341:Drivers/STM32G0xx_HAL_Driver/Src/stm32g0xx_hal_fdcan.c ****     }
2342:Drivers/STM32G0xx_HAL_Driver/Src/stm32g0xx_hal_fdcan.c **** 
2343:Drivers/STM32G0xx_HAL_Driver/Src/stm32g0xx_hal_fdcan.c ****     if (RxLocation == FDCAN_RX_FIFO0) /* Rx element is assigned to the Rx FIFO 0 */
2344:Drivers/STM32G0xx_HAL_Driver/Src/stm32g0xx_hal_fdcan.c ****     {
2345:Drivers/STM32G0xx_HAL_Driver/Src/stm32g0xx_hal_fdcan.c ****       /* Acknowledge the Rx FIFO 0 that the oldest element is read so that it increments the GetInd
2346:Drivers/STM32G0xx_HAL_Driver/Src/stm32g0xx_hal_fdcan.c ****       hfdcan->Instance->RXF0A = GetIndex;
2347:Drivers/STM32G0xx_HAL_Driver/Src/stm32g0xx_hal_fdcan.c ****     }
2348:Drivers/STM32G0xx_HAL_Driver/Src/stm32g0xx_hal_fdcan.c ****     else /* Rx element is assigned to the Rx FIFO 1 */
2349:Drivers/STM32G0xx_HAL_Driver/Src/stm32g0xx_hal_fdcan.c ****     {
2350:Drivers/STM32G0xx_HAL_Driver/Src/stm32g0xx_hal_fdcan.c ****       /* Acknowledge the Rx FIFO 1 that the oldest element is read so that it increments the GetInd
2351:Drivers/STM32G0xx_HAL_Driver/Src/stm32g0xx_hal_fdcan.c ****       hfdcan->Instance->RXF1A = GetIndex;
2352:Drivers/STM32G0xx_HAL_Driver/Src/stm32g0xx_hal_fdcan.c ****     }
2353:Drivers/STM32G0xx_HAL_Driver/Src/stm32g0xx_hal_fdcan.c **** 
2354:Drivers/STM32G0xx_HAL_Driver/Src/stm32g0xx_hal_fdcan.c ****     /* Return function status */
2355:Drivers/STM32G0xx_HAL_Driver/Src/stm32g0xx_hal_fdcan.c ****     return HAL_OK;
2356:Drivers/STM32G0xx_HAL_Driver/Src/stm32g0xx_hal_fdcan.c ****   }
2357:Drivers/STM32G0xx_HAL_Driver/Src/stm32g0xx_hal_fdcan.c ****   else
2358:Drivers/STM32G0xx_HAL_Driver/Src/stm32g0xx_hal_fdcan.c ****   {
2359:Drivers/STM32G0xx_HAL_Driver/Src/stm32g0xx_hal_fdcan.c ****     /* Update error code */
2360:Drivers/STM32G0xx_HAL_Driver/Src/stm32g0xx_hal_fdcan.c ****     hfdcan->ErrorCode |= HAL_FDCAN_ERROR_NOT_STARTED;
2361:Drivers/STM32G0xx_HAL_Driver/Src/stm32g0xx_hal_fdcan.c **** 
2362:Drivers/STM32G0xx_HAL_Driver/Src/stm32g0xx_hal_fdcan.c ****     return HAL_ERROR;
2363:Drivers/STM32G0xx_HAL_Driver/Src/stm32g0xx_hal_fdcan.c ****   }
2364:Drivers/STM32G0xx_HAL_Driver/Src/stm32g0xx_hal_fdcan.c **** }
2365:Drivers/STM32G0xx_HAL_Driver/Src/stm32g0xx_hal_fdcan.c **** 
2366:Drivers/STM32G0xx_HAL_Driver/Src/stm32g0xx_hal_fdcan.c **** /**
2367:Drivers/STM32G0xx_HAL_Driver/Src/stm32g0xx_hal_fdcan.c ****   * @brief  Get an FDCAN Tx event from the Tx Event FIFO zone into the message RAM.
2368:Drivers/STM32G0xx_HAL_Driver/Src/stm32g0xx_hal_fdcan.c ****   * @param  hfdcan pointer to an FDCAN_HandleTypeDef structure that contains
2369:Drivers/STM32G0xx_HAL_Driver/Src/stm32g0xx_hal_fdcan.c ****   *         the configuration information for the specified FDCAN.
ARM GAS  C:\Users\sante\AppData\Local\Temp\cc59nu4g.s 			page 43


2370:Drivers/STM32G0xx_HAL_Driver/Src/stm32g0xx_hal_fdcan.c ****   * @param  pTxEvent pointer to a FDCAN_TxEventFifoTypeDef structure.
2371:Drivers/STM32G0xx_HAL_Driver/Src/stm32g0xx_hal_fdcan.c ****   * @retval HAL status
2372:Drivers/STM32G0xx_HAL_Driver/Src/stm32g0xx_hal_fdcan.c ****   */
2373:Drivers/STM32G0xx_HAL_Driver/Src/stm32g0xx_hal_fdcan.c **** HAL_StatusTypeDef HAL_FDCAN_GetTxEvent(FDCAN_HandleTypeDef *hfdcan, FDCAN_TxEventFifoTypeDef *pTxEv
2374:Drivers/STM32G0xx_HAL_Driver/Src/stm32g0xx_hal_fdcan.c **** {
2375:Drivers/STM32G0xx_HAL_Driver/Src/stm32g0xx_hal_fdcan.c ****   uint32_t *TxEventAddress;
2376:Drivers/STM32G0xx_HAL_Driver/Src/stm32g0xx_hal_fdcan.c ****   uint32_t GetIndex;
2377:Drivers/STM32G0xx_HAL_Driver/Src/stm32g0xx_hal_fdcan.c ****   HAL_FDCAN_StateTypeDef state = hfdcan->State;
2378:Drivers/STM32G0xx_HAL_Driver/Src/stm32g0xx_hal_fdcan.c **** 
2379:Drivers/STM32G0xx_HAL_Driver/Src/stm32g0xx_hal_fdcan.c ****   if (state == HAL_FDCAN_STATE_BUSY)
2380:Drivers/STM32G0xx_HAL_Driver/Src/stm32g0xx_hal_fdcan.c ****   {
2381:Drivers/STM32G0xx_HAL_Driver/Src/stm32g0xx_hal_fdcan.c ****     /* Check that the Tx event FIFO is not empty */
2382:Drivers/STM32G0xx_HAL_Driver/Src/stm32g0xx_hal_fdcan.c ****     if ((hfdcan->Instance->TXEFS & FDCAN_TXEFS_EFFL) == 0U)
2383:Drivers/STM32G0xx_HAL_Driver/Src/stm32g0xx_hal_fdcan.c ****     {
2384:Drivers/STM32G0xx_HAL_Driver/Src/stm32g0xx_hal_fdcan.c ****       /* Update error code */
2385:Drivers/STM32G0xx_HAL_Driver/Src/stm32g0xx_hal_fdcan.c ****       hfdcan->ErrorCode |= HAL_FDCAN_ERROR_FIFO_EMPTY;
2386:Drivers/STM32G0xx_HAL_Driver/Src/stm32g0xx_hal_fdcan.c **** 
2387:Drivers/STM32G0xx_HAL_Driver/Src/stm32g0xx_hal_fdcan.c ****       return HAL_ERROR;
2388:Drivers/STM32G0xx_HAL_Driver/Src/stm32g0xx_hal_fdcan.c ****     }
2389:Drivers/STM32G0xx_HAL_Driver/Src/stm32g0xx_hal_fdcan.c **** 
2390:Drivers/STM32G0xx_HAL_Driver/Src/stm32g0xx_hal_fdcan.c ****     /* Calculate Tx event FIFO element address */
2391:Drivers/STM32G0xx_HAL_Driver/Src/stm32g0xx_hal_fdcan.c ****     GetIndex = ((hfdcan->Instance->TXEFS & FDCAN_TXEFS_EFGI) >> FDCAN_TXEFS_EFGI_Pos);
2392:Drivers/STM32G0xx_HAL_Driver/Src/stm32g0xx_hal_fdcan.c ****     TxEventAddress = (uint32_t *)(hfdcan->msgRam.TxEventFIFOSA + (GetIndex * SRAMCAN_TEF_SIZE));
2393:Drivers/STM32G0xx_HAL_Driver/Src/stm32g0xx_hal_fdcan.c **** 
2394:Drivers/STM32G0xx_HAL_Driver/Src/stm32g0xx_hal_fdcan.c ****     /* Retrieve IdType */
2395:Drivers/STM32G0xx_HAL_Driver/Src/stm32g0xx_hal_fdcan.c ****     pTxEvent->IdType = *TxEventAddress & FDCAN_ELEMENT_MASK_XTD;
2396:Drivers/STM32G0xx_HAL_Driver/Src/stm32g0xx_hal_fdcan.c **** 
2397:Drivers/STM32G0xx_HAL_Driver/Src/stm32g0xx_hal_fdcan.c ****     /* Retrieve Identifier */
2398:Drivers/STM32G0xx_HAL_Driver/Src/stm32g0xx_hal_fdcan.c ****     if (pTxEvent->IdType == FDCAN_STANDARD_ID) /* Standard ID element */
2399:Drivers/STM32G0xx_HAL_Driver/Src/stm32g0xx_hal_fdcan.c ****     {
2400:Drivers/STM32G0xx_HAL_Driver/Src/stm32g0xx_hal_fdcan.c ****       pTxEvent->Identifier = ((*TxEventAddress & FDCAN_ELEMENT_MASK_STDID) >> 18U);
2401:Drivers/STM32G0xx_HAL_Driver/Src/stm32g0xx_hal_fdcan.c ****     }
2402:Drivers/STM32G0xx_HAL_Driver/Src/stm32g0xx_hal_fdcan.c ****     else /* Extended ID element */
2403:Drivers/STM32G0xx_HAL_Driver/Src/stm32g0xx_hal_fdcan.c ****     {
2404:Drivers/STM32G0xx_HAL_Driver/Src/stm32g0xx_hal_fdcan.c ****       pTxEvent->Identifier = (*TxEventAddress & FDCAN_ELEMENT_MASK_EXTID);
2405:Drivers/STM32G0xx_HAL_Driver/Src/stm32g0xx_hal_fdcan.c ****     }
2406:Drivers/STM32G0xx_HAL_Driver/Src/stm32g0xx_hal_fdcan.c **** 
2407:Drivers/STM32G0xx_HAL_Driver/Src/stm32g0xx_hal_fdcan.c ****     /* Retrieve TxFrameType */
2408:Drivers/STM32G0xx_HAL_Driver/Src/stm32g0xx_hal_fdcan.c ****     pTxEvent->TxFrameType = (*TxEventAddress & FDCAN_ELEMENT_MASK_RTR);
2409:Drivers/STM32G0xx_HAL_Driver/Src/stm32g0xx_hal_fdcan.c **** 
2410:Drivers/STM32G0xx_HAL_Driver/Src/stm32g0xx_hal_fdcan.c ****     /* Retrieve ErrorStateIndicator */
2411:Drivers/STM32G0xx_HAL_Driver/Src/stm32g0xx_hal_fdcan.c ****     pTxEvent->ErrorStateIndicator = (*TxEventAddress & FDCAN_ELEMENT_MASK_ESI);
2412:Drivers/STM32G0xx_HAL_Driver/Src/stm32g0xx_hal_fdcan.c **** 
2413:Drivers/STM32G0xx_HAL_Driver/Src/stm32g0xx_hal_fdcan.c ****     /* Increment TxEventAddress pointer to second word of Tx Event FIFO element */
2414:Drivers/STM32G0xx_HAL_Driver/Src/stm32g0xx_hal_fdcan.c ****     TxEventAddress++;
2415:Drivers/STM32G0xx_HAL_Driver/Src/stm32g0xx_hal_fdcan.c **** 
2416:Drivers/STM32G0xx_HAL_Driver/Src/stm32g0xx_hal_fdcan.c ****     /* Retrieve TxTimestamp */
2417:Drivers/STM32G0xx_HAL_Driver/Src/stm32g0xx_hal_fdcan.c ****     pTxEvent->TxTimestamp = (*TxEventAddress & FDCAN_ELEMENT_MASK_TS);
2418:Drivers/STM32G0xx_HAL_Driver/Src/stm32g0xx_hal_fdcan.c **** 
2419:Drivers/STM32G0xx_HAL_Driver/Src/stm32g0xx_hal_fdcan.c ****     /* Retrieve DataLength */
2420:Drivers/STM32G0xx_HAL_Driver/Src/stm32g0xx_hal_fdcan.c ****     pTxEvent->DataLength = ((*TxEventAddress & FDCAN_ELEMENT_MASK_DLC) >> 16U);
2421:Drivers/STM32G0xx_HAL_Driver/Src/stm32g0xx_hal_fdcan.c **** 
2422:Drivers/STM32G0xx_HAL_Driver/Src/stm32g0xx_hal_fdcan.c ****     /* Retrieve BitRateSwitch */
2423:Drivers/STM32G0xx_HAL_Driver/Src/stm32g0xx_hal_fdcan.c ****     pTxEvent->BitRateSwitch = (*TxEventAddress & FDCAN_ELEMENT_MASK_BRS);
2424:Drivers/STM32G0xx_HAL_Driver/Src/stm32g0xx_hal_fdcan.c **** 
2425:Drivers/STM32G0xx_HAL_Driver/Src/stm32g0xx_hal_fdcan.c ****     /* Retrieve FDFormat */
2426:Drivers/STM32G0xx_HAL_Driver/Src/stm32g0xx_hal_fdcan.c ****     pTxEvent->FDFormat = (*TxEventAddress & FDCAN_ELEMENT_MASK_FDF);
ARM GAS  C:\Users\sante\AppData\Local\Temp\cc59nu4g.s 			page 44


2427:Drivers/STM32G0xx_HAL_Driver/Src/stm32g0xx_hal_fdcan.c **** 
2428:Drivers/STM32G0xx_HAL_Driver/Src/stm32g0xx_hal_fdcan.c ****     /* Retrieve EventType */
2429:Drivers/STM32G0xx_HAL_Driver/Src/stm32g0xx_hal_fdcan.c ****     pTxEvent->EventType = (*TxEventAddress & FDCAN_ELEMENT_MASK_ET);
2430:Drivers/STM32G0xx_HAL_Driver/Src/stm32g0xx_hal_fdcan.c **** 
2431:Drivers/STM32G0xx_HAL_Driver/Src/stm32g0xx_hal_fdcan.c ****     /* Retrieve MessageMarker */
2432:Drivers/STM32G0xx_HAL_Driver/Src/stm32g0xx_hal_fdcan.c ****     pTxEvent->MessageMarker = ((*TxEventAddress & FDCAN_ELEMENT_MASK_MM) >> 24U);
2433:Drivers/STM32G0xx_HAL_Driver/Src/stm32g0xx_hal_fdcan.c **** 
2434:Drivers/STM32G0xx_HAL_Driver/Src/stm32g0xx_hal_fdcan.c ****     /* Acknowledge the Tx Event FIFO that the oldest element is read so that it increments the GetI
2435:Drivers/STM32G0xx_HAL_Driver/Src/stm32g0xx_hal_fdcan.c ****     hfdcan->Instance->TXEFA = GetIndex;
2436:Drivers/STM32G0xx_HAL_Driver/Src/stm32g0xx_hal_fdcan.c **** 
2437:Drivers/STM32G0xx_HAL_Driver/Src/stm32g0xx_hal_fdcan.c ****     /* Return function status */
2438:Drivers/STM32G0xx_HAL_Driver/Src/stm32g0xx_hal_fdcan.c ****     return HAL_OK;
2439:Drivers/STM32G0xx_HAL_Driver/Src/stm32g0xx_hal_fdcan.c ****   }
2440:Drivers/STM32G0xx_HAL_Driver/Src/stm32g0xx_hal_fdcan.c ****   else
2441:Drivers/STM32G0xx_HAL_Driver/Src/stm32g0xx_hal_fdcan.c ****   {
2442:Drivers/STM32G0xx_HAL_Driver/Src/stm32g0xx_hal_fdcan.c ****     /* Update error code */
2443:Drivers/STM32G0xx_HAL_Driver/Src/stm32g0xx_hal_fdcan.c ****     hfdcan->ErrorCode |= HAL_FDCAN_ERROR_NOT_STARTED;
2444:Drivers/STM32G0xx_HAL_Driver/Src/stm32g0xx_hal_fdcan.c **** 
2445:Drivers/STM32G0xx_HAL_Driver/Src/stm32g0xx_hal_fdcan.c ****     return HAL_ERROR;
2446:Drivers/STM32G0xx_HAL_Driver/Src/stm32g0xx_hal_fdcan.c ****   }
2447:Drivers/STM32G0xx_HAL_Driver/Src/stm32g0xx_hal_fdcan.c **** }
2448:Drivers/STM32G0xx_HAL_Driver/Src/stm32g0xx_hal_fdcan.c **** 
2449:Drivers/STM32G0xx_HAL_Driver/Src/stm32g0xx_hal_fdcan.c **** /**
2450:Drivers/STM32G0xx_HAL_Driver/Src/stm32g0xx_hal_fdcan.c ****   * @brief  Get high priority message status.
2451:Drivers/STM32G0xx_HAL_Driver/Src/stm32g0xx_hal_fdcan.c ****   * @param  hfdcan pointer to an FDCAN_HandleTypeDef structure that contains
2452:Drivers/STM32G0xx_HAL_Driver/Src/stm32g0xx_hal_fdcan.c ****   *         the configuration information for the specified FDCAN.
2453:Drivers/STM32G0xx_HAL_Driver/Src/stm32g0xx_hal_fdcan.c ****   * @param  HpMsgStatus pointer to an FDCAN_HpMsgStatusTypeDef structure.
2454:Drivers/STM32G0xx_HAL_Driver/Src/stm32g0xx_hal_fdcan.c ****   * @retval HAL status
2455:Drivers/STM32G0xx_HAL_Driver/Src/stm32g0xx_hal_fdcan.c ****   */
2456:Drivers/STM32G0xx_HAL_Driver/Src/stm32g0xx_hal_fdcan.c **** HAL_StatusTypeDef HAL_FDCAN_GetHighPriorityMessageStatus(const FDCAN_HandleTypeDef *hfdcan,
2457:Drivers/STM32G0xx_HAL_Driver/Src/stm32g0xx_hal_fdcan.c ****                                                          FDCAN_HpMsgStatusTypeDef *HpMsgStatus)
2458:Drivers/STM32G0xx_HAL_Driver/Src/stm32g0xx_hal_fdcan.c **** {
2459:Drivers/STM32G0xx_HAL_Driver/Src/stm32g0xx_hal_fdcan.c ****   HpMsgStatus->FilterList = ((hfdcan->Instance->HPMS & FDCAN_HPMS_FLST) >> FDCAN_HPMS_FLST_Pos);
2460:Drivers/STM32G0xx_HAL_Driver/Src/stm32g0xx_hal_fdcan.c ****   HpMsgStatus->FilterIndex = ((hfdcan->Instance->HPMS & FDCAN_HPMS_FIDX) >> FDCAN_HPMS_FIDX_Pos);
2461:Drivers/STM32G0xx_HAL_Driver/Src/stm32g0xx_hal_fdcan.c ****   HpMsgStatus->MessageStorage = (hfdcan->Instance->HPMS & FDCAN_HPMS_MSI);
2462:Drivers/STM32G0xx_HAL_Driver/Src/stm32g0xx_hal_fdcan.c ****   HpMsgStatus->MessageIndex = (hfdcan->Instance->HPMS & FDCAN_HPMS_BIDX);
2463:Drivers/STM32G0xx_HAL_Driver/Src/stm32g0xx_hal_fdcan.c **** 
2464:Drivers/STM32G0xx_HAL_Driver/Src/stm32g0xx_hal_fdcan.c ****   /* Return function status */
2465:Drivers/STM32G0xx_HAL_Driver/Src/stm32g0xx_hal_fdcan.c ****   return HAL_OK;
2466:Drivers/STM32G0xx_HAL_Driver/Src/stm32g0xx_hal_fdcan.c **** }
2467:Drivers/STM32G0xx_HAL_Driver/Src/stm32g0xx_hal_fdcan.c **** 
2468:Drivers/STM32G0xx_HAL_Driver/Src/stm32g0xx_hal_fdcan.c **** /**
2469:Drivers/STM32G0xx_HAL_Driver/Src/stm32g0xx_hal_fdcan.c ****   * @brief  Get protocol status.
2470:Drivers/STM32G0xx_HAL_Driver/Src/stm32g0xx_hal_fdcan.c ****   * @param  hfdcan pointer to an FDCAN_HandleTypeDef structure that contains
2471:Drivers/STM32G0xx_HAL_Driver/Src/stm32g0xx_hal_fdcan.c ****   *         the configuration information for the specified FDCAN.
2472:Drivers/STM32G0xx_HAL_Driver/Src/stm32g0xx_hal_fdcan.c ****   * @param  ProtocolStatus pointer to an FDCAN_ProtocolStatusTypeDef structure.
2473:Drivers/STM32G0xx_HAL_Driver/Src/stm32g0xx_hal_fdcan.c ****   * @retval HAL status
2474:Drivers/STM32G0xx_HAL_Driver/Src/stm32g0xx_hal_fdcan.c ****   */
2475:Drivers/STM32G0xx_HAL_Driver/Src/stm32g0xx_hal_fdcan.c **** HAL_StatusTypeDef HAL_FDCAN_GetProtocolStatus(const FDCAN_HandleTypeDef *hfdcan,
2476:Drivers/STM32G0xx_HAL_Driver/Src/stm32g0xx_hal_fdcan.c ****                                               FDCAN_ProtocolStatusTypeDef *ProtocolStatus)
2477:Drivers/STM32G0xx_HAL_Driver/Src/stm32g0xx_hal_fdcan.c **** {
2478:Drivers/STM32G0xx_HAL_Driver/Src/stm32g0xx_hal_fdcan.c ****   uint32_t StatusReg;
2479:Drivers/STM32G0xx_HAL_Driver/Src/stm32g0xx_hal_fdcan.c **** 
2480:Drivers/STM32G0xx_HAL_Driver/Src/stm32g0xx_hal_fdcan.c ****   /* Read the protocol status register */
2481:Drivers/STM32G0xx_HAL_Driver/Src/stm32g0xx_hal_fdcan.c ****   StatusReg = READ_REG(hfdcan->Instance->PSR);
2482:Drivers/STM32G0xx_HAL_Driver/Src/stm32g0xx_hal_fdcan.c **** 
2483:Drivers/STM32G0xx_HAL_Driver/Src/stm32g0xx_hal_fdcan.c ****   /* Fill the protocol status structure */
ARM GAS  C:\Users\sante\AppData\Local\Temp\cc59nu4g.s 			page 45


2484:Drivers/STM32G0xx_HAL_Driver/Src/stm32g0xx_hal_fdcan.c ****   ProtocolStatus->LastErrorCode = (StatusReg & FDCAN_PSR_LEC);
2485:Drivers/STM32G0xx_HAL_Driver/Src/stm32g0xx_hal_fdcan.c ****   ProtocolStatus->DataLastErrorCode = ((StatusReg & FDCAN_PSR_DLEC) >> FDCAN_PSR_DLEC_Pos);
2486:Drivers/STM32G0xx_HAL_Driver/Src/stm32g0xx_hal_fdcan.c ****   ProtocolStatus->Activity = (StatusReg & FDCAN_PSR_ACT);
2487:Drivers/STM32G0xx_HAL_Driver/Src/stm32g0xx_hal_fdcan.c ****   ProtocolStatus->ErrorPassive = ((StatusReg & FDCAN_PSR_EP) >> FDCAN_PSR_EP_Pos);
2488:Drivers/STM32G0xx_HAL_Driver/Src/stm32g0xx_hal_fdcan.c ****   ProtocolStatus->Warning = ((StatusReg & FDCAN_PSR_EW) >> FDCAN_PSR_EW_Pos);
2489:Drivers/STM32G0xx_HAL_Driver/Src/stm32g0xx_hal_fdcan.c ****   ProtocolStatus->BusOff = ((StatusReg & FDCAN_PSR_BO) >> FDCAN_PSR_BO_Pos);
2490:Drivers/STM32G0xx_HAL_Driver/Src/stm32g0xx_hal_fdcan.c ****   ProtocolStatus->RxESIflag = ((StatusReg & FDCAN_PSR_RESI) >> FDCAN_PSR_RESI_Pos);
2491:Drivers/STM32G0xx_HAL_Driver/Src/stm32g0xx_hal_fdcan.c ****   ProtocolStatus->RxBRSflag = ((StatusReg & FDCAN_PSR_RBRS) >> FDCAN_PSR_RBRS_Pos);
2492:Drivers/STM32G0xx_HAL_Driver/Src/stm32g0xx_hal_fdcan.c ****   ProtocolStatus->RxFDFflag = ((StatusReg & FDCAN_PSR_REDL) >> FDCAN_PSR_REDL_Pos);
2493:Drivers/STM32G0xx_HAL_Driver/Src/stm32g0xx_hal_fdcan.c ****   ProtocolStatus->ProtocolException = ((StatusReg & FDCAN_PSR_PXE) >> FDCAN_PSR_PXE_Pos);
2494:Drivers/STM32G0xx_HAL_Driver/Src/stm32g0xx_hal_fdcan.c ****   ProtocolStatus->TDCvalue = ((StatusReg & FDCAN_PSR_TDCV) >> FDCAN_PSR_TDCV_Pos);
2495:Drivers/STM32G0xx_HAL_Driver/Src/stm32g0xx_hal_fdcan.c **** 
2496:Drivers/STM32G0xx_HAL_Driver/Src/stm32g0xx_hal_fdcan.c ****   /* Return function status */
2497:Drivers/STM32G0xx_HAL_Driver/Src/stm32g0xx_hal_fdcan.c ****   return HAL_OK;
2498:Drivers/STM32G0xx_HAL_Driver/Src/stm32g0xx_hal_fdcan.c **** }
2499:Drivers/STM32G0xx_HAL_Driver/Src/stm32g0xx_hal_fdcan.c **** 
2500:Drivers/STM32G0xx_HAL_Driver/Src/stm32g0xx_hal_fdcan.c **** /**
2501:Drivers/STM32G0xx_HAL_Driver/Src/stm32g0xx_hal_fdcan.c ****   * @brief  Get error counter values.
2502:Drivers/STM32G0xx_HAL_Driver/Src/stm32g0xx_hal_fdcan.c ****   * @param  hfdcan pointer to an FDCAN_HandleTypeDef structure that contains
2503:Drivers/STM32G0xx_HAL_Driver/Src/stm32g0xx_hal_fdcan.c ****   *         the configuration information for the specified FDCAN.
2504:Drivers/STM32G0xx_HAL_Driver/Src/stm32g0xx_hal_fdcan.c ****   * @param  ErrorCounters pointer to an FDCAN_ErrorCountersTypeDef structure.
2505:Drivers/STM32G0xx_HAL_Driver/Src/stm32g0xx_hal_fdcan.c ****   * @retval HAL status
2506:Drivers/STM32G0xx_HAL_Driver/Src/stm32g0xx_hal_fdcan.c ****   */
2507:Drivers/STM32G0xx_HAL_Driver/Src/stm32g0xx_hal_fdcan.c **** HAL_StatusTypeDef HAL_FDCAN_GetErrorCounters(const FDCAN_HandleTypeDef *hfdcan,
2508:Drivers/STM32G0xx_HAL_Driver/Src/stm32g0xx_hal_fdcan.c ****                                              FDCAN_ErrorCountersTypeDef *ErrorCounters)
2509:Drivers/STM32G0xx_HAL_Driver/Src/stm32g0xx_hal_fdcan.c **** {
2510:Drivers/STM32G0xx_HAL_Driver/Src/stm32g0xx_hal_fdcan.c ****   uint32_t CountersReg;
2511:Drivers/STM32G0xx_HAL_Driver/Src/stm32g0xx_hal_fdcan.c **** 
2512:Drivers/STM32G0xx_HAL_Driver/Src/stm32g0xx_hal_fdcan.c ****   /* Read the error counters register */
2513:Drivers/STM32G0xx_HAL_Driver/Src/stm32g0xx_hal_fdcan.c ****   CountersReg = READ_REG(hfdcan->Instance->ECR);
2514:Drivers/STM32G0xx_HAL_Driver/Src/stm32g0xx_hal_fdcan.c **** 
2515:Drivers/STM32G0xx_HAL_Driver/Src/stm32g0xx_hal_fdcan.c ****   /* Fill the error counters structure */
2516:Drivers/STM32G0xx_HAL_Driver/Src/stm32g0xx_hal_fdcan.c ****   ErrorCounters->TxErrorCnt = ((CountersReg & FDCAN_ECR_TEC) >> FDCAN_ECR_TEC_Pos);
2517:Drivers/STM32G0xx_HAL_Driver/Src/stm32g0xx_hal_fdcan.c ****   ErrorCounters->RxErrorCnt = ((CountersReg & FDCAN_ECR_REC) >> FDCAN_ECR_REC_Pos);
2518:Drivers/STM32G0xx_HAL_Driver/Src/stm32g0xx_hal_fdcan.c ****   ErrorCounters->RxErrorPassive = ((CountersReg & FDCAN_ECR_RP) >> FDCAN_ECR_RP_Pos);
2519:Drivers/STM32G0xx_HAL_Driver/Src/stm32g0xx_hal_fdcan.c ****   ErrorCounters->ErrorLogging = ((CountersReg & FDCAN_ECR_CEL) >> FDCAN_ECR_CEL_Pos);
2520:Drivers/STM32G0xx_HAL_Driver/Src/stm32g0xx_hal_fdcan.c **** 
2521:Drivers/STM32G0xx_HAL_Driver/Src/stm32g0xx_hal_fdcan.c ****   /* Return function status */
2522:Drivers/STM32G0xx_HAL_Driver/Src/stm32g0xx_hal_fdcan.c ****   return HAL_OK;
2523:Drivers/STM32G0xx_HAL_Driver/Src/stm32g0xx_hal_fdcan.c **** }
2524:Drivers/STM32G0xx_HAL_Driver/Src/stm32g0xx_hal_fdcan.c **** 
2525:Drivers/STM32G0xx_HAL_Driver/Src/stm32g0xx_hal_fdcan.c **** /**
2526:Drivers/STM32G0xx_HAL_Driver/Src/stm32g0xx_hal_fdcan.c ****   * @brief  Check if a transmission request is pending on the selected Tx buffer.
2527:Drivers/STM32G0xx_HAL_Driver/Src/stm32g0xx_hal_fdcan.c ****   * @param  hfdcan pointer to an FDCAN_HandleTypeDef structure that contains
2528:Drivers/STM32G0xx_HAL_Driver/Src/stm32g0xx_hal_fdcan.c ****   *         the configuration information for the specified FDCAN.
2529:Drivers/STM32G0xx_HAL_Driver/Src/stm32g0xx_hal_fdcan.c ****   * @param  TxBufferIndex Tx buffer index.
2530:Drivers/STM32G0xx_HAL_Driver/Src/stm32g0xx_hal_fdcan.c ****   *         This parameter can be any combination of @arg FDCAN_Tx_location.
2531:Drivers/STM32G0xx_HAL_Driver/Src/stm32g0xx_hal_fdcan.c ****   * @retval Status
2532:Drivers/STM32G0xx_HAL_Driver/Src/stm32g0xx_hal_fdcan.c ****   *          - 0 : No pending transmission request on TxBufferIndex list.
2533:Drivers/STM32G0xx_HAL_Driver/Src/stm32g0xx_hal_fdcan.c ****   *          - 1 : Pending transmission request on TxBufferIndex.
2534:Drivers/STM32G0xx_HAL_Driver/Src/stm32g0xx_hal_fdcan.c ****   */
2535:Drivers/STM32G0xx_HAL_Driver/Src/stm32g0xx_hal_fdcan.c **** uint32_t HAL_FDCAN_IsTxBufferMessagePending(const FDCAN_HandleTypeDef *hfdcan, uint32_t TxBufferInd
2536:Drivers/STM32G0xx_HAL_Driver/Src/stm32g0xx_hal_fdcan.c **** {
2537:Drivers/STM32G0xx_HAL_Driver/Src/stm32g0xx_hal_fdcan.c ****   /* Check function parameters */
2538:Drivers/STM32G0xx_HAL_Driver/Src/stm32g0xx_hal_fdcan.c ****   assert_param(IS_FDCAN_TX_LOCATION_LIST(TxBufferIndex));
2539:Drivers/STM32G0xx_HAL_Driver/Src/stm32g0xx_hal_fdcan.c **** 
2540:Drivers/STM32G0xx_HAL_Driver/Src/stm32g0xx_hal_fdcan.c ****   /* Check pending transmission request on the selected buffer */
ARM GAS  C:\Users\sante\AppData\Local\Temp\cc59nu4g.s 			page 46


2541:Drivers/STM32G0xx_HAL_Driver/Src/stm32g0xx_hal_fdcan.c ****   if ((hfdcan->Instance->TXBRP & TxBufferIndex) == 0U)
2542:Drivers/STM32G0xx_HAL_Driver/Src/stm32g0xx_hal_fdcan.c ****   {
2543:Drivers/STM32G0xx_HAL_Driver/Src/stm32g0xx_hal_fdcan.c ****     return 0;
2544:Drivers/STM32G0xx_HAL_Driver/Src/stm32g0xx_hal_fdcan.c ****   }
2545:Drivers/STM32G0xx_HAL_Driver/Src/stm32g0xx_hal_fdcan.c ****   return 1;
2546:Drivers/STM32G0xx_HAL_Driver/Src/stm32g0xx_hal_fdcan.c **** }
2547:Drivers/STM32G0xx_HAL_Driver/Src/stm32g0xx_hal_fdcan.c **** 
2548:Drivers/STM32G0xx_HAL_Driver/Src/stm32g0xx_hal_fdcan.c **** /**
2549:Drivers/STM32G0xx_HAL_Driver/Src/stm32g0xx_hal_fdcan.c ****   * @brief  Return Rx FIFO fill level.
2550:Drivers/STM32G0xx_HAL_Driver/Src/stm32g0xx_hal_fdcan.c ****   * @param  hfdcan pointer to an FDCAN_HandleTypeDef structure that contains
2551:Drivers/STM32G0xx_HAL_Driver/Src/stm32g0xx_hal_fdcan.c ****   *         the configuration information for the specified FDCAN.
2552:Drivers/STM32G0xx_HAL_Driver/Src/stm32g0xx_hal_fdcan.c ****   * @param  RxFifo Rx FIFO.
2553:Drivers/STM32G0xx_HAL_Driver/Src/stm32g0xx_hal_fdcan.c ****   *         This parameter can be one of the following values:
2554:Drivers/STM32G0xx_HAL_Driver/Src/stm32g0xx_hal_fdcan.c ****   *           @arg FDCAN_RX_FIFO0: Rx FIFO 0
2555:Drivers/STM32G0xx_HAL_Driver/Src/stm32g0xx_hal_fdcan.c ****   *           @arg FDCAN_RX_FIFO1: Rx FIFO 1
2556:Drivers/STM32G0xx_HAL_Driver/Src/stm32g0xx_hal_fdcan.c ****   * @retval Rx FIFO fill level.
2557:Drivers/STM32G0xx_HAL_Driver/Src/stm32g0xx_hal_fdcan.c ****   */
2558:Drivers/STM32G0xx_HAL_Driver/Src/stm32g0xx_hal_fdcan.c **** uint32_t HAL_FDCAN_GetRxFifoFillLevel(const FDCAN_HandleTypeDef *hfdcan, uint32_t RxFifo)
2559:Drivers/STM32G0xx_HAL_Driver/Src/stm32g0xx_hal_fdcan.c **** {
2560:Drivers/STM32G0xx_HAL_Driver/Src/stm32g0xx_hal_fdcan.c ****   uint32_t FillLevel;
2561:Drivers/STM32G0xx_HAL_Driver/Src/stm32g0xx_hal_fdcan.c **** 
2562:Drivers/STM32G0xx_HAL_Driver/Src/stm32g0xx_hal_fdcan.c ****   /* Check function parameters */
2563:Drivers/STM32G0xx_HAL_Driver/Src/stm32g0xx_hal_fdcan.c ****   assert_param(IS_FDCAN_RX_FIFO(RxFifo));
2564:Drivers/STM32G0xx_HAL_Driver/Src/stm32g0xx_hal_fdcan.c **** 
2565:Drivers/STM32G0xx_HAL_Driver/Src/stm32g0xx_hal_fdcan.c ****   if (RxFifo == FDCAN_RX_FIFO0)
2566:Drivers/STM32G0xx_HAL_Driver/Src/stm32g0xx_hal_fdcan.c ****   {
2567:Drivers/STM32G0xx_HAL_Driver/Src/stm32g0xx_hal_fdcan.c ****     FillLevel = hfdcan->Instance->RXF0S & FDCAN_RXF0S_F0FL;
2568:Drivers/STM32G0xx_HAL_Driver/Src/stm32g0xx_hal_fdcan.c ****   }
2569:Drivers/STM32G0xx_HAL_Driver/Src/stm32g0xx_hal_fdcan.c ****   else /* RxFifo == FDCAN_RX_FIFO1 */
2570:Drivers/STM32G0xx_HAL_Driver/Src/stm32g0xx_hal_fdcan.c ****   {
2571:Drivers/STM32G0xx_HAL_Driver/Src/stm32g0xx_hal_fdcan.c ****     FillLevel = hfdcan->Instance->RXF1S & FDCAN_RXF1S_F1FL;
2572:Drivers/STM32G0xx_HAL_Driver/Src/stm32g0xx_hal_fdcan.c ****   }
2573:Drivers/STM32G0xx_HAL_Driver/Src/stm32g0xx_hal_fdcan.c **** 
2574:Drivers/STM32G0xx_HAL_Driver/Src/stm32g0xx_hal_fdcan.c ****   /* Return Rx FIFO fill level */
2575:Drivers/STM32G0xx_HAL_Driver/Src/stm32g0xx_hal_fdcan.c ****   return FillLevel;
2576:Drivers/STM32G0xx_HAL_Driver/Src/stm32g0xx_hal_fdcan.c **** }
2577:Drivers/STM32G0xx_HAL_Driver/Src/stm32g0xx_hal_fdcan.c **** 
2578:Drivers/STM32G0xx_HAL_Driver/Src/stm32g0xx_hal_fdcan.c **** /**
2579:Drivers/STM32G0xx_HAL_Driver/Src/stm32g0xx_hal_fdcan.c ****   * @brief  Return Tx FIFO free level: number of consecutive free Tx FIFO
2580:Drivers/STM32G0xx_HAL_Driver/Src/stm32g0xx_hal_fdcan.c ****   *         elements starting from Tx FIFO GetIndex.
2581:Drivers/STM32G0xx_HAL_Driver/Src/stm32g0xx_hal_fdcan.c ****   * @param  hfdcan pointer to an FDCAN_HandleTypeDef structure that contains
2582:Drivers/STM32G0xx_HAL_Driver/Src/stm32g0xx_hal_fdcan.c ****   *         the configuration information for the specified FDCAN.
2583:Drivers/STM32G0xx_HAL_Driver/Src/stm32g0xx_hal_fdcan.c ****   * @retval Tx FIFO free level.
2584:Drivers/STM32G0xx_HAL_Driver/Src/stm32g0xx_hal_fdcan.c ****   */
2585:Drivers/STM32G0xx_HAL_Driver/Src/stm32g0xx_hal_fdcan.c **** uint32_t HAL_FDCAN_GetTxFifoFreeLevel(const FDCAN_HandleTypeDef *hfdcan)
2586:Drivers/STM32G0xx_HAL_Driver/Src/stm32g0xx_hal_fdcan.c **** {
2587:Drivers/STM32G0xx_HAL_Driver/Src/stm32g0xx_hal_fdcan.c ****   uint32_t FreeLevel;
2588:Drivers/STM32G0xx_HAL_Driver/Src/stm32g0xx_hal_fdcan.c **** 
2589:Drivers/STM32G0xx_HAL_Driver/Src/stm32g0xx_hal_fdcan.c ****   FreeLevel = hfdcan->Instance->TXFQS & FDCAN_TXFQS_TFFL;
2590:Drivers/STM32G0xx_HAL_Driver/Src/stm32g0xx_hal_fdcan.c **** 
2591:Drivers/STM32G0xx_HAL_Driver/Src/stm32g0xx_hal_fdcan.c ****   /* Return Tx FIFO free level */
2592:Drivers/STM32G0xx_HAL_Driver/Src/stm32g0xx_hal_fdcan.c ****   return FreeLevel;
2593:Drivers/STM32G0xx_HAL_Driver/Src/stm32g0xx_hal_fdcan.c **** }
2594:Drivers/STM32G0xx_HAL_Driver/Src/stm32g0xx_hal_fdcan.c **** 
2595:Drivers/STM32G0xx_HAL_Driver/Src/stm32g0xx_hal_fdcan.c **** /**
2596:Drivers/STM32G0xx_HAL_Driver/Src/stm32g0xx_hal_fdcan.c ****   * @brief  Check if the FDCAN peripheral entered Restricted Operation Mode.
2597:Drivers/STM32G0xx_HAL_Driver/Src/stm32g0xx_hal_fdcan.c ****   * @param  hfdcan pointer to an FDCAN_HandleTypeDef structure that contains
ARM GAS  C:\Users\sante\AppData\Local\Temp\cc59nu4g.s 			page 47


2598:Drivers/STM32G0xx_HAL_Driver/Src/stm32g0xx_hal_fdcan.c ****   *         the configuration information for the specified FDCAN.
2599:Drivers/STM32G0xx_HAL_Driver/Src/stm32g0xx_hal_fdcan.c ****   * @retval Status
2600:Drivers/STM32G0xx_HAL_Driver/Src/stm32g0xx_hal_fdcan.c ****   *          - 0 : Normal FDCAN operation.
2601:Drivers/STM32G0xx_HAL_Driver/Src/stm32g0xx_hal_fdcan.c ****   *          - 1 : Restricted Operation Mode active.
2602:Drivers/STM32G0xx_HAL_Driver/Src/stm32g0xx_hal_fdcan.c ****   */
2603:Drivers/STM32G0xx_HAL_Driver/Src/stm32g0xx_hal_fdcan.c **** uint32_t HAL_FDCAN_IsRestrictedOperationMode(const FDCAN_HandleTypeDef *hfdcan)
2604:Drivers/STM32G0xx_HAL_Driver/Src/stm32g0xx_hal_fdcan.c **** {
2605:Drivers/STM32G0xx_HAL_Driver/Src/stm32g0xx_hal_fdcan.c ****   uint32_t OperationMode;
2606:Drivers/STM32G0xx_HAL_Driver/Src/stm32g0xx_hal_fdcan.c **** 
2607:Drivers/STM32G0xx_HAL_Driver/Src/stm32g0xx_hal_fdcan.c ****   /* Get Operation Mode */
2608:Drivers/STM32G0xx_HAL_Driver/Src/stm32g0xx_hal_fdcan.c ****   OperationMode = ((hfdcan->Instance->CCCR & FDCAN_CCCR_ASM) >> FDCAN_CCCR_ASM_Pos);
2609:Drivers/STM32G0xx_HAL_Driver/Src/stm32g0xx_hal_fdcan.c **** 
2610:Drivers/STM32G0xx_HAL_Driver/Src/stm32g0xx_hal_fdcan.c ****   return OperationMode;
2611:Drivers/STM32G0xx_HAL_Driver/Src/stm32g0xx_hal_fdcan.c **** }
2612:Drivers/STM32G0xx_HAL_Driver/Src/stm32g0xx_hal_fdcan.c **** 
2613:Drivers/STM32G0xx_HAL_Driver/Src/stm32g0xx_hal_fdcan.c **** /**
2614:Drivers/STM32G0xx_HAL_Driver/Src/stm32g0xx_hal_fdcan.c ****   * @brief  Exit Restricted Operation Mode.
2615:Drivers/STM32G0xx_HAL_Driver/Src/stm32g0xx_hal_fdcan.c ****   * @param  hfdcan pointer to an FDCAN_HandleTypeDef structure that contains
2616:Drivers/STM32G0xx_HAL_Driver/Src/stm32g0xx_hal_fdcan.c ****   *         the configuration information for the specified FDCAN.
2617:Drivers/STM32G0xx_HAL_Driver/Src/stm32g0xx_hal_fdcan.c ****   * @retval HAL status
2618:Drivers/STM32G0xx_HAL_Driver/Src/stm32g0xx_hal_fdcan.c ****   */
2619:Drivers/STM32G0xx_HAL_Driver/Src/stm32g0xx_hal_fdcan.c **** HAL_StatusTypeDef HAL_FDCAN_ExitRestrictedOperationMode(FDCAN_HandleTypeDef *hfdcan)
2620:Drivers/STM32G0xx_HAL_Driver/Src/stm32g0xx_hal_fdcan.c **** {
2621:Drivers/STM32G0xx_HAL_Driver/Src/stm32g0xx_hal_fdcan.c ****   HAL_FDCAN_StateTypeDef state = hfdcan->State;
2622:Drivers/STM32G0xx_HAL_Driver/Src/stm32g0xx_hal_fdcan.c **** 
2623:Drivers/STM32G0xx_HAL_Driver/Src/stm32g0xx_hal_fdcan.c ****   if ((state == HAL_FDCAN_STATE_READY) || (state == HAL_FDCAN_STATE_BUSY))
2624:Drivers/STM32G0xx_HAL_Driver/Src/stm32g0xx_hal_fdcan.c ****   {
2625:Drivers/STM32G0xx_HAL_Driver/Src/stm32g0xx_hal_fdcan.c ****     /* Exit Restricted Operation mode */
2626:Drivers/STM32G0xx_HAL_Driver/Src/stm32g0xx_hal_fdcan.c ****     CLEAR_BIT(hfdcan->Instance->CCCR, FDCAN_CCCR_ASM);
2627:Drivers/STM32G0xx_HAL_Driver/Src/stm32g0xx_hal_fdcan.c **** 
2628:Drivers/STM32G0xx_HAL_Driver/Src/stm32g0xx_hal_fdcan.c ****     /* Return function status */
2629:Drivers/STM32G0xx_HAL_Driver/Src/stm32g0xx_hal_fdcan.c ****     return HAL_OK;
2630:Drivers/STM32G0xx_HAL_Driver/Src/stm32g0xx_hal_fdcan.c ****   }
2631:Drivers/STM32G0xx_HAL_Driver/Src/stm32g0xx_hal_fdcan.c ****   else
2632:Drivers/STM32G0xx_HAL_Driver/Src/stm32g0xx_hal_fdcan.c ****   {
2633:Drivers/STM32G0xx_HAL_Driver/Src/stm32g0xx_hal_fdcan.c ****     /* Update error code */
2634:Drivers/STM32G0xx_HAL_Driver/Src/stm32g0xx_hal_fdcan.c ****     hfdcan->ErrorCode |= HAL_FDCAN_ERROR_NOT_INITIALIZED;
2635:Drivers/STM32G0xx_HAL_Driver/Src/stm32g0xx_hal_fdcan.c **** 
2636:Drivers/STM32G0xx_HAL_Driver/Src/stm32g0xx_hal_fdcan.c ****     return HAL_ERROR;
2637:Drivers/STM32G0xx_HAL_Driver/Src/stm32g0xx_hal_fdcan.c ****   }
2638:Drivers/STM32G0xx_HAL_Driver/Src/stm32g0xx_hal_fdcan.c **** }
2639:Drivers/STM32G0xx_HAL_Driver/Src/stm32g0xx_hal_fdcan.c **** 
2640:Drivers/STM32G0xx_HAL_Driver/Src/stm32g0xx_hal_fdcan.c **** /**
2641:Drivers/STM32G0xx_HAL_Driver/Src/stm32g0xx_hal_fdcan.c ****   * @}
2642:Drivers/STM32G0xx_HAL_Driver/Src/stm32g0xx_hal_fdcan.c ****   */
2643:Drivers/STM32G0xx_HAL_Driver/Src/stm32g0xx_hal_fdcan.c **** 
2644:Drivers/STM32G0xx_HAL_Driver/Src/stm32g0xx_hal_fdcan.c **** /** @defgroup FDCAN_Exported_Functions_Group4 Interrupts management
2645:Drivers/STM32G0xx_HAL_Driver/Src/stm32g0xx_hal_fdcan.c ****   *  @brief    Interrupts management
2646:Drivers/STM32G0xx_HAL_Driver/Src/stm32g0xx_hal_fdcan.c ****   *
2647:Drivers/STM32G0xx_HAL_Driver/Src/stm32g0xx_hal_fdcan.c **** @verbatim
2648:Drivers/STM32G0xx_HAL_Driver/Src/stm32g0xx_hal_fdcan.c ****   ==============================================================================
2649:Drivers/STM32G0xx_HAL_Driver/Src/stm32g0xx_hal_fdcan.c ****                        ##### Interrupts management #####
2650:Drivers/STM32G0xx_HAL_Driver/Src/stm32g0xx_hal_fdcan.c ****   ==============================================================================
2651:Drivers/STM32G0xx_HAL_Driver/Src/stm32g0xx_hal_fdcan.c ****     [..]  This section provides functions allowing to:
2652:Drivers/STM32G0xx_HAL_Driver/Src/stm32g0xx_hal_fdcan.c ****       (+) HAL_FDCAN_ConfigInterruptLines      : Assign interrupts to either Interrupt line 0 or 1
2653:Drivers/STM32G0xx_HAL_Driver/Src/stm32g0xx_hal_fdcan.c ****       (+) HAL_FDCAN_ActivateNotification      : Enable interrupts
2654:Drivers/STM32G0xx_HAL_Driver/Src/stm32g0xx_hal_fdcan.c ****       (+) HAL_FDCAN_DeactivateNotification    : Disable interrupts
ARM GAS  C:\Users\sante\AppData\Local\Temp\cc59nu4g.s 			page 48


2655:Drivers/STM32G0xx_HAL_Driver/Src/stm32g0xx_hal_fdcan.c ****       (+) HAL_FDCAN_IRQHandler                : Handles FDCAN interrupt request
2656:Drivers/STM32G0xx_HAL_Driver/Src/stm32g0xx_hal_fdcan.c **** 
2657:Drivers/STM32G0xx_HAL_Driver/Src/stm32g0xx_hal_fdcan.c **** @endverbatim
2658:Drivers/STM32G0xx_HAL_Driver/Src/stm32g0xx_hal_fdcan.c ****   * @{
2659:Drivers/STM32G0xx_HAL_Driver/Src/stm32g0xx_hal_fdcan.c ****   */
2660:Drivers/STM32G0xx_HAL_Driver/Src/stm32g0xx_hal_fdcan.c **** 
2661:Drivers/STM32G0xx_HAL_Driver/Src/stm32g0xx_hal_fdcan.c **** /**
2662:Drivers/STM32G0xx_HAL_Driver/Src/stm32g0xx_hal_fdcan.c ****   * @brief  Assign interrupts to either Interrupt line 0 or 1.
2663:Drivers/STM32G0xx_HAL_Driver/Src/stm32g0xx_hal_fdcan.c ****   * @param  hfdcan pointer to an FDCAN_HandleTypeDef structure that contains
2664:Drivers/STM32G0xx_HAL_Driver/Src/stm32g0xx_hal_fdcan.c ****   *         the configuration information for the specified FDCAN.
2665:Drivers/STM32G0xx_HAL_Driver/Src/stm32g0xx_hal_fdcan.c ****   * @param  ITList indicates which interrupts group will be assigned to the selected interrupt line
2666:Drivers/STM32G0xx_HAL_Driver/Src/stm32g0xx_hal_fdcan.c ****   *         This parameter can be any combination of @arg FDCAN_Interrupts_Group.
2667:Drivers/STM32G0xx_HAL_Driver/Src/stm32g0xx_hal_fdcan.c ****   * @param  InterruptLine Interrupt line.
2668:Drivers/STM32G0xx_HAL_Driver/Src/stm32g0xx_hal_fdcan.c ****   *         This parameter can be a value of @arg FDCAN_Interrupt_Line.
2669:Drivers/STM32G0xx_HAL_Driver/Src/stm32g0xx_hal_fdcan.c ****   * @retval HAL status
2670:Drivers/STM32G0xx_HAL_Driver/Src/stm32g0xx_hal_fdcan.c ****   */
2671:Drivers/STM32G0xx_HAL_Driver/Src/stm32g0xx_hal_fdcan.c **** HAL_StatusTypeDef HAL_FDCAN_ConfigInterruptLines(FDCAN_HandleTypeDef *hfdcan, uint32_t ITList, uint
2672:Drivers/STM32G0xx_HAL_Driver/Src/stm32g0xx_hal_fdcan.c **** {
2673:Drivers/STM32G0xx_HAL_Driver/Src/stm32g0xx_hal_fdcan.c ****   HAL_FDCAN_StateTypeDef state = hfdcan->State;
2674:Drivers/STM32G0xx_HAL_Driver/Src/stm32g0xx_hal_fdcan.c **** 
2675:Drivers/STM32G0xx_HAL_Driver/Src/stm32g0xx_hal_fdcan.c ****   /* Check function parameters */
2676:Drivers/STM32G0xx_HAL_Driver/Src/stm32g0xx_hal_fdcan.c ****   assert_param(IS_FDCAN_IT_GROUP(ITList));
2677:Drivers/STM32G0xx_HAL_Driver/Src/stm32g0xx_hal_fdcan.c ****   assert_param(IS_FDCAN_IT_LINE(InterruptLine));
2678:Drivers/STM32G0xx_HAL_Driver/Src/stm32g0xx_hal_fdcan.c **** 
2679:Drivers/STM32G0xx_HAL_Driver/Src/stm32g0xx_hal_fdcan.c ****   if ((state == HAL_FDCAN_STATE_READY) || (state == HAL_FDCAN_STATE_BUSY))
2680:Drivers/STM32G0xx_HAL_Driver/Src/stm32g0xx_hal_fdcan.c ****   {
2681:Drivers/STM32G0xx_HAL_Driver/Src/stm32g0xx_hal_fdcan.c ****     /* Assign list of interrupts to the selected line */
2682:Drivers/STM32G0xx_HAL_Driver/Src/stm32g0xx_hal_fdcan.c ****     if (InterruptLine == FDCAN_INTERRUPT_LINE0)
2683:Drivers/STM32G0xx_HAL_Driver/Src/stm32g0xx_hal_fdcan.c ****     {
2684:Drivers/STM32G0xx_HAL_Driver/Src/stm32g0xx_hal_fdcan.c ****       CLEAR_BIT(hfdcan->Instance->ILS, ITList);
2685:Drivers/STM32G0xx_HAL_Driver/Src/stm32g0xx_hal_fdcan.c ****     }
2686:Drivers/STM32G0xx_HAL_Driver/Src/stm32g0xx_hal_fdcan.c ****     else /* InterruptLine == FDCAN_INTERRUPT_LINE1 */
2687:Drivers/STM32G0xx_HAL_Driver/Src/stm32g0xx_hal_fdcan.c ****     {
2688:Drivers/STM32G0xx_HAL_Driver/Src/stm32g0xx_hal_fdcan.c ****       SET_BIT(hfdcan->Instance->ILS, ITList);
2689:Drivers/STM32G0xx_HAL_Driver/Src/stm32g0xx_hal_fdcan.c ****     }
2690:Drivers/STM32G0xx_HAL_Driver/Src/stm32g0xx_hal_fdcan.c **** 
2691:Drivers/STM32G0xx_HAL_Driver/Src/stm32g0xx_hal_fdcan.c ****     /* Return function status */
2692:Drivers/STM32G0xx_HAL_Driver/Src/stm32g0xx_hal_fdcan.c ****     return HAL_OK;
2693:Drivers/STM32G0xx_HAL_Driver/Src/stm32g0xx_hal_fdcan.c ****   }
2694:Drivers/STM32G0xx_HAL_Driver/Src/stm32g0xx_hal_fdcan.c ****   else
2695:Drivers/STM32G0xx_HAL_Driver/Src/stm32g0xx_hal_fdcan.c ****   {
2696:Drivers/STM32G0xx_HAL_Driver/Src/stm32g0xx_hal_fdcan.c ****     /* Update error code */
2697:Drivers/STM32G0xx_HAL_Driver/Src/stm32g0xx_hal_fdcan.c ****     hfdcan->ErrorCode |= HAL_FDCAN_ERROR_NOT_INITIALIZED;
2698:Drivers/STM32G0xx_HAL_Driver/Src/stm32g0xx_hal_fdcan.c **** 
2699:Drivers/STM32G0xx_HAL_Driver/Src/stm32g0xx_hal_fdcan.c ****     return HAL_ERROR;
2700:Drivers/STM32G0xx_HAL_Driver/Src/stm32g0xx_hal_fdcan.c ****   }
2701:Drivers/STM32G0xx_HAL_Driver/Src/stm32g0xx_hal_fdcan.c **** }
2702:Drivers/STM32G0xx_HAL_Driver/Src/stm32g0xx_hal_fdcan.c **** 
2703:Drivers/STM32G0xx_HAL_Driver/Src/stm32g0xx_hal_fdcan.c **** /**
2704:Drivers/STM32G0xx_HAL_Driver/Src/stm32g0xx_hal_fdcan.c ****   * @brief  Enable interrupts.
2705:Drivers/STM32G0xx_HAL_Driver/Src/stm32g0xx_hal_fdcan.c ****   * @param  hfdcan pointer to an FDCAN_HandleTypeDef structure that contains
2706:Drivers/STM32G0xx_HAL_Driver/Src/stm32g0xx_hal_fdcan.c ****   *         the configuration information for the specified FDCAN.
2707:Drivers/STM32G0xx_HAL_Driver/Src/stm32g0xx_hal_fdcan.c ****   * @param  ActiveITs indicates which interrupts will be enabled.
2708:Drivers/STM32G0xx_HAL_Driver/Src/stm32g0xx_hal_fdcan.c ****   *         This parameter can be any combination of @arg FDCAN_Interrupts.
2709:Drivers/STM32G0xx_HAL_Driver/Src/stm32g0xx_hal_fdcan.c ****   * @param  BufferIndexes Tx Buffer Indexes.
2710:Drivers/STM32G0xx_HAL_Driver/Src/stm32g0xx_hal_fdcan.c ****   *         This parameter can be any combination of @arg FDCAN_Tx_location.
2711:Drivers/STM32G0xx_HAL_Driver/Src/stm32g0xx_hal_fdcan.c ****   *         This parameter is ignored if ActiveITs does not include one of the following:
ARM GAS  C:\Users\sante\AppData\Local\Temp\cc59nu4g.s 			page 49


2712:Drivers/STM32G0xx_HAL_Driver/Src/stm32g0xx_hal_fdcan.c ****   *           - FDCAN_IT_TX_COMPLETE
2713:Drivers/STM32G0xx_HAL_Driver/Src/stm32g0xx_hal_fdcan.c ****   *           - FDCAN_IT_TX_ABORT_COMPLETE
2714:Drivers/STM32G0xx_HAL_Driver/Src/stm32g0xx_hal_fdcan.c ****   * @retval HAL status
2715:Drivers/STM32G0xx_HAL_Driver/Src/stm32g0xx_hal_fdcan.c ****   */
2716:Drivers/STM32G0xx_HAL_Driver/Src/stm32g0xx_hal_fdcan.c **** HAL_StatusTypeDef HAL_FDCAN_ActivateNotification(FDCAN_HandleTypeDef *hfdcan, uint32_t ActiveITs,
2717:Drivers/STM32G0xx_HAL_Driver/Src/stm32g0xx_hal_fdcan.c ****                                                  uint32_t BufferIndexes)
2718:Drivers/STM32G0xx_HAL_Driver/Src/stm32g0xx_hal_fdcan.c **** {
2719:Drivers/STM32G0xx_HAL_Driver/Src/stm32g0xx_hal_fdcan.c ****   HAL_FDCAN_StateTypeDef state = hfdcan->State;
2720:Drivers/STM32G0xx_HAL_Driver/Src/stm32g0xx_hal_fdcan.c ****   uint32_t ITs_lines_selection;
2721:Drivers/STM32G0xx_HAL_Driver/Src/stm32g0xx_hal_fdcan.c **** 
2722:Drivers/STM32G0xx_HAL_Driver/Src/stm32g0xx_hal_fdcan.c ****   /* Check function parameters */
2723:Drivers/STM32G0xx_HAL_Driver/Src/stm32g0xx_hal_fdcan.c ****   assert_param(IS_FDCAN_IT(ActiveITs));
2724:Drivers/STM32G0xx_HAL_Driver/Src/stm32g0xx_hal_fdcan.c ****   if ((ActiveITs & (FDCAN_IT_TX_COMPLETE | FDCAN_IT_TX_ABORT_COMPLETE)) != 0U)
2725:Drivers/STM32G0xx_HAL_Driver/Src/stm32g0xx_hal_fdcan.c ****   {
2726:Drivers/STM32G0xx_HAL_Driver/Src/stm32g0xx_hal_fdcan.c ****     assert_param(IS_FDCAN_TX_LOCATION_LIST(BufferIndexes));
2727:Drivers/STM32G0xx_HAL_Driver/Src/stm32g0xx_hal_fdcan.c ****   }
2728:Drivers/STM32G0xx_HAL_Driver/Src/stm32g0xx_hal_fdcan.c **** 
2729:Drivers/STM32G0xx_HAL_Driver/Src/stm32g0xx_hal_fdcan.c ****   if ((state == HAL_FDCAN_STATE_READY) || (state == HAL_FDCAN_STATE_BUSY))
2730:Drivers/STM32G0xx_HAL_Driver/Src/stm32g0xx_hal_fdcan.c ****   {
2731:Drivers/STM32G0xx_HAL_Driver/Src/stm32g0xx_hal_fdcan.c ****     /* Get interrupts line selection */
2732:Drivers/STM32G0xx_HAL_Driver/Src/stm32g0xx_hal_fdcan.c ****     ITs_lines_selection = hfdcan->Instance->ILS;
2733:Drivers/STM32G0xx_HAL_Driver/Src/stm32g0xx_hal_fdcan.c **** 
2734:Drivers/STM32G0xx_HAL_Driver/Src/stm32g0xx_hal_fdcan.c ****     /* Enable Interrupt lines */
2735:Drivers/STM32G0xx_HAL_Driver/Src/stm32g0xx_hal_fdcan.c ****     if ((((ActiveITs & FDCAN_IT_LIST_RX_FIFO0) != 0U)
2736:Drivers/STM32G0xx_HAL_Driver/Src/stm32g0xx_hal_fdcan.c ****          && (((ITs_lines_selection) & FDCAN_IT_GROUP_RX_FIFO0) == 0U)) || \
2737:Drivers/STM32G0xx_HAL_Driver/Src/stm32g0xx_hal_fdcan.c ****         (((ActiveITs & FDCAN_IT_LIST_RX_FIFO1)       != 0U)
2738:Drivers/STM32G0xx_HAL_Driver/Src/stm32g0xx_hal_fdcan.c ****          && (((ITs_lines_selection) & FDCAN_IT_GROUP_RX_FIFO1) == 0U)) || \
2739:Drivers/STM32G0xx_HAL_Driver/Src/stm32g0xx_hal_fdcan.c ****         (((ActiveITs & FDCAN_IT_LIST_SMSG)           != 0U)
2740:Drivers/STM32G0xx_HAL_Driver/Src/stm32g0xx_hal_fdcan.c ****          && (((ITs_lines_selection) & FDCAN_IT_GROUP_SMSG)     == 0U)) || \
2741:Drivers/STM32G0xx_HAL_Driver/Src/stm32g0xx_hal_fdcan.c ****         (((ActiveITs & FDCAN_IT_LIST_TX_FIFO_ERROR)  != 0U)
2742:Drivers/STM32G0xx_HAL_Driver/Src/stm32g0xx_hal_fdcan.c ****          && (((ITs_lines_selection) & FDCAN_IT_GROUP_TX_FIFO_ERROR)  == 0U)) || \
2743:Drivers/STM32G0xx_HAL_Driver/Src/stm32g0xx_hal_fdcan.c ****         (((ActiveITs & FDCAN_IT_LIST_MISC)           != 0U)
2744:Drivers/STM32G0xx_HAL_Driver/Src/stm32g0xx_hal_fdcan.c ****          && (((ITs_lines_selection) & FDCAN_IT_GROUP_MISC)           == 0U)) || \
2745:Drivers/STM32G0xx_HAL_Driver/Src/stm32g0xx_hal_fdcan.c ****         (((ActiveITs & FDCAN_IT_LIST_BIT_LINE_ERROR) != 0U)
2746:Drivers/STM32G0xx_HAL_Driver/Src/stm32g0xx_hal_fdcan.c ****          && (((ITs_lines_selection) & FDCAN_IT_GROUP_BIT_LINE_ERROR) == 0U)) || \
2747:Drivers/STM32G0xx_HAL_Driver/Src/stm32g0xx_hal_fdcan.c ****         (((ActiveITs & FDCAN_IT_LIST_PROTOCOL_ERROR) != 0U)
2748:Drivers/STM32G0xx_HAL_Driver/Src/stm32g0xx_hal_fdcan.c ****          && (((ITs_lines_selection) & FDCAN_IT_GROUP_PROTOCOL_ERROR) == 0U)))
2749:Drivers/STM32G0xx_HAL_Driver/Src/stm32g0xx_hal_fdcan.c ****     {
2750:Drivers/STM32G0xx_HAL_Driver/Src/stm32g0xx_hal_fdcan.c ****       /* Enable Interrupt line 0 */
2751:Drivers/STM32G0xx_HAL_Driver/Src/stm32g0xx_hal_fdcan.c ****       SET_BIT(hfdcan->Instance->ILE, FDCAN_INTERRUPT_LINE0);
2752:Drivers/STM32G0xx_HAL_Driver/Src/stm32g0xx_hal_fdcan.c ****     }
2753:Drivers/STM32G0xx_HAL_Driver/Src/stm32g0xx_hal_fdcan.c ****     if ((((ActiveITs & FDCAN_IT_LIST_RX_FIFO0)       != 0U)
2754:Drivers/STM32G0xx_HAL_Driver/Src/stm32g0xx_hal_fdcan.c ****          && (((ITs_lines_selection) & FDCAN_IT_GROUP_RX_FIFO0)      != 0U)) || \
2755:Drivers/STM32G0xx_HAL_Driver/Src/stm32g0xx_hal_fdcan.c ****         (((ActiveITs & FDCAN_IT_LIST_RX_FIFO1)       != 0U)
2756:Drivers/STM32G0xx_HAL_Driver/Src/stm32g0xx_hal_fdcan.c ****          && (((ITs_lines_selection) & FDCAN_IT_GROUP_RX_FIFO1)       != 0U)) || \
2757:Drivers/STM32G0xx_HAL_Driver/Src/stm32g0xx_hal_fdcan.c ****         (((ActiveITs & FDCAN_IT_LIST_SMSG)           != 0U)
2758:Drivers/STM32G0xx_HAL_Driver/Src/stm32g0xx_hal_fdcan.c ****          && (((ITs_lines_selection) & FDCAN_IT_GROUP_SMSG)           != 0U)) || \
2759:Drivers/STM32G0xx_HAL_Driver/Src/stm32g0xx_hal_fdcan.c ****         (((ActiveITs & FDCAN_IT_LIST_TX_FIFO_ERROR)  != 0U)
2760:Drivers/STM32G0xx_HAL_Driver/Src/stm32g0xx_hal_fdcan.c ****          && (((ITs_lines_selection) & FDCAN_IT_GROUP_TX_FIFO_ERROR)  != 0U)) || \
2761:Drivers/STM32G0xx_HAL_Driver/Src/stm32g0xx_hal_fdcan.c ****         (((ActiveITs & FDCAN_IT_LIST_MISC)           != 0U)
2762:Drivers/STM32G0xx_HAL_Driver/Src/stm32g0xx_hal_fdcan.c ****          && (((ITs_lines_selection) & FDCAN_IT_GROUP_MISC)           != 0U)) || \
2763:Drivers/STM32G0xx_HAL_Driver/Src/stm32g0xx_hal_fdcan.c ****         (((ActiveITs & FDCAN_IT_LIST_BIT_LINE_ERROR) != 0U)
2764:Drivers/STM32G0xx_HAL_Driver/Src/stm32g0xx_hal_fdcan.c ****          && (((ITs_lines_selection) & FDCAN_IT_GROUP_BIT_LINE_ERROR) != 0U)) || \
2765:Drivers/STM32G0xx_HAL_Driver/Src/stm32g0xx_hal_fdcan.c ****         (((ActiveITs & FDCAN_IT_LIST_PROTOCOL_ERROR) != 0U)
2766:Drivers/STM32G0xx_HAL_Driver/Src/stm32g0xx_hal_fdcan.c ****          && (((ITs_lines_selection) & FDCAN_IT_GROUP_PROTOCOL_ERROR) != 0U)))
2767:Drivers/STM32G0xx_HAL_Driver/Src/stm32g0xx_hal_fdcan.c ****     {
2768:Drivers/STM32G0xx_HAL_Driver/Src/stm32g0xx_hal_fdcan.c ****       /* Enable Interrupt line 1 */
ARM GAS  C:\Users\sante\AppData\Local\Temp\cc59nu4g.s 			page 50


2769:Drivers/STM32G0xx_HAL_Driver/Src/stm32g0xx_hal_fdcan.c ****       SET_BIT(hfdcan->Instance->ILE, FDCAN_INTERRUPT_LINE1);
2770:Drivers/STM32G0xx_HAL_Driver/Src/stm32g0xx_hal_fdcan.c ****     }
2771:Drivers/STM32G0xx_HAL_Driver/Src/stm32g0xx_hal_fdcan.c **** 
2772:Drivers/STM32G0xx_HAL_Driver/Src/stm32g0xx_hal_fdcan.c ****     if ((ActiveITs & FDCAN_IT_TX_COMPLETE) != 0U)
2773:Drivers/STM32G0xx_HAL_Driver/Src/stm32g0xx_hal_fdcan.c ****     {
2774:Drivers/STM32G0xx_HAL_Driver/Src/stm32g0xx_hal_fdcan.c ****       /* Enable Tx Buffer Transmission Interrupt to set TC flag in IR register,
2775:Drivers/STM32G0xx_HAL_Driver/Src/stm32g0xx_hal_fdcan.c ****          but interrupt will only occur if TC is enabled in IE register */
2776:Drivers/STM32G0xx_HAL_Driver/Src/stm32g0xx_hal_fdcan.c ****       SET_BIT(hfdcan->Instance->TXBTIE, BufferIndexes);
2777:Drivers/STM32G0xx_HAL_Driver/Src/stm32g0xx_hal_fdcan.c ****     }
2778:Drivers/STM32G0xx_HAL_Driver/Src/stm32g0xx_hal_fdcan.c **** 
2779:Drivers/STM32G0xx_HAL_Driver/Src/stm32g0xx_hal_fdcan.c ****     if ((ActiveITs & FDCAN_IT_TX_ABORT_COMPLETE) != 0U)
2780:Drivers/STM32G0xx_HAL_Driver/Src/stm32g0xx_hal_fdcan.c ****     {
2781:Drivers/STM32G0xx_HAL_Driver/Src/stm32g0xx_hal_fdcan.c ****       /* Enable Tx Buffer Cancellation Finished Interrupt to set TCF flag in IR register,
2782:Drivers/STM32G0xx_HAL_Driver/Src/stm32g0xx_hal_fdcan.c ****          but interrupt will only occur if TCF is enabled in IE register */
2783:Drivers/STM32G0xx_HAL_Driver/Src/stm32g0xx_hal_fdcan.c ****       SET_BIT(hfdcan->Instance->TXBCIE, BufferIndexes);
2784:Drivers/STM32G0xx_HAL_Driver/Src/stm32g0xx_hal_fdcan.c ****     }
2785:Drivers/STM32G0xx_HAL_Driver/Src/stm32g0xx_hal_fdcan.c **** 
2786:Drivers/STM32G0xx_HAL_Driver/Src/stm32g0xx_hal_fdcan.c ****     /* Enable the selected interrupts */
2787:Drivers/STM32G0xx_HAL_Driver/Src/stm32g0xx_hal_fdcan.c ****     __HAL_FDCAN_ENABLE_IT(hfdcan, ActiveITs);
2788:Drivers/STM32G0xx_HAL_Driver/Src/stm32g0xx_hal_fdcan.c **** 
2789:Drivers/STM32G0xx_HAL_Driver/Src/stm32g0xx_hal_fdcan.c ****     /* Return function status */
2790:Drivers/STM32G0xx_HAL_Driver/Src/stm32g0xx_hal_fdcan.c ****     return HAL_OK;
2791:Drivers/STM32G0xx_HAL_Driver/Src/stm32g0xx_hal_fdcan.c ****   }
2792:Drivers/STM32G0xx_HAL_Driver/Src/stm32g0xx_hal_fdcan.c ****   else
2793:Drivers/STM32G0xx_HAL_Driver/Src/stm32g0xx_hal_fdcan.c ****   {
2794:Drivers/STM32G0xx_HAL_Driver/Src/stm32g0xx_hal_fdcan.c ****     /* Update error code */
2795:Drivers/STM32G0xx_HAL_Driver/Src/stm32g0xx_hal_fdcan.c ****     hfdcan->ErrorCode |= HAL_FDCAN_ERROR_NOT_INITIALIZED;
2796:Drivers/STM32G0xx_HAL_Driver/Src/stm32g0xx_hal_fdcan.c **** 
2797:Drivers/STM32G0xx_HAL_Driver/Src/stm32g0xx_hal_fdcan.c ****     return HAL_ERROR;
2798:Drivers/STM32G0xx_HAL_Driver/Src/stm32g0xx_hal_fdcan.c ****   }
2799:Drivers/STM32G0xx_HAL_Driver/Src/stm32g0xx_hal_fdcan.c **** }
2800:Drivers/STM32G0xx_HAL_Driver/Src/stm32g0xx_hal_fdcan.c **** 
2801:Drivers/STM32G0xx_HAL_Driver/Src/stm32g0xx_hal_fdcan.c **** /**
2802:Drivers/STM32G0xx_HAL_Driver/Src/stm32g0xx_hal_fdcan.c ****   * @brief  Disable interrupts.
2803:Drivers/STM32G0xx_HAL_Driver/Src/stm32g0xx_hal_fdcan.c ****   * @param  hfdcan pointer to an FDCAN_HandleTypeDef structure that contains
2804:Drivers/STM32G0xx_HAL_Driver/Src/stm32g0xx_hal_fdcan.c ****   *         the configuration information for the specified FDCAN.
2805:Drivers/STM32G0xx_HAL_Driver/Src/stm32g0xx_hal_fdcan.c ****   * @param  InactiveITs indicates which interrupts will be disabled.
2806:Drivers/STM32G0xx_HAL_Driver/Src/stm32g0xx_hal_fdcan.c ****   *         This parameter can be any combination of @arg FDCAN_Interrupts.
2807:Drivers/STM32G0xx_HAL_Driver/Src/stm32g0xx_hal_fdcan.c ****   * @retval HAL status
2808:Drivers/STM32G0xx_HAL_Driver/Src/stm32g0xx_hal_fdcan.c ****   */
2809:Drivers/STM32G0xx_HAL_Driver/Src/stm32g0xx_hal_fdcan.c **** HAL_StatusTypeDef HAL_FDCAN_DeactivateNotification(FDCAN_HandleTypeDef *hfdcan, uint32_t InactiveIT
2810:Drivers/STM32G0xx_HAL_Driver/Src/stm32g0xx_hal_fdcan.c **** {
2811:Drivers/STM32G0xx_HAL_Driver/Src/stm32g0xx_hal_fdcan.c ****   HAL_FDCAN_StateTypeDef state = hfdcan->State;
2812:Drivers/STM32G0xx_HAL_Driver/Src/stm32g0xx_hal_fdcan.c ****   uint32_t ITs_enabled;
2813:Drivers/STM32G0xx_HAL_Driver/Src/stm32g0xx_hal_fdcan.c ****   uint32_t ITs_lines_selection;
2814:Drivers/STM32G0xx_HAL_Driver/Src/stm32g0xx_hal_fdcan.c **** 
2815:Drivers/STM32G0xx_HAL_Driver/Src/stm32g0xx_hal_fdcan.c ****   /* Check function parameters */
2816:Drivers/STM32G0xx_HAL_Driver/Src/stm32g0xx_hal_fdcan.c ****   assert_param(IS_FDCAN_IT(InactiveITs));
2817:Drivers/STM32G0xx_HAL_Driver/Src/stm32g0xx_hal_fdcan.c **** 
2818:Drivers/STM32G0xx_HAL_Driver/Src/stm32g0xx_hal_fdcan.c ****   if ((state == HAL_FDCAN_STATE_READY) || (state == HAL_FDCAN_STATE_BUSY))
2819:Drivers/STM32G0xx_HAL_Driver/Src/stm32g0xx_hal_fdcan.c ****   {
2820:Drivers/STM32G0xx_HAL_Driver/Src/stm32g0xx_hal_fdcan.c ****     /* Disable the selected interrupts */
2821:Drivers/STM32G0xx_HAL_Driver/Src/stm32g0xx_hal_fdcan.c ****     __HAL_FDCAN_DISABLE_IT(hfdcan, InactiveITs);
2822:Drivers/STM32G0xx_HAL_Driver/Src/stm32g0xx_hal_fdcan.c **** 
2823:Drivers/STM32G0xx_HAL_Driver/Src/stm32g0xx_hal_fdcan.c ****     if ((InactiveITs & FDCAN_IT_TX_COMPLETE) != 0U)
2824:Drivers/STM32G0xx_HAL_Driver/Src/stm32g0xx_hal_fdcan.c ****     {
2825:Drivers/STM32G0xx_HAL_Driver/Src/stm32g0xx_hal_fdcan.c ****       /* Disable Tx Buffer Transmission Interrupts */
ARM GAS  C:\Users\sante\AppData\Local\Temp\cc59nu4g.s 			page 51


2826:Drivers/STM32G0xx_HAL_Driver/Src/stm32g0xx_hal_fdcan.c ****       CLEAR_REG(hfdcan->Instance->TXBTIE);
2827:Drivers/STM32G0xx_HAL_Driver/Src/stm32g0xx_hal_fdcan.c ****     }
2828:Drivers/STM32G0xx_HAL_Driver/Src/stm32g0xx_hal_fdcan.c **** 
2829:Drivers/STM32G0xx_HAL_Driver/Src/stm32g0xx_hal_fdcan.c ****     if ((InactiveITs & FDCAN_IT_TX_ABORT_COMPLETE) != 0U)
2830:Drivers/STM32G0xx_HAL_Driver/Src/stm32g0xx_hal_fdcan.c ****     {
2831:Drivers/STM32G0xx_HAL_Driver/Src/stm32g0xx_hal_fdcan.c ****       /* Disable Tx Buffer Cancellation Finished Interrupt */
2832:Drivers/STM32G0xx_HAL_Driver/Src/stm32g0xx_hal_fdcan.c ****       CLEAR_REG(hfdcan->Instance->TXBCIE);
2833:Drivers/STM32G0xx_HAL_Driver/Src/stm32g0xx_hal_fdcan.c ****     }
2834:Drivers/STM32G0xx_HAL_Driver/Src/stm32g0xx_hal_fdcan.c **** 
2835:Drivers/STM32G0xx_HAL_Driver/Src/stm32g0xx_hal_fdcan.c ****     /* Get interrupts enabled and interrupts line selection */
2836:Drivers/STM32G0xx_HAL_Driver/Src/stm32g0xx_hal_fdcan.c ****     ITs_enabled = hfdcan->Instance->IE;
2837:Drivers/STM32G0xx_HAL_Driver/Src/stm32g0xx_hal_fdcan.c ****     ITs_lines_selection = hfdcan->Instance->ILS;
2838:Drivers/STM32G0xx_HAL_Driver/Src/stm32g0xx_hal_fdcan.c **** 
2839:Drivers/STM32G0xx_HAL_Driver/Src/stm32g0xx_hal_fdcan.c ****     /* Check if some interrupts are still enabled on interrupt line 0 */
2840:Drivers/STM32G0xx_HAL_Driver/Src/stm32g0xx_hal_fdcan.c ****     if ((((ITs_enabled & FDCAN_IT_LIST_RX_FIFO0)       != 0U)
2841:Drivers/STM32G0xx_HAL_Driver/Src/stm32g0xx_hal_fdcan.c ****          && (((ITs_lines_selection) & FDCAN_IT_GROUP_RX_FIFO0)       == 0U)) || \
2842:Drivers/STM32G0xx_HAL_Driver/Src/stm32g0xx_hal_fdcan.c ****         (((ITs_enabled & FDCAN_IT_LIST_RX_FIFO1)       != 0U)
2843:Drivers/STM32G0xx_HAL_Driver/Src/stm32g0xx_hal_fdcan.c ****          && (((ITs_lines_selection) & FDCAN_IT_GROUP_RX_FIFO1)       == 0U)) || \
2844:Drivers/STM32G0xx_HAL_Driver/Src/stm32g0xx_hal_fdcan.c ****         (((ITs_enabled & FDCAN_IT_LIST_SMSG)           != 0U)
2845:Drivers/STM32G0xx_HAL_Driver/Src/stm32g0xx_hal_fdcan.c ****          && (((ITs_lines_selection) & FDCAN_IT_GROUP_SMSG)           == 0U)) || \
2846:Drivers/STM32G0xx_HAL_Driver/Src/stm32g0xx_hal_fdcan.c ****         (((ITs_enabled & FDCAN_IT_LIST_TX_FIFO_ERROR)  != 0U)
2847:Drivers/STM32G0xx_HAL_Driver/Src/stm32g0xx_hal_fdcan.c ****          && (((ITs_lines_selection) & FDCAN_IT_GROUP_TX_FIFO_ERROR)  == 0U)) || \
2848:Drivers/STM32G0xx_HAL_Driver/Src/stm32g0xx_hal_fdcan.c ****         (((ITs_enabled & FDCAN_IT_LIST_MISC)           != 0U)
2849:Drivers/STM32G0xx_HAL_Driver/Src/stm32g0xx_hal_fdcan.c ****          && (((ITs_lines_selection) & FDCAN_IT_GROUP_MISC)           == 0U)) || \
2850:Drivers/STM32G0xx_HAL_Driver/Src/stm32g0xx_hal_fdcan.c ****         (((ITs_enabled & FDCAN_IT_LIST_BIT_LINE_ERROR) != 0U)
2851:Drivers/STM32G0xx_HAL_Driver/Src/stm32g0xx_hal_fdcan.c ****          && (((ITs_lines_selection) & FDCAN_IT_GROUP_BIT_LINE_ERROR) == 0U)) || \
2852:Drivers/STM32G0xx_HAL_Driver/Src/stm32g0xx_hal_fdcan.c ****         (((ITs_enabled & FDCAN_IT_LIST_PROTOCOL_ERROR) != 0U)
2853:Drivers/STM32G0xx_HAL_Driver/Src/stm32g0xx_hal_fdcan.c ****          && (((ITs_lines_selection) & FDCAN_IT_GROUP_PROTOCOL_ERROR) == 0U)))
2854:Drivers/STM32G0xx_HAL_Driver/Src/stm32g0xx_hal_fdcan.c ****     {
2855:Drivers/STM32G0xx_HAL_Driver/Src/stm32g0xx_hal_fdcan.c ****       /* Do nothing */
2856:Drivers/STM32G0xx_HAL_Driver/Src/stm32g0xx_hal_fdcan.c ****     }
2857:Drivers/STM32G0xx_HAL_Driver/Src/stm32g0xx_hal_fdcan.c ****     else /* no more interrupts enabled on interrupt line 0 */
2858:Drivers/STM32G0xx_HAL_Driver/Src/stm32g0xx_hal_fdcan.c ****     {
2859:Drivers/STM32G0xx_HAL_Driver/Src/stm32g0xx_hal_fdcan.c ****       /* Disable interrupt line 0 */
2860:Drivers/STM32G0xx_HAL_Driver/Src/stm32g0xx_hal_fdcan.c ****       CLEAR_BIT(hfdcan->Instance->ILE, FDCAN_INTERRUPT_LINE0);
2861:Drivers/STM32G0xx_HAL_Driver/Src/stm32g0xx_hal_fdcan.c ****     }
2862:Drivers/STM32G0xx_HAL_Driver/Src/stm32g0xx_hal_fdcan.c **** 
2863:Drivers/STM32G0xx_HAL_Driver/Src/stm32g0xx_hal_fdcan.c ****     /* Check if some interrupts are still enabled on interrupt line 1 */
2864:Drivers/STM32G0xx_HAL_Driver/Src/stm32g0xx_hal_fdcan.c ****     if ((((ITs_enabled & FDCAN_IT_LIST_RX_FIFO0)       != 0U)
2865:Drivers/STM32G0xx_HAL_Driver/Src/stm32g0xx_hal_fdcan.c ****          && (((ITs_lines_selection) & FDCAN_IT_GROUP_RX_FIFO0)       != 0U)) || \
2866:Drivers/STM32G0xx_HAL_Driver/Src/stm32g0xx_hal_fdcan.c ****         (((ITs_enabled & FDCAN_IT_LIST_RX_FIFO1)       != 0U)
2867:Drivers/STM32G0xx_HAL_Driver/Src/stm32g0xx_hal_fdcan.c ****          && (((ITs_lines_selection) & FDCAN_IT_GROUP_RX_FIFO1)       != 0U)) || \
2868:Drivers/STM32G0xx_HAL_Driver/Src/stm32g0xx_hal_fdcan.c ****         (((ITs_enabled & FDCAN_IT_LIST_SMSG)           != 0U)
2869:Drivers/STM32G0xx_HAL_Driver/Src/stm32g0xx_hal_fdcan.c ****          && (((ITs_lines_selection) & FDCAN_IT_GROUP_SMSG)           != 0U)) || \
2870:Drivers/STM32G0xx_HAL_Driver/Src/stm32g0xx_hal_fdcan.c ****         (((ITs_enabled & FDCAN_IT_LIST_TX_FIFO_ERROR)  != 0U)
2871:Drivers/STM32G0xx_HAL_Driver/Src/stm32g0xx_hal_fdcan.c ****          && (((ITs_lines_selection) & FDCAN_IT_GROUP_TX_FIFO_ERROR)  != 0U)) || \
2872:Drivers/STM32G0xx_HAL_Driver/Src/stm32g0xx_hal_fdcan.c ****         (((ITs_enabled & FDCAN_IT_LIST_MISC)           != 0U)
2873:Drivers/STM32G0xx_HAL_Driver/Src/stm32g0xx_hal_fdcan.c ****          && (((ITs_lines_selection) & FDCAN_IT_GROUP_MISC)           != 0U)) || \
2874:Drivers/STM32G0xx_HAL_Driver/Src/stm32g0xx_hal_fdcan.c ****         (((ITs_enabled & FDCAN_IT_LIST_BIT_LINE_ERROR) != 0U)
2875:Drivers/STM32G0xx_HAL_Driver/Src/stm32g0xx_hal_fdcan.c ****          && (((ITs_lines_selection) & FDCAN_IT_GROUP_BIT_LINE_ERROR) != 0U)) || \
2876:Drivers/STM32G0xx_HAL_Driver/Src/stm32g0xx_hal_fdcan.c ****         (((ITs_enabled & FDCAN_IT_LIST_PROTOCOL_ERROR) != 0U)
2877:Drivers/STM32G0xx_HAL_Driver/Src/stm32g0xx_hal_fdcan.c ****          && (((ITs_lines_selection) & FDCAN_IT_GROUP_PROTOCOL_ERROR) != 0U)))
2878:Drivers/STM32G0xx_HAL_Driver/Src/stm32g0xx_hal_fdcan.c ****     {
2879:Drivers/STM32G0xx_HAL_Driver/Src/stm32g0xx_hal_fdcan.c ****       /* Do nothing */
2880:Drivers/STM32G0xx_HAL_Driver/Src/stm32g0xx_hal_fdcan.c ****     }
2881:Drivers/STM32G0xx_HAL_Driver/Src/stm32g0xx_hal_fdcan.c ****     else /* no more interrupts enabled on interrupt line 1 */
2882:Drivers/STM32G0xx_HAL_Driver/Src/stm32g0xx_hal_fdcan.c ****     {
ARM GAS  C:\Users\sante\AppData\Local\Temp\cc59nu4g.s 			page 52


2883:Drivers/STM32G0xx_HAL_Driver/Src/stm32g0xx_hal_fdcan.c ****       /* Disable interrupt line 1 */
2884:Drivers/STM32G0xx_HAL_Driver/Src/stm32g0xx_hal_fdcan.c ****       CLEAR_BIT(hfdcan->Instance->ILE, FDCAN_INTERRUPT_LINE1);
2885:Drivers/STM32G0xx_HAL_Driver/Src/stm32g0xx_hal_fdcan.c ****     }
2886:Drivers/STM32G0xx_HAL_Driver/Src/stm32g0xx_hal_fdcan.c **** 
2887:Drivers/STM32G0xx_HAL_Driver/Src/stm32g0xx_hal_fdcan.c ****     /* Return function status */
2888:Drivers/STM32G0xx_HAL_Driver/Src/stm32g0xx_hal_fdcan.c ****     return HAL_OK;
2889:Drivers/STM32G0xx_HAL_Driver/Src/stm32g0xx_hal_fdcan.c ****   }
2890:Drivers/STM32G0xx_HAL_Driver/Src/stm32g0xx_hal_fdcan.c ****   else
2891:Drivers/STM32G0xx_HAL_Driver/Src/stm32g0xx_hal_fdcan.c ****   {
2892:Drivers/STM32G0xx_HAL_Driver/Src/stm32g0xx_hal_fdcan.c ****     /* Update error code */
2893:Drivers/STM32G0xx_HAL_Driver/Src/stm32g0xx_hal_fdcan.c ****     hfdcan->ErrorCode |= HAL_FDCAN_ERROR_NOT_INITIALIZED;
2894:Drivers/STM32G0xx_HAL_Driver/Src/stm32g0xx_hal_fdcan.c **** 
2895:Drivers/STM32G0xx_HAL_Driver/Src/stm32g0xx_hal_fdcan.c ****     return HAL_ERROR;
2896:Drivers/STM32G0xx_HAL_Driver/Src/stm32g0xx_hal_fdcan.c ****   }
2897:Drivers/STM32G0xx_HAL_Driver/Src/stm32g0xx_hal_fdcan.c **** }
2898:Drivers/STM32G0xx_HAL_Driver/Src/stm32g0xx_hal_fdcan.c **** 
2899:Drivers/STM32G0xx_HAL_Driver/Src/stm32g0xx_hal_fdcan.c **** /**
2900:Drivers/STM32G0xx_HAL_Driver/Src/stm32g0xx_hal_fdcan.c ****   * @brief  Handles FDCAN interrupt request.
2901:Drivers/STM32G0xx_HAL_Driver/Src/stm32g0xx_hal_fdcan.c ****   * @param  hfdcan pointer to an FDCAN_HandleTypeDef structure that contains
2902:Drivers/STM32G0xx_HAL_Driver/Src/stm32g0xx_hal_fdcan.c ****   *         the configuration information for the specified FDCAN.
2903:Drivers/STM32G0xx_HAL_Driver/Src/stm32g0xx_hal_fdcan.c ****   * @retval HAL status
2904:Drivers/STM32G0xx_HAL_Driver/Src/stm32g0xx_hal_fdcan.c ****   */
2905:Drivers/STM32G0xx_HAL_Driver/Src/stm32g0xx_hal_fdcan.c **** void HAL_FDCAN_IRQHandler(FDCAN_HandleTypeDef *hfdcan)
2906:Drivers/STM32G0xx_HAL_Driver/Src/stm32g0xx_hal_fdcan.c **** {
2907:Drivers/STM32G0xx_HAL_Driver/Src/stm32g0xx_hal_fdcan.c ****   uint32_t TxEventFifoITs;
2908:Drivers/STM32G0xx_HAL_Driver/Src/stm32g0xx_hal_fdcan.c ****   uint32_t RxFifo0ITs;
2909:Drivers/STM32G0xx_HAL_Driver/Src/stm32g0xx_hal_fdcan.c ****   uint32_t RxFifo1ITs;
2910:Drivers/STM32G0xx_HAL_Driver/Src/stm32g0xx_hal_fdcan.c ****   uint32_t Errors;
2911:Drivers/STM32G0xx_HAL_Driver/Src/stm32g0xx_hal_fdcan.c ****   uint32_t ErrorStatusITs;
2912:Drivers/STM32G0xx_HAL_Driver/Src/stm32g0xx_hal_fdcan.c ****   uint32_t TransmittedBuffers;
2913:Drivers/STM32G0xx_HAL_Driver/Src/stm32g0xx_hal_fdcan.c ****   uint32_t AbortedBuffers;
2914:Drivers/STM32G0xx_HAL_Driver/Src/stm32g0xx_hal_fdcan.c ****   uint32_t itsource;
2915:Drivers/STM32G0xx_HAL_Driver/Src/stm32g0xx_hal_fdcan.c ****   uint32_t itflag;
2916:Drivers/STM32G0xx_HAL_Driver/Src/stm32g0xx_hal_fdcan.c **** 
2917:Drivers/STM32G0xx_HAL_Driver/Src/stm32g0xx_hal_fdcan.c ****   TxEventFifoITs = hfdcan->Instance->IR & FDCAN_TX_EVENT_FIFO_MASK;
2918:Drivers/STM32G0xx_HAL_Driver/Src/stm32g0xx_hal_fdcan.c ****   TxEventFifoITs &= hfdcan->Instance->IE;
2919:Drivers/STM32G0xx_HAL_Driver/Src/stm32g0xx_hal_fdcan.c ****   RxFifo0ITs = hfdcan->Instance->IR & FDCAN_RX_FIFO0_MASK;
2920:Drivers/STM32G0xx_HAL_Driver/Src/stm32g0xx_hal_fdcan.c ****   RxFifo0ITs &= hfdcan->Instance->IE;
2921:Drivers/STM32G0xx_HAL_Driver/Src/stm32g0xx_hal_fdcan.c ****   RxFifo1ITs = hfdcan->Instance->IR & FDCAN_RX_FIFO1_MASK;
2922:Drivers/STM32G0xx_HAL_Driver/Src/stm32g0xx_hal_fdcan.c ****   RxFifo1ITs &= hfdcan->Instance->IE;
2923:Drivers/STM32G0xx_HAL_Driver/Src/stm32g0xx_hal_fdcan.c ****   Errors = hfdcan->Instance->IR & FDCAN_ERROR_MASK;
2924:Drivers/STM32G0xx_HAL_Driver/Src/stm32g0xx_hal_fdcan.c ****   Errors &= hfdcan->Instance->IE;
2925:Drivers/STM32G0xx_HAL_Driver/Src/stm32g0xx_hal_fdcan.c ****   ErrorStatusITs = hfdcan->Instance->IR & FDCAN_ERROR_STATUS_MASK;
2926:Drivers/STM32G0xx_HAL_Driver/Src/stm32g0xx_hal_fdcan.c ****   ErrorStatusITs &= hfdcan->Instance->IE;
2927:Drivers/STM32G0xx_HAL_Driver/Src/stm32g0xx_hal_fdcan.c ****   itsource = hfdcan->Instance->IE;
2928:Drivers/STM32G0xx_HAL_Driver/Src/stm32g0xx_hal_fdcan.c ****   itflag = hfdcan->Instance->IR;
2929:Drivers/STM32G0xx_HAL_Driver/Src/stm32g0xx_hal_fdcan.c **** 
2930:Drivers/STM32G0xx_HAL_Driver/Src/stm32g0xx_hal_fdcan.c ****   /* High Priority Message interrupt management *******************************/
2931:Drivers/STM32G0xx_HAL_Driver/Src/stm32g0xx_hal_fdcan.c ****   if (FDCAN_CHECK_FLAG(itflag, FDCAN_FLAG_RX_HIGH_PRIORITY_MSG) != RESET)
2932:Drivers/STM32G0xx_HAL_Driver/Src/stm32g0xx_hal_fdcan.c ****   {
2933:Drivers/STM32G0xx_HAL_Driver/Src/stm32g0xx_hal_fdcan.c ****     if (FDCAN_CHECK_IT_SOURCE(itsource, FDCAN_IT_RX_HIGH_PRIORITY_MSG) != RESET)
2934:Drivers/STM32G0xx_HAL_Driver/Src/stm32g0xx_hal_fdcan.c ****     {
2935:Drivers/STM32G0xx_HAL_Driver/Src/stm32g0xx_hal_fdcan.c ****       /* Clear the High Priority Message flag */
2936:Drivers/STM32G0xx_HAL_Driver/Src/stm32g0xx_hal_fdcan.c ****       __HAL_FDCAN_CLEAR_FLAG(hfdcan, FDCAN_FLAG_RX_HIGH_PRIORITY_MSG);
2937:Drivers/STM32G0xx_HAL_Driver/Src/stm32g0xx_hal_fdcan.c **** 
2938:Drivers/STM32G0xx_HAL_Driver/Src/stm32g0xx_hal_fdcan.c **** #if USE_HAL_FDCAN_REGISTER_CALLBACKS == 1
2939:Drivers/STM32G0xx_HAL_Driver/Src/stm32g0xx_hal_fdcan.c ****       /* Call registered callback*/
ARM GAS  C:\Users\sante\AppData\Local\Temp\cc59nu4g.s 			page 53


2940:Drivers/STM32G0xx_HAL_Driver/Src/stm32g0xx_hal_fdcan.c ****       hfdcan->HighPriorityMessageCallback(hfdcan);
2941:Drivers/STM32G0xx_HAL_Driver/Src/stm32g0xx_hal_fdcan.c **** #else
2942:Drivers/STM32G0xx_HAL_Driver/Src/stm32g0xx_hal_fdcan.c ****       /* High Priority Message Callback */
2943:Drivers/STM32G0xx_HAL_Driver/Src/stm32g0xx_hal_fdcan.c ****       HAL_FDCAN_HighPriorityMessageCallback(hfdcan);
2944:Drivers/STM32G0xx_HAL_Driver/Src/stm32g0xx_hal_fdcan.c **** #endif /* USE_HAL_FDCAN_REGISTER_CALLBACKS */
2945:Drivers/STM32G0xx_HAL_Driver/Src/stm32g0xx_hal_fdcan.c ****     }
2946:Drivers/STM32G0xx_HAL_Driver/Src/stm32g0xx_hal_fdcan.c ****   }
2947:Drivers/STM32G0xx_HAL_Driver/Src/stm32g0xx_hal_fdcan.c **** 
2948:Drivers/STM32G0xx_HAL_Driver/Src/stm32g0xx_hal_fdcan.c ****   /* Transmission Abort interrupt management **********************************/
2949:Drivers/STM32G0xx_HAL_Driver/Src/stm32g0xx_hal_fdcan.c ****   if (FDCAN_CHECK_FLAG(itflag, FDCAN_FLAG_TX_ABORT_COMPLETE) != RESET)
2950:Drivers/STM32G0xx_HAL_Driver/Src/stm32g0xx_hal_fdcan.c ****   {
2951:Drivers/STM32G0xx_HAL_Driver/Src/stm32g0xx_hal_fdcan.c ****     if (FDCAN_CHECK_IT_SOURCE(itsource, FDCAN_IT_TX_ABORT_COMPLETE) != RESET)
2952:Drivers/STM32G0xx_HAL_Driver/Src/stm32g0xx_hal_fdcan.c ****     {
2953:Drivers/STM32G0xx_HAL_Driver/Src/stm32g0xx_hal_fdcan.c ****       /* List of aborted monitored buffers */
2954:Drivers/STM32G0xx_HAL_Driver/Src/stm32g0xx_hal_fdcan.c ****       AbortedBuffers = hfdcan->Instance->TXBCF;
2955:Drivers/STM32G0xx_HAL_Driver/Src/stm32g0xx_hal_fdcan.c ****       AbortedBuffers &= hfdcan->Instance->TXBCIE;
2956:Drivers/STM32G0xx_HAL_Driver/Src/stm32g0xx_hal_fdcan.c **** 
2957:Drivers/STM32G0xx_HAL_Driver/Src/stm32g0xx_hal_fdcan.c ****       /* Clear the Transmission Cancellation flag */
2958:Drivers/STM32G0xx_HAL_Driver/Src/stm32g0xx_hal_fdcan.c ****       __HAL_FDCAN_CLEAR_FLAG(hfdcan, FDCAN_FLAG_TX_ABORT_COMPLETE);
2959:Drivers/STM32G0xx_HAL_Driver/Src/stm32g0xx_hal_fdcan.c **** 
2960:Drivers/STM32G0xx_HAL_Driver/Src/stm32g0xx_hal_fdcan.c **** #if USE_HAL_FDCAN_REGISTER_CALLBACKS == 1
2961:Drivers/STM32G0xx_HAL_Driver/Src/stm32g0xx_hal_fdcan.c ****       /* Call registered callback*/
2962:Drivers/STM32G0xx_HAL_Driver/Src/stm32g0xx_hal_fdcan.c ****       hfdcan->TxBufferAbortCallback(hfdcan, AbortedBuffers);
2963:Drivers/STM32G0xx_HAL_Driver/Src/stm32g0xx_hal_fdcan.c **** #else
2964:Drivers/STM32G0xx_HAL_Driver/Src/stm32g0xx_hal_fdcan.c ****       /* Transmission Cancellation Callback */
2965:Drivers/STM32G0xx_HAL_Driver/Src/stm32g0xx_hal_fdcan.c ****       HAL_FDCAN_TxBufferAbortCallback(hfdcan, AbortedBuffers);
2966:Drivers/STM32G0xx_HAL_Driver/Src/stm32g0xx_hal_fdcan.c **** #endif /* USE_HAL_FDCAN_REGISTER_CALLBACKS */
2967:Drivers/STM32G0xx_HAL_Driver/Src/stm32g0xx_hal_fdcan.c ****     }
2968:Drivers/STM32G0xx_HAL_Driver/Src/stm32g0xx_hal_fdcan.c ****   }
2969:Drivers/STM32G0xx_HAL_Driver/Src/stm32g0xx_hal_fdcan.c **** 
2970:Drivers/STM32G0xx_HAL_Driver/Src/stm32g0xx_hal_fdcan.c ****   /* Tx event FIFO interrupts management **************************************/
2971:Drivers/STM32G0xx_HAL_Driver/Src/stm32g0xx_hal_fdcan.c ****   if (TxEventFifoITs != 0U)
2972:Drivers/STM32G0xx_HAL_Driver/Src/stm32g0xx_hal_fdcan.c ****   {
2973:Drivers/STM32G0xx_HAL_Driver/Src/stm32g0xx_hal_fdcan.c ****     /* Clear the Tx Event FIFO flags */
2974:Drivers/STM32G0xx_HAL_Driver/Src/stm32g0xx_hal_fdcan.c ****     __HAL_FDCAN_CLEAR_FLAG(hfdcan, TxEventFifoITs);
2975:Drivers/STM32G0xx_HAL_Driver/Src/stm32g0xx_hal_fdcan.c **** 
2976:Drivers/STM32G0xx_HAL_Driver/Src/stm32g0xx_hal_fdcan.c **** #if USE_HAL_FDCAN_REGISTER_CALLBACKS == 1
2977:Drivers/STM32G0xx_HAL_Driver/Src/stm32g0xx_hal_fdcan.c ****     /* Call registered callback*/
2978:Drivers/STM32G0xx_HAL_Driver/Src/stm32g0xx_hal_fdcan.c ****     hfdcan->TxEventFifoCallback(hfdcan, TxEventFifoITs);
2979:Drivers/STM32G0xx_HAL_Driver/Src/stm32g0xx_hal_fdcan.c **** #else
2980:Drivers/STM32G0xx_HAL_Driver/Src/stm32g0xx_hal_fdcan.c ****     /* Tx Event FIFO Callback */
2981:Drivers/STM32G0xx_HAL_Driver/Src/stm32g0xx_hal_fdcan.c ****     HAL_FDCAN_TxEventFifoCallback(hfdcan, TxEventFifoITs);
2982:Drivers/STM32G0xx_HAL_Driver/Src/stm32g0xx_hal_fdcan.c **** #endif /* USE_HAL_FDCAN_REGISTER_CALLBACKS */
2983:Drivers/STM32G0xx_HAL_Driver/Src/stm32g0xx_hal_fdcan.c ****   }
2984:Drivers/STM32G0xx_HAL_Driver/Src/stm32g0xx_hal_fdcan.c **** 
2985:Drivers/STM32G0xx_HAL_Driver/Src/stm32g0xx_hal_fdcan.c ****   /* Rx FIFO 0 interrupts management ******************************************/
2986:Drivers/STM32G0xx_HAL_Driver/Src/stm32g0xx_hal_fdcan.c ****   if (RxFifo0ITs != 0U)
2987:Drivers/STM32G0xx_HAL_Driver/Src/stm32g0xx_hal_fdcan.c ****   {
2988:Drivers/STM32G0xx_HAL_Driver/Src/stm32g0xx_hal_fdcan.c ****     /* Clear the Rx FIFO 0 flags */
2989:Drivers/STM32G0xx_HAL_Driver/Src/stm32g0xx_hal_fdcan.c ****     __HAL_FDCAN_CLEAR_FLAG(hfdcan, RxFifo0ITs);
2990:Drivers/STM32G0xx_HAL_Driver/Src/stm32g0xx_hal_fdcan.c **** 
2991:Drivers/STM32G0xx_HAL_Driver/Src/stm32g0xx_hal_fdcan.c **** #if USE_HAL_FDCAN_REGISTER_CALLBACKS == 1
2992:Drivers/STM32G0xx_HAL_Driver/Src/stm32g0xx_hal_fdcan.c ****     /* Call registered callback*/
2993:Drivers/STM32G0xx_HAL_Driver/Src/stm32g0xx_hal_fdcan.c ****     hfdcan->RxFifo0Callback(hfdcan, RxFifo0ITs);
2994:Drivers/STM32G0xx_HAL_Driver/Src/stm32g0xx_hal_fdcan.c **** #else
2995:Drivers/STM32G0xx_HAL_Driver/Src/stm32g0xx_hal_fdcan.c ****     /* Rx FIFO 0 Callback */
2996:Drivers/STM32G0xx_HAL_Driver/Src/stm32g0xx_hal_fdcan.c ****     HAL_FDCAN_RxFifo0Callback(hfdcan, RxFifo0ITs);
ARM GAS  C:\Users\sante\AppData\Local\Temp\cc59nu4g.s 			page 54


2997:Drivers/STM32G0xx_HAL_Driver/Src/stm32g0xx_hal_fdcan.c **** #endif /* USE_HAL_FDCAN_REGISTER_CALLBACKS */
2998:Drivers/STM32G0xx_HAL_Driver/Src/stm32g0xx_hal_fdcan.c ****   }
2999:Drivers/STM32G0xx_HAL_Driver/Src/stm32g0xx_hal_fdcan.c **** 
3000:Drivers/STM32G0xx_HAL_Driver/Src/stm32g0xx_hal_fdcan.c ****   /* Rx FIFO 1 interrupts management ******************************************/
3001:Drivers/STM32G0xx_HAL_Driver/Src/stm32g0xx_hal_fdcan.c ****   if (RxFifo1ITs != 0U)
3002:Drivers/STM32G0xx_HAL_Driver/Src/stm32g0xx_hal_fdcan.c ****   {
3003:Drivers/STM32G0xx_HAL_Driver/Src/stm32g0xx_hal_fdcan.c ****     /* Clear the Rx FIFO 1 flags */
3004:Drivers/STM32G0xx_HAL_Driver/Src/stm32g0xx_hal_fdcan.c ****     __HAL_FDCAN_CLEAR_FLAG(hfdcan, RxFifo1ITs);
3005:Drivers/STM32G0xx_HAL_Driver/Src/stm32g0xx_hal_fdcan.c **** 
3006:Drivers/STM32G0xx_HAL_Driver/Src/stm32g0xx_hal_fdcan.c **** #if USE_HAL_FDCAN_REGISTER_CALLBACKS == 1
3007:Drivers/STM32G0xx_HAL_Driver/Src/stm32g0xx_hal_fdcan.c ****     /* Call registered callback*/
3008:Drivers/STM32G0xx_HAL_Driver/Src/stm32g0xx_hal_fdcan.c ****     hfdcan->RxFifo1Callback(hfdcan, RxFifo1ITs);
3009:Drivers/STM32G0xx_HAL_Driver/Src/stm32g0xx_hal_fdcan.c **** #else
3010:Drivers/STM32G0xx_HAL_Driver/Src/stm32g0xx_hal_fdcan.c ****     /* Rx FIFO 1 Callback */
3011:Drivers/STM32G0xx_HAL_Driver/Src/stm32g0xx_hal_fdcan.c ****     HAL_FDCAN_RxFifo1Callback(hfdcan, RxFifo1ITs);
3012:Drivers/STM32G0xx_HAL_Driver/Src/stm32g0xx_hal_fdcan.c **** #endif /* USE_HAL_FDCAN_REGISTER_CALLBACKS */
3013:Drivers/STM32G0xx_HAL_Driver/Src/stm32g0xx_hal_fdcan.c ****   }
3014:Drivers/STM32G0xx_HAL_Driver/Src/stm32g0xx_hal_fdcan.c **** 
3015:Drivers/STM32G0xx_HAL_Driver/Src/stm32g0xx_hal_fdcan.c ****   /* Tx FIFO empty interrupt management ***************************************/
3016:Drivers/STM32G0xx_HAL_Driver/Src/stm32g0xx_hal_fdcan.c ****   if (FDCAN_CHECK_FLAG(itflag, FDCAN_FLAG_TX_FIFO_EMPTY) != RESET)
3017:Drivers/STM32G0xx_HAL_Driver/Src/stm32g0xx_hal_fdcan.c ****   {
3018:Drivers/STM32G0xx_HAL_Driver/Src/stm32g0xx_hal_fdcan.c ****     if (FDCAN_CHECK_IT_SOURCE(itsource, FDCAN_IT_TX_FIFO_EMPTY) != RESET)
3019:Drivers/STM32G0xx_HAL_Driver/Src/stm32g0xx_hal_fdcan.c ****     {
3020:Drivers/STM32G0xx_HAL_Driver/Src/stm32g0xx_hal_fdcan.c ****       /* Clear the Tx FIFO empty flag */
3021:Drivers/STM32G0xx_HAL_Driver/Src/stm32g0xx_hal_fdcan.c ****       __HAL_FDCAN_CLEAR_FLAG(hfdcan, FDCAN_FLAG_TX_FIFO_EMPTY);
3022:Drivers/STM32G0xx_HAL_Driver/Src/stm32g0xx_hal_fdcan.c **** 
3023:Drivers/STM32G0xx_HAL_Driver/Src/stm32g0xx_hal_fdcan.c **** #if USE_HAL_FDCAN_REGISTER_CALLBACKS == 1
3024:Drivers/STM32G0xx_HAL_Driver/Src/stm32g0xx_hal_fdcan.c ****       /* Call registered callback*/
3025:Drivers/STM32G0xx_HAL_Driver/Src/stm32g0xx_hal_fdcan.c ****       hfdcan->TxFifoEmptyCallback(hfdcan);
3026:Drivers/STM32G0xx_HAL_Driver/Src/stm32g0xx_hal_fdcan.c **** #else
3027:Drivers/STM32G0xx_HAL_Driver/Src/stm32g0xx_hal_fdcan.c ****       /* Tx FIFO empty Callback */
3028:Drivers/STM32G0xx_HAL_Driver/Src/stm32g0xx_hal_fdcan.c ****       HAL_FDCAN_TxFifoEmptyCallback(hfdcan);
3029:Drivers/STM32G0xx_HAL_Driver/Src/stm32g0xx_hal_fdcan.c **** #endif /* USE_HAL_FDCAN_REGISTER_CALLBACKS */
3030:Drivers/STM32G0xx_HAL_Driver/Src/stm32g0xx_hal_fdcan.c ****     }
3031:Drivers/STM32G0xx_HAL_Driver/Src/stm32g0xx_hal_fdcan.c ****   }
3032:Drivers/STM32G0xx_HAL_Driver/Src/stm32g0xx_hal_fdcan.c **** 
3033:Drivers/STM32G0xx_HAL_Driver/Src/stm32g0xx_hal_fdcan.c ****   /* Transmission Complete interrupt management *******************************/
3034:Drivers/STM32G0xx_HAL_Driver/Src/stm32g0xx_hal_fdcan.c ****   if (FDCAN_CHECK_FLAG(itflag, FDCAN_FLAG_TX_COMPLETE) != RESET)
3035:Drivers/STM32G0xx_HAL_Driver/Src/stm32g0xx_hal_fdcan.c ****   {
3036:Drivers/STM32G0xx_HAL_Driver/Src/stm32g0xx_hal_fdcan.c ****     if (FDCAN_CHECK_IT_SOURCE(itsource, FDCAN_IT_TX_COMPLETE) != RESET)
3037:Drivers/STM32G0xx_HAL_Driver/Src/stm32g0xx_hal_fdcan.c ****     {
3038:Drivers/STM32G0xx_HAL_Driver/Src/stm32g0xx_hal_fdcan.c ****       /* List of transmitted monitored buffers */
3039:Drivers/STM32G0xx_HAL_Driver/Src/stm32g0xx_hal_fdcan.c ****       TransmittedBuffers = hfdcan->Instance->TXBTO;
3040:Drivers/STM32G0xx_HAL_Driver/Src/stm32g0xx_hal_fdcan.c ****       TransmittedBuffers &= hfdcan->Instance->TXBTIE;
3041:Drivers/STM32G0xx_HAL_Driver/Src/stm32g0xx_hal_fdcan.c **** 
3042:Drivers/STM32G0xx_HAL_Driver/Src/stm32g0xx_hal_fdcan.c ****       /* Clear the Transmission Complete flag */
3043:Drivers/STM32G0xx_HAL_Driver/Src/stm32g0xx_hal_fdcan.c ****       __HAL_FDCAN_CLEAR_FLAG(hfdcan, FDCAN_FLAG_TX_COMPLETE);
3044:Drivers/STM32G0xx_HAL_Driver/Src/stm32g0xx_hal_fdcan.c **** 
3045:Drivers/STM32G0xx_HAL_Driver/Src/stm32g0xx_hal_fdcan.c **** #if USE_HAL_FDCAN_REGISTER_CALLBACKS == 1
3046:Drivers/STM32G0xx_HAL_Driver/Src/stm32g0xx_hal_fdcan.c ****       /* Call registered callback*/
3047:Drivers/STM32G0xx_HAL_Driver/Src/stm32g0xx_hal_fdcan.c ****       hfdcan->TxBufferCompleteCallback(hfdcan, TransmittedBuffers);
3048:Drivers/STM32G0xx_HAL_Driver/Src/stm32g0xx_hal_fdcan.c **** #else
3049:Drivers/STM32G0xx_HAL_Driver/Src/stm32g0xx_hal_fdcan.c ****       /* Transmission Complete Callback */
3050:Drivers/STM32G0xx_HAL_Driver/Src/stm32g0xx_hal_fdcan.c ****       HAL_FDCAN_TxBufferCompleteCallback(hfdcan, TransmittedBuffers);
3051:Drivers/STM32G0xx_HAL_Driver/Src/stm32g0xx_hal_fdcan.c **** #endif /* USE_HAL_FDCAN_REGISTER_CALLBACKS */
3052:Drivers/STM32G0xx_HAL_Driver/Src/stm32g0xx_hal_fdcan.c ****     }
3053:Drivers/STM32G0xx_HAL_Driver/Src/stm32g0xx_hal_fdcan.c ****   }
ARM GAS  C:\Users\sante\AppData\Local\Temp\cc59nu4g.s 			page 55


3054:Drivers/STM32G0xx_HAL_Driver/Src/stm32g0xx_hal_fdcan.c **** 
3055:Drivers/STM32G0xx_HAL_Driver/Src/stm32g0xx_hal_fdcan.c ****   /* Timestamp Wraparound interrupt management ********************************/
3056:Drivers/STM32G0xx_HAL_Driver/Src/stm32g0xx_hal_fdcan.c ****   if (FDCAN_CHECK_FLAG(itflag, FDCAN_FLAG_TIMESTAMP_WRAPAROUND) != RESET)
3057:Drivers/STM32G0xx_HAL_Driver/Src/stm32g0xx_hal_fdcan.c ****   {
3058:Drivers/STM32G0xx_HAL_Driver/Src/stm32g0xx_hal_fdcan.c ****     if (FDCAN_CHECK_IT_SOURCE(itsource, FDCAN_IT_TIMESTAMP_WRAPAROUND) != RESET)
3059:Drivers/STM32G0xx_HAL_Driver/Src/stm32g0xx_hal_fdcan.c ****     {
3060:Drivers/STM32G0xx_HAL_Driver/Src/stm32g0xx_hal_fdcan.c ****       /* Clear the Timestamp Wraparound flag */
3061:Drivers/STM32G0xx_HAL_Driver/Src/stm32g0xx_hal_fdcan.c ****       __HAL_FDCAN_CLEAR_FLAG(hfdcan, FDCAN_FLAG_TIMESTAMP_WRAPAROUND);
3062:Drivers/STM32G0xx_HAL_Driver/Src/stm32g0xx_hal_fdcan.c **** 
3063:Drivers/STM32G0xx_HAL_Driver/Src/stm32g0xx_hal_fdcan.c **** #if USE_HAL_FDCAN_REGISTER_CALLBACKS == 1
3064:Drivers/STM32G0xx_HAL_Driver/Src/stm32g0xx_hal_fdcan.c ****       /* Call registered callback*/
3065:Drivers/STM32G0xx_HAL_Driver/Src/stm32g0xx_hal_fdcan.c ****       hfdcan->TimestampWraparoundCallback(hfdcan);
3066:Drivers/STM32G0xx_HAL_Driver/Src/stm32g0xx_hal_fdcan.c **** #else
3067:Drivers/STM32G0xx_HAL_Driver/Src/stm32g0xx_hal_fdcan.c ****       /* Timestamp Wraparound Callback */
3068:Drivers/STM32G0xx_HAL_Driver/Src/stm32g0xx_hal_fdcan.c ****       HAL_FDCAN_TimestampWraparoundCallback(hfdcan);
3069:Drivers/STM32G0xx_HAL_Driver/Src/stm32g0xx_hal_fdcan.c **** #endif /* USE_HAL_FDCAN_REGISTER_CALLBACKS */
3070:Drivers/STM32G0xx_HAL_Driver/Src/stm32g0xx_hal_fdcan.c ****     }
3071:Drivers/STM32G0xx_HAL_Driver/Src/stm32g0xx_hal_fdcan.c ****   }
3072:Drivers/STM32G0xx_HAL_Driver/Src/stm32g0xx_hal_fdcan.c **** 
3073:Drivers/STM32G0xx_HAL_Driver/Src/stm32g0xx_hal_fdcan.c ****   /* Timeout Occurred interrupt management ************************************/
3074:Drivers/STM32G0xx_HAL_Driver/Src/stm32g0xx_hal_fdcan.c ****   if (FDCAN_CHECK_FLAG(itflag, FDCAN_FLAG_TIMEOUT_OCCURRED) != RESET)
3075:Drivers/STM32G0xx_HAL_Driver/Src/stm32g0xx_hal_fdcan.c ****   {
3076:Drivers/STM32G0xx_HAL_Driver/Src/stm32g0xx_hal_fdcan.c ****     if (FDCAN_CHECK_IT_SOURCE(itsource, FDCAN_IT_TIMEOUT_OCCURRED) != RESET)
3077:Drivers/STM32G0xx_HAL_Driver/Src/stm32g0xx_hal_fdcan.c ****     {
3078:Drivers/STM32G0xx_HAL_Driver/Src/stm32g0xx_hal_fdcan.c ****       /* Clear the Timeout Occurred flag */
3079:Drivers/STM32G0xx_HAL_Driver/Src/stm32g0xx_hal_fdcan.c ****       __HAL_FDCAN_CLEAR_FLAG(hfdcan, FDCAN_FLAG_TIMEOUT_OCCURRED);
3080:Drivers/STM32G0xx_HAL_Driver/Src/stm32g0xx_hal_fdcan.c **** 
3081:Drivers/STM32G0xx_HAL_Driver/Src/stm32g0xx_hal_fdcan.c **** #if USE_HAL_FDCAN_REGISTER_CALLBACKS == 1
3082:Drivers/STM32G0xx_HAL_Driver/Src/stm32g0xx_hal_fdcan.c ****       /* Call registered callback*/
3083:Drivers/STM32G0xx_HAL_Driver/Src/stm32g0xx_hal_fdcan.c ****       hfdcan->TimeoutOccurredCallback(hfdcan);
3084:Drivers/STM32G0xx_HAL_Driver/Src/stm32g0xx_hal_fdcan.c **** #else
3085:Drivers/STM32G0xx_HAL_Driver/Src/stm32g0xx_hal_fdcan.c ****       /* Timeout Occurred Callback */
3086:Drivers/STM32G0xx_HAL_Driver/Src/stm32g0xx_hal_fdcan.c ****       HAL_FDCAN_TimeoutOccurredCallback(hfdcan);
3087:Drivers/STM32G0xx_HAL_Driver/Src/stm32g0xx_hal_fdcan.c **** #endif /* USE_HAL_FDCAN_REGISTER_CALLBACKS */
3088:Drivers/STM32G0xx_HAL_Driver/Src/stm32g0xx_hal_fdcan.c ****     }
3089:Drivers/STM32G0xx_HAL_Driver/Src/stm32g0xx_hal_fdcan.c ****   }
3090:Drivers/STM32G0xx_HAL_Driver/Src/stm32g0xx_hal_fdcan.c **** 
3091:Drivers/STM32G0xx_HAL_Driver/Src/stm32g0xx_hal_fdcan.c ****   /* Message RAM access failure interrupt management **************************/
3092:Drivers/STM32G0xx_HAL_Driver/Src/stm32g0xx_hal_fdcan.c ****   if (FDCAN_CHECK_FLAG(itflag, FDCAN_FLAG_RAM_ACCESS_FAILURE) != RESET)
3093:Drivers/STM32G0xx_HAL_Driver/Src/stm32g0xx_hal_fdcan.c ****   {
3094:Drivers/STM32G0xx_HAL_Driver/Src/stm32g0xx_hal_fdcan.c ****     if (FDCAN_CHECK_IT_SOURCE(itsource, FDCAN_IT_RAM_ACCESS_FAILURE) != RESET)
3095:Drivers/STM32G0xx_HAL_Driver/Src/stm32g0xx_hal_fdcan.c ****     {
3096:Drivers/STM32G0xx_HAL_Driver/Src/stm32g0xx_hal_fdcan.c ****       /* Clear the Message RAM access failure flag */
3097:Drivers/STM32G0xx_HAL_Driver/Src/stm32g0xx_hal_fdcan.c ****       __HAL_FDCAN_CLEAR_FLAG(hfdcan, FDCAN_FLAG_RAM_ACCESS_FAILURE);
3098:Drivers/STM32G0xx_HAL_Driver/Src/stm32g0xx_hal_fdcan.c **** 
3099:Drivers/STM32G0xx_HAL_Driver/Src/stm32g0xx_hal_fdcan.c ****       /* Update error code */
3100:Drivers/STM32G0xx_HAL_Driver/Src/stm32g0xx_hal_fdcan.c ****       hfdcan->ErrorCode |= HAL_FDCAN_ERROR_RAM_ACCESS;
3101:Drivers/STM32G0xx_HAL_Driver/Src/stm32g0xx_hal_fdcan.c ****     }
3102:Drivers/STM32G0xx_HAL_Driver/Src/stm32g0xx_hal_fdcan.c ****   }
3103:Drivers/STM32G0xx_HAL_Driver/Src/stm32g0xx_hal_fdcan.c **** 
3104:Drivers/STM32G0xx_HAL_Driver/Src/stm32g0xx_hal_fdcan.c ****   /* Error Status interrupts management ***************************************/
3105:Drivers/STM32G0xx_HAL_Driver/Src/stm32g0xx_hal_fdcan.c ****   if (ErrorStatusITs != 0U)
3106:Drivers/STM32G0xx_HAL_Driver/Src/stm32g0xx_hal_fdcan.c ****   {
3107:Drivers/STM32G0xx_HAL_Driver/Src/stm32g0xx_hal_fdcan.c ****     /* Clear the Error flags */
3108:Drivers/STM32G0xx_HAL_Driver/Src/stm32g0xx_hal_fdcan.c ****     __HAL_FDCAN_CLEAR_FLAG(hfdcan, ErrorStatusITs);
3109:Drivers/STM32G0xx_HAL_Driver/Src/stm32g0xx_hal_fdcan.c **** 
3110:Drivers/STM32G0xx_HAL_Driver/Src/stm32g0xx_hal_fdcan.c **** #if USE_HAL_FDCAN_REGISTER_CALLBACKS == 1
ARM GAS  C:\Users\sante\AppData\Local\Temp\cc59nu4g.s 			page 56


3111:Drivers/STM32G0xx_HAL_Driver/Src/stm32g0xx_hal_fdcan.c ****     /* Call registered callback*/
3112:Drivers/STM32G0xx_HAL_Driver/Src/stm32g0xx_hal_fdcan.c ****     hfdcan->ErrorStatusCallback(hfdcan, ErrorStatusITs);
3113:Drivers/STM32G0xx_HAL_Driver/Src/stm32g0xx_hal_fdcan.c **** #else
3114:Drivers/STM32G0xx_HAL_Driver/Src/stm32g0xx_hal_fdcan.c ****     /* Error Status Callback */
3115:Drivers/STM32G0xx_HAL_Driver/Src/stm32g0xx_hal_fdcan.c ****     HAL_FDCAN_ErrorStatusCallback(hfdcan, ErrorStatusITs);
3116:Drivers/STM32G0xx_HAL_Driver/Src/stm32g0xx_hal_fdcan.c **** #endif /* USE_HAL_FDCAN_REGISTER_CALLBACKS */
3117:Drivers/STM32G0xx_HAL_Driver/Src/stm32g0xx_hal_fdcan.c ****   }
3118:Drivers/STM32G0xx_HAL_Driver/Src/stm32g0xx_hal_fdcan.c **** 
3119:Drivers/STM32G0xx_HAL_Driver/Src/stm32g0xx_hal_fdcan.c ****   /* Error interrupts management **********************************************/
3120:Drivers/STM32G0xx_HAL_Driver/Src/stm32g0xx_hal_fdcan.c ****   if (Errors != 0U)
3121:Drivers/STM32G0xx_HAL_Driver/Src/stm32g0xx_hal_fdcan.c ****   {
3122:Drivers/STM32G0xx_HAL_Driver/Src/stm32g0xx_hal_fdcan.c ****     /* Clear the Error flags */
3123:Drivers/STM32G0xx_HAL_Driver/Src/stm32g0xx_hal_fdcan.c ****     __HAL_FDCAN_CLEAR_FLAG(hfdcan, Errors);
3124:Drivers/STM32G0xx_HAL_Driver/Src/stm32g0xx_hal_fdcan.c **** 
3125:Drivers/STM32G0xx_HAL_Driver/Src/stm32g0xx_hal_fdcan.c ****     /* Update error code */
3126:Drivers/STM32G0xx_HAL_Driver/Src/stm32g0xx_hal_fdcan.c ****     hfdcan->ErrorCode |= Errors;
3127:Drivers/STM32G0xx_HAL_Driver/Src/stm32g0xx_hal_fdcan.c ****   }
3128:Drivers/STM32G0xx_HAL_Driver/Src/stm32g0xx_hal_fdcan.c **** 
3129:Drivers/STM32G0xx_HAL_Driver/Src/stm32g0xx_hal_fdcan.c ****   if (hfdcan->ErrorCode != HAL_FDCAN_ERROR_NONE)
3130:Drivers/STM32G0xx_HAL_Driver/Src/stm32g0xx_hal_fdcan.c ****   {
3131:Drivers/STM32G0xx_HAL_Driver/Src/stm32g0xx_hal_fdcan.c **** #if USE_HAL_FDCAN_REGISTER_CALLBACKS == 1
3132:Drivers/STM32G0xx_HAL_Driver/Src/stm32g0xx_hal_fdcan.c ****     /* Call registered callback*/
3133:Drivers/STM32G0xx_HAL_Driver/Src/stm32g0xx_hal_fdcan.c ****     hfdcan->ErrorCallback(hfdcan);
3134:Drivers/STM32G0xx_HAL_Driver/Src/stm32g0xx_hal_fdcan.c **** #else
3135:Drivers/STM32G0xx_HAL_Driver/Src/stm32g0xx_hal_fdcan.c ****     /* Error Callback */
3136:Drivers/STM32G0xx_HAL_Driver/Src/stm32g0xx_hal_fdcan.c ****     HAL_FDCAN_ErrorCallback(hfdcan);
3137:Drivers/STM32G0xx_HAL_Driver/Src/stm32g0xx_hal_fdcan.c **** #endif /* USE_HAL_FDCAN_REGISTER_CALLBACKS */
3138:Drivers/STM32G0xx_HAL_Driver/Src/stm32g0xx_hal_fdcan.c ****   }
3139:Drivers/STM32G0xx_HAL_Driver/Src/stm32g0xx_hal_fdcan.c **** }
3140:Drivers/STM32G0xx_HAL_Driver/Src/stm32g0xx_hal_fdcan.c **** 
3141:Drivers/STM32G0xx_HAL_Driver/Src/stm32g0xx_hal_fdcan.c **** /**
3142:Drivers/STM32G0xx_HAL_Driver/Src/stm32g0xx_hal_fdcan.c ****   * @}
3143:Drivers/STM32G0xx_HAL_Driver/Src/stm32g0xx_hal_fdcan.c ****   */
3144:Drivers/STM32G0xx_HAL_Driver/Src/stm32g0xx_hal_fdcan.c **** 
3145:Drivers/STM32G0xx_HAL_Driver/Src/stm32g0xx_hal_fdcan.c **** /** @defgroup FDCAN_Exported_Functions_Group5 Callback functions
3146:Drivers/STM32G0xx_HAL_Driver/Src/stm32g0xx_hal_fdcan.c ****   *  @brief   FDCAN Callback functions
3147:Drivers/STM32G0xx_HAL_Driver/Src/stm32g0xx_hal_fdcan.c ****   *
3148:Drivers/STM32G0xx_HAL_Driver/Src/stm32g0xx_hal_fdcan.c **** @verbatim
3149:Drivers/STM32G0xx_HAL_Driver/Src/stm32g0xx_hal_fdcan.c ****   ==============================================================================
3150:Drivers/STM32G0xx_HAL_Driver/Src/stm32g0xx_hal_fdcan.c ****                           ##### Callback functions #####
3151:Drivers/STM32G0xx_HAL_Driver/Src/stm32g0xx_hal_fdcan.c ****   ==============================================================================
3152:Drivers/STM32G0xx_HAL_Driver/Src/stm32g0xx_hal_fdcan.c ****     [..]
3153:Drivers/STM32G0xx_HAL_Driver/Src/stm32g0xx_hal_fdcan.c ****     This subsection provides the following callback functions:
3154:Drivers/STM32G0xx_HAL_Driver/Src/stm32g0xx_hal_fdcan.c ****       (+) HAL_FDCAN_TxEventFifoCallback
3155:Drivers/STM32G0xx_HAL_Driver/Src/stm32g0xx_hal_fdcan.c ****       (+) HAL_FDCAN_RxFifo0Callback
3156:Drivers/STM32G0xx_HAL_Driver/Src/stm32g0xx_hal_fdcan.c ****       (+) HAL_FDCAN_RxFifo1Callback
3157:Drivers/STM32G0xx_HAL_Driver/Src/stm32g0xx_hal_fdcan.c ****       (+) HAL_FDCAN_TxFifoEmptyCallback
3158:Drivers/STM32G0xx_HAL_Driver/Src/stm32g0xx_hal_fdcan.c ****       (+) HAL_FDCAN_TxBufferCompleteCallback
3159:Drivers/STM32G0xx_HAL_Driver/Src/stm32g0xx_hal_fdcan.c ****       (+) HAL_FDCAN_TxBufferAbortCallback
3160:Drivers/STM32G0xx_HAL_Driver/Src/stm32g0xx_hal_fdcan.c ****       (+) HAL_FDCAN_HighPriorityMessageCallback
3161:Drivers/STM32G0xx_HAL_Driver/Src/stm32g0xx_hal_fdcan.c ****       (+) HAL_FDCAN_TimestampWraparoundCallback
3162:Drivers/STM32G0xx_HAL_Driver/Src/stm32g0xx_hal_fdcan.c ****       (+) HAL_FDCAN_TimeoutOccurredCallback
3163:Drivers/STM32G0xx_HAL_Driver/Src/stm32g0xx_hal_fdcan.c ****       (+) HAL_FDCAN_ErrorCallback
3164:Drivers/STM32G0xx_HAL_Driver/Src/stm32g0xx_hal_fdcan.c ****       (+) HAL_FDCAN_ErrorStatusCallback
3165:Drivers/STM32G0xx_HAL_Driver/Src/stm32g0xx_hal_fdcan.c **** 
3166:Drivers/STM32G0xx_HAL_Driver/Src/stm32g0xx_hal_fdcan.c **** @endverbatim
3167:Drivers/STM32G0xx_HAL_Driver/Src/stm32g0xx_hal_fdcan.c ****   * @{
ARM GAS  C:\Users\sante\AppData\Local\Temp\cc59nu4g.s 			page 57


3168:Drivers/STM32G0xx_HAL_Driver/Src/stm32g0xx_hal_fdcan.c ****   */
3169:Drivers/STM32G0xx_HAL_Driver/Src/stm32g0xx_hal_fdcan.c **** 
3170:Drivers/STM32G0xx_HAL_Driver/Src/stm32g0xx_hal_fdcan.c **** /**
3171:Drivers/STM32G0xx_HAL_Driver/Src/stm32g0xx_hal_fdcan.c ****   * @brief  Tx Event callback.
3172:Drivers/STM32G0xx_HAL_Driver/Src/stm32g0xx_hal_fdcan.c ****   * @param  hfdcan pointer to an FDCAN_HandleTypeDef structure that contains
3173:Drivers/STM32G0xx_HAL_Driver/Src/stm32g0xx_hal_fdcan.c ****   *         the configuration information for the specified FDCAN.
3174:Drivers/STM32G0xx_HAL_Driver/Src/stm32g0xx_hal_fdcan.c ****   * @param  TxEventFifoITs indicates which Tx Event FIFO interrupts are signaled.
3175:Drivers/STM32G0xx_HAL_Driver/Src/stm32g0xx_hal_fdcan.c ****   *         This parameter can be any combination of @arg FDCAN_Tx_Event_Fifo_Interrupts.
3176:Drivers/STM32G0xx_HAL_Driver/Src/stm32g0xx_hal_fdcan.c ****   * @retval None
3177:Drivers/STM32G0xx_HAL_Driver/Src/stm32g0xx_hal_fdcan.c ****   */
3178:Drivers/STM32G0xx_HAL_Driver/Src/stm32g0xx_hal_fdcan.c **** __weak void HAL_FDCAN_TxEventFifoCallback(FDCAN_HandleTypeDef *hfdcan, uint32_t TxEventFifoITs)
3179:Drivers/STM32G0xx_HAL_Driver/Src/stm32g0xx_hal_fdcan.c **** {
3180:Drivers/STM32G0xx_HAL_Driver/Src/stm32g0xx_hal_fdcan.c ****   /* Prevent unused argument(s) compilation warning */
3181:Drivers/STM32G0xx_HAL_Driver/Src/stm32g0xx_hal_fdcan.c ****   UNUSED(hfdcan);
3182:Drivers/STM32G0xx_HAL_Driver/Src/stm32g0xx_hal_fdcan.c ****   UNUSED(TxEventFifoITs);
3183:Drivers/STM32G0xx_HAL_Driver/Src/stm32g0xx_hal_fdcan.c **** 
3184:Drivers/STM32G0xx_HAL_Driver/Src/stm32g0xx_hal_fdcan.c ****   /* NOTE: This function Should not be modified, when the callback is needed,
3185:Drivers/STM32G0xx_HAL_Driver/Src/stm32g0xx_hal_fdcan.c ****             the HAL_FDCAN_TxEventFifoCallback could be implemented in the user file
3186:Drivers/STM32G0xx_HAL_Driver/Src/stm32g0xx_hal_fdcan.c ****    */
3187:Drivers/STM32G0xx_HAL_Driver/Src/stm32g0xx_hal_fdcan.c **** }
3188:Drivers/STM32G0xx_HAL_Driver/Src/stm32g0xx_hal_fdcan.c **** 
3189:Drivers/STM32G0xx_HAL_Driver/Src/stm32g0xx_hal_fdcan.c **** /**
3190:Drivers/STM32G0xx_HAL_Driver/Src/stm32g0xx_hal_fdcan.c ****   * @brief  Rx FIFO 0 callback.
3191:Drivers/STM32G0xx_HAL_Driver/Src/stm32g0xx_hal_fdcan.c ****   * @param  hfdcan pointer to an FDCAN_HandleTypeDef structure that contains
3192:Drivers/STM32G0xx_HAL_Driver/Src/stm32g0xx_hal_fdcan.c ****   *         the configuration information for the specified FDCAN.
3193:Drivers/STM32G0xx_HAL_Driver/Src/stm32g0xx_hal_fdcan.c ****   * @param  RxFifo0ITs indicates which Rx FIFO 0 interrupts are signaled.
3194:Drivers/STM32G0xx_HAL_Driver/Src/stm32g0xx_hal_fdcan.c ****   *         This parameter can be any combination of @arg FDCAN_Rx_Fifo0_Interrupts.
3195:Drivers/STM32G0xx_HAL_Driver/Src/stm32g0xx_hal_fdcan.c ****   * @retval None
3196:Drivers/STM32G0xx_HAL_Driver/Src/stm32g0xx_hal_fdcan.c ****   */
3197:Drivers/STM32G0xx_HAL_Driver/Src/stm32g0xx_hal_fdcan.c **** __weak void HAL_FDCAN_RxFifo0Callback(FDCAN_HandleTypeDef *hfdcan, uint32_t RxFifo0ITs)
3198:Drivers/STM32G0xx_HAL_Driver/Src/stm32g0xx_hal_fdcan.c **** {
3199:Drivers/STM32G0xx_HAL_Driver/Src/stm32g0xx_hal_fdcan.c ****   /* Prevent unused argument(s) compilation warning */
3200:Drivers/STM32G0xx_HAL_Driver/Src/stm32g0xx_hal_fdcan.c ****   UNUSED(hfdcan);
3201:Drivers/STM32G0xx_HAL_Driver/Src/stm32g0xx_hal_fdcan.c ****   UNUSED(RxFifo0ITs);
3202:Drivers/STM32G0xx_HAL_Driver/Src/stm32g0xx_hal_fdcan.c **** 
3203:Drivers/STM32G0xx_HAL_Driver/Src/stm32g0xx_hal_fdcan.c ****   /* NOTE: This function Should not be modified, when the callback is needed,
3204:Drivers/STM32G0xx_HAL_Driver/Src/stm32g0xx_hal_fdcan.c ****             the HAL_FDCAN_RxFifo0Callback could be implemented in the user file
3205:Drivers/STM32G0xx_HAL_Driver/Src/stm32g0xx_hal_fdcan.c ****    */
3206:Drivers/STM32G0xx_HAL_Driver/Src/stm32g0xx_hal_fdcan.c **** }
3207:Drivers/STM32G0xx_HAL_Driver/Src/stm32g0xx_hal_fdcan.c **** 
3208:Drivers/STM32G0xx_HAL_Driver/Src/stm32g0xx_hal_fdcan.c **** /**
3209:Drivers/STM32G0xx_HAL_Driver/Src/stm32g0xx_hal_fdcan.c ****   * @brief  Rx FIFO 1 callback.
3210:Drivers/STM32G0xx_HAL_Driver/Src/stm32g0xx_hal_fdcan.c ****   * @param  hfdcan pointer to an FDCAN_HandleTypeDef structure that contains
3211:Drivers/STM32G0xx_HAL_Driver/Src/stm32g0xx_hal_fdcan.c ****   *         the configuration information for the specified FDCAN.
3212:Drivers/STM32G0xx_HAL_Driver/Src/stm32g0xx_hal_fdcan.c ****   * @param  RxFifo1ITs indicates which Rx FIFO 1 interrupts are signaled.
3213:Drivers/STM32G0xx_HAL_Driver/Src/stm32g0xx_hal_fdcan.c ****   *         This parameter can be any combination of @arg FDCAN_Rx_Fifo1_Interrupts.
3214:Drivers/STM32G0xx_HAL_Driver/Src/stm32g0xx_hal_fdcan.c ****   * @retval None
3215:Drivers/STM32G0xx_HAL_Driver/Src/stm32g0xx_hal_fdcan.c ****   */
3216:Drivers/STM32G0xx_HAL_Driver/Src/stm32g0xx_hal_fdcan.c **** __weak void HAL_FDCAN_RxFifo1Callback(FDCAN_HandleTypeDef *hfdcan, uint32_t RxFifo1ITs)
3217:Drivers/STM32G0xx_HAL_Driver/Src/stm32g0xx_hal_fdcan.c **** {
3218:Drivers/STM32G0xx_HAL_Driver/Src/stm32g0xx_hal_fdcan.c ****   /* Prevent unused argument(s) compilation warning */
3219:Drivers/STM32G0xx_HAL_Driver/Src/stm32g0xx_hal_fdcan.c ****   UNUSED(hfdcan);
3220:Drivers/STM32G0xx_HAL_Driver/Src/stm32g0xx_hal_fdcan.c ****   UNUSED(RxFifo1ITs);
3221:Drivers/STM32G0xx_HAL_Driver/Src/stm32g0xx_hal_fdcan.c **** 
3222:Drivers/STM32G0xx_HAL_Driver/Src/stm32g0xx_hal_fdcan.c ****   /* NOTE: This function Should not be modified, when the callback is needed,
3223:Drivers/STM32G0xx_HAL_Driver/Src/stm32g0xx_hal_fdcan.c ****             the HAL_FDCAN_RxFifo1Callback could be implemented in the user file
3224:Drivers/STM32G0xx_HAL_Driver/Src/stm32g0xx_hal_fdcan.c ****    */
ARM GAS  C:\Users\sante\AppData\Local\Temp\cc59nu4g.s 			page 58


3225:Drivers/STM32G0xx_HAL_Driver/Src/stm32g0xx_hal_fdcan.c **** }
3226:Drivers/STM32G0xx_HAL_Driver/Src/stm32g0xx_hal_fdcan.c **** 
3227:Drivers/STM32G0xx_HAL_Driver/Src/stm32g0xx_hal_fdcan.c **** /**
3228:Drivers/STM32G0xx_HAL_Driver/Src/stm32g0xx_hal_fdcan.c ****   * @brief  Tx FIFO Empty callback.
3229:Drivers/STM32G0xx_HAL_Driver/Src/stm32g0xx_hal_fdcan.c ****   * @param  hfdcan pointer to an FDCAN_HandleTypeDef structure that contains
3230:Drivers/STM32G0xx_HAL_Driver/Src/stm32g0xx_hal_fdcan.c ****   *         the configuration information for the specified FDCAN.
3231:Drivers/STM32G0xx_HAL_Driver/Src/stm32g0xx_hal_fdcan.c ****   * @retval None
3232:Drivers/STM32G0xx_HAL_Driver/Src/stm32g0xx_hal_fdcan.c ****   */
3233:Drivers/STM32G0xx_HAL_Driver/Src/stm32g0xx_hal_fdcan.c **** __weak void HAL_FDCAN_TxFifoEmptyCallback(FDCAN_HandleTypeDef *hfdcan)
3234:Drivers/STM32G0xx_HAL_Driver/Src/stm32g0xx_hal_fdcan.c **** {
3235:Drivers/STM32G0xx_HAL_Driver/Src/stm32g0xx_hal_fdcan.c ****   /* Prevent unused argument(s) compilation warning */
3236:Drivers/STM32G0xx_HAL_Driver/Src/stm32g0xx_hal_fdcan.c ****   UNUSED(hfdcan);
3237:Drivers/STM32G0xx_HAL_Driver/Src/stm32g0xx_hal_fdcan.c **** 
3238:Drivers/STM32G0xx_HAL_Driver/Src/stm32g0xx_hal_fdcan.c ****   /* NOTE: This function Should not be modified, when the callback is needed,
3239:Drivers/STM32G0xx_HAL_Driver/Src/stm32g0xx_hal_fdcan.c ****             the HAL_FDCAN_TxFifoEmptyCallback could be implemented in the user file
3240:Drivers/STM32G0xx_HAL_Driver/Src/stm32g0xx_hal_fdcan.c ****    */
3241:Drivers/STM32G0xx_HAL_Driver/Src/stm32g0xx_hal_fdcan.c **** }
3242:Drivers/STM32G0xx_HAL_Driver/Src/stm32g0xx_hal_fdcan.c **** 
3243:Drivers/STM32G0xx_HAL_Driver/Src/stm32g0xx_hal_fdcan.c **** /**
3244:Drivers/STM32G0xx_HAL_Driver/Src/stm32g0xx_hal_fdcan.c ****   * @brief  Transmission Complete callback.
3245:Drivers/STM32G0xx_HAL_Driver/Src/stm32g0xx_hal_fdcan.c ****   * @param  hfdcan pointer to an FDCAN_HandleTypeDef structure that contains
3246:Drivers/STM32G0xx_HAL_Driver/Src/stm32g0xx_hal_fdcan.c ****   *         the configuration information for the specified FDCAN.
3247:Drivers/STM32G0xx_HAL_Driver/Src/stm32g0xx_hal_fdcan.c ****   * @param  BufferIndexes Indexes of the transmitted buffers.
3248:Drivers/STM32G0xx_HAL_Driver/Src/stm32g0xx_hal_fdcan.c ****   *         This parameter can be any combination of @arg FDCAN_Tx_location.
3249:Drivers/STM32G0xx_HAL_Driver/Src/stm32g0xx_hal_fdcan.c ****   * @retval None
3250:Drivers/STM32G0xx_HAL_Driver/Src/stm32g0xx_hal_fdcan.c ****   */
3251:Drivers/STM32G0xx_HAL_Driver/Src/stm32g0xx_hal_fdcan.c **** __weak void HAL_FDCAN_TxBufferCompleteCallback(FDCAN_HandleTypeDef *hfdcan, uint32_t BufferIndexes)
3252:Drivers/STM32G0xx_HAL_Driver/Src/stm32g0xx_hal_fdcan.c **** {
3253:Drivers/STM32G0xx_HAL_Driver/Src/stm32g0xx_hal_fdcan.c ****   /* Prevent unused argument(s) compilation warning */
3254:Drivers/STM32G0xx_HAL_Driver/Src/stm32g0xx_hal_fdcan.c ****   UNUSED(hfdcan);
3255:Drivers/STM32G0xx_HAL_Driver/Src/stm32g0xx_hal_fdcan.c ****   UNUSED(BufferIndexes);
3256:Drivers/STM32G0xx_HAL_Driver/Src/stm32g0xx_hal_fdcan.c **** 
3257:Drivers/STM32G0xx_HAL_Driver/Src/stm32g0xx_hal_fdcan.c ****   /* NOTE: This function Should not be modified, when the callback is needed,
3258:Drivers/STM32G0xx_HAL_Driver/Src/stm32g0xx_hal_fdcan.c ****             the HAL_FDCAN_TxBufferCompleteCallback could be implemented in the user file
3259:Drivers/STM32G0xx_HAL_Driver/Src/stm32g0xx_hal_fdcan.c ****    */
3260:Drivers/STM32G0xx_HAL_Driver/Src/stm32g0xx_hal_fdcan.c **** }
3261:Drivers/STM32G0xx_HAL_Driver/Src/stm32g0xx_hal_fdcan.c **** 
3262:Drivers/STM32G0xx_HAL_Driver/Src/stm32g0xx_hal_fdcan.c **** /**
3263:Drivers/STM32G0xx_HAL_Driver/Src/stm32g0xx_hal_fdcan.c ****   * @brief  Transmission Cancellation callback.
3264:Drivers/STM32G0xx_HAL_Driver/Src/stm32g0xx_hal_fdcan.c ****   * @param  hfdcan pointer to an FDCAN_HandleTypeDef structure that contains
3265:Drivers/STM32G0xx_HAL_Driver/Src/stm32g0xx_hal_fdcan.c ****   *         the configuration information for the specified FDCAN.
3266:Drivers/STM32G0xx_HAL_Driver/Src/stm32g0xx_hal_fdcan.c ****   * @param  BufferIndexes Indexes of the aborted buffers.
3267:Drivers/STM32G0xx_HAL_Driver/Src/stm32g0xx_hal_fdcan.c ****   *         This parameter can be any combination of @arg FDCAN_Tx_location.
3268:Drivers/STM32G0xx_HAL_Driver/Src/stm32g0xx_hal_fdcan.c ****   * @retval None
3269:Drivers/STM32G0xx_HAL_Driver/Src/stm32g0xx_hal_fdcan.c ****   */
3270:Drivers/STM32G0xx_HAL_Driver/Src/stm32g0xx_hal_fdcan.c **** __weak void HAL_FDCAN_TxBufferAbortCallback(FDCAN_HandleTypeDef *hfdcan, uint32_t BufferIndexes)
3271:Drivers/STM32G0xx_HAL_Driver/Src/stm32g0xx_hal_fdcan.c **** {
3272:Drivers/STM32G0xx_HAL_Driver/Src/stm32g0xx_hal_fdcan.c ****   /* Prevent unused argument(s) compilation warning */
3273:Drivers/STM32G0xx_HAL_Driver/Src/stm32g0xx_hal_fdcan.c ****   UNUSED(hfdcan);
3274:Drivers/STM32G0xx_HAL_Driver/Src/stm32g0xx_hal_fdcan.c ****   UNUSED(BufferIndexes);
3275:Drivers/STM32G0xx_HAL_Driver/Src/stm32g0xx_hal_fdcan.c **** 
3276:Drivers/STM32G0xx_HAL_Driver/Src/stm32g0xx_hal_fdcan.c ****   /* NOTE: This function Should not be modified, when the callback is needed,
3277:Drivers/STM32G0xx_HAL_Driver/Src/stm32g0xx_hal_fdcan.c ****             the HAL_FDCAN_TxBufferAbortCallback could be implemented in the user file
3278:Drivers/STM32G0xx_HAL_Driver/Src/stm32g0xx_hal_fdcan.c ****    */
3279:Drivers/STM32G0xx_HAL_Driver/Src/stm32g0xx_hal_fdcan.c **** }
3280:Drivers/STM32G0xx_HAL_Driver/Src/stm32g0xx_hal_fdcan.c **** 
3281:Drivers/STM32G0xx_HAL_Driver/Src/stm32g0xx_hal_fdcan.c **** /**
ARM GAS  C:\Users\sante\AppData\Local\Temp\cc59nu4g.s 			page 59


3282:Drivers/STM32G0xx_HAL_Driver/Src/stm32g0xx_hal_fdcan.c ****   * @brief  Timestamp Wraparound callback.
3283:Drivers/STM32G0xx_HAL_Driver/Src/stm32g0xx_hal_fdcan.c ****   * @param  hfdcan pointer to an FDCAN_HandleTypeDef structure that contains
3284:Drivers/STM32G0xx_HAL_Driver/Src/stm32g0xx_hal_fdcan.c ****   *         the configuration information for the specified FDCAN.
3285:Drivers/STM32G0xx_HAL_Driver/Src/stm32g0xx_hal_fdcan.c ****   * @retval None
3286:Drivers/STM32G0xx_HAL_Driver/Src/stm32g0xx_hal_fdcan.c ****   */
3287:Drivers/STM32G0xx_HAL_Driver/Src/stm32g0xx_hal_fdcan.c **** __weak void HAL_FDCAN_TimestampWraparoundCallback(FDCAN_HandleTypeDef *hfdcan)
3288:Drivers/STM32G0xx_HAL_Driver/Src/stm32g0xx_hal_fdcan.c **** {
3289:Drivers/STM32G0xx_HAL_Driver/Src/stm32g0xx_hal_fdcan.c ****   /* Prevent unused argument(s) compilation warning */
3290:Drivers/STM32G0xx_HAL_Driver/Src/stm32g0xx_hal_fdcan.c ****   UNUSED(hfdcan);
3291:Drivers/STM32G0xx_HAL_Driver/Src/stm32g0xx_hal_fdcan.c **** 
3292:Drivers/STM32G0xx_HAL_Driver/Src/stm32g0xx_hal_fdcan.c ****   /* NOTE: This function Should not be modified, when the callback is needed,
3293:Drivers/STM32G0xx_HAL_Driver/Src/stm32g0xx_hal_fdcan.c ****             the HAL_FDCAN_TimestampWraparoundCallback could be implemented in the user file
3294:Drivers/STM32G0xx_HAL_Driver/Src/stm32g0xx_hal_fdcan.c ****    */
3295:Drivers/STM32G0xx_HAL_Driver/Src/stm32g0xx_hal_fdcan.c **** }
3296:Drivers/STM32G0xx_HAL_Driver/Src/stm32g0xx_hal_fdcan.c **** 
3297:Drivers/STM32G0xx_HAL_Driver/Src/stm32g0xx_hal_fdcan.c **** /**
3298:Drivers/STM32G0xx_HAL_Driver/Src/stm32g0xx_hal_fdcan.c ****   * @brief  Timeout Occurred callback.
3299:Drivers/STM32G0xx_HAL_Driver/Src/stm32g0xx_hal_fdcan.c ****   * @param  hfdcan pointer to an FDCAN_HandleTypeDef structure that contains
3300:Drivers/STM32G0xx_HAL_Driver/Src/stm32g0xx_hal_fdcan.c ****   *         the configuration information for the specified FDCAN.
3301:Drivers/STM32G0xx_HAL_Driver/Src/stm32g0xx_hal_fdcan.c ****   * @retval None
3302:Drivers/STM32G0xx_HAL_Driver/Src/stm32g0xx_hal_fdcan.c ****   */
3303:Drivers/STM32G0xx_HAL_Driver/Src/stm32g0xx_hal_fdcan.c **** __weak void HAL_FDCAN_TimeoutOccurredCallback(FDCAN_HandleTypeDef *hfdcan)
3304:Drivers/STM32G0xx_HAL_Driver/Src/stm32g0xx_hal_fdcan.c **** {
3305:Drivers/STM32G0xx_HAL_Driver/Src/stm32g0xx_hal_fdcan.c ****   /* Prevent unused argument(s) compilation warning */
3306:Drivers/STM32G0xx_HAL_Driver/Src/stm32g0xx_hal_fdcan.c ****   UNUSED(hfdcan);
3307:Drivers/STM32G0xx_HAL_Driver/Src/stm32g0xx_hal_fdcan.c **** 
3308:Drivers/STM32G0xx_HAL_Driver/Src/stm32g0xx_hal_fdcan.c ****   /* NOTE: This function Should not be modified, when the callback is needed,
3309:Drivers/STM32G0xx_HAL_Driver/Src/stm32g0xx_hal_fdcan.c ****             the HAL_FDCAN_TimeoutOccurredCallback could be implemented in the user file
3310:Drivers/STM32G0xx_HAL_Driver/Src/stm32g0xx_hal_fdcan.c ****    */
3311:Drivers/STM32G0xx_HAL_Driver/Src/stm32g0xx_hal_fdcan.c **** }
3312:Drivers/STM32G0xx_HAL_Driver/Src/stm32g0xx_hal_fdcan.c **** 
3313:Drivers/STM32G0xx_HAL_Driver/Src/stm32g0xx_hal_fdcan.c **** /**
3314:Drivers/STM32G0xx_HAL_Driver/Src/stm32g0xx_hal_fdcan.c ****   * @brief  High Priority Message callback.
3315:Drivers/STM32G0xx_HAL_Driver/Src/stm32g0xx_hal_fdcan.c ****   * @param  hfdcan pointer to an FDCAN_HandleTypeDef structure that contains
3316:Drivers/STM32G0xx_HAL_Driver/Src/stm32g0xx_hal_fdcan.c ****   *         the configuration information for the specified FDCAN.
3317:Drivers/STM32G0xx_HAL_Driver/Src/stm32g0xx_hal_fdcan.c ****   * @retval None
3318:Drivers/STM32G0xx_HAL_Driver/Src/stm32g0xx_hal_fdcan.c ****   */
3319:Drivers/STM32G0xx_HAL_Driver/Src/stm32g0xx_hal_fdcan.c **** __weak void HAL_FDCAN_HighPriorityMessageCallback(FDCAN_HandleTypeDef *hfdcan)
3320:Drivers/STM32G0xx_HAL_Driver/Src/stm32g0xx_hal_fdcan.c **** {
3321:Drivers/STM32G0xx_HAL_Driver/Src/stm32g0xx_hal_fdcan.c ****   /* Prevent unused argument(s) compilation warning */
3322:Drivers/STM32G0xx_HAL_Driver/Src/stm32g0xx_hal_fdcan.c ****   UNUSED(hfdcan);
3323:Drivers/STM32G0xx_HAL_Driver/Src/stm32g0xx_hal_fdcan.c **** 
3324:Drivers/STM32G0xx_HAL_Driver/Src/stm32g0xx_hal_fdcan.c ****   /* NOTE: This function Should not be modified, when the callback is needed,
3325:Drivers/STM32G0xx_HAL_Driver/Src/stm32g0xx_hal_fdcan.c ****             the HAL_FDCAN_HighPriorityMessageCallback could be implemented in the user file
3326:Drivers/STM32G0xx_HAL_Driver/Src/stm32g0xx_hal_fdcan.c ****    */
3327:Drivers/STM32G0xx_HAL_Driver/Src/stm32g0xx_hal_fdcan.c **** }
3328:Drivers/STM32G0xx_HAL_Driver/Src/stm32g0xx_hal_fdcan.c **** 
3329:Drivers/STM32G0xx_HAL_Driver/Src/stm32g0xx_hal_fdcan.c **** /**
3330:Drivers/STM32G0xx_HAL_Driver/Src/stm32g0xx_hal_fdcan.c ****   * @brief  Error callback.
3331:Drivers/STM32G0xx_HAL_Driver/Src/stm32g0xx_hal_fdcan.c ****   * @param  hfdcan pointer to an FDCAN_HandleTypeDef structure that contains
3332:Drivers/STM32G0xx_HAL_Driver/Src/stm32g0xx_hal_fdcan.c ****   *         the configuration information for the specified FDCAN.
3333:Drivers/STM32G0xx_HAL_Driver/Src/stm32g0xx_hal_fdcan.c ****   * @retval None
3334:Drivers/STM32G0xx_HAL_Driver/Src/stm32g0xx_hal_fdcan.c ****   */
3335:Drivers/STM32G0xx_HAL_Driver/Src/stm32g0xx_hal_fdcan.c **** __weak void HAL_FDCAN_ErrorCallback(FDCAN_HandleTypeDef *hfdcan)
3336:Drivers/STM32G0xx_HAL_Driver/Src/stm32g0xx_hal_fdcan.c **** {
3337:Drivers/STM32G0xx_HAL_Driver/Src/stm32g0xx_hal_fdcan.c ****   /* Prevent unused argument(s) compilation warning */
3338:Drivers/STM32G0xx_HAL_Driver/Src/stm32g0xx_hal_fdcan.c ****   UNUSED(hfdcan);
ARM GAS  C:\Users\sante\AppData\Local\Temp\cc59nu4g.s 			page 60


3339:Drivers/STM32G0xx_HAL_Driver/Src/stm32g0xx_hal_fdcan.c **** 
3340:Drivers/STM32G0xx_HAL_Driver/Src/stm32g0xx_hal_fdcan.c ****   /* NOTE: This function Should not be modified, when the callback is needed,
3341:Drivers/STM32G0xx_HAL_Driver/Src/stm32g0xx_hal_fdcan.c ****             the HAL_FDCAN_ErrorCallback could be implemented in the user file
3342:Drivers/STM32G0xx_HAL_Driver/Src/stm32g0xx_hal_fdcan.c ****    */
3343:Drivers/STM32G0xx_HAL_Driver/Src/stm32g0xx_hal_fdcan.c **** }
3344:Drivers/STM32G0xx_HAL_Driver/Src/stm32g0xx_hal_fdcan.c **** 
3345:Drivers/STM32G0xx_HAL_Driver/Src/stm32g0xx_hal_fdcan.c **** /**
3346:Drivers/STM32G0xx_HAL_Driver/Src/stm32g0xx_hal_fdcan.c ****   * @brief  Error status callback.
3347:Drivers/STM32G0xx_HAL_Driver/Src/stm32g0xx_hal_fdcan.c ****   * @param  hfdcan pointer to an FDCAN_HandleTypeDef structure that contains
3348:Drivers/STM32G0xx_HAL_Driver/Src/stm32g0xx_hal_fdcan.c ****   *         the configuration information for the specified FDCAN.
3349:Drivers/STM32G0xx_HAL_Driver/Src/stm32g0xx_hal_fdcan.c ****   * @param  ErrorStatusITs indicates which Error Status interrupts are signaled.
3350:Drivers/STM32G0xx_HAL_Driver/Src/stm32g0xx_hal_fdcan.c ****   *         This parameter can be any combination of @arg FDCAN_Error_Status_Interrupts.
3351:Drivers/STM32G0xx_HAL_Driver/Src/stm32g0xx_hal_fdcan.c ****   * @retval None
3352:Drivers/STM32G0xx_HAL_Driver/Src/stm32g0xx_hal_fdcan.c ****   */
3353:Drivers/STM32G0xx_HAL_Driver/Src/stm32g0xx_hal_fdcan.c **** __weak void HAL_FDCAN_ErrorStatusCallback(FDCAN_HandleTypeDef *hfdcan, uint32_t ErrorStatusITs)
3354:Drivers/STM32G0xx_HAL_Driver/Src/stm32g0xx_hal_fdcan.c **** {
3355:Drivers/STM32G0xx_HAL_Driver/Src/stm32g0xx_hal_fdcan.c ****   /* Prevent unused argument(s) compilation warning */
3356:Drivers/STM32G0xx_HAL_Driver/Src/stm32g0xx_hal_fdcan.c ****   UNUSED(hfdcan);
3357:Drivers/STM32G0xx_HAL_Driver/Src/stm32g0xx_hal_fdcan.c ****   UNUSED(ErrorStatusITs);
3358:Drivers/STM32G0xx_HAL_Driver/Src/stm32g0xx_hal_fdcan.c **** 
3359:Drivers/STM32G0xx_HAL_Driver/Src/stm32g0xx_hal_fdcan.c ****   /* NOTE: This function Should not be modified, when the callback is needed,
3360:Drivers/STM32G0xx_HAL_Driver/Src/stm32g0xx_hal_fdcan.c ****             the HAL_FDCAN_ErrorStatusCallback could be implemented in the user file
3361:Drivers/STM32G0xx_HAL_Driver/Src/stm32g0xx_hal_fdcan.c ****    */
3362:Drivers/STM32G0xx_HAL_Driver/Src/stm32g0xx_hal_fdcan.c **** }
3363:Drivers/STM32G0xx_HAL_Driver/Src/stm32g0xx_hal_fdcan.c **** 
3364:Drivers/STM32G0xx_HAL_Driver/Src/stm32g0xx_hal_fdcan.c **** /**
3365:Drivers/STM32G0xx_HAL_Driver/Src/stm32g0xx_hal_fdcan.c ****   * @}
3366:Drivers/STM32G0xx_HAL_Driver/Src/stm32g0xx_hal_fdcan.c ****   */
3367:Drivers/STM32G0xx_HAL_Driver/Src/stm32g0xx_hal_fdcan.c **** 
3368:Drivers/STM32G0xx_HAL_Driver/Src/stm32g0xx_hal_fdcan.c **** /** @defgroup FDCAN_Exported_Functions_Group6 Peripheral State functions
3369:Drivers/STM32G0xx_HAL_Driver/Src/stm32g0xx_hal_fdcan.c ****   *  @brief   FDCAN Peripheral State functions
3370:Drivers/STM32G0xx_HAL_Driver/Src/stm32g0xx_hal_fdcan.c ****   *
3371:Drivers/STM32G0xx_HAL_Driver/Src/stm32g0xx_hal_fdcan.c **** @verbatim
3372:Drivers/STM32G0xx_HAL_Driver/Src/stm32g0xx_hal_fdcan.c ****   ==============================================================================
3373:Drivers/STM32G0xx_HAL_Driver/Src/stm32g0xx_hal_fdcan.c ****                       ##### Peripheral State functions #####
3374:Drivers/STM32G0xx_HAL_Driver/Src/stm32g0xx_hal_fdcan.c ****   ==============================================================================
3375:Drivers/STM32G0xx_HAL_Driver/Src/stm32g0xx_hal_fdcan.c ****     [..]
3376:Drivers/STM32G0xx_HAL_Driver/Src/stm32g0xx_hal_fdcan.c ****     This subsection provides functions allowing to :
3377:Drivers/STM32G0xx_HAL_Driver/Src/stm32g0xx_hal_fdcan.c ****       (+) HAL_FDCAN_GetState()  : Return the FDCAN state.
3378:Drivers/STM32G0xx_HAL_Driver/Src/stm32g0xx_hal_fdcan.c ****       (+) HAL_FDCAN_GetError()  : Return the FDCAN error code if any.
3379:Drivers/STM32G0xx_HAL_Driver/Src/stm32g0xx_hal_fdcan.c **** 
3380:Drivers/STM32G0xx_HAL_Driver/Src/stm32g0xx_hal_fdcan.c **** @endverbatim
3381:Drivers/STM32G0xx_HAL_Driver/Src/stm32g0xx_hal_fdcan.c ****   * @{
3382:Drivers/STM32G0xx_HAL_Driver/Src/stm32g0xx_hal_fdcan.c ****   */
3383:Drivers/STM32G0xx_HAL_Driver/Src/stm32g0xx_hal_fdcan.c **** /**
3384:Drivers/STM32G0xx_HAL_Driver/Src/stm32g0xx_hal_fdcan.c ****   * @brief  Return the FDCAN state
3385:Drivers/STM32G0xx_HAL_Driver/Src/stm32g0xx_hal_fdcan.c ****   * @param  hfdcan pointer to an FDCAN_HandleTypeDef structure that contains
3386:Drivers/STM32G0xx_HAL_Driver/Src/stm32g0xx_hal_fdcan.c ****   *         the configuration information for the specified FDCAN.
3387:Drivers/STM32G0xx_HAL_Driver/Src/stm32g0xx_hal_fdcan.c ****   * @retval HAL state
3388:Drivers/STM32G0xx_HAL_Driver/Src/stm32g0xx_hal_fdcan.c ****   */
3389:Drivers/STM32G0xx_HAL_Driver/Src/stm32g0xx_hal_fdcan.c **** HAL_FDCAN_StateTypeDef HAL_FDCAN_GetState(const FDCAN_HandleTypeDef *hfdcan)
3390:Drivers/STM32G0xx_HAL_Driver/Src/stm32g0xx_hal_fdcan.c **** {
3391:Drivers/STM32G0xx_HAL_Driver/Src/stm32g0xx_hal_fdcan.c ****   /* Return FDCAN state */
3392:Drivers/STM32G0xx_HAL_Driver/Src/stm32g0xx_hal_fdcan.c ****   return hfdcan->State;
3393:Drivers/STM32G0xx_HAL_Driver/Src/stm32g0xx_hal_fdcan.c **** }
3394:Drivers/STM32G0xx_HAL_Driver/Src/stm32g0xx_hal_fdcan.c **** 
3395:Drivers/STM32G0xx_HAL_Driver/Src/stm32g0xx_hal_fdcan.c **** /**
ARM GAS  C:\Users\sante\AppData\Local\Temp\cc59nu4g.s 			page 61


3396:Drivers/STM32G0xx_HAL_Driver/Src/stm32g0xx_hal_fdcan.c ****   * @brief  Return the FDCAN error code
3397:Drivers/STM32G0xx_HAL_Driver/Src/stm32g0xx_hal_fdcan.c ****   * @param  hfdcan pointer to an FDCAN_HandleTypeDef structure that contains
3398:Drivers/STM32G0xx_HAL_Driver/Src/stm32g0xx_hal_fdcan.c ****   *         the configuration information for the specified FDCAN.
3399:Drivers/STM32G0xx_HAL_Driver/Src/stm32g0xx_hal_fdcan.c ****   * @retval FDCAN Error Code
3400:Drivers/STM32G0xx_HAL_Driver/Src/stm32g0xx_hal_fdcan.c ****   */
3401:Drivers/STM32G0xx_HAL_Driver/Src/stm32g0xx_hal_fdcan.c **** uint32_t HAL_FDCAN_GetError(const FDCAN_HandleTypeDef *hfdcan)
3402:Drivers/STM32G0xx_HAL_Driver/Src/stm32g0xx_hal_fdcan.c **** {
3403:Drivers/STM32G0xx_HAL_Driver/Src/stm32g0xx_hal_fdcan.c ****   /* Return FDCAN error code */
3404:Drivers/STM32G0xx_HAL_Driver/Src/stm32g0xx_hal_fdcan.c ****   return hfdcan->ErrorCode;
3405:Drivers/STM32G0xx_HAL_Driver/Src/stm32g0xx_hal_fdcan.c **** }
3406:Drivers/STM32G0xx_HAL_Driver/Src/stm32g0xx_hal_fdcan.c **** 
3407:Drivers/STM32G0xx_HAL_Driver/Src/stm32g0xx_hal_fdcan.c **** /**
3408:Drivers/STM32G0xx_HAL_Driver/Src/stm32g0xx_hal_fdcan.c ****   * @}
3409:Drivers/STM32G0xx_HAL_Driver/Src/stm32g0xx_hal_fdcan.c ****   */
3410:Drivers/STM32G0xx_HAL_Driver/Src/stm32g0xx_hal_fdcan.c **** 
3411:Drivers/STM32G0xx_HAL_Driver/Src/stm32g0xx_hal_fdcan.c **** /**
3412:Drivers/STM32G0xx_HAL_Driver/Src/stm32g0xx_hal_fdcan.c ****   * @}
3413:Drivers/STM32G0xx_HAL_Driver/Src/stm32g0xx_hal_fdcan.c ****   */
3414:Drivers/STM32G0xx_HAL_Driver/Src/stm32g0xx_hal_fdcan.c **** 
3415:Drivers/STM32G0xx_HAL_Driver/Src/stm32g0xx_hal_fdcan.c **** /** @defgroup FDCAN_Private_Functions FDCAN Private Functions
3416:Drivers/STM32G0xx_HAL_Driver/Src/stm32g0xx_hal_fdcan.c ****   * @{
3417:Drivers/STM32G0xx_HAL_Driver/Src/stm32g0xx_hal_fdcan.c ****   */
3418:Drivers/STM32G0xx_HAL_Driver/Src/stm32g0xx_hal_fdcan.c **** 
3419:Drivers/STM32G0xx_HAL_Driver/Src/stm32g0xx_hal_fdcan.c **** /**
3420:Drivers/STM32G0xx_HAL_Driver/Src/stm32g0xx_hal_fdcan.c ****   * @brief  Calculate each RAM block start address and size
3421:Drivers/STM32G0xx_HAL_Driver/Src/stm32g0xx_hal_fdcan.c ****   * @param  hfdcan pointer to an FDCAN_HandleTypeDef structure that contains
3422:Drivers/STM32G0xx_HAL_Driver/Src/stm32g0xx_hal_fdcan.c ****   *         the configuration information for the specified FDCAN.
3423:Drivers/STM32G0xx_HAL_Driver/Src/stm32g0xx_hal_fdcan.c ****   * @retval none
3424:Drivers/STM32G0xx_HAL_Driver/Src/stm32g0xx_hal_fdcan.c ****  */
3425:Drivers/STM32G0xx_HAL_Driver/Src/stm32g0xx_hal_fdcan.c **** static void FDCAN_CalcultateRamBlockAddresses(FDCAN_HandleTypeDef *hfdcan)
3426:Drivers/STM32G0xx_HAL_Driver/Src/stm32g0xx_hal_fdcan.c **** {
  27              		.loc 1 3426 1 view -0
  28              		.cfi_startproc
  29              		@ args = 0, pretend = 0, frame = 0
  30              		@ frame_needed = 0, uses_anonymous_args = 0
  31              		.loc 1 3426 1 is_stmt 0 view .LVU1
  32 0000 30B5     		push	{r4, r5, lr}
  33              		.cfi_def_cfa_offset 12
  34              		.cfi_offset 4, -12
  35              		.cfi_offset 5, -8
  36              		.cfi_offset 14, -4
3427:Drivers/STM32G0xx_HAL_Driver/Src/stm32g0xx_hal_fdcan.c ****   uint32_t RAMcounter;
  37              		.loc 1 3427 3 is_stmt 1 view .LVU2
3428:Drivers/STM32G0xx_HAL_Driver/Src/stm32g0xx_hal_fdcan.c ****   uint32_t SramCanInstanceBase = SRAMCAN_BASE;
  38              		.loc 1 3428 3 view .LVU3
  39              	.LVL1:
3429:Drivers/STM32G0xx_HAL_Driver/Src/stm32g0xx_hal_fdcan.c **** #if defined(FDCAN2)
3430:Drivers/STM32G0xx_HAL_Driver/Src/stm32g0xx_hal_fdcan.c **** 
3431:Drivers/STM32G0xx_HAL_Driver/Src/stm32g0xx_hal_fdcan.c ****   if (hfdcan->Instance == FDCAN2)
  40              		.loc 1 3431 3 view .LVU4
  41              		.loc 1 3431 13 is_stmt 0 view .LVU5
  42 0002 0468     		ldr	r4, [r0]
  43              		.loc 1 3431 6 view .LVU6
  44 0004 184B     		ldr	r3, .L6
  45 0006 9C42     		cmp	r4, r3
  46 0008 23D0     		beq	.L5
3428:Drivers/STM32G0xx_HAL_Driver/Src/stm32g0xx_hal_fdcan.c ****   uint32_t SramCanInstanceBase = SRAMCAN_BASE;
ARM GAS  C:\Users\sante\AppData\Local\Temp\cc59nu4g.s 			page 62


  47              		.loc 1 3428 12 view .LVU7
  48 000a 1849     		ldr	r1, .L6+4
  49              	.L2:
  50              	.LVL2:
3432:Drivers/STM32G0xx_HAL_Driver/Src/stm32g0xx_hal_fdcan.c ****   {
3433:Drivers/STM32G0xx_HAL_Driver/Src/stm32g0xx_hal_fdcan.c ****     SramCanInstanceBase += SRAMCAN_SIZE;
3434:Drivers/STM32G0xx_HAL_Driver/Src/stm32g0xx_hal_fdcan.c ****   }
3435:Drivers/STM32G0xx_HAL_Driver/Src/stm32g0xx_hal_fdcan.c **** #endif /* FDCAN2 */
3436:Drivers/STM32G0xx_HAL_Driver/Src/stm32g0xx_hal_fdcan.c **** 
3437:Drivers/STM32G0xx_HAL_Driver/Src/stm32g0xx_hal_fdcan.c ****   /* Standard filter list start address */
3438:Drivers/STM32G0xx_HAL_Driver/Src/stm32g0xx_hal_fdcan.c ****   hfdcan->msgRam.StandardFilterSA = SramCanInstanceBase + SRAMCAN_FLSSA;
  51              		.loc 1 3438 3 is_stmt 1 view .LVU8
  52              		.loc 1 3438 35 is_stmt 0 view .LVU9
  53 000c 0164     		str	r1, [r0, #64]
3439:Drivers/STM32G0xx_HAL_Driver/Src/stm32g0xx_hal_fdcan.c **** 
3440:Drivers/STM32G0xx_HAL_Driver/Src/stm32g0xx_hal_fdcan.c ****   /* Standard filter elements number */
3441:Drivers/STM32G0xx_HAL_Driver/Src/stm32g0xx_hal_fdcan.c ****   MODIFY_REG(hfdcan->Instance->RXGFC, FDCAN_RXGFC_LSS, (hfdcan->Init.StdFiltersNbr << FDCAN_RXGFC_L
  54              		.loc 1 3441 3 is_stmt 1 view .LVU10
  55 000e 8022     		movs	r2, #128
  56 0010 A358     		ldr	r3, [r4, r2]
  57 0012 174D     		ldr	r5, .L6+8
  58 0014 2B40     		ands	r3, r5
  59 0016 456B     		ldr	r5, [r0, #52]
  60 0018 2D04     		lsls	r5, r5, #16
  61 001a 2B43     		orrs	r3, r5
  62 001c A350     		str	r3, [r4, r2]
3442:Drivers/STM32G0xx_HAL_Driver/Src/stm32g0xx_hal_fdcan.c **** 
3443:Drivers/STM32G0xx_HAL_Driver/Src/stm32g0xx_hal_fdcan.c ****   /* Extended filter list start address */
3444:Drivers/STM32G0xx_HAL_Driver/Src/stm32g0xx_hal_fdcan.c ****   hfdcan->msgRam.ExtendedFilterSA = SramCanInstanceBase + SRAMCAN_FLESA;
  63              		.loc 1 3444 3 view .LVU11
  64              		.loc 1 3444 57 is_stmt 0 view .LVU12
  65 001e 0B00     		movs	r3, r1
  66 0020 7033     		adds	r3, r3, #112
  67              		.loc 1 3444 35 view .LVU13
  68 0022 4364     		str	r3, [r0, #68]
3445:Drivers/STM32G0xx_HAL_Driver/Src/stm32g0xx_hal_fdcan.c **** 
3446:Drivers/STM32G0xx_HAL_Driver/Src/stm32g0xx_hal_fdcan.c ****   /* Extended filter elements number */
3447:Drivers/STM32G0xx_HAL_Driver/Src/stm32g0xx_hal_fdcan.c ****   MODIFY_REG(hfdcan->Instance->RXGFC, FDCAN_RXGFC_LSE, (hfdcan->Init.ExtFiltersNbr << FDCAN_RXGFC_L
  69              		.loc 1 3447 3 is_stmt 1 view .LVU14
  70 0024 0568     		ldr	r5, [r0]
  71 0026 AB58     		ldr	r3, [r5, r2]
  72 0028 124C     		ldr	r4, .L6+12
  73 002a 2340     		ands	r3, r4
  74 002c 846B     		ldr	r4, [r0, #56]
  75 002e 2406     		lsls	r4, r4, #24
  76 0030 2343     		orrs	r3, r4
  77 0032 AB50     		str	r3, [r5, r2]
3448:Drivers/STM32G0xx_HAL_Driver/Src/stm32g0xx_hal_fdcan.c **** 
3449:Drivers/STM32G0xx_HAL_Driver/Src/stm32g0xx_hal_fdcan.c ****   /* Rx FIFO 0 start address */
3450:Drivers/STM32G0xx_HAL_Driver/Src/stm32g0xx_hal_fdcan.c ****   hfdcan->msgRam.RxFIFO0SA = SramCanInstanceBase + SRAMCAN_RF0SA;
  78              		.loc 1 3450 3 view .LVU15
  79              		.loc 1 3450 50 is_stmt 0 view .LVU16
  80 0034 0B00     		movs	r3, r1
  81 0036 B033     		adds	r3, r3, #176
  82              		.loc 1 3450 28 view .LVU17
  83 0038 8364     		str	r3, [r0, #72]
3451:Drivers/STM32G0xx_HAL_Driver/Src/stm32g0xx_hal_fdcan.c **** 
ARM GAS  C:\Users\sante\AppData\Local\Temp\cc59nu4g.s 			page 63


3452:Drivers/STM32G0xx_HAL_Driver/Src/stm32g0xx_hal_fdcan.c ****   /* Rx FIFO 1 start address */
3453:Drivers/STM32G0xx_HAL_Driver/Src/stm32g0xx_hal_fdcan.c ****   hfdcan->msgRam.RxFIFO1SA = SramCanInstanceBase + SRAMCAN_RF1SA;
  84              		.loc 1 3453 3 is_stmt 1 view .LVU18
  85              		.loc 1 3453 50 is_stmt 0 view .LVU19
  86 003a D833     		adds	r3, r3, #216
  87              		.loc 1 3453 28 view .LVU20
  88 003c C364     		str	r3, [r0, #76]
3454:Drivers/STM32G0xx_HAL_Driver/Src/stm32g0xx_hal_fdcan.c **** 
3455:Drivers/STM32G0xx_HAL_Driver/Src/stm32g0xx_hal_fdcan.c ****   /* Tx event FIFO start address */
3456:Drivers/STM32G0xx_HAL_Driver/Src/stm32g0xx_hal_fdcan.c ****   hfdcan->msgRam.TxEventFIFOSA = SramCanInstanceBase + SRAMCAN_TEFSA;
  89              		.loc 1 3456 3 is_stmt 1 view .LVU21
  90              		.loc 1 3456 54 is_stmt 0 view .LVU22
  91 003e 9823     		movs	r3, #152
  92 0040 9B00     		lsls	r3, r3, #2
  93 0042 CB18     		adds	r3, r1, r3
  94              		.loc 1 3456 32 view .LVU23
  95 0044 0365     		str	r3, [r0, #80]
3457:Drivers/STM32G0xx_HAL_Driver/Src/stm32g0xx_hal_fdcan.c **** 
3458:Drivers/STM32G0xx_HAL_Driver/Src/stm32g0xx_hal_fdcan.c ****   /* Tx FIFO/queue start address */
3459:Drivers/STM32G0xx_HAL_Driver/Src/stm32g0xx_hal_fdcan.c ****   hfdcan->msgRam.TxFIFOQSA = SramCanInstanceBase + SRAMCAN_TFQSA;
  96              		.loc 1 3459 3 is_stmt 1 view .LVU24
  97              		.loc 1 3459 50 is_stmt 0 view .LVU25
  98 0046 9E23     		movs	r3, #158
  99 0048 9B00     		lsls	r3, r3, #2
 100 004a CB18     		adds	r3, r1, r3
 101              		.loc 1 3459 28 view .LVU26
 102 004c 4365     		str	r3, [r0, #84]
3460:Drivers/STM32G0xx_HAL_Driver/Src/stm32g0xx_hal_fdcan.c **** 
3461:Drivers/STM32G0xx_HAL_Driver/Src/stm32g0xx_hal_fdcan.c ****   /* Flush the allocated Message RAM area */
3462:Drivers/STM32G0xx_HAL_Driver/Src/stm32g0xx_hal_fdcan.c ****   for (RAMcounter = SramCanInstanceBase; RAMcounter < (SramCanInstanceBase + SRAMCAN_SIZE); RAMcoun
 103              		.loc 1 3462 3 is_stmt 1 view .LVU27
 104              	.LVL3:
 105              		.loc 1 3462 19 is_stmt 0 view .LVU28
 106 004e 0B00     		movs	r3, r1
 107              		.loc 1 3462 3 view .LVU29
 108 0050 03E0     		b	.L3
 109              	.LVL4:
 110              	.L5:
3433:Drivers/STM32G0xx_HAL_Driver/Src/stm32g0xx_hal_fdcan.c ****   }
 111              		.loc 1 3433 25 view .LVU30
 112 0052 0949     		ldr	r1, .L6+16
 113 0054 DAE7     		b	.L2
 114              	.LVL5:
 115              	.L4:
3463:Drivers/STM32G0xx_HAL_Driver/Src/stm32g0xx_hal_fdcan.c ****   {
3464:Drivers/STM32G0xx_HAL_Driver/Src/stm32g0xx_hal_fdcan.c ****     *(uint32_t *)(RAMcounter) = 0x00000000U;
 116              		.loc 1 3464 5 is_stmt 1 view .LVU31
 117              		.loc 1 3464 31 is_stmt 0 view .LVU32
 118 0056 0022     		movs	r2, #0
 119 0058 04C3     		stmia	r3!, {r2}
 120              	.LVL6:
3462:Drivers/STM32G0xx_HAL_Driver/Src/stm32g0xx_hal_fdcan.c ****   {
 121              		.loc 1 3462 104 is_stmt 1 discriminator 3 view .LVU33
 122              	.L3:
3462:Drivers/STM32G0xx_HAL_Driver/Src/stm32g0xx_hal_fdcan.c ****   {
 123              		.loc 1 3462 53 discriminator 1 view .LVU34
3462:Drivers/STM32G0xx_HAL_Driver/Src/stm32g0xx_hal_fdcan.c ****   {
ARM GAS  C:\Users\sante\AppData\Local\Temp\cc59nu4g.s 			page 64


 124              		.loc 1 3462 76 is_stmt 0 discriminator 1 view .LVU35
 125 005a D422     		movs	r2, #212
 126 005c 9200     		lsls	r2, r2, #2
 127 005e 8A18     		adds	r2, r1, r2
3462:Drivers/STM32G0xx_HAL_Driver/Src/stm32g0xx_hal_fdcan.c ****   {
 128              		.loc 1 3462 53 discriminator 1 view .LVU36
 129 0060 9A42     		cmp	r2, r3
 130 0062 F8D8     		bhi	.L4
3465:Drivers/STM32G0xx_HAL_Driver/Src/stm32g0xx_hal_fdcan.c ****   }
3466:Drivers/STM32G0xx_HAL_Driver/Src/stm32g0xx_hal_fdcan.c **** }
 131              		.loc 1 3466 1 view .LVU37
 132              		@ sp needed
 133 0064 30BD     		pop	{r4, r5, pc}
 134              	.L7:
 135 0066 C046     		.align	2
 136              	.L6:
 137 0068 00680040 		.word	1073768448
 138 006c 00B40040 		.word	1073787904
 139 0070 FFFFE0FF 		.word	-2031617
 140 0074 FFFFFFF0 		.word	-251658241
 141 0078 50B70040 		.word	1073788752
 142              		.cfi_endproc
 143              	.LFE553:
 145              		.section	.text.FDCAN_CopyMessageToRAM,"ax",%progbits
 146              		.align	1
 147              		.syntax unified
 148              		.code	16
 149              		.thumb_func
 151              	FDCAN_CopyMessageToRAM:
 152              	.LVL7:
 153              	.LFB554:
3467:Drivers/STM32G0xx_HAL_Driver/Src/stm32g0xx_hal_fdcan.c **** 
3468:Drivers/STM32G0xx_HAL_Driver/Src/stm32g0xx_hal_fdcan.c **** /**
3469:Drivers/STM32G0xx_HAL_Driver/Src/stm32g0xx_hal_fdcan.c ****   * @brief  Copy Tx message to the message RAM.
3470:Drivers/STM32G0xx_HAL_Driver/Src/stm32g0xx_hal_fdcan.c ****   * @param  hfdcan pointer to an FDCAN_HandleTypeDef structure that contains
3471:Drivers/STM32G0xx_HAL_Driver/Src/stm32g0xx_hal_fdcan.c ****   *         the configuration information for the specified FDCAN.
3472:Drivers/STM32G0xx_HAL_Driver/Src/stm32g0xx_hal_fdcan.c ****   * @param  pTxHeader pointer to a FDCAN_TxHeaderTypeDef structure.
3473:Drivers/STM32G0xx_HAL_Driver/Src/stm32g0xx_hal_fdcan.c ****   * @param  pTxData pointer to a buffer containing the payload of the Tx frame.
3474:Drivers/STM32G0xx_HAL_Driver/Src/stm32g0xx_hal_fdcan.c ****   * @param  BufferIndex index of the buffer to be configured.
3475:Drivers/STM32G0xx_HAL_Driver/Src/stm32g0xx_hal_fdcan.c ****   * @retval none
3476:Drivers/STM32G0xx_HAL_Driver/Src/stm32g0xx_hal_fdcan.c ****  */
3477:Drivers/STM32G0xx_HAL_Driver/Src/stm32g0xx_hal_fdcan.c **** static void FDCAN_CopyMessageToRAM(const FDCAN_HandleTypeDef *hfdcan, const FDCAN_TxHeaderTypeDef *
3478:Drivers/STM32G0xx_HAL_Driver/Src/stm32g0xx_hal_fdcan.c ****                                    const uint8_t *pTxData, uint32_t BufferIndex)
3479:Drivers/STM32G0xx_HAL_Driver/Src/stm32g0xx_hal_fdcan.c **** {
 154              		.loc 1 3479 1 is_stmt 1 view -0
 155              		.cfi_startproc
 156              		@ args = 0, pretend = 0, frame = 0
 157              		@ frame_needed = 0, uses_anonymous_args = 0
 158              		.loc 1 3479 1 is_stmt 0 view .LVU39
 159 0000 F0B5     		push	{r4, r5, r6, r7, lr}
 160              		.cfi_def_cfa_offset 20
 161              		.cfi_offset 4, -20
 162              		.cfi_offset 5, -16
 163              		.cfi_offset 6, -12
 164              		.cfi_offset 7, -8
 165              		.cfi_offset 14, -4
 166 0002 1F00     		movs	r7, r3
ARM GAS  C:\Users\sante\AppData\Local\Temp\cc59nu4g.s 			page 65


3480:Drivers/STM32G0xx_HAL_Driver/Src/stm32g0xx_hal_fdcan.c ****   uint32_t TxElementW1;
 167              		.loc 1 3480 3 is_stmt 1 view .LVU40
3481:Drivers/STM32G0xx_HAL_Driver/Src/stm32g0xx_hal_fdcan.c ****   uint32_t TxElementW2;
 168              		.loc 1 3481 3 view .LVU41
3482:Drivers/STM32G0xx_HAL_Driver/Src/stm32g0xx_hal_fdcan.c ****   uint32_t *TxAddress;
 169              		.loc 1 3482 3 view .LVU42
3483:Drivers/STM32G0xx_HAL_Driver/Src/stm32g0xx_hal_fdcan.c ****   uint32_t ByteCounter;
 170              		.loc 1 3483 3 view .LVU43
3484:Drivers/STM32G0xx_HAL_Driver/Src/stm32g0xx_hal_fdcan.c **** 
3485:Drivers/STM32G0xx_HAL_Driver/Src/stm32g0xx_hal_fdcan.c ****   /* Build first word of Tx header element */
3486:Drivers/STM32G0xx_HAL_Driver/Src/stm32g0xx_hal_fdcan.c ****   if (pTxHeader->IdType == FDCAN_STANDARD_ID)
 171              		.loc 1 3486 3 view .LVU44
 172              		.loc 1 3486 16 is_stmt 0 view .LVU45
 173 0004 4B68     		ldr	r3, [r1, #4]
 174              	.LVL8:
 175              		.loc 1 3486 6 view .LVU46
 176 0006 002B     		cmp	r3, #0
 177 0008 1AD1     		bne	.L9
3487:Drivers/STM32G0xx_HAL_Driver/Src/stm32g0xx_hal_fdcan.c ****   {
3488:Drivers/STM32G0xx_HAL_Driver/Src/stm32g0xx_hal_fdcan.c ****     TxElementW1 = (pTxHeader->ErrorStateIndicator |
 178              		.loc 1 3488 5 is_stmt 1 view .LVU47
 179              		.loc 1 3488 29 is_stmt 0 view .LVU48
 180 000a 0D69     		ldr	r5, [r1, #16]
3489:Drivers/STM32G0xx_HAL_Driver/Src/stm32g0xx_hal_fdcan.c ****                    FDCAN_STANDARD_ID |
3490:Drivers/STM32G0xx_HAL_Driver/Src/stm32g0xx_hal_fdcan.c ****                    pTxHeader->TxFrameType |
 181              		.loc 1 3490 29 view .LVU49
 182 000c 8B68     		ldr	r3, [r1, #8]
3489:Drivers/STM32G0xx_HAL_Driver/Src/stm32g0xx_hal_fdcan.c ****                    FDCAN_STANDARD_ID |
 183              		.loc 1 3489 38 view .LVU50
 184 000e 1D43     		orrs	r5, r3
3491:Drivers/STM32G0xx_HAL_Driver/Src/stm32g0xx_hal_fdcan.c ****                    (pTxHeader->Identifier << 18U));
 185              		.loc 1 3491 30 view .LVU51
 186 0010 0B68     		ldr	r3, [r1]
 187              		.loc 1 3491 43 view .LVU52
 188 0012 9B04     		lsls	r3, r3, #18
3488:Drivers/STM32G0xx_HAL_Driver/Src/stm32g0xx_hal_fdcan.c ****                    FDCAN_STANDARD_ID |
 189              		.loc 1 3488 17 view .LVU53
 190 0014 1D43     		orrs	r5, r3
 191              	.LVL9:
 192              	.L10:
3492:Drivers/STM32G0xx_HAL_Driver/Src/stm32g0xx_hal_fdcan.c ****   }
3493:Drivers/STM32G0xx_HAL_Driver/Src/stm32g0xx_hal_fdcan.c ****   else /* pTxHeader->IdType == FDCAN_EXTENDED_ID */
3494:Drivers/STM32G0xx_HAL_Driver/Src/stm32g0xx_hal_fdcan.c ****   {
3495:Drivers/STM32G0xx_HAL_Driver/Src/stm32g0xx_hal_fdcan.c ****     TxElementW1 = (pTxHeader->ErrorStateIndicator |
3496:Drivers/STM32G0xx_HAL_Driver/Src/stm32g0xx_hal_fdcan.c ****                    FDCAN_EXTENDED_ID |
3497:Drivers/STM32G0xx_HAL_Driver/Src/stm32g0xx_hal_fdcan.c ****                    pTxHeader->TxFrameType |
3498:Drivers/STM32G0xx_HAL_Driver/Src/stm32g0xx_hal_fdcan.c ****                    pTxHeader->Identifier);
3499:Drivers/STM32G0xx_HAL_Driver/Src/stm32g0xx_hal_fdcan.c ****   }
3500:Drivers/STM32G0xx_HAL_Driver/Src/stm32g0xx_hal_fdcan.c **** 
3501:Drivers/STM32G0xx_HAL_Driver/Src/stm32g0xx_hal_fdcan.c ****   /* Build second word of Tx header element */
3502:Drivers/STM32G0xx_HAL_Driver/Src/stm32g0xx_hal_fdcan.c ****   TxElementW2 = ((pTxHeader->MessageMarker << 24U) |
 193              		.loc 1 3502 3 is_stmt 1 view .LVU54
 194              		.loc 1 3502 28 is_stmt 0 view .LVU55
 195 0016 0C6A     		ldr	r4, [r1, #32]
 196              		.loc 1 3502 44 view .LVU56
 197 0018 2406     		lsls	r4, r4, #24
3503:Drivers/STM32G0xx_HAL_Driver/Src/stm32g0xx_hal_fdcan.c ****                  pTxHeader->TxEventFifoControl |
ARM GAS  C:\Users\sante\AppData\Local\Temp\cc59nu4g.s 			page 66


 198              		.loc 1 3503 27 view .LVU57
 199 001a CB69     		ldr	r3, [r1, #28]
3502:Drivers/STM32G0xx_HAL_Driver/Src/stm32g0xx_hal_fdcan.c ****                  pTxHeader->TxEventFifoControl |
 200              		.loc 1 3502 52 view .LVU58
 201 001c 1C43     		orrs	r4, r3
3504:Drivers/STM32G0xx_HAL_Driver/Src/stm32g0xx_hal_fdcan.c ****                  pTxHeader->FDFormat |
 202              		.loc 1 3504 27 view .LVU59
 203 001e 8B69     		ldr	r3, [r1, #24]
3503:Drivers/STM32G0xx_HAL_Driver/Src/stm32g0xx_hal_fdcan.c ****                  pTxHeader->TxEventFifoControl |
 204              		.loc 1 3503 48 view .LVU60
 205 0020 1C43     		orrs	r4, r3
3505:Drivers/STM32G0xx_HAL_Driver/Src/stm32g0xx_hal_fdcan.c ****                  pTxHeader->BitRateSwitch |
 206              		.loc 1 3505 27 view .LVU61
 207 0022 4B69     		ldr	r3, [r1, #20]
3504:Drivers/STM32G0xx_HAL_Driver/Src/stm32g0xx_hal_fdcan.c ****                  pTxHeader->FDFormat |
 208              		.loc 1 3504 38 view .LVU62
 209 0024 1C43     		orrs	r4, r3
3506:Drivers/STM32G0xx_HAL_Driver/Src/stm32g0xx_hal_fdcan.c ****                  (pTxHeader->DataLength << 16U));
 210              		.loc 1 3506 28 view .LVU63
 211 0026 CB68     		ldr	r3, [r1, #12]
 212              		.loc 1 3506 41 view .LVU64
 213 0028 1B04     		lsls	r3, r3, #16
3502:Drivers/STM32G0xx_HAL_Driver/Src/stm32g0xx_hal_fdcan.c ****                  pTxHeader->TxEventFifoControl |
 214              		.loc 1 3502 15 view .LVU65
 215 002a 1C43     		orrs	r4, r3
 216              	.LVL10:
3507:Drivers/STM32G0xx_HAL_Driver/Src/stm32g0xx_hal_fdcan.c **** 
3508:Drivers/STM32G0xx_HAL_Driver/Src/stm32g0xx_hal_fdcan.c ****   /* Calculate Tx element address */
3509:Drivers/STM32G0xx_HAL_Driver/Src/stm32g0xx_hal_fdcan.c ****   TxAddress = (uint32_t *)(hfdcan->msgRam.TxFIFOQSA + (BufferIndex * SRAMCAN_TFQ_SIZE));
 217              		.loc 1 3509 3 is_stmt 1 view .LVU66
 218              		.loc 1 3509 42 is_stmt 0 view .LVU67
 219 002c 466D     		ldr	r6, [r0, #84]
 220              		.loc 1 3509 68 view .LVU68
 221 002e FB00     		lsls	r3, r7, #3
 222 0030 DB19     		adds	r3, r3, r7
 223 0032 DB00     		lsls	r3, r3, #3
 224              		.loc 1 3509 53 view .LVU69
 225 0034 F618     		adds	r6, r6, r3
 226              	.LVL11:
3510:Drivers/STM32G0xx_HAL_Driver/Src/stm32g0xx_hal_fdcan.c **** 
3511:Drivers/STM32G0xx_HAL_Driver/Src/stm32g0xx_hal_fdcan.c ****   /* Write Tx element header to the message RAM */
3512:Drivers/STM32G0xx_HAL_Driver/Src/stm32g0xx_hal_fdcan.c ****   *TxAddress = TxElementW1;
 227              		.loc 1 3512 3 is_stmt 1 view .LVU70
 228              		.loc 1 3512 14 is_stmt 0 view .LVU71
 229 0036 3560     		str	r5, [r6]
3513:Drivers/STM32G0xx_HAL_Driver/Src/stm32g0xx_hal_fdcan.c ****   TxAddress++;
 230              		.loc 1 3513 3 is_stmt 1 view .LVU72
 231              	.LVL12:
3514:Drivers/STM32G0xx_HAL_Driver/Src/stm32g0xx_hal_fdcan.c ****   *TxAddress = TxElementW2;
 232              		.loc 1 3514 3 view .LVU73
 233              		.loc 1 3514 14 is_stmt 0 view .LVU74
 234 0038 7460     		str	r4, [r6, #4]
3515:Drivers/STM32G0xx_HAL_Driver/Src/stm32g0xx_hal_fdcan.c ****   TxAddress++;
 235              		.loc 1 3515 3 is_stmt 1 view .LVU75
 236              		.loc 1 3515 12 is_stmt 0 view .LVU76
 237 003a 0836     		adds	r6, r6, #8
 238              	.LVL13:
ARM GAS  C:\Users\sante\AppData\Local\Temp\cc59nu4g.s 			page 67


3516:Drivers/STM32G0xx_HAL_Driver/Src/stm32g0xx_hal_fdcan.c **** 
3517:Drivers/STM32G0xx_HAL_Driver/Src/stm32g0xx_hal_fdcan.c ****   /* Write Tx payload to the message RAM */
3518:Drivers/STM32G0xx_HAL_Driver/Src/stm32g0xx_hal_fdcan.c ****   for (ByteCounter = 0; ByteCounter < DLCtoBytes[pTxHeader->DataLength]; ByteCounter += 4U)
 239              		.loc 1 3518 3 is_stmt 1 view .LVU77
 240              		.loc 1 3518 20 is_stmt 0 view .LVU78
 241 003c 0020     		movs	r0, #0
 242              	.LVL14:
 243              		.loc 1 3518 3 view .LVU79
 244 003e 15E0     		b	.L11
 245              	.LVL15:
 246              	.L9:
3495:Drivers/STM32G0xx_HAL_Driver/Src/stm32g0xx_hal_fdcan.c ****                    FDCAN_EXTENDED_ID |
 247              		.loc 1 3495 5 is_stmt 1 view .LVU80
3495:Drivers/STM32G0xx_HAL_Driver/Src/stm32g0xx_hal_fdcan.c ****                    FDCAN_EXTENDED_ID |
 248              		.loc 1 3495 29 is_stmt 0 view .LVU81
 249 0040 0B69     		ldr	r3, [r1, #16]
3497:Drivers/STM32G0xx_HAL_Driver/Src/stm32g0xx_hal_fdcan.c ****                    pTxHeader->Identifier);
 250              		.loc 1 3497 29 view .LVU82
 251 0042 8C68     		ldr	r4, [r1, #8]
3496:Drivers/STM32G0xx_HAL_Driver/Src/stm32g0xx_hal_fdcan.c ****                    pTxHeader->TxFrameType |
 252              		.loc 1 3496 38 view .LVU83
 253 0044 2343     		orrs	r3, r4
3498:Drivers/STM32G0xx_HAL_Driver/Src/stm32g0xx_hal_fdcan.c ****   }
 254              		.loc 1 3498 29 view .LVU84
 255 0046 0C68     		ldr	r4, [r1]
3497:Drivers/STM32G0xx_HAL_Driver/Src/stm32g0xx_hal_fdcan.c ****                    pTxHeader->Identifier);
 256              		.loc 1 3497 43 view .LVU85
 257 0048 2343     		orrs	r3, r4
3495:Drivers/STM32G0xx_HAL_Driver/Src/stm32g0xx_hal_fdcan.c ****                    FDCAN_EXTENDED_ID |
 258              		.loc 1 3495 17 view .LVU86
 259 004a 8025     		movs	r5, #128
 260 004c ED05     		lsls	r5, r5, #23
 261 004e 1D43     		orrs	r5, r3
 262 0050 E1E7     		b	.L10
 263              	.LVL16:
 264              	.L12:
3519:Drivers/STM32G0xx_HAL_Driver/Src/stm32g0xx_hal_fdcan.c ****   {
3520:Drivers/STM32G0xx_HAL_Driver/Src/stm32g0xx_hal_fdcan.c ****     *TxAddress = (((uint32_t)pTxData[ByteCounter + 3U] << 24U) |
 265              		.loc 1 3520 5 is_stmt 1 view .LVU87
 266              		.loc 1 3520 37 is_stmt 0 view .LVU88
 267 0052 1418     		adds	r4, r2, r0
 268 0054 E378     		ldrb	r3, [r4, #3]
 269              		.loc 1 3520 56 view .LVU89
 270 0056 1B06     		lsls	r3, r3, #24
3521:Drivers/STM32G0xx_HAL_Driver/Src/stm32g0xx_hal_fdcan.c ****                   ((uint32_t)pTxData[ByteCounter + 2U] << 16U) |
 271              		.loc 1 3521 37 view .LVU90
 272 0058 A578     		ldrb	r5, [r4, #2]
 273              		.loc 1 3521 56 view .LVU91
 274 005a 2D04     		lsls	r5, r5, #16
3520:Drivers/STM32G0xx_HAL_Driver/Src/stm32g0xx_hal_fdcan.c ****                   ((uint32_t)pTxData[ByteCounter + 2U] << 16U) |
 275              		.loc 1 3520 64 view .LVU92
 276 005c 2B43     		orrs	r3, r5
3522:Drivers/STM32G0xx_HAL_Driver/Src/stm32g0xx_hal_fdcan.c ****                   ((uint32_t)pTxData[ByteCounter + 1U] << 8U)  |
 277              		.loc 1 3522 37 view .LVU93
 278 005e 6478     		ldrb	r4, [r4, #1]
 279              		.loc 1 3522 56 view .LVU94
 280 0060 2402     		lsls	r4, r4, #8
ARM GAS  C:\Users\sante\AppData\Local\Temp\cc59nu4g.s 			page 68


3521:Drivers/STM32G0xx_HAL_Driver/Src/stm32g0xx_hal_fdcan.c ****                   ((uint32_t)pTxData[ByteCounter + 2U] << 16U) |
 281              		.loc 1 3521 64 view .LVU95
 282 0062 2343     		orrs	r3, r4
3523:Drivers/STM32G0xx_HAL_Driver/Src/stm32g0xx_hal_fdcan.c ****                   (uint32_t)pTxData[ByteCounter]);
 283              		.loc 1 3523 36 view .LVU96
 284 0064 145C     		ldrb	r4, [r2, r0]
3522:Drivers/STM32G0xx_HAL_Driver/Src/stm32g0xx_hal_fdcan.c ****                   ((uint32_t)pTxData[ByteCounter + 1U] << 8U)  |
 285              		.loc 1 3522 64 view .LVU97
 286 0066 2343     		orrs	r3, r4
3520:Drivers/STM32G0xx_HAL_Driver/Src/stm32g0xx_hal_fdcan.c ****                   ((uint32_t)pTxData[ByteCounter + 2U] << 16U) |
 287              		.loc 1 3520 16 view .LVU98
 288 0068 08C6     		stmia	r6!, {r3}
 289              	.LVL17:
3524:Drivers/STM32G0xx_HAL_Driver/Src/stm32g0xx_hal_fdcan.c ****     TxAddress++;
 290              		.loc 1 3524 5 is_stmt 1 view .LVU99
3518:Drivers/STM32G0xx_HAL_Driver/Src/stm32g0xx_hal_fdcan.c ****   {
 291              		.loc 1 3518 86 discriminator 3 view .LVU100
 292 006a 0430     		adds	r0, r0, #4
 293              	.LVL18:
 294              	.L11:
3518:Drivers/STM32G0xx_HAL_Driver/Src/stm32g0xx_hal_fdcan.c ****   {
 295              		.loc 1 3518 37 discriminator 1 view .LVU101
3518:Drivers/STM32G0xx_HAL_Driver/Src/stm32g0xx_hal_fdcan.c ****   {
 296              		.loc 1 3518 59 is_stmt 0 discriminator 1 view .LVU102
 297 006c CB68     		ldr	r3, [r1, #12]
3518:Drivers/STM32G0xx_HAL_Driver/Src/stm32g0xx_hal_fdcan.c ****   {
 298              		.loc 1 3518 49 discriminator 1 view .LVU103
 299 006e 024C     		ldr	r4, .L13
 300 0070 E35C     		ldrb	r3, [r4, r3]
3518:Drivers/STM32G0xx_HAL_Driver/Src/stm32g0xx_hal_fdcan.c ****   {
 301              		.loc 1 3518 37 discriminator 1 view .LVU104
 302 0072 8342     		cmp	r3, r0
 303 0074 EDD8     		bhi	.L12
3525:Drivers/STM32G0xx_HAL_Driver/Src/stm32g0xx_hal_fdcan.c ****   }
3526:Drivers/STM32G0xx_HAL_Driver/Src/stm32g0xx_hal_fdcan.c **** }
 304              		.loc 1 3526 1 view .LVU105
 305              		@ sp needed
 306              	.LVL19:
 307              	.LVL20:
 308              		.loc 1 3526 1 view .LVU106
 309 0076 F0BD     		pop	{r4, r5, r6, r7, pc}
 310              	.L14:
 311              		.align	2
 312              	.L13:
 313 0078 00000000 		.word	DLCtoBytes
 314              		.cfi_endproc
 315              	.LFE554:
 317              		.section	.text.HAL_FDCAN_MspInit,"ax",%progbits
 318              		.align	1
 319              		.weak	HAL_FDCAN_MspInit
 320              		.syntax unified
 321              		.code	16
 322              		.thumb_func
 324              	HAL_FDCAN_MspInit:
 325              	.LVL21:
 326              	.LFB495:
 583:Drivers/STM32G0xx_HAL_Driver/Src/stm32g0xx_hal_fdcan.c ****   /* Prevent unused argument(s) compilation warning */
ARM GAS  C:\Users\sante\AppData\Local\Temp\cc59nu4g.s 			page 69


 327              		.loc 1 583 1 is_stmt 1 view -0
 328              		.cfi_startproc
 329              		@ args = 0, pretend = 0, frame = 0
 330              		@ frame_needed = 0, uses_anonymous_args = 0
 331              		@ link register save eliminated.
 585:Drivers/STM32G0xx_HAL_Driver/Src/stm32g0xx_hal_fdcan.c ****   /* NOTE: This function Should not be modified, when the callback is needed,
 332              		.loc 1 585 3 view .LVU108
 589:Drivers/STM32G0xx_HAL_Driver/Src/stm32g0xx_hal_fdcan.c **** 
 333              		.loc 1 589 1 is_stmt 0 view .LVU109
 334              		@ sp needed
 335 0000 7047     		bx	lr
 336              		.cfi_endproc
 337              	.LFE495:
 339              		.section	.text.HAL_FDCAN_Init,"ax",%progbits
 340              		.align	1
 341              		.global	HAL_FDCAN_Init
 342              		.syntax unified
 343              		.code	16
 344              		.thumb_func
 346              	HAL_FDCAN_Init:
 347              	.LVL22:
 348              	.LFB493:
 294:Drivers/STM32G0xx_HAL_Driver/Src/stm32g0xx_hal_fdcan.c ****   uint32_t tickstart;
 349              		.loc 1 294 1 is_stmt 1 view -0
 350              		.cfi_startproc
 351              		@ args = 0, pretend = 0, frame = 0
 352              		@ frame_needed = 0, uses_anonymous_args = 0
 294:Drivers/STM32G0xx_HAL_Driver/Src/stm32g0xx_hal_fdcan.c ****   uint32_t tickstart;
 353              		.loc 1 294 1 is_stmt 0 view .LVU111
 354 0000 70B5     		push	{r4, r5, r6, lr}
 355              		.cfi_def_cfa_offset 16
 356              		.cfi_offset 4, -16
 357              		.cfi_offset 5, -12
 358              		.cfi_offset 6, -8
 359              		.cfi_offset 14, -4
 360 0002 041E     		subs	r4, r0, #0
 295:Drivers/STM32G0xx_HAL_Driver/Src/stm32g0xx_hal_fdcan.c **** 
 361              		.loc 1 295 3 is_stmt 1 view .LVU112
 298:Drivers/STM32G0xx_HAL_Driver/Src/stm32g0xx_hal_fdcan.c ****   {
 362              		.loc 1 298 3 view .LVU113
 298:Drivers/STM32G0xx_HAL_Driver/Src/stm32g0xx_hal_fdcan.c ****   {
 363              		.loc 1 298 6 is_stmt 0 view .LVU114
 364 0004 00D1     		bne	.LCB296
 365 0006 E1E0     		b	.L34	@long jump
 366              	.LCB296:
 304:Drivers/STM32G0xx_HAL_Driver/Src/stm32g0xx_hal_fdcan.c ****   if (hfdcan->Instance == FDCAN1)
 367              		.loc 1 304 3 is_stmt 1 view .LVU115
 305:Drivers/STM32G0xx_HAL_Driver/Src/stm32g0xx_hal_fdcan.c ****   {
 368              		.loc 1 305 3 view .LVU116
 307:Drivers/STM32G0xx_HAL_Driver/Src/stm32g0xx_hal_fdcan.c ****   }
 369              		.loc 1 307 5 view .LVU117
 309:Drivers/STM32G0xx_HAL_Driver/Src/stm32g0xx_hal_fdcan.c ****   assert_param(IS_FDCAN_MODE(hfdcan->Init.Mode));
 370              		.loc 1 309 3 view .LVU118
 310:Drivers/STM32G0xx_HAL_Driver/Src/stm32g0xx_hal_fdcan.c ****   assert_param(IS_FUNCTIONAL_STATE(hfdcan->Init.AutoRetransmission));
 371              		.loc 1 310 3 view .LVU119
 311:Drivers/STM32G0xx_HAL_Driver/Src/stm32g0xx_hal_fdcan.c ****   assert_param(IS_FUNCTIONAL_STATE(hfdcan->Init.TransmitPause));
 372              		.loc 1 311 3 view .LVU120
ARM GAS  C:\Users\sante\AppData\Local\Temp\cc59nu4g.s 			page 70


 312:Drivers/STM32G0xx_HAL_Driver/Src/stm32g0xx_hal_fdcan.c ****   assert_param(IS_FUNCTIONAL_STATE(hfdcan->Init.ProtocolException));
 373              		.loc 1 312 3 view .LVU121
 313:Drivers/STM32G0xx_HAL_Driver/Src/stm32g0xx_hal_fdcan.c ****   assert_param(IS_FDCAN_NOMINAL_PRESCALER(hfdcan->Init.NominalPrescaler));
 374              		.loc 1 313 3 view .LVU122
 314:Drivers/STM32G0xx_HAL_Driver/Src/stm32g0xx_hal_fdcan.c ****   assert_param(IS_FDCAN_NOMINAL_SJW(hfdcan->Init.NominalSyncJumpWidth));
 375              		.loc 1 314 3 view .LVU123
 315:Drivers/STM32G0xx_HAL_Driver/Src/stm32g0xx_hal_fdcan.c ****   assert_param(IS_FDCAN_NOMINAL_TSEG1(hfdcan->Init.NominalTimeSeg1));
 376              		.loc 1 315 3 view .LVU124
 316:Drivers/STM32G0xx_HAL_Driver/Src/stm32g0xx_hal_fdcan.c ****   assert_param(IS_FDCAN_NOMINAL_TSEG2(hfdcan->Init.NominalTimeSeg2));
 377              		.loc 1 316 3 view .LVU125
 317:Drivers/STM32G0xx_HAL_Driver/Src/stm32g0xx_hal_fdcan.c ****   if (hfdcan->Init.FrameFormat == FDCAN_FRAME_FD_BRS)
 378              		.loc 1 317 3 view .LVU126
 318:Drivers/STM32G0xx_HAL_Driver/Src/stm32g0xx_hal_fdcan.c ****   {
 379              		.loc 1 318 3 view .LVU127
 320:Drivers/STM32G0xx_HAL_Driver/Src/stm32g0xx_hal_fdcan.c ****     assert_param(IS_FDCAN_DATA_SJW(hfdcan->Init.DataSyncJumpWidth));
 380              		.loc 1 320 5 view .LVU128
 321:Drivers/STM32G0xx_HAL_Driver/Src/stm32g0xx_hal_fdcan.c ****     assert_param(IS_FDCAN_DATA_TSEG1(hfdcan->Init.DataTimeSeg1));
 381              		.loc 1 321 5 view .LVU129
 322:Drivers/STM32G0xx_HAL_Driver/Src/stm32g0xx_hal_fdcan.c ****     assert_param(IS_FDCAN_DATA_TSEG2(hfdcan->Init.DataTimeSeg2));
 382              		.loc 1 322 5 view .LVU130
 323:Drivers/STM32G0xx_HAL_Driver/Src/stm32g0xx_hal_fdcan.c ****   }
 383              		.loc 1 323 5 view .LVU131
 325:Drivers/STM32G0xx_HAL_Driver/Src/stm32g0xx_hal_fdcan.c ****   assert_param(IS_FDCAN_MAX_VALUE(hfdcan->Init.ExtFiltersNbr, SRAMCAN_FLE_NBR));
 384              		.loc 1 325 3 view .LVU132
 326:Drivers/STM32G0xx_HAL_Driver/Src/stm32g0xx_hal_fdcan.c ****   assert_param(IS_FDCAN_TX_FIFO_QUEUE_MODE(hfdcan->Init.TxFifoQueueMode));
 385              		.loc 1 326 3 view .LVU133
 327:Drivers/STM32G0xx_HAL_Driver/Src/stm32g0xx_hal_fdcan.c **** 
 386              		.loc 1 327 3 view .LVU134
 357:Drivers/STM32G0xx_HAL_Driver/Src/stm32g0xx_hal_fdcan.c ****   {
 387              		.loc 1 357 3 view .LVU135
 357:Drivers/STM32G0xx_HAL_Driver/Src/stm32g0xx_hal_fdcan.c ****   {
 388              		.loc 1 357 13 is_stmt 0 view .LVU136
 389 0008 5C23     		movs	r3, #92
 390 000a C35C     		ldrb	r3, [r0, r3]
 357:Drivers/STM32G0xx_HAL_Driver/Src/stm32g0xx_hal_fdcan.c ****   {
 391              		.loc 1 357 6 view .LVU137
 392 000c 002B     		cmp	r3, #0
 393 000e 19D0     		beq	.L35
 394              	.LVL23:
 395              	.L18:
 368:Drivers/STM32G0xx_HAL_Driver/Src/stm32g0xx_hal_fdcan.c **** 
 396              		.loc 1 368 3 is_stmt 1 view .LVU138
 397 0010 2268     		ldr	r2, [r4]
 398 0012 9369     		ldr	r3, [r2, #24]
 399 0014 1021     		movs	r1, #16
 400 0016 8B43     		bics	r3, r1
 401 0018 9361     		str	r3, [r2, #24]
 371:Drivers/STM32G0xx_HAL_Driver/Src/stm32g0xx_hal_fdcan.c **** 
 402              		.loc 1 371 3 view .LVU139
 371:Drivers/STM32G0xx_HAL_Driver/Src/stm32g0xx_hal_fdcan.c **** 
 403              		.loc 1 371 15 is_stmt 0 view .LVU140
 404 001a FFF7FEFF 		bl	HAL_GetTick
 405              	.LVL24:
 406 001e 0500     		movs	r5, r0
 407              	.LVL25:
 374:Drivers/STM32G0xx_HAL_Driver/Src/stm32g0xx_hal_fdcan.c ****   {
 408              		.loc 1 374 3 is_stmt 1 view .LVU141
ARM GAS  C:\Users\sante\AppData\Local\Temp\cc59nu4g.s 			page 71


 409              	.L19:
 374:Drivers/STM32G0xx_HAL_Driver/Src/stm32g0xx_hal_fdcan.c ****   {
 410              		.loc 1 374 52 view .LVU142
 374:Drivers/STM32G0xx_HAL_Driver/Src/stm32g0xx_hal_fdcan.c ****   {
 411              		.loc 1 374 17 is_stmt 0 view .LVU143
 412 0020 2268     		ldr	r2, [r4]
 374:Drivers/STM32G0xx_HAL_Driver/Src/stm32g0xx_hal_fdcan.c ****   {
 413              		.loc 1 374 27 view .LVU144
 414 0022 9369     		ldr	r3, [r2, #24]
 374:Drivers/STM32G0xx_HAL_Driver/Src/stm32g0xx_hal_fdcan.c ****   {
 415              		.loc 1 374 52 view .LVU145
 416 0024 1B07     		lsls	r3, r3, #28
 417 0026 13D5     		bpl	.L36
 376:Drivers/STM32G0xx_HAL_Driver/Src/stm32g0xx_hal_fdcan.c ****     {
 418              		.loc 1 376 5 is_stmt 1 view .LVU146
 376:Drivers/STM32G0xx_HAL_Driver/Src/stm32g0xx_hal_fdcan.c ****     {
 419              		.loc 1 376 10 is_stmt 0 view .LVU147
 420 0028 FFF7FEFF 		bl	HAL_GetTick
 421              	.LVL26:
 376:Drivers/STM32G0xx_HAL_Driver/Src/stm32g0xx_hal_fdcan.c ****     {
 422              		.loc 1 376 24 discriminator 1 view .LVU148
 423 002c 401B     		subs	r0, r0, r5
 376:Drivers/STM32G0xx_HAL_Driver/Src/stm32g0xx_hal_fdcan.c ****     {
 424              		.loc 1 376 8 discriminator 1 view .LVU149
 425 002e 0A28     		cmp	r0, #10
 426 0030 F6D9     		bls	.L19
 379:Drivers/STM32G0xx_HAL_Driver/Src/stm32g0xx_hal_fdcan.c **** 
 427              		.loc 1 379 7 is_stmt 1 view .LVU150
 379:Drivers/STM32G0xx_HAL_Driver/Src/stm32g0xx_hal_fdcan.c **** 
 428              		.loc 1 379 13 is_stmt 0 view .LVU151
 429 0032 236E     		ldr	r3, [r4, #96]
 379:Drivers/STM32G0xx_HAL_Driver/Src/stm32g0xx_hal_fdcan.c **** 
 430              		.loc 1 379 25 view .LVU152
 431 0034 0122     		movs	r2, #1
 432 0036 1343     		orrs	r3, r2
 433 0038 2366     		str	r3, [r4, #96]
 382:Drivers/STM32G0xx_HAL_Driver/Src/stm32g0xx_hal_fdcan.c **** 
 434              		.loc 1 382 7 is_stmt 1 view .LVU153
 382:Drivers/STM32G0xx_HAL_Driver/Src/stm32g0xx_hal_fdcan.c **** 
 435              		.loc 1 382 21 is_stmt 0 view .LVU154
 436 003a 5C23     		movs	r3, #92
 437 003c 0232     		adds	r2, r2, #2
 438 003e E254     		strb	r2, [r4, r3]
 384:Drivers/STM32G0xx_HAL_Driver/Src/stm32g0xx_hal_fdcan.c ****     }
 439              		.loc 1 384 7 is_stmt 1 view .LVU155
 384:Drivers/STM32G0xx_HAL_Driver/Src/stm32g0xx_hal_fdcan.c ****     }
 440              		.loc 1 384 14 is_stmt 0 view .LVU156
 441 0040 0120     		movs	r0, #1
 442              	.LVL27:
 443              	.L17:
 528:Drivers/STM32G0xx_HAL_Driver/Src/stm32g0xx_hal_fdcan.c **** 
 444              		.loc 1 528 1 view .LVU157
 445              		@ sp needed
 446              	.LVL28:
 528:Drivers/STM32G0xx_HAL_Driver/Src/stm32g0xx_hal_fdcan.c **** 
 447              		.loc 1 528 1 view .LVU158
 448 0042 70BD     		pop	{r4, r5, r6, pc}
ARM GAS  C:\Users\sante\AppData\Local\Temp\cc59nu4g.s 			page 72


 449              	.LVL29:
 450              	.L35:
 360:Drivers/STM32G0xx_HAL_Driver/Src/stm32g0xx_hal_fdcan.c **** 
 451              		.loc 1 360 5 is_stmt 1 view .LVU159
 360:Drivers/STM32G0xx_HAL_Driver/Src/stm32g0xx_hal_fdcan.c **** 
 452              		.loc 1 360 18 is_stmt 0 view .LVU160
 453 0044 5D33     		adds	r3, r3, #93
 454 0046 0022     		movs	r2, #0
 455 0048 C254     		strb	r2, [r0, r3]
 363:Drivers/STM32G0xx_HAL_Driver/Src/stm32g0xx_hal_fdcan.c ****   }
 456              		.loc 1 363 5 is_stmt 1 view .LVU161
 457 004a FFF7FEFF 		bl	HAL_FDCAN_MspInit
 458              	.LVL30:
 363:Drivers/STM32G0xx_HAL_Driver/Src/stm32g0xx_hal_fdcan.c ****   }
 459              		.loc 1 363 5 is_stmt 0 view .LVU162
 460 004e DFE7     		b	.L18
 461              	.LVL31:
 462              	.L36:
 389:Drivers/STM32G0xx_HAL_Driver/Src/stm32g0xx_hal_fdcan.c **** 
 463              		.loc 1 389 3 is_stmt 1 view .LVU163
 464 0050 9369     		ldr	r3, [r2, #24]
 465 0052 0121     		movs	r1, #1
 466 0054 0B43     		orrs	r3, r1
 467 0056 9361     		str	r3, [r2, #24]
 392:Drivers/STM32G0xx_HAL_Driver/Src/stm32g0xx_hal_fdcan.c **** 
 468              		.loc 1 392 3 view .LVU164
 392:Drivers/STM32G0xx_HAL_Driver/Src/stm32g0xx_hal_fdcan.c **** 
 469              		.loc 1 392 15 is_stmt 0 view .LVU165
 470 0058 FFF7FEFF 		bl	HAL_GetTick
 471              	.LVL32:
 472 005c 0500     		movs	r5, r0
 473              	.LVL33:
 395:Drivers/STM32G0xx_HAL_Driver/Src/stm32g0xx_hal_fdcan.c ****   {
 474              		.loc 1 395 3 is_stmt 1 view .LVU166
 475              	.L21:
 395:Drivers/STM32G0xx_HAL_Driver/Src/stm32g0xx_hal_fdcan.c ****   {
 476              		.loc 1 395 53 view .LVU167
 395:Drivers/STM32G0xx_HAL_Driver/Src/stm32g0xx_hal_fdcan.c ****   {
 477              		.loc 1 395 17 is_stmt 0 view .LVU168
 478 005e 2268     		ldr	r2, [r4]
 395:Drivers/STM32G0xx_HAL_Driver/Src/stm32g0xx_hal_fdcan.c ****   {
 479              		.loc 1 395 27 view .LVU169
 480 0060 9369     		ldr	r3, [r2, #24]
 395:Drivers/STM32G0xx_HAL_Driver/Src/stm32g0xx_hal_fdcan.c ****   {
 481              		.loc 1 395 53 view .LVU170
 482 0062 DB07     		lsls	r3, r3, #31
 483 0064 0DD4     		bmi	.L37
 398:Drivers/STM32G0xx_HAL_Driver/Src/stm32g0xx_hal_fdcan.c ****     {
 484              		.loc 1 398 5 is_stmt 1 view .LVU171
 398:Drivers/STM32G0xx_HAL_Driver/Src/stm32g0xx_hal_fdcan.c ****     {
 485              		.loc 1 398 10 is_stmt 0 view .LVU172
 486 0066 FFF7FEFF 		bl	HAL_GetTick
 487              	.LVL34:
 398:Drivers/STM32G0xx_HAL_Driver/Src/stm32g0xx_hal_fdcan.c ****     {
 488              		.loc 1 398 24 discriminator 1 view .LVU173
 489 006a 401B     		subs	r0, r0, r5
 398:Drivers/STM32G0xx_HAL_Driver/Src/stm32g0xx_hal_fdcan.c ****     {
ARM GAS  C:\Users\sante\AppData\Local\Temp\cc59nu4g.s 			page 73


 490              		.loc 1 398 8 discriminator 1 view .LVU174
 491 006c 0A28     		cmp	r0, #10
 492 006e F6D9     		bls	.L21
 401:Drivers/STM32G0xx_HAL_Driver/Src/stm32g0xx_hal_fdcan.c **** 
 493              		.loc 1 401 7 is_stmt 1 view .LVU175
 401:Drivers/STM32G0xx_HAL_Driver/Src/stm32g0xx_hal_fdcan.c **** 
 494              		.loc 1 401 13 is_stmt 0 view .LVU176
 495 0070 236E     		ldr	r3, [r4, #96]
 401:Drivers/STM32G0xx_HAL_Driver/Src/stm32g0xx_hal_fdcan.c **** 
 496              		.loc 1 401 25 view .LVU177
 497 0072 0122     		movs	r2, #1
 498 0074 1343     		orrs	r3, r2
 499 0076 2366     		str	r3, [r4, #96]
 404:Drivers/STM32G0xx_HAL_Driver/Src/stm32g0xx_hal_fdcan.c **** 
 500              		.loc 1 404 7 is_stmt 1 view .LVU178
 404:Drivers/STM32G0xx_HAL_Driver/Src/stm32g0xx_hal_fdcan.c **** 
 501              		.loc 1 404 21 is_stmt 0 view .LVU179
 502 0078 5C23     		movs	r3, #92
 503 007a 0232     		adds	r2, r2, #2
 504 007c E254     		strb	r2, [r4, r3]
 406:Drivers/STM32G0xx_HAL_Driver/Src/stm32g0xx_hal_fdcan.c ****     }
 505              		.loc 1 406 7 is_stmt 1 view .LVU180
 406:Drivers/STM32G0xx_HAL_Driver/Src/stm32g0xx_hal_fdcan.c ****     }
 506              		.loc 1 406 14 is_stmt 0 view .LVU181
 507 007e 0120     		movs	r0, #1
 508 0080 DFE7     		b	.L17
 509              	.L37:
 411:Drivers/STM32G0xx_HAL_Driver/Src/stm32g0xx_hal_fdcan.c **** 
 510              		.loc 1 411 3 is_stmt 1 view .LVU182
 511 0082 9369     		ldr	r3, [r2, #24]
 512 0084 0221     		movs	r1, #2
 513 0086 0B43     		orrs	r3, r1
 514 0088 9361     		str	r3, [r2, #24]
 414:Drivers/STM32G0xx_HAL_Driver/Src/stm32g0xx_hal_fdcan.c ****   {
 515              		.loc 1 414 3 view .LVU183
 414:Drivers/STM32G0xx_HAL_Driver/Src/stm32g0xx_hal_fdcan.c ****   {
 516              		.loc 1 414 13 is_stmt 0 view .LVU184
 517 008a 2268     		ldr	r2, [r4]
 414:Drivers/STM32G0xx_HAL_Driver/Src/stm32g0xx_hal_fdcan.c ****   {
 518              		.loc 1 414 6 view .LVU185
 519 008c 504B     		ldr	r3, .L44
 520 008e 9A42     		cmp	r2, r3
 521 0090 43D0     		beq	.L38
 522              	.L23:
 421:Drivers/STM32G0xx_HAL_Driver/Src/stm32g0xx_hal_fdcan.c ****   {
 523              		.loc 1 421 3 is_stmt 1 view .LVU186
 421:Drivers/STM32G0xx_HAL_Driver/Src/stm32g0xx_hal_fdcan.c ****   {
 524              		.loc 1 421 19 is_stmt 0 view .LVU187
 525 0092 237C     		ldrb	r3, [r4, #16]
 421:Drivers/STM32G0xx_HAL_Driver/Src/stm32g0xx_hal_fdcan.c ****   {
 526              		.loc 1 421 6 view .LVU188
 527 0094 012B     		cmp	r3, #1
 528 0096 44D0     		beq	.L39
 427:Drivers/STM32G0xx_HAL_Driver/Src/stm32g0xx_hal_fdcan.c ****   }
 529              		.loc 1 427 5 is_stmt 1 view .LVU189
 530 0098 2268     		ldr	r2, [r4]
 531 009a 9369     		ldr	r3, [r2, #24]
ARM GAS  C:\Users\sante\AppData\Local\Temp\cc59nu4g.s 			page 74


 532 009c 4021     		movs	r1, #64
 533 009e 0B43     		orrs	r3, r1
 534 00a0 9361     		str	r3, [r2, #24]
 535              	.L25:
 431:Drivers/STM32G0xx_HAL_Driver/Src/stm32g0xx_hal_fdcan.c ****   {
 536              		.loc 1 431 3 view .LVU190
 431:Drivers/STM32G0xx_HAL_Driver/Src/stm32g0xx_hal_fdcan.c ****   {
 537              		.loc 1 431 19 is_stmt 0 view .LVU191
 538 00a2 637C     		ldrb	r3, [r4, #17]
 431:Drivers/STM32G0xx_HAL_Driver/Src/stm32g0xx_hal_fdcan.c ****   {
 539              		.loc 1 431 6 view .LVU192
 540 00a4 012B     		cmp	r3, #1
 541 00a6 42D0     		beq	.L40
 437:Drivers/STM32G0xx_HAL_Driver/Src/stm32g0xx_hal_fdcan.c ****   }
 542              		.loc 1 437 5 is_stmt 1 view .LVU193
 543 00a8 2268     		ldr	r2, [r4]
 544 00aa 9369     		ldr	r3, [r2, #24]
 545 00ac 4949     		ldr	r1, .L44+4
 546 00ae 0B40     		ands	r3, r1
 547 00b0 9361     		str	r3, [r2, #24]
 548              	.L27:
 441:Drivers/STM32G0xx_HAL_Driver/Src/stm32g0xx_hal_fdcan.c ****   {
 549              		.loc 1 441 3 view .LVU194
 441:Drivers/STM32G0xx_HAL_Driver/Src/stm32g0xx_hal_fdcan.c ****   {
 550              		.loc 1 441 19 is_stmt 0 view .LVU195
 551 00b2 A37C     		ldrb	r3, [r4, #18]
 441:Drivers/STM32G0xx_HAL_Driver/Src/stm32g0xx_hal_fdcan.c ****   {
 552              		.loc 1 441 6 view .LVU196
 553 00b4 012B     		cmp	r3, #1
 554 00b6 41D0     		beq	.L41
 447:Drivers/STM32G0xx_HAL_Driver/Src/stm32g0xx_hal_fdcan.c ****   }
 555              		.loc 1 447 5 is_stmt 1 view .LVU197
 556 00b8 2268     		ldr	r2, [r4]
 557 00ba 9169     		ldr	r1, [r2, #24]
 558 00bc 8023     		movs	r3, #128
 559 00be 5B01     		lsls	r3, r3, #5
 560 00c0 0B43     		orrs	r3, r1
 561 00c2 9361     		str	r3, [r2, #24]
 562              	.L29:
 451:Drivers/STM32G0xx_HAL_Driver/Src/stm32g0xx_hal_fdcan.c **** 
 563              		.loc 1 451 3 view .LVU198
 564 00c4 2268     		ldr	r2, [r4]
 565 00c6 9369     		ldr	r3, [r2, #24]
 566 00c8 4349     		ldr	r1, .L44+8
 567 00ca 0B40     		ands	r3, r1
 568 00cc A168     		ldr	r1, [r4, #8]
 569 00ce 0B43     		orrs	r3, r1
 570 00d0 9361     		str	r3, [r2, #24]
 454:Drivers/STM32G0xx_HAL_Driver/Src/stm32g0xx_hal_fdcan.c ****   CLEAR_BIT(hfdcan->Instance->TEST, FDCAN_TEST_LBCK);
 571              		.loc 1 454 3 view .LVU199
 572 00d2 2268     		ldr	r2, [r4]
 573 00d4 9369     		ldr	r3, [r2, #24]
 574 00d6 A421     		movs	r1, #164
 575 00d8 8B43     		bics	r3, r1
 576 00da 9361     		str	r3, [r2, #24]
 455:Drivers/STM32G0xx_HAL_Driver/Src/stm32g0xx_hal_fdcan.c **** 
 577              		.loc 1 455 3 view .LVU200
ARM GAS  C:\Users\sante\AppData\Local\Temp\cc59nu4g.s 			page 75


 578 00dc 2268     		ldr	r2, [r4]
 579 00de 1369     		ldr	r3, [r2, #16]
 580 00e0 9439     		subs	r1, r1, #148
 581 00e2 8B43     		bics	r3, r1
 582 00e4 1361     		str	r3, [r2, #16]
 465:Drivers/STM32G0xx_HAL_Driver/Src/stm32g0xx_hal_fdcan.c ****   {
 583              		.loc 1 465 3 view .LVU201
 465:Drivers/STM32G0xx_HAL_Driver/Src/stm32g0xx_hal_fdcan.c ****   {
 584              		.loc 1 465 19 is_stmt 0 view .LVU202
 585 00e6 E368     		ldr	r3, [r4, #12]
 465:Drivers/STM32G0xx_HAL_Driver/Src/stm32g0xx_hal_fdcan.c ****   {
 586              		.loc 1 465 6 view .LVU203
 587 00e8 012B     		cmp	r3, #1
 588 00ea 2DD0     		beq	.L42
 470:Drivers/STM32G0xx_HAL_Driver/Src/stm32g0xx_hal_fdcan.c ****   {
 589              		.loc 1 470 8 is_stmt 1 view .LVU204
 470:Drivers/STM32G0xx_HAL_Driver/Src/stm32g0xx_hal_fdcan.c ****   {
 590              		.loc 1 470 11 is_stmt 0 view .LVU205
 591 00ec 002B     		cmp	r3, #0
 592 00ee 30D0     		beq	.L31
 472:Drivers/STM32G0xx_HAL_Driver/Src/stm32g0xx_hal_fdcan.c ****     {
 593              		.loc 1 472 5 is_stmt 1 view .LVU206
 472:Drivers/STM32G0xx_HAL_Driver/Src/stm32g0xx_hal_fdcan.c ****     {
 594              		.loc 1 472 8 is_stmt 0 view .LVU207
 595 00f0 022B     		cmp	r3, #2
 596 00f2 54D0     		beq	.L32
 475:Drivers/STM32G0xx_HAL_Driver/Src/stm32g0xx_hal_fdcan.c **** 
 597              		.loc 1 475 7 is_stmt 1 view .LVU208
 598 00f4 2268     		ldr	r2, [r4]
 599 00f6 9369     		ldr	r3, [r2, #24]
 600 00f8 8021     		movs	r1, #128
 601 00fa 0B43     		orrs	r3, r1
 602 00fc 9361     		str	r3, [r2, #24]
 478:Drivers/STM32G0xx_HAL_Driver/Src/stm32g0xx_hal_fdcan.c **** 
 603              		.loc 1 478 7 view .LVU209
 604 00fe 2268     		ldr	r2, [r4]
 605 0100 1369     		ldr	r3, [r2, #16]
 606 0102 7039     		subs	r1, r1, #112
 607 0104 0B43     		orrs	r3, r1
 608 0106 1361     		str	r3, [r2, #16]
 480:Drivers/STM32G0xx_HAL_Driver/Src/stm32g0xx_hal_fdcan.c ****       {
 609              		.loc 1 480 7 view .LVU210
 480:Drivers/STM32G0xx_HAL_Driver/Src/stm32g0xx_hal_fdcan.c ****       {
 610              		.loc 1 480 23 is_stmt 0 view .LVU211
 611 0108 E368     		ldr	r3, [r4, #12]
 480:Drivers/STM32G0xx_HAL_Driver/Src/stm32g0xx_hal_fdcan.c ****       {
 612              		.loc 1 480 10 view .LVU212
 613 010a 032B     		cmp	r3, #3
 614 010c 21D1     		bne	.L31
 482:Drivers/STM32G0xx_HAL_Driver/Src/stm32g0xx_hal_fdcan.c ****       }
 615              		.loc 1 482 9 is_stmt 1 view .LVU213
 616 010e 2268     		ldr	r2, [r4]
 617 0110 9369     		ldr	r3, [r2, #24]
 618 0112 1031     		adds	r1, r1, #16
 619 0114 0B43     		orrs	r3, r1
 620 0116 9361     		str	r3, [r2, #24]
 621 0118 1BE0     		b	.L31
ARM GAS  C:\Users\sante\AppData\Local\Temp\cc59nu4g.s 			page 76


 622              	.L38:
 417:Drivers/STM32G0xx_HAL_Driver/Src/stm32g0xx_hal_fdcan.c ****   }
 623              		.loc 1 417 5 view .LVU214
 417:Drivers/STM32G0xx_HAL_Driver/Src/stm32g0xx_hal_fdcan.c ****   }
 624              		.loc 1 417 39 is_stmt 0 view .LVU215
 625 011a 6268     		ldr	r2, [r4, #4]
 417:Drivers/STM32G0xx_HAL_Driver/Src/stm32g0xx_hal_fdcan.c ****   }
 626              		.loc 1 417 25 view .LVU216
 627 011c 2F4B     		ldr	r3, .L44+12
 628 011e 1A60     		str	r2, [r3]
 629 0120 B7E7     		b	.L23
 630              	.L39:
 423:Drivers/STM32G0xx_HAL_Driver/Src/stm32g0xx_hal_fdcan.c ****   }
 631              		.loc 1 423 5 is_stmt 1 view .LVU217
 632 0122 2268     		ldr	r2, [r4]
 633 0124 9369     		ldr	r3, [r2, #24]
 634 0126 4021     		movs	r1, #64
 635 0128 8B43     		bics	r3, r1
 636 012a 9361     		str	r3, [r2, #24]
 637 012c B9E7     		b	.L25
 638              	.L40:
 433:Drivers/STM32G0xx_HAL_Driver/Src/stm32g0xx_hal_fdcan.c ****   }
 639              		.loc 1 433 5 view .LVU218
 640 012e 2268     		ldr	r2, [r4]
 641 0130 9169     		ldr	r1, [r2, #24]
 642 0132 8023     		movs	r3, #128
 643 0134 DB01     		lsls	r3, r3, #7
 644 0136 0B43     		orrs	r3, r1
 645 0138 9361     		str	r3, [r2, #24]
 646 013a BAE7     		b	.L27
 647              	.L41:
 443:Drivers/STM32G0xx_HAL_Driver/Src/stm32g0xx_hal_fdcan.c ****   }
 648              		.loc 1 443 5 view .LVU219
 649 013c 2268     		ldr	r2, [r4]
 650 013e 9369     		ldr	r3, [r2, #24]
 651 0140 2749     		ldr	r1, .L44+16
 652 0142 0B40     		ands	r3, r1
 653 0144 9361     		str	r3, [r2, #24]
 654 0146 BDE7     		b	.L29
 655              	.L42:
 468:Drivers/STM32G0xx_HAL_Driver/Src/stm32g0xx_hal_fdcan.c ****   }
 656              		.loc 1 468 5 view .LVU220
 657 0148 2268     		ldr	r2, [r4]
 658 014a 9369     		ldr	r3, [r2, #24]
 659 014c 0C39     		subs	r1, r1, #12
 660 014e 0B43     		orrs	r3, r1
 661 0150 9361     		str	r3, [r2, #24]
 662              	.L31:
 494:Drivers/STM32G0xx_HAL_Driver/Src/stm32g0xx_hal_fdcan.c **** 
 663              		.loc 1 494 3 view .LVU221
 497:Drivers/STM32G0xx_HAL_Driver/Src/stm32g0xx_hal_fdcan.c ****                             (((uint32_t)hfdcan->Init.NominalTimeSeg1 - 1U) << FDCAN_NBTP_NTSEG1_Pos
 664              		.loc 1 497 3 view .LVU222
 497:Drivers/STM32G0xx_HAL_Driver/Src/stm32g0xx_hal_fdcan.c ****                             (((uint32_t)hfdcan->Init.NominalTimeSeg1 - 1U) << FDCAN_NBTP_NTSEG1_Pos
 665              		.loc 1 497 53 is_stmt 0 view .LVU223
 666 0152 A369     		ldr	r3, [r4, #24]
 497:Drivers/STM32G0xx_HAL_Driver/Src/stm32g0xx_hal_fdcan.c ****                             (((uint32_t)hfdcan->Init.NominalTimeSeg1 - 1U) << FDCAN_NBTP_NTSEG1_Pos
 667              		.loc 1 497 75 view .LVU224
ARM GAS  C:\Users\sante\AppData\Local\Temp\cc59nu4g.s 			page 77


 668 0154 013B     		subs	r3, r3, #1
 497:Drivers/STM32G0xx_HAL_Driver/Src/stm32g0xx_hal_fdcan.c ****                             (((uint32_t)hfdcan->Init.NominalTimeSeg1 - 1U) << FDCAN_NBTP_NTSEG1_Pos
 669              		.loc 1 497 81 view .LVU225
 670 0156 5B06     		lsls	r3, r3, #25
 498:Drivers/STM32G0xx_HAL_Driver/Src/stm32g0xx_hal_fdcan.c ****                             (((uint32_t)hfdcan->Init.NominalTimeSeg2 - 1U) << FDCAN_NBTP_NTSEG2_Pos
 671              		.loc 1 498 53 view .LVU226
 672 0158 E269     		ldr	r2, [r4, #28]
 498:Drivers/STM32G0xx_HAL_Driver/Src/stm32g0xx_hal_fdcan.c ****                             (((uint32_t)hfdcan->Init.NominalTimeSeg2 - 1U) << FDCAN_NBTP_NTSEG2_Pos
 673              		.loc 1 498 70 view .LVU227
 674 015a 013A     		subs	r2, r2, #1
 498:Drivers/STM32G0xx_HAL_Driver/Src/stm32g0xx_hal_fdcan.c ****                             (((uint32_t)hfdcan->Init.NominalTimeSeg2 - 1U) << FDCAN_NBTP_NTSEG2_Pos
 675              		.loc 1 498 76 view .LVU228
 676 015c 1202     		lsls	r2, r2, #8
 497:Drivers/STM32G0xx_HAL_Driver/Src/stm32g0xx_hal_fdcan.c ****                             (((uint32_t)hfdcan->Init.NominalTimeSeg1 - 1U) << FDCAN_NBTP_NTSEG1_Pos
 677              		.loc 1 497 105 view .LVU229
 678 015e 1343     		orrs	r3, r2
 499:Drivers/STM32G0xx_HAL_Driver/Src/stm32g0xx_hal_fdcan.c ****                             (((uint32_t)hfdcan->Init.NominalPrescaler - 1U) << FDCAN_NBTP_NBRP_Pos)
 679              		.loc 1 499 53 view .LVU230
 680 0160 226A     		ldr	r2, [r4, #32]
 499:Drivers/STM32G0xx_HAL_Driver/Src/stm32g0xx_hal_fdcan.c ****                             (((uint32_t)hfdcan->Init.NominalPrescaler - 1U) << FDCAN_NBTP_NBRP_Pos)
 681              		.loc 1 499 76 view .LVU231
 682 0162 013A     		subs	r2, r2, #1
 498:Drivers/STM32G0xx_HAL_Driver/Src/stm32g0xx_hal_fdcan.c ****                             (((uint32_t)hfdcan->Init.NominalTimeSeg2 - 1U) << FDCAN_NBTP_NTSEG2_Pos
 683              		.loc 1 498 105 view .LVU232
 684 0164 1343     		orrs	r3, r2
 500:Drivers/STM32G0xx_HAL_Driver/Src/stm32g0xx_hal_fdcan.c **** 
 685              		.loc 1 500 53 view .LVU233
 686 0166 6269     		ldr	r2, [r4, #20]
 500:Drivers/STM32G0xx_HAL_Driver/Src/stm32g0xx_hal_fdcan.c **** 
 687              		.loc 1 500 71 view .LVU234
 688 0168 013A     		subs	r2, r2, #1
 500:Drivers/STM32G0xx_HAL_Driver/Src/stm32g0xx_hal_fdcan.c **** 
 689              		.loc 1 500 77 view .LVU235
 690 016a 1204     		lsls	r2, r2, #16
 497:Drivers/STM32G0xx_HAL_Driver/Src/stm32g0xx_hal_fdcan.c ****                             (((uint32_t)hfdcan->Init.NominalTimeSeg1 - 1U) << FDCAN_NBTP_NTSEG1_Pos
 691              		.loc 1 497 9 view .LVU236
 692 016c 2168     		ldr	r1, [r4]
 499:Drivers/STM32G0xx_HAL_Driver/Src/stm32g0xx_hal_fdcan.c ****                             (((uint32_t)hfdcan->Init.NominalPrescaler - 1U) << FDCAN_NBTP_NBRP_Pos)
 693              		.loc 1 499 105 view .LVU237
 694 016e 1343     		orrs	r3, r2
 497:Drivers/STM32G0xx_HAL_Driver/Src/stm32g0xx_hal_fdcan.c ****                             (((uint32_t)hfdcan->Init.NominalTimeSeg1 - 1U) << FDCAN_NBTP_NTSEG1_Pos
 695              		.loc 1 497 26 view .LVU238
 696 0170 CB61     		str	r3, [r1, #28]
 503:Drivers/STM32G0xx_HAL_Driver/Src/stm32g0xx_hal_fdcan.c ****   {
 697              		.loc 1 503 3 is_stmt 1 view .LVU239
 503:Drivers/STM32G0xx_HAL_Driver/Src/stm32g0xx_hal_fdcan.c ****   {
 698              		.loc 1 503 19 is_stmt 0 view .LVU240
 699 0172 A268     		ldr	r2, [r4, #8]
 503:Drivers/STM32G0xx_HAL_Driver/Src/stm32g0xx_hal_fdcan.c ****   {
 700              		.loc 1 503 6 view .LVU241
 701 0174 C023     		movs	r3, #192
 702 0176 9B00     		lsls	r3, r3, #2
 703 0178 9A42     		cmp	r2, r3
 704 017a 16D0     		beq	.L43
 705              	.L33:
 512:Drivers/STM32G0xx_HAL_Driver/Src/stm32g0xx_hal_fdcan.c **** 
 706              		.loc 1 512 3 is_stmt 1 view .LVU242
ARM GAS  C:\Users\sante\AppData\Local\Temp\cc59nu4g.s 			page 78


 707 017c 2168     		ldr	r1, [r4]
 708 017e C022     		movs	r2, #192
 709 0180 8B58     		ldr	r3, [r1, r2]
 710 0182 E06B     		ldr	r0, [r4, #60]
 711 0184 0343     		orrs	r3, r0
 712 0186 8B50     		str	r3, [r1, r2]
 515:Drivers/STM32G0xx_HAL_Driver/Src/stm32g0xx_hal_fdcan.c **** 
 713              		.loc 1 515 3 view .LVU243
 714 0188 2000     		movs	r0, r4
 715 018a FFF7FEFF 		bl	FDCAN_CalcultateRamBlockAddresses
 716              	.LVL35:
 518:Drivers/STM32G0xx_HAL_Driver/Src/stm32g0xx_hal_fdcan.c **** 
 717              		.loc 1 518 3 view .LVU244
 518:Drivers/STM32G0xx_HAL_Driver/Src/stm32g0xx_hal_fdcan.c **** 
 718              		.loc 1 518 32 is_stmt 0 view .LVU245
 719 018e 0023     		movs	r3, #0
 720 0190 A365     		str	r3, [r4, #88]
 521:Drivers/STM32G0xx_HAL_Driver/Src/stm32g0xx_hal_fdcan.c **** 
 721              		.loc 1 521 3 is_stmt 1 view .LVU246
 521:Drivers/STM32G0xx_HAL_Driver/Src/stm32g0xx_hal_fdcan.c **** 
 722              		.loc 1 521 21 is_stmt 0 view .LVU247
 723 0192 2366     		str	r3, [r4, #96]
 524:Drivers/STM32G0xx_HAL_Driver/Src/stm32g0xx_hal_fdcan.c **** 
 724              		.loc 1 524 3 is_stmt 1 view .LVU248
 524:Drivers/STM32G0xx_HAL_Driver/Src/stm32g0xx_hal_fdcan.c **** 
 725              		.loc 1 524 17 is_stmt 0 view .LVU249
 726 0194 5C33     		adds	r3, r3, #92
 727 0196 0122     		movs	r2, #1
 728 0198 E254     		strb	r2, [r4, r3]
 527:Drivers/STM32G0xx_HAL_Driver/Src/stm32g0xx_hal_fdcan.c **** }
 729              		.loc 1 527 3 is_stmt 1 view .LVU250
 527:Drivers/STM32G0xx_HAL_Driver/Src/stm32g0xx_hal_fdcan.c **** }
 730              		.loc 1 527 10 is_stmt 0 view .LVU251
 731 019a 0020     		movs	r0, #0
 732 019c 51E7     		b	.L17
 733              	.L32:
 488:Drivers/STM32G0xx_HAL_Driver/Src/stm32g0xx_hal_fdcan.c ****     }
 734              		.loc 1 488 7 is_stmt 1 view .LVU252
 735 019e 2268     		ldr	r2, [r4]
 736 01a0 9369     		ldr	r3, [r2, #24]
 737 01a2 2021     		movs	r1, #32
 738 01a4 0B43     		orrs	r3, r1
 739 01a6 9361     		str	r3, [r2, #24]
 740 01a8 D3E7     		b	.L31
 741              	.L43:
 505:Drivers/STM32G0xx_HAL_Driver/Src/stm32g0xx_hal_fdcan.c ****                               (((uint32_t)hfdcan->Init.DataTimeSeg1 - 1U) << FDCAN_DBTP_DTSEG1_Pos)
 742              		.loc 1 505 5 view .LVU253
 505:Drivers/STM32G0xx_HAL_Driver/Src/stm32g0xx_hal_fdcan.c ****                               (((uint32_t)hfdcan->Init.DataTimeSeg1 - 1U) << FDCAN_DBTP_DTSEG1_Pos)
 743              		.loc 1 505 55 is_stmt 0 view .LVU254
 744 01aa A36A     		ldr	r3, [r4, #40]
 505:Drivers/STM32G0xx_HAL_Driver/Src/stm32g0xx_hal_fdcan.c ****                               (((uint32_t)hfdcan->Init.DataTimeSeg1 - 1U) << FDCAN_DBTP_DTSEG1_Pos)
 745              		.loc 1 505 80 view .LVU255
 746 01ac 013B     		subs	r3, r3, #1
 506:Drivers/STM32G0xx_HAL_Driver/Src/stm32g0xx_hal_fdcan.c ****                               (((uint32_t)hfdcan->Init.DataTimeSeg2 - 1U) << FDCAN_DBTP_DTSEG2_Pos)
 747              		.loc 1 506 55 view .LVU256
 748 01ae E26A     		ldr	r2, [r4, #44]
 506:Drivers/STM32G0xx_HAL_Driver/Src/stm32g0xx_hal_fdcan.c ****                               (((uint32_t)hfdcan->Init.DataTimeSeg2 - 1U) << FDCAN_DBTP_DTSEG2_Pos)
ARM GAS  C:\Users\sante\AppData\Local\Temp\cc59nu4g.s 			page 79


 749              		.loc 1 506 69 view .LVU257
 750 01b0 013A     		subs	r2, r2, #1
 506:Drivers/STM32G0xx_HAL_Driver/Src/stm32g0xx_hal_fdcan.c ****                               (((uint32_t)hfdcan->Init.DataTimeSeg2 - 1U) << FDCAN_DBTP_DTSEG2_Pos)
 751              		.loc 1 506 75 view .LVU258
 752 01b2 1202     		lsls	r2, r2, #8
 505:Drivers/STM32G0xx_HAL_Driver/Src/stm32g0xx_hal_fdcan.c ****                               (((uint32_t)hfdcan->Init.DataTimeSeg1 - 1U) << FDCAN_DBTP_DTSEG1_Pos)
 753              		.loc 1 505 105 view .LVU259
 754 01b4 1343     		orrs	r3, r2
 507:Drivers/STM32G0xx_HAL_Driver/Src/stm32g0xx_hal_fdcan.c ****                               (((uint32_t)hfdcan->Init.DataPrescaler - 1U) << FDCAN_DBTP_DBRP_Pos))
 755              		.loc 1 507 55 view .LVU260
 756 01b6 226B     		ldr	r2, [r4, #48]
 507:Drivers/STM32G0xx_HAL_Driver/Src/stm32g0xx_hal_fdcan.c ****                               (((uint32_t)hfdcan->Init.DataPrescaler - 1U) << FDCAN_DBTP_DBRP_Pos))
 757              		.loc 1 507 69 view .LVU261
 758 01b8 013A     		subs	r2, r2, #1
 507:Drivers/STM32G0xx_HAL_Driver/Src/stm32g0xx_hal_fdcan.c ****                               (((uint32_t)hfdcan->Init.DataPrescaler - 1U) << FDCAN_DBTP_DBRP_Pos))
 759              		.loc 1 507 75 view .LVU262
 760 01ba 1201     		lsls	r2, r2, #4
 506:Drivers/STM32G0xx_HAL_Driver/Src/stm32g0xx_hal_fdcan.c ****                               (((uint32_t)hfdcan->Init.DataTimeSeg2 - 1U) << FDCAN_DBTP_DTSEG2_Pos)
 761              		.loc 1 506 105 view .LVU263
 762 01bc 1343     		orrs	r3, r2
 508:Drivers/STM32G0xx_HAL_Driver/Src/stm32g0xx_hal_fdcan.c ****   }
 763              		.loc 1 508 55 view .LVU264
 764 01be 626A     		ldr	r2, [r4, #36]
 508:Drivers/STM32G0xx_HAL_Driver/Src/stm32g0xx_hal_fdcan.c ****   }
 765              		.loc 1 508 70 view .LVU265
 766 01c0 013A     		subs	r2, r2, #1
 508:Drivers/STM32G0xx_HAL_Driver/Src/stm32g0xx_hal_fdcan.c ****   }
 767              		.loc 1 508 76 view .LVU266
 768 01c2 1204     		lsls	r2, r2, #16
 505:Drivers/STM32G0xx_HAL_Driver/Src/stm32g0xx_hal_fdcan.c ****                               (((uint32_t)hfdcan->Init.DataTimeSeg1 - 1U) << FDCAN_DBTP_DTSEG1_Pos)
 769              		.loc 1 505 11 view .LVU267
 770 01c4 2168     		ldr	r1, [r4]
 507:Drivers/STM32G0xx_HAL_Driver/Src/stm32g0xx_hal_fdcan.c ****                               (((uint32_t)hfdcan->Init.DataPrescaler - 1U) << FDCAN_DBTP_DBRP_Pos))
 771              		.loc 1 507 105 view .LVU268
 772 01c6 1343     		orrs	r3, r2
 505:Drivers/STM32G0xx_HAL_Driver/Src/stm32g0xx_hal_fdcan.c ****                               (((uint32_t)hfdcan->Init.DataTimeSeg1 - 1U) << FDCAN_DBTP_DTSEG1_Pos)
 773              		.loc 1 505 28 view .LVU269
 774 01c8 CB60     		str	r3, [r1, #12]
 775 01ca D7E7     		b	.L33
 776              	.LVL36:
 777              	.L34:
 300:Drivers/STM32G0xx_HAL_Driver/Src/stm32g0xx_hal_fdcan.c ****   }
 778              		.loc 1 300 12 view .LVU270
 779 01cc 0120     		movs	r0, #1
 780              	.LVL37:
 300:Drivers/STM32G0xx_HAL_Driver/Src/stm32g0xx_hal_fdcan.c ****   }
 781              		.loc 1 300 12 view .LVU271
 782 01ce 38E7     		b	.L17
 783              	.L45:
 784              		.align	2
 785              	.L44:
 786 01d0 00640040 		.word	1073767424
 787 01d4 FFBFFFFF 		.word	-16385
 788 01d8 FFFCFFFF 		.word	-769
 789 01dc 00650040 		.word	1073767680
 790 01e0 FFEFFFFF 		.word	-4097
 791              		.cfi_endproc
ARM GAS  C:\Users\sante\AppData\Local\Temp\cc59nu4g.s 			page 80


 792              	.LFE493:
 794              		.section	.text.HAL_FDCAN_MspDeInit,"ax",%progbits
 795              		.align	1
 796              		.weak	HAL_FDCAN_MspDeInit
 797              		.syntax unified
 798              		.code	16
 799              		.thumb_func
 801              	HAL_FDCAN_MspDeInit:
 802              	.LVL38:
 803              	.LFB496:
 598:Drivers/STM32G0xx_HAL_Driver/Src/stm32g0xx_hal_fdcan.c ****   /* Prevent unused argument(s) compilation warning */
 804              		.loc 1 598 1 is_stmt 1 view -0
 805              		.cfi_startproc
 806              		@ args = 0, pretend = 0, frame = 0
 807              		@ frame_needed = 0, uses_anonymous_args = 0
 808              		@ link register save eliminated.
 600:Drivers/STM32G0xx_HAL_Driver/Src/stm32g0xx_hal_fdcan.c ****   /* NOTE: This function Should not be modified, when the callback is needed,
 809              		.loc 1 600 3 view .LVU273
 604:Drivers/STM32G0xx_HAL_Driver/Src/stm32g0xx_hal_fdcan.c **** 
 810              		.loc 1 604 1 is_stmt 0 view .LVU274
 811              		@ sp needed
 812 0000 7047     		bx	lr
 813              		.cfi_endproc
 814              	.LFE496:
 816              		.section	.text.HAL_FDCAN_EnterPowerDownMode,"ax",%progbits
 817              		.align	1
 818              		.global	HAL_FDCAN_EnterPowerDownMode
 819              		.syntax unified
 820              		.code	16
 821              		.thumb_func
 823              	HAL_FDCAN_EnterPowerDownMode:
 824              	.LVL39:
 825              	.LFB497:
 613:Drivers/STM32G0xx_HAL_Driver/Src/stm32g0xx_hal_fdcan.c ****   uint32_t tickstart;
 826              		.loc 1 613 1 is_stmt 1 view -0
 827              		.cfi_startproc
 828              		@ args = 0, pretend = 0, frame = 0
 829              		@ frame_needed = 0, uses_anonymous_args = 0
 613:Drivers/STM32G0xx_HAL_Driver/Src/stm32g0xx_hal_fdcan.c ****   uint32_t tickstart;
 830              		.loc 1 613 1 is_stmt 0 view .LVU276
 831 0000 70B5     		push	{r4, r5, r6, lr}
 832              		.cfi_def_cfa_offset 16
 833              		.cfi_offset 4, -16
 834              		.cfi_offset 5, -12
 835              		.cfi_offset 6, -8
 836              		.cfi_offset 14, -4
 837 0002 0400     		movs	r4, r0
 614:Drivers/STM32G0xx_HAL_Driver/Src/stm32g0xx_hal_fdcan.c **** 
 838              		.loc 1 614 3 is_stmt 1 view .LVU277
 617:Drivers/STM32G0xx_HAL_Driver/Src/stm32g0xx_hal_fdcan.c **** 
 839              		.loc 1 617 3 view .LVU278
 840 0004 0268     		ldr	r2, [r0]
 841 0006 9369     		ldr	r3, [r2, #24]
 842 0008 1021     		movs	r1, #16
 843 000a 0B43     		orrs	r3, r1
 844 000c 9361     		str	r3, [r2, #24]
 620:Drivers/STM32G0xx_HAL_Driver/Src/stm32g0xx_hal_fdcan.c **** 
ARM GAS  C:\Users\sante\AppData\Local\Temp\cc59nu4g.s 			page 81


 845              		.loc 1 620 3 view .LVU279
 620:Drivers/STM32G0xx_HAL_Driver/Src/stm32g0xx_hal_fdcan.c **** 
 846              		.loc 1 620 15 is_stmt 0 view .LVU280
 847 000e FFF7FEFF 		bl	HAL_GetTick
 848              	.LVL40:
 620:Drivers/STM32G0xx_HAL_Driver/Src/stm32g0xx_hal_fdcan.c **** 
 849              		.loc 1 620 15 view .LVU281
 850 0012 0500     		movs	r5, r0
 851              	.LVL41:
 623:Drivers/STM32G0xx_HAL_Driver/Src/stm32g0xx_hal_fdcan.c ****   {
 852              		.loc 1 623 3 is_stmt 1 view .LVU282
 853              	.L48:
 623:Drivers/STM32G0xx_HAL_Driver/Src/stm32g0xx_hal_fdcan.c ****   {
 854              		.loc 1 623 52 view .LVU283
 623:Drivers/STM32G0xx_HAL_Driver/Src/stm32g0xx_hal_fdcan.c ****   {
 855              		.loc 1 623 17 is_stmt 0 view .LVU284
 856 0014 2368     		ldr	r3, [r4]
 623:Drivers/STM32G0xx_HAL_Driver/Src/stm32g0xx_hal_fdcan.c ****   {
 857              		.loc 1 623 27 view .LVU285
 858 0016 9B69     		ldr	r3, [r3, #24]
 623:Drivers/STM32G0xx_HAL_Driver/Src/stm32g0xx_hal_fdcan.c ****   {
 859              		.loc 1 623 52 view .LVU286
 860 0018 1B07     		lsls	r3, r3, #28
 861 001a 0DD4     		bmi	.L51
 625:Drivers/STM32G0xx_HAL_Driver/Src/stm32g0xx_hal_fdcan.c ****     {
 862              		.loc 1 625 5 is_stmt 1 view .LVU287
 625:Drivers/STM32G0xx_HAL_Driver/Src/stm32g0xx_hal_fdcan.c ****     {
 863              		.loc 1 625 10 is_stmt 0 view .LVU288
 864 001c FFF7FEFF 		bl	HAL_GetTick
 865              	.LVL42:
 625:Drivers/STM32G0xx_HAL_Driver/Src/stm32g0xx_hal_fdcan.c ****     {
 866              		.loc 1 625 24 discriminator 1 view .LVU289
 867 0020 401B     		subs	r0, r0, r5
 625:Drivers/STM32G0xx_HAL_Driver/Src/stm32g0xx_hal_fdcan.c ****     {
 868              		.loc 1 625 8 discriminator 1 view .LVU290
 869 0022 0A28     		cmp	r0, #10
 870 0024 F6D9     		bls	.L48
 628:Drivers/STM32G0xx_HAL_Driver/Src/stm32g0xx_hal_fdcan.c **** 
 871              		.loc 1 628 7 is_stmt 1 view .LVU291
 628:Drivers/STM32G0xx_HAL_Driver/Src/stm32g0xx_hal_fdcan.c **** 
 872              		.loc 1 628 13 is_stmt 0 view .LVU292
 873 0026 236E     		ldr	r3, [r4, #96]
 628:Drivers/STM32G0xx_HAL_Driver/Src/stm32g0xx_hal_fdcan.c **** 
 874              		.loc 1 628 25 view .LVU293
 875 0028 0122     		movs	r2, #1
 876 002a 1343     		orrs	r3, r2
 877 002c 2366     		str	r3, [r4, #96]
 631:Drivers/STM32G0xx_HAL_Driver/Src/stm32g0xx_hal_fdcan.c **** 
 878              		.loc 1 631 7 is_stmt 1 view .LVU294
 631:Drivers/STM32G0xx_HAL_Driver/Src/stm32g0xx_hal_fdcan.c **** 
 879              		.loc 1 631 21 is_stmt 0 view .LVU295
 880 002e 5C23     		movs	r3, #92
 881 0030 0232     		adds	r2, r2, #2
 882 0032 E254     		strb	r2, [r4, r3]
 633:Drivers/STM32G0xx_HAL_Driver/Src/stm32g0xx_hal_fdcan.c ****     }
 883              		.loc 1 633 7 is_stmt 1 view .LVU296
 633:Drivers/STM32G0xx_HAL_Driver/Src/stm32g0xx_hal_fdcan.c ****     }
ARM GAS  C:\Users\sante\AppData\Local\Temp\cc59nu4g.s 			page 82


 884              		.loc 1 633 14 is_stmt 0 view .LVU297
 885 0034 0120     		movs	r0, #1
 886 0036 00E0     		b	.L49
 887              	.L51:
 638:Drivers/STM32G0xx_HAL_Driver/Src/stm32g0xx_hal_fdcan.c **** }
 888              		.loc 1 638 10 view .LVU298
 889 0038 0020     		movs	r0, #0
 890              	.L49:
 639:Drivers/STM32G0xx_HAL_Driver/Src/stm32g0xx_hal_fdcan.c **** 
 891              		.loc 1 639 1 view .LVU299
 892              		@ sp needed
 893              	.LVL43:
 894              	.LVL44:
 639:Drivers/STM32G0xx_HAL_Driver/Src/stm32g0xx_hal_fdcan.c **** 
 895              		.loc 1 639 1 view .LVU300
 896 003a 70BD     		pop	{r4, r5, r6, pc}
 897              		.cfi_endproc
 898              	.LFE497:
 900              		.section	.text.HAL_FDCAN_ExitPowerDownMode,"ax",%progbits
 901              		.align	1
 902              		.global	HAL_FDCAN_ExitPowerDownMode
 903              		.syntax unified
 904              		.code	16
 905              		.thumb_func
 907              	HAL_FDCAN_ExitPowerDownMode:
 908              	.LVL45:
 909              	.LFB498:
 648:Drivers/STM32G0xx_HAL_Driver/Src/stm32g0xx_hal_fdcan.c ****   uint32_t tickstart;
 910              		.loc 1 648 1 is_stmt 1 view -0
 911              		.cfi_startproc
 912              		@ args = 0, pretend = 0, frame = 0
 913              		@ frame_needed = 0, uses_anonymous_args = 0
 648:Drivers/STM32G0xx_HAL_Driver/Src/stm32g0xx_hal_fdcan.c ****   uint32_t tickstart;
 914              		.loc 1 648 1 is_stmt 0 view .LVU302
 915 0000 70B5     		push	{r4, r5, r6, lr}
 916              		.cfi_def_cfa_offset 16
 917              		.cfi_offset 4, -16
 918              		.cfi_offset 5, -12
 919              		.cfi_offset 6, -8
 920              		.cfi_offset 14, -4
 921 0002 0400     		movs	r4, r0
 649:Drivers/STM32G0xx_HAL_Driver/Src/stm32g0xx_hal_fdcan.c **** 
 922              		.loc 1 649 3 is_stmt 1 view .LVU303
 652:Drivers/STM32G0xx_HAL_Driver/Src/stm32g0xx_hal_fdcan.c **** 
 923              		.loc 1 652 3 view .LVU304
 924 0004 0268     		ldr	r2, [r0]
 925 0006 9369     		ldr	r3, [r2, #24]
 926 0008 1021     		movs	r1, #16
 927 000a 8B43     		bics	r3, r1
 928 000c 9361     		str	r3, [r2, #24]
 655:Drivers/STM32G0xx_HAL_Driver/Src/stm32g0xx_hal_fdcan.c **** 
 929              		.loc 1 655 3 view .LVU305
 655:Drivers/STM32G0xx_HAL_Driver/Src/stm32g0xx_hal_fdcan.c **** 
 930              		.loc 1 655 15 is_stmt 0 view .LVU306
 931 000e FFF7FEFF 		bl	HAL_GetTick
 932              	.LVL46:
 655:Drivers/STM32G0xx_HAL_Driver/Src/stm32g0xx_hal_fdcan.c **** 
ARM GAS  C:\Users\sante\AppData\Local\Temp\cc59nu4g.s 			page 83


 933              		.loc 1 655 15 view .LVU307
 934 0012 0500     		movs	r5, r0
 935              	.LVL47:
 658:Drivers/STM32G0xx_HAL_Driver/Src/stm32g0xx_hal_fdcan.c ****   {
 936              		.loc 1 658 3 is_stmt 1 view .LVU308
 937              	.L53:
 658:Drivers/STM32G0xx_HAL_Driver/Src/stm32g0xx_hal_fdcan.c ****   {
 938              		.loc 1 658 52 view .LVU309
 658:Drivers/STM32G0xx_HAL_Driver/Src/stm32g0xx_hal_fdcan.c ****   {
 939              		.loc 1 658 17 is_stmt 0 view .LVU310
 940 0014 2268     		ldr	r2, [r4]
 658:Drivers/STM32G0xx_HAL_Driver/Src/stm32g0xx_hal_fdcan.c ****   {
 941              		.loc 1 658 27 view .LVU311
 942 0016 9369     		ldr	r3, [r2, #24]
 658:Drivers/STM32G0xx_HAL_Driver/Src/stm32g0xx_hal_fdcan.c ****   {
 943              		.loc 1 658 52 view .LVU312
 944 0018 1B07     		lsls	r3, r3, #28
 945 001a 0DD5     		bpl	.L56
 660:Drivers/STM32G0xx_HAL_Driver/Src/stm32g0xx_hal_fdcan.c ****     {
 946              		.loc 1 660 5 is_stmt 1 view .LVU313
 660:Drivers/STM32G0xx_HAL_Driver/Src/stm32g0xx_hal_fdcan.c ****     {
 947              		.loc 1 660 10 is_stmt 0 view .LVU314
 948 001c FFF7FEFF 		bl	HAL_GetTick
 949              	.LVL48:
 660:Drivers/STM32G0xx_HAL_Driver/Src/stm32g0xx_hal_fdcan.c ****     {
 950              		.loc 1 660 24 discriminator 1 view .LVU315
 951 0020 401B     		subs	r0, r0, r5
 660:Drivers/STM32G0xx_HAL_Driver/Src/stm32g0xx_hal_fdcan.c ****     {
 952              		.loc 1 660 8 discriminator 1 view .LVU316
 953 0022 0A28     		cmp	r0, #10
 954 0024 F6D9     		bls	.L53
 663:Drivers/STM32G0xx_HAL_Driver/Src/stm32g0xx_hal_fdcan.c **** 
 955              		.loc 1 663 7 is_stmt 1 view .LVU317
 663:Drivers/STM32G0xx_HAL_Driver/Src/stm32g0xx_hal_fdcan.c **** 
 956              		.loc 1 663 13 is_stmt 0 view .LVU318
 957 0026 236E     		ldr	r3, [r4, #96]
 663:Drivers/STM32G0xx_HAL_Driver/Src/stm32g0xx_hal_fdcan.c **** 
 958              		.loc 1 663 25 view .LVU319
 959 0028 0122     		movs	r2, #1
 960 002a 1343     		orrs	r3, r2
 961 002c 2366     		str	r3, [r4, #96]
 666:Drivers/STM32G0xx_HAL_Driver/Src/stm32g0xx_hal_fdcan.c **** 
 962              		.loc 1 666 7 is_stmt 1 view .LVU320
 666:Drivers/STM32G0xx_HAL_Driver/Src/stm32g0xx_hal_fdcan.c **** 
 963              		.loc 1 666 21 is_stmt 0 view .LVU321
 964 002e 5C23     		movs	r3, #92
 965 0030 0232     		adds	r2, r2, #2
 966 0032 E254     		strb	r2, [r4, r3]
 668:Drivers/STM32G0xx_HAL_Driver/Src/stm32g0xx_hal_fdcan.c ****     }
 967              		.loc 1 668 7 is_stmt 1 view .LVU322
 668:Drivers/STM32G0xx_HAL_Driver/Src/stm32g0xx_hal_fdcan.c ****     }
 968              		.loc 1 668 14 is_stmt 0 view .LVU323
 969 0034 0120     		movs	r0, #1
 970 0036 04E0     		b	.L54
 971              	.L56:
 673:Drivers/STM32G0xx_HAL_Driver/Src/stm32g0xx_hal_fdcan.c **** 
 972              		.loc 1 673 3 is_stmt 1 view .LVU324
ARM GAS  C:\Users\sante\AppData\Local\Temp\cc59nu4g.s 			page 84


 973 0038 9369     		ldr	r3, [r2, #24]
 974 003a 0121     		movs	r1, #1
 975 003c 8B43     		bics	r3, r1
 976 003e 9361     		str	r3, [r2, #24]
 676:Drivers/STM32G0xx_HAL_Driver/Src/stm32g0xx_hal_fdcan.c **** }
 977              		.loc 1 676 3 view .LVU325
 676:Drivers/STM32G0xx_HAL_Driver/Src/stm32g0xx_hal_fdcan.c **** }
 978              		.loc 1 676 10 is_stmt 0 view .LVU326
 979 0040 0020     		movs	r0, #0
 980              	.L54:
 677:Drivers/STM32G0xx_HAL_Driver/Src/stm32g0xx_hal_fdcan.c **** 
 981              		.loc 1 677 1 view .LVU327
 982              		@ sp needed
 983              	.LVL49:
 984              	.LVL50:
 677:Drivers/STM32G0xx_HAL_Driver/Src/stm32g0xx_hal_fdcan.c **** 
 985              		.loc 1 677 1 view .LVU328
 986 0042 70BD     		pop	{r4, r5, r6, pc}
 987              		.cfi_endproc
 988              	.LFE498:
 990              		.section	.text.HAL_FDCAN_ConfigFilter,"ax",%progbits
 991              		.align	1
 992              		.global	HAL_FDCAN_ConfigFilter
 993              		.syntax unified
 994              		.code	16
 995              		.thumb_func
 997              	HAL_FDCAN_ConfigFilter:
 998              	.LVL51:
 999              	.LFB499:
1297:Drivers/STM32G0xx_HAL_Driver/Src/stm32g0xx_hal_fdcan.c ****   uint32_t FilterElementW1;
 1000              		.loc 1 1297 1 is_stmt 1 view -0
 1001              		.cfi_startproc
 1002              		@ args = 0, pretend = 0, frame = 0
 1003              		@ frame_needed = 0, uses_anonymous_args = 0
1297:Drivers/STM32G0xx_HAL_Driver/Src/stm32g0xx_hal_fdcan.c ****   uint32_t FilterElementW1;
 1004              		.loc 1 1297 1 is_stmt 0 view .LVU330
 1005 0000 10B5     		push	{r4, lr}
 1006              		.cfi_def_cfa_offset 8
 1007              		.cfi_offset 4, -8
 1008              		.cfi_offset 14, -4
1298:Drivers/STM32G0xx_HAL_Driver/Src/stm32g0xx_hal_fdcan.c ****   uint32_t FilterElementW2;
 1009              		.loc 1 1298 3 is_stmt 1 view .LVU331
1299:Drivers/STM32G0xx_HAL_Driver/Src/stm32g0xx_hal_fdcan.c ****   uint32_t *FilterAddress;
 1010              		.loc 1 1299 3 view .LVU332
1300:Drivers/STM32G0xx_HAL_Driver/Src/stm32g0xx_hal_fdcan.c ****   HAL_FDCAN_StateTypeDef state = hfdcan->State;
 1011              		.loc 1 1300 3 view .LVU333
1301:Drivers/STM32G0xx_HAL_Driver/Src/stm32g0xx_hal_fdcan.c **** 
 1012              		.loc 1 1301 3 view .LVU334
1301:Drivers/STM32G0xx_HAL_Driver/Src/stm32g0xx_hal_fdcan.c **** 
 1013              		.loc 1 1301 26 is_stmt 0 view .LVU335
 1014 0002 5C23     		movs	r3, #92
 1015 0004 C35C     		ldrb	r3, [r0, r3]
 1016              	.LVL52:
1303:Drivers/STM32G0xx_HAL_Driver/Src/stm32g0xx_hal_fdcan.c ****   {
 1017              		.loc 1 1303 3 is_stmt 1 view .LVU336
1303:Drivers/STM32G0xx_HAL_Driver/Src/stm32g0xx_hal_fdcan.c ****   {
 1018              		.loc 1 1303 40 is_stmt 0 view .LVU337
ARM GAS  C:\Users\sante\AppData\Local\Temp\cc59nu4g.s 			page 85


 1019 0006 013B     		subs	r3, r3, #1
 1020              	.LVL53:
1303:Drivers/STM32G0xx_HAL_Driver/Src/stm32g0xx_hal_fdcan.c ****   {
 1021              		.loc 1 1303 40 view .LVU338
 1022 0008 DBB2     		uxtb	r3, r3
 1023              	.LVL54:
1303:Drivers/STM32G0xx_HAL_Driver/Src/stm32g0xx_hal_fdcan.c ****   {
 1024              		.loc 1 1303 6 view .LVU339
 1025 000a 012B     		cmp	r3, #1
 1026 000c 05D9     		bls	.L62
1358:Drivers/STM32G0xx_HAL_Driver/Src/stm32g0xx_hal_fdcan.c **** 
 1027              		.loc 1 1358 5 is_stmt 1 view .LVU340
1358:Drivers/STM32G0xx_HAL_Driver/Src/stm32g0xx_hal_fdcan.c **** 
 1028              		.loc 1 1358 11 is_stmt 0 view .LVU341
 1029 000e 036E     		ldr	r3, [r0, #96]
1358:Drivers/STM32G0xx_HAL_Driver/Src/stm32g0xx_hal_fdcan.c **** 
 1030              		.loc 1 1358 23 view .LVU342
 1031 0010 0222     		movs	r2, #2
 1032 0012 1343     		orrs	r3, r2
 1033 0014 0366     		str	r3, [r0, #96]
1360:Drivers/STM32G0xx_HAL_Driver/Src/stm32g0xx_hal_fdcan.c ****   }
 1034              		.loc 1 1360 5 is_stmt 1 view .LVU343
1360:Drivers/STM32G0xx_HAL_Driver/Src/stm32g0xx_hal_fdcan.c ****   }
 1035              		.loc 1 1360 12 is_stmt 0 view .LVU344
 1036 0016 0120     		movs	r0, #1
 1037              	.LVL55:
 1038              	.L61:
1362:Drivers/STM32G0xx_HAL_Driver/Src/stm32g0xx_hal_fdcan.c **** 
 1039              		.loc 1 1362 1 view .LVU345
 1040              		@ sp needed
 1041 0018 10BD     		pop	{r4, pc}
 1042              	.LVL56:
 1043              	.L62:
1306:Drivers/STM32G0xx_HAL_Driver/Src/stm32g0xx_hal_fdcan.c ****     assert_param(IS_FDCAN_FILTER_CFG(sFilterConfig->FilterConfig));
 1044              		.loc 1 1306 5 is_stmt 1 view .LVU346
1307:Drivers/STM32G0xx_HAL_Driver/Src/stm32g0xx_hal_fdcan.c **** 
 1045              		.loc 1 1307 5 view .LVU347
1309:Drivers/STM32G0xx_HAL_Driver/Src/stm32g0xx_hal_fdcan.c ****     {
 1046              		.loc 1 1309 5 view .LVU348
1309:Drivers/STM32G0xx_HAL_Driver/Src/stm32g0xx_hal_fdcan.c ****     {
 1047              		.loc 1 1309 22 is_stmt 0 view .LVU349
 1048 001a 0B68     		ldr	r3, [r1]
1309:Drivers/STM32G0xx_HAL_Driver/Src/stm32g0xx_hal_fdcan.c ****     {
 1049              		.loc 1 1309 8 view .LVU350
 1050 001c 002B     		cmp	r3, #0
 1051 001e 0FD1     		bne	.L59
1312:Drivers/STM32G0xx_HAL_Driver/Src/stm32g0xx_hal_fdcan.c ****       assert_param(IS_FDCAN_MAX_VALUE(sFilterConfig->FilterID1, 0x7FFU));
 1052              		.loc 1 1312 7 is_stmt 1 view .LVU351
1313:Drivers/STM32G0xx_HAL_Driver/Src/stm32g0xx_hal_fdcan.c ****       assert_param(IS_FDCAN_MAX_VALUE(sFilterConfig->FilterID2, 0x7FFU));
 1053              		.loc 1 1313 7 view .LVU352
1314:Drivers/STM32G0xx_HAL_Driver/Src/stm32g0xx_hal_fdcan.c ****       assert_param(IS_FDCAN_STD_FILTER_TYPE(sFilterConfig->FilterType));
 1054              		.loc 1 1314 7 view .LVU353
1315:Drivers/STM32G0xx_HAL_Driver/Src/stm32g0xx_hal_fdcan.c **** 
 1055              		.loc 1 1315 7 view .LVU354
1318:Drivers/STM32G0xx_HAL_Driver/Src/stm32g0xx_hal_fdcan.c ****                          (sFilterConfig->FilterConfig << 27U) |
 1056              		.loc 1 1318 7 view .LVU355
1318:Drivers/STM32G0xx_HAL_Driver/Src/stm32g0xx_hal_fdcan.c ****                          (sFilterConfig->FilterConfig << 27U) |
ARM GAS  C:\Users\sante\AppData\Local\Temp\cc59nu4g.s 			page 86


 1057              		.loc 1 1318 40 is_stmt 0 view .LVU356
 1058 0020 8B68     		ldr	r3, [r1, #8]
1318:Drivers/STM32G0xx_HAL_Driver/Src/stm32g0xx_hal_fdcan.c ****                          (sFilterConfig->FilterConfig << 27U) |
 1059              		.loc 1 1318 53 view .LVU357
 1060 0022 9B07     		lsls	r3, r3, #30
1319:Drivers/STM32G0xx_HAL_Driver/Src/stm32g0xx_hal_fdcan.c ****                          (sFilterConfig->FilterID1 << 16U)    |
 1061              		.loc 1 1319 40 view .LVU358
 1062 0024 CA68     		ldr	r2, [r1, #12]
1319:Drivers/STM32G0xx_HAL_Driver/Src/stm32g0xx_hal_fdcan.c ****                          (sFilterConfig->FilterID1 << 16U)    |
 1063              		.loc 1 1319 55 view .LVU359
 1064 0026 D206     		lsls	r2, r2, #27
1318:Drivers/STM32G0xx_HAL_Driver/Src/stm32g0xx_hal_fdcan.c ****                          (sFilterConfig->FilterConfig << 27U) |
 1065              		.loc 1 1318 63 view .LVU360
 1066 0028 1343     		orrs	r3, r2
1320:Drivers/STM32G0xx_HAL_Driver/Src/stm32g0xx_hal_fdcan.c ****                          sFilterConfig->FilterID2);
 1067              		.loc 1 1320 40 view .LVU361
 1068 002a 0A69     		ldr	r2, [r1, #16]
1320:Drivers/STM32G0xx_HAL_Driver/Src/stm32g0xx_hal_fdcan.c ****                          sFilterConfig->FilterID2);
 1069              		.loc 1 1320 52 view .LVU362
 1070 002c 1204     		lsls	r2, r2, #16
1319:Drivers/STM32G0xx_HAL_Driver/Src/stm32g0xx_hal_fdcan.c ****                          (sFilterConfig->FilterID1 << 16U)    |
 1071              		.loc 1 1319 63 view .LVU363
 1072 002e 1343     		orrs	r3, r2
1321:Drivers/STM32G0xx_HAL_Driver/Src/stm32g0xx_hal_fdcan.c **** 
 1073              		.loc 1 1321 39 view .LVU364
 1074 0030 4A69     		ldr	r2, [r1, #20]
1318:Drivers/STM32G0xx_HAL_Driver/Src/stm32g0xx_hal_fdcan.c ****                          (sFilterConfig->FilterConfig << 27U) |
 1075              		.loc 1 1318 23 view .LVU365
 1076 0032 1343     		orrs	r3, r2
 1077              	.LVL57:
1324:Drivers/STM32G0xx_HAL_Driver/Src/stm32g0xx_hal_fdcan.c **** 
 1078              		.loc 1 1324 7 is_stmt 1 view .LVU366
1324:Drivers/STM32G0xx_HAL_Driver/Src/stm32g0xx_hal_fdcan.c **** 
 1079              		.loc 1 1324 50 is_stmt 0 view .LVU367
 1080 0034 006C     		ldr	r0, [r0, #64]
 1081              	.LVL58:
1324:Drivers/STM32G0xx_HAL_Driver/Src/stm32g0xx_hal_fdcan.c **** 
 1082              		.loc 1 1324 84 view .LVU368
 1083 0036 4A68     		ldr	r2, [r1, #4]
1324:Drivers/STM32G0xx_HAL_Driver/Src/stm32g0xx_hal_fdcan.c **** 
 1084              		.loc 1 1324 98 view .LVU369
 1085 0038 9200     		lsls	r2, r2, #2
 1086              	.LVL59:
1327:Drivers/STM32G0xx_HAL_Driver/Src/stm32g0xx_hal_fdcan.c ****     }
 1087              		.loc 1 1327 7 is_stmt 1 view .LVU370
1327:Drivers/STM32G0xx_HAL_Driver/Src/stm32g0xx_hal_fdcan.c ****     }
 1088              		.loc 1 1327 22 is_stmt 0 view .LVU371
 1089 003a 8350     		str	r3, [r0, r2]
 1090              	.LVL60:
 1091              	.L60:
1353:Drivers/STM32G0xx_HAL_Driver/Src/stm32g0xx_hal_fdcan.c ****   }
 1092              		.loc 1 1353 5 is_stmt 1 view .LVU372
1353:Drivers/STM32G0xx_HAL_Driver/Src/stm32g0xx_hal_fdcan.c ****   }
 1093              		.loc 1 1353 12 is_stmt 0 view .LVU373
 1094 003c 0020     		movs	r0, #0
 1095 003e EBE7     		b	.L61
 1096              	.LVL61:
ARM GAS  C:\Users\sante\AppData\Local\Temp\cc59nu4g.s 			page 87


 1097              	.L59:
1332:Drivers/STM32G0xx_HAL_Driver/Src/stm32g0xx_hal_fdcan.c ****       assert_param(IS_FDCAN_MAX_VALUE(sFilterConfig->FilterID1, 0x1FFFFFFFU));
 1098              		.loc 1 1332 7 is_stmt 1 view .LVU374
1333:Drivers/STM32G0xx_HAL_Driver/Src/stm32g0xx_hal_fdcan.c ****       assert_param(IS_FDCAN_MAX_VALUE(sFilterConfig->FilterID2, 0x1FFFFFFFU));
 1099              		.loc 1 1333 7 view .LVU375
1334:Drivers/STM32G0xx_HAL_Driver/Src/stm32g0xx_hal_fdcan.c ****       assert_param(IS_FDCAN_EXT_FILTER_TYPE(sFilterConfig->FilterType));
 1100              		.loc 1 1334 7 view .LVU376
1335:Drivers/STM32G0xx_HAL_Driver/Src/stm32g0xx_hal_fdcan.c **** 
 1101              		.loc 1 1335 7 view .LVU377
1338:Drivers/STM32G0xx_HAL_Driver/Src/stm32g0xx_hal_fdcan.c **** 
 1102              		.loc 1 1338 7 view .LVU378
1338:Drivers/STM32G0xx_HAL_Driver/Src/stm32g0xx_hal_fdcan.c **** 
 1103              		.loc 1 1338 40 is_stmt 0 view .LVU379
 1104 0040 CA68     		ldr	r2, [r1, #12]
1338:Drivers/STM32G0xx_HAL_Driver/Src/stm32g0xx_hal_fdcan.c **** 
 1105              		.loc 1 1338 55 view .LVU380
 1106 0042 5207     		lsls	r2, r2, #29
1338:Drivers/STM32G0xx_HAL_Driver/Src/stm32g0xx_hal_fdcan.c **** 
 1107              		.loc 1 1338 78 view .LVU381
 1108 0044 0B69     		ldr	r3, [r1, #16]
1338:Drivers/STM32G0xx_HAL_Driver/Src/stm32g0xx_hal_fdcan.c **** 
 1109              		.loc 1 1338 23 view .LVU382
 1110 0046 1A43     		orrs	r2, r3
 1111              	.LVL62:
1341:Drivers/STM32G0xx_HAL_Driver/Src/stm32g0xx_hal_fdcan.c **** 
 1112              		.loc 1 1341 7 is_stmt 1 view .LVU383
1341:Drivers/STM32G0xx_HAL_Driver/Src/stm32g0xx_hal_fdcan.c **** 
 1113              		.loc 1 1341 40 is_stmt 0 view .LVU384
 1114 0048 8B68     		ldr	r3, [r1, #8]
1341:Drivers/STM32G0xx_HAL_Driver/Src/stm32g0xx_hal_fdcan.c **** 
 1115              		.loc 1 1341 53 view .LVU385
 1116 004a 9B07     		lsls	r3, r3, #30
1341:Drivers/STM32G0xx_HAL_Driver/Src/stm32g0xx_hal_fdcan.c **** 
 1117              		.loc 1 1341 76 view .LVU386
 1118 004c 4C69     		ldr	r4, [r1, #20]
1341:Drivers/STM32G0xx_HAL_Driver/Src/stm32g0xx_hal_fdcan.c **** 
 1119              		.loc 1 1341 23 view .LVU387
 1120 004e 2343     		orrs	r3, r4
 1121              	.LVL63:
1344:Drivers/STM32G0xx_HAL_Driver/Src/stm32g0xx_hal_fdcan.c **** 
 1122              		.loc 1 1344 7 is_stmt 1 view .LVU388
1344:Drivers/STM32G0xx_HAL_Driver/Src/stm32g0xx_hal_fdcan.c **** 
 1123              		.loc 1 1344 50 is_stmt 0 view .LVU389
 1124 0050 406C     		ldr	r0, [r0, #68]
 1125              	.LVL64:
1344:Drivers/STM32G0xx_HAL_Driver/Src/stm32g0xx_hal_fdcan.c **** 
 1126              		.loc 1 1344 84 view .LVU390
 1127 0052 4968     		ldr	r1, [r1, #4]
 1128              	.LVL65:
1344:Drivers/STM32G0xx_HAL_Driver/Src/stm32g0xx_hal_fdcan.c **** 
 1129              		.loc 1 1344 98 view .LVU391
 1130 0054 C900     		lsls	r1, r1, #3
1344:Drivers/STM32G0xx_HAL_Driver/Src/stm32g0xx_hal_fdcan.c **** 
 1131              		.loc 1 1344 68 view .LVU392
 1132 0056 4118     		adds	r1, r0, r1
 1133              	.LVL66:
1347:Drivers/STM32G0xx_HAL_Driver/Src/stm32g0xx_hal_fdcan.c ****       FilterAddress++;
ARM GAS  C:\Users\sante\AppData\Local\Temp\cc59nu4g.s 			page 88


 1134              		.loc 1 1347 7 is_stmt 1 view .LVU393
1347:Drivers/STM32G0xx_HAL_Driver/Src/stm32g0xx_hal_fdcan.c ****       FilterAddress++;
 1135              		.loc 1 1347 22 is_stmt 0 view .LVU394
 1136 0058 0A60     		str	r2, [r1]
1348:Drivers/STM32G0xx_HAL_Driver/Src/stm32g0xx_hal_fdcan.c ****       *FilterAddress = FilterElementW2;
 1137              		.loc 1 1348 7 is_stmt 1 view .LVU395
 1138              	.LVL67:
1349:Drivers/STM32G0xx_HAL_Driver/Src/stm32g0xx_hal_fdcan.c ****     }
 1139              		.loc 1 1349 7 view .LVU396
1349:Drivers/STM32G0xx_HAL_Driver/Src/stm32g0xx_hal_fdcan.c ****     }
 1140              		.loc 1 1349 22 is_stmt 0 view .LVU397
 1141 005a 4B60     		str	r3, [r1, #4]
 1142 005c EEE7     		b	.L60
 1143              		.cfi_endproc
 1144              	.LFE499:
 1146              		.section	.text.HAL_FDCAN_ConfigGlobalFilter,"ax",%progbits
 1147              		.align	1
 1148              		.global	HAL_FDCAN_ConfigGlobalFilter
 1149              		.syntax unified
 1150              		.code	16
 1151              		.thumb_func
 1153              	HAL_FDCAN_ConfigGlobalFilter:
 1154              	.LVL68:
 1155              	.LFB500:
1385:Drivers/STM32G0xx_HAL_Driver/Src/stm32g0xx_hal_fdcan.c ****   /* Check function parameters */
 1156              		.loc 1 1385 1 is_stmt 1 view -0
 1157              		.cfi_startproc
 1158              		@ args = 4, pretend = 0, frame = 0
 1159              		@ frame_needed = 0, uses_anonymous_args = 0
1385:Drivers/STM32G0xx_HAL_Driver/Src/stm32g0xx_hal_fdcan.c ****   /* Check function parameters */
 1160              		.loc 1 1385 1 is_stmt 0 view .LVU399
 1161 0000 70B5     		push	{r4, r5, r6, lr}
 1162              		.cfi_def_cfa_offset 16
 1163              		.cfi_offset 4, -16
 1164              		.cfi_offset 5, -12
 1165              		.cfi_offset 6, -8
 1166              		.cfi_offset 14, -4
1387:Drivers/STM32G0xx_HAL_Driver/Src/stm32g0xx_hal_fdcan.c ****   assert_param(IS_FDCAN_NON_MATCHING(NonMatchingExt));
 1167              		.loc 1 1387 3 is_stmt 1 view .LVU400
1388:Drivers/STM32G0xx_HAL_Driver/Src/stm32g0xx_hal_fdcan.c ****   assert_param(IS_FDCAN_REJECT_REMOTE(RejectRemoteStd));
 1168              		.loc 1 1388 3 view .LVU401
1389:Drivers/STM32G0xx_HAL_Driver/Src/stm32g0xx_hal_fdcan.c ****   assert_param(IS_FDCAN_REJECT_REMOTE(RejectRemoteExt));
 1169              		.loc 1 1389 3 view .LVU402
1390:Drivers/STM32G0xx_HAL_Driver/Src/stm32g0xx_hal_fdcan.c **** 
 1170              		.loc 1 1390 3 view .LVU403
1392:Drivers/STM32G0xx_HAL_Driver/Src/stm32g0xx_hal_fdcan.c ****   {
 1171              		.loc 1 1392 3 view .LVU404
1392:Drivers/STM32G0xx_HAL_Driver/Src/stm32g0xx_hal_fdcan.c ****   {
 1172              		.loc 1 1392 13 is_stmt 0 view .LVU405
 1173 0002 5C24     		movs	r4, #92
 1174 0004 045D     		ldrb	r4, [r0, r4]
1392:Drivers/STM32G0xx_HAL_Driver/Src/stm32g0xx_hal_fdcan.c ****   {
 1175              		.loc 1 1392 6 view .LVU406
 1176 0006 012C     		cmp	r4, #1
 1177 0008 05D0     		beq	.L66
1410:Drivers/STM32G0xx_HAL_Driver/Src/stm32g0xx_hal_fdcan.c **** 
 1178              		.loc 1 1410 5 is_stmt 1 view .LVU407
ARM GAS  C:\Users\sante\AppData\Local\Temp\cc59nu4g.s 			page 89


1410:Drivers/STM32G0xx_HAL_Driver/Src/stm32g0xx_hal_fdcan.c **** 
 1179              		.loc 1 1410 11 is_stmt 0 view .LVU408
 1180 000a 036E     		ldr	r3, [r0, #96]
 1181              	.LVL69:
1410:Drivers/STM32G0xx_HAL_Driver/Src/stm32g0xx_hal_fdcan.c **** 
 1182              		.loc 1 1410 23 view .LVU409
 1183 000c 0422     		movs	r2, #4
 1184              	.LVL70:
1410:Drivers/STM32G0xx_HAL_Driver/Src/stm32g0xx_hal_fdcan.c **** 
 1185              		.loc 1 1410 23 view .LVU410
 1186 000e 1343     		orrs	r3, r2
 1187 0010 0366     		str	r3, [r0, #96]
1412:Drivers/STM32G0xx_HAL_Driver/Src/stm32g0xx_hal_fdcan.c ****   }
 1188              		.loc 1 1412 5 is_stmt 1 view .LVU411
1412:Drivers/STM32G0xx_HAL_Driver/Src/stm32g0xx_hal_fdcan.c ****   }
 1189              		.loc 1 1412 12 is_stmt 0 view .LVU412
 1190 0012 0120     		movs	r0, #1
 1191              	.LVL71:
 1192              	.L65:
1414:Drivers/STM32G0xx_HAL_Driver/Src/stm32g0xx_hal_fdcan.c **** 
 1193              		.loc 1 1414 1 view .LVU413
 1194              		@ sp needed
 1195 0014 70BD     		pop	{r4, r5, r6, pc}
 1196              	.LVL72:
 1197              	.L66:
1395:Drivers/STM32G0xx_HAL_Driver/Src/stm32g0xx_hal_fdcan.c ****                                          FDCAN_RXGFC_ANFE |
 1198              		.loc 1 1395 5 is_stmt 1 view .LVU414
 1199 0016 0568     		ldr	r5, [r0]
 1200 0018 7F34     		adds	r4, r4, #127
 1201 001a 2859     		ldr	r0, [r5, r4]
 1202              	.LVL73:
1395:Drivers/STM32G0xx_HAL_Driver/Src/stm32g0xx_hal_fdcan.c ****                                          FDCAN_RXGFC_ANFE |
 1203              		.loc 1 1395 5 is_stmt 0 view .LVU415
 1204 001c 3F26     		movs	r6, #63
 1205 001e B043     		bics	r0, r6
 1206 0020 0901     		lsls	r1, r1, #4
 1207              	.LVL74:
1395:Drivers/STM32G0xx_HAL_Driver/Src/stm32g0xx_hal_fdcan.c ****                                          FDCAN_RXGFC_ANFE |
 1208              		.loc 1 1395 5 view .LVU416
 1209 0022 9200     		lsls	r2, r2, #2
 1210              	.LVL75:
1395:Drivers/STM32G0xx_HAL_Driver/Src/stm32g0xx_hal_fdcan.c ****                                          FDCAN_RXGFC_ANFE |
 1211              		.loc 1 1395 5 view .LVU417
 1212 0024 1143     		orrs	r1, r2
 1213 0026 5B00     		lsls	r3, r3, #1
 1214              	.LVL76:
1395:Drivers/STM32G0xx_HAL_Driver/Src/stm32g0xx_hal_fdcan.c ****                                          FDCAN_RXGFC_ANFE |
 1215              		.loc 1 1395 5 view .LVU418
 1216 0028 1943     		orrs	r1, r3
 1217 002a 049B     		ldr	r3, [sp, #16]
 1218 002c 1943     		orrs	r1, r3
 1219 002e 0143     		orrs	r1, r0
 1220 0030 2951     		str	r1, [r5, r4]
1405:Drivers/STM32G0xx_HAL_Driver/Src/stm32g0xx_hal_fdcan.c ****   }
 1221              		.loc 1 1405 5 is_stmt 1 view .LVU419
1405:Drivers/STM32G0xx_HAL_Driver/Src/stm32g0xx_hal_fdcan.c ****   }
 1222              		.loc 1 1405 12 is_stmt 0 view .LVU420
ARM GAS  C:\Users\sante\AppData\Local\Temp\cc59nu4g.s 			page 90


 1223 0032 0020     		movs	r0, #0
 1224 0034 EEE7     		b	.L65
 1225              		.cfi_endproc
 1226              	.LFE500:
 1228              		.section	.text.HAL_FDCAN_ConfigExtendedIdMask,"ax",%progbits
 1229              		.align	1
 1230              		.global	HAL_FDCAN_ConfigExtendedIdMask
 1231              		.syntax unified
 1232              		.code	16
 1233              		.thumb_func
 1235              	HAL_FDCAN_ConfigExtendedIdMask:
 1236              	.LVL77:
 1237              	.LFB501:
1425:Drivers/STM32G0xx_HAL_Driver/Src/stm32g0xx_hal_fdcan.c ****   /* Check function parameters */
 1238              		.loc 1 1425 1 is_stmt 1 view -0
 1239              		.cfi_startproc
 1240              		@ args = 0, pretend = 0, frame = 0
 1241              		@ frame_needed = 0, uses_anonymous_args = 0
 1242              		@ link register save eliminated.
1427:Drivers/STM32G0xx_HAL_Driver/Src/stm32g0xx_hal_fdcan.c **** 
 1243              		.loc 1 1427 3 view .LVU422
1429:Drivers/STM32G0xx_HAL_Driver/Src/stm32g0xx_hal_fdcan.c ****   {
 1244              		.loc 1 1429 3 view .LVU423
1429:Drivers/STM32G0xx_HAL_Driver/Src/stm32g0xx_hal_fdcan.c ****   {
 1245              		.loc 1 1429 13 is_stmt 0 view .LVU424
 1246 0000 5C23     		movs	r3, #92
 1247 0002 C35C     		ldrb	r3, [r0, r3]
1429:Drivers/STM32G0xx_HAL_Driver/Src/stm32g0xx_hal_fdcan.c ****   {
 1248              		.loc 1 1429 6 view .LVU425
 1249 0004 012B     		cmp	r3, #1
 1250 0006 05D0     		beq	.L70
1440:Drivers/STM32G0xx_HAL_Driver/Src/stm32g0xx_hal_fdcan.c **** 
 1251              		.loc 1 1440 5 is_stmt 1 view .LVU426
1440:Drivers/STM32G0xx_HAL_Driver/Src/stm32g0xx_hal_fdcan.c **** 
 1252              		.loc 1 1440 11 is_stmt 0 view .LVU427
 1253 0008 036E     		ldr	r3, [r0, #96]
1440:Drivers/STM32G0xx_HAL_Driver/Src/stm32g0xx_hal_fdcan.c **** 
 1254              		.loc 1 1440 23 view .LVU428
 1255 000a 0422     		movs	r2, #4
 1256 000c 1343     		orrs	r3, r2
 1257 000e 0366     		str	r3, [r0, #96]
1442:Drivers/STM32G0xx_HAL_Driver/Src/stm32g0xx_hal_fdcan.c ****   }
 1258              		.loc 1 1442 5 is_stmt 1 view .LVU429
1442:Drivers/STM32G0xx_HAL_Driver/Src/stm32g0xx_hal_fdcan.c ****   }
 1259              		.loc 1 1442 12 is_stmt 0 view .LVU430
 1260 0010 0120     		movs	r0, #1
 1261              	.LVL78:
 1262              	.L69:
1444:Drivers/STM32G0xx_HAL_Driver/Src/stm32g0xx_hal_fdcan.c **** 
 1263              		.loc 1 1444 1 view .LVU431
 1264              		@ sp needed
 1265 0012 7047     		bx	lr
 1266              	.LVL79:
 1267              	.L70:
1432:Drivers/STM32G0xx_HAL_Driver/Src/stm32g0xx_hal_fdcan.c **** 
 1268              		.loc 1 1432 5 is_stmt 1 view .LVU432
1432:Drivers/STM32G0xx_HAL_Driver/Src/stm32g0xx_hal_fdcan.c **** 
ARM GAS  C:\Users\sante\AppData\Local\Temp\cc59nu4g.s 			page 91


 1269              		.loc 1 1432 11 is_stmt 0 view .LVU433
 1270 0014 0268     		ldr	r2, [r0]
1432:Drivers/STM32G0xx_HAL_Driver/Src/stm32g0xx_hal_fdcan.c **** 
 1271              		.loc 1 1432 29 view .LVU434
 1272 0016 8333     		adds	r3, r3, #131
 1273 0018 D150     		str	r1, [r2, r3]
1435:Drivers/STM32G0xx_HAL_Driver/Src/stm32g0xx_hal_fdcan.c ****   }
 1274              		.loc 1 1435 5 is_stmt 1 view .LVU435
1435:Drivers/STM32G0xx_HAL_Driver/Src/stm32g0xx_hal_fdcan.c ****   }
 1275              		.loc 1 1435 12 is_stmt 0 view .LVU436
 1276 001a 0020     		movs	r0, #0
 1277              	.LVL80:
1435:Drivers/STM32G0xx_HAL_Driver/Src/stm32g0xx_hal_fdcan.c ****   }
 1278              		.loc 1 1435 12 view .LVU437
 1279 001c F9E7     		b	.L69
 1280              		.cfi_endproc
 1281              	.LFE501:
 1283              		.section	.text.HAL_FDCAN_ConfigRxFifoOverwrite,"ax",%progbits
 1284              		.align	1
 1285              		.global	HAL_FDCAN_ConfigRxFifoOverwrite
 1286              		.syntax unified
 1287              		.code	16
 1288              		.thumb_func
 1290              	HAL_FDCAN_ConfigRxFifoOverwrite:
 1291              	.LVL81:
 1292              	.LFB502:
1459:Drivers/STM32G0xx_HAL_Driver/Src/stm32g0xx_hal_fdcan.c ****   /* Check function parameters */
 1293              		.loc 1 1459 1 is_stmt 1 view -0
 1294              		.cfi_startproc
 1295              		@ args = 0, pretend = 0, frame = 0
 1296              		@ frame_needed = 0, uses_anonymous_args = 0
1459:Drivers/STM32G0xx_HAL_Driver/Src/stm32g0xx_hal_fdcan.c ****   /* Check function parameters */
 1297              		.loc 1 1459 1 is_stmt 0 view .LVU439
 1298 0000 10B5     		push	{r4, lr}
 1299              		.cfi_def_cfa_offset 8
 1300              		.cfi_offset 4, -8
 1301              		.cfi_offset 14, -4
1461:Drivers/STM32G0xx_HAL_Driver/Src/stm32g0xx_hal_fdcan.c ****   assert_param(IS_FDCAN_RX_FIFO_MODE(OperationMode));
 1302              		.loc 1 1461 3 is_stmt 1 view .LVU440
1462:Drivers/STM32G0xx_HAL_Driver/Src/stm32g0xx_hal_fdcan.c **** 
 1303              		.loc 1 1462 3 view .LVU441
1464:Drivers/STM32G0xx_HAL_Driver/Src/stm32g0xx_hal_fdcan.c ****   {
 1304              		.loc 1 1464 3 view .LVU442
1464:Drivers/STM32G0xx_HAL_Driver/Src/stm32g0xx_hal_fdcan.c ****   {
 1305              		.loc 1 1464 13 is_stmt 0 view .LVU443
 1306 0002 5C23     		movs	r3, #92
 1307 0004 C35C     		ldrb	r3, [r0, r3]
1464:Drivers/STM32G0xx_HAL_Driver/Src/stm32g0xx_hal_fdcan.c ****   {
 1308              		.loc 1 1464 6 view .LVU444
 1309 0006 012B     		cmp	r3, #1
 1310 0008 05D0     		beq	.L76
1483:Drivers/STM32G0xx_HAL_Driver/Src/stm32g0xx_hal_fdcan.c **** 
 1311              		.loc 1 1483 5 is_stmt 1 view .LVU445
1483:Drivers/STM32G0xx_HAL_Driver/Src/stm32g0xx_hal_fdcan.c **** 
 1312              		.loc 1 1483 11 is_stmt 0 view .LVU446
 1313 000a 036E     		ldr	r3, [r0, #96]
1483:Drivers/STM32G0xx_HAL_Driver/Src/stm32g0xx_hal_fdcan.c **** 
ARM GAS  C:\Users\sante\AppData\Local\Temp\cc59nu4g.s 			page 92


 1314              		.loc 1 1483 23 view .LVU447
 1315 000c 0422     		movs	r2, #4
 1316              	.LVL82:
1483:Drivers/STM32G0xx_HAL_Driver/Src/stm32g0xx_hal_fdcan.c **** 
 1317              		.loc 1 1483 23 view .LVU448
 1318 000e 1343     		orrs	r3, r2
 1319 0010 0366     		str	r3, [r0, #96]
1485:Drivers/STM32G0xx_HAL_Driver/Src/stm32g0xx_hal_fdcan.c ****   }
 1320              		.loc 1 1485 5 is_stmt 1 view .LVU449
1485:Drivers/STM32G0xx_HAL_Driver/Src/stm32g0xx_hal_fdcan.c ****   }
 1321              		.loc 1 1485 12 is_stmt 0 view .LVU450
 1322 0012 0120     		movs	r0, #1
 1323              	.LVL83:
 1324              	.L75:
1487:Drivers/STM32G0xx_HAL_Driver/Src/stm32g0xx_hal_fdcan.c **** 
 1325              		.loc 1 1487 1 view .LVU451
 1326              		@ sp needed
 1327 0014 10BD     		pop	{r4, pc}
 1328              	.LVL84:
 1329              	.L76:
1466:Drivers/STM32G0xx_HAL_Driver/Src/stm32g0xx_hal_fdcan.c ****     {
 1330              		.loc 1 1466 5 is_stmt 1 view .LVU452
1466:Drivers/STM32G0xx_HAL_Driver/Src/stm32g0xx_hal_fdcan.c ****     {
 1331              		.loc 1 1466 8 is_stmt 0 view .LVU453
 1332 0016 4029     		cmp	r1, #64
 1333 0018 09D0     		beq	.L77
1474:Drivers/STM32G0xx_HAL_Driver/Src/stm32g0xx_hal_fdcan.c ****     }
 1334              		.loc 1 1474 7 is_stmt 1 view .LVU454
 1335 001a 0068     		ldr	r0, [r0]
 1336              	.LVL85:
1474:Drivers/STM32G0xx_HAL_Driver/Src/stm32g0xx_hal_fdcan.c ****     }
 1337              		.loc 1 1474 7 is_stmt 0 view .LVU455
 1338 001c 8021     		movs	r1, #128
 1339              	.LVL86:
1474:Drivers/STM32G0xx_HAL_Driver/Src/stm32g0xx_hal_fdcan.c ****     }
 1340              		.loc 1 1474 7 view .LVU456
 1341 001e 4358     		ldr	r3, [r0, r1]
 1342 0020 074C     		ldr	r4, .L78
 1343 0022 2340     		ands	r3, r4
 1344 0024 1202     		lsls	r2, r2, #8
 1345              	.LVL87:
1474:Drivers/STM32G0xx_HAL_Driver/Src/stm32g0xx_hal_fdcan.c ****     }
 1346              		.loc 1 1474 7 view .LVU457
 1347 0026 1343     		orrs	r3, r2
 1348 0028 4350     		str	r3, [r0, r1]
 1349              	.L74:
1478:Drivers/STM32G0xx_HAL_Driver/Src/stm32g0xx_hal_fdcan.c ****   }
 1350              		.loc 1 1478 5 is_stmt 1 view .LVU458
1478:Drivers/STM32G0xx_HAL_Driver/Src/stm32g0xx_hal_fdcan.c ****   }
 1351              		.loc 1 1478 12 is_stmt 0 view .LVU459
 1352 002a 0020     		movs	r0, #0
 1353 002c F2E7     		b	.L75
 1354              	.LVL88:
 1355              	.L77:
1469:Drivers/STM32G0xx_HAL_Driver/Src/stm32g0xx_hal_fdcan.c ****     }
 1356              		.loc 1 1469 7 is_stmt 1 view .LVU460
 1357 002e 0068     		ldr	r0, [r0]
ARM GAS  C:\Users\sante\AppData\Local\Temp\cc59nu4g.s 			page 93


 1358              	.LVL89:
1469:Drivers/STM32G0xx_HAL_Driver/Src/stm32g0xx_hal_fdcan.c ****     }
 1359              		.loc 1 1469 7 is_stmt 0 view .LVU461
 1360 0030 4031     		adds	r1, r1, #64
 1361              	.LVL90:
1469:Drivers/STM32G0xx_HAL_Driver/Src/stm32g0xx_hal_fdcan.c ****     }
 1362              		.loc 1 1469 7 view .LVU462
 1363 0032 4358     		ldr	r3, [r0, r1]
 1364 0034 034C     		ldr	r4, .L78+4
 1365 0036 2340     		ands	r3, r4
 1366 0038 5202     		lsls	r2, r2, #9
 1367              	.LVL91:
1469:Drivers/STM32G0xx_HAL_Driver/Src/stm32g0xx_hal_fdcan.c ****     }
 1368              		.loc 1 1469 7 view .LVU463
 1369 003a 1A43     		orrs	r2, r3
 1370 003c 4250     		str	r2, [r0, r1]
 1371 003e F4E7     		b	.L74
 1372              	.L79:
 1373              		.align	2
 1374              	.L78:
 1375 0040 FFFEFFFF 		.word	-257
 1376 0044 FFFDFFFF 		.word	-513
 1377              		.cfi_endproc
 1378              	.LFE502:
 1380              		.section	.text.HAL_FDCAN_ConfigRamWatchdog,"ax",%progbits
 1381              		.align	1
 1382              		.global	HAL_FDCAN_ConfigRamWatchdog
 1383              		.syntax unified
 1384              		.code	16
 1385              		.thumb_func
 1387              	HAL_FDCAN_ConfigRamWatchdog:
 1388              	.LVL92:
 1389              	.LFB503:
1499:Drivers/STM32G0xx_HAL_Driver/Src/stm32g0xx_hal_fdcan.c ****   /* Check function parameters */
 1390              		.loc 1 1499 1 is_stmt 1 view -0
 1391              		.cfi_startproc
 1392              		@ args = 0, pretend = 0, frame = 0
 1393              		@ frame_needed = 0, uses_anonymous_args = 0
 1394              		@ link register save eliminated.
1501:Drivers/STM32G0xx_HAL_Driver/Src/stm32g0xx_hal_fdcan.c **** 
 1395              		.loc 1 1501 3 view .LVU465
1503:Drivers/STM32G0xx_HAL_Driver/Src/stm32g0xx_hal_fdcan.c ****   {
 1396              		.loc 1 1503 3 view .LVU466
1503:Drivers/STM32G0xx_HAL_Driver/Src/stm32g0xx_hal_fdcan.c ****   {
 1397              		.loc 1 1503 13 is_stmt 0 view .LVU467
 1398 0000 5C23     		movs	r3, #92
 1399 0002 C35C     		ldrb	r3, [r0, r3]
1503:Drivers/STM32G0xx_HAL_Driver/Src/stm32g0xx_hal_fdcan.c ****   {
 1400              		.loc 1 1503 6 view .LVU468
 1401 0004 012B     		cmp	r3, #1
 1402 0006 05D0     		beq	.L83
1514:Drivers/STM32G0xx_HAL_Driver/Src/stm32g0xx_hal_fdcan.c **** 
 1403              		.loc 1 1514 5 is_stmt 1 view .LVU469
1514:Drivers/STM32G0xx_HAL_Driver/Src/stm32g0xx_hal_fdcan.c **** 
 1404              		.loc 1 1514 11 is_stmt 0 view .LVU470
 1405 0008 036E     		ldr	r3, [r0, #96]
1514:Drivers/STM32G0xx_HAL_Driver/Src/stm32g0xx_hal_fdcan.c **** 
ARM GAS  C:\Users\sante\AppData\Local\Temp\cc59nu4g.s 			page 94


 1406              		.loc 1 1514 23 view .LVU471
 1407 000a 0422     		movs	r2, #4
 1408 000c 1343     		orrs	r3, r2
 1409 000e 0366     		str	r3, [r0, #96]
1516:Drivers/STM32G0xx_HAL_Driver/Src/stm32g0xx_hal_fdcan.c ****   }
 1410              		.loc 1 1516 5 is_stmt 1 view .LVU472
1516:Drivers/STM32G0xx_HAL_Driver/Src/stm32g0xx_hal_fdcan.c ****   }
 1411              		.loc 1 1516 12 is_stmt 0 view .LVU473
 1412 0010 0120     		movs	r0, #1
 1413              	.LVL93:
 1414              	.L82:
1518:Drivers/STM32G0xx_HAL_Driver/Src/stm32g0xx_hal_fdcan.c **** 
 1415              		.loc 1 1518 1 view .LVU474
 1416              		@ sp needed
 1417 0012 7047     		bx	lr
 1418              	.LVL94:
 1419              	.L83:
1506:Drivers/STM32G0xx_HAL_Driver/Src/stm32g0xx_hal_fdcan.c **** 
 1420              		.loc 1 1506 5 is_stmt 1 view .LVU475
 1421 0014 0268     		ldr	r2, [r0]
 1422 0016 5369     		ldr	r3, [r2, #20]
 1423 0018 FF20     		movs	r0, #255
 1424              	.LVL95:
1506:Drivers/STM32G0xx_HAL_Driver/Src/stm32g0xx_hal_fdcan.c **** 
 1425              		.loc 1 1506 5 is_stmt 0 view .LVU476
 1426 001a 8343     		bics	r3, r0
 1427 001c 0B43     		orrs	r3, r1
 1428 001e 5361     		str	r3, [r2, #20]
1509:Drivers/STM32G0xx_HAL_Driver/Src/stm32g0xx_hal_fdcan.c ****   }
 1429              		.loc 1 1509 5 is_stmt 1 view .LVU477
1509:Drivers/STM32G0xx_HAL_Driver/Src/stm32g0xx_hal_fdcan.c ****   }
 1430              		.loc 1 1509 12 is_stmt 0 view .LVU478
 1431 0020 0020     		movs	r0, #0
 1432 0022 F6E7     		b	.L82
 1433              		.cfi_endproc
 1434              	.LFE503:
 1436              		.section	.text.HAL_FDCAN_ConfigTimestampCounter,"ax",%progbits
 1437              		.align	1
 1438              		.global	HAL_FDCAN_ConfigTimestampCounter
 1439              		.syntax unified
 1440              		.code	16
 1441              		.thumb_func
 1443              	HAL_FDCAN_ConfigTimestampCounter:
 1444              	.LVL96:
 1445              	.LFB504:
1529:Drivers/STM32G0xx_HAL_Driver/Src/stm32g0xx_hal_fdcan.c ****   /* Check function parameters */
 1446              		.loc 1 1529 1 is_stmt 1 view -0
 1447              		.cfi_startproc
 1448              		@ args = 0, pretend = 0, frame = 0
 1449              		@ frame_needed = 0, uses_anonymous_args = 0
 1450              		@ link register save eliminated.
1531:Drivers/STM32G0xx_HAL_Driver/Src/stm32g0xx_hal_fdcan.c **** 
 1451              		.loc 1 1531 3 view .LVU480
1533:Drivers/STM32G0xx_HAL_Driver/Src/stm32g0xx_hal_fdcan.c ****   {
 1452              		.loc 1 1533 3 view .LVU481
1533:Drivers/STM32G0xx_HAL_Driver/Src/stm32g0xx_hal_fdcan.c ****   {
 1453              		.loc 1 1533 13 is_stmt 0 view .LVU482
ARM GAS  C:\Users\sante\AppData\Local\Temp\cc59nu4g.s 			page 95


 1454 0000 5C23     		movs	r3, #92
 1455 0002 C35C     		ldrb	r3, [r0, r3]
1533:Drivers/STM32G0xx_HAL_Driver/Src/stm32g0xx_hal_fdcan.c ****   {
 1456              		.loc 1 1533 6 view .LVU483
 1457 0004 012B     		cmp	r3, #1
 1458 0006 05D0     		beq	.L87
1544:Drivers/STM32G0xx_HAL_Driver/Src/stm32g0xx_hal_fdcan.c **** 
 1459              		.loc 1 1544 5 is_stmt 1 view .LVU484
1544:Drivers/STM32G0xx_HAL_Driver/Src/stm32g0xx_hal_fdcan.c **** 
 1460              		.loc 1 1544 11 is_stmt 0 view .LVU485
 1461 0008 036E     		ldr	r3, [r0, #96]
1544:Drivers/STM32G0xx_HAL_Driver/Src/stm32g0xx_hal_fdcan.c **** 
 1462              		.loc 1 1544 23 view .LVU486
 1463 000a 0422     		movs	r2, #4
 1464 000c 1343     		orrs	r3, r2
 1465 000e 0366     		str	r3, [r0, #96]
1546:Drivers/STM32G0xx_HAL_Driver/Src/stm32g0xx_hal_fdcan.c ****   }
 1466              		.loc 1 1546 5 is_stmt 1 view .LVU487
1546:Drivers/STM32G0xx_HAL_Driver/Src/stm32g0xx_hal_fdcan.c ****   }
 1467              		.loc 1 1546 12 is_stmt 0 view .LVU488
 1468 0010 0120     		movs	r0, #1
 1469              	.LVL97:
 1470              	.L86:
1548:Drivers/STM32G0xx_HAL_Driver/Src/stm32g0xx_hal_fdcan.c **** 
 1471              		.loc 1 1548 1 view .LVU489
 1472              		@ sp needed
 1473 0012 7047     		bx	lr
 1474              	.LVL98:
 1475              	.L87:
1536:Drivers/STM32G0xx_HAL_Driver/Src/stm32g0xx_hal_fdcan.c **** 
 1476              		.loc 1 1536 5 is_stmt 1 view .LVU490
 1477 0014 0268     		ldr	r2, [r0]
 1478 0016 136A     		ldr	r3, [r2, #32]
 1479 0018 0248     		ldr	r0, .L88
 1480              	.LVL99:
1536:Drivers/STM32G0xx_HAL_Driver/Src/stm32g0xx_hal_fdcan.c **** 
 1481              		.loc 1 1536 5 is_stmt 0 view .LVU491
 1482 001a 0340     		ands	r3, r0
 1483 001c 0B43     		orrs	r3, r1
 1484 001e 1362     		str	r3, [r2, #32]
1539:Drivers/STM32G0xx_HAL_Driver/Src/stm32g0xx_hal_fdcan.c ****   }
 1485              		.loc 1 1539 5 is_stmt 1 view .LVU492
1539:Drivers/STM32G0xx_HAL_Driver/Src/stm32g0xx_hal_fdcan.c ****   }
 1486              		.loc 1 1539 12 is_stmt 0 view .LVU493
 1487 0020 0020     		movs	r0, #0
 1488 0022 F6E7     		b	.L86
 1489              	.L89:
 1490              		.align	2
 1491              	.L88:
 1492 0024 FFFFF0FF 		.word	-983041
 1493              		.cfi_endproc
 1494              	.LFE504:
 1496              		.section	.text.HAL_FDCAN_EnableTimestampCounter,"ax",%progbits
 1497              		.align	1
 1498              		.global	HAL_FDCAN_EnableTimestampCounter
 1499              		.syntax unified
 1500              		.code	16
ARM GAS  C:\Users\sante\AppData\Local\Temp\cc59nu4g.s 			page 96


 1501              		.thumb_func
 1503              	HAL_FDCAN_EnableTimestampCounter:
 1504              	.LVL100:
 1505              	.LFB505:
1559:Drivers/STM32G0xx_HAL_Driver/Src/stm32g0xx_hal_fdcan.c ****   /* Check function parameters */
 1506              		.loc 1 1559 1 is_stmt 1 view -0
 1507              		.cfi_startproc
 1508              		@ args = 0, pretend = 0, frame = 0
 1509              		@ frame_needed = 0, uses_anonymous_args = 0
 1510              		@ link register save eliminated.
1561:Drivers/STM32G0xx_HAL_Driver/Src/stm32g0xx_hal_fdcan.c **** 
 1511              		.loc 1 1561 3 view .LVU495
1563:Drivers/STM32G0xx_HAL_Driver/Src/stm32g0xx_hal_fdcan.c ****   {
 1512              		.loc 1 1563 3 view .LVU496
1563:Drivers/STM32G0xx_HAL_Driver/Src/stm32g0xx_hal_fdcan.c ****   {
 1513              		.loc 1 1563 13 is_stmt 0 view .LVU497
 1514 0000 5C23     		movs	r3, #92
 1515 0002 C35C     		ldrb	r3, [r0, r3]
1563:Drivers/STM32G0xx_HAL_Driver/Src/stm32g0xx_hal_fdcan.c ****   {
 1516              		.loc 1 1563 6 view .LVU498
 1517 0004 012B     		cmp	r3, #1
 1518 0006 05D0     		beq	.L93
1574:Drivers/STM32G0xx_HAL_Driver/Src/stm32g0xx_hal_fdcan.c **** 
 1519              		.loc 1 1574 5 is_stmt 1 view .LVU499
1574:Drivers/STM32G0xx_HAL_Driver/Src/stm32g0xx_hal_fdcan.c **** 
 1520              		.loc 1 1574 11 is_stmt 0 view .LVU500
 1521 0008 036E     		ldr	r3, [r0, #96]
1574:Drivers/STM32G0xx_HAL_Driver/Src/stm32g0xx_hal_fdcan.c **** 
 1522              		.loc 1 1574 23 view .LVU501
 1523 000a 0422     		movs	r2, #4
 1524 000c 1343     		orrs	r3, r2
 1525 000e 0366     		str	r3, [r0, #96]
1576:Drivers/STM32G0xx_HAL_Driver/Src/stm32g0xx_hal_fdcan.c ****   }
 1526              		.loc 1 1576 5 is_stmt 1 view .LVU502
1576:Drivers/STM32G0xx_HAL_Driver/Src/stm32g0xx_hal_fdcan.c ****   }
 1527              		.loc 1 1576 12 is_stmt 0 view .LVU503
 1528 0010 0120     		movs	r0, #1
 1529              	.LVL101:
 1530              	.L92:
1578:Drivers/STM32G0xx_HAL_Driver/Src/stm32g0xx_hal_fdcan.c **** 
 1531              		.loc 1 1578 1 view .LVU504
 1532              		@ sp needed
 1533 0012 7047     		bx	lr
 1534              	.LVL102:
 1535              	.L93:
1566:Drivers/STM32G0xx_HAL_Driver/Src/stm32g0xx_hal_fdcan.c **** 
 1536              		.loc 1 1566 5 is_stmt 1 view .LVU505
 1537 0014 0268     		ldr	r2, [r0]
 1538 0016 136A     		ldr	r3, [r2, #32]
 1539 0018 0320     		movs	r0, #3
 1540              	.LVL103:
1566:Drivers/STM32G0xx_HAL_Driver/Src/stm32g0xx_hal_fdcan.c **** 
 1541              		.loc 1 1566 5 is_stmt 0 view .LVU506
 1542 001a 8343     		bics	r3, r0
 1543 001c 0B43     		orrs	r3, r1
 1544 001e 1362     		str	r3, [r2, #32]
1569:Drivers/STM32G0xx_HAL_Driver/Src/stm32g0xx_hal_fdcan.c ****   }
ARM GAS  C:\Users\sante\AppData\Local\Temp\cc59nu4g.s 			page 97


 1545              		.loc 1 1569 5 is_stmt 1 view .LVU507
1569:Drivers/STM32G0xx_HAL_Driver/Src/stm32g0xx_hal_fdcan.c ****   }
 1546              		.loc 1 1569 12 is_stmt 0 view .LVU508
 1547 0020 0020     		movs	r0, #0
 1548 0022 F6E7     		b	.L92
 1549              		.cfi_endproc
 1550              	.LFE505:
 1552              		.section	.text.HAL_FDCAN_DisableTimestampCounter,"ax",%progbits
 1553              		.align	1
 1554              		.global	HAL_FDCAN_DisableTimestampCounter
 1555              		.syntax unified
 1556              		.code	16
 1557              		.thumb_func
 1559              	HAL_FDCAN_DisableTimestampCounter:
 1560              	.LVL104:
 1561              	.LFB506:
1587:Drivers/STM32G0xx_HAL_Driver/Src/stm32g0xx_hal_fdcan.c ****   if (hfdcan->State == HAL_FDCAN_STATE_READY)
 1562              		.loc 1 1587 1 is_stmt 1 view -0
 1563              		.cfi_startproc
 1564              		@ args = 0, pretend = 0, frame = 0
 1565              		@ frame_needed = 0, uses_anonymous_args = 0
 1566              		@ link register save eliminated.
1588:Drivers/STM32G0xx_HAL_Driver/Src/stm32g0xx_hal_fdcan.c ****   {
 1567              		.loc 1 1588 3 view .LVU510
1588:Drivers/STM32G0xx_HAL_Driver/Src/stm32g0xx_hal_fdcan.c ****   {
 1568              		.loc 1 1588 13 is_stmt 0 view .LVU511
 1569 0000 5C23     		movs	r3, #92
 1570 0002 C35C     		ldrb	r3, [r0, r3]
1588:Drivers/STM32G0xx_HAL_Driver/Src/stm32g0xx_hal_fdcan.c ****   {
 1571              		.loc 1 1588 6 view .LVU512
 1572 0004 012B     		cmp	r3, #1
 1573 0006 05D0     		beq	.L97
1599:Drivers/STM32G0xx_HAL_Driver/Src/stm32g0xx_hal_fdcan.c **** 
 1574              		.loc 1 1599 5 is_stmt 1 view .LVU513
1599:Drivers/STM32G0xx_HAL_Driver/Src/stm32g0xx_hal_fdcan.c **** 
 1575              		.loc 1 1599 11 is_stmt 0 view .LVU514
 1576 0008 036E     		ldr	r3, [r0, #96]
1599:Drivers/STM32G0xx_HAL_Driver/Src/stm32g0xx_hal_fdcan.c **** 
 1577              		.loc 1 1599 23 view .LVU515
 1578 000a 0422     		movs	r2, #4
 1579 000c 1343     		orrs	r3, r2
 1580 000e 0366     		str	r3, [r0, #96]
1601:Drivers/STM32G0xx_HAL_Driver/Src/stm32g0xx_hal_fdcan.c ****   }
 1581              		.loc 1 1601 5 is_stmt 1 view .LVU516
1601:Drivers/STM32G0xx_HAL_Driver/Src/stm32g0xx_hal_fdcan.c ****   }
 1582              		.loc 1 1601 12 is_stmt 0 view .LVU517
 1583 0010 0120     		movs	r0, #1
 1584              	.LVL105:
 1585              	.L96:
1603:Drivers/STM32G0xx_HAL_Driver/Src/stm32g0xx_hal_fdcan.c **** 
 1586              		.loc 1 1603 1 view .LVU518
 1587              		@ sp needed
 1588 0012 7047     		bx	lr
 1589              	.LVL106:
 1590              	.L97:
1591:Drivers/STM32G0xx_HAL_Driver/Src/stm32g0xx_hal_fdcan.c **** 
 1591              		.loc 1 1591 5 is_stmt 1 view .LVU519
ARM GAS  C:\Users\sante\AppData\Local\Temp\cc59nu4g.s 			page 98


 1592 0014 0268     		ldr	r2, [r0]
 1593 0016 136A     		ldr	r3, [r2, #32]
 1594 0018 0321     		movs	r1, #3
 1595 001a 8B43     		bics	r3, r1
 1596 001c 1362     		str	r3, [r2, #32]
1594:Drivers/STM32G0xx_HAL_Driver/Src/stm32g0xx_hal_fdcan.c ****   }
 1597              		.loc 1 1594 5 view .LVU520
1594:Drivers/STM32G0xx_HAL_Driver/Src/stm32g0xx_hal_fdcan.c ****   }
 1598              		.loc 1 1594 12 is_stmt 0 view .LVU521
 1599 001e 0020     		movs	r0, #0
 1600              	.LVL107:
1594:Drivers/STM32G0xx_HAL_Driver/Src/stm32g0xx_hal_fdcan.c ****   }
 1601              		.loc 1 1594 12 view .LVU522
 1602 0020 F7E7     		b	.L96
 1603              		.cfi_endproc
 1604              	.LFE506:
 1606              		.section	.text.HAL_FDCAN_GetTimestampCounter,"ax",%progbits
 1607              		.align	1
 1608              		.global	HAL_FDCAN_GetTimestampCounter
 1609              		.syntax unified
 1610              		.code	16
 1611              		.thumb_func
 1613              	HAL_FDCAN_GetTimestampCounter:
 1614              	.LVL108:
 1615              	.LFB507:
1612:Drivers/STM32G0xx_HAL_Driver/Src/stm32g0xx_hal_fdcan.c ****   return (uint16_t)(hfdcan->Instance->TSCV);
 1616              		.loc 1 1612 1 is_stmt 1 view -0
 1617              		.cfi_startproc
 1618              		@ args = 0, pretend = 0, frame = 0
 1619              		@ frame_needed = 0, uses_anonymous_args = 0
 1620              		@ link register save eliminated.
1613:Drivers/STM32G0xx_HAL_Driver/Src/stm32g0xx_hal_fdcan.c **** }
 1621              		.loc 1 1613 3 view .LVU524
1613:Drivers/STM32G0xx_HAL_Driver/Src/stm32g0xx_hal_fdcan.c **** }
 1622              		.loc 1 1613 27 is_stmt 0 view .LVU525
 1623 0000 0368     		ldr	r3, [r0]
1613:Drivers/STM32G0xx_HAL_Driver/Src/stm32g0xx_hal_fdcan.c **** }
 1624              		.loc 1 1613 37 view .LVU526
 1625 0002 586A     		ldr	r0, [r3, #36]
 1626              	.LVL109:
1613:Drivers/STM32G0xx_HAL_Driver/Src/stm32g0xx_hal_fdcan.c **** }
 1627              		.loc 1 1613 10 discriminator 1 view .LVU527
 1628 0004 80B2     		uxth	r0, r0
1614:Drivers/STM32G0xx_HAL_Driver/Src/stm32g0xx_hal_fdcan.c **** 
 1629              		.loc 1 1614 1 view .LVU528
 1630              		@ sp needed
 1631 0006 7047     		bx	lr
 1632              		.cfi_endproc
 1633              	.LFE507:
 1635              		.section	.text.HAL_FDCAN_ResetTimestampCounter,"ax",%progbits
 1636              		.align	1
 1637              		.global	HAL_FDCAN_ResetTimestampCounter
 1638              		.syntax unified
 1639              		.code	16
 1640              		.thumb_func
 1642              	HAL_FDCAN_ResetTimestampCounter:
 1643              	.LVL110:
ARM GAS  C:\Users\sante\AppData\Local\Temp\cc59nu4g.s 			page 99


 1644              	.LFB508:
1623:Drivers/STM32G0xx_HAL_Driver/Src/stm32g0xx_hal_fdcan.c ****   if ((hfdcan->Instance->TSCC & FDCAN_TSCC_TSS) != FDCAN_TIMESTAMP_EXTERNAL)
 1645              		.loc 1 1623 1 is_stmt 1 view -0
 1646              		.cfi_startproc
 1647              		@ args = 0, pretend = 0, frame = 0
 1648              		@ frame_needed = 0, uses_anonymous_args = 0
 1649              		@ link register save eliminated.
1624:Drivers/STM32G0xx_HAL_Driver/Src/stm32g0xx_hal_fdcan.c ****   {
 1650              		.loc 1 1624 3 view .LVU530
1624:Drivers/STM32G0xx_HAL_Driver/Src/stm32g0xx_hal_fdcan.c ****   {
 1651              		.loc 1 1624 14 is_stmt 0 view .LVU531
 1652 0000 0268     		ldr	r2, [r0]
1624:Drivers/STM32G0xx_HAL_Driver/Src/stm32g0xx_hal_fdcan.c ****   {
 1653              		.loc 1 1624 24 view .LVU532
 1654 0002 116A     		ldr	r1, [r2, #32]
1624:Drivers/STM32G0xx_HAL_Driver/Src/stm32g0xx_hal_fdcan.c ****   {
 1655              		.loc 1 1624 31 view .LVU533
 1656 0004 0323     		movs	r3, #3
 1657 0006 0B40     		ands	r3, r1
1624:Drivers/STM32G0xx_HAL_Driver/Src/stm32g0xx_hal_fdcan.c ****   {
 1658              		.loc 1 1624 6 view .LVU534
 1659 0008 022B     		cmp	r3, #2
 1660 000a 03D0     		beq	.L100
1628:Drivers/STM32G0xx_HAL_Driver/Src/stm32g0xx_hal_fdcan.c ****   }
 1661              		.loc 1 1628 5 is_stmt 1 view .LVU535
 1662 000c 0023     		movs	r3, #0
 1663 000e 5362     		str	r3, [r2, #36]
1640:Drivers/STM32G0xx_HAL_Driver/Src/stm32g0xx_hal_fdcan.c **** }
 1664              		.loc 1 1640 3 view .LVU536
1640:Drivers/STM32G0xx_HAL_Driver/Src/stm32g0xx_hal_fdcan.c **** }
 1665              		.loc 1 1640 10 is_stmt 0 view .LVU537
 1666 0010 0020     		movs	r0, #0
 1667              	.LVL111:
 1668              	.L101:
1641:Drivers/STM32G0xx_HAL_Driver/Src/stm32g0xx_hal_fdcan.c **** 
 1669              		.loc 1 1641 1 view .LVU538
 1670              		@ sp needed
 1671 0012 7047     		bx	lr
 1672              	.LVL112:
 1673              	.L100:
1634:Drivers/STM32G0xx_HAL_Driver/Src/stm32g0xx_hal_fdcan.c **** 
 1674              		.loc 1 1634 5 is_stmt 1 view .LVU539
1634:Drivers/STM32G0xx_HAL_Driver/Src/stm32g0xx_hal_fdcan.c **** 
 1675              		.loc 1 1634 11 is_stmt 0 view .LVU540
 1676 0014 036E     		ldr	r3, [r0, #96]
1634:Drivers/STM32G0xx_HAL_Driver/Src/stm32g0xx_hal_fdcan.c **** 
 1677              		.loc 1 1634 23 view .LVU541
 1678 0016 1022     		movs	r2, #16
 1679 0018 1343     		orrs	r3, r2
 1680 001a 0366     		str	r3, [r0, #96]
1636:Drivers/STM32G0xx_HAL_Driver/Src/stm32g0xx_hal_fdcan.c ****   }
 1681              		.loc 1 1636 5 is_stmt 1 view .LVU542
1636:Drivers/STM32G0xx_HAL_Driver/Src/stm32g0xx_hal_fdcan.c ****   }
 1682              		.loc 1 1636 12 is_stmt 0 view .LVU543
 1683 001c 0120     		movs	r0, #1
 1684              	.LVL113:
1636:Drivers/STM32G0xx_HAL_Driver/Src/stm32g0xx_hal_fdcan.c ****   }
ARM GAS  C:\Users\sante\AppData\Local\Temp\cc59nu4g.s 			page 100


 1685              		.loc 1 1636 12 view .LVU544
 1686 001e F8E7     		b	.L101
 1687              		.cfi_endproc
 1688              	.LFE508:
 1690              		.section	.text.HAL_FDCAN_ConfigTimeoutCounter,"ax",%progbits
 1691              		.align	1
 1692              		.global	HAL_FDCAN_ConfigTimeoutCounter
 1693              		.syntax unified
 1694              		.code	16
 1695              		.thumb_func
 1697              	HAL_FDCAN_ConfigTimeoutCounter:
 1698              	.LVL114:
 1699              	.LFB509:
1655:Drivers/STM32G0xx_HAL_Driver/Src/stm32g0xx_hal_fdcan.c ****   /* Check function parameters */
 1700              		.loc 1 1655 1 is_stmt 1 view -0
 1701              		.cfi_startproc
 1702              		@ args = 0, pretend = 0, frame = 0
 1703              		@ frame_needed = 0, uses_anonymous_args = 0
1655:Drivers/STM32G0xx_HAL_Driver/Src/stm32g0xx_hal_fdcan.c ****   /* Check function parameters */
 1704              		.loc 1 1655 1 is_stmt 0 view .LVU546
 1705 0000 10B5     		push	{r4, lr}
 1706              		.cfi_def_cfa_offset 8
 1707              		.cfi_offset 4, -8
 1708              		.cfi_offset 14, -4
 1709 0002 0B00     		movs	r3, r1
1657:Drivers/STM32G0xx_HAL_Driver/Src/stm32g0xx_hal_fdcan.c ****   assert_param(IS_FDCAN_MAX_VALUE(TimeoutPeriod, 0xFFFFU));
 1710              		.loc 1 1657 3 is_stmt 1 view .LVU547
1658:Drivers/STM32G0xx_HAL_Driver/Src/stm32g0xx_hal_fdcan.c **** 
 1711              		.loc 1 1658 3 view .LVU548
1660:Drivers/STM32G0xx_HAL_Driver/Src/stm32g0xx_hal_fdcan.c ****   {
 1712              		.loc 1 1660 3 view .LVU549
1660:Drivers/STM32G0xx_HAL_Driver/Src/stm32g0xx_hal_fdcan.c ****   {
 1713              		.loc 1 1660 13 is_stmt 0 view .LVU550
 1714 0004 5C24     		movs	r4, #92
 1715 0006 045D     		ldrb	r4, [r0, r4]
1660:Drivers/STM32G0xx_HAL_Driver/Src/stm32g0xx_hal_fdcan.c ****   {
 1716              		.loc 1 1660 6 view .LVU551
 1717 0008 012C     		cmp	r4, #1
 1718 000a 05D0     		beq	.L105
1672:Drivers/STM32G0xx_HAL_Driver/Src/stm32g0xx_hal_fdcan.c **** 
 1719              		.loc 1 1672 5 is_stmt 1 view .LVU552
1672:Drivers/STM32G0xx_HAL_Driver/Src/stm32g0xx_hal_fdcan.c **** 
 1720              		.loc 1 1672 11 is_stmt 0 view .LVU553
 1721 000c 036E     		ldr	r3, [r0, #96]
1672:Drivers/STM32G0xx_HAL_Driver/Src/stm32g0xx_hal_fdcan.c **** 
 1722              		.loc 1 1672 23 view .LVU554
 1723 000e 0422     		movs	r2, #4
 1724              	.LVL115:
1672:Drivers/STM32G0xx_HAL_Driver/Src/stm32g0xx_hal_fdcan.c **** 
 1725              		.loc 1 1672 23 view .LVU555
 1726 0010 1343     		orrs	r3, r2
 1727 0012 0366     		str	r3, [r0, #96]
1674:Drivers/STM32G0xx_HAL_Driver/Src/stm32g0xx_hal_fdcan.c ****   }
 1728              		.loc 1 1674 5 is_stmt 1 view .LVU556
1674:Drivers/STM32G0xx_HAL_Driver/Src/stm32g0xx_hal_fdcan.c ****   }
 1729              		.loc 1 1674 12 is_stmt 0 view .LVU557
 1730 0014 0120     		movs	r0, #1
ARM GAS  C:\Users\sante\AppData\Local\Temp\cc59nu4g.s 			page 101


 1731              	.LVL116:
 1732              	.L104:
1676:Drivers/STM32G0xx_HAL_Driver/Src/stm32g0xx_hal_fdcan.c **** 
 1733              		.loc 1 1676 1 view .LVU558
 1734              		@ sp needed
 1735 0016 10BD     		pop	{r4, pc}
 1736              	.LVL117:
 1737              	.L105:
1663:Drivers/STM32G0xx_HAL_Driver/Src/stm32g0xx_hal_fdcan.c ****                (FDCAN_TOCC_TOS | FDCAN_TOCC_TOP), (TimeoutOperation | (TimeoutPeriod << FDCAN_TOCC_
 1738              		.loc 1 1663 5 is_stmt 1 view .LVU559
 1739 0018 0468     		ldr	r4, [r0]
 1740 001a A06A     		ldr	r0, [r4, #40]
 1741              	.LVL118:
1663:Drivers/STM32G0xx_HAL_Driver/Src/stm32g0xx_hal_fdcan.c ****                (FDCAN_TOCC_TOS | FDCAN_TOCC_TOP), (TimeoutOperation | (TimeoutPeriod << FDCAN_TOCC_
 1742              		.loc 1 1663 5 is_stmt 0 view .LVU560
 1743 001c 0349     		ldr	r1, .L106
 1744              	.LVL119:
1663:Drivers/STM32G0xx_HAL_Driver/Src/stm32g0xx_hal_fdcan.c ****                (FDCAN_TOCC_TOS | FDCAN_TOCC_TOP), (TimeoutOperation | (TimeoutPeriod << FDCAN_TOCC_
 1745              		.loc 1 1663 5 view .LVU561
 1746 001e 0840     		ands	r0, r1
 1747 0020 1104     		lsls	r1, r2, #16
 1748 0022 1943     		orrs	r1, r3
 1749 0024 0143     		orrs	r1, r0
 1750 0026 A162     		str	r1, [r4, #40]
1667:Drivers/STM32G0xx_HAL_Driver/Src/stm32g0xx_hal_fdcan.c ****   }
 1751              		.loc 1 1667 5 is_stmt 1 view .LVU562
1667:Drivers/STM32G0xx_HAL_Driver/Src/stm32g0xx_hal_fdcan.c ****   }
 1752              		.loc 1 1667 12 is_stmt 0 view .LVU563
 1753 0028 0020     		movs	r0, #0
 1754 002a F4E7     		b	.L104
 1755              	.L107:
 1756              		.align	2
 1757              	.L106:
 1758 002c F9FF0000 		.word	65529
 1759              		.cfi_endproc
 1760              	.LFE509:
 1762              		.section	.text.HAL_FDCAN_EnableTimeoutCounter,"ax",%progbits
 1763              		.align	1
 1764              		.global	HAL_FDCAN_EnableTimeoutCounter
 1765              		.syntax unified
 1766              		.code	16
 1767              		.thumb_func
 1769              	HAL_FDCAN_EnableTimeoutCounter:
 1770              	.LVL120:
 1771              	.LFB510:
1685:Drivers/STM32G0xx_HAL_Driver/Src/stm32g0xx_hal_fdcan.c ****   if (hfdcan->State == HAL_FDCAN_STATE_READY)
 1772              		.loc 1 1685 1 is_stmt 1 view -0
 1773              		.cfi_startproc
 1774              		@ args = 0, pretend = 0, frame = 0
 1775              		@ frame_needed = 0, uses_anonymous_args = 0
 1776              		@ link register save eliminated.
1686:Drivers/STM32G0xx_HAL_Driver/Src/stm32g0xx_hal_fdcan.c ****   {
 1777              		.loc 1 1686 3 view .LVU565
1686:Drivers/STM32G0xx_HAL_Driver/Src/stm32g0xx_hal_fdcan.c ****   {
 1778              		.loc 1 1686 13 is_stmt 0 view .LVU566
 1779 0000 5C23     		movs	r3, #92
 1780 0002 C35C     		ldrb	r3, [r0, r3]
ARM GAS  C:\Users\sante\AppData\Local\Temp\cc59nu4g.s 			page 102


1686:Drivers/STM32G0xx_HAL_Driver/Src/stm32g0xx_hal_fdcan.c ****   {
 1781              		.loc 1 1686 6 view .LVU567
 1782 0004 012B     		cmp	r3, #1
 1783 0006 05D0     		beq	.L111
1697:Drivers/STM32G0xx_HAL_Driver/Src/stm32g0xx_hal_fdcan.c **** 
 1784              		.loc 1 1697 5 is_stmt 1 view .LVU568
1697:Drivers/STM32G0xx_HAL_Driver/Src/stm32g0xx_hal_fdcan.c **** 
 1785              		.loc 1 1697 11 is_stmt 0 view .LVU569
 1786 0008 036E     		ldr	r3, [r0, #96]
1697:Drivers/STM32G0xx_HAL_Driver/Src/stm32g0xx_hal_fdcan.c **** 
 1787              		.loc 1 1697 23 view .LVU570
 1788 000a 0422     		movs	r2, #4
 1789 000c 1343     		orrs	r3, r2
 1790 000e 0366     		str	r3, [r0, #96]
1699:Drivers/STM32G0xx_HAL_Driver/Src/stm32g0xx_hal_fdcan.c ****   }
 1791              		.loc 1 1699 5 is_stmt 1 view .LVU571
1699:Drivers/STM32G0xx_HAL_Driver/Src/stm32g0xx_hal_fdcan.c ****   }
 1792              		.loc 1 1699 12 is_stmt 0 view .LVU572
 1793 0010 0120     		movs	r0, #1
 1794              	.LVL121:
 1795              	.L110:
1701:Drivers/STM32G0xx_HAL_Driver/Src/stm32g0xx_hal_fdcan.c **** 
 1796              		.loc 1 1701 1 view .LVU573
 1797              		@ sp needed
 1798 0012 7047     		bx	lr
 1799              	.LVL122:
 1800              	.L111:
1689:Drivers/STM32G0xx_HAL_Driver/Src/stm32g0xx_hal_fdcan.c **** 
 1801              		.loc 1 1689 5 is_stmt 1 view .LVU574
 1802 0014 0268     		ldr	r2, [r0]
 1803 0016 936A     		ldr	r3, [r2, #40]
 1804 0018 0121     		movs	r1, #1
 1805 001a 0B43     		orrs	r3, r1
 1806 001c 9362     		str	r3, [r2, #40]
1692:Drivers/STM32G0xx_HAL_Driver/Src/stm32g0xx_hal_fdcan.c ****   }
 1807              		.loc 1 1692 5 view .LVU575
1692:Drivers/STM32G0xx_HAL_Driver/Src/stm32g0xx_hal_fdcan.c ****   }
 1808              		.loc 1 1692 12 is_stmt 0 view .LVU576
 1809 001e 0020     		movs	r0, #0
 1810              	.LVL123:
1692:Drivers/STM32G0xx_HAL_Driver/Src/stm32g0xx_hal_fdcan.c ****   }
 1811              		.loc 1 1692 12 view .LVU577
 1812 0020 F7E7     		b	.L110
 1813              		.cfi_endproc
 1814              	.LFE510:
 1816              		.section	.text.HAL_FDCAN_DisableTimeoutCounter,"ax",%progbits
 1817              		.align	1
 1818              		.global	HAL_FDCAN_DisableTimeoutCounter
 1819              		.syntax unified
 1820              		.code	16
 1821              		.thumb_func
 1823              	HAL_FDCAN_DisableTimeoutCounter:
 1824              	.LVL124:
 1825              	.LFB511:
1710:Drivers/STM32G0xx_HAL_Driver/Src/stm32g0xx_hal_fdcan.c ****   if (hfdcan->State == HAL_FDCAN_STATE_READY)
 1826              		.loc 1 1710 1 is_stmt 1 view -0
 1827              		.cfi_startproc
ARM GAS  C:\Users\sante\AppData\Local\Temp\cc59nu4g.s 			page 103


 1828              		@ args = 0, pretend = 0, frame = 0
 1829              		@ frame_needed = 0, uses_anonymous_args = 0
 1830              		@ link register save eliminated.
1711:Drivers/STM32G0xx_HAL_Driver/Src/stm32g0xx_hal_fdcan.c ****   {
 1831              		.loc 1 1711 3 view .LVU579
1711:Drivers/STM32G0xx_HAL_Driver/Src/stm32g0xx_hal_fdcan.c ****   {
 1832              		.loc 1 1711 13 is_stmt 0 view .LVU580
 1833 0000 5C23     		movs	r3, #92
 1834 0002 C35C     		ldrb	r3, [r0, r3]
1711:Drivers/STM32G0xx_HAL_Driver/Src/stm32g0xx_hal_fdcan.c ****   {
 1835              		.loc 1 1711 6 view .LVU581
 1836 0004 012B     		cmp	r3, #1
 1837 0006 05D0     		beq	.L115
1722:Drivers/STM32G0xx_HAL_Driver/Src/stm32g0xx_hal_fdcan.c **** 
 1838              		.loc 1 1722 5 is_stmt 1 view .LVU582
1722:Drivers/STM32G0xx_HAL_Driver/Src/stm32g0xx_hal_fdcan.c **** 
 1839              		.loc 1 1722 11 is_stmt 0 view .LVU583
 1840 0008 036E     		ldr	r3, [r0, #96]
1722:Drivers/STM32G0xx_HAL_Driver/Src/stm32g0xx_hal_fdcan.c **** 
 1841              		.loc 1 1722 23 view .LVU584
 1842 000a 0422     		movs	r2, #4
 1843 000c 1343     		orrs	r3, r2
 1844 000e 0366     		str	r3, [r0, #96]
1724:Drivers/STM32G0xx_HAL_Driver/Src/stm32g0xx_hal_fdcan.c ****   }
 1845              		.loc 1 1724 5 is_stmt 1 view .LVU585
1724:Drivers/STM32G0xx_HAL_Driver/Src/stm32g0xx_hal_fdcan.c ****   }
 1846              		.loc 1 1724 12 is_stmt 0 view .LVU586
 1847 0010 0120     		movs	r0, #1
 1848              	.LVL125:
 1849              	.L114:
1726:Drivers/STM32G0xx_HAL_Driver/Src/stm32g0xx_hal_fdcan.c **** 
 1850              		.loc 1 1726 1 view .LVU587
 1851              		@ sp needed
 1852 0012 7047     		bx	lr
 1853              	.LVL126:
 1854              	.L115:
1714:Drivers/STM32G0xx_HAL_Driver/Src/stm32g0xx_hal_fdcan.c **** 
 1855              		.loc 1 1714 5 is_stmt 1 view .LVU588
 1856 0014 0268     		ldr	r2, [r0]
 1857 0016 936A     		ldr	r3, [r2, #40]
 1858 0018 0121     		movs	r1, #1
 1859 001a 8B43     		bics	r3, r1
 1860 001c 9362     		str	r3, [r2, #40]
1717:Drivers/STM32G0xx_HAL_Driver/Src/stm32g0xx_hal_fdcan.c ****   }
 1861              		.loc 1 1717 5 view .LVU589
1717:Drivers/STM32G0xx_HAL_Driver/Src/stm32g0xx_hal_fdcan.c ****   }
 1862              		.loc 1 1717 12 is_stmt 0 view .LVU590
 1863 001e 0020     		movs	r0, #0
 1864              	.LVL127:
1717:Drivers/STM32G0xx_HAL_Driver/Src/stm32g0xx_hal_fdcan.c ****   }
 1865              		.loc 1 1717 12 view .LVU591
 1866 0020 F7E7     		b	.L114
 1867              		.cfi_endproc
 1868              	.LFE511:
 1870              		.section	.text.HAL_FDCAN_GetTimeoutCounter,"ax",%progbits
 1871              		.align	1
 1872              		.global	HAL_FDCAN_GetTimeoutCounter
ARM GAS  C:\Users\sante\AppData\Local\Temp\cc59nu4g.s 			page 104


 1873              		.syntax unified
 1874              		.code	16
 1875              		.thumb_func
 1877              	HAL_FDCAN_GetTimeoutCounter:
 1878              	.LVL128:
 1879              	.LFB512:
1735:Drivers/STM32G0xx_HAL_Driver/Src/stm32g0xx_hal_fdcan.c ****   return (uint16_t)(hfdcan->Instance->TOCV);
 1880              		.loc 1 1735 1 is_stmt 1 view -0
 1881              		.cfi_startproc
 1882              		@ args = 0, pretend = 0, frame = 0
 1883              		@ frame_needed = 0, uses_anonymous_args = 0
 1884              		@ link register save eliminated.
1736:Drivers/STM32G0xx_HAL_Driver/Src/stm32g0xx_hal_fdcan.c **** }
 1885              		.loc 1 1736 3 view .LVU593
1736:Drivers/STM32G0xx_HAL_Driver/Src/stm32g0xx_hal_fdcan.c **** }
 1886              		.loc 1 1736 27 is_stmt 0 view .LVU594
 1887 0000 0368     		ldr	r3, [r0]
1736:Drivers/STM32G0xx_HAL_Driver/Src/stm32g0xx_hal_fdcan.c **** }
 1888              		.loc 1 1736 37 view .LVU595
 1889 0002 D86A     		ldr	r0, [r3, #44]
 1890              	.LVL129:
1736:Drivers/STM32G0xx_HAL_Driver/Src/stm32g0xx_hal_fdcan.c **** }
 1891              		.loc 1 1736 10 discriminator 1 view .LVU596
 1892 0004 80B2     		uxth	r0, r0
1737:Drivers/STM32G0xx_HAL_Driver/Src/stm32g0xx_hal_fdcan.c **** 
 1893              		.loc 1 1737 1 view .LVU597
 1894              		@ sp needed
 1895 0006 7047     		bx	lr
 1896              		.cfi_endproc
 1897              	.LFE512:
 1899              		.section	.text.HAL_FDCAN_ResetTimeoutCounter,"ax",%progbits
 1900              		.align	1
 1901              		.global	HAL_FDCAN_ResetTimeoutCounter
 1902              		.syntax unified
 1903              		.code	16
 1904              		.thumb_func
 1906              	HAL_FDCAN_ResetTimeoutCounter:
 1907              	.LVL130:
 1908              	.LFB513:
1746:Drivers/STM32G0xx_HAL_Driver/Src/stm32g0xx_hal_fdcan.c ****   if ((hfdcan->Instance->TOCC & FDCAN_TOCC_TOS) == FDCAN_TIMEOUT_CONTINUOUS)
 1909              		.loc 1 1746 1 is_stmt 1 view -0
 1910              		.cfi_startproc
 1911              		@ args = 0, pretend = 0, frame = 0
 1912              		@ frame_needed = 0, uses_anonymous_args = 0
 1913              		@ link register save eliminated.
1747:Drivers/STM32G0xx_HAL_Driver/Src/stm32g0xx_hal_fdcan.c ****   {
 1914              		.loc 1 1747 3 view .LVU599
1747:Drivers/STM32G0xx_HAL_Driver/Src/stm32g0xx_hal_fdcan.c ****   {
 1915              		.loc 1 1747 14 is_stmt 0 view .LVU600
 1916 0000 0368     		ldr	r3, [r0]
1747:Drivers/STM32G0xx_HAL_Driver/Src/stm32g0xx_hal_fdcan.c ****   {
 1917              		.loc 1 1747 24 view .LVU601
 1918 0002 9A6A     		ldr	r2, [r3, #40]
1747:Drivers/STM32G0xx_HAL_Driver/Src/stm32g0xx_hal_fdcan.c ****   {
 1919              		.loc 1 1747 31 view .LVU602
 1920 0004 0621     		movs	r1, #6
1747:Drivers/STM32G0xx_HAL_Driver/Src/stm32g0xx_hal_fdcan.c ****   {
ARM GAS  C:\Users\sante\AppData\Local\Temp\cc59nu4g.s 			page 105


 1921              		.loc 1 1747 6 view .LVU603
 1922 0006 1142     		tst	r1, r2
 1923 0008 03D1     		bne	.L118
1750:Drivers/STM32G0xx_HAL_Driver/Src/stm32g0xx_hal_fdcan.c **** 
 1924              		.loc 1 1750 5 is_stmt 1 view .LVU604
 1925 000a 0022     		movs	r2, #0
 1926 000c DA62     		str	r2, [r3, #44]
1753:Drivers/STM32G0xx_HAL_Driver/Src/stm32g0xx_hal_fdcan.c ****   }
 1927              		.loc 1 1753 5 view .LVU605
1753:Drivers/STM32G0xx_HAL_Driver/Src/stm32g0xx_hal_fdcan.c ****   }
 1928              		.loc 1 1753 12 is_stmt 0 view .LVU606
 1929 000e 0020     		movs	r0, #0
 1930              	.LVL131:
 1931              	.L119:
1763:Drivers/STM32G0xx_HAL_Driver/Src/stm32g0xx_hal_fdcan.c **** 
 1932              		.loc 1 1763 1 view .LVU607
 1933              		@ sp needed
 1934 0010 7047     		bx	lr
 1935              	.LVL132:
 1936              	.L118:
1759:Drivers/STM32G0xx_HAL_Driver/Src/stm32g0xx_hal_fdcan.c **** 
 1937              		.loc 1 1759 5 is_stmt 1 view .LVU608
1759:Drivers/STM32G0xx_HAL_Driver/Src/stm32g0xx_hal_fdcan.c **** 
 1938              		.loc 1 1759 11 is_stmt 0 view .LVU609
 1939 0012 036E     		ldr	r3, [r0, #96]
1759:Drivers/STM32G0xx_HAL_Driver/Src/stm32g0xx_hal_fdcan.c **** 
 1940              		.loc 1 1759 23 view .LVU610
 1941 0014 1022     		movs	r2, #16
 1942 0016 1343     		orrs	r3, r2
 1943 0018 0366     		str	r3, [r0, #96]
1761:Drivers/STM32G0xx_HAL_Driver/Src/stm32g0xx_hal_fdcan.c ****   }
 1944              		.loc 1 1761 5 is_stmt 1 view .LVU611
1761:Drivers/STM32G0xx_HAL_Driver/Src/stm32g0xx_hal_fdcan.c ****   }
 1945              		.loc 1 1761 12 is_stmt 0 view .LVU612
 1946 001a 0120     		movs	r0, #1
 1947              	.LVL133:
1761:Drivers/STM32G0xx_HAL_Driver/Src/stm32g0xx_hal_fdcan.c ****   }
 1948              		.loc 1 1761 12 view .LVU613
 1949 001c F8E7     		b	.L119
 1950              		.cfi_endproc
 1951              	.LFE513:
 1953              		.section	.text.HAL_FDCAN_ConfigTxDelayCompensation,"ax",%progbits
 1954              		.align	1
 1955              		.global	HAL_FDCAN_ConfigTxDelayCompensation
 1956              		.syntax unified
 1957              		.code	16
 1958              		.thumb_func
 1960              	HAL_FDCAN_ConfigTxDelayCompensation:
 1961              	.LVL134:
 1962              	.LFB514:
1777:Drivers/STM32G0xx_HAL_Driver/Src/stm32g0xx_hal_fdcan.c ****   /* Check function parameters */
 1963              		.loc 1 1777 1 is_stmt 1 view -0
 1964              		.cfi_startproc
 1965              		@ args = 0, pretend = 0, frame = 0
 1966              		@ frame_needed = 0, uses_anonymous_args = 0
 1967              		@ link register save eliminated.
1779:Drivers/STM32G0xx_HAL_Driver/Src/stm32g0xx_hal_fdcan.c ****   assert_param(IS_FDCAN_MAX_VALUE(TdcFilter, 0x7FU));
ARM GAS  C:\Users\sante\AppData\Local\Temp\cc59nu4g.s 			page 106


 1968              		.loc 1 1779 3 view .LVU615
1780:Drivers/STM32G0xx_HAL_Driver/Src/stm32g0xx_hal_fdcan.c **** 
 1969              		.loc 1 1780 3 view .LVU616
1782:Drivers/STM32G0xx_HAL_Driver/Src/stm32g0xx_hal_fdcan.c ****   {
 1970              		.loc 1 1782 3 view .LVU617
1782:Drivers/STM32G0xx_HAL_Driver/Src/stm32g0xx_hal_fdcan.c ****   {
 1971              		.loc 1 1782 13 is_stmt 0 view .LVU618
 1972 0000 5C23     		movs	r3, #92
 1973 0002 C35C     		ldrb	r3, [r0, r3]
1782:Drivers/STM32G0xx_HAL_Driver/Src/stm32g0xx_hal_fdcan.c ****   {
 1974              		.loc 1 1782 6 view .LVU619
 1975 0004 012B     		cmp	r3, #1
 1976 0006 05D0     		beq	.L123
1793:Drivers/STM32G0xx_HAL_Driver/Src/stm32g0xx_hal_fdcan.c **** 
 1977              		.loc 1 1793 5 is_stmt 1 view .LVU620
1793:Drivers/STM32G0xx_HAL_Driver/Src/stm32g0xx_hal_fdcan.c **** 
 1978              		.loc 1 1793 11 is_stmt 0 view .LVU621
 1979 0008 036E     		ldr	r3, [r0, #96]
1793:Drivers/STM32G0xx_HAL_Driver/Src/stm32g0xx_hal_fdcan.c **** 
 1980              		.loc 1 1793 23 view .LVU622
 1981 000a 0422     		movs	r2, #4
 1982              	.LVL135:
1793:Drivers/STM32G0xx_HAL_Driver/Src/stm32g0xx_hal_fdcan.c **** 
 1983              		.loc 1 1793 23 view .LVU623
 1984 000c 1343     		orrs	r3, r2
 1985 000e 0366     		str	r3, [r0, #96]
1795:Drivers/STM32G0xx_HAL_Driver/Src/stm32g0xx_hal_fdcan.c ****   }
 1986              		.loc 1 1795 5 is_stmt 1 view .LVU624
1795:Drivers/STM32G0xx_HAL_Driver/Src/stm32g0xx_hal_fdcan.c ****   }
 1987              		.loc 1 1795 12 is_stmt 0 view .LVU625
 1988 0010 0120     		movs	r0, #1
 1989              	.LVL136:
 1990              	.L122:
1797:Drivers/STM32G0xx_HAL_Driver/Src/stm32g0xx_hal_fdcan.c **** 
 1991              		.loc 1 1797 1 view .LVU626
 1992              		@ sp needed
 1993 0012 7047     		bx	lr
 1994              	.LVL137:
 1995              	.L123:
1785:Drivers/STM32G0xx_HAL_Driver/Src/stm32g0xx_hal_fdcan.c **** 
 1996              		.loc 1 1785 5 is_stmt 1 view .LVU627
1785:Drivers/STM32G0xx_HAL_Driver/Src/stm32g0xx_hal_fdcan.c **** 
 1997              		.loc 1 1785 79 is_stmt 0 view .LVU628
 1998 0014 0902     		lsls	r1, r1, #8
 1999              	.LVL138:
1785:Drivers/STM32G0xx_HAL_Driver/Src/stm32g0xx_hal_fdcan.c **** 
 2000              		.loc 1 1785 11 view .LVU629
 2001 0016 0368     		ldr	r3, [r0]
1785:Drivers/STM32G0xx_HAL_Driver/Src/stm32g0xx_hal_fdcan.c **** 
 2002              		.loc 1 1785 66 view .LVU630
 2003 0018 1143     		orrs	r1, r2
1785:Drivers/STM32G0xx_HAL_Driver/Src/stm32g0xx_hal_fdcan.c **** 
 2004              		.loc 1 1785 28 view .LVU631
 2005 001a 9964     		str	r1, [r3, #72]
1788:Drivers/STM32G0xx_HAL_Driver/Src/stm32g0xx_hal_fdcan.c ****   }
 2006              		.loc 1 1788 5 is_stmt 1 view .LVU632
1788:Drivers/STM32G0xx_HAL_Driver/Src/stm32g0xx_hal_fdcan.c ****   }
ARM GAS  C:\Users\sante\AppData\Local\Temp\cc59nu4g.s 			page 107


 2007              		.loc 1 1788 12 is_stmt 0 view .LVU633
 2008 001c 0020     		movs	r0, #0
 2009              	.LVL139:
1788:Drivers/STM32G0xx_HAL_Driver/Src/stm32g0xx_hal_fdcan.c ****   }
 2010              		.loc 1 1788 12 view .LVU634
 2011 001e F8E7     		b	.L122
 2012              		.cfi_endproc
 2013              	.LFE514:
 2015              		.section	.text.HAL_FDCAN_EnableTxDelayCompensation,"ax",%progbits
 2016              		.align	1
 2017              		.global	HAL_FDCAN_EnableTxDelayCompensation
 2018              		.syntax unified
 2019              		.code	16
 2020              		.thumb_func
 2022              	HAL_FDCAN_EnableTxDelayCompensation:
 2023              	.LVL140:
 2024              	.LFB515:
1806:Drivers/STM32G0xx_HAL_Driver/Src/stm32g0xx_hal_fdcan.c ****   if (hfdcan->State == HAL_FDCAN_STATE_READY)
 2025              		.loc 1 1806 1 is_stmt 1 view -0
 2026              		.cfi_startproc
 2027              		@ args = 0, pretend = 0, frame = 0
 2028              		@ frame_needed = 0, uses_anonymous_args = 0
 2029              		@ link register save eliminated.
1807:Drivers/STM32G0xx_HAL_Driver/Src/stm32g0xx_hal_fdcan.c ****   {
 2030              		.loc 1 1807 3 view .LVU636
1807:Drivers/STM32G0xx_HAL_Driver/Src/stm32g0xx_hal_fdcan.c ****   {
 2031              		.loc 1 1807 13 is_stmt 0 view .LVU637
 2032 0000 5C23     		movs	r3, #92
 2033 0002 C35C     		ldrb	r3, [r0, r3]
1807:Drivers/STM32G0xx_HAL_Driver/Src/stm32g0xx_hal_fdcan.c ****   {
 2034              		.loc 1 1807 6 view .LVU638
 2035 0004 012B     		cmp	r3, #1
 2036 0006 05D0     		beq	.L127
1818:Drivers/STM32G0xx_HAL_Driver/Src/stm32g0xx_hal_fdcan.c **** 
 2037              		.loc 1 1818 5 is_stmt 1 view .LVU639
1818:Drivers/STM32G0xx_HAL_Driver/Src/stm32g0xx_hal_fdcan.c **** 
 2038              		.loc 1 1818 11 is_stmt 0 view .LVU640
 2039 0008 036E     		ldr	r3, [r0, #96]
1818:Drivers/STM32G0xx_HAL_Driver/Src/stm32g0xx_hal_fdcan.c **** 
 2040              		.loc 1 1818 23 view .LVU641
 2041 000a 0422     		movs	r2, #4
 2042 000c 1343     		orrs	r3, r2
 2043 000e 0366     		str	r3, [r0, #96]
1820:Drivers/STM32G0xx_HAL_Driver/Src/stm32g0xx_hal_fdcan.c ****   }
 2044              		.loc 1 1820 5 is_stmt 1 view .LVU642
1820:Drivers/STM32G0xx_HAL_Driver/Src/stm32g0xx_hal_fdcan.c ****   }
 2045              		.loc 1 1820 12 is_stmt 0 view .LVU643
 2046 0010 0120     		movs	r0, #1
 2047              	.LVL141:
 2048              	.L126:
1822:Drivers/STM32G0xx_HAL_Driver/Src/stm32g0xx_hal_fdcan.c **** 
 2049              		.loc 1 1822 1 view .LVU644
 2050              		@ sp needed
 2051 0012 7047     		bx	lr
 2052              	.LVL142:
 2053              	.L127:
1810:Drivers/STM32G0xx_HAL_Driver/Src/stm32g0xx_hal_fdcan.c **** 
ARM GAS  C:\Users\sante\AppData\Local\Temp\cc59nu4g.s 			page 108


 2054              		.loc 1 1810 5 is_stmt 1 view .LVU645
 2055 0014 0268     		ldr	r2, [r0]
 2056 0016 D168     		ldr	r1, [r2, #12]
 2057 0018 8023     		movs	r3, #128
 2058 001a 1B04     		lsls	r3, r3, #16
 2059 001c 0B43     		orrs	r3, r1
 2060 001e D360     		str	r3, [r2, #12]
1813:Drivers/STM32G0xx_HAL_Driver/Src/stm32g0xx_hal_fdcan.c ****   }
 2061              		.loc 1 1813 5 view .LVU646
1813:Drivers/STM32G0xx_HAL_Driver/Src/stm32g0xx_hal_fdcan.c ****   }
 2062              		.loc 1 1813 12 is_stmt 0 view .LVU647
 2063 0020 0020     		movs	r0, #0
 2064              	.LVL143:
1813:Drivers/STM32G0xx_HAL_Driver/Src/stm32g0xx_hal_fdcan.c ****   }
 2065              		.loc 1 1813 12 view .LVU648
 2066 0022 F6E7     		b	.L126
 2067              		.cfi_endproc
 2068              	.LFE515:
 2070              		.section	.text.HAL_FDCAN_DisableTxDelayCompensation,"ax",%progbits
 2071              		.align	1
 2072              		.global	HAL_FDCAN_DisableTxDelayCompensation
 2073              		.syntax unified
 2074              		.code	16
 2075              		.thumb_func
 2077              	HAL_FDCAN_DisableTxDelayCompensation:
 2078              	.LVL144:
 2079              	.LFB516:
1831:Drivers/STM32G0xx_HAL_Driver/Src/stm32g0xx_hal_fdcan.c ****   if (hfdcan->State == HAL_FDCAN_STATE_READY)
 2080              		.loc 1 1831 1 is_stmt 1 view -0
 2081              		.cfi_startproc
 2082              		@ args = 0, pretend = 0, frame = 0
 2083              		@ frame_needed = 0, uses_anonymous_args = 0
 2084              		@ link register save eliminated.
1832:Drivers/STM32G0xx_HAL_Driver/Src/stm32g0xx_hal_fdcan.c ****   {
 2085              		.loc 1 1832 3 view .LVU650
1832:Drivers/STM32G0xx_HAL_Driver/Src/stm32g0xx_hal_fdcan.c ****   {
 2086              		.loc 1 1832 13 is_stmt 0 view .LVU651
 2087 0000 5C23     		movs	r3, #92
 2088 0002 C35C     		ldrb	r3, [r0, r3]
1832:Drivers/STM32G0xx_HAL_Driver/Src/stm32g0xx_hal_fdcan.c ****   {
 2089              		.loc 1 1832 6 view .LVU652
 2090 0004 012B     		cmp	r3, #1
 2091 0006 05D0     		beq	.L131
1843:Drivers/STM32G0xx_HAL_Driver/Src/stm32g0xx_hal_fdcan.c **** 
 2092              		.loc 1 1843 5 is_stmt 1 view .LVU653
1843:Drivers/STM32G0xx_HAL_Driver/Src/stm32g0xx_hal_fdcan.c **** 
 2093              		.loc 1 1843 11 is_stmt 0 view .LVU654
 2094 0008 036E     		ldr	r3, [r0, #96]
1843:Drivers/STM32G0xx_HAL_Driver/Src/stm32g0xx_hal_fdcan.c **** 
 2095              		.loc 1 1843 23 view .LVU655
 2096 000a 0422     		movs	r2, #4
 2097 000c 1343     		orrs	r3, r2
 2098 000e 0366     		str	r3, [r0, #96]
1845:Drivers/STM32G0xx_HAL_Driver/Src/stm32g0xx_hal_fdcan.c ****   }
 2099              		.loc 1 1845 5 is_stmt 1 view .LVU656
1845:Drivers/STM32G0xx_HAL_Driver/Src/stm32g0xx_hal_fdcan.c ****   }
 2100              		.loc 1 1845 12 is_stmt 0 view .LVU657
ARM GAS  C:\Users\sante\AppData\Local\Temp\cc59nu4g.s 			page 109


 2101 0010 0120     		movs	r0, #1
 2102              	.LVL145:
 2103              	.L130:
1847:Drivers/STM32G0xx_HAL_Driver/Src/stm32g0xx_hal_fdcan.c **** 
 2104              		.loc 1 1847 1 view .LVU658
 2105              		@ sp needed
 2106 0012 7047     		bx	lr
 2107              	.LVL146:
 2108              	.L131:
1835:Drivers/STM32G0xx_HAL_Driver/Src/stm32g0xx_hal_fdcan.c **** 
 2109              		.loc 1 1835 5 is_stmt 1 view .LVU659
 2110 0014 0268     		ldr	r2, [r0]
 2111 0016 D368     		ldr	r3, [r2, #12]
 2112 0018 0249     		ldr	r1, .L132
 2113 001a 0B40     		ands	r3, r1
 2114 001c D360     		str	r3, [r2, #12]
1838:Drivers/STM32G0xx_HAL_Driver/Src/stm32g0xx_hal_fdcan.c ****   }
 2115              		.loc 1 1838 5 view .LVU660
1838:Drivers/STM32G0xx_HAL_Driver/Src/stm32g0xx_hal_fdcan.c ****   }
 2116              		.loc 1 1838 12 is_stmt 0 view .LVU661
 2117 001e 0020     		movs	r0, #0
 2118              	.LVL147:
1838:Drivers/STM32G0xx_HAL_Driver/Src/stm32g0xx_hal_fdcan.c ****   }
 2119              		.loc 1 1838 12 view .LVU662
 2120 0020 F7E7     		b	.L130
 2121              	.L133:
 2122 0022 C046     		.align	2
 2123              	.L132:
 2124 0024 FFFF7FFF 		.word	-8388609
 2125              		.cfi_endproc
 2126              	.LFE516:
 2128              		.section	.text.HAL_FDCAN_EnableISOMode,"ax",%progbits
 2129              		.align	1
 2130              		.global	HAL_FDCAN_EnableISOMode
 2131              		.syntax unified
 2132              		.code	16
 2133              		.thumb_func
 2135              	HAL_FDCAN_EnableISOMode:
 2136              	.LVL148:
 2137              	.LFB517:
1857:Drivers/STM32G0xx_HAL_Driver/Src/stm32g0xx_hal_fdcan.c ****   if (hfdcan->State == HAL_FDCAN_STATE_READY)
 2138              		.loc 1 1857 1 is_stmt 1 view -0
 2139              		.cfi_startproc
 2140              		@ args = 0, pretend = 0, frame = 0
 2141              		@ frame_needed = 0, uses_anonymous_args = 0
 2142              		@ link register save eliminated.
1858:Drivers/STM32G0xx_HAL_Driver/Src/stm32g0xx_hal_fdcan.c ****   {
 2143              		.loc 1 1858 3 view .LVU664
1858:Drivers/STM32G0xx_HAL_Driver/Src/stm32g0xx_hal_fdcan.c ****   {
 2144              		.loc 1 1858 13 is_stmt 0 view .LVU665
 2145 0000 5C23     		movs	r3, #92
 2146 0002 C35C     		ldrb	r3, [r0, r3]
1858:Drivers/STM32G0xx_HAL_Driver/Src/stm32g0xx_hal_fdcan.c ****   {
 2147              		.loc 1 1858 6 view .LVU666
 2148 0004 012B     		cmp	r3, #1
 2149 0006 05D0     		beq	.L137
1869:Drivers/STM32G0xx_HAL_Driver/Src/stm32g0xx_hal_fdcan.c **** 
ARM GAS  C:\Users\sante\AppData\Local\Temp\cc59nu4g.s 			page 110


 2150              		.loc 1 1869 5 is_stmt 1 view .LVU667
1869:Drivers/STM32G0xx_HAL_Driver/Src/stm32g0xx_hal_fdcan.c **** 
 2151              		.loc 1 1869 11 is_stmt 0 view .LVU668
 2152 0008 036E     		ldr	r3, [r0, #96]
1869:Drivers/STM32G0xx_HAL_Driver/Src/stm32g0xx_hal_fdcan.c **** 
 2153              		.loc 1 1869 23 view .LVU669
 2154 000a 0422     		movs	r2, #4
 2155 000c 1343     		orrs	r3, r2
 2156 000e 0366     		str	r3, [r0, #96]
1871:Drivers/STM32G0xx_HAL_Driver/Src/stm32g0xx_hal_fdcan.c ****   }
 2157              		.loc 1 1871 5 is_stmt 1 view .LVU670
1871:Drivers/STM32G0xx_HAL_Driver/Src/stm32g0xx_hal_fdcan.c ****   }
 2158              		.loc 1 1871 12 is_stmt 0 view .LVU671
 2159 0010 0120     		movs	r0, #1
 2160              	.LVL149:
 2161              	.L136:
1873:Drivers/STM32G0xx_HAL_Driver/Src/stm32g0xx_hal_fdcan.c **** 
 2162              		.loc 1 1873 1 view .LVU672
 2163              		@ sp needed
 2164 0012 7047     		bx	lr
 2165              	.LVL150:
 2166              	.L137:
1861:Drivers/STM32G0xx_HAL_Driver/Src/stm32g0xx_hal_fdcan.c **** 
 2167              		.loc 1 1861 5 is_stmt 1 view .LVU673
 2168 0014 0268     		ldr	r2, [r0]
 2169 0016 9369     		ldr	r3, [r2, #24]
 2170 0018 0249     		ldr	r1, .L138
 2171 001a 0B40     		ands	r3, r1
 2172 001c 9361     		str	r3, [r2, #24]
1864:Drivers/STM32G0xx_HAL_Driver/Src/stm32g0xx_hal_fdcan.c ****   }
 2173              		.loc 1 1864 5 view .LVU674
1864:Drivers/STM32G0xx_HAL_Driver/Src/stm32g0xx_hal_fdcan.c ****   }
 2174              		.loc 1 1864 12 is_stmt 0 view .LVU675
 2175 001e 0020     		movs	r0, #0
 2176              	.LVL151:
1864:Drivers/STM32G0xx_HAL_Driver/Src/stm32g0xx_hal_fdcan.c ****   }
 2177              		.loc 1 1864 12 view .LVU676
 2178 0020 F7E7     		b	.L136
 2179              	.L139:
 2180 0022 C046     		.align	2
 2181              	.L138:
 2182 0024 FF7FFFFF 		.word	-32769
 2183              		.cfi_endproc
 2184              	.LFE517:
 2186              		.section	.text.HAL_FDCAN_DisableISOMode,"ax",%progbits
 2187              		.align	1
 2188              		.global	HAL_FDCAN_DisableISOMode
 2189              		.syntax unified
 2190              		.code	16
 2191              		.thumb_func
 2193              	HAL_FDCAN_DisableISOMode:
 2194              	.LVL152:
 2195              	.LFB518:
1883:Drivers/STM32G0xx_HAL_Driver/Src/stm32g0xx_hal_fdcan.c ****   if (hfdcan->State == HAL_FDCAN_STATE_READY)
 2196              		.loc 1 1883 1 is_stmt 1 view -0
 2197              		.cfi_startproc
 2198              		@ args = 0, pretend = 0, frame = 0
ARM GAS  C:\Users\sante\AppData\Local\Temp\cc59nu4g.s 			page 111


 2199              		@ frame_needed = 0, uses_anonymous_args = 0
 2200              		@ link register save eliminated.
1884:Drivers/STM32G0xx_HAL_Driver/Src/stm32g0xx_hal_fdcan.c ****   {
 2201              		.loc 1 1884 3 view .LVU678
1884:Drivers/STM32G0xx_HAL_Driver/Src/stm32g0xx_hal_fdcan.c ****   {
 2202              		.loc 1 1884 13 is_stmt 0 view .LVU679
 2203 0000 5C23     		movs	r3, #92
 2204 0002 C35C     		ldrb	r3, [r0, r3]
1884:Drivers/STM32G0xx_HAL_Driver/Src/stm32g0xx_hal_fdcan.c ****   {
 2205              		.loc 1 1884 6 view .LVU680
 2206 0004 012B     		cmp	r3, #1
 2207 0006 05D0     		beq	.L143
1895:Drivers/STM32G0xx_HAL_Driver/Src/stm32g0xx_hal_fdcan.c **** 
 2208              		.loc 1 1895 5 is_stmt 1 view .LVU681
1895:Drivers/STM32G0xx_HAL_Driver/Src/stm32g0xx_hal_fdcan.c **** 
 2209              		.loc 1 1895 11 is_stmt 0 view .LVU682
 2210 0008 036E     		ldr	r3, [r0, #96]
1895:Drivers/STM32G0xx_HAL_Driver/Src/stm32g0xx_hal_fdcan.c **** 
 2211              		.loc 1 1895 23 view .LVU683
 2212 000a 0422     		movs	r2, #4
 2213 000c 1343     		orrs	r3, r2
 2214 000e 0366     		str	r3, [r0, #96]
1897:Drivers/STM32G0xx_HAL_Driver/Src/stm32g0xx_hal_fdcan.c ****   }
 2215              		.loc 1 1897 5 is_stmt 1 view .LVU684
1897:Drivers/STM32G0xx_HAL_Driver/Src/stm32g0xx_hal_fdcan.c ****   }
 2216              		.loc 1 1897 12 is_stmt 0 view .LVU685
 2217 0010 0120     		movs	r0, #1
 2218              	.LVL153:
 2219              	.L142:
1899:Drivers/STM32G0xx_HAL_Driver/Src/stm32g0xx_hal_fdcan.c **** 
 2220              		.loc 1 1899 1 view .LVU686
 2221              		@ sp needed
 2222 0012 7047     		bx	lr
 2223              	.LVL154:
 2224              	.L143:
1887:Drivers/STM32G0xx_HAL_Driver/Src/stm32g0xx_hal_fdcan.c **** 
 2225              		.loc 1 1887 5 is_stmt 1 view .LVU687
 2226 0014 0268     		ldr	r2, [r0]
 2227 0016 9169     		ldr	r1, [r2, #24]
 2228 0018 8023     		movs	r3, #128
 2229 001a 1B02     		lsls	r3, r3, #8
 2230 001c 0B43     		orrs	r3, r1
 2231 001e 9361     		str	r3, [r2, #24]
1890:Drivers/STM32G0xx_HAL_Driver/Src/stm32g0xx_hal_fdcan.c ****   }
 2232              		.loc 1 1890 5 view .LVU688
1890:Drivers/STM32G0xx_HAL_Driver/Src/stm32g0xx_hal_fdcan.c ****   }
 2233              		.loc 1 1890 12 is_stmt 0 view .LVU689
 2234 0020 0020     		movs	r0, #0
 2235              	.LVL155:
1890:Drivers/STM32G0xx_HAL_Driver/Src/stm32g0xx_hal_fdcan.c ****   }
 2236              		.loc 1 1890 12 view .LVU690
 2237 0022 F6E7     		b	.L142
 2238              		.cfi_endproc
 2239              	.LFE518:
 2241              		.section	.text.HAL_FDCAN_EnableEdgeFiltering,"ax",%progbits
 2242              		.align	1
 2243              		.global	HAL_FDCAN_EnableEdgeFiltering
ARM GAS  C:\Users\sante\AppData\Local\Temp\cc59nu4g.s 			page 112


 2244              		.syntax unified
 2245              		.code	16
 2246              		.thumb_func
 2248              	HAL_FDCAN_EnableEdgeFiltering:
 2249              	.LVL156:
 2250              	.LFB519:
1909:Drivers/STM32G0xx_HAL_Driver/Src/stm32g0xx_hal_fdcan.c ****   if (hfdcan->State == HAL_FDCAN_STATE_READY)
 2251              		.loc 1 1909 1 is_stmt 1 view -0
 2252              		.cfi_startproc
 2253              		@ args = 0, pretend = 0, frame = 0
 2254              		@ frame_needed = 0, uses_anonymous_args = 0
 2255              		@ link register save eliminated.
1910:Drivers/STM32G0xx_HAL_Driver/Src/stm32g0xx_hal_fdcan.c ****   {
 2256              		.loc 1 1910 3 view .LVU692
1910:Drivers/STM32G0xx_HAL_Driver/Src/stm32g0xx_hal_fdcan.c ****   {
 2257              		.loc 1 1910 13 is_stmt 0 view .LVU693
 2258 0000 5C23     		movs	r3, #92
 2259 0002 C35C     		ldrb	r3, [r0, r3]
1910:Drivers/STM32G0xx_HAL_Driver/Src/stm32g0xx_hal_fdcan.c ****   {
 2260              		.loc 1 1910 6 view .LVU694
 2261 0004 012B     		cmp	r3, #1
 2262 0006 05D0     		beq	.L147
1921:Drivers/STM32G0xx_HAL_Driver/Src/stm32g0xx_hal_fdcan.c **** 
 2263              		.loc 1 1921 5 is_stmt 1 view .LVU695
1921:Drivers/STM32G0xx_HAL_Driver/Src/stm32g0xx_hal_fdcan.c **** 
 2264              		.loc 1 1921 11 is_stmt 0 view .LVU696
 2265 0008 036E     		ldr	r3, [r0, #96]
1921:Drivers/STM32G0xx_HAL_Driver/Src/stm32g0xx_hal_fdcan.c **** 
 2266              		.loc 1 1921 23 view .LVU697
 2267 000a 0422     		movs	r2, #4
 2268 000c 1343     		orrs	r3, r2
 2269 000e 0366     		str	r3, [r0, #96]
1923:Drivers/STM32G0xx_HAL_Driver/Src/stm32g0xx_hal_fdcan.c ****   }
 2270              		.loc 1 1923 5 is_stmt 1 view .LVU698
1923:Drivers/STM32G0xx_HAL_Driver/Src/stm32g0xx_hal_fdcan.c ****   }
 2271              		.loc 1 1923 12 is_stmt 0 view .LVU699
 2272 0010 0120     		movs	r0, #1
 2273              	.LVL157:
 2274              	.L146:
1925:Drivers/STM32G0xx_HAL_Driver/Src/stm32g0xx_hal_fdcan.c **** 
 2275              		.loc 1 1925 1 view .LVU700
 2276              		@ sp needed
 2277 0012 7047     		bx	lr
 2278              	.LVL158:
 2279              	.L147:
1913:Drivers/STM32G0xx_HAL_Driver/Src/stm32g0xx_hal_fdcan.c **** 
 2280              		.loc 1 1913 5 is_stmt 1 view .LVU701
 2281 0014 0268     		ldr	r2, [r0]
 2282 0016 9169     		ldr	r1, [r2, #24]
 2283 0018 8023     		movs	r3, #128
 2284 001a 9B01     		lsls	r3, r3, #6
 2285 001c 0B43     		orrs	r3, r1
 2286 001e 9361     		str	r3, [r2, #24]
1916:Drivers/STM32G0xx_HAL_Driver/Src/stm32g0xx_hal_fdcan.c ****   }
 2287              		.loc 1 1916 5 view .LVU702
1916:Drivers/STM32G0xx_HAL_Driver/Src/stm32g0xx_hal_fdcan.c ****   }
 2288              		.loc 1 1916 12 is_stmt 0 view .LVU703
ARM GAS  C:\Users\sante\AppData\Local\Temp\cc59nu4g.s 			page 113


 2289 0020 0020     		movs	r0, #0
 2290              	.LVL159:
1916:Drivers/STM32G0xx_HAL_Driver/Src/stm32g0xx_hal_fdcan.c ****   }
 2291              		.loc 1 1916 12 view .LVU704
 2292 0022 F6E7     		b	.L146
 2293              		.cfi_endproc
 2294              	.LFE519:
 2296              		.section	.text.HAL_FDCAN_DisableEdgeFiltering,"ax",%progbits
 2297              		.align	1
 2298              		.global	HAL_FDCAN_DisableEdgeFiltering
 2299              		.syntax unified
 2300              		.code	16
 2301              		.thumb_func
 2303              	HAL_FDCAN_DisableEdgeFiltering:
 2304              	.LVL160:
 2305              	.LFB520:
1935:Drivers/STM32G0xx_HAL_Driver/Src/stm32g0xx_hal_fdcan.c ****   if (hfdcan->State == HAL_FDCAN_STATE_READY)
 2306              		.loc 1 1935 1 is_stmt 1 view -0
 2307              		.cfi_startproc
 2308              		@ args = 0, pretend = 0, frame = 0
 2309              		@ frame_needed = 0, uses_anonymous_args = 0
 2310              		@ link register save eliminated.
1936:Drivers/STM32G0xx_HAL_Driver/Src/stm32g0xx_hal_fdcan.c ****   {
 2311              		.loc 1 1936 3 view .LVU706
1936:Drivers/STM32G0xx_HAL_Driver/Src/stm32g0xx_hal_fdcan.c ****   {
 2312              		.loc 1 1936 13 is_stmt 0 view .LVU707
 2313 0000 5C23     		movs	r3, #92
 2314 0002 C35C     		ldrb	r3, [r0, r3]
1936:Drivers/STM32G0xx_HAL_Driver/Src/stm32g0xx_hal_fdcan.c ****   {
 2315              		.loc 1 1936 6 view .LVU708
 2316 0004 012B     		cmp	r3, #1
 2317 0006 05D0     		beq	.L151
1947:Drivers/STM32G0xx_HAL_Driver/Src/stm32g0xx_hal_fdcan.c **** 
 2318              		.loc 1 1947 5 is_stmt 1 view .LVU709
1947:Drivers/STM32G0xx_HAL_Driver/Src/stm32g0xx_hal_fdcan.c **** 
 2319              		.loc 1 1947 11 is_stmt 0 view .LVU710
 2320 0008 036E     		ldr	r3, [r0, #96]
1947:Drivers/STM32G0xx_HAL_Driver/Src/stm32g0xx_hal_fdcan.c **** 
 2321              		.loc 1 1947 23 view .LVU711
 2322 000a 0422     		movs	r2, #4
 2323 000c 1343     		orrs	r3, r2
 2324 000e 0366     		str	r3, [r0, #96]
1949:Drivers/STM32G0xx_HAL_Driver/Src/stm32g0xx_hal_fdcan.c ****   }
 2325              		.loc 1 1949 5 is_stmt 1 view .LVU712
1949:Drivers/STM32G0xx_HAL_Driver/Src/stm32g0xx_hal_fdcan.c ****   }
 2326              		.loc 1 1949 12 is_stmt 0 view .LVU713
 2327 0010 0120     		movs	r0, #1
 2328              	.LVL161:
 2329              	.L150:
1951:Drivers/STM32G0xx_HAL_Driver/Src/stm32g0xx_hal_fdcan.c **** 
 2330              		.loc 1 1951 1 view .LVU714
 2331              		@ sp needed
 2332 0012 7047     		bx	lr
 2333              	.LVL162:
 2334              	.L151:
1939:Drivers/STM32G0xx_HAL_Driver/Src/stm32g0xx_hal_fdcan.c **** 
 2335              		.loc 1 1939 5 is_stmt 1 view .LVU715
ARM GAS  C:\Users\sante\AppData\Local\Temp\cc59nu4g.s 			page 114


 2336 0014 0268     		ldr	r2, [r0]
 2337 0016 9369     		ldr	r3, [r2, #24]
 2338 0018 0249     		ldr	r1, .L152
 2339 001a 0B40     		ands	r3, r1
 2340 001c 9361     		str	r3, [r2, #24]
1942:Drivers/STM32G0xx_HAL_Driver/Src/stm32g0xx_hal_fdcan.c ****   }
 2341              		.loc 1 1942 5 view .LVU716
1942:Drivers/STM32G0xx_HAL_Driver/Src/stm32g0xx_hal_fdcan.c ****   }
 2342              		.loc 1 1942 12 is_stmt 0 view .LVU717
 2343 001e 0020     		movs	r0, #0
 2344              	.LVL163:
1942:Drivers/STM32G0xx_HAL_Driver/Src/stm32g0xx_hal_fdcan.c ****   }
 2345              		.loc 1 1942 12 view .LVU718
 2346 0020 F7E7     		b	.L150
 2347              	.L153:
 2348 0022 C046     		.align	2
 2349              	.L152:
 2350 0024 FFDFFFFF 		.word	-8193
 2351              		.cfi_endproc
 2352              	.LFE520:
 2354              		.section	.text.HAL_FDCAN_Start,"ax",%progbits
 2355              		.align	1
 2356              		.global	HAL_FDCAN_Start
 2357              		.syntax unified
 2358              		.code	16
 2359              		.thumb_func
 2361              	HAL_FDCAN_Start:
 2362              	.LVL164:
 2363              	.LFB521:
1995:Drivers/STM32G0xx_HAL_Driver/Src/stm32g0xx_hal_fdcan.c ****   if (hfdcan->State == HAL_FDCAN_STATE_READY)
 2364              		.loc 1 1995 1 is_stmt 1 view -0
 2365              		.cfi_startproc
 2366              		@ args = 0, pretend = 0, frame = 0
 2367              		@ frame_needed = 0, uses_anonymous_args = 0
 2368              		@ link register save eliminated.
1996:Drivers/STM32G0xx_HAL_Driver/Src/stm32g0xx_hal_fdcan.c ****   {
 2369              		.loc 1 1996 3 view .LVU720
1996:Drivers/STM32G0xx_HAL_Driver/Src/stm32g0xx_hal_fdcan.c ****   {
 2370              		.loc 1 1996 13 is_stmt 0 view .LVU721
 2371 0000 5C23     		movs	r3, #92
 2372 0002 C35C     		ldrb	r3, [r0, r3]
1996:Drivers/STM32G0xx_HAL_Driver/Src/stm32g0xx_hal_fdcan.c ****   {
 2373              		.loc 1 1996 6 view .LVU722
 2374 0004 012B     		cmp	r3, #1
 2375 0006 05D0     		beq	.L157
2013:Drivers/STM32G0xx_HAL_Driver/Src/stm32g0xx_hal_fdcan.c **** 
 2376              		.loc 1 2013 5 is_stmt 1 view .LVU723
2013:Drivers/STM32G0xx_HAL_Driver/Src/stm32g0xx_hal_fdcan.c **** 
 2377              		.loc 1 2013 11 is_stmt 0 view .LVU724
 2378 0008 036E     		ldr	r3, [r0, #96]
2013:Drivers/STM32G0xx_HAL_Driver/Src/stm32g0xx_hal_fdcan.c **** 
 2379              		.loc 1 2013 23 view .LVU725
 2380 000a 0422     		movs	r2, #4
 2381 000c 1343     		orrs	r3, r2
 2382 000e 0366     		str	r3, [r0, #96]
2015:Drivers/STM32G0xx_HAL_Driver/Src/stm32g0xx_hal_fdcan.c ****   }
 2383              		.loc 1 2015 5 is_stmt 1 view .LVU726
ARM GAS  C:\Users\sante\AppData\Local\Temp\cc59nu4g.s 			page 115


2015:Drivers/STM32G0xx_HAL_Driver/Src/stm32g0xx_hal_fdcan.c ****   }
 2384              		.loc 1 2015 12 is_stmt 0 view .LVU727
 2385 0010 0120     		movs	r0, #1
 2386              	.LVL165:
 2387              	.L156:
2017:Drivers/STM32G0xx_HAL_Driver/Src/stm32g0xx_hal_fdcan.c **** 
 2388              		.loc 1 2017 1 view .LVU728
 2389              		@ sp needed
 2390 0012 7047     		bx	lr
 2391              	.LVL166:
 2392              	.L157:
1999:Drivers/STM32G0xx_HAL_Driver/Src/stm32g0xx_hal_fdcan.c **** 
 2393              		.loc 1 1999 5 is_stmt 1 view .LVU729
1999:Drivers/STM32G0xx_HAL_Driver/Src/stm32g0xx_hal_fdcan.c **** 
 2394              		.loc 1 1999 19 is_stmt 0 view .LVU730
 2395 0014 5B33     		adds	r3, r3, #91
 2396 0016 0222     		movs	r2, #2
 2397 0018 C254     		strb	r2, [r0, r3]
2002:Drivers/STM32G0xx_HAL_Driver/Src/stm32g0xx_hal_fdcan.c **** 
 2398              		.loc 1 2002 5 is_stmt 1 view .LVU731
 2399 001a 0268     		ldr	r2, [r0]
 2400 001c 9369     		ldr	r3, [r2, #24]
 2401 001e 0121     		movs	r1, #1
 2402 0020 8B43     		bics	r3, r1
 2403 0022 9361     		str	r3, [r2, #24]
2005:Drivers/STM32G0xx_HAL_Driver/Src/stm32g0xx_hal_fdcan.c **** 
 2404              		.loc 1 2005 5 view .LVU732
2005:Drivers/STM32G0xx_HAL_Driver/Src/stm32g0xx_hal_fdcan.c **** 
 2405              		.loc 1 2005 23 is_stmt 0 view .LVU733
 2406 0024 0023     		movs	r3, #0
 2407 0026 0366     		str	r3, [r0, #96]
2008:Drivers/STM32G0xx_HAL_Driver/Src/stm32g0xx_hal_fdcan.c ****   }
 2408              		.loc 1 2008 5 is_stmt 1 view .LVU734
2008:Drivers/STM32G0xx_HAL_Driver/Src/stm32g0xx_hal_fdcan.c ****   }
 2409              		.loc 1 2008 12 is_stmt 0 view .LVU735
 2410 0028 0020     		movs	r0, #0
 2411              	.LVL167:
2008:Drivers/STM32G0xx_HAL_Driver/Src/stm32g0xx_hal_fdcan.c ****   }
 2412              		.loc 1 2008 12 view .LVU736
 2413 002a F2E7     		b	.L156
 2414              		.cfi_endproc
 2415              	.LFE521:
 2417              		.section	.text.HAL_FDCAN_Stop,"ax",%progbits
 2418              		.align	1
 2419              		.global	HAL_FDCAN_Stop
 2420              		.syntax unified
 2421              		.code	16
 2422              		.thumb_func
 2424              	HAL_FDCAN_Stop:
 2425              	.LVL168:
 2426              	.LFB522:
2026:Drivers/STM32G0xx_HAL_Driver/Src/stm32g0xx_hal_fdcan.c ****   uint32_t Counter = 0U;
 2427              		.loc 1 2026 1 is_stmt 1 view -0
 2428              		.cfi_startproc
 2429              		@ args = 0, pretend = 0, frame = 0
 2430              		@ frame_needed = 0, uses_anonymous_args = 0
 2431              		@ link register save eliminated.
ARM GAS  C:\Users\sante\AppData\Local\Temp\cc59nu4g.s 			page 116


2027:Drivers/STM32G0xx_HAL_Driver/Src/stm32g0xx_hal_fdcan.c **** 
 2432              		.loc 1 2027 3 view .LVU738
2029:Drivers/STM32G0xx_HAL_Driver/Src/stm32g0xx_hal_fdcan.c ****   {
 2433              		.loc 1 2029 3 view .LVU739
2029:Drivers/STM32G0xx_HAL_Driver/Src/stm32g0xx_hal_fdcan.c ****   {
 2434              		.loc 1 2029 13 is_stmt 0 view .LVU740
 2435 0000 5C23     		movs	r3, #92
 2436 0002 C35C     		ldrb	r3, [r0, r3]
2029:Drivers/STM32G0xx_HAL_Driver/Src/stm32g0xx_hal_fdcan.c ****   {
 2437              		.loc 1 2029 6 view .LVU741
 2438 0004 022B     		cmp	r3, #2
 2439 0006 37D1     		bne	.L159
2032:Drivers/STM32G0xx_HAL_Driver/Src/stm32g0xx_hal_fdcan.c **** 
 2440              		.loc 1 2032 5 is_stmt 1 view .LVU742
 2441 0008 0268     		ldr	r2, [r0]
 2442 000a 9369     		ldr	r3, [r2, #24]
 2443 000c 0121     		movs	r1, #1
 2444 000e 0B43     		orrs	r3, r1
 2445 0010 9361     		str	r3, [r2, #24]
2035:Drivers/STM32G0xx_HAL_Driver/Src/stm32g0xx_hal_fdcan.c ****     {
 2446              		.loc 1 2035 5 view .LVU743
2027:Drivers/STM32G0xx_HAL_Driver/Src/stm32g0xx_hal_fdcan.c **** 
 2447              		.loc 1 2027 12 is_stmt 0 view .LVU744
 2448 0012 0022     		movs	r2, #0
 2449              	.LVL169:
 2450              	.L160:
2035:Drivers/STM32G0xx_HAL_Driver/Src/stm32g0xx_hal_fdcan.c ****     {
 2451              		.loc 1 2035 55 is_stmt 1 view .LVU745
2035:Drivers/STM32G0xx_HAL_Driver/Src/stm32g0xx_hal_fdcan.c ****     {
 2452              		.loc 1 2035 19 is_stmt 0 view .LVU746
 2453 0014 0168     		ldr	r1, [r0]
2035:Drivers/STM32G0xx_HAL_Driver/Src/stm32g0xx_hal_fdcan.c ****     {
 2454              		.loc 1 2035 29 view .LVU747
 2455 0016 8B69     		ldr	r3, [r1, #24]
2035:Drivers/STM32G0xx_HAL_Driver/Src/stm32g0xx_hal_fdcan.c ****     {
 2456              		.loc 1 2035 55 view .LVU748
 2457 0018 DB07     		lsls	r3, r3, #31
 2458 001a 0CD4     		bmi	.L167
2038:Drivers/STM32G0xx_HAL_Driver/Src/stm32g0xx_hal_fdcan.c ****       {
 2459              		.loc 1 2038 7 is_stmt 1 view .LVU749
2038:Drivers/STM32G0xx_HAL_Driver/Src/stm32g0xx_hal_fdcan.c ****       {
 2460              		.loc 1 2038 10 is_stmt 0 view .LVU750
 2461 001c 0A2A     		cmp	r2, #10
 2462 001e 01D8     		bhi	.L168
2050:Drivers/STM32G0xx_HAL_Driver/Src/stm32g0xx_hal_fdcan.c ****     }
 2463              		.loc 1 2050 7 is_stmt 1 view .LVU751
2050:Drivers/STM32G0xx_HAL_Driver/Src/stm32g0xx_hal_fdcan.c ****     }
 2464              		.loc 1 2050 14 is_stmt 0 view .LVU752
 2465 0020 0132     		adds	r2, r2, #1
 2466              	.LVL170:
2050:Drivers/STM32G0xx_HAL_Driver/Src/stm32g0xx_hal_fdcan.c ****     }
 2467              		.loc 1 2050 14 view .LVU753
 2468 0022 F7E7     		b	.L160
 2469              	.LVL171:
 2470              	.L168:
2041:Drivers/STM32G0xx_HAL_Driver/Src/stm32g0xx_hal_fdcan.c **** 
 2471              		.loc 1 2041 9 is_stmt 1 view .LVU754
ARM GAS  C:\Users\sante\AppData\Local\Temp\cc59nu4g.s 			page 117


2041:Drivers/STM32G0xx_HAL_Driver/Src/stm32g0xx_hal_fdcan.c **** 
 2472              		.loc 1 2041 15 is_stmt 0 view .LVU755
 2473 0024 036E     		ldr	r3, [r0, #96]
2041:Drivers/STM32G0xx_HAL_Driver/Src/stm32g0xx_hal_fdcan.c **** 
 2474              		.loc 1 2041 27 view .LVU756
 2475 0026 0122     		movs	r2, #1
 2476              	.LVL172:
2041:Drivers/STM32G0xx_HAL_Driver/Src/stm32g0xx_hal_fdcan.c **** 
 2477              		.loc 1 2041 27 view .LVU757
 2478 0028 1343     		orrs	r3, r2
 2479 002a 0366     		str	r3, [r0, #96]
2044:Drivers/STM32G0xx_HAL_Driver/Src/stm32g0xx_hal_fdcan.c **** 
 2480              		.loc 1 2044 9 is_stmt 1 view .LVU758
2044:Drivers/STM32G0xx_HAL_Driver/Src/stm32g0xx_hal_fdcan.c **** 
 2481              		.loc 1 2044 23 is_stmt 0 view .LVU759
 2482 002c 5C23     		movs	r3, #92
 2483 002e 0232     		adds	r2, r2, #2
 2484 0030 C254     		strb	r2, [r0, r3]
2046:Drivers/STM32G0xx_HAL_Driver/Src/stm32g0xx_hal_fdcan.c ****       }
 2485              		.loc 1 2046 9 is_stmt 1 view .LVU760
2046:Drivers/STM32G0xx_HAL_Driver/Src/stm32g0xx_hal_fdcan.c ****       }
 2486              		.loc 1 2046 16 is_stmt 0 view .LVU761
 2487 0032 0120     		movs	r0, #1
 2488              	.LVL173:
2046:Drivers/STM32G0xx_HAL_Driver/Src/stm32g0xx_hal_fdcan.c ****       }
 2489              		.loc 1 2046 16 view .LVU762
 2490 0034 25E0     		b	.L162
 2491              	.LVL174:
 2492              	.L167:
2054:Drivers/STM32G0xx_HAL_Driver/Src/stm32g0xx_hal_fdcan.c **** 
 2493              		.loc 1 2054 5 is_stmt 1 view .LVU763
2057:Drivers/STM32G0xx_HAL_Driver/Src/stm32g0xx_hal_fdcan.c **** 
 2494              		.loc 1 2057 5 view .LVU764
 2495 0036 8B69     		ldr	r3, [r1, #24]
 2496 0038 1022     		movs	r2, #16
 2497 003a 9343     		bics	r3, r2
 2498 003c 8B61     		str	r3, [r1, #24]
2060:Drivers/STM32G0xx_HAL_Driver/Src/stm32g0xx_hal_fdcan.c ****     {
 2499              		.loc 1 2060 5 view .LVU765
2054:Drivers/STM32G0xx_HAL_Driver/Src/stm32g0xx_hal_fdcan.c **** 
 2500              		.loc 1 2054 13 is_stmt 0 view .LVU766
 2501 003e 0022     		movs	r2, #0
 2502              	.LVL175:
 2503              	.L164:
2060:Drivers/STM32G0xx_HAL_Driver/Src/stm32g0xx_hal_fdcan.c ****     {
 2504              		.loc 1 2060 54 is_stmt 1 view .LVU767
2060:Drivers/STM32G0xx_HAL_Driver/Src/stm32g0xx_hal_fdcan.c ****     {
 2505              		.loc 1 2060 19 is_stmt 0 view .LVU768
 2506 0040 0168     		ldr	r1, [r0]
2060:Drivers/STM32G0xx_HAL_Driver/Src/stm32g0xx_hal_fdcan.c ****     {
 2507              		.loc 1 2060 29 view .LVU769
 2508 0042 8B69     		ldr	r3, [r1, #24]
2060:Drivers/STM32G0xx_HAL_Driver/Src/stm32g0xx_hal_fdcan.c ****     {
 2509              		.loc 1 2060 54 view .LVU770
 2510 0044 1B07     		lsls	r3, r3, #28
 2511 0046 0CD5     		bpl	.L169
2063:Drivers/STM32G0xx_HAL_Driver/Src/stm32g0xx_hal_fdcan.c ****       {
ARM GAS  C:\Users\sante\AppData\Local\Temp\cc59nu4g.s 			page 118


 2512              		.loc 1 2063 7 is_stmt 1 view .LVU771
2063:Drivers/STM32G0xx_HAL_Driver/Src/stm32g0xx_hal_fdcan.c ****       {
 2513              		.loc 1 2063 10 is_stmt 0 view .LVU772
 2514 0048 0A2A     		cmp	r2, #10
 2515 004a 01D8     		bhi	.L170
2075:Drivers/STM32G0xx_HAL_Driver/Src/stm32g0xx_hal_fdcan.c ****     }
 2516              		.loc 1 2075 7 is_stmt 1 view .LVU773
2075:Drivers/STM32G0xx_HAL_Driver/Src/stm32g0xx_hal_fdcan.c ****     }
 2517              		.loc 1 2075 14 is_stmt 0 view .LVU774
 2518 004c 0132     		adds	r2, r2, #1
 2519              	.LVL176:
2075:Drivers/STM32G0xx_HAL_Driver/Src/stm32g0xx_hal_fdcan.c ****     }
 2520              		.loc 1 2075 14 view .LVU775
 2521 004e F7E7     		b	.L164
 2522              	.LVL177:
 2523              	.L170:
2066:Drivers/STM32G0xx_HAL_Driver/Src/stm32g0xx_hal_fdcan.c **** 
 2524              		.loc 1 2066 9 is_stmt 1 view .LVU776
2066:Drivers/STM32G0xx_HAL_Driver/Src/stm32g0xx_hal_fdcan.c **** 
 2525              		.loc 1 2066 15 is_stmt 0 view .LVU777
 2526 0050 036E     		ldr	r3, [r0, #96]
2066:Drivers/STM32G0xx_HAL_Driver/Src/stm32g0xx_hal_fdcan.c **** 
 2527              		.loc 1 2066 27 view .LVU778
 2528 0052 0122     		movs	r2, #1
 2529              	.LVL178:
2066:Drivers/STM32G0xx_HAL_Driver/Src/stm32g0xx_hal_fdcan.c **** 
 2530              		.loc 1 2066 27 view .LVU779
 2531 0054 1343     		orrs	r3, r2
 2532 0056 0366     		str	r3, [r0, #96]
2069:Drivers/STM32G0xx_HAL_Driver/Src/stm32g0xx_hal_fdcan.c **** 
 2533              		.loc 1 2069 9 is_stmt 1 view .LVU780
2069:Drivers/STM32G0xx_HAL_Driver/Src/stm32g0xx_hal_fdcan.c **** 
 2534              		.loc 1 2069 23 is_stmt 0 view .LVU781
 2535 0058 5C23     		movs	r3, #92
 2536 005a 0232     		adds	r2, r2, #2
 2537 005c C254     		strb	r2, [r0, r3]
2071:Drivers/STM32G0xx_HAL_Driver/Src/stm32g0xx_hal_fdcan.c ****       }
 2538              		.loc 1 2071 9 is_stmt 1 view .LVU782
2071:Drivers/STM32G0xx_HAL_Driver/Src/stm32g0xx_hal_fdcan.c ****       }
 2539              		.loc 1 2071 16 is_stmt 0 view .LVU783
 2540 005e 0120     		movs	r0, #1
 2541              	.LVL179:
2071:Drivers/STM32G0xx_HAL_Driver/Src/stm32g0xx_hal_fdcan.c ****       }
 2542              		.loc 1 2071 16 view .LVU784
 2543 0060 0FE0     		b	.L162
 2544              	.LVL180:
 2545              	.L169:
2079:Drivers/STM32G0xx_HAL_Driver/Src/stm32g0xx_hal_fdcan.c **** 
 2546              		.loc 1 2079 5 is_stmt 1 view .LVU785
 2547 0062 8B69     		ldr	r3, [r1, #24]
 2548 0064 0222     		movs	r2, #2
 2549              	.LVL181:
2079:Drivers/STM32G0xx_HAL_Driver/Src/stm32g0xx_hal_fdcan.c **** 
 2550              		.loc 1 2079 5 is_stmt 0 view .LVU786
 2551 0066 1343     		orrs	r3, r2
 2552 0068 8B61     		str	r3, [r1, #24]
2082:Drivers/STM32G0xx_HAL_Driver/Src/stm32g0xx_hal_fdcan.c **** 
ARM GAS  C:\Users\sante\AppData\Local\Temp\cc59nu4g.s 			page 119


 2553              		.loc 1 2082 5 is_stmt 1 view .LVU787
2082:Drivers/STM32G0xx_HAL_Driver/Src/stm32g0xx_hal_fdcan.c **** 
 2554              		.loc 1 2082 34 is_stmt 0 view .LVU788
 2555 006a 0023     		movs	r3, #0
 2556 006c 8365     		str	r3, [r0, #88]
2085:Drivers/STM32G0xx_HAL_Driver/Src/stm32g0xx_hal_fdcan.c **** 
 2557              		.loc 1 2085 5 is_stmt 1 view .LVU789
2085:Drivers/STM32G0xx_HAL_Driver/Src/stm32g0xx_hal_fdcan.c **** 
 2558              		.loc 1 2085 19 is_stmt 0 view .LVU790
 2559 006e 5C33     		adds	r3, r3, #92
 2560 0070 013A     		subs	r2, r2, #1
 2561 0072 C254     		strb	r2, [r0, r3]
2088:Drivers/STM32G0xx_HAL_Driver/Src/stm32g0xx_hal_fdcan.c ****   }
 2562              		.loc 1 2088 5 is_stmt 1 view .LVU791
2088:Drivers/STM32G0xx_HAL_Driver/Src/stm32g0xx_hal_fdcan.c ****   }
 2563              		.loc 1 2088 12 is_stmt 0 view .LVU792
 2564 0074 0020     		movs	r0, #0
 2565              	.LVL182:
2088:Drivers/STM32G0xx_HAL_Driver/Src/stm32g0xx_hal_fdcan.c ****   }
 2566              		.loc 1 2088 12 view .LVU793
 2567 0076 04E0     		b	.L162
 2568              	.LVL183:
 2569              	.L159:
2093:Drivers/STM32G0xx_HAL_Driver/Src/stm32g0xx_hal_fdcan.c **** 
 2570              		.loc 1 2093 5 is_stmt 1 view .LVU794
2093:Drivers/STM32G0xx_HAL_Driver/Src/stm32g0xx_hal_fdcan.c **** 
 2571              		.loc 1 2093 11 is_stmt 0 view .LVU795
 2572 0078 036E     		ldr	r3, [r0, #96]
2093:Drivers/STM32G0xx_HAL_Driver/Src/stm32g0xx_hal_fdcan.c **** 
 2573              		.loc 1 2093 23 view .LVU796
 2574 007a 0822     		movs	r2, #8
 2575 007c 1343     		orrs	r3, r2
 2576 007e 0366     		str	r3, [r0, #96]
2095:Drivers/STM32G0xx_HAL_Driver/Src/stm32g0xx_hal_fdcan.c ****   }
 2577              		.loc 1 2095 5 is_stmt 1 view .LVU797
2095:Drivers/STM32G0xx_HAL_Driver/Src/stm32g0xx_hal_fdcan.c ****   }
 2578              		.loc 1 2095 12 is_stmt 0 view .LVU798
 2579 0080 0120     		movs	r0, #1
 2580              	.LVL184:
 2581              	.L162:
2097:Drivers/STM32G0xx_HAL_Driver/Src/stm32g0xx_hal_fdcan.c **** 
 2582              		.loc 1 2097 1 view .LVU799
 2583              		@ sp needed
 2584 0082 7047     		bx	lr
 2585              		.cfi_endproc
 2586              	.LFE522:
 2588              		.section	.text.HAL_FDCAN_DeInit,"ax",%progbits
 2589              		.align	1
 2590              		.global	HAL_FDCAN_DeInit
 2591              		.syntax unified
 2592              		.code	16
 2593              		.thumb_func
 2595              	HAL_FDCAN_DeInit:
 2596              	.LVL185:
 2597              	.LFB494:
 537:Drivers/STM32G0xx_HAL_Driver/Src/stm32g0xx_hal_fdcan.c ****   /* Check FDCAN handle */
 2598              		.loc 1 537 1 is_stmt 1 view -0
ARM GAS  C:\Users\sante\AppData\Local\Temp\cc59nu4g.s 			page 120


 2599              		.cfi_startproc
 2600              		@ args = 0, pretend = 0, frame = 0
 2601              		@ frame_needed = 0, uses_anonymous_args = 0
 537:Drivers/STM32G0xx_HAL_Driver/Src/stm32g0xx_hal_fdcan.c ****   /* Check FDCAN handle */
 2602              		.loc 1 537 1 is_stmt 0 view .LVU801
 2603 0000 10B5     		push	{r4, lr}
 2604              		.cfi_def_cfa_offset 8
 2605              		.cfi_offset 4, -8
 2606              		.cfi_offset 14, -4
 2607 0002 041E     		subs	r4, r0, #0
 539:Drivers/STM32G0xx_HAL_Driver/Src/stm32g0xx_hal_fdcan.c ****   {
 2608              		.loc 1 539 3 is_stmt 1 view .LVU802
 539:Drivers/STM32G0xx_HAL_Driver/Src/stm32g0xx_hal_fdcan.c ****   {
 2609              		.loc 1 539 6 is_stmt 0 view .LVU803
 2610 0004 0FD0     		beq	.L173
 545:Drivers/STM32G0xx_HAL_Driver/Src/stm32g0xx_hal_fdcan.c **** 
 2611              		.loc 1 545 3 is_stmt 1 view .LVU804
 548:Drivers/STM32G0xx_HAL_Driver/Src/stm32g0xx_hal_fdcan.c **** 
 2612              		.loc 1 548 3 view .LVU805
 548:Drivers/STM32G0xx_HAL_Driver/Src/stm32g0xx_hal_fdcan.c **** 
 2613              		.loc 1 548 9 is_stmt 0 view .LVU806
 2614 0006 FFF7FEFF 		bl	HAL_FDCAN_Stop
 2615              	.LVL186:
 551:Drivers/STM32G0xx_HAL_Driver/Src/stm32g0xx_hal_fdcan.c **** 
 2616              		.loc 1 551 3 is_stmt 1 view .LVU807
 2617 000a 2268     		ldr	r2, [r4]
 2618 000c D36D     		ldr	r3, [r2, #92]
 2619 000e 0321     		movs	r1, #3
 2620 0010 8B43     		bics	r3, r1
 2621 0012 D365     		str	r3, [r2, #92]
 563:Drivers/STM32G0xx_HAL_Driver/Src/stm32g0xx_hal_fdcan.c **** #endif /* USE_HAL_FDCAN_REGISTER_CALLBACKS */
 2622              		.loc 1 563 3 view .LVU808
 2623 0014 2000     		movs	r0, r4
 2624 0016 FFF7FEFF 		bl	HAL_FDCAN_MspDeInit
 2625              	.LVL187:
 567:Drivers/STM32G0xx_HAL_Driver/Src/stm32g0xx_hal_fdcan.c **** 
 2626              		.loc 1 567 3 view .LVU809
 567:Drivers/STM32G0xx_HAL_Driver/Src/stm32g0xx_hal_fdcan.c **** 
 2627              		.loc 1 567 21 is_stmt 0 view .LVU810
 2628 001a 0023     		movs	r3, #0
 2629 001c 2366     		str	r3, [r4, #96]
 570:Drivers/STM32G0xx_HAL_Driver/Src/stm32g0xx_hal_fdcan.c **** 
 2630              		.loc 1 570 3 is_stmt 1 view .LVU811
 570:Drivers/STM32G0xx_HAL_Driver/Src/stm32g0xx_hal_fdcan.c **** 
 2631              		.loc 1 570 17 is_stmt 0 view .LVU812
 2632 001e 5C22     		movs	r2, #92
 2633 0020 A354     		strb	r3, [r4, r2]
 573:Drivers/STM32G0xx_HAL_Driver/Src/stm32g0xx_hal_fdcan.c **** }
 2634              		.loc 1 573 3 is_stmt 1 view .LVU813
 573:Drivers/STM32G0xx_HAL_Driver/Src/stm32g0xx_hal_fdcan.c **** }
 2635              		.loc 1 573 10 is_stmt 0 view .LVU814
 2636 0022 0020     		movs	r0, #0
 2637              	.L172:
 574:Drivers/STM32G0xx_HAL_Driver/Src/stm32g0xx_hal_fdcan.c **** 
 2638              		.loc 1 574 1 view .LVU815
 2639              		@ sp needed
 2640              	.LVL188:
ARM GAS  C:\Users\sante\AppData\Local\Temp\cc59nu4g.s 			page 121


 574:Drivers/STM32G0xx_HAL_Driver/Src/stm32g0xx_hal_fdcan.c **** 
 2641              		.loc 1 574 1 view .LVU816
 2642 0024 10BD     		pop	{r4, pc}
 2643              	.LVL189:
 2644              	.L173:
 541:Drivers/STM32G0xx_HAL_Driver/Src/stm32g0xx_hal_fdcan.c ****   }
 2645              		.loc 1 541 12 view .LVU817
 2646 0026 0120     		movs	r0, #1
 2647              	.LVL190:
 541:Drivers/STM32G0xx_HAL_Driver/Src/stm32g0xx_hal_fdcan.c ****   }
 2648              		.loc 1 541 12 view .LVU818
 2649 0028 FCE7     		b	.L172
 2650              		.cfi_endproc
 2651              	.LFE494:
 2653              		.section	.text.HAL_FDCAN_AddMessageToTxFifoQ,"ax",%progbits
 2654              		.align	1
 2655              		.global	HAL_FDCAN_AddMessageToTxFifoQ
 2656              		.syntax unified
 2657              		.code	16
 2658              		.thumb_func
 2660              	HAL_FDCAN_AddMessageToTxFifoQ:
 2661              	.LVL191:
 2662              	.LFB523:
2109:Drivers/STM32G0xx_HAL_Driver/Src/stm32g0xx_hal_fdcan.c ****   uint32_t PutIndex;
 2663              		.loc 1 2109 1 is_stmt 1 view -0
 2664              		.cfi_startproc
 2665              		@ args = 0, pretend = 0, frame = 0
 2666              		@ frame_needed = 0, uses_anonymous_args = 0
2109:Drivers/STM32G0xx_HAL_Driver/Src/stm32g0xx_hal_fdcan.c ****   uint32_t PutIndex;
 2667              		.loc 1 2109 1 is_stmt 0 view .LVU820
 2668 0000 70B5     		push	{r4, r5, r6, lr}
 2669              		.cfi_def_cfa_offset 16
 2670              		.cfi_offset 4, -16
 2671              		.cfi_offset 5, -12
 2672              		.cfi_offset 6, -8
 2673              		.cfi_offset 14, -4
 2674 0002 0400     		movs	r4, r0
2110:Drivers/STM32G0xx_HAL_Driver/Src/stm32g0xx_hal_fdcan.c **** 
 2675              		.loc 1 2110 3 is_stmt 1 view .LVU821
2113:Drivers/STM32G0xx_HAL_Driver/Src/stm32g0xx_hal_fdcan.c ****   if (pTxHeader->IdType == FDCAN_STANDARD_ID)
 2676              		.loc 1 2113 3 view .LVU822
2114:Drivers/STM32G0xx_HAL_Driver/Src/stm32g0xx_hal_fdcan.c ****   {
 2677              		.loc 1 2114 3 view .LVU823
2116:Drivers/STM32G0xx_HAL_Driver/Src/stm32g0xx_hal_fdcan.c ****   }
 2678              		.loc 1 2116 5 view .LVU824
2120:Drivers/STM32G0xx_HAL_Driver/Src/stm32g0xx_hal_fdcan.c ****   }
 2679              		.loc 1 2120 5 view .LVU825
2122:Drivers/STM32G0xx_HAL_Driver/Src/stm32g0xx_hal_fdcan.c ****   assert_param(IS_FDCAN_DLC(pTxHeader->DataLength));
 2680              		.loc 1 2122 3 view .LVU826
2123:Drivers/STM32G0xx_HAL_Driver/Src/stm32g0xx_hal_fdcan.c ****   assert_param(IS_FDCAN_ESI(pTxHeader->ErrorStateIndicator));
 2681              		.loc 1 2123 3 view .LVU827
2124:Drivers/STM32G0xx_HAL_Driver/Src/stm32g0xx_hal_fdcan.c ****   assert_param(IS_FDCAN_BRS(pTxHeader->BitRateSwitch));
 2682              		.loc 1 2124 3 view .LVU828
2125:Drivers/STM32G0xx_HAL_Driver/Src/stm32g0xx_hal_fdcan.c ****   assert_param(IS_FDCAN_FDF(pTxHeader->FDFormat));
 2683              		.loc 1 2125 3 view .LVU829
2126:Drivers/STM32G0xx_HAL_Driver/Src/stm32g0xx_hal_fdcan.c ****   assert_param(IS_FDCAN_EFC(pTxHeader->TxEventFifoControl));
 2684              		.loc 1 2126 3 view .LVU830
ARM GAS  C:\Users\sante\AppData\Local\Temp\cc59nu4g.s 			page 122


2127:Drivers/STM32G0xx_HAL_Driver/Src/stm32g0xx_hal_fdcan.c ****   assert_param(IS_FDCAN_MAX_VALUE(pTxHeader->MessageMarker, 0xFFU));
 2685              		.loc 1 2127 3 view .LVU831
2128:Drivers/STM32G0xx_HAL_Driver/Src/stm32g0xx_hal_fdcan.c **** 
 2686              		.loc 1 2128 3 view .LVU832
2130:Drivers/STM32G0xx_HAL_Driver/Src/stm32g0xx_hal_fdcan.c ****   {
 2687              		.loc 1 2130 3 view .LVU833
2130:Drivers/STM32G0xx_HAL_Driver/Src/stm32g0xx_hal_fdcan.c ****   {
 2688              		.loc 1 2130 13 is_stmt 0 view .LVU834
 2689 0004 5C23     		movs	r3, #92
 2690 0006 C35C     		ldrb	r3, [r0, r3]
2130:Drivers/STM32G0xx_HAL_Driver/Src/stm32g0xx_hal_fdcan.c ****   {
 2691              		.loc 1 2130 6 view .LVU835
 2692 0008 022B     		cmp	r3, #2
 2693 000a 1CD1     		bne	.L175
2133:Drivers/STM32G0xx_HAL_Driver/Src/stm32g0xx_hal_fdcan.c ****     {
 2694              		.loc 1 2133 5 is_stmt 1 view .LVU836
2133:Drivers/STM32G0xx_HAL_Driver/Src/stm32g0xx_hal_fdcan.c ****     {
 2695              		.loc 1 2133 16 is_stmt 0 view .LVU837
 2696 000c 0068     		ldr	r0, [r0]
 2697              	.LVL192:
2133:Drivers/STM32G0xx_HAL_Driver/Src/stm32g0xx_hal_fdcan.c ****     {
 2698              		.loc 1 2133 26 view .LVU838
 2699 000e C233     		adds	r3, r3, #194
 2700 0010 C358     		ldr	r3, [r0, r3]
2133:Drivers/STM32G0xx_HAL_Driver/Src/stm32g0xx_hal_fdcan.c ****     {
 2701              		.loc 1 2133 8 view .LVU839
 2702 0012 9B02     		lsls	r3, r3, #10
 2703 0014 06D5     		bpl	.L176
2136:Drivers/STM32G0xx_HAL_Driver/Src/stm32g0xx_hal_fdcan.c **** 
 2704              		.loc 1 2136 7 is_stmt 1 view .LVU840
2136:Drivers/STM32G0xx_HAL_Driver/Src/stm32g0xx_hal_fdcan.c **** 
 2705              		.loc 1 2136 13 is_stmt 0 view .LVU841
 2706 0016 226E     		ldr	r2, [r4, #96]
 2707              	.LVL193:
2136:Drivers/STM32G0xx_HAL_Driver/Src/stm32g0xx_hal_fdcan.c **** 
 2708              		.loc 1 2136 25 view .LVU842
 2709 0018 8023     		movs	r3, #128
 2710 001a 9B00     		lsls	r3, r3, #2
 2711 001c 1343     		orrs	r3, r2
 2712 001e 2366     		str	r3, [r4, #96]
2138:Drivers/STM32G0xx_HAL_Driver/Src/stm32g0xx_hal_fdcan.c ****     }
 2713              		.loc 1 2138 7 is_stmt 1 view .LVU843
2138:Drivers/STM32G0xx_HAL_Driver/Src/stm32g0xx_hal_fdcan.c ****     }
 2714              		.loc 1 2138 14 is_stmt 0 view .LVU844
 2715 0020 0120     		movs	r0, #1
 2716 0022 15E0     		b	.L177
 2717              	.LVL194:
 2718              	.L176:
2143:Drivers/STM32G0xx_HAL_Driver/Src/stm32g0xx_hal_fdcan.c **** 
 2719              		.loc 1 2143 7 is_stmt 1 view .LVU845
2143:Drivers/STM32G0xx_HAL_Driver/Src/stm32g0xx_hal_fdcan.c **** 
 2720              		.loc 1 2143 36 is_stmt 0 view .LVU846
 2721 0024 C423     		movs	r3, #196
 2722 0026 C358     		ldr	r3, [r0, r3]
2143:Drivers/STM32G0xx_HAL_Driver/Src/stm32g0xx_hal_fdcan.c **** 
 2723              		.loc 1 2143 65 view .LVU847
 2724 0028 1B0C     		lsrs	r3, r3, #16
ARM GAS  C:\Users\sante\AppData\Local\Temp\cc59nu4g.s 			page 123


2143:Drivers/STM32G0xx_HAL_Driver/Src/stm32g0xx_hal_fdcan.c **** 
 2725              		.loc 1 2143 16 view .LVU848
 2726 002a 0325     		movs	r5, #3
 2727 002c 1D40     		ands	r5, r3
 2728              	.LVL195:
2146:Drivers/STM32G0xx_HAL_Driver/Src/stm32g0xx_hal_fdcan.c **** 
 2729              		.loc 1 2146 7 is_stmt 1 view .LVU849
 2730 002e 2B00     		movs	r3, r5
 2731 0030 2000     		movs	r0, r4
 2732 0032 FFF7FEFF 		bl	FDCAN_CopyMessageToRAM
 2733              	.LVL196:
2149:Drivers/STM32G0xx_HAL_Driver/Src/stm32g0xx_hal_fdcan.c **** 
 2734              		.loc 1 2149 7 view .LVU850
2149:Drivers/STM32G0xx_HAL_Driver/Src/stm32g0xx_hal_fdcan.c **** 
 2735              		.loc 1 2149 13 is_stmt 0 view .LVU851
 2736 0036 2168     		ldr	r1, [r4]
2149:Drivers/STM32G0xx_HAL_Driver/Src/stm32g0xx_hal_fdcan.c **** 
 2737              		.loc 1 2149 46 view .LVU852
 2738 0038 0123     		movs	r3, #1
 2739 003a AB40     		lsls	r3, r3, r5
2149:Drivers/STM32G0xx_HAL_Driver/Src/stm32g0xx_hal_fdcan.c **** 
 2740              		.loc 1 2149 31 view .LVU853
 2741 003c CC22     		movs	r2, #204
 2742 003e 8B50     		str	r3, [r1, r2]
2152:Drivers/STM32G0xx_HAL_Driver/Src/stm32g0xx_hal_fdcan.c ****     }
 2743              		.loc 1 2152 7 is_stmt 1 view .LVU854
2152:Drivers/STM32G0xx_HAL_Driver/Src/stm32g0xx_hal_fdcan.c ****     }
 2744              		.loc 1 2152 36 is_stmt 0 view .LVU855
 2745 0040 A365     		str	r3, [r4, #88]
2156:Drivers/STM32G0xx_HAL_Driver/Src/stm32g0xx_hal_fdcan.c ****   }
 2746              		.loc 1 2156 5 is_stmt 1 view .LVU856
2156:Drivers/STM32G0xx_HAL_Driver/Src/stm32g0xx_hal_fdcan.c ****   }
 2747              		.loc 1 2156 12 is_stmt 0 view .LVU857
 2748 0042 0020     		movs	r0, #0
 2749 0044 04E0     		b	.L177
 2750              	.LVL197:
 2751              	.L175:
2161:Drivers/STM32G0xx_HAL_Driver/Src/stm32g0xx_hal_fdcan.c **** 
 2752              		.loc 1 2161 5 is_stmt 1 view .LVU858
2161:Drivers/STM32G0xx_HAL_Driver/Src/stm32g0xx_hal_fdcan.c **** 
 2753              		.loc 1 2161 11 is_stmt 0 view .LVU859
 2754 0046 036E     		ldr	r3, [r0, #96]
2161:Drivers/STM32G0xx_HAL_Driver/Src/stm32g0xx_hal_fdcan.c **** 
 2755              		.loc 1 2161 23 view .LVU860
 2756 0048 0822     		movs	r2, #8
 2757              	.LVL198:
2161:Drivers/STM32G0xx_HAL_Driver/Src/stm32g0xx_hal_fdcan.c **** 
 2758              		.loc 1 2161 23 view .LVU861
 2759 004a 1343     		orrs	r3, r2
 2760 004c 0366     		str	r3, [r0, #96]
2163:Drivers/STM32G0xx_HAL_Driver/Src/stm32g0xx_hal_fdcan.c ****   }
 2761              		.loc 1 2163 5 is_stmt 1 view .LVU862
2163:Drivers/STM32G0xx_HAL_Driver/Src/stm32g0xx_hal_fdcan.c ****   }
 2762              		.loc 1 2163 12 is_stmt 0 view .LVU863
 2763 004e 0120     		movs	r0, #1
 2764              	.LVL199:
 2765              	.L177:
ARM GAS  C:\Users\sante\AppData\Local\Temp\cc59nu4g.s 			page 124


2165:Drivers/STM32G0xx_HAL_Driver/Src/stm32g0xx_hal_fdcan.c **** 
 2766              		.loc 1 2165 1 view .LVU864
 2767              		@ sp needed
 2768              	.LVL200:
2165:Drivers/STM32G0xx_HAL_Driver/Src/stm32g0xx_hal_fdcan.c **** 
 2769              		.loc 1 2165 1 view .LVU865
 2770 0050 70BD     		pop	{r4, r5, r6, pc}
 2771              		.cfi_endproc
 2772              	.LFE523:
 2774              		.section	.text.HAL_FDCAN_GetLatestTxFifoQRequestBuffer,"ax",%progbits
 2775              		.align	1
 2776              		.global	HAL_FDCAN_GetLatestTxFifoQRequestBuffer
 2777              		.syntax unified
 2778              		.code	16
 2779              		.thumb_func
 2781              	HAL_FDCAN_GetLatestTxFifoQRequestBuffer:
 2782              	.LVL201:
 2783              	.LFB524:
2176:Drivers/STM32G0xx_HAL_Driver/Src/stm32g0xx_hal_fdcan.c ****   /* Return Last Tx FIFO/Queue Request Buffer */
 2784              		.loc 1 2176 1 is_stmt 1 view -0
 2785              		.cfi_startproc
 2786              		@ args = 0, pretend = 0, frame = 0
 2787              		@ frame_needed = 0, uses_anonymous_args = 0
 2788              		@ link register save eliminated.
2178:Drivers/STM32G0xx_HAL_Driver/Src/stm32g0xx_hal_fdcan.c **** }
 2789              		.loc 1 2178 3 view .LVU867
2178:Drivers/STM32G0xx_HAL_Driver/Src/stm32g0xx_hal_fdcan.c **** }
 2790              		.loc 1 2178 16 is_stmt 0 discriminator 1 view .LVU868
 2791 0000 806D     		ldr	r0, [r0, #88]
 2792              	.LVL202:
2179:Drivers/STM32G0xx_HAL_Driver/Src/stm32g0xx_hal_fdcan.c **** 
 2793              		.loc 1 2179 1 view .LVU869
 2794              		@ sp needed
 2795 0002 7047     		bx	lr
 2796              		.cfi_endproc
 2797              	.LFE524:
 2799              		.section	.text.HAL_FDCAN_AbortTxRequest,"ax",%progbits
 2800              		.align	1
 2801              		.global	HAL_FDCAN_AbortTxRequest
 2802              		.syntax unified
 2803              		.code	16
 2804              		.thumb_func
 2806              	HAL_FDCAN_AbortTxRequest:
 2807              	.LVL203:
 2808              	.LFB525:
2190:Drivers/STM32G0xx_HAL_Driver/Src/stm32g0xx_hal_fdcan.c ****   /* Check function parameters */
 2809              		.loc 1 2190 1 is_stmt 1 view -0
 2810              		.cfi_startproc
 2811              		@ args = 0, pretend = 0, frame = 0
 2812              		@ frame_needed = 0, uses_anonymous_args = 0
 2813              		@ link register save eliminated.
2192:Drivers/STM32G0xx_HAL_Driver/Src/stm32g0xx_hal_fdcan.c **** 
 2814              		.loc 1 2192 3 view .LVU871
2194:Drivers/STM32G0xx_HAL_Driver/Src/stm32g0xx_hal_fdcan.c ****   {
 2815              		.loc 1 2194 3 view .LVU872
2194:Drivers/STM32G0xx_HAL_Driver/Src/stm32g0xx_hal_fdcan.c ****   {
 2816              		.loc 1 2194 13 is_stmt 0 view .LVU873
ARM GAS  C:\Users\sante\AppData\Local\Temp\cc59nu4g.s 			page 125


 2817 0000 5C23     		movs	r3, #92
 2818 0002 C35C     		ldrb	r3, [r0, r3]
2194:Drivers/STM32G0xx_HAL_Driver/Src/stm32g0xx_hal_fdcan.c ****   {
 2819              		.loc 1 2194 6 view .LVU874
 2820 0004 022B     		cmp	r3, #2
 2821 0006 05D0     		beq	.L182
2205:Drivers/STM32G0xx_HAL_Driver/Src/stm32g0xx_hal_fdcan.c **** 
 2822              		.loc 1 2205 5 is_stmt 1 view .LVU875
2205:Drivers/STM32G0xx_HAL_Driver/Src/stm32g0xx_hal_fdcan.c **** 
 2823              		.loc 1 2205 11 is_stmt 0 view .LVU876
 2824 0008 036E     		ldr	r3, [r0, #96]
2205:Drivers/STM32G0xx_HAL_Driver/Src/stm32g0xx_hal_fdcan.c **** 
 2825              		.loc 1 2205 23 view .LVU877
 2826 000a 0822     		movs	r2, #8
 2827 000c 1343     		orrs	r3, r2
 2828 000e 0366     		str	r3, [r0, #96]
2207:Drivers/STM32G0xx_HAL_Driver/Src/stm32g0xx_hal_fdcan.c ****   }
 2829              		.loc 1 2207 5 is_stmt 1 view .LVU878
2207:Drivers/STM32G0xx_HAL_Driver/Src/stm32g0xx_hal_fdcan.c ****   }
 2830              		.loc 1 2207 12 is_stmt 0 view .LVU879
 2831 0010 0120     		movs	r0, #1
 2832              	.LVL204:
 2833              	.L181:
2209:Drivers/STM32G0xx_HAL_Driver/Src/stm32g0xx_hal_fdcan.c **** 
 2834              		.loc 1 2209 1 view .LVU880
 2835              		@ sp needed
 2836 0012 7047     		bx	lr
 2837              	.LVL205:
 2838              	.L182:
2197:Drivers/STM32G0xx_HAL_Driver/Src/stm32g0xx_hal_fdcan.c **** 
 2839              		.loc 1 2197 5 is_stmt 1 view .LVU881
2197:Drivers/STM32G0xx_HAL_Driver/Src/stm32g0xx_hal_fdcan.c **** 
 2840              		.loc 1 2197 11 is_stmt 0 view .LVU882
 2841 0014 0268     		ldr	r2, [r0]
2197:Drivers/STM32G0xx_HAL_Driver/Src/stm32g0xx_hal_fdcan.c **** 
 2842              		.loc 1 2197 29 view .LVU883
 2843 0016 CE33     		adds	r3, r3, #206
 2844 0018 D150     		str	r1, [r2, r3]
2200:Drivers/STM32G0xx_HAL_Driver/Src/stm32g0xx_hal_fdcan.c ****   }
 2845              		.loc 1 2200 5 is_stmt 1 view .LVU884
2200:Drivers/STM32G0xx_HAL_Driver/Src/stm32g0xx_hal_fdcan.c ****   }
 2846              		.loc 1 2200 12 is_stmt 0 view .LVU885
 2847 001a 0020     		movs	r0, #0
 2848              	.LVL206:
2200:Drivers/STM32G0xx_HAL_Driver/Src/stm32g0xx_hal_fdcan.c ****   }
 2849              		.loc 1 2200 12 view .LVU886
 2850 001c F9E7     		b	.L181
 2851              		.cfi_endproc
 2852              	.LFE525:
 2854              		.section	.text.HAL_FDCAN_GetRxMessage,"ax",%progbits
 2855              		.align	1
 2856              		.global	HAL_FDCAN_GetRxMessage
 2857              		.syntax unified
 2858              		.code	16
 2859              		.thumb_func
 2861              	HAL_FDCAN_GetRxMessage:
 2862              	.LVL207:
ARM GAS  C:\Users\sante\AppData\Local\Temp\cc59nu4g.s 			page 126


 2863              	.LFB526:
2223:Drivers/STM32G0xx_HAL_Driver/Src/stm32g0xx_hal_fdcan.c ****   uint32_t *RxAddress;
 2864              		.loc 1 2223 1 is_stmt 1 view -0
 2865              		.cfi_startproc
 2866              		@ args = 0, pretend = 0, frame = 0
 2867              		@ frame_needed = 0, uses_anonymous_args = 0
2223:Drivers/STM32G0xx_HAL_Driver/Src/stm32g0xx_hal_fdcan.c ****   uint32_t *RxAddress;
 2868              		.loc 1 2223 1 is_stmt 0 view .LVU888
 2869 0000 F0B5     		push	{r4, r5, r6, r7, lr}
 2870              		.cfi_def_cfa_offset 20
 2871              		.cfi_offset 4, -20
 2872              		.cfi_offset 5, -16
 2873              		.cfi_offset 6, -12
 2874              		.cfi_offset 7, -8
 2875              		.cfi_offset 14, -4
2224:Drivers/STM32G0xx_HAL_Driver/Src/stm32g0xx_hal_fdcan.c ****   uint8_t  *pData;
 2876              		.loc 1 2224 3 is_stmt 1 view .LVU889
2225:Drivers/STM32G0xx_HAL_Driver/Src/stm32g0xx_hal_fdcan.c ****   uint32_t ByteCounter;
 2877              		.loc 1 2225 3 view .LVU890
2226:Drivers/STM32G0xx_HAL_Driver/Src/stm32g0xx_hal_fdcan.c ****   uint32_t GetIndex = 0;
 2878              		.loc 1 2226 3 view .LVU891
2227:Drivers/STM32G0xx_HAL_Driver/Src/stm32g0xx_hal_fdcan.c ****   HAL_FDCAN_StateTypeDef state = hfdcan->State;
 2879              		.loc 1 2227 3 view .LVU892
 2880              	.LVL208:
2228:Drivers/STM32G0xx_HAL_Driver/Src/stm32g0xx_hal_fdcan.c **** 
 2881              		.loc 1 2228 3 view .LVU893
2228:Drivers/STM32G0xx_HAL_Driver/Src/stm32g0xx_hal_fdcan.c **** 
 2882              		.loc 1 2228 26 is_stmt 0 view .LVU894
 2883 0002 5C24     		movs	r4, #92
 2884 0004 045D     		ldrb	r4, [r0, r4]
 2885              	.LVL209:
2231:Drivers/STM32G0xx_HAL_Driver/Src/stm32g0xx_hal_fdcan.c **** 
 2886              		.loc 1 2231 3 is_stmt 1 view .LVU895
2233:Drivers/STM32G0xx_HAL_Driver/Src/stm32g0xx_hal_fdcan.c ****   {
 2887              		.loc 1 2233 3 view .LVU896
2233:Drivers/STM32G0xx_HAL_Driver/Src/stm32g0xx_hal_fdcan.c ****   {
 2888              		.loc 1 2233 6 is_stmt 0 view .LVU897
 2889 0006 022C     		cmp	r4, #2
 2890 0008 00D0     		beq	.LCB2406
 2891 000a 9FE0     		b	.L184	@long jump
 2892              	.LCB2406:
2235:Drivers/STM32G0xx_HAL_Driver/Src/stm32g0xx_hal_fdcan.c ****     {
 2893              		.loc 1 2235 5 is_stmt 1 view .LVU898
2235:Drivers/STM32G0xx_HAL_Driver/Src/stm32g0xx_hal_fdcan.c ****     {
 2894              		.loc 1 2235 8 is_stmt 0 view .LVU899
 2895 000c 4029     		cmp	r1, #64
 2896 000e 0BD0     		beq	.L200
2267:Drivers/STM32G0xx_HAL_Driver/Src/stm32g0xx_hal_fdcan.c ****       {
 2897              		.loc 1 2267 7 is_stmt 1 view .LVU900
2267:Drivers/STM32G0xx_HAL_Driver/Src/stm32g0xx_hal_fdcan.c ****       {
 2898              		.loc 1 2267 18 is_stmt 0 view .LVU901
 2899 0010 0468     		ldr	r4, [r0]
 2900              	.LVL210:
2267:Drivers/STM32G0xx_HAL_Driver/Src/stm32g0xx_hal_fdcan.c ****       {
 2901              		.loc 1 2267 28 view .LVU902
 2902 0012 9825     		movs	r5, #152
 2903 0014 6559     		ldr	r5, [r4, r5]
ARM GAS  C:\Users\sante\AppData\Local\Temp\cc59nu4g.s 			page 127


2267:Drivers/STM32G0xx_HAL_Driver/Src/stm32g0xx_hal_fdcan.c ****       {
 2904              		.loc 1 2267 10 view .LVU903
 2905 0016 2D07     		lsls	r5, r5, #28
 2906 0018 31D1     		bne	.L190
2270:Drivers/STM32G0xx_HAL_Driver/Src/stm32g0xx_hal_fdcan.c **** 
 2907              		.loc 1 2270 9 is_stmt 1 view .LVU904
2270:Drivers/STM32G0xx_HAL_Driver/Src/stm32g0xx_hal_fdcan.c **** 
 2908              		.loc 1 2270 15 is_stmt 0 view .LVU905
 2909 001a 026E     		ldr	r2, [r0, #96]
 2910              	.LVL211:
2270:Drivers/STM32G0xx_HAL_Driver/Src/stm32g0xx_hal_fdcan.c **** 
 2911              		.loc 1 2270 27 view .LVU906
 2912 001c 8023     		movs	r3, #128
 2913              	.LVL212:
2270:Drivers/STM32G0xx_HAL_Driver/Src/stm32g0xx_hal_fdcan.c **** 
 2914              		.loc 1 2270 27 view .LVU907
 2915 001e 5B00     		lsls	r3, r3, #1
 2916 0020 1343     		orrs	r3, r2
 2917 0022 0366     		str	r3, [r0, #96]
2272:Drivers/STM32G0xx_HAL_Driver/Src/stm32g0xx_hal_fdcan.c ****       }
 2918              		.loc 1 2272 9 is_stmt 1 view .LVU908
2272:Drivers/STM32G0xx_HAL_Driver/Src/stm32g0xx_hal_fdcan.c ****       }
 2919              		.loc 1 2272 16 is_stmt 0 view .LVU909
 2920 0024 0120     		movs	r0, #1
 2921              	.LVL213:
2272:Drivers/STM32G0xx_HAL_Driver/Src/stm32g0xx_hal_fdcan.c ****       }
 2922              		.loc 1 2272 16 view .LVU910
 2923 0026 96E0     		b	.L187
 2924              	.LVL214:
 2925              	.L200:
2238:Drivers/STM32G0xx_HAL_Driver/Src/stm32g0xx_hal_fdcan.c ****       {
 2926              		.loc 1 2238 7 is_stmt 1 view .LVU911
2238:Drivers/STM32G0xx_HAL_Driver/Src/stm32g0xx_hal_fdcan.c ****       {
 2927              		.loc 1 2238 18 is_stmt 0 view .LVU912
 2928 0028 0468     		ldr	r4, [r0]
 2929              	.LVL215:
2238:Drivers/STM32G0xx_HAL_Driver/Src/stm32g0xx_hal_fdcan.c ****       {
 2930              		.loc 1 2238 28 view .LVU913
 2931 002a 9025     		movs	r5, #144
 2932 002c 6559     		ldr	r5, [r4, r5]
2238:Drivers/STM32G0xx_HAL_Driver/Src/stm32g0xx_hal_fdcan.c ****       {
 2933              		.loc 1 2238 10 view .LVU914
 2934 002e 2D07     		lsls	r5, r5, #28
 2935 0030 06D1     		bne	.L186
2241:Drivers/STM32G0xx_HAL_Driver/Src/stm32g0xx_hal_fdcan.c **** 
 2936              		.loc 1 2241 9 is_stmt 1 view .LVU915
2241:Drivers/STM32G0xx_HAL_Driver/Src/stm32g0xx_hal_fdcan.c **** 
 2937              		.loc 1 2241 15 is_stmt 0 view .LVU916
 2938 0032 026E     		ldr	r2, [r0, #96]
 2939              	.LVL216:
2241:Drivers/STM32G0xx_HAL_Driver/Src/stm32g0xx_hal_fdcan.c **** 
 2940              		.loc 1 2241 27 view .LVU917
 2941 0034 8023     		movs	r3, #128
 2942              	.LVL217:
2241:Drivers/STM32G0xx_HAL_Driver/Src/stm32g0xx_hal_fdcan.c **** 
 2943              		.loc 1 2241 27 view .LVU918
 2944 0036 5B00     		lsls	r3, r3, #1
ARM GAS  C:\Users\sante\AppData\Local\Temp\cc59nu4g.s 			page 128


 2945 0038 1343     		orrs	r3, r2
 2946 003a 0366     		str	r3, [r0, #96]
2243:Drivers/STM32G0xx_HAL_Driver/Src/stm32g0xx_hal_fdcan.c ****       }
 2947              		.loc 1 2243 9 is_stmt 1 view .LVU919
2243:Drivers/STM32G0xx_HAL_Driver/Src/stm32g0xx_hal_fdcan.c ****       }
 2948              		.loc 1 2243 16 is_stmt 0 view .LVU920
 2949 003c 0120     		movs	r0, #1
 2950              	.LVL218:
2243:Drivers/STM32G0xx_HAL_Driver/Src/stm32g0xx_hal_fdcan.c ****       }
 2951              		.loc 1 2243 16 view .LVU921
 2952 003e 8AE0     		b	.L187
 2953              	.LVL219:
 2954              	.L186:
2248:Drivers/STM32G0xx_HAL_Driver/Src/stm32g0xx_hal_fdcan.c ****         {
 2955              		.loc 1 2248 9 is_stmt 1 view .LVU922
2248:Drivers/STM32G0xx_HAL_Driver/Src/stm32g0xx_hal_fdcan.c ****         {
 2956              		.loc 1 2248 31 is_stmt 0 view .LVU923
 2957 0040 9025     		movs	r5, #144
 2958 0042 6659     		ldr	r6, [r4, r5]
2248:Drivers/STM32G0xx_HAL_Driver/Src/stm32g0xx_hal_fdcan.c ****         {
 2959              		.loc 1 2248 82 view .LVU924
 2960 0044 8025     		movs	r5, #128
 2961 0046 6D04     		lsls	r5, r5, #17
 2962 0048 3700     		movs	r7, r6
 2963 004a 2F40     		ands	r7, r5
2248:Drivers/STM32G0xx_HAL_Driver/Src/stm32g0xx_hal_fdcan.c ****         {
 2964              		.loc 1 2248 12 view .LVU925
 2965 004c 2E42     		tst	r6, r5
 2966 004e 08D0     		beq	.L188
2250:Drivers/STM32G0xx_HAL_Driver/Src/stm32g0xx_hal_fdcan.c ****           {
 2967              		.loc 1 2250 11 is_stmt 1 view .LVU926
2250:Drivers/STM32G0xx_HAL_Driver/Src/stm32g0xx_hal_fdcan.c ****           {
 2968              		.loc 1 2250 33 is_stmt 0 view .LVU927
 2969 0050 8025     		movs	r5, #128
 2970 0052 6659     		ldr	r6, [r4, r5]
2250:Drivers/STM32G0xx_HAL_Driver/Src/stm32g0xx_hal_fdcan.c ****           {
 2971              		.loc 1 2250 86 view .LVU928
 2972 0054 8135     		adds	r5, r5, #129
 2973 0056 FF35     		adds	r5, r5, #255
 2974 0058 3700     		movs	r7, r6
 2975 005a 2F40     		ands	r7, r5
2250:Drivers/STM32G0xx_HAL_Driver/Src/stm32g0xx_hal_fdcan.c ****           {
 2976              		.loc 1 2250 14 view .LVU929
 2977 005c 2E42     		tst	r6, r5
 2978 005e 00D0     		beq	.L188
2253:Drivers/STM32G0xx_HAL_Driver/Src/stm32g0xx_hal_fdcan.c ****           }
 2979              		.loc 1 2253 22 view .LVU930
 2980 0060 0127     		movs	r7, #1
 2981              	.L188:
 2982              	.LVL220:
2258:Drivers/STM32G0xx_HAL_Driver/Src/stm32g0xx_hal_fdcan.c **** 
 2983              		.loc 1 2258 9 is_stmt 1 view .LVU931
2258:Drivers/STM32G0xx_HAL_Driver/Src/stm32g0xx_hal_fdcan.c **** 
 2984              		.loc 1 2258 39 is_stmt 0 view .LVU932
 2985 0062 9025     		movs	r5, #144
 2986 0064 6559     		ldr	r5, [r4, r5]
2258:Drivers/STM32G0xx_HAL_Driver/Src/stm32g0xx_hal_fdcan.c **** 
ARM GAS  C:\Users\sante\AppData\Local\Temp\cc59nu4g.s 			page 129


 2987              		.loc 1 2258 67 view .LVU933
 2988 0066 2D0A     		lsrs	r5, r5, #8
 2989 0068 0324     		movs	r4, #3
 2990 006a 2C40     		ands	r4, r5
2258:Drivers/STM32G0xx_HAL_Driver/Src/stm32g0xx_hal_fdcan.c **** 
 2991              		.loc 1 2258 18 view .LVU934
 2992 006c BC46     		mov	ip, r7
 2993 006e A444     		add	ip, ip, r4
 2994              	.LVL221:
2261:Drivers/STM32G0xx_HAL_Driver/Src/stm32g0xx_hal_fdcan.c ****       }
 2995              		.loc 1 2261 9 is_stmt 1 view .LVU935
2261:Drivers/STM32G0xx_HAL_Driver/Src/stm32g0xx_hal_fdcan.c ****       }
 2996              		.loc 1 2261 48 is_stmt 0 view .LVU936
 2997 0070 856C     		ldr	r5, [r0, #72]
2261:Drivers/STM32G0xx_HAL_Driver/Src/stm32g0xx_hal_fdcan.c ****       }
 2998              		.loc 1 2261 71 view .LVU937
 2999 0072 6446     		mov	r4, ip
 3000 0074 E400     		lsls	r4, r4, #3
 3001 0076 6444     		add	r4, r4, ip
 3002 0078 E400     		lsls	r4, r4, #3
2261:Drivers/STM32G0xx_HAL_Driver/Src/stm32g0xx_hal_fdcan.c ****       }
 3003              		.loc 1 2261 59 view .LVU938
 3004 007a 2D19     		adds	r5, r5, r4
 3005              	.LVL222:
2261:Drivers/STM32G0xx_HAL_Driver/Src/stm32g0xx_hal_fdcan.c ****       }
 3006              		.loc 1 2261 59 view .LVU939
 3007 007c 1CE0     		b	.L189
 3008              	.LVL223:
 3009              	.L190:
2277:Drivers/STM32G0xx_HAL_Driver/Src/stm32g0xx_hal_fdcan.c ****         {
 3010              		.loc 1 2277 9 is_stmt 1 view .LVU940
2277:Drivers/STM32G0xx_HAL_Driver/Src/stm32g0xx_hal_fdcan.c ****         {
 3011              		.loc 1 2277 31 is_stmt 0 view .LVU941
 3012 007e 9825     		movs	r5, #152
 3013 0080 6659     		ldr	r6, [r4, r5]
2277:Drivers/STM32G0xx_HAL_Driver/Src/stm32g0xx_hal_fdcan.c ****         {
 3014              		.loc 1 2277 82 view .LVU942
 3015 0082 8025     		movs	r5, #128
 3016 0084 6D04     		lsls	r5, r5, #17
 3017 0086 3700     		movs	r7, r6
 3018 0088 2F40     		ands	r7, r5
2277:Drivers/STM32G0xx_HAL_Driver/Src/stm32g0xx_hal_fdcan.c ****         {
 3019              		.loc 1 2277 12 view .LVU943
 3020 008a 2E42     		tst	r6, r5
 3021 008c 07D0     		beq	.L191
2279:Drivers/STM32G0xx_HAL_Driver/Src/stm32g0xx_hal_fdcan.c ****           {
 3022              		.loc 1 2279 11 is_stmt 1 view .LVU944
2279:Drivers/STM32G0xx_HAL_Driver/Src/stm32g0xx_hal_fdcan.c ****           {
 3023              		.loc 1 2279 33 is_stmt 0 view .LVU945
 3024 008e 8025     		movs	r5, #128
 3025 0090 6659     		ldr	r6, [r4, r5]
2279:Drivers/STM32G0xx_HAL_Driver/Src/stm32g0xx_hal_fdcan.c ****           {
 3026              		.loc 1 2279 86 view .LVU946
 3027 0092 8035     		adds	r5, r5, #128
 3028 0094 3700     		movs	r7, r6
 3029 0096 2F40     		ands	r7, r5
2279:Drivers/STM32G0xx_HAL_Driver/Src/stm32g0xx_hal_fdcan.c ****           {
ARM GAS  C:\Users\sante\AppData\Local\Temp\cc59nu4g.s 			page 130


 3030              		.loc 1 2279 14 view .LVU947
 3031 0098 2E42     		tst	r6, r5
 3032 009a 00D0     		beq	.L191
2282:Drivers/STM32G0xx_HAL_Driver/Src/stm32g0xx_hal_fdcan.c ****           }
 3033              		.loc 1 2282 22 view .LVU948
 3034 009c 0127     		movs	r7, #1
 3035              	.L191:
 3036              	.LVL224:
2287:Drivers/STM32G0xx_HAL_Driver/Src/stm32g0xx_hal_fdcan.c ****         /* Calculate Rx FIFO 1 element address */
 3037              		.loc 1 2287 9 is_stmt 1 view .LVU949
2287:Drivers/STM32G0xx_HAL_Driver/Src/stm32g0xx_hal_fdcan.c ****         /* Calculate Rx FIFO 1 element address */
 3038              		.loc 1 2287 39 is_stmt 0 view .LVU950
 3039 009e 9825     		movs	r5, #152
 3040 00a0 6559     		ldr	r5, [r4, r5]
2287:Drivers/STM32G0xx_HAL_Driver/Src/stm32g0xx_hal_fdcan.c ****         /* Calculate Rx FIFO 1 element address */
 3041              		.loc 1 2287 67 view .LVU951
 3042 00a2 2D0A     		lsrs	r5, r5, #8
 3043 00a4 0324     		movs	r4, #3
 3044 00a6 2C40     		ands	r4, r5
2287:Drivers/STM32G0xx_HAL_Driver/Src/stm32g0xx_hal_fdcan.c ****         /* Calculate Rx FIFO 1 element address */
 3045              		.loc 1 2287 18 view .LVU952
 3046 00a8 BC46     		mov	ip, r7
 3047 00aa A444     		add	ip, ip, r4
 3048              	.LVL225:
2289:Drivers/STM32G0xx_HAL_Driver/Src/stm32g0xx_hal_fdcan.c ****       }
 3049              		.loc 1 2289 9 is_stmt 1 view .LVU953
2289:Drivers/STM32G0xx_HAL_Driver/Src/stm32g0xx_hal_fdcan.c ****       }
 3050              		.loc 1 2289 48 is_stmt 0 view .LVU954
 3051 00ac C56C     		ldr	r5, [r0, #76]
2289:Drivers/STM32G0xx_HAL_Driver/Src/stm32g0xx_hal_fdcan.c ****       }
 3052              		.loc 1 2289 71 view .LVU955
 3053 00ae 6446     		mov	r4, ip
 3054 00b0 E400     		lsls	r4, r4, #3
 3055 00b2 6444     		add	r4, r4, ip
 3056 00b4 E400     		lsls	r4, r4, #3
2289:Drivers/STM32G0xx_HAL_Driver/Src/stm32g0xx_hal_fdcan.c ****       }
 3057              		.loc 1 2289 59 view .LVU956
 3058 00b6 2D19     		adds	r5, r5, r4
 3059              	.L189:
 3060              	.LVL226:
2294:Drivers/STM32G0xx_HAL_Driver/Src/stm32g0xx_hal_fdcan.c **** 
 3061              		.loc 1 2294 5 is_stmt 1 view .LVU957
2294:Drivers/STM32G0xx_HAL_Driver/Src/stm32g0xx_hal_fdcan.c **** 
 3062              		.loc 1 2294 25 is_stmt 0 view .LVU958
 3063 00b8 2C68     		ldr	r4, [r5]
2294:Drivers/STM32G0xx_HAL_Driver/Src/stm32g0xx_hal_fdcan.c **** 
 3064              		.loc 1 2294 36 view .LVU959
 3065 00ba 8026     		movs	r6, #128
 3066 00bc F605     		lsls	r6, r6, #23
 3067 00be 3440     		ands	r4, r6
2294:Drivers/STM32G0xx_HAL_Driver/Src/stm32g0xx_hal_fdcan.c **** 
 3068              		.loc 1 2294 23 view .LVU960
 3069 00c0 5460     		str	r4, [r2, #4]
2297:Drivers/STM32G0xx_HAL_Driver/Src/stm32g0xx_hal_fdcan.c ****     {
 3070              		.loc 1 2297 5 is_stmt 1 view .LVU961
2297:Drivers/STM32G0xx_HAL_Driver/Src/stm32g0xx_hal_fdcan.c ****     {
 3071              		.loc 1 2297 8 is_stmt 0 view .LVU962
ARM GAS  C:\Users\sante\AppData\Local\Temp\cc59nu4g.s 			page 131


 3072 00c2 28D1     		bne	.L192
2299:Drivers/STM32G0xx_HAL_Driver/Src/stm32g0xx_hal_fdcan.c ****     }
 3073              		.loc 1 2299 7 is_stmt 1 view .LVU963
2299:Drivers/STM32G0xx_HAL_Driver/Src/stm32g0xx_hal_fdcan.c ****     }
 3074              		.loc 1 2299 33 is_stmt 0 view .LVU964
 3075 00c4 2C68     		ldr	r4, [r5]
2299:Drivers/STM32G0xx_HAL_Driver/Src/stm32g0xx_hal_fdcan.c ****     }
 3076              		.loc 1 2299 72 view .LVU965
 3077 00c6 A40C     		lsrs	r4, r4, #18
 3078 00c8 6405     		lsls	r4, r4, #21
 3079 00ca 640D     		lsrs	r4, r4, #21
2299:Drivers/STM32G0xx_HAL_Driver/Src/stm32g0xx_hal_fdcan.c ****     }
 3080              		.loc 1 2299 29 view .LVU966
 3081 00cc 1460     		str	r4, [r2]
 3082              	.L193:
2307:Drivers/STM32G0xx_HAL_Driver/Src/stm32g0xx_hal_fdcan.c **** 
 3083              		.loc 1 2307 5 is_stmt 1 view .LVU967
2307:Drivers/STM32G0xx_HAL_Driver/Src/stm32g0xx_hal_fdcan.c **** 
 3084              		.loc 1 2307 31 is_stmt 0 view .LVU968
 3085 00ce 2C68     		ldr	r4, [r5]
2307:Drivers/STM32G0xx_HAL_Driver/Src/stm32g0xx_hal_fdcan.c **** 
 3086              		.loc 1 2307 42 view .LVU969
 3087 00d0 8026     		movs	r6, #128
 3088 00d2 B605     		lsls	r6, r6, #22
 3089 00d4 3440     		ands	r4, r6
2307:Drivers/STM32G0xx_HAL_Driver/Src/stm32g0xx_hal_fdcan.c **** 
 3090              		.loc 1 2307 28 view .LVU970
 3091 00d6 9460     		str	r4, [r2, #8]
2310:Drivers/STM32G0xx_HAL_Driver/Src/stm32g0xx_hal_fdcan.c **** 
 3092              		.loc 1 2310 5 is_stmt 1 view .LVU971
2310:Drivers/STM32G0xx_HAL_Driver/Src/stm32g0xx_hal_fdcan.c **** 
 3093              		.loc 1 2310 39 is_stmt 0 view .LVU972
 3094 00d8 2C68     		ldr	r4, [r5]
2310:Drivers/STM32G0xx_HAL_Driver/Src/stm32g0xx_hal_fdcan.c **** 
 3095              		.loc 1 2310 50 view .LVU973
 3096 00da E40F     		lsrs	r4, r4, #31
 3097 00dc E407     		lsls	r4, r4, #31
2310:Drivers/STM32G0xx_HAL_Driver/Src/stm32g0xx_hal_fdcan.c **** 
 3098              		.loc 1 2310 36 view .LVU974
 3099 00de 1461     		str	r4, [r2, #16]
2313:Drivers/STM32G0xx_HAL_Driver/Src/stm32g0xx_hal_fdcan.c **** 
 3100              		.loc 1 2313 5 is_stmt 1 view .LVU975
 3101              	.LVL227:
2316:Drivers/STM32G0xx_HAL_Driver/Src/stm32g0xx_hal_fdcan.c **** 
 3102              		.loc 1 2316 5 view .LVU976
2316:Drivers/STM32G0xx_HAL_Driver/Src/stm32g0xx_hal_fdcan.c **** 
 3103              		.loc 1 2316 31 is_stmt 0 view .LVU977
 3104 00e0 6C68     		ldr	r4, [r5, #4]
2316:Drivers/STM32G0xx_HAL_Driver/Src/stm32g0xx_hal_fdcan.c **** 
 3105              		.loc 1 2316 42 view .LVU978
 3106 00e2 2404     		lsls	r4, r4, #16
 3107 00e4 240C     		lsrs	r4, r4, #16
2316:Drivers/STM32G0xx_HAL_Driver/Src/stm32g0xx_hal_fdcan.c **** 
 3108              		.loc 1 2316 28 view .LVU979
 3109 00e6 D461     		str	r4, [r2, #28]
2319:Drivers/STM32G0xx_HAL_Driver/Src/stm32g0xx_hal_fdcan.c **** 
 3110              		.loc 1 2319 5 is_stmt 1 view .LVU980
ARM GAS  C:\Users\sante\AppData\Local\Temp\cc59nu4g.s 			page 132


2319:Drivers/STM32G0xx_HAL_Driver/Src/stm32g0xx_hal_fdcan.c **** 
 3111              		.loc 1 2319 68 is_stmt 0 view .LVU981
 3112 00e8 EE88     		ldrh	r6, [r5, #6]
 3113 00ea 0F24     		movs	r4, #15
 3114 00ec 3440     		ands	r4, r6
2319:Drivers/STM32G0xx_HAL_Driver/Src/stm32g0xx_hal_fdcan.c **** 
 3115              		.loc 1 2319 27 view .LVU982
 3116 00ee D460     		str	r4, [r2, #12]
2322:Drivers/STM32G0xx_HAL_Driver/Src/stm32g0xx_hal_fdcan.c **** 
 3117              		.loc 1 2322 5 is_stmt 1 view .LVU983
2322:Drivers/STM32G0xx_HAL_Driver/Src/stm32g0xx_hal_fdcan.c **** 
 3118              		.loc 1 2322 33 is_stmt 0 view .LVU984
 3119 00f0 6C68     		ldr	r4, [r5, #4]
2322:Drivers/STM32G0xx_HAL_Driver/Src/stm32g0xx_hal_fdcan.c **** 
 3120              		.loc 1 2322 44 view .LVU985
 3121 00f2 8026     		movs	r6, #128
 3122 00f4 7603     		lsls	r6, r6, #13
 3123 00f6 3440     		ands	r4, r6
2322:Drivers/STM32G0xx_HAL_Driver/Src/stm32g0xx_hal_fdcan.c **** 
 3124              		.loc 1 2322 30 view .LVU986
 3125 00f8 5461     		str	r4, [r2, #20]
2325:Drivers/STM32G0xx_HAL_Driver/Src/stm32g0xx_hal_fdcan.c **** 
 3126              		.loc 1 2325 5 is_stmt 1 view .LVU987
2325:Drivers/STM32G0xx_HAL_Driver/Src/stm32g0xx_hal_fdcan.c **** 
 3127              		.loc 1 2325 28 is_stmt 0 view .LVU988
 3128 00fa 6C68     		ldr	r4, [r5, #4]
2325:Drivers/STM32G0xx_HAL_Driver/Src/stm32g0xx_hal_fdcan.c **** 
 3129              		.loc 1 2325 39 view .LVU989
 3130 00fc 8026     		movs	r6, #128
 3131 00fe B603     		lsls	r6, r6, #14
 3132 0100 3440     		ands	r4, r6
2325:Drivers/STM32G0xx_HAL_Driver/Src/stm32g0xx_hal_fdcan.c **** 
 3133              		.loc 1 2325 25 view .LVU990
 3134 0102 9461     		str	r4, [r2, #24]
2328:Drivers/STM32G0xx_HAL_Driver/Src/stm32g0xx_hal_fdcan.c **** 
 3135              		.loc 1 2328 5 is_stmt 1 view .LVU991
2328:Drivers/STM32G0xx_HAL_Driver/Src/stm32g0xx_hal_fdcan.c **** 
 3136              		.loc 1 2328 70 is_stmt 0 view .LVU992
 3137 0104 EE79     		ldrb	r6, [r5, #7]
 3138 0106 7F24     		movs	r4, #127
 3139 0108 3440     		ands	r4, r6
2328:Drivers/STM32G0xx_HAL_Driver/Src/stm32g0xx_hal_fdcan.c **** 
 3140              		.loc 1 2328 28 view .LVU993
 3141 010a 1462     		str	r4, [r2, #32]
2331:Drivers/STM32G0xx_HAL_Driver/Src/stm32g0xx_hal_fdcan.c **** 
 3142              		.loc 1 2331 5 is_stmt 1 view .LVU994
2331:Drivers/STM32G0xx_HAL_Driver/Src/stm32g0xx_hal_fdcan.c **** 
 3143              		.loc 1 2331 42 is_stmt 0 view .LVU995
 3144 010c 6C68     		ldr	r4, [r5, #4]
2331:Drivers/STM32G0xx_HAL_Driver/Src/stm32g0xx_hal_fdcan.c **** 
 3145              		.loc 1 2331 80 view .LVU996
 3146 010e E40F     		lsrs	r4, r4, #31
2331:Drivers/STM32G0xx_HAL_Driver/Src/stm32g0xx_hal_fdcan.c **** 
 3147              		.loc 1 2331 38 view .LVU997
 3148 0110 5462     		str	r4, [r2, #36]
2334:Drivers/STM32G0xx_HAL_Driver/Src/stm32g0xx_hal_fdcan.c **** 
 3149              		.loc 1 2334 5 is_stmt 1 view .LVU998
ARM GAS  C:\Users\sante\AppData\Local\Temp\cc59nu4g.s 			page 133


 3150              	.LVL228:
2337:Drivers/STM32G0xx_HAL_Driver/Src/stm32g0xx_hal_fdcan.c ****     for (ByteCounter = 0; ByteCounter < DLCtoBytes[pRxHeader->DataLength]; ByteCounter++)
 3151              		.loc 1 2337 5 view .LVU999
2338:Drivers/STM32G0xx_HAL_Driver/Src/stm32g0xx_hal_fdcan.c ****     {
 3152              		.loc 1 2338 5 view .LVU1000
2338:Drivers/STM32G0xx_HAL_Driver/Src/stm32g0xx_hal_fdcan.c ****     {
 3153              		.loc 1 2338 22 is_stmt 0 view .LVU1001
 3154 0112 0024     		movs	r4, #0
2338:Drivers/STM32G0xx_HAL_Driver/Src/stm32g0xx_hal_fdcan.c ****     {
 3155              		.loc 1 2338 5 view .LVU1002
 3156 0114 08E0     		b	.L194
 3157              	.LVL229:
 3158              	.L192:
2303:Drivers/STM32G0xx_HAL_Driver/Src/stm32g0xx_hal_fdcan.c ****     }
 3159              		.loc 1 2303 7 is_stmt 1 view .LVU1003
2303:Drivers/STM32G0xx_HAL_Driver/Src/stm32g0xx_hal_fdcan.c ****     }
 3160              		.loc 1 2303 32 is_stmt 0 view .LVU1004
 3161 0116 2C68     		ldr	r4, [r5]
2303:Drivers/STM32G0xx_HAL_Driver/Src/stm32g0xx_hal_fdcan.c ****     }
 3162              		.loc 1 2303 43 view .LVU1005
 3163 0118 E400     		lsls	r4, r4, #3
 3164 011a E408     		lsrs	r4, r4, #3
2303:Drivers/STM32G0xx_HAL_Driver/Src/stm32g0xx_hal_fdcan.c ****     }
 3165              		.loc 1 2303 29 view .LVU1006
 3166 011c 1460     		str	r4, [r2]
 3167 011e D6E7     		b	.L193
 3168              	.LVL230:
 3169              	.L195:
2340:Drivers/STM32G0xx_HAL_Driver/Src/stm32g0xx_hal_fdcan.c ****     }
 3170              		.loc 1 2340 7 is_stmt 1 view .LVU1007
2340:Drivers/STM32G0xx_HAL_Driver/Src/stm32g0xx_hal_fdcan.c ****     }
 3171              		.loc 1 2340 35 is_stmt 0 view .LVU1008
 3172 0120 2E19     		adds	r6, r5, r4
 3173 0122 367A     		ldrb	r6, [r6, #8]
2340:Drivers/STM32G0xx_HAL_Driver/Src/stm32g0xx_hal_fdcan.c ****     }
 3174              		.loc 1 2340 28 view .LVU1009
 3175 0124 1E55     		strb	r6, [r3, r4]
2338:Drivers/STM32G0xx_HAL_Driver/Src/stm32g0xx_hal_fdcan.c ****     {
 3176              		.loc 1 2338 87 is_stmt 1 discriminator 3 view .LVU1010
 3177 0126 0134     		adds	r4, r4, #1
 3178              	.LVL231:
 3179              	.L194:
2338:Drivers/STM32G0xx_HAL_Driver/Src/stm32g0xx_hal_fdcan.c ****     {
 3180              		.loc 1 2338 39 discriminator 1 view .LVU1011
2338:Drivers/STM32G0xx_HAL_Driver/Src/stm32g0xx_hal_fdcan.c ****     {
 3181              		.loc 1 2338 61 is_stmt 0 discriminator 1 view .LVU1012
 3182 0128 D668     		ldr	r6, [r2, #12]
2338:Drivers/STM32G0xx_HAL_Driver/Src/stm32g0xx_hal_fdcan.c ****     {
 3183              		.loc 1 2338 51 discriminator 1 view .LVU1013
 3184 012a 0B4F     		ldr	r7, .L202
 3185 012c BE5D     		ldrb	r6, [r7, r6]
2338:Drivers/STM32G0xx_HAL_Driver/Src/stm32g0xx_hal_fdcan.c ****     {
 3186              		.loc 1 2338 39 discriminator 1 view .LVU1014
 3187 012e A642     		cmp	r6, r4
 3188 0130 F6D8     		bhi	.L195
2343:Drivers/STM32G0xx_HAL_Driver/Src/stm32g0xx_hal_fdcan.c ****     {
 3189              		.loc 1 2343 5 is_stmt 1 view .LVU1015
ARM GAS  C:\Users\sante\AppData\Local\Temp\cc59nu4g.s 			page 134


2343:Drivers/STM32G0xx_HAL_Driver/Src/stm32g0xx_hal_fdcan.c ****     {
 3190              		.loc 1 2343 8 is_stmt 0 view .LVU1016
 3191 0132 4029     		cmp	r1, #64
 3192 0134 05D0     		beq	.L201
2351:Drivers/STM32G0xx_HAL_Driver/Src/stm32g0xx_hal_fdcan.c ****     }
 3193              		.loc 1 2351 7 is_stmt 1 view .LVU1017
2351:Drivers/STM32G0xx_HAL_Driver/Src/stm32g0xx_hal_fdcan.c ****     }
 3194              		.loc 1 2351 13 is_stmt 0 view .LVU1018
 3195 0136 0268     		ldr	r2, [r0]
 3196              	.LVL232:
2351:Drivers/STM32G0xx_HAL_Driver/Src/stm32g0xx_hal_fdcan.c ****     }
 3197              		.loc 1 2351 31 view .LVU1019
 3198 0138 9C23     		movs	r3, #156
 3199              	.LVL233:
2351:Drivers/STM32G0xx_HAL_Driver/Src/stm32g0xx_hal_fdcan.c ****     }
 3200              		.loc 1 2351 31 view .LVU1020
 3201 013a 6146     		mov	r1, ip
 3202              	.LVL234:
2351:Drivers/STM32G0xx_HAL_Driver/Src/stm32g0xx_hal_fdcan.c ****     }
 3203              		.loc 1 2351 31 view .LVU1021
 3204 013c D150     		str	r1, [r2, r3]
 3205              	.LVL235:
 3206              	.L197:
2355:Drivers/STM32G0xx_HAL_Driver/Src/stm32g0xx_hal_fdcan.c ****   }
 3207              		.loc 1 2355 5 is_stmt 1 view .LVU1022
2355:Drivers/STM32G0xx_HAL_Driver/Src/stm32g0xx_hal_fdcan.c ****   }
 3208              		.loc 1 2355 12 is_stmt 0 view .LVU1023
 3209 013e 0020     		movs	r0, #0
 3210              	.LVL236:
2355:Drivers/STM32G0xx_HAL_Driver/Src/stm32g0xx_hal_fdcan.c ****   }
 3211              		.loc 1 2355 12 view .LVU1024
 3212 0140 09E0     		b	.L187
 3213              	.LVL237:
 3214              	.L201:
2346:Drivers/STM32G0xx_HAL_Driver/Src/stm32g0xx_hal_fdcan.c ****     }
 3215              		.loc 1 2346 7 is_stmt 1 view .LVU1025
2346:Drivers/STM32G0xx_HAL_Driver/Src/stm32g0xx_hal_fdcan.c ****     }
 3216              		.loc 1 2346 13 is_stmt 0 view .LVU1026
 3217 0142 0268     		ldr	r2, [r0]
 3218              	.LVL238:
2346:Drivers/STM32G0xx_HAL_Driver/Src/stm32g0xx_hal_fdcan.c ****     }
 3219              		.loc 1 2346 31 view .LVU1027
 3220 0144 9423     		movs	r3, #148
 3221              	.LVL239:
2346:Drivers/STM32G0xx_HAL_Driver/Src/stm32g0xx_hal_fdcan.c ****     }
 3222              		.loc 1 2346 31 view .LVU1028
 3223 0146 6146     		mov	r1, ip
 3224              	.LVL240:
2346:Drivers/STM32G0xx_HAL_Driver/Src/stm32g0xx_hal_fdcan.c ****     }
 3225              		.loc 1 2346 31 view .LVU1029
 3226 0148 D150     		str	r1, [r2, r3]
 3227 014a F8E7     		b	.L197
 3228              	.LVL241:
 3229              	.L184:
2360:Drivers/STM32G0xx_HAL_Driver/Src/stm32g0xx_hal_fdcan.c **** 
 3230              		.loc 1 2360 5 is_stmt 1 view .LVU1030
2360:Drivers/STM32G0xx_HAL_Driver/Src/stm32g0xx_hal_fdcan.c **** 
ARM GAS  C:\Users\sante\AppData\Local\Temp\cc59nu4g.s 			page 135


 3231              		.loc 1 2360 11 is_stmt 0 view .LVU1031
 3232 014c 036E     		ldr	r3, [r0, #96]
 3233              	.LVL242:
2360:Drivers/STM32G0xx_HAL_Driver/Src/stm32g0xx_hal_fdcan.c **** 
 3234              		.loc 1 2360 23 view .LVU1032
 3235 014e 0822     		movs	r2, #8
 3236              	.LVL243:
2360:Drivers/STM32G0xx_HAL_Driver/Src/stm32g0xx_hal_fdcan.c **** 
 3237              		.loc 1 2360 23 view .LVU1033
 3238 0150 1343     		orrs	r3, r2
 3239 0152 0366     		str	r3, [r0, #96]
2362:Drivers/STM32G0xx_HAL_Driver/Src/stm32g0xx_hal_fdcan.c ****   }
 3240              		.loc 1 2362 5 is_stmt 1 view .LVU1034
2362:Drivers/STM32G0xx_HAL_Driver/Src/stm32g0xx_hal_fdcan.c ****   }
 3241              		.loc 1 2362 12 is_stmt 0 view .LVU1035
 3242 0154 0120     		movs	r0, #1
 3243              	.LVL244:
 3244              	.L187:
2364:Drivers/STM32G0xx_HAL_Driver/Src/stm32g0xx_hal_fdcan.c **** 
 3245              		.loc 1 2364 1 view .LVU1036
 3246              		@ sp needed
 3247 0156 F0BD     		pop	{r4, r5, r6, r7, pc}
 3248              	.L203:
 3249              		.align	2
 3250              	.L202:
 3251 0158 00000000 		.word	DLCtoBytes
 3252              		.cfi_endproc
 3253              	.LFE526:
 3255              		.section	.text.HAL_FDCAN_GetTxEvent,"ax",%progbits
 3256              		.align	1
 3257              		.global	HAL_FDCAN_GetTxEvent
 3258              		.syntax unified
 3259              		.code	16
 3260              		.thumb_func
 3262              	HAL_FDCAN_GetTxEvent:
 3263              	.LVL245:
 3264              	.LFB527:
2374:Drivers/STM32G0xx_HAL_Driver/Src/stm32g0xx_hal_fdcan.c ****   uint32_t *TxEventAddress;
 3265              		.loc 1 2374 1 is_stmt 1 view -0
 3266              		.cfi_startproc
 3267              		@ args = 0, pretend = 0, frame = 0
 3268              		@ frame_needed = 0, uses_anonymous_args = 0
2374:Drivers/STM32G0xx_HAL_Driver/Src/stm32g0xx_hal_fdcan.c ****   uint32_t *TxEventAddress;
 3269              		.loc 1 2374 1 is_stmt 0 view .LVU1038
 3270 0000 30B5     		push	{r4, r5, lr}
 3271              		.cfi_def_cfa_offset 12
 3272              		.cfi_offset 4, -12
 3273              		.cfi_offset 5, -8
 3274              		.cfi_offset 14, -4
2375:Drivers/STM32G0xx_HAL_Driver/Src/stm32g0xx_hal_fdcan.c ****   uint32_t GetIndex;
 3275              		.loc 1 2375 3 is_stmt 1 view .LVU1039
2376:Drivers/STM32G0xx_HAL_Driver/Src/stm32g0xx_hal_fdcan.c ****   HAL_FDCAN_StateTypeDef state = hfdcan->State;
 3276              		.loc 1 2376 3 view .LVU1040
2377:Drivers/STM32G0xx_HAL_Driver/Src/stm32g0xx_hal_fdcan.c **** 
 3277              		.loc 1 2377 3 view .LVU1041
2377:Drivers/STM32G0xx_HAL_Driver/Src/stm32g0xx_hal_fdcan.c **** 
 3278              		.loc 1 2377 26 is_stmt 0 view .LVU1042
ARM GAS  C:\Users\sante\AppData\Local\Temp\cc59nu4g.s 			page 136


 3279 0002 5C23     		movs	r3, #92
 3280 0004 C35C     		ldrb	r3, [r0, r3]
 3281              	.LVL246:
2379:Drivers/STM32G0xx_HAL_Driver/Src/stm32g0xx_hal_fdcan.c ****   {
 3282              		.loc 1 2379 3 is_stmt 1 view .LVU1043
2379:Drivers/STM32G0xx_HAL_Driver/Src/stm32g0xx_hal_fdcan.c ****   {
 3283              		.loc 1 2379 6 is_stmt 0 view .LVU1044
 3284 0006 022B     		cmp	r3, #2
 3285 0008 4AD1     		bne	.L205
2382:Drivers/STM32G0xx_HAL_Driver/Src/stm32g0xx_hal_fdcan.c ****     {
 3286              		.loc 1 2382 5 is_stmt 1 view .LVU1045
2382:Drivers/STM32G0xx_HAL_Driver/Src/stm32g0xx_hal_fdcan.c ****     {
 3287              		.loc 1 2382 16 is_stmt 0 view .LVU1046
 3288 000a 0268     		ldr	r2, [r0]
2382:Drivers/STM32G0xx_HAL_Driver/Src/stm32g0xx_hal_fdcan.c ****     {
 3289              		.loc 1 2382 26 view .LVU1047
 3290 000c E233     		adds	r3, r3, #226
 3291              	.LVL247:
2382:Drivers/STM32G0xx_HAL_Driver/Src/stm32g0xx_hal_fdcan.c ****     {
 3292              		.loc 1 2382 26 view .LVU1048
 3293 000e D358     		ldr	r3, [r2, r3]
 3294              	.LVL248:
2382:Drivers/STM32G0xx_HAL_Driver/Src/stm32g0xx_hal_fdcan.c ****     {
 3295              		.loc 1 2382 8 view .LVU1049
 3296 0010 5B07     		lsls	r3, r3, #29
 3297 0012 06D1     		bne	.L206
2385:Drivers/STM32G0xx_HAL_Driver/Src/stm32g0xx_hal_fdcan.c **** 
 3298              		.loc 1 2385 7 is_stmt 1 view .LVU1050
2385:Drivers/STM32G0xx_HAL_Driver/Src/stm32g0xx_hal_fdcan.c **** 
 3299              		.loc 1 2385 13 is_stmt 0 view .LVU1051
 3300 0014 026E     		ldr	r2, [r0, #96]
2385:Drivers/STM32G0xx_HAL_Driver/Src/stm32g0xx_hal_fdcan.c **** 
 3301              		.loc 1 2385 25 view .LVU1052
 3302 0016 8023     		movs	r3, #128
 3303 0018 5B00     		lsls	r3, r3, #1
 3304 001a 1343     		orrs	r3, r2
 3305 001c 0366     		str	r3, [r0, #96]
2387:Drivers/STM32G0xx_HAL_Driver/Src/stm32g0xx_hal_fdcan.c ****     }
 3306              		.loc 1 2387 7 is_stmt 1 view .LVU1053
2387:Drivers/STM32G0xx_HAL_Driver/Src/stm32g0xx_hal_fdcan.c ****     }
 3307              		.loc 1 2387 14 is_stmt 0 view .LVU1054
 3308 001e 0120     		movs	r0, #1
 3309              	.LVL249:
2387:Drivers/STM32G0xx_HAL_Driver/Src/stm32g0xx_hal_fdcan.c ****     }
 3310              		.loc 1 2387 14 view .LVU1055
 3311 0020 43E0     		b	.L207
 3312              	.LVL250:
 3313              	.L206:
2391:Drivers/STM32G0xx_HAL_Driver/Src/stm32g0xx_hal_fdcan.c ****     TxEventAddress = (uint32_t *)(hfdcan->msgRam.TxEventFIFOSA + (GetIndex * SRAMCAN_TEF_SIZE));
 3314              		.loc 1 2391 5 is_stmt 1 view .LVU1056
2391:Drivers/STM32G0xx_HAL_Driver/Src/stm32g0xx_hal_fdcan.c ****     TxEventAddress = (uint32_t *)(hfdcan->msgRam.TxEventFIFOSA + (GetIndex * SRAMCAN_TEF_SIZE));
 3315              		.loc 1 2391 34 is_stmt 0 view .LVU1057
 3316 0022 E423     		movs	r3, #228
 3317 0024 D358     		ldr	r3, [r2, r3]
2391:Drivers/STM32G0xx_HAL_Driver/Src/stm32g0xx_hal_fdcan.c ****     TxEventAddress = (uint32_t *)(hfdcan->msgRam.TxEventFIFOSA + (GetIndex * SRAMCAN_TEF_SIZE));
 3318              		.loc 1 2391 62 view .LVU1058
 3319 0026 1B0A     		lsrs	r3, r3, #8
ARM GAS  C:\Users\sante\AppData\Local\Temp\cc59nu4g.s 			page 137


2391:Drivers/STM32G0xx_HAL_Driver/Src/stm32g0xx_hal_fdcan.c ****     TxEventAddress = (uint32_t *)(hfdcan->msgRam.TxEventFIFOSA + (GetIndex * SRAMCAN_TEF_SIZE));
 3320              		.loc 1 2391 14 view .LVU1059
 3321 0028 0324     		movs	r4, #3
 3322 002a 1C40     		ands	r4, r3
 3323              	.LVL251:
2392:Drivers/STM32G0xx_HAL_Driver/Src/stm32g0xx_hal_fdcan.c **** 
 3324              		.loc 1 2392 5 is_stmt 1 view .LVU1060
2392:Drivers/STM32G0xx_HAL_Driver/Src/stm32g0xx_hal_fdcan.c **** 
 3325              		.loc 1 2392 49 is_stmt 0 view .LVU1061
 3326 002c 036D     		ldr	r3, [r0, #80]
2392:Drivers/STM32G0xx_HAL_Driver/Src/stm32g0xx_hal_fdcan.c **** 
 3327              		.loc 1 2392 76 view .LVU1062
 3328 002e E200     		lsls	r2, r4, #3
2392:Drivers/STM32G0xx_HAL_Driver/Src/stm32g0xx_hal_fdcan.c **** 
 3329              		.loc 1 2392 64 view .LVU1063
 3330 0030 9B18     		adds	r3, r3, r2
 3331              	.LVL252:
2395:Drivers/STM32G0xx_HAL_Driver/Src/stm32g0xx_hal_fdcan.c **** 
 3332              		.loc 1 2395 5 is_stmt 1 view .LVU1064
2395:Drivers/STM32G0xx_HAL_Driver/Src/stm32g0xx_hal_fdcan.c **** 
 3333              		.loc 1 2395 24 is_stmt 0 view .LVU1065
 3334 0032 1A68     		ldr	r2, [r3]
2395:Drivers/STM32G0xx_HAL_Driver/Src/stm32g0xx_hal_fdcan.c **** 
 3335              		.loc 1 2395 40 view .LVU1066
 3336 0034 8025     		movs	r5, #128
 3337 0036 ED05     		lsls	r5, r5, #23
 3338 0038 2A40     		ands	r2, r5
2395:Drivers/STM32G0xx_HAL_Driver/Src/stm32g0xx_hal_fdcan.c **** 
 3339              		.loc 1 2395 22 view .LVU1067
 3340 003a 4A60     		str	r2, [r1, #4]
2398:Drivers/STM32G0xx_HAL_Driver/Src/stm32g0xx_hal_fdcan.c ****     {
 3341              		.loc 1 2398 5 is_stmt 1 view .LVU1068
2398:Drivers/STM32G0xx_HAL_Driver/Src/stm32g0xx_hal_fdcan.c ****     {
 3342              		.loc 1 2398 8 is_stmt 0 view .LVU1069
 3343 003c 2BD1     		bne	.L208
2400:Drivers/STM32G0xx_HAL_Driver/Src/stm32g0xx_hal_fdcan.c ****     }
 3344              		.loc 1 2400 7 is_stmt 1 view .LVU1070
2400:Drivers/STM32G0xx_HAL_Driver/Src/stm32g0xx_hal_fdcan.c ****     }
 3345              		.loc 1 2400 32 is_stmt 0 view .LVU1071
 3346 003e 1A68     		ldr	r2, [r3]
2400:Drivers/STM32G0xx_HAL_Driver/Src/stm32g0xx_hal_fdcan.c ****     }
 3347              		.loc 1 2400 76 view .LVU1072
 3348 0040 920C     		lsrs	r2, r2, #18
 3349 0042 5205     		lsls	r2, r2, #21
 3350 0044 520D     		lsrs	r2, r2, #21
2400:Drivers/STM32G0xx_HAL_Driver/Src/stm32g0xx_hal_fdcan.c ****     }
 3351              		.loc 1 2400 28 view .LVU1073
 3352 0046 0A60     		str	r2, [r1]
 3353              	.L209:
2408:Drivers/STM32G0xx_HAL_Driver/Src/stm32g0xx_hal_fdcan.c **** 
 3354              		.loc 1 2408 5 is_stmt 1 view .LVU1074
2408:Drivers/STM32G0xx_HAL_Driver/Src/stm32g0xx_hal_fdcan.c **** 
 3355              		.loc 1 2408 30 is_stmt 0 view .LVU1075
 3356 0048 1A68     		ldr	r2, [r3]
2408:Drivers/STM32G0xx_HAL_Driver/Src/stm32g0xx_hal_fdcan.c **** 
 3357              		.loc 1 2408 46 view .LVU1076
 3358 004a 8025     		movs	r5, #128
ARM GAS  C:\Users\sante\AppData\Local\Temp\cc59nu4g.s 			page 138


 3359 004c AD05     		lsls	r5, r5, #22
 3360 004e 2A40     		ands	r2, r5
2408:Drivers/STM32G0xx_HAL_Driver/Src/stm32g0xx_hal_fdcan.c **** 
 3361              		.loc 1 2408 27 view .LVU1077
 3362 0050 8A60     		str	r2, [r1, #8]
2411:Drivers/STM32G0xx_HAL_Driver/Src/stm32g0xx_hal_fdcan.c **** 
 3363              		.loc 1 2411 5 is_stmt 1 view .LVU1078
2411:Drivers/STM32G0xx_HAL_Driver/Src/stm32g0xx_hal_fdcan.c **** 
 3364              		.loc 1 2411 38 is_stmt 0 view .LVU1079
 3365 0052 1A68     		ldr	r2, [r3]
2411:Drivers/STM32G0xx_HAL_Driver/Src/stm32g0xx_hal_fdcan.c **** 
 3366              		.loc 1 2411 54 view .LVU1080
 3367 0054 D20F     		lsrs	r2, r2, #31
 3368 0056 D207     		lsls	r2, r2, #31
2411:Drivers/STM32G0xx_HAL_Driver/Src/stm32g0xx_hal_fdcan.c **** 
 3369              		.loc 1 2411 35 view .LVU1081
 3370 0058 0A61     		str	r2, [r1, #16]
2414:Drivers/STM32G0xx_HAL_Driver/Src/stm32g0xx_hal_fdcan.c **** 
 3371              		.loc 1 2414 5 is_stmt 1 view .LVU1082
 3372              	.LVL253:
2417:Drivers/STM32G0xx_HAL_Driver/Src/stm32g0xx_hal_fdcan.c **** 
 3373              		.loc 1 2417 5 view .LVU1083
2417:Drivers/STM32G0xx_HAL_Driver/Src/stm32g0xx_hal_fdcan.c **** 
 3374              		.loc 1 2417 30 is_stmt 0 view .LVU1084
 3375 005a 5A68     		ldr	r2, [r3, #4]
2417:Drivers/STM32G0xx_HAL_Driver/Src/stm32g0xx_hal_fdcan.c **** 
 3376              		.loc 1 2417 46 view .LVU1085
 3377 005c 1204     		lsls	r2, r2, #16
 3378 005e 120C     		lsrs	r2, r2, #16
2417:Drivers/STM32G0xx_HAL_Driver/Src/stm32g0xx_hal_fdcan.c **** 
 3379              		.loc 1 2417 27 view .LVU1086
 3380 0060 CA61     		str	r2, [r1, #28]
2420:Drivers/STM32G0xx_HAL_Driver/Src/stm32g0xx_hal_fdcan.c **** 
 3381              		.loc 1 2420 5 is_stmt 1 view .LVU1087
2420:Drivers/STM32G0xx_HAL_Driver/Src/stm32g0xx_hal_fdcan.c **** 
 3382              		.loc 1 2420 72 is_stmt 0 view .LVU1088
 3383 0062 DD88     		ldrh	r5, [r3, #6]
 3384 0064 0F22     		movs	r2, #15
 3385 0066 2A40     		ands	r2, r5
2420:Drivers/STM32G0xx_HAL_Driver/Src/stm32g0xx_hal_fdcan.c **** 
 3386              		.loc 1 2420 26 view .LVU1089
 3387 0068 CA60     		str	r2, [r1, #12]
2423:Drivers/STM32G0xx_HAL_Driver/Src/stm32g0xx_hal_fdcan.c **** 
 3388              		.loc 1 2423 5 is_stmt 1 view .LVU1090
2423:Drivers/STM32G0xx_HAL_Driver/Src/stm32g0xx_hal_fdcan.c **** 
 3389              		.loc 1 2423 32 is_stmt 0 view .LVU1091
 3390 006a 5A68     		ldr	r2, [r3, #4]
2423:Drivers/STM32G0xx_HAL_Driver/Src/stm32g0xx_hal_fdcan.c **** 
 3391              		.loc 1 2423 48 view .LVU1092
 3392 006c 8025     		movs	r5, #128
 3393 006e 6D03     		lsls	r5, r5, #13
 3394 0070 2A40     		ands	r2, r5
2423:Drivers/STM32G0xx_HAL_Driver/Src/stm32g0xx_hal_fdcan.c **** 
 3395              		.loc 1 2423 29 view .LVU1093
 3396 0072 4A61     		str	r2, [r1, #20]
2426:Drivers/STM32G0xx_HAL_Driver/Src/stm32g0xx_hal_fdcan.c **** 
 3397              		.loc 1 2426 5 is_stmt 1 view .LVU1094
ARM GAS  C:\Users\sante\AppData\Local\Temp\cc59nu4g.s 			page 139


2426:Drivers/STM32G0xx_HAL_Driver/Src/stm32g0xx_hal_fdcan.c **** 
 3398              		.loc 1 2426 27 is_stmt 0 view .LVU1095
 3399 0074 5A68     		ldr	r2, [r3, #4]
2426:Drivers/STM32G0xx_HAL_Driver/Src/stm32g0xx_hal_fdcan.c **** 
 3400              		.loc 1 2426 43 view .LVU1096
 3401 0076 8025     		movs	r5, #128
 3402 0078 AD03     		lsls	r5, r5, #14
 3403 007a 2A40     		ands	r2, r5
2426:Drivers/STM32G0xx_HAL_Driver/Src/stm32g0xx_hal_fdcan.c **** 
 3404              		.loc 1 2426 24 view .LVU1097
 3405 007c 8A61     		str	r2, [r1, #24]
2429:Drivers/STM32G0xx_HAL_Driver/Src/stm32g0xx_hal_fdcan.c **** 
 3406              		.loc 1 2429 5 is_stmt 1 view .LVU1098
2429:Drivers/STM32G0xx_HAL_Driver/Src/stm32g0xx_hal_fdcan.c **** 
 3407              		.loc 1 2429 28 is_stmt 0 view .LVU1099
 3408 007e 5A68     		ldr	r2, [r3, #4]
2429:Drivers/STM32G0xx_HAL_Driver/Src/stm32g0xx_hal_fdcan.c **** 
 3409              		.loc 1 2429 44 view .LVU1100
 3410 0080 C025     		movs	r5, #192
 3411 0082 2D04     		lsls	r5, r5, #16
 3412 0084 2A40     		ands	r2, r5
2429:Drivers/STM32G0xx_HAL_Driver/Src/stm32g0xx_hal_fdcan.c **** 
 3413              		.loc 1 2429 25 view .LVU1101
 3414 0086 4A62     		str	r2, [r1, #36]
2432:Drivers/STM32G0xx_HAL_Driver/Src/stm32g0xx_hal_fdcan.c **** 
 3415              		.loc 1 2432 5 is_stmt 1 view .LVU1102
2432:Drivers/STM32G0xx_HAL_Driver/Src/stm32g0xx_hal_fdcan.c **** 
 3416              		.loc 1 2432 74 is_stmt 0 view .LVU1103
 3417 0088 DB79     		ldrb	r3, [r3, #7]
 3418              	.LVL254:
2432:Drivers/STM32G0xx_HAL_Driver/Src/stm32g0xx_hal_fdcan.c **** 
 3419              		.loc 1 2432 29 view .LVU1104
 3420 008a 0B62     		str	r3, [r1, #32]
2435:Drivers/STM32G0xx_HAL_Driver/Src/stm32g0xx_hal_fdcan.c **** 
 3421              		.loc 1 2435 5 is_stmt 1 view .LVU1105
2435:Drivers/STM32G0xx_HAL_Driver/Src/stm32g0xx_hal_fdcan.c **** 
 3422              		.loc 1 2435 11 is_stmt 0 view .LVU1106
 3423 008c 0268     		ldr	r2, [r0]
2435:Drivers/STM32G0xx_HAL_Driver/Src/stm32g0xx_hal_fdcan.c **** 
 3424              		.loc 1 2435 29 view .LVU1107
 3425 008e E823     		movs	r3, #232
 3426 0090 D450     		str	r4, [r2, r3]
2438:Drivers/STM32G0xx_HAL_Driver/Src/stm32g0xx_hal_fdcan.c ****   }
 3427              		.loc 1 2438 5 is_stmt 1 view .LVU1108
2438:Drivers/STM32G0xx_HAL_Driver/Src/stm32g0xx_hal_fdcan.c ****   }
 3428              		.loc 1 2438 12 is_stmt 0 view .LVU1109
 3429 0092 0020     		movs	r0, #0
 3430              	.LVL255:
2438:Drivers/STM32G0xx_HAL_Driver/Src/stm32g0xx_hal_fdcan.c ****   }
 3431              		.loc 1 2438 12 view .LVU1110
 3432 0094 09E0     		b	.L207
 3433              	.LVL256:
 3434              	.L208:
2404:Drivers/STM32G0xx_HAL_Driver/Src/stm32g0xx_hal_fdcan.c ****     }
 3435              		.loc 1 2404 7 is_stmt 1 view .LVU1111
2404:Drivers/STM32G0xx_HAL_Driver/Src/stm32g0xx_hal_fdcan.c ****     }
 3436              		.loc 1 2404 31 is_stmt 0 view .LVU1112
ARM GAS  C:\Users\sante\AppData\Local\Temp\cc59nu4g.s 			page 140


 3437 0096 1A68     		ldr	r2, [r3]
2404:Drivers/STM32G0xx_HAL_Driver/Src/stm32g0xx_hal_fdcan.c ****     }
 3438              		.loc 1 2404 47 view .LVU1113
 3439 0098 D200     		lsls	r2, r2, #3
 3440 009a D208     		lsrs	r2, r2, #3
2404:Drivers/STM32G0xx_HAL_Driver/Src/stm32g0xx_hal_fdcan.c ****     }
 3441              		.loc 1 2404 28 view .LVU1114
 3442 009c 0A60     		str	r2, [r1]
 3443 009e D3E7     		b	.L209
 3444              	.LVL257:
 3445              	.L205:
2443:Drivers/STM32G0xx_HAL_Driver/Src/stm32g0xx_hal_fdcan.c **** 
 3446              		.loc 1 2443 5 is_stmt 1 view .LVU1115
2443:Drivers/STM32G0xx_HAL_Driver/Src/stm32g0xx_hal_fdcan.c **** 
 3447              		.loc 1 2443 11 is_stmt 0 view .LVU1116
 3448 00a0 036E     		ldr	r3, [r0, #96]
 3449              	.LVL258:
2443:Drivers/STM32G0xx_HAL_Driver/Src/stm32g0xx_hal_fdcan.c **** 
 3450              		.loc 1 2443 23 view .LVU1117
 3451 00a2 0822     		movs	r2, #8
 3452 00a4 1343     		orrs	r3, r2
 3453 00a6 0366     		str	r3, [r0, #96]
2445:Drivers/STM32G0xx_HAL_Driver/Src/stm32g0xx_hal_fdcan.c ****   }
 3454              		.loc 1 2445 5 is_stmt 1 view .LVU1118
2445:Drivers/STM32G0xx_HAL_Driver/Src/stm32g0xx_hal_fdcan.c ****   }
 3455              		.loc 1 2445 12 is_stmt 0 view .LVU1119
 3456 00a8 0120     		movs	r0, #1
 3457              	.LVL259:
 3458              	.L207:
2447:Drivers/STM32G0xx_HAL_Driver/Src/stm32g0xx_hal_fdcan.c **** 
 3459              		.loc 1 2447 1 view .LVU1120
 3460              		@ sp needed
 3461 00aa 30BD     		pop	{r4, r5, pc}
 3462              		.cfi_endproc
 3463              	.LFE527:
 3465              		.section	.text.HAL_FDCAN_GetHighPriorityMessageStatus,"ax",%progbits
 3466              		.align	1
 3467              		.global	HAL_FDCAN_GetHighPriorityMessageStatus
 3468              		.syntax unified
 3469              		.code	16
 3470              		.thumb_func
 3472              	HAL_FDCAN_GetHighPriorityMessageStatus:
 3473              	.LVL260:
 3474              	.LFB528:
2458:Drivers/STM32G0xx_HAL_Driver/Src/stm32g0xx_hal_fdcan.c ****   HpMsgStatus->FilterList = ((hfdcan->Instance->HPMS & FDCAN_HPMS_FLST) >> FDCAN_HPMS_FLST_Pos);
 3475              		.loc 1 2458 1 is_stmt 1 view -0
 3476              		.cfi_startproc
 3477              		@ args = 0, pretend = 0, frame = 0
 3478              		@ frame_needed = 0, uses_anonymous_args = 0
2458:Drivers/STM32G0xx_HAL_Driver/Src/stm32g0xx_hal_fdcan.c ****   HpMsgStatus->FilterList = ((hfdcan->Instance->HPMS & FDCAN_HPMS_FLST) >> FDCAN_HPMS_FLST_Pos);
 3479              		.loc 1 2458 1 is_stmt 0 view .LVU1122
 3480 0000 10B5     		push	{r4, lr}
 3481              		.cfi_def_cfa_offset 8
 3482              		.cfi_offset 4, -8
 3483              		.cfi_offset 14, -4
2459:Drivers/STM32G0xx_HAL_Driver/Src/stm32g0xx_hal_fdcan.c ****   HpMsgStatus->FilterIndex = ((hfdcan->Instance->HPMS & FDCAN_HPMS_FIDX) >> FDCAN_HPMS_FIDX_Pos);
 3484              		.loc 1 2459 3 is_stmt 1 view .LVU1123
ARM GAS  C:\Users\sante\AppData\Local\Temp\cc59nu4g.s 			page 141


2459:Drivers/STM32G0xx_HAL_Driver/Src/stm32g0xx_hal_fdcan.c ****   HpMsgStatus->FilterIndex = ((hfdcan->Instance->HPMS & FDCAN_HPMS_FIDX) >> FDCAN_HPMS_FIDX_Pos);
 3485              		.loc 1 2459 37 is_stmt 0 view .LVU1124
 3486 0002 0268     		ldr	r2, [r0]
2459:Drivers/STM32G0xx_HAL_Driver/Src/stm32g0xx_hal_fdcan.c ****   HpMsgStatus->FilterIndex = ((hfdcan->Instance->HPMS & FDCAN_HPMS_FIDX) >> FDCAN_HPMS_FIDX_Pos);
 3487              		.loc 1 2459 47 view .LVU1125
 3488 0004 8823     		movs	r3, #136
 3489 0006 D458     		ldr	r4, [r2, r3]
2459:Drivers/STM32G0xx_HAL_Driver/Src/stm32g0xx_hal_fdcan.c ****   HpMsgStatus->FilterIndex = ((hfdcan->Instance->HPMS & FDCAN_HPMS_FIDX) >> FDCAN_HPMS_FIDX_Pos);
 3490              		.loc 1 2459 73 view .LVU1126
 3491 0008 E40B     		lsrs	r4, r4, #15
 3492 000a 0122     		movs	r2, #1
 3493 000c 2240     		ands	r2, r4
2459:Drivers/STM32G0xx_HAL_Driver/Src/stm32g0xx_hal_fdcan.c ****   HpMsgStatus->FilterIndex = ((hfdcan->Instance->HPMS & FDCAN_HPMS_FIDX) >> FDCAN_HPMS_FIDX_Pos);
 3494              		.loc 1 2459 27 view .LVU1127
 3495 000e 0A60     		str	r2, [r1]
2460:Drivers/STM32G0xx_HAL_Driver/Src/stm32g0xx_hal_fdcan.c ****   HpMsgStatus->MessageStorage = (hfdcan->Instance->HPMS & FDCAN_HPMS_MSI);
 3496              		.loc 1 2460 3 is_stmt 1 view .LVU1128
2460:Drivers/STM32G0xx_HAL_Driver/Src/stm32g0xx_hal_fdcan.c ****   HpMsgStatus->MessageStorage = (hfdcan->Instance->HPMS & FDCAN_HPMS_MSI);
 3497              		.loc 1 2460 38 is_stmt 0 view .LVU1129
 3498 0010 0268     		ldr	r2, [r0]
2460:Drivers/STM32G0xx_HAL_Driver/Src/stm32g0xx_hal_fdcan.c ****   HpMsgStatus->MessageStorage = (hfdcan->Instance->HPMS & FDCAN_HPMS_MSI);
 3499              		.loc 1 2460 48 view .LVU1130
 3500 0012 D458     		ldr	r4, [r2, r3]
2460:Drivers/STM32G0xx_HAL_Driver/Src/stm32g0xx_hal_fdcan.c ****   HpMsgStatus->MessageStorage = (hfdcan->Instance->HPMS & FDCAN_HPMS_MSI);
 3501              		.loc 1 2460 74 view .LVU1131
 3502 0014 240A     		lsrs	r4, r4, #8
 3503 0016 1F22     		movs	r2, #31
 3504 0018 2240     		ands	r2, r4
2460:Drivers/STM32G0xx_HAL_Driver/Src/stm32g0xx_hal_fdcan.c ****   HpMsgStatus->MessageStorage = (hfdcan->Instance->HPMS & FDCAN_HPMS_MSI);
 3505              		.loc 1 2460 28 view .LVU1132
 3506 001a 4A60     		str	r2, [r1, #4]
2461:Drivers/STM32G0xx_HAL_Driver/Src/stm32g0xx_hal_fdcan.c ****   HpMsgStatus->MessageIndex = (hfdcan->Instance->HPMS & FDCAN_HPMS_BIDX);
 3507              		.loc 1 2461 3 is_stmt 1 view .LVU1133
2461:Drivers/STM32G0xx_HAL_Driver/Src/stm32g0xx_hal_fdcan.c ****   HpMsgStatus->MessageIndex = (hfdcan->Instance->HPMS & FDCAN_HPMS_BIDX);
 3508              		.loc 1 2461 40 is_stmt 0 view .LVU1134
 3509 001c 0268     		ldr	r2, [r0]
2461:Drivers/STM32G0xx_HAL_Driver/Src/stm32g0xx_hal_fdcan.c ****   HpMsgStatus->MessageIndex = (hfdcan->Instance->HPMS & FDCAN_HPMS_BIDX);
 3510              		.loc 1 2461 50 view .LVU1135
 3511 001e D458     		ldr	r4, [r2, r3]
2461:Drivers/STM32G0xx_HAL_Driver/Src/stm32g0xx_hal_fdcan.c ****   HpMsgStatus->MessageIndex = (hfdcan->Instance->HPMS & FDCAN_HPMS_BIDX);
 3512              		.loc 1 2461 57 view .LVU1136
 3513 0020 C022     		movs	r2, #192
 3514 0022 2240     		ands	r2, r4
2461:Drivers/STM32G0xx_HAL_Driver/Src/stm32g0xx_hal_fdcan.c ****   HpMsgStatus->MessageIndex = (hfdcan->Instance->HPMS & FDCAN_HPMS_BIDX);
 3515              		.loc 1 2461 31 view .LVU1137
 3516 0024 8A60     		str	r2, [r1, #8]
2462:Drivers/STM32G0xx_HAL_Driver/Src/stm32g0xx_hal_fdcan.c **** 
 3517              		.loc 1 2462 3 is_stmt 1 view .LVU1138
2462:Drivers/STM32G0xx_HAL_Driver/Src/stm32g0xx_hal_fdcan.c **** 
 3518              		.loc 1 2462 38 is_stmt 0 view .LVU1139
 3519 0026 0268     		ldr	r2, [r0]
2462:Drivers/STM32G0xx_HAL_Driver/Src/stm32g0xx_hal_fdcan.c **** 
 3520              		.loc 1 2462 48 view .LVU1140
 3521 0028 D258     		ldr	r2, [r2, r3]
2462:Drivers/STM32G0xx_HAL_Driver/Src/stm32g0xx_hal_fdcan.c **** 
 3522              		.loc 1 2462 55 view .LVU1141
 3523 002a 813B     		subs	r3, r3, #129
ARM GAS  C:\Users\sante\AppData\Local\Temp\cc59nu4g.s 			page 142


 3524 002c 1340     		ands	r3, r2
2462:Drivers/STM32G0xx_HAL_Driver/Src/stm32g0xx_hal_fdcan.c **** 
 3525              		.loc 1 2462 29 view .LVU1142
 3526 002e CB60     		str	r3, [r1, #12]
2465:Drivers/STM32G0xx_HAL_Driver/Src/stm32g0xx_hal_fdcan.c **** }
 3527              		.loc 1 2465 3 is_stmt 1 view .LVU1143
2466:Drivers/STM32G0xx_HAL_Driver/Src/stm32g0xx_hal_fdcan.c **** 
 3528              		.loc 1 2466 1 is_stmt 0 view .LVU1144
 3529 0030 0020     		movs	r0, #0
 3530              	.LVL261:
2466:Drivers/STM32G0xx_HAL_Driver/Src/stm32g0xx_hal_fdcan.c **** 
 3531              		.loc 1 2466 1 view .LVU1145
 3532              		@ sp needed
 3533 0032 10BD     		pop	{r4, pc}
 3534              		.cfi_endproc
 3535              	.LFE528:
 3537              		.section	.text.HAL_FDCAN_GetProtocolStatus,"ax",%progbits
 3538              		.align	1
 3539              		.global	HAL_FDCAN_GetProtocolStatus
 3540              		.syntax unified
 3541              		.code	16
 3542              		.thumb_func
 3544              	HAL_FDCAN_GetProtocolStatus:
 3545              	.LVL262:
 3546              	.LFB529:
2477:Drivers/STM32G0xx_HAL_Driver/Src/stm32g0xx_hal_fdcan.c ****   uint32_t StatusReg;
 3547              		.loc 1 2477 1 is_stmt 1 view -0
 3548              		.cfi_startproc
 3549              		@ args = 0, pretend = 0, frame = 0
 3550              		@ frame_needed = 0, uses_anonymous_args = 0
 3551              		@ link register save eliminated.
2478:Drivers/STM32G0xx_HAL_Driver/Src/stm32g0xx_hal_fdcan.c **** 
 3552              		.loc 1 2478 3 view .LVU1147
2481:Drivers/STM32G0xx_HAL_Driver/Src/stm32g0xx_hal_fdcan.c **** 
 3553              		.loc 1 2481 3 view .LVU1148
2481:Drivers/STM32G0xx_HAL_Driver/Src/stm32g0xx_hal_fdcan.c **** 
 3554              		.loc 1 2481 15 is_stmt 0 view .LVU1149
 3555 0000 0368     		ldr	r3, [r0]
2481:Drivers/STM32G0xx_HAL_Driver/Src/stm32g0xx_hal_fdcan.c **** 
 3556              		.loc 1 2481 13 view .LVU1150
 3557 0002 5B6C     		ldr	r3, [r3, #68]
 3558              	.LVL263:
2484:Drivers/STM32G0xx_HAL_Driver/Src/stm32g0xx_hal_fdcan.c ****   ProtocolStatus->DataLastErrorCode = ((StatusReg & FDCAN_PSR_DLEC) >> FDCAN_PSR_DLEC_Pos);
 3559              		.loc 1 2484 3 is_stmt 1 view .LVU1151
2484:Drivers/STM32G0xx_HAL_Driver/Src/stm32g0xx_hal_fdcan.c ****   ProtocolStatus->DataLastErrorCode = ((StatusReg & FDCAN_PSR_DLEC) >> FDCAN_PSR_DLEC_Pos);
 3560              		.loc 1 2484 46 is_stmt 0 view .LVU1152
 3561 0004 0722     		movs	r2, #7
 3562 0006 1000     		movs	r0, r2
 3563              	.LVL264:
2484:Drivers/STM32G0xx_HAL_Driver/Src/stm32g0xx_hal_fdcan.c ****   ProtocolStatus->DataLastErrorCode = ((StatusReg & FDCAN_PSR_DLEC) >> FDCAN_PSR_DLEC_Pos);
 3564              		.loc 1 2484 46 view .LVU1153
 3565 0008 1840     		ands	r0, r3
2484:Drivers/STM32G0xx_HAL_Driver/Src/stm32g0xx_hal_fdcan.c ****   ProtocolStatus->DataLastErrorCode = ((StatusReg & FDCAN_PSR_DLEC) >> FDCAN_PSR_DLEC_Pos);
 3566              		.loc 1 2484 33 view .LVU1154
 3567 000a 0860     		str	r0, [r1]
2485:Drivers/STM32G0xx_HAL_Driver/Src/stm32g0xx_hal_fdcan.c ****   ProtocolStatus->Activity = (StatusReg & FDCAN_PSR_ACT);
 3568              		.loc 1 2485 3 is_stmt 1 view .LVU1155
ARM GAS  C:\Users\sante\AppData\Local\Temp\cc59nu4g.s 			page 143


2485:Drivers/STM32G0xx_HAL_Driver/Src/stm32g0xx_hal_fdcan.c ****   ProtocolStatus->Activity = (StatusReg & FDCAN_PSR_ACT);
 3569              		.loc 1 2485 69 is_stmt 0 view .LVU1156
 3570 000c 180A     		lsrs	r0, r3, #8
 3571 000e 0240     		ands	r2, r0
2485:Drivers/STM32G0xx_HAL_Driver/Src/stm32g0xx_hal_fdcan.c ****   ProtocolStatus->Activity = (StatusReg & FDCAN_PSR_ACT);
 3572              		.loc 1 2485 37 view .LVU1157
 3573 0010 4A60     		str	r2, [r1, #4]
2486:Drivers/STM32G0xx_HAL_Driver/Src/stm32g0xx_hal_fdcan.c ****   ProtocolStatus->ErrorPassive = ((StatusReg & FDCAN_PSR_EP) >> FDCAN_PSR_EP_Pos);
 3574              		.loc 1 2486 3 is_stmt 1 view .LVU1158
2486:Drivers/STM32G0xx_HAL_Driver/Src/stm32g0xx_hal_fdcan.c ****   ProtocolStatus->ErrorPassive = ((StatusReg & FDCAN_PSR_EP) >> FDCAN_PSR_EP_Pos);
 3575              		.loc 1 2486 41 is_stmt 0 view .LVU1159
 3576 0012 1822     		movs	r2, #24
 3577 0014 1A40     		ands	r2, r3
2486:Drivers/STM32G0xx_HAL_Driver/Src/stm32g0xx_hal_fdcan.c ****   ProtocolStatus->ErrorPassive = ((StatusReg & FDCAN_PSR_EP) >> FDCAN_PSR_EP_Pos);
 3578              		.loc 1 2486 28 view .LVU1160
 3579 0016 8A60     		str	r2, [r1, #8]
2487:Drivers/STM32G0xx_HAL_Driver/Src/stm32g0xx_hal_fdcan.c ****   ProtocolStatus->Warning = ((StatusReg & FDCAN_PSR_EW) >> FDCAN_PSR_EW_Pos);
 3580              		.loc 1 2487 3 is_stmt 1 view .LVU1161
2487:Drivers/STM32G0xx_HAL_Driver/Src/stm32g0xx_hal_fdcan.c ****   ProtocolStatus->Warning = ((StatusReg & FDCAN_PSR_EW) >> FDCAN_PSR_EW_Pos);
 3581              		.loc 1 2487 62 is_stmt 0 view .LVU1162
 3582 0018 5809     		lsrs	r0, r3, #5
 3583 001a 0122     		movs	r2, #1
 3584 001c 1040     		ands	r0, r2
2487:Drivers/STM32G0xx_HAL_Driver/Src/stm32g0xx_hal_fdcan.c ****   ProtocolStatus->Warning = ((StatusReg & FDCAN_PSR_EW) >> FDCAN_PSR_EW_Pos);
 3585              		.loc 1 2487 32 view .LVU1163
 3586 001e C860     		str	r0, [r1, #12]
2488:Drivers/STM32G0xx_HAL_Driver/Src/stm32g0xx_hal_fdcan.c ****   ProtocolStatus->BusOff = ((StatusReg & FDCAN_PSR_BO) >> FDCAN_PSR_BO_Pos);
 3587              		.loc 1 2488 3 is_stmt 1 view .LVU1164
2488:Drivers/STM32G0xx_HAL_Driver/Src/stm32g0xx_hal_fdcan.c ****   ProtocolStatus->BusOff = ((StatusReg & FDCAN_PSR_BO) >> FDCAN_PSR_BO_Pos);
 3588              		.loc 1 2488 57 is_stmt 0 view .LVU1165
 3589 0020 9809     		lsrs	r0, r3, #6
 3590 0022 1040     		ands	r0, r2
2488:Drivers/STM32G0xx_HAL_Driver/Src/stm32g0xx_hal_fdcan.c ****   ProtocolStatus->BusOff = ((StatusReg & FDCAN_PSR_BO) >> FDCAN_PSR_BO_Pos);
 3591              		.loc 1 2488 27 view .LVU1166
 3592 0024 0861     		str	r0, [r1, #16]
2489:Drivers/STM32G0xx_HAL_Driver/Src/stm32g0xx_hal_fdcan.c ****   ProtocolStatus->RxESIflag = ((StatusReg & FDCAN_PSR_RESI) >> FDCAN_PSR_RESI_Pos);
 3593              		.loc 1 2489 3 is_stmt 1 view .LVU1167
2489:Drivers/STM32G0xx_HAL_Driver/Src/stm32g0xx_hal_fdcan.c ****   ProtocolStatus->RxESIflag = ((StatusReg & FDCAN_PSR_RESI) >> FDCAN_PSR_RESI_Pos);
 3594              		.loc 1 2489 56 is_stmt 0 view .LVU1168
 3595 0026 D809     		lsrs	r0, r3, #7
 3596 0028 1040     		ands	r0, r2
2489:Drivers/STM32G0xx_HAL_Driver/Src/stm32g0xx_hal_fdcan.c ****   ProtocolStatus->RxESIflag = ((StatusReg & FDCAN_PSR_RESI) >> FDCAN_PSR_RESI_Pos);
 3597              		.loc 1 2489 26 view .LVU1169
 3598 002a 4861     		str	r0, [r1, #20]
2490:Drivers/STM32G0xx_HAL_Driver/Src/stm32g0xx_hal_fdcan.c ****   ProtocolStatus->RxBRSflag = ((StatusReg & FDCAN_PSR_RBRS) >> FDCAN_PSR_RBRS_Pos);
 3599              		.loc 1 2490 3 is_stmt 1 view .LVU1170
2490:Drivers/STM32G0xx_HAL_Driver/Src/stm32g0xx_hal_fdcan.c ****   ProtocolStatus->RxBRSflag = ((StatusReg & FDCAN_PSR_RBRS) >> FDCAN_PSR_RBRS_Pos);
 3600              		.loc 1 2490 61 is_stmt 0 view .LVU1171
 3601 002c D80A     		lsrs	r0, r3, #11
 3602 002e 1040     		ands	r0, r2
2490:Drivers/STM32G0xx_HAL_Driver/Src/stm32g0xx_hal_fdcan.c ****   ProtocolStatus->RxBRSflag = ((StatusReg & FDCAN_PSR_RBRS) >> FDCAN_PSR_RBRS_Pos);
 3603              		.loc 1 2490 29 view .LVU1172
 3604 0030 8861     		str	r0, [r1, #24]
2491:Drivers/STM32G0xx_HAL_Driver/Src/stm32g0xx_hal_fdcan.c ****   ProtocolStatus->RxFDFflag = ((StatusReg & FDCAN_PSR_REDL) >> FDCAN_PSR_REDL_Pos);
 3605              		.loc 1 2491 3 is_stmt 1 view .LVU1173
2491:Drivers/STM32G0xx_HAL_Driver/Src/stm32g0xx_hal_fdcan.c ****   ProtocolStatus->RxFDFflag = ((StatusReg & FDCAN_PSR_REDL) >> FDCAN_PSR_REDL_Pos);
 3606              		.loc 1 2491 61 is_stmt 0 view .LVU1174
ARM GAS  C:\Users\sante\AppData\Local\Temp\cc59nu4g.s 			page 144


 3607 0032 180B     		lsrs	r0, r3, #12
 3608 0034 1040     		ands	r0, r2
2491:Drivers/STM32G0xx_HAL_Driver/Src/stm32g0xx_hal_fdcan.c ****   ProtocolStatus->RxFDFflag = ((StatusReg & FDCAN_PSR_REDL) >> FDCAN_PSR_REDL_Pos);
 3609              		.loc 1 2491 29 view .LVU1175
 3610 0036 C861     		str	r0, [r1, #28]
2492:Drivers/STM32G0xx_HAL_Driver/Src/stm32g0xx_hal_fdcan.c ****   ProtocolStatus->ProtocolException = ((StatusReg & FDCAN_PSR_PXE) >> FDCAN_PSR_PXE_Pos);
 3611              		.loc 1 2492 3 is_stmt 1 view .LVU1176
2492:Drivers/STM32G0xx_HAL_Driver/Src/stm32g0xx_hal_fdcan.c ****   ProtocolStatus->ProtocolException = ((StatusReg & FDCAN_PSR_PXE) >> FDCAN_PSR_PXE_Pos);
 3612              		.loc 1 2492 61 is_stmt 0 view .LVU1177
 3613 0038 580B     		lsrs	r0, r3, #13
 3614 003a 1040     		ands	r0, r2
2492:Drivers/STM32G0xx_HAL_Driver/Src/stm32g0xx_hal_fdcan.c ****   ProtocolStatus->ProtocolException = ((StatusReg & FDCAN_PSR_PXE) >> FDCAN_PSR_PXE_Pos);
 3615              		.loc 1 2492 29 view .LVU1178
 3616 003c 0862     		str	r0, [r1, #32]
2493:Drivers/STM32G0xx_HAL_Driver/Src/stm32g0xx_hal_fdcan.c ****   ProtocolStatus->TDCvalue = ((StatusReg & FDCAN_PSR_TDCV) >> FDCAN_PSR_TDCV_Pos);
 3617              		.loc 1 2493 3 is_stmt 1 view .LVU1179
2493:Drivers/STM32G0xx_HAL_Driver/Src/stm32g0xx_hal_fdcan.c ****   ProtocolStatus->TDCvalue = ((StatusReg & FDCAN_PSR_TDCV) >> FDCAN_PSR_TDCV_Pos);
 3618              		.loc 1 2493 68 is_stmt 0 view .LVU1180
 3619 003e 980B     		lsrs	r0, r3, #14
 3620 0040 0240     		ands	r2, r0
2493:Drivers/STM32G0xx_HAL_Driver/Src/stm32g0xx_hal_fdcan.c ****   ProtocolStatus->TDCvalue = ((StatusReg & FDCAN_PSR_TDCV) >> FDCAN_PSR_TDCV_Pos);
 3621              		.loc 1 2493 37 view .LVU1181
 3622 0042 4A62     		str	r2, [r1, #36]
2494:Drivers/STM32G0xx_HAL_Driver/Src/stm32g0xx_hal_fdcan.c **** 
 3623              		.loc 1 2494 3 is_stmt 1 view .LVU1182
2494:Drivers/STM32G0xx_HAL_Driver/Src/stm32g0xx_hal_fdcan.c **** 
 3624              		.loc 1 2494 60 is_stmt 0 view .LVU1183
 3625 0044 1B0C     		lsrs	r3, r3, #16
 3626              	.LVL265:
2494:Drivers/STM32G0xx_HAL_Driver/Src/stm32g0xx_hal_fdcan.c **** 
 3627              		.loc 1 2494 60 view .LVU1184
 3628 0046 7F22     		movs	r2, #127
 3629 0048 1340     		ands	r3, r2
2494:Drivers/STM32G0xx_HAL_Driver/Src/stm32g0xx_hal_fdcan.c **** 
 3630              		.loc 1 2494 28 view .LVU1185
 3631 004a 8B62     		str	r3, [r1, #40]
2497:Drivers/STM32G0xx_HAL_Driver/Src/stm32g0xx_hal_fdcan.c **** }
 3632              		.loc 1 2497 3 is_stmt 1 view .LVU1186
2498:Drivers/STM32G0xx_HAL_Driver/Src/stm32g0xx_hal_fdcan.c **** 
 3633              		.loc 1 2498 1 is_stmt 0 view .LVU1187
 3634 004c 0020     		movs	r0, #0
 3635              		@ sp needed
 3636 004e 7047     		bx	lr
 3637              		.cfi_endproc
 3638              	.LFE529:
 3640              		.section	.text.HAL_FDCAN_GetErrorCounters,"ax",%progbits
 3641              		.align	1
 3642              		.global	HAL_FDCAN_GetErrorCounters
 3643              		.syntax unified
 3644              		.code	16
 3645              		.thumb_func
 3647              	HAL_FDCAN_GetErrorCounters:
 3648              	.LVL266:
 3649              	.LFB530:
2509:Drivers/STM32G0xx_HAL_Driver/Src/stm32g0xx_hal_fdcan.c ****   uint32_t CountersReg;
 3650              		.loc 1 2509 1 is_stmt 1 view -0
 3651              		.cfi_startproc
ARM GAS  C:\Users\sante\AppData\Local\Temp\cc59nu4g.s 			page 145


 3652              		@ args = 0, pretend = 0, frame = 0
 3653              		@ frame_needed = 0, uses_anonymous_args = 0
2509:Drivers/STM32G0xx_HAL_Driver/Src/stm32g0xx_hal_fdcan.c ****   uint32_t CountersReg;
 3654              		.loc 1 2509 1 is_stmt 0 view .LVU1189
 3655 0000 10B5     		push	{r4, lr}
 3656              		.cfi_def_cfa_offset 8
 3657              		.cfi_offset 4, -8
 3658              		.cfi_offset 14, -4
2510:Drivers/STM32G0xx_HAL_Driver/Src/stm32g0xx_hal_fdcan.c **** 
 3659              		.loc 1 2510 3 is_stmt 1 view .LVU1190
2513:Drivers/STM32G0xx_HAL_Driver/Src/stm32g0xx_hal_fdcan.c **** 
 3660              		.loc 1 2513 3 view .LVU1191
2513:Drivers/STM32G0xx_HAL_Driver/Src/stm32g0xx_hal_fdcan.c **** 
 3661              		.loc 1 2513 17 is_stmt 0 view .LVU1192
 3662 0002 0368     		ldr	r3, [r0]
2513:Drivers/STM32G0xx_HAL_Driver/Src/stm32g0xx_hal_fdcan.c **** 
 3663              		.loc 1 2513 15 view .LVU1193
 3664 0004 1B6C     		ldr	r3, [r3, #64]
 3665              	.LVL267:
2516:Drivers/STM32G0xx_HAL_Driver/Src/stm32g0xx_hal_fdcan.c ****   ErrorCounters->RxErrorCnt = ((CountersReg & FDCAN_ECR_REC) >> FDCAN_ECR_REC_Pos);
 3666              		.loc 1 2516 3 is_stmt 1 view .LVU1194
2516:Drivers/STM32G0xx_HAL_Driver/Src/stm32g0xx_hal_fdcan.c ****   ErrorCounters->RxErrorCnt = ((CountersReg & FDCAN_ECR_REC) >> FDCAN_ECR_REC_Pos);
 3667              		.loc 1 2516 62 is_stmt 0 view .LVU1195
 3668 0006 FF22     		movs	r2, #255
 3669 0008 1000     		movs	r0, r2
 3670              	.LVL268:
2516:Drivers/STM32G0xx_HAL_Driver/Src/stm32g0xx_hal_fdcan.c ****   ErrorCounters->RxErrorCnt = ((CountersReg & FDCAN_ECR_REC) >> FDCAN_ECR_REC_Pos);
 3671              		.loc 1 2516 62 view .LVU1196
 3672 000a 1840     		ands	r0, r3
2516:Drivers/STM32G0xx_HAL_Driver/Src/stm32g0xx_hal_fdcan.c ****   ErrorCounters->RxErrorCnt = ((CountersReg & FDCAN_ECR_REC) >> FDCAN_ECR_REC_Pos);
 3673              		.loc 1 2516 29 view .LVU1197
 3674 000c 0860     		str	r0, [r1]
2517:Drivers/STM32G0xx_HAL_Driver/Src/stm32g0xx_hal_fdcan.c ****   ErrorCounters->RxErrorPassive = ((CountersReg & FDCAN_ECR_RP) >> FDCAN_ECR_RP_Pos);
 3675              		.loc 1 2517 3 is_stmt 1 view .LVU1198
2517:Drivers/STM32G0xx_HAL_Driver/Src/stm32g0xx_hal_fdcan.c ****   ErrorCounters->RxErrorPassive = ((CountersReg & FDCAN_ECR_RP) >> FDCAN_ECR_RP_Pos);
 3676              		.loc 1 2517 62 is_stmt 0 view .LVU1199
 3677 000e 1C0A     		lsrs	r4, r3, #8
 3678 0010 7F20     		movs	r0, #127
 3679 0012 2040     		ands	r0, r4
2517:Drivers/STM32G0xx_HAL_Driver/Src/stm32g0xx_hal_fdcan.c ****   ErrorCounters->RxErrorPassive = ((CountersReg & FDCAN_ECR_RP) >> FDCAN_ECR_RP_Pos);
 3680              		.loc 1 2517 29 view .LVU1200
 3681 0014 4860     		str	r0, [r1, #4]
2518:Drivers/STM32G0xx_HAL_Driver/Src/stm32g0xx_hal_fdcan.c ****   ErrorCounters->ErrorLogging = ((CountersReg & FDCAN_ECR_CEL) >> FDCAN_ECR_CEL_Pos);
 3682              		.loc 1 2518 3 is_stmt 1 view .LVU1201
2518:Drivers/STM32G0xx_HAL_Driver/Src/stm32g0xx_hal_fdcan.c ****   ErrorCounters->ErrorLogging = ((CountersReg & FDCAN_ECR_CEL) >> FDCAN_ECR_CEL_Pos);
 3683              		.loc 1 2518 65 is_stmt 0 view .LVU1202
 3684 0016 DC0B     		lsrs	r4, r3, #15
 3685 0018 0120     		movs	r0, #1
 3686 001a 2040     		ands	r0, r4
2518:Drivers/STM32G0xx_HAL_Driver/Src/stm32g0xx_hal_fdcan.c ****   ErrorCounters->ErrorLogging = ((CountersReg & FDCAN_ECR_CEL) >> FDCAN_ECR_CEL_Pos);
 3687              		.loc 1 2518 33 view .LVU1203
 3688 001c 8860     		str	r0, [r1, #8]
2519:Drivers/STM32G0xx_HAL_Driver/Src/stm32g0xx_hal_fdcan.c **** 
 3689              		.loc 1 2519 3 is_stmt 1 view .LVU1204
2519:Drivers/STM32G0xx_HAL_Driver/Src/stm32g0xx_hal_fdcan.c **** 
 3690              		.loc 1 2519 64 is_stmt 0 view .LVU1205
 3691 001e 1B0C     		lsrs	r3, r3, #16
ARM GAS  C:\Users\sante\AppData\Local\Temp\cc59nu4g.s 			page 146


 3692              	.LVL269:
2519:Drivers/STM32G0xx_HAL_Driver/Src/stm32g0xx_hal_fdcan.c **** 
 3693              		.loc 1 2519 64 view .LVU1206
 3694 0020 1A40     		ands	r2, r3
2519:Drivers/STM32G0xx_HAL_Driver/Src/stm32g0xx_hal_fdcan.c **** 
 3695              		.loc 1 2519 31 view .LVU1207
 3696 0022 CA60     		str	r2, [r1, #12]
2522:Drivers/STM32G0xx_HAL_Driver/Src/stm32g0xx_hal_fdcan.c **** }
 3697              		.loc 1 2522 3 is_stmt 1 view .LVU1208
2523:Drivers/STM32G0xx_HAL_Driver/Src/stm32g0xx_hal_fdcan.c **** 
 3698              		.loc 1 2523 1 is_stmt 0 view .LVU1209
 3699 0024 0020     		movs	r0, #0
 3700              		@ sp needed
 3701 0026 10BD     		pop	{r4, pc}
 3702              		.cfi_endproc
 3703              	.LFE530:
 3705              		.section	.text.HAL_FDCAN_IsTxBufferMessagePending,"ax",%progbits
 3706              		.align	1
 3707              		.global	HAL_FDCAN_IsTxBufferMessagePending
 3708              		.syntax unified
 3709              		.code	16
 3710              		.thumb_func
 3712              	HAL_FDCAN_IsTxBufferMessagePending:
 3713              	.LVL270:
 3714              	.LFB531:
2536:Drivers/STM32G0xx_HAL_Driver/Src/stm32g0xx_hal_fdcan.c ****   /* Check function parameters */
 3715              		.loc 1 2536 1 is_stmt 1 view -0
 3716              		.cfi_startproc
 3717              		@ args = 0, pretend = 0, frame = 0
 3718              		@ frame_needed = 0, uses_anonymous_args = 0
 3719              		@ link register save eliminated.
2538:Drivers/STM32G0xx_HAL_Driver/Src/stm32g0xx_hal_fdcan.c **** 
 3720              		.loc 1 2538 3 view .LVU1211
2541:Drivers/STM32G0xx_HAL_Driver/Src/stm32g0xx_hal_fdcan.c ****   {
 3721              		.loc 1 2541 3 view .LVU1212
2541:Drivers/STM32G0xx_HAL_Driver/Src/stm32g0xx_hal_fdcan.c ****   {
 3722              		.loc 1 2541 14 is_stmt 0 view .LVU1213
 3723 0000 0268     		ldr	r2, [r0]
2541:Drivers/STM32G0xx_HAL_Driver/Src/stm32g0xx_hal_fdcan.c ****   {
 3724              		.loc 1 2541 24 view .LVU1214
 3725 0002 C823     		movs	r3, #200
 3726 0004 D358     		ldr	r3, [r2, r3]
2541:Drivers/STM32G0xx_HAL_Driver/Src/stm32g0xx_hal_fdcan.c ****   {
 3727              		.loc 1 2541 32 view .LVU1215
 3728 0006 0800     		movs	r0, r1
 3729              	.LVL271:
2541:Drivers/STM32G0xx_HAL_Driver/Src/stm32g0xx_hal_fdcan.c ****   {
 3730              		.loc 1 2541 32 view .LVU1216
 3731 0008 1840     		ands	r0, r3
2541:Drivers/STM32G0xx_HAL_Driver/Src/stm32g0xx_hal_fdcan.c ****   {
 3732              		.loc 1 2541 6 view .LVU1217
 3733 000a 1942     		tst	r1, r3
 3734 000c 00D0     		beq	.L213
2545:Drivers/STM32G0xx_HAL_Driver/Src/stm32g0xx_hal_fdcan.c **** }
 3735              		.loc 1 2545 10 view .LVU1218
 3736 000e 0120     		movs	r0, #1
 3737              	.L213:
ARM GAS  C:\Users\sante\AppData\Local\Temp\cc59nu4g.s 			page 147


2546:Drivers/STM32G0xx_HAL_Driver/Src/stm32g0xx_hal_fdcan.c **** 
 3738              		.loc 1 2546 1 view .LVU1219
 3739              		@ sp needed
 3740 0010 7047     		bx	lr
 3741              		.cfi_endproc
 3742              	.LFE531:
 3744              		.section	.text.HAL_FDCAN_GetRxFifoFillLevel,"ax",%progbits
 3745              		.align	1
 3746              		.global	HAL_FDCAN_GetRxFifoFillLevel
 3747              		.syntax unified
 3748              		.code	16
 3749              		.thumb_func
 3751              	HAL_FDCAN_GetRxFifoFillLevel:
 3752              	.LVL272:
 3753              	.LFB532:
2559:Drivers/STM32G0xx_HAL_Driver/Src/stm32g0xx_hal_fdcan.c ****   uint32_t FillLevel;
 3754              		.loc 1 2559 1 is_stmt 1 view -0
 3755              		.cfi_startproc
 3756              		@ args = 0, pretend = 0, frame = 0
 3757              		@ frame_needed = 0, uses_anonymous_args = 0
 3758              		@ link register save eliminated.
2560:Drivers/STM32G0xx_HAL_Driver/Src/stm32g0xx_hal_fdcan.c **** 
 3759              		.loc 1 2560 3 view .LVU1221
2563:Drivers/STM32G0xx_HAL_Driver/Src/stm32g0xx_hal_fdcan.c **** 
 3760              		.loc 1 2563 3 view .LVU1222
2565:Drivers/STM32G0xx_HAL_Driver/Src/stm32g0xx_hal_fdcan.c ****   {
 3761              		.loc 1 2565 3 view .LVU1223
2565:Drivers/STM32G0xx_HAL_Driver/Src/stm32g0xx_hal_fdcan.c ****   {
 3762              		.loc 1 2565 6 is_stmt 0 view .LVU1224
 3763 0000 4029     		cmp	r1, #64
 3764 0002 05D0     		beq	.L218
2571:Drivers/STM32G0xx_HAL_Driver/Src/stm32g0xx_hal_fdcan.c ****   }
 3765              		.loc 1 2571 5 is_stmt 1 view .LVU1225
2571:Drivers/STM32G0xx_HAL_Driver/Src/stm32g0xx_hal_fdcan.c ****   }
 3766              		.loc 1 2571 23 is_stmt 0 view .LVU1226
 3767 0004 0268     		ldr	r2, [r0]
2571:Drivers/STM32G0xx_HAL_Driver/Src/stm32g0xx_hal_fdcan.c ****   }
 3768              		.loc 1 2571 33 view .LVU1227
 3769 0006 9823     		movs	r3, #152
 3770 0008 D358     		ldr	r3, [r2, r3]
2571:Drivers/STM32G0xx_HAL_Driver/Src/stm32g0xx_hal_fdcan.c ****   }
 3771              		.loc 1 2571 15 view .LVU1228
 3772 000a 0F20     		movs	r0, #15
 3773              	.LVL273:
2571:Drivers/STM32G0xx_HAL_Driver/Src/stm32g0xx_hal_fdcan.c ****   }
 3774              		.loc 1 2571 15 view .LVU1229
 3775 000c 1840     		ands	r0, r3
 3776              	.LVL274:
2575:Drivers/STM32G0xx_HAL_Driver/Src/stm32g0xx_hal_fdcan.c **** }
 3777              		.loc 1 2575 3 is_stmt 1 view .LVU1230
 3778              	.L215:
2576:Drivers/STM32G0xx_HAL_Driver/Src/stm32g0xx_hal_fdcan.c **** 
 3779              		.loc 1 2576 1 is_stmt 0 view .LVU1231
 3780              		@ sp needed
 3781 000e 7047     		bx	lr
 3782              	.LVL275:
 3783              	.L218:
ARM GAS  C:\Users\sante\AppData\Local\Temp\cc59nu4g.s 			page 148


2567:Drivers/STM32G0xx_HAL_Driver/Src/stm32g0xx_hal_fdcan.c ****   }
 3784              		.loc 1 2567 5 is_stmt 1 view .LVU1232
2567:Drivers/STM32G0xx_HAL_Driver/Src/stm32g0xx_hal_fdcan.c ****   }
 3785              		.loc 1 2567 23 is_stmt 0 view .LVU1233
 3786 0010 0268     		ldr	r2, [r0]
2567:Drivers/STM32G0xx_HAL_Driver/Src/stm32g0xx_hal_fdcan.c ****   }
 3787              		.loc 1 2567 33 view .LVU1234
 3788 0012 9023     		movs	r3, #144
 3789 0014 D358     		ldr	r3, [r2, r3]
2567:Drivers/STM32G0xx_HAL_Driver/Src/stm32g0xx_hal_fdcan.c ****   }
 3790              		.loc 1 2567 15 view .LVU1235
 3791 0016 0F20     		movs	r0, #15
 3792              	.LVL276:
2567:Drivers/STM32G0xx_HAL_Driver/Src/stm32g0xx_hal_fdcan.c ****   }
 3793              		.loc 1 2567 15 view .LVU1236
 3794 0018 1840     		ands	r0, r3
 3795              	.LVL277:
2567:Drivers/STM32G0xx_HAL_Driver/Src/stm32g0xx_hal_fdcan.c ****   }
 3796              		.loc 1 2567 15 view .LVU1237
 3797 001a F8E7     		b	.L215
 3798              		.cfi_endproc
 3799              	.LFE532:
 3801              		.section	.text.HAL_FDCAN_GetTxFifoFreeLevel,"ax",%progbits
 3802              		.align	1
 3803              		.global	HAL_FDCAN_GetTxFifoFreeLevel
 3804              		.syntax unified
 3805              		.code	16
 3806              		.thumb_func
 3808              	HAL_FDCAN_GetTxFifoFreeLevel:
 3809              	.LVL278:
 3810              	.LFB533:
2586:Drivers/STM32G0xx_HAL_Driver/Src/stm32g0xx_hal_fdcan.c ****   uint32_t FreeLevel;
 3811              		.loc 1 2586 1 is_stmt 1 view -0
 3812              		.cfi_startproc
 3813              		@ args = 0, pretend = 0, frame = 0
 3814              		@ frame_needed = 0, uses_anonymous_args = 0
 3815              		@ link register save eliminated.
2587:Drivers/STM32G0xx_HAL_Driver/Src/stm32g0xx_hal_fdcan.c **** 
 3816              		.loc 1 2587 3 view .LVU1239
2589:Drivers/STM32G0xx_HAL_Driver/Src/stm32g0xx_hal_fdcan.c **** 
 3817              		.loc 1 2589 3 view .LVU1240
2589:Drivers/STM32G0xx_HAL_Driver/Src/stm32g0xx_hal_fdcan.c **** 
 3818              		.loc 1 2589 21 is_stmt 0 view .LVU1241
 3819 0000 0268     		ldr	r2, [r0]
2589:Drivers/STM32G0xx_HAL_Driver/Src/stm32g0xx_hal_fdcan.c **** 
 3820              		.loc 1 2589 31 view .LVU1242
 3821 0002 C423     		movs	r3, #196
 3822 0004 D358     		ldr	r3, [r2, r3]
2589:Drivers/STM32G0xx_HAL_Driver/Src/stm32g0xx_hal_fdcan.c **** 
 3823              		.loc 1 2589 13 view .LVU1243
 3824 0006 0720     		movs	r0, #7
 3825              	.LVL279:
2589:Drivers/STM32G0xx_HAL_Driver/Src/stm32g0xx_hal_fdcan.c **** 
 3826              		.loc 1 2589 13 view .LVU1244
 3827 0008 1840     		ands	r0, r3
 3828              	.LVL280:
2592:Drivers/STM32G0xx_HAL_Driver/Src/stm32g0xx_hal_fdcan.c **** }
ARM GAS  C:\Users\sante\AppData\Local\Temp\cc59nu4g.s 			page 149


 3829              		.loc 1 2592 3 is_stmt 1 view .LVU1245
2593:Drivers/STM32G0xx_HAL_Driver/Src/stm32g0xx_hal_fdcan.c **** 
 3830              		.loc 1 2593 1 is_stmt 0 view .LVU1246
 3831              		@ sp needed
 3832 000a 7047     		bx	lr
 3833              		.cfi_endproc
 3834              	.LFE533:
 3836              		.section	.text.HAL_FDCAN_IsRestrictedOperationMode,"ax",%progbits
 3837              		.align	1
 3838              		.global	HAL_FDCAN_IsRestrictedOperationMode
 3839              		.syntax unified
 3840              		.code	16
 3841              		.thumb_func
 3843              	HAL_FDCAN_IsRestrictedOperationMode:
 3844              	.LVL281:
 3845              	.LFB534:
2604:Drivers/STM32G0xx_HAL_Driver/Src/stm32g0xx_hal_fdcan.c ****   uint32_t OperationMode;
 3846              		.loc 1 2604 1 is_stmt 1 view -0
 3847              		.cfi_startproc
 3848              		@ args = 0, pretend = 0, frame = 0
 3849              		@ frame_needed = 0, uses_anonymous_args = 0
 3850              		@ link register save eliminated.
2605:Drivers/STM32G0xx_HAL_Driver/Src/stm32g0xx_hal_fdcan.c **** 
 3851              		.loc 1 2605 3 view .LVU1248
2608:Drivers/STM32G0xx_HAL_Driver/Src/stm32g0xx_hal_fdcan.c **** 
 3852              		.loc 1 2608 3 view .LVU1249
2608:Drivers/STM32G0xx_HAL_Driver/Src/stm32g0xx_hal_fdcan.c **** 
 3853              		.loc 1 2608 27 is_stmt 0 view .LVU1250
 3854 0000 0368     		ldr	r3, [r0]
2608:Drivers/STM32G0xx_HAL_Driver/Src/stm32g0xx_hal_fdcan.c **** 
 3855              		.loc 1 2608 37 view .LVU1251
 3856 0002 9B69     		ldr	r3, [r3, #24]
2608:Drivers/STM32G0xx_HAL_Driver/Src/stm32g0xx_hal_fdcan.c **** 
 3857              		.loc 1 2608 62 view .LVU1252
 3858 0004 9B08     		lsrs	r3, r3, #2
2608:Drivers/STM32G0xx_HAL_Driver/Src/stm32g0xx_hal_fdcan.c **** 
 3859              		.loc 1 2608 17 view .LVU1253
 3860 0006 0120     		movs	r0, #1
 3861              	.LVL282:
2608:Drivers/STM32G0xx_HAL_Driver/Src/stm32g0xx_hal_fdcan.c **** 
 3862              		.loc 1 2608 17 view .LVU1254
 3863 0008 1840     		ands	r0, r3
 3864              	.LVL283:
2610:Drivers/STM32G0xx_HAL_Driver/Src/stm32g0xx_hal_fdcan.c **** }
 3865              		.loc 1 2610 3 is_stmt 1 view .LVU1255
2611:Drivers/STM32G0xx_HAL_Driver/Src/stm32g0xx_hal_fdcan.c **** 
 3866              		.loc 1 2611 1 is_stmt 0 view .LVU1256
 3867              		@ sp needed
 3868 000a 7047     		bx	lr
 3869              		.cfi_endproc
 3870              	.LFE534:
 3872              		.section	.text.HAL_FDCAN_ExitRestrictedOperationMode,"ax",%progbits
 3873              		.align	1
 3874              		.global	HAL_FDCAN_ExitRestrictedOperationMode
 3875              		.syntax unified
 3876              		.code	16
 3877              		.thumb_func
ARM GAS  C:\Users\sante\AppData\Local\Temp\cc59nu4g.s 			page 150


 3879              	HAL_FDCAN_ExitRestrictedOperationMode:
 3880              	.LVL284:
 3881              	.LFB535:
2620:Drivers/STM32G0xx_HAL_Driver/Src/stm32g0xx_hal_fdcan.c ****   HAL_FDCAN_StateTypeDef state = hfdcan->State;
 3882              		.loc 1 2620 1 is_stmt 1 view -0
 3883              		.cfi_startproc
 3884              		@ args = 0, pretend = 0, frame = 0
 3885              		@ frame_needed = 0, uses_anonymous_args = 0
 3886              		@ link register save eliminated.
2621:Drivers/STM32G0xx_HAL_Driver/Src/stm32g0xx_hal_fdcan.c **** 
 3887              		.loc 1 2621 3 view .LVU1258
2621:Drivers/STM32G0xx_HAL_Driver/Src/stm32g0xx_hal_fdcan.c **** 
 3888              		.loc 1 2621 26 is_stmt 0 view .LVU1259
 3889 0000 5C23     		movs	r3, #92
 3890 0002 C35C     		ldrb	r3, [r0, r3]
 3891              	.LVL285:
2623:Drivers/STM32G0xx_HAL_Driver/Src/stm32g0xx_hal_fdcan.c ****   {
 3892              		.loc 1 2623 3 is_stmt 1 view .LVU1260
2623:Drivers/STM32G0xx_HAL_Driver/Src/stm32g0xx_hal_fdcan.c ****   {
 3893              		.loc 1 2623 40 is_stmt 0 view .LVU1261
 3894 0004 013B     		subs	r3, r3, #1
 3895              	.LVL286:
2623:Drivers/STM32G0xx_HAL_Driver/Src/stm32g0xx_hal_fdcan.c ****   {
 3896              		.loc 1 2623 40 view .LVU1262
 3897 0006 DBB2     		uxtb	r3, r3
 3898              	.LVL287:
2623:Drivers/STM32G0xx_HAL_Driver/Src/stm32g0xx_hal_fdcan.c ****   {
 3899              		.loc 1 2623 6 view .LVU1263
 3900 0008 012B     		cmp	r3, #1
 3901 000a 05D9     		bls	.L224
2634:Drivers/STM32G0xx_HAL_Driver/Src/stm32g0xx_hal_fdcan.c **** 
 3902              		.loc 1 2634 5 is_stmt 1 view .LVU1264
2634:Drivers/STM32G0xx_HAL_Driver/Src/stm32g0xx_hal_fdcan.c **** 
 3903              		.loc 1 2634 11 is_stmt 0 view .LVU1265
 3904 000c 036E     		ldr	r3, [r0, #96]
2634:Drivers/STM32G0xx_HAL_Driver/Src/stm32g0xx_hal_fdcan.c **** 
 3905              		.loc 1 2634 23 view .LVU1266
 3906 000e 0222     		movs	r2, #2
 3907 0010 1343     		orrs	r3, r2
 3908 0012 0366     		str	r3, [r0, #96]
2636:Drivers/STM32G0xx_HAL_Driver/Src/stm32g0xx_hal_fdcan.c ****   }
 3909              		.loc 1 2636 5 is_stmt 1 view .LVU1267
2636:Drivers/STM32G0xx_HAL_Driver/Src/stm32g0xx_hal_fdcan.c ****   }
 3910              		.loc 1 2636 12 is_stmt 0 view .LVU1268
 3911 0014 0120     		movs	r0, #1
 3912              	.LVL288:
 3913              	.L223:
2638:Drivers/STM32G0xx_HAL_Driver/Src/stm32g0xx_hal_fdcan.c **** 
 3914              		.loc 1 2638 1 view .LVU1269
 3915              		@ sp needed
 3916 0016 7047     		bx	lr
 3917              	.LVL289:
 3918              	.L224:
2626:Drivers/STM32G0xx_HAL_Driver/Src/stm32g0xx_hal_fdcan.c **** 
 3919              		.loc 1 2626 5 is_stmt 1 view .LVU1270
 3920 0018 0268     		ldr	r2, [r0]
 3921 001a 9369     		ldr	r3, [r2, #24]
ARM GAS  C:\Users\sante\AppData\Local\Temp\cc59nu4g.s 			page 151


 3922 001c 0421     		movs	r1, #4
 3923 001e 8B43     		bics	r3, r1
 3924 0020 9361     		str	r3, [r2, #24]
2629:Drivers/STM32G0xx_HAL_Driver/Src/stm32g0xx_hal_fdcan.c ****   }
 3925              		.loc 1 2629 5 view .LVU1271
2629:Drivers/STM32G0xx_HAL_Driver/Src/stm32g0xx_hal_fdcan.c ****   }
 3926              		.loc 1 2629 12 is_stmt 0 view .LVU1272
 3927 0022 0020     		movs	r0, #0
 3928              	.LVL290:
2629:Drivers/STM32G0xx_HAL_Driver/Src/stm32g0xx_hal_fdcan.c ****   }
 3929              		.loc 1 2629 12 view .LVU1273
 3930 0024 F7E7     		b	.L223
 3931              		.cfi_endproc
 3932              	.LFE535:
 3934              		.section	.text.HAL_FDCAN_ConfigInterruptLines,"ax",%progbits
 3935              		.align	1
 3936              		.global	HAL_FDCAN_ConfigInterruptLines
 3937              		.syntax unified
 3938              		.code	16
 3939              		.thumb_func
 3941              	HAL_FDCAN_ConfigInterruptLines:
 3942              	.LVL291:
 3943              	.LFB536:
2672:Drivers/STM32G0xx_HAL_Driver/Src/stm32g0xx_hal_fdcan.c ****   HAL_FDCAN_StateTypeDef state = hfdcan->State;
 3944              		.loc 1 2672 1 is_stmt 1 view -0
 3945              		.cfi_startproc
 3946              		@ args = 0, pretend = 0, frame = 0
 3947              		@ frame_needed = 0, uses_anonymous_args = 0
 3948              		@ link register save eliminated.
2673:Drivers/STM32G0xx_HAL_Driver/Src/stm32g0xx_hal_fdcan.c **** 
 3949              		.loc 1 2673 3 view .LVU1275
2673:Drivers/STM32G0xx_HAL_Driver/Src/stm32g0xx_hal_fdcan.c **** 
 3950              		.loc 1 2673 26 is_stmt 0 view .LVU1276
 3951 0000 5C23     		movs	r3, #92
 3952 0002 C35C     		ldrb	r3, [r0, r3]
 3953              	.LVL292:
2676:Drivers/STM32G0xx_HAL_Driver/Src/stm32g0xx_hal_fdcan.c ****   assert_param(IS_FDCAN_IT_LINE(InterruptLine));
 3954              		.loc 1 2676 3 is_stmt 1 view .LVU1277
2677:Drivers/STM32G0xx_HAL_Driver/Src/stm32g0xx_hal_fdcan.c **** 
 3955              		.loc 1 2677 3 view .LVU1278
2679:Drivers/STM32G0xx_HAL_Driver/Src/stm32g0xx_hal_fdcan.c ****   {
 3956              		.loc 1 2679 3 view .LVU1279
2679:Drivers/STM32G0xx_HAL_Driver/Src/stm32g0xx_hal_fdcan.c ****   {
 3957              		.loc 1 2679 40 is_stmt 0 view .LVU1280
 3958 0004 013B     		subs	r3, r3, #1
 3959              	.LVL293:
2679:Drivers/STM32G0xx_HAL_Driver/Src/stm32g0xx_hal_fdcan.c ****   {
 3960              		.loc 1 2679 40 view .LVU1281
 3961 0006 DBB2     		uxtb	r3, r3
 3962              	.LVL294:
2679:Drivers/STM32G0xx_HAL_Driver/Src/stm32g0xx_hal_fdcan.c ****   {
 3963              		.loc 1 2679 6 view .LVU1282
 3964 0008 012B     		cmp	r3, #1
 3965 000a 05D9     		bls	.L230
2697:Drivers/STM32G0xx_HAL_Driver/Src/stm32g0xx_hal_fdcan.c **** 
 3966              		.loc 1 2697 5 is_stmt 1 view .LVU1283
2697:Drivers/STM32G0xx_HAL_Driver/Src/stm32g0xx_hal_fdcan.c **** 
ARM GAS  C:\Users\sante\AppData\Local\Temp\cc59nu4g.s 			page 152


 3967              		.loc 1 2697 11 is_stmt 0 view .LVU1284
 3968 000c 036E     		ldr	r3, [r0, #96]
2697:Drivers/STM32G0xx_HAL_Driver/Src/stm32g0xx_hal_fdcan.c **** 
 3969              		.loc 1 2697 23 view .LVU1285
 3970 000e 0222     		movs	r2, #2
 3971              	.LVL295:
2697:Drivers/STM32G0xx_HAL_Driver/Src/stm32g0xx_hal_fdcan.c **** 
 3972              		.loc 1 2697 23 view .LVU1286
 3973 0010 1343     		orrs	r3, r2
 3974 0012 0366     		str	r3, [r0, #96]
2699:Drivers/STM32G0xx_HAL_Driver/Src/stm32g0xx_hal_fdcan.c ****   }
 3975              		.loc 1 2699 5 is_stmt 1 view .LVU1287
2699:Drivers/STM32G0xx_HAL_Driver/Src/stm32g0xx_hal_fdcan.c ****   }
 3976              		.loc 1 2699 12 is_stmt 0 view .LVU1288
 3977 0014 0120     		movs	r0, #1
 3978              	.LVL296:
 3979              	.L229:
2701:Drivers/STM32G0xx_HAL_Driver/Src/stm32g0xx_hal_fdcan.c **** 
 3980              		.loc 1 2701 1 view .LVU1289
 3981              		@ sp needed
 3982 0016 7047     		bx	lr
 3983              	.LVL297:
 3984              	.L230:
2682:Drivers/STM32G0xx_HAL_Driver/Src/stm32g0xx_hal_fdcan.c ****     {
 3985              		.loc 1 2682 5 is_stmt 1 view .LVU1290
2682:Drivers/STM32G0xx_HAL_Driver/Src/stm32g0xx_hal_fdcan.c ****     {
 3986              		.loc 1 2682 8 is_stmt 0 view .LVU1291
 3987 0018 012A     		cmp	r2, #1
 3988 001a 05D0     		beq	.L231
2688:Drivers/STM32G0xx_HAL_Driver/Src/stm32g0xx_hal_fdcan.c ****     }
 3989              		.loc 1 2688 7 is_stmt 1 view .LVU1292
 3990 001c 0268     		ldr	r2, [r0]
 3991              	.LVL298:
2688:Drivers/STM32G0xx_HAL_Driver/Src/stm32g0xx_hal_fdcan.c ****     }
 3992              		.loc 1 2688 7 is_stmt 0 view .LVU1293
 3993 001e 936D     		ldr	r3, [r2, #88]
 3994 0020 0B43     		orrs	r3, r1
 3995 0022 9365     		str	r3, [r2, #88]
 3996              	.L228:
2692:Drivers/STM32G0xx_HAL_Driver/Src/stm32g0xx_hal_fdcan.c ****   }
 3997              		.loc 1 2692 5 is_stmt 1 view .LVU1294
2692:Drivers/STM32G0xx_HAL_Driver/Src/stm32g0xx_hal_fdcan.c ****   }
 3998              		.loc 1 2692 12 is_stmt 0 view .LVU1295
 3999 0024 0020     		movs	r0, #0
 4000              	.LVL299:
2692:Drivers/STM32G0xx_HAL_Driver/Src/stm32g0xx_hal_fdcan.c ****   }
 4001              		.loc 1 2692 12 view .LVU1296
 4002 0026 F6E7     		b	.L229
 4003              	.LVL300:
 4004              	.L231:
2684:Drivers/STM32G0xx_HAL_Driver/Src/stm32g0xx_hal_fdcan.c ****     }
 4005              		.loc 1 2684 7 is_stmt 1 view .LVU1297
 4006 0028 0268     		ldr	r2, [r0]
 4007              	.LVL301:
2684:Drivers/STM32G0xx_HAL_Driver/Src/stm32g0xx_hal_fdcan.c ****     }
 4008              		.loc 1 2684 7 is_stmt 0 view .LVU1298
 4009 002a 936D     		ldr	r3, [r2, #88]
ARM GAS  C:\Users\sante\AppData\Local\Temp\cc59nu4g.s 			page 153


 4010 002c 8B43     		bics	r3, r1
 4011 002e 9365     		str	r3, [r2, #88]
 4012 0030 F8E7     		b	.L228
 4013              		.cfi_endproc
 4014              	.LFE536:
 4016              		.section	.text.HAL_FDCAN_ActivateNotification,"ax",%progbits
 4017              		.align	1
 4018              		.global	HAL_FDCAN_ActivateNotification
 4019              		.syntax unified
 4020              		.code	16
 4021              		.thumb_func
 4023              	HAL_FDCAN_ActivateNotification:
 4024              	.LVL302:
 4025              	.LFB537:
2718:Drivers/STM32G0xx_HAL_Driver/Src/stm32g0xx_hal_fdcan.c ****   HAL_FDCAN_StateTypeDef state = hfdcan->State;
 4026              		.loc 1 2718 1 is_stmt 1 view -0
 4027              		.cfi_startproc
 4028              		@ args = 0, pretend = 0, frame = 0
 4029              		@ frame_needed = 0, uses_anonymous_args = 0
2718:Drivers/STM32G0xx_HAL_Driver/Src/stm32g0xx_hal_fdcan.c ****   HAL_FDCAN_StateTypeDef state = hfdcan->State;
 4030              		.loc 1 2718 1 is_stmt 0 view .LVU1300
 4031 0000 F0B5     		push	{r4, r5, r6, r7, lr}
 4032              		.cfi_def_cfa_offset 20
 4033              		.cfi_offset 4, -20
 4034              		.cfi_offset 5, -16
 4035              		.cfi_offset 6, -12
 4036              		.cfi_offset 7, -8
 4037              		.cfi_offset 14, -4
2719:Drivers/STM32G0xx_HAL_Driver/Src/stm32g0xx_hal_fdcan.c ****   uint32_t ITs_lines_selection;
 4038              		.loc 1 2719 3 is_stmt 1 view .LVU1301
2719:Drivers/STM32G0xx_HAL_Driver/Src/stm32g0xx_hal_fdcan.c ****   uint32_t ITs_lines_selection;
 4039              		.loc 1 2719 26 is_stmt 0 view .LVU1302
 4040 0002 5C23     		movs	r3, #92
 4041 0004 C35C     		ldrb	r3, [r0, r3]
 4042              	.LVL303:
2720:Drivers/STM32G0xx_HAL_Driver/Src/stm32g0xx_hal_fdcan.c **** 
 4043              		.loc 1 2720 3 is_stmt 1 view .LVU1303
2723:Drivers/STM32G0xx_HAL_Driver/Src/stm32g0xx_hal_fdcan.c ****   if ((ActiveITs & (FDCAN_IT_TX_COMPLETE | FDCAN_IT_TX_ABORT_COMPLETE)) != 0U)
 4044              		.loc 1 2723 3 view .LVU1304
2724:Drivers/STM32G0xx_HAL_Driver/Src/stm32g0xx_hal_fdcan.c ****   {
 4045              		.loc 1 2724 3 view .LVU1305
2726:Drivers/STM32G0xx_HAL_Driver/Src/stm32g0xx_hal_fdcan.c ****   }
 4046              		.loc 1 2726 5 view .LVU1306
2729:Drivers/STM32G0xx_HAL_Driver/Src/stm32g0xx_hal_fdcan.c ****   {
 4047              		.loc 1 2729 3 view .LVU1307
2729:Drivers/STM32G0xx_HAL_Driver/Src/stm32g0xx_hal_fdcan.c ****   {
 4048              		.loc 1 2729 40 is_stmt 0 view .LVU1308
 4049 0006 013B     		subs	r3, r3, #1
 4050              	.LVL304:
2729:Drivers/STM32G0xx_HAL_Driver/Src/stm32g0xx_hal_fdcan.c ****   {
 4051              		.loc 1 2729 40 view .LVU1309
 4052 0008 DBB2     		uxtb	r3, r3
 4053              	.LVL305:
2729:Drivers/STM32G0xx_HAL_Driver/Src/stm32g0xx_hal_fdcan.c ****   {
 4054              		.loc 1 2729 6 view .LVU1310
 4055 000a 012B     		cmp	r3, #1
 4056 000c 05D9     		bls	.L269
ARM GAS  C:\Users\sante\AppData\Local\Temp\cc59nu4g.s 			page 154


2795:Drivers/STM32G0xx_HAL_Driver/Src/stm32g0xx_hal_fdcan.c **** 
 4057              		.loc 1 2795 5 is_stmt 1 view .LVU1311
2795:Drivers/STM32G0xx_HAL_Driver/Src/stm32g0xx_hal_fdcan.c **** 
 4058              		.loc 1 2795 11 is_stmt 0 view .LVU1312
 4059 000e 036E     		ldr	r3, [r0, #96]
2795:Drivers/STM32G0xx_HAL_Driver/Src/stm32g0xx_hal_fdcan.c **** 
 4060              		.loc 1 2795 23 view .LVU1313
 4061 0010 0222     		movs	r2, #2
 4062              	.LVL306:
2795:Drivers/STM32G0xx_HAL_Driver/Src/stm32g0xx_hal_fdcan.c **** 
 4063              		.loc 1 2795 23 view .LVU1314
 4064 0012 1343     		orrs	r3, r2
 4065 0014 0366     		str	r3, [r0, #96]
2797:Drivers/STM32G0xx_HAL_Driver/Src/stm32g0xx_hal_fdcan.c ****   }
 4066              		.loc 1 2797 5 is_stmt 1 view .LVU1315
2797:Drivers/STM32G0xx_HAL_Driver/Src/stm32g0xx_hal_fdcan.c ****   }
 4067              		.loc 1 2797 12 is_stmt 0 view .LVU1316
 4068 0016 0120     		movs	r0, #1
 4069              	.LVL307:
 4070              	.L252:
2799:Drivers/STM32G0xx_HAL_Driver/Src/stm32g0xx_hal_fdcan.c **** 
 4071              		.loc 1 2799 1 view .LVU1317
 4072              		@ sp needed
 4073 0018 F0BD     		pop	{r4, r5, r6, r7, pc}
 4074              	.LVL308:
 4075              	.L269:
2732:Drivers/STM32G0xx_HAL_Driver/Src/stm32g0xx_hal_fdcan.c **** 
 4076              		.loc 1 2732 5 is_stmt 1 view .LVU1318
2732:Drivers/STM32G0xx_HAL_Driver/Src/stm32g0xx_hal_fdcan.c **** 
 4077              		.loc 1 2732 33 is_stmt 0 view .LVU1319
 4078 001a 0468     		ldr	r4, [r0]
2732:Drivers/STM32G0xx_HAL_Driver/Src/stm32g0xx_hal_fdcan.c **** 
 4079              		.loc 1 2732 25 view .LVU1320
 4080 001c A36D     		ldr	r3, [r4, #88]
 4081              	.LVL309:
2735:Drivers/STM32G0xx_HAL_Driver/Src/stm32g0xx_hal_fdcan.c ****          && (((ITs_lines_selection) & FDCAN_IT_GROUP_RX_FIFO0) == 0U)) || \
 4082              		.loc 1 2735 5 is_stmt 1 view .LVU1321
2735:Drivers/STM32G0xx_HAL_Driver/Src/stm32g0xx_hal_fdcan.c ****          && (((ITs_lines_selection) & FDCAN_IT_GROUP_RX_FIFO0) == 0U)) || \
 4083              		.loc 1 2735 22 is_stmt 0 view .LVU1322
 4084 001e 0725     		movs	r5, #7
 4085 0020 2E00     		movs	r6, r5
 4086 0022 0E40     		ands	r6, r1
2735:Drivers/STM32G0xx_HAL_Driver/Src/stm32g0xx_hal_fdcan.c ****          && (((ITs_lines_selection) & FDCAN_IT_GROUP_RX_FIFO0) == 0U)) || \
 4087              		.loc 1 2735 8 view .LVU1323
 4088 0024 0D42     		tst	r5, r1
 4089 0026 01D0     		beq	.L234
2736:Drivers/STM32G0xx_HAL_Driver/Src/stm32g0xx_hal_fdcan.c ****         (((ActiveITs & FDCAN_IT_LIST_RX_FIFO1)       != 0U)
 4090              		.loc 1 2736 10 view .LVU1324
 4091 0028 DD07     		lsls	r5, r3, #31
 4092 002a 22D5     		bpl	.L235
 4093              	.L234:
2737:Drivers/STM32G0xx_HAL_Driver/Src/stm32g0xx_hal_fdcan.c ****          && (((ITs_lines_selection) & FDCAN_IT_GROUP_RX_FIFO1) == 0U)) || \
 4094              		.loc 1 2737 22 view .LVU1325
 4095 002c 3825     		movs	r5, #56
2736:Drivers/STM32G0xx_HAL_Driver/Src/stm32g0xx_hal_fdcan.c ****         (((ActiveITs & FDCAN_IT_LIST_RX_FIFO1)       != 0U)
 4096              		.loc 1 2736 72 discriminator 1 view .LVU1326
 4097 002e 0D42     		tst	r5, r1
ARM GAS  C:\Users\sante\AppData\Local\Temp\cc59nu4g.s 			page 155


 4098 0030 01D0     		beq	.L236
2738:Drivers/STM32G0xx_HAL_Driver/Src/stm32g0xx_hal_fdcan.c ****         (((ActiveITs & FDCAN_IT_LIST_SMSG)           != 0U)
 4099              		.loc 1 2738 10 view .LVU1327
 4100 0032 9D07     		lsls	r5, r3, #30
 4101 0034 1DD5     		bpl	.L235
 4102              	.L236:
2739:Drivers/STM32G0xx_HAL_Driver/Src/stm32g0xx_hal_fdcan.c ****          && (((ITs_lines_selection) & FDCAN_IT_GROUP_SMSG)     == 0U)) || \
 4103              		.loc 1 2739 22 view .LVU1328
 4104 0036 E025     		movs	r5, #224
 4105 0038 6D00     		lsls	r5, r5, #1
2738:Drivers/STM32G0xx_HAL_Driver/Src/stm32g0xx_hal_fdcan.c ****         (((ActiveITs & FDCAN_IT_LIST_SMSG)           != 0U)
 4106              		.loc 1 2738 72 discriminator 1 view .LVU1329
 4107 003a 2942     		tst	r1, r5
 4108 003c 01D0     		beq	.L237
2740:Drivers/STM32G0xx_HAL_Driver/Src/stm32g0xx_hal_fdcan.c ****         (((ActiveITs & FDCAN_IT_LIST_TX_FIFO_ERROR)  != 0U)
 4109              		.loc 1 2740 10 view .LVU1330
 4110 003e 5D07     		lsls	r5, r3, #29
 4111 0040 17D5     		bpl	.L235
 4112              	.L237:
2741:Drivers/STM32G0xx_HAL_Driver/Src/stm32g0xx_hal_fdcan.c ****          && (((ITs_lines_selection) & FDCAN_IT_GROUP_TX_FIFO_ERROR)  == 0U)) || \
 4113              		.loc 1 2741 22 view .LVU1331
 4114 0042 F025     		movs	r5, #240
 4115 0044 6D01     		lsls	r5, r5, #5
2740:Drivers/STM32G0xx_HAL_Driver/Src/stm32g0xx_hal_fdcan.c ****         (((ActiveITs & FDCAN_IT_LIST_TX_FIFO_ERROR)  != 0U)
 4116              		.loc 1 2740 72 discriminator 1 view .LVU1332
 4117 0046 2942     		tst	r1, r5
 4118 0048 01D0     		beq	.L238
2742:Drivers/STM32G0xx_HAL_Driver/Src/stm32g0xx_hal_fdcan.c ****         (((ActiveITs & FDCAN_IT_LIST_MISC)           != 0U)
 4119              		.loc 1 2742 10 view .LVU1333
 4120 004a 1D07     		lsls	r5, r3, #28
 4121 004c 11D5     		bpl	.L235
 4122              	.L238:
2743:Drivers/STM32G0xx_HAL_Driver/Src/stm32g0xx_hal_fdcan.c ****          && (((ITs_lines_selection) & FDCAN_IT_GROUP_MISC)           == 0U)) || \
 4123              		.loc 1 2743 22 view .LVU1334
 4124 004e E025     		movs	r5, #224
 4125 0050 2D02     		lsls	r5, r5, #8
2742:Drivers/STM32G0xx_HAL_Driver/Src/stm32g0xx_hal_fdcan.c ****         (((ActiveITs & FDCAN_IT_LIST_MISC)           != 0U)
 4126              		.loc 1 2742 78 discriminator 1 view .LVU1335
 4127 0052 2942     		tst	r1, r5
 4128 0054 01D0     		beq	.L239
2744:Drivers/STM32G0xx_HAL_Driver/Src/stm32g0xx_hal_fdcan.c ****         (((ActiveITs & FDCAN_IT_LIST_BIT_LINE_ERROR) != 0U)
 4129              		.loc 1 2744 10 view .LVU1336
 4130 0056 DD06     		lsls	r5, r3, #27
 4131 0058 0BD5     		bpl	.L235
 4132              	.L239:
2745:Drivers/STM32G0xx_HAL_Driver/Src/stm32g0xx_hal_fdcan.c ****          && (((ITs_lines_selection) & FDCAN_IT_GROUP_BIT_LINE_ERROR) == 0U)) || \
 4133              		.loc 1 2745 22 view .LVU1337
 4134 005a C025     		movs	r5, #192
 4135 005c AD02     		lsls	r5, r5, #10
2744:Drivers/STM32G0xx_HAL_Driver/Src/stm32g0xx_hal_fdcan.c ****         (((ActiveITs & FDCAN_IT_LIST_BIT_LINE_ERROR) != 0U)
 4136              		.loc 1 2744 78 discriminator 1 view .LVU1338
 4137 005e 2942     		tst	r1, r5
 4138 0060 01D0     		beq	.L240
2746:Drivers/STM32G0xx_HAL_Driver/Src/stm32g0xx_hal_fdcan.c ****         (((ActiveITs & FDCAN_IT_LIST_PROTOCOL_ERROR) != 0U)
 4139              		.loc 1 2746 10 view .LVU1339
 4140 0062 9D06     		lsls	r5, r3, #26
 4141 0064 05D5     		bpl	.L235
ARM GAS  C:\Users\sante\AppData\Local\Temp\cc59nu4g.s 			page 156


 4142              	.L240:
2747:Drivers/STM32G0xx_HAL_Driver/Src/stm32g0xx_hal_fdcan.c ****          && (((ITs_lines_selection) & FDCAN_IT_GROUP_PROTOCOL_ERROR) == 0U)))
 4143              		.loc 1 2747 22 view .LVU1340
 4144 0066 FC25     		movs	r5, #252
 4145 0068 2D04     		lsls	r5, r5, #16
2746:Drivers/STM32G0xx_HAL_Driver/Src/stm32g0xx_hal_fdcan.c ****         (((ActiveITs & FDCAN_IT_LIST_PROTOCOL_ERROR) != 0U)
 4146              		.loc 1 2746 78 discriminator 1 view .LVU1341
 4147 006a 2942     		tst	r1, r5
 4148 006c 05D0     		beq	.L241
2748:Drivers/STM32G0xx_HAL_Driver/Src/stm32g0xx_hal_fdcan.c ****     {
 4149              		.loc 1 2748 10 view .LVU1342
 4150 006e 5D06     		lsls	r5, r3, #25
 4151 0070 03D4     		bmi	.L241
 4152              	.L235:
2751:Drivers/STM32G0xx_HAL_Driver/Src/stm32g0xx_hal_fdcan.c ****     }
 4153              		.loc 1 2751 7 is_stmt 1 view .LVU1343
 4154 0072 E56D     		ldr	r5, [r4, #92]
 4155 0074 0127     		movs	r7, #1
 4156 0076 3D43     		orrs	r5, r7
 4157 0078 E565     		str	r5, [r4, #92]
 4158              	.L241:
2753:Drivers/STM32G0xx_HAL_Driver/Src/stm32g0xx_hal_fdcan.c ****          && (((ITs_lines_selection) & FDCAN_IT_GROUP_RX_FIFO0)      != 0U)) || \
 4159              		.loc 1 2753 5 view .LVU1344
2753:Drivers/STM32G0xx_HAL_Driver/Src/stm32g0xx_hal_fdcan.c ****          && (((ITs_lines_selection) & FDCAN_IT_GROUP_RX_FIFO0)      != 0U)) || \
 4160              		.loc 1 2753 8 is_stmt 0 view .LVU1345
 4161 007a 002E     		cmp	r6, #0
 4162 007c 01D0     		beq	.L242
2754:Drivers/STM32G0xx_HAL_Driver/Src/stm32g0xx_hal_fdcan.c ****         (((ActiveITs & FDCAN_IT_LIST_RX_FIFO1)       != 0U)
 4163              		.loc 1 2754 10 view .LVU1346
 4164 007e DC07     		lsls	r4, r3, #31
 4165 0080 22D4     		bmi	.L243
 4166              	.L242:
2755:Drivers/STM32G0xx_HAL_Driver/Src/stm32g0xx_hal_fdcan.c ****          && (((ITs_lines_selection) & FDCAN_IT_GROUP_RX_FIFO1)       != 0U)) || \
 4167              		.loc 1 2755 22 view .LVU1347
 4168 0082 3824     		movs	r4, #56
2754:Drivers/STM32G0xx_HAL_Driver/Src/stm32g0xx_hal_fdcan.c ****         (((ActiveITs & FDCAN_IT_LIST_RX_FIFO1)       != 0U)
 4169              		.loc 1 2754 77 discriminator 1 view .LVU1348
 4170 0084 0C42     		tst	r4, r1
 4171 0086 01D0     		beq	.L244
2756:Drivers/STM32G0xx_HAL_Driver/Src/stm32g0xx_hal_fdcan.c ****         (((ActiveITs & FDCAN_IT_LIST_SMSG)           != 0U)
 4172              		.loc 1 2756 10 view .LVU1349
 4173 0088 9C07     		lsls	r4, r3, #30
 4174 008a 1DD4     		bmi	.L243
 4175              	.L244:
2757:Drivers/STM32G0xx_HAL_Driver/Src/stm32g0xx_hal_fdcan.c ****          && (((ITs_lines_selection) & FDCAN_IT_GROUP_SMSG)           != 0U)) || \
 4176              		.loc 1 2757 22 view .LVU1350
 4177 008c E024     		movs	r4, #224
 4178 008e 6400     		lsls	r4, r4, #1
2756:Drivers/STM32G0xx_HAL_Driver/Src/stm32g0xx_hal_fdcan.c ****         (((ActiveITs & FDCAN_IT_LIST_SMSG)           != 0U)
 4179              		.loc 1 2756 78 discriminator 1 view .LVU1351
 4180 0090 2142     		tst	r1, r4
 4181 0092 01D0     		beq	.L245
2758:Drivers/STM32G0xx_HAL_Driver/Src/stm32g0xx_hal_fdcan.c ****         (((ActiveITs & FDCAN_IT_LIST_TX_FIFO_ERROR)  != 0U)
 4182              		.loc 1 2758 10 view .LVU1352
 4183 0094 5C07     		lsls	r4, r3, #29
 4184 0096 17D4     		bmi	.L243
 4185              	.L245:
ARM GAS  C:\Users\sante\AppData\Local\Temp\cc59nu4g.s 			page 157


2759:Drivers/STM32G0xx_HAL_Driver/Src/stm32g0xx_hal_fdcan.c ****          && (((ITs_lines_selection) & FDCAN_IT_GROUP_TX_FIFO_ERROR)  != 0U)) || \
 4186              		.loc 1 2759 22 view .LVU1353
 4187 0098 F024     		movs	r4, #240
 4188 009a 6401     		lsls	r4, r4, #5
2758:Drivers/STM32G0xx_HAL_Driver/Src/stm32g0xx_hal_fdcan.c ****         (((ActiveITs & FDCAN_IT_LIST_TX_FIFO_ERROR)  != 0U)
 4189              		.loc 1 2758 78 discriminator 1 view .LVU1354
 4190 009c 2142     		tst	r1, r4
 4191 009e 01D0     		beq	.L246
2760:Drivers/STM32G0xx_HAL_Driver/Src/stm32g0xx_hal_fdcan.c ****         (((ActiveITs & FDCAN_IT_LIST_MISC)           != 0U)
 4192              		.loc 1 2760 10 view .LVU1355
 4193 00a0 1C07     		lsls	r4, r3, #28
 4194 00a2 11D4     		bmi	.L243
 4195              	.L246:
2761:Drivers/STM32G0xx_HAL_Driver/Src/stm32g0xx_hal_fdcan.c ****          && (((ITs_lines_selection) & FDCAN_IT_GROUP_MISC)           != 0U)) || \
 4196              		.loc 1 2761 22 view .LVU1356
 4197 00a4 E024     		movs	r4, #224
 4198 00a6 2402     		lsls	r4, r4, #8
2760:Drivers/STM32G0xx_HAL_Driver/Src/stm32g0xx_hal_fdcan.c ****         (((ActiveITs & FDCAN_IT_LIST_MISC)           != 0U)
 4199              		.loc 1 2760 78 discriminator 1 view .LVU1357
 4200 00a8 2142     		tst	r1, r4
 4201 00aa 01D0     		beq	.L247
2762:Drivers/STM32G0xx_HAL_Driver/Src/stm32g0xx_hal_fdcan.c ****         (((ActiveITs & FDCAN_IT_LIST_BIT_LINE_ERROR) != 0U)
 4202              		.loc 1 2762 10 view .LVU1358
 4203 00ac DC06     		lsls	r4, r3, #27
 4204 00ae 0BD4     		bmi	.L243
 4205              	.L247:
2763:Drivers/STM32G0xx_HAL_Driver/Src/stm32g0xx_hal_fdcan.c ****          && (((ITs_lines_selection) & FDCAN_IT_GROUP_BIT_LINE_ERROR) != 0U)) || \
 4206              		.loc 1 2763 22 view .LVU1359
 4207 00b0 C024     		movs	r4, #192
 4208 00b2 A402     		lsls	r4, r4, #10
2762:Drivers/STM32G0xx_HAL_Driver/Src/stm32g0xx_hal_fdcan.c ****         (((ActiveITs & FDCAN_IT_LIST_BIT_LINE_ERROR) != 0U)
 4209              		.loc 1 2762 78 discriminator 1 view .LVU1360
 4210 00b4 2142     		tst	r1, r4
 4211 00b6 01D0     		beq	.L248
2764:Drivers/STM32G0xx_HAL_Driver/Src/stm32g0xx_hal_fdcan.c ****         (((ActiveITs & FDCAN_IT_LIST_PROTOCOL_ERROR) != 0U)
 4212              		.loc 1 2764 10 view .LVU1361
 4213 00b8 9C06     		lsls	r4, r3, #26
 4214 00ba 05D4     		bmi	.L243
 4215              	.L248:
2765:Drivers/STM32G0xx_HAL_Driver/Src/stm32g0xx_hal_fdcan.c ****          && (((ITs_lines_selection) & FDCAN_IT_GROUP_PROTOCOL_ERROR) != 0U)))
 4216              		.loc 1 2765 22 view .LVU1362
 4217 00bc FC24     		movs	r4, #252
 4218 00be 2404     		lsls	r4, r4, #16
2764:Drivers/STM32G0xx_HAL_Driver/Src/stm32g0xx_hal_fdcan.c ****         (((ActiveITs & FDCAN_IT_LIST_PROTOCOL_ERROR) != 0U)
 4219              		.loc 1 2764 78 discriminator 1 view .LVU1363
 4220 00c0 2142     		tst	r1, r4
 4221 00c2 06D0     		beq	.L249
2766:Drivers/STM32G0xx_HAL_Driver/Src/stm32g0xx_hal_fdcan.c ****     {
 4222              		.loc 1 2766 10 view .LVU1364
 4223 00c4 5B06     		lsls	r3, r3, #25
 4224 00c6 04D5     		bpl	.L249
 4225              	.LVL310:
 4226              	.L243:
2769:Drivers/STM32G0xx_HAL_Driver/Src/stm32g0xx_hal_fdcan.c ****     }
 4227              		.loc 1 2769 7 is_stmt 1 view .LVU1365
 4228 00c8 0468     		ldr	r4, [r0]
 4229 00ca E36D     		ldr	r3, [r4, #92]
ARM GAS  C:\Users\sante\AppData\Local\Temp\cc59nu4g.s 			page 158


 4230 00cc 0225     		movs	r5, #2
 4231 00ce 2B43     		orrs	r3, r5
 4232 00d0 E365     		str	r3, [r4, #92]
 4233              	.L249:
2772:Drivers/STM32G0xx_HAL_Driver/Src/stm32g0xx_hal_fdcan.c ****     {
 4234              		.loc 1 2772 5 view .LVU1366
2772:Drivers/STM32G0xx_HAL_Driver/Src/stm32g0xx_hal_fdcan.c ****     {
 4235              		.loc 1 2772 8 is_stmt 0 view .LVU1367
 4236 00d2 0B06     		lsls	r3, r1, #24
 4237 00d4 04D5     		bpl	.L250
2776:Drivers/STM32G0xx_HAL_Driver/Src/stm32g0xx_hal_fdcan.c ****     }
 4238              		.loc 1 2776 7 is_stmt 1 view .LVU1368
 4239 00d6 0568     		ldr	r5, [r0]
 4240 00d8 DC24     		movs	r4, #220
 4241 00da 2B59     		ldr	r3, [r5, r4]
 4242 00dc 1343     		orrs	r3, r2
 4243 00de 2B51     		str	r3, [r5, r4]
 4244              	.L250:
2779:Drivers/STM32G0xx_HAL_Driver/Src/stm32g0xx_hal_fdcan.c ****     {
 4245              		.loc 1 2779 5 view .LVU1369
2779:Drivers/STM32G0xx_HAL_Driver/Src/stm32g0xx_hal_fdcan.c ****     {
 4246              		.loc 1 2779 8 is_stmt 0 view .LVU1370
 4247 00e0 CB05     		lsls	r3, r1, #23
 4248 00e2 04D5     		bpl	.L251
2783:Drivers/STM32G0xx_HAL_Driver/Src/stm32g0xx_hal_fdcan.c ****     }
 4249              		.loc 1 2783 7 is_stmt 1 view .LVU1371
 4250 00e4 0568     		ldr	r5, [r0]
 4251 00e6 E024     		movs	r4, #224
 4252 00e8 2B59     		ldr	r3, [r5, r4]
 4253 00ea 1343     		orrs	r3, r2
 4254 00ec 2B51     		str	r3, [r5, r4]
 4255              	.L251:
2787:Drivers/STM32G0xx_HAL_Driver/Src/stm32g0xx_hal_fdcan.c **** 
 4256              		.loc 1 2787 5 view .LVU1372
 4257 00ee 0268     		ldr	r2, [r0]
 4258              	.LVL311:
2787:Drivers/STM32G0xx_HAL_Driver/Src/stm32g0xx_hal_fdcan.c **** 
 4259              		.loc 1 2787 5 is_stmt 0 view .LVU1373
 4260 00f0 536D     		ldr	r3, [r2, #84]
 4261 00f2 0B43     		orrs	r3, r1
 4262 00f4 5365     		str	r3, [r2, #84]
2790:Drivers/STM32G0xx_HAL_Driver/Src/stm32g0xx_hal_fdcan.c ****   }
 4263              		.loc 1 2790 5 is_stmt 1 view .LVU1374
2790:Drivers/STM32G0xx_HAL_Driver/Src/stm32g0xx_hal_fdcan.c ****   }
 4264              		.loc 1 2790 12 is_stmt 0 view .LVU1375
 4265 00f6 0020     		movs	r0, #0
 4266              	.LVL312:
2790:Drivers/STM32G0xx_HAL_Driver/Src/stm32g0xx_hal_fdcan.c ****   }
 4267              		.loc 1 2790 12 view .LVU1376
 4268 00f8 8EE7     		b	.L252
 4269              		.cfi_endproc
 4270              	.LFE537:
 4272              		.section	.text.HAL_FDCAN_DeactivateNotification,"ax",%progbits
 4273              		.align	1
 4274              		.global	HAL_FDCAN_DeactivateNotification
 4275              		.syntax unified
 4276              		.code	16
ARM GAS  C:\Users\sante\AppData\Local\Temp\cc59nu4g.s 			page 159


 4277              		.thumb_func
 4279              	HAL_FDCAN_DeactivateNotification:
 4280              	.LVL313:
 4281              	.LFB538:
2810:Drivers/STM32G0xx_HAL_Driver/Src/stm32g0xx_hal_fdcan.c ****   HAL_FDCAN_StateTypeDef state = hfdcan->State;
 4282              		.loc 1 2810 1 is_stmt 1 view -0
 4283              		.cfi_startproc
 4284              		@ args = 0, pretend = 0, frame = 0
 4285              		@ frame_needed = 0, uses_anonymous_args = 0
2810:Drivers/STM32G0xx_HAL_Driver/Src/stm32g0xx_hal_fdcan.c ****   HAL_FDCAN_StateTypeDef state = hfdcan->State;
 4286              		.loc 1 2810 1 is_stmt 0 view .LVU1378
 4287 0000 70B5     		push	{r4, r5, r6, lr}
 4288              		.cfi_def_cfa_offset 16
 4289              		.cfi_offset 4, -16
 4290              		.cfi_offset 5, -12
 4291              		.cfi_offset 6, -8
 4292              		.cfi_offset 14, -4
2811:Drivers/STM32G0xx_HAL_Driver/Src/stm32g0xx_hal_fdcan.c ****   uint32_t ITs_enabled;
 4293              		.loc 1 2811 3 is_stmt 1 view .LVU1379
2811:Drivers/STM32G0xx_HAL_Driver/Src/stm32g0xx_hal_fdcan.c ****   uint32_t ITs_enabled;
 4294              		.loc 1 2811 26 is_stmt 0 view .LVU1380
 4295 0002 5C23     		movs	r3, #92
 4296 0004 C35C     		ldrb	r3, [r0, r3]
 4297              	.LVL314:
2812:Drivers/STM32G0xx_HAL_Driver/Src/stm32g0xx_hal_fdcan.c ****   uint32_t ITs_lines_selection;
 4298              		.loc 1 2812 3 is_stmt 1 view .LVU1381
2813:Drivers/STM32G0xx_HAL_Driver/Src/stm32g0xx_hal_fdcan.c **** 
 4299              		.loc 1 2813 3 view .LVU1382
2816:Drivers/STM32G0xx_HAL_Driver/Src/stm32g0xx_hal_fdcan.c **** 
 4300              		.loc 1 2816 3 view .LVU1383
2818:Drivers/STM32G0xx_HAL_Driver/Src/stm32g0xx_hal_fdcan.c ****   {
 4301              		.loc 1 2818 3 view .LVU1384
2818:Drivers/STM32G0xx_HAL_Driver/Src/stm32g0xx_hal_fdcan.c ****   {
 4302              		.loc 1 2818 40 is_stmt 0 view .LVU1385
 4303 0006 013B     		subs	r3, r3, #1
 4304              	.LVL315:
2818:Drivers/STM32G0xx_HAL_Driver/Src/stm32g0xx_hal_fdcan.c ****   {
 4305              		.loc 1 2818 40 view .LVU1386
 4306 0008 DBB2     		uxtb	r3, r3
 4307              	.LVL316:
2818:Drivers/STM32G0xx_HAL_Driver/Src/stm32g0xx_hal_fdcan.c ****   {
 4308              		.loc 1 2818 6 view .LVU1387
 4309 000a 012B     		cmp	r3, #1
 4310 000c 05D9     		bls	.L307
2893:Drivers/STM32G0xx_HAL_Driver/Src/stm32g0xx_hal_fdcan.c **** 
 4311              		.loc 1 2893 5 is_stmt 1 view .LVU1388
2893:Drivers/STM32G0xx_HAL_Driver/Src/stm32g0xx_hal_fdcan.c **** 
 4312              		.loc 1 2893 11 is_stmt 0 view .LVU1389
 4313 000e 036E     		ldr	r3, [r0, #96]
2893:Drivers/STM32G0xx_HAL_Driver/Src/stm32g0xx_hal_fdcan.c **** 
 4314              		.loc 1 2893 23 view .LVU1390
 4315 0010 0222     		movs	r2, #2
 4316 0012 1343     		orrs	r3, r2
 4317 0014 0366     		str	r3, [r0, #96]
2895:Drivers/STM32G0xx_HAL_Driver/Src/stm32g0xx_hal_fdcan.c ****   }
 4318              		.loc 1 2895 5 is_stmt 1 view .LVU1391
2895:Drivers/STM32G0xx_HAL_Driver/Src/stm32g0xx_hal_fdcan.c ****   }
ARM GAS  C:\Users\sante\AppData\Local\Temp\cc59nu4g.s 			page 160


 4319              		.loc 1 2895 12 is_stmt 0 view .LVU1392
 4320 0016 0120     		movs	r0, #1
 4321              	.LVL317:
 4322              	.L290:
2897:Drivers/STM32G0xx_HAL_Driver/Src/stm32g0xx_hal_fdcan.c **** 
 4323              		.loc 1 2897 1 view .LVU1393
 4324              		@ sp needed
 4325 0018 70BD     		pop	{r4, r5, r6, pc}
 4326              	.LVL318:
 4327              	.L307:
2821:Drivers/STM32G0xx_HAL_Driver/Src/stm32g0xx_hal_fdcan.c **** 
 4328              		.loc 1 2821 5 is_stmt 1 view .LVU1394
 4329 001a 0268     		ldr	r2, [r0]
 4330 001c 536D     		ldr	r3, [r2, #84]
 4331 001e 8B43     		bics	r3, r1
 4332 0020 5365     		str	r3, [r2, #84]
2823:Drivers/STM32G0xx_HAL_Driver/Src/stm32g0xx_hal_fdcan.c ****     {
 4333              		.loc 1 2823 5 view .LVU1395
2823:Drivers/STM32G0xx_HAL_Driver/Src/stm32g0xx_hal_fdcan.c ****     {
 4334              		.loc 1 2823 8 is_stmt 0 view .LVU1396
 4335 0022 0B06     		lsls	r3, r1, #24
 4336 0024 03D5     		bpl	.L272
2826:Drivers/STM32G0xx_HAL_Driver/Src/stm32g0xx_hal_fdcan.c ****     }
 4337              		.loc 1 2826 7 is_stmt 1 view .LVU1397
 4338 0026 0268     		ldr	r2, [r0]
 4339 0028 DC23     		movs	r3, #220
 4340 002a 0024     		movs	r4, #0
 4341 002c D450     		str	r4, [r2, r3]
 4342              	.L272:
2829:Drivers/STM32G0xx_HAL_Driver/Src/stm32g0xx_hal_fdcan.c ****     {
 4343              		.loc 1 2829 5 view .LVU1398
2829:Drivers/STM32G0xx_HAL_Driver/Src/stm32g0xx_hal_fdcan.c ****     {
 4344              		.loc 1 2829 8 is_stmt 0 view .LVU1399
 4345 002e C905     		lsls	r1, r1, #23
 4346 0030 03D5     		bpl	.L273
 4347              	.LVL319:
2832:Drivers/STM32G0xx_HAL_Driver/Src/stm32g0xx_hal_fdcan.c ****     }
 4348              		.loc 1 2832 7 is_stmt 1 view .LVU1400
 4349 0032 0268     		ldr	r2, [r0]
 4350 0034 E023     		movs	r3, #224
 4351 0036 0021     		movs	r1, #0
 4352 0038 D150     		str	r1, [r2, r3]
 4353              	.L273:
2836:Drivers/STM32G0xx_HAL_Driver/Src/stm32g0xx_hal_fdcan.c ****     ITs_lines_selection = hfdcan->Instance->ILS;
 4354              		.loc 1 2836 5 view .LVU1401
2836:Drivers/STM32G0xx_HAL_Driver/Src/stm32g0xx_hal_fdcan.c ****     ITs_lines_selection = hfdcan->Instance->ILS;
 4355              		.loc 1 2836 25 is_stmt 0 view .LVU1402
 4356 003a 0168     		ldr	r1, [r0]
2836:Drivers/STM32G0xx_HAL_Driver/Src/stm32g0xx_hal_fdcan.c ****     ITs_lines_selection = hfdcan->Instance->ILS;
 4357              		.loc 1 2836 17 view .LVU1403
 4358 003c 4B6D     		ldr	r3, [r1, #84]
 4359              	.LVL320:
2837:Drivers/STM32G0xx_HAL_Driver/Src/stm32g0xx_hal_fdcan.c **** 
 4360              		.loc 1 2837 5 is_stmt 1 view .LVU1404
2837:Drivers/STM32G0xx_HAL_Driver/Src/stm32g0xx_hal_fdcan.c **** 
 4361              		.loc 1 2837 25 is_stmt 0 view .LVU1405
 4362 003e 8A6D     		ldr	r2, [r1, #88]
ARM GAS  C:\Users\sante\AppData\Local\Temp\cc59nu4g.s 			page 161


 4363              	.LVL321:
2840:Drivers/STM32G0xx_HAL_Driver/Src/stm32g0xx_hal_fdcan.c ****          && (((ITs_lines_selection) & FDCAN_IT_GROUP_RX_FIFO0)       == 0U)) || \
 4364              		.loc 1 2840 5 is_stmt 1 view .LVU1406
2840:Drivers/STM32G0xx_HAL_Driver/Src/stm32g0xx_hal_fdcan.c ****          && (((ITs_lines_selection) & FDCAN_IT_GROUP_RX_FIFO0)       == 0U)) || \
 4365              		.loc 1 2840 24 is_stmt 0 view .LVU1407
 4366 0040 0724     		movs	r4, #7
 4367 0042 2500     		movs	r5, r4
 4368 0044 1D40     		ands	r5, r3
2840:Drivers/STM32G0xx_HAL_Driver/Src/stm32g0xx_hal_fdcan.c ****          && (((ITs_lines_selection) & FDCAN_IT_GROUP_RX_FIFO0)       == 0U)) || \
 4369              		.loc 1 2840 8 view .LVU1408
 4370 0046 1C42     		tst	r4, r3
 4371 0048 01D0     		beq	.L274
2841:Drivers/STM32G0xx_HAL_Driver/Src/stm32g0xx_hal_fdcan.c ****         (((ITs_enabled & FDCAN_IT_LIST_RX_FIFO1)       != 0U)
 4372              		.loc 1 2841 10 view .LVU1409
 4373 004a D407     		lsls	r4, r2, #31
 4374 004c 26D5     		bpl	.L275
 4375              	.L274:
2842:Drivers/STM32G0xx_HAL_Driver/Src/stm32g0xx_hal_fdcan.c ****          && (((ITs_lines_selection) & FDCAN_IT_GROUP_RX_FIFO1)       == 0U)) || \
 4376              		.loc 1 2842 24 view .LVU1410
 4377 004e 3824     		movs	r4, #56
2841:Drivers/STM32G0xx_HAL_Driver/Src/stm32g0xx_hal_fdcan.c ****         (((ITs_enabled & FDCAN_IT_LIST_RX_FIFO1)       != 0U)
 4378              		.loc 1 2841 78 discriminator 1 view .LVU1411
 4379 0050 1C42     		tst	r4, r3
 4380 0052 01D0     		beq	.L276
2843:Drivers/STM32G0xx_HAL_Driver/Src/stm32g0xx_hal_fdcan.c ****         (((ITs_enabled & FDCAN_IT_LIST_SMSG)           != 0U)
 4381              		.loc 1 2843 10 view .LVU1412
 4382 0054 9407     		lsls	r4, r2, #30
 4383 0056 21D5     		bpl	.L275
 4384              	.L276:
2844:Drivers/STM32G0xx_HAL_Driver/Src/stm32g0xx_hal_fdcan.c ****          && (((ITs_lines_selection) & FDCAN_IT_GROUP_SMSG)           == 0U)) || \
 4385              		.loc 1 2844 24 view .LVU1413
 4386 0058 E024     		movs	r4, #224
 4387 005a 6400     		lsls	r4, r4, #1
2843:Drivers/STM32G0xx_HAL_Driver/Src/stm32g0xx_hal_fdcan.c ****         (((ITs_enabled & FDCAN_IT_LIST_SMSG)           != 0U)
 4388              		.loc 1 2843 78 discriminator 1 view .LVU1414
 4389 005c 2342     		tst	r3, r4
 4390 005e 01D0     		beq	.L277
2845:Drivers/STM32G0xx_HAL_Driver/Src/stm32g0xx_hal_fdcan.c ****         (((ITs_enabled & FDCAN_IT_LIST_TX_FIFO_ERROR)  != 0U)
 4391              		.loc 1 2845 10 view .LVU1415
 4392 0060 5407     		lsls	r4, r2, #29
 4393 0062 1BD5     		bpl	.L275
 4394              	.L277:
2846:Drivers/STM32G0xx_HAL_Driver/Src/stm32g0xx_hal_fdcan.c ****          && (((ITs_lines_selection) & FDCAN_IT_GROUP_TX_FIFO_ERROR)  == 0U)) || \
 4395              		.loc 1 2846 24 view .LVU1416
 4396 0064 F024     		movs	r4, #240
 4397 0066 6401     		lsls	r4, r4, #5
2845:Drivers/STM32G0xx_HAL_Driver/Src/stm32g0xx_hal_fdcan.c ****         (((ITs_enabled & FDCAN_IT_LIST_TX_FIFO_ERROR)  != 0U)
 4398              		.loc 1 2845 78 discriminator 1 view .LVU1417
 4399 0068 2342     		tst	r3, r4
 4400 006a 01D0     		beq	.L278
2847:Drivers/STM32G0xx_HAL_Driver/Src/stm32g0xx_hal_fdcan.c ****         (((ITs_enabled & FDCAN_IT_LIST_MISC)           != 0U)
 4401              		.loc 1 2847 10 view .LVU1418
 4402 006c 1407     		lsls	r4, r2, #28
 4403 006e 15D5     		bpl	.L275
 4404              	.L278:
2848:Drivers/STM32G0xx_HAL_Driver/Src/stm32g0xx_hal_fdcan.c ****          && (((ITs_lines_selection) & FDCAN_IT_GROUP_MISC)           == 0U)) || \
 4405              		.loc 1 2848 24 view .LVU1419
ARM GAS  C:\Users\sante\AppData\Local\Temp\cc59nu4g.s 			page 162


 4406 0070 E024     		movs	r4, #224
 4407 0072 2402     		lsls	r4, r4, #8
2847:Drivers/STM32G0xx_HAL_Driver/Src/stm32g0xx_hal_fdcan.c ****         (((ITs_enabled & FDCAN_IT_LIST_MISC)           != 0U)
 4408              		.loc 1 2847 78 discriminator 1 view .LVU1420
 4409 0074 2342     		tst	r3, r4
 4410 0076 01D0     		beq	.L279
2849:Drivers/STM32G0xx_HAL_Driver/Src/stm32g0xx_hal_fdcan.c ****         (((ITs_enabled & FDCAN_IT_LIST_BIT_LINE_ERROR) != 0U)
 4411              		.loc 1 2849 10 view .LVU1421
 4412 0078 D406     		lsls	r4, r2, #27
 4413 007a 0FD5     		bpl	.L275
 4414              	.L279:
2850:Drivers/STM32G0xx_HAL_Driver/Src/stm32g0xx_hal_fdcan.c ****          && (((ITs_lines_selection) & FDCAN_IT_GROUP_BIT_LINE_ERROR) == 0U)) || \
 4415              		.loc 1 2850 24 view .LVU1422
 4416 007c C024     		movs	r4, #192
 4417 007e A402     		lsls	r4, r4, #10
2849:Drivers/STM32G0xx_HAL_Driver/Src/stm32g0xx_hal_fdcan.c ****         (((ITs_enabled & FDCAN_IT_LIST_BIT_LINE_ERROR) != 0U)
 4418              		.loc 1 2849 78 discriminator 1 view .LVU1423
 4419 0080 2342     		tst	r3, r4
 4420 0082 01D0     		beq	.L280
2851:Drivers/STM32G0xx_HAL_Driver/Src/stm32g0xx_hal_fdcan.c ****         (((ITs_enabled & FDCAN_IT_LIST_PROTOCOL_ERROR) != 0U)
 4421              		.loc 1 2851 10 view .LVU1424
 4422 0084 9406     		lsls	r4, r2, #26
 4423 0086 09D5     		bpl	.L275
 4424              	.L280:
2852:Drivers/STM32G0xx_HAL_Driver/Src/stm32g0xx_hal_fdcan.c ****          && (((ITs_lines_selection) & FDCAN_IT_GROUP_PROTOCOL_ERROR) == 0U)))
 4425              		.loc 1 2852 24 view .LVU1425
 4426 0088 FC24     		movs	r4, #252
 4427 008a 2404     		lsls	r4, r4, #16
2851:Drivers/STM32G0xx_HAL_Driver/Src/stm32g0xx_hal_fdcan.c ****         (((ITs_enabled & FDCAN_IT_LIST_PROTOCOL_ERROR) != 0U)
 4428              		.loc 1 2851 78 discriminator 1 view .LVU1426
 4429 008c 2342     		tst	r3, r4
 4430 008e 01D0     		beq	.L281
2853:Drivers/STM32G0xx_HAL_Driver/Src/stm32g0xx_hal_fdcan.c ****     {
 4431              		.loc 1 2853 10 view .LVU1427
 4432 0090 5406     		lsls	r4, r2, #25
 4433 0092 03D5     		bpl	.L275
 4434              	.L281:
2860:Drivers/STM32G0xx_HAL_Driver/Src/stm32g0xx_hal_fdcan.c ****     }
 4435              		.loc 1 2860 7 is_stmt 1 view .LVU1428
 4436 0094 CC6D     		ldr	r4, [r1, #92]
 4437 0096 0126     		movs	r6, #1
 4438 0098 B443     		bics	r4, r6
 4439 009a CC65     		str	r4, [r1, #92]
 4440              	.L275:
2864:Drivers/STM32G0xx_HAL_Driver/Src/stm32g0xx_hal_fdcan.c ****          && (((ITs_lines_selection) & FDCAN_IT_GROUP_RX_FIFO0)       != 0U)) || \
 4441              		.loc 1 2864 5 view .LVU1429
2864:Drivers/STM32G0xx_HAL_Driver/Src/stm32g0xx_hal_fdcan.c ****          && (((ITs_lines_selection) & FDCAN_IT_GROUP_RX_FIFO0)       != 0U)) || \
 4442              		.loc 1 2864 8 is_stmt 0 view .LVU1430
 4443 009c 002D     		cmp	r5, #0
 4444 009e 01D0     		beq	.L282
2865:Drivers/STM32G0xx_HAL_Driver/Src/stm32g0xx_hal_fdcan.c ****         (((ITs_enabled & FDCAN_IT_LIST_RX_FIFO1)       != 0U)
 4445              		.loc 1 2865 10 view .LVU1431
 4446 00a0 D107     		lsls	r1, r2, #31
 4447 00a2 27D4     		bmi	.L283
 4448              	.L282:
2866:Drivers/STM32G0xx_HAL_Driver/Src/stm32g0xx_hal_fdcan.c ****          && (((ITs_lines_selection) & FDCAN_IT_GROUP_RX_FIFO1)       != 0U)) || \
 4449              		.loc 1 2866 24 view .LVU1432
ARM GAS  C:\Users\sante\AppData\Local\Temp\cc59nu4g.s 			page 163


 4450 00a4 3821     		movs	r1, #56
2865:Drivers/STM32G0xx_HAL_Driver/Src/stm32g0xx_hal_fdcan.c ****         (((ITs_enabled & FDCAN_IT_LIST_RX_FIFO1)       != 0U)
 4451              		.loc 1 2865 78 discriminator 1 view .LVU1433
 4452 00a6 1942     		tst	r1, r3
 4453 00a8 01D0     		beq	.L284
2867:Drivers/STM32G0xx_HAL_Driver/Src/stm32g0xx_hal_fdcan.c ****         (((ITs_enabled & FDCAN_IT_LIST_SMSG)           != 0U)
 4454              		.loc 1 2867 10 view .LVU1434
 4455 00aa 9107     		lsls	r1, r2, #30
 4456 00ac 22D4     		bmi	.L283
 4457              	.L284:
2868:Drivers/STM32G0xx_HAL_Driver/Src/stm32g0xx_hal_fdcan.c ****          && (((ITs_lines_selection) & FDCAN_IT_GROUP_SMSG)           != 0U)) || \
 4458              		.loc 1 2868 24 view .LVU1435
 4459 00ae E021     		movs	r1, #224
 4460 00b0 4900     		lsls	r1, r1, #1
2867:Drivers/STM32G0xx_HAL_Driver/Src/stm32g0xx_hal_fdcan.c ****         (((ITs_enabled & FDCAN_IT_LIST_SMSG)           != 0U)
 4461              		.loc 1 2867 78 discriminator 1 view .LVU1436
 4462 00b2 0B42     		tst	r3, r1
 4463 00b4 01D0     		beq	.L285
2869:Drivers/STM32G0xx_HAL_Driver/Src/stm32g0xx_hal_fdcan.c ****         (((ITs_enabled & FDCAN_IT_LIST_TX_FIFO_ERROR)  != 0U)
 4464              		.loc 1 2869 10 view .LVU1437
 4465 00b6 5107     		lsls	r1, r2, #29
 4466 00b8 1CD4     		bmi	.L283
 4467              	.L285:
2870:Drivers/STM32G0xx_HAL_Driver/Src/stm32g0xx_hal_fdcan.c ****          && (((ITs_lines_selection) & FDCAN_IT_GROUP_TX_FIFO_ERROR)  != 0U)) || \
 4468              		.loc 1 2870 24 view .LVU1438
 4469 00ba F021     		movs	r1, #240
 4470 00bc 4901     		lsls	r1, r1, #5
2869:Drivers/STM32G0xx_HAL_Driver/Src/stm32g0xx_hal_fdcan.c ****         (((ITs_enabled & FDCAN_IT_LIST_TX_FIFO_ERROR)  != 0U)
 4471              		.loc 1 2869 78 discriminator 1 view .LVU1439
 4472 00be 0B42     		tst	r3, r1
 4473 00c0 01D0     		beq	.L286
2871:Drivers/STM32G0xx_HAL_Driver/Src/stm32g0xx_hal_fdcan.c ****         (((ITs_enabled & FDCAN_IT_LIST_MISC)           != 0U)
 4474              		.loc 1 2871 10 view .LVU1440
 4475 00c2 1107     		lsls	r1, r2, #28
 4476 00c4 16D4     		bmi	.L283
 4477              	.L286:
2872:Drivers/STM32G0xx_HAL_Driver/Src/stm32g0xx_hal_fdcan.c ****          && (((ITs_lines_selection) & FDCAN_IT_GROUP_MISC)           != 0U)) || \
 4478              		.loc 1 2872 24 view .LVU1441
 4479 00c6 E021     		movs	r1, #224
 4480 00c8 0902     		lsls	r1, r1, #8
2871:Drivers/STM32G0xx_HAL_Driver/Src/stm32g0xx_hal_fdcan.c ****         (((ITs_enabled & FDCAN_IT_LIST_MISC)           != 0U)
 4481              		.loc 1 2871 78 discriminator 1 view .LVU1442
 4482 00ca 0B42     		tst	r3, r1
 4483 00cc 01D0     		beq	.L287
2873:Drivers/STM32G0xx_HAL_Driver/Src/stm32g0xx_hal_fdcan.c ****         (((ITs_enabled & FDCAN_IT_LIST_BIT_LINE_ERROR) != 0U)
 4484              		.loc 1 2873 10 view .LVU1443
 4485 00ce D106     		lsls	r1, r2, #27
 4486 00d0 10D4     		bmi	.L283
 4487              	.L287:
2874:Drivers/STM32G0xx_HAL_Driver/Src/stm32g0xx_hal_fdcan.c ****          && (((ITs_lines_selection) & FDCAN_IT_GROUP_BIT_LINE_ERROR) != 0U)) || \
 4488              		.loc 1 2874 24 view .LVU1444
 4489 00d2 C021     		movs	r1, #192
 4490 00d4 8902     		lsls	r1, r1, #10
2873:Drivers/STM32G0xx_HAL_Driver/Src/stm32g0xx_hal_fdcan.c ****         (((ITs_enabled & FDCAN_IT_LIST_BIT_LINE_ERROR) != 0U)
 4491              		.loc 1 2873 78 discriminator 1 view .LVU1445
 4492 00d6 0B42     		tst	r3, r1
 4493 00d8 01D0     		beq	.L288
ARM GAS  C:\Users\sante\AppData\Local\Temp\cc59nu4g.s 			page 164


2875:Drivers/STM32G0xx_HAL_Driver/Src/stm32g0xx_hal_fdcan.c ****         (((ITs_enabled & FDCAN_IT_LIST_PROTOCOL_ERROR) != 0U)
 4494              		.loc 1 2875 10 view .LVU1446
 4495 00da 9106     		lsls	r1, r2, #26
 4496 00dc 0AD4     		bmi	.L283
 4497              	.L288:
2876:Drivers/STM32G0xx_HAL_Driver/Src/stm32g0xx_hal_fdcan.c ****          && (((ITs_lines_selection) & FDCAN_IT_GROUP_PROTOCOL_ERROR) != 0U)))
 4498              		.loc 1 2876 24 view .LVU1447
 4499 00de FC21     		movs	r1, #252
 4500 00e0 0904     		lsls	r1, r1, #16
2875:Drivers/STM32G0xx_HAL_Driver/Src/stm32g0xx_hal_fdcan.c ****         (((ITs_enabled & FDCAN_IT_LIST_PROTOCOL_ERROR) != 0U)
 4501              		.loc 1 2875 78 discriminator 1 view .LVU1448
 4502 00e2 0B42     		tst	r3, r1
 4503 00e4 01D0     		beq	.L289
2877:Drivers/STM32G0xx_HAL_Driver/Src/stm32g0xx_hal_fdcan.c ****     {
 4504              		.loc 1 2877 10 view .LVU1449
 4505 00e6 5206     		lsls	r2, r2, #25
 4506 00e8 04D4     		bmi	.L283
 4507              	.LVL322:
 4508              	.L289:
2884:Drivers/STM32G0xx_HAL_Driver/Src/stm32g0xx_hal_fdcan.c ****     }
 4509              		.loc 1 2884 7 is_stmt 1 view .LVU1450
 4510 00ea 0268     		ldr	r2, [r0]
 4511 00ec D36D     		ldr	r3, [r2, #92]
 4512              	.LVL323:
2884:Drivers/STM32G0xx_HAL_Driver/Src/stm32g0xx_hal_fdcan.c ****     }
 4513              		.loc 1 2884 7 is_stmt 0 view .LVU1451
 4514 00ee 0221     		movs	r1, #2
 4515 00f0 8B43     		bics	r3, r1
 4516 00f2 D365     		str	r3, [r2, #92]
 4517              	.L283:
2888:Drivers/STM32G0xx_HAL_Driver/Src/stm32g0xx_hal_fdcan.c ****   }
 4518              		.loc 1 2888 5 is_stmt 1 view .LVU1452
2888:Drivers/STM32G0xx_HAL_Driver/Src/stm32g0xx_hal_fdcan.c ****   }
 4519              		.loc 1 2888 12 is_stmt 0 view .LVU1453
 4520 00f4 0020     		movs	r0, #0
 4521              	.LVL324:
2888:Drivers/STM32G0xx_HAL_Driver/Src/stm32g0xx_hal_fdcan.c ****   }
 4522              		.loc 1 2888 12 view .LVU1454
 4523 00f6 8FE7     		b	.L290
 4524              		.cfi_endproc
 4525              	.LFE538:
 4527              		.section	.text.HAL_FDCAN_TxEventFifoCallback,"ax",%progbits
 4528              		.align	1
 4529              		.weak	HAL_FDCAN_TxEventFifoCallback
 4530              		.syntax unified
 4531              		.code	16
 4532              		.thumb_func
 4534              	HAL_FDCAN_TxEventFifoCallback:
 4535              	.LVL325:
 4536              	.LFB540:
3179:Drivers/STM32G0xx_HAL_Driver/Src/stm32g0xx_hal_fdcan.c ****   /* Prevent unused argument(s) compilation warning */
 4537              		.loc 1 3179 1 is_stmt 1 view -0
 4538              		.cfi_startproc
 4539              		@ args = 0, pretend = 0, frame = 0
 4540              		@ frame_needed = 0, uses_anonymous_args = 0
 4541              		@ link register save eliminated.
3181:Drivers/STM32G0xx_HAL_Driver/Src/stm32g0xx_hal_fdcan.c ****   UNUSED(TxEventFifoITs);
ARM GAS  C:\Users\sante\AppData\Local\Temp\cc59nu4g.s 			page 165


 4542              		.loc 1 3181 3 view .LVU1456
3182:Drivers/STM32G0xx_HAL_Driver/Src/stm32g0xx_hal_fdcan.c **** 
 4543              		.loc 1 3182 3 view .LVU1457
3187:Drivers/STM32G0xx_HAL_Driver/Src/stm32g0xx_hal_fdcan.c **** 
 4544              		.loc 1 3187 1 is_stmt 0 view .LVU1458
 4545              		@ sp needed
 4546 0000 7047     		bx	lr
 4547              		.cfi_endproc
 4548              	.LFE540:
 4550              		.section	.text.HAL_FDCAN_RxFifo0Callback,"ax",%progbits
 4551              		.align	1
 4552              		.weak	HAL_FDCAN_RxFifo0Callback
 4553              		.syntax unified
 4554              		.code	16
 4555              		.thumb_func
 4557              	HAL_FDCAN_RxFifo0Callback:
 4558              	.LVL326:
 4559              	.LFB541:
3198:Drivers/STM32G0xx_HAL_Driver/Src/stm32g0xx_hal_fdcan.c ****   /* Prevent unused argument(s) compilation warning */
 4560              		.loc 1 3198 1 is_stmt 1 view -0
 4561              		.cfi_startproc
 4562              		@ args = 0, pretend = 0, frame = 0
 4563              		@ frame_needed = 0, uses_anonymous_args = 0
 4564              		@ link register save eliminated.
3200:Drivers/STM32G0xx_HAL_Driver/Src/stm32g0xx_hal_fdcan.c ****   UNUSED(RxFifo0ITs);
 4565              		.loc 1 3200 3 view .LVU1460
3201:Drivers/STM32G0xx_HAL_Driver/Src/stm32g0xx_hal_fdcan.c **** 
 4566              		.loc 1 3201 3 view .LVU1461
3206:Drivers/STM32G0xx_HAL_Driver/Src/stm32g0xx_hal_fdcan.c **** 
 4567              		.loc 1 3206 1 is_stmt 0 view .LVU1462
 4568              		@ sp needed
 4569 0000 7047     		bx	lr
 4570              		.cfi_endproc
 4571              	.LFE541:
 4573              		.section	.text.HAL_FDCAN_RxFifo1Callback,"ax",%progbits
 4574              		.align	1
 4575              		.weak	HAL_FDCAN_RxFifo1Callback
 4576              		.syntax unified
 4577              		.code	16
 4578              		.thumb_func
 4580              	HAL_FDCAN_RxFifo1Callback:
 4581              	.LVL327:
 4582              	.LFB542:
3217:Drivers/STM32G0xx_HAL_Driver/Src/stm32g0xx_hal_fdcan.c ****   /* Prevent unused argument(s) compilation warning */
 4583              		.loc 1 3217 1 is_stmt 1 view -0
 4584              		.cfi_startproc
 4585              		@ args = 0, pretend = 0, frame = 0
 4586              		@ frame_needed = 0, uses_anonymous_args = 0
 4587              		@ link register save eliminated.
3219:Drivers/STM32G0xx_HAL_Driver/Src/stm32g0xx_hal_fdcan.c ****   UNUSED(RxFifo1ITs);
 4588              		.loc 1 3219 3 view .LVU1464
3220:Drivers/STM32G0xx_HAL_Driver/Src/stm32g0xx_hal_fdcan.c **** 
 4589              		.loc 1 3220 3 view .LVU1465
3225:Drivers/STM32G0xx_HAL_Driver/Src/stm32g0xx_hal_fdcan.c **** 
 4590              		.loc 1 3225 1 is_stmt 0 view .LVU1466
 4591              		@ sp needed
 4592 0000 7047     		bx	lr
ARM GAS  C:\Users\sante\AppData\Local\Temp\cc59nu4g.s 			page 166


 4593              		.cfi_endproc
 4594              	.LFE542:
 4596              		.section	.text.HAL_FDCAN_TxFifoEmptyCallback,"ax",%progbits
 4597              		.align	1
 4598              		.weak	HAL_FDCAN_TxFifoEmptyCallback
 4599              		.syntax unified
 4600              		.code	16
 4601              		.thumb_func
 4603              	HAL_FDCAN_TxFifoEmptyCallback:
 4604              	.LVL328:
 4605              	.LFB543:
3234:Drivers/STM32G0xx_HAL_Driver/Src/stm32g0xx_hal_fdcan.c ****   /* Prevent unused argument(s) compilation warning */
 4606              		.loc 1 3234 1 is_stmt 1 view -0
 4607              		.cfi_startproc
 4608              		@ args = 0, pretend = 0, frame = 0
 4609              		@ frame_needed = 0, uses_anonymous_args = 0
 4610              		@ link register save eliminated.
3236:Drivers/STM32G0xx_HAL_Driver/Src/stm32g0xx_hal_fdcan.c **** 
 4611              		.loc 1 3236 3 view .LVU1468
3241:Drivers/STM32G0xx_HAL_Driver/Src/stm32g0xx_hal_fdcan.c **** 
 4612              		.loc 1 3241 1 is_stmt 0 view .LVU1469
 4613              		@ sp needed
 4614 0000 7047     		bx	lr
 4615              		.cfi_endproc
 4616              	.LFE543:
 4618              		.section	.text.HAL_FDCAN_TxBufferCompleteCallback,"ax",%progbits
 4619              		.align	1
 4620              		.weak	HAL_FDCAN_TxBufferCompleteCallback
 4621              		.syntax unified
 4622              		.code	16
 4623              		.thumb_func
 4625              	HAL_FDCAN_TxBufferCompleteCallback:
 4626              	.LVL329:
 4627              	.LFB544:
3252:Drivers/STM32G0xx_HAL_Driver/Src/stm32g0xx_hal_fdcan.c ****   /* Prevent unused argument(s) compilation warning */
 4628              		.loc 1 3252 1 is_stmt 1 view -0
 4629              		.cfi_startproc
 4630              		@ args = 0, pretend = 0, frame = 0
 4631              		@ frame_needed = 0, uses_anonymous_args = 0
 4632              		@ link register save eliminated.
3254:Drivers/STM32G0xx_HAL_Driver/Src/stm32g0xx_hal_fdcan.c ****   UNUSED(BufferIndexes);
 4633              		.loc 1 3254 3 view .LVU1471
3255:Drivers/STM32G0xx_HAL_Driver/Src/stm32g0xx_hal_fdcan.c **** 
 4634              		.loc 1 3255 3 view .LVU1472
3260:Drivers/STM32G0xx_HAL_Driver/Src/stm32g0xx_hal_fdcan.c **** 
 4635              		.loc 1 3260 1 is_stmt 0 view .LVU1473
 4636              		@ sp needed
 4637 0000 7047     		bx	lr
 4638              		.cfi_endproc
 4639              	.LFE544:
 4641              		.section	.text.HAL_FDCAN_TxBufferAbortCallback,"ax",%progbits
 4642              		.align	1
 4643              		.weak	HAL_FDCAN_TxBufferAbortCallback
 4644              		.syntax unified
 4645              		.code	16
 4646              		.thumb_func
 4648              	HAL_FDCAN_TxBufferAbortCallback:
ARM GAS  C:\Users\sante\AppData\Local\Temp\cc59nu4g.s 			page 167


 4649              	.LVL330:
 4650              	.LFB545:
3271:Drivers/STM32G0xx_HAL_Driver/Src/stm32g0xx_hal_fdcan.c ****   /* Prevent unused argument(s) compilation warning */
 4651              		.loc 1 3271 1 is_stmt 1 view -0
 4652              		.cfi_startproc
 4653              		@ args = 0, pretend = 0, frame = 0
 4654              		@ frame_needed = 0, uses_anonymous_args = 0
 4655              		@ link register save eliminated.
3273:Drivers/STM32G0xx_HAL_Driver/Src/stm32g0xx_hal_fdcan.c ****   UNUSED(BufferIndexes);
 4656              		.loc 1 3273 3 view .LVU1475
3274:Drivers/STM32G0xx_HAL_Driver/Src/stm32g0xx_hal_fdcan.c **** 
 4657              		.loc 1 3274 3 view .LVU1476
3279:Drivers/STM32G0xx_HAL_Driver/Src/stm32g0xx_hal_fdcan.c **** 
 4658              		.loc 1 3279 1 is_stmt 0 view .LVU1477
 4659              		@ sp needed
 4660 0000 7047     		bx	lr
 4661              		.cfi_endproc
 4662              	.LFE545:
 4664              		.section	.text.HAL_FDCAN_TimestampWraparoundCallback,"ax",%progbits
 4665              		.align	1
 4666              		.weak	HAL_FDCAN_TimestampWraparoundCallback
 4667              		.syntax unified
 4668              		.code	16
 4669              		.thumb_func
 4671              	HAL_FDCAN_TimestampWraparoundCallback:
 4672              	.LVL331:
 4673              	.LFB546:
3288:Drivers/STM32G0xx_HAL_Driver/Src/stm32g0xx_hal_fdcan.c ****   /* Prevent unused argument(s) compilation warning */
 4674              		.loc 1 3288 1 is_stmt 1 view -0
 4675              		.cfi_startproc
 4676              		@ args = 0, pretend = 0, frame = 0
 4677              		@ frame_needed = 0, uses_anonymous_args = 0
 4678              		@ link register save eliminated.
3290:Drivers/STM32G0xx_HAL_Driver/Src/stm32g0xx_hal_fdcan.c **** 
 4679              		.loc 1 3290 3 view .LVU1479
3295:Drivers/STM32G0xx_HAL_Driver/Src/stm32g0xx_hal_fdcan.c **** 
 4680              		.loc 1 3295 1 is_stmt 0 view .LVU1480
 4681              		@ sp needed
 4682 0000 7047     		bx	lr
 4683              		.cfi_endproc
 4684              	.LFE546:
 4686              		.section	.text.HAL_FDCAN_TimeoutOccurredCallback,"ax",%progbits
 4687              		.align	1
 4688              		.weak	HAL_FDCAN_TimeoutOccurredCallback
 4689              		.syntax unified
 4690              		.code	16
 4691              		.thumb_func
 4693              	HAL_FDCAN_TimeoutOccurredCallback:
 4694              	.LVL332:
 4695              	.LFB547:
3304:Drivers/STM32G0xx_HAL_Driver/Src/stm32g0xx_hal_fdcan.c ****   /* Prevent unused argument(s) compilation warning */
 4696              		.loc 1 3304 1 is_stmt 1 view -0
 4697              		.cfi_startproc
 4698              		@ args = 0, pretend = 0, frame = 0
 4699              		@ frame_needed = 0, uses_anonymous_args = 0
 4700              		@ link register save eliminated.
3306:Drivers/STM32G0xx_HAL_Driver/Src/stm32g0xx_hal_fdcan.c **** 
ARM GAS  C:\Users\sante\AppData\Local\Temp\cc59nu4g.s 			page 168


 4701              		.loc 1 3306 3 view .LVU1482
3311:Drivers/STM32G0xx_HAL_Driver/Src/stm32g0xx_hal_fdcan.c **** 
 4702              		.loc 1 3311 1 is_stmt 0 view .LVU1483
 4703              		@ sp needed
 4704 0000 7047     		bx	lr
 4705              		.cfi_endproc
 4706              	.LFE547:
 4708              		.section	.text.HAL_FDCAN_HighPriorityMessageCallback,"ax",%progbits
 4709              		.align	1
 4710              		.weak	HAL_FDCAN_HighPriorityMessageCallback
 4711              		.syntax unified
 4712              		.code	16
 4713              		.thumb_func
 4715              	HAL_FDCAN_HighPriorityMessageCallback:
 4716              	.LVL333:
 4717              	.LFB548:
3320:Drivers/STM32G0xx_HAL_Driver/Src/stm32g0xx_hal_fdcan.c ****   /* Prevent unused argument(s) compilation warning */
 4718              		.loc 1 3320 1 is_stmt 1 view -0
 4719              		.cfi_startproc
 4720              		@ args = 0, pretend = 0, frame = 0
 4721              		@ frame_needed = 0, uses_anonymous_args = 0
 4722              		@ link register save eliminated.
3322:Drivers/STM32G0xx_HAL_Driver/Src/stm32g0xx_hal_fdcan.c **** 
 4723              		.loc 1 3322 3 view .LVU1485
3327:Drivers/STM32G0xx_HAL_Driver/Src/stm32g0xx_hal_fdcan.c **** 
 4724              		.loc 1 3327 1 is_stmt 0 view .LVU1486
 4725              		@ sp needed
 4726 0000 7047     		bx	lr
 4727              		.cfi_endproc
 4728              	.LFE548:
 4730              		.section	.text.HAL_FDCAN_ErrorCallback,"ax",%progbits
 4731              		.align	1
 4732              		.weak	HAL_FDCAN_ErrorCallback
 4733              		.syntax unified
 4734              		.code	16
 4735              		.thumb_func
 4737              	HAL_FDCAN_ErrorCallback:
 4738              	.LVL334:
 4739              	.LFB549:
3336:Drivers/STM32G0xx_HAL_Driver/Src/stm32g0xx_hal_fdcan.c ****   /* Prevent unused argument(s) compilation warning */
 4740              		.loc 1 3336 1 is_stmt 1 view -0
 4741              		.cfi_startproc
 4742              		@ args = 0, pretend = 0, frame = 0
 4743              		@ frame_needed = 0, uses_anonymous_args = 0
 4744              		@ link register save eliminated.
3338:Drivers/STM32G0xx_HAL_Driver/Src/stm32g0xx_hal_fdcan.c **** 
 4745              		.loc 1 3338 3 view .LVU1488
3343:Drivers/STM32G0xx_HAL_Driver/Src/stm32g0xx_hal_fdcan.c **** 
 4746              		.loc 1 3343 1 is_stmt 0 view .LVU1489
 4747              		@ sp needed
 4748 0000 7047     		bx	lr
 4749              		.cfi_endproc
 4750              	.LFE549:
 4752              		.section	.text.HAL_FDCAN_ErrorStatusCallback,"ax",%progbits
 4753              		.align	1
 4754              		.weak	HAL_FDCAN_ErrorStatusCallback
 4755              		.syntax unified
ARM GAS  C:\Users\sante\AppData\Local\Temp\cc59nu4g.s 			page 169


 4756              		.code	16
 4757              		.thumb_func
 4759              	HAL_FDCAN_ErrorStatusCallback:
 4760              	.LVL335:
 4761              	.LFB550:
3354:Drivers/STM32G0xx_HAL_Driver/Src/stm32g0xx_hal_fdcan.c ****   /* Prevent unused argument(s) compilation warning */
 4762              		.loc 1 3354 1 is_stmt 1 view -0
 4763              		.cfi_startproc
 4764              		@ args = 0, pretend = 0, frame = 0
 4765              		@ frame_needed = 0, uses_anonymous_args = 0
 4766              		@ link register save eliminated.
3356:Drivers/STM32G0xx_HAL_Driver/Src/stm32g0xx_hal_fdcan.c ****   UNUSED(ErrorStatusITs);
 4767              		.loc 1 3356 3 view .LVU1491
3357:Drivers/STM32G0xx_HAL_Driver/Src/stm32g0xx_hal_fdcan.c **** 
 4768              		.loc 1 3357 3 view .LVU1492
3362:Drivers/STM32G0xx_HAL_Driver/Src/stm32g0xx_hal_fdcan.c **** 
 4769              		.loc 1 3362 1 is_stmt 0 view .LVU1493
 4770              		@ sp needed
 4771 0000 7047     		bx	lr
 4772              		.cfi_endproc
 4773              	.LFE550:
 4775              		.section	.text.HAL_FDCAN_IRQHandler,"ax",%progbits
 4776              		.align	1
 4777              		.global	HAL_FDCAN_IRQHandler
 4778              		.syntax unified
 4779              		.code	16
 4780              		.thumb_func
 4782              	HAL_FDCAN_IRQHandler:
 4783              	.LVL336:
 4784              	.LFB539:
2906:Drivers/STM32G0xx_HAL_Driver/Src/stm32g0xx_hal_fdcan.c ****   uint32_t TxEventFifoITs;
 4785              		.loc 1 2906 1 is_stmt 1 view -0
 4786              		.cfi_startproc
 4787              		@ args = 0, pretend = 0, frame = 0
 4788              		@ frame_needed = 0, uses_anonymous_args = 0
2906:Drivers/STM32G0xx_HAL_Driver/Src/stm32g0xx_hal_fdcan.c ****   uint32_t TxEventFifoITs;
 4789              		.loc 1 2906 1 is_stmt 0 view .LVU1495
 4790 0000 F8B5     		push	{r3, r4, r5, r6, r7, lr}
 4791              		.cfi_def_cfa_offset 24
 4792              		.cfi_offset 3, -24
 4793              		.cfi_offset 4, -20
 4794              		.cfi_offset 5, -16
 4795              		.cfi_offset 6, -12
 4796              		.cfi_offset 7, -8
 4797              		.cfi_offset 14, -4
 4798 0002 DE46     		mov	lr, fp
 4799 0004 5746     		mov	r7, r10
 4800 0006 4E46     		mov	r6, r9
 4801 0008 4546     		mov	r5, r8
 4802 000a E0B5     		push	{r5, r6, r7, lr}
 4803              		.cfi_def_cfa_offset 40
 4804              		.cfi_offset 8, -40
 4805              		.cfi_offset 9, -36
 4806              		.cfi_offset 10, -32
 4807              		.cfi_offset 11, -28
 4808 000c 0400     		movs	r4, r0
2907:Drivers/STM32G0xx_HAL_Driver/Src/stm32g0xx_hal_fdcan.c ****   uint32_t RxFifo0ITs;
ARM GAS  C:\Users\sante\AppData\Local\Temp\cc59nu4g.s 			page 170


 4809              		.loc 1 2907 3 is_stmt 1 view .LVU1496
2908:Drivers/STM32G0xx_HAL_Driver/Src/stm32g0xx_hal_fdcan.c ****   uint32_t RxFifo1ITs;
 4810              		.loc 1 2908 3 view .LVU1497
2909:Drivers/STM32G0xx_HAL_Driver/Src/stm32g0xx_hal_fdcan.c ****   uint32_t Errors;
 4811              		.loc 1 2909 3 view .LVU1498
2910:Drivers/STM32G0xx_HAL_Driver/Src/stm32g0xx_hal_fdcan.c ****   uint32_t ErrorStatusITs;
 4812              		.loc 1 2910 3 view .LVU1499
2911:Drivers/STM32G0xx_HAL_Driver/Src/stm32g0xx_hal_fdcan.c ****   uint32_t TransmittedBuffers;
 4813              		.loc 1 2911 3 view .LVU1500
2912:Drivers/STM32G0xx_HAL_Driver/Src/stm32g0xx_hal_fdcan.c ****   uint32_t AbortedBuffers;
 4814              		.loc 1 2912 3 view .LVU1501
2913:Drivers/STM32G0xx_HAL_Driver/Src/stm32g0xx_hal_fdcan.c ****   uint32_t itsource;
 4815              		.loc 1 2913 3 view .LVU1502
2914:Drivers/STM32G0xx_HAL_Driver/Src/stm32g0xx_hal_fdcan.c ****   uint32_t itflag;
 4816              		.loc 1 2914 3 view .LVU1503
2915:Drivers/STM32G0xx_HAL_Driver/Src/stm32g0xx_hal_fdcan.c **** 
 4817              		.loc 1 2915 3 view .LVU1504
2917:Drivers/STM32G0xx_HAL_Driver/Src/stm32g0xx_hal_fdcan.c ****   TxEventFifoITs &= hfdcan->Instance->IE;
 4818              		.loc 1 2917 3 view .LVU1505
2917:Drivers/STM32G0xx_HAL_Driver/Src/stm32g0xx_hal_fdcan.c ****   TxEventFifoITs &= hfdcan->Instance->IE;
 4819              		.loc 1 2917 26 is_stmt 0 view .LVU1506
 4820 000e 0368     		ldr	r3, [r0]
2917:Drivers/STM32G0xx_HAL_Driver/Src/stm32g0xx_hal_fdcan.c ****   TxEventFifoITs &= hfdcan->Instance->IE;
 4821              		.loc 1 2917 36 view .LVU1507
 4822 0010 1A6D     		ldr	r2, [r3, #80]
2917:Drivers/STM32G0xx_HAL_Driver/Src/stm32g0xx_hal_fdcan.c ****   TxEventFifoITs &= hfdcan->Instance->IE;
 4823              		.loc 1 2917 18 view .LVU1508
 4824 0012 E021     		movs	r1, #224
 4825 0014 4901     		lsls	r1, r1, #5
 4826 0016 0A40     		ands	r2, r1
 4827              	.LVL337:
2918:Drivers/STM32G0xx_HAL_Driver/Src/stm32g0xx_hal_fdcan.c ****   RxFifo0ITs = hfdcan->Instance->IR & FDCAN_RX_FIFO0_MASK;
 4828              		.loc 1 2918 3 is_stmt 1 view .LVU1509
2918:Drivers/STM32G0xx_HAL_Driver/Src/stm32g0xx_hal_fdcan.c ****   RxFifo0ITs = hfdcan->Instance->IR & FDCAN_RX_FIFO0_MASK;
 4829              		.loc 1 2918 37 is_stmt 0 view .LVU1510
 4830 0018 596D     		ldr	r1, [r3, #84]
2918:Drivers/STM32G0xx_HAL_Driver/Src/stm32g0xx_hal_fdcan.c ****   RxFifo0ITs = hfdcan->Instance->IR & FDCAN_RX_FIFO0_MASK;
 4831              		.loc 1 2918 18 view .LVU1511
 4832 001a 1140     		ands	r1, r2
 4833 001c 8B46     		mov	fp, r1
 4834              	.LVL338:
2919:Drivers/STM32G0xx_HAL_Driver/Src/stm32g0xx_hal_fdcan.c ****   RxFifo0ITs &= hfdcan->Instance->IE;
 4835              		.loc 1 2919 3 is_stmt 1 view .LVU1512
2919:Drivers/STM32G0xx_HAL_Driver/Src/stm32g0xx_hal_fdcan.c ****   RxFifo0ITs &= hfdcan->Instance->IE;
 4836              		.loc 1 2919 32 is_stmt 0 view .LVU1513
 4837 001e 196D     		ldr	r1, [r3, #80]
 4838              	.LVL339:
2919:Drivers/STM32G0xx_HAL_Driver/Src/stm32g0xx_hal_fdcan.c ****   RxFifo0ITs &= hfdcan->Instance->IE;
 4839              		.loc 1 2919 14 view .LVU1514
 4840 0020 0722     		movs	r2, #7
 4841 0022 0A40     		ands	r2, r1
 4842              	.LVL340:
2920:Drivers/STM32G0xx_HAL_Driver/Src/stm32g0xx_hal_fdcan.c ****   RxFifo1ITs = hfdcan->Instance->IR & FDCAN_RX_FIFO1_MASK;
 4843              		.loc 1 2920 3 is_stmt 1 view .LVU1515
2920:Drivers/STM32G0xx_HAL_Driver/Src/stm32g0xx_hal_fdcan.c ****   RxFifo1ITs = hfdcan->Instance->IR & FDCAN_RX_FIFO1_MASK;
 4844              		.loc 1 2920 33 is_stmt 0 view .LVU1516
 4845 0024 596D     		ldr	r1, [r3, #84]
ARM GAS  C:\Users\sante\AppData\Local\Temp\cc59nu4g.s 			page 171


2920:Drivers/STM32G0xx_HAL_Driver/Src/stm32g0xx_hal_fdcan.c ****   RxFifo1ITs = hfdcan->Instance->IR & FDCAN_RX_FIFO1_MASK;
 4846              		.loc 1 2920 14 view .LVU1517
 4847 0026 1140     		ands	r1, r2
 4848 0028 8A46     		mov	r10, r1
 4849              	.LVL341:
2921:Drivers/STM32G0xx_HAL_Driver/Src/stm32g0xx_hal_fdcan.c ****   RxFifo1ITs &= hfdcan->Instance->IE;
 4850              		.loc 1 2921 3 is_stmt 1 view .LVU1518
2921:Drivers/STM32G0xx_HAL_Driver/Src/stm32g0xx_hal_fdcan.c ****   RxFifo1ITs &= hfdcan->Instance->IE;
 4851              		.loc 1 2921 32 is_stmt 0 view .LVU1519
 4852 002a 196D     		ldr	r1, [r3, #80]
 4853              	.LVL342:
2921:Drivers/STM32G0xx_HAL_Driver/Src/stm32g0xx_hal_fdcan.c ****   RxFifo1ITs &= hfdcan->Instance->IE;
 4854              		.loc 1 2921 14 view .LVU1520
 4855 002c 3822     		movs	r2, #56
 4856 002e 0A40     		ands	r2, r1
 4857              	.LVL343:
2922:Drivers/STM32G0xx_HAL_Driver/Src/stm32g0xx_hal_fdcan.c ****   Errors = hfdcan->Instance->IR & FDCAN_ERROR_MASK;
 4858              		.loc 1 2922 3 is_stmt 1 view .LVU1521
2922:Drivers/STM32G0xx_HAL_Driver/Src/stm32g0xx_hal_fdcan.c ****   Errors = hfdcan->Instance->IR & FDCAN_ERROR_MASK;
 4859              		.loc 1 2922 33 is_stmt 0 view .LVU1522
 4860 0030 596D     		ldr	r1, [r3, #84]
2922:Drivers/STM32G0xx_HAL_Driver/Src/stm32g0xx_hal_fdcan.c ****   Errors = hfdcan->Instance->IR & FDCAN_ERROR_MASK;
 4861              		.loc 1 2922 14 view .LVU1523
 4862 0032 1140     		ands	r1, r2
 4863 0034 8946     		mov	r9, r1
 4864              	.LVL344:
2923:Drivers/STM32G0xx_HAL_Driver/Src/stm32g0xx_hal_fdcan.c ****   Errors &= hfdcan->Instance->IE;
 4865              		.loc 1 2923 3 is_stmt 1 view .LVU1524
2923:Drivers/STM32G0xx_HAL_Driver/Src/stm32g0xx_hal_fdcan.c ****   Errors &= hfdcan->Instance->IE;
 4866              		.loc 1 2923 28 is_stmt 0 view .LVU1525
 4867 0036 1A6D     		ldr	r2, [r3, #80]
2923:Drivers/STM32G0xx_HAL_Driver/Src/stm32g0xx_hal_fdcan.c ****   Errors &= hfdcan->Instance->IE;
 4868              		.loc 1 2923 10 view .LVU1526
 4869 0038 F121     		movs	r1, #241
 4870              	.LVL345:
2923:Drivers/STM32G0xx_HAL_Driver/Src/stm32g0xx_hal_fdcan.c ****   Errors &= hfdcan->Instance->IE;
 4871              		.loc 1 2923 10 view .LVU1527
 4872 003a 0904     		lsls	r1, r1, #16
 4873 003c 0A40     		ands	r2, r1
 4874              	.LVL346:
2924:Drivers/STM32G0xx_HAL_Driver/Src/stm32g0xx_hal_fdcan.c ****   ErrorStatusITs = hfdcan->Instance->IR & FDCAN_ERROR_STATUS_MASK;
 4875              		.loc 1 2924 3 is_stmt 1 view .LVU1528
2924:Drivers/STM32G0xx_HAL_Driver/Src/stm32g0xx_hal_fdcan.c ****   ErrorStatusITs = hfdcan->Instance->IR & FDCAN_ERROR_STATUS_MASK;
 4876              		.loc 1 2924 29 is_stmt 0 view .LVU1529
 4877 003e 5E6D     		ldr	r6, [r3, #84]
2924:Drivers/STM32G0xx_HAL_Driver/Src/stm32g0xx_hal_fdcan.c ****   ErrorStatusITs = hfdcan->Instance->IR & FDCAN_ERROR_STATUS_MASK;
 4878              		.loc 1 2924 10 view .LVU1530
 4879 0040 1640     		ands	r6, r2
 4880              	.LVL347:
2925:Drivers/STM32G0xx_HAL_Driver/Src/stm32g0xx_hal_fdcan.c ****   ErrorStatusITs &= hfdcan->Instance->IE;
 4881              		.loc 1 2925 3 is_stmt 1 view .LVU1531
2925:Drivers/STM32G0xx_HAL_Driver/Src/stm32g0xx_hal_fdcan.c ****   ErrorStatusITs &= hfdcan->Instance->IE;
 4882              		.loc 1 2925 36 is_stmt 0 view .LVU1532
 4883 0042 1A6D     		ldr	r2, [r3, #80]
2925:Drivers/STM32G0xx_HAL_Driver/Src/stm32g0xx_hal_fdcan.c ****   ErrorStatusITs &= hfdcan->Instance->IE;
 4884              		.loc 1 2925 18 view .LVU1533
 4885 0044 E021     		movs	r1, #224
ARM GAS  C:\Users\sante\AppData\Local\Temp\cc59nu4g.s 			page 172


 4886 0046 0903     		lsls	r1, r1, #12
 4887 0048 0A40     		ands	r2, r1
 4888              	.LVL348:
2926:Drivers/STM32G0xx_HAL_Driver/Src/stm32g0xx_hal_fdcan.c ****   itsource = hfdcan->Instance->IE;
 4889              		.loc 1 2926 3 is_stmt 1 view .LVU1534
2926:Drivers/STM32G0xx_HAL_Driver/Src/stm32g0xx_hal_fdcan.c ****   itsource = hfdcan->Instance->IE;
 4890              		.loc 1 2926 37 is_stmt 0 view .LVU1535
 4891 004a 596D     		ldr	r1, [r3, #84]
2926:Drivers/STM32G0xx_HAL_Driver/Src/stm32g0xx_hal_fdcan.c ****   itsource = hfdcan->Instance->IE;
 4892              		.loc 1 2926 18 view .LVU1536
 4893 004c 1140     		ands	r1, r2
 4894 004e 8846     		mov	r8, r1
 4895              	.LVL349:
2927:Drivers/STM32G0xx_HAL_Driver/Src/stm32g0xx_hal_fdcan.c ****   itflag = hfdcan->Instance->IR;
 4896              		.loc 1 2927 3 is_stmt 1 view .LVU1537
2927:Drivers/STM32G0xx_HAL_Driver/Src/stm32g0xx_hal_fdcan.c ****   itflag = hfdcan->Instance->IR;
 4897              		.loc 1 2927 12 is_stmt 0 view .LVU1538
 4898 0050 5F6D     		ldr	r7, [r3, #84]
 4899              	.LVL350:
2928:Drivers/STM32G0xx_HAL_Driver/Src/stm32g0xx_hal_fdcan.c **** 
 4900              		.loc 1 2928 3 is_stmt 1 view .LVU1539
2928:Drivers/STM32G0xx_HAL_Driver/Src/stm32g0xx_hal_fdcan.c **** 
 4901              		.loc 1 2928 10 is_stmt 0 view .LVU1540
 4902 0052 1D6D     		ldr	r5, [r3, #80]
 4903              	.LVL351:
2931:Drivers/STM32G0xx_HAL_Driver/Src/stm32g0xx_hal_fdcan.c ****   {
 4904              		.loc 1 2931 3 is_stmt 1 view .LVU1541
2931:Drivers/STM32G0xx_HAL_Driver/Src/stm32g0xx_hal_fdcan.c ****   {
 4905              		.loc 1 2931 6 is_stmt 0 view .LVU1542
 4906 0054 6A06     		lsls	r2, r5, #25
 4907 0056 01D5     		bpl	.L320
2933:Drivers/STM32G0xx_HAL_Driver/Src/stm32g0xx_hal_fdcan.c ****     {
 4908              		.loc 1 2933 5 is_stmt 1 view .LVU1543
2933:Drivers/STM32G0xx_HAL_Driver/Src/stm32g0xx_hal_fdcan.c ****     {
 4909              		.loc 1 2933 8 is_stmt 0 view .LVU1544
 4910 0058 7A06     		lsls	r2, r7, #25
 4911 005a 3BD4     		bmi	.L347
 4912              	.LVL352:
 4913              	.L320:
2949:Drivers/STM32G0xx_HAL_Driver/Src/stm32g0xx_hal_fdcan.c ****   {
 4914              		.loc 1 2949 3 is_stmt 1 view .LVU1545
2949:Drivers/STM32G0xx_HAL_Driver/Src/stm32g0xx_hal_fdcan.c ****   {
 4915              		.loc 1 2949 6 is_stmt 0 view .LVU1546
 4916 005c EB05     		lsls	r3, r5, #23
 4917 005e 01D5     		bpl	.L321
2951:Drivers/STM32G0xx_HAL_Driver/Src/stm32g0xx_hal_fdcan.c ****     {
 4918              		.loc 1 2951 5 is_stmt 1 view .LVU1547
2951:Drivers/STM32G0xx_HAL_Driver/Src/stm32g0xx_hal_fdcan.c ****     {
 4919              		.loc 1 2951 8 is_stmt 0 view .LVU1548
 4920 0060 FB05     		lsls	r3, r7, #23
 4921 0062 3CD4     		bmi	.L348
 4922              	.L321:
2971:Drivers/STM32G0xx_HAL_Driver/Src/stm32g0xx_hal_fdcan.c ****   {
 4923              		.loc 1 2971 3 is_stmt 1 view .LVU1549
2971:Drivers/STM32G0xx_HAL_Driver/Src/stm32g0xx_hal_fdcan.c ****   {
 4924              		.loc 1 2971 6 is_stmt 0 view .LVU1550
 4925 0064 5B46     		mov	r3, fp
ARM GAS  C:\Users\sante\AppData\Local\Temp\cc59nu4g.s 			page 173


 4926 0066 002B     		cmp	r3, #0
 4927 0068 46D1     		bne	.L349
 4928              	.L322:
2986:Drivers/STM32G0xx_HAL_Driver/Src/stm32g0xx_hal_fdcan.c ****   {
 4929              		.loc 1 2986 3 is_stmt 1 view .LVU1551
2986:Drivers/STM32G0xx_HAL_Driver/Src/stm32g0xx_hal_fdcan.c ****   {
 4930              		.loc 1 2986 6 is_stmt 0 view .LVU1552
 4931 006a 5346     		mov	r3, r10
 4932 006c 002B     		cmp	r3, #0
 4933 006e 4BD1     		bne	.L350
 4934              	.L323:
3001:Drivers/STM32G0xx_HAL_Driver/Src/stm32g0xx_hal_fdcan.c ****   {
 4935              		.loc 1 3001 3 is_stmt 1 view .LVU1553
3001:Drivers/STM32G0xx_HAL_Driver/Src/stm32g0xx_hal_fdcan.c ****   {
 4936              		.loc 1 3001 6 is_stmt 0 view .LVU1554
 4937 0070 4B46     		mov	r3, r9
 4938 0072 002B     		cmp	r3, #0
 4939 0074 50D1     		bne	.L351
 4940              	.L324:
3016:Drivers/STM32G0xx_HAL_Driver/Src/stm32g0xx_hal_fdcan.c ****   {
 4941              		.loc 1 3016 3 is_stmt 1 view .LVU1555
3016:Drivers/STM32G0xx_HAL_Driver/Src/stm32g0xx_hal_fdcan.c ****   {
 4942              		.loc 1 3016 6 is_stmt 0 view .LVU1556
 4943 0076 AB05     		lsls	r3, r5, #22
 4944 0078 01D5     		bpl	.L325
3018:Drivers/STM32G0xx_HAL_Driver/Src/stm32g0xx_hal_fdcan.c ****     {
 4945              		.loc 1 3018 5 is_stmt 1 view .LVU1557
3018:Drivers/STM32G0xx_HAL_Driver/Src/stm32g0xx_hal_fdcan.c ****     {
 4946              		.loc 1 3018 8 is_stmt 0 view .LVU1558
 4947 007a BB05     		lsls	r3, r7, #22
 4948 007c 54D4     		bmi	.L352
 4949              	.L325:
3034:Drivers/STM32G0xx_HAL_Driver/Src/stm32g0xx_hal_fdcan.c ****   {
 4950              		.loc 1 3034 3 is_stmt 1 view .LVU1559
3034:Drivers/STM32G0xx_HAL_Driver/Src/stm32g0xx_hal_fdcan.c ****   {
 4951              		.loc 1 3034 6 is_stmt 0 view .LVU1560
 4952 007e 2B06     		lsls	r3, r5, #24
 4953 0080 01D5     		bpl	.L326
3036:Drivers/STM32G0xx_HAL_Driver/Src/stm32g0xx_hal_fdcan.c ****     {
 4954              		.loc 1 3036 5 is_stmt 1 view .LVU1561
3036:Drivers/STM32G0xx_HAL_Driver/Src/stm32g0xx_hal_fdcan.c ****     {
 4955              		.loc 1 3036 8 is_stmt 0 view .LVU1562
 4956 0082 3B06     		lsls	r3, r7, #24
 4957 0084 58D4     		bmi	.L353
 4958              	.L326:
3056:Drivers/STM32G0xx_HAL_Driver/Src/stm32g0xx_hal_fdcan.c ****   {
 4959              		.loc 1 3056 3 is_stmt 1 view .LVU1563
3056:Drivers/STM32G0xx_HAL_Driver/Src/stm32g0xx_hal_fdcan.c ****   {
 4960              		.loc 1 3056 6 is_stmt 0 view .LVU1564
 4961 0086 AB04     		lsls	r3, r5, #18
 4962 0088 01D5     		bpl	.L327
3058:Drivers/STM32G0xx_HAL_Driver/Src/stm32g0xx_hal_fdcan.c ****     {
 4963              		.loc 1 3058 5 is_stmt 1 view .LVU1565
3058:Drivers/STM32G0xx_HAL_Driver/Src/stm32g0xx_hal_fdcan.c ****     {
 4964              		.loc 1 3058 8 is_stmt 0 view .LVU1566
 4965 008a BB04     		lsls	r3, r7, #18
 4966 008c 60D4     		bmi	.L354
ARM GAS  C:\Users\sante\AppData\Local\Temp\cc59nu4g.s 			page 174


 4967              	.L327:
3074:Drivers/STM32G0xx_HAL_Driver/Src/stm32g0xx_hal_fdcan.c ****   {
 4968              		.loc 1 3074 3 is_stmt 1 view .LVU1567
3074:Drivers/STM32G0xx_HAL_Driver/Src/stm32g0xx_hal_fdcan.c ****   {
 4969              		.loc 1 3074 6 is_stmt 0 view .LVU1568
 4970 008e 2B04     		lsls	r3, r5, #16
 4971 0090 01D5     		bpl	.L328
3076:Drivers/STM32G0xx_HAL_Driver/Src/stm32g0xx_hal_fdcan.c ****     {
 4972              		.loc 1 3076 5 is_stmt 1 view .LVU1569
3076:Drivers/STM32G0xx_HAL_Driver/Src/stm32g0xx_hal_fdcan.c ****     {
 4973              		.loc 1 3076 8 is_stmt 0 view .LVU1570
 4974 0092 3B04     		lsls	r3, r7, #16
 4975 0094 64D4     		bmi	.L355
 4976              	.L328:
3092:Drivers/STM32G0xx_HAL_Driver/Src/stm32g0xx_hal_fdcan.c ****   {
 4977              		.loc 1 3092 3 is_stmt 1 view .LVU1571
3092:Drivers/STM32G0xx_HAL_Driver/Src/stm32g0xx_hal_fdcan.c ****   {
 4978              		.loc 1 3092 6 is_stmt 0 view .LVU1572
 4979 0096 6D04     		lsls	r5, r5, #17
 4980 0098 09D5     		bpl	.L329
 4981              	.LVL353:
3094:Drivers/STM32G0xx_HAL_Driver/Src/stm32g0xx_hal_fdcan.c ****     {
 4982              		.loc 1 3094 5 is_stmt 1 view .LVU1573
3094:Drivers/STM32G0xx_HAL_Driver/Src/stm32g0xx_hal_fdcan.c ****     {
 4983              		.loc 1 3094 8 is_stmt 0 view .LVU1574
 4984 009a 7F04     		lsls	r7, r7, #17
 4985 009c 07D5     		bpl	.L329
 4986              	.LVL354:
3097:Drivers/STM32G0xx_HAL_Driver/Src/stm32g0xx_hal_fdcan.c **** 
 4987              		.loc 1 3097 7 is_stmt 1 view .LVU1575
 4988 009e 2368     		ldr	r3, [r4]
 4989 00a0 8022     		movs	r2, #128
 4990 00a2 D201     		lsls	r2, r2, #7
 4991 00a4 1A65     		str	r2, [r3, #80]
3100:Drivers/STM32G0xx_HAL_Driver/Src/stm32g0xx_hal_fdcan.c ****     }
 4992              		.loc 1 3100 7 view .LVU1576
3100:Drivers/STM32G0xx_HAL_Driver/Src/stm32g0xx_hal_fdcan.c ****     }
 4993              		.loc 1 3100 13 is_stmt 0 view .LVU1577
 4994 00a6 236E     		ldr	r3, [r4, #96]
3100:Drivers/STM32G0xx_HAL_Driver/Src/stm32g0xx_hal_fdcan.c ****     }
 4995              		.loc 1 3100 25 view .LVU1578
 4996 00a8 8022     		movs	r2, #128
 4997 00aa 1343     		orrs	r3, r2
 4998 00ac 2366     		str	r3, [r4, #96]
 4999              	.L329:
3105:Drivers/STM32G0xx_HAL_Driver/Src/stm32g0xx_hal_fdcan.c ****   {
 5000              		.loc 1 3105 3 is_stmt 1 view .LVU1579
3105:Drivers/STM32G0xx_HAL_Driver/Src/stm32g0xx_hal_fdcan.c ****   {
 5001              		.loc 1 3105 6 is_stmt 0 view .LVU1580
 5002 00ae 4346     		mov	r3, r8
 5003 00b0 002B     		cmp	r3, #0
 5004 00b2 5DD1     		bne	.L356
 5005              	.L330:
3120:Drivers/STM32G0xx_HAL_Driver/Src/stm32g0xx_hal_fdcan.c ****   {
 5006              		.loc 1 3120 3 is_stmt 1 view .LVU1581
3120:Drivers/STM32G0xx_HAL_Driver/Src/stm32g0xx_hal_fdcan.c ****   {
 5007              		.loc 1 3120 6 is_stmt 0 view .LVU1582
ARM GAS  C:\Users\sante\AppData\Local\Temp\cc59nu4g.s 			page 175


 5008 00b4 002E     		cmp	r6, #0
 5009 00b6 04D0     		beq	.L331
3123:Drivers/STM32G0xx_HAL_Driver/Src/stm32g0xx_hal_fdcan.c **** 
 5010              		.loc 1 3123 5 is_stmt 1 view .LVU1583
 5011 00b8 2368     		ldr	r3, [r4]
 5012 00ba 1E65     		str	r6, [r3, #80]
3126:Drivers/STM32G0xx_HAL_Driver/Src/stm32g0xx_hal_fdcan.c ****   }
 5013              		.loc 1 3126 5 view .LVU1584
3126:Drivers/STM32G0xx_HAL_Driver/Src/stm32g0xx_hal_fdcan.c ****   }
 5014              		.loc 1 3126 11 is_stmt 0 view .LVU1585
 5015 00bc 236E     		ldr	r3, [r4, #96]
3126:Drivers/STM32G0xx_HAL_Driver/Src/stm32g0xx_hal_fdcan.c ****   }
 5016              		.loc 1 3126 23 view .LVU1586
 5017 00be 3343     		orrs	r3, r6
 5018 00c0 2366     		str	r3, [r4, #96]
 5019              	.L331:
3129:Drivers/STM32G0xx_HAL_Driver/Src/stm32g0xx_hal_fdcan.c ****   {
 5020              		.loc 1 3129 3 is_stmt 1 view .LVU1587
3129:Drivers/STM32G0xx_HAL_Driver/Src/stm32g0xx_hal_fdcan.c ****   {
 5021              		.loc 1 3129 13 is_stmt 0 view .LVU1588
 5022 00c2 236E     		ldr	r3, [r4, #96]
3129:Drivers/STM32G0xx_HAL_Driver/Src/stm32g0xx_hal_fdcan.c ****   {
 5023              		.loc 1 3129 6 view .LVU1589
 5024 00c4 002B     		cmp	r3, #0
 5025 00c6 5BD1     		bne	.L357
 5026              	.L319:
3139:Drivers/STM32G0xx_HAL_Driver/Src/stm32g0xx_hal_fdcan.c **** 
 5027              		.loc 1 3139 1 view .LVU1590
 5028              		@ sp needed
 5029              	.LVL355:
 5030              	.LVL356:
 5031              	.LVL357:
 5032              	.LVL358:
 5033              	.LVL359:
 5034              	.LVL360:
3139:Drivers/STM32G0xx_HAL_Driver/Src/stm32g0xx_hal_fdcan.c **** 
 5035              		.loc 1 3139 1 view .LVU1591
 5036 00c8 F0BC     		pop	{r4, r5, r6, r7}
 5037 00ca BB46     		mov	fp, r7
 5038 00cc B246     		mov	r10, r6
 5039 00ce A946     		mov	r9, r5
 5040 00d0 A046     		mov	r8, r4
 5041 00d2 F8BD     		pop	{r3, r4, r5, r6, r7, pc}
 5042              	.LVL361:
 5043              	.L347:
2936:Drivers/STM32G0xx_HAL_Driver/Src/stm32g0xx_hal_fdcan.c **** 
 5044              		.loc 1 2936 7 is_stmt 1 view .LVU1592
 5045 00d4 4022     		movs	r2, #64
 5046 00d6 1A65     		str	r2, [r3, #80]
2943:Drivers/STM32G0xx_HAL_Driver/Src/stm32g0xx_hal_fdcan.c **** #endif /* USE_HAL_FDCAN_REGISTER_CALLBACKS */
 5047              		.loc 1 2943 7 view .LVU1593
 5048 00d8 FFF7FEFF 		bl	HAL_FDCAN_HighPriorityMessageCallback
 5049              	.LVL362:
2943:Drivers/STM32G0xx_HAL_Driver/Src/stm32g0xx_hal_fdcan.c **** #endif /* USE_HAL_FDCAN_REGISTER_CALLBACKS */
 5050              		.loc 1 2943 7 is_stmt 0 view .LVU1594
 5051 00dc BEE7     		b	.L320
 5052              	.L348:
ARM GAS  C:\Users\sante\AppData\Local\Temp\cc59nu4g.s 			page 176


2954:Drivers/STM32G0xx_HAL_Driver/Src/stm32g0xx_hal_fdcan.c ****       AbortedBuffers &= hfdcan->Instance->TXBCIE;
 5053              		.loc 1 2954 7 is_stmt 1 view .LVU1595
2954:Drivers/STM32G0xx_HAL_Driver/Src/stm32g0xx_hal_fdcan.c ****       AbortedBuffers &= hfdcan->Instance->TXBCIE;
 5054              		.loc 1 2954 30 is_stmt 0 view .LVU1596
 5055 00de 2368     		ldr	r3, [r4]
2954:Drivers/STM32G0xx_HAL_Driver/Src/stm32g0xx_hal_fdcan.c ****       AbortedBuffers &= hfdcan->Instance->TXBCIE;
 5056              		.loc 1 2954 22 view .LVU1597
 5057 00e0 D822     		movs	r2, #216
 5058 00e2 9A58     		ldr	r2, [r3, r2]
 5059              	.LVL363:
2955:Drivers/STM32G0xx_HAL_Driver/Src/stm32g0xx_hal_fdcan.c **** 
 5060              		.loc 1 2955 7 is_stmt 1 view .LVU1598
2955:Drivers/STM32G0xx_HAL_Driver/Src/stm32g0xx_hal_fdcan.c **** 
 5061              		.loc 1 2955 41 is_stmt 0 view .LVU1599
 5062 00e4 E021     		movs	r1, #224
 5063 00e6 5958     		ldr	r1, [r3, r1]
2955:Drivers/STM32G0xx_HAL_Driver/Src/stm32g0xx_hal_fdcan.c **** 
 5064              		.loc 1 2955 22 view .LVU1600
 5065 00e8 1140     		ands	r1, r2
 5066              	.LVL364:
2958:Drivers/STM32G0xx_HAL_Driver/Src/stm32g0xx_hal_fdcan.c **** 
 5067              		.loc 1 2958 7 is_stmt 1 view .LVU1601
 5068 00ea 8022     		movs	r2, #128
 5069 00ec 5200     		lsls	r2, r2, #1
 5070 00ee 1A65     		str	r2, [r3, #80]
2965:Drivers/STM32G0xx_HAL_Driver/Src/stm32g0xx_hal_fdcan.c **** #endif /* USE_HAL_FDCAN_REGISTER_CALLBACKS */
 5071              		.loc 1 2965 7 view .LVU1602
 5072 00f0 2000     		movs	r0, r4
 5073 00f2 FFF7FEFF 		bl	HAL_FDCAN_TxBufferAbortCallback
 5074              	.LVL365:
2965:Drivers/STM32G0xx_HAL_Driver/Src/stm32g0xx_hal_fdcan.c **** #endif /* USE_HAL_FDCAN_REGISTER_CALLBACKS */
 5075              		.loc 1 2965 7 is_stmt 0 view .LVU1603
 5076 00f6 B5E7     		b	.L321
 5077              	.LVL366:
 5078              	.L349:
2974:Drivers/STM32G0xx_HAL_Driver/Src/stm32g0xx_hal_fdcan.c **** 
 5079              		.loc 1 2974 5 is_stmt 1 view .LVU1604
 5080 00f8 2368     		ldr	r3, [r4]
 5081              	.LVL367:
2974:Drivers/STM32G0xx_HAL_Driver/Src/stm32g0xx_hal_fdcan.c **** 
 5082              		.loc 1 2974 5 is_stmt 0 view .LVU1605
 5083 00fa 5A46     		mov	r2, fp
 5084 00fc 1A65     		str	r2, [r3, #80]
2981:Drivers/STM32G0xx_HAL_Driver/Src/stm32g0xx_hal_fdcan.c **** #endif /* USE_HAL_FDCAN_REGISTER_CALLBACKS */
 5085              		.loc 1 2981 5 is_stmt 1 view .LVU1606
 5086 00fe 5946     		mov	r1, fp
 5087 0100 2000     		movs	r0, r4
 5088 0102 FFF7FEFF 		bl	HAL_FDCAN_TxEventFifoCallback
 5089              	.LVL368:
 5090 0106 B0E7     		b	.L322
 5091              	.LVL369:
 5092              	.L350:
2989:Drivers/STM32G0xx_HAL_Driver/Src/stm32g0xx_hal_fdcan.c **** 
 5093              		.loc 1 2989 5 view .LVU1607
 5094 0108 2368     		ldr	r3, [r4]
 5095              	.LVL370:
2989:Drivers/STM32G0xx_HAL_Driver/Src/stm32g0xx_hal_fdcan.c **** 
ARM GAS  C:\Users\sante\AppData\Local\Temp\cc59nu4g.s 			page 177


 5096              		.loc 1 2989 5 is_stmt 0 view .LVU1608
 5097 010a 5246     		mov	r2, r10
 5098 010c 1A65     		str	r2, [r3, #80]
2996:Drivers/STM32G0xx_HAL_Driver/Src/stm32g0xx_hal_fdcan.c **** #endif /* USE_HAL_FDCAN_REGISTER_CALLBACKS */
 5099              		.loc 1 2996 5 is_stmt 1 view .LVU1609
 5100 010e 5146     		mov	r1, r10
 5101 0110 2000     		movs	r0, r4
 5102 0112 FFF7FEFF 		bl	HAL_FDCAN_RxFifo0Callback
 5103              	.LVL371:
 5104 0116 ABE7     		b	.L323
 5105              	.LVL372:
 5106              	.L351:
3004:Drivers/STM32G0xx_HAL_Driver/Src/stm32g0xx_hal_fdcan.c **** 
 5107              		.loc 1 3004 5 view .LVU1610
 5108 0118 2368     		ldr	r3, [r4]
 5109              	.LVL373:
3004:Drivers/STM32G0xx_HAL_Driver/Src/stm32g0xx_hal_fdcan.c **** 
 5110              		.loc 1 3004 5 is_stmt 0 view .LVU1611
 5111 011a 4A46     		mov	r2, r9
 5112 011c 1A65     		str	r2, [r3, #80]
3011:Drivers/STM32G0xx_HAL_Driver/Src/stm32g0xx_hal_fdcan.c **** #endif /* USE_HAL_FDCAN_REGISTER_CALLBACKS */
 5113              		.loc 1 3011 5 is_stmt 1 view .LVU1612
 5114 011e 4946     		mov	r1, r9
 5115 0120 2000     		movs	r0, r4
 5116 0122 FFF7FEFF 		bl	HAL_FDCAN_RxFifo1Callback
 5117              	.LVL374:
 5118 0126 A6E7     		b	.L324
 5119              	.L352:
3021:Drivers/STM32G0xx_HAL_Driver/Src/stm32g0xx_hal_fdcan.c **** 
 5120              		.loc 1 3021 7 view .LVU1613
 5121 0128 2368     		ldr	r3, [r4]
 5122 012a 8022     		movs	r2, #128
 5123 012c 9200     		lsls	r2, r2, #2
 5124 012e 1A65     		str	r2, [r3, #80]
3028:Drivers/STM32G0xx_HAL_Driver/Src/stm32g0xx_hal_fdcan.c **** #endif /* USE_HAL_FDCAN_REGISTER_CALLBACKS */
 5125              		.loc 1 3028 7 view .LVU1614
 5126 0130 2000     		movs	r0, r4
 5127 0132 FFF7FEFF 		bl	HAL_FDCAN_TxFifoEmptyCallback
 5128              	.LVL375:
 5129 0136 A2E7     		b	.L325
 5130              	.L353:
3039:Drivers/STM32G0xx_HAL_Driver/Src/stm32g0xx_hal_fdcan.c ****       TransmittedBuffers &= hfdcan->Instance->TXBTIE;
 5131              		.loc 1 3039 7 view .LVU1615
3039:Drivers/STM32G0xx_HAL_Driver/Src/stm32g0xx_hal_fdcan.c ****       TransmittedBuffers &= hfdcan->Instance->TXBTIE;
 5132              		.loc 1 3039 34 is_stmt 0 view .LVU1616
 5133 0138 2368     		ldr	r3, [r4]
3039:Drivers/STM32G0xx_HAL_Driver/Src/stm32g0xx_hal_fdcan.c ****       TransmittedBuffers &= hfdcan->Instance->TXBTIE;
 5134              		.loc 1 3039 26 view .LVU1617
 5135 013a D422     		movs	r2, #212
 5136 013c 9A58     		ldr	r2, [r3, r2]
 5137              	.LVL376:
3040:Drivers/STM32G0xx_HAL_Driver/Src/stm32g0xx_hal_fdcan.c **** 
 5138              		.loc 1 3040 7 is_stmt 1 view .LVU1618
3040:Drivers/STM32G0xx_HAL_Driver/Src/stm32g0xx_hal_fdcan.c **** 
 5139              		.loc 1 3040 45 is_stmt 0 view .LVU1619
 5140 013e DC21     		movs	r1, #220
 5141 0140 5958     		ldr	r1, [r3, r1]
ARM GAS  C:\Users\sante\AppData\Local\Temp\cc59nu4g.s 			page 178


3040:Drivers/STM32G0xx_HAL_Driver/Src/stm32g0xx_hal_fdcan.c **** 
 5142              		.loc 1 3040 26 view .LVU1620
 5143 0142 1140     		ands	r1, r2
 5144              	.LVL377:
3043:Drivers/STM32G0xx_HAL_Driver/Src/stm32g0xx_hal_fdcan.c **** 
 5145              		.loc 1 3043 7 is_stmt 1 view .LVU1621
 5146 0144 8022     		movs	r2, #128
 5147 0146 1A65     		str	r2, [r3, #80]
3050:Drivers/STM32G0xx_HAL_Driver/Src/stm32g0xx_hal_fdcan.c **** #endif /* USE_HAL_FDCAN_REGISTER_CALLBACKS */
 5148              		.loc 1 3050 7 view .LVU1622
 5149 0148 2000     		movs	r0, r4
 5150 014a FFF7FEFF 		bl	HAL_FDCAN_TxBufferCompleteCallback
 5151              	.LVL378:
3050:Drivers/STM32G0xx_HAL_Driver/Src/stm32g0xx_hal_fdcan.c **** #endif /* USE_HAL_FDCAN_REGISTER_CALLBACKS */
 5152              		.loc 1 3050 7 is_stmt 0 view .LVU1623
 5153 014e 9AE7     		b	.L326
 5154              	.LVL379:
 5155              	.L354:
3061:Drivers/STM32G0xx_HAL_Driver/Src/stm32g0xx_hal_fdcan.c **** 
 5156              		.loc 1 3061 7 is_stmt 1 view .LVU1624
 5157 0150 2368     		ldr	r3, [r4]
 5158 0152 8022     		movs	r2, #128
 5159 0154 9201     		lsls	r2, r2, #6
 5160 0156 1A65     		str	r2, [r3, #80]
3068:Drivers/STM32G0xx_HAL_Driver/Src/stm32g0xx_hal_fdcan.c **** #endif /* USE_HAL_FDCAN_REGISTER_CALLBACKS */
 5161              		.loc 1 3068 7 view .LVU1625
 5162 0158 2000     		movs	r0, r4
 5163 015a FFF7FEFF 		bl	HAL_FDCAN_TimestampWraparoundCallback
 5164              	.LVL380:
 5165 015e 96E7     		b	.L327
 5166              	.L355:
3079:Drivers/STM32G0xx_HAL_Driver/Src/stm32g0xx_hal_fdcan.c **** 
 5167              		.loc 1 3079 7 view .LVU1626
 5168 0160 2368     		ldr	r3, [r4]
 5169 0162 8022     		movs	r2, #128
 5170 0164 1202     		lsls	r2, r2, #8
 5171 0166 1A65     		str	r2, [r3, #80]
3086:Drivers/STM32G0xx_HAL_Driver/Src/stm32g0xx_hal_fdcan.c **** #endif /* USE_HAL_FDCAN_REGISTER_CALLBACKS */
 5172              		.loc 1 3086 7 view .LVU1627
 5173 0168 2000     		movs	r0, r4
 5174 016a FFF7FEFF 		bl	HAL_FDCAN_TimeoutOccurredCallback
 5175              	.LVL381:
 5176 016e 92E7     		b	.L328
 5177              	.LVL382:
 5178              	.L356:
3108:Drivers/STM32G0xx_HAL_Driver/Src/stm32g0xx_hal_fdcan.c **** 
 5179              		.loc 1 3108 5 view .LVU1628
 5180 0170 2368     		ldr	r3, [r4]
 5181              	.LVL383:
3108:Drivers/STM32G0xx_HAL_Driver/Src/stm32g0xx_hal_fdcan.c **** 
 5182              		.loc 1 3108 5 is_stmt 0 view .LVU1629
 5183 0172 4246     		mov	r2, r8
 5184 0174 1A65     		str	r2, [r3, #80]
3115:Drivers/STM32G0xx_HAL_Driver/Src/stm32g0xx_hal_fdcan.c **** #endif /* USE_HAL_FDCAN_REGISTER_CALLBACKS */
 5185              		.loc 1 3115 5 is_stmt 1 view .LVU1630
 5186 0176 4146     		mov	r1, r8
 5187 0178 2000     		movs	r0, r4
ARM GAS  C:\Users\sante\AppData\Local\Temp\cc59nu4g.s 			page 179


 5188 017a FFF7FEFF 		bl	HAL_FDCAN_ErrorStatusCallback
 5189              	.LVL384:
 5190 017e 99E7     		b	.L330
 5191              	.L357:
3136:Drivers/STM32G0xx_HAL_Driver/Src/stm32g0xx_hal_fdcan.c **** #endif /* USE_HAL_FDCAN_REGISTER_CALLBACKS */
 5192              		.loc 1 3136 5 view .LVU1631
 5193 0180 2000     		movs	r0, r4
 5194 0182 FFF7FEFF 		bl	HAL_FDCAN_ErrorCallback
 5195              	.LVL385:
3139:Drivers/STM32G0xx_HAL_Driver/Src/stm32g0xx_hal_fdcan.c **** 
 5196              		.loc 1 3139 1 is_stmt 0 view .LVU1632
 5197 0186 9FE7     		b	.L319
 5198              		.cfi_endproc
 5199              	.LFE539:
 5201              		.section	.text.HAL_FDCAN_GetState,"ax",%progbits
 5202              		.align	1
 5203              		.global	HAL_FDCAN_GetState
 5204              		.syntax unified
 5205              		.code	16
 5206              		.thumb_func
 5208              	HAL_FDCAN_GetState:
 5209              	.LVL386:
 5210              	.LFB551:
3390:Drivers/STM32G0xx_HAL_Driver/Src/stm32g0xx_hal_fdcan.c ****   /* Return FDCAN state */
 5211              		.loc 1 3390 1 is_stmt 1 view -0
 5212              		.cfi_startproc
 5213              		@ args = 0, pretend = 0, frame = 0
 5214              		@ frame_needed = 0, uses_anonymous_args = 0
 5215              		@ link register save eliminated.
3392:Drivers/STM32G0xx_HAL_Driver/Src/stm32g0xx_hal_fdcan.c **** }
 5216              		.loc 1 3392 3 view .LVU1634
3392:Drivers/STM32G0xx_HAL_Driver/Src/stm32g0xx_hal_fdcan.c **** }
 5217              		.loc 1 3392 16 is_stmt 0 view .LVU1635
 5218 0000 5C23     		movs	r3, #92
 5219 0002 C05C     		ldrb	r0, [r0, r3]
 5220              	.LVL387:
3392:Drivers/STM32G0xx_HAL_Driver/Src/stm32g0xx_hal_fdcan.c **** }
 5221              		.loc 1 3392 16 view .LVU1636
 5222 0004 C0B2     		uxtb	r0, r0
3393:Drivers/STM32G0xx_HAL_Driver/Src/stm32g0xx_hal_fdcan.c **** 
 5223              		.loc 1 3393 1 view .LVU1637
 5224              		@ sp needed
 5225 0006 7047     		bx	lr
 5226              		.cfi_endproc
 5227              	.LFE551:
 5229              		.section	.text.HAL_FDCAN_GetError,"ax",%progbits
 5230              		.align	1
 5231              		.global	HAL_FDCAN_GetError
 5232              		.syntax unified
 5233              		.code	16
 5234              		.thumb_func
 5236              	HAL_FDCAN_GetError:
 5237              	.LVL388:
 5238              	.LFB552:
3402:Drivers/STM32G0xx_HAL_Driver/Src/stm32g0xx_hal_fdcan.c ****   /* Return FDCAN error code */
 5239              		.loc 1 3402 1 is_stmt 1 view -0
 5240              		.cfi_startproc
ARM GAS  C:\Users\sante\AppData\Local\Temp\cc59nu4g.s 			page 180


 5241              		@ args = 0, pretend = 0, frame = 0
 5242              		@ frame_needed = 0, uses_anonymous_args = 0
 5243              		@ link register save eliminated.
3404:Drivers/STM32G0xx_HAL_Driver/Src/stm32g0xx_hal_fdcan.c **** }
 5244              		.loc 1 3404 3 view .LVU1639
3404:Drivers/STM32G0xx_HAL_Driver/Src/stm32g0xx_hal_fdcan.c **** }
 5245              		.loc 1 3404 16 is_stmt 0 view .LVU1640
 5246 0000 006E     		ldr	r0, [r0, #96]
 5247              	.LVL389:
3405:Drivers/STM32G0xx_HAL_Driver/Src/stm32g0xx_hal_fdcan.c **** 
 5248              		.loc 1 3405 1 view .LVU1641
 5249              		@ sp needed
 5250 0002 7047     		bx	lr
 5251              		.cfi_endproc
 5252              	.LFE552:
 5254              		.section	.rodata.DLCtoBytes,"a"
 5255              		.align	2
 5258              	DLCtoBytes:
 5259 0000 00010203 		.ascii	"\000\001\002\003\004\005\006\007\010\014\020\024\030"
 5259      04050607 
 5259      080C1014 
 5259      18
 5260 000d 203040   		.ascii	" 0@"
 5261              		.text
 5262              	.Letext0:
 5263              		.file 2 "C:/Users/sante/AppData/Roaming/Code/User/globalStorage/bmd.stm32-for-vscode/@xpack-dev-to
 5264              		.file 3 "C:/Users/sante/AppData/Roaming/Code/User/globalStorage/bmd.stm32-for-vscode/@xpack-dev-to
 5265              		.file 4 "Drivers/CMSIS/Device/ST/STM32G0xx/Include/stm32g0b1xx.h"
 5266              		.file 5 "Drivers/CMSIS/Device/ST/STM32G0xx/Include/stm32g0xx.h"
 5267              		.file 6 "Drivers/STM32G0xx_HAL_Driver/Inc/stm32g0xx_hal_def.h"
 5268              		.file 7 "Drivers/STM32G0xx_HAL_Driver/Inc/stm32g0xx_hal_fdcan.h"
 5269              		.file 8 "Drivers/STM32G0xx_HAL_Driver/Inc/stm32g0xx_ll_dma.h"
 5270              		.file 9 "Drivers/STM32G0xx_HAL_Driver/Inc/stm32g0xx_hal.h"
ARM GAS  C:\Users\sante\AppData\Local\Temp\cc59nu4g.s 			page 181


DEFINED SYMBOLS
                            *ABS*:00000000 stm32g0xx_hal_fdcan.c
C:\Users\sante\AppData\Local\Temp\cc59nu4g.s:19     .text.FDCAN_CalcultateRamBlockAddresses:00000000 $t
C:\Users\sante\AppData\Local\Temp\cc59nu4g.s:24     .text.FDCAN_CalcultateRamBlockAddresses:00000000 FDCAN_CalcultateRamBlockAddresses
C:\Users\sante\AppData\Local\Temp\cc59nu4g.s:137    .text.FDCAN_CalcultateRamBlockAddresses:00000068 $d
C:\Users\sante\AppData\Local\Temp\cc59nu4g.s:146    .text.FDCAN_CopyMessageToRAM:00000000 $t
C:\Users\sante\AppData\Local\Temp\cc59nu4g.s:151    .text.FDCAN_CopyMessageToRAM:00000000 FDCAN_CopyMessageToRAM
C:\Users\sante\AppData\Local\Temp\cc59nu4g.s:313    .text.FDCAN_CopyMessageToRAM:00000078 $d
C:\Users\sante\AppData\Local\Temp\cc59nu4g.s:5258   .rodata.DLCtoBytes:00000000 DLCtoBytes
C:\Users\sante\AppData\Local\Temp\cc59nu4g.s:318    .text.HAL_FDCAN_MspInit:00000000 $t
C:\Users\sante\AppData\Local\Temp\cc59nu4g.s:324    .text.HAL_FDCAN_MspInit:00000000 HAL_FDCAN_MspInit
C:\Users\sante\AppData\Local\Temp\cc59nu4g.s:340    .text.HAL_FDCAN_Init:00000000 $t
C:\Users\sante\AppData\Local\Temp\cc59nu4g.s:346    .text.HAL_FDCAN_Init:00000000 HAL_FDCAN_Init
C:\Users\sante\AppData\Local\Temp\cc59nu4g.s:786    .text.HAL_FDCAN_Init:000001d0 $d
C:\Users\sante\AppData\Local\Temp\cc59nu4g.s:795    .text.HAL_FDCAN_MspDeInit:00000000 $t
C:\Users\sante\AppData\Local\Temp\cc59nu4g.s:801    .text.HAL_FDCAN_MspDeInit:00000000 HAL_FDCAN_MspDeInit
C:\Users\sante\AppData\Local\Temp\cc59nu4g.s:817    .text.HAL_FDCAN_EnterPowerDownMode:00000000 $t
C:\Users\sante\AppData\Local\Temp\cc59nu4g.s:823    .text.HAL_FDCAN_EnterPowerDownMode:00000000 HAL_FDCAN_EnterPowerDownMode
C:\Users\sante\AppData\Local\Temp\cc59nu4g.s:901    .text.HAL_FDCAN_ExitPowerDownMode:00000000 $t
C:\Users\sante\AppData\Local\Temp\cc59nu4g.s:907    .text.HAL_FDCAN_ExitPowerDownMode:00000000 HAL_FDCAN_ExitPowerDownMode
C:\Users\sante\AppData\Local\Temp\cc59nu4g.s:991    .text.HAL_FDCAN_ConfigFilter:00000000 $t
C:\Users\sante\AppData\Local\Temp\cc59nu4g.s:997    .text.HAL_FDCAN_ConfigFilter:00000000 HAL_FDCAN_ConfigFilter
C:\Users\sante\AppData\Local\Temp\cc59nu4g.s:1147   .text.HAL_FDCAN_ConfigGlobalFilter:00000000 $t
C:\Users\sante\AppData\Local\Temp\cc59nu4g.s:1153   .text.HAL_FDCAN_ConfigGlobalFilter:00000000 HAL_FDCAN_ConfigGlobalFilter
C:\Users\sante\AppData\Local\Temp\cc59nu4g.s:1229   .text.HAL_FDCAN_ConfigExtendedIdMask:00000000 $t
C:\Users\sante\AppData\Local\Temp\cc59nu4g.s:1235   .text.HAL_FDCAN_ConfigExtendedIdMask:00000000 HAL_FDCAN_ConfigExtendedIdMask
C:\Users\sante\AppData\Local\Temp\cc59nu4g.s:1284   .text.HAL_FDCAN_ConfigRxFifoOverwrite:00000000 $t
C:\Users\sante\AppData\Local\Temp\cc59nu4g.s:1290   .text.HAL_FDCAN_ConfigRxFifoOverwrite:00000000 HAL_FDCAN_ConfigRxFifoOverwrite
C:\Users\sante\AppData\Local\Temp\cc59nu4g.s:1375   .text.HAL_FDCAN_ConfigRxFifoOverwrite:00000040 $d
C:\Users\sante\AppData\Local\Temp\cc59nu4g.s:1381   .text.HAL_FDCAN_ConfigRamWatchdog:00000000 $t
C:\Users\sante\AppData\Local\Temp\cc59nu4g.s:1387   .text.HAL_FDCAN_ConfigRamWatchdog:00000000 HAL_FDCAN_ConfigRamWatchdog
C:\Users\sante\AppData\Local\Temp\cc59nu4g.s:1437   .text.HAL_FDCAN_ConfigTimestampCounter:00000000 $t
C:\Users\sante\AppData\Local\Temp\cc59nu4g.s:1443   .text.HAL_FDCAN_ConfigTimestampCounter:00000000 HAL_FDCAN_ConfigTimestampCounter
C:\Users\sante\AppData\Local\Temp\cc59nu4g.s:1492   .text.HAL_FDCAN_ConfigTimestampCounter:00000024 $d
C:\Users\sante\AppData\Local\Temp\cc59nu4g.s:1497   .text.HAL_FDCAN_EnableTimestampCounter:00000000 $t
C:\Users\sante\AppData\Local\Temp\cc59nu4g.s:1503   .text.HAL_FDCAN_EnableTimestampCounter:00000000 HAL_FDCAN_EnableTimestampCounter
C:\Users\sante\AppData\Local\Temp\cc59nu4g.s:1553   .text.HAL_FDCAN_DisableTimestampCounter:00000000 $t
C:\Users\sante\AppData\Local\Temp\cc59nu4g.s:1559   .text.HAL_FDCAN_DisableTimestampCounter:00000000 HAL_FDCAN_DisableTimestampCounter
C:\Users\sante\AppData\Local\Temp\cc59nu4g.s:1607   .text.HAL_FDCAN_GetTimestampCounter:00000000 $t
C:\Users\sante\AppData\Local\Temp\cc59nu4g.s:1613   .text.HAL_FDCAN_GetTimestampCounter:00000000 HAL_FDCAN_GetTimestampCounter
C:\Users\sante\AppData\Local\Temp\cc59nu4g.s:1636   .text.HAL_FDCAN_ResetTimestampCounter:00000000 $t
C:\Users\sante\AppData\Local\Temp\cc59nu4g.s:1642   .text.HAL_FDCAN_ResetTimestampCounter:00000000 HAL_FDCAN_ResetTimestampCounter
C:\Users\sante\AppData\Local\Temp\cc59nu4g.s:1691   .text.HAL_FDCAN_ConfigTimeoutCounter:00000000 $t
C:\Users\sante\AppData\Local\Temp\cc59nu4g.s:1697   .text.HAL_FDCAN_ConfigTimeoutCounter:00000000 HAL_FDCAN_ConfigTimeoutCounter
C:\Users\sante\AppData\Local\Temp\cc59nu4g.s:1758   .text.HAL_FDCAN_ConfigTimeoutCounter:0000002c $d
C:\Users\sante\AppData\Local\Temp\cc59nu4g.s:1763   .text.HAL_FDCAN_EnableTimeoutCounter:00000000 $t
C:\Users\sante\AppData\Local\Temp\cc59nu4g.s:1769   .text.HAL_FDCAN_EnableTimeoutCounter:00000000 HAL_FDCAN_EnableTimeoutCounter
C:\Users\sante\AppData\Local\Temp\cc59nu4g.s:1817   .text.HAL_FDCAN_DisableTimeoutCounter:00000000 $t
C:\Users\sante\AppData\Local\Temp\cc59nu4g.s:1823   .text.HAL_FDCAN_DisableTimeoutCounter:00000000 HAL_FDCAN_DisableTimeoutCounter
C:\Users\sante\AppData\Local\Temp\cc59nu4g.s:1871   .text.HAL_FDCAN_GetTimeoutCounter:00000000 $t
C:\Users\sante\AppData\Local\Temp\cc59nu4g.s:1877   .text.HAL_FDCAN_GetTimeoutCounter:00000000 HAL_FDCAN_GetTimeoutCounter
C:\Users\sante\AppData\Local\Temp\cc59nu4g.s:1900   .text.HAL_FDCAN_ResetTimeoutCounter:00000000 $t
C:\Users\sante\AppData\Local\Temp\cc59nu4g.s:1906   .text.HAL_FDCAN_ResetTimeoutCounter:00000000 HAL_FDCAN_ResetTimeoutCounter
C:\Users\sante\AppData\Local\Temp\cc59nu4g.s:1954   .text.HAL_FDCAN_ConfigTxDelayCompensation:00000000 $t
C:\Users\sante\AppData\Local\Temp\cc59nu4g.s:1960   .text.HAL_FDCAN_ConfigTxDelayCompensation:00000000 HAL_FDCAN_ConfigTxDelayCompensation
C:\Users\sante\AppData\Local\Temp\cc59nu4g.s:2016   .text.HAL_FDCAN_EnableTxDelayCompensation:00000000 $t
C:\Users\sante\AppData\Local\Temp\cc59nu4g.s:2022   .text.HAL_FDCAN_EnableTxDelayCompensation:00000000 HAL_FDCAN_EnableTxDelayCompensation
ARM GAS  C:\Users\sante\AppData\Local\Temp\cc59nu4g.s 			page 182


C:\Users\sante\AppData\Local\Temp\cc59nu4g.s:2071   .text.HAL_FDCAN_DisableTxDelayCompensation:00000000 $t
C:\Users\sante\AppData\Local\Temp\cc59nu4g.s:2077   .text.HAL_FDCAN_DisableTxDelayCompensation:00000000 HAL_FDCAN_DisableTxDelayCompensation
C:\Users\sante\AppData\Local\Temp\cc59nu4g.s:2124   .text.HAL_FDCAN_DisableTxDelayCompensation:00000024 $d
C:\Users\sante\AppData\Local\Temp\cc59nu4g.s:2129   .text.HAL_FDCAN_EnableISOMode:00000000 $t
C:\Users\sante\AppData\Local\Temp\cc59nu4g.s:2135   .text.HAL_FDCAN_EnableISOMode:00000000 HAL_FDCAN_EnableISOMode
C:\Users\sante\AppData\Local\Temp\cc59nu4g.s:2182   .text.HAL_FDCAN_EnableISOMode:00000024 $d
C:\Users\sante\AppData\Local\Temp\cc59nu4g.s:2187   .text.HAL_FDCAN_DisableISOMode:00000000 $t
C:\Users\sante\AppData\Local\Temp\cc59nu4g.s:2193   .text.HAL_FDCAN_DisableISOMode:00000000 HAL_FDCAN_DisableISOMode
C:\Users\sante\AppData\Local\Temp\cc59nu4g.s:2242   .text.HAL_FDCAN_EnableEdgeFiltering:00000000 $t
C:\Users\sante\AppData\Local\Temp\cc59nu4g.s:2248   .text.HAL_FDCAN_EnableEdgeFiltering:00000000 HAL_FDCAN_EnableEdgeFiltering
C:\Users\sante\AppData\Local\Temp\cc59nu4g.s:2297   .text.HAL_FDCAN_DisableEdgeFiltering:00000000 $t
C:\Users\sante\AppData\Local\Temp\cc59nu4g.s:2303   .text.HAL_FDCAN_DisableEdgeFiltering:00000000 HAL_FDCAN_DisableEdgeFiltering
C:\Users\sante\AppData\Local\Temp\cc59nu4g.s:2350   .text.HAL_FDCAN_DisableEdgeFiltering:00000024 $d
C:\Users\sante\AppData\Local\Temp\cc59nu4g.s:2355   .text.HAL_FDCAN_Start:00000000 $t
C:\Users\sante\AppData\Local\Temp\cc59nu4g.s:2361   .text.HAL_FDCAN_Start:00000000 HAL_FDCAN_Start
C:\Users\sante\AppData\Local\Temp\cc59nu4g.s:2418   .text.HAL_FDCAN_Stop:00000000 $t
C:\Users\sante\AppData\Local\Temp\cc59nu4g.s:2424   .text.HAL_FDCAN_Stop:00000000 HAL_FDCAN_Stop
C:\Users\sante\AppData\Local\Temp\cc59nu4g.s:2589   .text.HAL_FDCAN_DeInit:00000000 $t
C:\Users\sante\AppData\Local\Temp\cc59nu4g.s:2595   .text.HAL_FDCAN_DeInit:00000000 HAL_FDCAN_DeInit
C:\Users\sante\AppData\Local\Temp\cc59nu4g.s:2654   .text.HAL_FDCAN_AddMessageToTxFifoQ:00000000 $t
C:\Users\sante\AppData\Local\Temp\cc59nu4g.s:2660   .text.HAL_FDCAN_AddMessageToTxFifoQ:00000000 HAL_FDCAN_AddMessageToTxFifoQ
C:\Users\sante\AppData\Local\Temp\cc59nu4g.s:2775   .text.HAL_FDCAN_GetLatestTxFifoQRequestBuffer:00000000 $t
C:\Users\sante\AppData\Local\Temp\cc59nu4g.s:2781   .text.HAL_FDCAN_GetLatestTxFifoQRequestBuffer:00000000 HAL_FDCAN_GetLatestTxFifoQRequestBuffer
C:\Users\sante\AppData\Local\Temp\cc59nu4g.s:2800   .text.HAL_FDCAN_AbortTxRequest:00000000 $t
C:\Users\sante\AppData\Local\Temp\cc59nu4g.s:2806   .text.HAL_FDCAN_AbortTxRequest:00000000 HAL_FDCAN_AbortTxRequest
C:\Users\sante\AppData\Local\Temp\cc59nu4g.s:2855   .text.HAL_FDCAN_GetRxMessage:00000000 $t
C:\Users\sante\AppData\Local\Temp\cc59nu4g.s:2861   .text.HAL_FDCAN_GetRxMessage:00000000 HAL_FDCAN_GetRxMessage
C:\Users\sante\AppData\Local\Temp\cc59nu4g.s:3251   .text.HAL_FDCAN_GetRxMessage:00000158 $d
C:\Users\sante\AppData\Local\Temp\cc59nu4g.s:3256   .text.HAL_FDCAN_GetTxEvent:00000000 $t
C:\Users\sante\AppData\Local\Temp\cc59nu4g.s:3262   .text.HAL_FDCAN_GetTxEvent:00000000 HAL_FDCAN_GetTxEvent
C:\Users\sante\AppData\Local\Temp\cc59nu4g.s:3466   .text.HAL_FDCAN_GetHighPriorityMessageStatus:00000000 $t
C:\Users\sante\AppData\Local\Temp\cc59nu4g.s:3472   .text.HAL_FDCAN_GetHighPriorityMessageStatus:00000000 HAL_FDCAN_GetHighPriorityMessageStatus
C:\Users\sante\AppData\Local\Temp\cc59nu4g.s:3538   .text.HAL_FDCAN_GetProtocolStatus:00000000 $t
C:\Users\sante\AppData\Local\Temp\cc59nu4g.s:3544   .text.HAL_FDCAN_GetProtocolStatus:00000000 HAL_FDCAN_GetProtocolStatus
C:\Users\sante\AppData\Local\Temp\cc59nu4g.s:3641   .text.HAL_FDCAN_GetErrorCounters:00000000 $t
C:\Users\sante\AppData\Local\Temp\cc59nu4g.s:3647   .text.HAL_FDCAN_GetErrorCounters:00000000 HAL_FDCAN_GetErrorCounters
C:\Users\sante\AppData\Local\Temp\cc59nu4g.s:3706   .text.HAL_FDCAN_IsTxBufferMessagePending:00000000 $t
C:\Users\sante\AppData\Local\Temp\cc59nu4g.s:3712   .text.HAL_FDCAN_IsTxBufferMessagePending:00000000 HAL_FDCAN_IsTxBufferMessagePending
C:\Users\sante\AppData\Local\Temp\cc59nu4g.s:3745   .text.HAL_FDCAN_GetRxFifoFillLevel:00000000 $t
C:\Users\sante\AppData\Local\Temp\cc59nu4g.s:3751   .text.HAL_FDCAN_GetRxFifoFillLevel:00000000 HAL_FDCAN_GetRxFifoFillLevel
C:\Users\sante\AppData\Local\Temp\cc59nu4g.s:3802   .text.HAL_FDCAN_GetTxFifoFreeLevel:00000000 $t
C:\Users\sante\AppData\Local\Temp\cc59nu4g.s:3808   .text.HAL_FDCAN_GetTxFifoFreeLevel:00000000 HAL_FDCAN_GetTxFifoFreeLevel
C:\Users\sante\AppData\Local\Temp\cc59nu4g.s:3837   .text.HAL_FDCAN_IsRestrictedOperationMode:00000000 $t
C:\Users\sante\AppData\Local\Temp\cc59nu4g.s:3843   .text.HAL_FDCAN_IsRestrictedOperationMode:00000000 HAL_FDCAN_IsRestrictedOperationMode
C:\Users\sante\AppData\Local\Temp\cc59nu4g.s:3873   .text.HAL_FDCAN_ExitRestrictedOperationMode:00000000 $t
C:\Users\sante\AppData\Local\Temp\cc59nu4g.s:3879   .text.HAL_FDCAN_ExitRestrictedOperationMode:00000000 HAL_FDCAN_ExitRestrictedOperationMode
C:\Users\sante\AppData\Local\Temp\cc59nu4g.s:3935   .text.HAL_FDCAN_ConfigInterruptLines:00000000 $t
C:\Users\sante\AppData\Local\Temp\cc59nu4g.s:3941   .text.HAL_FDCAN_ConfigInterruptLines:00000000 HAL_FDCAN_ConfigInterruptLines
C:\Users\sante\AppData\Local\Temp\cc59nu4g.s:4017   .text.HAL_FDCAN_ActivateNotification:00000000 $t
C:\Users\sante\AppData\Local\Temp\cc59nu4g.s:4023   .text.HAL_FDCAN_ActivateNotification:00000000 HAL_FDCAN_ActivateNotification
C:\Users\sante\AppData\Local\Temp\cc59nu4g.s:4273   .text.HAL_FDCAN_DeactivateNotification:00000000 $t
C:\Users\sante\AppData\Local\Temp\cc59nu4g.s:4279   .text.HAL_FDCAN_DeactivateNotification:00000000 HAL_FDCAN_DeactivateNotification
C:\Users\sante\AppData\Local\Temp\cc59nu4g.s:4528   .text.HAL_FDCAN_TxEventFifoCallback:00000000 $t
C:\Users\sante\AppData\Local\Temp\cc59nu4g.s:4534   .text.HAL_FDCAN_TxEventFifoCallback:00000000 HAL_FDCAN_TxEventFifoCallback
C:\Users\sante\AppData\Local\Temp\cc59nu4g.s:4551   .text.HAL_FDCAN_RxFifo0Callback:00000000 $t
C:\Users\sante\AppData\Local\Temp\cc59nu4g.s:4557   .text.HAL_FDCAN_RxFifo0Callback:00000000 HAL_FDCAN_RxFifo0Callback
C:\Users\sante\AppData\Local\Temp\cc59nu4g.s:4574   .text.HAL_FDCAN_RxFifo1Callback:00000000 $t
ARM GAS  C:\Users\sante\AppData\Local\Temp\cc59nu4g.s 			page 183


C:\Users\sante\AppData\Local\Temp\cc59nu4g.s:4580   .text.HAL_FDCAN_RxFifo1Callback:00000000 HAL_FDCAN_RxFifo1Callback
C:\Users\sante\AppData\Local\Temp\cc59nu4g.s:4597   .text.HAL_FDCAN_TxFifoEmptyCallback:00000000 $t
C:\Users\sante\AppData\Local\Temp\cc59nu4g.s:4603   .text.HAL_FDCAN_TxFifoEmptyCallback:00000000 HAL_FDCAN_TxFifoEmptyCallback
C:\Users\sante\AppData\Local\Temp\cc59nu4g.s:4619   .text.HAL_FDCAN_TxBufferCompleteCallback:00000000 $t
C:\Users\sante\AppData\Local\Temp\cc59nu4g.s:4625   .text.HAL_FDCAN_TxBufferCompleteCallback:00000000 HAL_FDCAN_TxBufferCompleteCallback
C:\Users\sante\AppData\Local\Temp\cc59nu4g.s:4642   .text.HAL_FDCAN_TxBufferAbortCallback:00000000 $t
C:\Users\sante\AppData\Local\Temp\cc59nu4g.s:4648   .text.HAL_FDCAN_TxBufferAbortCallback:00000000 HAL_FDCAN_TxBufferAbortCallback
C:\Users\sante\AppData\Local\Temp\cc59nu4g.s:4665   .text.HAL_FDCAN_TimestampWraparoundCallback:00000000 $t
C:\Users\sante\AppData\Local\Temp\cc59nu4g.s:4671   .text.HAL_FDCAN_TimestampWraparoundCallback:00000000 HAL_FDCAN_TimestampWraparoundCallback
C:\Users\sante\AppData\Local\Temp\cc59nu4g.s:4687   .text.HAL_FDCAN_TimeoutOccurredCallback:00000000 $t
C:\Users\sante\AppData\Local\Temp\cc59nu4g.s:4693   .text.HAL_FDCAN_TimeoutOccurredCallback:00000000 HAL_FDCAN_TimeoutOccurredCallback
C:\Users\sante\AppData\Local\Temp\cc59nu4g.s:4709   .text.HAL_FDCAN_HighPriorityMessageCallback:00000000 $t
C:\Users\sante\AppData\Local\Temp\cc59nu4g.s:4715   .text.HAL_FDCAN_HighPriorityMessageCallback:00000000 HAL_FDCAN_HighPriorityMessageCallback
C:\Users\sante\AppData\Local\Temp\cc59nu4g.s:4731   .text.HAL_FDCAN_ErrorCallback:00000000 $t
C:\Users\sante\AppData\Local\Temp\cc59nu4g.s:4737   .text.HAL_FDCAN_ErrorCallback:00000000 HAL_FDCAN_ErrorCallback
C:\Users\sante\AppData\Local\Temp\cc59nu4g.s:4753   .text.HAL_FDCAN_ErrorStatusCallback:00000000 $t
C:\Users\sante\AppData\Local\Temp\cc59nu4g.s:4759   .text.HAL_FDCAN_ErrorStatusCallback:00000000 HAL_FDCAN_ErrorStatusCallback
C:\Users\sante\AppData\Local\Temp\cc59nu4g.s:4776   .text.HAL_FDCAN_IRQHandler:00000000 $t
C:\Users\sante\AppData\Local\Temp\cc59nu4g.s:4782   .text.HAL_FDCAN_IRQHandler:00000000 HAL_FDCAN_IRQHandler
C:\Users\sante\AppData\Local\Temp\cc59nu4g.s:5202   .text.HAL_FDCAN_GetState:00000000 $t
C:\Users\sante\AppData\Local\Temp\cc59nu4g.s:5208   .text.HAL_FDCAN_GetState:00000000 HAL_FDCAN_GetState
C:\Users\sante\AppData\Local\Temp\cc59nu4g.s:5230   .text.HAL_FDCAN_GetError:00000000 $t
C:\Users\sante\AppData\Local\Temp\cc59nu4g.s:5236   .text.HAL_FDCAN_GetError:00000000 HAL_FDCAN_GetError
C:\Users\sante\AppData\Local\Temp\cc59nu4g.s:5255   .rodata.DLCtoBytes:00000000 $d

UNDEFINED SYMBOLS
HAL_GetTick
