ARM GAS  C:\Users\sante\AppData\Local\Temp\ccGpHc2L.s 			page 1


   1              		.cpu cortex-m0plus
   2              		.arch armv6s-m
   3              		.fpu softvfp
   4              		.eabi_attribute 20, 1
   5              		.eabi_attribute 21, 1
   6              		.eabi_attribute 23, 3
   7              		.eabi_attribute 24, 1
   8              		.eabi_attribute 25, 1
   9              		.eabi_attribute 26, 1
  10              		.eabi_attribute 30, 1
  11              		.eabi_attribute 34, 0
  12              		.eabi_attribute 18, 4
  13              		.file	"user_diskio_spi.c"
  14              		.text
  15              	.Ltext0:
  16              		.cfi_sections	.debug_frame
  17              		.file 1 "Core/Src/user_diskio_spi.c"
  18              		.section	.text.xchg_spi,"ax",%progbits
  19              		.align	1
  20              		.syntax unified
  21              		.code	16
  22              		.thumb_func
  24              	xchg_spi:
  25              	.LVL0:
  26              	.LFB495:
   1:Core/Src/user_diskio_spi.c **** /**
   2:Core/Src/user_diskio_spi.c ****  ******************************************************************************
   3:Core/Src/user_diskio_spi.c ****   * @file    user_diskio_spi.c
   4:Core/Src/user_diskio_spi.c ****   * @brief   This file contains the implementation of the user_diskio_spi FatFs
   5:Core/Src/user_diskio_spi.c ****   *          driver.
   6:Core/Src/user_diskio_spi.c ****   ******************************************************************************
   7:Core/Src/user_diskio_spi.c ****   * Portions copyright (C) 2014, ChaN, all rights reserved.
   8:Core/Src/user_diskio_spi.c ****   * Portions copyright (C) 2017, kiwih, all rights reserved.
   9:Core/Src/user_diskio_spi.c ****   *
  10:Core/Src/user_diskio_spi.c ****   * This software is a free software and there is NO WARRANTY.
  11:Core/Src/user_diskio_spi.c ****   * No restriction on use. You can use, modify and redistribute it for
  12:Core/Src/user_diskio_spi.c ****   * personal, non-profit or commercial products UNDER YOUR RESPONSIBILITY.
  13:Core/Src/user_diskio_spi.c ****   * Redistributions of source code must retain the above copyright notice.
  14:Core/Src/user_diskio_spi.c ****   *
  15:Core/Src/user_diskio_spi.c ****   ******************************************************************************
  16:Core/Src/user_diskio_spi.c ****   */
  17:Core/Src/user_diskio_spi.c **** 
  18:Core/Src/user_diskio_spi.c **** //This code was ported by kiwih from a copywrited (C) library written by ChaN
  19:Core/Src/user_diskio_spi.c **** //available at http://elm-chan.org/fsw/ff/ffsample.zip
  20:Core/Src/user_diskio_spi.c **** //(text at http://elm-chan.org/fsw/ff/00index_e.html)
  21:Core/Src/user_diskio_spi.c **** 
  22:Core/Src/user_diskio_spi.c **** //This file provides the FatFs driver functions and SPI code required to manage
  23:Core/Src/user_diskio_spi.c **** //an SPI-connected MMC or compatible SD card with FAT
  24:Core/Src/user_diskio_spi.c **** 
  25:Core/Src/user_diskio_spi.c **** //It is designed to be wrapped by a cubemx generated user_diskio.c file.
  26:Core/Src/user_diskio_spi.c **** 
  27:Core/Src/user_diskio_spi.c **** #include "stm32g0xx_hal.h" /* Provide the low-level HAL functions */
  28:Core/Src/user_diskio_spi.c **** #include "user_diskio_spi.h"
  29:Core/Src/user_diskio_spi.c **** 
  30:Core/Src/user_diskio_spi.c **** //Make sure you set #define SD_SPI_HANDLE as some hspix in main.h
  31:Core/Src/user_diskio_spi.c **** //Make sure you set #define SD_CS_GPIO_Port as some GPIO port in main.h
  32:Core/Src/user_diskio_spi.c **** //Make sure you set #define SD_CS_Pin as some GPIO pin in main.h
ARM GAS  C:\Users\sante\AppData\Local\Temp\ccGpHc2L.s 			page 2


  33:Core/Src/user_diskio_spi.c **** extern SPI_HandleTypeDef SD_SPI_HANDLE;
  34:Core/Src/user_diskio_spi.c **** 
  35:Core/Src/user_diskio_spi.c **** /* Function prototypes */
  36:Core/Src/user_diskio_spi.c **** 
  37:Core/Src/user_diskio_spi.c **** //(Note that the _256 is used as a mask to clear the prescalar bits as it provides binary 111 in th
  38:Core/Src/user_diskio_spi.c **** #define FCLK_SLOW() { MODIFY_REG(SD_SPI_HANDLE.Instance->CR1, SPI_BAUDRATEPRESCALER_256, SPI_BAUDRA
  39:Core/Src/user_diskio_spi.c **** #define FCLK_FAST() { MODIFY_REG(SD_SPI_HANDLE.Instance->CR1, SPI_BAUDRATEPRESCALER_256, SPI_BAUDRA
  40:Core/Src/user_diskio_spi.c **** 
  41:Core/Src/user_diskio_spi.c **** #define CS_HIGH()	{HAL_GPIO_WritePin(SD_CS_GPIO_Port, SD_CS_Pin, GPIO_PIN_SET);}
  42:Core/Src/user_diskio_spi.c **** #define CS_LOW()	{HAL_GPIO_WritePin(SD_CS_GPIO_Port, SD_CS_Pin, GPIO_PIN_RESET);}
  43:Core/Src/user_diskio_spi.c **** 
  44:Core/Src/user_diskio_spi.c **** /*--------------------------------------------------------------------------
  45:Core/Src/user_diskio_spi.c **** 
  46:Core/Src/user_diskio_spi.c ****    Module Private Functions
  47:Core/Src/user_diskio_spi.c **** 
  48:Core/Src/user_diskio_spi.c **** ---------------------------------------------------------------------------*/
  49:Core/Src/user_diskio_spi.c **** 
  50:Core/Src/user_diskio_spi.c **** /* MMC/SD command */
  51:Core/Src/user_diskio_spi.c **** #define CMD0	(0)			/* GO_IDLE_STATE */
  52:Core/Src/user_diskio_spi.c **** #define CMD1	(1)			/* SEND_OP_COND (MMC) */
  53:Core/Src/user_diskio_spi.c **** #define	ACMD41	(0x80+41)	/* SEND_OP_COND (SDC) */
  54:Core/Src/user_diskio_spi.c **** #define CMD8	(8)			/* SEND_IF_COND */
  55:Core/Src/user_diskio_spi.c **** #define CMD9	(9)			/* SEND_CSD */
  56:Core/Src/user_diskio_spi.c **** #define CMD10	(10)		/* SEND_CID */
  57:Core/Src/user_diskio_spi.c **** #define CMD12	(12)		/* STOP_TRANSMISSION */
  58:Core/Src/user_diskio_spi.c **** #define ACMD13	(0x80+13)	/* SD_STATUS (SDC) */
  59:Core/Src/user_diskio_spi.c **** #define CMD16	(16)		/* SET_BLOCKLEN */
  60:Core/Src/user_diskio_spi.c **** #define CMD17	(17)		/* READ_SINGLE_BLOCK */
  61:Core/Src/user_diskio_spi.c **** #define CMD18	(18)		/* READ_MULTIPLE_BLOCK */
  62:Core/Src/user_diskio_spi.c **** #define CMD23	(23)		/* SET_BLOCK_COUNT (MMC) */
  63:Core/Src/user_diskio_spi.c **** #define	ACMD23	(0x80+23)	/* SET_WR_BLK_ERASE_COUNT (SDC) */
  64:Core/Src/user_diskio_spi.c **** #define CMD24	(24)		/* WRITE_BLOCK */
  65:Core/Src/user_diskio_spi.c **** #define CMD25	(25)		/* WRITE_MULTIPLE_BLOCK */
  66:Core/Src/user_diskio_spi.c **** #define CMD32	(32)		/* ERASE_ER_BLK_START */
  67:Core/Src/user_diskio_spi.c **** #define CMD33	(33)		/* ERASE_ER_BLK_END */
  68:Core/Src/user_diskio_spi.c **** #define CMD38	(38)		/* ERASE */
  69:Core/Src/user_diskio_spi.c **** #define CMD55	(55)		/* APP_CMD */
  70:Core/Src/user_diskio_spi.c **** #define CMD58	(58)		/* READ_OCR */
  71:Core/Src/user_diskio_spi.c **** 
  72:Core/Src/user_diskio_spi.c **** /* MMC card type flags (MMC_GET_TYPE) */
  73:Core/Src/user_diskio_spi.c **** #define CT_MMC		0x01		/* MMC ver 3 */
  74:Core/Src/user_diskio_spi.c **** #define CT_SD1		0x02		/* SD ver 1 */
  75:Core/Src/user_diskio_spi.c **** #define CT_SD2		0x04		/* SD ver 2 */
  76:Core/Src/user_diskio_spi.c **** #define CT_SDC		(CT_SD1|CT_SD2)	/* SD */
  77:Core/Src/user_diskio_spi.c **** #define CT_BLOCK	0x08		/* Block addressing */
  78:Core/Src/user_diskio_spi.c **** 
  79:Core/Src/user_diskio_spi.c **** static volatile
  80:Core/Src/user_diskio_spi.c **** DSTATUS Stat = STA_NOINIT;	/* Physical drive status */
  81:Core/Src/user_diskio_spi.c **** 
  82:Core/Src/user_diskio_spi.c **** 
  83:Core/Src/user_diskio_spi.c **** static
  84:Core/Src/user_diskio_spi.c **** BYTE CardType;			/* Card type flags */
  85:Core/Src/user_diskio_spi.c **** 
  86:Core/Src/user_diskio_spi.c **** uint32_t spiTimerTickStart;
  87:Core/Src/user_diskio_spi.c **** uint32_t spiTimerTickDelay;
  88:Core/Src/user_diskio_spi.c **** 
  89:Core/Src/user_diskio_spi.c **** void SPI_Timer_On(uint32_t waitTicks) {
ARM GAS  C:\Users\sante\AppData\Local\Temp\ccGpHc2L.s 			page 3


  90:Core/Src/user_diskio_spi.c ****     spiTimerTickStart = HAL_GetTick();
  91:Core/Src/user_diskio_spi.c ****     spiTimerTickDelay = waitTicks;
  92:Core/Src/user_diskio_spi.c **** }
  93:Core/Src/user_diskio_spi.c **** 
  94:Core/Src/user_diskio_spi.c **** uint8_t SPI_Timer_Status() {
  95:Core/Src/user_diskio_spi.c ****     return ((HAL_GetTick() - spiTimerTickStart) < spiTimerTickDelay);
  96:Core/Src/user_diskio_spi.c **** }
  97:Core/Src/user_diskio_spi.c **** 
  98:Core/Src/user_diskio_spi.c **** /*-----------------------------------------------------------------------*/
  99:Core/Src/user_diskio_spi.c **** /* SPI controls (Platform dependent)                                     */
 100:Core/Src/user_diskio_spi.c **** /*-----------------------------------------------------------------------*/
 101:Core/Src/user_diskio_spi.c **** 
 102:Core/Src/user_diskio_spi.c **** /* Exchange a byte */
 103:Core/Src/user_diskio_spi.c **** static
 104:Core/Src/user_diskio_spi.c **** BYTE xchg_spi (
 105:Core/Src/user_diskio_spi.c **** 	BYTE dat	/* Data to send */
 106:Core/Src/user_diskio_spi.c **** )
 107:Core/Src/user_diskio_spi.c **** {
  27              		.loc 1 107 1 view -0
  28              		.cfi_startproc
  29              		@ args = 0, pretend = 0, frame = 16
  30              		@ frame_needed = 0, uses_anonymous_args = 0
  31              		.loc 1 107 1 is_stmt 0 view .LVU1
  32 0000 10B5     		push	{r4, lr}
  33              		.cfi_def_cfa_offset 8
  34              		.cfi_offset 4, -8
  35              		.cfi_offset 14, -4
  36 0002 86B0     		sub	sp, sp, #24
  37              		.cfi_def_cfa_offset 32
  38 0004 0F21     		movs	r1, #15
  39 0006 6944     		add	r1, r1, sp
  40 0008 0870     		strb	r0, [r1]
 108:Core/Src/user_diskio_spi.c **** 	BYTE rxDat;
  41              		.loc 1 108 2 is_stmt 1 view .LVU2
 109:Core/Src/user_diskio_spi.c ****     HAL_SPI_TransmitReceive(&SD_SPI_HANDLE, &dat, &rxDat, 1, 50);
  42              		.loc 1 109 5 view .LVU3
  43 000a 1724     		movs	r4, #23
  44 000c 6C44     		add	r4, r4, sp
  45 000e 0548     		ldr	r0, .L2
  46              	.LVL1:
  47              		.loc 1 109 5 is_stmt 0 view .LVU4
  48 0010 3223     		movs	r3, #50
  49 0012 0093     		str	r3, [sp]
  50              	.LVL2:
  51              		.loc 1 109 5 view .LVU5
  52 0014 313B     		subs	r3, r3, #49
  53 0016 2200     		movs	r2, r4
  54 0018 FFF7FEFF 		bl	HAL_SPI_TransmitReceive
  55              	.LVL3:
 110:Core/Src/user_diskio_spi.c ****     return rxDat;
  56              		.loc 1 110 5 is_stmt 1 view .LVU6
  57              		.loc 1 110 12 is_stmt 0 view .LVU7
  58 001c 2078     		ldrb	r0, [r4]
 111:Core/Src/user_diskio_spi.c **** }
  59              		.loc 1 111 1 view .LVU8
  60 001e 06B0     		add	sp, sp, #24
  61              		@ sp needed
ARM GAS  C:\Users\sante\AppData\Local\Temp\ccGpHc2L.s 			page 4


  62 0020 10BD     		pop	{r4, pc}
  63              	.L3:
  64 0022 C046     		.align	2
  65              	.L2:
  66 0024 00000000 		.word	hspi2
  67              		.cfi_endproc
  68              	.LFE495:
  70              		.section	.text.wait_ready,"ax",%progbits
  71              		.align	1
  72              		.syntax unified
  73              		.code	16
  74              		.thumb_func
  76              	wait_ready:
  77              	.LVL4:
  78              	.LFB498:
 112:Core/Src/user_diskio_spi.c **** 
 113:Core/Src/user_diskio_spi.c **** 
 114:Core/Src/user_diskio_spi.c **** /* Receive multiple byte */
 115:Core/Src/user_diskio_spi.c **** static
 116:Core/Src/user_diskio_spi.c **** void rcvr_spi_multi (
 117:Core/Src/user_diskio_spi.c **** 	BYTE *buff,		/* Pointer to data buffer */
 118:Core/Src/user_diskio_spi.c **** 	UINT btr		/* Number of bytes to receive (even number) */
 119:Core/Src/user_diskio_spi.c **** )
 120:Core/Src/user_diskio_spi.c **** {
 121:Core/Src/user_diskio_spi.c **** 	for(UINT i=0; i<btr; i++) {
 122:Core/Src/user_diskio_spi.c **** 		*(buff+i) = xchg_spi(0xFF);
 123:Core/Src/user_diskio_spi.c **** 	}
 124:Core/Src/user_diskio_spi.c **** }
 125:Core/Src/user_diskio_spi.c **** 
 126:Core/Src/user_diskio_spi.c **** 
 127:Core/Src/user_diskio_spi.c **** #if _USE_WRITE
 128:Core/Src/user_diskio_spi.c **** /* Send multiple byte */
 129:Core/Src/user_diskio_spi.c **** static
 130:Core/Src/user_diskio_spi.c **** void xmit_spi_multi (
 131:Core/Src/user_diskio_spi.c **** 	const BYTE *buff,	/* Pointer to the data */
 132:Core/Src/user_diskio_spi.c **** 	UINT btx			/* Number of bytes to send (even number) */
 133:Core/Src/user_diskio_spi.c **** )
 134:Core/Src/user_diskio_spi.c **** {
 135:Core/Src/user_diskio_spi.c **** 	HAL_SPI_Transmit(&SD_SPI_HANDLE, buff, btx, HAL_MAX_DELAY);
 136:Core/Src/user_diskio_spi.c **** }
 137:Core/Src/user_diskio_spi.c **** #endif
 138:Core/Src/user_diskio_spi.c **** 
 139:Core/Src/user_diskio_spi.c **** 
 140:Core/Src/user_diskio_spi.c **** /*-----------------------------------------------------------------------*/
 141:Core/Src/user_diskio_spi.c **** /* Wait for card ready                                                   */
 142:Core/Src/user_diskio_spi.c **** /*-----------------------------------------------------------------------*/
 143:Core/Src/user_diskio_spi.c **** 
 144:Core/Src/user_diskio_spi.c **** static
 145:Core/Src/user_diskio_spi.c **** int wait_ready (	/* 1:Ready, 0:Timeout */
 146:Core/Src/user_diskio_spi.c **** 	UINT wt			/* Timeout [ms] */
 147:Core/Src/user_diskio_spi.c **** )
 148:Core/Src/user_diskio_spi.c **** {
  79              		.loc 1 148 1 is_stmt 1 view -0
  80              		.cfi_startproc
  81              		@ args = 0, pretend = 0, frame = 0
  82              		@ frame_needed = 0, uses_anonymous_args = 0
  83              		.loc 1 148 1 is_stmt 0 view .LVU10
ARM GAS  C:\Users\sante\AppData\Local\Temp\ccGpHc2L.s 			page 5


  84 0000 70B5     		push	{r4, r5, r6, lr}
  85              		.cfi_def_cfa_offset 16
  86              		.cfi_offset 4, -16
  87              		.cfi_offset 5, -12
  88              		.cfi_offset 6, -8
  89              		.cfi_offset 14, -4
  90 0002 0600     		movs	r6, r0
 149:Core/Src/user_diskio_spi.c **** 	BYTE d;
  91              		.loc 1 149 2 is_stmt 1 view .LVU11
 150:Core/Src/user_diskio_spi.c **** 	//wait_ready needs its own timer, unfortunately, so it can't use the
 151:Core/Src/user_diskio_spi.c **** 	//spi_timer functions
 152:Core/Src/user_diskio_spi.c **** 	uint32_t waitSpiTimerTickStart;
  92              		.loc 1 152 2 view .LVU12
 153:Core/Src/user_diskio_spi.c **** 	uint32_t waitSpiTimerTickDelay;
  93              		.loc 1 153 2 view .LVU13
 154:Core/Src/user_diskio_spi.c **** 
 155:Core/Src/user_diskio_spi.c **** 	waitSpiTimerTickStart = HAL_GetTick();
  94              		.loc 1 155 2 view .LVU14
  95              		.loc 1 155 26 is_stmt 0 view .LVU15
  96 0004 FFF7FEFF 		bl	HAL_GetTick
  97              	.LVL5:
  98              		.loc 1 155 26 view .LVU16
  99 0008 0500     		movs	r5, r0
 100              	.LVL6:
 156:Core/Src/user_diskio_spi.c **** 	waitSpiTimerTickDelay = (uint32_t)wt;
 101              		.loc 1 156 2 is_stmt 1 view .LVU17
 102              	.L6:
 157:Core/Src/user_diskio_spi.c **** 	do {
 103              		.loc 1 157 2 view .LVU18
 158:Core/Src/user_diskio_spi.c **** 		d = xchg_spi(0xFF);
 104              		.loc 1 158 3 view .LVU19
 105              		.loc 1 158 7 is_stmt 0 view .LVU20
 106 000a FF20     		movs	r0, #255
 107 000c FFF7FEFF 		bl	xchg_spi
 108              	.LVL7:
 109 0010 0400     		movs	r4, r0
 110              	.LVL8:
 159:Core/Src/user_diskio_spi.c **** 		/* This loop takes a time. Insert rot_rdq() here for multitask envilonment. */
 160:Core/Src/user_diskio_spi.c **** 	} while (d != 0xFF && ((HAL_GetTick() - waitSpiTimerTickStart) < waitSpiTimerTickDelay));	/* Wait 
 111              		.loc 1 160 21 is_stmt 1 discriminator 2 view .LVU21
 112 0012 FF28     		cmp	r0, #255
 113 0014 04D0     		beq	.L5
 114              		.loc 1 160 26 is_stmt 0 discriminator 1 view .LVU22
 115 0016 FFF7FEFF 		bl	HAL_GetTick
 116              	.LVL9:
 117              		.loc 1 160 40 discriminator 1 view .LVU23
 118 001a 401B     		subs	r0, r0, r5
 119              		.loc 1 160 21 discriminator 1 view .LVU24
 120 001c B042     		cmp	r0, r6
 121 001e F4D3     		bcc	.L6
 122              	.L5:
 161:Core/Src/user_diskio_spi.c **** 
 162:Core/Src/user_diskio_spi.c **** 	return (d == 0xFF) ? 1 : 0;
 123              		.loc 1 162 2 is_stmt 1 view .LVU25
 124              		.loc 1 162 25 is_stmt 0 view .LVU26
 125 0020 2000     		movs	r0, r4
 126 0022 FF38     		subs	r0, r0, #255
ARM GAS  C:\Users\sante\AppData\Local\Temp\ccGpHc2L.s 			page 6


 127 0024 4342     		rsbs	r3, r0, #0
 128 0026 5841     		adcs	r0, r0, r3
 163:Core/Src/user_diskio_spi.c **** }
 129              		.loc 1 163 1 view .LVU27
 130              		@ sp needed
 131              	.LVL10:
 132              	.LVL11:
 133              		.loc 1 163 1 view .LVU28
 134 0028 70BD     		pop	{r4, r5, r6, pc}
 135              		.cfi_endproc
 136              	.LFE498:
 138              		.section	.text.rcvr_spi_multi,"ax",%progbits
 139              		.align	1
 140              		.syntax unified
 141              		.code	16
 142              		.thumb_func
 144              	rcvr_spi_multi:
 145              	.LVL12:
 146              	.LFB496:
 120:Core/Src/user_diskio_spi.c **** 	for(UINT i=0; i<btr; i++) {
 147              		.loc 1 120 1 is_stmt 1 view -0
 148              		.cfi_startproc
 149              		@ args = 0, pretend = 0, frame = 0
 150              		@ frame_needed = 0, uses_anonymous_args = 0
 120:Core/Src/user_diskio_spi.c **** 	for(UINT i=0; i<btr; i++) {
 151              		.loc 1 120 1 is_stmt 0 view .LVU30
 152 0000 F8B5     		push	{r3, r4, r5, r6, r7, lr}
 153              		.cfi_def_cfa_offset 24
 154              		.cfi_offset 3, -24
 155              		.cfi_offset 4, -20
 156              		.cfi_offset 5, -16
 157              		.cfi_offset 6, -12
 158              		.cfi_offset 7, -8
 159              		.cfi_offset 14, -4
 160 0002 0700     		movs	r7, r0
 161 0004 0E00     		movs	r6, r1
 121:Core/Src/user_diskio_spi.c **** 		*(buff+i) = xchg_spi(0xFF);
 162              		.loc 1 121 2 is_stmt 1 view .LVU31
 163              	.LBB2:
 121:Core/Src/user_diskio_spi.c **** 		*(buff+i) = xchg_spi(0xFF);
 164              		.loc 1 121 6 view .LVU32
 165              	.LVL13:
 121:Core/Src/user_diskio_spi.c **** 		*(buff+i) = xchg_spi(0xFF);
 166              		.loc 1 121 11 is_stmt 0 view .LVU33
 167 0006 0024     		movs	r4, #0
 121:Core/Src/user_diskio_spi.c **** 		*(buff+i) = xchg_spi(0xFF);
 168              		.loc 1 121 2 view .LVU34
 169 0008 05E0     		b	.L8
 170              	.LVL14:
 171              	.L9:
 122:Core/Src/user_diskio_spi.c **** 	}
 172              		.loc 1 122 3 is_stmt 1 view .LVU35
 122:Core/Src/user_diskio_spi.c **** 	}
 173              		.loc 1 122 9 is_stmt 0 view .LVU36
 174 000a 3D19     		adds	r5, r7, r4
 122:Core/Src/user_diskio_spi.c **** 	}
 175              		.loc 1 122 15 view .LVU37
ARM GAS  C:\Users\sante\AppData\Local\Temp\ccGpHc2L.s 			page 7


 176 000c FF20     		movs	r0, #255
 177 000e FFF7FEFF 		bl	xchg_spi
 178              	.LVL15:
 122:Core/Src/user_diskio_spi.c **** 	}
 179              		.loc 1 122 13 discriminator 1 view .LVU38
 180 0012 2870     		strb	r0, [r5]
 121:Core/Src/user_diskio_spi.c **** 		*(buff+i) = xchg_spi(0xFF);
 181              		.loc 1 121 24 is_stmt 1 discriminator 3 view .LVU39
 182 0014 0134     		adds	r4, r4, #1
 183              	.LVL16:
 184              	.L8:
 121:Core/Src/user_diskio_spi.c **** 		*(buff+i) = xchg_spi(0xFF);
 185              		.loc 1 121 17 discriminator 1 view .LVU40
 186 0016 B442     		cmp	r4, r6
 187 0018 F7D3     		bcc	.L9
 188              	.LBE2:
 124:Core/Src/user_diskio_spi.c **** 
 189              		.loc 1 124 1 is_stmt 0 view .LVU41
 190              		@ sp needed
 191              	.LVL17:
 192              	.LVL18:
 193              	.LVL19:
 124:Core/Src/user_diskio_spi.c **** 
 194              		.loc 1 124 1 view .LVU42
 195 001a F8BD     		pop	{r3, r4, r5, r6, r7, pc}
 196              		.cfi_endproc
 197              	.LFE496:
 199              		.section	.text.despiselect,"ax",%progbits
 200              		.align	1
 201              		.syntax unified
 202              		.code	16
 203              		.thumb_func
 205              	despiselect:
 206              	.LFB499:
 164:Core/Src/user_diskio_spi.c **** 
 165:Core/Src/user_diskio_spi.c **** 
 166:Core/Src/user_diskio_spi.c **** 
 167:Core/Src/user_diskio_spi.c **** /*-----------------------------------------------------------------------*/
 168:Core/Src/user_diskio_spi.c **** /* Despiselect card and release SPI                                         */
 169:Core/Src/user_diskio_spi.c **** /*-----------------------------------------------------------------------*/
 170:Core/Src/user_diskio_spi.c **** 
 171:Core/Src/user_diskio_spi.c **** static
 172:Core/Src/user_diskio_spi.c **** void despiselect (void)
 173:Core/Src/user_diskio_spi.c **** {
 207              		.loc 1 173 1 is_stmt 1 view -0
 208              		.cfi_startproc
 209              		@ args = 0, pretend = 0, frame = 0
 210              		@ frame_needed = 0, uses_anonymous_args = 0
 211 0000 10B5     		push	{r4, lr}
 212              		.cfi_def_cfa_offset 8
 213              		.cfi_offset 4, -8
 214              		.cfi_offset 14, -4
 174:Core/Src/user_diskio_spi.c **** 	CS_HIGH();		/* Set CS# high */
 215              		.loc 1 174 2 view .LVU44
 216 0002 0122     		movs	r2, #1
 217 0004 0221     		movs	r1, #2
 218 0006 0348     		ldr	r0, .L11
ARM GAS  C:\Users\sante\AppData\Local\Temp\ccGpHc2L.s 			page 8


 219 0008 FFF7FEFF 		bl	HAL_GPIO_WritePin
 220              	.LVL20:
 221              		.loc 1 174 11 discriminator 1 view .LVU45
 175:Core/Src/user_diskio_spi.c **** 	xchg_spi(0xFF);	/* Dummy clock (force DO hi-z for multiple slave SPI) */
 222              		.loc 1 175 2 view .LVU46
 223 000c FF20     		movs	r0, #255
 224 000e FFF7FEFF 		bl	xchg_spi
 225              	.LVL21:
 176:Core/Src/user_diskio_spi.c **** 
 177:Core/Src/user_diskio_spi.c **** }
 226              		.loc 1 177 1 is_stmt 0 view .LVU47
 227              		@ sp needed
 228 0012 10BD     		pop	{r4, pc}
 229              	.L12:
 230              		.align	2
 231              	.L11:
 232 0014 00040050 		.word	1342178304
 233              		.cfi_endproc
 234              	.LFE499:
 236              		.section	.text.spiselect,"ax",%progbits
 237              		.align	1
 238              		.syntax unified
 239              		.code	16
 240              		.thumb_func
 242              	spiselect:
 243              	.LFB500:
 178:Core/Src/user_diskio_spi.c **** 
 179:Core/Src/user_diskio_spi.c **** 
 180:Core/Src/user_diskio_spi.c **** 
 181:Core/Src/user_diskio_spi.c **** /*-----------------------------------------------------------------------*/
 182:Core/Src/user_diskio_spi.c **** /* Select card and wait for ready                                        */
 183:Core/Src/user_diskio_spi.c **** /*-----------------------------------------------------------------------*/
 184:Core/Src/user_diskio_spi.c **** 
 185:Core/Src/user_diskio_spi.c **** static
 186:Core/Src/user_diskio_spi.c **** int spiselect (void)	/* 1:OK, 0:Timeout */
 187:Core/Src/user_diskio_spi.c **** {
 244              		.loc 1 187 1 is_stmt 1 view -0
 245              		.cfi_startproc
 246              		@ args = 0, pretend = 0, frame = 0
 247              		@ frame_needed = 0, uses_anonymous_args = 0
 248 0000 10B5     		push	{r4, lr}
 249              		.cfi_def_cfa_offset 8
 250              		.cfi_offset 4, -8
 251              		.cfi_offset 14, -4
 188:Core/Src/user_diskio_spi.c **** 	CS_LOW();		/* Set CS# low */
 252              		.loc 1 188 2 view .LVU49
 253 0002 0022     		movs	r2, #0
 254 0004 0221     		movs	r1, #2
 255 0006 0948     		ldr	r0, .L17
 256 0008 FFF7FEFF 		bl	HAL_GPIO_WritePin
 257              	.LVL22:
 258              		.loc 1 188 10 discriminator 1 view .LVU50
 189:Core/Src/user_diskio_spi.c **** 	xchg_spi(0xFF);	/* Dummy clock (force DO enabled) */
 259              		.loc 1 189 2 view .LVU51
 260 000c FF20     		movs	r0, #255
 261 000e FFF7FEFF 		bl	xchg_spi
 262              	.LVL23:
ARM GAS  C:\Users\sante\AppData\Local\Temp\ccGpHc2L.s 			page 9


 190:Core/Src/user_diskio_spi.c **** 	if (wait_ready(500)) return 1;	/* Wait for card ready */
 263              		.loc 1 190 2 view .LVU52
 264              		.loc 1 190 6 is_stmt 0 view .LVU53
 265 0012 FA20     		movs	r0, #250
 266 0014 4000     		lsls	r0, r0, #1
 267 0016 FFF7FEFF 		bl	wait_ready
 268              	.LVL24:
 269 001a 041E     		subs	r4, r0, #0
 270              		.loc 1 190 5 discriminator 1 view .LVU54
 271 001c 02D0     		beq	.L16
 272              		.loc 1 190 30 discriminator 1 view .LVU55
 273 001e 0124     		movs	r4, #1
 274              	.L13:
 191:Core/Src/user_diskio_spi.c **** 
 192:Core/Src/user_diskio_spi.c **** 	despiselect();
 193:Core/Src/user_diskio_spi.c **** 	return 0;	/* Timeout */
 194:Core/Src/user_diskio_spi.c **** }
 275              		.loc 1 194 1 view .LVU56
 276 0020 2000     		movs	r0, r4
 277              		@ sp needed
 278 0022 10BD     		pop	{r4, pc}
 279              	.L16:
 192:Core/Src/user_diskio_spi.c **** 	return 0;	/* Timeout */
 280              		.loc 1 192 2 is_stmt 1 view .LVU57
 281 0024 FFF7FEFF 		bl	despiselect
 282              	.LVL25:
 193:Core/Src/user_diskio_spi.c **** }
 283              		.loc 1 193 2 view .LVU58
 193:Core/Src/user_diskio_spi.c **** }
 284              		.loc 1 193 9 is_stmt 0 view .LVU59
 285 0028 FAE7     		b	.L13
 286              	.L18:
 287 002a C046     		.align	2
 288              	.L17:
 289 002c 00040050 		.word	1342178304
 290              		.cfi_endproc
 291              	.LFE500:
 293              		.section	.text.send_cmd,"ax",%progbits
 294              		.align	1
 295              		.syntax unified
 296              		.code	16
 297              		.thumb_func
 299              	send_cmd:
 300              	.LVL26:
 301              	.LFB503:
 195:Core/Src/user_diskio_spi.c **** 
 196:Core/Src/user_diskio_spi.c **** 
 197:Core/Src/user_diskio_spi.c **** 
 198:Core/Src/user_diskio_spi.c **** /*-----------------------------------------------------------------------*/
 199:Core/Src/user_diskio_spi.c **** /* Receive a data packet from the MMC                                    */
 200:Core/Src/user_diskio_spi.c **** /*-----------------------------------------------------------------------*/
 201:Core/Src/user_diskio_spi.c **** 
 202:Core/Src/user_diskio_spi.c **** static
 203:Core/Src/user_diskio_spi.c **** int rcvr_datablock (	/* 1:OK, 0:Error */
 204:Core/Src/user_diskio_spi.c **** 	BYTE *buff,			/* Data buffer */
 205:Core/Src/user_diskio_spi.c **** 	UINT btr			/* Data block length (byte) */
 206:Core/Src/user_diskio_spi.c **** )
ARM GAS  C:\Users\sante\AppData\Local\Temp\ccGpHc2L.s 			page 10


 207:Core/Src/user_diskio_spi.c **** {
 208:Core/Src/user_diskio_spi.c **** 	BYTE token;
 209:Core/Src/user_diskio_spi.c **** 
 210:Core/Src/user_diskio_spi.c **** 
 211:Core/Src/user_diskio_spi.c **** 	SPI_Timer_On(200);
 212:Core/Src/user_diskio_spi.c **** 	do {							/* Wait for DataStart token in timeout of 200ms */
 213:Core/Src/user_diskio_spi.c **** 		token = xchg_spi(0xFF);
 214:Core/Src/user_diskio_spi.c **** 		/* This loop will take a time. Insert rot_rdq() here for multitask envilonment. */
 215:Core/Src/user_diskio_spi.c **** 	} while ((token == 0xFF) && SPI_Timer_Status());
 216:Core/Src/user_diskio_spi.c **** 	if(token != 0xFE) return 0;		/* Function fails if invalid DataStart token or timeout */
 217:Core/Src/user_diskio_spi.c **** 
 218:Core/Src/user_diskio_spi.c **** 	rcvr_spi_multi(buff, btr);		/* Store trailing data to the buffer */
 219:Core/Src/user_diskio_spi.c **** 	xchg_spi(0xFF); xchg_spi(0xFF);			/* Discard CRC */
 220:Core/Src/user_diskio_spi.c **** 
 221:Core/Src/user_diskio_spi.c **** 	return 1;						/* Function succeeded */
 222:Core/Src/user_diskio_spi.c **** }
 223:Core/Src/user_diskio_spi.c **** 
 224:Core/Src/user_diskio_spi.c **** 
 225:Core/Src/user_diskio_spi.c **** 
 226:Core/Src/user_diskio_spi.c **** /*-----------------------------------------------------------------------*/
 227:Core/Src/user_diskio_spi.c **** /* Send a data packet to the MMC                                         */
 228:Core/Src/user_diskio_spi.c **** /*-----------------------------------------------------------------------*/
 229:Core/Src/user_diskio_spi.c **** 
 230:Core/Src/user_diskio_spi.c **** #if _USE_WRITE
 231:Core/Src/user_diskio_spi.c **** static
 232:Core/Src/user_diskio_spi.c **** int xmit_datablock (	/* 1:OK, 0:Failed */
 233:Core/Src/user_diskio_spi.c **** 	const BYTE *buff,	/* Ponter to 512 byte data to be sent */
 234:Core/Src/user_diskio_spi.c **** 	BYTE token			/* Token */
 235:Core/Src/user_diskio_spi.c **** )
 236:Core/Src/user_diskio_spi.c **** {
 237:Core/Src/user_diskio_spi.c **** 	BYTE resp;
 238:Core/Src/user_diskio_spi.c **** 
 239:Core/Src/user_diskio_spi.c **** 
 240:Core/Src/user_diskio_spi.c **** 	if (!wait_ready(500)) return 0;		/* Wait for card ready */
 241:Core/Src/user_diskio_spi.c **** 
 242:Core/Src/user_diskio_spi.c **** 	xchg_spi(token);					/* Send token */
 243:Core/Src/user_diskio_spi.c **** 	if (token != 0xFD) {				/* Send data if token is other than StopTran */
 244:Core/Src/user_diskio_spi.c **** 		xmit_spi_multi(buff, 512);		/* Data */
 245:Core/Src/user_diskio_spi.c **** 		xchg_spi(0xFF); xchg_spi(0xFF);	/* Dummy CRC */
 246:Core/Src/user_diskio_spi.c **** 
 247:Core/Src/user_diskio_spi.c **** 		resp = xchg_spi(0xFF);				/* Receive data resp */
 248:Core/Src/user_diskio_spi.c **** 		if ((resp & 0x1F) != 0x05) return 0;	/* Function fails if the data packet was not accepted */
 249:Core/Src/user_diskio_spi.c **** 	}
 250:Core/Src/user_diskio_spi.c **** 	return 1;
 251:Core/Src/user_diskio_spi.c **** }
 252:Core/Src/user_diskio_spi.c **** #endif
 253:Core/Src/user_diskio_spi.c **** 
 254:Core/Src/user_diskio_spi.c **** 
 255:Core/Src/user_diskio_spi.c **** /*-----------------------------------------------------------------------*/
 256:Core/Src/user_diskio_spi.c **** /* Send a command packet to the MMC                                      */
 257:Core/Src/user_diskio_spi.c **** /*-----------------------------------------------------------------------*/
 258:Core/Src/user_diskio_spi.c **** 
 259:Core/Src/user_diskio_spi.c **** static
 260:Core/Src/user_diskio_spi.c **** BYTE send_cmd (		/* Return value: R1 resp (bit7==1:Failed to send) */
 261:Core/Src/user_diskio_spi.c **** 	BYTE cmd,		/* Command index */
 262:Core/Src/user_diskio_spi.c **** 	DWORD arg		/* Argument */
 263:Core/Src/user_diskio_spi.c **** )
ARM GAS  C:\Users\sante\AppData\Local\Temp\ccGpHc2L.s 			page 11


 264:Core/Src/user_diskio_spi.c **** {
 302              		.loc 1 264 1 is_stmt 1 view -0
 303              		.cfi_startproc
 304              		@ args = 0, pretend = 0, frame = 0
 305              		@ frame_needed = 0, uses_anonymous_args = 0
 306              		.loc 1 264 1 is_stmt 0 view .LVU61
 307 0000 70B5     		push	{r4, r5, r6, lr}
 308              		.cfi_def_cfa_offset 16
 309              		.cfi_offset 4, -16
 310              		.cfi_offset 5, -12
 311              		.cfi_offset 6, -8
 312              		.cfi_offset 14, -4
 313 0002 0400     		movs	r4, r0
 314 0004 0D00     		movs	r5, r1
 265:Core/Src/user_diskio_spi.c **** 	BYTE n, res;
 315              		.loc 1 265 2 is_stmt 1 view .LVU62
 266:Core/Src/user_diskio_spi.c **** 
 267:Core/Src/user_diskio_spi.c **** 
 268:Core/Src/user_diskio_spi.c **** 	if (cmd & 0x80) {	/* Send a CMD55 prior to ACMD<n> */
 316              		.loc 1 268 2 view .LVU63
 317              		.loc 1 268 6 is_stmt 0 view .LVU64
 318 0006 43B2     		sxtb	r3, r0
 319              		.loc 1 268 5 view .LVU65
 320 0008 002B     		cmp	r3, #0
 321 000a 20DB     		blt	.L30
 322              	.LVL27:
 323              	.L20:
 269:Core/Src/user_diskio_spi.c **** 		cmd &= 0x7F;
 270:Core/Src/user_diskio_spi.c **** 		res = send_cmd(CMD55, 0);
 271:Core/Src/user_diskio_spi.c **** 		if (res > 1) return res;
 272:Core/Src/user_diskio_spi.c **** 	}
 273:Core/Src/user_diskio_spi.c **** 
 274:Core/Src/user_diskio_spi.c **** 	/* Select the card and wait for ready except to stop multiple block read */
 275:Core/Src/user_diskio_spi.c **** 	if (cmd != CMD12) {
 324              		.loc 1 275 2 is_stmt 1 view .LVU66
 325              		.loc 1 275 5 is_stmt 0 view .LVU67
 326 000c 0C2C     		cmp	r4, #12
 327 000e 05D0     		beq	.L22
 276:Core/Src/user_diskio_spi.c **** 		despiselect();
 328              		.loc 1 276 3 is_stmt 1 view .LVU68
 329 0010 FFF7FEFF 		bl	despiselect
 330              	.LVL28:
 277:Core/Src/user_diskio_spi.c **** 		if (!spiselect()) return 0xFF;
 331              		.loc 1 277 3 view .LVU69
 332              		.loc 1 277 8 is_stmt 0 view .LVU70
 333 0014 FFF7FEFF 		bl	spiselect
 334              	.LVL29:
 335              		.loc 1 277 6 discriminator 1 view .LVU71
 336 0018 0028     		cmp	r0, #0
 337 001a 3AD0     		beq	.L26
 338              	.L22:
 278:Core/Src/user_diskio_spi.c **** 	}
 279:Core/Src/user_diskio_spi.c **** 
 280:Core/Src/user_diskio_spi.c **** 	/* Send command packet */
 281:Core/Src/user_diskio_spi.c **** 	xchg_spi(0x40 | cmd);				/* Start + command index */
 339              		.loc 1 281 2 is_stmt 1 view .LVU72
 340 001c 4020     		movs	r0, #64
ARM GAS  C:\Users\sante\AppData\Local\Temp\ccGpHc2L.s 			page 12


 341 001e 2043     		orrs	r0, r4
 342 0020 C0B2     		uxtb	r0, r0
 343 0022 FFF7FEFF 		bl	xchg_spi
 344              	.LVL30:
 282:Core/Src/user_diskio_spi.c **** 	xchg_spi((BYTE)(arg >> 24));		/* Argument[31..24] */
 345              		.loc 1 282 2 view .LVU73
 346 0026 280E     		lsrs	r0, r5, #24
 347 0028 FFF7FEFF 		bl	xchg_spi
 348              	.LVL31:
 283:Core/Src/user_diskio_spi.c **** 	xchg_spi((BYTE)(arg >> 16));		/* Argument[23..16] */
 349              		.loc 1 283 2 view .LVU74
 350              		.loc 1 283 22 is_stmt 0 view .LVU75
 351 002c 280C     		lsrs	r0, r5, #16
 352              		.loc 1 283 2 view .LVU76
 353 002e C0B2     		uxtb	r0, r0
 354 0030 FFF7FEFF 		bl	xchg_spi
 355              	.LVL32:
 284:Core/Src/user_diskio_spi.c **** 	xchg_spi((BYTE)(arg >> 8));			/* Argument[15..8] */
 356              		.loc 1 284 2 is_stmt 1 view .LVU77
 357              		.loc 1 284 22 is_stmt 0 view .LVU78
 358 0034 280A     		lsrs	r0, r5, #8
 359              		.loc 1 284 2 view .LVU79
 360 0036 C0B2     		uxtb	r0, r0
 361 0038 FFF7FEFF 		bl	xchg_spi
 362              	.LVL33:
 285:Core/Src/user_diskio_spi.c **** 	xchg_spi((BYTE)arg);				/* Argument[7..0] */
 363              		.loc 1 285 2 is_stmt 1 view .LVU80
 364 003c E8B2     		uxtb	r0, r5
 365 003e FFF7FEFF 		bl	xchg_spi
 366              	.LVL34:
 286:Core/Src/user_diskio_spi.c **** 	n = 0x01;							/* Dummy CRC + Stop */
 367              		.loc 1 286 2 view .LVU81
 287:Core/Src/user_diskio_spi.c **** 	if (cmd == CMD0) n = 0x95;			/* Valid CRC for CMD0(0) */
 368              		.loc 1 287 2 view .LVU82
 369              		.loc 1 287 5 is_stmt 0 view .LVU83
 370 0042 002C     		cmp	r4, #0
 371 0044 0DD0     		beq	.L27
 288:Core/Src/user_diskio_spi.c **** 	if (cmd == CMD8) n = 0x87;			/* Valid CRC for CMD8(0x1AA) */
 372              		.loc 1 288 2 is_stmt 1 view .LVU84
 373              		.loc 1 288 5 is_stmt 0 view .LVU85
 374 0046 082C     		cmp	r4, #8
 375 0048 1DD0     		beq	.L28
 376 004a 0120     		movs	r0, #1
 377 004c 0AE0     		b	.L23
 378              	.LVL35:
 379              	.L30:
 269:Core/Src/user_diskio_spi.c **** 		res = send_cmd(CMD55, 0);
 380              		.loc 1 269 3 is_stmt 1 view .LVU86
 269:Core/Src/user_diskio_spi.c **** 		res = send_cmd(CMD55, 0);
 381              		.loc 1 269 7 is_stmt 0 view .LVU87
 382 004e 7F23     		movs	r3, #127
 383 0050 1C40     		ands	r4, r3
 384              	.LVL36:
 270:Core/Src/user_diskio_spi.c **** 		if (res > 1) return res;
 385              		.loc 1 270 3 is_stmt 1 view .LVU88
 270:Core/Src/user_diskio_spi.c **** 		if (res > 1) return res;
 386              		.loc 1 270 9 is_stmt 0 view .LVU89
ARM GAS  C:\Users\sante\AppData\Local\Temp\ccGpHc2L.s 			page 13


 387 0052 0021     		movs	r1, #0
 388              	.LVL37:
 270:Core/Src/user_diskio_spi.c **** 		if (res > 1) return res;
 389              		.loc 1 270 9 view .LVU90
 390 0054 3720     		movs	r0, #55
 391 0056 FFF7D3FF 		bl	send_cmd
 392              	.LVL38:
 393 005a 0200     		movs	r2, r0
 394              	.LVL39:
 271:Core/Src/user_diskio_spi.c **** 	}
 395              		.loc 1 271 3 is_stmt 1 view .LVU91
 271:Core/Src/user_diskio_spi.c **** 	}
 396              		.loc 1 271 6 is_stmt 0 view .LVU92
 397 005c 0128     		cmp	r0, #1
 398 005e D5D9     		bls	.L20
 399 0060 0FE0     		b	.L21
 400              	.LVL40:
 401              	.L27:
 287:Core/Src/user_diskio_spi.c **** 	if (cmd == CMD8) n = 0x87;			/* Valid CRC for CMD8(0x1AA) */
 402              		.loc 1 287 21 discriminator 1 view .LVU93
 403 0062 9520     		movs	r0, #149
 404              	.L23:
 405              	.LVL41:
 289:Core/Src/user_diskio_spi.c **** 	xchg_spi(n);
 406              		.loc 1 289 2 is_stmt 1 view .LVU94
 407 0064 FFF7FEFF 		bl	xchg_spi
 408              	.LVL42:
 290:Core/Src/user_diskio_spi.c **** 
 291:Core/Src/user_diskio_spi.c **** 	/* Receive command resp */
 292:Core/Src/user_diskio_spi.c **** 	if (cmd == CMD12) xchg_spi(0xFF);	/* Diacard following one byte when CMD12 */
 409              		.loc 1 292 2 view .LVU95
 410              		.loc 1 292 5 is_stmt 0 view .LVU96
 411 0068 0C2C     		cmp	r4, #12
 412 006a 0ED0     		beq	.L31
 413              	.L24:
 287:Core/Src/user_diskio_spi.c **** 	if (cmd == CMD8) n = 0x87;			/* Valid CRC for CMD8(0x1AA) */
 414              		.loc 1 287 21 discriminator 1 view .LVU97
 415 006c 0A24     		movs	r4, #10
 416              	.LVL43:
 417              	.L25:
 293:Core/Src/user_diskio_spi.c **** 	n = 10;								/* Wait for response (10 bytes max) */
 294:Core/Src/user_diskio_spi.c **** 	do {
 418              		.loc 1 294 2 is_stmt 1 view .LVU98
 295:Core/Src/user_diskio_spi.c **** 		res = xchg_spi(0xFF);
 419              		.loc 1 295 3 view .LVU99
 420              		.loc 1 295 9 is_stmt 0 view .LVU100
 421 006e FF20     		movs	r0, #255
 422 0070 FFF7FEFF 		bl	xchg_spi
 423              	.LVL44:
 424 0074 0200     		movs	r2, r0
 425              	.LVL45:
 296:Core/Src/user_diskio_spi.c **** 	} while ((res & 0x80) && --n);
 426              		.loc 1 296 24 is_stmt 1 discriminator 2 view .LVU101
 427 0076 0006     		lsls	r0, r0, #24
 428 0078 03D5     		bpl	.L21
 429              	.LVL46:
 430              		.loc 1 296 24 is_stmt 0 discriminator 1 view .LVU102
ARM GAS  C:\Users\sante\AppData\Local\Temp\ccGpHc2L.s 			page 14


 431 007a 013C     		subs	r4, r4, #1
 432              	.LVL47:
 433              		.loc 1 296 24 discriminator 1 view .LVU103
 434 007c E4B2     		uxtb	r4, r4
 435              	.LVL48:
 436              		.loc 1 296 24 discriminator 1 view .LVU104
 437 007e 002C     		cmp	r4, #0
 438 0080 F5D1     		bne	.L25
 439              	.LVL49:
 440              	.L21:
 297:Core/Src/user_diskio_spi.c **** 
 298:Core/Src/user_diskio_spi.c **** 	return res;							/* Return received response */
 299:Core/Src/user_diskio_spi.c **** }
 441              		.loc 1 299 1 view .LVU105
 442 0082 1000     		movs	r0, r2
 443              		@ sp needed
 444              	.LVL50:
 445              		.loc 1 299 1 view .LVU106
 446 0084 70BD     		pop	{r4, r5, r6, pc}
 447              	.LVL51:
 448              	.L28:
 288:Core/Src/user_diskio_spi.c **** 	xchg_spi(n);
 449              		.loc 1 288 21 discriminator 1 view .LVU107
 450 0086 8720     		movs	r0, #135
 451 0088 ECE7     		b	.L23
 452              	.LVL52:
 453              	.L31:
 292:Core/Src/user_diskio_spi.c **** 	n = 10;								/* Wait for response (10 bytes max) */
 454              		.loc 1 292 20 is_stmt 1 discriminator 1 view .LVU108
 455 008a FF20     		movs	r0, #255
 456 008c FFF7FEFF 		bl	xchg_spi
 457              	.LVL53:
 458 0090 ECE7     		b	.L24
 459              	.LVL54:
 460              	.L26:
 277:Core/Src/user_diskio_spi.c **** 	}
 461              		.loc 1 277 28 is_stmt 0 discriminator 1 view .LVU109
 462 0092 FF22     		movs	r2, #255
 463 0094 F5E7     		b	.L21
 464              		.cfi_endproc
 465              	.LFE503:
 467              		.section	.text.xmit_spi_multi,"ax",%progbits
 468              		.align	1
 469              		.syntax unified
 470              		.code	16
 471              		.thumb_func
 473              	xmit_spi_multi:
 474              	.LVL55:
 475              	.LFB497:
 134:Core/Src/user_diskio_spi.c **** 	HAL_SPI_Transmit(&SD_SPI_HANDLE, buff, btx, HAL_MAX_DELAY);
 476              		.loc 1 134 1 is_stmt 1 view -0
 477              		.cfi_startproc
 478              		@ args = 0, pretend = 0, frame = 0
 479              		@ frame_needed = 0, uses_anonymous_args = 0
 134:Core/Src/user_diskio_spi.c **** 	HAL_SPI_Transmit(&SD_SPI_HANDLE, buff, btx, HAL_MAX_DELAY);
 480              		.loc 1 134 1 is_stmt 0 view .LVU111
 481 0000 10B5     		push	{r4, lr}
ARM GAS  C:\Users\sante\AppData\Local\Temp\ccGpHc2L.s 			page 15


 482              		.cfi_def_cfa_offset 8
 483              		.cfi_offset 4, -8
 484              		.cfi_offset 14, -4
 135:Core/Src/user_diskio_spi.c **** }
 485              		.loc 1 135 2 is_stmt 1 view .LVU112
 486 0002 0123     		movs	r3, #1
 487 0004 8AB2     		uxth	r2, r1
 488 0006 034C     		ldr	r4, .L33
 489 0008 5B42     		rsbs	r3, r3, #0
 490 000a 0100     		movs	r1, r0
 491              	.LVL56:
 135:Core/Src/user_diskio_spi.c **** }
 492              		.loc 1 135 2 is_stmt 0 view .LVU113
 493 000c 2000     		movs	r0, r4
 494              	.LVL57:
 135:Core/Src/user_diskio_spi.c **** }
 495              		.loc 1 135 2 view .LVU114
 496 000e FFF7FEFF 		bl	HAL_SPI_Transmit
 497              	.LVL58:
 136:Core/Src/user_diskio_spi.c **** #endif
 498              		.loc 1 136 1 view .LVU115
 499              		@ sp needed
 500 0012 10BD     		pop	{r4, pc}
 501              	.L34:
 502              		.align	2
 503              	.L33:
 504 0014 00000000 		.word	hspi2
 505              		.cfi_endproc
 506              	.LFE497:
 508              		.section	.text.xmit_datablock,"ax",%progbits
 509              		.align	1
 510              		.syntax unified
 511              		.code	16
 512              		.thumb_func
 514              	xmit_datablock:
 515              	.LVL59:
 516              	.LFB502:
 236:Core/Src/user_diskio_spi.c **** 	BYTE resp;
 517              		.loc 1 236 1 is_stmt 1 view -0
 518              		.cfi_startproc
 519              		@ args = 0, pretend = 0, frame = 0
 520              		@ frame_needed = 0, uses_anonymous_args = 0
 236:Core/Src/user_diskio_spi.c **** 	BYTE resp;
 521              		.loc 1 236 1 is_stmt 0 view .LVU117
 522 0000 70B5     		push	{r4, r5, r6, lr}
 523              		.cfi_def_cfa_offset 16
 524              		.cfi_offset 4, -16
 525              		.cfi_offset 5, -12
 526              		.cfi_offset 6, -8
 527              		.cfi_offset 14, -4
 528 0002 0400     		movs	r4, r0
 529 0004 0D00     		movs	r5, r1
 237:Core/Src/user_diskio_spi.c **** 
 530              		.loc 1 237 2 is_stmt 1 view .LVU118
 240:Core/Src/user_diskio_spi.c **** 
 531              		.loc 1 240 2 view .LVU119
 240:Core/Src/user_diskio_spi.c **** 
ARM GAS  C:\Users\sante\AppData\Local\Temp\ccGpHc2L.s 			page 16


 532              		.loc 1 240 7 is_stmt 0 view .LVU120
 533 0006 FA20     		movs	r0, #250
 534              	.LVL60:
 240:Core/Src/user_diskio_spi.c **** 
 535              		.loc 1 240 7 view .LVU121
 536 0008 4000     		lsls	r0, r0, #1
 537 000a FFF7FEFF 		bl	wait_ready
 538              	.LVL61:
 240:Core/Src/user_diskio_spi.c **** 
 539              		.loc 1 240 5 discriminator 1 view .LVU122
 540 000e 0028     		cmp	r0, #0
 541 0010 00D1     		bne	.L39
 542              	.L35:
 251:Core/Src/user_diskio_spi.c **** #endif
 543              		.loc 1 251 1 view .LVU123
 544              		@ sp needed
 545              	.LVL62:
 546              	.LVL63:
 251:Core/Src/user_diskio_spi.c **** #endif
 547              		.loc 1 251 1 view .LVU124
 548 0012 70BD     		pop	{r4, r5, r6, pc}
 549              	.LVL64:
 550              	.L39:
 242:Core/Src/user_diskio_spi.c **** 	if (token != 0xFD) {				/* Send data if token is other than StopTran */
 551              		.loc 1 242 2 is_stmt 1 view .LVU125
 552 0014 2800     		movs	r0, r5
 553 0016 FFF7FEFF 		bl	xchg_spi
 554              	.LVL65:
 243:Core/Src/user_diskio_spi.c **** 		xmit_spi_multi(buff, 512);		/* Data */
 555              		.loc 1 243 2 view .LVU126
 243:Core/Src/user_diskio_spi.c **** 		xmit_spi_multi(buff, 512);		/* Data */
 556              		.loc 1 243 5 is_stmt 0 view .LVU127
 557 001a FD2D     		cmp	r5, #253
 558 001c 01D1     		bne	.L40
 250:Core/Src/user_diskio_spi.c **** }
 559              		.loc 1 250 9 view .LVU128
 560 001e 0120     		movs	r0, #1
 561 0020 F7E7     		b	.L35
 562              	.L40:
 244:Core/Src/user_diskio_spi.c **** 		xchg_spi(0xFF); xchg_spi(0xFF);	/* Dummy CRC */
 563              		.loc 1 244 3 is_stmt 1 view .LVU129
 564 0022 8021     		movs	r1, #128
 565 0024 8900     		lsls	r1, r1, #2
 566 0026 2000     		movs	r0, r4
 567 0028 FFF7FEFF 		bl	xmit_spi_multi
 568              	.LVL66:
 245:Core/Src/user_diskio_spi.c **** 
 569              		.loc 1 245 3 view .LVU130
 570 002c FF20     		movs	r0, #255
 571 002e FFF7FEFF 		bl	xchg_spi
 572              	.LVL67:
 245:Core/Src/user_diskio_spi.c **** 
 573              		.loc 1 245 19 discriminator 1 view .LVU131
 574 0032 FF20     		movs	r0, #255
 575 0034 FFF7FEFF 		bl	xchg_spi
 576              	.LVL68:
 247:Core/Src/user_diskio_spi.c **** 		if ((resp & 0x1F) != 0x05) return 0;	/* Function fails if the data packet was not accepted */
ARM GAS  C:\Users\sante\AppData\Local\Temp\ccGpHc2L.s 			page 17


 577              		.loc 1 247 3 view .LVU132
 247:Core/Src/user_diskio_spi.c **** 		if ((resp & 0x1F) != 0x05) return 0;	/* Function fails if the data packet was not accepted */
 578              		.loc 1 247 10 is_stmt 0 view .LVU133
 579 0038 FF20     		movs	r0, #255
 580 003a FFF7FEFF 		bl	xchg_spi
 581              	.LVL69:
 248:Core/Src/user_diskio_spi.c **** 	}
 582              		.loc 1 248 3 is_stmt 1 view .LVU134
 248:Core/Src/user_diskio_spi.c **** 	}
 583              		.loc 1 248 6 is_stmt 0 view .LVU135
 584 003e 1F23     		movs	r3, #31
 585 0040 0340     		ands	r3, r0
 586 0042 052B     		cmp	r3, #5
 587 0044 01D1     		bne	.L38
 250:Core/Src/user_diskio_spi.c **** }
 588              		.loc 1 250 9 view .LVU136
 589 0046 0120     		movs	r0, #1
 590              	.LVL70:
 250:Core/Src/user_diskio_spi.c **** }
 591              		.loc 1 250 9 view .LVU137
 592 0048 E3E7     		b	.L35
 593              	.LVL71:
 594              	.L38:
 248:Core/Src/user_diskio_spi.c **** 	}
 595              		.loc 1 248 37 discriminator 1 view .LVU138
 596 004a 0020     		movs	r0, #0
 597              	.LVL72:
 248:Core/Src/user_diskio_spi.c **** 	}
 598              		.loc 1 248 37 discriminator 1 view .LVU139
 599 004c E1E7     		b	.L35
 600              		.cfi_endproc
 601              	.LFE502:
 603              		.section	.text.SPI_Timer_On,"ax",%progbits
 604              		.align	1
 605              		.global	SPI_Timer_On
 606              		.syntax unified
 607              		.code	16
 608              		.thumb_func
 610              	SPI_Timer_On:
 611              	.LVL73:
 612              	.LFB493:
  89:Core/Src/user_diskio_spi.c ****     spiTimerTickStart = HAL_GetTick();
 613              		.loc 1 89 39 is_stmt 1 view -0
 614              		.cfi_startproc
 615              		@ args = 0, pretend = 0, frame = 0
 616              		@ frame_needed = 0, uses_anonymous_args = 0
  89:Core/Src/user_diskio_spi.c ****     spiTimerTickStart = HAL_GetTick();
 617              		.loc 1 89 39 is_stmt 0 view .LVU141
 618 0000 10B5     		push	{r4, lr}
 619              		.cfi_def_cfa_offset 8
 620              		.cfi_offset 4, -8
 621              		.cfi_offset 14, -4
 622 0002 0400     		movs	r4, r0
  90:Core/Src/user_diskio_spi.c ****     spiTimerTickDelay = waitTicks;
 623              		.loc 1 90 5 is_stmt 1 view .LVU142
  90:Core/Src/user_diskio_spi.c ****     spiTimerTickDelay = waitTicks;
 624              		.loc 1 90 25 is_stmt 0 view .LVU143
ARM GAS  C:\Users\sante\AppData\Local\Temp\ccGpHc2L.s 			page 18


 625 0004 FFF7FEFF 		bl	HAL_GetTick
 626              	.LVL74:
  90:Core/Src/user_diskio_spi.c ****     spiTimerTickDelay = waitTicks;
 627              		.loc 1 90 23 discriminator 1 view .LVU144
 628 0008 024B     		ldr	r3, .L42
 629 000a 1860     		str	r0, [r3]
  91:Core/Src/user_diskio_spi.c **** }
 630              		.loc 1 91 5 is_stmt 1 view .LVU145
  91:Core/Src/user_diskio_spi.c **** }
 631              		.loc 1 91 23 is_stmt 0 view .LVU146
 632 000c 024B     		ldr	r3, .L42+4
 633 000e 1C60     		str	r4, [r3]
  92:Core/Src/user_diskio_spi.c **** 
 634              		.loc 1 92 1 view .LVU147
 635              		@ sp needed
 636              	.LVL75:
  92:Core/Src/user_diskio_spi.c **** 
 637              		.loc 1 92 1 view .LVU148
 638 0010 10BD     		pop	{r4, pc}
 639              	.L43:
 640 0012 C046     		.align	2
 641              	.L42:
 642 0014 00000000 		.word	spiTimerTickStart
 643 0018 00000000 		.word	spiTimerTickDelay
 644              		.cfi_endproc
 645              	.LFE493:
 647              		.section	.text.SPI_Timer_Status,"ax",%progbits
 648              		.align	1
 649              		.global	SPI_Timer_Status
 650              		.syntax unified
 651              		.code	16
 652              		.thumb_func
 654              	SPI_Timer_Status:
 655              	.LFB494:
  94:Core/Src/user_diskio_spi.c ****     return ((HAL_GetTick() - spiTimerTickStart) < spiTimerTickDelay);
 656              		.loc 1 94 28 is_stmt 1 view -0
 657              		.cfi_startproc
 658              		@ args = 0, pretend = 0, frame = 0
 659              		@ frame_needed = 0, uses_anonymous_args = 0
 660 0000 10B5     		push	{r4, lr}
 661              		.cfi_def_cfa_offset 8
 662              		.cfi_offset 4, -8
 663              		.cfi_offset 14, -4
  95:Core/Src/user_diskio_spi.c **** }
 664              		.loc 1 95 5 view .LVU150
  95:Core/Src/user_diskio_spi.c **** }
 665              		.loc 1 95 14 is_stmt 0 view .LVU151
 666 0002 FFF7FEFF 		bl	HAL_GetTick
 667              	.LVL76:
  95:Core/Src/user_diskio_spi.c **** }
 668              		.loc 1 95 28 discriminator 1 view .LVU152
 669 0006 044B     		ldr	r3, .L45
 670 0008 1B68     		ldr	r3, [r3]
 671 000a C01A     		subs	r0, r0, r3
  95:Core/Src/user_diskio_spi.c **** }
 672              		.loc 1 95 49 discriminator 1 view .LVU153
 673 000c 034B     		ldr	r3, .L45+4
ARM GAS  C:\Users\sante\AppData\Local\Temp\ccGpHc2L.s 			page 19


 674 000e 1B68     		ldr	r3, [r3]
 675 0010 9842     		cmp	r0, r3
 676 0012 8041     		sbcs	r0, r0, r0
 677 0014 4042     		rsbs	r0, r0, #0
  96:Core/Src/user_diskio_spi.c **** 
 678              		.loc 1 96 1 view .LVU154
 679              		@ sp needed
 680 0016 10BD     		pop	{r4, pc}
 681              	.L46:
 682              		.align	2
 683              	.L45:
 684 0018 00000000 		.word	spiTimerTickStart
 685 001c 00000000 		.word	spiTimerTickDelay
 686              		.cfi_endproc
 687              	.LFE494:
 689              		.section	.text.rcvr_datablock,"ax",%progbits
 690              		.align	1
 691              		.syntax unified
 692              		.code	16
 693              		.thumb_func
 695              	rcvr_datablock:
 696              	.LVL77:
 697              	.LFB501:
 207:Core/Src/user_diskio_spi.c **** 	BYTE token;
 698              		.loc 1 207 1 is_stmt 1 view -0
 699              		.cfi_startproc
 700              		@ args = 0, pretend = 0, frame = 0
 701              		@ frame_needed = 0, uses_anonymous_args = 0
 207:Core/Src/user_diskio_spi.c **** 	BYTE token;
 702              		.loc 1 207 1 is_stmt 0 view .LVU156
 703 0000 70B5     		push	{r4, r5, r6, lr}
 704              		.cfi_def_cfa_offset 16
 705              		.cfi_offset 4, -16
 706              		.cfi_offset 5, -12
 707              		.cfi_offset 6, -8
 708              		.cfi_offset 14, -4
 709 0002 0500     		movs	r5, r0
 710 0004 0E00     		movs	r6, r1
 208:Core/Src/user_diskio_spi.c **** 
 711              		.loc 1 208 2 is_stmt 1 view .LVU157
 211:Core/Src/user_diskio_spi.c **** 	do {							/* Wait for DataStart token in timeout of 200ms */
 712              		.loc 1 211 2 view .LVU158
 713 0006 C820     		movs	r0, #200
 714              	.LVL78:
 211:Core/Src/user_diskio_spi.c **** 	do {							/* Wait for DataStart token in timeout of 200ms */
 715              		.loc 1 211 2 is_stmt 0 view .LVU159
 716 0008 FFF7FEFF 		bl	SPI_Timer_On
 717              	.LVL79:
 718              	.L49:
 212:Core/Src/user_diskio_spi.c **** 		token = xchg_spi(0xFF);
 719              		.loc 1 212 2 is_stmt 1 view .LVU160
 213:Core/Src/user_diskio_spi.c **** 		/* This loop will take a time. Insert rot_rdq() here for multitask envilonment. */
 720              		.loc 1 213 3 view .LVU161
 213:Core/Src/user_diskio_spi.c **** 		/* This loop will take a time. Insert rot_rdq() here for multitask envilonment. */
 721              		.loc 1 213 11 is_stmt 0 view .LVU162
 722 000c FF20     		movs	r0, #255
 723 000e FFF7FEFF 		bl	xchg_spi
ARM GAS  C:\Users\sante\AppData\Local\Temp\ccGpHc2L.s 			page 20


 724              	.LVL80:
 725 0012 0400     		movs	r4, r0
 726              	.LVL81:
 215:Core/Src/user_diskio_spi.c **** 	if(token != 0xFE) return 0;		/* Function fails if invalid DataStart token or timeout */
 727              		.loc 1 215 27 is_stmt 1 discriminator 2 view .LVU163
 728 0014 FF28     		cmp	r0, #255
 729 0016 03D1     		bne	.L48
 215:Core/Src/user_diskio_spi.c **** 	if(token != 0xFE) return 0;		/* Function fails if invalid DataStart token or timeout */
 730              		.loc 1 215 30 is_stmt 0 discriminator 1 view .LVU164
 731 0018 FFF7FEFF 		bl	SPI_Timer_Status
 732              	.LVL82:
 215:Core/Src/user_diskio_spi.c **** 	if(token != 0xFE) return 0;		/* Function fails if invalid DataStart token or timeout */
 733              		.loc 1 215 27 discriminator 1 view .LVU165
 734 001c 0028     		cmp	r0, #0
 735 001e F5D1     		bne	.L49
 736              	.L48:
 216:Core/Src/user_diskio_spi.c **** 
 737              		.loc 1 216 2 is_stmt 1 view .LVU166
 216:Core/Src/user_diskio_spi.c **** 
 738              		.loc 1 216 4 is_stmt 0 view .LVU167
 739 0020 FE2C     		cmp	r4, #254
 740 0022 01D0     		beq	.L52
 216:Core/Src/user_diskio_spi.c **** 
 741              		.loc 1 216 27 discriminator 1 view .LVU168
 742 0024 0020     		movs	r0, #0
 743              	.L47:
 222:Core/Src/user_diskio_spi.c **** 
 744              		.loc 1 222 1 view .LVU169
 745              		@ sp needed
 746              	.LVL83:
 747              	.LVL84:
 748              	.LVL85:
 222:Core/Src/user_diskio_spi.c **** 
 749              		.loc 1 222 1 view .LVU170
 750 0026 70BD     		pop	{r4, r5, r6, pc}
 751              	.LVL86:
 752              	.L52:
 218:Core/Src/user_diskio_spi.c **** 	xchg_spi(0xFF); xchg_spi(0xFF);			/* Discard CRC */
 753              		.loc 1 218 2 is_stmt 1 view .LVU171
 754 0028 3100     		movs	r1, r6
 755 002a 2800     		movs	r0, r5
 756 002c FFF7FEFF 		bl	rcvr_spi_multi
 757              	.LVL87:
 219:Core/Src/user_diskio_spi.c **** 
 758              		.loc 1 219 2 view .LVU172
 759 0030 FF20     		movs	r0, #255
 760 0032 FFF7FEFF 		bl	xchg_spi
 761              	.LVL88:
 219:Core/Src/user_diskio_spi.c **** 
 762              		.loc 1 219 18 discriminator 1 view .LVU173
 763 0036 FF20     		movs	r0, #255
 764 0038 FFF7FEFF 		bl	xchg_spi
 765              	.LVL89:
 221:Core/Src/user_diskio_spi.c **** }
 766              		.loc 1 221 2 view .LVU174
 221:Core/Src/user_diskio_spi.c **** }
 767              		.loc 1 221 9 is_stmt 0 view .LVU175
ARM GAS  C:\Users\sante\AppData\Local\Temp\ccGpHc2L.s 			page 21


 768 003c 0120     		movs	r0, #1
 769 003e F2E7     		b	.L47
 770              		.cfi_endproc
 771              	.LFE501:
 773              		.section	.text.USER_SPI_initialize,"ax",%progbits
 774              		.align	1
 775              		.global	USER_SPI_initialize
 776              		.syntax unified
 777              		.code	16
 778              		.thumb_func
 780              	USER_SPI_initialize:
 781              	.LVL90:
 782              	.LFB504:
 300:Core/Src/user_diskio_spi.c **** 
 301:Core/Src/user_diskio_spi.c **** 
 302:Core/Src/user_diskio_spi.c **** /*--------------------------------------------------------------------------
 303:Core/Src/user_diskio_spi.c **** 
 304:Core/Src/user_diskio_spi.c ****    Public FatFs Functions (wrapped in user_diskio.c)
 305:Core/Src/user_diskio_spi.c **** 
 306:Core/Src/user_diskio_spi.c **** ---------------------------------------------------------------------------*/
 307:Core/Src/user_diskio_spi.c **** 
 308:Core/Src/user_diskio_spi.c **** //The following functions are defined as inline because they aren't the functions that
 309:Core/Src/user_diskio_spi.c **** //are passed to FatFs - they are wrapped by autogenerated (non-inline) cubemx template
 310:Core/Src/user_diskio_spi.c **** //code.
 311:Core/Src/user_diskio_spi.c **** //If you do not wish to use cubemx, remove the "inline" from these functions here
 312:Core/Src/user_diskio_spi.c **** //and in the associated .h
 313:Core/Src/user_diskio_spi.c **** 
 314:Core/Src/user_diskio_spi.c **** 
 315:Core/Src/user_diskio_spi.c **** /*-----------------------------------------------------------------------*/
 316:Core/Src/user_diskio_spi.c **** /* Initialize disk drive                                                 */
 317:Core/Src/user_diskio_spi.c **** /*-----------------------------------------------------------------------*/
 318:Core/Src/user_diskio_spi.c **** 
 319:Core/Src/user_diskio_spi.c **** inline DSTATUS USER_SPI_initialize (
 320:Core/Src/user_diskio_spi.c **** 	BYTE drv		/* Physical drive number (0) */
 321:Core/Src/user_diskio_spi.c **** )
 322:Core/Src/user_diskio_spi.c **** {
 783              		.loc 1 322 1 is_stmt 1 view -0
 784              		.cfi_startproc
 785              		@ args = 0, pretend = 0, frame = 8
 786              		@ frame_needed = 0, uses_anonymous_args = 0
 787              		.loc 1 322 1 is_stmt 0 view .LVU177
 788 0000 70B5     		push	{r4, r5, r6, lr}
 789              		.cfi_def_cfa_offset 16
 790              		.cfi_offset 4, -16
 791              		.cfi_offset 5, -12
 792              		.cfi_offset 6, -8
 793              		.cfi_offset 14, -4
 794 0002 82B0     		sub	sp, sp, #8
 795              		.cfi_def_cfa_offset 24
 323:Core/Src/user_diskio_spi.c **** 	BYTE n, cmd, ty, ocr[4];
 796              		.loc 1 323 2 is_stmt 1 view .LVU178
 324:Core/Src/user_diskio_spi.c **** 
 325:Core/Src/user_diskio_spi.c **** 	if (drv != 0) return STA_NOINIT;		/* Supports only drive 0 */
 797              		.loc 1 325 2 view .LVU179
 798              		.loc 1 325 5 is_stmt 0 view .LVU180
 799 0004 0028     		cmp	r0, #0
 800 0006 00D0     		beq	.LCB676
ARM GAS  C:\Users\sante\AppData\Local\Temp\ccGpHc2L.s 			page 22


 801 0008 A7E0     		b	.L71	@long jump
 802              	.LCB676:
 326:Core/Src/user_diskio_spi.c **** 	//assume SPI already init init_spi();	/* Initialize SPI */
 327:Core/Src/user_diskio_spi.c **** 
 328:Core/Src/user_diskio_spi.c **** 	if (Stat & STA_NODISK) return Stat;	/* Is card existing in the soket? */
 803              		.loc 1 328 2 is_stmt 1 view .LVU181
 804              		.loc 1 328 11 is_stmt 0 view .LVU182
 805 000a 554B     		ldr	r3, .L85
 806 000c 1B78     		ldrb	r3, [r3]
 807              		.loc 1 328 5 view .LVU183
 808 000e 9B07     		lsls	r3, r3, #30
 809 0010 10D4     		bmi	.L78
 329:Core/Src/user_diskio_spi.c **** 
 330:Core/Src/user_diskio_spi.c **** 	FCLK_SLOW();
 810              		.loc 1 330 2 is_stmt 1 view .LVU184
 811 0012 544B     		ldr	r3, .L85+4
 812 0014 1A68     		ldr	r2, [r3]
 813 0016 1368     		ldr	r3, [r2]
 814 0018 3821     		movs	r1, #56
 815 001a 8B43     		bics	r3, r1
 816 001c 0839     		subs	r1, r1, #8
 817 001e 0B43     		orrs	r3, r1
 818 0020 1360     		str	r3, [r2]
 819              		.loc 1 330 13 view .LVU185
 331:Core/Src/user_diskio_spi.c **** 	for (n = 10; n; n--) xchg_spi(0xFF);	/* Send 80 dummy clocks */
 820              		.loc 1 331 2 view .LVU186
 821              	.LVL91:
 822              		.loc 1 331 9 is_stmt 0 view .LVU187
 823 0022 0A24     		movs	r4, #10
 824              	.LVL92:
 825              	.L56:
 826              		.loc 1 331 15 is_stmt 1 discriminator 2 view .LVU188
 827 0024 002C     		cmp	r4, #0
 828 0026 09D0     		beq	.L79
 829              		.loc 1 331 23 discriminator 3 view .LVU189
 830 0028 FF20     		movs	r0, #255
 831 002a FFF7FEFF 		bl	xchg_spi
 832              	.LVL93:
 833              		.loc 1 331 19 discriminator 3 view .LVU190
 834 002e 013C     		subs	r4, r4, #1
 835              	.LVL94:
 836              		.loc 1 331 19 is_stmt 0 discriminator 3 view .LVU191
 837 0030 E4B2     		uxtb	r4, r4
 838              	.LVL95:
 839              		.loc 1 331 19 discriminator 3 view .LVU192
 840 0032 F7E7     		b	.L56
 841              	.LVL96:
 842              	.L78:
 328:Core/Src/user_diskio_spi.c **** 
 843              		.loc 1 328 25 is_stmt 1 discriminator 1 view .LVU193
 328:Core/Src/user_diskio_spi.c **** 
 844              		.loc 1 328 32 is_stmt 0 discriminator 1 view .LVU194
 845 0034 4A4B     		ldr	r3, .L85
 846 0036 1878     		ldrb	r0, [r3]
 847              	.LVL97:
 328:Core/Src/user_diskio_spi.c **** 
 848              		.loc 1 328 32 discriminator 1 view .LVU195
ARM GAS  C:\Users\sante\AppData\Local\Temp\ccGpHc2L.s 			page 23


 849 0038 C0B2     		uxtb	r0, r0
 328:Core/Src/user_diskio_spi.c **** 
 850              		.loc 1 328 32 view .LVU196
 851 003a 1EE0     		b	.L54
 852              	.LVL98:
 853              	.L79:
 332:Core/Src/user_diskio_spi.c **** 
 333:Core/Src/user_diskio_spi.c **** 	ty = 0;
 854              		.loc 1 333 2 is_stmt 1 view .LVU197
 334:Core/Src/user_diskio_spi.c **** 	if (send_cmd(CMD0, 0) == 1) {			/* Put the card SPI/Idle state */
 855              		.loc 1 334 2 view .LVU198
 856              		.loc 1 334 6 is_stmt 0 view .LVU199
 857 003c 0021     		movs	r1, #0
 858 003e 0020     		movs	r0, #0
 859 0040 FFF7FEFF 		bl	send_cmd
 860              	.LVL99:
 861 0044 0500     		movs	r5, r0
 862 0046 0600     		movs	r6, r0
 863              		.loc 1 334 5 discriminator 1 view .LVU200
 864 0048 0128     		cmp	r0, #1
 865 004a 18D0     		beq	.L80
 866              	.LVL100:
 867              	.L58:
 335:Core/Src/user_diskio_spi.c **** 		SPI_Timer_On(1000);					/* Initialization timeout = 1 sec */
 336:Core/Src/user_diskio_spi.c **** 		if (send_cmd(CMD8, 0x1AA) == 1) {	/* SDv2? */
 337:Core/Src/user_diskio_spi.c **** 			for (n = 0; n < 4; n++) ocr[n] = xchg_spi(0xFF);	/* Get 32 bit return value of R7 resp */
 338:Core/Src/user_diskio_spi.c **** 			if (ocr[2] == 0x01 && ocr[3] == 0xAA) {				/* Is the card supports vcc of 2.7-3.6V? */
 339:Core/Src/user_diskio_spi.c **** 				while (SPI_Timer_Status() && send_cmd(ACMD41, 1UL << 30)) ;	/* Wait for end of initialization w
 340:Core/Src/user_diskio_spi.c **** 				if (SPI_Timer_Status() && send_cmd(CMD58, 0) == 0) {		/* Check CCS bit in the OCR */
 341:Core/Src/user_diskio_spi.c **** 					for (n = 0; n < 4; n++) ocr[n] = xchg_spi(0xFF);
 342:Core/Src/user_diskio_spi.c **** 					ty = (ocr[0] & 0x40) ? CT_SD2 | CT_BLOCK : CT_SD2;	/* Card id SDv2 */
 343:Core/Src/user_diskio_spi.c **** 				}
 344:Core/Src/user_diskio_spi.c **** 			}
 345:Core/Src/user_diskio_spi.c **** 		} else {	/* Not SDv2 card */
 346:Core/Src/user_diskio_spi.c **** 			if (send_cmd(ACMD41, 0) <= 1) 	{	/* SDv1 or MMC? */
 347:Core/Src/user_diskio_spi.c **** 				ty = CT_SD1; cmd = ACMD41;	/* SDv1 (ACMD41(0)) */
 348:Core/Src/user_diskio_spi.c **** 			} else {
 349:Core/Src/user_diskio_spi.c **** 				ty = CT_MMC; cmd = CMD1;	/* MMCv3 (CMD1(0)) */
 350:Core/Src/user_diskio_spi.c **** 			}
 351:Core/Src/user_diskio_spi.c **** 			while (SPI_Timer_Status() && send_cmd(cmd, 0)) ;		/* Wait for end of initialization */
 352:Core/Src/user_diskio_spi.c **** 			if (!SPI_Timer_Status() || send_cmd(CMD16, 512) != 0)	/* Set block length: 512 */
 353:Core/Src/user_diskio_spi.c **** 				ty = 0;
 354:Core/Src/user_diskio_spi.c **** 		}
 355:Core/Src/user_diskio_spi.c **** 	}
 356:Core/Src/user_diskio_spi.c **** 	CardType = ty;	/* Card type */
 868              		.loc 1 356 2 is_stmt 1 view .LVU201
 869              		.loc 1 356 11 is_stmt 0 view .LVU202
 870 004c 464B     		ldr	r3, .L85+8
 871 004e 1C70     		strb	r4, [r3]
 357:Core/Src/user_diskio_spi.c **** 	despiselect();
 872              		.loc 1 357 2 is_stmt 1 view .LVU203
 873 0050 FFF7FEFF 		bl	despiselect
 874              	.LVL101:
 358:Core/Src/user_diskio_spi.c **** 
 359:Core/Src/user_diskio_spi.c **** 	if (ty) {			/* OK */
 875              		.loc 1 359 2 view .LVU204
 876              		.loc 1 359 5 is_stmt 0 view .LVU205
ARM GAS  C:\Users\sante\AppData\Local\Temp\ccGpHc2L.s 			page 24


 877 0054 002C     		cmp	r4, #0
 878 0056 00D1     		bne	.LCB752
 879 0058 7BE0     		b	.L69	@long jump
 880              	.LCB752:
 360:Core/Src/user_diskio_spi.c **** 		FCLK_FAST();			/* Set fast clock */
 881              		.loc 1 360 3 is_stmt 1 view .LVU206
 882 005a 424B     		ldr	r3, .L85+4
 883 005c 1A68     		ldr	r2, [r3]
 884 005e 1368     		ldr	r3, [r2]
 885 0060 3821     		movs	r1, #56
 886 0062 8B43     		bics	r3, r1
 887 0064 2839     		subs	r1, r1, #40
 888 0066 0B43     		orrs	r3, r1
 889 0068 1360     		str	r3, [r2]
 890              		.loc 1 360 14 view .LVU207
 361:Core/Src/user_diskio_spi.c **** 		Stat &= ~STA_NOINIT;	/* Clear STA_NOINIT flag */
 891              		.loc 1 361 3 view .LVU208
 892              		.loc 1 361 8 is_stmt 0 view .LVU209
 893 006a 3D4A     		ldr	r2, .L85
 894 006c 1378     		ldrb	r3, [r2]
 895 006e 0F39     		subs	r1, r1, #15
 896 0070 8B43     		bics	r3, r1
 897 0072 1370     		strb	r3, [r2]
 898              	.L70:
 362:Core/Src/user_diskio_spi.c **** 	} else {			/* Failed */
 363:Core/Src/user_diskio_spi.c **** 		Stat = STA_NOINIT;
 364:Core/Src/user_diskio_spi.c **** 	}
 365:Core/Src/user_diskio_spi.c **** 
 366:Core/Src/user_diskio_spi.c **** 	return Stat;
 899              		.loc 1 366 2 is_stmt 1 view .LVU210
 900              		.loc 1 366 9 is_stmt 0 view .LVU211
 901 0074 3A4B     		ldr	r3, .L85
 902 0076 1878     		ldrb	r0, [r3]
 903 0078 C0B2     		uxtb	r0, r0
 904              	.LVL102:
 905              	.L54:
 367:Core/Src/user_diskio_spi.c **** }
 906              		.loc 1 367 1 view .LVU212
 907 007a 02B0     		add	sp, sp, #8
 908              		@ sp needed
 909 007c 70BD     		pop	{r4, r5, r6, pc}
 910              	.LVL103:
 911              	.L80:
 335:Core/Src/user_diskio_spi.c **** 		if (send_cmd(CMD8, 0x1AA) == 1) {	/* SDv2? */
 912              		.loc 1 335 3 is_stmt 1 view .LVU213
 913 007e FA20     		movs	r0, #250
 914 0080 8000     		lsls	r0, r0, #2
 915 0082 FFF7FEFF 		bl	SPI_Timer_On
 916              	.LVL104:
 336:Core/Src/user_diskio_spi.c **** 			for (n = 0; n < 4; n++) ocr[n] = xchg_spi(0xFF);	/* Get 32 bit return value of R7 resp */
 917              		.loc 1 336 3 view .LVU214
 336:Core/Src/user_diskio_spi.c **** 			for (n = 0; n < 4; n++) ocr[n] = xchg_spi(0xFF);	/* Get 32 bit return value of R7 resp */
 918              		.loc 1 336 7 is_stmt 0 view .LVU215
 919 0086 D521     		movs	r1, #213
 920 0088 4900     		lsls	r1, r1, #1
 921 008a 0820     		movs	r0, #8
 922 008c FFF7FEFF 		bl	send_cmd
ARM GAS  C:\Users\sante\AppData\Local\Temp\ccGpHc2L.s 			page 25


 923              	.LVL105:
 336:Core/Src/user_diskio_spi.c **** 			for (n = 0; n < 4; n++) ocr[n] = xchg_spi(0xFF);	/* Get 32 bit return value of R7 resp */
 924              		.loc 1 336 6 discriminator 1 view .LVU216
 925 0090 0128     		cmp	r0, #1
 926 0092 39D1     		bne	.L81
 337:Core/Src/user_diskio_spi.c **** 			if (ocr[2] == 0x01 && ocr[3] == 0xAA) {				/* Is the card supports vcc of 2.7-3.6V? */
 927              		.loc 1 337 11 view .LVU217
 928 0094 2500     		movs	r5, r4
 929 0096 06E0     		b	.L59
 930              	.LVL106:
 931              	.L61:
 337:Core/Src/user_diskio_spi.c **** 			if (ocr[2] == 0x01 && ocr[3] == 0xAA) {				/* Is the card supports vcc of 2.7-3.6V? */
 932              		.loc 1 337 28 is_stmt 1 discriminator 3 view .LVU218
 337:Core/Src/user_diskio_spi.c **** 			if (ocr[2] == 0x01 && ocr[3] == 0xAA) {				/* Is the card supports vcc of 2.7-3.6V? */
 933              		.loc 1 337 37 is_stmt 0 discriminator 3 view .LVU219
 934 0098 FF20     		movs	r0, #255
 935 009a FFF7FEFF 		bl	xchg_spi
 936              	.LVL107:
 337:Core/Src/user_diskio_spi.c **** 			if (ocr[2] == 0x01 && ocr[3] == 0xAA) {				/* Is the card supports vcc of 2.7-3.6V? */
 937              		.loc 1 337 35 discriminator 3 view .LVU220
 938 009e 01AB     		add	r3, sp, #4
 939 00a0 5855     		strb	r0, [r3, r5]
 337:Core/Src/user_diskio_spi.c **** 			if (ocr[2] == 0x01 && ocr[3] == 0xAA) {				/* Is the card supports vcc of 2.7-3.6V? */
 940              		.loc 1 337 24 is_stmt 1 discriminator 3 view .LVU221
 941 00a2 0135     		adds	r5, r5, #1
 942              	.LVL108:
 337:Core/Src/user_diskio_spi.c **** 			if (ocr[2] == 0x01 && ocr[3] == 0xAA) {				/* Is the card supports vcc of 2.7-3.6V? */
 943              		.loc 1 337 24 is_stmt 0 discriminator 3 view .LVU222
 944 00a4 EDB2     		uxtb	r5, r5
 945              	.LVL109:
 946              	.L59:
 337:Core/Src/user_diskio_spi.c **** 			if (ocr[2] == 0x01 && ocr[3] == 0xAA) {				/* Is the card supports vcc of 2.7-3.6V? */
 947              		.loc 1 337 18 is_stmt 1 discriminator 2 view .LVU223
 948 00a6 032D     		cmp	r5, #3
 949 00a8 F6D9     		bls	.L61
 338:Core/Src/user_diskio_spi.c **** 				while (SPI_Timer_Status() && send_cmd(ACMD41, 1UL << 30)) ;	/* Wait for end of initialization w
 950              		.loc 1 338 4 view .LVU224
 338:Core/Src/user_diskio_spi.c **** 				while (SPI_Timer_Status() && send_cmd(ACMD41, 1UL << 30)) ;	/* Wait for end of initialization w
 951              		.loc 1 338 11 is_stmt 0 view .LVU225
 952 00aa 01AB     		add	r3, sp, #4
 953 00ac 9B78     		ldrb	r3, [r3, #2]
 338:Core/Src/user_diskio_spi.c **** 				while (SPI_Timer_Status() && send_cmd(ACMD41, 1UL << 30)) ;	/* Wait for end of initialization w
 954              		.loc 1 338 7 view .LVU226
 955 00ae 012B     		cmp	r3, #1
 956 00b0 CCD1     		bne	.L58
 338:Core/Src/user_diskio_spi.c **** 				while (SPI_Timer_Status() && send_cmd(ACMD41, 1UL << 30)) ;	/* Wait for end of initialization w
 957              		.loc 1 338 29 discriminator 1 view .LVU227
 958 00b2 01AB     		add	r3, sp, #4
 959 00b4 DB78     		ldrb	r3, [r3, #3]
 338:Core/Src/user_diskio_spi.c **** 				while (SPI_Timer_Status() && send_cmd(ACMD41, 1UL << 30)) ;	/* Wait for end of initialization w
 960              		.loc 1 338 23 discriminator 1 view .LVU228
 961 00b6 AA2B     		cmp	r3, #170
 962 00b8 C8D1     		bne	.L58
 963              	.L63:
 339:Core/Src/user_diskio_spi.c **** 				if (SPI_Timer_Status() && send_cmd(CMD58, 0) == 0) {		/* Check CCS bit in the OCR */
 964              		.loc 1 339 31 is_stmt 1 discriminator 2 view .LVU229
 339:Core/Src/user_diskio_spi.c **** 				if (SPI_Timer_Status() && send_cmd(CMD58, 0) == 0) {		/* Check CCS bit in the OCR */
ARM GAS  C:\Users\sante\AppData\Local\Temp\ccGpHc2L.s 			page 26


 965              		.loc 1 339 12 is_stmt 0 discriminator 2 view .LVU230
 966 00ba FFF7FEFF 		bl	SPI_Timer_Status
 967              	.LVL110:
 339:Core/Src/user_diskio_spi.c **** 				if (SPI_Timer_Status() && send_cmd(CMD58, 0) == 0) {		/* Check CCS bit in the OCR */
 968              		.loc 1 339 31 discriminator 2 view .LVU231
 969 00be 0028     		cmp	r0, #0
 970 00c0 06D0     		beq	.L62
 339:Core/Src/user_diskio_spi.c **** 				if (SPI_Timer_Status() && send_cmd(CMD58, 0) == 0) {		/* Check CCS bit in the OCR */
 971              		.loc 1 339 34 discriminator 1 view .LVU232
 972 00c2 8021     		movs	r1, #128
 973 00c4 C905     		lsls	r1, r1, #23
 974 00c6 A920     		movs	r0, #169
 975 00c8 FFF7FEFF 		bl	send_cmd
 976              	.LVL111:
 339:Core/Src/user_diskio_spi.c **** 				if (SPI_Timer_Status() && send_cmd(CMD58, 0) == 0) {		/* Check CCS bit in the OCR */
 977              		.loc 1 339 31 discriminator 1 view .LVU233
 978 00cc 0028     		cmp	r0, #0
 979 00ce F4D1     		bne	.L63
 980              	.L62:
 340:Core/Src/user_diskio_spi.c **** 					for (n = 0; n < 4; n++) ocr[n] = xchg_spi(0xFF);
 981              		.loc 1 340 5 is_stmt 1 view .LVU234
 340:Core/Src/user_diskio_spi.c **** 					for (n = 0; n < 4; n++) ocr[n] = xchg_spi(0xFF);
 982              		.loc 1 340 9 is_stmt 0 view .LVU235
 983 00d0 FFF7FEFF 		bl	SPI_Timer_Status
 984              	.LVL112:
 340:Core/Src/user_diskio_spi.c **** 					for (n = 0; n < 4; n++) ocr[n] = xchg_spi(0xFF);
 985              		.loc 1 340 8 discriminator 1 view .LVU236
 986 00d4 0028     		cmp	r0, #0
 987 00d6 01D1     		bne	.L82
 333:Core/Src/user_diskio_spi.c **** 	if (send_cmd(CMD0, 0) == 1) {			/* Put the card SPI/Idle state */
 988              		.loc 1 333 5 view .LVU237
 989 00d8 0400     		movs	r4, r0
 990 00da B7E7     		b	.L58
 991              	.L82:
 340:Core/Src/user_diskio_spi.c **** 					for (n = 0; n < 4; n++) ocr[n] = xchg_spi(0xFF);
 992              		.loc 1 340 31 discriminator 1 view .LVU238
 993 00dc 0021     		movs	r1, #0
 994 00de 3A20     		movs	r0, #58
 995 00e0 FFF7FEFF 		bl	send_cmd
 996              	.LVL113:
 997 00e4 051E     		subs	r5, r0, #0
 998              	.LVL114:
 340:Core/Src/user_diskio_spi.c **** 					for (n = 0; n < 4; n++) ocr[n] = xchg_spi(0xFF);
 999              		.loc 1 340 28 discriminator 1 view .LVU239
 1000 00e6 07D0     		beq	.L64
 1001 00e8 B0E7     		b	.L58
 1002              	.LVL115:
 1003              	.L65:
 341:Core/Src/user_diskio_spi.c **** 					ty = (ocr[0] & 0x40) ? CT_SD2 | CT_BLOCK : CT_SD2;	/* Card id SDv2 */
 1004              		.loc 1 341 30 is_stmt 1 discriminator 3 view .LVU240
 341:Core/Src/user_diskio_spi.c **** 					ty = (ocr[0] & 0x40) ? CT_SD2 | CT_BLOCK : CT_SD2;	/* Card id SDv2 */
 1005              		.loc 1 341 39 is_stmt 0 discriminator 3 view .LVU241
 1006 00ea FF20     		movs	r0, #255
 1007 00ec FFF7FEFF 		bl	xchg_spi
 1008              	.LVL116:
 341:Core/Src/user_diskio_spi.c **** 					ty = (ocr[0] & 0x40) ? CT_SD2 | CT_BLOCK : CT_SD2;	/* Card id SDv2 */
 1009              		.loc 1 341 37 discriminator 3 view .LVU242
ARM GAS  C:\Users\sante\AppData\Local\Temp\ccGpHc2L.s 			page 27


 1010 00f0 01AB     		add	r3, sp, #4
 1011 00f2 5855     		strb	r0, [r3, r5]
 341:Core/Src/user_diskio_spi.c **** 					ty = (ocr[0] & 0x40) ? CT_SD2 | CT_BLOCK : CT_SD2;	/* Card id SDv2 */
 1012              		.loc 1 341 26 is_stmt 1 discriminator 3 view .LVU243
 1013 00f4 0135     		adds	r5, r5, #1
 1014              	.LVL117:
 341:Core/Src/user_diskio_spi.c **** 					ty = (ocr[0] & 0x40) ? CT_SD2 | CT_BLOCK : CT_SD2;	/* Card id SDv2 */
 1015              		.loc 1 341 26 is_stmt 0 discriminator 3 view .LVU244
 1016 00f6 EDB2     		uxtb	r5, r5
 1017              	.LVL118:
 1018              	.L64:
 341:Core/Src/user_diskio_spi.c **** 					ty = (ocr[0] & 0x40) ? CT_SD2 | CT_BLOCK : CT_SD2;	/* Card id SDv2 */
 1019              		.loc 1 341 20 is_stmt 1 discriminator 2 view .LVU245
 1020 00f8 032D     		cmp	r5, #3
 1021 00fa F6D9     		bls	.L65
 342:Core/Src/user_diskio_spi.c **** 				}
 1022              		.loc 1 342 6 view .LVU246
 342:Core/Src/user_diskio_spi.c **** 				}
 1023              		.loc 1 342 15 is_stmt 0 view .LVU247
 1024 00fc 01AB     		add	r3, sp, #4
 1025 00fe 1B78     		ldrb	r3, [r3]
 342:Core/Src/user_diskio_spi.c **** 				}
 1026              		.loc 1 342 9 view .LVU248
 1027 0100 5B06     		lsls	r3, r3, #25
 1028 0102 24D5     		bpl	.L74
 342:Core/Src/user_diskio_spi.c **** 				}
 1029              		.loc 1 342 9 discriminator 1 view .LVU249
 1030 0104 0C24     		movs	r4, #12
 1031 0106 A1E7     		b	.L58
 1032              	.LVL119:
 1033              	.L81:
 346:Core/Src/user_diskio_spi.c **** 				ty = CT_SD1; cmd = ACMD41;	/* SDv1 (ACMD41(0)) */
 1034              		.loc 1 346 4 is_stmt 1 view .LVU250
 346:Core/Src/user_diskio_spi.c **** 				ty = CT_SD1; cmd = ACMD41;	/* SDv1 (ACMD41(0)) */
 1035              		.loc 1 346 8 is_stmt 0 view .LVU251
 1036 0108 0021     		movs	r1, #0
 1037 010a A920     		movs	r0, #169
 1038 010c FFF7FEFF 		bl	send_cmd
 1039              	.LVL120:
 346:Core/Src/user_diskio_spi.c **** 				ty = CT_SD1; cmd = ACMD41;	/* SDv1 (ACMD41(0)) */
 1040              		.loc 1 346 7 discriminator 1 view .LVU252
 1041 0110 0128     		cmp	r0, #1
 1042 0112 0FD9     		bls	.L83
 1043              	.LVL121:
 1044              	.L68:
 351:Core/Src/user_diskio_spi.c **** 			if (!SPI_Timer_Status() || send_cmd(CMD16, 512) != 0)	/* Set block length: 512 */
 1045              		.loc 1 351 30 is_stmt 1 discriminator 2 view .LVU253
 351:Core/Src/user_diskio_spi.c **** 			if (!SPI_Timer_Status() || send_cmd(CMD16, 512) != 0)	/* Set block length: 512 */
 1046              		.loc 1 351 11 is_stmt 0 discriminator 2 view .LVU254
 1047 0114 FFF7FEFF 		bl	SPI_Timer_Status
 1048              	.LVL122:
 351:Core/Src/user_diskio_spi.c **** 			if (!SPI_Timer_Status() || send_cmd(CMD16, 512) != 0)	/* Set block length: 512 */
 1049              		.loc 1 351 30 discriminator 2 view .LVU255
 1050 0118 0028     		cmp	r0, #0
 1051 011a 05D0     		beq	.L67
 351:Core/Src/user_diskio_spi.c **** 			if (!SPI_Timer_Status() || send_cmd(CMD16, 512) != 0)	/* Set block length: 512 */
 1052              		.loc 1 351 33 discriminator 1 view .LVU256
ARM GAS  C:\Users\sante\AppData\Local\Temp\ccGpHc2L.s 			page 28


 1053 011c 0021     		movs	r1, #0
 1054 011e 3000     		movs	r0, r6
 1055 0120 FFF7FEFF 		bl	send_cmd
 1056              	.LVL123:
 351:Core/Src/user_diskio_spi.c **** 			if (!SPI_Timer_Status() || send_cmd(CMD16, 512) != 0)	/* Set block length: 512 */
 1057              		.loc 1 351 30 discriminator 1 view .LVU257
 1058 0124 0028     		cmp	r0, #0
 1059 0126 F5D1     		bne	.L68
 1060              	.L67:
 352:Core/Src/user_diskio_spi.c **** 				ty = 0;
 1061              		.loc 1 352 4 is_stmt 1 view .LVU258
 352:Core/Src/user_diskio_spi.c **** 				ty = 0;
 1062              		.loc 1 352 9 is_stmt 0 view .LVU259
 1063 0128 FFF7FEFF 		bl	SPI_Timer_Status
 1064              	.LVL124:
 352:Core/Src/user_diskio_spi.c **** 				ty = 0;
 1065              		.loc 1 352 7 discriminator 1 view .LVU260
 1066 012c 0028     		cmp	r0, #0
 1067 012e 04D1     		bne	.L84
 353:Core/Src/user_diskio_spi.c **** 		}
 1068              		.loc 1 353 8 view .LVU261
 1069 0130 0400     		movs	r4, r0
 1070              	.LVL125:
 353:Core/Src/user_diskio_spi.c **** 		}
 1071              		.loc 1 353 8 view .LVU262
 1072 0132 8BE7     		b	.L58
 1073              	.LVL126:
 1074              	.L83:
 347:Core/Src/user_diskio_spi.c **** 			} else {
 1075              		.loc 1 347 8 view .LVU263
 1076 0134 0225     		movs	r5, #2
 347:Core/Src/user_diskio_spi.c **** 			} else {
 1077              		.loc 1 347 22 view .LVU264
 1078 0136 A926     		movs	r6, #169
 1079 0138 ECE7     		b	.L68
 1080              	.LVL127:
 1081              	.L84:
 352:Core/Src/user_diskio_spi.c **** 				ty = 0;
 1082              		.loc 1 352 31 discriminator 1 view .LVU265
 1083 013a 8021     		movs	r1, #128
 1084 013c 8900     		lsls	r1, r1, #2
 1085 013e 1020     		movs	r0, #16
 1086 0140 FFF7FEFF 		bl	send_cmd
 1087              	.LVL128:
 352:Core/Src/user_diskio_spi.c **** 				ty = 0;
 1088              		.loc 1 352 28 discriminator 1 view .LVU266
 1089 0144 0028     		cmp	r0, #0
 1090 0146 00D0     		beq	.LCB958
 1091 0148 80E7     		b	.L58	@long jump
 1092              	.LCB958:
 1093 014a 2C00     		movs	r4, r5
 1094              	.LVL129:
 352:Core/Src/user_diskio_spi.c **** 				ty = 0;
 1095              		.loc 1 352 28 discriminator 1 view .LVU267
 1096 014c 7EE7     		b	.L58
 1097              	.LVL130:
 1098              	.L74:
ARM GAS  C:\Users\sante\AppData\Local\Temp\ccGpHc2L.s 			page 29


 342:Core/Src/user_diskio_spi.c **** 				}
 1099              		.loc 1 342 9 discriminator 2 view .LVU268
 1100 014e 0424     		movs	r4, #4
 1101 0150 7CE7     		b	.L58
 1102              	.LVL131:
 1103              	.L69:
 363:Core/Src/user_diskio_spi.c **** 	}
 1104              		.loc 1 363 3 is_stmt 1 view .LVU269
 363:Core/Src/user_diskio_spi.c **** 	}
 1105              		.loc 1 363 8 is_stmt 0 view .LVU270
 1106 0152 034B     		ldr	r3, .L85
 1107 0154 0122     		movs	r2, #1
 1108 0156 1A70     		strb	r2, [r3]
 1109 0158 8CE7     		b	.L70
 1110              	.LVL132:
 1111              	.L71:
 325:Core/Src/user_diskio_spi.c **** 	//assume SPI already init init_spi();	/* Initialize SPI */
 1112              		.loc 1 325 23 discriminator 1 view .LVU271
 1113 015a 0120     		movs	r0, #1
 1114              	.LVL133:
 325:Core/Src/user_diskio_spi.c **** 	//assume SPI already init init_spi();	/* Initialize SPI */
 1115              		.loc 1 325 23 discriminator 1 view .LVU272
 1116 015c 8DE7     		b	.L54
 1117              	.L86:
 1118 015e C046     		.align	2
 1119              	.L85:
 1120 0160 00000000 		.word	Stat
 1121 0164 00000000 		.word	hspi2
 1122 0168 00000000 		.word	CardType
 1123              		.cfi_endproc
 1124              	.LFE504:
 1126              		.section	.text.USER_SPI_status,"ax",%progbits
 1127              		.align	1
 1128              		.global	USER_SPI_status
 1129              		.syntax unified
 1130              		.code	16
 1131              		.thumb_func
 1133              	USER_SPI_status:
 1134              	.LVL134:
 1135              	.LFB505:
 368:Core/Src/user_diskio_spi.c **** 
 369:Core/Src/user_diskio_spi.c **** 
 370:Core/Src/user_diskio_spi.c **** 
 371:Core/Src/user_diskio_spi.c **** /*-----------------------------------------------------------------------*/
 372:Core/Src/user_diskio_spi.c **** /* Get disk status                                                       */
 373:Core/Src/user_diskio_spi.c **** /*-----------------------------------------------------------------------*/
 374:Core/Src/user_diskio_spi.c **** 
 375:Core/Src/user_diskio_spi.c **** inline DSTATUS USER_SPI_status (
 376:Core/Src/user_diskio_spi.c **** 	BYTE drv		/* Physical drive number (0) */
 377:Core/Src/user_diskio_spi.c **** )
 378:Core/Src/user_diskio_spi.c **** {
 1136              		.loc 1 378 1 is_stmt 1 view -0
 1137              		.cfi_startproc
 1138              		@ args = 0, pretend = 0, frame = 0
 1139              		@ frame_needed = 0, uses_anonymous_args = 0
 1140              		@ link register save eliminated.
 379:Core/Src/user_diskio_spi.c **** 	if (drv) return STA_NOINIT;		/* Supports only drive 0 */
ARM GAS  C:\Users\sante\AppData\Local\Temp\ccGpHc2L.s 			page 30


 1141              		.loc 1 379 2 view .LVU274
 1142              		.loc 1 379 5 is_stmt 0 view .LVU275
 1143 0000 0028     		cmp	r0, #0
 1144 0002 03D1     		bne	.L89
 380:Core/Src/user_diskio_spi.c **** 
 381:Core/Src/user_diskio_spi.c **** 	return Stat;	/* Return disk status */
 1145              		.loc 1 381 2 is_stmt 1 view .LVU276
 1146              		.loc 1 381 9 is_stmt 0 view .LVU277
 1147 0004 024B     		ldr	r3, .L90
 1148 0006 1878     		ldrb	r0, [r3]
 1149              	.LVL135:
 1150              		.loc 1 381 9 view .LVU278
 1151 0008 C0B2     		uxtb	r0, r0
 1152              	.L88:
 382:Core/Src/user_diskio_spi.c **** }
 1153              		.loc 1 382 1 view .LVU279
 1154              		@ sp needed
 1155 000a 7047     		bx	lr
 1156              	.LVL136:
 1157              	.L89:
 379:Core/Src/user_diskio_spi.c **** 	if (drv) return STA_NOINIT;		/* Supports only drive 0 */
 1158              		.loc 1 379 18 discriminator 1 view .LVU280
 1159 000c 0120     		movs	r0, #1
 1160              	.LVL137:
 379:Core/Src/user_diskio_spi.c **** 	if (drv) return STA_NOINIT;		/* Supports only drive 0 */
 1161              		.loc 1 379 18 discriminator 1 view .LVU281
 1162 000e FCE7     		b	.L88
 1163              	.L91:
 1164              		.align	2
 1165              	.L90:
 1166 0010 00000000 		.word	Stat
 1167              		.cfi_endproc
 1168              	.LFE505:
 1170              		.section	.text.USER_SPI_read,"ax",%progbits
 1171              		.align	1
 1172              		.global	USER_SPI_read
 1173              		.syntax unified
 1174              		.code	16
 1175              		.thumb_func
 1177              	USER_SPI_read:
 1178              	.LVL138:
 1179              	.LFB506:
 383:Core/Src/user_diskio_spi.c **** 
 384:Core/Src/user_diskio_spi.c **** 
 385:Core/Src/user_diskio_spi.c **** 
 386:Core/Src/user_diskio_spi.c **** /*-----------------------------------------------------------------------*/
 387:Core/Src/user_diskio_spi.c **** /* Read sector(s)                                                        */
 388:Core/Src/user_diskio_spi.c **** /*-----------------------------------------------------------------------*/
 389:Core/Src/user_diskio_spi.c **** 
 390:Core/Src/user_diskio_spi.c **** inline DRESULT USER_SPI_read (
 391:Core/Src/user_diskio_spi.c **** 	BYTE drv,		/* Physical drive number (0) */
 392:Core/Src/user_diskio_spi.c **** 	BYTE *buff,		/* Pointer to the data buffer to store read data */
 393:Core/Src/user_diskio_spi.c **** 	DWORD sector,	/* Start sector number (LBA) */
 394:Core/Src/user_diskio_spi.c **** 	UINT count		/* Number of sectors to read (1..128) */
 395:Core/Src/user_diskio_spi.c **** )
 396:Core/Src/user_diskio_spi.c **** {
 1180              		.loc 1 396 1 is_stmt 1 view -0
ARM GAS  C:\Users\sante\AppData\Local\Temp\ccGpHc2L.s 			page 31


 1181              		.cfi_startproc
 1182              		@ args = 0, pretend = 0, frame = 0
 1183              		@ frame_needed = 0, uses_anonymous_args = 0
 1184              		.loc 1 396 1 is_stmt 0 view .LVU283
 1185 0000 70B5     		push	{r4, r5, r6, lr}
 1186              		.cfi_def_cfa_offset 16
 1187              		.cfi_offset 4, -16
 1188              		.cfi_offset 5, -12
 1189              		.cfi_offset 6, -8
 1190              		.cfi_offset 14, -4
 1191 0002 0D00     		movs	r5, r1
 1192 0004 1100     		movs	r1, r2
 1193              	.LVL139:
 1194              		.loc 1 396 1 view .LVU284
 1195 0006 1C00     		movs	r4, r3
 397:Core/Src/user_diskio_spi.c **** 	if (drv || !count) return RES_PARERR;		/* Check parameter */
 1196              		.loc 1 397 2 is_stmt 1 view .LVU285
 1197              		.loc 1 397 5 is_stmt 0 view .LVU286
 1198 0008 0028     		cmp	r0, #0
 1199 000a 37D1     		bne	.L99
 1200              		.loc 1 397 10 discriminator 2 view .LVU287
 1201 000c 002B     		cmp	r3, #0
 1202 000e 37D0     		beq	.L100
 398:Core/Src/user_diskio_spi.c **** 	if (Stat & STA_NOINIT) return RES_NOTRDY;	/* Check if drive is ready */
 1203              		.loc 1 398 2 is_stmt 1 view .LVU288
 1204              		.loc 1 398 11 is_stmt 0 view .LVU289
 1205 0010 1D4B     		ldr	r3, .L105
 1206              	.LVL140:
 1207              		.loc 1 398 11 view .LVU290
 1208 0012 1B78     		ldrb	r3, [r3]
 1209              		.loc 1 398 5 view .LVU291
 1210 0014 DB07     		lsls	r3, r3, #31
 1211 0016 35D4     		bmi	.L101
 399:Core/Src/user_diskio_spi.c **** 
 400:Core/Src/user_diskio_spi.c **** 	if (!(CardType & CT_BLOCK)) sector *= 512;	/* LBA ot BA conversion (byte addressing cards) */
 1212              		.loc 1 400 2 is_stmt 1 view .LVU292
 1213              		.loc 1 400 17 is_stmt 0 view .LVU293
 1214 0018 1C4B     		ldr	r3, .L105+4
 1215 001a 1B78     		ldrb	r3, [r3]
 1216              		.loc 1 400 5 view .LVU294
 1217 001c 1B07     		lsls	r3, r3, #28
 1218 001e 00D4     		bmi	.L94
 1219              		.loc 1 400 30 is_stmt 1 discriminator 1 view .LVU295
 1220              		.loc 1 400 37 is_stmt 0 discriminator 1 view .LVU296
 1221 0020 5102     		lsls	r1, r2, #9
 1222              	.L94:
 1223              	.LVL141:
 401:Core/Src/user_diskio_spi.c **** 
 402:Core/Src/user_diskio_spi.c **** 	if (count == 1) {	/* Single sector read */
 1224              		.loc 1 402 2 is_stmt 1 view .LVU297
 1225              		.loc 1 402 5 is_stmt 0 view .LVU298
 1226 0022 012C     		cmp	r4, #1
 1227 0024 1CD0     		beq	.L104
 403:Core/Src/user_diskio_spi.c **** 		if ((send_cmd(CMD17, sector) == 0)	/* READ_SINGLE_BLOCK */
 404:Core/Src/user_diskio_spi.c **** 			&& rcvr_datablock(buff, 512)) {
 405:Core/Src/user_diskio_spi.c **** 			count = 0;
 406:Core/Src/user_diskio_spi.c **** 		}
ARM GAS  C:\Users\sante\AppData\Local\Temp\ccGpHc2L.s 			page 32


 407:Core/Src/user_diskio_spi.c **** 	}
 408:Core/Src/user_diskio_spi.c **** 	else {				/* Multiple sector read */
 409:Core/Src/user_diskio_spi.c **** 		if (send_cmd(CMD18, sector) == 0) {	/* READ_MULTIPLE_BLOCK */
 1228              		.loc 1 409 3 is_stmt 1 view .LVU299
 1229              		.loc 1 409 7 is_stmt 0 view .LVU300
 1230 0026 1220     		movs	r0, #18
 1231              	.LVL142:
 1232              		.loc 1 409 7 view .LVU301
 1233 0028 FFF7FEFF 		bl	send_cmd
 1234              	.LVL143:
 1235              		.loc 1 409 6 discriminator 1 view .LVU302
 1236 002c 0028     		cmp	r0, #0
 1237 002e 11D1     		bne	.L96
 1238              	.L98:
 410:Core/Src/user_diskio_spi.c **** 			do {
 1239              		.loc 1 410 4 is_stmt 1 view .LVU303
 411:Core/Src/user_diskio_spi.c **** 				if (!rcvr_datablock(buff, 512)) break;
 1240              		.loc 1 411 5 view .LVU304
 1241              		.loc 1 411 10 is_stmt 0 view .LVU305
 1242 0030 8021     		movs	r1, #128
 1243 0032 8900     		lsls	r1, r1, #2
 1244 0034 2800     		movs	r0, r5
 1245 0036 FFF7FEFF 		bl	rcvr_datablock
 1246              	.LVL144:
 1247              		.loc 1 411 8 discriminator 1 view .LVU306
 1248 003a 0028     		cmp	r0, #0
 1249 003c 06D0     		beq	.L97
 412:Core/Src/user_diskio_spi.c **** 				buff += 512;
 1250              		.loc 1 412 5 is_stmt 1 view .LVU307
 1251              		.loc 1 412 10 is_stmt 0 view .LVU308
 1252 003e 8023     		movs	r3, #128
 1253 0040 9B00     		lsls	r3, r3, #2
 1254 0042 9C46     		mov	ip, r3
 1255 0044 6544     		add	r5, r5, ip
 1256              	.LVL145:
 413:Core/Src/user_diskio_spi.c **** 			} while (--count);
 1257              		.loc 1 413 13 is_stmt 1 view .LVU309
 1258 0046 013C     		subs	r4, r4, #1
 1259              	.LVL146:
 1260              		.loc 1 413 13 is_stmt 0 view .LVU310
 1261 0048 002C     		cmp	r4, #0
 1262 004a F1D1     		bne	.L98
 1263              	.L97:
 414:Core/Src/user_diskio_spi.c **** 			send_cmd(CMD12, 0);				/* STOP_TRANSMISSION */
 1264              		.loc 1 414 4 is_stmt 1 view .LVU311
 1265 004c 0021     		movs	r1, #0
 1266 004e 0C20     		movs	r0, #12
 1267 0050 FFF7FEFF 		bl	send_cmd
 1268              	.LVL147:
 1269              	.L96:
 415:Core/Src/user_diskio_spi.c **** 		}
 416:Core/Src/user_diskio_spi.c **** 	}
 417:Core/Src/user_diskio_spi.c **** 	despiselect();
 1270              		.loc 1 417 2 view .LVU312
 1271 0054 FFF7FEFF 		bl	despiselect
 1272              	.LVL148:
 418:Core/Src/user_diskio_spi.c **** 
ARM GAS  C:\Users\sante\AppData\Local\Temp\ccGpHc2L.s 			page 33


 419:Core/Src/user_diskio_spi.c **** 	return count ? RES_ERROR : RES_OK;	/* Return result */
 1273              		.loc 1 419 2 view .LVU313
 1274              		.loc 1 419 27 is_stmt 0 view .LVU314
 1275 0058 631E     		subs	r3, r4, #1
 1276 005a 9C41     		sbcs	r4, r4, r3
 1277              	.LVL149:
 1278              		.loc 1 419 27 view .LVU315
 1279 005c E0B2     		uxtb	r0, r4
 1280              	.LVL150:
 1281              	.L93:
 420:Core/Src/user_diskio_spi.c **** }
 1282              		.loc 1 420 1 view .LVU316
 1283              		@ sp needed
 1284              	.LVL151:
 1285              		.loc 1 420 1 view .LVU317
 1286 005e 70BD     		pop	{r4, r5, r6, pc}
 1287              	.LVL152:
 1288              	.L104:
 403:Core/Src/user_diskio_spi.c **** 			&& rcvr_datablock(buff, 512)) {
 1289              		.loc 1 403 3 is_stmt 1 view .LVU318
 403:Core/Src/user_diskio_spi.c **** 			&& rcvr_datablock(buff, 512)) {
 1290              		.loc 1 403 8 is_stmt 0 view .LVU319
 1291 0060 1120     		movs	r0, #17
 1292              	.LVL153:
 403:Core/Src/user_diskio_spi.c **** 			&& rcvr_datablock(buff, 512)) {
 1293              		.loc 1 403 8 view .LVU320
 1294 0062 FFF7FEFF 		bl	send_cmd
 1295              	.LVL154:
 403:Core/Src/user_diskio_spi.c **** 			&& rcvr_datablock(buff, 512)) {
 1296              		.loc 1 403 6 discriminator 1 view .LVU321
 1297 0066 0028     		cmp	r0, #0
 1298 0068 F4D1     		bne	.L96
 404:Core/Src/user_diskio_spi.c **** 			count = 0;
 1299              		.loc 1 404 7 view .LVU322
 1300 006a 8021     		movs	r1, #128
 1301 006c 8900     		lsls	r1, r1, #2
 1302 006e 2800     		movs	r0, r5
 1303 0070 FFF7FEFF 		bl	rcvr_datablock
 1304              	.LVL155:
 404:Core/Src/user_diskio_spi.c **** 			count = 0;
 1305              		.loc 1 404 4 discriminator 1 view .LVU323
 1306 0074 0028     		cmp	r0, #0
 1307 0076 EDD0     		beq	.L96
 405:Core/Src/user_diskio_spi.c **** 		}
 1308              		.loc 1 405 10 view .LVU324
 1309 0078 0024     		movs	r4, #0
 1310              	.LVL156:
 405:Core/Src/user_diskio_spi.c **** 		}
 1311              		.loc 1 405 10 view .LVU325
 1312 007a EBE7     		b	.L96
 1313              	.LVL157:
 1314              	.L99:
 397:Core/Src/user_diskio_spi.c **** 	if (Stat & STA_NOINIT) return RES_NOTRDY;	/* Check if drive is ready */
 1315              		.loc 1 397 28 discriminator 3 view .LVU326
 1316 007c 0420     		movs	r0, #4
 1317              	.LVL158:
 397:Core/Src/user_diskio_spi.c **** 	if (Stat & STA_NOINIT) return RES_NOTRDY;	/* Check if drive is ready */
ARM GAS  C:\Users\sante\AppData\Local\Temp\ccGpHc2L.s 			page 34


 1318              		.loc 1 397 28 discriminator 3 view .LVU327
 1319 007e EEE7     		b	.L93
 1320              	.LVL159:
 1321              	.L100:
 397:Core/Src/user_diskio_spi.c **** 	if (Stat & STA_NOINIT) return RES_NOTRDY;	/* Check if drive is ready */
 1322              		.loc 1 397 28 discriminator 3 view .LVU328
 1323 0080 0420     		movs	r0, #4
 1324              	.LVL160:
 397:Core/Src/user_diskio_spi.c **** 	if (Stat & STA_NOINIT) return RES_NOTRDY;	/* Check if drive is ready */
 1325              		.loc 1 397 28 discriminator 3 view .LVU329
 1326 0082 ECE7     		b	.L93
 1327              	.LVL161:
 1328              	.L101:
 398:Core/Src/user_diskio_spi.c **** 
 1329              		.loc 1 398 32 discriminator 1 view .LVU330
 1330 0084 0320     		movs	r0, #3
 1331              	.LVL162:
 398:Core/Src/user_diskio_spi.c **** 
 1332              		.loc 1 398 32 discriminator 1 view .LVU331
 1333 0086 EAE7     		b	.L93
 1334              	.L106:
 1335              		.align	2
 1336              	.L105:
 1337 0088 00000000 		.word	Stat
 1338 008c 00000000 		.word	CardType
 1339              		.cfi_endproc
 1340              	.LFE506:
 1342              		.section	.text.USER_SPI_write,"ax",%progbits
 1343              		.align	1
 1344              		.global	USER_SPI_write
 1345              		.syntax unified
 1346              		.code	16
 1347              		.thumb_func
 1349              	USER_SPI_write:
 1350              	.LVL163:
 1351              	.LFB507:
 421:Core/Src/user_diskio_spi.c **** 
 422:Core/Src/user_diskio_spi.c **** 
 423:Core/Src/user_diskio_spi.c **** 
 424:Core/Src/user_diskio_spi.c **** /*-----------------------------------------------------------------------*/
 425:Core/Src/user_diskio_spi.c **** /* Write sector(s)                                                       */
 426:Core/Src/user_diskio_spi.c **** /*-----------------------------------------------------------------------*/
 427:Core/Src/user_diskio_spi.c **** 
 428:Core/Src/user_diskio_spi.c **** #if _USE_WRITE
 429:Core/Src/user_diskio_spi.c **** inline DRESULT USER_SPI_write (
 430:Core/Src/user_diskio_spi.c **** 	BYTE drv,			/* Physical drive number (0) */
 431:Core/Src/user_diskio_spi.c **** 	const BYTE *buff,	/* Ponter to the data to write */
 432:Core/Src/user_diskio_spi.c **** 	DWORD sector,		/* Start sector number (LBA) */
 433:Core/Src/user_diskio_spi.c **** 	UINT count			/* Number of sectors to write (1..128) */
 434:Core/Src/user_diskio_spi.c **** )
 435:Core/Src/user_diskio_spi.c **** {
 1352              		.loc 1 435 1 is_stmt 1 view -0
 1353              		.cfi_startproc
 1354              		@ args = 0, pretend = 0, frame = 0
 1355              		@ frame_needed = 0, uses_anonymous_args = 0
 1356              		.loc 1 435 1 is_stmt 0 view .LVU333
 1357 0000 70B5     		push	{r4, r5, r6, lr}
ARM GAS  C:\Users\sante\AppData\Local\Temp\ccGpHc2L.s 			page 35


 1358              		.cfi_def_cfa_offset 16
 1359              		.cfi_offset 4, -16
 1360              		.cfi_offset 5, -12
 1361              		.cfi_offset 6, -8
 1362              		.cfi_offset 14, -4
 1363 0002 0D00     		movs	r5, r1
 1364 0004 1600     		movs	r6, r2
 1365 0006 1C00     		movs	r4, r3
 436:Core/Src/user_diskio_spi.c **** 	if (drv || !count) return RES_PARERR;		/* Check parameter */
 1366              		.loc 1 436 2 is_stmt 1 view .LVU334
 1367              		.loc 1 436 5 is_stmt 0 view .LVU335
 1368 0008 0028     		cmp	r0, #0
 1369 000a 47D1     		bne	.L115
 1370              		.loc 1 436 10 discriminator 2 view .LVU336
 1371 000c 002B     		cmp	r3, #0
 1372 000e 47D0     		beq	.L116
 437:Core/Src/user_diskio_spi.c **** 	if (Stat & STA_NOINIT) return RES_NOTRDY;	/* Check drive status */
 1373              		.loc 1 437 2 is_stmt 1 view .LVU337
 1374              		.loc 1 437 11 is_stmt 0 view .LVU338
 1375 0010 264B     		ldr	r3, .L124
 1376              	.LVL164:
 1377              		.loc 1 437 11 view .LVU339
 1378 0012 1B78     		ldrb	r3, [r3]
 1379              		.loc 1 437 5 view .LVU340
 1380 0014 DB07     		lsls	r3, r3, #31
 1381 0016 45D4     		bmi	.L117
 438:Core/Src/user_diskio_spi.c **** 	if (Stat & STA_PROTECT) return RES_WRPRT;	/* Check write protect */
 1382              		.loc 1 438 2 is_stmt 1 view .LVU341
 1383              		.loc 1 438 11 is_stmt 0 view .LVU342
 1384 0018 244B     		ldr	r3, .L124
 1385 001a 1B78     		ldrb	r3, [r3]
 1386              		.loc 1 438 5 view .LVU343
 1387 001c 5B07     		lsls	r3, r3, #29
 1388 001e 43D4     		bmi	.L118
 439:Core/Src/user_diskio_spi.c **** 
 440:Core/Src/user_diskio_spi.c **** 	if (!(CardType & CT_BLOCK)) sector *= 512;	/* LBA ==> BA conversion (byte addressing cards) */
 1389              		.loc 1 440 2 is_stmt 1 view .LVU344
 1390              		.loc 1 440 17 is_stmt 0 view .LVU345
 1391 0020 234B     		ldr	r3, .L124+4
 1392 0022 1B78     		ldrb	r3, [r3]
 1393              		.loc 1 440 5 view .LVU346
 1394 0024 1A07     		lsls	r2, r3, #28
 1395 0026 00D4     		bmi	.L109
 1396              	.LVL165:
 1397              		.loc 1 440 30 is_stmt 1 discriminator 1 view .LVU347
 1398              		.loc 1 440 37 is_stmt 0 discriminator 1 view .LVU348
 1399 0028 7602     		lsls	r6, r6, #9
 1400              	.LVL166:
 1401              	.L109:
 441:Core/Src/user_diskio_spi.c **** 
 442:Core/Src/user_diskio_spi.c **** 	if (count == 1) {	/* Single sector write */
 1402              		.loc 1 442 2 is_stmt 1 view .LVU349
 1403              		.loc 1 442 5 is_stmt 0 view .LVU350
 1404 002a 012C     		cmp	r4, #1
 1405 002c 21D0     		beq	.L122
 443:Core/Src/user_diskio_spi.c **** 		if ((send_cmd(CMD24, sector) == 0)	/* WRITE_BLOCK */
 444:Core/Src/user_diskio_spi.c **** 			&& xmit_datablock(buff, 0xFE)) {
ARM GAS  C:\Users\sante\AppData\Local\Temp\ccGpHc2L.s 			page 36


 445:Core/Src/user_diskio_spi.c **** 			count = 0;
 446:Core/Src/user_diskio_spi.c **** 		}
 447:Core/Src/user_diskio_spi.c **** 	}
 448:Core/Src/user_diskio_spi.c **** 	else {				/* Multiple sector write */
 449:Core/Src/user_diskio_spi.c **** 		if (CardType & CT_SDC) send_cmd(ACMD23, count);	/* Predefine number of sectors */
 1406              		.loc 1 449 3 is_stmt 1 view .LVU351
 1407              		.loc 1 449 6 is_stmt 0 view .LVU352
 1408 002e 0622     		movs	r2, #6
 1409 0030 1A42     		tst	r2, r3
 1410 0032 2CD1     		bne	.L123
 1411              	.LVL167:
 1412              	.L112:
 450:Core/Src/user_diskio_spi.c **** 		if (send_cmd(CMD25, sector) == 0) {	/* WRITE_MULTIPLE_BLOCK */
 1413              		.loc 1 450 3 is_stmt 1 view .LVU353
 1414              		.loc 1 450 7 is_stmt 0 view .LVU354
 1415 0034 3100     		movs	r1, r6
 1416 0036 1920     		movs	r0, #25
 1417 0038 FFF7FEFF 		bl	send_cmd
 1418              	.LVL168:
 1419              		.loc 1 450 6 discriminator 1 view .LVU355
 1420 003c 0028     		cmp	r0, #0
 1421 003e 12D1     		bne	.L111
 1422              	.L114:
 451:Core/Src/user_diskio_spi.c **** 			do {
 1423              		.loc 1 451 4 is_stmt 1 view .LVU356
 452:Core/Src/user_diskio_spi.c **** 				if (!xmit_datablock(buff, 0xFC)) break;
 1424              		.loc 1 452 5 view .LVU357
 1425              		.loc 1 452 10 is_stmt 0 view .LVU358
 1426 0040 FC21     		movs	r1, #252
 1427 0042 2800     		movs	r0, r5
 1428 0044 FFF7FEFF 		bl	xmit_datablock
 1429              	.LVL169:
 1430              		.loc 1 452 8 discriminator 1 view .LVU359
 1431 0048 0028     		cmp	r0, #0
 1432 004a 06D0     		beq	.L113
 453:Core/Src/user_diskio_spi.c **** 				buff += 512;
 1433              		.loc 1 453 5 is_stmt 1 view .LVU360
 1434              		.loc 1 453 10 is_stmt 0 view .LVU361
 1435 004c 8023     		movs	r3, #128
 1436 004e 9B00     		lsls	r3, r3, #2
 1437 0050 9C46     		mov	ip, r3
 1438 0052 6544     		add	r5, r5, ip
 1439              	.LVL170:
 454:Core/Src/user_diskio_spi.c **** 			} while (--count);
 1440              		.loc 1 454 13 is_stmt 1 view .LVU362
 1441 0054 013C     		subs	r4, r4, #1
 1442              	.LVL171:
 1443              		.loc 1 454 13 is_stmt 0 view .LVU363
 1444 0056 002C     		cmp	r4, #0
 1445 0058 F2D1     		bne	.L114
 1446              	.L113:
 455:Core/Src/user_diskio_spi.c **** 			if (!xmit_datablock(0, 0xFD)) count = 1;	/* STOP_TRAN token */
 1447              		.loc 1 455 4 is_stmt 1 view .LVU364
 1448              		.loc 1 455 9 is_stmt 0 view .LVU365
 1449 005a FD21     		movs	r1, #253
 1450 005c 0020     		movs	r0, #0
 1451 005e FFF7FEFF 		bl	xmit_datablock
ARM GAS  C:\Users\sante\AppData\Local\Temp\ccGpHc2L.s 			page 37


 1452              	.LVL172:
 1453              		.loc 1 455 7 discriminator 1 view .LVU366
 1454 0062 0028     		cmp	r0, #0
 1455 0064 18D0     		beq	.L120
 1456              	.LVL173:
 1457              	.L111:
 456:Core/Src/user_diskio_spi.c **** 		}
 457:Core/Src/user_diskio_spi.c **** 	}
 458:Core/Src/user_diskio_spi.c **** 	despiselect();
 1458              		.loc 1 458 2 is_stmt 1 view .LVU367
 1459 0066 FFF7FEFF 		bl	despiselect
 1460              	.LVL174:
 459:Core/Src/user_diskio_spi.c **** 
 460:Core/Src/user_diskio_spi.c **** 	return count ? RES_ERROR : RES_OK;	/* Return result */
 1461              		.loc 1 460 2 view .LVU368
 1462              		.loc 1 460 27 is_stmt 0 view .LVU369
 1463 006a 631E     		subs	r3, r4, #1
 1464 006c 9C41     		sbcs	r4, r4, r3
 1465              	.LVL175:
 1466              		.loc 1 460 27 view .LVU370
 1467 006e E0B2     		uxtb	r0, r4
 1468              	.LVL176:
 1469              	.L108:
 461:Core/Src/user_diskio_spi.c **** }
 1470              		.loc 1 461 1 view .LVU371
 1471              		@ sp needed
 1472              	.LVL177:
 1473              	.LVL178:
 1474              		.loc 1 461 1 view .LVU372
 1475 0070 70BD     		pop	{r4, r5, r6, pc}
 1476              	.LVL179:
 1477              	.L122:
 443:Core/Src/user_diskio_spi.c **** 			&& xmit_datablock(buff, 0xFE)) {
 1478              		.loc 1 443 3 is_stmt 1 view .LVU373
 443:Core/Src/user_diskio_spi.c **** 			&& xmit_datablock(buff, 0xFE)) {
 1479              		.loc 1 443 8 is_stmt 0 view .LVU374
 1480 0072 3100     		movs	r1, r6
 1481              	.LVL180:
 443:Core/Src/user_diskio_spi.c **** 			&& xmit_datablock(buff, 0xFE)) {
 1482              		.loc 1 443 8 view .LVU375
 1483 0074 1820     		movs	r0, #24
 1484              	.LVL181:
 443:Core/Src/user_diskio_spi.c **** 			&& xmit_datablock(buff, 0xFE)) {
 1485              		.loc 1 443 8 view .LVU376
 1486 0076 FFF7FEFF 		bl	send_cmd
 1487              	.LVL182:
 443:Core/Src/user_diskio_spi.c **** 			&& xmit_datablock(buff, 0xFE)) {
 1488              		.loc 1 443 6 discriminator 1 view .LVU377
 1489 007a 0028     		cmp	r0, #0
 1490 007c F3D1     		bne	.L111
 444:Core/Src/user_diskio_spi.c **** 			count = 0;
 1491              		.loc 1 444 7 view .LVU378
 1492 007e FE21     		movs	r1, #254
 1493 0080 2800     		movs	r0, r5
 1494 0082 FFF7FEFF 		bl	xmit_datablock
 1495              	.LVL183:
 444:Core/Src/user_diskio_spi.c **** 			count = 0;
ARM GAS  C:\Users\sante\AppData\Local\Temp\ccGpHc2L.s 			page 38


 1496              		.loc 1 444 4 discriminator 1 view .LVU379
 1497 0086 0028     		cmp	r0, #0
 1498 0088 EDD0     		beq	.L111
 445:Core/Src/user_diskio_spi.c **** 		}
 1499              		.loc 1 445 10 view .LVU380
 1500 008a 0024     		movs	r4, #0
 1501              	.LVL184:
 445:Core/Src/user_diskio_spi.c **** 		}
 1502              		.loc 1 445 10 view .LVU381
 1503 008c EBE7     		b	.L111
 1504              	.LVL185:
 1505              	.L123:
 449:Core/Src/user_diskio_spi.c **** 		if (send_cmd(CMD25, sector) == 0) {	/* WRITE_MULTIPLE_BLOCK */
 1506              		.loc 1 449 26 is_stmt 1 discriminator 1 view .LVU382
 1507 008e 2100     		movs	r1, r4
 1508              	.LVL186:
 449:Core/Src/user_diskio_spi.c **** 		if (send_cmd(CMD25, sector) == 0) {	/* WRITE_MULTIPLE_BLOCK */
 1509              		.loc 1 449 26 is_stmt 0 discriminator 1 view .LVU383
 1510 0090 9720     		movs	r0, #151
 1511              	.LVL187:
 449:Core/Src/user_diskio_spi.c **** 		if (send_cmd(CMD25, sector) == 0) {	/* WRITE_MULTIPLE_BLOCK */
 1512              		.loc 1 449 26 discriminator 1 view .LVU384
 1513 0092 FFF7FEFF 		bl	send_cmd
 1514              	.LVL188:
 1515 0096 CDE7     		b	.L112
 1516              	.L120:
 455:Core/Src/user_diskio_spi.c **** 		}
 1517              		.loc 1 455 40 discriminator 1 view .LVU385
 1518 0098 0124     		movs	r4, #1
 1519              	.LVL189:
 455:Core/Src/user_diskio_spi.c **** 		}
 1520              		.loc 1 455 40 discriminator 1 view .LVU386
 1521 009a E4E7     		b	.L111
 1522              	.LVL190:
 1523              	.L115:
 436:Core/Src/user_diskio_spi.c **** 	if (Stat & STA_NOINIT) return RES_NOTRDY;	/* Check drive status */
 1524              		.loc 1 436 28 discriminator 3 view .LVU387
 1525 009c 0420     		movs	r0, #4
 1526              	.LVL191:
 436:Core/Src/user_diskio_spi.c **** 	if (Stat & STA_NOINIT) return RES_NOTRDY;	/* Check drive status */
 1527              		.loc 1 436 28 discriminator 3 view .LVU388
 1528 009e E7E7     		b	.L108
 1529              	.LVL192:
 1530              	.L116:
 436:Core/Src/user_diskio_spi.c **** 	if (Stat & STA_NOINIT) return RES_NOTRDY;	/* Check drive status */
 1531              		.loc 1 436 28 discriminator 3 view .LVU389
 1532 00a0 0420     		movs	r0, #4
 1533              	.LVL193:
 436:Core/Src/user_diskio_spi.c **** 	if (Stat & STA_NOINIT) return RES_NOTRDY;	/* Check drive status */
 1534              		.loc 1 436 28 discriminator 3 view .LVU390
 1535 00a2 E5E7     		b	.L108
 1536              	.LVL194:
 1537              	.L117:
 437:Core/Src/user_diskio_spi.c **** 	if (Stat & STA_PROTECT) return RES_WRPRT;	/* Check write protect */
 1538              		.loc 1 437 32 discriminator 1 view .LVU391
 1539 00a4 0320     		movs	r0, #3
 1540              	.LVL195:
ARM GAS  C:\Users\sante\AppData\Local\Temp\ccGpHc2L.s 			page 39


 437:Core/Src/user_diskio_spi.c **** 	if (Stat & STA_PROTECT) return RES_WRPRT;	/* Check write protect */
 1541              		.loc 1 437 32 discriminator 1 view .LVU392
 1542 00a6 E3E7     		b	.L108
 1543              	.LVL196:
 1544              	.L118:
 438:Core/Src/user_diskio_spi.c **** 
 1545              		.loc 1 438 33 discriminator 1 view .LVU393
 1546 00a8 0220     		movs	r0, #2
 1547              	.LVL197:
 438:Core/Src/user_diskio_spi.c **** 
 1548              		.loc 1 438 33 discriminator 1 view .LVU394
 1549 00aa E1E7     		b	.L108
 1550              	.L125:
 1551              		.align	2
 1552              	.L124:
 1553 00ac 00000000 		.word	Stat
 1554 00b0 00000000 		.word	CardType
 1555              		.cfi_endproc
 1556              	.LFE507:
 1558              		.section	.text.USER_SPI_ioctl,"ax",%progbits
 1559              		.align	1
 1560              		.global	USER_SPI_ioctl
 1561              		.syntax unified
 1562              		.code	16
 1563              		.thumb_func
 1565              	USER_SPI_ioctl:
 1566              	.LVL198:
 1567              	.LFB508:
 462:Core/Src/user_diskio_spi.c **** #endif
 463:Core/Src/user_diskio_spi.c **** 
 464:Core/Src/user_diskio_spi.c **** 
 465:Core/Src/user_diskio_spi.c **** /*-----------------------------------------------------------------------*/
 466:Core/Src/user_diskio_spi.c **** /* Miscellaneous drive controls other than data read/write               */
 467:Core/Src/user_diskio_spi.c **** /*-----------------------------------------------------------------------*/
 468:Core/Src/user_diskio_spi.c **** 
 469:Core/Src/user_diskio_spi.c **** #if _USE_IOCTL
 470:Core/Src/user_diskio_spi.c **** inline DRESULT USER_SPI_ioctl (
 471:Core/Src/user_diskio_spi.c **** 	BYTE drv,		/* Physical drive number (0) */
 472:Core/Src/user_diskio_spi.c **** 	BYTE cmd,		/* Control command code */
 473:Core/Src/user_diskio_spi.c **** 	void *buff		/* Pointer to the conrtol data */
 474:Core/Src/user_diskio_spi.c **** )
 475:Core/Src/user_diskio_spi.c **** {
 1568              		.loc 1 475 1 is_stmt 1 view -0
 1569              		.cfi_startproc
 1570              		@ args = 0, pretend = 0, frame = 16
 1571              		@ frame_needed = 0, uses_anonymous_args = 0
 1572              		.loc 1 475 1 is_stmt 0 view .LVU396
 1573 0000 70B5     		push	{r4, r5, r6, lr}
 1574              		.cfi_def_cfa_offset 16
 1575              		.cfi_offset 4, -16
 1576              		.cfi_offset 5, -12
 1577              		.cfi_offset 6, -8
 1578              		.cfi_offset 14, -4
 1579 0002 84B0     		sub	sp, sp, #16
 1580              		.cfi_def_cfa_offset 32
 1581 0004 0C00     		movs	r4, r1
 1582 0006 1600     		movs	r6, r2
ARM GAS  C:\Users\sante\AppData\Local\Temp\ccGpHc2L.s 			page 40


 476:Core/Src/user_diskio_spi.c **** 	DRESULT res;
 1583              		.loc 1 476 2 is_stmt 1 view .LVU397
 477:Core/Src/user_diskio_spi.c **** 	BYTE n, csd[16];
 1584              		.loc 1 477 2 view .LVU398
 478:Core/Src/user_diskio_spi.c **** 	DWORD *dp, st, ed, csize;
 1585              		.loc 1 478 2 view .LVU399
 479:Core/Src/user_diskio_spi.c **** 
 480:Core/Src/user_diskio_spi.c **** 
 481:Core/Src/user_diskio_spi.c **** 	if (drv) return RES_PARERR;					/* Check parameter */
 1586              		.loc 1 481 2 view .LVU400
 1587              		.loc 1 481 5 is_stmt 0 view .LVU401
 1588 0008 0028     		cmp	r0, #0
 1589 000a 00D0     		beq	.LCB1462
 1590 000c FEE0     		b	.L141	@long jump
 1591              	.LCB1462:
 482:Core/Src/user_diskio_spi.c **** 	if (Stat & STA_NOINIT) return RES_NOTRDY;	/* Check if drive is ready */
 1592              		.loc 1 482 2 is_stmt 1 view .LVU402
 1593              		.loc 1 482 11 is_stmt 0 view .LVU403
 1594 000e 814B     		ldr	r3, .L167
 1595 0010 1B78     		ldrb	r3, [r3]
 1596              		.loc 1 482 5 view .LVU404
 1597 0012 DB07     		lsls	r3, r3, #31
 1598 0014 00D5     		bpl	.LCB1471
 1599 0016 FBE0     		b	.L142	@long jump
 1600              	.LCB1471:
 483:Core/Src/user_diskio_spi.c **** 
 484:Core/Src/user_diskio_spi.c **** 	res = RES_ERROR;
 1601              		.loc 1 484 2 is_stmt 1 view .LVU405
 1602              	.LVL199:
 485:Core/Src/user_diskio_spi.c **** 
 486:Core/Src/user_diskio_spi.c **** 	switch (cmd) {
 1603              		.loc 1 486 2 view .LVU406
 1604 0018 0329     		cmp	r1, #3
 1605 001a 5CD0     		beq	.L128
 1606 001c 11D8     		bhi	.L129
 1607 001e 0029     		cmp	r1, #0
 1608 0020 1BD0     		beq	.L130
 1609 0022 0129     		cmp	r1, #1
 1610 0024 0BD1     		bne	.L157
 487:Core/Src/user_diskio_spi.c **** 	case CTRL_SYNC :		/* Wait for end of internal write process of the drive */
 488:Core/Src/user_diskio_spi.c **** 		if (spiselect()) res = RES_OK;
 489:Core/Src/user_diskio_spi.c **** 		break;
 490:Core/Src/user_diskio_spi.c **** 
 491:Core/Src/user_diskio_spi.c **** 	case GET_SECTOR_COUNT :	/* Get drive capacity in unit of sector (DWORD) */
 492:Core/Src/user_diskio_spi.c **** 		if ((send_cmd(CMD9, 0) == 0) && rcvr_datablock(csd, 16)) {
 1611              		.loc 1 492 3 view .LVU407
 1612              		.loc 1 492 8 is_stmt 0 view .LVU408
 1613 0026 0021     		movs	r1, #0
 1614              	.LVL200:
 1615              		.loc 1 492 8 view .LVU409
 1616 0028 0920     		movs	r0, #9
 1617              	.LVL201:
 1618              		.loc 1 492 8 view .LVU410
 1619 002a FFF7FEFF 		bl	send_cmd
 1620              	.LVL202:
 1621              		.loc 1 492 8 view .LVU411
 1622 002e 051E     		subs	r5, r0, #0
ARM GAS  C:\Users\sante\AppData\Local\Temp\ccGpHc2L.s 			page 41


 1623              		.loc 1 492 6 discriminator 1 view .LVU412
 1624 0030 1AD0     		beq	.L158
 484:Core/Src/user_diskio_spi.c **** 
 1625              		.loc 1 484 6 view .LVU413
 1626 0032 2500     		movs	r5, r4
 1627              	.LVL203:
 1628              	.L132:
 493:Core/Src/user_diskio_spi.c **** 			if ((csd[0] >> 6) == 1) {	/* SDC ver 2.00 */
 494:Core/Src/user_diskio_spi.c **** 				csize = csd[9] + ((WORD)csd[8] << 8) + ((DWORD)(csd[7] & 63) << 16) + 1;
 495:Core/Src/user_diskio_spi.c **** 				*(DWORD*)buff = csize << 10;
 496:Core/Src/user_diskio_spi.c **** 			} else {					/* SDC ver 1.XX or MMC ver 3 */
 497:Core/Src/user_diskio_spi.c **** 				n = (csd[5] & 15) + ((csd[10] & 128) >> 7) + ((csd[9] & 3) << 1) + 2;
 498:Core/Src/user_diskio_spi.c **** 				csize = (csd[8] >> 6) + ((WORD)csd[7] << 2) + ((WORD)(csd[6] & 3) << 10) + 1;
 499:Core/Src/user_diskio_spi.c **** 				*(DWORD*)buff = csize << (n - 9);
 500:Core/Src/user_diskio_spi.c **** 			}
 501:Core/Src/user_diskio_spi.c **** 			res = RES_OK;
 502:Core/Src/user_diskio_spi.c **** 		}
 503:Core/Src/user_diskio_spi.c **** 		break;
 504:Core/Src/user_diskio_spi.c **** 
 505:Core/Src/user_diskio_spi.c **** 	case GET_BLOCK_SIZE :	/* Get erase block size in unit of sector (DWORD) */
 506:Core/Src/user_diskio_spi.c **** 		if (CardType & CT_SD2) {	/* SDC ver 2.00 */
 507:Core/Src/user_diskio_spi.c **** 			if (send_cmd(ACMD13, 0) == 0) {	/* Read SD status */
 508:Core/Src/user_diskio_spi.c **** 				xchg_spi(0xFF);
 509:Core/Src/user_diskio_spi.c **** 				if (rcvr_datablock(csd, 16)) {				/* Read partial block */
 510:Core/Src/user_diskio_spi.c **** 					for (n = 64 - 16; n; n--) xchg_spi(0xFF);	/* Purge trailing data */
 511:Core/Src/user_diskio_spi.c **** 					*(DWORD*)buff = 16UL << (csd[10] >> 4);
 512:Core/Src/user_diskio_spi.c **** 					res = RES_OK;
 513:Core/Src/user_diskio_spi.c **** 				}
 514:Core/Src/user_diskio_spi.c **** 			}
 515:Core/Src/user_diskio_spi.c **** 		} else {					/* SDC ver 1.XX or MMC */
 516:Core/Src/user_diskio_spi.c **** 			if ((send_cmd(CMD9, 0) == 0) && rcvr_datablock(csd, 16)) {	/* Read CSD */
 517:Core/Src/user_diskio_spi.c **** 				if (CardType & CT_SD1) {	/* SDC ver 1.XX */
 518:Core/Src/user_diskio_spi.c **** 					*(DWORD*)buff = (((csd[10] & 63) << 1) + ((WORD)(csd[11] & 128) >> 7) + 1) << ((csd[13] >> 6) 
 519:Core/Src/user_diskio_spi.c **** 				} else {					/* MMC */
 520:Core/Src/user_diskio_spi.c **** 					*(DWORD*)buff = ((WORD)((csd[10] & 124) >> 2) + 1) * (((csd[11] & 3) << 3) + ((csd[11] & 224) 
 521:Core/Src/user_diskio_spi.c **** 				}
 522:Core/Src/user_diskio_spi.c **** 				res = RES_OK;
 523:Core/Src/user_diskio_spi.c **** 			}
 524:Core/Src/user_diskio_spi.c **** 		}
 525:Core/Src/user_diskio_spi.c **** 		break;
 526:Core/Src/user_diskio_spi.c **** 
 527:Core/Src/user_diskio_spi.c **** 	case CTRL_TRIM :	/* Erase a block of sectors (used when _USE_ERASE == 1) */
 528:Core/Src/user_diskio_spi.c **** 		if (!(CardType & CT_SDC)) break;				/* Check if the card is SDC */
 529:Core/Src/user_diskio_spi.c **** 		if (USER_SPI_ioctl(drv, MMC_GET_CSD, csd)) break;	/* Get CSD */
 530:Core/Src/user_diskio_spi.c **** 		if (!(csd[0] >> 6) && !(csd[10] & 0x40)) break;	/* Check if sector erase can be applied to the ca
 531:Core/Src/user_diskio_spi.c **** 		dp = buff; st = dp[0]; ed = dp[1];				/* Load sector block */
 532:Core/Src/user_diskio_spi.c **** 		if (!(CardType & CT_BLOCK)) {
 533:Core/Src/user_diskio_spi.c **** 			st *= 512; ed *= 512;
 534:Core/Src/user_diskio_spi.c **** 		}
 535:Core/Src/user_diskio_spi.c **** 		if (send_cmd(CMD32, st) == 0 && send_cmd(CMD33, ed) == 0 && send_cmd(CMD38, 0) == 0 && wait_ready
 536:Core/Src/user_diskio_spi.c **** 			res = RES_OK;	/* FatFs does not check result of this command */
 537:Core/Src/user_diskio_spi.c **** 		}
 538:Core/Src/user_diskio_spi.c **** 		break;
 539:Core/Src/user_diskio_spi.c **** 
 540:Core/Src/user_diskio_spi.c **** 	default:
 541:Core/Src/user_diskio_spi.c **** 		res = RES_PARERR;
 542:Core/Src/user_diskio_spi.c **** 	}
ARM GAS  C:\Users\sante\AppData\Local\Temp\ccGpHc2L.s 			page 42


 543:Core/Src/user_diskio_spi.c **** 
 544:Core/Src/user_diskio_spi.c **** 	despiselect();
 1629              		.loc 1 544 2 is_stmt 1 view .LVU414
 1630 0034 FFF7FEFF 		bl	despiselect
 1631              	.LVL204:
 545:Core/Src/user_diskio_spi.c **** 
 546:Core/Src/user_diskio_spi.c **** 	return res;
 1632              		.loc 1 546 2 view .LVU415
 1633              	.L127:
 547:Core/Src/user_diskio_spi.c **** }
 1634              		.loc 1 547 1 is_stmt 0 view .LVU416
 1635 0038 2800     		movs	r0, r5
 1636 003a 04B0     		add	sp, sp, #16
 1637              		@ sp needed
 1638              	.LVL205:
 1639              		.loc 1 547 1 view .LVU417
 1640 003c 70BD     		pop	{r4, r5, r6, pc}
 1641              	.LVL206:
 1642              	.L157:
 486:Core/Src/user_diskio_spi.c **** 	case CTRL_SYNC :		/* Wait for end of internal write process of the drive */
 1643              		.loc 1 486 2 view .LVU418
 1644 003e 0425     		movs	r5, #4
 1645 0040 F8E7     		b	.L132
 1646              	.L129:
 1647 0042 0429     		cmp	r1, #4
 1648 0044 07D1     		bne	.L159
 528:Core/Src/user_diskio_spi.c **** 		if (USER_SPI_ioctl(drv, MMC_GET_CSD, csd)) break;	/* Get CSD */
 1649              		.loc 1 528 3 is_stmt 1 view .LVU419
 528:Core/Src/user_diskio_spi.c **** 		if (USER_SPI_ioctl(drv, MMC_GET_CSD, csd)) break;	/* Get CSD */
 1650              		.loc 1 528 18 is_stmt 0 view .LVU420
 1651 0046 744B     		ldr	r3, .L167+4
 1652 0048 1B78     		ldrb	r3, [r3]
 528:Core/Src/user_diskio_spi.c **** 		if (USER_SPI_ioctl(drv, MMC_GET_CSD, csd)) break;	/* Get CSD */
 1653              		.loc 1 528 6 view .LVU421
 1654 004a 0622     		movs	r2, #6
 1655              	.LVL207:
 528:Core/Src/user_diskio_spi.c **** 		if (USER_SPI_ioctl(drv, MMC_GET_CSD, csd)) break;	/* Get CSD */
 1656              		.loc 1 528 6 view .LVU422
 1657 004c 1A42     		tst	r2, r3
 1658 004e 00D0     		beq	.LCB1539
 1659 0050 9DE0     		b	.L160	@long jump
 1660              	.LCB1539:
 484:Core/Src/user_diskio_spi.c **** 
 1661              		.loc 1 484 6 view .LVU423
 1662 0052 0125     		movs	r5, #1
 1663 0054 EEE7     		b	.L132
 1664              	.LVL208:
 1665              	.L159:
 486:Core/Src/user_diskio_spi.c **** 	case CTRL_SYNC :		/* Wait for end of internal write process of the drive */
 1666              		.loc 1 486 2 view .LVU424
 1667 0056 0425     		movs	r5, #4
 1668 0058 ECE7     		b	.L132
 1669              	.L130:
 488:Core/Src/user_diskio_spi.c **** 		break;
 1670              		.loc 1 488 3 is_stmt 1 view .LVU425
 488:Core/Src/user_diskio_spi.c **** 		break;
 1671              		.loc 1 488 7 is_stmt 0 view .LVU426
ARM GAS  C:\Users\sante\AppData\Local\Temp\ccGpHc2L.s 			page 43


 1672 005a FFF7FEFF 		bl	spiselect
 1673              	.LVL209:
 488:Core/Src/user_diskio_spi.c **** 		break;
 1674              		.loc 1 488 6 discriminator 1 view .LVU427
 1675 005e 0028     		cmp	r0, #0
 1676 0060 00D0     		beq	.LCB1558
 1677 0062 C9E0     		b	.L143	@long jump
 1678              	.LCB1558:
 484:Core/Src/user_diskio_spi.c **** 
 1679              		.loc 1 484 6 view .LVU428
 1680 0064 0125     		movs	r5, #1
 1681 0066 E5E7     		b	.L132
 1682              	.L158:
 492:Core/Src/user_diskio_spi.c **** 			if ((csd[0] >> 6) == 1) {	/* SDC ver 2.00 */
 1683              		.loc 1 492 35 discriminator 1 view .LVU429
 1684 0068 1021     		movs	r1, #16
 1685 006a 6846     		mov	r0, sp
 1686 006c FFF7FEFF 		bl	rcvr_datablock
 1687              	.LVL210:
 492:Core/Src/user_diskio_spi.c **** 			if ((csd[0] >> 6) == 1) {	/* SDC ver 2.00 */
 1688              		.loc 1 492 32 discriminator 1 view .LVU430
 1689 0070 0028     		cmp	r0, #0
 1690 0072 00D1     		bne	.LCB1569
 1691 0074 C2E0     		b	.L145	@long jump
 1692              	.LCB1569:
 493:Core/Src/user_diskio_spi.c **** 				csize = csd[9] + ((WORD)csd[8] << 8) + ((DWORD)(csd[7] & 63) << 16) + 1;
 1693              		.loc 1 493 4 is_stmt 1 view .LVU431
 493:Core/Src/user_diskio_spi.c **** 				csize = csd[9] + ((WORD)csd[8] << 8) + ((DWORD)(csd[7] & 63) << 16) + 1;
 1694              		.loc 1 493 12 is_stmt 0 view .LVU432
 1695 0076 6B46     		mov	r3, sp
 1696 0078 1B78     		ldrb	r3, [r3]
 493:Core/Src/user_diskio_spi.c **** 				csize = csd[9] + ((WORD)csd[8] << 8) + ((DWORD)(csd[7] & 63) << 16) + 1;
 1697              		.loc 1 493 22 view .LVU433
 1698 007a 9B09     		lsrs	r3, r3, #6
 493:Core/Src/user_diskio_spi.c **** 				csize = csd[9] + ((WORD)csd[8] << 8) + ((DWORD)(csd[7] & 63) << 16) + 1;
 1699              		.loc 1 493 7 view .LVU434
 1700 007c 012B     		cmp	r3, #1
 1701 007e 1BD0     		beq	.L161
 497:Core/Src/user_diskio_spi.c **** 				csize = (csd[8] >> 6) + ((WORD)csd[7] << 2) + ((WORD)(csd[6] & 3) << 10) + 1;
 1702              		.loc 1 497 5 is_stmt 1 view .LVU435
 497:Core/Src/user_diskio_spi.c **** 				csize = (csd[8] >> 6) + ((WORD)csd[7] << 2) + ((WORD)(csd[6] & 3) << 10) + 1;
 1703              		.loc 1 497 13 is_stmt 0 view .LVU436
 1704 0080 6A46     		mov	r2, sp
 1705 0082 5179     		ldrb	r1, [r2, #5]
 497:Core/Src/user_diskio_spi.c **** 				csize = (csd[8] >> 6) + ((WORD)csd[7] << 2) + ((WORD)(csd[6] & 3) << 10) + 1;
 1706              		.loc 1 497 17 view .LVU437
 1707 0084 0F23     		movs	r3, #15
 1708 0086 0B40     		ands	r3, r1
 497:Core/Src/user_diskio_spi.c **** 				csize = (csd[8] >> 6) + ((WORD)csd[7] << 2) + ((WORD)(csd[6] & 3) << 10) + 1;
 1709              		.loc 1 497 30 view .LVU438
 1710 0088 917A     		ldrb	r1, [r2, #10]
 497:Core/Src/user_diskio_spi.c **** 				csize = (csd[8] >> 6) + ((WORD)csd[7] << 2) + ((WORD)(csd[6] & 3) << 10) + 1;
 1711              		.loc 1 497 42 view .LVU439
 1712 008a C909     		lsrs	r1, r1, #7
 497:Core/Src/user_diskio_spi.c **** 				csize = (csd[8] >> 6) + ((WORD)csd[7] << 2) + ((WORD)(csd[6] & 3) << 10) + 1;
 1713              		.loc 1 497 23 view .LVU440
 1714 008c 5B18     		adds	r3, r3, r1
ARM GAS  C:\Users\sante\AppData\Local\Temp\ccGpHc2L.s 			page 44


 497:Core/Src/user_diskio_spi.c **** 				csize = (csd[8] >> 6) + ((WORD)csd[7] << 2) + ((WORD)(csd[6] & 3) << 10) + 1;
 1715              		.loc 1 497 55 view .LVU441
 1716 008e 507A     		ldrb	r0, [r2, #9]
 497:Core/Src/user_diskio_spi.c **** 				csize = (csd[8] >> 6) + ((WORD)csd[7] << 2) + ((WORD)(csd[6] & 3) << 10) + 1;
 1717              		.loc 1 497 64 view .LVU442
 1718 0090 4000     		lsls	r0, r0, #1
 1719 0092 0621     		movs	r1, #6
 1720 0094 0140     		ands	r1, r0
 497:Core/Src/user_diskio_spi.c **** 				csize = (csd[8] >> 6) + ((WORD)csd[7] << 2) + ((WORD)(csd[6] & 3) << 10) + 1;
 1721              		.loc 1 497 48 view .LVU443
 1722 0096 5918     		adds	r1, r3, r1
 1723              	.LVL211:
 498:Core/Src/user_diskio_spi.c **** 				*(DWORD*)buff = csize << (n - 9);
 1724              		.loc 1 498 5 is_stmt 1 view .LVU444
 498:Core/Src/user_diskio_spi.c **** 				*(DWORD*)buff = csize << (n - 9);
 1725              		.loc 1 498 17 is_stmt 0 view .LVU445
 1726 0098 137A     		ldrb	r3, [r2, #8]
 498:Core/Src/user_diskio_spi.c **** 				*(DWORD*)buff = csize << (n - 9);
 1727              		.loc 1 498 21 view .LVU446
 1728 009a 9B09     		lsrs	r3, r3, #6
 498:Core/Src/user_diskio_spi.c **** 				*(DWORD*)buff = csize << (n - 9);
 1729              		.loc 1 498 39 view .LVU447
 1730 009c D079     		ldrb	r0, [r2, #7]
 498:Core/Src/user_diskio_spi.c **** 				*(DWORD*)buff = csize << (n - 9);
 1731              		.loc 1 498 43 view .LVU448
 1732 009e 8000     		lsls	r0, r0, #2
 498:Core/Src/user_diskio_spi.c **** 				*(DWORD*)buff = csize << (n - 9);
 1733              		.loc 1 498 27 view .LVU449
 1734 00a0 1B18     		adds	r3, r3, r0
 498:Core/Src/user_diskio_spi.c **** 				*(DWORD*)buff = csize << (n - 9);
 1735              		.loc 1 498 62 view .LVU450
 1736 00a2 9279     		ldrb	r2, [r2, #6]
 498:Core/Src/user_diskio_spi.c **** 				*(DWORD*)buff = csize << (n - 9);
 1737              		.loc 1 498 71 view .LVU451
 1738 00a4 9202     		lsls	r2, r2, #10
 1739 00a6 C020     		movs	r0, #192
 1740 00a8 0001     		lsls	r0, r0, #4
 1741 00aa 0240     		ands	r2, r0
 498:Core/Src/user_diskio_spi.c **** 				*(DWORD*)buff = csize << (n - 9);
 1742              		.loc 1 498 49 view .LVU452
 1743 00ac 9B18     		adds	r3, r3, r2
 498:Core/Src/user_diskio_spi.c **** 				*(DWORD*)buff = csize << (n - 9);
 1744              		.loc 1 498 78 view .LVU453
 1745 00ae 0133     		adds	r3, r3, #1
 1746              	.LVL212:
 499:Core/Src/user_diskio_spi.c **** 			}
 1747              		.loc 1 499 5 is_stmt 1 view .LVU454
 499:Core/Src/user_diskio_spi.c **** 			}
 1748              		.loc 1 499 33 is_stmt 0 view .LVU455
 1749 00b0 0739     		subs	r1, r1, #7
 1750              	.LVL213:
 499:Core/Src/user_diskio_spi.c **** 			}
 1751              		.loc 1 499 27 view .LVU456
 1752 00b2 8B40     		lsls	r3, r3, r1
 1753              	.LVL214:
 499:Core/Src/user_diskio_spi.c **** 			}
 1754              		.loc 1 499 19 view .LVU457
ARM GAS  C:\Users\sante\AppData\Local\Temp\ccGpHc2L.s 			page 45


 1755 00b4 3360     		str	r3, [r6]
 1756              	.LVL215:
 499:Core/Src/user_diskio_spi.c **** 			}
 1757              		.loc 1 499 19 view .LVU458
 1758 00b6 BDE7     		b	.L132
 1759              	.LVL216:
 1760              	.L161:
 494:Core/Src/user_diskio_spi.c **** 				*(DWORD*)buff = csize << 10;
 1761              		.loc 1 494 5 is_stmt 1 view .LVU459
 494:Core/Src/user_diskio_spi.c **** 				*(DWORD*)buff = csize << 10;
 1762              		.loc 1 494 16 is_stmt 0 view .LVU460
 1763 00b8 6A46     		mov	r2, sp
 1764 00ba 537A     		ldrb	r3, [r2, #9]
 494:Core/Src/user_diskio_spi.c **** 				*(DWORD*)buff = csize << 10;
 1765              		.loc 1 494 32 view .LVU461
 1766 00bc 117A     		ldrb	r1, [r2, #8]
 494:Core/Src/user_diskio_spi.c **** 				*(DWORD*)buff = csize << 10;
 1767              		.loc 1 494 36 view .LVU462
 1768 00be 0902     		lsls	r1, r1, #8
 494:Core/Src/user_diskio_spi.c **** 				*(DWORD*)buff = csize << 10;
 1769              		.loc 1 494 20 view .LVU463
 1770 00c0 5B18     		adds	r3, r3, r1
 494:Core/Src/user_diskio_spi.c **** 				*(DWORD*)buff = csize << 10;
 1771              		.loc 1 494 56 view .LVU464
 1772 00c2 D279     		ldrb	r2, [r2, #7]
 494:Core/Src/user_diskio_spi.c **** 				*(DWORD*)buff = csize << 10;
 1773              		.loc 1 494 66 view .LVU465
 1774 00c4 1204     		lsls	r2, r2, #16
 1775 00c6 FC21     		movs	r1, #252
 1776 00c8 8903     		lsls	r1, r1, #14
 1777 00ca 0A40     		ands	r2, r1
 494:Core/Src/user_diskio_spi.c **** 				*(DWORD*)buff = csize << 10;
 1778              		.loc 1 494 42 view .LVU466
 1779 00cc 9B18     		adds	r3, r3, r2
 494:Core/Src/user_diskio_spi.c **** 				*(DWORD*)buff = csize << 10;
 1780              		.loc 1 494 11 view .LVU467
 1781 00ce 0133     		adds	r3, r3, #1
 1782              	.LVL217:
 495:Core/Src/user_diskio_spi.c **** 			} else {					/* SDC ver 1.XX or MMC ver 3 */
 1783              		.loc 1 495 5 is_stmt 1 view .LVU468
 495:Core/Src/user_diskio_spi.c **** 			} else {					/* SDC ver 1.XX or MMC ver 3 */
 1784              		.loc 1 495 27 is_stmt 0 view .LVU469
 1785 00d0 9B02     		lsls	r3, r3, #10
 1786              	.LVL218:
 495:Core/Src/user_diskio_spi.c **** 			} else {					/* SDC ver 1.XX or MMC ver 3 */
 1787              		.loc 1 495 19 view .LVU470
 1788 00d2 3360     		str	r3, [r6]
 1789              	.LVL219:
 495:Core/Src/user_diskio_spi.c **** 			} else {					/* SDC ver 1.XX or MMC ver 3 */
 1790              		.loc 1 495 19 view .LVU471
 1791 00d4 AEE7     		b	.L132
 1792              	.LVL220:
 1793              	.L128:
 506:Core/Src/user_diskio_spi.c **** 			if (send_cmd(ACMD13, 0) == 0) {	/* Read SD status */
 1794              		.loc 1 506 3 is_stmt 1 view .LVU472
 506:Core/Src/user_diskio_spi.c **** 			if (send_cmd(ACMD13, 0) == 0) {	/* Read SD status */
 1795              		.loc 1 506 16 is_stmt 0 view .LVU473
ARM GAS  C:\Users\sante\AppData\Local\Temp\ccGpHc2L.s 			page 46


 1796 00d6 504B     		ldr	r3, .L167+4
 1797 00d8 1B78     		ldrb	r3, [r3]
 506:Core/Src/user_diskio_spi.c **** 			if (send_cmd(ACMD13, 0) == 0) {	/* Read SD status */
 1798              		.loc 1 506 6 view .LVU474
 1799 00da 5B07     		lsls	r3, r3, #29
 1800 00dc 22D5     		bpl	.L135
 507:Core/Src/user_diskio_spi.c **** 				xchg_spi(0xFF);
 1801              		.loc 1 507 4 is_stmt 1 view .LVU475
 507:Core/Src/user_diskio_spi.c **** 				xchg_spi(0xFF);
 1802              		.loc 1 507 8 is_stmt 0 view .LVU476
 1803 00de 0021     		movs	r1, #0
 1804              	.LVL221:
 507:Core/Src/user_diskio_spi.c **** 				xchg_spi(0xFF);
 1805              		.loc 1 507 8 view .LVU477
 1806 00e0 8D20     		movs	r0, #141
 1807              	.LVL222:
 507:Core/Src/user_diskio_spi.c **** 				xchg_spi(0xFF);
 1808              		.loc 1 507 8 view .LVU478
 1809 00e2 FFF7FEFF 		bl	send_cmd
 1810              	.LVL223:
 507:Core/Src/user_diskio_spi.c **** 				xchg_spi(0xFF);
 1811              		.loc 1 507 7 discriminator 1 view .LVU479
 1812 00e6 0028     		cmp	r0, #0
 1813 00e8 01D0     		beq	.L162
 484:Core/Src/user_diskio_spi.c **** 
 1814              		.loc 1 484 6 view .LVU480
 1815 00ea 0125     		movs	r5, #1
 1816 00ec A2E7     		b	.L132
 1817              	.L162:
 508:Core/Src/user_diskio_spi.c **** 				if (rcvr_datablock(csd, 16)) {				/* Read partial block */
 1818              		.loc 1 508 5 is_stmt 1 view .LVU481
 1819 00ee FF30     		adds	r0, r0, #255
 1820 00f0 FFF7FEFF 		bl	xchg_spi
 1821              	.LVL224:
 509:Core/Src/user_diskio_spi.c **** 					for (n = 64 - 16; n; n--) xchg_spi(0xFF);	/* Purge trailing data */
 1822              		.loc 1 509 5 view .LVU482
 509:Core/Src/user_diskio_spi.c **** 					for (n = 64 - 16; n; n--) xchg_spi(0xFF);	/* Purge trailing data */
 1823              		.loc 1 509 9 is_stmt 0 view .LVU483
 1824 00f4 1021     		movs	r1, #16
 1825 00f6 6846     		mov	r0, sp
 1826 00f8 FFF7FEFF 		bl	rcvr_datablock
 1827              	.LVL225:
 509:Core/Src/user_diskio_spi.c **** 					for (n = 64 - 16; n; n--) xchg_spi(0xFF);	/* Purge trailing data */
 1828              		.loc 1 509 8 discriminator 1 view .LVU484
 1829 00fc 0028     		cmp	r0, #0
 1830 00fe 0FD1     		bne	.L147
 484:Core/Src/user_diskio_spi.c **** 
 1831              		.loc 1 484 6 view .LVU485
 1832 0100 0125     		movs	r5, #1
 1833 0102 97E7     		b	.L132
 1834              	.LVL226:
 1835              	.L137:
 510:Core/Src/user_diskio_spi.c **** 					*(DWORD*)buff = 16UL << (csd[10] >> 4);
 1836              		.loc 1 510 32 is_stmt 1 discriminator 3 view .LVU486
 1837 0104 FF20     		movs	r0, #255
 1838 0106 FFF7FEFF 		bl	xchg_spi
 1839              	.LVL227:
ARM GAS  C:\Users\sante\AppData\Local\Temp\ccGpHc2L.s 			page 47


 510:Core/Src/user_diskio_spi.c **** 					*(DWORD*)buff = 16UL << (csd[10] >> 4);
 1840              		.loc 1 510 28 discriminator 3 view .LVU487
 1841 010a 013D     		subs	r5, r5, #1
 1842              	.LVL228:
 510:Core/Src/user_diskio_spi.c **** 					*(DWORD*)buff = 16UL << (csd[10] >> 4);
 1843              		.loc 1 510 28 is_stmt 0 discriminator 3 view .LVU488
 1844 010c EDB2     		uxtb	r5, r5
 1845              	.LVL229:
 1846              	.L136:
 510:Core/Src/user_diskio_spi.c **** 					*(DWORD*)buff = 16UL << (csd[10] >> 4);
 1847              		.loc 1 510 24 is_stmt 1 discriminator 2 view .LVU489
 1848 010e 002D     		cmp	r5, #0
 1849 0110 F8D1     		bne	.L137
 511:Core/Src/user_diskio_spi.c **** 					res = RES_OK;
 1850              		.loc 1 511 6 view .LVU490
 511:Core/Src/user_diskio_spi.c **** 					res = RES_OK;
 1851              		.loc 1 511 34 is_stmt 0 view .LVU491
 1852 0112 6B46     		mov	r3, sp
 1853 0114 9A7A     		ldrb	r2, [r3, #10]
 511:Core/Src/user_diskio_spi.c **** 					res = RES_OK;
 1854              		.loc 1 511 39 view .LVU492
 1855 0116 1209     		lsrs	r2, r2, #4
 511:Core/Src/user_diskio_spi.c **** 					res = RES_OK;
 1856              		.loc 1 511 27 view .LVU493
 1857 0118 1023     		movs	r3, #16
 1858 011a 9340     		lsls	r3, r3, r2
 511:Core/Src/user_diskio_spi.c **** 					res = RES_OK;
 1859              		.loc 1 511 20 view .LVU494
 1860 011c 3360     		str	r3, [r6]
 512:Core/Src/user_diskio_spi.c **** 				}
 1861              		.loc 1 512 6 is_stmt 1 view .LVU495
 1862              	.LVL230:
 512:Core/Src/user_diskio_spi.c **** 				}
 1863              		.loc 1 512 6 is_stmt 0 view .LVU496
 1864 011e 89E7     		b	.L132
 1865              	.LVL231:
 1866              	.L147:
 510:Core/Src/user_diskio_spi.c **** 					*(DWORD*)buff = 16UL << (csd[10] >> 4);
 1867              		.loc 1 510 13 view .LVU497
 1868 0120 3025     		movs	r5, #48
 1869 0122 F4E7     		b	.L136
 1870              	.LVL232:
 1871              	.L135:
 516:Core/Src/user_diskio_spi.c **** 				if (CardType & CT_SD1) {	/* SDC ver 1.XX */
 1872              		.loc 1 516 4 is_stmt 1 view .LVU498
 516:Core/Src/user_diskio_spi.c **** 				if (CardType & CT_SD1) {	/* SDC ver 1.XX */
 1873              		.loc 1 516 9 is_stmt 0 view .LVU499
 1874 0124 0021     		movs	r1, #0
 1875              	.LVL233:
 516:Core/Src/user_diskio_spi.c **** 				if (CardType & CT_SD1) {	/* SDC ver 1.XX */
 1876              		.loc 1 516 9 view .LVU500
 1877 0126 0920     		movs	r0, #9
 1878              	.LVL234:
 516:Core/Src/user_diskio_spi.c **** 				if (CardType & CT_SD1) {	/* SDC ver 1.XX */
 1879              		.loc 1 516 9 view .LVU501
 1880 0128 FFF7FEFF 		bl	send_cmd
 1881              	.LVL235:
ARM GAS  C:\Users\sante\AppData\Local\Temp\ccGpHc2L.s 			page 48


 516:Core/Src/user_diskio_spi.c **** 				if (CardType & CT_SD1) {	/* SDC ver 1.XX */
 1882              		.loc 1 516 9 view .LVU502
 1883 012c 041E     		subs	r4, r0, #0
 1884              	.LVL236:
 516:Core/Src/user_diskio_spi.c **** 				if (CardType & CT_SD1) {	/* SDC ver 1.XX */
 1885              		.loc 1 516 7 discriminator 1 view .LVU503
 1886 012e 01D0     		beq	.L163
 484:Core/Src/user_diskio_spi.c **** 
 1887              		.loc 1 484 6 view .LVU504
 1888 0130 0125     		movs	r5, #1
 1889 0132 7FE7     		b	.L132
 1890              	.L163:
 516:Core/Src/user_diskio_spi.c **** 				if (CardType & CT_SD1) {	/* SDC ver 1.XX */
 1891              		.loc 1 516 36 discriminator 1 view .LVU505
 1892 0134 1021     		movs	r1, #16
 1893 0136 6846     		mov	r0, sp
 1894 0138 FFF7FEFF 		bl	rcvr_datablock
 1895              	.LVL237:
 516:Core/Src/user_diskio_spi.c **** 				if (CardType & CT_SD1) {	/* SDC ver 1.XX */
 1896              		.loc 1 516 33 discriminator 1 view .LVU506
 1897 013c 0028     		cmp	r0, #0
 1898 013e 5FD0     		beq	.L149
 517:Core/Src/user_diskio_spi.c **** 					*(DWORD*)buff = (((csd[10] & 63) << 1) + ((WORD)(csd[11] & 128) >> 7) + 1) << ((csd[13] >> 6) 
 1899              		.loc 1 517 5 is_stmt 1 view .LVU507
 517:Core/Src/user_diskio_spi.c **** 					*(DWORD*)buff = (((csd[10] & 63) << 1) + ((WORD)(csd[11] & 128) >> 7) + 1) << ((csd[13] >> 6) 
 1900              		.loc 1 517 18 is_stmt 0 view .LVU508
 1901 0140 354B     		ldr	r3, .L167+4
 1902 0142 1B78     		ldrb	r3, [r3]
 1903 0144 0222     		movs	r2, #2
 1904 0146 1500     		movs	r5, r2
 1905 0148 1D40     		ands	r5, r3
 517:Core/Src/user_diskio_spi.c **** 					*(DWORD*)buff = (((csd[10] & 63) << 1) + ((WORD)(csd[11] & 128) >> 7) + 1) << ((csd[13] >> 6) 
 1906              		.loc 1 517 8 view .LVU509
 1907 014a 1A42     		tst	r2, r3
 1908 014c 0FD0     		beq	.L138
 518:Core/Src/user_diskio_spi.c **** 				} else {					/* MMC */
 1909              		.loc 1 518 6 is_stmt 1 view .LVU510
 518:Core/Src/user_diskio_spi.c **** 				} else {					/* MMC */
 1910              		.loc 1 518 28 is_stmt 0 view .LVU511
 1911 014e 6A46     		mov	r2, sp
 1912 0150 917A     		ldrb	r1, [r2, #10]
 518:Core/Src/user_diskio_spi.c **** 				} else {					/* MMC */
 1913              		.loc 1 518 39 view .LVU512
 1914 0152 4900     		lsls	r1, r1, #1
 1915 0154 7E23     		movs	r3, #126
 1916 0156 0B40     		ands	r3, r1
 518:Core/Src/user_diskio_spi.c **** 				} else {					/* MMC */
 1917              		.loc 1 518 58 view .LVU513
 1918 0158 D17A     		ldrb	r1, [r2, #11]
 518:Core/Src/user_diskio_spi.c **** 				} else {					/* MMC */
 1919              		.loc 1 518 70 view .LVU514
 1920 015a C909     		lsrs	r1, r1, #7
 518:Core/Src/user_diskio_spi.c **** 				} else {					/* MMC */
 1921              		.loc 1 518 45 view .LVU515
 1922 015c 5B18     		adds	r3, r3, r1
 518:Core/Src/user_diskio_spi.c **** 				} else {					/* MMC */
 1923              		.loc 1 518 76 view .LVU516
ARM GAS  C:\Users\sante\AppData\Local\Temp\ccGpHc2L.s 			page 49


 1924 015e 0133     		adds	r3, r3, #1
 518:Core/Src/user_diskio_spi.c **** 				} else {					/* MMC */
 1925              		.loc 1 518 89 view .LVU517
 1926 0160 527B     		ldrb	r2, [r2, #13]
 518:Core/Src/user_diskio_spi.c **** 				} else {					/* MMC */
 1927              		.loc 1 518 94 view .LVU518
 1928 0162 9209     		lsrs	r2, r2, #6
 518:Core/Src/user_diskio_spi.c **** 				} else {					/* MMC */
 1929              		.loc 1 518 100 view .LVU519
 1930 0164 013A     		subs	r2, r2, #1
 518:Core/Src/user_diskio_spi.c **** 				} else {					/* MMC */
 1931              		.loc 1 518 81 view .LVU520
 1932 0166 9340     		lsls	r3, r3, r2
 518:Core/Src/user_diskio_spi.c **** 				} else {					/* MMC */
 1933              		.loc 1 518 20 view .LVU521
 1934 0168 3360     		str	r3, [r6]
 522:Core/Src/user_diskio_spi.c **** 			}
 1935              		.loc 1 522 9 view .LVU522
 1936 016a 2500     		movs	r5, r4
 1937 016c 62E7     		b	.L132
 1938              	.L138:
 520:Core/Src/user_diskio_spi.c **** 				}
 1939              		.loc 1 520 6 is_stmt 1 view .LVU523
 520:Core/Src/user_diskio_spi.c **** 				}
 1940              		.loc 1 520 34 is_stmt 0 view .LVU524
 1941 016e 6946     		mov	r1, sp
 1942 0170 8B7A     		ldrb	r3, [r1, #10]
 520:Core/Src/user_diskio_spi.c **** 				}
 1943              		.loc 1 520 46 view .LVU525
 1944 0172 9B10     		asrs	r3, r3, #2
 520:Core/Src/user_diskio_spi.c **** 				}
 1945              		.loc 1 520 23 view .LVU526
 1946 0174 1F22     		movs	r2, #31
 1947 0176 1A40     		ands	r2, r3
 520:Core/Src/user_diskio_spi.c **** 				}
 1948              		.loc 1 520 52 view .LVU527
 1949 0178 0132     		adds	r2, r2, #1
 520:Core/Src/user_diskio_spi.c **** 				}
 1950              		.loc 1 520 65 view .LVU528
 1951 017a C97A     		ldrb	r1, [r1, #11]
 520:Core/Src/user_diskio_spi.c **** 				}
 1952              		.loc 1 520 75 view .LVU529
 1953 017c C800     		lsls	r0, r1, #3
 1954 017e 1823     		movs	r3, #24
 1955 0180 0340     		ands	r3, r0
 520:Core/Src/user_diskio_spi.c **** 				}
 1956              		.loc 1 520 100 view .LVU530
 1957 0182 4909     		lsrs	r1, r1, #5
 520:Core/Src/user_diskio_spi.c **** 				}
 1958              		.loc 1 520 81 view .LVU531
 1959 0184 5B18     		adds	r3, r3, r1
 520:Core/Src/user_diskio_spi.c **** 				}
 1960              		.loc 1 520 106 view .LVU532
 1961 0186 0133     		adds	r3, r3, #1
 520:Core/Src/user_diskio_spi.c **** 				}
 1962              		.loc 1 520 57 view .LVU533
 1963 0188 5343     		muls	r3, r2
ARM GAS  C:\Users\sante\AppData\Local\Temp\ccGpHc2L.s 			page 50


 520:Core/Src/user_diskio_spi.c **** 				}
 1964              		.loc 1 520 20 view .LVU534
 1965 018a 3360     		str	r3, [r6]
 1966 018c 52E7     		b	.L132
 1967              	.LVL238:
 1968              	.L160:
 529:Core/Src/user_diskio_spi.c **** 		if (!(csd[0] >> 6) && !(csd[10] & 0x40)) break;	/* Check if sector erase can be applied to the ca
 1969              		.loc 1 529 3 is_stmt 1 view .LVU535
 529:Core/Src/user_diskio_spi.c **** 		if (!(csd[0] >> 6) && !(csd[10] & 0x40)) break;	/* Check if sector erase can be applied to the ca
 1970              		.loc 1 529 7 is_stmt 0 view .LVU536
 1971 018e 6A46     		mov	r2, sp
 1972 0190 0B21     		movs	r1, #11
 1973              	.LVL239:
 529:Core/Src/user_diskio_spi.c **** 		if (!(csd[0] >> 6) && !(csd[10] & 0x40)) break;	/* Check if sector erase can be applied to the ca
 1974              		.loc 1 529 7 view .LVU537
 1975 0192 FFF7FEFF 		bl	USER_SPI_ioctl
 1976              	.LVL240:
 529:Core/Src/user_diskio_spi.c **** 		if (!(csd[0] >> 6) && !(csd[10] & 0x40)) break;	/* Check if sector erase can be applied to the ca
 1977              		.loc 1 529 6 discriminator 1 view .LVU538
 1978 0196 0028     		cmp	r0, #0
 1979 0198 34D1     		bne	.L151
 530:Core/Src/user_diskio_spi.c **** 		dp = buff; st = dp[0]; ed = dp[1];				/* Load sector block */
 1980              		.loc 1 530 3 is_stmt 1 view .LVU539
 530:Core/Src/user_diskio_spi.c **** 		dp = buff; st = dp[0]; ed = dp[1];				/* Load sector block */
 1981              		.loc 1 530 12 is_stmt 0 view .LVU540
 1982 019a 6B46     		mov	r3, sp
 1983 019c 1B78     		ldrb	r3, [r3]
 530:Core/Src/user_diskio_spi.c **** 		dp = buff; st = dp[0]; ed = dp[1];				/* Load sector block */
 1984              		.loc 1 530 7 view .LVU541
 1985 019e 9B09     		lsrs	r3, r3, #6
 530:Core/Src/user_diskio_spi.c **** 		dp = buff; st = dp[0]; ed = dp[1];				/* Load sector block */
 1986              		.loc 1 530 6 view .LVU542
 1987 01a0 03D1     		bne	.L139
 530:Core/Src/user_diskio_spi.c **** 		dp = buff; st = dp[0]; ed = dp[1];				/* Load sector block */
 1988              		.loc 1 530 30 discriminator 1 view .LVU543
 1989 01a2 6B46     		mov	r3, sp
 1990 01a4 9B7A     		ldrb	r3, [r3, #10]
 530:Core/Src/user_diskio_spi.c **** 		dp = buff; st = dp[0]; ed = dp[1];				/* Load sector block */
 1991              		.loc 1 530 22 discriminator 1 view .LVU544
 1992 01a6 5B06     		lsls	r3, r3, #25
 1993 01a8 2ED5     		bpl	.L152
 1994              	.L139:
 531:Core/Src/user_diskio_spi.c **** 		if (!(CardType & CT_BLOCK)) {
 1995              		.loc 1 531 3 is_stmt 1 view .LVU545
 1996              	.LVL241:
 531:Core/Src/user_diskio_spi.c **** 		if (!(CardType & CT_BLOCK)) {
 1997              		.loc 1 531 14 view .LVU546
 531:Core/Src/user_diskio_spi.c **** 		if (!(CardType & CT_BLOCK)) {
 1998              		.loc 1 531 17 is_stmt 0 view .LVU547
 1999 01aa 3168     		ldr	r1, [r6]
 2000              	.LVL242:
 531:Core/Src/user_diskio_spi.c **** 		if (!(CardType & CT_BLOCK)) {
 2001              		.loc 1 531 26 is_stmt 1 view .LVU548
 531:Core/Src/user_diskio_spi.c **** 		if (!(CardType & CT_BLOCK)) {
 2002              		.loc 1 531 29 is_stmt 0 view .LVU549
 2003 01ac 7468     		ldr	r4, [r6, #4]
 2004              	.LVL243:
ARM GAS  C:\Users\sante\AppData\Local\Temp\ccGpHc2L.s 			page 51


 532:Core/Src/user_diskio_spi.c **** 			st *= 512; ed *= 512;
 2005              		.loc 1 532 3 is_stmt 1 view .LVU550
 532:Core/Src/user_diskio_spi.c **** 			st *= 512; ed *= 512;
 2006              		.loc 1 532 18 is_stmt 0 view .LVU551
 2007 01ae 1A4B     		ldr	r3, .L167+4
 2008 01b0 1B78     		ldrb	r3, [r3]
 532:Core/Src/user_diskio_spi.c **** 			st *= 512; ed *= 512;
 2009              		.loc 1 532 6 view .LVU552
 2010 01b2 1B07     		lsls	r3, r3, #28
 2011 01b4 01D4     		bmi	.L140
 533:Core/Src/user_diskio_spi.c **** 		}
 2012              		.loc 1 533 4 is_stmt 1 view .LVU553
 533:Core/Src/user_diskio_spi.c **** 		}
 2013              		.loc 1 533 7 is_stmt 0 view .LVU554
 2014 01b6 4902     		lsls	r1, r1, #9
 2015              	.LVL244:
 533:Core/Src/user_diskio_spi.c **** 		}
 2016              		.loc 1 533 15 is_stmt 1 view .LVU555
 533:Core/Src/user_diskio_spi.c **** 		}
 2017              		.loc 1 533 18 is_stmt 0 view .LVU556
 2018 01b8 6402     		lsls	r4, r4, #9
 2019              	.LVL245:
 2020              	.L140:
 535:Core/Src/user_diskio_spi.c **** 			res = RES_OK;	/* FatFs does not check result of this command */
 2021              		.loc 1 535 3 is_stmt 1 view .LVU557
 535:Core/Src/user_diskio_spi.c **** 			res = RES_OK;	/* FatFs does not check result of this command */
 2022              		.loc 1 535 7 is_stmt 0 view .LVU558
 2023 01ba 2020     		movs	r0, #32
 2024 01bc FFF7FEFF 		bl	send_cmd
 2025              	.LVL246:
 535:Core/Src/user_diskio_spi.c **** 			res = RES_OK;	/* FatFs does not check result of this command */
 2026              		.loc 1 535 6 discriminator 1 view .LVU559
 2027 01c0 0028     		cmp	r0, #0
 2028 01c2 01D0     		beq	.L164
 484:Core/Src/user_diskio_spi.c **** 
 2029              		.loc 1 484 6 view .LVU560
 2030 01c4 0125     		movs	r5, #1
 2031 01c6 35E7     		b	.L132
 2032              	.L164:
 535:Core/Src/user_diskio_spi.c **** 			res = RES_OK;	/* FatFs does not check result of this command */
 2033              		.loc 1 535 35 discriminator 1 view .LVU561
 2034 01c8 2100     		movs	r1, r4
 2035 01ca 2130     		adds	r0, r0, #33
 2036 01cc FFF7FEFF 		bl	send_cmd
 2037              	.LVL247:
 535:Core/Src/user_diskio_spi.c **** 			res = RES_OK;	/* FatFs does not check result of this command */
 2038              		.loc 1 535 32 discriminator 1 view .LVU562
 2039 01d0 0028     		cmp	r0, #0
 2040 01d2 01D0     		beq	.L165
 484:Core/Src/user_diskio_spi.c **** 
 2041              		.loc 1 484 6 view .LVU563
 2042 01d4 0125     		movs	r5, #1
 2043 01d6 2DE7     		b	.L132
 2044              	.L165:
 535:Core/Src/user_diskio_spi.c **** 			res = RES_OK;	/* FatFs does not check result of this command */
 2045              		.loc 1 535 63 discriminator 2 view .LVU564
 2046 01d8 0021     		movs	r1, #0
ARM GAS  C:\Users\sante\AppData\Local\Temp\ccGpHc2L.s 			page 52


 2047 01da 2630     		adds	r0, r0, #38
 2048 01dc FFF7FEFF 		bl	send_cmd
 2049              	.LVL248:
 2050 01e0 051E     		subs	r5, r0, #0
 535:Core/Src/user_diskio_spi.c **** 			res = RES_OK;	/* FatFs does not check result of this command */
 2051              		.loc 1 535 60 discriminator 1 view .LVU565
 2052 01e2 01D0     		beq	.L166
 484:Core/Src/user_diskio_spi.c **** 
 2053              		.loc 1 484 6 view .LVU566
 2054 01e4 0125     		movs	r5, #1
 2055 01e6 25E7     		b	.L132
 2056              	.L166:
 535:Core/Src/user_diskio_spi.c **** 			res = RES_OK;	/* FatFs does not check result of this command */
 2057              		.loc 1 535 90 discriminator 3 view .LVU567
 2058 01e8 0C48     		ldr	r0, .L167+8
 2059 01ea FFF7FEFF 		bl	wait_ready
 2060              	.LVL249:
 535:Core/Src/user_diskio_spi.c **** 			res = RES_OK;	/* FatFs does not check result of this command */
 2061              		.loc 1 535 87 discriminator 1 view .LVU568
 2062 01ee 0028     		cmp	r0, #0
 2063 01f0 00D0     		beq	.LCB1905
 2064 01f2 1FE7     		b	.L132	@long jump
 2065              	.LCB1905:
 484:Core/Src/user_diskio_spi.c **** 
 2066              		.loc 1 484 6 view .LVU569
 2067 01f4 0135     		adds	r5, r5, #1
 2068 01f6 1DE7     		b	.L132
 2069              	.LVL250:
 2070              	.L143:
 488:Core/Src/user_diskio_spi.c **** 		break;
 2071              		.loc 1 488 24 discriminator 1 view .LVU570
 2072 01f8 2500     		movs	r5, r4
 2073 01fa 1BE7     		b	.L132
 2074              	.L145:
 484:Core/Src/user_diskio_spi.c **** 
 2075              		.loc 1 484 6 view .LVU571
 2076 01fc 2500     		movs	r5, r4
 2077 01fe 19E7     		b	.L132
 2078              	.L149:
 2079 0200 0125     		movs	r5, #1
 2080 0202 17E7     		b	.L132
 2081              	.L151:
 2082 0204 0125     		movs	r5, #1
 2083 0206 15E7     		b	.L132
 2084              	.L152:
 2085 0208 0125     		movs	r5, #1
 2086 020a 13E7     		b	.L132
 2087              	.LVL251:
 2088              	.L141:
 481:Core/Src/user_diskio_spi.c **** 	if (Stat & STA_NOINIT) return RES_NOTRDY;	/* Check if drive is ready */
 2089              		.loc 1 481 18 discriminator 1 view .LVU572
 2090 020c 0425     		movs	r5, #4
 2091 020e 13E7     		b	.L127
 2092              	.L142:
 482:Core/Src/user_diskio_spi.c **** 
 2093              		.loc 1 482 32 discriminator 1 view .LVU573
 2094 0210 0325     		movs	r5, #3
ARM GAS  C:\Users\sante\AppData\Local\Temp\ccGpHc2L.s 			page 53


 2095 0212 11E7     		b	.L127
 2096              	.L168:
 2097              		.align	2
 2098              	.L167:
 2099 0214 00000000 		.word	Stat
 2100 0218 00000000 		.word	CardType
 2101 021c 30750000 		.word	30000
 2102              		.cfi_endproc
 2103              	.LFE508:
 2105              		.global	spiTimerTickDelay
 2106              		.section	.bss.spiTimerTickDelay,"aw",%nobits
 2107              		.align	2
 2110              	spiTimerTickDelay:
 2111 0000 00000000 		.space	4
 2112              		.global	spiTimerTickStart
 2113              		.section	.bss.spiTimerTickStart,"aw",%nobits
 2114              		.align	2
 2117              	spiTimerTickStart:
 2118 0000 00000000 		.space	4
 2119              		.section	.bss.CardType,"aw",%nobits
 2122              	CardType:
 2123 0000 00       		.space	1
 2124              		.section	.data.Stat,"aw"
 2127              	Stat:
 2128 0000 01       		.byte	1
 2129              		.text
 2130              	.Letext0:
 2131              		.file 2 "C:/Users/sante/AppData/Roaming/Code/User/globalStorage/bmd.stm32-for-vscode/@xpack-dev-to
 2132              		.file 3 "C:/Users/sante/AppData/Roaming/Code/User/globalStorage/bmd.stm32-for-vscode/@xpack-dev-to
 2133              		.file 4 "Drivers/CMSIS/Device/ST/STM32G0xx/Include/stm32g0b1xx.h"
 2134              		.file 5 "Drivers/STM32G0xx_HAL_Driver/Inc/stm32g0xx_hal_def.h"
 2135              		.file 6 "Drivers/STM32G0xx_HAL_Driver/Inc/stm32g0xx_hal_gpio.h"
 2136              		.file 7 "Drivers/STM32G0xx_HAL_Driver/Inc/stm32g0xx_hal_dma.h"
 2137              		.file 8 "Drivers/STM32G0xx_HAL_Driver/Inc/stm32g0xx_hal_spi.h"
 2138              		.file 9 "Middlewares/Third_Party/FatFs/src/integer.h"
 2139              		.file 10 "Middlewares/Third_Party/FatFs/src/diskio.h"
 2140              		.file 11 "Drivers/STM32G0xx_HAL_Driver/Inc/stm32g0xx_ll_dma.h"
 2141              		.file 12 "Drivers/STM32G0xx_HAL_Driver/Inc/stm32g0xx_hal.h"
ARM GAS  C:\Users\sante\AppData\Local\Temp\ccGpHc2L.s 			page 54


DEFINED SYMBOLS
                            *ABS*:00000000 user_diskio_spi.c
C:\Users\sante\AppData\Local\Temp\ccGpHc2L.s:19     .text.xchg_spi:00000000 $t
C:\Users\sante\AppData\Local\Temp\ccGpHc2L.s:24     .text.xchg_spi:00000000 xchg_spi
C:\Users\sante\AppData\Local\Temp\ccGpHc2L.s:66     .text.xchg_spi:00000024 $d
C:\Users\sante\AppData\Local\Temp\ccGpHc2L.s:71     .text.wait_ready:00000000 $t
C:\Users\sante\AppData\Local\Temp\ccGpHc2L.s:76     .text.wait_ready:00000000 wait_ready
C:\Users\sante\AppData\Local\Temp\ccGpHc2L.s:139    .text.rcvr_spi_multi:00000000 $t
C:\Users\sante\AppData\Local\Temp\ccGpHc2L.s:144    .text.rcvr_spi_multi:00000000 rcvr_spi_multi
C:\Users\sante\AppData\Local\Temp\ccGpHc2L.s:200    .text.despiselect:00000000 $t
C:\Users\sante\AppData\Local\Temp\ccGpHc2L.s:205    .text.despiselect:00000000 despiselect
C:\Users\sante\AppData\Local\Temp\ccGpHc2L.s:232    .text.despiselect:00000014 $d
C:\Users\sante\AppData\Local\Temp\ccGpHc2L.s:237    .text.spiselect:00000000 $t
C:\Users\sante\AppData\Local\Temp\ccGpHc2L.s:242    .text.spiselect:00000000 spiselect
C:\Users\sante\AppData\Local\Temp\ccGpHc2L.s:289    .text.spiselect:0000002c $d
C:\Users\sante\AppData\Local\Temp\ccGpHc2L.s:294    .text.send_cmd:00000000 $t
C:\Users\sante\AppData\Local\Temp\ccGpHc2L.s:299    .text.send_cmd:00000000 send_cmd
C:\Users\sante\AppData\Local\Temp\ccGpHc2L.s:468    .text.xmit_spi_multi:00000000 $t
C:\Users\sante\AppData\Local\Temp\ccGpHc2L.s:473    .text.xmit_spi_multi:00000000 xmit_spi_multi
C:\Users\sante\AppData\Local\Temp\ccGpHc2L.s:504    .text.xmit_spi_multi:00000014 $d
C:\Users\sante\AppData\Local\Temp\ccGpHc2L.s:509    .text.xmit_datablock:00000000 $t
C:\Users\sante\AppData\Local\Temp\ccGpHc2L.s:514    .text.xmit_datablock:00000000 xmit_datablock
C:\Users\sante\AppData\Local\Temp\ccGpHc2L.s:604    .text.SPI_Timer_On:00000000 $t
C:\Users\sante\AppData\Local\Temp\ccGpHc2L.s:610    .text.SPI_Timer_On:00000000 SPI_Timer_On
C:\Users\sante\AppData\Local\Temp\ccGpHc2L.s:642    .text.SPI_Timer_On:00000014 $d
C:\Users\sante\AppData\Local\Temp\ccGpHc2L.s:2117   .bss.spiTimerTickStart:00000000 spiTimerTickStart
C:\Users\sante\AppData\Local\Temp\ccGpHc2L.s:2110   .bss.spiTimerTickDelay:00000000 spiTimerTickDelay
C:\Users\sante\AppData\Local\Temp\ccGpHc2L.s:648    .text.SPI_Timer_Status:00000000 $t
C:\Users\sante\AppData\Local\Temp\ccGpHc2L.s:654    .text.SPI_Timer_Status:00000000 SPI_Timer_Status
C:\Users\sante\AppData\Local\Temp\ccGpHc2L.s:684    .text.SPI_Timer_Status:00000018 $d
C:\Users\sante\AppData\Local\Temp\ccGpHc2L.s:690    .text.rcvr_datablock:00000000 $t
C:\Users\sante\AppData\Local\Temp\ccGpHc2L.s:695    .text.rcvr_datablock:00000000 rcvr_datablock
C:\Users\sante\AppData\Local\Temp\ccGpHc2L.s:774    .text.USER_SPI_initialize:00000000 $t
C:\Users\sante\AppData\Local\Temp\ccGpHc2L.s:780    .text.USER_SPI_initialize:00000000 USER_SPI_initialize
C:\Users\sante\AppData\Local\Temp\ccGpHc2L.s:1120   .text.USER_SPI_initialize:00000160 $d
C:\Users\sante\AppData\Local\Temp\ccGpHc2L.s:2127   .data.Stat:00000000 Stat
C:\Users\sante\AppData\Local\Temp\ccGpHc2L.s:2122   .bss.CardType:00000000 CardType
C:\Users\sante\AppData\Local\Temp\ccGpHc2L.s:1127   .text.USER_SPI_status:00000000 $t
C:\Users\sante\AppData\Local\Temp\ccGpHc2L.s:1133   .text.USER_SPI_status:00000000 USER_SPI_status
C:\Users\sante\AppData\Local\Temp\ccGpHc2L.s:1166   .text.USER_SPI_status:00000010 $d
C:\Users\sante\AppData\Local\Temp\ccGpHc2L.s:1171   .text.USER_SPI_read:00000000 $t
C:\Users\sante\AppData\Local\Temp\ccGpHc2L.s:1177   .text.USER_SPI_read:00000000 USER_SPI_read
C:\Users\sante\AppData\Local\Temp\ccGpHc2L.s:1337   .text.USER_SPI_read:00000088 $d
C:\Users\sante\AppData\Local\Temp\ccGpHc2L.s:1343   .text.USER_SPI_write:00000000 $t
C:\Users\sante\AppData\Local\Temp\ccGpHc2L.s:1349   .text.USER_SPI_write:00000000 USER_SPI_write
C:\Users\sante\AppData\Local\Temp\ccGpHc2L.s:1553   .text.USER_SPI_write:000000ac $d
C:\Users\sante\AppData\Local\Temp\ccGpHc2L.s:1559   .text.USER_SPI_ioctl:00000000 $t
C:\Users\sante\AppData\Local\Temp\ccGpHc2L.s:1565   .text.USER_SPI_ioctl:00000000 USER_SPI_ioctl
C:\Users\sante\AppData\Local\Temp\ccGpHc2L.s:2099   .text.USER_SPI_ioctl:00000214 $d
C:\Users\sante\AppData\Local\Temp\ccGpHc2L.s:2107   .bss.spiTimerTickDelay:00000000 $d
C:\Users\sante\AppData\Local\Temp\ccGpHc2L.s:2114   .bss.spiTimerTickStart:00000000 $d
C:\Users\sante\AppData\Local\Temp\ccGpHc2L.s:2123   .bss.CardType:00000000 $d

UNDEFINED SYMBOLS
HAL_SPI_TransmitReceive
hspi2
HAL_GetTick
ARM GAS  C:\Users\sante\AppData\Local\Temp\ccGpHc2L.s 			page 55


HAL_GPIO_WritePin
HAL_SPI_Transmit
